,timestamp,a_x,a_y,a_z,dps_x,dps_y,dps_z,pressure,target,time_sec,segment_id,segment_time_sec
0,10262,-0.0964,0.0156,1.0036,0.2013,0.035,0.8838,1001.0974,left_turn,4.26,0,0.0
1,10322,-0.1057,0.0071,1.007,0.4638,0.7088,1.0588,1001.1135,left_turn,4.32,0,0.06
2,10382,-0.0959,0.0016,0.9923,-0.4462,-0.1838,1.1025,1001.1052,left_turn,4.38,0,0.12
3,10442,-0.0849,0.0046,0.9889,-0.1663,0.1663,1.3212,1001.1101,left_turn,4.44,0,0.18
4,10502,-0.099,-0.0026,0.9911,0.07,0.2537,1.5838,1001.1072,left_turn,4.5,0,0.24
5,10562,-0.0868,-0.0059,1.0083,-0.2713,0.245,1.8987,1001.1021,left_turn,4.56,0,0.3
6,10622,-0.1003,-0.0244,0.974,-0.035,0.245,2.065,1001.1077,left_turn,4.62,0,0.36
7,10682,-0.0756,0.0048,1.0312,0.4988,-0.0787,2.52,1001.103,left_turn,4.68,0,0.42
8,10742,-0.0859,0.0037,0.9833,0.1488,-0.3063,3.0187,1001.1069,left_turn,4.74,0,0.48
9,10802,-0.0798,-0.0306,0.9874,0.0175,0.175,3.3688,1001.1089,left_turn,4.8,0,0.54
10,10862,-0.0609,-0.0257,1.0163,-0.0962,-0.14,4.025,1001.0986,left_turn,4.86,0,0.6
11,10922,-0.0654,-0.0605,0.9864,-0.6125,0.2713,4.515,1001.0962,left_turn,4.92,0,0.66
12,10982,-0.067,-0.0266,0.9563,-0.6913,-0.9887,5.145,1001.1008,left_turn,4.98,0,0.72
13,11042,-0.0664,-0.0375,0.9917,-0.455,-0.175,6.02,1001.092,left_turn,5.04,0,0.78
14,11102,-0.0687,-0.0495,0.9858,-0.2362,-0.1663,6.545,1001.0923,left_turn,5.1,0,0.84
15,11162,-0.0639,-0.0178,1.0175,-0.5512,-0.1925,7.3762,1001.103,left_turn,5.16,0,0.9
16,11222,-0.0532,-0.088,0.9909,-0.1925,-0.0875,8.015,1001.0952,left_turn,5.22,0,0.96
17,11282,-0.0585,-0.0698,0.9758,1.225,0.0525,8.8638,1001.1057,left_turn,5.28,0,1.02
18,11342,-0.0586,-0.0864,1.0011,0.07,-0.2537,9.6337,1001.1111,left_turn,5.34,0,1.08
19,11402,-0.0583,-0.0737,0.9801,0.5512,-0.3762,10.5962,1001.1033,left_turn,5.4,0,1.14
20,11462,-0.0473,-0.0519,0.9955,0.6212,0.2887,11.0863,1001.0986,left_turn,5.46,0,1.2
21,11522,-0.0378,-0.0653,0.9982,0.0962,-0.3587,11.5413,1001.0947,left_turn,5.52,0,1.26
22,11582,-0.0451,-0.0461,1.015,0.3063,-0.2713,12.2238,1001.1077,left_turn,5.58,0,1.32
23,11642,-0.0568,-0.0703,0.9821,0.07,0.6037,12.9762,1001.1033,left_turn,5.64,0,1.38
24,11702,-0.0454,-0.0938,0.9884,-0.6037,-0.0088,13.72,1001.1016,left_turn,5.7,0,1.44
25,11762,-0.0342,-0.0871,1.0597,-0.0875,0.5863,14.455,1001.0947,left_turn,5.76,0,1.5
26,11822,-0.031,-0.0951,0.9938,-0.1925,-0.6037,15.0325,1001.1057,left_turn,5.82,0,1.56
27,11882,-0.0163,-0.1203,0.9972,0.1488,0.0262,15.715,1001.0999,left_turn,5.88,0,1.62
28,11942,-0.0647,-0.1218,0.984,1.4525,0.7262,16.3188,1001.1042,left_turn,5.94,0,1.68
29,12002,-0.0317,-0.0938,1.0086,0.7962,0.35,17.3162,1001.0994,left_turn,6.0,0,1.74
30,12062,-0.019,-0.0766,1.0258,0.875,0.455,18.0688,1001.0933,left_turn,6.06,0,1.8
31,12122,-0.017,-0.1045,1.0055,0.3325,1.4612,19.0575,1001.1035,left_turn,6.12,0,1.86
32,12182,-0.0236,-0.1135,1.0157,-0.1225,-0.8662,19.4513,1001.1042,left_turn,6.18,0,1.92
33,12242,-0.0525,-0.1677,0.9487,-1.2075,-0.1925,19.8888,1001.0952,left_turn,6.24,0,1.98
34,12302,-0.0081,-0.0937,1.0297,0.1663,1.575,20.37,1001.1001,left_turn,6.3,0,2.04
35,12362,-0.0181,-0.1396,0.9787,0.5075,-0.6737,20.615,1001.1013,left_turn,6.36,0,2.1
36,12422,-0.0005,-0.1241,0.9494,0.2887,-0.525,20.9387,1001.1086,left_turn,6.42,0,2.16
37,12482,-0.0117,-0.0939,0.9916,0.455,-0.5075,21.5425,1001.0938,left_turn,6.48,0,2.22
38,12542,-0.011,-0.111,1.0199,0.0875,0.2013,22.2512,1001.0959,left_turn,6.54,0,2.28
39,12602,-0.0244,-0.1532,1.0003,0.8662,-0.4725,22.5225,1001.0991,left_turn,6.6,0,2.34
40,12662,-0.0051,-0.1418,0.9856,0.4288,0.2625,23.0387,1001.095,left_turn,6.66,0,2.4
41,12722,-0.0048,-0.1568,1.0189,0.3675,-0.4812,23.4325,1001.1033,left_turn,6.72,0,2.46
42,12782,-0.0291,-0.1041,0.987,0.3587,-1.6275,23.8088,1001.0977,left_turn,6.78,0,2.52
43,12842,-0.0034,-0.0886,1.0124,0.3063,0.4025,23.9312,1001.1018,left_turn,6.84,0,2.58
44,12902,-0.0159,-0.1213,1.0072,0.7437,0.5863,24.3162,1001.0981,left_turn,6.9,0,2.64
45,12962,0.0126,-0.1637,1.0321,-0.4288,-0.2013,24.2812,1001.094,left_turn,6.96,0,2.7
46,13022,-0.0024,-0.1272,1.0172,0.0875,-1.4963,24.7362,1001.0972,left_turn,7.02,0,2.76
47,13082,-0.0057,-0.1398,0.9367,-0.4638,-0.875,24.815,1001.0967,left_turn,7.08,0,2.82
48,13142,-0.0034,-0.1549,0.9869,0.7175,-0.1575,25.0338,1001.1016,left_turn,7.14,0,2.88
49,13202,0.0149,-0.1518,1.0092,0.2013,-0.8487,25.2525,1001.0964,left_turn,7.2,0,2.94
50,13262,-0.0303,-0.1459,0.9618,0.1663,1.0938,25.6725,1001.0989,left_turn,7.26,0,3.0
51,13322,-0.0258,-0.1369,1.0126,0.1225,0.2362,25.725,1001.0886,left_turn,7.32,0,3.06
52,13382,-0.0223,-0.163,0.9496,0.5425,0.3325,25.3137,1001.0994,left_turn,7.38,0,3.12
53,13442,0.0077,-0.1085,1.0546,0.5688,0.3762,24.885,1001.0811,left_turn,7.44,0,3.18
54,13502,-0.0276,-0.1271,0.9601,0.3762,0.2975,24.43,1001.0974,left_turn,7.5,0,3.24
55,13562,-0.021,-0.1225,1.0285,0.2188,0.8313,24.0187,1001.0845,left_turn,7.56,0,3.3
56,13622,-0.0149,-0.1413,1.0055,0.7788,1.4612,23.7563,1001.0847,left_turn,7.62,0,3.36
57,13682,-0.0157,-0.1264,1.0148,0.3063,0.0175,23.2313,1001.0945,left_turn,7.68,0,3.42
58,13742,-0.0007,-0.1418,1.0219,0.665,-0.3325,23.275,1001.092,left_turn,7.74,0,3.48
59,13802,-0.0442,-0.1754,0.946,0.49,0.5775,23.1,1001.0803,left_turn,7.8,0,3.54
60,13862,-0.0102,-0.1379,1.0138,0.1575,0.4288,23.1262,1001.0747,left_turn,7.86,0,3.6
61,13922,-0.0353,-0.1198,0.9956,0.4025,0.7613,22.4963,1001.0781,left_turn,7.92,0,3.66
62,13982,-0.0327,-0.091,0.9579,0.2625,-0.1488,21.875,1001.0845,left_turn,7.98,0,3.72
63,14042,-0.0108,-0.1279,0.9977,1.0237,0.5075,21.21,1001.0771,left_turn,8.04,0,3.78
64,14102,-0.0054,-0.1219,1.0504,0.5075,1.12,20.93,1001.0754,left_turn,8.1,0,3.84
65,14162,-0.0122,-0.0864,1.0016,1.3913,0.5337,20.0637,1001.0813,left_turn,8.16,0,3.9
66,14222,-0.0424,-0.1079,0.9934,0.6475,0.3938,19.5475,1001.0703,left_turn,8.22,0,3.96
67,14282,-0.0185,-0.0834,0.9886,0.525,-1.6975,18.7862,1001.0728,left_turn,8.28,0,4.02
68,14342,-0.0276,-0.1111,0.9884,0.5337,-0.2537,18.0513,1001.0549,left_turn,8.34,0,4.08
69,14402,-0.0445,-0.0694,0.9453,0.9975,1.505,17.395,1001.0496,left_turn,8.4,0,4.14
70,14462,-0.0179,-0.0974,0.9852,-0.2188,1.26,17.1063,1001.0525,left_turn,8.46,0,4.2
71,14522,0.031,-0.0732,1.0726,-0.525,1.89,16.2488,1001.0647,left_turn,8.52,0,4.26
72,14582,-0.0693,-0.0984,1.0372,0.21,1.61,16.1787,1001.0684,left_turn,8.58,0,4.32
73,14642,-0.0646,-0.0881,0.9699,-0.1312,-0.2975,15.33,1001.0535,left_turn,8.64,0,4.38
74,14702,-0.0571,-0.1162,0.9845,0.8138,-1.2775,14.7437,1001.0422,left_turn,8.7,0,4.44
75,14762,-0.0183,-0.0813,1.0519,0.8838,0.3762,13.72,1001.0635,left_turn,8.76,0,4.5
76,14822,-0.0007,-0.0669,1.0323,0.1138,-1.085,13.2388,1001.0596,left_turn,8.82,0,4.56
77,14882,-0.0171,-0.0224,1.0538,-0.5425,0.6388,12.9325,1001.0562,left_turn,8.88,0,4.62
78,14942,-0.0276,-0.0622,0.9581,0.4638,0.1225,12.5212,1001.0459,left_turn,8.94,0,4.68
79,15002,-0.0292,-0.1132,1.0419,0.4288,0.2362,12.005,1001.0571,left_turn,9.0,0,4.74
80,15062,-0.0526,-0.0917,0.9443,-0.245,-0.2362,11.34,1001.0559,left_turn,9.06,0,4.8
81,15122,-0.0274,-0.0281,1.005,0.5512,0.0262,10.7887,1001.0479,left_turn,9.12,0,4.86
82,15182,-0.0123,-0.0395,0.993,1.0762,0.5775,10.3337,1001.0386,left_turn,9.18,0,4.92
83,15242,-0.0395,-0.0471,0.9918,1.4787,0.455,9.7037,1001.0466,left_turn,9.24,0,4.98
84,15302,0.0023,-0.031,0.9967,1.3038,-1.1812,9.4237,1001.0471,left_turn,9.3,0,5.04
85,15362,-0.0584,-0.0724,0.9421,1.6712,0.7788,9.0913,1001.0466,left_turn,9.36,0,5.1
86,15422,-0.0346,-0.0083,1.0494,1.96,0.875,8.2513,1001.0403,left_turn,9.42,0,5.16
87,15482,-0.0539,-0.0164,0.9381,1.1287,-0.0262,7.84,1001.0361,left_turn,9.48,0,5.22
88,15542,-0.0652,-0.0037,0.9584,0.1663,-2.0825,7.28,1001.0393,left_turn,9.54,0,5.28
89,15602,-0.0295,-0.0195,0.9902,-0.2188,-2.0912,7.07,1001.0476,left_turn,9.6,0,5.34
90,15662,-0.0218,-0.0571,0.9916,-0.3063,-1.1025,6.72,1001.0349,left_turn,9.66,0,5.4
91,15722,-0.0403,-0.0464,0.9712,-0.4812,-1.2862,6.3787,1001.0439,left_turn,9.72,0,5.46
92,15782,-0.0083,-0.0463,1.0136,0.6125,-1.8463,6.2038,1001.0349,left_turn,9.78,0,5.52
93,15842,0.0134,-0.0484,1.025,1.435,-1.295,5.7925,1001.0388,left_turn,9.84,0,5.58
94,15902,0.0024,-0.0256,0.9963,0.9887,-0.0613,5.1537,1001.0349,left_turn,9.9,0,5.64
95,15962,0.0076,-0.0037,1.0111,0.0962,0.07,4.9612,1001.0327,left_turn,9.96,0,5.7
96,16022,-0.0002,-0.0295,0.9401,0.6913,-0.4812,4.4887,1001.0293,left_turn,10.02,0,5.76
97,16082,0.0125,-0.0068,0.9855,-0.8925,-0.4112,3.9725,1001.0273,left_turn,10.08,0,5.82
98,16142,0.0256,0.0346,1.0138,0.21,-1.26,3.745,1001.0232,left_turn,10.14,0,5.88
99,16202,0.0286,-0.0059,1.0272,-0.0875,0.5863,3.3688,1001.031,left_turn,10.2,0,5.94
100,16262,0.0486,-0.0615,0.9459,0.315,-0.5075,3.1325,1001.0229,left_turn,10.26,0,6.0
101,16322,0.0825,-0.0329,1.0482,0.1225,-1.5225,2.8788,1001.0374,left_turn,10.32,0,6.06
102,16382,0.0803,0.0005,0.9787,-0.0525,-0.7962,2.7475,1001.0278,left_turn,10.38,0,6.12
103,16442,0.0687,0.0002,1.0351,0.9538,-1.8112,2.73,1001.0371,left_turn,10.44,0,6.18
104,16502,0.049,-0.0024,0.9964,0.4725,-1.505,2.695,1001.0347,left_turn,10.5,0,6.24
105,16562,0.0602,0.0667,0.9723,-1.6013,-1.295,3.08,1001.031,left_turn,10.56,0,6.3
106,16622,0.0373,0.0273,0.9582,-0.14,-0.4288,2.8788,1001.0317,left_turn,10.62,0,6.36
107,16682,0.072,-0.0045,1.0835,-0.4288,0.3938,2.66,1001.0354,left_turn,10.68,0,6.42
108,16742,0.0756,0.0031,1.0094,1.645,0.1838,2.5638,1001.0425,left_turn,10.74,0,6.48
109,16802,0.0918,-0.0498,1.068,1.82,0.9187,2.4413,1001.0361,left_turn,10.8,0,6.54
110,16862,0.0678,-0.0022,0.9624,1.7325,0.5512,2.8525,1001.0283,left_turn,10.86,0,6.6
111,16922,0.0857,0.0188,1.0663,0.1312,-1.2075,3.64,1001.0305,left_turn,10.92,0,6.66
112,16982,0.05,0.0084,0.9334,-0.2975,0.9538,3.6662,1001.043,left_turn,10.98,0,6.72
113,17042,0.0759,-0.022,1.0621,0.0525,-0.0787,2.9225,1001.0312,left_turn,11.04,0,6.78
114,17102,0.0886,0.0162,1.0171,-0.9538,0.8313,3.0013,1001.0403,left_turn,11.1,0,6.84
115,17162,0.0507,-0.0241,1.0377,-0.6475,0.7525,2.9225,1001.0225,left_turn,11.16,0,6.9
116,17222,0.0136,-0.0408,1.0246,0.1225,0.7875,2.6688,1001.0461,left_turn,11.22,0,6.96
117,17282,0.0181,0.0266,0.9848,-0.2188,-0.1488,3.3425,1001.0442,left_turn,11.28,0,7.02
118,17342,0.0074,0.0103,0.9657,-1.54,-2.0912,2.5812,1001.0417,left_turn,11.34,0,7.08
119,17402,0.0054,-0.0141,0.9617,1.1638,-1.5838,2.555,1001.0425,left_turn,11.4,0,7.14
120,17462,0.0439,-0.0256,1.0011,-0.4288,-1.4525,2.6425,1001.0432,left_turn,11.46,0,7.2
121,17522,0.0068,-0.0276,0.9499,0.2537,-1.68,2.4588,1001.0408,left_turn,11.52,0,7.26
122,17582,-0.0065,0.0083,1.0162,-0.14,-0.2013,2.7562,1001.0469,left_turn,11.58,0,7.32
123,17642,0.0036,0.0381,0.9964,-0.2975,-0.0088,2.3625,1001.0405,left_turn,11.64,0,7.38
124,17702,-0.0117,-0.0544,1.0192,0.2013,-0.875,2.17,1001.0483,left_turn,11.7,0,7.44
125,17762,-0.0059,-0.0472,0.9536,1.7675,-0.4725,1.7763,1001.0352,left_turn,11.76,0,7.5
126,17822,0.028,-0.0137,1.0495,1.3737,1.1725,1.2775,1001.0371,left_turn,11.82,0,7.56
127,17882,0.002,0.0837,1.0213,1.435,0.5775,1.4262,1001.0366,left_turn,11.88,0,7.62
128,17942,0.0354,0.0461,1.0765,-0.2188,2.0387,0.7175,1001.0261,left_turn,11.94,0,7.68
129,18782,0.063,0.0029,0.9686,-0.7788,-0.6562,0.6475,1001.0452,left_turn,12.78,1,0.0
130,18842,0.0351,-0.03,0.9282,0.5075,0.805,1.4,1001.0542,left_turn,12.84,1,0.06
131,18902,0.0508,-0.0107,0.975,1.8112,0.805,1.6625,1001.0657,left_turn,12.9,1,0.12
132,18962,0.0534,-0.0015,0.9955,1.2425,0.7788,1.4612,1001.0603,left_turn,12.96,1,0.18
133,19022,0.069,-0.0149,1.0275,1.9512,0.6125,2.0563,1001.0752,left_turn,13.02,1,0.24
134,19082,0.0784,-0.0063,1.0919,0.525,1.1988,2.4675,1001.0662,left_turn,13.08,1,0.3
135,19142,0.0361,0.0298,1.0077,1.3737,2.2662,2.5113,1001.0762,left_turn,13.14,1,0.36
136,19202,0.059,0.027,1.0018,-0.8313,1.1025,3.3512,1001.0725,left_turn,13.2,1,0.42
137,19262,0.0395,-0.0439,0.9677,-2.0563,-0.91,3.8238,1001.0796,left_turn,13.26,1,0.48
138,19322,0.0774,-0.0759,1.0462,-0.9275,0.525,4.9788,1001.0752,left_turn,13.32,1,0.54
139,19382,0.0224,-0.0518,0.8991,-0.735,0.7875,5.6962,1001.0703,left_turn,13.38,1,0.6
140,19442,0.0637,-0.1039,0.9681,-1.7062,-0.2887,6.405,1001.072,left_turn,13.44,1,0.66
141,19502,0.0803,-0.1132,0.9958,0.3938,-0.7875,7.875,1001.0706,left_turn,13.5,1,0.72
142,19562,0.06,-0.0627,1.0011,1.6888,0.1575,8.365,1001.0815,left_turn,13.56,1,0.78
143,19622,0.0583,-0.0986,0.9806,1.4438,0.0437,9.24,1001.0906,left_turn,13.62,1,0.84
144,19682,0.0649,-0.0689,1.0369,2.5725,0.4112,9.7388,1001.0928,left_turn,13.68,1,0.9
145,19742,0.0534,-0.0456,1.0268,2.5988,0.6125,10.7975,1001.0894,left_turn,13.74,1,0.96
146,19802,0.0748,-0.0524,1.0521,0.3675,-0.14,11.6375,1001.1023,left_turn,13.8,1,1.02
147,19862,0.0813,-0.0254,1.0477,-0.84,-0.4812,12.4163,1001.0925,left_turn,13.86,1,1.08
148,19922,0.0546,-0.0622,1.0086,0.3237,0.0875,12.8188,1001.0828,left_turn,13.92,1,1.14
149,19982,0.0695,-0.0756,1.0124,-1.715,-2.485,13.2913,1001.0813,left_turn,13.98,1,1.2
150,20042,0.059,-0.1291,1.0568,-0.49,0.2975,14.3763,1001.0808,left_turn,14.04,1,1.26
151,20102,0.0534,-0.1337,1.0146,-0.42,0.0613,14.9888,1001.0774,left_turn,14.1,1,1.32
152,20162,0.03,-0.1349,0.983,-1.1988,1.0938,15.8112,1001.0928,left_turn,14.16,1,1.38
153,20222,0.0464,-0.1523,1.0289,-0.6737,-0.3938,16.975,1001.0903,left_turn,14.22,1,1.44
154,20282,0.0328,-0.1452,1.058,0.2713,0.14,17.9025,1001.0901,left_turn,14.28,1,1.5
155,20342,0.0412,-0.1377,0.9968,0.3413,0.2975,18.6112,1001.0916,left_turn,14.34,1,1.56
156,20402,0.052,-0.175,0.9886,1.155,-0.9013,19.25,1001.0906,left_turn,14.4,1,1.62
157,20462,0.0329,-0.1501,1.015,1.7938,-0.6562,20.3787,1001.0903,left_turn,14.46,1,1.68
158,20522,0.0149,-0.1555,1.007,3.115,0.1138,20.6238,1001.0898,left_turn,14.52,1,1.74
159,20582,0.0242,-0.1625,1.0377,3.0187,0.1225,21.5775,1001.1018,left_turn,14.58,1,1.8
160,20642,0.0251,-0.1221,1.0399,2.5113,-0.2537,22.33,1001.1025,left_turn,14.64,1,1.86
161,20702,0.0112,-0.1549,1.0167,0.35,0.105,22.855,1001.1018,left_turn,14.7,1,1.92
162,20762,0.0253,-0.1434,1.0044,1.33,-0.1575,23.45,1001.0959,left_turn,14.76,1,1.98
163,20822,0.0159,-0.1411,1.0158,0.0262,-2.3975,23.9662,1001.0894,left_turn,14.82,1,2.04
164,20882,0.0184,-0.1723,0.9964,-0.4462,-1.085,24.465,1001.0913,left_turn,14.88,1,2.1
165,20942,-0.0032,-0.133,0.9077,-0.595,-3.01,24.9638,1001.082,left_turn,14.94,1,2.16
166,21002,0.0041,-0.1419,0.9812,-1.0675,-2.17,25.095,1001.0938,left_turn,15.0,1,2.22
167,21062,-0.01,-0.1462,0.8888,-1.3125,0.5863,25.0513,1001.085,left_turn,15.06,1,2.28
168,21122,0.0974,-0.1693,1.1124,-2.1,-0.07,25.4538,1001.0825,left_turn,15.12,1,2.34
169,21182,0.0363,-0.2333,1.0207,-0.3938,0.7088,25.62,1001.0945,left_turn,15.18,1,2.4
170,21242,0.0321,-0.2721,0.9648,1.5312,0.63,26.04,1001.0972,left_turn,15.24,1,2.46
171,21302,0.0274,-0.2083,1.0056,1.1287,0.0262,26.5737,1001.0979,left_turn,15.3,1,2.52
172,21362,0.0532,-0.2067,1.0546,1.1025,0.2713,26.9587,1001.0837,left_turn,15.36,1,2.58
173,21422,0.0508,-0.1732,0.9579,2.52,-0.2275,27.405,1001.0852,left_turn,15.42,1,2.64
174,21482,0.0615,-0.1388,1.0052,1.5137,-0.42,27.6238,1001.0898,left_turn,15.48,1,2.7
175,21542,0.0227,-0.1354,1.0514,-0.455,0.665,27.8862,1001.083,left_turn,15.54,1,2.76
176,21602,0.0374,-0.1561,1.05,-1.225,-0.9013,28.175,1001.0769,left_turn,15.6,1,2.82
177,21662,0.04,-0.2175,0.8792,-1.61,-0.6037,28.2625,1001.0842,left_turn,15.66,1,2.88
178,21722,0.0412,-0.2277,1.0719,-1.7938,3.605,27.8337,1001.0845,left_turn,15.72,1,2.94
179,21782,0.0249,-0.2151,1.0211,1.68,0.3325,28.14,1001.1003,left_turn,15.78,1,3.0
180,21842,0.0872,-0.1667,1.0993,3.4562,1.26,28.1138,1001.0767,left_turn,15.84,1,3.06
181,21902,0.0859,-0.2237,1.0299,3.6488,-0.9887,28.595,1001.0913,left_turn,15.9,1,3.12
182,21962,0.0239,-0.1842,1.0055,4.3488,-0.1575,28.9713,1001.0957,left_turn,15.96,1,3.18
183,22022,0.0266,-0.2116,0.9406,1.6888,-0.8925,28.49,1001.0938,left_turn,16.02,1,3.24
184,22082,0.06,-0.1205,1.094,1.2075,0.9187,29.4263,1001.0764,left_turn,16.08,1,3.3
185,22142,0.0066,-0.1296,1.0393,-0.525,-1.995,28.735,1001.0808,left_turn,16.14,1,3.36
186,22202,0.0302,-0.1632,0.9931,0.3325,0.945,28.56,1001.0718,left_turn,16.2,1,3.42
187,22262,0.0398,-0.1983,1.006,-1.365,-0.9625,28.0,1001.0762,left_turn,16.26,1,3.48
188,22322,0.02,-0.1399,1.0253,1.2162,0.42,27.09,1001.0701,left_turn,16.32,1,3.54
189,22382,0.0068,-0.1454,0.9675,1.1287,-1.085,26.5912,1001.0769,left_turn,16.38,1,3.6
190,22442,-0.0037,-0.1496,0.9953,2.415,-0.2713,25.7075,1001.0747,left_turn,16.44,1,3.66
191,22502,0.0117,-0.1427,0.9532,2.7562,-0.3587,25.3838,1001.0615,left_turn,16.5,1,3.72
192,22562,0.0139,-0.1559,0.9597,1.6187,-1.1988,24.8675,1001.0754,left_turn,16.56,1,3.78
193,22622,0.0232,-0.1017,1.0414,2.24,-0.5688,24.1675,1001.0737,left_turn,16.62,1,3.84
194,22682,-0.0336,-0.1442,0.9758,2.5113,0.175,23.6425,1001.0791,left_turn,16.68,1,3.9
195,22742,0.0056,-0.0903,1.0157,2.205,0.8575,22.4088,1001.0706,left_turn,16.74,1,3.96
196,22802,-0.0183,-0.0719,1.0158,1.8987,0.1575,21.3325,1001.0669,left_turn,16.8,1,4.02
197,22862,-0.0004,-0.0931,1.0111,0.6475,-1.8025,20.7288,1001.0696,left_turn,16.86,1,4.08
198,22922,0.0404,-0.1052,1.015,0.385,0.5688,20.2388,1001.0623,left_turn,16.92,1,4.14
199,22982,-0.0012,-0.0839,0.9919,0.315,-0.8487,19.7838,1001.0581,left_turn,16.98,1,4.2
200,23042,-0.007,-0.1959,1.016,-0.6562,-0.7175,19.7225,1001.0518,left_turn,17.04,1,4.26
201,23102,0.0038,-0.106,1.0053,0.8313,-1.2425,18.9,1001.0549,left_turn,17.1,1,4.32
202,23162,-0.003,-0.0845,0.9352,0.7788,-1.0762,17.9638,1001.0557,left_turn,17.16,1,4.38
203,23222,-0.0091,-0.0878,1.0316,1.9688,1.1988,17.3687,1001.0557,left_turn,17.22,1,4.44
204,23282,0.0051,-0.0898,0.9805,1.5225,-0.42,16.31,1001.0562,left_turn,17.28,1,4.5
205,23342,-0.0168,-0.0187,1.0231,2.0125,-0.63,15.4525,1001.0535,left_turn,17.34,1,4.56
206,23402,-0.0188,-0.0378,1.0468,2.275,1.7763,14.1138,1001.051,left_turn,17.4,1,4.62
207,23462,-0.0288,-0.0198,0.9529,2.0213,0.035,12.5125,1001.0496,left_turn,17.46,1,4.68
208,23522,-0.0198,-0.0025,0.9919,0.3413,-0.42,11.5413,1001.0605,left_turn,17.52,1,4.74
209,23582,0.0017,0.0302,0.9945,1.085,0.4462,10.7362,1001.0544,left_turn,17.58,1,4.8
210,23642,-0.0145,-0.0071,0.9825,-0.1488,0.0,9.1875,1001.0515,left_turn,17.64,1,4.86
211,23702,-0.0058,0.0547,1.0856,0.3762,-0.3762,7.7525,1001.0481,left_turn,17.7,1,4.92
212,23762,-0.0329,-0.0256,1.0321,1.1463,0.7525,7.0525,1001.0439,left_turn,17.76,1,4.98
213,23822,-0.0339,0.0329,1.0007,1.4088,0.385,5.9325,1001.0413,left_turn,17.82,1,5.04
214,23882,-0.0417,0.0305,0.9365,1.12,0.2713,4.9437,1001.0454,left_turn,17.88,1,5.1
215,23942,-0.0088,0.0161,1.0556,0.7613,0.175,4.1388,1001.0369,left_turn,17.94,1,5.16
216,24002,-0.0156,0.0837,1.0591,0.315,-0.665,3.0712,1001.0391,left_turn,18.0,1,5.22
217,24062,-0.0307,0.0486,1.008,0.7088,-0.3938,2.1263,1001.0361,left_turn,18.06,1,5.28
218,24122,-0.0402,0.022,0.9426,1.5225,0.3938,1.4612,1001.0364,left_turn,18.12,1,5.34
219,24182,-0.0093,0.0481,0.9997,-0.175,-0.4025,1.0325,1001.0393,left_turn,18.18,1,5.4
220,24242,-0.0364,0.0203,1.0329,0.0787,-0.4638,0.6388,1001.0325,left_turn,18.24,1,5.46
221,54602,0.0447,0.0503,0.9926,-1.0063,0.875,0.77,1001.0371,left_turn,48.6,2,0.0
222,54662,0.049,-0.0229,0.9762,-1.1812,0.1663,1.2775,1001.0435,left_turn,48.66,2,0.06
223,54722,0.067,-0.0515,1.0474,-1.0063,-0.0088,1.7062,1001.0393,left_turn,48.72,2,0.12
224,54782,0.0716,-0.0217,0.9898,0.28,0.0175,1.8112,1001.0308,left_turn,48.78,2,0.18
225,54842,0.0639,-0.029,1.0122,-0.7,-0.63,2.625,1001.0315,left_turn,48.84,2,0.24
226,54902,0.0495,-0.0456,0.9511,-1.0412,-1.015,3.4213,1001.0349,left_turn,48.9,2,0.3
227,54962,0.073,-0.0737,1.0472,0.2188,0.4112,3.9813,1001.0405,left_turn,48.96,2,0.36
228,55022,0.0366,-0.071,0.9852,-0.8138,-0.8487,4.1388,1001.0339,left_turn,49.02,2,0.42
229,55082,0.0602,-0.0242,0.9867,0.7437,-0.14,4.3925,1001.0378,left_turn,49.08,2,0.48
230,55142,0.0757,-0.0268,0.9735,0.07,-1.3125,5.2675,1001.0376,left_turn,49.14,2,0.54
231,55202,0.0766,-0.062,1.0188,-0.2975,-0.3587,6.475,1001.0386,left_turn,49.2,2,0.6
232,55262,0.0488,-0.0788,0.995,-0.7262,1.085,7.28,1001.041,left_turn,49.26,2,0.66
233,55322,0.1127,-0.0673,1.0406,-0.3413,0.84,7.6475,1001.0444,left_turn,49.32,2,0.72
234,55382,0.1174,-0.1084,1.0565,-0.945,-0.2188,8.4963,1001.0479,left_turn,49.38,2,0.78
235,55442,0.0805,-0.1172,1.0131,-0.3063,0.6562,9.6775,1001.0369,left_turn,49.44,2,0.84
236,55502,0.0759,-0.1319,0.9995,-0.3762,-0.1138,10.71,1001.0442,left_turn,49.5,2,0.9
237,55562,0.0768,-0.1516,0.9933,-0.105,0.0088,12.075,1001.043,left_turn,49.56,2,0.96
238,55622,0.07,-0.1624,0.9676,0.7437,1.05,13.0725,1001.0427,left_turn,49.62,2,1.02
239,55682,0.1003,-0.1627,0.9786,-0.98,-0.4025,14.525,1001.0469,left_turn,49.68,2,1.08
240,55742,0.0715,-0.2209,0.9699,-1.1725,0.315,15.61,1001.0422,left_turn,49.74,2,1.14
241,55802,0.0874,-0.1058,0.9999,-0.1225,-0.1925,16.5375,1001.053,left_turn,49.8,2,1.2
242,55862,0.081,-0.17,0.9987,-0.0875,0.7875,17.4475,1001.0403,left_turn,49.86,2,1.26
243,55922,0.0556,-0.212,0.9331,0.21,-0.035,18.7862,1001.0334,left_turn,49.92,2,1.32
244,55982,0.0983,-0.1827,1.0443,-0.665,0.2975,19.46,1001.0383,left_turn,49.98,2,1.38
245,56042,0.0781,-0.1315,1.026,0.1488,0.0,20.6238,1001.033,left_turn,50.04,2,1.44
246,56102,0.0432,-0.181,0.8982,0.2713,-1.6975,21.1488,1001.0435,left_turn,50.1,2,1.5
247,56162,0.0772,-0.1679,0.9611,-0.1225,-1.855,22.015,1001.0544,left_turn,50.16,2,1.56
248,56222,0.0181,-0.2176,0.9286,0.6388,1.1988,22.785,1001.0251,left_turn,50.22,2,1.62
249,56282,0.0841,-0.1827,1.0584,0.525,0.49,23.9662,1001.0405,left_turn,50.28,2,1.68
250,56342,0.0581,-0.2557,0.9741,-1.4175,-0.07,24.8412,1001.04,left_turn,50.34,2,1.74
251,56402,0.0507,-0.2128,1.0182,0.1138,1.7587,25.235,1001.0354,left_turn,50.4,2,1.8
252,56462,0.0852,-0.2531,1.0997,0.9362,-0.6037,25.5325,1001.0496,left_turn,50.46,2,1.86
253,56522,0.0229,-0.1815,0.9961,0.2537,0.21,25.935,1001.0454,left_turn,50.52,2,1.92
254,56582,0.0415,-0.2108,0.9761,0.105,-0.3938,25.9175,1001.0444,left_turn,50.58,2,1.98
255,56642,0.0388,-0.1613,0.9798,0.5512,0.4025,26.2412,1001.0447,left_turn,50.64,2,2.04
256,56702,0.0058,-0.2244,0.9072,-0.2275,-0.875,26.5125,1001.0427,left_turn,50.7,2,2.1
257,56762,0.0708,-0.1352,1.1006,0.4375,0.4375,26.355,1001.0518,left_turn,50.76,2,2.16
258,56822,0.077,-0.2189,1.0024,0.1488,-0.9538,26.5912,1001.0427,left_turn,50.82,2,2.22
259,56882,0.0722,-0.2106,0.9933,0.9887,-0.2625,26.2675,1001.0518,left_turn,50.88,2,2.28
260,56942,0.0989,-0.1541,1.0677,0.5512,-0.7962,26.67,1001.0459,left_turn,50.94,2,2.34
261,57002,0.0407,-0.1854,0.9607,0.9625,-0.4112,26.5125,1001.0449,left_turn,51.0,2,2.4
262,57062,0.0405,-0.2535,0.963,0.4288,-1.9863,26.4425,1001.0496,left_turn,51.06,2,2.46
263,57122,0.0412,-0.2237,1.0107,0.84,0.2537,26.32,1001.0535,left_turn,51.12,2,2.52
264,57182,0.021,-0.1561,0.9453,-0.1838,0.385,26.0837,1001.0498,left_turn,51.18,2,2.58
265,57242,-0.0092,-0.2481,0.8591,1.225,-0.0613,26.0487,1001.0498,left_turn,51.24,2,2.64
266,57302,0.0266,-0.1776,1.0167,1.1463,-0.5163,25.62,1001.0479,left_turn,51.3,2,2.7
267,57362,0.0082,-0.1774,0.9489,1.8112,1.5312,25.8037,1001.0547,left_turn,51.36,2,2.76
268,57422,0.0388,-0.1377,0.9941,1.715,1.9512,25.4363,1001.0454,left_turn,51.42,2,2.82
269,57482,0.0293,-0.1097,1.0167,2.31,-0.2188,24.8762,1001.0525,left_turn,51.48,2,2.88
270,57542,0.031,-0.152,1.026,2.3363,0.595,24.5788,1001.0486,left_turn,51.54,2,2.94
271,57602,0.0093,-0.1984,0.9938,-0.98,-1.2162,24.325,1001.0457,left_turn,51.6,2,3.0
272,57662,0.0176,-0.1513,1.004,0.105,-1.5137,24.1588,1001.0566,left_turn,51.66,2,3.06
273,57722,0.0118,-0.1332,0.9728,0.2275,-1.505,23.5987,1001.0442,left_turn,51.72,2,3.12
274,57782,0.0082,-0.171,0.987,-1.47,-0.8575,23.31,1001.0464,left_turn,51.78,2,3.18
275,57842,0.0071,-0.2101,1.0436,0.315,0.0787,22.3475,1001.0356,left_turn,51.84,2,3.24
276,57902,-0.0168,-0.1318,0.8972,1.8375,-0.245,21.56,1001.0444,left_turn,51.9,2,3.3
277,57962,0.0271,-0.1332,1.0507,0.8925,-2.17,20.9212,1001.0466,left_turn,51.96,2,3.36
278,58022,-0.0027,-0.1017,0.9787,2.485,-0.0962,20.3175,1001.0413,left_turn,52.02,2,3.42
279,58082,-0.0052,-0.1622,0.9636,2.3712,0.2537,20.0287,1001.0374,left_turn,52.08,2,3.48
280,58142,-0.0098,-0.09,1.0263,2.2925,1.4175,19.3025,1001.0361,left_turn,52.14,2,3.54
281,58202,-0.0101,-0.1159,0.9841,0.6825,0.6388,19.2062,1001.0371,left_turn,52.2,2,3.6
282,58262,-0.0329,-0.1042,1.0024,-2.17,1.4963,19.6875,1001.0315,left_turn,52.26,2,3.66
283,58322,-0.0146,-0.1542,0.954,-1.54,-0.6037,19.1975,1001.0425,left_turn,52.32,2,3.72
284,58382,0.0349,-0.1218,1.0939,-0.595,-0.5688,18.2437,1001.0488,left_turn,52.38,2,3.78
285,58442,0.002,-0.204,0.9796,1.8637,-0.3413,17.3862,1001.063,left_turn,52.44,2,3.84
286,58502,0.0127,-0.1452,1.0167,2.4675,-0.7437,16.8438,1001.0537,left_turn,52.5,2,3.9
287,58562,-0.002,-0.1142,0.9877,3.0187,-0.595,16.7563,1001.0503,left_turn,52.56,2,3.96
288,58622,0.0047,-0.1211,0.9709,3.6488,-0.5775,16.3975,1001.0508,left_turn,52.62,2,4.02
289,58682,-0.0271,-0.0825,0.873,2.4237,0.21,15.8025,1001.0525,left_turn,52.68,2,4.08
290,58742,0.0041,-0.073,1.0344,1.6975,-0.805,15.4613,1001.0525,left_turn,52.74,2,4.14
291,58802,0.0037,-0.0608,1.0082,1.9863,0.035,14.6038,1001.0671,left_turn,52.8,2,4.2
292,58862,-0.0056,-0.0778,0.9611,-1.0237,0.2013,14.105,1001.0618,left_turn,52.86,2,4.26
293,58922,0.0127,-0.0239,1.0219,-1.4963,0.4988,14.0,1001.0598,left_turn,52.92,2,4.32
294,58982,-0.001,-0.1013,1.0343,-0.2537,-0.0525,12.9062,1001.0476,left_turn,52.98,2,4.38
295,59042,-0.054,-0.1935,0.9515,0.1138,-2.0738,11.9525,1001.0596,left_turn,53.04,2,4.44
296,59102,-0.0319,-0.1254,1.0511,4.0687,0.8313,11.0688,1001.0542,left_turn,53.1,2,4.5
297,59162,-0.0197,-0.0669,0.9426,4.62,-0.3587,10.6838,1001.064,left_turn,53.16,2,4.56
298,59222,-0.0237,-0.0415,0.9316,2.5025,-1.3825,10.185,1001.0386,left_turn,53.22,2,4.62
299,59282,-0.0291,-0.0176,1.0372,0.735,0.0175,9.8962,1001.0483,left_turn,53.28,2,4.68
300,59342,-0.0262,-0.0409,1.0267,-0.4112,-0.21,9.24,1001.0693,left_turn,53.34,2,4.74
301,59402,-0.0381,-0.0278,0.9989,1.4438,0.2188,8.47,1001.064,left_turn,53.4,2,4.8
302,59462,0.0049,-0.0808,1.0555,1.015,-1.05,8.0238,1001.0566,left_turn,53.46,2,4.86
303,59522,-0.0685,-0.0885,0.9509,1.4525,-2.0125,7.8925,1001.052,left_turn,53.52,2,4.92
304,59582,-0.0841,0.0922,0.8906,0.9538,-1.295,7.3412,1001.0535,left_turn,53.58,2,4.98
305,59642,0.0161,-0.0783,1.0694,2.0825,1.2862,7.525,1001.0437,left_turn,53.64,2,5.04
306,59702,0.0182,-0.0585,1.0653,3.3775,-0.3675,6.2913,1001.0566,left_turn,53.7,2,5.1
307,59762,-0.0046,-0.0434,1.0285,3.4825,-0.0175,5.4075,1001.0591,left_turn,53.76,2,5.16
308,59822,-0.0151,0.018,1.0105,1.4175,-0.5075,5.3288,1001.0647,left_turn,53.82,2,5.22
309,59882,0.0016,0.0226,1.0213,-0.2188,0.7962,5.2937,1001.0513,left_turn,53.88,2,5.28
310,59942,-0.0813,-0.0412,0.9331,0.2362,0.9625,4.2263,1001.052,left_turn,53.94,2,5.34
311,60002,-0.0121,-0.0205,1.0407,0.8662,1.1638,3.2287,1001.0427,left_turn,54.0,2,5.4
312,60062,-0.0236,0.0241,1.0282,-0.6475,0.9887,3.08,1001.0505,left_turn,54.06,2,5.46
313,60122,0.0917,-0.0503,1.0685,1.4175,0.3587,3.325,1001.0518,left_turn,54.12,2,5.52
314,60182,-0.0029,0.0088,0.8872,5.1712,-1.7062,3.2025,1001.0444,left_turn,54.18,2,5.58
315,60242,-0.029,-0.071,1.0466,1.4175,-1.9688,2.1613,1001.0427,left_turn,54.24,2,5.64
316,60302,-0.0522,0.0486,0.9457,3.2375,-0.28,2.4413,1001.0457,left_turn,54.3,2,5.7
317,60362,-0.0342,-0.0059,1.077,0.7262,-0.5075,2.1962,1001.0237,left_turn,54.36,2,5.76
318,60422,-0.0429,-0.0037,0.9758,0.6037,-1.33,2.2487,1001.0349,left_turn,54.42,2,5.82
319,60482,0.0134,-0.0229,1.0343,0.2887,-1.5575,1.9775,1001.0393,left_turn,54.48,2,5.88
320,60542,-0.0054,-0.0231,0.9819,-1.1287,0.3413,1.785,1001.0417,left_turn,54.54,2,5.94
321,60602,-0.009,0.0115,1.0069,0.1925,-0.1138,1.9775,1001.053,left_turn,54.6,2,6.0
322,60662,-0.002,-0.0802,0.9902,1.8375,-1.1025,1.9688,1001.0388,left_turn,54.66,2,6.06
323,60722,-0.026,-0.0284,0.9418,3.71,-1.5312,1.7587,1001.0403,left_turn,54.72,2,6.12
324,60782,0.0054,0.0317,1.0807,2.8175,0.9187,1.6537,1001.0637,left_turn,54.78,2,6.18
325,60842,-0.0236,-0.0229,0.9828,2.8263,0.91,1.7938,1001.0503,left_turn,54.84,2,6.24
326,60902,-0.0454,0.0503,0.9843,2.0475,-2.0563,2.2225,1001.0498,left_turn,54.9,2,6.3
327,60962,-0.0315,0.0069,0.9689,1.0938,-0.0613,1.995,1001.0562,left_turn,54.96,2,6.36
328,61022,-0.0032,-0.0495,1.0302,1.2862,-0.105,1.7062,1001.0234,left_turn,55.02,2,6.42
329,61082,-0.0066,0.0059,0.9916,-0.1838,-1.1287,1.4438,1001.0437,left_turn,55.08,2,6.48
330,61142,-0.0148,0.0573,0.9701,1.1463,-0.1488,1.225,1001.042,left_turn,55.14,2,6.54
331,61202,-0.014,-0.0197,0.9504,0.5775,0.3938,1.2775,1001.0393,left_turn,55.2,2,6.6
332,61262,-0.004,0.0361,0.9792,1.4262,0.35,0.6737,1001.0376,left_turn,55.26,2,6.66
333,67142,0.0681,0.0035,0.9757,0.77,-0.6388,0.7,1001.0391,left_turn,61.14,3,0.0
334,67202,0.0464,-0.0232,1.0194,1.7237,0.1312,1.0063,1001.0322,left_turn,61.2,3,0.06
335,67262,0.0551,-0.0332,1.0133,0.7,0.07,1.4525,1001.0398,left_turn,61.26,3,0.12
336,67322,0.0439,-0.0024,0.9997,0.91,0.42,1.5225,1001.0352,left_turn,61.32,3,0.18
337,67382,0.0346,-0.0254,0.997,-0.0262,0.2275,2.4588,1001.051,left_turn,61.38,3,0.24
338,67442,0.0246,-0.0611,0.9772,1.26,0.8662,2.4588,1001.054,left_turn,61.44,3,0.3
339,67502,0.0476,-0.0237,1.0167,0.2887,0.0175,2.8175,1001.0474,left_turn,61.5,3,0.36
340,67562,0.0681,-0.0313,1.0454,1.1638,1.3212,3.4213,1001.0417,left_turn,61.56,3,0.42
341,67622,0.0218,-0.0725,0.9728,1.3475,0.6125,3.675,1001.0391,left_turn,61.62,3,0.48
342,67682,0.0485,-0.0265,0.9931,1.26,1.5137,4.235,1001.0422,left_turn,61.68,3,0.54
343,67742,0.031,-0.0642,0.965,1.9338,-0.4812,4.725,1001.0361,left_turn,61.74,3,0.6
344,67802,0.0549,-0.0283,1.0909,1.925,-0.0613,5.3725,1001.0444,left_turn,61.8,3,0.66
345,67862,0.022,-0.0651,1.0185,1.5575,1.1725,6.3438,1001.0522,left_turn,61.86,3,0.72
346,67922,0.007,-0.075,0.9959,1.5925,0.7962,6.7375,1001.032,left_turn,61.92,3,0.78
347,67982,0.012,-0.0571,0.9642,1.5838,0.3938,7.4725,1001.0513,left_turn,61.98,3,0.84
348,68042,0.0573,-0.0771,1.0365,1.2687,0.9625,8.3562,1001.0552,left_turn,62.04,3,0.9
349,68102,0.0308,-0.0627,1.0316,1.0588,0.3413,9.17,1001.0425,left_turn,62.1,3,0.96
350,68162,0.0364,-0.0705,1.0314,0.7962,0.5512,10.2025,1001.0486,left_turn,62.16,3,1.02
351,68222,0.0564,-0.1215,1.0352,1.4787,0.5512,11.2963,1001.0457,left_turn,62.22,3,1.08
352,68282,0.0004,-0.1154,1.0102,0.8225,-0.5775,11.865,1001.0466,left_turn,62.28,3,1.14
353,68342,0.0129,-0.115,0.9555,0.3938,-0.5688,12.8538,1001.0466,left_turn,62.34,3,1.2
354,68402,0.0181,-0.1595,1.0366,3.3512,0.2887,13.5013,1001.0381,left_turn,62.4,3,1.26
355,68462,0.0071,-0.1164,1.0009,2.4938,1.12,14.21,1001.0356,left_turn,62.46,3,1.32
356,68522,0.0227,-0.1056,1.0577,2.38,-0.3413,15.2775,1001.0408,left_turn,62.52,3,1.38
357,68582,0.0344,-0.1585,1.0326,1.925,0.0262,16.485,1001.0403,left_turn,62.58,3,1.44
358,68642,0.0002,-0.1207,0.9665,0.875,0.2188,17.5525,1001.0432,left_turn,62.64,3,1.5
359,68702,0.0061,-0.0669,0.9941,1.365,0.1925,18.0775,1001.0371,left_turn,62.7,3,1.56
360,68762,0.0413,-0.1122,1.0077,1.9512,0.7875,18.6025,1001.0264,left_turn,62.76,3,1.62
361,68822,0.0403,-0.1594,1.0185,1.6625,-0.7262,18.9175,1001.0374,left_turn,62.82,3,1.68
362,68882,0.0523,-0.1479,1.0231,1.9512,-0.6037,19.9675,1001.0254,left_turn,62.88,3,1.74
363,68942,0.0195,-0.163,0.9909,1.5312,0.3063,20.8075,1001.0339,left_turn,62.94,3,1.8
364,69002,0.0312,-0.1596,1.0214,0.5337,-0.5775,21.56,1001.0261,left_turn,63.0,3,1.86
365,69062,0.0266,-0.1877,1.0024,0.4988,0.42,22.155,1001.02,left_turn,63.06,3,1.92
366,69122,0.0396,-0.1725,0.9509,0.945,-1.2075,22.3825,1001.0166,left_turn,63.12,3,1.98
367,69182,0.0514,-0.1571,1.0365,0.21,1.12,23.3363,1001.0176,left_turn,63.18,3,2.04
368,69242,-0.0112,-0.1888,0.9647,1.0237,0.7875,23.4237,1001.0217,left_turn,63.24,3,2.1
369,69302,0.0368,-0.1818,1.0367,0.8138,1.9512,23.66,1001.0198,left_turn,63.3,3,2.16
370,69362,0.0322,-0.19,0.9918,0.9712,0.6212,24.0625,1001.032,left_turn,63.36,3,2.22
371,69422,0.0444,-0.1752,1.0123,1.33,-1.0063,23.905,1001.0264,left_turn,63.42,3,2.28
372,69482,0.0451,-0.1381,1.0699,3.08,1.2862,24.4737,1001.0334,left_turn,63.48,3,2.34
373,69542,-0.0039,-0.1462,0.9411,2.6688,-0.4638,24.0713,1001.019,left_turn,63.54,3,2.4
374,69602,0.0461,-0.0917,1.006,0.5863,-0.035,23.7125,1001.0178,left_turn,63.6,3,2.46
375,69662,0.0107,-0.1554,0.9479,1.1375,-1.4438,24.535,1001.0183,left_turn,63.66,3,2.52
376,69722,0.0268,-0.1854,1.0582,2.975,-0.2275,23.1787,1001.0168,left_turn,63.72,3,2.58
377,69782,0.0405,-0.1989,0.9982,3.395,-0.3413,23.2488,1001.022,left_turn,63.78,3,2.64
378,69842,0.0361,-0.1308,1.0321,1.9425,2.5988,23.2838,1001.0022,left_turn,63.84,3,2.7
379,69902,0.0086,-0.0646,1.0016,-0.7788,0.6037,23.3538,1001.0029,left_turn,63.9,3,2.76
380,69962,0.0068,-0.1383,0.9726,0.4462,1.015,23.1875,1001.01,left_turn,63.96,3,2.82
381,70022,-0.0434,-0.1662,0.9511,0.7962,0.5425,22.9425,1001.0105,left_turn,64.02,3,2.88
382,70082,0.055,-0.1491,1.0421,-0.1838,0.0088,22.6275,1001.0093,left_turn,64.08,3,2.94
383,70142,-0.0268,-0.1679,1.037,1.8637,0.3063,21.9975,1001.0054,left_turn,64.14,3,3.0
384,70202,0.0083,-0.0813,0.8782,-0.035,2.31,22.3213,1000.9944,left_turn,64.2,3,3.06
385,70262,-0.0276,-0.1025,0.9929,-0.3325,3.78,22.3037,1001.0042,left_turn,64.26,3,3.12
386,70322,0.0242,-0.1846,1.0335,1.4,0.2537,22.2337,1000.9949,left_turn,64.32,3,3.18
387,70382,0.029,-0.1554,1.0063,2.2838,-2.0563,21.7262,1001.0083,left_turn,64.38,3,3.24
388,70442,0.0151,-0.1533,1.0243,3.08,-0.315,22.1987,1000.9939,left_turn,64.44,3,3.3
389,70502,0.0088,-0.1661,1.0537,3.7013,1.2075,21.9888,1001.0078,left_turn,64.5,3,3.36
390,70562,0.0283,-0.1003,1.007,2.7738,-2.59,21.5513,1001.0066,left_turn,64.56,3,3.42
391,70622,-0.009,-0.1128,0.9614,2.7387,-2.1263,21.0788,1000.989,left_turn,64.62,3,3.48
392,70682,0.0012,-0.0966,1.0263,2.6163,-2.0825,20.3525,1000.9841,left_turn,64.68,3,3.54
393,70742,0.0265,-0.1447,1.0648,3.1237,0.455,20.9387,1000.9932,left_turn,64.74,3,3.6
394,70802,0.0115,-0.1186,0.9984,1.1725,-0.1663,20.7113,1000.9954,left_turn,64.8,3,3.66
395,70862,-0.052,-0.1193,1.0133,-0.9275,1.5312,20.825,1000.9995,left_turn,64.86,3,3.72
396,70922,-0.0056,-0.1632,1.0124,0.1488,1.2162,19.775,1000.9895,left_turn,64.92,3,3.78
397,70982,-0.0278,-0.1149,1.018,1.505,-0.0088,19.215,1000.9946,left_turn,64.98,3,3.84
398,71042,-0.0034,-0.0991,1.1385,1.1463,0.805,18.9613,1000.9902,left_turn,65.04,3,3.9
399,71102,0.0225,-0.1267,1.0253,0.2013,-2.3712,19.1275,1000.9946,left_turn,65.1,3,3.96
400,71162,-0.0642,-0.1577,0.9013,0.84,-0.9013,18.655,1000.9917,left_turn,65.16,3,4.02
401,71222,-0.0068,-0.1305,1.0331,2.1875,0.9013,18.515,1000.9707,left_turn,65.22,3,4.08
402,71282,-0.0391,-0.1417,1.0124,2.5375,1.05,18.5938,1000.9778,left_turn,65.28,3,4.14
403,71342,-0.0459,-0.1161,0.9616,1.155,0.91,17.5,1000.9744,left_turn,65.34,3,4.2
404,71402,-0.0029,-0.073,1.0224,2.8087,1.3825,16.9925,1000.9854,left_turn,65.4,3,4.26
405,71462,-0.0354,-0.0861,1.0165,2.1,-0.6037,16.7563,1000.9756,left_turn,65.46,3,4.32
406,71522,-0.0866,-0.1255,0.9667,0.9712,-1.0237,16.5025,1000.9707,left_turn,65.52,3,4.38
407,71582,-0.0613,-0.0783,0.9254,2.275,-0.0787,15.6187,1000.9678,left_turn,65.58,3,4.44
408,71642,-0.0305,-0.0603,0.9939,0.665,-0.9362,14.8313,1000.9622,left_turn,65.64,3,4.5
409,71702,-0.0188,0.0005,0.995,1.1638,-0.1663,14.7437,1000.9597,left_turn,65.7,3,4.56
410,71762,-0.0382,-0.0611,0.9267,0.9275,-0.1663,13.2125,1000.9504,left_turn,65.76,3,4.62
411,71822,-0.0398,-0.142,1.0136,2.3712,0.8487,12.9237,1000.9548,left_turn,65.82,3,4.68
412,71882,-0.0192,-0.0635,1.0113,2.6075,1.8725,12.39,1000.9651,left_turn,65.88,3,4.74
413,71942,0.022,-0.0086,1.0501,1.995,0.6212,10.99,1000.9709,left_turn,65.94,3,4.8
414,72002,-0.0773,-0.0315,1.0341,1.0412,0.525,10.1938,1000.9624,left_turn,66.0,3,4.86
415,72062,-0.0241,-0.0425,0.9626,2.7037,0.5863,9.6425,1000.9695,left_turn,66.06,3,4.92
416,72122,-0.0332,0.0019,1.0338,1.4088,0.21,8.7063,1000.9604,left_turn,66.12,3,4.98
417,72182,-0.0554,-0.0162,0.9891,1.75,2.0038,8.1812,1000.9648,left_turn,66.18,3,5.04
418,72242,-0.0395,0.052,0.9701,1.575,0.2537,6.9037,1000.9636,left_turn,66.24,3,5.1
419,72302,-0.0167,0.001,1.0587,2.9662,-0.245,6.0287,1000.9617,left_turn,66.3,3,5.16
420,72362,-0.0527,0.0254,1.0844,-0.2275,0.9712,5.2587,1000.9548,left_turn,66.36,3,5.22
421,72422,-0.068,-0.1027,1.0082,1.05,2.8875,4.6725,1000.9697,left_turn,66.42,3,5.28
422,72482,-0.0054,0.1218,1.0653,1.295,0.035,4.6025,1000.9631,left_turn,66.48,3,5.34
423,72542,0.0066,-0.0076,1.0382,0.6737,-1.2075,4.165,1000.957,left_turn,66.54,3,5.4
424,72602,-0.0547,-0.0041,0.9719,0.4025,0.4375,3.5963,1000.9468,left_turn,66.6,3,5.46
425,72662,-0.0268,0.029,0.9842,0.6475,0.7962,3.0275,1000.9604,left_turn,66.66,3,5.52
426,72722,0.0112,0.011,1.0759,1.1113,-0.2713,2.7387,1000.9412,left_turn,66.72,3,5.58
427,72782,0.0034,0.0493,1.0146,0.3413,-1.5312,2.1088,1000.9463,left_turn,66.78,3,5.64
428,72842,0.0491,0.0044,1.1129,0.385,-1.5137,1.7675,1000.957,left_turn,66.84,3,5.7
429,72902,0.0109,0.0728,0.9989,-1.8987,-1.9162,1.6013,1000.9426,left_turn,66.9,3,5.76
430,72962,-0.0759,0.0183,0.9153,0.805,2.7912,0.9275,1000.9392,left_turn,66.96,3,5.82
431,80282,0.1481,0.0179,1.1198,0.525,-0.3762,0.7875,1001.0085,left_turn,74.28,4,0.0
432,80342,0.0561,0.0254,0.9333,1.1638,0.4725,1.05,1001.01,left_turn,74.34,4,0.06
433,80402,0.0808,0.0218,1.0203,0.7437,-0.245,1.1988,1001.0195,left_turn,74.4,4,0.12
434,80462,-0.0046,-0.0059,0.9037,-0.5512,0.6737,1.7763,1001.021,left_turn,74.46,4,0.18
435,80522,0.0561,-0.0791,0.8931,-0.7962,-0.455,2.1962,1001.0222,left_turn,74.52,4,0.24
436,80582,0.1063,-0.035,1.0438,-0.8662,-1.54,2.5725,1001.0249,left_turn,74.58,4,0.3
437,80642,0.0629,0.0012,0.949,-0.1663,-0.4112,3.78,1001.0283,left_turn,74.64,4,0.36
438,80702,0.0554,-0.1193,0.9597,-0.0175,-0.77,4.3488,1001.0122,left_turn,74.7,4,0.42
439,80762,0.0716,-0.0163,1.0349,1.2513,-0.385,5.3725,1001.0105,left_turn,74.76,4,0.48
440,80822,0.0747,-0.0659,0.9452,0.5337,-0.7262,5.8275,1001.0247,left_turn,74.82,4,0.54
441,80882,0.0393,-0.128,0.9606,1.0938,0.805,7.2013,1001.0254,left_turn,74.88,4,0.6
442,80942,0.0583,-0.101,1.0152,1.8463,0.35,7.385,1001.0254,left_turn,74.94,4,0.66
443,81002,0.0761,-0.0694,1.0106,0.3938,-0.21,8.3387,1001.0188,left_turn,75.0,4,0.72
444,81062,0.0535,-0.1088,0.9921,0.0437,-0.4288,8.6275,1001.0271,left_turn,75.06,4,0.78
445,81122,0.0568,-0.0525,0.9787,0.1488,0.0613,9.0475,1001.0227,left_turn,75.12,4,0.84
446,81182,0.0486,-0.0488,0.9107,0.3413,-1.0237,9.695,1001.0193,left_turn,75.18,4,0.9
447,81242,0.1027,-0.0858,1.0258,1.505,-0.9712,10.5087,1001.0166,left_turn,75.24,4,0.96
448,81302,0.0967,-0.1722,0.9934,0.2275,-0.2362,11.4888,1001.0195,left_turn,75.3,4,1.02
449,81362,0.0344,-0.1427,0.9902,0.105,0.4375,11.865,1001.0161,left_turn,75.36,4,1.08
450,81422,0.0442,-0.0927,0.9538,-0.1312,0.945,12.985,1001.0103,left_turn,75.42,4,1.14
451,81482,0.0498,-0.1179,0.9597,0.28,0.175,13.5538,1001.0352,left_turn,75.48,4,1.2
452,81542,0.0754,-0.1767,0.9638,0.07,-1.7062,14.91,1001.0205,left_turn,75.54,4,1.26
453,81602,0.0305,-0.1503,1.0695,0.21,-0.4025,15.7587,1001.0244,left_turn,75.6,4,1.32
454,81662,0.0132,-0.2011,0.9928,1.89,-0.4462,16.5112,1001.019,left_turn,75.66,4,1.38
455,81722,0.0447,-0.1652,1.0007,2.5638,0.525,17.255,1001.0264,left_turn,75.72,4,1.44
456,81782,0.034,-0.2189,1.0244,0.8487,-0.35,18.2262,1001.0137,left_turn,75.78,4,1.5
457,81842,0.0278,-0.1443,0.9701,1.505,-1.47,18.76,1000.9988,left_turn,75.84,4,1.56
458,81902,-0.0229,-0.1381,0.9292,1.33,0.9887,19.7138,1001.0115,left_turn,75.9,4,1.62
459,81962,0.0071,-0.0959,1.0487,0.4725,0.7788,19.9237,1000.9851,left_turn,75.96,4,1.68
460,82022,0.0447,-0.2176,0.9922,-1.33,-0.9625,20.6413,1001.0042,left_turn,76.02,4,1.74
461,82082,0.0095,-0.203,1.0275,-0.5688,0.1663,21.14,1000.9885,left_turn,76.08,4,1.8
462,82142,-0.027,-0.1891,0.941,1.1025,0.4725,21.6388,1000.9761,left_turn,76.14,4,1.86
463,82202,0.0481,-0.2474,0.9614,-0.3237,-1.8288,22.1812,1000.9851,left_turn,76.2,4,1.92
464,82262,0.0273,-0.2328,0.9701,1.5575,-1.6625,23.2925,1000.9971,left_turn,76.26,4,1.98
465,82322,0.0529,-0.1773,0.9794,3.2812,-0.5775,23.415,1000.9912,left_turn,76.32,4,2.04
466,82382,0.1047,-0.2098,1.0355,2.1788,-1.2425,23.7738,1001.0056,left_turn,76.38,4,2.1
467,82442,0.0725,-0.256,1.0521,2.6862,0.9362,23.2225,1000.989,left_turn,76.44,4,2.16
468,82502,0.0332,-0.2247,1.0402,2.59,0.4112,23.87,1000.9783,left_turn,76.5,4,2.22
469,82562,0.0763,-0.1678,1.0858,2.5638,0.8575,24.0713,1000.9919,left_turn,76.56,4,2.28
470,82622,-0.0002,-0.2363,0.8904,0.6037,1.1113,23.8438,1001.0078,left_turn,76.62,4,2.34
471,82682,0.0179,-0.1932,1.0065,0.7613,0.7613,24.1238,1000.9871,left_turn,76.68,4,2.4
472,82742,-0.0151,-0.1854,0.9262,1.4875,0.3063,24.1675,1000.9758,left_turn,76.74,4,2.46
473,82802,0.0456,-0.1804,1.0345,2.6512,0.4112,24.185,1000.9858,left_turn,76.8,4,2.52
474,82862,0.082,-0.2547,0.9972,0.3938,-1.6625,23.9575,1000.9741,left_turn,76.86,4,2.58
475,82922,0.0427,-0.1085,1.0552,2.1175,-0.5425,24.045,1000.9717,left_turn,76.92,4,2.64
476,82982,0.0561,-0.185,0.9736,2.0213,0.3325,23.5025,1000.9844,left_turn,76.98,4,2.7
477,83042,-0.0254,-0.1103,0.9468,1.505,-0.9887,23.2838,1000.9783,left_turn,77.04,4,2.76
478,83102,-0.0123,-0.1657,0.9706,1.12,0.9187,23.4062,1000.9819,left_turn,77.1,4,2.82
479,83162,0.0148,-0.1595,0.9847,2.17,0.9975,23.1963,1000.9612,left_turn,77.16,4,2.88
480,83222,0.0388,-0.0509,1.1075,0.7788,0.5775,23.1875,1000.9729,left_turn,77.22,4,2.94
481,83282,0.0939,-0.1754,1.0294,0.6475,2.3975,22.925,1000.9788,left_turn,77.28,4,3.0
482,83342,0.0814,-0.1726,1.0112,0.8487,-0.42,22.5837,1000.9709,left_turn,77.34,4,3.06
483,83402,0.0368,-0.1486,1.0044,2.2575,0.875,22.435,1000.9832,left_turn,77.4,4,3.12
484,83462,0.0793,-0.1505,1.1856,1.8725,-1.1638,21.9538,1000.9724,left_turn,77.46,4,3.18
485,83522,0.0356,-0.268,1.046,3.7188,1.1638,22.5925,1000.9805,left_turn,77.52,4,3.24
486,83582,0.1228,-0.0315,1.0965,3.29,1.26,21.7262,1000.9756,left_turn,77.58,4,3.3
487,83642,0.0766,-0.2074,1.1306,-0.5425,-2.0387,21.3937,1000.9832,left_turn,77.64,4,3.36
488,83702,-0.0275,-0.0285,0.9219,2.7738,0.0525,20.6063,1000.9763,left_turn,77.7,4,3.42
489,83762,0.0178,-0.1291,1.0399,0.5512,-1.47,19.5125,1000.9739,left_turn,77.76,4,3.48
490,83822,0.1291,-0.0748,1.1256,1.4175,-0.2975,18.83,1000.9675,left_turn,77.82,4,3.54
491,83882,-0.0498,-0.197,0.9177,-1.12,0.0175,17.955,1000.9802,left_turn,77.88,4,3.6
492,83942,0.0174,-0.1721,1.0051,0.7613,-2.1,16.9137,1000.9543,left_turn,77.94,4,3.66
493,84002,0.016,-0.0752,0.9604,1.3825,-0.8487,16.38,1000.9646,left_turn,78.0,4,3.72
494,84062,-0.0268,-0.1757,0.9596,2.695,-0.9275,15.9862,1000.9326,left_turn,78.06,4,3.78
495,84122,-0.0198,-0.0913,0.9026,2.8,-0.7088,15.0413,1000.9395,left_turn,78.12,4,3.84
496,84182,0.0146,-0.0305,1.0221,3.185,-0.1663,14.4462,1000.9421,left_turn,78.18,4,3.9
497,84242,-0.021,-0.0993,0.9989,3.7275,1.575,13.93,1000.9502,left_turn,78.24,4,3.96
498,84302,0.0581,-0.0178,1.0757,1.1025,0.0613,12.5825,1000.9673,left_turn,78.3,4,4.02
499,84362,-0.0088,-0.0041,0.9885,0.9013,-0.105,11.8912,1000.9863,left_turn,78.36,4,4.08
500,84422,-0.0165,-0.0614,1.1017,0.9275,0.1925,10.8237,1000.9749,left_turn,78.42,4,4.14
501,84482,-0.014,-0.0071,0.9797,1.1025,-0.8662,10.0188,1000.9622,left_turn,78.48,4,4.2
502,84542,-0.0079,-0.101,0.9755,-2.4325,0.0962,9.9838,1000.9646,left_turn,78.54,4,4.26
503,84602,0.0447,-0.014,0.9931,-0.8225,0.3413,9.7738,1000.9543,left_turn,78.6,4,4.32
504,84662,0.0583,-0.0389,1.0457,-0.3587,-1.2687,9.3713,1000.9636,left_turn,78.66,4,4.38
505,84722,0.0426,-0.0727,1.031,0.7262,1.505,8.33,1000.9705,left_turn,78.72,4,4.44
506,84782,0.061,-0.063,1.0065,4.4887,2.1962,7.6388,1000.9773,left_turn,78.78,4,4.5
507,84842,0.0312,-0.0978,0.9828,1.68,1.3825,7.2712,1001.0088,left_turn,78.84,4,4.56
508,84902,-0.0007,0.0505,0.9138,1.3913,0.8313,7.7525,1000.9458,left_turn,78.9,4,4.62
509,84962,0.0265,-0.0636,0.9301,2.7738,-1.015,7.3587,1000.9468,left_turn,78.96,4,4.68
510,85022,0.0326,-0.071,1.0573,1.3388,-0.2887,7.5862,1000.9709,left_turn,79.02,4,4.74
511,85082,-0.0522,0.0325,0.9748,1.54,-0.1138,6.2737,1000.9641,left_turn,79.08,4,4.8
512,85142,0.0639,-0.0163,1.0199,1.05,0.3063,5.8975,1000.9744,left_turn,79.14,4,4.86
513,85202,0.0905,0.059,1.067,0.4812,-0.1838,5.145,1000.9575,left_turn,79.2,4,4.92
514,85262,0.0124,-0.0332,1.0195,1.05,-0.9625,4.3488,1000.9636,left_turn,79.26,4,4.98
515,85322,0.0386,-0.0447,1.0402,2.2575,-0.4812,3.7188,1000.959,left_turn,79.32,4,5.04
516,85382,0.0325,0.0691,0.9453,0.49,-2.8612,3.3512,1000.9705,left_turn,79.38,4,5.1
517,85442,0.0485,0.0428,1.0919,1.54,0.8925,3.535,1000.9626,left_turn,79.44,4,5.16
518,85502,0.0503,0.0356,0.969,0.8138,-1.0063,2.7213,1000.967,left_turn,79.5,4,5.22
519,85562,0.0056,0.0404,0.9356,-0.28,-0.525,2.1962,1000.9565,left_turn,79.56,4,5.28
520,85622,0.0234,0.0469,0.9116,1.5225,0.5075,1.47,1000.9512,left_turn,79.62,4,5.34
521,85682,0.0695,0.0054,0.9996,-0.5688,1.1113,1.365,1000.9841,left_turn,79.68,4,5.4
522,85742,0.0491,-0.0056,1.0358,1.3125,1.8288,1.365,1000.946,left_turn,79.74,4,5.46
523,85802,0.0298,-0.0302,1.0804,2.0738,1.4262,1.89,1000.9634,left_turn,79.8,4,5.52
524,85862,-0.0219,-0.0151,0.9852,1.96,0.1138,1.5488,1000.9626,left_turn,79.86,4,5.58
525,85922,0.0285,-0.0184,1.041,0.5775,0.4725,1.8463,1000.9536,left_turn,79.92,4,5.64
526,85982,-0.0305,-0.0525,0.9315,1.3563,-0.0613,1.96,1000.9463,left_turn,79.98,4,5.7
527,86042,0.0215,0.0156,1.0212,0.42,-1.9075,1.6712,1000.9512,left_turn,80.04,4,5.76
528,86102,-0.0068,0.0312,1.0146,1.6975,3.3863,2.135,1000.9749,left_turn,80.1,4,5.82
529,86162,0.0367,0.055,0.9432,-1.0762,0.6475,1.9075,1000.9551,left_turn,80.16,4,5.88
530,86222,-0.0135,-0.052,1.0036,0.28,-1.0063,1.9863,1000.9678,left_turn,80.22,4,5.94
531,86282,0.0412,-0.0176,1.1178,-0.2013,-1.3825,1.7938,1000.9719,left_turn,80.28,4,6.0
532,86342,-0.0254,0.0142,0.9326,1.6275,0.105,1.7413,1000.9744,left_turn,80.34,4,6.06
533,86402,-0.0209,-0.0228,0.9772,1.3913,1.575,1.785,1000.9575,left_turn,80.4,4,6.12
534,86462,-0.0014,-0.0171,0.9257,0.98,1.61,1.9075,1000.9551,left_turn,80.46,4,6.18
535,86522,-0.0292,-0.0364,0.9081,-0.875,0.7962,2.0125,1000.9958,left_turn,80.52,4,6.24
536,86582,-0.0747,0.0503,0.9526,1.6712,2.0213,1.575,1000.9634,left_turn,80.58,4,6.3
537,86642,-0.07,0.0086,0.9499,-0.1225,3.0538,1.7325,1000.9565,left_turn,80.64,4,6.36
538,86702,0.0361,-0.0319,1.0187,-0.2537,-1.2425,1.505,1000.9519,left_turn,80.7,4,6.42
539,86762,0.0104,-0.0264,1.0204,0.7613,0.0787,1.96,1000.9612,left_turn,80.76,4,6.48
540,86822,0.0249,0.0119,1.036,0.105,-0.6388,1.8025,1000.9612,left_turn,80.82,4,6.54
541,86882,-0.022,-0.0195,1.0652,0.4725,1.2513,1.6363,1000.959,left_turn,80.88,4,6.6
542,86942,0.0098,0.0123,1.0639,1.3125,-0.0787,1.295,1000.9561,left_turn,80.94,4,6.66
543,87002,0.053,0.0296,1.0754,-0.875,0.3587,2.0125,1000.9553,left_turn,81.0,4,6.72
544,87062,-0.0151,-0.0147,0.9659,-0.2275,0.9625,2.2662,1000.9553,left_turn,81.06,4,6.78
545,87122,0.0319,0.0059,1.0065,-0.91,-1.0325,1.75,1000.9709,left_turn,81.12,4,6.84
546,87182,-0.0165,0.0262,0.9772,-1.225,1.9075,2.0387,1000.9556,left_turn,81.18,4,6.9
547,87242,-0.0398,0.0159,0.9894,-0.0525,3.115,1.6537,1000.9509,left_turn,81.24,4,6.96
548,87302,0.0576,0.0032,1.0217,0.8225,1.19,1.715,1000.9661,left_turn,81.3,4,7.02
549,87362,-0.0529,-0.032,0.8418,1.575,0.28,1.47,1000.9905,left_turn,81.36,4,7.08
550,87422,0.0196,0.0519,1.0587,0.7525,-1.33,1.4963,1000.9597,left_turn,81.42,4,7.14
551,87482,0.021,0.0198,0.9804,0.0787,-2.52,1.2075,1000.9797,left_turn,81.48,4,7.2
552,87542,-0.0389,0.0678,0.8092,-1.4612,-3.71,0.4812,1000.9907,left_turn,81.54,4,7.26
553,89882,0.0366,-0.0614,1.0433,-0.6562,0.7262,0.84,1000.9712,left_turn,83.88,5,0.0
554,89942,-0.0019,-0.009,0.9899,1.3475,0.4375,1.4525,1000.9668,left_turn,83.94,5,0.06
555,90002,0.0082,0.0554,0.9295,0.91,-0.105,1.0237,1000.9673,left_turn,84.0,5,0.12
556,90062,0.0358,-0.0096,1.0164,0.07,-0.7525,1.19,1000.9619,left_turn,84.06,5,0.18
557,90122,0.0025,0.019,0.9162,-0.1838,-0.9625,1.5488,1000.9797,left_turn,84.12,5,0.24
558,90182,0.0053,0.0231,1.0341,-0.56,-0.175,1.7763,1000.9753,left_turn,84.18,5,0.3
559,90242,0.0236,-0.0113,1.0436,-0.735,0.8925,1.5925,1000.9709,left_turn,84.24,5,0.36
560,90302,0.0381,-0.022,0.9776,-0.9712,-0.4462,2.0038,1000.9685,left_turn,84.3,5,0.42
561,90362,0.0344,-0.0437,0.9994,0.7437,2.7125,2.415,1000.9617,left_turn,84.36,5,0.48
562,90422,-0.0062,-0.0383,0.986,0.42,2.17,2.5287,1000.9709,left_turn,84.42,5,0.54
563,90482,0.033,0.0024,1.0659,0.1663,2.065,2.905,1000.9729,left_turn,84.48,5,0.6
564,90542,0.0274,-0.0056,0.9676,0.7788,1.3737,2.8525,1000.98,left_turn,84.54,5,0.66
565,90602,0.0026,-0.0524,0.945,-1.33,0.2188,2.3537,1000.9773,left_turn,84.6,5,0.72
566,90662,0.0102,-0.0518,1.0075,-1.1463,0.5075,2.8,1000.9712,left_turn,84.66,5,0.78
567,90722,0.0081,-0.0487,0.9646,-0.7962,-0.5425,3.1063,1000.9768,left_turn,84.72,5,0.84
568,90782,0.0339,0.0051,1.0451,-1.2075,1.2775,3.57,1000.9849,left_turn,84.78,5,0.9
569,90842,0.042,-0.0179,1.0197,-1.0325,-1.8375,4.0687,1000.9834,left_turn,84.84,5,0.96
570,90902,0.0694,-0.0671,1.05,-0.3762,-1.8375,4.5413,1000.9712,left_turn,84.9,5,1.02
571,90962,0.062,-0.057,0.9903,-0.6125,-0.735,4.7075,1000.9744,left_turn,84.96,5,1.08
572,91022,0.0366,-0.0542,1.0106,0.6125,-0.42,5.18,1000.9763,left_turn,85.02,5,1.14
573,91082,0.0356,-0.0518,0.9865,0.49,-1.2687,5.8888,1000.9685,left_turn,85.08,5,1.2
574,91142,0.0174,-0.0757,0.9592,0.5337,-0.0787,6.44,1000.9812,left_turn,85.14,5,1.26
575,91202,0.0407,-0.0647,0.9598,-0.5688,-0.0262,7.315,1000.9805,left_turn,85.2,5,1.32
576,91262,0.0329,-0.0608,1.0119,-0.9887,0.91,7.665,1000.9629,left_turn,85.26,5,1.38
577,91322,0.0264,-0.1052,1.0228,-0.4988,2.8438,8.19,1000.9722,left_turn,85.32,5,1.44
578,91382,0.0212,-0.1045,0.962,-0.4112,0.7175,8.8462,1000.9712,left_turn,85.38,5,1.5
579,91442,0.0531,-0.0215,1.0546,-0.56,-0.2362,9.31,1000.98,left_turn,85.44,5,1.56
580,91502,0.0395,-0.1501,0.9723,-0.5775,-0.9538,9.9312,1000.9783,left_turn,85.5,5,1.62
581,91562,-0.0029,-0.074,0.9226,-0.0088,-2.1613,10.5962,1000.9783,left_turn,85.56,5,1.68
582,91622,0.016,-0.07,1.0443,0.6388,-1.4525,10.395,1000.9863,left_turn,85.62,5,1.74
583,91682,0.0264,-0.0346,1.0344,0.91,-1.3825,10.8763,1000.9875,left_turn,85.68,5,1.8
584,91742,-0.001,-0.0953,0.9684,0.1925,-1.6888,10.78,1000.9854,left_turn,85.74,5,1.86
585,91802,0.0057,-0.1332,1.0651,0.7262,-2.4325,11.095,1000.9875,left_turn,85.8,5,1.92
586,91862,0.0107,-0.0659,1.0555,1.1287,0.1663,10.9375,1000.9749,left_turn,85.86,5,1.98
587,91922,0.0257,-0.0552,0.9607,0.0175,0.0875,11.13,1000.9756,left_turn,85.92,5,2.04
588,91982,-0.0199,-0.1732,0.9836,1.7237,1.0762,11.6287,1000.9663,left_turn,85.98,5,2.1
589,92042,-0.0285,-0.0288,0.9672,0.07,0.4112,12.2325,1000.9739,left_turn,86.04,5,2.16
590,92102,0.0071,-0.1312,0.9409,0.0875,0.4025,12.8275,1000.9836,left_turn,86.1,5,2.22
591,92162,-0.0025,-0.0836,0.899,-1.0063,-0.6737,12.985,1000.9771,left_turn,86.16,5,2.28
592,92222,-0.0058,-0.1084,0.9363,0.4812,1.9425,13.72,1000.9756,left_turn,86.22,5,2.34
593,92282,-0.032,-0.1346,0.9631,0.7262,-0.4988,13.615,1000.9756,left_turn,86.28,5,2.4
594,92342,0.0127,-0.0849,1.0236,0.3762,-0.5863,13.6763,1000.9778,left_turn,86.34,5,2.46
595,92402,0.0179,-0.1274,1.0365,1.1025,-0.3413,14.0087,1000.9785,left_turn,86.4,5,2.52
596,92462,0.0229,-0.161,1.0299,1.4787,-0.3063,14.3588,1000.9812,left_turn,86.46,5,2.58
597,92522,0.0037,-0.1554,1.0111,1.0325,-1.26,15.2163,1000.967,left_turn,86.52,5,2.64
598,92582,0.0423,-0.1183,0.9821,0.84,-0.4288,15.5925,1000.9661,left_turn,86.58,5,2.7
599,92642,0.0415,-0.1017,1.0466,-0.07,-1.015,16.1087,1000.9778,left_turn,86.64,5,2.76
600,92702,-0.0178,-0.1456,0.9781,1.12,0.665,16.7125,1000.9692,left_turn,86.7,5,2.82
601,92762,0.0393,-0.1262,0.9411,-1.015,-0.805,17.01,1000.9597,left_turn,86.76,5,2.88
602,92822,-0.0056,-0.1571,0.9731,0.5863,-0.0613,17.15,1000.9741,left_turn,86.82,5,2.94
603,92882,0.0181,-0.1322,1.0548,0.3675,2.0912,17.0362,1000.9617,left_turn,86.88,5,3.0
604,92942,0.0281,-0.1425,1.0406,1.575,1.1025,17.6313,1000.9851,left_turn,86.94,5,3.06
605,93002,0.0137,-0.1471,0.9862,3.2812,0.6562,17.3775,1000.981,left_turn,87.0,5,3.12
606,93062,0.0106,-0.1617,0.9867,1.5312,1.7237,17.3512,1000.9595,left_turn,87.06,5,3.18
607,93122,-0.0175,-0.1124,0.9919,-0.1838,1.0325,17.36,1000.9565,left_turn,87.12,5,3.24
608,93182,0.0237,-0.1196,0.9398,0.4725,0.0437,17.57,1000.9434,left_turn,87.18,5,3.3
609,93242,0.0476,-0.1261,0.9926,-0.4025,-0.2975,17.6575,1000.9692,left_turn,87.24,5,3.36
610,93302,0.0084,-0.204,1.0443,0.8313,3.22,17.78,1000.9365,left_turn,87.3,5,3.42
611,93362,0.0146,-0.0957,0.9853,0.2887,-1.365,17.2025,1000.9543,left_turn,87.36,5,3.48
612,93422,0.0469,-0.1973,1.0144,1.7587,0.525,17.5263,1000.9539,left_turn,87.42,5,3.54
613,93482,0.0075,-0.1502,0.9813,2.4325,1.1812,18.025,1000.9602,left_turn,87.48,5,3.6
614,93542,0.0103,-0.1867,1.0146,2.66,0.4462,17.6925,1000.9561,left_turn,87.54,5,3.66
615,93602,-0.0083,-0.1732,0.9638,0.9275,-1.1725,17.92,1000.9473,left_turn,87.6,5,3.72
616,93662,-0.029,-0.1561,1.0041,-0.5163,-0.8138,17.9287,1000.9543,left_turn,87.66,5,3.78
617,93722,-0.0344,-0.1327,0.9736,-0.7613,0.3237,18.1562,1000.957,left_turn,87.72,5,3.84
618,93782,0.0241,-0.1613,1.002,-0.2625,0.3237,18.1038,1000.9519,left_turn,87.78,5,3.9
619,93842,0.004,-0.1692,0.8837,0.385,0.4025,17.64,1000.9468,left_turn,87.84,5,3.96
620,93902,0.0584,-0.1405,0.9922,-0.9975,1.05,17.7625,1000.9304,left_turn,87.9,5,4.02
621,93962,0.04,-0.1828,0.9916,0.2887,-0.105,18.2262,1000.9463,left_turn,87.96,5,4.08
622,94022,-0.0025,-0.1726,0.9414,1.8288,0.3587,17.8412,1000.9377,left_turn,88.02,5,4.14
623,94082,0.0486,-0.2059,1.1012,0.875,-0.5512,18.1125,1000.9353,left_turn,88.08,5,4.2
624,94142,0.0169,-0.1125,1.0014,0.8662,0.28,17.955,1000.9441,left_turn,88.14,5,4.26
625,94202,0.0024,-0.1423,1.0441,1.8637,-0.6212,17.3425,1000.9468,left_turn,88.2,5,4.32
626,94262,0.0081,-0.1012,0.9769,1.155,-1.0588,17.0625,1000.928,left_turn,88.26,5,4.38
627,94322,0.002,-0.113,0.9385,-0.4112,-0.5425,17.1413,1000.9365,left_turn,88.32,5,4.44
628,94382,0.011,-0.1601,0.9822,0.9712,0.7262,17.0537,1000.929,left_turn,88.38,5,4.5
629,94442,-0.0051,-0.078,0.9745,0.1663,-0.7,16.4762,1000.9478,left_turn,88.44,5,4.56
630,94502,-0.0046,-0.1152,1.0155,-0.1925,0.6388,16.31,1000.9382,left_turn,88.5,5,4.62
631,94562,-0.0015,-0.1659,0.9442,-0.8487,-1.575,16.1525,1000.9143,left_turn,88.56,5,4.68
632,94622,0.0286,-0.1535,0.9762,0.1838,1.0063,16.065,1000.9041,left_turn,88.62,5,4.74
633,94682,0.0237,-0.1511,0.9816,1.12,0.3413,16.0737,1000.8979,left_turn,88.68,5,4.8
634,94742,0.0264,-0.108,0.9498,0.9712,-0.0525,16.4062,1000.8865,left_turn,88.74,5,4.86
635,94802,0.0114,-0.1554,1.0341,0.35,1.7587,16.555,1000.8984,left_turn,88.8,5,4.92
636,94862,0.0142,-0.1399,0.9838,-0.5425,0.3063,16.6075,1000.9067,left_turn,88.86,5,4.98
637,94922,0.0206,-0.1793,1.0293,0.1312,0.315,16.3538,1000.9187,left_turn,88.92,5,5.04
638,94982,-0.0015,-0.1255,0.9904,0.4025,0.7175,16.1262,1000.9109,left_turn,88.98,5,5.1
639,95042,0.003,-0.1572,0.9826,1.1025,0.2275,16.1175,1000.9023,left_turn,89.04,5,5.16
640,95102,-0.0171,-0.154,1.0049,1.33,0.0175,16.1087,1000.8958,left_turn,89.1,5,5.22
641,95162,-0.0068,-0.1333,0.9389,1.7587,0.4812,16.1,1000.9099,left_turn,89.16,5,5.28
642,95222,0.0279,-0.1581,1.0045,0.1663,0.7437,15.8638,1000.873,left_turn,89.22,5,5.34
643,95282,-0.0063,-0.135,0.9116,-0.315,-0.4725,15.7063,1000.8789,left_turn,89.28,5,5.4
644,95342,0.0088,-0.0893,1.0061,-0.4725,0.3063,15.4963,1000.8774,left_turn,89.34,5,5.46
645,95402,0.0293,-0.1613,1.0763,0.0437,0.7437,15.4,1000.8845,left_turn,89.4,5,5.52
646,95462,-0.0041,-0.133,0.9631,0.6825,-0.6825,15.2688,1000.8972,left_turn,89.46,5,5.58
647,95522,-0.0007,-0.1125,0.9668,0.6388,-0.0437,15.6275,1000.8728,left_turn,89.52,5,5.64
648,95582,0.0417,-0.1091,1.0455,1.75,0.6475,15.54,1000.8772,left_turn,89.58,5,5.7
649,95642,0.003,-0.1626,1.0182,1.19,-0.8575,14.9975,1000.8833,left_turn,89.64,5,5.76
650,95702,-0.0035,-0.1389,0.9914,0.6388,0.245,14.8575,1000.8716,left_turn,89.7,5,5.82
651,95762,-0.0106,-0.0899,1.0089,-0.245,0.1225,14.56,1000.8813,left_turn,89.76,5,5.88
652,95822,0.0446,-0.0708,1.0407,-0.84,0.42,14.2275,1000.8865,left_turn,89.82,5,5.94
653,95882,0.031,-0.133,1.0092,1.085,-1.5488,14.14,1000.9001,left_turn,89.88,5,6.0
654,95942,0.0451,-0.1221,1.0362,0.5163,-0.875,13.72,1000.9199,left_turn,89.94,5,6.06
655,96002,-0.0224,-0.1198,0.9328,-0.42,-1.1375,13.3787,1000.9263,left_turn,90.0,5,6.12
656,96062,-0.0295,-0.0915,0.9393,0.5775,0.49,13.2212,1000.9409,left_turn,90.06,5,6.18
657,96122,0.001,-0.1466,0.9953,1.5488,0.49,13.16,1000.9351,left_turn,90.12,5,6.24
658,96182,0.002,-0.0935,1.0219,0.21,-0.5337,12.7225,1000.918,left_turn,90.18,5,6.3
659,96242,0.0444,-0.0378,1.0644,0.2887,0.5863,12.5562,1000.9412,left_turn,90.24,5,6.36
660,96302,0.0525,-0.1093,1.0695,0.4288,2.0475,12.2063,1000.9275,left_turn,90.3,5,6.42
661,96362,0.0215,-0.0509,0.9394,-0.175,-0.0437,11.48,1000.917,left_turn,90.36,5,6.48
662,96422,0.0134,-0.0648,1.0296,0.4462,1.2862,10.9462,1000.9119,left_turn,90.42,5,6.54
663,96482,-0.0246,-0.051,1.0106,0.455,2.1788,10.5787,1000.9229,left_turn,90.48,5,6.6
664,96542,0.001,-0.0434,0.9691,-0.7175,0.4638,10.2113,1000.9133,left_turn,90.54,5,6.66
665,96602,0.0234,-0.0522,1.0343,-0.2625,1.295,10.1938,1000.937,left_turn,90.6,5,6.72
666,96662,0.0115,-0.0217,0.9819,-0.2713,0.3587,9.7913,1000.928,left_turn,90.66,5,6.78
667,96722,-0.0108,-0.0839,0.9806,-0.6825,-0.4375,9.345,1000.9153,left_turn,90.72,5,6.84
668,96782,0.0329,-0.0418,1.0645,0.525,-0.2362,9.17,1000.9304,left_turn,90.78,5,6.9
669,96842,0.0282,-0.0889,0.9826,1.3563,0.1925,9.0037,1000.9282,left_turn,90.84,5,6.96
670,96902,0.0351,-0.0417,1.0053,0.8925,-0.0613,8.785,1000.9299,left_turn,90.9,5,7.02
671,96962,0.0217,-0.0656,0.9875,-0.0088,0.4375,8.26,1000.9373,left_turn,90.96,5,7.08
672,97022,0.0366,-0.0729,1.0263,0.42,-0.3325,8.12,1000.9407,left_turn,91.02,5,7.14
673,97082,0.0071,-0.0318,1.02,-0.1225,0.3325,7.525,1000.9331,left_turn,91.08,5,7.2
674,97142,0.0222,0.0,0.9338,-0.1663,-0.5775,7.0437,1000.9482,left_turn,91.14,5,7.26
675,97202,0.0364,-0.0409,1.0038,-0.385,-0.0962,6.9913,1000.9377,left_turn,91.2,5,7.32
676,97262,0.0234,-0.0659,1.0476,-0.21,0.5863,7.0087,1000.9302,left_turn,91.26,5,7.38
677,97322,0.0388,-0.0473,0.9467,0.3762,-0.6037,6.8162,1000.9353,left_turn,91.32,5,7.44
678,97382,0.0242,-0.0661,0.9684,0.2275,0.3675,6.8075,1000.9573,left_turn,91.38,5,7.5
679,97442,0.029,-0.0615,1.0369,0.5512,2.0125,6.9475,1000.9619,left_turn,91.44,5,7.56
680,97502,0.0257,-0.0207,1.0319,1.4088,0.4112,6.965,1000.9465,left_turn,91.5,5,7.62
681,97562,-0.0137,-0.0486,0.9399,0.63,0.735,6.8863,1000.9487,left_turn,91.56,5,7.68
682,97622,0.0081,-0.052,0.9306,0.0437,0.28,6.4662,1000.9548,left_turn,91.62,5,7.74
683,97682,0.0039,-0.0657,0.9521,0.1663,-0.4638,6.7812,1000.9304,left_turn,91.68,5,7.8
684,97742,0.0127,-0.0345,0.987,-1.3825,0.0262,6.4488,1000.9592,left_turn,91.74,5,7.86
685,97802,0.043,-0.0134,1.0575,-0.1138,1.6625,6.055,1000.9595,left_turn,91.8,5,7.92
686,97862,0.0088,-0.0715,1.0316,-0.2975,0.1663,5.635,1000.957,left_turn,91.86,5,7.98
687,97922,0.0132,0.0076,1.0108,0.0787,0.6388,4.7162,1000.959,left_turn,91.92,5,8.04
688,97982,0.0112,-0.0124,1.0241,1.2162,-0.56,4.4713,1000.9731,left_turn,91.98,5,8.1
689,98042,0.0165,-0.0049,0.9719,2.0825,0.5425,4.1038,1000.9707,left_turn,92.04,5,8.16
690,98102,0.0243,-0.0029,0.9823,1.3475,-0.6825,4.1213,1000.9736,left_turn,92.1,5,8.22
691,98162,-0.0412,-0.0412,0.916,-0.4288,-0.5688,3.4913,1000.9788,left_turn,92.16,5,8.28
692,98222,-0.0234,-0.0118,1.0068,0.5863,-1.2162,3.0538,1000.9846,left_turn,92.22,5,8.34
693,98282,-0.0171,0.05,0.9797,0.2713,-0.5688,2.5812,1000.9846,left_turn,92.28,5,8.4
694,98342,0.0005,0.0132,1.0558,0.49,-0.7175,1.8463,1000.9841,left_turn,92.34,5,8.46
695,98402,-0.0117,-0.0891,0.9106,0.28,-0.9362,1.8463,1000.9788,left_turn,92.4,5,8.52
696,98462,-0.0689,0.0525,0.926,2.5113,-0.4288,1.1025,1000.9944,left_turn,92.46,5,8.58
697,98522,-0.0046,-0.0034,0.8388,1.8813,-2.1962,1.0237,1000.9824,left_turn,92.52,5,8.64
698,98582,-0.0187,-0.0123,0.9199,1.2513,0.3587,1.2775,1000.9829,left_turn,92.58,5,8.7
699,98642,-0.0015,0.0786,1.03,1.5662,-0.3587,1.1463,1000.9832,left_turn,92.64,5,8.76
700,98702,0.0634,0.0356,1.0939,-0.665,-0.2275,1.6363,1000.9893,left_turn,92.7,5,8.82
701,98762,0.0124,0.0329,1.0507,-1.5575,-0.6825,1.2862,1000.9778,left_turn,92.76,5,8.88
702,98822,-0.0078,-0.0347,0.9767,0.7088,-1.0762,1.3038,1000.9827,left_turn,92.82,5,8.94
703,98882,-0.0414,0.0038,0.9158,0.7962,-1.6537,1.0675,1000.9832,left_turn,92.88,5,9.0
704,98942,0.0065,0.0193,0.9758,1.3388,-0.4638,0.9625,1000.9851,left_turn,92.94,5,9.06
705,105122,0.0181,0.0002,0.9296,0.91,0.0962,0.8575,1000.9739,left_turn,99.12,6,0.0
706,105182,0.082,-0.0317,1.0321,0.14,0.805,1.0675,1000.9724,left_turn,99.18,6,0.06
707,105242,0.0547,-0.012,0.9594,-0.665,-1.5838,1.6275,1000.9749,left_turn,99.24,6,0.12
708,105302,0.0895,0.0032,0.9823,-0.42,-0.1225,2.2575,1000.9666,left_turn,99.3,6,0.18
709,105362,0.1022,0.0368,1.04,-0.5688,-0.5775,2.5988,1000.9644,left_turn,99.36,6,0.24
710,105422,0.063,0.0007,0.9777,-0.8487,-0.0175,3.3688,1000.9487,left_turn,99.42,6,0.3
711,105482,0.0812,-0.0583,0.9475,-0.5425,-0.0437,3.9725,1000.9631,left_turn,99.48,6,0.36
712,105542,0.1061,-0.1274,1.0185,-0.49,0.0875,4.9525,1000.9634,left_turn,99.54,6,0.42
713,105602,0.0681,-0.0392,1.007,-1.0237,-1.1113,5.8975,1000.9719,left_turn,99.6,6,0.48
714,105662,0.0656,-0.0559,0.9913,-1.0762,-0.6212,6.8688,1000.967,left_turn,99.66,6,0.54
715,105722,0.1002,-0.1349,1.0866,-0.5512,1.085,7.77,1000.9729,left_turn,99.72,6,0.6
716,105782,0.0749,-0.1069,0.997,-0.7875,0.5863,9.1,1000.9854,left_turn,99.78,6,0.66
717,105842,0.0603,-0.172,0.9048,-1.0675,-0.07,10.395,1000.9734,left_turn,99.84,6,0.72
718,105902,0.0822,-0.1379,0.9675,-0.5775,-1.575,11.025,1000.9797,left_turn,99.9,6,0.78
719,105962,0.1047,-0.151,1.0785,1.12,0.5688,11.7775,1000.9758,left_turn,99.96,6,0.84
720,106022,0.0685,-0.0954,0.975,0.6562,0.28,12.8888,1000.9727,left_turn,100.02,6,0.9
721,106082,0.0885,-0.1337,1.0526,0.4375,0.5688,13.3787,1000.9785,left_turn,100.08,6,0.96
722,106142,0.0759,-0.0898,0.9848,-1.1375,0.7962,14.28,1000.9736,left_turn,100.14,6,1.02
723,106202,0.0805,-0.1764,1.0331,-1.5488,0.5863,14.7087,1000.9785,left_turn,100.2,6,1.08
724,106262,0.0764,-0.1913,1.0085,-0.8925,0.7088,15.8462,1000.9829,left_turn,100.26,6,1.14
725,106322,0.0857,-0.1684,1.0065,-0.84,-0.7,17.01,1000.9651,left_turn,100.32,6,1.2
726,106382,0.0486,-0.2503,0.9762,0.1225,0.6737,18.7425,1000.9863,left_turn,100.38,6,1.26
727,106442,0.0437,-0.2225,1.0133,1.1025,0.1925,19.5125,1000.9744,left_turn,100.44,6,1.32
728,106502,0.0351,-0.245,0.9735,-0.6475,-0.2887,20.2388,1000.9885,left_turn,100.5,6,1.38
729,106562,0.0756,-0.2088,1.035,0.98,-0.315,21.2537,1000.9907,left_turn,100.56,6,1.44
730,106622,0.1003,-0.1473,0.9917,0.28,-1.0762,21.8137,1000.9912,left_turn,100.62,6,1.5
731,106682,0.0889,-0.1767,1.0222,1.1113,0.3762,22.4875,1000.9824,left_turn,100.68,6,1.56
732,106742,0.1027,-0.1179,1.0449,-0.1225,0.2275,23.9662,1000.9746,left_turn,100.74,6,1.62
733,106802,0.0337,-0.2481,0.9009,-1.2513,-1.5838,24.6488,1000.9827,left_turn,100.8,6,1.68
734,106862,0.0696,-0.2594,1.008,0.35,-0.805,25.9088,1000.9805,left_turn,100.86,6,1.74
735,106922,0.0993,-0.2309,1.0024,-0.2013,-1.12,25.7687,1000.9873,left_turn,100.92,6,1.8
736,106982,0.0783,-0.1828,0.9806,1.085,-0.8225,25.9613,1000.969,left_turn,100.98,6,1.86
737,107042,0.1111,-0.2186,1.0329,0.6125,-1.5225,26.4425,1000.979,left_turn,101.04,6,1.92
738,107102,0.1164,-0.2044,1.0445,-0.3938,0.0962,27.4137,1000.9758,left_turn,101.1,6,1.98
739,107162,0.0512,-0.2008,0.9364,0.2013,-0.7175,28.0088,1000.9709,left_turn,101.16,6,2.04
740,107222,0.0495,-0.2347,0.9665,0.2625,0.8487,28.21,1000.9829,left_turn,101.22,6,2.1
741,107282,0.0637,-0.2582,1.0285,0.9013,1.05,28.84,1000.9792,left_turn,101.28,6,2.16
742,107342,0.0625,-0.2601,0.9843,0.4288,-0.1138,29.33,1000.979,left_turn,101.34,6,2.22
743,107402,0.0407,-0.235,0.896,0.0875,-1.7237,28.9013,1000.9663,left_turn,101.4,6,2.28
744,107462,0.0873,-0.2355,1.0619,2.4762,-0.2188,29.365,1000.9668,left_turn,101.46,6,2.34
745,107522,0.0661,-0.2587,1.0399,2.5812,0.9975,29.2162,1000.9744,left_turn,101.52,6,2.4
746,107582,0.0497,-0.1972,0.9675,1.75,-0.2713,29.575,1000.9807,left_turn,101.58,6,2.46
747,107642,0.0944,-0.1569,1.0544,1.6187,-0.735,29.2337,1000.9836,left_turn,101.64,6,2.52
748,107702,0.0542,-0.1959,0.9602,1.2687,-1.1025,29.4088,1000.9858,left_turn,101.7,6,2.58
749,107762,0.0312,-0.2089,0.9321,-0.63,-0.8575,29.295,1000.9849,left_turn,101.76,6,2.64
750,107822,0.0597,-0.1601,1.0123,-0.1138,-0.0962,29.295,1000.9858,left_turn,101.82,6,2.7
751,107882,0.0446,-0.2721,0.977,-0.5512,-1.9338,29.0588,1000.9912,left_turn,101.88,6,2.76
752,107942,0.0407,-0.2605,1.0336,0.4288,-1.365,29.1462,1000.9939,left_turn,101.94,6,2.82
753,108002,0.052,-0.2462,0.9628,0.0175,-2.5025,28.8575,1001.0012,left_turn,102.0,6,2.88
754,108062,0.0798,-0.2104,1.0188,0.7088,0.1925,28.84,1000.9951,left_turn,102.06,6,2.94
755,108122,0.049,-0.2048,0.974,2.6075,-0.1925,28.7612,1000.999,left_turn,102.12,6,3.0
756,108182,0.0343,-0.2658,0.9517,2.975,-0.1312,28.3325,1001.0005,left_turn,102.18,6,3.06
757,108242,0.0456,-0.2098,1.025,3.4475,1.4175,28.63,1000.9841,left_turn,102.24,6,3.12
758,108302,0.024,-0.1815,0.9199,1.2862,0.2188,28.2013,1000.9939,left_turn,102.3,6,3.18
759,108362,0.0281,-0.1488,0.9844,0.6737,0.0875,28.1313,1001.0002,left_turn,102.36,6,3.24
760,108422,0.0426,-0.1329,0.9814,-1.33,0.9187,27.2213,1000.9861,left_turn,102.42,6,3.3
761,108482,0.0075,-0.1701,0.9819,0.595,0.0437,25.8475,1001.0034,left_turn,102.48,6,3.36
762,108542,0.0104,-0.1826,0.9818,-0.07,0.56,24.5613,1001.0083,left_turn,102.54,6,3.42
763,108602,-0.0127,-0.1679,0.9425,2.6862,-0.3762,23.17,1001.0144,left_turn,102.6,6,3.48
764,108662,0.041,-0.1735,1.0665,1.9512,-0.0875,22.365,1001.0166,left_turn,102.66,6,3.54
765,108722,-0.0049,-0.1169,1.0002,2.9137,0.3237,21.385,1001.0173,left_turn,102.72,6,3.6
766,108782,-0.0019,-0.1078,0.9886,1.9075,-0.2188,21.2275,1001.0151,left_turn,102.78,6,3.66
767,108842,0.0198,-0.1344,0.9308,0.9975,-0.4288,20.1775,1001.0229,left_turn,102.84,6,3.72
768,108902,0.0181,-0.0679,1.0355,1.225,-0.9887,19.5212,1001.0215,left_turn,102.9,6,3.78
769,108962,0.0036,-0.1223,0.9917,-0.0175,1.7587,19.1187,1001.0115,left_turn,102.96,6,3.84
770,109022,0.029,-0.1291,1.1183,-1.6013,1.0675,19.075,1001.0227,left_turn,103.02,6,3.9
771,109082,-0.0364,-0.1161,0.9103,1.0325,-1.0412,17.7537,1001.0232,left_turn,103.08,6,3.96
772,109142,0.0108,-0.1664,1.0333,2.555,1.0588,16.87,1001.0227,left_turn,103.14,6,4.02
773,109202,-0.0156,-0.0886,0.9941,3.5612,1.1375,16.0912,1001.0115,left_turn,103.2,6,4.08
774,109262,-0.0049,-0.0745,1.0036,2.9137,-0.0613,15.4087,1001.0232,left_turn,103.26,6,4.14
775,109322,-0.0402,-0.0546,0.8857,1.8813,-0.6913,14.7,1001.0195,left_turn,103.32,6,4.2
776,109382,-0.0691,-0.0791,0.9456,2.6163,1.645,13.6587,1001.0134,left_turn,103.38,6,4.26
777,109442,-0.0093,-0.0363,0.9925,1.9688,-0.8225,12.3287,1001.0371,left_turn,103.44,6,4.32
778,109502,-0.0528,-0.1057,1.0724,1.925,-0.9887,11.1912,1001.0344,left_turn,103.5,6,4.38
779,109562,-0.05,-0.0061,1.0645,2.9838,1.7763,10.045,1001.0093,left_turn,103.56,6,4.44
780,109622,-0.0953,0.0291,0.9118,0.4988,-1.8637,8.5575,1001.0308,left_turn,103.62,6,4.5
781,109682,-0.0278,-0.058,1.1065,0.8225,-1.7587,8.0675,1001.0249,left_turn,103.68,6,4.56
782,109742,-0.0528,0.0164,0.927,0.4375,-3.0712,6.09,1001.0161,left_turn,103.74,6,4.62
783,109802,0.0101,0.0203,1.0629,-0.98,-2.3187,4.6725,1001.0298,left_turn,103.8,6,4.68
784,109862,-0.0744,0.001,0.9509,0.3675,-1.8288,4.6375,1001.0112,left_turn,103.86,6,4.74
785,109922,-0.02,-0.0218,1.0291,0.35,-0.49,3.5175,1001.0132,left_turn,103.92,6,4.8
786,109982,-0.0012,0.0202,1.0538,1.8112,-0.7525,2.5375,1001.0203,left_turn,103.98,6,4.86
787,110042,0.0147,-0.0456,1.0629,2.73,-0.1925,1.8288,1001.0103,left_turn,104.04,6,4.92
788,110102,-0.0449,0.0459,0.9589,2.625,-2.2575,0.8487,1001.0242,left_turn,104.1,6,4.98
789,116282,0.0449,-0.0061,1.0217,0.63,-0.105,0.9538,1000.9619,left_turn,110.28,7,0.0
790,116342,0.0686,-0.021,0.9631,1.2775,-0.7,1.2862,1000.9548,left_turn,110.34,7,0.06
791,116402,0.0868,-0.0274,1.0882,1.6712,-0.245,2.0912,1000.9595,left_turn,110.4,7,0.12
792,116462,0.0747,-0.0183,0.9667,0.4112,0.5863,2.6688,1000.9561,left_turn,110.46,7,0.18
793,116522,0.0669,-0.0254,0.9992,0.7525,-0.1312,3.6575,1000.9456,left_turn,110.52,7,0.24
794,116582,0.0639,-0.0859,1.0203,-1.05,-1.3825,4.585,1000.9539,left_turn,110.58,7,0.3
795,116642,0.0695,-0.0381,1.0846,0.7525,0.4638,4.9875,1000.9534,left_turn,110.64,7,0.36
796,116702,0.0723,-0.105,1.0041,-1.26,0.4288,5.985,1000.9465,left_turn,110.7,7,0.42
797,116762,0.0666,-0.0418,1.0214,-2.5463,-0.175,6.685,1000.9272,left_turn,110.76,7,0.48
798,116822,0.0531,-0.1083,0.9825,0.1663,1.4875,7.5425,1000.9346,left_turn,110.82,7,0.54
799,116882,0.0969,-0.1563,0.9628,2.0912,1.6275,8.05,1000.9292,left_turn,110.88,7,0.6
800,116942,0.0489,-0.131,0.9545,2.275,0.4725,9.0562,1000.9307,left_turn,110.94,7,0.66
801,117002,0.0352,-0.072,1.0325,2.3363,-0.525,9.7037,1000.9324,left_turn,111.0,7,0.72
802,117062,0.0996,-0.0757,1.0421,2.6337,0.875,10.8325,1000.9272,left_turn,111.06,7,0.78
803,117122,0.0544,-0.1219,0.9621,2.0038,0.035,11.8387,1000.9141,left_turn,111.12,7,0.84
804,117182,0.0681,-0.1297,1.018,0.6913,-0.1663,12.6263,1000.9138,left_turn,111.18,7,0.9
805,117242,0.0636,-0.1286,1.0282,0.84,-0.6475,13.4663,1000.9321,left_turn,111.24,7,0.96
806,117302,0.1171,-0.1084,1.0295,0.1575,-1.925,14.0612,1000.9246,left_turn,111.3,7,1.02
807,117362,0.1166,-0.1317,1.0363,0.0,-0.2188,14.8575,1000.9363,left_turn,111.36,7,1.08
808,117422,0.0763,-0.2053,0.9702,0.1838,-0.21,15.9163,1000.9207,left_turn,111.42,7,1.14
809,117482,0.0558,-0.1878,0.972,0.6825,0.595,16.3275,1000.9214,left_turn,111.48,7,1.2
810,117542,0.0676,-0.1813,0.9762,1.1463,-0.6562,17.1325,1000.9209,left_turn,111.54,7,1.26
811,117602,0.0645,-0.1796,0.9813,2.17,0.4462,17.9112,1000.9395,left_turn,111.6,7,1.32
812,117662,0.0739,-0.1523,1.0067,1.7237,0.3762,18.9788,1000.9314,left_turn,111.66,7,1.38
813,117722,0.0393,-0.1801,0.9561,2.2662,-0.9275,20.0375,1000.9312,left_turn,111.72,7,1.44
814,117782,0.0813,-0.1555,0.9623,0.3413,0.3237,20.6413,1000.9319,left_turn,111.78,7,1.5
815,117842,0.0589,-0.1972,0.9814,0.7525,-0.0787,21.63,1000.9285,left_turn,111.84,7,1.56
816,117902,0.0778,-0.1505,1.0743,-0.2975,-0.6825,22.0413,1000.9277,left_turn,111.9,7,1.62
817,117962,0.0606,-0.187,0.9958,0.7613,-0.7788,22.96,1000.9036,left_turn,111.96,7,1.68
818,118022,0.0666,-0.1967,1.0238,0.035,0.0525,23.6863,1000.9233,left_turn,112.02,7,1.74
819,118082,0.0511,-0.21,1.0036,-1.575,0.4462,24.3862,1000.9414,left_turn,112.08,7,1.8
820,118142,0.0461,-0.2045,1.0469,-1.54,2.66,24.15,1000.9167,left_turn,112.14,7,1.86
821,118202,-0.012,-0.2533,0.9277,-0.3413,1.4088,24.115,1000.9067,left_turn,112.2,7,1.92
822,118262,-0.0302,-0.246,0.9057,-0.3938,-0.5512,24.9463,1000.907,left_turn,112.26,7,1.98
823,118322,0.0574,-0.2064,1.1073,1.3038,-0.0613,25.5763,1000.9116,left_turn,112.32,7,2.04
824,118382,0.0535,-0.3526,0.9665,1.5312,-3.0625,25.8125,1000.9045,left_turn,112.38,7,2.1
825,118442,-0.0442,-0.2545,0.8799,2.24,-0.7088,26.3463,1000.9192,left_turn,112.44,7,2.16
826,118502,0.1022,-0.222,1.1478,3.3338,0.5688,26.6262,1000.9265,left_turn,112.5,7,2.22
827,118562,0.0392,-0.2162,0.9696,2.5988,-1.8025,27.2213,1000.9114,left_turn,112.56,7,2.28
828,118622,0.0342,-0.2417,1.0418,2.555,0.3413,26.9762,1000.9373,left_turn,112.62,7,2.34
829,118682,0.07,-0.194,1.1614,2.73,1.995,27.1162,1000.928,left_turn,112.68,7,2.4
830,118742,0.0314,-0.2056,1.0782,2.0038,-0.6562,27.2125,1000.8933,left_turn,112.74,7,2.46
831,118802,0.0145,-0.2076,0.8805,1.54,-0.0525,26.8888,1000.9104,left_turn,112.8,7,2.52
832,118862,-0.0064,-0.1761,0.9335,1.4612,-1.26,27.6413,1000.9207,left_turn,112.86,7,2.58
833,118922,0.0626,-0.2442,1.0121,-0.0613,-0.1312,27.475,1000.9087,left_turn,112.92,7,2.64
834,118982,0.1,-0.1498,1.1159,-1.1287,-0.4988,27.1513,1000.8879,left_turn,112.98,7,2.7
835,119042,0.0329,-0.2684,0.9682,-0.245,-0.9013,27.0725,1000.906,left_turn,113.04,7,2.76
836,119102,0.0142,-0.2308,0.9999,-0.0262,-0.77,26.9762,1000.8877,left_turn,113.1,7,2.82
837,119162,-0.0075,-0.2394,1.0302,1.8987,-0.1575,27.1338,1000.8857,left_turn,113.16,7,2.88
838,119222,0.0376,-0.2272,1.0272,1.9688,-1.4088,26.7838,1000.9204,left_turn,113.22,7,2.94
839,119282,0.0395,-0.2787,1.0431,4.6725,0.1925,26.845,1000.9294,left_turn,113.28,7,3.0
840,119342,0.0747,-0.162,1.0216,2.1175,-2.3888,27.0725,1000.925,left_turn,113.34,7,3.06
841,119402,0.0786,-0.2259,1.0929,1.0762,-0.9013,27.2475,1000.9075,left_turn,113.4,7,3.12
842,119462,0.0185,-0.1627,0.9504,2.4413,1.295,27.4575,1000.9263,left_turn,113.46,7,3.18
843,119522,0.0932,-0.183,0.9894,1.855,-1.1113,26.9237,1000.9424,left_turn,113.52,7,3.24
844,119582,0.0198,-0.1589,1.1314,1.785,2.2137,27.0287,1000.9172,left_turn,113.58,7,3.3
845,119642,0.0223,-0.2579,1.0294,0.8313,1.015,27.37,1000.9307,left_turn,113.64,7,3.36
846,119702,0.0253,-0.0918,1.1326,0.49,0.0525,26.53,1000.9312,left_turn,113.7,7,3.42
847,119762,-0.0062,-0.1939,1.0333,1.7763,1.2687,25.585,1000.9243,left_turn,113.76,7,3.48
848,119822,0.01,-0.1648,0.9801,2.2225,-0.5337,24.465,1000.9324,left_turn,113.82,7,3.54
849,119882,-0.03,-0.175,0.955,1.9775,0.56,23.2575,1000.9441,left_turn,113.88,7,3.6
850,119942,-0.0342,-0.1781,0.9582,4.0338,1.0063,22.5312,1000.9492,left_turn,113.94,7,3.66
851,120002,0.05,-0.1111,1.0274,2.3975,1.7938,21.5338,1000.9431,left_turn,114.0,7,3.72
852,120062,0.0073,-0.1288,1.0604,1.75,0.945,20.93,1000.9561,left_turn,114.06,7,3.78
853,120122,0.002,-0.0653,1.056,2.1613,-0.0787,19.2938,1000.9448,left_turn,114.12,7,3.84
854,120182,0.0008,-0.0999,0.9691,2.3537,-0.4025,18.1038,1000.9446,left_turn,114.18,7,3.9
855,120242,0.0024,-0.0517,1.096,0.9538,1.0762,16.7825,1000.9529,left_turn,114.24,7,3.96
856,120302,0.0163,-0.0662,0.9799,0.42,-0.4812,15.8287,1000.9343,left_turn,114.3,7,4.02
857,120362,-0.0298,-0.0576,0.9848,0.07,-0.3063,14.3062,1000.9385,left_turn,114.36,7,4.08
858,120422,-0.0168,-0.0071,1.0201,2.0038,1.3038,13.1512,1000.9512,left_turn,114.42,7,4.14
859,120482,-0.0119,-0.0151,0.9894,0.665,-0.875,12.215,1000.947,left_turn,114.48,7,4.2
860,120542,-0.0398,-0.0325,0.9772,2.5287,-0.9013,10.9637,1000.9602,left_turn,114.54,7,4.26
861,120602,0.0098,-0.0171,1.0976,2.6163,-0.21,9.8875,1000.9534,left_turn,114.6,7,4.32
862,120662,-0.0371,-0.0058,0.9614,2.3888,0.7525,9.065,1000.9529,left_turn,114.66,7,4.38
863,120722,0.0012,0.0434,1.0895,1.925,0.7175,8.4263,1000.9446,left_turn,114.72,7,4.44
864,120782,-0.0524,0.0271,1.0285,0.6737,0.9538,7.525,1000.949,left_turn,114.78,7,4.5
865,120842,-0.0351,-0.0256,1.0099,0.6825,-0.8575,6.755,1000.9453,left_turn,114.84,7,4.56
866,120902,-0.0032,0.1433,1.0099,1.0412,-1.5925,6.0113,1000.9685,left_turn,114.9,7,4.62
867,120962,-0.0188,0.0075,1.0101,0.8225,0.1663,5.145,1000.9551,left_turn,114.96,7,4.68
868,121022,-0.0522,-0.0259,0.9369,1.7675,0.2362,4.8038,1000.958,left_turn,115.02,7,4.74
869,121082,-0.0247,0.0264,1.016,0.9013,-0.4725,3.8238,1000.9475,left_turn,115.08,7,4.8
870,121142,0.0104,0.0115,1.1081,2.1,0.8925,3.6662,1000.9587,left_turn,115.14,7,4.86
871,121202,-0.0176,0.024,0.9564,0.9975,-1.5575,2.9838,1000.9463,left_turn,115.2,7,4.92
872,121262,-0.0368,0.0744,0.9328,0.2537,-2.2487,2.52,1000.9473,left_turn,115.26,7,4.98
873,121322,0.0386,0.0525,1.0494,0.9187,1.085,2.7213,1000.9646,left_turn,115.32,7,5.04
874,121382,-0.0034,0.0525,1.0682,0.0875,1.0063,2.8,1000.9526,left_turn,115.38,7,5.1
875,121442,-0.0534,0.0309,0.9528,-1.3737,0.1225,1.6888,1000.9514,left_turn,115.44,7,5.16
876,121502,-0.0184,0.049,1.0011,0.735,0.2275,1.68,1000.9546,left_turn,115.5,7,5.22
877,121562,-0.0541,0.0615,0.9348,-0.0613,-1.085,1.0237,1000.9648,left_turn,115.56,7,5.28
878,121622,-0.0795,-0.0124,0.9201,2.2487,0.6825,0.385,1000.9604,left_turn,115.62,7,5.34
879,128342,0.0659,-0.0026,1.0563,-1.225,-0.3237,0.3063,1000.9878,left_turn,122.34,8,0.0
880,128402,0.0464,-0.0303,1.0153,0.8313,0.5688,1.1375,1001.0061,left_turn,122.4,8,0.06
881,128462,0.04,0.0283,0.9851,1.19,-0.455,1.0588,1000.9946,left_turn,122.46,8,0.12
882,128522,0.1213,-0.0098,1.0573,-0.1575,-0.1575,1.9425,1001.001,left_turn,122.52,8,0.18
883,128582,0.1279,-0.0046,1.0354,-0.5163,-2.4938,3.0887,1000.9985,left_turn,122.58,8,0.24
884,128642,0.0608,-0.0479,1.0577,-0.3237,-0.7962,3.885,1000.998,left_turn,122.64,8,0.3
885,128702,0.1056,-0.1125,1.0726,1.9688,1.1463,4.48,1000.9932,left_turn,122.7,8,0.36
886,128762,0.0769,-0.0888,0.9584,1.3825,-0.5775,5.6525,1000.9927,left_turn,122.76,8,0.42
887,128822,0.0678,-0.1281,1.0563,0.0262,1.4,7.2888,1001.0059,left_turn,122.82,8,0.48
888,128882,0.0532,-0.1203,0.8928,0.0175,-0.5337,7.9012,1001.001,left_turn,122.88,8,0.54
889,128942,0.0625,-0.0856,0.9681,-0.21,-0.6212,8.9338,1000.9944,left_turn,122.94,8,0.6
890,129002,0.1178,-0.0342,1.0325,1.785,0.98,9.7825,1000.9985,left_turn,123.0,8,0.66
891,129062,0.1063,-0.1172,1.0404,-0.6037,-0.77,10.2987,1000.9961,left_turn,123.06,8,0.72
892,129122,0.0725,-0.1008,0.9753,0.6562,-0.455,11.5588,1001.001,left_turn,123.12,8,0.78
893,129182,0.0822,-0.1208,1.0878,-0.6037,-1.1025,12.7575,1001.0078,left_turn,123.18,8,0.84
894,129242,0.1181,-0.167,1.1497,-0.8925,0.84,13.58,1000.9915,left_turn,123.24,8,0.9
895,129302,0.1157,-0.2095,1.0077,0.1925,-0.56,14.6213,1000.9988,left_turn,123.3,8,0.96
896,129362,0.0129,-0.2247,1.03,-0.5688,-0.1575,15.3212,1000.988,left_turn,123.36,8,1.02
897,129422,0.1013,-0.3006,1.0248,-0.1488,-2.5287,16.17,1000.9961,left_turn,123.42,8,1.08
898,129482,0.0415,-0.1236,1.0358,0.14,0.8138,17.3862,1000.9963,left_turn,123.48,8,1.14
899,129542,0.0964,-0.2211,1.1492,-0.0613,-0.9013,17.57,1000.9878,left_turn,123.54,8,1.2
900,129602,0.0766,-0.1663,0.9148,1.505,-1.155,18.27,1000.9702,left_turn,123.6,8,1.26
901,129662,0.0065,-0.2125,1.0408,2.1175,1.6187,19.075,1000.9905,left_turn,123.66,8,1.32
902,129722,0.0364,-0.2264,1.0072,2.1525,-1.0412,19.53,1000.9741,left_turn,123.72,8,1.38
903,129782,0.0681,-0.2447,1.0077,-0.3938,-1.855,20.72,1000.9712,left_turn,123.78,8,1.44
904,129842,0.0274,-0.2313,1.0602,2.0213,0.8138,21.5688,1000.9751,left_turn,123.84,8,1.5
905,129902,-0.0043,-0.173,0.9697,1.2075,0.2013,21.0175,1000.9697,left_turn,123.9,8,1.56
906,129962,0.0585,-0.2032,1.0064,1.1725,0.6825,21.21,1000.9744,left_turn,123.96,8,1.62
907,130022,0.0702,-0.1601,0.9999,3.0887,-0.4112,21.9188,1000.9739,left_turn,124.02,8,1.68
908,130082,0.1049,-0.174,1.0245,0.3762,-3.1762,21.6912,1000.9631,left_turn,124.08,8,1.74
909,130142,0.0151,-0.205,1.0204,2.0387,1.61,22.3388,1000.9609,left_turn,124.14,8,1.8
910,130202,0.0027,-0.2057,0.9401,2.275,0.8575,22.2162,1000.9709,left_turn,124.2,8,1.86
911,130262,0.0622,-0.1664,0.9965,1.5838,0.665,22.435,1000.9871,left_turn,124.26,8,1.92
912,130322,0.0805,-0.2237,1.0907,0.0437,0.6737,22.575,1000.9944,left_turn,124.32,8,1.98
913,130382,0.021,-0.1945,0.9685,2.0038,-1.9688,22.6712,1000.9963,left_turn,124.38,8,2.04
914,130442,0.0144,-0.1659,0.9623,1.19,-0.9625,22.3738,1000.9934,left_turn,124.44,8,2.1
915,130502,0.1064,-0.1601,1.1261,1.7938,1.6275,22.1375,1000.9866,left_turn,124.5,8,2.16
916,130562,0.061,-0.1306,1.0079,2.275,-0.455,22.0325,1001.0061,left_turn,124.56,8,2.22
917,130622,0.0627,-0.1091,1.0372,1.2775,-0.35,21.98,1000.9954,left_turn,124.62,8,2.28
918,130682,0.0223,-0.1965,1.0109,0.0962,-1.6625,22.4613,1000.9958,left_turn,124.68,8,2.34
919,130742,0.0042,-0.1107,1.0616,1.1113,0.875,22.505,1001.0024,left_turn,124.74,8,2.4
920,130802,0.032,-0.1806,1.0687,-0.8662,1.0762,22.2075,1000.9871,left_turn,124.8,8,2.46
921,130862,0.0642,-0.2147,1.0096,-0.6475,-1.295,21.805,1000.9824,left_turn,124.86,8,2.52
922,130922,0.0122,-0.1527,0.9582,1.4525,0.0437,20.9912,1001.0046,left_turn,124.92,8,2.58
923,130982,0.0452,-0.1566,1.0992,1.7062,0.28,20.8075,1000.99,left_turn,124.98,8,2.64
924,131042,-0.0093,-0.2616,1.0794,4.6988,0.77,20.5975,1000.9883,left_turn,125.04,8,2.7
925,131102,-0.0124,-0.1705,0.9426,3.9113,-1.3212,19.7838,1000.99,left_turn,125.1,8,2.76
926,131162,0.0134,-0.0465,0.9296,4.1562,-1.1638,19.5475,1000.9929,left_turn,125.16,8,2.82
927,131222,0.0708,-0.0861,1.0856,2.0387,-0.595,19.25,1001.011,left_turn,125.22,8,2.88
928,131282,-0.038,-0.1108,0.9696,2.4588,-0.0437,18.7775,1000.9907,left_turn,125.28,8,2.94
929,131342,-0.0471,-0.2033,0.8813,0.6212,-3.3075,18.62,1000.9946,left_turn,125.34,8,3.0
930,131402,0.0232,-0.0878,1.0228,1.1287,-0.8487,18.2787,1001.0037,left_turn,125.4,8,3.06
931,131462,0.0296,-0.1001,1.1092,-1.4963,-0.7088,17.9375,1000.9978,left_turn,125.46,8,3.12
932,131522,0.0666,-0.1171,1.0487,-1.05,-1.8463,18.2,1001.0063,left_turn,125.52,8,3.18
933,131582,0.0612,-0.1956,1.0657,0.7875,-1.12,17.3687,1000.9971,left_turn,125.58,8,3.24
934,131642,0.0445,-0.1286,1.0336,0.91,-0.8575,17.4037,1000.998,left_turn,125.64,8,3.3
935,131702,0.0727,-0.1434,1.0211,1.0063,-2.2925,17.1413,1000.9912,left_turn,125.7,8,3.36
936,131762,0.0106,-0.1074,0.9116,2.3888,-0.7,17.0362,1000.9851,left_turn,125.76,8,3.42
937,131822,0.0162,-0.2131,0.9887,3.8412,0.3938,16.8612,1000.9873,left_turn,125.82,8,3.48
938,131882,0.0059,-0.0935,0.9784,3.57,0.3413,16.4062,1000.988,left_turn,125.88,8,3.54
939,131942,0.0234,-0.0847,1.1095,2.59,1.1287,16.6338,1000.9963,left_turn,125.94,8,3.6
940,132002,-0.0129,-0.0932,1.0766,0.8487,0.945,16.17,1000.9814,left_turn,126.0,8,3.66
941,132062,-0.0084,-0.0715,1.0566,-0.1925,0.49,15.6275,1000.9941,left_turn,126.06,8,3.72
942,132122,0.0215,-0.0132,1.0634,-0.2362,0.9362,15.1112,1000.9832,left_turn,126.12,8,3.78
943,132182,0.0464,-0.0964,1.1055,-1.0063,-0.4812,14.5863,1000.9883,left_turn,126.18,8,3.84
944,132242,-0.0273,-0.077,1.0129,1.0063,1.75,13.4575,1000.9661,left_turn,126.24,8,3.9
945,132302,0.0278,-0.1025,1.0414,1.5925,-0.3675,13.6587,1000.9658,left_turn,126.3,8,3.96
946,132362,0.0503,-0.182,1.0243,1.68,0.49,13.7025,1000.9451,left_turn,126.36,8,4.02
947,132422,-0.0525,-0.1037,0.914,2.4675,-0.9625,13.2125,1000.9456,left_turn,126.42,8,4.08
948,132482,-0.0146,-0.1152,1.0174,2.1613,2.4588,12.8713,1000.9509,left_turn,126.48,8,4.14
949,132542,-0.0034,0.02,0.9999,0.1663,2.6862,12.845,1000.936,left_turn,126.54,8,4.2
950,132602,0.0107,-0.1249,0.9838,0.5075,0.7437,12.2762,1000.9373,left_turn,126.6,8,4.26
951,132662,-0.0088,-0.1114,1.0219,2.17,-0.315,11.3663,1000.9409,left_turn,126.66,8,4.32
952,132722,-0.0225,-0.0614,1.0048,1.89,-0.1488,11.1562,1000.9248,left_turn,126.72,8,4.38
953,132782,0.0419,-0.0976,1.088,0.7613,1.5838,10.64,1000.9148,left_turn,126.78,8,4.44
954,132842,-0.0083,-0.0034,0.9438,1.1988,-1.8637,10.3162,1000.9231,left_turn,126.84,8,4.5
955,132902,-0.0134,-0.1301,1.1255,0.875,-2.9838,9.31,1000.925,left_turn,126.9,8,4.56
956,132962,-0.0173,-0.0437,1.0307,2.5025,-0.1575,8.2163,1000.9248,left_turn,126.96,8,4.62
957,133022,-0.0623,-0.0917,0.8581,0.665,-0.07,7.56,1000.9304,left_turn,127.02,8,4.68
958,133082,0.004,-0.0002,1.0813,0.8575,-1.7062,7.8837,1000.9275,left_turn,127.08,8,4.74
959,133142,0.0159,-0.0345,1.0543,1.1025,-0.3938,7.9275,1000.9216,left_turn,127.14,8,4.8
960,133202,0.0144,-0.0822,0.8933,0.9187,-1.365,7.9187,1000.9199,left_turn,127.2,8,4.86
961,133262,0.0493,-0.0454,1.0189,0.0437,-1.3825,7.49,1000.9182,left_turn,127.26,8,4.92
962,133322,0.0249,0.0066,1.0358,1.8813,0.1925,7.525,1000.9114,left_turn,127.32,8,4.98
963,133382,0.0251,-0.0246,1.0582,1.2775,0.5425,6.6062,1000.9021,left_turn,127.38,8,5.04
964,133442,-0.0461,-0.202,0.9285,4.9088,-0.0875,7.2888,1000.9111,left_turn,127.44,8,5.1
965,133502,-0.0547,-0.0536,0.9723,-0.1488,1.9338,7.1225,1000.9028,left_turn,127.5,8,5.16
966,133562,-0.0237,0.0068,0.9794,1.5137,0.6825,6.3875,1000.9036,left_turn,127.56,8,5.22
967,133622,-0.039,-0.1296,0.9401,-0.6475,0.6475,6.2737,1000.9023,left_turn,127.62,8,5.28
968,133682,0.0964,0.013,1.1259,-0.4025,-2.065,6.7638,1000.8953,left_turn,127.68,8,5.34
969,133742,0.0285,0.0137,1.0634,-0.3938,-0.105,6.5363,1000.9045,left_turn,127.74,8,5.4
970,133802,-0.0002,-0.0686,1.057,-2.03,-0.3325,6.2475,1000.905,left_turn,127.8,8,5.46
971,133862,0.0327,-0.0867,0.9884,0.5337,-0.6825,6.5538,1000.8926,left_turn,127.86,8,5.52
972,133922,0.0193,0.0276,0.9643,2.135,-0.0962,5.495,1000.8938,left_turn,127.92,8,5.58
973,133982,-0.021,-0.0472,1.0824,1.75,2.9313,4.8212,1000.8987,left_turn,127.98,8,5.64
974,134042,0.0107,0.0442,0.8311,1.4088,1.8375,4.2875,1000.8921,left_turn,128.04,8,5.7
975,134102,0.0888,0.0402,1.1561,0.91,-0.0437,3.7713,1000.8892,left_turn,128.1,8,5.76
976,134162,0.0647,0.0452,0.8613,-0.7088,0.1488,2.9313,1000.8855,left_turn,128.16,8,5.82
977,134222,0.0514,0.0448,1.0189,-0.0613,0.9538,2.3012,1000.8979,left_turn,128.22,8,5.88
978,134282,0.0751,-0.0581,1.0283,1.8987,-0.7262,2.3275,1000.9014,left_turn,128.28,8,5.94
979,134342,0.0161,0.0228,1.0389,-0.4112,1.4612,1.715,1000.8923,left_turn,128.34,8,6.0
980,134402,0.045,0.0212,0.9593,2.065,0.5863,1.8025,1000.8857,left_turn,128.4,8,6.06
981,134462,0.0637,0.0252,0.9604,-0.9275,-0.875,1.82,1000.8723,left_turn,128.46,8,6.12
982,134522,0.055,-0.0066,0.9384,-1.7587,-1.9775,1.12,1000.8645,left_turn,128.52,8,6.18
983,134582,0.0653,0.0245,1.0028,-0.9887,-0.5337,1.3563,1000.8643,left_turn,128.58,8,6.24
984,134642,0.0405,-0.0346,0.9481,-1.015,2.8788,1.8725,1000.866,left_turn,128.64,8,6.3
985,134702,0.0048,-0.0252,0.9368,-1.0938,1.295,1.05,1000.8628,left_turn,128.7,8,6.36
986,134762,-0.0129,-0.0858,0.9895,2.7037,3.325,1.365,1000.8718,left_turn,128.76,8,6.42
987,134822,0.034,0.0204,0.962,1.4438,0.9275,1.015,1000.8691,left_turn,128.82,8,6.48
988,134882,0.1039,0.082,1.1292,-0.2625,-4.2525,1.7062,1000.8704,left_turn,128.88,8,6.54
989,134942,0.0884,0.1517,1.0758,2.9225,-3.325,1.7325,1000.8738,left_turn,128.94,8,6.6
990,135002,0.0389,0.0744,1.0419,-0.0875,-2.0825,1.5575,1000.876,left_turn,129.0,8,6.66
991,135062,-0.0373,0.1074,0.8865,1.1638,-2.5287,1.0412,1000.884,left_turn,129.06,8,6.72
992,135122,-0.0502,-0.0886,1.0097,-0.5775,-1.6625,1.47,1000.8889,left_turn,129.12,8,6.78
993,135182,0.0354,0.1035,0.9994,-0.0613,-1.6363,0.8313,1000.8833,left_turn,129.18,8,6.84
994,137582,0.0203,0.0407,0.9165,0.0962,1.645,0.9887,1000.9485,left_turn,131.58,9,0.0
995,137642,-0.0046,-0.0379,0.9503,-0.2013,1.0237,1.3038,1000.9602,left_turn,131.64,9,0.06
996,137702,0.0331,-0.0586,0.9501,-0.385,0.8925,1.6537,1000.9514,left_turn,131.7,9,0.12
997,137762,0.009,0.016,1.0153,-0.315,1.0588,1.015,1000.9607,left_turn,131.76,9,0.18
998,137822,-0.0354,0.0204,0.895,1.0325,1.2775,1.4787,1000.9548,left_turn,131.82,9,0.24
999,137882,0.0117,-0.0112,0.9498,-0.42,-0.7175,1.5488,1000.9495,left_turn,131.88,9,0.3
1000,137942,0.0351,-0.012,1.0314,0.1838,-0.945,1.89,1000.9568,left_turn,131.94,9,0.36
1001,138002,0.029,-0.029,1.0274,0.805,-0.35,1.7938,1000.9575,left_turn,132.0,9,0.42
1002,138062,0.0129,-0.0124,0.9919,-0.4812,-0.2275,1.9075,1000.9507,left_turn,132.06,9,0.48
1003,138122,0.0157,-0.0554,0.9743,1.2075,0.3237,2.6075,1000.9658,left_turn,132.12,9,0.54
1004,138182,0.0748,-0.0307,1.0104,-0.245,-0.56,2.3363,1000.9587,left_turn,132.18,9,0.6
1005,138242,-0.0093,0.0036,0.9209,0.6212,0.1225,2.5375,1000.9519,left_turn,132.24,9,0.66
1006,138302,0.0124,0.0017,1.0019,0.6388,0.7875,2.695,1000.9441,left_turn,132.3,9,0.72
1007,138362,0.0137,0.0093,0.9237,0.2975,-0.1663,3.1325,1000.9648,left_turn,132.36,9,0.78
1008,138422,0.0451,-0.0659,0.9613,-1.435,0.8487,3.8238,1000.9526,left_turn,132.42,9,0.84
1009,138482,0.0245,0.0157,1.0416,-0.2013,1.6275,3.8937,1000.9658,left_turn,132.48,9,0.9
1010,138542,0.0395,-0.0378,0.9414,0.1138,-0.735,4.2787,1000.9412,left_turn,132.54,9,0.96
1011,138602,0.0505,-0.0227,1.0415,-1.54,-1.3388,4.655,1000.9446,left_turn,132.6,9,1.02
1012,138662,0.0196,-0.0715,1.0599,0.245,0.0787,5.3288,1000.9492,left_turn,132.66,9,1.08
1013,138722,0.037,-0.0303,1.0455,0.3587,-1.96,5.53,1000.9456,left_turn,132.72,9,1.14
1014,138782,0.0447,-0.072,1.0299,-0.8925,-2.6775,6.8775,1000.9453,left_turn,132.78,9,1.2
1015,138842,0.0669,-0.1105,1.0426,-0.6825,-1.6363,7.6213,1000.9382,left_turn,132.84,9,1.26
1016,138902,0.0706,-0.0891,1.0124,-0.8925,-2.59,8.505,1000.9343,left_turn,132.9,9,1.32
1017,138962,0.0257,-0.1186,0.9552,-0.4375,-1.1025,9.4675,1000.9231,left_turn,132.96,9,1.38
1018,139022,0.0371,-0.12,1.0021,-0.6212,-0.2975,9.695,1000.9199,left_turn,133.02,9,1.44
1019,139082,0.0742,-0.0345,0.9881,-0.9625,0.0088,10.5612,1000.9106,left_turn,133.08,9,1.5
1020,139142,0.0552,-0.0648,0.988,0.14,0.8662,10.8325,1000.9092,left_turn,133.14,9,1.56
1021,139202,0.0336,-0.157,0.9392,0.1663,0.805,11.7513,1000.8979,left_turn,133.2,9,1.62
1022,139262,0.0648,-0.1527,0.9794,-1.4262,-0.6913,12.6788,1000.9131,left_turn,133.26,9,1.68
1023,139322,0.0378,-0.1942,0.9965,-0.5337,-0.385,13.685,1000.9153,left_turn,133.32,9,1.74
1024,139382,0.0403,-0.1501,0.9997,-0.385,-0.4638,14.8575,1000.918,left_turn,133.38,9,1.8
1025,139442,0.0798,-0.1799,1.0592,0.0437,0.49,15.5138,1000.9253,left_turn,133.44,9,1.86
1026,139502,0.0607,-0.1791,1.0238,1.2513,-0.525,16.065,1000.9358,left_turn,133.5,9,1.92
1027,139562,0.0149,-0.171,0.9733,0.8225,-0.7,17.0275,1000.9297,left_turn,133.56,9,1.98
1028,139622,0.031,-0.1774,1.0282,0.8575,-0.7437,17.9638,1000.915,left_turn,133.62,9,2.04
1029,139682,0.0184,-0.1835,0.885,0.3587,0.0,18.2,1000.9458,left_turn,133.68,9,2.1
1030,139742,0.0496,-0.1415,0.9924,-0.805,1.4088,18.4363,1000.9307,left_turn,133.74,9,2.16
1031,139802,0.0362,-0.1768,0.9587,1.0325,1.2513,18.7512,1000.9182,left_turn,133.8,9,2.22
1032,139862,0.0639,-0.1279,0.9886,1.5575,1.9863,18.6812,1000.9404,left_turn,133.86,9,2.28
1033,139922,0.0734,-0.2006,1.0604,0.4025,1.0938,19.495,1000.9263,left_turn,133.92,9,2.34
1034,139982,0.0457,-0.1557,1.0465,2.0912,1.925,19.7663,1000.9397,left_turn,133.98,9,2.4
1035,140042,0.0415,-0.1313,0.9962,1.47,1.8813,20.0637,1000.9717,left_turn,134.04,9,2.46
1036,140102,0.0188,-0.1584,1.0022,1.5312,1.8463,19.985,1000.9536,left_turn,134.1,9,2.52
1037,140162,0.0341,-0.1754,1.0142,0.14,1.1725,20.1425,1000.9407,left_turn,134.16,9,2.58
1038,140222,0.021,-0.1571,0.9252,1.9775,1.435,20.0462,1000.958,left_turn,134.22,9,2.64
1039,140282,0.0,-0.1308,1.0456,0.6825,1.0588,19.7838,1000.9705,left_turn,134.28,9,2.7
1040,140342,0.0384,-0.1947,0.9418,0.385,-0.3063,19.1537,1000.9636,left_turn,134.34,9,2.76
1041,140402,0.0378,-0.1143,0.9598,1.5312,-1.1287,19.0138,1000.9307,left_turn,134.4,9,2.82
1042,140462,0.0915,-0.1952,1.0877,0.7175,1.1025,18.9875,1000.9272,left_turn,134.46,9,2.88
1043,140522,0.0566,-0.1793,1.0595,2.0038,-0.0875,19.0837,1000.9448,left_turn,134.52,9,2.94
1044,140582,0.0175,-0.1845,0.9944,1.4088,-0.77,19.2675,1000.9314,left_turn,134.58,9,3.0
1045,140642,0.0412,-0.0877,1.0433,-0.2275,-0.9275,19.495,1000.9143,left_turn,134.64,9,3.06
1046,140702,0.0144,-0.1749,1.0355,-1.1287,0.1138,19.7488,1000.9424,left_turn,134.7,9,3.12
1047,140762,0.0488,-0.1098,1.0128,-1.33,-0.035,19.0662,1000.9438,left_turn,134.76,9,3.18
1048,140822,-0.0029,-0.1623,0.9101,-0.4638,-1.26,19.2938,1000.9331,left_turn,134.82,9,3.24
1049,140882,0.0192,-0.1884,0.9436,-1.0762,-0.9275,19.425,1000.9685,left_turn,134.88,9,3.3
1050,140942,-0.0437,-0.2494,0.9313,0.4988,1.1375,19.4775,1000.9487,left_turn,134.94,9,3.36
1051,141002,-0.0244,-0.1898,0.9493,1.1025,-0.07,19.3813,1000.9539,left_turn,135.0,9,3.42
1052,141062,0.0054,-0.0981,1.0128,0.5337,-0.2013,19.2938,1000.9268,left_turn,135.06,9,3.48
1053,141122,-0.0063,-0.172,0.9432,1.1638,-2.0825,18.97,1000.9453,left_turn,135.12,9,3.54
1054,141182,0.0245,-0.0935,1.0036,2.695,-0.035,18.515,1000.9829,left_turn,135.18,9,3.6
1055,141242,-0.0142,-0.1271,0.964,1.3475,-1.5312,17.4125,1000.9578,left_turn,135.24,9,3.66
1056,141302,0.0176,-0.1218,1.0344,0.035,-0.4725,17.6138,1000.9695,left_turn,135.3,9,3.72
1057,141362,-0.0037,-0.0875,0.9081,1.295,-1.96,16.835,1000.9727,left_turn,135.36,9,3.78
1058,141422,0.0053,-0.1391,1.0111,-1.0237,1.5137,16.6863,1000.9927,left_turn,135.42,9,3.84
1059,141482,-0.0085,-0.0863,0.9897,-0.2537,0.7,16.6075,1000.9602,left_turn,135.48,9,3.9
1060,141542,0.0451,-0.1752,1.0221,-0.245,0.8313,16.485,1000.9595,left_turn,135.54,9,3.96
1061,141602,0.0566,-0.1432,1.0629,0.4725,1.1113,16.6075,1000.9622,left_turn,135.6,9,4.02
1062,141662,0.006,-0.2011,1.0729,0.4025,2.0125,16.2663,1000.9551,left_turn,135.66,9,4.08
1063,141722,-0.0198,-0.1567,0.943,0.35,-1.47,16.4237,1000.9421,left_turn,135.72,9,4.14
1064,141782,0.0044,-0.0754,1.0775,1.7325,0.9887,16.2313,1000.9617,left_turn,135.78,9,4.2
1065,141842,-0.0024,-0.0945,1.0715,-0.3587,1.9162,16.2838,1000.9514,left_turn,135.84,9,4.26
1066,141902,0.0037,-0.1582,1.0004,0.6037,0.6475,16.66,1000.9314,left_turn,135.9,9,4.32
1067,141962,0.0124,-0.1418,0.9964,0.4988,-0.035,16.6162,1000.9402,left_turn,135.96,9,4.38
1068,142022,0.0136,-0.144,1.0189,0.8487,1.6275,16.52,1000.9292,left_turn,136.02,9,4.44
1069,142082,0.0149,-0.1071,0.988,1.6888,0.0613,16.3713,1000.9309,left_turn,136.08,9,4.5
1070,142142,-0.0005,-0.1528,0.9631,2.5463,0.0262,16.205,1000.9275,left_turn,136.14,9,4.56
1071,142202,0.0083,-0.1307,0.9897,1.5137,0.0262,16.135,1000.9248,left_turn,136.2,9,4.62
1072,142262,-0.0093,-0.1083,1.0017,-0.2975,0.525,16.0475,1000.9272,left_turn,136.26,9,4.68
1073,142322,0.0148,-0.1112,0.9707,-0.63,-0.4725,16.0212,1000.925,left_turn,136.32,9,4.74
1074,142382,-0.009,-0.1064,0.9772,-0.7262,-0.49,15.8988,1000.9192,left_turn,136.38,9,4.8
1075,142442,-0.0105,-0.1169,0.9928,0.1838,-0.4812,15.4438,1000.9233,left_turn,136.44,9,4.86
1076,142502,-0.0098,-0.2181,0.9545,-0.0088,-0.5075,15.47,1000.9202,left_turn,136.5,9,4.92
1077,142562,0.0102,-0.1588,1.0081,0.6562,-0.3762,15.4525,1000.9375,left_turn,136.56,9,4.98
1078,142622,0.0185,-0.1013,1.0167,0.875,1.4438,15.8462,1000.948,left_turn,136.62,9,5.04
1079,142682,-0.0359,-0.1471,0.8943,-0.3587,-1.6975,15.8025,1000.9062,left_turn,136.68,9,5.1
1080,142742,0.0138,-0.126,0.9867,-0.4988,0.5337,15.7762,1000.9204,left_turn,136.74,9,5.16
1081,142802,0.01,-0.1405,1.0013,-0.9275,-0.6562,15.3562,1000.9294,left_turn,136.8,9,5.22
1082,142862,-0.0108,-0.1246,0.9131,-0.8925,-0.1663,15.0325,1000.9172,left_turn,136.86,9,5.28
1083,142922,-0.017,-0.1581,0.9482,0.4288,-1.505,14.8575,1000.9421,left_turn,136.92,9,5.34
1084,142982,-0.0224,-0.1399,0.9526,1.3212,-0.7613,14.5075,1000.9407,left_turn,136.98,9,5.4
1085,143042,-0.0081,-0.1246,1.0414,1.5488,-1.1113,14.735,1000.9194,left_turn,137.04,9,5.46
1086,143102,-0.0173,-0.0988,0.9995,0.9538,-0.6825,14.315,1000.9172,left_turn,137.1,9,5.52
1087,143162,-0.0224,-0.131,1.0228,1.2075,0.385,13.8337,1000.9209,left_turn,137.16,9,5.58
1088,143222,-0.0207,-0.1105,1.0091,0.14,-0.035,13.545,1000.9285,left_turn,137.22,9,5.64
1089,143282,0.0359,-0.0805,1.0277,-0.3325,-1.2775,13.2738,1000.9155,left_turn,137.28,9,5.7
1090,143342,-0.0034,-0.0985,0.9811,-0.28,0.8313,12.95,1000.9204,left_turn,137.34,9,5.76
1091,143402,0.0107,-0.1327,1.0427,-0.6913,1.75,12.635,1000.9124,left_turn,137.4,9,5.82
1092,143462,-0.0134,-0.1218,0.9623,-0.1488,0.7262,12.4163,1000.918,left_turn,137.46,9,5.88
1093,143522,0.0129,-0.1025,0.9839,-0.8225,-0.0262,12.075,1000.9211,left_turn,137.52,9,5.94
1094,143582,0.007,-0.1206,1.0207,0.525,1.0325,11.795,1000.9346,left_turn,137.58,9,6.0
1095,143642,0.0176,-0.0937,1.0758,0.4025,0.7088,11.3837,1000.9158,left_turn,137.64,9,6.06
1096,143702,-0.0403,-0.079,0.9944,0.8225,0.7875,10.9637,1000.9204,left_turn,137.7,9,6.12
1097,143762,-0.0259,-0.0908,0.9323,1.3388,0.0437,10.395,1000.9182,left_turn,137.76,9,6.18
1098,143822,-0.0188,-0.0834,0.9638,0.3063,0.1225,9.7563,1000.9197,left_turn,137.82,9,6.24
1099,143882,-0.0071,-0.0626,0.9828,0.1575,-0.735,9.3188,1000.9163,left_turn,137.88,9,6.3
1100,143942,-0.0215,-0.0303,0.9712,0.1925,0.28,9.1088,1000.9097,left_turn,137.94,9,6.36
1101,144002,0.0102,-0.0625,1.0408,-0.8487,0.7437,8.925,1000.9043,left_turn,138.0,9,6.42
1102,144062,-0.0059,-0.0646,0.9886,-0.8313,-1.3388,8.7937,1000.908,left_turn,138.06,9,6.48
1103,144122,0.0016,-0.0578,1.0188,-0.385,-0.035,8.26,1000.9036,left_turn,138.12,9,6.54
1104,144182,-0.0185,-0.1039,0.9819,1.0675,-0.1925,7.665,1000.907,left_turn,138.18,9,6.6
1105,144242,-0.0205,-0.0766,1.0038,1.7325,0.1663,7.4812,1000.9048,left_turn,138.24,9,6.66
1106,144302,0.0351,-0.0728,1.0524,1.5838,0.2713,7.385,1000.9058,left_turn,138.3,9,6.72
1107,144362,0.0159,-0.0586,1.0314,0.35,0.4025,7.0175,1000.9065,left_turn,138.36,9,6.78
1108,144422,-0.0078,0.011,1.0269,1.4612,0.455,6.5363,1000.9011,left_turn,138.42,9,6.84
1109,144482,0.0081,-0.0282,1.0563,0.2625,1.5838,6.5188,1000.907,left_turn,138.48,9,6.9
1110,144542,-0.0443,-0.0444,0.9211,-0.1575,1.3125,5.9062,1000.9109,left_turn,138.54,9,6.96
1111,144602,0.0198,-0.0456,1.0113,0.7437,-0.4288,6.0025,1000.9036,left_turn,138.6,9,7.02
1112,144662,-0.0181,-0.0876,0.9523,-0.0613,0.595,6.3962,1000.8997,left_turn,138.66,9,7.08
1113,144722,-0.0243,-0.0507,0.9801,-0.98,0.6037,5.6262,1000.9045,left_turn,138.72,9,7.14
1114,144782,0.0063,-0.0432,1.0489,0.0088,0.665,5.5738,1000.9011,left_turn,138.78,9,7.2
1115,144842,-0.0283,0.0053,1.0368,0.5163,-0.3325,4.865,1000.9077,left_turn,138.84,9,7.26
1116,144902,-0.006,-0.039,1.0097,2.485,-0.2537,4.655,1000.9126,left_turn,138.9,9,7.32
1117,144962,-0.0122,0.0412,1.0211,2.4762,-0.0088,3.7275,1000.8984,left_turn,138.96,9,7.38
1118,145022,-0.0082,-0.0235,0.9467,1.785,-0.665,3.2462,1000.9087,left_turn,139.02,9,7.44
1119,145082,-0.0163,0.0308,0.9836,0.8487,-1.05,3.1325,1000.9104,left_turn,139.08,9,7.5
1120,145142,-0.0381,0.0163,0.9687,-0.035,-0.5512,2.4762,1000.9133,left_turn,139.14,9,7.56
1121,145202,0.0051,0.0427,1.0546,0.1575,-0.3413,1.7763,1000.9021,left_turn,139.2,9,7.62
1122,145262,-0.0209,0.0118,0.975,0.6125,-1.0588,1.7587,1000.8882,left_turn,139.26,9,7.68
1123,145322,0.0625,-0.0205,1.0128,0.035,-1.8637,1.47,1000.9053,left_turn,139.32,9,7.74
1124,145382,0.0019,-0.0364,0.9511,1.5575,-1.68,1.3737,1000.8921,left_turn,139.38,9,7.8
1125,145442,-0.0168,0.0646,0.9678,0.2013,-1.9425,1.3212,1000.8943,left_turn,139.44,9,7.86
1126,145502,0.0366,0.0073,1.1204,-0.8662,-0.9975,1.3913,1000.8999,left_turn,139.5,9,7.92
1127,145562,0.0285,0.0244,1.0592,-0.1138,0.6737,1.5662,1000.894,left_turn,139.56,9,7.98
1128,145622,0.01,-0.0093,1.0336,0.6562,0.7,1.3825,1000.8835,left_turn,139.62,9,8.04
1129,145682,0.0228,-0.0195,1.0466,-0.7962,-0.9187,1.2162,1000.8914,left_turn,139.68,9,8.1
1130,145742,-0.0146,0.0365,1.0036,1.1025,1.0063,1.3737,1000.8953,left_turn,139.74,9,8.16
1131,145802,-0.0091,-0.0117,0.9335,0.5512,-0.7788,1.4175,1000.8896,left_turn,139.8,9,8.22
1132,145862,0.0332,0.0076,0.9843,-1.5225,0.4812,1.7062,1000.8835,left_turn,139.86,9,8.28
1133,145922,0.0559,0.0382,1.1582,0.035,0.6737,1.6975,1000.9126,left_turn,139.92,9,8.34
1134,145982,0.0661,0.0771,1.0885,-1.6888,-2.24,1.3125,1000.8882,left_turn,139.98,9,8.4
1135,146042,0.0495,0.0012,1.0028,0.7175,-1.0762,1.5137,1000.9116,left_turn,140.04,9,8.46
1136,146102,0.0429,-0.0511,0.9318,-1.0675,-2.2225,1.7763,1000.9084,left_turn,140.1,9,8.52
1137,146162,0.0983,0.0529,1.0246,1.54,-1.8112,1.015,1000.9133,left_turn,140.16,9,8.58
1138,146222,0.089,0.0073,0.9639,-0.1312,-0.35,1.0675,1000.9197,left_turn,140.22,9,8.64
1139,146282,0.0534,0.0412,0.9943,0.7788,0.5775,0.98,1000.9246,left_turn,140.28,9,8.7
1140,151682,0.0654,0.0165,1.0094,-0.7262,0.525,0.8575,1000.9688,left_turn,145.68,10,0.0
1141,151742,0.0614,-0.0497,1.0221,-0.5337,0.28,1.4963,1000.9763,left_turn,145.74,10,0.06
1142,151802,0.0589,-0.0342,0.9922,-0.805,-0.7788,2.4938,1000.9734,left_turn,145.8,10,0.12
1143,151862,0.0872,-0.0586,1.0844,-1.645,-0.0525,2.905,1000.9751,left_turn,145.86,10,0.18
1144,151922,0.0793,-0.0759,1.0136,-0.3938,0.3063,4.2175,1000.9773,left_turn,145.92,10,0.24
1145,151982,0.0749,-0.0792,0.9661,-0.28,-0.6212,5.2587,1000.9658,left_turn,145.98,10,0.3
1146,152042,0.0508,-0.0335,0.9482,0.1138,-1.4,6.4837,1000.9607,left_turn,146.04,10,0.36
1147,152102,0.0588,-0.1042,0.9548,-0.455,-0.3587,7.315,1000.9688,left_turn,146.1,10,0.42
1148,152162,0.0695,-0.071,1.039,-0.6825,-0.35,8.7238,1000.9724,left_turn,146.16,10,0.48
1149,152222,0.1091,-0.1245,1.0083,-0.7613,-0.9275,9.4675,1000.9744,left_turn,146.22,10,0.54
1150,152282,0.0988,-0.181,1.0285,0.3325,-0.4025,10.8237,1000.9805,left_turn,146.28,10,0.6
1151,152342,0.1073,-0.0757,1.0687,-0.1225,0.105,11.7338,1000.9836,left_turn,146.34,10,0.66
1152,152402,0.1537,-0.0896,1.0709,-0.1663,-0.0613,12.3025,1000.9805,left_turn,146.4,10,0.72
1153,152462,0.129,-0.1557,1.075,-0.7437,0.245,13.4487,1000.9756,left_turn,146.46,10,0.78
1154,152522,0.0813,-0.144,1.0467,0.0613,-0.5512,14.2275,1000.9666,left_turn,146.52,10,0.84
1155,152582,0.0816,-0.2044,0.9321,0.3237,-1.4438,14.9012,1000.9722,left_turn,146.58,10,0.9
1156,152642,0.0886,-0.1398,0.9975,-0.1312,-0.5863,15.7762,1000.967,left_turn,146.64,10,0.96
1157,152702,0.1061,-0.1125,1.0212,-0.6125,0.1663,16.59,1000.9797,left_turn,146.7,10,1.02
1158,152762,0.122,-0.1791,1.0316,-1.05,1.2775,17.3687,1000.9761,left_turn,146.76,10,1.08
1159,152822,0.0755,-0.1183,0.9765,0.0437,0.1488,17.99,1000.9739,left_turn,146.82,10,1.14
1160,152882,0.1032,-0.202,0.9959,-1.0938,-0.7,18.48,1000.9875,left_turn,146.88,10,1.2
1161,152942,0.0596,-0.2472,0.9726,0.28,-0.28,19.2588,1000.9707,left_turn,146.94,10,1.26
1162,153002,0.0874,-0.1538,1.0512,0.5775,0.63,20.3263,1000.9734,left_turn,147.0,10,1.32
1163,153062,0.0739,-0.1903,0.9784,0.1312,1.33,21.1663,1000.9719,left_turn,147.06,10,1.38
1164,153122,0.089,-0.2111,0.975,-0.245,-1.225,22.0413,1000.9832,left_turn,147.12,10,1.44
1165,153182,0.0695,-0.2147,0.9731,1.05,-0.3413,23.0562,1000.9824,left_turn,147.18,10,1.5
1166,153242,0.0127,-0.2293,1.0448,0.5163,1.9425,23.6513,1000.9871,left_turn,147.24,10,1.56
1167,153302,0.0321,-0.2062,0.9925,0.3587,2.1088,24.2812,1000.9897,left_turn,147.3,10,1.62
1168,153362,0.0642,-0.2779,1.0612,-0.0613,2.345,25.305,1000.9841,left_turn,147.36,10,1.68
1169,153422,0.0235,-0.2359,1.0147,-0.8487,0.595,25.69,1000.9846,left_turn,147.42,10,1.74
1170,153482,0.0368,-0.1762,0.9865,-0.6913,0.07,25.865,1000.9827,left_turn,147.48,10,1.8
1171,153542,0.0554,-0.2511,0.9065,0.0437,-1.575,26.6262,1000.9822,left_turn,147.54,10,1.86
1172,153602,0.0441,-0.2672,1.0035,1.2862,1.47,27.3263,1000.9751,left_turn,147.6,10,1.92
1173,153662,0.0456,-0.3074,0.985,-0.315,-0.8487,27.7288,1000.9722,left_turn,147.66,10,1.98
1174,153722,0.0471,-0.2672,1.0146,-0.1925,0.1925,28.105,1000.9805,left_turn,147.72,10,2.04
1175,153782,0.0692,-0.181,1.0411,0.5075,-0.035,28.5338,1000.9883,left_turn,147.78,10,2.1
1176,153842,0.0138,-0.2472,0.9294,0.2625,-0.7088,28.7962,1000.979,left_turn,147.84,10,2.16
1177,153902,0.0602,-0.2521,1.0146,0.4638,-1.5225,29.2337,1000.9817,left_turn,147.9,10,2.22
1178,153962,0.0568,-0.2494,0.9987,1.2687,1.3388,28.945,1000.9756,left_turn,147.96,10,2.28
1179,154022,0.1035,-0.2535,1.1487,1.7325,0.1663,29.4438,1000.9841,left_turn,148.02,10,2.34
1180,154082,0.0653,-0.1873,0.9783,0.805,-1.0237,29.2862,1000.9778,left_turn,148.08,10,2.4
1181,154142,0.0332,-0.2908,0.977,1.0762,-0.105,29.5575,1000.9829,left_turn,148.14,10,2.46
1182,154202,0.0284,-0.2061,0.927,2.8875,-0.5425,29.4263,1000.9851,left_turn,148.2,10,2.52
1183,154262,0.0376,-0.1968,1.0311,1.3038,-0.805,29.225,1000.9827,left_turn,148.26,10,2.58
1184,154322,0.0332,-0.192,0.9439,-0.8575,-2.52,29.0063,1000.9868,left_turn,148.32,10,2.64
1185,154382,0.0259,-0.1808,1.0539,0.2275,-1.7062,27.9475,1000.9858,left_turn,148.38,10,2.7
1186,154442,0.0173,-0.2095,0.9682,1.9775,-1.575,27.4487,1000.9778,left_turn,148.44,10,2.76
1187,154502,0.0379,-0.196,1.066,1.47,-1.6537,26.9412,1000.9822,left_turn,148.5,10,2.82
1188,154562,0.0347,-0.1804,1.0187,1.4262,-0.4112,26.4338,1000.9883,left_turn,148.56,10,2.88
1189,154622,0.0163,-0.1984,0.9486,2.3888,-0.3237,25.4975,1000.9829,left_turn,148.62,10,2.94
1190,154682,0.0567,-0.1493,1.0831,2.3975,0.455,25.025,1000.9897,left_turn,148.68,10,3.0
1191,154742,-0.0144,-0.2289,0.9037,3.0013,-0.84,24.2725,1000.9941,left_turn,148.74,10,3.06
1192,154802,-0.0349,-0.0829,0.9389,2.17,0.5163,22.6362,1000.9893,left_turn,148.8,10,3.12
1193,154862,0.0242,-0.084,1.0103,1.2075,1.9688,22.155,1000.9856,left_turn,148.86,10,3.18
1194,154922,0.0184,-0.0456,0.9867,-1.6975,-0.7525,21.9888,1000.9778,left_turn,148.92,10,3.24
1195,154982,-0.0104,-0.199,0.9845,-2.5988,-0.6913,21.1663,1000.9856,left_turn,148.98,10,3.3
1196,155042,-0.0074,-0.1998,1.0106,-0.595,-0.735,20.2738,1000.9934,left_turn,149.04,10,3.36
1197,155102,0.0185,-0.2279,1.0238,0.9362,-0.9712,19.845,1000.9944,left_turn,149.1,10,3.42
1198,155162,0.0073,-0.1829,1.0627,1.47,-0.0175,19.985,1000.9382,left_turn,149.16,10,3.48
1199,155222,0.0583,-0.1723,1.1151,3.4037,-0.4112,20.02,1000.9924,left_turn,149.22,10,3.54
1200,155282,-0.0432,-0.1405,0.8469,4.095,0.105,19.6175,1000.9866,left_turn,149.28,10,3.6
1201,155342,0.0236,-0.0947,1.0465,1.7763,-0.63,18.5325,1000.9766,left_turn,149.34,10,3.66
1202,155402,-0.0156,-0.1149,0.9869,3.5875,-0.7525,18.4013,1000.9863,left_turn,149.4,10,3.72
1203,155462,-0.0117,-0.0525,0.9708,-2.205,0.5337,17.4562,1000.9773,left_turn,149.46,10,3.78
1204,155522,-0.0107,-0.1372,0.9922,-1.9688,0.4288,16.8962,1000.9734,left_turn,149.52,10,3.84
1205,155582,-0.0378,-0.1913,1.0399,-1.9688,1.2425,16.3363,1000.9841,left_turn,149.58,10,3.9
1206,155642,-0.0041,-0.2028,1.067,0.8575,0.4025,15.435,1000.9758,left_turn,149.64,10,3.96
1207,155702,0.0037,-0.1402,1.0697,3.3163,0.3325,14.8488,1000.9783,left_turn,149.7,10,4.02
1208,155762,-0.029,-0.1493,0.944,1.8813,-0.2975,14.5688,1000.9829,left_turn,149.76,10,4.08
1209,155822,-0.0388,-0.0609,0.9646,2.3012,-1.2425,14.455,1000.9856,left_turn,149.82,10,4.14
1210,155882,-0.0124,-0.0288,1.0944,-0.9975,-0.5163,13.7288,1000.9731,left_turn,149.88,10,4.2
1211,155942,-0.055,-0.0705,0.9645,1.5575,0.5075,12.46,1000.9827,left_turn,149.94,10,4.26
1212,156002,-0.0204,-0.1161,0.965,1.6712,-1.4963,11.515,1000.9766,left_turn,150.0,10,4.32
1213,156062,0.0209,-0.0893,1.0294,0.7262,-3.0712,10.8675,1000.9785,left_turn,150.06,10,4.38
1214,156122,-0.0078,-0.0203,0.945,-0.3762,-1.3563,10.92,1000.9778,left_turn,150.12,10,4.44
1215,156182,-0.0471,-0.0232,0.9153,0.21,-1.5488,9.9663,1000.9602,left_turn,150.18,10,4.5
1216,156242,0.0124,-0.0259,0.9694,3.745,-0.91,9.1438,1000.9683,left_turn,150.24,10,4.56
1217,156302,0.0192,-0.0849,1.1178,0.9975,-0.1312,8.4263,1000.9861,left_turn,150.3,10,4.62
1218,156362,-0.0051,-0.0079,1.0043,0.3325,-0.07,8.6275,1000.9683,left_turn,150.36,10,4.68
1219,156422,-0.0242,0.0256,0.9634,-0.6475,-0.245,7.9887,1000.9688,left_turn,150.42,10,4.74
1220,156482,-0.0079,-0.0825,1.0378,0.2625,0.1225,7.4288,1000.9604,left_turn,150.48,10,4.8
1221,156542,-0.042,-0.0581,0.9104,-0.9275,1.1812,6.2038,1000.9526,left_turn,150.54,10,4.86
1222,156602,-0.0383,-0.0676,0.9675,-0.805,1.89,5.7225,1000.9634,left_turn,150.6,10,4.92
1223,156662,-0.0879,-0.0359,0.98,3.325,2.4762,5.3025,1000.958,left_turn,150.66,10,4.98
1224,156722,-0.0459,0.0587,0.9801,5.32,1.4875,4.5413,1000.9602,left_turn,150.72,10,5.04
1225,156782,-0.0058,-0.0646,1.1319,2.7037,-0.315,3.6137,1000.9634,left_turn,150.78,10,5.1
1226,156842,-0.0171,0.0754,0.8989,3.15,0.14,2.9313,1000.9548,left_turn,150.84,10,5.16
1227,156902,-0.064,0.0628,0.9799,1.015,-1.6975,2.1525,1000.9641,left_turn,150.9,10,5.22
1228,156962,-0.0261,0.0051,1.0386,1.1025,0.7613,2.6163,1000.9626,left_turn,150.96,10,5.28
1229,157022,0.0328,0.0195,1.1268,-0.6913,-1.0237,1.7675,1000.9536,left_turn,151.02,10,5.34
1230,157082,0.0054,0.0601,0.966,-1.505,-1.4875,1.4612,1000.9482,left_turn,151.08,10,5.4
1231,157142,0.003,-0.0343,0.9406,-1.4963,-2.3187,1.1375,1000.9548,left_turn,151.14,10,5.46
1232,157202,0.0014,-0.047,1.0138,2.5463,-1.0675,1.1638,1000.9519,left_turn,151.2,10,5.52
1233,157262,-0.0386,0.0334,0.9988,2.73,0.1575,0.6125,1000.9507,left_turn,151.26,10,5.58
1234,163142,0.0346,-0.0117,0.9445,0.6475,0.7,0.84,1000.9421,left_turn,157.14,11,0.0
1235,163202,0.0488,-0.0464,1.0155,1.05,-0.2537,1.5838,1000.9468,left_turn,157.2,11,0.06
1236,163262,0.0495,-0.0002,1.0163,0.6212,-0.8138,2.3275,1000.9492,left_turn,157.26,11,0.12
1237,163322,0.0466,-0.0266,1.0016,0.0962,-0.4988,2.975,1000.9495,left_turn,157.32,11,0.18
1238,163382,0.0363,-0.0262,1.056,-0.1138,1.3475,3.4037,1000.9409,left_turn,157.38,11,0.24
1239,163442,0.0785,0.0215,1.0775,-0.0875,0.315,4.0862,1000.9473,left_turn,157.44,11,0.3
1240,163502,0.0968,-0.0493,1.0676,-0.3413,0.2275,4.5325,1000.9236,left_turn,157.5,11,0.36
1241,163562,0.0657,-0.044,1.0182,-0.0787,0.56,5.39,1000.9402,left_turn,157.56,11,0.42
1242,163622,0.0546,-0.0457,0.9799,0.2713,0.9712,6.1863,1000.929,left_turn,157.62,11,0.48
1243,163682,0.03,-0.0791,0.9332,0.7262,0.9538,7.0262,1000.9285,left_turn,157.68,11,0.54
1244,163742,0.0383,-0.1703,0.9689,1.575,0.0875,8.4263,1000.9246,left_turn,157.74,11,0.6
1245,163802,0.0653,-0.1279,1.0265,1.33,0.4725,9.2487,1000.9167,left_turn,157.8,11,0.66
1246,163862,0.0442,-0.1093,0.9812,1.19,0.5512,10.43,1000.9263,left_turn,157.86,11,0.72
1247,163922,0.0688,-0.0895,1.074,2.5463,1.2425,11.025,1000.9143,left_turn,157.92,11,0.78
1248,163982,0.0598,-0.1046,1.0502,1.0325,-0.3675,11.8825,1000.9219,left_turn,157.98,11,0.84
1249,164042,0.0573,-0.1281,1.0177,1.4,1.0588,12.5125,1000.9243,left_turn,158.04,11,0.9
1250,164102,0.0808,-0.1221,1.0563,0.9538,-0.21,13.0375,1000.9207,left_turn,158.1,11,0.96
1251,164162,0.0714,-0.0817,0.9778,1.2337,-0.35,13.8162,1000.9299,left_turn,158.16,11,1.02
1252,164222,0.0708,-0.148,1.0699,1.4175,-0.035,15.1375,1000.9343,left_turn,158.22,11,1.08
1253,164282,0.0261,-0.1522,0.9113,0.9712,0.2013,15.9513,1000.9319,left_turn,158.28,11,1.14
1254,164342,0.0598,-0.0881,0.9674,0.9187,-0.6475,16.905,1000.9319,left_turn,158.34,11,1.2
1255,164402,0.0761,-0.1825,0.9906,0.9625,-0.3413,17.7537,1000.9243,left_turn,158.4,11,1.26
1256,164462,0.0346,-0.1559,1.0289,0.0962,0.0262,18.3662,1000.9297,left_turn,158.46,11,1.32
1257,164522,0.0461,-0.1023,1.0765,0.595,0.14,18.7425,1000.926,left_turn,158.52,11,1.38
1258,164582,0.0256,-0.1744,0.9692,1.2862,-0.6125,18.9788,1000.9326,left_turn,158.58,11,1.44
1259,164642,0.0662,-0.1693,1.025,1.6187,-0.8138,19.6963,1000.9172,left_turn,158.64,11,1.5
1260,164702,0.0149,-0.1401,0.9909,1.7237,1.2687,20.895,1000.929,left_turn,158.7,11,1.56
1261,164762,0.0429,-0.1213,1.0074,-0.0262,-1.6275,20.0112,1000.9299,left_turn,158.76,11,1.62
1262,164822,0.0151,-0.1129,1.0112,0.35,-1.4262,20.965,1000.9312,left_turn,158.82,11,1.68
1263,164882,0.0304,-0.1477,1.0704,1.2862,1.26,21.4025,1000.9248,left_turn,158.88,11,1.74
1264,164942,0.0442,-0.123,0.9983,0.2537,0.8575,21.5075,1000.9282,left_turn,158.94,11,1.8
1265,165002,0.0331,-0.1335,1.027,0.4725,1.435,21.4638,1000.9282,left_turn,159.0,11,1.86
1266,165062,0.0474,-0.1551,1.0168,0.1838,0.735,22.1112,1000.9338,left_turn,159.06,11,1.92
1267,165122,0.0715,-0.0922,1.104,-2.1,0.3413,23.205,1000.9331,left_turn,159.12,11,1.98
1268,165182,0.0322,-0.0864,1.0499,-1.575,0.2713,22.75,1000.9407,left_turn,159.18,11,2.04
1269,165242,-0.007,-0.2395,0.9811,-0.63,1.9775,22.295,1000.9453,left_turn,159.24,11,2.1
1270,165302,0.0165,-0.1835,0.9415,0.1838,-0.21,22.1637,1000.937,left_turn,159.3,11,2.16
1271,165362,-0.0246,-0.1496,0.8338,0.21,-2.6337,22.1375,1000.9385,left_turn,159.36,11,2.22
1272,165422,0.0334,-0.1695,0.9659,-0.6913,-3.0975,22.855,1000.9346,left_turn,159.42,11,2.28
1273,165482,-0.001,-0.2167,1.0252,2.8963,0.1312,22.7588,1000.9343,left_turn,159.48,11,2.34
1274,165542,0.0515,-0.2523,1.0833,1.7763,-1.3212,22.4788,1000.9421,left_turn,159.54,11,2.4
1275,165602,0.0046,-0.1737,1.1065,1.7675,0.9712,22.82,1000.9363,left_turn,159.6,11,2.46
1276,165662,-0.0388,-0.175,1.0332,0.8138,1.225,23.1963,1000.9324,left_turn,159.66,11,2.52
1277,165722,0.0427,-0.0925,1.0139,1.9863,0.2887,22.6887,1000.9285,left_turn,159.72,11,2.58
1278,165782,-0.0026,-0.1176,0.9758,1.5662,0.9362,22.7237,1000.9309,left_turn,159.78,11,2.64
1279,165842,-0.0308,-0.2028,0.9872,0.21,0.525,23.0475,1000.9216,left_turn,159.84,11,2.7
1280,165902,0.002,-0.1401,0.9296,-0.8838,1.5488,23.3188,1000.9285,left_turn,159.9,11,2.76
1281,165962,-0.031,-0.1476,0.9674,-2.695,1.155,23.4325,1000.9248,left_turn,159.96,11,2.82
1282,166022,0.0015,-0.1603,1.0002,-0.0088,1.2862,23.45,1000.9224,left_turn,160.02,11,2.88
1283,166082,0.0403,-0.1876,1.0167,-0.5775,-0.9887,23.4325,1000.9126,left_turn,160.08,11,2.94
1284,166142,-0.0007,-0.2303,1.0404,0.5512,-0.875,23.6425,1000.9331,left_turn,160.14,11,3.0
1285,166202,-0.0842,-0.1998,0.9336,1.4787,-0.2537,23.8525,1000.9268,left_turn,160.2,11,3.06
1286,166262,0.0151,-0.2489,1.0255,1.1638,0.8838,24.1238,1000.9373,left_turn,160.26,11,3.12
1287,166322,-0.0161,-0.2008,0.9142,2.5463,-3.4213,23.625,1000.9246,left_turn,160.32,11,3.18
1288,166382,-0.0225,-0.1487,0.9463,4.0425,-2.275,24.2288,1000.9214,left_turn,160.38,11,3.24
1289,166442,-0.0283,-0.1505,0.925,2.03,-2.3625,23.87,1000.9148,left_turn,160.44,11,3.3
1290,166502,-0.0049,-0.1418,1.0783,0.8225,-0.35,24.4562,1000.9143,left_turn,160.5,11,3.36
1291,166562,0.0325,-0.1642,1.0241,1.4963,0.9187,24.71,1000.9033,left_turn,160.56,11,3.42
1292,166622,-0.0217,-0.2338,1.0141,0.1138,1.6187,24.255,1000.905,left_turn,160.62,11,3.48
1293,166682,-0.0176,-0.1403,1.005,-1.0325,-0.0175,24.0625,1000.9038,left_turn,160.68,11,3.54
1294,166742,-0.0065,-0.2115,1.036,0.98,-1.5575,24.2987,1000.9043,left_turn,160.74,11,3.6
1295,166802,-0.0143,-0.1639,1.059,0.2013,0.0175,24.4037,1000.9155,left_turn,160.8,11,3.66
1296,166862,0.0195,-0.1979,1.147,-0.0262,0.84,24.9025,1000.9172,left_turn,160.86,11,3.72
1297,166922,-0.031,-0.1814,0.9846,0.7088,-0.7788,23.835,1000.9058,left_turn,160.92,11,3.78
1298,166982,-0.0199,-0.2111,0.9384,3.0538,0.6913,23.5112,1000.9102,left_turn,160.98,11,3.84
1299,167042,-0.0719,-0.1876,0.9099,3.4388,0.8925,23.1087,1000.9158,left_turn,161.04,11,3.9
1300,167102,-0.0456,-0.1918,0.9947,2.31,0.595,22.6712,1000.9004,left_turn,161.1,11,3.96
1301,167162,-0.0096,-0.1562,1.028,0.2625,-0.1663,21.7787,1000.9153,left_turn,161.16,11,4.02
1302,167222,-0.0583,-0.1427,0.9396,2.765,1.645,21.315,1000.895,left_turn,161.22,11,4.08
1303,167282,-0.031,-0.0923,0.9548,0.7875,-1.225,20.3962,1000.8926,left_turn,161.28,11,4.14
1304,167342,-0.0495,-0.1367,1.0421,1.6013,-0.525,19.6963,1000.9045,left_turn,161.34,11,4.2
1305,167402,-0.1394,-0.1837,0.9382,2.3275,2.5638,19.1975,1000.8931,left_turn,161.4,11,4.26
1306,167462,-0.0422,-0.0379,0.9496,2.2225,0.2713,18.2437,1000.8943,left_turn,161.46,11,4.32
1307,167522,-0.0664,-0.0661,0.9797,2.835,0.035,17.3862,1000.8899,left_turn,161.52,11,4.38
1308,167582,-0.0178,-0.1081,1.0543,1.645,2.345,16.6075,1000.896,left_turn,161.58,11,4.44
1309,167642,-0.0474,-0.0493,1.0006,1.9775,0.9625,15.4875,1000.8767,left_turn,161.64,11,4.5
1310,167702,-0.0256,-0.0446,0.9784,2.1788,-1.1812,14.3062,1000.8762,left_turn,161.7,11,4.56
1311,167762,-0.0174,-0.0491,1.1076,1.89,-1.1113,12.88,1000.8945,left_turn,161.76,11,4.62
1312,167822,-0.05,0.0161,0.9369,2.485,-0.7262,11.48,1000.887,left_turn,161.82,11,4.68
1313,167882,-0.0681,-0.0129,0.9209,2.5287,-0.4462,10.3862,1000.8882,left_turn,161.88,11,4.74
1314,167942,-0.1293,0.0347,0.9699,2.7912,2.45,9.3713,1000.9031,left_turn,161.94,11,4.8
1315,168002,-0.0375,0.0185,1.066,-0.875,-1.5225,7.7962,1000.9038,left_turn,162.0,11,4.86
1316,168062,-0.0285,0.0332,1.0651,-0.14,-0.6562,6.965,1000.8972,left_turn,162.06,11,4.92
1317,168122,0.0195,0.0852,1.0682,-0.455,0.2362,5.4775,1000.8999,left_turn,162.12,11,4.98
1318,168182,-0.0269,-0.0121,0.9758,0.8487,-0.9362,4.8212,1000.9099,left_turn,162.18,11,5.04
1319,168242,-0.0317,-0.012,0.9719,0.3675,0.8662,3.7275,1000.9185,left_turn,162.24,11,5.1
1320,168302,0.0254,0.0517,1.0734,0.3063,1.855,2.9925,1000.8806,left_turn,162.3,11,5.16
1321,168362,-0.0293,-0.0281,1.0109,1.9688,0.6737,2.6512,1000.9028,left_turn,162.36,11,5.22
1322,168422,-0.0142,0.1649,1.108,0.9275,-0.1488,1.9162,1000.8801,left_turn,162.42,11,5.28
1323,168482,-0.0188,0.0811,1.0946,0.175,1.1375,1.7938,1000.8914,left_turn,162.48,11,5.34
1324,168542,0.0199,0.0741,0.987,0.0,-0.5337,1.8987,1000.9009,left_turn,162.54,11,5.4
1325,168602,-0.0512,0.1369,0.9999,-0.7962,-1.1113,1.2162,1000.9053,left_turn,162.6,11,5.46
1326,168662,-0.0611,0.0742,0.9112,0.42,0.5163,0.35,1000.9026,left_turn,162.66,11,5.52
1327,174962,0.0367,0.0154,0.9857,-0.6212,-0.2625,0.9975,1000.929,left_turn,168.96,12,0.0
1328,175022,0.0417,0.0364,1.0057,-1.4787,-0.5775,1.5488,1000.9238,left_turn,169.02,12,0.06
1329,175082,0.082,-0.1482,1.0984,-0.4025,1.1812,3.0187,1000.9138,left_turn,169.08,12,0.12
1330,175142,0.0537,0.0123,0.9776,-0.7875,-1.3825,3.1937,1000.9272,left_turn,169.14,12,0.18
1331,175202,0.1059,-0.0612,1.056,1.8637,-1.7237,4.0338,1000.9282,left_turn,169.2,12,0.24
1332,175262,0.1254,-0.083,1.0659,0.6212,-0.6913,4.515,1000.9202,left_turn,169.26,12,0.3
1333,175322,0.0559,-0.0066,1.0319,1.3737,1.0588,5.25,1000.918,left_turn,169.32,12,0.36
1334,175382,0.0769,-0.0503,1.0197,1.2862,0.9362,6.4488,1000.9182,left_turn,169.38,12,0.42
1335,175442,0.0974,-0.1415,1.038,-1.6275,-0.7437,7.4462,1000.9204,left_turn,169.44,12,0.48
1336,175502,0.1103,-0.0187,1.0823,-2.0387,-2.0825,8.3387,1000.9309,left_turn,169.5,12,0.54
1337,175562,0.0671,-0.1388,0.9892,0.875,0.1838,9.5025,1000.9258,left_turn,169.56,12,0.6
1338,175622,0.0252,-0.2198,0.9637,-0.735,-0.315,9.4412,1000.9233,left_turn,169.62,12,0.66
1339,175682,0.0314,-0.2061,0.9023,-0.9362,-0.875,10.4388,1000.9197,left_turn,169.68,12,0.72
1340,175742,0.0786,-0.0828,1.0241,1.1725,-0.6037,11.83,1000.9255,left_turn,169.74,12,0.78
1341,175802,0.0559,-0.1635,1.0651,1.0588,-0.1925,12.5737,1000.9155,left_turn,169.8,12,0.84
1342,175862,0.0124,-0.1208,0.9135,1.1463,0.9538,12.6,1000.9375,left_turn,169.86,12,0.9
1343,175922,0.0561,-0.1279,0.942,0.3587,-0.8138,13.7463,1000.9243,left_turn,169.92,12,0.96
1344,175982,0.0485,-0.1864,1.0413,0.8313,-0.1575,14.3413,1000.927,left_turn,169.98,12,1.02
1345,176042,0.0429,-0.1291,1.0448,-0.1575,-2.2575,14.945,1000.9321,left_turn,170.04,12,1.08
1346,176102,0.0132,-0.0795,0.9858,1.8288,-0.8838,15.9688,1000.9487,left_turn,170.1,12,1.14
1347,176162,-0.0066,-0.2386,0.9301,-0.4375,-1.05,15.96,1000.9419,left_turn,170.16,12,1.2
1348,176222,-0.0036,-0.2137,1.0297,-1.8375,0.9275,17.2375,1000.9336,left_turn,170.22,12,1.26
1349,176282,0.0752,-0.1521,1.0441,1.0938,-2.0213,17.5525,1000.9299,left_turn,170.28,12,1.32
1350,176342,0.0925,-0.1343,1.1292,-0.2362,0.1225,18.4013,1000.9216,left_turn,170.34,12,1.38
1351,176402,-0.0298,-0.2286,0.924,1.1025,1.3737,18.7162,1000.9326,left_turn,170.4,12,1.44
1352,176462,0.0019,-0.2138,0.9134,1.4175,-1.0325,18.5238,1000.927,left_turn,170.46,12,1.5
1353,176522,0.0334,-0.1573,0.9867,2.7738,0.0525,18.9788,1000.9221,left_turn,170.52,12,1.56
1354,176582,0.0693,-0.2137,1.0777,0.2537,0.1138,19.1975,1000.9224,left_turn,170.58,12,1.62
1355,176642,0.0083,-0.2144,0.975,3.6925,-0.3762,19.4425,1000.9121,left_turn,170.64,12,1.68
1356,176702,0.0088,-0.082,1.1104,4.2962,-0.2887,19.1625,1000.9189,left_turn,170.7,12,1.74
1357,176762,0.0185,-0.1152,1.0931,1.0237,1.3388,19.2062,1000.9285,left_turn,170.76,12,1.8
1358,176822,0.0622,-0.1881,0.9853,0.2713,-0.4725,20.0987,1000.9175,left_turn,170.82,12,1.86
1359,176882,0.1077,-0.1174,1.068,0.0437,-0.0088,19.9762,1000.9358,left_turn,170.88,12,1.92
1360,176942,0.0425,-0.1947,1.048,0.0613,1.9512,20.8862,1000.9338,left_turn,170.94,12,1.98
1361,177002,0.1207,-0.2228,1.0914,-0.2275,-0.4725,21.4375,1000.9448,left_turn,171.0,12,2.04
1362,177062,0.0539,-0.1823,1.0515,1.645,-1.0237,21.8575,1000.9585,left_turn,171.06,12,2.1
1363,177122,0.0451,-0.1469,1.0411,2.0825,-0.0088,21.9625,1000.9382,left_turn,171.12,12,2.16
1364,177182,0.0471,-0.2211,1.0243,1.6625,-0.0613,22.5225,1000.9307,left_turn,171.18,12,2.22
1365,177242,0.0362,-0.2284,0.9658,3.92,0.1225,22.6887,1000.9324,left_turn,171.24,12,2.28
1366,177302,0.0361,-0.1637,1.0599,3.3425,1.6187,22.8638,1000.9343,left_turn,171.3,12,2.34
1367,177362,0.0332,-0.1302,1.056,1.4088,0.1225,22.4088,1000.9363,left_turn,171.36,12,2.4
1368,177422,0.0441,-0.0814,1.1103,-0.4375,1.7062,22.2775,1000.9221,left_turn,171.42,12,2.46
1369,177482,0.0112,-0.1842,0.8932,-0.875,-1.2687,22.3213,1000.9443,left_turn,171.48,12,2.52
1370,177542,0.0468,-0.1444,1.0354,0.2975,-0.63,21.63,1000.9409,left_turn,171.54,12,2.58
1371,177602,0.0918,-0.1249,1.1042,1.0412,3.1412,21.9975,1000.9482,left_turn,171.6,12,2.64
1372,177662,0.0734,-0.2477,1.0067,0.6913,0.4812,21.9625,1000.9324,left_turn,171.66,12,2.7
1373,177722,0.0495,-0.1562,1.1402,3.64,1.9775,21.665,1000.9175,left_turn,171.72,12,2.76
1374,177782,-0.0051,-0.1876,0.9606,3.5262,1.645,21.4112,1000.9285,left_turn,171.78,12,2.82
1375,177842,0.0151,-0.1871,1.0402,4.095,0.5163,20.3612,1000.9353,left_turn,171.84,12,2.88
1376,177902,0.0005,-0.1588,0.9881,2.8875,1.6537,20.4225,1000.9348,left_turn,171.9,12,2.94
1377,177962,0.0814,-0.0831,1.106,0.3762,-0.4462,20.5187,1000.9353,left_turn,171.96,12,3.0
1378,178022,0.0927,-0.0779,0.9379,0.5775,-2.7037,19.9062,1000.9465,left_turn,172.02,12,3.06
1379,178082,0.039,-0.0623,1.0671,0.9275,2.3275,19.3025,1000.9634,left_turn,172.08,12,3.12
1380,178142,-0.0158,-0.1932,0.8988,1.0938,-0.315,18.2787,1000.9341,left_turn,172.14,12,3.18
1381,178202,0.0722,-0.0986,0.9914,1.89,-0.665,17.85,1000.9353,left_turn,172.2,12,3.24
1382,178262,0.0689,-0.1381,1.0663,0.6388,-1.4963,17.955,1000.936,left_turn,172.26,12,3.3
1383,178322,0.0312,-0.1886,0.9354,1.3212,-0.7875,17.6138,1000.9509,left_turn,172.32,12,3.36
1384,178382,0.0471,-0.1234,0.9841,1.0237,-0.4375,17.8325,1000.9465,left_turn,172.38,12,3.42
1385,178442,0.0032,-0.1566,0.9315,0.1575,-0.49,16.9575,1000.946,left_turn,172.44,12,3.48
1386,178502,-0.0436,-0.218,0.886,2.065,-0.2275,17.3775,1000.9343,left_turn,172.5,12,3.54
1387,178562,-0.0139,-0.1754,0.9321,2.8087,-0.21,16.9225,1000.938,left_turn,172.56,12,3.6
1388,178622,-0.0022,-0.1213,1.0019,2.0387,-1.1988,16.6775,1000.9475,left_turn,172.62,12,3.66
1389,178682,-0.0263,-0.1096,0.9665,2.0038,1.05,15.8462,1000.936,left_turn,172.68,12,3.72
1390,178742,0.0198,-0.0364,1.0846,0.4638,0.5863,15.6625,1000.9333,left_turn,172.74,12,3.78
1391,178802,-0.0051,-0.1035,0.9489,1.4787,-1.2862,15.4525,1000.9358,left_turn,172.8,12,3.84
1392,178862,0.0178,-0.0888,0.978,-2.1525,-0.245,14.4462,1000.9309,left_turn,172.86,12,3.9
1393,178922,0.0251,-0.1308,1.0287,-0.8225,0.14,14.3588,1000.9175,left_turn,172.92,12,3.96
1394,178982,0.026,-0.0817,1.0633,1.3737,1.5838,14.4288,1000.925,left_turn,172.98,12,4.02
1395,179042,0.093,-0.1064,1.0601,0.6825,0.8225,14.3325,1000.9321,left_turn,173.04,12,4.08
1396,179102,0.0159,-0.0751,1.0294,3.0887,0.5075,13.3612,1000.9177,left_turn,173.1,12,4.14
1397,179162,0.0647,-0.0872,0.9969,2.2313,1.085,12.495,1000.9312,left_turn,173.16,12,4.2
1398,179222,-0.0096,-0.0609,0.9756,1.645,2.0738,12.425,1000.9424,left_turn,173.22,12,4.26
1399,179282,-0.0478,-0.0464,0.9675,3.78,1.4088,11.8825,1000.9336,left_turn,173.28,12,4.32
1400,179342,-0.0134,-0.0434,1.0363,2.625,0.875,10.6225,1000.9248,left_turn,173.34,12,4.38
1401,179402,-0.0393,-0.1606,0.9406,-0.7262,-0.98,10.5262,1000.9333,left_turn,173.4,12,4.44
1402,179462,-0.0102,-0.0711,0.9297,0.175,-2.87,9.8525,1000.9241,left_turn,173.46,12,4.5
1403,179522,0.0046,-0.0393,1.0392,1.4875,-2.7912,9.9225,1000.9336,left_turn,173.52,12,4.56
1404,179582,-0.0093,0.0581,1.1153,0.035,0.5775,8.9338,1000.9329,left_turn,173.58,12,4.62
1405,179642,-0.0481,-0.133,0.9742,2.7738,-0.5337,7.7263,1000.918,left_turn,173.64,12,4.68
1406,179702,-0.0342,-0.0552,0.9108,-0.6913,-3.045,7.42,1000.9294,left_turn,173.7,12,4.74
1407,179762,0.0446,-0.0234,1.066,2.1175,-2.2575,7.4988,1000.9209,left_turn,173.76,12,4.8
1408,179822,-0.0581,-0.0289,0.8835,1.5838,-1.6275,6.5188,1000.9187,left_turn,173.82,12,4.86
1409,179882,-0.0287,-0.0756,0.9665,2.3275,0.7525,6.09,1000.9138,left_turn,173.88,12,4.92
1410,179942,-0.0249,-0.0491,0.9547,1.3737,2.3537,6.0375,1000.9053,left_turn,173.94,12,4.98
1411,180002,-0.0483,-0.0529,0.9348,1.2862,1.82,4.9175,1000.9092,left_turn,174.0,12,5.04
1412,180062,-0.0472,-0.1464,0.904,2.7037,1.6013,5.1363,1000.9158,left_turn,174.06,12,5.1
1413,180122,-0.0232,0.0078,0.9379,2.485,-0.2275,5.4338,1000.9124,left_turn,174.12,12,5.16
1414,180182,0.0083,-0.0044,1.05,1.2162,1.6363,4.8913,1000.9167,left_turn,174.18,12,5.22
1415,180242,-0.0254,0.0208,0.9287,0.7437,1.3563,4.6988,1000.9194,left_turn,174.24,12,5.28
1416,180302,0.0295,-0.0093,1.0622,0.7088,0.2188,4.34,1000.9355,left_turn,174.3,12,5.34
1417,180362,-0.0176,0.0476,0.9867,1.2425,0.3675,3.2113,1000.9324,left_turn,174.36,12,5.4
1418,180422,0.0046,0.0098,0.9919,-0.525,-2.5025,3.5438,1000.9324,left_turn,174.42,12,5.46
1419,180482,0.0312,0.0508,1.0734,0.7875,-0.735,3.6575,1000.9336,left_turn,174.48,12,5.52
1420,180542,-0.0098,-0.0029,0.9791,-0.6212,0.5075,3.1237,1000.9236,left_turn,174.54,12,5.58
1421,180602,0.0437,-0.077,0.9955,-0.805,-0.2713,2.94,1000.9321,left_turn,174.6,12,5.64
1422,180662,0.0512,0.0759,1.0538,-0.5075,0.7875,2.8087,1000.926,left_turn,174.66,12,5.7
1423,180722,0.0512,0.0569,0.9899,0.8575,2.1175,2.9137,1000.9319,left_turn,174.72,12,5.76
1424,180782,0.0269,-0.0471,1.0026,-1.015,0.805,2.345,1000.9307,left_turn,174.78,12,5.82
1425,180842,-0.0135,0.141,1.0136,1.7938,1.2513,2.7475,1000.9312,left_turn,174.84,12,5.88
1426,180902,0.083,-0.0193,1.0211,-0.0088,0.8487,2.38,1000.9207,left_turn,174.9,12,5.94
1427,180962,0.0664,0.0397,1.0269,1.6537,1.0675,2.7213,1000.9355,left_turn,174.96,12,6.0
1428,181022,0.0652,0.0191,1.0356,0.2887,2.31,2.8438,1000.9368,left_turn,175.02,12,6.06
1429,181082,0.0397,-0.0163,1.0366,-0.21,-0.455,2.8,1000.9324,left_turn,175.08,12,6.12
1430,181142,0.048,-0.0297,1.0638,2.1088,-0.9975,3.01,1000.9326,left_turn,175.14,12,6.18
1431,181202,0.0669,0.0359,1.0467,-0.5075,-0.6825,2.8087,1000.9399,left_turn,175.2,12,6.24
1432,181262,-0.0056,0.0712,0.9794,0.2013,1.9775,2.9575,1000.9348,left_turn,175.26,12,6.3
1433,181322,-0.021,-0.0502,0.9021,-0.6388,0.735,2.24,1000.9419,left_turn,175.32,12,6.36
1434,181382,0.0801,0.0698,1.0665,-1.1287,0.28,2.555,1000.9331,left_turn,175.38,12,6.42
1435,181442,0.0634,-0.0386,1.0121,0.56,2.0125,2.555,1000.9163,left_turn,175.44,12,6.48
1436,181502,-0.0312,-0.0023,0.8012,4.0862,3.2812,2.5025,1000.928,left_turn,175.5,12,6.54
1437,181562,0.0425,0.0004,0.9404,0.6212,-3.3512,2.5463,1000.926,left_turn,175.56,12,6.6
1438,181622,0.0191,0.0583,0.9887,-0.98,-2.0213,3.1063,1000.9404,left_turn,175.62,12,6.66
1439,181682,-0.0249,0.0339,0.9212,3.9288,-3.5875,2.52,1000.9365,left_turn,175.68,12,6.72
1440,181742,0.0493,0.0254,0.9241,1.085,-3.1675,2.4325,1000.9417,left_turn,175.74,12,6.78
1441,181802,0.0763,0.0285,1.1229,-0.6562,-2.3712,2.6512,1000.9438,left_turn,175.8,12,6.84
1442,181862,0.0041,0.0234,0.9428,0.1925,-0.315,2.5113,1000.9353,left_turn,175.86,12,6.9
1443,181922,0.0558,0.0527,1.0594,-0.14,-0.5863,1.7325,1000.9382,left_turn,175.92,12,6.96
1444,181982,0.0529,0.0673,0.9755,0.8575,-1.6363,2.0038,1000.9302,left_turn,175.98,12,7.02
1445,182042,0.0346,-0.0254,0.8484,0.2625,0.0962,1.575,1000.9121,left_turn,176.04,12,7.08
1446,182102,0.0002,-0.0587,0.8916,0.0613,4.585,1.8725,1000.8994,left_turn,176.1,12,7.14
1447,182162,-0.0184,0.032,0.9179,0.6388,3.36,2.3187,1000.9207,left_turn,176.16,12,7.2
1448,182222,0.0047,-0.0132,1.0599,2.4062,4.8387,1.855,1000.9233,left_turn,176.22,12,7.26
1449,182282,0.0026,-0.012,1.0933,2.4762,2.9925,1.0938,1000.9243,left_turn,176.28,12,7.32
1450,182342,-0.0115,0.041,0.957,0.2713,-0.455,1.19,1000.9253,left_turn,176.34,12,7.38
1451,182402,0.0059,0.0523,1.0687,0.56,-0.1312,1.3825,1000.9226,left_turn,176.4,12,7.44
1452,182462,0.0323,0.0825,1.0768,-2.0475,1.5225,1.3125,1000.9189,left_turn,176.46,12,7.5
1453,182522,0.0187,-0.0327,1.0565,-2.275,0.4375,1.4262,1000.908,left_turn,176.52,12,7.56
1454,182582,-0.0483,0.05,0.9609,-0.6388,0.42,0.8138,1000.8931,left_turn,176.58,12,7.62
1455,184202,0.0396,0.0439,0.9999,0.9362,1.05,0.9887,1000.9143,left_turn,178.2,13,0.0
1456,184262,0.0812,0.0039,1.0216,-0.0088,0.4638,2.1788,1000.9207,left_turn,178.26,13,0.06
1457,184322,0.0295,0.0279,1.0097,-0.385,1.295,2.2662,1000.9028,left_turn,178.32,13,0.12
1458,184382,0.0551,-0.0021,0.9658,-0.4375,1.5575,2.6775,1000.9175,left_turn,178.38,13,0.18
1459,184442,0.0444,-0.0149,0.9365,-0.7788,1.26,3.5087,1000.9231,left_turn,178.44,13,0.24
1460,184502,0.0456,-0.0522,0.9922,-1.4875,0.6737,4.97,1000.9358,left_turn,178.5,13,0.3
1461,184562,0.0609,-0.0647,1.0543,-0.315,1.5838,6.0025,1000.9546,left_turn,178.56,13,0.36
1462,184622,0.0386,-0.0691,0.9401,0.1138,1.3825,6.4488,1000.9429,left_turn,178.62,13,0.42
1463,184682,0.0816,-0.0873,1.0207,0.0787,0.105,7.315,1000.9441,left_turn,178.68,13,0.48
1464,184742,0.1023,-0.1293,1.0482,-0.8313,-0.805,9.4587,1000.9534,left_turn,178.74,13,0.54
1465,184802,0.0617,-0.1502,0.9365,-1.3475,-1.7675,10.36,1000.9409,left_turn,178.8,13,0.6
1466,184862,0.0961,-0.1227,1.0131,-0.4288,-1.6187,11.0075,1000.9558,left_turn,178.86,13,0.66
1467,184922,0.1003,-0.1115,1.016,0.6037,-0.175,11.7425,1000.9443,left_turn,178.92,13,0.72
1468,184982,0.0855,-0.1716,1.0374,0.665,-0.6037,12.8713,1000.9534,left_turn,178.98,13,0.78
1469,185042,0.1093,-0.0984,1.067,-0.2013,-1.7062,14.14,1000.948,left_turn,179.04,13,0.84
1470,185102,0.0578,-0.1433,0.9877,-0.3587,-0.315,15.6012,1000.9604,left_turn,179.1,13,0.9
1471,185162,0.1088,-0.2188,0.9138,-0.4462,-1.2687,16.4062,1000.9524,left_turn,179.16,13,0.96
1472,185222,0.069,-0.1149,0.9823,0.9712,1.4875,17.64,1000.9517,left_turn,179.22,13,1.02
1473,185282,0.0947,-0.1516,0.9172,0.84,1.4438,18.5938,1000.9614,left_turn,179.28,13,1.08
1474,185342,0.1184,-0.1686,0.9723,0.1312,0.1488,19.3988,1000.9399,left_turn,179.34,13,1.14
1475,185402,0.1011,-0.1933,0.9822,-0.0875,0.1312,20.3175,1000.9419,left_turn,179.4,13,1.2
1476,185462,0.0928,-0.1859,0.9823,-1.05,0.9538,21.2362,1000.9443,left_turn,179.46,13,1.26
1477,185522,0.088,-0.2198,1.0005,-1.1375,0.0962,21.84,1000.95,left_turn,179.52,13,1.32
1478,185582,0.0766,-0.1664,0.9187,-1.0588,-0.6475,22.75,1000.9424,left_turn,179.58,13,1.38
1479,185642,0.0933,-0.2526,1.0089,-0.3063,-2.03,23.6162,1000.9482,left_turn,179.64,13,1.44
1480,185702,0.1198,-0.1716,1.0663,0.245,-0.28,24.3687,1000.9453,left_turn,179.7,13,1.5
1481,185762,0.1051,-0.1933,1.057,1.1638,-1.8112,24.9988,1000.9573,left_turn,179.76,13,1.56
1482,185822,0.1132,-0.1943,1.0171,0.7262,-2.0125,25.76,1000.9561,left_turn,179.82,13,1.62
1483,185882,0.0861,-0.167,0.967,0.91,-0.8225,26.2588,1000.9617,left_turn,179.88,13,1.68
1484,185942,0.1132,-0.2397,0.9737,1.2162,-0.7,26.705,1000.9663,left_turn,179.94,13,1.74
1485,186002,0.0888,-0.2222,0.9906,0.8575,-0.6737,27.5012,1000.9578,left_turn,180.0,13,1.8
1486,186062,0.0881,-0.173,0.9636,-0.1488,-0.07,27.7288,1000.9543,left_turn,180.06,13,1.86
1487,186122,0.1279,-0.1659,1.0672,1.12,0.2537,28.4463,1000.9722,left_turn,180.12,13,1.92
1488,186182,0.0664,-0.193,0.9393,1.0412,0.5337,28.4375,1000.9587,left_turn,180.18,13,1.98
1489,186242,0.029,-0.2311,0.9077,1.9775,1.0237,29.3125,1000.9565,left_turn,180.24,13,2.04
1490,186302,0.0615,-0.2155,1.0045,0.5688,0.8838,29.7062,1000.9587,left_turn,180.3,13,2.1
1491,186362,0.0822,-0.1962,1.0607,-0.4112,1.3038,30.03,1000.9646,left_turn,180.36,13,2.16
1492,186422,0.0823,-0.1876,1.0598,-0.42,-0.1925,30.4675,1000.9617,left_turn,180.42,13,2.22
1493,186482,0.0306,-0.1716,0.8938,0.1575,-0.5512,30.5987,1000.9543,left_turn,180.48,13,2.28
1494,186542,0.0522,-0.1827,1.0324,-0.49,0.4988,30.3275,1000.9609,left_turn,180.54,13,2.34
1495,186602,0.0261,-0.2521,0.9371,-0.7262,0.665,30.1875,1000.9648,left_turn,180.6,13,2.4
1496,186662,0.0415,-0.1681,1.0609,-0.315,-0.5337,30.2838,1000.9585,left_turn,180.66,13,2.46
1497,186722,0.0286,-0.2151,0.9216,-1.015,0.6825,30.17,1000.9553,left_turn,180.72,13,2.52
1498,186782,0.039,-0.2169,0.9762,1.1988,-0.84,30.1787,1000.959,left_turn,180.78,13,2.58
1499,186842,0.0203,-0.1918,1.0378,2.03,-0.6037,29.855,1000.9673,left_turn,180.84,13,2.64
1500,186902,-0.0015,-0.2172,1.0141,1.0938,0.1925,29.575,1000.9717,left_turn,180.9,13,2.7
1501,186962,-0.0112,-0.2028,0.8982,1.8637,0.6562,29.2162,1000.9656,left_turn,180.96,13,2.76
1502,187022,-0.0264,-0.1623,0.9503,0.6562,-1.1025,28.9275,1000.9631,left_turn,181.02,13,2.82
1503,187082,-0.0276,-0.1688,0.9426,1.12,0.7962,28.5863,1000.958,left_turn,181.08,13,2.88
1504,187142,-0.0385,-0.2328,1.0011,0.1575,0.875,28.1925,1000.9507,left_turn,181.14,13,2.94
1505,187202,-0.0258,-0.1785,0.9614,0.1838,-0.2013,27.8512,1000.9561,left_turn,181.2,13,3.0
1506,187262,-0.0486,-0.1627,0.937,-0.3938,-0.315,27.475,1000.9451,left_turn,181.26,13,3.06
1507,187322,-0.0429,-0.1668,0.99,1.2425,1.015,26.8538,1000.9512,left_turn,181.32,13,3.12
1508,187382,-0.0248,-0.1672,0.9855,0.1925,0.6212,26.145,1000.9502,left_turn,181.38,13,3.18
1509,187442,0.0032,-0.1625,0.979,1.1988,0.2975,25.8213,1000.9482,left_turn,181.44,13,3.24
1510,187502,0.007,-0.1743,1.0861,1.0938,-0.3587,25.6287,1000.9487,left_turn,181.5,13,3.3
1511,187562,-0.0307,-0.14,0.9864,-0.245,0.105,25.27,1000.9426,left_turn,181.56,13,3.36
1512,187622,-0.0108,-0.2057,1.0519,-0.2713,0.5075,25.0513,1000.9426,left_turn,181.62,13,3.42
1513,187682,-0.0522,-0.2075,0.9088,-0.175,0.6037,24.29,1000.9268,left_turn,181.68,13,3.48
1514,187742,-0.0132,-0.19,1.0082,-0.0175,-0.315,23.5025,1000.9304,left_turn,181.74,13,3.54
1515,187802,-0.0542,-0.1805,0.9892,0.9538,-0.0262,22.8375,1000.9248,left_turn,181.8,13,3.6
1516,187862,-0.0465,-0.152,0.9808,1.6888,-0.3938,21.6475,1000.9143,left_turn,181.86,13,3.66
1517,187922,-0.0448,-0.1671,0.9318,2.4062,0.8487,20.8687,1000.9231,left_turn,181.92,13,3.72
1518,187982,-0.0256,-0.1454,0.9485,1.1725,-0.8925,19.5125,1000.928,left_turn,181.98,13,3.78
1519,188042,0.0007,-0.0919,1.0659,1.7675,2.5463,18.4538,1000.9082,left_turn,182.04,13,3.84
1520,188102,-0.0576,-0.082,0.9798,1.4787,0.3675,17.3862,1000.915,left_turn,182.1,13,3.9
1521,188162,-0.0486,-0.1296,0.9715,-0.8925,-1.0412,16.905,1000.9229,left_turn,182.16,13,3.96
1522,188222,-0.0551,-0.0996,0.9914,-0.2188,0.98,15.9513,1000.9246,left_turn,182.22,13,4.02
1523,188282,-0.0498,-0.0717,1.0094,-0.1575,1.0412,15.1637,1000.9255,left_turn,182.28,13,4.08
1524,188342,-0.0126,-0.1269,1.0163,0.5512,0.9712,14.49,1000.916,left_turn,182.34,13,4.14
1525,188402,-0.027,-0.0819,1.0099,1.1025,0.8313,14.175,1000.9192,left_turn,182.4,13,4.2
1526,188462,-0.0156,-0.0661,0.9978,0.3675,0.0962,13.2913,1000.9243,left_turn,182.46,13,4.26
1527,188522,-0.0612,-0.0851,0.999,0.56,0.9187,12.53,1000.9121,left_turn,182.52,13,4.32
1528,188582,-0.0446,-0.0993,0.9801,1.6712,-0.2275,11.515,1000.9097,left_turn,182.58,13,4.38
1529,188642,-0.0495,-0.0466,0.9826,1.9688,-0.4725,10.325,1000.9204,left_turn,182.64,13,4.44
1530,188702,-0.0457,-0.0205,0.9491,1.2513,0.2713,9.275,1000.9062,left_turn,182.7,13,4.5
1531,188762,-0.0649,-0.0456,1.0018,1.4787,-0.8662,8.365,1000.9153,left_turn,182.76,13,4.56
1532,188822,-0.0598,-0.0485,1.0125,0.5163,0.525,7.28,1000.9163,left_turn,182.82,13,4.62
1533,188882,-0.0615,-0.0534,0.9831,0.4638,-0.0875,6.8162,1000.9031,left_turn,182.88,13,4.68
1534,188942,-0.0447,0.0502,1.0213,-0.385,-1.3125,4.8387,1000.9104,left_turn,182.94,13,4.74
1535,189002,-0.0176,-0.0046,1.0401,0.7437,0.5425,4.1825,1000.8911,left_turn,183.0,13,4.8
1536,189062,-0.0444,-0.0354,0.9467,-0.735,-0.385,3.5438,1000.9082,left_turn,183.06,13,4.86
1537,189122,-0.0544,0.0204,0.9902,-0.595,-0.8838,2.9137,1000.886,left_turn,183.12,13,4.92
1538,189182,-0.0689,-0.0434,0.9833,0.9187,0.3325,2.38,1000.8894,left_turn,183.18,13,4.98
1539,189242,-0.0647,0.0224,0.9321,2.6163,0.4375,1.7237,1000.876,left_turn,183.24,13,5.04
1540,189302,-0.0554,0.0073,0.9728,2.1,0.2362,1.3825,1000.8867,left_turn,183.3,13,5.1
1541,189362,-0.0659,0.0148,0.9909,2.03,-0.7525,1.015,1000.8831,left_turn,183.36,13,5.16
1542,189422,-0.0558,0.1124,1.107,1.4088,0.2275,0.7875,1000.8921,left_turn,183.42,13,5.22
1543,196562,0.0816,0.023,1.0185,0.28,-0.4112,0.2013,1000.9224,left_turn,190.56,14,0.0
1544,196622,0.0224,-0.0027,0.9675,0.8838,0.3587,1.0762,1000.9282,left_turn,190.62,14,0.06
1545,196682,0.0654,-0.0542,0.9914,-0.49,-0.4988,1.855,1000.9307,left_turn,190.68,14,0.12
1546,196742,0.0563,-0.0391,1.0087,-1.1375,-0.0787,2.2487,1000.9314,left_turn,190.74,14,0.18
1547,196802,0.07,-0.0308,1.0094,-0.3237,-0.2362,2.3537,1000.9258,left_turn,190.8,14,0.24
1548,196862,0.082,-0.0818,1.0343,0.0437,0.2013,3.3775,1000.9182,left_turn,190.86,14,0.3
1549,196922,0.0628,-0.0256,0.9389,-0.5337,-1.3825,3.6837,1000.9265,left_turn,190.92,14,0.36
1550,196982,0.0847,-0.0487,1.0602,-1.0237,-0.21,4.1213,1000.926,left_turn,190.98,14,0.42
1551,197042,0.0451,-0.0473,0.9447,0.21,0.3413,4.5675,1000.925,left_turn,191.04,14,0.48
1552,197102,0.0759,-0.0325,1.0036,-0.5863,-0.4725,4.8825,1000.9438,left_turn,191.1,14,0.54
1553,197162,0.0612,-0.0722,0.921,-0.91,-0.6737,6.0025,1000.9282,left_turn,191.16,14,0.6
1554,197222,0.072,-0.039,0.9681,0.5775,0.2713,7.2537,1000.9224,left_turn,191.22,14,0.66
1555,197282,0.0459,-0.1083,0.9045,0.1225,0.2275,7.7525,1000.9402,left_turn,191.28,14,0.72
1556,197342,0.071,-0.1259,0.9797,0.2537,0.0088,8.9338,1000.9404,left_turn,191.34,14,0.78
1557,197402,0.0539,-0.0667,1.0114,0.3063,-0.28,9.6163,1000.9375,left_turn,191.4,14,0.84
1558,197462,0.0822,-0.135,1.008,-1.3737,-1.0412,10.1938,1000.9426,left_turn,191.46,14,0.9
1559,197522,0.0778,-0.0942,1.0651,-1.8375,-0.2188,10.71,1000.9382,left_turn,191.52,14,0.96
1560,197582,0.0637,-0.1175,1.0094,0.0962,-0.07,11.1213,1000.9478,left_turn,191.58,14,1.02
1561,197642,0.0432,-0.1378,0.988,-0.21,-2.0038,11.8125,1000.9463,left_turn,191.64,14,1.08
1562,197702,0.0378,-0.156,0.9919,0.3675,-0.5688,12.95,1000.9453,left_turn,191.7,14,1.14
1563,197762,0.1019,-0.0434,0.9841,0.9362,0.0962,13.335,1000.9529,left_turn,191.76,14,1.2
1564,197822,0.1208,-0.154,0.9865,0.3325,-0.1925,13.86,1000.95,left_turn,191.82,14,1.26
1565,197882,0.0974,-0.1376,0.9767,-1.3475,0.77,15.0588,1000.9448,left_turn,191.88,14,1.32
1566,197942,0.0635,-0.1889,1.0092,0.4725,0.4375,16.1963,1000.9514,left_turn,191.94,14,1.38
1567,198002,0.0705,-0.1386,0.9414,-0.6125,-0.4112,16.0562,1000.9551,left_turn,192.0,14,1.44
1568,198062,0.0547,-0.2034,1.0138,-0.6212,0.595,16.6338,1000.9521,left_turn,192.06,14,1.5
1569,198122,0.0545,-0.1989,0.9917,-0.7437,1.0063,17.1675,1000.9546,left_turn,192.12,14,1.56
1570,198182,0.0805,-0.1452,0.9753,0.6562,-0.14,17.6838,1000.9399,left_turn,192.18,14,1.62
1571,198242,0.0928,-0.1413,1.067,0.4375,0.28,18.165,1000.9414,left_turn,192.24,14,1.68
1572,198302,0.0861,-0.1793,0.9737,0.1312,0.5337,18.9175,1000.95,left_turn,192.3,14,1.74
1573,198362,0.0842,-0.2349,0.9626,0.3675,-0.63,19.8625,1000.9517,left_turn,192.36,14,1.8
1574,198422,0.0797,-0.1652,1.08,1.4088,0.4462,20.5625,1000.9573,left_turn,192.42,14,1.86
1575,198482,0.0864,-0.1588,1.0641,1.0938,1.0063,21.035,1000.9597,left_turn,192.48,14,1.92
1576,198542,0.0789,-0.1821,0.9948,1.1725,0.3237,22.1025,1000.9573,left_turn,192.54,14,1.98
1577,198602,0.0607,-0.2196,1.0186,0.0962,-0.5512,22.7938,1000.9597,left_turn,192.6,14,2.04
1578,198662,0.0439,-0.2257,0.9206,-0.56,0.3413,23.4937,1000.9575,left_turn,192.66,14,2.1
1579,198722,0.0346,-0.2302,0.9899,0.7088,-1.54,23.9925,1000.958,left_turn,192.72,14,2.16
1580,198782,0.0202,-0.2582,0.9394,1.015,-0.5688,24.36,1000.9475,left_turn,192.78,14,2.22
1581,198842,0.0561,-0.2497,0.9645,2.8875,0.875,24.92,1000.946,left_turn,192.84,14,2.28
1582,198902,0.0503,-0.2518,0.9433,1.3825,-1.015,25.13,1000.9478,left_turn,192.9,14,2.34
1583,198962,0.0371,-0.2069,0.9861,2.3712,0.3587,25.48,1000.9448,left_turn,192.96,14,2.4
1584,199022,0.0436,-0.1733,1.0102,1.7237,0.1838,25.3487,1000.9495,left_turn,193.02,14,2.46
1585,199082,0.0554,-0.1833,0.9889,1.6187,-0.245,25.3312,1000.9487,left_turn,193.08,14,2.52
1586,199142,0.0722,-0.2059,1.0882,0.945,1.1463,25.235,1000.9558,left_turn,193.14,14,2.58
1587,199202,0.0618,-0.1864,1.0229,0.4988,-0.4638,25.1038,1000.948,left_turn,193.2,14,2.64
1588,199262,0.0341,-0.1844,0.9784,-0.0088,0.21,24.92,1000.9558,left_turn,193.26,14,2.7
1589,199322,0.0732,-0.1984,0.9975,-0.8662,0.9538,25.4188,1000.95,left_turn,193.32,14,2.76
1590,199382,0.0567,-0.1735,1.0523,-1.7413,-0.35,25.1825,1000.9512,left_turn,193.38,14,2.82
1591,199442,0.0456,-0.2174,0.9723,0.0962,0.4725,25.2612,1000.9482,left_turn,193.44,14,2.88
1592,199502,0.0148,-0.2189,0.9575,0.1838,1.33,25.2262,1000.9531,left_turn,193.5,14,2.94
1593,199562,0.0772,-0.2015,1.0139,0.77,0.8487,25.2612,1000.9468,left_turn,193.56,14,3.0
1594,199622,0.0569,-0.1994,1.0016,1.295,2.0387,25.445,1000.96,left_turn,193.62,14,3.06
1595,199682,0.0459,-0.2101,1.0402,-0.2887,1.225,25.6637,1000.9802,left_turn,193.68,14,3.12
1596,199742,0.072,-0.253,1.051,0.945,0.56,25.655,1000.9727,left_turn,193.74,14,3.18
1597,199802,0.0221,-0.1524,0.9973,1.96,0.4988,25.3575,1000.9719,left_turn,193.8,14,3.24
1598,199862,0.0844,-0.2147,1.0746,1.9512,0.9712,25.3312,1000.9541,left_turn,193.86,14,3.3
1599,199922,0.0224,-0.2406,0.9262,-0.2975,0.6037,25.3662,1000.9365,left_turn,193.92,14,3.36
1600,199982,0.0137,-0.182,1.0368,-1.12,2.1875,25.62,1000.9307,left_turn,193.98,14,3.42
1601,200042,0.0302,-0.2137,1.025,0.105,1.295,25.935,1000.9382,left_turn,194.04,14,3.48
1602,200102,-0.0163,-0.2018,0.967,-2.17,-0.1663,25.375,1000.938,left_turn,194.1,14,3.54
1603,200162,0.0269,-0.1926,1.0238,-1.9863,0.6825,24.9638,1000.9258,left_turn,194.16,14,3.6
1604,200222,0.0365,-0.143,0.9814,1.61,0.1225,24.6488,1000.9319,left_turn,194.22,14,3.66
1605,200282,0.0348,-0.2272,1.035,2.52,1.19,23.9487,1000.9438,left_turn,194.28,14,3.72
1606,200342,-0.0015,-0.1706,0.9019,3.0975,0.49,23.3713,1000.928,left_turn,194.34,14,3.78
1607,200402,-0.0293,-0.2317,0.9643,3.4913,0.28,22.6975,1000.927,left_turn,194.4,14,3.84
1608,200462,0.0099,-0.0798,0.9867,3.255,-0.5337,21.7962,1000.9526,left_turn,194.46,14,3.9
1609,200522,-0.0046,-0.0666,0.9916,1.1638,-0.385,20.9125,1000.9492,left_turn,194.52,14,3.96
1610,200582,-0.0115,-0.0697,1.0699,1.2862,-0.63,19.7225,1000.9587,left_turn,194.58,14,4.02
1611,200642,-0.0525,-0.1161,0.964,-0.3938,-1.6712,18.8738,1000.9624,left_turn,194.64,14,4.08
1612,200702,-0.0267,-0.1197,1.0236,0.4462,-0.0613,18.1825,1000.947,left_turn,194.7,14,4.14
1613,200762,-0.0107,-0.0979,0.9401,-0.4638,-1.7587,17.5613,1000.9336,left_turn,194.76,14,4.2
1614,200822,-0.0346,-0.1252,0.8921,0.875,-1.2337,16.4937,1000.9392,left_turn,194.82,14,4.26
1615,200882,-0.0013,-0.0983,1.0585,2.0563,-0.91,15.9862,1000.9392,left_turn,194.88,14,4.32
1616,200942,0.0005,-0.1088,0.9404,3.9987,-0.035,15.1287,1000.9385,left_turn,194.94,14,4.38
1617,201002,0.0243,-0.0997,0.9628,3.5525,-1.8725,14.35,1000.9463,left_turn,195.0,14,4.44
1618,201062,0.0247,-0.0506,1.0849,-0.14,-1.19,14.4375,1000.948,left_turn,195.06,14,4.5
1619,201122,-0.0437,-0.0027,1.0067,1.1725,-0.735,13.4312,1000.9536,left_turn,195.12,14,4.56
1620,201182,-0.0441,-0.0728,0.9636,0.6913,-1.1988,12.1975,1000.9417,left_turn,195.18,14,4.62
1621,201242,-0.0181,-0.0547,1.0404,-0.0175,-1.5662,11.3488,1000.9241,left_turn,195.24,14,4.68
1622,201302,-0.0436,-0.0456,0.926,0.945,-0.5163,10.4213,1000.9304,left_turn,195.3,14,4.74
1623,201362,-0.0122,-0.0334,0.9835,1.3475,-0.63,9.45,1000.9211,left_turn,195.36,14,4.8
1624,201422,-0.0392,-0.0483,0.9686,1.6888,-1.0588,8.6975,1000.9246,left_turn,195.42,14,4.86
1625,201482,0.0236,0.0131,1.0148,2.0387,-0.77,7.875,1000.9187,left_turn,195.48,14,4.92
1626,201542,-0.0259,-0.0722,0.9677,4.0512,1.6537,7.455,1000.9373,left_turn,195.54,14,4.98
1627,201602,-0.0007,0.0024,0.9448,0.5512,-1.8725,7.2712,1000.9294,left_turn,195.6,14,5.04
1628,201662,0.0044,-0.0239,1.0273,0.2362,-0.7262,7.77,1000.9277,left_turn,195.66,14,5.1
1629,201722,-0.002,-0.0351,1.0257,-0.1925,0.2362,7.21,1000.9238,left_turn,195.72,14,5.16
1630,201782,-0.04,-0.0332,0.9792,0.105,-1.7413,6.265,1000.9209,left_turn,195.78,14,5.22
1631,201842,-0.0285,0.0117,1.0004,0.07,-0.2975,5.5037,1000.9065,left_turn,195.84,14,5.28
1632,201902,-0.0467,-0.0112,0.9966,1.1725,1.4525,5.5563,1000.9087,left_turn,195.9,14,5.34
1633,201962,-0.0132,-0.0429,1.0433,1.855,0.4112,5.075,1000.8997,left_turn,195.96,14,5.4
1634,202022,-0.0247,-0.085,1.0285,0.525,-0.8662,4.8913,1000.9006,left_turn,196.02,14,5.46
1635,202082,-0.0251,0.0364,0.9719,4.2962,1.4875,4.445,1000.8936,left_turn,196.08,14,5.52
1636,202142,-0.0027,0.0213,1.0043,1.9863,-0.3325,3.6137,1000.8867,left_turn,196.14,14,5.58
1637,202202,-0.0363,0.0447,0.9475,0.2625,0.6388,3.36,1000.8896,left_turn,196.2,14,5.64
1638,202262,-0.0231,0.0012,0.9944,0.56,1.6712,2.94,1000.8982,left_turn,196.26,14,5.7
1639,202322,0.0029,0.0717,1.0102,0.35,-1.1287,2.3363,1000.9033,left_turn,196.32,14,5.76
1640,202382,-0.0091,-0.0328,1.0795,-1.12,-0.35,2.3275,1000.8857,left_turn,196.38,14,5.82
1641,202442,-0.0393,-0.0124,0.9769,-0.3063,0.0262,1.9075,1000.8948,left_turn,196.44,14,5.88
1642,202502,0.0254,-0.0137,1.0876,0.3762,-0.49,1.2775,1000.8965,left_turn,196.5,14,5.94
1643,202562,-0.0356,-0.1169,1.0626,2.5988,0.7175,1.925,1000.8806,left_turn,196.56,14,6.0
1644,202622,-0.072,0.0229,0.8896,0.455,1.0237,1.1287,1000.8726,left_turn,196.62,14,6.06
1645,202682,-0.0073,0.0059,1.0246,0.8662,0.175,1.26,1000.8701,left_turn,196.68,14,6.12
1646,202742,-0.0185,0.041,0.9062,-0.6562,-0.21,1.68,1000.8674,left_turn,196.74,14,6.18
1647,202802,0.0018,-0.0287,1.0149,-0.455,0.1838,1.6888,1000.863,left_turn,196.8,14,6.24
1648,202862,-0.0493,0.021,0.9433,-0.0613,-0.0875,1.1638,1000.8721,left_turn,196.86,14,6.3
1649,202922,-0.0126,-0.008,1.0302,0.4988,-0.5775,0.77,1000.8784,left_turn,196.92,14,6.36
1650,205682,0.0242,-0.0547,1.0241,1.155,-0.8575,0.98,1000.8845,left_turn,199.68,15,0.0
1651,205742,0.0544,-0.0534,0.9552,1.2162,0.2975,1.855,1000.8953,left_turn,199.74,15,0.06
1652,205802,0.0537,-0.0149,0.9379,0.665,-0.805,2.8788,1000.8887,left_turn,199.8,15,0.12
1653,205862,0.0715,-0.0228,0.9928,-0.2013,-1.6275,3.605,1000.8887,left_turn,199.86,15,0.18
1654,205922,0.0037,-0.0218,1.0109,0.07,0.1225,3.9375,1000.8892,left_turn,199.92,15,0.24
1655,205982,0.0275,-0.0778,1.059,-0.98,1.1812,4.3225,1000.907,left_turn,199.98,15,0.3
1656,206042,0.1124,-0.0707,0.9941,0.2887,-0.21,5.2238,1000.9009,left_turn,200.04,15,0.36
1657,206102,0.0657,-0.0934,0.919,-0.1925,-1.8025,6.1687,1000.9065,left_turn,200.1,15,0.42
1658,206162,0.0684,-0.1091,1.0567,1.1988,0.14,6.9212,1000.8928,left_turn,200.16,15,0.48
1659,206222,0.0527,-0.1122,0.8816,1.085,0.0262,7.1137,1000.905,left_turn,200.22,15,0.54
1660,206282,0.0822,-0.0961,0.9628,1.4875,0.4112,8.4087,1000.8845,left_turn,200.28,15,0.6
1661,206342,0.0627,-0.1257,1.0351,1.9338,0.5337,9.415,1000.8818,left_turn,200.34,15,0.66
1662,206402,0.0068,-0.1174,1.0341,1.7763,1.89,10.4038,1000.9023,left_turn,200.4,15,0.72
1663,206462,0.0574,-0.1283,0.9706,1.645,1.1287,11.4712,1000.9019,left_turn,200.46,15,0.78
1664,206522,0.0341,-0.163,0.977,0.8225,0.1838,12.495,1000.8979,left_turn,200.52,15,0.84
1665,206582,0.0722,-0.1202,1.0224,0.945,-0.9013,13.4838,1000.9172,left_turn,200.58,15,0.9
1666,206642,0.0578,-0.1584,1.0555,1.855,0.8662,14.6388,1000.8994,left_turn,200.64,15,0.96
1667,206702,0.0654,-0.1369,0.9904,1.1725,-1.365,15.9688,1000.9072,left_turn,200.7,15,1.02
1668,206762,0.0574,-0.1579,0.977,-0.4638,-0.3762,17.0187,1000.927,left_turn,200.76,15,1.08
1669,206822,0.0656,-0.1557,0.9562,0.875,-0.945,17.535,1000.9133,left_turn,200.82,15,1.14
1670,206882,0.1225,-0.2186,1.0609,0.7437,0.0437,18.9438,1000.9155,left_turn,200.88,15,1.2
1671,206942,0.0525,-0.1518,0.9948,1.6275,0.7088,19.6175,1000.905,left_turn,200.94,15,1.26
1672,207002,0.0412,-0.1574,0.9186,1.61,-0.945,19.8888,1000.906,left_turn,201.0,15,1.32
1673,207062,0.0464,-0.2132,0.9853,2.5113,-0.4025,20.23,1000.9121,left_turn,201.06,15,1.38
1674,207122,0.06,-0.1798,1.057,2.94,1.015,20.5625,1000.9036,left_turn,201.12,15,1.44
1675,207182,0.0503,-0.1251,0.995,1.085,-0.2188,20.4575,1000.9072,left_turn,201.18,15,1.5
1676,207242,0.0132,-0.1998,0.9418,0.0613,-0.42,21.735,1000.9009,left_turn,201.24,15,1.56
1677,207302,0.0837,-0.187,1.0304,0.5863,0.6212,22.0938,1000.9111,left_turn,201.3,15,1.62
1678,207362,0.0642,-0.2633,1.0731,-1.3475,1.05,22.9688,1000.9102,left_turn,201.36,15,1.68
1679,207422,0.0668,-0.1701,1.0447,-1.6888,1.1812,23.3975,1000.9097,left_turn,201.42,15,1.74
1680,207482,-0.0478,-0.202,0.9558,-0.8662,0.1488,23.905,1000.9143,left_turn,201.48,15,1.8
1681,207542,-0.0234,-0.1521,0.9098,-0.4025,1.26,23.59,1000.8875,left_turn,201.54,15,1.86
1682,207602,0.0673,-0.1753,1.1084,0.6125,0.7613,23.9925,1000.8999,left_turn,201.6,15,1.92
1683,207662,0.048,-0.2296,0.9923,2.5025,1.5838,23.835,1000.896,left_turn,201.66,15,1.98
1684,207722,0.0587,-0.2062,0.9565,0.6388,-1.3913,24.5788,1000.8948,left_turn,201.72,15,2.04
1685,207782,0.0412,-0.22,1.1139,-0.3237,-0.525,24.5788,1000.8943,left_turn,201.78,15,2.1
1686,207842,0.0597,-0.2157,1.0277,4.445,-2.9838,25.3137,1000.9104,left_turn,201.84,15,2.16
1687,207902,0.0173,-0.2818,0.9416,3.045,-2.065,25.1737,1000.9119,left_turn,201.9,15,2.22
1688,207962,0.031,-0.1182,1.0809,0.3237,0.9712,24.7537,1000.8938,left_turn,201.96,15,2.28
1689,208022,0.0213,-0.2633,1.0967,2.0213,0.8925,25.3137,1000.9041,left_turn,202.02,15,2.34
1690,208082,-0.0034,-0.1518,0.9191,3.5175,3.2375,25.5063,1000.9075,left_turn,202.08,15,2.4
1691,208142,0.0593,-0.1227,1.0475,-0.8575,0.105,25.305,1000.9028,left_turn,202.14,15,2.46
1692,208202,0.0049,-0.194,0.9656,-0.3325,1.3913,25.5938,1000.8936,left_turn,202.2,15,2.52
1693,208262,0.0332,-0.1276,0.9421,-3.0975,1.4875,25.6462,1000.8774,left_turn,202.26,15,2.58
1694,208322,-0.0396,-0.3235,0.7506,-2.6163,0.8487,25.7162,1000.9028,left_turn,202.32,15,2.64
1695,208382,0.0781,-0.3645,1.1292,0.3587,0.8225,25.2612,1000.8909,left_turn,202.38,15,2.7
1696,208442,0.0386,-0.2628,1.0918,0.8487,-0.525,25.4363,1000.906,left_turn,202.44,15,2.76
1697,208502,-0.0425,-0.2462,0.9224,2.73,-2.2137,25.3925,1000.9128,left_turn,202.5,15,2.82
1698,208562,-0.0265,-0.2789,0.9567,3.0887,-1.1638,25.4625,1000.8987,left_turn,202.56,15,2.88
1699,208622,-0.0061,-0.1964,0.9744,3.045,0.7088,25.4013,1000.9087,left_turn,202.62,15,2.94
1700,208682,0.0046,-0.2262,1.0421,2.6425,-0.315,25.165,1000.8972,left_turn,202.68,15,3.0
1701,208742,-0.0068,-0.2433,0.9368,2.1175,-0.3938,25.585,1000.9153,left_turn,202.74,15,3.06
1702,208802,-0.0045,-0.1535,1.0472,0.4988,1.015,25.9788,1000.9097,left_turn,202.8,15,3.12
1703,208862,0.0349,-0.1598,0.9643,0.0962,0.0,25.9263,1000.9109,left_turn,202.86,15,3.18
1704,208922,0.0403,-0.1806,1.0799,-1.3563,-0.4025,26.11,1000.9124,left_turn,202.92,15,3.24
1705,208982,-0.0102,-0.1806,0.9435,-0.84,-0.6125,26.39,1000.9114,left_turn,202.98,15,3.3
1706,209042,-0.0214,-0.1593,1.1411,0.0875,2.9313,25.8738,1000.9104,left_turn,203.04,15,3.36
1707,209102,-0.0125,-0.1143,0.9746,1.0063,-0.9362,24.6138,1000.9216,left_turn,203.1,15,3.42
1708,209162,0.0371,-0.1752,1.0521,2.1788,-1.8112,24.2463,1000.9414,left_turn,203.16,15,3.48
1709,209222,-0.0168,-0.1581,0.9794,3.395,0.2713,23.3625,1000.918,left_turn,203.22,15,3.54
1710,209282,-0.0387,-0.2104,0.9436,1.5838,0.35,22.4875,1000.9111,left_turn,203.28,15,3.6
1711,209342,-0.011,-0.0874,0.9686,2.1788,-0.4638,21.3062,1000.9282,left_turn,203.34,15,3.66
1712,209402,-0.012,-0.1164,1.0106,1.0063,-0.2188,21.4375,1000.9038,left_turn,203.4,15,3.72
1713,209462,-0.0254,-0.171,0.9938,1.6363,1.8463,20.125,1000.908,left_turn,203.46,15,3.78
1714,209522,-0.0549,-0.1671,0.9035,0.14,0.3587,19.6437,1000.907,left_turn,203.52,15,3.84
1715,209582,-0.0361,-0.1518,1.0157,1.3212,0.8138,18.41,1000.906,left_turn,203.58,15,3.9
1716,209642,-0.0515,-0.1408,0.946,0.5163,-0.9275,18.0863,1000.9048,left_turn,203.64,15,3.96
1717,209702,-0.0215,-0.1227,0.9601,2.3712,0.7875,17.3512,1000.9207,left_turn,203.7,15,4.02
1718,209762,-0.0395,-0.1318,0.9948,1.4438,0.7788,16.38,1000.9087,left_turn,203.76,15,4.08
1719,209822,-0.0315,-0.101,1.1319,1.8637,1.1988,16.5462,1000.9121,left_turn,203.82,15,4.14
1720,209882,-0.059,-0.1021,0.9026,1.0412,-1.2075,16.2838,1000.9216,left_turn,203.88,15,4.2
1721,209942,-0.0404,-0.1082,0.9965,1.9775,-0.2713,15.855,1000.9099,left_turn,203.94,15,4.26
1722,210002,-0.0264,-0.0808,0.9859,2.1437,-0.2188,15.1637,1000.9121,left_turn,204.0,15,4.32
1723,210062,-0.0276,-0.1355,1.0562,1.575,0.6475,14.7525,1000.9084,left_turn,204.06,15,4.38
1724,210122,-0.057,-0.0157,0.913,3.0975,0.105,13.3175,1000.9097,left_turn,204.12,15,4.44
1725,210182,-0.0328,-0.0268,0.9562,2.0912,-1.1638,12.2325,1000.9058,left_turn,204.18,15,4.5
1726,210242,0.0032,0.0166,1.1439,2.8963,-0.3413,11.1213,1000.8936,left_turn,204.24,15,4.56
1727,210302,-0.0417,-0.0415,0.9158,0.735,-1.3125,9.4675,1000.9026,left_turn,204.3,15,4.62
1728,210362,-0.0041,0.0242,0.9684,0.6737,-0.1838,8.4175,1000.8813,left_turn,204.36,15,4.68
1729,210422,-0.0032,-0.0466,1.0118,1.0588,0.4112,7.5425,1000.8931,left_turn,204.42,15,4.74
1730,210482,-0.0098,0.0259,1.0326,0.0175,-1.3563,6.265,1000.9001,left_turn,204.48,15,4.8
1731,210542,-0.0517,0.0271,0.995,1.8637,1.0588,5.635,1000.8958,left_turn,204.54,15,4.86
1732,210602,-0.0207,0.0627,0.9699,1.295,-0.7962,4.5062,1000.8992,left_turn,204.6,15,4.92
1733,210662,0.008,0.0969,0.9822,0.4112,-2.2487,3.7975,1000.9106,left_turn,204.66,15,4.98
1734,210722,-0.0679,0.0709,0.9476,-0.84,0.385,3.2375,1000.9158,left_turn,204.72,15,5.04
1735,210782,-0.0571,-0.0793,1.027,1.7938,0.5775,2.73,1000.9004,left_turn,204.78,15,5.1
1736,210842,-0.0327,-0.0574,1.0063,-0.5163,-0.4812,2.4675,1000.9292,left_turn,204.84,15,5.16
1737,210902,-0.0851,0.0309,0.9082,0.5775,-0.6562,2.3012,1000.9214,left_turn,204.9,15,5.22
1738,210962,-0.0456,-0.0117,0.9489,0.4725,-1.7587,1.8375,1000.917,left_turn,204.96,15,5.28
1739,211022,-0.0447,0.0927,1.0467,0.0962,1.19,1.05,1000.9065,left_turn,205.02,15,5.34
1740,211082,-0.0561,0.0393,0.9233,1.33,0.2013,1.6013,1000.9282,left_turn,205.08,15,5.4
1741,211142,-0.0439,0.0615,0.876,-1.6537,3.8063,1.6275,1000.9326,left_turn,205.14,15,5.46
1742,211202,0.0473,0.0195,0.9984,-2.3537,-1.2775,0.9887,1000.9146,left_turn,205.2,15,5.52
1743,217562,0.0554,-0.0626,1.0273,-0.7525,-0.7788,0.3675,1000.9514,left_turn,211.56,16,0.0
1744,217622,0.0647,0.0259,1.0143,0.77,-0.4638,1.26,1000.9453,left_turn,211.62,16,0.06
1745,217682,0.0666,0.021,1.0097,0.5337,-2.52,1.8813,1000.9475,left_turn,211.68,16,0.12
1746,217742,0.0327,-0.052,0.933,-0.245,-0.7525,2.73,1000.9421,left_turn,211.74,16,0.18
1747,217802,0.024,-0.0269,0.8914,-0.4638,-1.6013,3.4562,1000.95,left_turn,211.8,16,0.24
1748,217862,0.0426,-0.1173,1.0443,-0.5863,-0.21,4.1825,1000.9519,left_turn,211.86,16,0.3
1749,217922,0.1057,0.0029,1.0937,-0.0875,0.1663,5.915,1000.9478,left_turn,211.92,16,0.36
1750,217982,-0.0167,-0.0461,0.9456,-1.5575,0.5163,6.3962,1000.9377,left_turn,211.98,16,0.42
1751,218042,0.0347,-0.0695,1.0141,0.7962,1.3825,7.1838,1000.9497,left_turn,212.04,16,0.48
1752,218102,0.0254,-0.1706,0.9296,-0.7088,-0.5512,7.805,1000.9536,left_turn,212.1,16,0.54
1753,218162,0.0754,-0.0556,1.0854,-0.3762,-1.0063,8.995,1000.9482,left_turn,212.16,16,0.6
1754,218222,0.0754,-0.0361,1.0815,2.0475,-0.0613,9.4062,1000.9519,left_turn,212.22,16,0.66
1755,218282,0.0681,-0.1036,1.0762,0.105,1.3825,10.605,1000.9543,left_turn,212.28,16,0.72
1756,218342,0.0531,-0.1451,0.9609,0.3675,-1.0675,11.3138,1000.9529,left_turn,212.34,16,0.78
1757,218402,0.0874,-0.129,1.0989,-0.0525,-0.2887,12.635,1000.9434,left_turn,212.4,16,0.84
1758,218462,0.0456,-0.1564,0.9991,-0.49,0.1925,13.4487,1000.9468,left_turn,212.46,16,0.9
1759,218522,0.0403,-0.1523,0.9399,-0.49,-1.3038,14.2712,1000.9429,left_turn,212.52,16,0.96
1760,218582,0.1068,-0.1995,0.9936,0.2713,0.035,15.365,1000.937,left_turn,212.58,16,1.02
1761,218642,0.0776,-0.1452,1.0102,-1.54,-1.2425,15.6538,1000.9224,left_turn,212.64,16,1.08
1762,218702,0.0405,-0.1491,1.0577,-0.4812,-2.1875,17.0012,1000.9292,left_turn,212.7,16,1.14
1763,218762,0.0368,-0.1119,1.0058,0.7437,-1.2862,17.4387,1000.9187,left_turn,212.76,16,1.2
1764,218822,0.1122,-0.1615,1.046,-0.4112,-1.0063,18.9613,1000.928,left_turn,212.82,16,1.26
1765,218882,0.0554,-0.2963,1.0052,-0.3675,0.5775,19.18,1000.9236,left_turn,212.88,16,1.32
1766,218942,0.011,-0.1832,0.9623,1.61,-0.91,20.895,1000.9241,left_turn,212.94,16,1.38
1767,219002,0.0422,-0.274,1.0102,0.5775,-0.0175,21.2362,1000.9324,left_turn,213.0,16,1.44
1768,219062,0.0237,-0.3243,1.1147,1.3825,1.0588,22.7938,1000.9177,left_turn,213.06,16,1.5
1769,219122,0.0083,-0.2403,1.048,-1.1812,1.2775,23.1875,1000.9224,left_turn,213.12,16,1.56
1770,219182,0.0404,-0.2123,1.0302,0.3762,0.1312,24.15,1000.926,left_turn,213.18,16,1.62
1771,219242,0.0537,-0.2889,0.9757,1.6975,-1.4612,24.6838,1000.9321,left_turn,213.24,16,1.68
1772,219302,0.0069,-0.2589,0.9636,1.3038,-1.6363,25.7162,1000.929,left_turn,213.3,16,1.74
1773,219362,0.0362,-0.2959,1.078,0.7,-0.8575,25.8475,1000.9368,left_turn,213.36,16,1.8
1774,219422,0.0224,-0.1723,0.9919,3.6137,-0.2013,26.3375,1000.9541,left_turn,213.42,16,1.86
1775,219482,0.0379,-0.2516,0.9133,0.6913,-1.8637,26.2325,1000.9502,left_turn,213.48,16,1.92
1776,219542,0.0963,-0.3059,1.0845,2.0738,-0.77,26.74,1000.9434,left_turn,213.54,16,1.98
1777,219602,0.0856,-0.2535,0.9701,1.1113,0.035,26.9237,1000.9429,left_turn,213.6,16,2.04
1778,219662,0.0389,-0.2715,0.9801,1.7938,-0.3938,26.9675,1000.9282,left_turn,213.66,16,2.1
1779,219722,-0.0018,-0.2087,0.9358,2.38,1.925,27.2738,1000.9258,left_turn,213.72,16,2.16
1780,219782,-0.0054,-0.3207,0.9619,1.3125,0.245,26.7663,1000.9287,left_turn,213.78,16,2.22
1781,219842,0.0498,-0.2053,1.0249,3.8063,1.3475,26.3813,1000.9363,left_turn,213.84,16,2.28
1782,219902,0.0467,-0.2272,1.1226,2.94,0.2188,26.2938,1000.9316,left_turn,213.9,16,2.34
1783,219962,-0.0054,-0.3228,0.8528,1.785,-0.6825,26.7488,1000.9233,left_turn,213.96,16,2.4
1784,220022,-0.0056,-0.1532,1.1221,0.7525,0.3675,26.7225,1000.9346,left_turn,214.02,16,2.46
1785,220082,0.06,-0.2367,1.0724,0.735,1.5488,25.8388,1000.9238,left_turn,214.08,16,2.52
1786,220142,0.0281,-0.235,0.9482,1.3212,-0.84,24.99,1000.916,left_turn,214.14,16,2.58
1787,220202,0.0351,-0.1957,0.98,0.175,-1.3388,24.5875,1000.9292,left_turn,214.2,16,2.64
1788,220262,0.0617,-0.2218,1.0994,1.4963,0.6562,23.9225,1000.9233,left_turn,214.26,16,2.7
1789,220322,0.0593,-0.1335,0.9028,0.2713,-1.8288,23.38,1000.9341,left_turn,214.32,16,2.76
1790,220382,0.1398,-0.2811,1.2044,2.45,-0.56,22.855,1000.9312,left_turn,214.38,16,2.82
1791,220442,0.1182,-0.1076,1.1168,2.3275,-0.2188,21.7262,1000.9082,left_turn,214.44,16,2.88
1792,220502,0.0205,-0.1393,1.0412,2.38,1.4787,21.7787,1000.9053,left_turn,214.5,16,2.94
1793,220562,0.024,-0.1418,0.9968,3.3512,0.4462,21.0613,1000.9231,left_turn,214.56,16,3.0
1794,220622,-0.0197,-0.1713,0.945,0.84,-1.4525,20.44,1000.9255,left_turn,214.62,16,3.06
1795,220682,-0.0285,-0.2115,0.955,1.5312,0.6562,19.9237,1000.9211,left_turn,214.68,16,3.12
1796,220742,-0.0102,-0.1562,0.9859,-0.1838,-1.5312,19.1275,1000.925,left_turn,214.74,16,3.18
1797,220802,0.0019,-0.1371,1.0236,1.365,-1.0325,18.8037,1000.9146,left_turn,214.8,16,3.24
1798,220862,0.0266,-0.1462,0.865,0.035,-2.0475,18.1388,1000.9268,left_turn,214.86,16,3.3
1799,220922,0.0349,-0.0744,1.129,2.7912,-2.52,17.6575,1000.9246,left_turn,214.92,16,3.36
1800,220982,0.0049,-0.1477,1.016,1.1988,-0.2625,17.1763,1000.9199,left_turn,214.98,16,3.42
1801,221042,-0.0166,-0.0825,0.926,1.225,0.1312,16.7913,1000.9104,left_turn,215.04,16,3.48
1802,221102,-0.0054,-0.1832,0.9845,3.4388,-0.1575,16.4325,1000.9302,left_turn,215.1,16,3.54
1803,221162,0.0386,-0.1352,1.0178,2.1875,-0.4725,16.0825,1000.9373,left_turn,215.16,16,3.6
1804,221222,-0.0178,-0.0806,1.0302,2.135,0.8313,15.5837,1000.9128,left_turn,215.22,16,3.66
1805,221282,0.0332,-0.1825,0.9997,-1.0588,-2.1263,15.3737,1000.9285,left_turn,215.28,16,3.72
1806,221342,-0.0159,-0.1283,1.0701,1.5312,-0.4288,15.3125,1000.9338,left_turn,215.34,16,3.78
1807,221402,0.0181,-0.0993,1.0214,1.085,0.2362,14.2537,1000.9263,left_turn,215.4,16,3.84
1808,221462,0.0315,-0.1485,1.0946,0.0262,1.435,14.21,1000.9072,left_turn,215.46,16,3.9
1809,221522,0.014,-0.0602,0.9409,0.1663,-1.0325,13.44,1000.8987,left_turn,215.52,16,3.96
1810,221582,-0.0417,-0.0993,0.8267,0.6212,-0.0088,12.0225,1000.8794,left_turn,215.58,16,4.02
1811,221642,0.0293,-0.1308,1.0648,2.5113,1.2162,10.29,1000.9021,left_turn,215.64,16,4.08
1812,221702,0.0007,-0.0246,0.9654,2.0912,2.0912,9.66,1000.8916,left_turn,215.7,16,4.14
1813,221762,0.012,-0.0295,1.1163,0.0962,1.015,9.1875,1000.9065,left_turn,215.76,16,4.2
1814,221822,-0.0137,-0.0422,0.9856,4.1475,0.7,8.0675,1000.8743,left_turn,215.82,16,4.26
1815,221882,-0.0095,-0.0264,1.0263,2.8875,0.245,7.5163,1000.8809,left_turn,215.88,16,4.32
1816,221942,0.0468,0.1027,1.0831,0.0088,-1.19,6.9738,1000.8777,left_turn,215.94,16,4.38
1817,222002,0.0831,-0.012,1.0932,-1.0938,-2.24,6.5275,1000.8835,left_turn,216.0,16,4.44
1818,222062,0.0041,0.1008,0.9489,-0.6913,-2.7387,6.0375,1000.885,left_turn,216.06,16,4.5
1819,222122,-0.0422,-0.0625,0.9719,-0.7613,0.7525,5.88,1000.8757,left_turn,216.12,16,4.56
1820,222182,-0.022,0.0265,0.8974,-1.505,-3.08,4.8387,1000.8767,left_turn,216.18,16,4.62
1821,222242,0.0119,-0.0508,1.0157,-0.3325,-1.4438,4.5237,1000.8857,left_turn,216.24,16,4.68
1822,222302,0.0561,-0.0537,1.0568,2.415,-1.1025,4.3575,1000.8804,left_turn,216.3,16,4.74
1823,222362,0.1002,0.0457,1.1306,1.5662,1.3212,4.1125,1000.8879,left_turn,216.36,16,4.8
1824,222422,-0.0159,-0.0312,1.0136,0.4725,3.1588,3.9813,1000.8706,left_turn,216.42,16,4.86
1825,222482,0.0168,-0.0561,1.044,0.28,1.4438,3.9462,1000.8843,left_turn,216.48,16,4.92
1826,222542,-0.0508,0.0752,0.8872,0.8487,1.68,3.4825,1000.8745,left_turn,216.54,16,4.98
1827,222602,0.0395,-0.0712,0.9723,2.1875,1.0938,3.185,1000.8755,left_turn,216.6,16,5.04
1828,222662,-0.017,-0.0246,1.0317,0.3413,1.715,2.7912,1000.8687,left_turn,216.66,16,5.1
1829,222722,-0.0046,-0.0341,1.0576,-0.6125,0.6913,2.765,1000.8767,left_turn,216.72,16,5.16
1830,222782,-0.0288,0.0437,0.9435,-0.1312,0.4638,2.4237,1000.8772,left_turn,216.78,16,5.22
1831,222842,0.0066,0.05,0.9902,-0.8313,-0.7525,2.0738,1000.8691,left_turn,216.84,16,5.28
1832,222902,-0.0215,0.0337,1.0352,0.42,-0.4812,2.6775,1000.8684,left_turn,216.9,16,5.34
1833,222962,0.0368,-0.0321,0.9493,0.2275,-2.9488,2.5463,1000.8718,left_turn,216.96,16,5.4
1834,223022,0.0524,0.032,0.9899,0.1312,-2.0563,2.5463,1000.8784,left_turn,217.02,16,5.46
1835,223082,-0.0085,0.0547,0.9515,1.435,-0.8838,2.3275,1000.896,left_turn,217.08,16,5.52
1836,223142,-0.0182,0.0076,0.888,0.8313,-0.735,1.645,1000.8857,left_turn,217.14,16,5.58
1837,223202,0.0188,0.0154,1.03,1.6537,4.2962,1.1463,1000.877,left_turn,217.2,16,5.64
1838,223262,0.0066,0.0205,0.9672,0.4725,1.1375,0.8925,1000.9053,left_turn,217.26,16,5.7
1839,226682,0.0325,0.0215,1.023,-0.175,1.0063,0.9975,1000.8804,left_turn,220.68,17,0.0
1840,226742,0.0142,0.0,0.9026,-0.875,0.5512,1.6975,1000.8899,left_turn,220.74,17,0.06
1841,226802,0.0444,0.0517,1.0663,-1.015,2.4413,2.2487,1000.887,left_turn,220.8,17,0.12
1842,226862,-0.0461,-0.0119,0.8999,0.35,1.155,2.0475,1000.8936,left_turn,220.86,17,0.18
1843,226922,-0.0152,-0.0218,0.9511,0.4812,2.8875,2.3012,1000.8911,left_turn,220.92,17,0.24
1844,226982,0.0481,0.0051,1.0612,0.7525,1.3388,2.7037,1000.8777,left_turn,220.98,17,0.3
1845,227042,-0.0198,0.0188,0.9065,0.0613,0.5775,3.2113,1000.8967,left_turn,221.04,17,0.36
1846,227102,-0.0256,-0.0349,0.9814,0.0525,-1.47,3.8675,1000.8997,left_turn,221.1,17,0.42
1847,227162,-0.0015,-0.0691,1.0038,0.5863,-1.1725,3.8325,1000.8975,left_turn,221.16,17,0.48
1848,227222,0.0178,-0.0856,1.0314,0.8575,-0.315,4.1388,1000.8877,left_turn,221.22,17,0.54
1849,227282,0.0223,-0.0288,0.9837,0.6737,-1.4963,4.4975,1000.8936,left_turn,221.28,17,0.6
1850,227342,0.0229,-0.0304,1.0453,-0.4725,-1.19,4.7512,1000.8938,left_turn,221.34,17,0.66
1851,227402,0.0303,-0.0376,1.0387,0.105,-0.5775,5.2937,1000.8889,left_turn,221.4,17,0.72
1852,227462,0.0005,-0.0191,0.9379,-0.105,0.6737,5.6788,1000.8784,left_turn,221.46,17,0.78
1853,227522,0.0367,-0.0783,1.005,0.105,1.47,6.2913,1000.8867,left_turn,221.52,17,0.84
1854,227582,-0.0271,-0.0034,0.9921,-0.1663,2.1875,6.615,1000.8914,left_turn,221.58,17,0.9
1855,227642,0.0193,-0.072,1.0014,-0.7525,2.2313,7.4812,1000.8894,left_turn,221.64,17,0.96
1856,227702,-0.0015,-0.1358,0.9528,-1.5662,0.2537,8.1112,1000.8784,left_turn,221.7,17,1.02
1857,227762,-0.0115,-0.1337,0.9836,0.2887,-2.9488,9.17,1000.8921,left_turn,221.76,17,1.08
1858,227822,0.0227,-0.0915,1.0186,-0.0787,-0.8838,9.5988,1000.8796,left_turn,221.82,17,1.14
1859,227882,0.0046,-0.0825,0.9741,0.8225,-0.7088,10.3425,1000.8823,left_turn,221.88,17,1.2
1860,227942,0.04,-0.1437,1.0344,0.5425,-2.0825,10.8062,1000.8833,left_turn,221.94,17,1.26
1861,228002,0.0076,-0.0966,0.9855,0.7262,-1.6625,10.92,1000.8806,left_turn,222.0,17,1.32
1862,228062,0.0434,-0.1039,1.0743,1.3563,-0.2887,11.7688,1000.8887,left_turn,222.06,17,1.38
1863,228122,0.0171,-0.134,0.9479,0.2625,-0.49,12.3638,1000.8838,left_turn,222.12,17,1.44
1864,228182,0.0422,-0.1446,0.9701,0.1838,-0.4725,12.9412,1000.8918,left_turn,222.18,17,1.5
1865,228242,0.0581,-0.0763,1.0167,-1.1812,0.7613,12.9325,1000.8994,left_turn,222.24,17,1.56
1866,228302,0.0295,-0.0923,0.9084,0.7437,0.6125,13.2563,1000.8906,left_turn,222.3,17,1.62
1867,228362,0.0346,-0.1266,0.9646,-0.6037,-0.4025,13.3,1000.8943,left_turn,222.36,17,1.68
1868,228422,0.0278,-0.1842,1.0153,0.4638,-0.3325,13.8687,1000.8982,left_turn,222.42,17,1.74
1869,228482,0.0466,-0.1508,1.0033,-0.0525,-1.155,14.2013,1000.8784,left_turn,222.48,17,1.8
1870,228542,0.032,-0.1659,1.0111,-0.3325,-1.715,14.9275,1000.8989,left_turn,222.54,17,1.86
1871,228602,0.0485,-0.1827,1.0535,1.2513,-0.56,15.1462,1000.9114,left_turn,222.6,17,1.92
1872,228662,0.0439,-0.1543,0.9786,0.9187,-1.26,15.6538,1000.9062,left_turn,222.66,17,1.98
1873,228722,0.0315,-0.1632,0.9612,-0.2275,-0.9538,16.275,1000.9009,left_turn,222.72,17,2.04
1874,228782,0.0705,-0.1144,0.9438,-0.315,-1.2775,16.7738,1000.8984,left_turn,222.78,17,2.1
1875,228842,0.073,-0.1418,1.0272,-1.3475,-0.6125,17.885,1000.8835,left_turn,222.84,17,2.16
1876,228902,0.0364,-0.2702,1.0072,0.735,1.155,18.4625,1000.8914,left_turn,222.9,17,2.22
1877,228962,0.0586,-0.2076,1.0105,0.6562,0.5163,18.655,1000.9026,left_turn,222.96,17,2.28
1878,229022,0.0347,-0.182,1.0048,1.19,1.2513,19.25,1000.9016,left_turn,223.02,17,2.34
1879,229082,0.0769,-0.2166,1.0641,2.0038,1.925,18.8825,1000.9048,left_turn,223.08,17,2.4
1880,229142,0.0714,-0.1905,1.0738,2.8175,2.9137,19.3638,1000.9026,left_turn,223.14,17,2.46
1881,229202,0.0392,-0.1838,1.0246,-0.105,1.4,19.81,1000.8936,left_turn,223.2,17,2.52
1882,229262,0.0666,-0.2316,1.0246,-0.9975,-0.9625,19.8975,1000.8989,left_turn,223.26,17,2.58
1883,229322,0.0467,-0.1823,1.0623,0.4462,2.0738,20.1075,1000.9011,left_turn,223.32,17,2.64
1884,229382,0.0035,-0.1846,0.9711,-0.0175,1.3913,19.635,1000.9207,left_turn,223.38,17,2.7
1885,229442,0.057,-0.1332,1.0077,0.665,0.2975,19.8363,1000.9106,left_turn,223.44,17,2.76
1886,229502,0.0651,-0.1673,0.9572,0.945,-1.0938,20.3525,1000.9006,left_turn,223.5,17,2.82
1887,229562,0.0662,-0.2381,1.0751,1.435,0.2625,20.3612,1000.9189,left_turn,223.56,17,2.88
1888,229622,0.0584,-0.1308,1.0538,1.8637,-0.1138,20.7638,1000.9236,left_turn,223.62,17,2.94
1889,229682,0.0139,-0.2242,0.9435,1.0588,-1.1463,20.8687,1000.9106,left_turn,223.68,17,3.0
1890,229742,0.0449,-0.1288,0.9406,0.3938,-1.1463,20.825,1000.9263,left_turn,223.74,17,3.06
1891,229802,0.019,-0.1466,0.9619,-0.3325,0.7175,20.8512,1000.9241,left_turn,223.8,17,3.12
1892,229862,0.0327,-0.1784,1.0228,0.1488,0.6475,20.16,1000.9028,left_turn,223.86,17,3.18
1893,229922,0.0417,-0.162,0.9448,-0.6212,1.9162,20.2125,1000.9226,left_turn,223.92,17,3.24
1894,229982,0.0568,-0.1635,1.0297,0.35,0.7437,20.1863,1000.9143,left_turn,223.98,17,3.3
1895,230042,0.0478,-0.2115,0.916,0.9625,-1.05,20.3088,1000.9292,left_turn,224.04,17,3.36
1896,230102,0.0762,-0.1764,1.0653,1.365,-0.9625,20.2213,1000.928,left_turn,224.1,17,3.42
1897,230162,0.0337,-0.1323,1.0227,1.5225,0.6737,20.2038,1000.9316,left_turn,224.16,17,3.48
1898,230222,0.0361,-0.2003,0.9697,2.7125,-0.77,20.2738,1000.9185,left_turn,224.22,17,3.54
1899,230282,0.0551,-0.1632,0.9743,0.49,-0.7788,20.0112,1000.9236,left_turn,224.28,17,3.6
1900,230342,0.0434,-0.1362,1.039,-0.8487,0.1488,19.9237,1000.9214,left_turn,224.34,17,3.66
1901,230402,0.0175,-0.1432,1.04,2.5025,0.945,19.6525,1000.9087,left_turn,224.4,17,3.72
1902,230462,0.0286,-0.1152,1.0472,0.1138,0.8838,18.97,1000.9109,left_turn,224.46,17,3.78
1903,230522,0.0257,-0.1437,1.0274,-0.4988,1.0412,18.62,1000.9077,left_turn,224.52,17,3.84
1904,230582,0.0702,-0.1722,1.0777,0.3413,0.49,18.7075,1000.9187,left_turn,224.58,17,3.9
1905,230642,0.0278,-0.1967,0.9524,0.8838,1.0938,18.6025,1000.9214,left_turn,224.64,17,3.96
1906,230702,-0.0181,-0.1852,0.9887,0.6475,3.01,18.8563,1000.9353,left_turn,224.7,17,4.02
1907,230762,0.0102,-0.1288,0.9423,1.1025,1.4438,18.2612,1000.9285,left_turn,224.76,17,4.08
1908,230822,0.0059,-0.1637,1.0041,0.6913,0.595,18.3925,1000.9238,left_turn,224.82,17,4.14
1909,230882,-0.0242,-0.1224,1.0263,-0.35,1.7675,18.1825,1000.9346,left_turn,224.88,17,4.2
1910,230942,-0.0395,-0.2036,0.9384,-0.3762,0.35,17.8412,1000.9209,left_turn,224.94,17,4.26
1911,231002,0.0002,-0.2021,1.015,-0.0787,1.7587,17.5613,1000.9312,left_turn,225.0,17,4.32
1912,231062,-0.0275,-0.2018,1.0482,1.7675,1.68,17.43,1000.9287,left_turn,225.06,17,4.38
1913,231122,-0.0392,-0.0947,1.0014,0.8575,-0.2625,17.2638,1000.9172,left_turn,225.12,17,4.44
1914,231182,0.0015,-0.1254,1.0423,2.2313,1.0063,16.7825,1000.8999,left_turn,225.18,17,4.5
1915,231242,-0.0459,-0.1398,0.9923,0.4025,-0.0787,16.2225,1000.895,left_turn,225.24,17,4.56
1916,231302,-0.0349,-0.1263,0.9714,-1.3737,0.21,15.8988,1000.9131,left_turn,225.3,17,4.62
1917,231362,0.0026,-0.1735,1.0709,0.3762,1.8025,15.9862,1000.9221,left_turn,225.36,17,4.68
1918,231422,-0.0384,-0.1739,0.9687,0.6825,1.1812,15.75,1000.8989,left_turn,225.42,17,4.74
1919,231482,0.0013,-0.1296,1.0321,1.3825,-0.385,16.0037,1000.8857,left_turn,225.48,17,4.8
1920,231542,-0.0144,-0.1757,0.9589,1.4963,1.19,15.9775,1000.8994,left_turn,225.54,17,4.86
1921,231602,-0.0669,-0.1765,0.936,1.1812,0.2362,15.5925,1000.874,left_turn,225.6,17,4.92
1922,231662,-0.031,-0.1199,0.9555,1.2075,-0.4112,15.4525,1000.884,left_turn,225.66,17,4.98
1923,231722,-0.0142,-0.0842,1.0787,0.2975,-0.14,15.1462,1000.8914,left_turn,225.72,17,5.04
1924,231782,-0.018,-0.1413,0.9272,-0.9712,-1.33,15.3212,1000.8818,left_turn,225.78,17,5.1
1925,231842,-0.0569,-0.1427,0.9977,-0.1925,-1.12,15.0675,1000.887,left_turn,225.84,17,5.16
1926,231902,-0.034,-0.1615,0.987,1.6537,-1.1025,14.2712,1000.8738,left_turn,225.9,17,5.22
1927,231962,-0.0393,-0.1599,0.9284,-0.6825,-1.2862,14.0175,1000.8784,left_turn,225.96,17,5.28
1928,232022,-0.0134,-0.1337,1.0135,-0.7525,-1.3913,13.9038,1000.8799,left_turn,226.02,17,5.34
1929,232082,-0.01,-0.0742,1.0709,0.98,-0.4988,13.6587,1000.8774,left_turn,226.08,17,5.4
1930,232142,-0.0382,-0.1305,1.0024,1.3125,0.0088,13.4137,1000.877,left_turn,226.14,17,5.46
1931,232202,-0.0412,-0.0578,1.0085,0.7,1.0237,13.3525,1000.8765,left_turn,226.2,17,5.52
1932,232262,-0.0608,-0.1526,0.9848,1.4787,3.8937,12.88,1000.8643,left_turn,226.26,17,5.58
1933,232322,-0.0173,-0.1042,1.0175,-0.1225,2.4588,12.25,1000.8503,left_turn,226.32,17,5.64
1934,232382,0.0059,-0.0969,0.9433,0.735,1.7938,11.8825,1000.8352,left_turn,226.38,17,5.7
1935,232442,-0.0198,-0.0788,0.9841,0.735,0.6562,11.0162,1000.8264,left_turn,226.44,17,5.76
1936,232502,-0.0178,-0.02,0.9758,1.0588,0.3237,10.4388,1000.8269,left_turn,226.5,17,5.82
1937,232562,-0.0112,-0.0124,1.0221,-0.07,-0.35,9.625,1000.8298,left_turn,226.56,17,5.88
1938,232622,0.0117,-0.0708,1.0004,-0.1225,0.3413,9.1,1000.8215,left_turn,226.62,17,5.94
1939,232682,-0.0024,-0.0145,1.0472,-2.0563,-0.6212,8.2338,1000.8164,left_turn,226.68,17,6.0
1940,232742,-0.0076,-0.1008,1.0479,-0.3762,0.0175,8.4175,1000.8105,left_turn,226.74,17,6.06
1941,232802,-0.0398,-0.0546,0.9018,-0.1138,-0.63,7.9713,1000.8108,left_turn,226.8,17,6.12
1942,232862,0.0071,-0.0695,1.0045,0.4375,-0.105,7.7087,1000.8149,left_turn,226.86,17,6.18
1943,232922,-0.0012,-0.0771,0.9684,-0.2275,-0.28,7.7087,1000.8188,left_turn,226.92,17,6.24
1944,232982,0.0047,-0.0417,0.9542,0.0,-1.0762,7.4812,1000.8284,left_turn,226.98,17,6.3
1945,233042,-0.0176,-0.0306,0.9155,0.0437,-0.3762,7.28,1000.823,left_turn,227.04,17,6.36
1946,233102,-0.0007,-0.1095,0.987,-0.105,0.5425,6.895,1000.8408,left_turn,227.1,17,6.42
1947,233162,0.0393,-0.0945,0.997,1.1638,-0.4288,7.4025,1000.8394,left_turn,227.16,17,6.48
1948,233222,0.0755,-0.0407,0.9714,1.1375,-1.5225,6.65,1000.8445,left_turn,227.22,17,6.54
1949,233282,0.0561,-0.0278,0.9947,0.945,-0.7262,6.2213,1000.8535,left_turn,227.28,17,6.6
1950,233342,0.072,0.0007,0.9648,1.7763,0.9538,5.8275,1000.8557,left_turn,227.34,17,6.66
1951,233402,0.0664,-0.0576,1.065,0.2625,1.9512,5.6,1000.8611,left_turn,227.4,17,6.72
1952,233462,0.0288,-0.0163,0.9578,0.3675,0.91,5.0925,1000.8516,left_turn,227.46,17,6.78
1953,233522,0.0161,-0.0068,0.9858,-0.0262,0.2625,4.6725,1000.8604,left_turn,227.52,17,6.84
1954,233582,0.0544,-0.0079,1.024,-1.2337,0.6825,4.4275,1000.8721,left_turn,227.58,17,6.9
1955,233642,0.0407,-0.0071,1.0538,-1.2162,0.525,4.165,1000.8606,left_turn,227.64,17,6.96
1956,233702,0.0378,-0.0251,1.0468,-0.1838,0.9975,3.9725,1000.8616,left_turn,227.7,17,7.02
1957,233762,0.0784,-0.0655,1.0689,0.1488,1.0762,4.2787,1000.8513,left_turn,227.76,17,7.08
1958,233822,0.0525,0.0251,1.0236,1.1463,-1.9162,3.8588,1000.8496,left_turn,227.82,17,7.14
1959,233882,-0.0129,-0.0658,0.937,2.31,0.105,3.6837,1000.8696,left_turn,227.88,17,7.2
1960,233942,-0.002,-0.0495,0.9289,1.4088,0.2887,4.165,1000.8513,left_turn,227.94,17,7.26
1961,234002,0.0581,-0.0082,0.9284,0.77,-0.4462,4.095,1000.854,left_turn,228.0,17,7.32
1962,234062,0.0249,-0.0386,0.998,-1.2687,-0.63,4.4713,1000.856,left_turn,228.06,17,7.38
1963,234122,0.0144,-0.0149,1.0328,-0.0787,-0.0962,3.7713,1000.864,left_turn,228.12,17,7.44
1964,234182,0.0246,-0.0512,1.0089,-0.525,-0.5337,3.2987,1000.8618,left_turn,228.18,17,7.5
1965,234242,-0.0168,-0.0339,0.972,2.135,0.9538,3.535,1000.8542,left_turn,228.24,17,7.56
1966,234302,0.0146,0.0012,0.8545,1.155,-1.5312,3.0538,1000.8491,left_turn,228.3,17,7.62
1967,234362,0.0475,0.0178,0.9618,-1.4262,0.2013,3.6488,1000.8518,left_turn,228.36,17,7.68
1968,234422,0.0023,-0.0595,0.9248,-0.84,-0.2713,3.8763,1000.8594,left_turn,228.42,17,7.74
1969,234482,0.0953,0.0458,1.1326,-0.91,-0.8575,3.4388,1000.8706,left_turn,228.48,17,7.8
1970,234542,0.0074,0.0198,0.9974,-0.3413,-0.595,3.0975,1000.8794,left_turn,228.54,17,7.86
1971,234602,0.0146,-0.0405,1.006,0.6825,-1.0412,3.0363,1000.8745,left_turn,228.6,17,7.92
1972,234662,0.0224,0.0041,0.9697,1.2162,-2.1613,3.01,1000.8757,left_turn,228.66,17,7.98
1973,234722,-0.0057,0.0018,0.9542,1.0325,-0.4288,3.1063,1000.8691,left_turn,228.72,17,8.04
1974,234782,0.0063,0.0362,1.0199,0.945,0.105,2.9313,1000.863,left_turn,228.78,17,8.1
1975,234842,-0.0173,0.0639,0.9853,0.4638,0.175,2.2575,1000.8655,left_turn,228.84,17,8.16
1976,234902,-0.0283,-0.0483,1.0231,0.9013,1.2162,1.4963,1000.8621,left_turn,228.9,17,8.22
1977,234962,-0.0317,0.0424,0.9936,0.7088,0.5688,1.295,1000.8596,left_turn,228.96,17,8.28
1978,235022,-0.0576,-0.0711,0.8923,1.1988,-1.33,1.4,1000.8635,left_turn,229.02,17,8.34
1979,235082,-0.0295,0.1086,1.0085,0.8575,0.105,0.9362,1000.8596,left_turn,229.08,17,8.4
1980,240242,0.0629,-0.0185,0.9237,-0.9275,-0.2887,0.4988,1000.916,left_turn,234.24,18,0.0
1981,240302,0.0761,-0.0366,0.9963,-1.3388,-0.5512,1.575,1000.9204,left_turn,234.3,18,0.06
1982,240362,0.0777,-0.0278,1.0618,-0.1225,1.3212,2.2487,1000.9172,left_turn,234.36,18,0.12
1983,240422,0.0589,-0.0317,0.9994,-0.91,-0.0262,3.3163,1000.927,left_turn,234.42,18,0.18
1984,240482,0.099,-0.0861,1.0732,-1.9775,0.6562,4.3837,1000.9204,left_turn,234.48,18,0.24
1985,240542,0.0766,-0.1025,1.0238,-1.8112,-0.4462,6.0025,1000.9216,left_turn,234.54,18,0.3
1986,240602,0.1113,-0.0691,1.137,-1.19,0.2713,6.8863,1000.9292,left_turn,234.6,18,0.36
1987,240662,0.1085,-0.1218,1.0516,-0.0962,-0.6212,8.155,1000.9246,left_turn,234.66,18,0.42
1988,240722,0.1295,-0.1383,1.0261,-0.5163,0.56,9.625,1000.9167,left_turn,234.72,18,0.48
1989,240782,0.0661,-0.1254,0.9607,0.2975,0.6388,10.9025,1000.9146,left_turn,234.78,18,0.54
1990,240842,0.0777,-0.1579,1.0912,-0.3325,0.735,11.7425,1000.9138,left_turn,234.84,18,0.6
1991,240902,0.0529,-0.154,0.8667,-0.42,-2.065,12.7487,1000.895,left_turn,234.9,18,0.66
1992,240962,0.0727,-0.1544,0.9304,-0.35,-1.0325,13.5887,1000.9058,left_turn,234.96,18,0.72
1993,241022,0.093,-0.1618,0.9969,0.0787,-0.7437,13.755,1000.9043,left_turn,235.02,18,0.78
1994,241082,0.1063,-0.0761,1.0736,-0.6212,0.9712,13.7638,1000.918,left_turn,235.08,18,0.84
1995,241142,0.0927,-0.1254,1.0106,0.0262,1.155,14.6562,1000.916,left_turn,235.14,18,0.9
1996,241202,0.0912,-0.2389,0.9862,-0.7613,-0.5775,15.1112,1000.915,left_turn,235.2,18,0.96
1997,241262,0.1059,-0.1098,1.0155,0.6562,0.7088,15.8375,1000.9211,left_turn,235.26,18,1.02
1998,241322,0.1171,-0.1915,0.9145,-0.2625,-1.8725,16.7388,1000.9231,left_turn,235.32,18,1.08
1999,241382,0.0854,-0.1823,0.9348,-1.7413,-0.0613,17.5525,1000.9106,left_turn,235.38,18,1.14
2000,241442,0.1008,-0.2008,0.9884,-2.2838,0.77,17.675,1000.9146,left_turn,235.44,18,1.2
2001,241502,0.106,-0.1926,0.9687,-0.8313,0.2625,18.4713,1000.9207,left_turn,235.5,18,1.26
2002,241562,0.0947,-0.2255,0.9805,0.2713,0.2013,19.075,1000.9214,left_turn,235.56,18,1.32
2003,241622,0.1005,-0.2008,0.965,0.9712,0.595,19.4775,1000.9265,left_turn,235.62,18,1.38
2004,241682,0.078,-0.1634,0.9753,0.525,0.1663,19.8363,1000.9141,left_turn,235.68,18,1.44
2005,241742,0.1074,-0.1791,1.015,1.26,-0.2625,20.9912,1000.9272,left_turn,235.74,18,1.5
2006,241802,0.1354,-0.143,1.0277,-0.8225,-0.4375,21.4112,1000.9404,left_turn,235.8,18,1.56
2007,241862,0.1019,-0.194,1.0019,0.2975,0.6562,21.9188,1000.9329,left_turn,235.86,18,1.62
2008,241922,0.1243,-0.2345,0.9792,0.7613,0.3587,22.4,1000.9326,left_turn,235.92,18,1.68
2009,241982,0.1357,-0.1801,1.0405,-1.3825,-0.7262,23.31,1000.939,left_turn,235.98,18,1.74
2010,242042,0.1139,-0.194,1.1624,-0.0787,0.1138,23.6075,1000.9404,left_turn,236.04,18,1.8
2011,242102,0.1063,-0.1685,1.0253,-0.7088,0.6737,23.8787,1000.9304,left_turn,236.1,18,1.86
2012,242162,0.0791,-0.174,0.8996,0.3587,-1.3737,23.6162,1000.946,left_turn,236.16,18,1.92
2013,242222,0.0659,-0.2474,0.9294,0.385,0.0437,24.29,1000.9417,left_turn,236.22,18,1.98
2014,242282,0.0794,-0.2094,1.0146,0.3063,1.61,24.4825,1000.9446,left_turn,236.28,18,2.04
2015,242342,0.0632,-0.1835,0.9635,0.2625,0.0962,25.4625,1000.9336,left_turn,236.34,18,2.1
2016,242402,0.0749,-0.2311,0.9935,0.2975,0.4812,25.5588,1000.9409,left_turn,236.4,18,2.16
2017,242462,0.0842,-0.1957,1.0407,0.3325,-1.085,26.3988,1000.9399,left_turn,236.46,18,2.22
2018,242522,0.0529,-0.2901,0.9232,-0.3762,-1.9075,26.775,1000.9282,left_turn,236.52,18,2.28
2019,242582,0.0274,-0.2898,0.9642,1.7938,1.0237,27.02,1000.9304,left_turn,236.58,18,2.34
2020,242642,0.0547,-0.21,0.9812,1.3125,-0.4638,26.95,1000.9456,left_turn,236.64,18,2.4
2021,242702,0.0258,-0.2928,0.9707,2.1263,0.6125,27.4487,1000.9351,left_turn,236.7,18,2.46
2022,242762,0.0366,-0.2167,0.9443,3.0538,0.735,27.6763,1000.9424,left_turn,236.76,18,2.52
2023,242822,0.0515,-0.2044,0.944,1.365,-1.1638,27.4925,1000.9136,left_turn,236.82,18,2.58
2024,242882,0.0334,-0.1642,0.9512,1.295,-0.3675,27.44,1000.9321,left_turn,236.88,18,2.64
2025,242942,0.0483,-0.1857,0.9697,-0.3063,-0.9538,27.3088,1000.9229,left_turn,236.94,18,2.7
2026,243002,0.0329,-0.2072,0.974,-1.05,-0.105,27.7638,1000.9316,left_turn,237.0,18,2.76
2027,243062,0.0586,-0.186,0.9955,-0.2975,-1.3737,27.1162,1000.9417,left_turn,237.06,18,2.82
2028,243122,0.1005,-0.214,1.0762,0.0613,-1.5312,27.335,1000.9329,left_turn,237.12,18,2.88
2029,243182,0.0261,-0.2923,0.8955,0.8313,-0.2625,27.5625,1000.9385,left_turn,237.18,18,2.94
2030,243242,0.07,-0.222,1.0365,2.0038,-0.42,27.755,1000.9348,left_turn,237.24,18,3.0
2031,243302,0.06,-0.2723,0.9838,0.7962,-0.1488,27.6238,1000.9304,left_turn,237.3,18,3.06
2032,243362,0.0243,-0.1737,1.0275,2.94,0.0,27.7463,1000.9351,left_turn,237.36,18,3.12
2033,243422,0.0467,-0.1937,1.0207,-1.1113,0.28,27.8337,1000.9375,left_turn,237.42,18,3.18
2034,243482,-0.0063,-0.2171,0.9462,0.7262,0.2713,28.84,1000.9192,left_turn,237.48,18,3.24
2035,243542,-0.0085,-0.255,0.9992,-1.5137,-1.12,28.4725,1000.9241,left_turn,237.54,18,3.3
2036,243602,-0.0273,-0.2197,1.0624,-0.4988,1.3475,27.86,1000.9348,left_turn,237.6,18,3.36
2037,243662,0.0176,-0.2206,1.0062,1.5925,-0.735,26.6787,1000.9541,left_turn,237.66,18,3.42
2038,243722,-0.0261,-0.1748,1.026,2.6337,0.1225,25.5938,1000.9414,left_turn,237.72,18,3.48
2039,243782,0.0154,-0.1637,0.9977,1.96,-0.7437,24.8675,1000.9417,left_turn,237.78,18,3.54
2040,243842,-0.0046,-0.2257,1.0329,1.9162,-1.295,24.5525,1000.9414,left_turn,237.84,18,3.6
2041,243902,-0.0563,-0.1796,0.994,0.9625,0.2713,24.15,1000.9358,left_turn,237.9,18,3.66
2042,243962,-0.0412,-0.1856,0.9349,0.105,0.3675,23.7125,1000.927,left_turn,237.96,18,3.72
2043,244022,-0.044,-0.1671,1.0057,0.735,0.1925,23.2838,1000.9375,left_turn,238.02,18,3.78
2044,244082,0.0081,-0.2228,1.0016,-0.0088,0.385,22.785,1000.9431,left_turn,238.08,18,3.84
2045,244142,-0.0229,-0.1729,1.0146,1.1463,0.6562,21.8662,1000.9441,left_turn,238.14,18,3.9
2046,244202,-0.0148,-0.1831,1.0026,2.5287,-0.7437,21.0613,1000.9314,left_turn,238.2,18,3.96
2047,244262,-0.0032,-0.1208,0.9708,2.9575,0.0962,20.02,1000.9324,left_turn,238.26,18,4.02
2048,244322,-0.0147,-0.1517,0.9775,3.1412,-0.175,19.215,1000.927,left_turn,238.32,18,4.08
2049,244382,-0.0237,-0.1177,1.0624,3.2812,1.4787,18.4013,1000.9336,left_turn,238.38,18,4.14
2050,244442,-0.0834,-0.059,1.0008,2.1525,1.2687,16.6425,1000.9189,left_turn,238.44,18,4.2
2051,244502,-0.0369,-0.0917,0.9914,2.975,-0.1312,15.1112,1000.929,left_turn,238.5,18,4.26
2052,244562,-0.081,-0.0459,0.9401,3.955,0.9362,12.8538,1000.9307,left_turn,238.56,18,4.32
2053,244622,-0.011,0.0264,1.0873,1.8463,1.6275,11.3575,1000.9209,left_turn,238.62,18,4.38
2054,244682,-0.0315,0.0554,0.997,1.0588,-1.1463,9.7212,1000.9233,left_turn,238.68,18,4.44
2055,244742,-0.0839,-0.0029,1.0177,1.9688,0.0088,8.1375,1000.9114,left_turn,238.74,18,4.5
2056,244802,-0.0121,-0.0414,1.0036,0.525,-2.0475,6.2213,1000.9165,left_turn,238.8,18,4.56
2057,244862,-0.0759,-0.0079,0.9272,0.0613,-2.5638,5.5738,1000.9211,left_turn,238.86,18,4.62
2058,244922,0.0176,-0.0641,1.0244,1.2162,-1.6537,4.69,1000.9143,left_turn,238.92,18,4.68
2059,244982,0.0046,-0.0232,1.0241,1.8463,0.1488,3.8763,1000.9141,left_turn,238.98,18,4.74
2060,245042,-0.01,0.0486,1.1463,2.87,1.2162,2.2313,1000.9075,left_turn,239.04,18,4.8
2061,245102,-0.0493,-0.0379,0.8842,3.0187,0.8313,1.4175,1000.9038,left_turn,239.1,18,4.86
2062,245162,-0.0761,0.0969,0.9353,0.98,2.5725,0.8313,1000.9075,left_turn,239.16,18,4.92
2063,250682,0.1024,0.0263,1.049,0.9887,-0.3325,0.7262,1000.8396,left_turn,244.68,19,0.0
2064,250742,0.0857,-0.0124,1.0043,1.0325,-0.98,1.4612,1000.8308,left_turn,244.74,19,0.06
2065,250802,0.061,0.0332,0.9701,-0.2013,-1.155,1.54,1000.8347,left_turn,244.8,19,0.12
2066,250862,0.0503,0.0342,0.927,-0.105,0.4988,1.5838,1000.8196,left_turn,244.86,19,0.18
2067,250922,0.0705,0.0066,0.9797,0.56,0.0,1.9688,1000.8318,left_turn,244.92,19,0.24
2068,250982,0.0719,-0.0778,1.0152,0.8575,0.3675,2.87,1000.8342,left_turn,244.98,19,0.3
2069,251042,0.0364,-0.0785,0.9699,1.8375,0.7175,3.4562,1000.8174,left_turn,245.04,19,0.36
2070,251102,0.0844,-0.0461,0.9319,1.7763,-0.8313,3.8937,1000.8308,left_turn,245.1,19,0.42
2071,251162,0.0715,-0.0367,1.0341,0.945,0.6475,4.9,1000.8257,left_turn,245.16,19,0.48
2072,251222,-0.0005,-0.04,0.9936,0.7,0.945,5.705,1000.8398,left_turn,245.22,19,0.54
2073,251282,0.0713,-0.0832,1.1,-0.595,0.84,5.9675,1000.8228,left_turn,245.28,19,0.6
2074,251342,0.0588,-0.0656,0.9451,0.4288,0.455,7.1663,1000.8369,left_turn,245.34,19,0.66
2075,251402,0.0717,-0.1716,1.0934,-1.5838,-0.1488,7.7962,1000.835,left_turn,245.4,19,0.72
2076,251462,0.0829,-0.0545,1.0704,0.3237,1.68,8.3475,1000.8303,left_turn,245.46,19,0.78
2077,251522,0.0988,-0.0778,0.9212,1.9162,0.6737,8.6625,1000.8423,left_turn,245.52,19,0.84
2078,251582,0.1108,-0.1164,0.9801,3.5175,-0.28,9.45,1000.834,left_turn,245.58,19,0.9
2079,251642,0.0858,-0.111,1.015,1.9338,0.5775,10.2812,1000.8411,left_turn,245.64,19,0.96
2080,251702,0.0656,-0.1174,1.0244,2.7825,0.5425,10.9637,1000.8345,left_turn,245.7,19,1.02
2081,251762,0.058,-0.1322,0.9501,2.4938,-0.5425,11.725,1000.834,left_turn,245.76,19,1.08
2082,251822,0.0572,-0.0939,1.0402,2.4588,0.6388,12.5475,1000.8301,left_turn,245.82,19,1.14
2083,251882,0.042,-0.1439,1.0066,1.0762,1.225,12.6263,1000.8286,left_turn,245.88,19,1.2
2084,251942,0.0381,-0.1546,0.9877,0.385,0.0787,13.5275,1000.8284,left_turn,245.94,19,1.26
2085,252002,0.0869,-0.1036,1.1046,0.7437,0.8575,13.9563,1000.8254,left_turn,246.0,19,1.32
2086,252062,0.0571,-0.1452,0.9358,-0.63,-1.9075,14.8925,1000.8335,left_turn,246.06,19,1.38
2087,252122,0.0705,-0.131,0.9781,0.9362,-1.6363,15.4613,1000.832,left_turn,246.12,19,1.44
2088,252182,0.0678,-0.1954,1.0127,1.7675,0.6475,16.2138,1000.8345,left_turn,246.18,19,1.5
2089,252242,0.0842,-0.1729,1.0105,1.3825,0.3675,17.6138,1000.8235,left_turn,246.24,19,1.56
2090,252302,0.0595,-0.1671,1.0483,0.9712,0.5775,18.6287,1000.8184,left_turn,246.3,19,1.62
2091,252362,0.0163,-0.2183,1.0148,1.19,0.3063,19.845,1000.8379,left_turn,246.36,19,1.68
2092,252422,0.0578,-0.1817,1.0333,1.8112,0.5775,20.2563,1000.8379,left_turn,246.42,19,1.74
2093,252482,0.0243,-0.1282,0.9658,1.6712,0.2188,20.6763,1000.8308,left_turn,246.48,19,1.8
2094,252542,0.0244,-0.1894,0.9911,1.4875,2.5025,21.8487,1000.8403,left_turn,246.54,19,1.86
2095,252602,0.0464,-0.2033,0.9679,0.5512,0.84,21.9538,1000.8435,left_turn,246.6,19,1.92
2096,252662,0.1123,-0.2333,1.1004,-1.2862,-0.0962,23.6688,1000.8552,left_turn,246.66,19,1.98
2097,252722,0.0591,-0.2384,0.9616,-2.73,0.0,24.8062,1000.8503,left_turn,246.72,19,2.04
2098,252782,0.035,-0.2499,0.9906,-2.5988,0.5075,25.3925,1000.8452,left_turn,246.78,19,2.1
2099,252842,0.0351,-0.2665,0.9077,-2.7125,-0.9187,25.725,1000.8499,left_turn,246.84,19,2.16
2100,252902,-0.0047,-0.3557,0.9443,-1.5662,0.0175,26.6787,1000.8528,left_turn,246.9,19,2.22
2101,252962,0.0702,-0.1907,1.1005,1.96,-1.3125,27.0725,1000.8608,left_turn,246.96,19,2.28
2102,253022,0.0545,-0.1376,1.0043,2.3712,-0.9362,27.4662,1000.8552,left_turn,247.02,19,2.34
2103,253082,0.0973,-0.4152,1.0453,1.925,-1.925,27.9737,1000.8508,left_turn,247.08,19,2.4
2104,253142,0.0571,-0.1983,0.974,2.5638,-0.8662,28.35,1000.8389,left_turn,247.14,19,2.46
2105,253202,0.0317,-0.1338,0.9401,2.1525,0.4025,28.2625,1000.8398,left_turn,247.2,19,2.52
2106,253262,0.0519,-0.2379,0.9728,1.3475,-0.9275,28.1138,1000.8535,left_turn,247.26,19,2.58
2107,253322,0.0412,-0.2547,0.9118,4.4012,1.5838,27.9912,1000.8604,left_turn,247.32,19,2.64
2108,253382,0.0166,-0.2461,1.0277,1.855,2.2575,27.755,1000.8491,left_turn,247.38,19,2.7
2109,253442,-0.0081,-0.2353,0.7835,1.3737,-0.315,28.2625,1000.8516,left_turn,247.44,19,2.76
2110,253502,0.0222,-0.1991,0.9801,-0.3325,-0.5512,29.225,1000.8472,left_turn,247.5,19,2.82
2111,253562,-0.0439,-0.2111,0.9016,0.6475,-1.8463,28.0613,1000.8518,left_turn,247.56,19,2.88
2112,253622,0.0329,-0.2432,0.9887,0.1925,1.5488,27.8337,1000.8655,left_turn,247.62,19,2.94
2113,253682,0.0794,-0.1588,1.0687,0.4725,-0.1488,27.6675,1000.8704,left_turn,247.68,19,3.0
2114,253742,-0.0031,-0.2337,0.9482,1.2775,2.3537,27.7288,1000.863,left_turn,247.74,19,3.06
2115,253802,-0.0124,-0.2838,0.9243,1.1287,0.4725,27.5537,1000.8569,left_turn,247.8,19,3.12
2116,253862,0.0331,-0.3513,1.0851,3.0013,-0.0787,27.7725,1000.8748,left_turn,247.86,19,3.18
2117,253922,-0.0068,-0.2477,0.9546,3.8763,-1.4525,27.6413,1000.8823,left_turn,247.92,19,3.24
2118,253982,0.0549,-0.2389,1.0892,2.555,0.0787,28.455,1000.8748,left_turn,247.98,19,3.3
2119,254042,0.0173,-0.1114,1.0465,1.6888,2.1263,28.2537,1000.8777,left_turn,248.04,19,3.36
2120,254102,-0.0036,-0.1982,0.9257,1.3212,0.2362,28.2188,1000.8689,left_turn,248.1,19,3.42
2121,254162,0.0429,-0.1993,1.1256,1.6625,1.3913,28.2188,1000.8921,left_turn,248.16,19,3.48
2122,254222,0.0097,-0.2033,0.8655,-0.8225,-2.4938,27.7025,1000.8821,left_turn,248.22,19,3.54
2123,254282,-0.0071,-0.2539,1.0428,-0.2713,0.7788,26.9237,1000.8762,left_turn,248.28,19,3.6
2124,254342,0.0047,-0.1684,1.0295,3.0712,-0.3325,26.04,1000.8757,left_turn,248.34,19,3.66
2125,254402,0.0087,-0.2054,0.9891,2.9838,-1.3212,25.3662,1000.8738,left_turn,248.4,19,3.72
2126,254462,-0.0034,-0.1874,0.917,2.7475,0.8138,24.5263,1000.876,left_turn,248.46,19,3.78
2127,254522,0.0229,-0.1515,1.1277,1.6975,1.7587,23.9575,1000.887,left_turn,248.52,19,3.84
2128,254582,-0.0896,-0.1166,0.9838,3.0275,1.8025,22.8725,1000.8799,left_turn,248.58,19,3.9
2129,254642,-0.0652,-0.052,1.0228,2.4675,0.7437,21.7262,1000.8853,left_turn,248.64,19,3.96
2130,254702,0.0171,-0.1759,0.9909,0.6825,0.8575,20.4837,1000.8657,left_turn,248.7,19,4.02
2131,254762,-0.0178,-0.1037,1.0652,1.9162,-0.0262,19.5737,1000.8774,left_turn,248.76,19,4.08
2132,254822,-0.001,-0.1338,0.9961,1.0063,1.0063,18.7337,1000.8782,left_turn,248.82,19,4.14
2133,254882,-0.0449,-0.1449,0.9604,0.0,-0.6125,17.8937,1000.8782,left_turn,248.88,19,4.2
2134,254942,0.0029,-0.0507,1.0548,3.1325,0.385,16.3713,1000.8828,left_turn,248.94,19,4.26
2135,255002,-0.0049,-0.0468,1.0173,2.7912,-0.3413,15.19,1000.8923,left_turn,249.0,19,4.32
2136,255062,-0.022,-0.0381,1.0,1.6275,-0.6037,13.8337,1000.894,left_turn,249.06,19,4.38
2137,255122,-0.0342,-0.0159,0.9667,2.7213,-1.4875,11.935,1000.8926,left_turn,249.12,19,4.44
2138,255182,-0.0376,-0.0396,1.0488,2.4062,1.05,10.92,1000.9004,left_turn,249.18,19,4.5
2139,255242,-0.0541,0.054,0.957,1.925,-0.2188,9.1263,1000.8892,left_turn,249.24,19,4.56
2140,255302,-0.0146,0.0159,1.039,1.2337,-2.3625,8.155,1000.8743,left_turn,249.3,19,4.62
2141,255362,-0.0324,0.0056,0.9928,1.0063,-0.7613,6.7987,1000.8813,left_turn,249.36,19,4.68
2142,255422,-0.0815,0.0476,0.861,0.9013,1.0237,5.3637,1000.877,left_turn,249.42,19,4.74
2143,255482,-0.0473,0.0259,0.9745,1.7938,-0.6475,4.6988,1000.8894,left_turn,249.48,19,4.8
2144,255542,-0.0005,0.011,1.0336,0.1925,-0.2013,4.5763,1000.8975,left_turn,249.54,19,4.86
2145,255602,-0.022,0.039,1.0604,0.28,-0.1838,4.1912,1000.8953,left_turn,249.6,19,4.92
2146,255662,-0.0375,0.0354,1.0034,0.6737,-0.5075,3.0538,1000.9031,left_turn,249.66,19,4.98
2147,255722,-0.0032,0.0059,1.0873,1.5225,0.3237,3.3688,1000.8999,left_turn,249.72,19,5.04
2148,255782,-0.0181,0.0758,0.9725,1.6013,1.1638,3.1237,1000.9062,left_turn,249.78,19,5.1
2149,255842,-0.0459,0.0285,1.0086,1.2687,-0.5075,2.9925,1000.9021,left_turn,249.84,19,5.16
2150,255902,-0.0522,0.0256,0.9206,2.7037,0.455,2.4588,1000.9021,left_turn,249.9,19,5.22
2151,255962,-0.0648,-0.018,0.9203,-0.1663,-0.6125,2.065,1000.8955,left_turn,249.96,19,5.28
2152,256022,-0.018,0.0246,1.0122,1.4875,0.84,2.6337,1000.9026,left_turn,250.02,19,5.34
2153,256082,-0.0446,-0.0537,0.9921,-1.5312,0.0962,2.2925,1000.9102,left_turn,250.08,19,5.4
2154,256142,-0.0114,-0.0053,0.957,-0.6212,-1.1988,2.3537,1000.9072,left_turn,250.14,19,5.46
2155,256202,0.0249,0.0468,1.0538,-0.1488,-0.7613,2.3625,1000.9121,left_turn,250.2,19,5.52
2156,256262,-0.0242,0.039,0.912,-1.1113,-0.9538,1.1463,1000.9187,left_turn,250.26,19,5.58
2157,256322,-0.0549,0.0378,0.9902,1.8288,0.4112,1.5575,1000.9094,left_turn,250.32,19,5.64
2158,256382,0.0334,0.0573,0.9679,-0.3237,-0.8313,2.1088,1000.9121,left_turn,250.38,19,5.7
2159,256442,-0.0183,0.0974,1.0102,-1.3563,-0.5075,1.785,1000.9021,left_turn,250.44,19,5.76
2160,256502,-0.0195,0.0117,1.0272,1.6187,0.6212,1.5312,1000.8994,left_turn,250.5,19,5.82
2161,256562,0.0182,0.0037,1.0392,-2.0563,-2.7387,1.5488,1000.9026,left_turn,250.56,19,5.88
2162,256622,0.0115,0.0562,1.1009,2.0038,-1.33,1.2425,1000.9053,left_turn,250.62,19,5.94
2163,256682,0.1183,-0.0425,1.0573,0.9538,0.28,2.0475,1000.9121,left_turn,250.68,19,6.0
2164,256742,0.0977,0.1484,0.965,0.1138,-3.8588,1.9425,1000.9058,left_turn,250.74,19,6.06
2165,256802,0.0161,0.0037,1.0883,0.9625,-0.0437,1.2162,1000.9197,left_turn,250.8,19,6.12
2166,256862,-0.0183,0.0254,0.9767,0.1488,-1.3388,0.8838,1000.9058,left_turn,250.86,19,6.18
2167,263282,0.0803,-0.0063,1.0684,-0.35,-1.1025,0.5775,1000.8909,left_turn,257.28,20,0.0
2168,263342,0.1169,0.0303,1.0404,-0.805,-0.2537,1.4438,1000.8892,left_turn,257.34,20,0.06
2169,263402,0.0262,0.0005,1.0392,-0.3675,1.1812,1.2513,1000.8977,left_turn,257.4,20,0.12
2170,263462,0.1186,0.0412,1.0238,1.47,-2.52,1.2687,1000.8801,left_turn,257.46,20,0.18
2171,263522,0.0925,-0.0571,1.0355,0.2887,-1.1812,2.3625,1000.8889,left_turn,257.52,20,0.24
2172,263582,0.0452,-0.006,0.9365,0.63,0.14,3.3338,1000.8906,left_turn,257.58,20,0.3
2173,263642,0.0935,-0.0522,0.9512,-0.9275,-1.5838,3.9375,1000.8926,left_turn,257.64,20,0.36
2174,263702,0.0842,-0.0352,0.9865,0.665,-0.2625,4.9963,1000.9048,left_turn,257.7,20,0.42
2175,263762,0.0386,-0.0076,0.9806,0.035,-0.1838,4.9,1000.9011,left_turn,257.76,20,0.48
2176,263822,0.0687,-0.0813,0.988,0.9975,0.7962,6.0725,1000.8936,left_turn,257.82,20,0.54
2177,263882,0.0308,-0.1093,0.9521,0.5163,-1.05,6.8688,1000.8953,left_turn,257.88,20,0.6
2178,263942,0.0467,-0.067,0.9787,0.4288,-1.2075,7.9187,1000.8938,left_turn,257.94,20,0.66
2179,264002,0.0705,-0.1415,1.0297,0.28,0.6475,8.9688,1000.9043,left_turn,258.0,20,0.72
2180,264062,0.032,-0.0954,0.9334,-0.805,1.225,9.4325,1000.9009,left_turn,258.06,20,0.78
2181,264122,0.1149,-0.1801,1.0653,-0.2713,-0.0262,10.885,1000.9021,left_turn,258.12,20,0.84
2182,264182,0.0486,-0.1193,1.0199,1.155,0.665,11.7075,1000.906,left_turn,258.18,20,0.9
2183,264242,0.0645,-0.1545,1.067,-0.315,0.1663,12.95,1000.8972,left_turn,258.24,20,0.96
2184,264302,0.0798,-0.1852,0.9639,0.5512,-1.1463,14.7175,1000.9148,left_turn,258.3,20,1.02
2185,264362,0.032,-0.1562,0.9386,0.8662,-1.365,15.4263,1000.9028,left_turn,258.36,20,1.08
2186,264422,0.0388,-0.2006,1.046,1.6013,-0.6037,16.0037,1000.9092,left_turn,258.42,20,1.14
2187,264482,0.05,-0.1381,1.0063,1.8813,0.8838,17.6663,1000.9026,left_turn,258.48,20,1.2
2188,264542,0.1099,-0.1696,1.08,1.085,-0.3413,18.2612,1000.9041,left_turn,258.54,20,1.26
2189,264602,0.0361,-0.1691,0.9094,0.0525,-0.455,19.5825,1000.9001,left_turn,258.6,20,1.32
2190,264662,0.0664,-0.1795,1.135,0.7525,0.4375,20.7375,1000.8867,left_turn,258.66,20,1.38
2191,264722,0.0742,-0.2328,0.9877,0.21,-0.5688,21.49,1000.9001,left_turn,258.72,20,1.44
2192,264782,0.0626,-0.2108,1.0197,2.0738,-1.6712,22.8813,1000.8982,left_turn,258.78,20,1.5
2193,264842,-0.0113,-0.1647,0.9753,0.5775,-0.3413,23.3275,1000.8921,left_turn,258.84,20,1.56
2194,264902,0.1032,-0.2638,1.0795,-0.3063,-2.7213,23.9487,1000.884,left_turn,258.9,20,1.62
2195,264962,0.0781,-0.215,1.1261,2.1525,0.5163,24.1763,1000.8923,left_turn,258.96,20,1.68
2196,265022,0.0024,-0.2259,0.935,0.9625,-1.1988,24.4387,1000.8948,left_turn,259.02,20,1.74
2197,265082,0.07,-0.2768,1.0375,1.7413,-0.9712,24.9638,1000.9097,left_turn,259.08,20,1.8
2198,265142,0.0824,-0.1723,1.0716,2.8175,1.1638,24.7013,1000.9241,left_turn,259.14,20,1.86
2199,265202,0.0615,-0.2635,0.9575,1.8288,1.6888,25.4713,1000.9209,left_turn,259.2,20,1.92
2200,265262,0.0761,-0.2454,0.9938,0.7262,1.3563,26.0312,1000.9216,left_turn,259.26,20,1.98
2201,265322,0.0425,-0.2084,0.9136,1.6625,-0.665,25.9438,1000.9165,left_turn,259.32,20,2.04
2202,265382,0.0498,-0.1525,1.0265,0.21,0.9275,26.0138,1000.9126,left_turn,259.38,20,2.1
2203,265442,0.0212,-0.1899,0.9358,1.5838,1.1287,25.3487,1000.9033,left_turn,259.44,20,2.16
2204,265502,-0.0044,-0.2113,0.9928,1.8725,-0.595,25.5763,1000.8936,left_turn,259.5,20,2.22
2205,265562,0.0266,-0.1669,1.0146,0.8925,0.5425,25.2962,1000.9028,left_turn,259.56,20,2.28
2206,265622,0.0402,-0.071,1.0819,2.5638,1.8025,24.9725,1000.9023,left_turn,259.62,20,2.34
2207,265682,0.0432,-0.2344,0.8915,1.5312,1.3212,24.99,1000.8936,left_turn,259.68,20,2.4
2208,265742,0.0756,-0.1451,1.0724,1.3038,0.0613,25.1038,1000.8918,left_turn,259.74,20,2.46
2209,265802,0.0537,-0.2155,1.1038,1.8463,-0.2275,25.3575,1000.8984,left_turn,259.8,20,2.52
2210,265862,0.0259,-0.1867,0.9936,0.9625,-0.9013,25.3137,1000.9011,left_turn,259.86,20,2.58
2211,265922,0.0256,-0.1584,1.0395,-1.3125,-0.1575,25.2087,1000.8906,left_turn,259.92,20,2.64
2212,265982,-0.027,-0.2286,0.9204,0.7437,-1.5137,24.2638,1000.8965,left_turn,259.98,20,2.7
2213,266042,-0.0467,-0.1613,0.9065,2.94,1.2862,23.1875,1000.905,left_turn,260.04,20,2.76
2214,266102,0.0434,-0.1859,0.9434,3.5262,-0.4812,22.33,1000.8938,left_turn,260.1,20,2.82
2215,266162,-0.0224,-0.1628,0.9717,5.18,2.4588,21.7962,1000.8914,left_turn,260.16,20,2.88
2216,266222,0.0373,-0.1213,1.0397,3.325,-0.21,21.2887,1000.8894,left_turn,260.22,20,2.94
2217,266282,0.0295,-0.0731,0.9545,1.435,-0.2975,19.9325,1000.8984,left_turn,260.28,20,3.0
2218,266342,0.0059,-0.0727,0.9713,-0.5775,-1.2162,19.5125,1000.8989,left_turn,260.34,20,3.06
2219,266402,0.002,-0.1574,1.023,-1.085,-0.875,19.04,1000.894,left_turn,260.4,20,3.12
2220,266462,-0.003,-0.0812,0.9719,-0.9712,-2.1263,18.3662,1000.8828,left_turn,260.46,20,3.18
2221,266522,-0.0112,-0.1674,1.0326,-0.8662,-0.9887,18.3225,1000.8931,left_turn,260.52,20,3.24
2222,266582,-0.0392,-0.089,1.0148,0.4025,-0.245,18.3575,1000.8962,left_turn,260.58,20,3.3
2223,266642,0.0209,-0.1465,1.0976,1.0237,-0.0613,17.5175,1000.8733,left_turn,260.64,20,3.36
2224,266702,-0.0098,-0.0983,0.9124,2.9488,0.1663,16.5725,1000.8762,left_turn,260.7,20,3.42
2225,266762,0.0195,-0.129,1.0116,2.3975,-0.9975,15.8725,1000.845,left_turn,260.76,20,3.48
2226,266822,0.0222,-0.07,0.9553,1.82,-1.0063,15.645,1000.853,left_turn,260.82,20,3.54
2227,266882,0.0525,-0.0917,1.0487,1.75,-0.875,15.2075,1000.8643,left_turn,260.88,20,3.6
2228,266942,-0.0019,-0.0908,1.0762,3.395,2.0387,14.3588,1000.8577,left_turn,260.94,20,3.66
2229,267002,0.0432,-0.0468,1.01,1.68,-0.5863,13.6062,1000.8508,left_turn,261.0,20,3.72
2230,267062,0.0074,-0.0476,1.0128,-0.0613,2.5725,13.2388,1000.8457,left_turn,261.06,20,3.78
2231,267122,-0.0069,-0.0478,0.9813,0.9187,1.1638,13.09,1000.8582,left_turn,261.12,20,3.84
2232,267182,0.0467,-0.0285,1.0446,0.1225,-0.9887,12.25,1000.8518,left_turn,261.18,20,3.9
2233,267242,-0.0001,-0.0608,1.0709,-1.0588,0.8487,11.7863,1000.8457,left_turn,261.24,20,3.96
2234,267302,-0.0157,-0.0278,1.0285,0.7175,0.42,10.815,1000.8582,left_turn,261.3,20,4.02
2235,267362,-0.016,-0.0505,1.0673,0.5512,0.595,10.0538,1000.8821,left_turn,261.36,20,4.08
2236,267422,-0.0451,-0.0566,0.8906,1.8637,1.785,9.205,1000.8511,left_turn,261.42,20,4.14
2237,267482,0.0083,-0.0861,1.0175,1.7325,1.5838,8.4875,1000.8364,left_turn,261.48,20,4.2
2238,267542,0.0454,0.0457,1.0879,2.3275,1.8112,7.385,1000.8381,left_turn,261.54,20,4.26
2239,267602,-0.0146,0.0646,1.0218,0.1312,2.8175,6.5188,1000.8362,left_turn,261.6,20,4.32
2240,267662,-0.0204,-0.0098,0.9802,1.015,2.4675,6.7288,1000.8376,left_turn,261.66,20,4.38
2241,267722,-0.0431,0.0414,0.9795,0.1575,0.63,5.5037,1000.844,left_turn,261.72,20,4.44
2242,267782,-0.0295,0.0107,0.9487,-0.3063,-1.435,5.0312,1000.824,left_turn,261.78,20,4.5
2243,267842,-0.0327,0.0458,0.9855,0.9887,-0.245,4.1825,1000.8203,left_turn,261.84,20,4.56
2244,267902,-0.0288,0.0877,1.0845,1.1287,0.0262,4.3663,1000.8232,left_turn,261.9,20,4.62
2245,267962,-0.0594,-0.0095,0.9176,1.3212,0.0262,4.1475,1000.812,left_turn,261.96,20,4.68
2246,268022,0.019,-0.0312,1.0153,-0.875,-2.1437,4.06,1000.8203,left_turn,262.02,20,4.74
2247,268082,0.0602,-0.0115,1.1204,0.4288,-1.4262,4.0425,1000.8147,left_turn,262.08,20,4.8
2248,268142,0.0402,0.0166,1.0726,-0.6037,-2.555,3.9725,1000.8196,left_turn,262.14,20,4.86
2249,268202,-0.0161,-0.063,0.9326,0.3237,-2.8525,3.5963,1000.8127,left_turn,262.2,20,4.92
2250,268262,0.0744,0.0298,1.0585,0.0,-0.5337,3.1937,1000.8162,left_turn,262.26,20,4.98
2251,268322,0.0232,0.0326,1.0494,-0.105,0.9975,3.29,1000.8162,left_turn,262.32,20,5.04
2252,268382,-0.0015,0.0281,1.0456,0.8925,0.2188,3.0363,1000.8167,left_turn,262.38,20,5.1
2253,268442,0.0076,0.0398,0.9531,0.5163,0.665,3.5525,1000.8159,left_turn,262.44,20,5.16
2254,268502,-0.04,-0.0007,0.9824,1.54,-0.2975,2.9313,1000.8242,left_turn,262.5,20,5.22
2255,268562,-0.0566,0.0043,1.0268,2.1788,2.4062,3.0363,1000.8347,left_turn,262.56,20,5.28
2256,268622,-0.0366,-0.0508,0.9475,0.28,-0.4462,3.6837,1000.8376,left_turn,262.62,20,5.34
2257,268682,-0.0578,-0.0175,0.9458,0.28,0.7088,3.15,1000.8523,left_turn,262.68,20,5.4
2258,268742,-0.0358,0.0181,1.0514,1.68,-0.4988,3.115,1000.8403,left_turn,262.74,20,5.46
2259,268802,-0.0342,0.0476,0.9657,-0.9275,0.6037,2.765,1000.8491,left_turn,262.8,20,5.52
2260,268862,-0.0363,0.0146,0.9867,-0.6562,-1.5225,3.0625,1000.8552,left_turn,262.86,20,5.58
2261,268922,-0.0034,0.0669,1.0036,0.1488,-0.6825,2.9225,1000.8464,left_turn,262.92,20,5.64
2262,268982,-0.0403,0.0065,1.0089,1.6275,2.0738,2.87,1000.8398,left_turn,262.98,20,5.7
2263,269042,0.0203,-0.11,0.9371,1.9512,1.1113,3.045,1000.8472,left_turn,263.04,20,5.76
2264,269102,0.028,0.0544,0.9927,-0.9975,0.84,3.2113,1000.8403,left_turn,263.1,20,5.82
2265,269162,0.012,0.0781,1.0529,0.6475,1.6625,3.3163,1000.835,left_turn,263.16,20,5.88
2266,269222,0.0239,-0.1189,0.9287,-1.7413,0.8925,3.2638,1000.8232,left_turn,263.22,20,5.94
2267,269282,0.0689,0.0905,0.9084,-1.05,-2.1875,2.87,1000.845,left_turn,263.28,20,6.0
2268,269342,0.0863,-0.0324,0.9045,-0.07,1.1375,3.3338,1000.8296,left_turn,263.34,20,6.06
2269,269402,0.0611,0.0207,1.0921,0.455,2.5463,3.08,1000.8311,left_turn,263.4,20,6.12
2270,269462,0.0618,0.0095,0.9762,1.1113,-0.6913,3.3163,1000.8455,left_turn,263.46,20,6.18
2271,269522,0.1723,0.0642,1.191,-1.0063,0.0,3.36,1000.8452,left_turn,263.52,20,6.24
2272,269582,0.0591,0.1057,1.066,1.9775,0.8575,3.3338,1000.8599,left_turn,263.58,20,6.3
2273,269642,-0.0524,0.0212,0.9045,0.8838,1.225,2.7213,1000.8696,left_turn,263.64,20,6.36
2274,269702,0.0586,-0.0468,0.9911,-0.1925,0.63,3.0975,1000.8579,left_turn,263.7,20,6.42
2275,269762,0.0412,-0.0733,1.0178,-0.175,0.4025,3.5612,1000.8657,left_turn,263.76,20,6.48
2276,269822,0.0337,0.0182,1.0527,-0.5863,2.1788,2.9137,1000.8489,left_turn,263.82,20,6.54
2277,269882,0.0318,-0.0686,0.9817,0.1838,2.59,2.7475,1000.8547,left_turn,263.88,20,6.6
2278,269942,-0.0498,-0.0061,0.7505,2.9838,-0.9712,2.6512,1000.8474,left_turn,263.94,20,6.66
2279,270002,-0.022,-0.0143,0.8503,1.3737,-2.2838,2.625,1000.8621,left_turn,264.0,20,6.72
2280,270062,-0.0085,0.0649,0.9258,-0.1225,-4.3925,2.1437,1000.8574,left_turn,264.06,20,6.78
2281,270122,0.0737,0.0686,0.9288,1.4525,-4.5763,1.3913,1000.877,left_turn,264.12,20,6.84
2282,270182,0.0611,0.0669,1.0721,0.0,-1.61,0.6737,1000.8792,left_turn,264.18,20,6.9
2283,271262,0.0473,0.0176,1.0904,1.19,0.8575,0.8313,1000.8728,left_turn,265.26,21,0.0
2284,271322,0.0468,-0.0224,1.025,1.3212,1.9425,1.2513,1000.8833,left_turn,265.32,21,0.06
2285,271382,0.0454,0.0029,0.9115,-0.1138,-1.8112,1.1988,1000.8796,left_turn,265.38,21,0.12
2286,271442,0.0451,0.0466,1.0209,-0.6913,-1.3125,1.4525,1000.8767,left_turn,265.44,21,0.18
2287,271502,0.0234,0.0447,0.9736,-0.8662,-0.5775,1.3388,1000.8845,left_turn,265.5,21,0.24
2288,271562,0.032,0.0264,1.0264,-1.2425,-1.9775,1.3038,1000.875,left_turn,265.56,21,0.3
2289,271622,0.0675,-0.0066,1.0584,-0.2975,-0.21,1.47,1000.8813,left_turn,265.62,21,0.36
2290,271682,0.0451,0.03,0.9501,-0.49,0.6212,1.575,1000.8831,left_turn,265.68,21,0.42
2291,271742,0.1091,0.0256,1.0618,-0.6125,-3.6575,1.5488,1000.886,left_turn,265.74,21,0.48
2292,271802,0.0598,0.0179,1.048,-0.175,-0.9887,1.3913,1000.8914,left_turn,265.8,21,0.54
2293,271862,0.0273,0.0229,0.9676,0.8313,-2.1175,1.0063,1000.895,left_turn,265.86,21,0.6
2294,271922,0.0618,0.0303,0.9116,0.455,-1.1812,1.6013,1000.8914,left_turn,265.92,21,0.66
2295,271982,0.0588,0.047,1.0055,0.8225,0.7962,1.4612,1000.8923,left_turn,265.98,21,0.72
2296,272042,0.0615,0.0337,0.9819,0.2887,-0.63,1.015,1000.8979,left_turn,266.04,21,0.78
2297,272102,0.0471,-0.0009,0.9914,-0.2275,0.1138,1.1812,1000.8901,left_turn,266.1,21,0.84
2298,272162,-0.0002,-0.0159,0.9475,0.7175,1.3388,1.26,1000.897,left_turn,266.16,21,0.9
2299,272222,0.0037,0.0368,0.9465,0.4812,0.1138,1.3913,1000.8904,left_turn,266.22,21,0.96
2300,272282,-0.0032,-0.0842,0.9997,-1.1287,1.0237,1.9512,1000.8962,left_turn,266.28,21,1.02
2301,272342,-0.0241,-0.027,1.0583,-0.9538,-0.385,2.0912,1000.8923,left_turn,266.34,21,1.08
2302,272402,-0.0215,-0.0103,0.9094,-0.0088,1.12,2.0213,1000.8901,left_turn,266.4,21,1.14
2303,272462,-0.0478,0.0576,0.8425,-0.9887,-1.5137,1.6888,1000.8945,left_turn,266.46,21,1.2
2304,272522,-0.0061,-0.019,0.9669,0.315,-0.1488,2.1962,1000.9009,left_turn,266.52,21,1.26
2305,272582,-0.0159,0.0065,1.0565,-0.8487,0.4025,1.9425,1000.8943,left_turn,266.58,21,1.32
2306,272642,0.0062,0.0076,1.0104,-0.5425,-0.63,2.0387,1000.9067,left_turn,266.64,21,1.38
2307,272702,0.0051,0.0188,0.9643,1.1025,-0.3413,1.9075,1000.8826,left_turn,266.7,21,1.44
2308,272762,0.0117,-0.052,1.0203,1.2337,3.3425,1.715,1000.8901,left_turn,266.76,21,1.5
2309,272822,-0.0143,-0.0769,0.9784,0.1575,3.5525,1.8987,1000.8896,left_turn,266.82,21,1.56
2310,272882,0.0217,0.0117,1.0591,1.2337,3.15,2.1788,1000.9033,left_turn,266.88,21,1.62
2311,272942,0.0145,0.0296,1.0121,1.1025,2.66,2.4588,1000.9006,left_turn,266.94,21,1.68
2312,273002,0.0505,-0.0025,1.0185,-0.2537,1.6537,2.7738,1000.8982,left_turn,267.0,21,1.74
2313,273062,0.0732,0.0559,0.9612,-1.3475,-1.1725,2.6075,1000.9062,left_turn,267.06,21,1.8
2314,273122,0.0366,-0.0285,0.9618,-0.3063,-0.2362,2.625,1000.8879,left_turn,267.12,21,1.86
2315,273182,0.0457,0.042,0.9958,-0.665,-0.9538,2.66,1000.8972,left_turn,267.18,21,1.92
2316,273242,0.0508,-0.0276,1.06,-0.1225,-1.4438,3.4388,1000.9031,left_turn,267.24,21,1.98
2317,273302,0.0759,-0.0588,1.0639,-0.035,-0.9362,3.3425,1000.8989,left_turn,267.3,21,2.04
2318,273362,0.0386,-0.0532,1.0125,0.3762,-0.5863,3.5963,1000.9016,left_turn,267.36,21,2.1
2319,273422,0.0034,-0.0161,0.9498,0.9187,0.6475,4.34,1000.9053,left_turn,267.42,21,2.16
2320,273482,0.031,-0.0198,0.9467,-0.4725,-0.91,4.5675,1000.9082,left_turn,267.48,21,2.22
2321,273542,0.0326,-0.0187,0.9667,0.4462,0.0525,5.2325,1000.9014,left_turn,267.54,21,2.28
2322,273602,0.0312,-0.07,0.9661,-0.3325,1.4175,5.8538,1000.9014,left_turn,267.6,21,2.34
2323,273662,0.0137,-0.0698,0.9362,-0.4638,-0.5075,6.0025,1000.9043,left_turn,267.66,21,2.4
2324,273722,0.0317,-0.0259,1.066,0.6037,1.4175,6.615,1000.9148,left_turn,267.72,21,2.46
2325,273782,0.0099,-0.0974,0.9963,0.4988,0.9625,6.7463,1000.9102,left_turn,267.78,21,2.52
2326,273842,0.0181,-0.0278,1.0445,0.1488,0.56,7.9363,1000.9153,left_turn,267.84,21,2.58
2327,273902,0.0239,-0.0707,0.9435,0.0787,-1.4875,8.1112,1000.9138,left_turn,267.9,21,2.64
2328,273962,0.0342,-0.1328,1.0047,-1.2775,-1.5838,8.9862,1000.9192,left_turn,267.96,21,2.7
2329,274022,0.0407,-0.1509,1.046,-0.35,-1.2775,9.8088,1000.8992,left_turn,268.02,21,2.76
2330,274082,-0.0142,-0.1911,0.9724,0.4988,-0.875,10.4738,1000.9089,left_turn,268.08,21,2.82
2331,274142,-0.0125,-0.1308,0.9831,-0.8487,-2.0213,10.6313,1000.9016,left_turn,268.14,21,2.88
2332,274202,0.0005,-0.1322,1.0164,1.12,0.63,10.9637,1000.9084,left_turn,268.2,21,2.94
2333,274262,0.0498,-0.0747,1.0494,1.4088,0.0787,11.4625,1000.9011,left_turn,268.26,21,3.0
2334,274322,0.045,-0.0942,1.0013,-0.7437,0.1225,11.6637,1000.9045,left_turn,268.32,21,3.06
2335,274382,0.0069,-0.053,0.9411,0.3063,-0.1488,12.3638,1000.8997,left_turn,268.38,21,3.12
2336,274442,-0.0159,-0.1595,0.9415,-0.0088,1.3475,12.6962,1000.8933,left_turn,268.44,21,3.18
2337,274502,-0.012,-0.139,0.926,-0.07,0.8838,12.705,1000.9001,left_turn,268.5,21,3.24
2338,274562,0.0237,-0.1457,0.9848,0.3587,-0.5337,13.2125,1000.9075,left_turn,268.56,21,3.3
2339,274622,-0.0264,-0.0811,1.0111,0.6388,0.0437,13.4312,1000.8967,left_turn,268.62,21,3.36
2340,274682,-0.0168,-0.111,0.9819,0.4812,-0.2887,13.7725,1000.9053,left_turn,268.68,21,3.42
2341,274742,0.0,-0.1301,1.0019,0.3938,-0.21,14.0437,1000.9062,left_turn,268.74,21,3.48
2342,274802,-0.0007,-0.1771,1.0704,2.45,-0.9712,14.1488,1000.9165,left_turn,268.8,21,3.54
2343,274862,0.0365,-0.1175,1.0524,1.0412,-0.105,14.1575,1000.9153,left_turn,268.86,21,3.6
2344,274922,0.0185,-0.0737,1.0101,0.6913,-0.5688,14.6562,1000.9062,left_turn,268.92,21,3.66
2345,274982,0.007,-0.0862,1.0106,0.9362,0.2975,14.91,1000.9075,left_turn,268.98,21,3.72
2346,275042,0.0044,-0.1259,0.9714,1.0237,0.5425,15.1462,1000.9014,left_turn,269.04,21,3.78
2347,275102,0.045,-0.1218,1.0175,-2.4588,-0.4112,15.5575,1000.8972,left_turn,269.1,21,3.84
2348,275162,-0.0176,-0.215,0.9592,2.03,2.59,16.3188,1000.9021,left_turn,269.16,21,3.9
2349,275222,0.0074,-0.1408,1.0014,1.0063,1.4525,16.1262,1000.9011,left_turn,269.22,21,3.96
2350,275282,0.0037,-0.1446,1.0271,0.98,1.645,16.5287,1000.9067,left_turn,269.28,21,4.02
2351,275342,0.0232,-0.1568,1.0343,0.5863,1.015,16.4762,1000.8938,left_turn,269.34,21,4.08
2352,275402,0.0061,-0.1757,1.0052,0.7875,1.3388,16.3363,1000.8914,left_turn,269.4,21,4.14
2353,275462,-0.0161,-0.1188,0.9923,1.3388,1.7062,16.4587,1000.8721,left_turn,269.46,21,4.2
2354,275522,-0.0076,-0.123,0.9899,1.3125,0.8487,16.8175,1000.8726,left_turn,269.52,21,4.26
2355,275582,-0.0066,-0.1289,0.9997,1.0412,0.0,16.5462,1000.8672,left_turn,269.58,21,4.32
2356,275642,0.0327,-0.0961,1.0286,-0.0088,1.0325,16.765,1000.8679,left_turn,269.64,21,4.38
2357,275702,0.053,-0.1191,0.9956,-0.14,-0.525,17.5788,1000.8789,left_turn,269.7,21,4.44
2358,275762,0.029,-0.1046,1.0187,-0.3675,0.1312,17.5788,1000.8782,left_turn,269.76,21,4.5
2359,275822,0.022,-0.1563,1.0202,1.0762,-0.1838,17.3337,1000.8738,left_turn,269.82,21,4.56
2360,275882,0.0327,-0.1735,1.0288,1.0412,-0.2537,17.7275,1000.8718,left_turn,269.88,21,4.62
2361,275942,0.0098,-0.1144,1.0452,-0.7525,-1.8025,17.8062,1000.8687,left_turn,269.94,21,4.68
2362,276002,-0.0024,-0.1244,0.9097,-0.6388,-2.0475,17.8937,1000.8713,left_turn,270.0,21,4.74
2363,276062,0.0041,-0.1907,1.0142,-0.2625,-0.8487,17.9287,1000.8669,left_turn,270.06,21,4.8
2364,276122,0.0117,-0.1542,0.9389,-0.4638,-1.0675,17.9638,1000.8611,left_turn,270.12,21,4.86
2365,276182,0.0303,-0.2376,0.9412,-1.54,0.035,18.2087,1000.8687,left_turn,270.18,21,4.92
2366,276242,0.0246,-0.2069,1.0052,1.015,0.5075,18.4363,1000.8713,left_turn,270.24,21,4.98
2367,276302,0.0137,-0.2023,1.0019,-0.7613,0.0437,18.4975,1000.8774,left_turn,270.3,21,5.04
2368,276362,-0.0018,-0.1792,0.9908,1.4875,-1.2075,18.655,1000.8833,left_turn,270.36,21,5.1
2369,276422,0.0131,-0.1723,0.9439,1.8813,-0.8838,18.2437,1000.8611,left_turn,270.42,21,5.16
2370,276482,0.0161,-0.1266,0.9599,0.175,-0.3063,18.4538,1000.8704,left_turn,270.48,21,5.22
2371,276542,0.0071,-0.1346,1.0379,1.3913,0.2275,18.7862,1000.8728,left_turn,270.54,21,5.28
2372,276602,0.01,-0.1185,0.9845,0.6212,-0.2625,18.4013,1000.8711,left_turn,270.6,21,5.34
2373,276662,-0.0051,-0.1576,0.944,-0.9362,0.3325,18.3487,1000.8669,left_turn,270.66,21,5.4
2374,276722,0.0244,-0.1993,1.0266,-0.0962,0.8925,18.55,1000.8728,left_turn,270.72,21,5.46
2375,276782,-0.0029,-0.1608,0.9274,0.5512,0.2975,18.2,1000.8845,left_turn,270.78,21,5.52
2376,276842,0.0244,-0.2108,1.0068,0.42,1.6888,18.585,1000.8708,left_turn,270.84,21,5.58
2377,276902,0.031,-0.1542,0.9823,0.6562,1.085,18.4538,1000.8813,left_turn,270.9,21,5.64
2378,276962,0.034,-0.1674,1.0223,1.8813,1.26,18.41,1000.885,left_turn,270.96,21,5.7
2379,277022,0.0085,-0.1867,1.0127,1.3212,0.6475,18.55,1000.8789,left_turn,271.02,21,5.76
2380,277082,0.0085,-0.1537,0.9443,0.2013,-0.14,18.6112,1000.8647,left_turn,271.08,21,5.82
2381,277142,-0.0271,-0.1807,0.9719,-0.2887,0.455,18.3312,1000.8665,left_turn,271.14,21,5.88
2382,277202,0.0378,-0.1444,1.0757,-0.5075,0.0787,17.885,1000.8755,left_turn,271.2,21,5.94
2383,277262,0.0127,-0.1835,1.0521,0.9625,0.385,17.5875,1000.8652,left_turn,271.26,21,6.0
2384,277322,0.0,-0.2138,1.0089,1.5488,1.19,17.7013,1000.8779,left_turn,271.32,21,6.06
2385,277382,-0.0237,-0.1896,0.9119,0.9362,-1.3125,17.6925,1000.8921,left_turn,271.38,21,6.12
2386,277442,-0.0046,-0.1279,0.9524,1.6363,0.6737,17.3687,1000.866,left_turn,271.44,21,6.18
2387,277502,-0.0424,-0.1747,0.954,1.4787,0.665,17.1588,1000.8667,left_turn,271.5,21,6.24
2388,277562,-0.0073,-0.1563,0.9365,0.0875,-0.14,16.6162,1000.8647,left_turn,271.56,21,6.3
2389,277622,0.0073,-0.1682,0.9708,-0.8138,-0.28,17.2025,1000.8623,left_turn,271.62,21,6.36
2390,277682,0.0084,-0.1996,0.9974,-1.3038,-0.105,16.5987,1000.8557,left_turn,271.68,21,6.42
2391,277742,-0.0087,-0.1776,1.0429,1.575,1.6187,15.82,1000.8623,left_turn,271.74,21,6.48
2392,277802,-0.0081,-0.135,1.0296,0.2362,0.105,14.9625,1000.874,left_turn,271.8,21,6.54
2393,277862,0.0015,-0.1066,0.9864,1.0762,0.6913,14.3675,1000.8669,left_turn,271.86,21,6.6
2394,277922,-0.0073,-0.0929,0.9464,1.9425,0.7613,14.0262,1000.8608,left_turn,271.92,21,6.66
2395,277982,-0.0185,-0.1001,0.9811,0.56,0.5863,13.58,1000.8687,left_turn,271.98,21,6.72
2396,278042,-0.0015,-0.0569,0.9492,0.105,1.1113,13.4312,1000.865,left_turn,272.04,21,6.78
2397,278102,-0.0005,-0.1017,0.9586,0.2975,-0.4112,12.6088,1000.8552,left_turn,272.1,21,6.84
2398,278162,0.0081,-0.1032,1.0282,0.3413,-0.3762,12.1187,1000.8643,left_turn,272.16,21,6.9
2399,278222,-0.0146,-0.1096,1.0812,1.3125,0.7088,11.7163,1000.863,left_turn,272.22,21,6.96
2400,278282,-0.0003,-0.0483,0.974,0.8662,-1.9863,11.2525,1000.8684,left_turn,272.28,21,7.02
2401,278342,-0.0073,-0.0845,1.0311,1.0412,-1.68,10.815,1000.8469,left_turn,272.34,21,7.08
2402,278402,0.0001,-0.0684,0.9794,-0.0613,-2.2925,10.7712,1000.8472,left_turn,272.4,21,7.14
2403,278462,0.0144,-0.0874,1.0199,-0.2537,0.315,10.0625,1000.8474,left_turn,272.46,21,7.2
2404,278522,0.0127,-0.1029,0.9745,-0.8138,0.8225,10.185,1000.8442,left_turn,272.52,21,7.26
2405,278582,0.031,-0.0962,1.0692,-0.7437,0.0525,10.2025,1000.8455,left_turn,272.58,21,7.32
2406,278642,0.0257,-0.0874,1.0292,0.2975,1.0063,10.0363,1000.8589,left_turn,272.64,21,7.38
2407,278702,0.0263,-0.0861,0.9614,0.4375,0.8313,9.905,1000.8418,left_turn,272.7,21,7.44
2408,278762,0.0298,-0.0964,0.9589,0.9538,0.6562,10.1763,1000.8511,left_turn,272.76,21,7.5
2409,278822,0.0201,-0.11,0.9648,0.1925,0.945,9.9137,1000.8523,left_turn,272.82,21,7.56
2410,278882,0.0525,-0.0478,0.9958,0.735,-0.035,9.87,1000.8464,left_turn,272.88,21,7.62
2411,278942,0.0408,-0.081,1.0065,0.3413,-1.1287,9.3625,1000.8425,left_turn,272.94,21,7.68
2412,279002,0.0418,-0.0777,0.919,0.0875,-1.9512,9.555,1000.8484,left_turn,273.0,21,7.74
2413,279062,0.0132,-0.051,1.0087,0.98,0.385,8.9075,1000.8584,left_turn,273.06,21,7.8
2414,279122,0.0449,-0.0615,1.006,1.4525,0.2887,8.645,1000.8479,left_turn,273.12,21,7.86
2415,279182,0.0124,-0.0529,0.9736,0.1225,0.35,8.4087,1000.855,left_turn,273.18,21,7.92
2416,279242,0.0039,-0.0097,0.998,-0.6388,1.1025,8.0588,1000.8562,left_turn,273.24,21,7.98
2417,279302,0.0236,-0.0864,0.986,-1.3913,0.28,7.7175,1000.8562,left_turn,273.3,21,8.04
2418,279362,0.0246,-0.0619,0.9794,-0.6825,-0.035,7.595,1000.8525,left_turn,273.36,21,8.1
2419,279422,0.0296,-0.0617,1.0341,0.8925,0.6475,7.3325,1000.855,left_turn,273.42,21,8.16
2420,279482,0.0458,-0.0493,1.0484,0.91,-0.2625,7.0525,1000.856,left_turn,273.48,21,8.22
2421,279542,0.0134,-0.0459,0.986,1.7062,0.7788,6.9913,1000.8418,left_turn,273.54,21,8.28
2422,279602,0.0302,-0.0602,1.0255,0.3413,1.26,6.5887,1000.8452,left_turn,273.6,21,8.34
2423,279662,0.0073,-0.0222,1.0048,-0.2362,1.1988,6.755,1000.853,left_turn,273.66,21,8.4
2424,279722,-0.0032,-0.0556,0.9931,0.1138,0.3237,7.0175,1000.8452,left_turn,273.72,21,8.46
2425,279782,-0.0066,-0.0402,1.0082,0.0875,0.7962,6.7638,1000.8364,left_turn,273.78,21,8.52
2426,279842,-0.0022,-0.0331,1.0765,0.0525,1.995,6.3438,1000.8335,left_turn,273.84,21,8.58
2427,279902,-0.0158,-0.0837,0.9875,-0.7613,1.1725,5.8275,1000.8398,left_turn,273.9,21,8.64
2428,279962,0.0056,-0.0197,1.0199,0.175,-0.5775,5.4338,1000.8418,left_turn,273.96,21,8.7
2429,280022,-0.0039,-0.0336,0.9804,0.245,-1.1812,5.32,1000.842,left_turn,274.02,21,8.76
2430,280082,0.01,-0.0715,1.0455,0.4812,0.1575,5.6962,1000.8474,left_turn,274.08,21,8.82
2431,280142,0.0276,-0.0207,1.033,0.6825,-0.2188,5.18,1000.8528,left_turn,274.14,21,8.88
2432,280202,0.0393,0.0027,1.0973,0.5425,-1.0325,5.1188,1000.8508,left_turn,274.2,21,8.94
2433,280262,0.0231,-0.0722,1.0214,-0.4725,0.0525,5.2413,1000.8479,left_turn,274.26,21,9.0
2434,280322,-0.0178,-0.0701,0.9906,0.9887,1.0412,5.3288,1000.8411,left_turn,274.32,21,9.06
2435,280382,0.0049,-0.0635,0.964,-0.8487,-0.3938,5.2762,1000.8357,left_turn,274.38,21,9.12
2436,280442,-0.0258,-0.03,1.0125,1.0675,0.2188,5.11,1000.8506,left_turn,274.44,21,9.18
2437,280502,-0.0191,-0.0451,0.9572,0.245,0.5075,5.0225,1000.8491,left_turn,274.5,21,9.24
2438,280562,0.023,-0.0513,1.0239,0.4988,-0.7175,5.1625,1000.8525,left_turn,274.56,21,9.3
2439,280622,-0.038,-0.0983,1.017,1.4,0.3063,4.4275,1000.8555,left_turn,274.62,21,9.36
2440,280682,0.0253,0.0412,1.1209,1.4262,1.0938,4.3225,1000.8445,left_turn,274.68,21,9.42
2441,280742,0.0222,-0.0415,0.9611,0.9887,-0.4375,3.4562,1000.8367,left_turn,274.74,21,9.48
2442,280802,-0.0022,0.01,0.9946,-0.5337,-1.2162,2.9662,1000.8313,left_turn,274.8,21,9.54
2443,280862,-0.0152,-0.0105,0.8718,-0.2188,0.35,2.9225,1000.8354,left_turn,274.86,21,9.6
2444,280922,0.0134,-0.0118,1.0375,0.3587,0.7875,2.7125,1000.8318,left_turn,274.92,21,9.66
2445,280982,0.0009,0.0412,1.0777,0.5163,0.2188,2.5113,1000.8369,left_turn,274.98,21,9.72
2446,281042,0.0085,-0.002,1.0173,-0.9538,-0.98,2.5988,1000.8269,left_turn,275.04,21,9.78
2447,281102,0.0515,0.0179,0.9816,0.2362,-3.08,2.9575,1000.842,left_turn,275.1,21,9.84
2448,281162,0.0214,0.0319,0.9594,0.2013,-1.4875,2.415,1000.8403,left_turn,275.16,21,9.9
2449,281222,-0.0003,-0.0564,1.049,1.4612,0.4812,2.4762,1000.8455,left_turn,275.22,21,9.96
2450,281282,-0.1083,-0.0078,0.7993,1.2775,1.82,2.2838,1000.8472,left_turn,275.28,21,10.02
2451,281342,0.0215,0.0146,1.0131,-0.3325,-0.7962,2.2838,1000.8552,left_turn,275.34,21,10.08
2452,281402,0.0351,0.04,1.0699,0.8838,-0.3762,2.2575,1000.8459,left_turn,275.4,21,10.14
2453,281462,0.0237,-0.0239,1.0463,0.9275,-0.0613,1.435,1000.8489,left_turn,275.46,21,10.2
2454,281522,0.0251,0.0178,0.9389,1.4438,-0.4988,2.0213,1000.8408,left_turn,275.52,21,10.26
2455,281582,0.0353,-0.0185,1.0548,0.3938,-1.3737,1.47,1000.8411,left_turn,275.58,21,10.32
2456,281642,0.0305,0.033,1.0208,0.6125,-0.28,0.9013,1000.8362,left_turn,275.64,21,10.38
2457,287702,0.0708,-0.0002,0.9916,-0.6388,-0.8662,0.84,1000.8591,left_turn,281.7,22,0.0
2458,287762,0.1145,-0.012,1.0351,0.665,-0.0787,1.3125,1000.8503,left_turn,281.76,22,0.06
2459,287822,0.0991,0.016,0.9862,0.84,0.2275,1.1025,1000.8608,left_turn,281.82,22,0.12
2460,287882,0.1084,0.0203,0.988,0.7175,-0.0613,1.54,1000.8677,left_turn,281.88,22,0.18
2461,287942,0.1064,0.0249,0.9448,-0.0437,-0.91,1.7237,1000.8745,left_turn,281.94,22,0.24
2462,288002,0.0822,-0.0266,0.9623,-0.1925,0.1925,2.24,1000.8718,left_turn,282.0,22,0.3
2463,288062,0.0788,0.0093,0.9391,0.1312,-0.4112,2.3363,1000.8643,left_turn,282.06,22,0.36
2464,288122,0.0822,0.0107,0.9795,-0.4112,0.7,2.52,1000.8677,left_turn,282.12,22,0.42
2465,288182,0.0419,-0.0144,0.9481,-0.455,-0.105,3.22,1000.8579,left_turn,282.18,22,0.48
2466,288242,0.1029,0.0076,1.0141,-0.56,-1.54,3.8937,1000.8569,left_turn,282.24,22,0.54
2467,288302,0.1042,-0.0432,1.0279,-0.6737,-0.1138,4.4275,1000.8718,left_turn,282.3,22,0.6
2468,288362,0.0734,-0.0412,0.995,-1.0762,-0.0525,4.9788,1000.8755,left_turn,282.36,22,0.66
2469,288422,0.0866,-0.0653,1.0351,-0.7525,-0.8313,5.635,1000.8767,left_turn,282.42,22,0.72
2470,288482,0.041,-0.1055,1.008,-0.175,-0.5075,6.37,1000.8792,left_turn,282.48,22,0.78
2471,288542,0.0417,-0.0903,0.9495,0.5775,-0.9275,6.895,1000.8831,left_turn,282.54,22,0.84
2472,288602,0.0597,-0.0984,0.9938,0.35,-0.4112,7.3762,1000.8784,left_turn,282.6,22,0.9
2473,288662,0.0793,-0.0269,1.0502,0.2713,0.1925,7.8663,1000.8882,left_turn,282.66,22,0.96
2474,288722,0.0856,-0.0256,1.0346,0.0437,-0.5512,7.9187,1000.886,left_turn,282.72,22,1.02
2475,288782,0.0462,-0.0754,0.9159,-0.2537,0.8487,8.6888,1000.8972,left_turn,282.78,22,1.08
2476,288842,0.0803,-0.1184,1.0894,0.14,0.0875,9.1525,1000.8909,left_turn,282.84,22,1.14
2477,288902,0.0493,-0.0708,0.9631,0.49,0.7437,9.0825,1000.8853,left_turn,282.9,22,1.2
2478,288962,0.0654,-0.0717,0.9543,-0.5775,-0.0175,9.8875,1000.8977,left_turn,282.96,22,1.26
2479,289022,0.0675,-0.1041,0.9913,-0.8662,0.0525,10.2638,1000.8835,left_turn,283.02,22,1.32
2480,289082,0.0448,-0.0752,0.9687,-0.0437,0.0613,10.6488,1000.8967,left_turn,283.08,22,1.38
2481,289142,0.0484,-0.0789,1.0289,-1.4,-0.2188,11.13,1000.8923,left_turn,283.14,22,1.44
2482,289202,0.0415,-0.1016,0.987,0.6125,0.14,12.0837,1000.896,left_turn,283.2,22,1.5
2483,289262,-0.0158,-0.1381,0.9579,-1.015,0.0175,13.02,1000.8965,left_turn,283.26,22,1.56
2484,289322,0.0163,-0.1364,1.0165,-1.995,-0.5688,14.3938,1000.8975,left_turn,283.32,22,1.62
2485,289382,-0.0022,-0.1301,0.9684,-0.2713,0.4112,15.295,1000.9004,left_turn,283.38,22,1.68
2486,289442,-0.0061,-0.1548,0.9138,0.0175,0.42,15.9075,1000.8979,left_turn,283.44,22,1.74
2487,289502,-0.0169,-0.1572,1.0301,-0.0787,1.5838,17.0888,1000.9026,left_turn,283.5,22,1.8
2488,289562,0.0142,-0.1715,1.0099,-0.56,-0.5688,17.8587,1000.8867,left_turn,283.56,22,1.86
2489,289622,0.023,-0.141,0.9857,-0.175,-0.0613,18.9088,1000.8997,left_turn,283.62,22,1.92
2490,289682,0.045,-0.1698,1.0979,-0.4025,0.77,19.9937,1000.9045,left_turn,283.68,22,1.98
2491,289742,0.0573,-0.1259,1.0477,-0.5775,0.6212,20.825,1000.9128,left_turn,283.74,22,2.04
2492,289802,0.0262,-0.2219,0.9964,-0.9975,-0.9712,21.4725,1000.9192,left_turn,283.8,22,2.1
2493,289862,0.0357,-0.1476,0.9726,1.6537,-0.175,21.7875,1000.9094,left_turn,283.86,22,2.16
2494,289922,0.0341,-0.1671,1.0329,1.12,-1.015,22.2075,1000.9143,left_turn,283.92,22,2.22
2495,289982,0.0359,-0.1764,1.0199,0.3762,-0.0787,22.5837,1000.9165,left_turn,283.98,22,2.28
2496,290042,0.0142,-0.1779,1.0056,0.1925,-0.2537,22.8113,1000.9077,left_turn,284.04,22,2.34
2497,290102,0.0417,-0.1654,0.9917,1.1463,-1.5312,22.8288,1000.9158,left_turn,284.1,22,2.4
2498,290162,0.0085,-0.1784,0.998,0.2537,-0.035,22.575,1000.8916,left_turn,284.16,22,2.46
2499,290222,0.0346,-0.1464,0.9696,-0.2362,0.315,23.03,1000.8953,left_turn,284.22,22,2.52
2500,290282,0.0468,-0.153,0.9855,-0.5688,0.1138,22.9775,1000.8916,left_turn,284.28,22,2.58
2501,290342,0.0203,-0.1912,0.9347,-0.4988,-0.9013,23.1,1000.8921,left_turn,284.34,22,2.64
2502,290402,0.0253,-0.1408,0.9653,0.2625,0.2887,23.0825,1000.8916,left_turn,284.4,22,2.7
2503,290462,0.0068,-0.1486,0.9335,0.4375,-0.56,22.8988,1000.8899,left_turn,284.46,22,2.76
2504,290522,0.0566,-0.1465,0.9587,-0.0962,0.9975,23.1525,1000.886,left_turn,284.52,22,2.82
2505,290582,0.0495,-0.1907,1.0362,-0.8487,0.1838,23.205,1000.8921,left_turn,284.58,22,2.88
2506,290642,0.0531,-0.1642,1.0615,0.7962,0.0437,23.3013,1000.8958,left_turn,284.64,22,2.94
2507,290702,0.0288,-0.1683,0.9779,0.4812,-0.5163,23.1,1000.8867,left_turn,284.7,22,3.0
2508,290762,-0.0083,-0.1359,0.9919,1.715,-0.0262,23.0737,1000.8979,left_turn,284.76,22,3.06
2509,290822,0.0091,-0.1052,0.9069,-0.1925,-1.4175,22.9163,1000.897,left_turn,284.82,22,3.12
2510,290882,0.0303,-0.1388,0.9979,-0.3063,-0.6125,22.8113,1000.9062,left_turn,284.88,22,3.18
2511,290942,0.0256,-0.1896,0.9848,1.1287,-0.8662,22.9163,1000.8975,left_turn,284.94,22,3.24
2512,291002,0.0417,-0.227,0.9988,1.225,-0.9275,23.03,1000.9053,left_turn,285.0,22,3.3
2513,291062,0.0159,-0.1687,1.0047,0.8487,-0.2625,22.8638,1000.905,left_turn,285.06,22,3.36
2514,291122,0.0122,-0.1393,1.0191,0.4638,0.0875,22.9163,1000.8984,left_turn,285.12,22,3.42
2515,291182,-0.0263,-0.1842,0.9264,0.4025,-1.1025,22.61,1000.8835,left_turn,285.18,22,3.48
2516,291242,-0.0303,-0.1534,0.9858,0.8487,-0.77,22.2162,1000.8962,left_turn,285.24,22,3.54
2517,291302,0.0187,-0.1591,1.0338,0.1575,-1.54,22.3825,1000.9167,left_turn,285.3,22,3.6
2518,291362,0.0188,-0.0837,0.9811,-0.2275,-0.8487,21.49,1000.9006,left_turn,285.36,22,3.66
2519,291422,-0.0212,-0.1537,1.0232,0.3413,-1.26,20.8075,1000.9121,left_turn,285.42,22,3.72
2520,291482,0.018,-0.111,1.0341,1.2513,0.2275,20.86,1000.9031,left_turn,285.48,22,3.78
2521,291542,0.0095,-0.1135,1.0443,1.085,0.0962,20.3438,1000.8972,left_turn,285.54,22,3.84
2522,291602,-0.0032,-0.1305,0.9151,0.35,-0.035,19.7575,1000.9094,left_turn,285.6,22,3.9
2523,291662,-0.0044,-0.1609,0.9631,0.4375,-0.35,19.355,1000.9131,left_turn,285.66,22,3.96
2524,291722,-0.0044,-0.1279,1.0058,-0.1312,0.315,19.3113,1000.915,left_turn,285.72,22,4.02
2525,291782,-0.0329,-0.151,0.9831,0.6825,1.5137,18.3225,1000.9062,left_turn,285.78,22,4.08
2526,291842,-0.012,-0.1588,0.9908,-0.14,-0.0175,18.375,1000.9072,left_turn,285.84,22,4.14
2527,291902,-0.0425,-0.0962,0.9862,1.3475,0.1312,18.0425,1000.8933,left_turn,285.9,22,4.2
2528,291962,-0.0251,-0.103,0.9636,0.4988,0.4638,17.255,1000.9006,left_turn,285.96,22,4.26
2529,292022,0.0536,-0.0914,1.0328,1.1025,0.1138,16.7125,1000.9028,left_turn,286.02,22,4.32
2530,292082,0.0162,-0.1412,1.0748,0.7788,-0.7962,16.555,1000.9082,left_turn,286.08,22,4.38
2531,292142,-0.0339,-0.1751,0.9603,0.5863,1.33,15.8638,1000.8992,left_turn,286.14,22,4.44
2532,292202,0.0087,-0.0417,1.0695,-0.2537,0.42,14.665,1000.8899,left_turn,286.2,22,4.5
2533,292262,-0.0456,-0.1081,0.9906,-0.4288,0.8313,14.8575,1000.8914,left_turn,286.26,22,4.56
2534,292322,-0.0171,-0.138,1.0458,0.6475,0.5163,14.84,1000.895,left_turn,286.32,22,4.62
2535,292382,-0.0268,-0.1388,0.9658,1.4612,-0.4288,14.8837,1000.9011,left_turn,286.38,22,4.68
2536,292442,-0.0442,-0.093,0.9228,2.5638,-1.3563,14.595,1000.8772,left_turn,286.44,22,4.74
2537,292502,0.0059,-0.1074,1.0158,1.4787,1.225,14.4812,1000.887,left_turn,286.5,22,4.8
2538,292562,-0.0329,-0.1003,1.037,2.6775,0.7788,14.21,1000.8921,left_turn,286.56,22,4.86
2539,292622,-0.0064,-0.0567,1.0302,2.0475,1.435,13.8337,1000.8936,left_turn,286.62,22,4.92
2540,292682,-0.0273,-0.0839,1.0449,1.3125,1.26,12.6525,1000.8845,left_turn,286.68,22,4.98
2541,292742,-0.0456,-0.0545,1.0238,0.35,0.595,11.6987,1000.8901,left_turn,286.74,22,5.04
2542,292802,-0.0671,0.0159,1.0672,0.245,0.7525,11.55,1000.9011,left_turn,286.8,22,5.1
2543,292862,-0.0461,-0.0647,0.9848,-1.295,1.2513,11.3488,1000.8899,left_turn,286.86,22,5.16
2544,292922,0.0002,-0.1347,1.0476,-1.295,0.2537,10.3862,1000.8953,left_turn,286.92,22,5.22
2545,292982,-0.0534,-0.1561,0.9679,1.4525,-0.2537,9.8525,1000.9041,left_turn,286.98,22,5.28
2546,293042,-0.0144,-0.0879,1.0255,3.1937,1.3913,8.995,1000.8965,left_turn,287.04,22,5.34
2547,293102,-0.0356,-0.0483,0.9906,4.5237,1.5137,8.4613,1000.9062,left_turn,287.1,22,5.4
2548,293162,-0.0888,0.01,0.9216,4.2613,2.205,7.9187,1000.885,left_turn,287.16,22,5.46
2549,293222,-0.0729,0.0188,0.9963,2.38,-0.3762,7.5862,1000.9119,left_turn,287.22,22,5.52
2550,293282,-0.0461,-0.0049,0.9831,0.8925,-1.6187,6.7812,1000.9009,left_turn,287.28,22,5.58
2551,293342,0.0031,-0.0321,1.0851,-0.5075,-0.7175,6.23,1000.8904,left_turn,287.34,22,5.64
2552,293402,0.0173,-0.0404,1.1266,-2.5375,-1.015,6.37,1000.8872,left_turn,287.4,22,5.7
2553,293462,-0.0473,-0.1395,0.9538,-1.6537,0.8925,5.7663,1000.8987,left_turn,287.46,22,5.76
2554,293522,-0.0297,-0.0586,0.9762,-0.455,-1.3913,5.9763,1000.8945,left_turn,287.52,22,5.82
2555,293582,0.0117,-0.1039,1.0696,0.35,0.28,6.3438,1000.8826,left_turn,287.58,22,5.88
2556,293642,-0.0095,-0.0529,1.0661,1.155,1.8112,6.02,1000.897,left_turn,287.64,22,5.94
2557,293702,-0.0007,-0.0354,1.0187,0.665,-0.5337,5.9587,1000.8745,left_turn,287.7,22,6.0
2558,293762,-0.0126,0.0049,1.0241,1.5838,0.0962,6.1163,1000.897,left_turn,287.76,22,6.06
2559,293822,-0.0612,-0.0027,0.9357,1.8375,1.5225,5.9675,1000.8794,left_turn,287.82,22,6.12
2560,293882,-0.0063,-0.0491,0.9608,0.6475,-0.0437,5.95,1000.885,left_turn,287.88,22,6.18
2561,293942,-0.0013,-0.0449,1.0172,0.2887,-0.1925,6.0462,1000.8872,left_turn,287.94,22,6.24
2562,294002,-0.0119,-0.019,1.0638,0.49,0.2975,5.5212,1000.8823,left_turn,288.0,22,6.3
2563,294062,0.0118,0.0009,1.0529,0.945,-0.49,5.5912,1000.8816,left_turn,288.06,22,6.36
2564,294122,-0.0041,-0.011,0.9723,0.7875,-0.1138,4.69,1000.9048,left_turn,288.12,22,6.42
2565,294182,0.0005,-0.0086,0.9882,1.6187,-0.0437,3.85,1000.8621,left_turn,288.18,22,6.48
2566,294242,0.0007,-0.0253,0.9667,1.4963,-1.0325,3.78,1000.8733,left_turn,288.24,22,6.54
2567,294302,-0.0076,0.0191,1.0214,1.3475,0.6125,3.8325,1000.8857,left_turn,288.3,22,6.6
2568,294362,-0.0102,0.0325,1.0021,0.2713,-0.105,3.15,1000.8621,left_turn,288.36,22,6.66
2569,294422,-0.0147,-0.0242,0.9736,0.2625,-0.9362,2.7125,1000.8689,left_turn,288.42,22,6.72
2570,294482,0.0015,-0.0459,0.9579,0.0175,-0.595,2.7562,1000.8962,left_turn,288.48,22,6.78
2571,294542,0.0193,-0.0254,1.0407,-0.035,-0.3413,2.0213,1000.8894,left_turn,288.54,22,6.84
2572,294602,0.0612,0.0678,1.0434,1.0237,-0.9538,1.925,1000.8877,left_turn,288.6,22,6.9
2573,294662,0.0749,0.0443,0.9581,1.1463,-1.0762,1.2162,1000.8809,left_turn,288.66,22,6.96
2574,294722,0.0571,0.0004,0.9509,0.7962,-2.3363,0.5863,1000.8809,left_turn,288.72,22,7.02
2575,301262,-0.0295,0.0176,1.0507,1.1638,-1.5225,0.8662,1000.9292,left_turn,295.26,23,0.0
2576,301322,-0.0165,-0.0387,1.0123,0.3675,-2.2137,1.7587,1000.9182,left_turn,295.32,23,0.06
2577,301382,-0.04,-0.0153,0.9828,0.0262,-1.995,2.0912,1000.9131,left_turn,295.38,23,0.12
2578,301442,-0.0422,-0.0464,0.9729,0.035,-1.1988,2.9575,1000.9092,left_turn,295.44,23,0.18
2579,301502,-0.0285,-0.0371,1.0294,0.0,-0.1312,3.71,1000.9065,left_turn,295.5,23,0.24
2580,301562,-0.0071,-0.0329,1.0056,-0.28,-0.8487,3.99,1000.9077,left_turn,295.56,23,0.3
2581,301622,-0.0166,-0.0569,1.0187,-0.2537,-0.4112,5.04,1000.9197,left_turn,295.62,23,0.36
2582,301682,-0.0448,-0.0608,1.0031,0.35,0.2625,5.5475,1000.9221,left_turn,295.68,23,0.42
2583,301742,-0.0345,-0.0205,1.0044,-1.0588,0.4025,6.6413,1000.9255,left_turn,295.74,23,0.48
2584,301802,-0.0356,-0.0581,0.9547,-1.015,0.2625,7.5775,1000.9155,left_turn,295.8,23,0.54
2585,301862,-0.0002,-0.073,0.9391,-0.9275,0.14,8.4613,1000.9185,left_turn,295.86,23,0.6
2586,301922,-0.0373,-0.1049,0.9411,-0.175,0.7525,9.6425,1000.9138,left_turn,295.92,23,0.66
2587,301982,-0.0366,-0.1274,1.0073,0.4375,0.8662,10.71,1000.9119,left_turn,295.98,23,0.72
2588,302042,0.0012,-0.1388,1.0523,1.4963,0.21,11.7425,1000.9158,left_turn,296.04,23,0.78
2589,302102,-0.0325,-0.1274,1.0247,1.5575,-0.2713,13.195,1000.905,left_turn,296.1,23,0.84
2590,302162,-0.0391,-0.1374,0.9848,1.0762,-0.6913,14.0787,1000.9092,left_turn,296.16,23,0.9
2591,302222,-0.0474,-0.0999,0.972,0.735,-1.1113,14.5513,1000.9021,left_turn,296.22,23,0.96
2592,302282,-0.0029,-0.1047,1.0906,1.0412,0.0787,15.6362,1000.8989,left_turn,296.28,23,1.02
2593,302342,-0.0308,-0.1399,0.9738,-0.0875,-0.1925,16.4675,1000.8958,left_turn,296.34,23,1.08
2594,302402,-0.0102,-0.1657,0.9897,-1.9075,-1.0938,17.92,1000.8962,left_turn,296.4,23,1.14
2595,302462,-0.0154,-0.1701,1.0079,-1.0237,-0.5688,18.8738,1000.8945,left_turn,296.46,23,1.2
2596,302522,-0.02,-0.1405,1.0453,0.8313,0.4638,19.3988,1000.905,left_turn,296.52,23,1.26
2597,302582,-0.0005,-0.1823,1.0206,1.0675,-0.0613,19.8275,1000.9138,left_turn,296.58,23,1.32
2598,302642,0.0115,-0.1979,1.036,1.05,-0.8487,20.6938,1000.9053,left_turn,296.64,23,1.38
2599,302702,-0.0329,-0.1515,0.9081,1.855,1.1812,20.825,1000.9026,left_turn,296.7,23,1.44
2600,302762,0.0222,-0.1494,0.9997,1.9338,1.435,21.6388,1000.9026,left_turn,296.76,23,1.5
2601,302822,-0.0032,-0.1523,1.0306,1.12,2.3275,21.9363,1000.9045,left_turn,296.82,23,1.56
2602,302882,-0.0102,-0.113,1.0036,0.9275,1.6187,22.1637,1000.897,left_turn,296.88,23,1.62
2603,302942,-0.0419,-0.1344,0.9506,0.3063,0.84,21.77,1000.8982,left_turn,296.94,23,1.68
2604,303002,-0.0029,-0.1623,1.0429,-0.0787,0.5775,21.6562,1000.9043,left_turn,297.0,23,1.74
2605,303062,-0.0178,-0.1061,0.9665,0.56,0.245,21.875,1000.9172,left_turn,297.06,23,1.8
2606,303122,-0.0017,-0.1649,1.0809,0.5163,0.7175,21.665,1000.9231,left_turn,297.12,23,1.86
2607,303182,0.0243,-0.1843,1.0309,0.2537,0.1312,21.6213,1000.9163,left_turn,297.18,23,1.92
2608,303242,-0.0096,-0.172,0.9718,1.05,-1.365,21.6038,1000.9204,left_turn,297.24,23,1.98
2609,303302,0.0117,-0.1239,1.0077,1.4438,-1.1725,22.05,1000.9058,left_turn,297.3,23,2.04
2610,303362,0.0249,-0.1887,0.9497,1.0325,-0.9712,21.945,1000.9131,left_turn,297.36,23,2.1
2611,303422,0.0132,-0.1364,1.0114,1.26,-0.2537,21.805,1000.9136,left_turn,297.42,23,2.16
2612,303482,-0.0051,-0.1268,0.9689,1.4438,0.245,21.2975,1000.9163,left_turn,297.48,23,2.22
2613,303542,-0.0088,-0.1467,0.9709,1.4525,0.14,21.4025,1000.9067,left_turn,297.54,23,2.28
2614,303602,0.0221,-0.1748,1.0183,1.085,-0.8838,21.7,1000.9216,left_turn,297.6,23,2.34
2615,303662,0.0122,-0.1118,0.9406,0.7613,0.105,21.8312,1000.9185,left_turn,297.66,23,2.4
2616,303722,-0.0203,-0.1657,1.0072,1.6975,-0.8925,21.6213,1000.9258,left_turn,297.72,23,2.46
2617,303782,-0.009,-0.1945,1.0042,1.5312,-1.855,21.7962,1000.9141,left_turn,297.78,23,2.52
2618,303842,-0.0244,-0.1929,0.9069,2.0475,-1.4963,21.6388,1000.9099,left_turn,297.84,23,2.58
2619,303902,0.0309,-0.1234,1.0594,0.6037,-2.5988,21.5163,1000.9392,left_turn,297.9,23,2.64
2620,303962,0.0149,-0.1696,1.0375,1.6888,-0.6037,22.0325,1000.9189,left_turn,297.96,23,2.7
2621,304022,0.0374,-0.1511,1.0265,0.875,-2.1788,21.665,1000.917,left_turn,298.02,23,2.76
2622,304082,-0.0129,-0.1899,0.967,1.2337,-1.7763,22.0588,1000.929,left_turn,298.08,23,2.82
2623,304142,-0.0056,-0.1429,0.9845,1.5488,-0.42,21.6038,1000.917,left_turn,298.14,23,2.88
2624,304202,0.0178,-0.1119,0.952,1.2687,0.91,21.5513,1000.9207,left_turn,298.2,23,2.94
2625,304262,0.0669,-0.1374,1.0063,-0.8138,0.4375,22.3037,1000.9199,left_turn,298.26,23,3.0
2626,304322,0.0263,-0.1574,1.0349,-0.3325,0.8575,22.4875,1000.9246,left_turn,298.32,23,3.06
2627,304382,-0.0539,-0.181,0.8979,3.01,1.155,22.3213,1000.9104,left_turn,298.38,23,3.12
2628,304442,0.0354,-0.1349,1.0435,4.0075,2.5638,21.7875,1000.9236,left_turn,298.44,23,3.18
2629,304502,0.0681,-0.1366,1.0942,0.0875,-0.2625,21.7262,1000.9146,left_turn,298.5,23,3.24
2630,304562,-0.0081,-0.0959,0.9903,1.1375,0.4638,22.9862,1000.9231,left_turn,298.56,23,3.3
2631,304622,-0.0024,-0.2094,0.9897,1.1375,1.225,22.575,1000.9221,left_turn,298.62,23,3.36
2632,304682,-0.0024,-0.2054,1.0108,0.3675,1.2687,22.3388,1000.9141,left_turn,298.68,23,3.42
2633,304742,-0.0308,-0.129,0.964,0.7962,1.7938,22.1375,1000.9067,left_turn,298.74,23,3.48
2634,304802,0.0056,-0.1776,1.0089,0.3587,1.155,22.1112,1000.9131,left_turn,298.8,23,3.54
2635,304862,-0.0403,-0.1659,1.0724,-2.1788,2.1,22.3913,1000.926,left_turn,298.86,23,3.6
2636,304922,0.093,-0.0253,1.0951,0.0,-0.6388,23.03,1000.9141,left_turn,298.92,23,3.66
2637,304982,0.0831,-0.2235,1.1014,-1.8463,0.0,22.5138,1000.9126,left_turn,298.98,23,3.72
2638,305042,-0.0395,-0.1283,1.0355,1.0412,1.6187,22.0763,1000.9036,left_turn,299.04,23,3.78
2639,305102,-0.0432,-0.2023,0.9082,1.4875,-1.2775,22.365,1000.9177,left_turn,299.1,23,3.84
2640,305162,-0.0056,-0.1213,1.0339,3.7275,-0.0088,21.84,1000.9226,left_turn,299.16,23,3.9
2641,305222,0.0467,-0.1484,1.0731,4.48,-0.9538,21.8225,1000.9189,left_turn,299.22,23,3.96
2642,305282,0.0096,-0.2668,1.0674,2.4675,0.3938,21.4813,1000.927,left_turn,299.28,23,4.02
2643,305342,0.0298,-0.1794,1.0189,4.4363,0.14,20.4662,1000.917,left_turn,299.34,23,4.08
2644,305402,0.0639,-0.0874,1.0529,2.17,1.0675,19.9937,1000.9028,left_turn,299.4,23,4.14
2645,305462,-0.0059,-0.0888,0.965,-0.42,-2.415,19.495,1000.9102,left_turn,299.46,23,4.2
2646,305522,-0.058,-0.0471,0.9991,0.35,0.525,18.8913,1000.9028,left_turn,299.52,23,4.26
2647,305582,-0.0251,-0.1117,0.9567,-0.6825,0.0262,18.13,1000.9055,left_turn,299.58,23,4.32
2648,305642,0.0013,-0.0697,0.9155,0.1312,0.3413,17.0537,1000.9114,left_turn,299.64,23,4.38
2649,305702,0.0156,-0.1282,1.0809,0.56,1.2425,16.2138,1000.9097,left_turn,299.7,23,4.44
2650,305762,0.0085,-0.1037,0.9026,0.6562,-2.2313,15.3737,1000.9128,left_turn,299.76,23,4.5
2651,305822,-0.0334,-0.0981,1.011,2.0475,0.2975,14.5337,1000.9084,left_turn,299.82,23,4.56
2652,305882,-0.038,-0.0346,0.998,2.4325,2.065,13.0638,1000.9182,left_turn,299.88,23,4.62
2653,305942,-0.029,-0.0334,1.0041,2.1175,0.35,12.4862,1000.9058,left_turn,299.94,23,4.68
2654,306002,-0.0125,-0.0459,0.9692,2.9488,0.0088,11.9963,1000.9006,left_turn,300.0,23,4.74
2655,306062,0.0092,-0.0217,0.9753,2.5025,-0.6475,10.5787,1000.9067,left_turn,300.06,23,4.8
2656,306122,0.0121,0.0029,0.944,0.9887,-1.0063,9.7212,1000.9011,left_turn,300.12,23,4.86
2657,306182,-0.0144,-0.0356,0.9984,1.9162,1.0588,8.6362,1000.8967,left_turn,300.18,23,4.92
2658,306242,-0.0284,0.0061,0.9919,1.7763,1.4787,7.5687,1000.907,left_turn,300.24,23,4.98
2659,306302,-0.0151,-0.0322,0.9709,0.245,-0.5075,6.3263,1000.9036,left_turn,300.3,23,5.04
2660,306362,0.0097,0.0281,1.0494,1.0237,0.28,5.7312,1000.9182,left_turn,300.36,23,5.1
2661,306422,0.0161,0.0918,1.0614,1.7325,0.6388,5.0837,1000.8982,left_turn,300.42,23,5.16
2662,306482,-0.0304,0.0268,0.9582,0.315,1.7675,4.9262,1000.8943,left_turn,300.48,23,5.22
2663,306542,-0.0148,0.0306,1.0016,0.91,0.945,4.0163,1000.9238,left_turn,300.54,23,5.28
2664,306602,0.0102,0.0364,1.0675,1.5488,-0.8225,3.43,1000.9058,left_turn,300.6,23,5.34
2665,306662,-0.0306,0.0451,1.0085,1.8112,1.6537,3.5087,1000.9041,left_turn,300.66,23,5.4
2666,306722,-0.0227,0.0081,1.0224,0.5075,0.0262,2.6337,1000.8962,left_turn,300.72,23,5.46
2667,306782,-0.0137,0.1054,1.0148,1.1988,-0.1838,2.0125,1000.9153,left_turn,300.78,23,5.52
2668,306842,-0.0347,0.1044,0.9694,2.0738,0.6562,1.5575,1000.9028,left_turn,300.84,23,5.58
2669,306902,-0.0551,0.0061,0.9792,0.5688,0.0175,1.6712,1000.9009,left_turn,300.9,23,5.64
2670,306962,-0.0561,0.0279,1.0402,1.4088,0.455,1.5312,1000.9062,left_turn,300.96,23,5.7
2671,307022,-0.0415,-0.0559,0.9116,-0.1488,0.6737,0.8313,1000.9045,left_turn,301.02,23,5.76
2672,314522,0.0832,0.0077,0.9984,-0.4812,0.8662,0.3675,1000.8884,left_turn,308.52,24,0.0
2673,314582,0.1028,-0.0354,0.9907,-1.3825,-0.4812,1.1287,1000.8923,left_turn,308.58,24,0.06
2674,314642,0.0274,-0.0403,1.0502,-0.1138,1.3475,1.2862,1000.875,left_turn,308.64,24,0.12
2675,314702,0.0867,-0.0181,1.1362,-0.8662,-1.2513,1.435,1000.8872,left_turn,308.7,24,0.18
2676,314762,0.0708,0.012,1.1039,2.4675,1.0938,1.6013,1000.8745,left_turn,308.76,24,0.24
2677,314822,0.0825,0.0171,1.0183,0.6737,-2.3625,1.68,1000.864,left_turn,308.82,24,0.3
2678,314882,0.031,-0.0163,0.9697,1.3038,0.9887,2.275,1000.8625,left_turn,308.88,24,0.36
2679,314942,0.1227,0.0653,1.0397,-0.105,-0.8225,2.8263,1000.8647,left_turn,308.94,24,0.42
2680,315002,0.0893,-0.0224,0.9538,-0.1838,-1.1025,3.6662,1000.8645,left_turn,309.0,24,0.48
2681,315062,0.0495,-0.0454,0.9675,-0.8662,-1.33,4.13,1000.8792,left_turn,309.06,24,0.54
2682,315122,0.0451,-0.0634,1.049,-0.2013,0.4462,4.8738,1000.8723,left_turn,309.12,24,0.6
2683,315182,0.0647,-0.1103,0.9997,-1.295,0.3237,5.5037,1000.8813,left_turn,309.18,24,0.66
2684,315242,0.0803,-0.0329,0.9943,-0.35,-0.4725,6.6762,1000.8677,left_turn,309.24,24,0.72
2685,315302,0.0419,-0.0905,1.0192,-1.0063,-0.0437,7.4288,1000.8713,left_turn,309.3,24,0.78
2686,315362,0.0608,-0.1163,0.9137,0.98,0.4638,8.0763,1000.8647,left_turn,309.36,24,0.84
2687,315422,0.063,-0.0672,0.9975,1.8813,0.9975,8.8813,1000.8679,left_turn,309.42,24,0.9
2688,315482,0.0792,-0.0881,1.0079,-0.3938,0.7088,8.8813,1000.8696,left_turn,309.48,24,0.96
2689,315542,0.0708,-0.1559,0.9645,0.2362,-0.8925,10.0538,1000.8796,left_turn,309.54,24,1.02
2690,315602,0.0914,-0.1147,0.9901,0.035,-1.12,10.4913,1000.8853,left_turn,309.6,24,1.08
2691,315662,0.0443,-0.1111,0.9345,-0.0088,0.0875,10.5262,1000.8892,left_turn,309.66,24,1.14
2692,315722,0.0627,-0.0534,0.9557,0.49,-1.6013,11.4975,1000.8855,left_turn,309.72,24,1.2
2693,315782,0.0227,-0.1318,0.9851,1.575,-0.1663,11.5413,1000.8896,left_turn,309.78,24,1.26
2694,315842,0.04,-0.1435,0.964,1.3038,-0.945,12.0138,1000.8943,left_turn,309.84,24,1.32
2695,315902,0.1121,-0.0514,1.056,-0.9625,0.14,12.7312,1000.8843,left_turn,309.9,24,1.38
2696,315962,0.0857,-0.104,1.1061,-0.77,-0.4988,14.1488,1000.8911,left_turn,309.96,24,1.44
2697,316022,-0.0098,-0.2118,0.9324,-2.24,0.6913,13.8075,1000.8955,left_turn,310.02,24,1.5
2698,316082,0.0204,-0.1918,0.9996,-0.5688,0.7088,15.2425,1000.8892,left_turn,310.08,24,1.56
2699,316142,0.0275,-0.2164,0.9598,-0.4725,-1.05,16.2838,1000.886,left_turn,310.14,24,1.62
2700,316202,0.0646,-0.1654,1.0697,0.5863,1.1812,16.9575,1000.8845,left_turn,310.2,24,1.68
2701,316262,0.049,-0.1464,1.0587,2.905,1.015,17.8762,1000.8979,left_turn,310.26,24,1.74
2702,316322,0.1408,-0.1179,1.0851,1.1638,-0.42,18.06,1000.8892,left_turn,310.32,24,1.8
2703,316382,0.0298,-0.1219,1.0561,2.4938,1.3737,18.585,1000.8921,left_turn,310.38,24,1.86
2704,316442,0.0334,-0.1308,0.9936,2.0825,0.1575,18.6725,1000.8953,left_turn,310.44,24,1.92
2705,316502,0.0449,-0.1218,1.0105,-0.8575,-1.4175,19.1537,1000.8853,left_turn,310.5,24,1.98
2706,316562,-0.0249,-0.1723,0.9938,-0.4812,1.225,19.6262,1000.8813,left_turn,310.56,24,2.04
2707,316622,0.0583,-0.1718,1.0009,-0.49,-1.435,20.3175,1000.8931,left_turn,310.62,24,2.1
2708,316682,0.0247,-0.2218,1.0102,-0.4462,-0.4375,20.685,1000.8848,left_turn,310.68,24,2.16
2709,316742,-0.0042,-0.1799,0.9572,0.5863,-0.56,21.3675,1000.8933,left_turn,310.74,24,2.22
2710,316802,0.0424,-0.224,0.9668,1.6275,-0.4988,22.1375,1000.9031,left_turn,310.8,24,2.28
2711,316862,0.0206,-0.2344,0.9511,2.8087,0.4025,22.505,1000.9016,left_turn,310.86,24,2.34
2712,316922,0.0254,-0.2374,1.0199,2.5025,1.0675,22.6712,1000.907,left_turn,310.92,24,2.4
2713,316982,0.0334,-0.19,1.0002,1.0938,0.4112,23.4762,1000.8896,left_turn,310.98,24,2.46
2714,317042,0.0622,-0.1537,0.9941,2.4062,-0.665,23.5987,1000.8948,left_turn,311.04,24,2.52
2715,317102,0.0406,-0.1701,1.0252,2.3012,0.7262,24.1063,1000.8955,left_turn,311.1,24,2.58
2716,317162,0.0083,-0.2213,0.9798,0.6037,-0.4812,23.9662,1000.8916,left_turn,311.16,24,2.64
2717,317222,0.0132,-0.1747,1.0766,0.4725,2.7037,23.8875,1000.8828,left_turn,311.22,24,2.7
2718,317282,-0.0029,-0.2267,1.0419,1.3913,1.3913,24.1763,1000.8826,left_turn,311.28,24,2.76
2719,317342,0.0203,-0.2192,0.914,-0.49,-1.5575,24.255,1000.884,left_turn,311.34,24,2.82
2720,317402,0.0009,-0.2051,1.0232,0.6913,0.4375,24.1588,1000.8884,left_turn,311.4,24,2.88
2721,317462,-0.0051,-0.1538,0.9847,1.855,1.26,24.1413,1000.8806,left_turn,311.46,24,2.94
2722,317522,0.0127,-0.121,1.0149,1.6975,0.8925,23.8438,1000.8889,left_turn,311.52,24,3.0
2723,317582,0.02,-0.2059,1.0044,1.8637,-0.1138,24.1063,1000.8882,left_turn,311.58,24,3.06
2724,317642,0.0127,-0.1995,1.0508,1.3563,-0.6037,23.8175,1000.8708,left_turn,311.64,24,3.12
2725,317702,0.018,-0.1052,1.063,0.0787,-1.7938,23.695,1000.8867,left_turn,311.7,24,3.18
2726,317762,0.0556,-0.1893,1.063,-1.1725,-1.9162,23.2488,1000.876,left_turn,311.76,24,3.24
2727,317822,-0.0095,-0.155,1.0728,-0.1663,-0.9975,23.3363,1000.8831,left_turn,311.82,24,3.3
2728,317882,-0.035,-0.1517,0.892,-0.2887,-1.6888,22.1637,1000.8857,left_turn,311.88,24,3.36
2729,317942,0.0476,-0.1213,1.0314,1.2687,-0.315,22.1375,1000.8804,left_turn,311.94,24,3.42
2730,318002,-0.0405,-0.2593,0.986,1.1812,-1.19,22.365,1000.8743,left_turn,312.0,24,3.48
2731,318062,-0.0378,-0.2245,0.9972,3.1588,-0.2013,21.7437,1000.8813,left_turn,312.06,24,3.54
2732,318122,-0.0165,-0.1406,0.9994,2.6337,0.3237,20.9737,1000.8745,left_turn,312.12,24,3.6
2733,318182,-0.0469,-0.1291,0.9683,2.4762,0.5163,20.7638,1000.866,left_turn,312.18,24,3.66
2734,318242,-0.0392,-0.1339,0.9682,1.7587,-0.665,19.9062,1000.8755,left_turn,312.24,24,3.72
2735,318302,-0.0359,-0.1513,1.0204,-0.2887,0.6037,19.3988,1000.8733,left_turn,312.3,24,3.78
2736,318362,-0.0634,-0.1151,0.9443,-0.035,0.5775,18.2787,1000.8579,left_turn,312.36,24,3.84
2737,318422,0.0491,-0.1303,1.1683,1.2337,-1.3212,17.5175,1000.8555,left_turn,312.42,24,3.9
2738,318482,-0.0144,-0.1225,0.9397,-0.5863,-3.535,16.8962,1000.8691,left_turn,312.48,24,3.96
2739,318542,-0.0207,-0.1134,0.9509,-0.4112,-0.4725,16.8525,1000.8757,left_turn,312.54,24,4.02
2740,318602,0.0402,-0.0893,1.0429,0.1575,-1.12,16.695,1000.8499,left_turn,312.6,24,4.08
2741,318662,0.0319,-0.1622,1.036,1.5312,-1.47,16.2575,1000.8503,left_turn,312.66,24,4.14
2742,318722,-0.0131,-0.1891,0.9077,1.7237,2.59,16.3363,1000.8557,left_turn,312.72,24,4.2
2743,318782,-0.0539,-0.1017,0.9157,2.1,0.0175,15.4963,1000.8494,left_turn,312.78,24,4.26
2744,318842,-0.053,-0.0842,0.9052,4.2175,0.9625,15.4875,1000.8608,left_turn,312.84,24,4.32
2745,318902,-0.0344,-0.0497,0.9206,1.2775,-0.0525,14.5337,1000.8699,left_turn,312.9,24,4.38
2746,318962,-0.0425,-0.0949,0.9784,-0.0437,0.2887,14.5162,1000.8733,left_turn,312.96,24,4.44
2747,319022,-0.0481,0.0098,1.005,0.4638,-0.035,13.8425,1000.8828,left_turn,313.02,24,4.5
2748,319082,-0.0417,-0.1974,1.0455,-0.525,1.0063,13.7375,1000.8699,left_turn,313.08,24,4.56
2749,319142,-0.0124,-0.059,1.0321,-0.875,2.0387,12.7837,1000.8594,left_turn,313.14,24,4.62
2750,319202,-0.0235,-0.1906,0.9631,0.035,-0.8138,12.6438,1000.8667,left_turn,313.2,24,4.68
2751,319262,0.0051,-0.0522,1.0709,0.21,-0.2275,12.0837,1000.8696,left_turn,313.26,24,4.74
2752,319322,0.0361,-0.0203,0.9892,-0.2275,-1.75,11.34,1000.854,left_turn,313.32,24,4.8
2753,319382,-0.0027,-0.1091,0.9719,2.6862,0.77,11.0162,1000.8386,left_turn,313.38,24,4.86
2754,319442,0.0129,0.0425,1.0199,2.275,1.155,10.4388,1000.8391,left_turn,313.44,24,4.92
2755,319502,-0.0157,-0.0644,1.0687,1.6625,3.01,10.4825,1000.8613,left_turn,313.5,24,4.98
2756,319562,0.0289,0.0012,1.0582,1.5312,2.4413,9.1088,1000.8723,left_turn,313.56,24,5.04
2757,319622,-0.0149,-0.1325,0.9429,0.945,-0.8138,8.1987,1000.8704,left_turn,313.62,24,5.1
2758,319682,-0.0651,0.0093,0.8906,-0.4638,-0.1138,7.6038,1000.8594,left_turn,313.68,24,5.16
2759,319742,-0.0285,-0.0354,0.8281,0.56,-5.04,7.0875,1000.8545,left_turn,313.74,24,5.22
2760,319802,-0.0463,0.0156,0.9701,2.345,-0.7,5.6087,1000.8647,left_turn,313.8,24,5.28
2761,319862,-0.0224,-0.0457,0.9475,1.6712,-2.1088,5.1712,1000.8599,left_turn,313.86,24,5.34
2762,319922,-0.013,-0.0339,0.9642,1.1725,-0.4725,5.0487,1000.8608,left_turn,313.92,24,5.4
2763,319982,0.0443,-0.057,1.0904,-0.6388,-2.3187,4.9,1000.8667,left_turn,313.98,24,5.46
2764,320042,0.0186,0.0542,1.1019,0.7088,0.7262,4.445,1000.8704,left_turn,314.04,24,5.52
2765,320102,0.0601,-0.0997,0.9707,-0.105,-2.0213,3.9813,1000.8706,left_turn,314.1,24,5.58
2766,320162,0.0935,0.0593,1.0699,-1.4787,0.6562,3.3425,1000.8735,left_turn,314.16,24,5.64
2767,320222,0.0715,-0.0262,1.0409,0.7088,0.4375,3.185,1000.8601,left_turn,314.22,24,5.7
2768,320282,0.072,-0.0595,0.8591,1.155,1.1287,3.3075,1000.8752,left_turn,314.28,24,5.76
2769,320342,0.014,-0.022,0.9428,1.9688,-0.56,2.6862,1000.8674,left_turn,314.34,24,5.82
2770,320402,0.077,-0.0005,1.0433,2.66,1.155,2.8963,1000.8821,left_turn,314.4,24,5.88
2771,320462,0.0737,-0.0247,1.0362,0.1138,-0.1138,3.0887,1000.885,left_turn,314.46,24,5.94
2772,320522,0.0354,0.0518,1.0202,1.4088,-0.63,2.6688,1000.8777,left_turn,314.52,24,6.0
2773,320582,0.0544,-0.0708,1.0838,-0.6913,0.7,2.2662,1000.8774,left_turn,314.58,24,6.06
2774,320642,0.0093,0.0763,1.0341,-0.9625,-0.6212,2.3712,1000.8796,left_turn,314.64,24,6.12
2775,320702,0.0561,0.0561,1.1369,-0.2975,-2.765,2.2575,1000.8857,left_turn,314.7,24,6.18
2776,320762,0.0373,-0.0301,1.0695,-0.5425,-0.2975,1.6975,1000.8838,left_turn,314.76,24,6.24
2777,320822,0.0218,0.012,0.9338,0.6562,0.2887,2.0038,1000.8743,left_turn,314.82,24,6.3
2778,320882,0.0381,0.059,1.1051,0.3237,0.98,1.3737,1000.8811,left_turn,314.88,24,6.36
2779,320942,0.052,0.051,1.117,0.1925,2.8525,1.5225,1000.8875,left_turn,314.94,24,6.42
2780,321002,0.0063,0.083,0.9112,0.1138,-0.8838,1.4787,1000.8918,left_turn,315.0,24,6.48
2781,321062,-0.0068,0.023,1.077,0.2013,0.8138,1.0588,1000.877,left_turn,315.06,24,6.54
2782,321122,-0.0207,-0.0154,0.924,-0.665,2.4762,0.5337,1000.8835,left_turn,315.12,24,6.6
2783,324242,0.0617,-0.0483,1.0612,-0.6388,1.0325,0.8838,1000.8682,left_turn,318.24,25,0.0
2784,324302,0.0385,0.0598,0.9757,-0.3063,-0.385,1.1025,1000.8723,left_turn,318.3,25,0.06
2785,324362,0.0675,-0.0076,1.0763,0.0262,0.6562,1.4875,1000.8408,left_turn,318.36,25,0.12
2786,324422,0.0122,-0.0331,1.0258,-0.4025,0.1925,1.715,1000.8345,left_turn,318.42,25,0.18
2787,324482,0.006,-0.0614,0.9182,-0.2887,1.54,2.0912,1000.8564,left_turn,318.48,25,0.24
2788,324542,0.069,-0.0244,0.9984,0.63,2.7387,2.1175,1000.8613,left_turn,318.54,25,0.3
2789,324602,0.0551,0.0063,1.0202,-0.8838,0.8225,2.94,1000.8662,left_turn,318.6,25,0.36
2790,324662,0.0417,-0.0054,1.0002,0.6125,1.3475,3.6488,1000.8875,left_turn,318.66,25,0.42
2791,324722,0.0851,-0.0431,1.0253,-0.6737,0.9712,3.5963,1000.8826,left_turn,318.72,25,0.48
2792,324782,0.0515,-0.04,0.983,-1.2862,1.4088,4.2787,1000.8706,left_turn,318.78,25,0.54
2793,324842,0.0586,-0.0115,1.0404,-1.3737,0.8575,5.7838,1000.8679,left_turn,318.84,25,0.6
2794,324902,0.052,-0.0317,0.8996,-2.275,-1.5488,7.0875,1000.8723,left_turn,318.9,25,0.66
2795,324962,0.1111,-0.1884,1.1302,-2.3012,-1.6275,8.7325,1000.8743,left_turn,318.96,25,0.72
2796,325022,0.0941,-0.1176,1.0203,-0.6388,-1.3475,10.4125,1000.8682,left_turn,319.02,25,0.78
2797,325082,0.1121,-0.1322,1.0485,0.3063,-1.8288,11.8387,1000.8757,left_turn,319.08,25,0.84
2798,325142,0.0935,-0.1628,0.8979,0.2362,-1.715,13.23,1000.8853,left_turn,319.14,25,0.9
2799,325202,0.1402,-0.1769,1.1227,-0.3237,-1.47,14.21,1000.8665,left_turn,319.2,25,0.96
2800,325262,0.0674,-0.143,0.9143,0.98,-1.3038,15.4525,1000.8643,left_turn,319.26,25,1.02
2801,325322,0.0868,-0.1574,0.9396,0.5863,0.0525,16.52,1000.8582,left_turn,319.32,25,1.08
2802,325382,0.0592,-0.1742,1.0017,-0.1925,0.7875,17.325,1000.8625,left_turn,319.38,25,1.14
2803,325442,0.1032,-0.1889,1.01,-0.28,1.7062,18.2175,1000.8682,left_turn,319.44,25,1.2
2804,325502,0.1376,-0.1822,1.0252,-1.6888,0.4112,19.7488,1000.8555,left_turn,319.5,25,1.26
2805,325562,0.0828,-0.1742,1.0699,-0.2625,1.4963,20.1863,1000.8562,left_turn,319.56,25,1.32
2806,325622,0.1045,-0.1094,0.964,1.0675,-0.1575,20.8337,1000.8557,left_turn,319.62,25,1.38
2807,325682,0.0886,-0.24,1.0138,-0.5512,-0.385,22.2075,1000.8479,left_turn,319.68,25,1.44
2808,325742,0.101,-0.2274,1.0556,-1.6712,-2.1263,23.24,1000.8433,left_turn,319.74,25,1.5
2809,325802,0.0969,-0.1734,0.9428,0.3938,-1.5575,24.1938,1000.8513,left_turn,319.8,25,1.56
2810,325862,0.1222,-0.1862,1.0124,0.7613,-1.5838,24.5788,1000.8455,left_turn,319.86,25,1.62
2811,325922,0.1208,-0.2021,0.9645,0.5163,-2.135,25.2875,1000.8489,left_turn,319.92,25,1.68
2812,325982,0.1224,-0.2509,0.977,1.2687,-1.61,25.8037,1000.8586,left_turn,319.98,25,1.74
2813,326042,0.1059,-0.2126,0.9738,1.645,-1.3212,26.67,1000.8633,left_turn,320.04,25,1.8
2814,326102,0.133,-0.214,0.9368,1.5925,0.2537,26.9412,1000.8606,left_turn,320.1,25,1.86
2815,326162,0.1244,-0.2272,0.9733,1.6363,-0.7788,27.6325,1000.8503,left_turn,320.16,25,1.92
2816,326222,0.1228,-0.2267,0.9975,0.7,-1.26,29.0325,1000.8547,left_turn,320.22,25,1.98
2817,326282,0.0754,-0.222,0.9472,-0.4025,0.035,29.47,1000.8674,left_turn,320.28,25,2.04
2818,326342,0.0653,-0.1637,0.9665,-0.4375,2.2137,29.75,1000.8696,left_turn,320.34,25,2.1
2819,326402,0.0251,-0.2306,0.9338,-1.2337,-0.4375,30.1087,1000.8647,left_turn,320.4,25,2.16
2820,326462,0.0339,-0.2313,0.9868,0.0437,-0.35,30.205,1000.8618,left_turn,320.46,25,2.22
2821,326522,0.0244,-0.2013,1.0124,0.1138,1.6625,30.275,1000.8501,left_turn,320.52,25,2.28
2822,326582,0.0279,-0.2389,1.0136,0.9362,-0.6212,29.7062,1000.8359,left_turn,320.58,25,2.34
2823,326642,0.0537,-0.1914,1.0371,1.1988,-0.3762,29.7237,1000.8467,left_turn,320.64,25,2.4
2824,326702,0.004,-0.2413,0.9294,0.2275,-1.4875,29.5138,1000.842,left_turn,320.7,25,2.46
2825,326762,0.0293,-0.182,1.0336,2.2137,0.3237,29.855,1000.8489,left_turn,320.76,25,2.52
2826,326822,-0.0117,-0.2303,0.9069,1.575,-0.6825,29.295,1000.8628,left_turn,320.82,25,2.58
2827,326882,0.032,-0.2735,1.0409,1.5575,-0.7962,29.6187,1000.8542,left_turn,320.88,25,2.64
2828,326942,0.0054,-0.1667,0.9648,1.1463,-0.9625,29.4963,1000.8467,left_turn,320.94,25,2.7
2829,327002,0.0303,-0.2142,0.9735,-0.035,-1.0938,29.3388,1000.8408,left_turn,321.0,25,2.76
2830,327062,0.0334,-0.2189,1.0148,0.7262,-0.035,29.3213,1000.853,left_turn,321.06,25,2.82
2831,327122,-0.0061,-0.2314,1.0148,0.1225,0.3325,29.4613,1000.8557,left_turn,321.12,25,2.88
2832,327182,-0.0024,-0.1993,1.0002,-0.315,1.3825,28.735,1000.8503,left_turn,321.18,25,2.94
2833,327242,0.0176,-0.2208,0.987,1.1463,1.0237,28.1575,1000.8496,left_turn,321.24,25,3.0
2834,327302,0.0166,-0.226,1.0934,1.0938,1.7062,27.7812,1000.8589,left_turn,321.3,25,3.06
2835,327362,0.0064,-0.1886,0.9514,0.0875,-0.1138,27.51,1000.8479,left_turn,321.36,25,3.12
2836,327422,-0.0022,-0.1811,1.0202,0.0525,-0.63,27.1075,1000.8479,left_turn,321.42,25,3.18
2837,327482,0.006,-0.132,1.0152,0.035,0.3325,26.6787,1000.8389,left_turn,321.48,25,3.24
2838,327542,-0.0446,-0.2367,0.8923,0.3325,0.98,25.8475,1000.8362,left_turn,321.54,25,3.3
2839,327602,-0.0056,-0.2064,0.9767,0.2537,-0.0175,25.5675,1000.8384,left_turn,321.6,25,3.36
2840,327662,0.0127,-0.176,1.1635,2.0038,-0.455,25.1213,1000.8379,left_turn,321.66,25,3.42
2841,327722,-0.0271,-0.1901,0.874,1.225,0.7962,24.22,1000.8352,left_turn,321.72,25,3.48
2842,327782,-0.032,-0.1337,1.0016,1.05,1.7587,23.87,1000.8171,left_turn,321.78,25,3.54
2843,327842,-0.0551,-0.1527,1.0138,2.5638,0.3413,23.0912,1000.8313,left_turn,321.84,25,3.6
2844,327902,-0.0381,-0.2042,0.9977,1.6975,0.9275,22.7675,1000.8193,left_turn,321.9,25,3.66
2845,327962,-0.0271,-0.1747,0.96,0.2362,-0.0088,21.98,1000.8171,left_turn,321.96,25,3.72
2846,328022,-0.0697,-0.215,0.9557,0.175,-0.0437,21.7787,1000.8315,left_turn,322.02,25,3.78
2847,328082,-0.0469,-0.1495,0.9731,1.2775,1.1287,20.825,1000.8245,left_turn,322.08,25,3.84
2848,328142,-0.0325,-0.1116,1.0692,0.3762,0.4812,19.915,1000.8196,left_turn,322.14,25,3.9
2849,328202,-0.0334,-0.1349,0.9501,1.1025,0.035,18.7687,1000.8296,left_turn,322.2,25,3.96
2850,328262,-0.0285,-0.0905,0.9767,0.875,-0.2713,18.0688,1000.8293,left_turn,322.26,25,4.02
2851,328322,-0.0288,-0.0761,1.0128,0.98,0.14,16.9837,1000.8318,left_turn,322.32,25,4.08
2852,328382,-0.0132,-0.0762,1.0477,1.7237,1.4438,16.065,1000.8396,left_turn,322.38,25,4.14
2853,328442,-0.011,-0.1008,1.0111,0.0613,-0.3587,15.365,1000.8394,left_turn,322.44,25,4.2
2854,328502,-0.0268,-0.0588,1.0294,0.2013,-0.91,14.8925,1000.8381,left_turn,322.5,25,4.26
2855,328562,-0.0376,-0.1405,0.9426,-0.0613,-0.0962,13.685,1000.8403,left_turn,322.56,25,4.32
2856,328622,-0.0346,-0.1235,0.9775,0.2713,-0.805,13.3,1000.8335,left_turn,322.62,25,4.38
2857,328682,0.0092,-0.0686,1.0717,0.3938,0.3413,11.9963,1000.8433,left_turn,322.68,25,4.44
2858,328742,-0.0262,-0.0996,0.9694,0.6037,-0.84,11.7075,1000.8279,left_turn,322.74,25,4.5
2859,328802,-0.0508,-0.0507,1.0094,1.1463,-0.4812,10.535,1000.8181,left_turn,322.8,25,4.56
2860,328862,-0.0095,-0.027,1.0282,1.7237,-0.2713,9.8263,1000.8254,left_turn,322.86,25,4.62
2861,328922,-0.0547,-0.048,0.9929,1.2775,0.7525,8.7413,1000.8289,left_turn,322.92,25,4.68
2862,328982,-0.0539,0.0105,0.9572,0.35,0.6562,7.5775,1000.8342,left_turn,322.98,25,4.74
2863,329042,-0.012,0.0032,1.0497,0.1312,-0.385,7.1312,1000.8274,left_turn,323.04,25,4.8
2864,329102,-0.0254,-0.0346,0.9927,0.4988,0.315,6.8075,1000.8337,left_turn,323.1,25,4.86
2865,329162,-0.0242,-0.0398,0.9206,0.9625,-0.56,5.8538,1000.8301,left_turn,323.16,25,4.92
2866,329222,0.0269,0.0278,1.0089,1.1375,0.2188,5.6175,1000.8655,left_turn,323.22,25,4.98
2867,329282,-0.0536,0.0166,0.9299,-0.665,-2.625,4.76,1000.8579,left_turn,323.28,25,5.04
2868,329342,-0.0095,0.0465,1.0243,3.3688,0.3587,3.6312,1000.866,left_turn,323.34,25,5.1
2869,329402,-0.0397,0.0075,0.9814,0.84,-0.3762,3.43,1000.8569,left_turn,323.4,25,5.16
2870,329462,-0.0484,0.0569,0.8913,1.3038,1.2425,2.8175,1000.8357,left_turn,323.46,25,5.22
2871,329522,-0.0307,0.0276,0.9687,1.2687,-0.1225,2.6337,1000.8311,left_turn,323.52,25,5.28
2872,329582,0.0271,0.0027,1.0673,1.05,-0.525,2.3187,1000.832,left_turn,323.58,25,5.34
2873,329642,-0.023,0.0186,0.9301,0.6562,-1.5838,1.5488,1000.811,left_turn,323.64,25,5.4
2874,329702,-0.0361,-0.0637,0.997,0.3675,1.225,1.3737,1000.8096,left_turn,323.7,25,5.46
2875,329762,-0.0183,-0.0105,0.9918,-0.1488,-1.505,1.3913,1000.8115,left_turn,323.76,25,5.52
2876,329822,-0.0045,0.0428,1.0779,1.96,0.4375,0.9187,1000.814,left_turn,323.82,25,5.58
2877,360542,-0.142,0.0131,0.9833,0.5863,1.1113,0.3237,1000.9341,left_turn,354.54,26,0.0
2878,360602,-0.1322,-0.043,0.9557,0.0962,0.2275,1.155,1000.9395,left_turn,354.6,26,0.06
2879,360662,-0.1435,0.0049,0.9762,0.7088,-0.4812,1.6363,1000.9287,left_turn,354.66,26,0.12
2880,360722,-0.1188,-0.0203,1.0197,0.3325,0.1138,2.1525,1000.9238,left_turn,354.72,26,0.18
2881,360782,-0.1099,0.0183,1.0035,-0.245,-0.0613,2.3625,1000.9331,left_turn,354.78,26,0.24
2882,360842,-0.1093,-0.0081,0.9801,0.35,0.7875,2.3187,1000.9285,left_turn,354.84,26,0.3
2883,360902,-0.0883,0.002,0.997,-0.525,0.1312,2.6163,1000.929,left_turn,354.9,26,0.36
2884,360962,-0.0673,-0.0196,1.0468,-0.9362,0.7088,3.4125,1000.9219,left_turn,354.96,26,0.42
2885,361022,-0.1257,-0.0262,0.9465,-1.3737,-0.63,3.8763,1000.9229,left_turn,355.02,26,0.48
2886,361082,-0.1096,-0.0483,0.9816,-0.0088,0.2713,4.0862,1000.9241,left_turn,355.08,26,0.54
2887,361142,-0.104,-0.0415,0.957,-0.56,-0.1575,4.7075,1000.9246,left_turn,355.14,26,0.6
2888,361202,-0.0852,-0.0551,0.9892,1.015,-0.0525,5.2238,1000.9233,left_turn,355.2,26,0.66
2889,361262,-0.0525,-0.039,1.0704,-0.035,0.4288,6.3612,1000.9246,left_turn,355.26,26,0.72
2890,361322,-0.0571,-0.0362,1.0302,1.855,-0.735,6.7463,1000.9255,left_turn,355.32,26,0.78
2891,361382,-0.0368,-0.0386,1.0604,0.3413,-0.455,7.6213,1000.9209,left_turn,355.38,26,0.84
2892,361442,-0.124,-0.0239,0.8998,-0.5863,-0.9887,8.0763,1000.9207,left_turn,355.44,26,0.9
2893,361502,-0.0365,-0.0549,1.0772,0.1138,0.4112,8.4438,1000.9209,left_turn,355.5,26,0.96
2894,361562,-0.0449,-0.0283,1.0184,0.2188,0.0175,8.5487,1000.9214,left_turn,355.56,26,1.02
2895,361622,-0.0422,-0.0589,1.0687,-0.2887,0.3237,9.17,1000.9226,left_turn,355.62,26,1.08
2896,361682,-0.0432,-0.0348,1.0111,-0.7437,-0.7088,9.9137,1000.9155,left_turn,355.68,26,1.14
2897,361742,-0.0361,-0.0938,0.9484,-1.0325,-0.49,10.6575,1000.9219,left_turn,355.74,26,1.2
2898,361802,-0.0386,-0.057,0.9737,-0.5425,0.0262,10.9637,1000.9165,left_turn,355.8,26,1.26
2899,361862,-0.0493,-0.0836,0.997,-0.595,0.6125,12.0138,1000.9172,left_turn,355.86,26,1.32
2900,361922,-0.0532,-0.0835,0.9759,0.14,-0.3675,12.6613,1000.9199,left_turn,355.92,26,1.38
2901,361982,-0.0447,-0.094,0.9877,-0.3675,0.14,13.3962,1000.916,left_turn,355.98,26,1.44
2902,362042,-0.0159,-0.0594,1.0204,-0.21,0.6737,14.0,1000.9194,left_turn,356.04,26,1.5
2903,362102,-0.0537,-0.0752,1.0172,-0.1488,1.2513,14.49,1000.9143,left_turn,356.1,26,1.56
2904,362162,-0.0343,-0.1742,0.9867,-0.2188,0.5075,15.1287,1000.918,left_turn,356.16,26,1.62
2905,362222,-0.0475,-0.1139,1.0171,-0.7437,0.91,16.4762,1000.9146,left_turn,356.22,26,1.68
2906,362282,-0.0495,-0.1837,0.9989,1.0237,0.2362,16.8962,1000.9192,left_turn,356.28,26,1.74
2907,362342,-0.0412,-0.1039,0.9287,-0.455,-0.7788,17.7975,1000.9055,left_turn,356.34,26,1.8
2908,362402,-0.0343,-0.1039,0.9916,1.2513,-0.1575,18.2875,1000.9214,left_turn,356.4,26,1.86
2909,362462,-0.021,-0.1193,1.0265,0.2887,0.035,19.1537,1000.9177,left_turn,356.46,26,1.92
2910,362522,-0.0769,-0.1562,0.8993,0.7613,0.07,19.4688,1000.9062,left_turn,356.52,26,1.98
2911,362582,-0.05,-0.1346,0.9142,1.1375,-0.9712,19.9937,1000.9229,left_turn,356.58,26,2.04
2912,362642,-0.0046,-0.141,1.0282,0.0875,0.5163,20.3612,1000.9041,left_turn,356.64,26,2.1
2913,362702,-0.0198,-0.0842,0.9833,1.1725,0.0962,20.7288,1000.9094,left_turn,356.7,26,2.16
2914,362762,-0.0303,-0.133,0.9679,0.63,0.6562,20.8512,1000.9055,left_turn,356.76,26,2.22
2915,362822,-0.0068,-0.0966,0.9992,-0.0262,0.3063,20.8862,1000.9077,left_turn,356.82,26,2.28
2916,362882,-0.0353,-0.1726,0.9643,-0.1838,0.9712,20.825,1000.9119,left_turn,356.88,26,2.34
2917,362942,-0.0005,-0.1476,1.0134,0.1138,0.4112,21.21,1000.9072,left_turn,356.94,26,2.4
2918,363002,0.038,-0.0488,0.998,0.3675,1.0588,21.21,1000.9041,left_turn,357.0,26,2.46
2919,363062,0.0719,-0.0917,0.9645,-1.9162,2.73,21.6125,1000.9094,left_turn,357.06,26,2.52
2920,363122,-0.0108,-0.1771,0.9748,1.19,-0.0175,21.6562,1000.9045,left_turn,357.12,26,2.58
2921,363182,-0.0073,-0.0634,1.0106,0.735,1.225,21.28,1000.9045,left_turn,357.18,26,2.64
2922,363242,0.0706,-0.0888,1.0899,-1.3737,-0.7525,21.8487,1000.9084,left_turn,357.24,26,2.7
2923,363302,-0.0005,-0.019,1.0255,2.485,2.415,21.4813,1000.8955,left_turn,357.3,26,2.76
2924,363362,-0.0108,-0.1576,0.906,-0.14,-1.5925,21.0875,1000.9065,left_turn,357.36,26,2.82
2925,363422,0.0435,-0.1344,1.0299,1.9688,0.7262,21.2013,1000.8965,left_turn,357.42,26,2.88
2926,363482,0.0537,-0.1195,1.0435,1.0412,0.2887,21.385,1000.8997,left_turn,357.48,26,2.94
2927,363542,0.0842,-0.0851,1.0566,1.5312,-0.5337,21.3675,1000.8948,left_turn,357.54,26,3.0
2928,363602,0.0554,-0.1305,0.9872,1.4,0.175,21.1225,1000.9053,left_turn,357.6,26,3.06
2929,363662,0.0766,-0.0506,1.0416,0.385,0.9187,20.9737,1000.9067,left_turn,357.66,26,3.12
2930,363722,0.0988,-0.0464,1.0429,0.8925,0.9013,20.8337,1000.9004,left_turn,357.72,26,3.18
2931,363782,0.0671,-0.0763,0.9804,1.1638,2.5375,20.4925,1000.9055,left_turn,357.78,26,3.24
2932,363842,0.1286,-0.1271,0.9933,-1.575,1.26,20.5537,1000.9011,left_turn,357.84,26,3.3
2933,363902,0.0354,-0.0942,0.9338,0.3063,-1.715,20.685,1000.908,left_turn,357.9,26,3.36
2934,363962,0.0422,-0.1094,0.947,0.56,-0.2188,20.1075,1000.9087,left_turn,357.96,26,3.42
2935,364022,0.0325,-0.0783,1.0002,1.2075,0.8487,20.1075,1000.9038,left_turn,358.02,26,3.48
2936,364082,0.013,-0.0087,1.0081,1.4438,-0.7788,20.4312,1000.9084,left_turn,358.08,26,3.54
2937,364142,-0.0475,-0.1161,0.9535,-0.3413,-1.015,20.3175,1000.9082,left_turn,358.14,26,3.6
2938,364202,0.0019,-0.0956,0.9774,0.3675,0.63,20.265,1000.9148,left_turn,358.2,26,3.66
2939,364262,0.062,-0.0345,1.0646,0.665,1.5137,20.6063,1000.9058,left_turn,358.26,26,3.72
2940,364322,0.0417,-0.0659,1.0075,-1.0412,-0.1575,20.4312,1000.9143,left_turn,358.32,26,3.78
2941,364382,-0.003,-0.1127,0.9897,-0.63,1.0675,19.9762,1000.9036,left_turn,358.38,26,3.84
2942,364442,-0.0281,-0.1182,0.9254,-0.63,-0.0262,19.985,1000.9111,left_turn,358.44,26,3.9
2943,364502,0.0515,-0.115,0.9545,-0.2975,-0.6825,20.2738,1000.9128,left_turn,358.5,26,3.96
2944,364562,0.0174,-0.1017,0.9903,0.9975,0.3325,20.65,1000.9114,left_turn,358.56,26,4.02
2945,364622,-0.0063,-0.1664,0.9301,0.0875,-0.4025,20.545,1000.9131,left_turn,358.62,26,4.08
2946,364682,-0.0264,-0.1721,0.9791,1.96,0.2188,20.65,1000.9053,left_turn,358.68,26,4.14
2947,364742,-0.0379,-0.1,0.9718,1.1988,-0.2537,20.0725,1000.9019,left_turn,358.74,26,4.2
2948,364802,0.0183,-0.1276,1.0175,0.0962,-1.19,20.44,1000.9031,left_turn,358.8,26,4.26
2949,364862,-0.001,-0.0354,0.9845,0.7175,0.035,19.7488,1000.8999,left_turn,358.86,26,4.32
2950,364922,0.002,0.0115,0.9758,-0.5337,2.2662,19.2062,1000.9106,left_turn,358.92,26,4.38
2951,364982,-0.0239,-0.0932,1.0119,-1.2425,-1.1287,18.0688,1000.9016,left_turn,358.98,26,4.44
2952,365042,0.0034,-0.048,1.0465,0.0175,-0.98,18.165,1000.8945,left_turn,359.04,26,4.5
2953,365102,-0.0271,-0.0707,0.9746,-0.4288,-0.4112,17.2987,1000.8975,left_turn,359.1,26,4.56
2954,365162,-0.0197,-0.1681,0.9191,-1.1287,-0.5337,16.415,1000.9084,left_turn,359.16,26,4.62
2955,365222,0.004,0.012,1.0538,0.3938,-1.8987,16.0212,1000.8948,left_turn,359.22,26,4.68
2956,365282,-0.0432,-0.0659,1.0225,0.2713,0.175,15.1725,1000.9026,left_turn,359.28,26,4.74
2957,365342,-0.009,-0.0364,1.0085,0.0525,0.91,13.65,1000.896,left_turn,359.34,26,4.8
2958,365402,-0.0129,0.0054,1.0028,0.455,2.345,12.8975,1000.8894,left_turn,359.4,26,4.86
2959,365462,-0.0417,-0.0071,0.9485,1.26,1.6537,11.9087,1000.8918,left_turn,359.46,26,4.92
2960,365522,0.0339,-0.0144,1.0268,-1.295,1.6888,12.1275,1000.8787,left_turn,359.52,26,4.98
2961,365582,-0.0478,0.0341,0.9611,-0.8662,1.3038,11.55,1000.8845,left_turn,359.58,26,5.04
2962,365642,0.0002,-0.06,1.0721,-0.0962,1.7938,10.6225,1000.8911,left_turn,359.64,26,5.1
2963,365702,-0.0071,-0.0807,1.0002,1.4,-0.42,9.905,1000.8889,left_turn,359.7,26,5.16
2964,365762,-0.0353,0.0188,1.0041,1.5925,0.0875,8.5662,1000.8865,left_turn,359.76,26,5.22
2965,365822,0.0099,-0.0012,1.0299,1.89,-0.9275,7.91,1000.8853,left_turn,359.82,26,5.28
2966,365882,-0.0268,0.0985,1.0073,1.3388,-1.1287,7.105,1000.8882,left_turn,359.88,26,5.34
2967,365942,0.0253,0.0412,0.9345,1.9162,-1.7938,6.1075,1000.8801,left_turn,359.94,26,5.4
2968,366002,0.0725,0.1806,1.1778,-1.0762,-1.5662,5.3113,1000.8801,left_turn,360.0,26,5.46
2969,366062,0.0351,0.04,1.0272,-0.0262,-1.085,3.7188,1000.8733,left_turn,360.06,26,5.52
2970,366122,0.0014,0.0349,0.9841,-1.4,-1.9338,3.6137,1000.8821,left_turn,360.12,26,5.58
2971,366182,-0.0368,0.0422,0.9197,-1.3737,-1.4175,2.8612,1000.8799,left_turn,360.18,26,5.64
2972,366242,0.0041,0.0845,0.9648,-1.3475,-3.2987,2.555,1000.8684,left_turn,360.24,26,5.7
2973,366302,0.0559,-0.0015,1.0094,-0.6475,-0.9625,2.6163,1000.8718,left_turn,360.3,26,5.76
2974,366362,-0.0466,-0.0141,0.8566,1.12,-1.96,1.8637,1000.865,left_turn,360.36,26,5.82
2975,366422,0.0708,0.1113,1.068,1.9075,0.035,1.4875,1000.8699,left_turn,360.42,26,5.88
2976,366482,0.0753,-0.0054,0.9911,1.015,0.0787,1.715,1000.8701,left_turn,360.48,26,5.94
2977,366542,0.057,0.0642,1.0807,0.6125,1.3388,1.6537,1000.8787,left_turn,360.54,26,6.0
2978,366602,0.0199,0.0584,0.9916,0.5425,1.1025,1.4262,1000.8701,left_turn,360.6,26,6.06
2979,366662,0.0503,0.012,1.0607,1.2337,3.4125,1.4438,1000.8638,left_turn,360.66,26,6.12
2980,366722,0.0529,0.0334,0.9721,0.1138,0.6562,1.1375,1000.8716,left_turn,360.72,26,6.18
2981,366782,0.0837,0.0798,0.9757,-0.14,0.0088,1.1988,1000.8757,left_turn,360.78,26,6.24
2982,366842,0.0395,0.0476,1.0157,0.2188,-0.8838,0.9975,1000.8833,left_turn,360.84,26,6.3
2983,367862,0.0601,0.0626,0.9946,-0.5688,-0.2887,0.8575,1000.8708,left_turn,361.86,27,0.0
2984,367922,0.0525,-0.0149,0.9972,-1.365,-0.1575,1.2513,1000.887,left_turn,361.92,27,0.06
2985,367982,0.0428,0.0127,1.0241,-1.0675,0.2188,1.3737,1000.8845,left_turn,361.98,27,0.12
2986,368042,0.04,-0.0087,1.0363,-0.7788,-0.0875,1.785,1000.8828,left_turn,362.04,27,0.18
2987,368102,0.0361,-0.0237,0.9667,-0.5775,0.8662,1.855,1000.8792,left_turn,362.1,27,0.24
2988,368162,0.0037,-0.0412,1.0244,1.8637,1.5838,2.1525,1000.8896,left_turn,362.16,27,0.3
2989,368222,0.0008,-0.0188,0.9734,-1.4963,1.05,2.765,1000.8699,left_turn,362.22,27,0.36
2990,368282,-0.0109,-0.0124,1.006,-0.28,0.4375,3.045,1000.8865,left_turn,362.28,27,0.42
2991,368342,0.0057,-0.0034,1.0599,0.0437,0.84,3.465,1000.8882,left_turn,362.34,27,0.48
2992,368402,-0.009,-0.0395,1.0163,0.4375,0.595,3.5525,1000.887,left_turn,362.4,27,0.54
2993,368462,-0.0213,-0.105,0.9825,0.0525,1.3388,4.0687,1000.8843,left_turn,362.46,27,0.6
2994,368522,-0.0217,-0.0871,0.947,-1.3475,0.2537,5.5912,1000.8826,left_turn,362.52,27,0.66
2995,368582,-0.0156,-0.0359,1.0287,0.455,1.785,6.7112,1000.8811,left_turn,362.58,27,0.72
2996,368642,0.0432,-0.0115,1.0019,-2.3537,1.1812,7.945,1000.8792,left_turn,362.64,27,0.78
2997,368702,-0.0266,-0.1554,0.9118,1.0762,-0.2362,8.645,1000.8767,left_turn,362.7,27,0.84
2998,368762,-0.0051,-0.0508,0.873,1.6537,-1.61,9.7212,1000.8906,left_turn,362.76,27,0.9
2999,368822,0.0687,-0.1005,0.9511,-0.5075,-4.1825,11.0425,1000.8889,left_turn,362.82,27,0.96
3000,368882,0.0339,-0.1345,0.9538,-0.3587,-2.7738,11.5588,1000.8906,left_turn,362.88,27,1.02
3001,368942,0.0481,-0.0827,0.9731,0.875,-2.2137,11.9963,1000.9009,left_turn,362.94,27,1.08
3002,369002,0.0772,-0.1332,1.0092,-1.7237,-1.3038,13.2125,1000.8875,left_turn,363.0,27,1.14
3003,369062,0.083,-0.0669,1.0314,-1.9775,0.035,13.7638,1000.8965,left_turn,363.06,27,1.2
3004,369122,0.0618,-0.1505,1.0563,-1.0938,-0.9013,14.8837,1000.8992,left_turn,363.12,27,1.26
3005,369182,0.0381,-0.1679,0.998,-0.9275,0.9712,14.9712,1000.8911,left_turn,363.18,27,1.32
3006,369242,0.0859,-0.1535,1.018,-0.21,0.5688,16.31,1000.8928,left_turn,363.24,27,1.38
3007,369302,0.0328,-0.163,0.9659,1.2337,-0.2013,17.465,1000.8855,left_turn,363.3,27,1.44
3008,369362,0.0881,-0.0772,1.0287,1.19,0.28,18.3925,1000.8899,left_turn,363.36,27,1.5
3009,369422,0.1098,-0.0334,0.9487,-2.3012,1.05,19.11,1000.8943,left_turn,363.42,27,1.56
3010,369482,0.0315,-0.1549,0.8325,0.14,1.0675,19.4425,1000.8804,left_turn,363.48,27,1.62
3011,369542,0.0598,-0.1342,0.8872,-0.9538,0.91,19.6787,1000.886,left_turn,363.54,27,1.68
3012,369602,0.1196,-0.1042,1.0917,-0.0262,3.0275,20.965,1000.9021,left_turn,363.6,27,1.74
3013,369662,-0.0034,-0.134,0.9553,-1.6537,2.8963,21.875,1000.9043,left_turn,363.66,27,1.8
3014,369722,0.1393,-0.1884,1.026,-1.6275,1.5312,22.4875,1000.8928,left_turn,363.72,27,1.86
3015,369782,0.0847,-0.2889,0.8623,-1.365,2.2925,22.7588,1000.918,left_turn,363.78,27,1.92
3016,369842,0.063,-0.1737,1.0914,2.2487,0.3675,24.5175,1000.9028,left_turn,363.84,27,1.98
3017,369902,0.0322,-0.189,0.9908,1.33,-0.9538,25.0513,1000.917,left_turn,363.9,27,2.04
3018,369962,0.0349,-0.1774,1.0375,-0.21,-0.8138,25.7862,1000.9065,left_turn,363.96,27,2.1
3019,370022,0.012,-0.2294,0.975,1.4963,0.245,26.915,1000.915,left_turn,364.02,27,2.16
3020,370082,0.0237,-0.125,1.0011,-0.8313,0.7262,27.8337,1000.9041,left_turn,364.08,27,2.22
3021,370142,0.0168,-0.2258,0.9689,-0.3587,0.9625,29.12,1000.8982,left_turn,364.14,27,2.28
3022,370202,-0.0098,-0.2428,0.8962,0.1663,0.035,30.0125,1000.9026,left_turn,364.2,27,2.34
3023,370262,0.0708,-0.1947,1.0838,0.28,0.8662,31.2025,1000.8994,left_turn,364.26,27,2.4
3024,370322,-0.0005,-0.21,0.88,-0.6475,-0.2188,32.2525,1000.905,left_turn,364.32,27,2.46
3025,370382,0.0198,-0.2482,0.9872,-0.07,1.8112,32.9963,1000.9058,left_turn,364.38,27,2.52
3026,370442,0.0407,-0.1845,1.0591,2.065,-0.175,33.5737,1000.9082,left_turn,364.44,27,2.58
3027,370502,0.0283,-0.1842,0.9218,-0.2887,0.5425,33.2238,1000.9146,left_turn,364.5,27,2.64
3028,370562,-0.0004,-0.1677,0.9669,0.4462,0.8925,33.4338,1000.9033,left_turn,364.56,27,2.7
3029,370622,0.0334,-0.1991,1.006,-0.6913,0.2887,33.8013,1000.9077,left_turn,364.62,27,2.76
3030,370682,0.0134,-0.2186,1.0011,0.4988,0.0437,33.7487,1000.9119,left_turn,364.68,27,2.82
3031,370742,-0.0098,-0.2447,0.9634,1.3825,-0.105,33.6437,1000.9119,left_turn,364.74,27,2.88
3032,370802,0.0088,-0.1996,0.9438,1.5575,-0.7262,34.0462,1000.9045,left_turn,364.8,27,2.94
3033,370862,0.0307,-0.1652,1.0307,0.1663,-0.175,33.8713,1000.9075,left_turn,364.86,27,3.0
3034,370922,-0.012,-0.1903,0.9131,0.91,1.4262,33.11,1000.9067,left_turn,364.92,27,3.06
3035,370982,-0.0001,-0.204,0.9828,-0.0437,0.6037,32.69,1000.9031,left_turn,364.98,27,3.12
3036,371042,0.0001,-0.1282,1.0458,0.56,0.6212,31.955,1000.9065,left_turn,365.04,27,3.18
3037,371102,0.0448,-0.1333,1.0853,0.07,0.2013,31.7188,1000.9009,left_turn,365.1,27,3.24
3038,371162,-0.0124,-0.2465,0.9963,-1.5488,-0.7437,31.5525,1000.8928,left_turn,365.16,27,3.3
3039,371222,-0.0131,-0.1543,1.048,-0.4375,-1.0588,31.185,1000.8923,left_turn,365.22,27,3.36
3040,371282,-0.0083,-0.2201,0.9406,-0.6475,-1.225,30.45,1000.8892,left_turn,365.28,27,3.42
3041,371342,0.049,-0.1914,1.0746,-1.5488,1.2162,29.9862,1000.8984,left_turn,365.34,27,3.48
3042,371402,-0.0406,-0.2191,0.8911,0.315,0.7088,29.0588,1000.896,left_turn,365.4,27,3.54
3043,371462,0.0056,-0.1983,1.0094,0.4112,0.4288,28.735,1000.8972,left_turn,365.46,27,3.6
3044,371522,-0.024,-0.161,0.9679,1.575,0.2975,27.65,1000.8882,left_turn,365.52,27,3.66
3045,371582,0.0007,-0.1437,1.0386,1.2687,2.24,26.8188,1000.8884,left_turn,365.58,27,3.72
3046,371642,0.0026,-0.1222,1.0136,1.5838,0.3587,25.7512,1000.8984,left_turn,365.64,27,3.78
3047,371702,-0.0657,-0.0744,0.9739,1.8987,1.6712,24.4825,1000.8943,left_turn,365.7,27,3.84
3048,371762,0.0087,-0.0876,1.0313,0.0875,0.4112,22.8813,1000.8896,left_turn,365.76,27,3.9
3049,371822,-0.0342,-0.1327,1.0129,0.6125,0.1225,22.0238,1000.8838,left_turn,365.82,27,3.96
3050,371882,-0.0193,-0.0891,0.9733,-0.245,-0.1575,20.93,1000.8867,left_turn,365.88,27,4.02
3051,371942,-0.0173,-0.1037,0.9855,-0.2362,0.9975,19.6525,1000.886,left_turn,365.94,27,4.08
3052,372002,-0.0249,-0.1301,0.9516,-0.2713,-1.8725,18.9088,1000.886,left_turn,366.0,27,4.14
3053,372062,-0.0282,-0.1534,1.0829,0.63,0.665,17.955,1000.886,left_turn,366.06,27,4.2
3054,372122,0.0108,-0.1203,0.994,-0.63,-0.7875,17.4737,1000.8899,left_turn,366.12,27,4.26
3055,372182,-0.0146,-0.1166,0.9678,-0.805,0.3938,17.0625,1000.8906,left_turn,366.18,27,4.32
3056,372242,-0.0581,-0.0805,0.9869,0.6212,-0.3675,16.135,1000.885,left_turn,366.24,27,4.38
3057,372302,0.0,-0.1469,0.9685,-0.2537,1.6975,15.47,1000.8767,left_turn,366.3,27,4.44
3058,372362,-0.0724,-0.0196,0.9584,0.5163,-0.4812,15.1112,1000.8806,left_turn,366.36,27,4.5
3059,372422,-0.049,-0.0533,0.9957,0.7788,0.3325,14.0,1000.8813,left_turn,366.42,27,4.56
3060,372482,-0.0449,-0.0379,1.0431,1.155,0.4638,13.055,1000.8674,left_turn,366.48,27,4.62
3061,372542,-0.0856,0.0015,0.9638,0.4638,0.49,11.7775,1000.8728,left_turn,366.54,27,4.68
3062,372602,-0.0539,-0.0408,0.972,1.085,0.8925,10.7975,1000.8848,left_turn,366.6,27,4.74
3063,372662,-0.0486,-0.0608,0.985,-0.2362,0.0875,10.1412,1000.8782,left_turn,366.66,27,4.8
3064,372722,-0.0644,-0.0317,0.9926,-0.105,1.0762,9.0825,1000.8762,left_turn,366.72,27,4.86
3065,372782,-0.0209,-0.0217,1.0438,-0.315,0.2975,8.26,1000.8799,left_turn,366.78,27,4.92
3066,372842,0.0146,-0.0251,1.0221,0.7962,-0.3762,7.7525,1000.8792,left_turn,366.84,27,4.98
3067,372902,-0.0198,0.027,1.0246,0.595,-0.175,6.7463,1000.8787,left_turn,366.9,27,5.04
3068,372962,-0.0769,0.0041,0.9933,0.91,0.3063,5.9062,1000.8755,left_turn,366.96,27,5.1
3069,373022,-0.0722,-0.0614,0.9492,0.3237,-0.4462,5.39,1000.8816,left_turn,367.02,27,5.16
3070,373082,-0.0288,0.0164,1.0118,0.4112,0.4375,5.0837,1000.8691,left_turn,367.08,27,5.22
3071,373142,-0.0971,0.0132,0.9338,-0.3675,-0.735,4.2,1000.8784,left_turn,367.14,27,5.28
3072,373202,-0.0508,-0.0049,1.0514,-0.8838,-1.12,3.7625,1000.8687,left_turn,367.2,27,5.34
3073,373262,-0.0573,0.0199,1.0348,0.3237,1.5838,3.0538,1000.8735,left_turn,367.26,27,5.4
3074,373322,-0.0761,0.0419,0.9577,-1.995,0.9275,2.9838,1000.8667,left_turn,367.32,27,5.46
3075,373382,-0.051,-0.0354,0.944,0.3762,-1.925,2.765,1000.8696,left_turn,367.38,27,5.52
3076,373442,-0.0052,-0.0107,1.0529,-0.7175,-0.5337,2.6075,1000.8674,left_turn,367.44,27,5.58
3077,373502,-0.0793,0.0339,0.9462,0.9975,0.6125,2.2925,1000.8711,left_turn,367.5,27,5.64
3078,373562,-0.0283,-0.0437,1.0643,1.3563,0.4988,1.47,1000.8684,left_turn,367.56,27,5.7
3079,373622,-0.1034,0.0609,0.9203,-0.035,0.7262,1.3913,1000.8645,left_turn,367.62,27,5.76
3080,373682,-0.1208,-0.021,0.9292,2.8788,0.0437,1.225,1000.8591,left_turn,367.68,27,5.82
3081,373742,-0.0611,-0.0444,0.9406,0.3675,0.455,1.1638,1000.8499,left_turn,367.74,27,5.88
3082,373802,-0.0832,0.0571,0.9929,0.4375,0.28,1.1287,1000.8608,left_turn,367.8,27,5.94
3083,373862,-0.029,-0.0032,1.1871,-0.2625,1.8375,0.6388,1000.8586,left_turn,367.86,27,6.0
3084,381602,0.029,-0.0532,0.9206,-0.5688,-0.84,0.5863,1000.8713,left_turn,375.6,28,0.0
3085,381662,0.0725,-0.0361,0.9762,-0.7788,-1.7062,1.4262,1000.8669,left_turn,375.66,28,0.06
3086,381722,0.0343,-0.0147,1.0449,-0.2975,0.5425,2.4062,1000.8738,left_turn,375.72,28,0.12
3087,381782,0.0458,-0.0419,1.0233,-0.4025,1.8025,3.0363,1000.8872,left_turn,375.78,28,0.18
3088,381842,0.0473,-0.0939,0.9572,-1.1375,0.3063,3.64,1000.8787,left_turn,375.84,28,0.24
3089,381902,0.0386,-0.0472,0.9699,-0.49,-0.84,4.8475,1000.8748,left_turn,375.9,28,0.3
3090,381962,0.0253,-0.0945,0.9311,-0.2013,-0.5337,4.97,1000.8806,left_turn,375.96,28,0.36
3091,382022,0.0384,-0.0814,0.9443,-0.105,0.42,5.845,1000.8777,left_turn,376.02,28,0.42
3092,382082,0.0574,-0.0746,1.0423,-0.6737,1.1463,7.14,1000.8901,left_turn,376.08,28,0.48
3093,382142,0.0695,-0.1108,0.9884,-0.2975,-0.2537,8.0763,1000.8821,left_turn,376.14,28,0.54
3094,382202,0.0888,-0.1042,1.017,-0.35,-1.33,9.45,1000.8975,left_turn,376.2,28,0.6
3095,382262,0.0632,-0.1364,1.0207,-0.0175,0.315,10.0625,1000.8955,left_turn,376.26,28,0.66
3096,382322,0.0717,-0.0312,1.0009,1.4875,1.5137,10.99,1000.9016,left_turn,376.32,28,0.72
3097,382382,0.0268,-0.1793,0.9402,1.4787,-0.6125,12.2413,1000.8953,left_turn,376.38,28,0.78
3098,382442,0.0608,-0.1337,0.9789,1.9425,0.8225,13.1337,1000.896,left_turn,376.44,28,0.84
3099,382502,0.0783,-0.0788,1.0421,0.3938,1.2075,13.5887,1000.8984,left_turn,376.5,28,0.9
3100,382562,0.0361,-0.1507,1.0078,0.4288,0.3237,14.2712,1000.9028,left_turn,376.56,28,0.96
3101,382622,0.0364,-0.1898,0.9379,0.35,-0.2362,14.5863,1000.8975,left_turn,376.62,28,1.02
3102,382682,0.0836,-0.156,1.0307,0.6825,-0.5688,15.4175,1000.9058,left_turn,376.68,28,1.08
3103,382742,0.0403,-0.1386,0.9364,-0.56,-0.3237,15.7675,1000.9175,left_turn,376.74,28,1.14
3104,382802,0.0339,-0.143,0.9318,1.0675,-0.2362,16.1437,1000.9138,left_turn,376.8,28,1.2
3105,382862,0.0443,-0.1798,1.0397,1.6275,-0.7875,16.66,1000.9185,left_turn,376.86,28,1.26
3106,382922,0.0425,-0.1064,0.9947,0.8225,-0.1225,16.975,1000.9092,left_turn,376.92,28,1.32
3107,382982,0.0818,-0.1193,1.0317,1.1725,1.05,17.045,1000.9158,left_turn,376.98,28,1.38
3108,383042,0.0282,-0.1523,0.9132,-0.315,-0.035,17.78,1000.918,left_turn,377.04,28,1.44
3109,383102,0.0678,-0.161,1.0095,0.1575,-0.2013,18.4013,1000.9155,left_turn,377.1,28,1.5
3110,383162,0.0537,-0.1341,0.9902,-1.0412,0.2275,19.1537,1000.9092,left_turn,377.16,28,1.56
3111,383222,0.0586,-0.1247,0.9354,-0.98,0.0088,19.8275,1000.915,left_turn,377.22,28,1.62
3112,383282,-0.0069,-0.1545,1.0016,0.2713,1.7675,19.9937,1000.9124,left_turn,377.28,28,1.68
3113,383342,0.0137,-0.1881,1.0009,-0.6037,-0.1225,20.6588,1000.9141,left_turn,377.34,28,1.74
3114,383402,0.0502,-0.2317,1.1122,-0.1663,-0.2625,21.2537,1000.9204,left_turn,377.4,28,1.8
3115,383462,0.0476,-0.1545,1.0612,-1.05,0.3237,21.945,1000.9333,left_turn,377.46,28,1.86
3116,383522,0.0003,-0.2101,0.9902,-1.1463,-0.4462,22.75,1000.9341,left_turn,377.52,28,1.92
3117,383582,0.052,-0.1904,0.9975,-2.87,-2.73,22.925,1000.9299,left_turn,377.58,28,1.98
3118,383642,0.1205,-0.2191,1.0116,-1.8112,-0.07,23.415,1000.9207,left_turn,377.64,28,2.04
3119,383702,0.0263,-0.2547,0.9702,4.1388,0.56,24.5525,1000.9307,left_turn,377.7,28,2.1
3120,383762,0.0776,-0.2172,0.9337,1.1638,0.245,24.7013,1000.9424,left_turn,377.76,28,2.16
3121,383822,0.1222,-0.1362,1.1195,2.0912,1.5925,25.8037,1000.9236,left_turn,377.82,28,2.22
3122,383882,0.0199,-0.1867,0.9299,1.61,0.735,26.075,1000.9336,left_turn,377.88,28,2.28
3123,383942,0.0527,-0.2792,0.9277,1.3475,1.5225,26.145,1000.9456,left_turn,377.94,28,2.34
3124,384002,0.007,-0.12,1.0219,2.5113,3.0975,25.9175,1000.928,left_turn,378.0,28,2.4
3125,384062,0.0304,-0.1601,0.8924,0.3675,-1.1463,25.83,1000.9304,left_turn,378.06,28,2.46
3126,384122,0.0267,-0.2013,1.0143,1.155,2.0912,25.4538,1000.9338,left_turn,378.12,28,2.52
3127,384182,0.0724,-0.1335,1.0551,0.07,0.5163,25.4975,1000.9319,left_turn,378.18,28,2.58
3128,384242,0.0054,-0.1439,0.9482,-0.8138,0.7,25.725,1000.9321,left_turn,378.24,28,2.64
3129,384302,0.0794,-0.2191,1.0699,-1.0325,-1.6013,25.6462,1000.9282,left_turn,378.3,28,2.7
3130,384362,0.0849,-0.2169,1.0789,1.3475,1.715,24.7188,1000.9368,left_turn,378.36,28,2.76
3131,384422,0.0655,-0.1493,1.037,1.925,0.385,24.8062,1000.9443,left_turn,378.42,28,2.82
3132,384482,0.04,-0.1869,0.9894,1.4612,1.855,25.27,1000.9438,left_turn,378.48,28,2.88
3133,384542,0.0122,-0.1671,0.9414,2.205,1.7062,25.2612,1000.9263,left_turn,378.54,28,2.94
3134,384602,0.0314,-0.1193,1.0166,-0.3675,1.0675,25.3225,1000.9307,left_turn,378.6,28,3.0
3135,384662,0.0371,-0.1881,0.9553,-0.8662,0.0175,25.4275,1000.9336,left_turn,378.66,28,3.06
3136,384722,0.0227,-0.1569,0.9687,-0.21,1.6975,24.8237,1000.9312,left_turn,378.72,28,3.12
3137,384782,0.0426,-0.1607,1.0036,-1.4262,-0.2362,24.5963,1000.9465,left_turn,378.78,28,3.18
3138,384842,0.0869,-0.1318,1.0379,-0.9362,0.5512,25.1912,1000.9375,left_turn,378.84,28,3.24
3139,384902,0.0041,-0.1903,0.9745,-0.77,0.0088,25.06,1000.9443,left_turn,378.9,28,3.3
3140,384962,0.0332,-0.2283,0.9135,-0.9712,0.0262,25.0425,1000.9526,left_turn,378.96,28,3.36
3141,385022,0.0297,-0.1362,1.0851,-0.9013,0.4638,25.0775,1000.9402,left_turn,379.02,28,3.42
3142,385082,0.0183,-0.1608,0.9873,0.1925,-1.4963,25.025,1000.9539,left_turn,379.08,28,3.48
3143,385142,0.0142,-0.2047,0.9717,-0.1488,-1.2687,24.78,1000.9458,left_turn,379.14,28,3.54
3144,385202,0.0962,-0.1318,1.0502,-0.245,-2.1263,25.025,1000.9504,left_turn,379.2,28,3.6
3145,385262,0.0287,-0.2155,0.8669,0.385,0.4112,24.3512,1000.9385,left_turn,379.26,28,3.66
3146,385322,0.0761,-0.1465,1.0386,-0.0437,0.6913,24.0012,1000.9392,left_turn,379.32,28,3.72
3147,385382,0.067,-0.1362,1.0505,0.7525,-0.4462,23.625,1000.9443,left_turn,379.38,28,3.78
3148,385442,0.0542,-0.1329,1.0332,0.385,-0.8138,23.1175,1000.9397,left_turn,379.44,28,3.84
3149,385502,0.0168,-0.1432,0.9831,0.6212,-0.8313,22.47,1000.9504,left_turn,379.5,28,3.9
3150,385562,-0.0122,-0.09,0.9262,0.6125,-1.2075,21.35,1000.9412,left_turn,379.56,28,3.96
3151,385622,-0.0085,-0.0744,1.0363,1.68,1.54,20.0637,1000.9397,left_turn,379.62,28,4.02
3152,385682,0.0249,-0.0312,1.0152,2.5638,1.295,18.1038,1000.9392,left_turn,379.68,28,4.08
3153,385742,-0.0134,-0.0605,0.9464,1.8637,0.595,16.3975,1000.9282,left_turn,379.74,28,4.14
3154,385802,-0.0029,-0.0398,1.0217,1.6537,0.1925,14.7525,1000.9402,left_turn,379.8,28,4.2
3155,385862,0.0035,0.0104,1.0536,1.19,0.35,13.02,1000.9353,left_turn,379.86,28,4.26
3156,385922,-0.0167,0.0181,0.9292,0.91,0.35,11.1388,1000.9307,left_turn,379.92,28,4.32
3157,385982,-0.0237,0.0296,0.9374,0.0437,-0.5163,9.6862,1000.927,left_turn,379.98,28,4.38
3158,386042,-0.0185,0.0069,1.0475,-0.2713,-1.7237,8.015,1000.9465,left_turn,380.04,28,4.44
3159,386102,0.0095,0.0472,1.0148,0.14,-0.3063,6.7112,1000.9263,left_turn,380.1,28,4.5
3160,386162,-0.0302,0.0143,0.9274,-0.7525,0.2975,5.4513,1000.9336,left_turn,380.16,28,4.56
3161,386222,0.0056,0.0157,1.0258,-1.2425,0.3413,4.305,1000.9275,left_turn,380.22,28,4.62
3162,386282,-0.0207,0.0253,1.0246,-0.4288,-0.6913,3.4213,1000.9375,left_turn,380.28,28,4.68
3163,386342,-0.0101,-0.0078,1.0055,-0.4988,0.1225,3.01,1000.9343,left_turn,380.34,28,4.74
3164,386402,-0.0359,0.018,0.9734,0.3762,0.0437,2.73,1000.9285,left_turn,380.4,28,4.8
3165,386462,-0.038,-0.0081,0.965,0.07,-0.8925,2.275,1000.9338,left_turn,380.46,28,4.86
3166,386522,-0.0429,0.0618,0.9711,1.575,-0.4988,1.4612,1000.9324,left_turn,380.52,28,4.92
3167,386582,0.031,0.0405,1.0341,0.4812,-0.8575,1.085,1000.9402,left_turn,380.58,28,4.98
3168,386642,-0.0834,0.0139,0.9094,0.2013,0.1838,0.6562,1000.9333,left_turn,380.64,28,5.04
3169,387362,-0.0041,0.0396,1.0593,-0.42,1.0237,0.9187,1000.9309,left_turn,381.36,29,0.0
3170,387422,-0.0449,-0.0803,0.9958,-1.1375,0.3237,1.2337,1000.9304,left_turn,381.42,29,0.06
3171,387482,0.0086,0.0448,1.0002,0.1138,-0.2537,1.26,1000.9297,left_turn,381.48,29,0.12
3172,387542,-0.0083,-0.0456,0.9423,-1.8375,-1.155,1.3475,1000.9304,left_turn,381.54,29,0.18
3173,387602,0.0188,0.05,0.9565,-0.3413,0.3762,1.0938,1000.9365,left_turn,381.6,29,0.24
3174,387662,0.0447,0.0024,1.0673,0.9975,0.98,1.225,1000.9397,left_turn,381.66,29,0.3
3175,387722,0.0042,0.0462,0.9894,1.3563,1.4262,1.1988,1000.9292,left_turn,381.72,29,0.36
3176,387782,0.0102,-0.0059,0.9683,1.3737,0.3325,1.295,1000.9414,left_turn,381.78,29,0.42
3177,387842,0.0303,0.0054,1.0086,0.4812,0.14,1.7413,1000.9216,left_turn,381.84,29,0.48
3178,387902,-0.001,0.0156,0.9108,-0.77,-1.5137,1.925,1000.9314,left_turn,381.9,29,0.54
3179,387962,0.07,-0.0014,1.0352,0.3237,-0.5863,1.6712,1000.9324,left_turn,381.96,29,0.6
3180,388022,-0.003,0.0151,1.0385,-0.5775,-0.3063,1.68,1000.9407,left_turn,382.02,29,0.66
3181,388082,0.0269,0.049,1.0704,-0.6212,1.3475,1.6712,1000.9358,left_turn,382.08,29,0.72
3182,388142,0.07,-0.0628,1.0194,-1.3737,0.4812,1.7763,1000.9304,left_turn,382.14,29,0.78
3183,388202,0.032,-0.0443,1.0324,-1.3913,1.3563,2.2313,1000.9336,left_turn,382.2,29,0.84
3184,388262,0.0425,-0.0129,1.0233,-0.0262,0.035,2.5463,1000.9321,left_turn,382.26,29,0.9
3185,388322,0.0673,-0.022,0.9758,-0.035,0.1138,2.9925,1000.9292,left_turn,382.32,29,0.96
3186,388382,0.0182,-0.0519,0.947,1.4612,-0.3237,3.5525,1000.9331,left_turn,382.38,29,1.02
3187,388442,0.0786,0.0095,1.0863,1.7587,2.6425,4.2787,1000.9314,left_turn,382.44,29,1.08
3188,388502,0.0603,-0.0291,1.0292,1.6187,0.4462,4.9612,1000.936,left_turn,382.5,29,1.14
3189,388562,0.0581,-0.07,1.0221,1.0237,0.9712,6.16,1000.9397,left_turn,382.56,29,1.2
3190,388622,0.0454,-0.0109,0.985,1.2687,1.54,6.5712,1000.9363,left_turn,382.62,29,1.26
3191,388682,0.0459,-0.0434,0.9931,0.14,-0.245,7.0525,1000.9451,left_turn,382.68,29,1.32
3192,388742,0.0149,-0.0419,0.9426,-0.0962,0.1138,7.5512,1000.9487,left_turn,382.74,29,1.38
3193,388802,0.0745,-0.0722,1.0135,-1.26,1.1287,8.7937,1000.9446,left_turn,382.8,29,1.44
3194,388862,0.003,-0.0442,0.9634,0.0175,0.14,9.5025,1000.9446,left_turn,382.86,29,1.5
3195,388922,0.0429,-0.0917,0.9999,-0.5425,0.8487,10.3425,1000.9492,left_turn,382.92,29,1.56
3196,388982,-0.0043,-0.0977,0.9534,0.7613,1.3913,11.0425,1000.9514,left_turn,382.98,29,1.62
3197,389042,0.0478,-0.1413,1.0399,0.7962,0.175,12.3725,1000.9519,left_turn,383.04,29,1.68
3198,389102,0.0527,-0.1098,1.0194,0.175,0.4025,13.1425,1000.9526,left_turn,383.1,29,1.74
3199,389162,0.0683,-0.1045,1.0203,1.8288,0.3237,14.665,1000.9453,left_turn,383.16,29,1.8
3200,389222,0.0585,-0.1735,1.0375,0.7,0.1838,15.4,1000.9561,left_turn,383.22,29,1.86
3201,389282,0.0761,-0.1347,1.0861,0.9625,-0.7875,16.5812,1000.9548,left_turn,383.28,29,1.92
3202,389342,0.0051,-0.0919,1.0041,1.295,-0.2713,17.2987,1000.9587,left_turn,383.34,29,1.98
3203,389402,0.0459,-0.1945,1.0063,1.785,0.7613,18.1038,1000.9548,left_turn,383.4,29,2.04
3204,389462,0.002,-0.1532,0.8808,0.1663,-1.9075,19.4163,1000.9504,left_turn,383.46,29,2.1
3205,389522,0.002,-0.1713,0.9597,-0.8138,0.5163,20.3438,1000.947,left_turn,383.52,29,2.16
3206,389582,0.0539,-0.1837,1.0088,-1.8375,-0.8313,21.4988,1000.9473,left_turn,383.58,29,2.22
3207,389642,0.0258,-0.2001,0.9801,-1.2687,-0.07,21.9538,1000.9551,left_turn,383.64,29,2.28
3208,389702,0.0531,-0.2308,1.0214,-0.21,-0.4288,22.9425,1000.9561,left_turn,383.7,29,2.34
3209,389762,0.0654,-0.1487,1.0061,0.4112,0.6388,23.8612,1000.9556,left_turn,383.76,29,2.4
3210,389822,0.0873,-0.1867,1.0077,-0.7613,-0.3063,24.9638,1000.9541,left_turn,383.82,29,2.46
3211,389882,0.0242,-0.2633,0.8331,-1.1375,-0.8575,25.9613,1000.9573,left_turn,383.88,29,2.52
3212,389942,0.0581,-0.1347,1.0311,-0.0262,1.05,26.7313,1000.9551,left_turn,383.94,29,2.58
3213,390002,0.0476,-0.2089,0.9538,0.0088,-1.2162,27.5713,1000.9583,left_turn,384.0,29,2.64
3214,390062,0.0522,-0.1854,0.9896,-0.245,-0.7175,28.1488,1000.9558,left_turn,384.06,29,2.7
3215,390122,0.0139,-0.189,0.9227,-0.3675,1.5137,28.2975,1000.9536,left_turn,384.12,29,2.76
3216,390182,0.0942,-0.2045,1.0705,1.7763,-0.9275,29.1812,1000.9656,left_turn,384.18,29,2.82
3217,390242,0.0736,-0.1735,1.0052,1.015,-0.8838,29.26,1000.9631,left_turn,384.24,29,2.88
3218,390302,0.0559,-0.1867,0.9714,-0.1575,-0.0175,29.6712,1000.9551,left_turn,384.3,29,2.94
3219,390362,0.0767,-0.1576,1.0657,0.5688,-0.98,30.275,1000.9526,left_turn,384.36,29,3.0
3220,390422,0.0329,-0.1776,0.9972,1.015,0.77,30.1175,1000.9531,left_turn,384.42,29,3.06
3221,390482,0.001,-0.2276,0.8768,1.435,1.7325,30.17,1000.9548,left_turn,384.48,29,3.12
3222,390542,-0.0205,-0.1952,0.9497,-0.2887,-1.4875,30.38,1000.9417,left_turn,384.54,29,3.18
3223,390602,0.0655,-0.2125,1.0893,2.4675,-1.295,30.6775,1000.9468,left_turn,384.6,29,3.24
3224,390662,0.0539,-0.213,1.0814,0.6388,2.8875,30.4587,1000.9392,left_turn,384.66,29,3.3
3225,390722,0.0223,-0.1686,1.0595,-1.7413,1.5225,30.7563,1000.9517,left_turn,384.72,29,3.36
3226,390782,-0.009,-0.1947,0.9943,-0.6562,1.8725,30.8525,1000.9431,left_turn,384.78,29,3.42
3227,390842,0.0212,-0.174,0.9899,-0.77,0.7,30.8525,1000.9407,left_turn,384.84,29,3.48
3228,390902,0.0298,-0.1642,0.9482,-1.1113,1.4525,30.2488,1000.9453,left_turn,384.9,29,3.54
3229,390962,0.0185,-0.2403,0.9691,-0.4375,0.7875,30.3538,1000.9333,left_turn,384.96,29,3.6
3230,391022,0.0486,-0.1164,0.9301,-0.7788,-1.6013,30.4412,1000.9375,left_turn,385.02,29,3.66
3231,391082,0.0915,-0.1383,1.1014,-0.1488,0.105,30.7563,1000.936,left_turn,385.08,29,3.72
3232,391142,-0.0343,-0.2584,0.967,1.75,3.1937,30.8438,1000.9441,left_turn,385.14,29,3.78
3233,391202,0.0517,-0.1654,1.0408,2.5725,0.385,30.4412,1000.9375,left_turn,385.2,29,3.84
3234,391262,0.0542,-0.1125,1.1002,2.4675,1.3475,28.9625,1000.9368,left_turn,385.26,29,3.9
3235,391322,-0.001,-0.1518,0.9587,1.8987,-1.0412,29.3213,1000.9397,left_turn,385.32,29,3.96
3236,391382,0.0076,-0.0881,1.0253,2.6425,0.4288,29.5837,1000.9404,left_turn,385.38,29,4.02
3237,391442,0.0179,-0.1854,1.0532,0.4638,-1.575,28.3675,1000.9292,left_turn,385.44,29,4.08
3238,391502,-0.0202,-0.1238,1.0248,1.1638,-1.2513,27.6938,1000.9214,left_turn,385.5,29,4.14
3239,391562,0.0466,-0.1505,1.0018,1.3825,0.1663,26.7838,1000.9192,left_turn,385.56,29,4.2
3240,391622,-0.0108,-0.0566,0.9209,0.1575,1.8112,25.8125,1000.9177,left_turn,385.62,29,4.26
3241,391682,-0.0786,-0.2089,0.8787,0.07,1.3825,24.4825,1000.9131,left_turn,385.68,29,4.32
3242,391742,0.0166,-0.0732,1.1118,0.5512,1.1113,23.905,1000.9202,left_turn,385.74,29,4.38
3243,391802,-0.0161,-0.1479,0.9545,1.6537,1.1375,22.8638,1000.9177,left_turn,385.8,29,4.44
3244,391862,-0.0198,-0.1171,0.9875,0.735,0.1838,21.4112,1000.9211,left_turn,385.86,29,4.5
3245,391922,-0.0137,-0.0363,1.0827,1.6975,1.9162,20.3612,1000.9204,left_turn,385.92,29,4.56
3246,391982,-0.0326,-0.0758,0.9914,-0.0262,-1.89,19.6087,1000.9189,left_turn,385.98,29,4.62
3247,392042,-0.0541,-0.1271,1.0626,1.5662,0.3063,18.585,1000.9094,left_turn,386.04,29,4.68
3248,392102,-0.0076,-0.0752,0.9846,1.4088,0.2013,17.4387,1000.9043,left_turn,386.1,29,4.74
3249,392162,0.0353,-0.0253,1.0958,1.4,0.3325,16.0912,1000.8994,left_turn,386.16,29,4.8
3250,392222,-0.0373,-0.0322,0.9801,1.8112,1.5488,15.19,1000.9033,left_turn,386.22,29,4.86
3251,392282,-0.0461,-0.0629,0.9563,0.805,0.9625,13.8512,1000.9082,left_turn,386.28,29,4.92
3252,392342,-0.0342,-0.0573,1.0148,1.7763,1.2513,13.055,1000.8828,left_turn,386.34,29,4.98
3253,392402,-0.0142,-0.042,0.9931,1.2775,-0.77,11.6112,1000.9019,left_turn,386.4,29,5.04
3254,392462,0.0054,0.0007,1.1223,1.1025,1.575,10.8325,1000.8979,left_turn,386.46,29,5.1
3255,392522,-0.0833,0.0217,0.996,0.7613,1.4,9.9225,1000.8936,left_turn,386.52,29,5.16
3256,392582,-0.0568,-0.001,0.9904,-0.4025,-0.9538,8.995,1000.8931,left_turn,386.58,29,5.22
3257,392642,-0.0151,0.0715,1.0792,1.1725,2.7475,7.8313,1000.9023,left_turn,386.64,29,5.28
3258,392702,-0.0179,-0.0261,1.0907,1.0588,0.945,7.0262,1000.8835,left_turn,386.7,29,5.34
3259,392762,-0.0261,0.022,1.0042,1.3737,-0.4025,6.5538,1000.8982,left_turn,386.76,29,5.4
3260,392822,-0.0856,0.0339,0.9482,0.9887,-0.875,5.7225,1000.8992,left_turn,386.82,29,5.46
3261,392882,-0.0798,0.029,0.9006,-0.735,-0.7613,5.1975,1000.8999,left_turn,386.88,29,5.52
3262,392942,-0.0781,0.0016,0.9799,0.1488,0.35,4.97,1000.894,left_turn,386.94,29,5.58
3263,393002,-0.059,-0.0158,1.0822,1.2775,1.19,4.4625,1000.8992,left_turn,387.0,29,5.64
3264,393062,-0.1032,0.0329,0.9694,1.2687,-0.105,3.9813,1000.8855,left_turn,387.06,29,5.7
3265,393122,-0.0312,-0.021,1.0253,0.2887,1.05,3.8937,1000.8894,left_turn,387.12,29,5.76
3266,393182,-0.059,0.0071,1.0194,0.6125,1.015,3.6137,1000.8923,left_turn,387.18,29,5.82
3267,393242,-0.0634,0.0802,1.163,1.6275,3.4562,3.6837,1000.8809,left_turn,387.24,29,5.88
3268,393302,-0.0766,-0.0076,0.9559,-0.5775,1.3737,3.0625,1000.8999,left_turn,387.3,29,5.94
3269,393362,-0.0425,-0.009,1.0785,1.785,0.9275,2.7125,1000.8953,left_turn,387.36,29,6.0
3270,393422,-0.0678,0.0481,1.0086,-0.6212,0.4375,2.6075,1000.8884,left_turn,387.42,29,6.06
3271,393482,-0.0085,0.0864,1.0714,-0.5075,-0.7262,2.6775,1000.8833,left_turn,387.48,29,6.12
3272,393542,-0.0788,-0.0424,0.933,-0.2537,0.28,2.0213,1000.8787,left_turn,387.54,29,6.18
3273,393602,-0.039,0.0224,0.9835,1.6888,0.7613,2.17,1000.8806,left_turn,387.6,29,6.24
3274,393662,-0.0493,0.088,1.0636,-1.715,0.2713,2.065,1000.8826,left_turn,387.66,29,6.3
3275,393722,-0.0927,0.0227,0.9521,-0.77,0.6562,2.0563,1000.8699,left_turn,387.72,29,6.36
3276,393782,-0.0986,0.0249,0.9564,1.8112,-0.9712,1.8463,1000.873,left_turn,387.78,29,6.42
3277,393842,-0.0523,0.0161,1.0637,-0.9013,-0.5775,2.1875,1000.8853,left_turn,387.84,29,6.48
3278,393902,-0.0278,0.0276,1.0393,-1.2513,-0.6913,2.0563,1000.8843,left_turn,387.9,29,6.54
3279,393962,-0.1595,0.0298,0.9123,0.0787,0.175,1.9425,1000.884,left_turn,387.96,29,6.6
3280,394022,-0.0085,0.0321,1.0717,-2.555,0.2713,1.4612,1000.8711,left_turn,388.02,29,6.66
3281,394082,0.0451,0.08,0.9751,-0.3938,-2.7037,1.8375,1000.8762,left_turn,388.08,29,6.72
3282,394142,-0.0324,-0.0188,1.127,0.35,-1.0325,1.3825,1000.8738,left_turn,388.14,29,6.78
3283,394202,-0.0513,0.0642,1.0997,1.3212,2.1875,1.5662,1000.8789,left_turn,388.2,29,6.84
3284,394262,-0.0673,-0.0556,1.107,0.6562,2.5463,1.1025,1000.8748,left_turn,388.26,29,6.9
3285,394322,-0.047,-0.0317,0.9682,-3.01,-2.0387,1.2513,1000.8394,left_turn,388.32,29,6.96
3286,394382,-0.0805,0.0388,0.9653,-0.1838,-0.6212,1.96,1000.8513,left_turn,388.38,29,7.02
3287,394442,-0.0103,0.0076,0.9389,-0.385,-1.9425,1.7237,1000.842,left_turn,388.44,29,7.08
3288,394502,-0.039,0.0322,1.1075,0.14,0.0962,1.4612,1000.854,left_turn,388.5,29,7.14
3289,394562,-0.0564,-0.0198,1.0734,1.3388,5.0925,0.875,1000.8416,left_turn,388.56,29,7.2
3290,401222,0.0124,0.0087,0.9975,0.3325,0.945,0.9975,1000.8608,left_turn,395.22,30,0.0
3291,401282,0.0163,0.0351,0.9641,0.3762,-0.21,1.1287,1000.8757,left_turn,395.28,30,0.06
3292,401342,0.0302,-0.0014,1.0382,1.26,2.0475,1.4963,1000.8655,left_turn,395.34,30,0.12
3293,401402,0.0547,-0.0234,1.0297,0.0,3.3338,1.6275,1000.876,left_turn,395.4,30,0.18
3294,401462,0.0327,-0.0671,1.0021,-1.155,0.7262,2.0387,1000.8635,left_turn,395.46,30,0.24
3295,401522,0.0342,0.0036,1.0417,0.315,1.1113,2.7738,1000.8772,left_turn,395.52,30,0.3
3296,401582,0.0459,0.0083,0.9321,-1.4612,-0.7962,3.08,1000.8811,left_turn,395.58,30,0.36
3297,401642,0.0271,-0.0642,0.9426,-0.2537,1.0938,3.815,1000.873,left_turn,395.64,30,0.42
3298,401702,0.0234,-0.0861,0.9862,-0.4462,3.1325,3.9025,1000.8708,left_turn,395.7,30,0.48
3299,401762,0.0766,-0.031,1.0482,0.9538,0.6388,4.6112,1000.8879,left_turn,395.76,30,0.54
3300,401822,0.1046,-0.0146,1.1353,-0.035,1.54,5.4425,1000.8806,left_turn,395.82,30,0.6
3301,401882,0.0345,-0.0115,1.0136,0.035,0.2362,5.9675,1000.887,left_turn,395.88,30,0.66
3302,401942,0.0551,-0.0058,0.9635,-0.8313,0.315,6.3525,1000.887,left_turn,395.94,30,0.72
3303,402002,0.0588,-0.0631,0.9517,-1.6625,0.5337,7.0525,1000.8755,left_turn,396.0,30,0.78
3304,402062,0.0071,-0.1283,0.9165,-1.3563,-1.4175,7.35,1000.8831,left_turn,396.06,30,0.84
3305,402122,0.0273,-0.0811,0.9794,-0.1312,0.0175,8.26,1000.8762,left_turn,396.12,30,0.9
3306,402182,0.0137,-0.1181,0.9699,-1.0762,0.3938,8.3737,1000.8867,left_turn,396.18,30,0.96
3307,402242,0.0504,-0.0881,0.9763,0.4025,-1.5137,8.995,1000.8904,left_turn,396.24,30,1.02
3308,402302,0.0639,-0.0626,1.0697,-1.4262,0.1225,9.6075,1000.8855,left_turn,396.3,30,1.08
3309,402362,0.0076,-0.1232,1.0138,0.9975,1.4525,10.0275,1000.8911,left_turn,396.36,30,1.14
3310,402422,0.0464,-0.0663,1.0386,-0.7962,1.0938,10.57,1000.8926,left_turn,396.42,30,1.2
3311,402482,-0.0024,-0.0947,0.9269,-1.3038,-0.2013,11.585,1000.8933,left_turn,396.48,30,1.26
3312,402542,0.0424,-0.0957,0.96,-0.3938,0.0,12.2413,1000.8926,left_turn,396.54,30,1.32
3313,402602,0.0305,-0.1596,0.9811,-0.7962,-0.6913,13.1337,1000.8938,left_turn,396.6,30,1.38
3314,402662,0.0344,-0.2105,0.9909,-0.6388,-0.4812,13.7375,1000.9001,left_turn,396.66,30,1.44
3315,402722,0.0359,-0.1045,1.0205,1.2162,-0.245,14.4462,1000.9116,left_turn,396.72,30,1.5
3316,402782,0.0712,-0.0883,1.0268,1.7763,-0.4112,14.9537,1000.897,left_turn,396.78,30,1.56
3317,402842,0.0795,-0.1291,1.0099,0.525,0.1138,15.8638,1000.894,left_turn,396.84,30,1.62
3318,402902,0.0964,-0.1006,0.9689,-0.9887,0.5337,16.555,1000.8938,left_turn,396.9,30,1.68
3319,402962,0.0108,-0.1427,0.974,-1.3388,-0.5863,17.0187,1000.8979,left_turn,396.96,30,1.74
3320,403022,0.1485,-0.1057,1.1317,0.8487,-1.1725,17.6313,1000.8916,left_turn,397.02,30,1.8
3321,403082,0.1174,-0.2086,1.021,-1.3388,-0.315,18.9525,1000.8916,left_turn,397.08,30,1.86
3322,403142,0.0031,-0.1923,0.9704,-2.0825,-1.5312,20.195,1000.9031,left_turn,397.14,30,1.92
3323,403202,0.0493,-0.1817,0.996,-1.05,0.3413,20.7463,1000.8948,left_turn,397.2,30,1.98
3324,403262,0.073,-0.1473,1.0619,2.1525,-1.05,21.98,1000.895,left_turn,397.26,30,2.04
3325,403322,0.0083,-0.2477,0.9728,-0.9275,2.0825,22.1375,1000.9158,left_turn,397.32,30,2.1
3326,403382,0.03,-0.2216,0.934,-0.665,-1.7938,23.7213,1000.8926,left_turn,397.38,30,2.16
3327,403442,0.0345,-0.101,0.987,-0.6388,0.6737,24.1238,1000.8967,left_turn,397.44,30,2.22
3328,403502,0.0778,-0.221,0.9357,0.84,-1.505,25.1213,1000.925,left_turn,397.5,30,2.28
3329,403562,0.0317,-0.2854,0.8696,0.525,-1.155,25.0338,1000.8916,left_turn,397.56,30,2.34
3330,403622,0.0895,-0.1548,1.0443,1.1287,0.5688,26.11,1000.9097,left_turn,397.62,30,2.4
3331,403682,0.0145,-0.2103,1.0358,1.9512,0.9538,26.5825,1000.905,left_turn,397.68,30,2.46
3332,403742,0.0107,-0.247,0.9836,1.8987,0.1488,27.5713,1000.8987,left_turn,397.74,30,2.52
3333,403802,0.0317,-0.2442,0.9565,-0.035,0.1488,28.0875,1000.9021,left_turn,397.8,30,2.58
3334,403862,-0.0037,-0.2004,0.9884,0.1488,-1.435,28.6562,1000.8943,left_turn,397.86,30,2.64
3335,403922,0.0051,-0.1696,1.0131,0.1663,0.3587,28.6213,1000.8843,left_turn,397.92,30,2.7
3336,403982,0.0251,-0.204,0.9931,0.5512,0.42,28.0963,1000.8955,left_turn,397.98,30,2.76
3337,404042,0.0085,-0.1435,0.9103,1.855,1.155,28.0525,1000.8872,left_turn,398.04,30,2.82
3338,404102,-0.0171,-0.2843,0.9213,-0.7175,0.3587,27.6588,1000.8884,left_turn,398.1,30,2.88
3339,404162,0.0466,-0.1191,1.1073,0.4462,0.21,27.615,1000.8918,left_turn,398.16,30,2.94
3340,404222,-0.0117,-0.1954,1.0533,3.4388,0.1575,27.4487,1000.8972,left_turn,398.22,30,3.0
3341,404282,0.0203,-0.1032,1.0648,3.01,0.5163,27.5275,1000.8948,left_turn,398.28,30,3.06
3342,404342,0.0322,-0.214,1.0426,-0.0262,-0.2975,26.4688,1000.8865,left_turn,398.34,30,3.12
3343,404402,-0.0505,-0.1889,0.9804,0.2362,0.1225,25.8913,1000.8923,left_turn,398.4,30,3.18
3344,404462,-0.023,-0.1548,1.0053,0.4375,0.0875,25.5675,1000.8916,left_turn,398.46,30,3.24
3345,404522,-0.0444,-0.1625,0.9204,-2.695,-0.9362,25.1213,1000.906,left_turn,398.52,30,3.3
3346,404582,0.0057,-0.1738,0.9692,0.1663,-2.1525,24.22,1000.8835,left_turn,398.58,30,3.36
3347,404642,-0.0296,-0.1669,0.9177,-0.3325,1.4612,22.8025,1000.8733,left_turn,398.64,30,3.42
3348,404702,-0.006,-0.16,0.9317,2.2137,0.4025,22.1375,1000.8728,left_turn,398.7,30,3.48
3349,404762,-0.0085,-0.1282,1.0543,1.7675,-0.0175,21.525,1000.8838,left_turn,398.76,30,3.54
3350,404822,0.0332,-0.0969,1.0577,2.0038,2.4325,20.6763,1000.8875,left_turn,398.82,30,3.6
3351,404882,-0.1454,-0.0309,0.894,0.8662,0.9625,20.7375,1000.8633,left_turn,398.88,30,3.66
3352,404942,-0.0734,-0.1786,0.965,-0.4112,-0.175,19.8013,1000.8679,left_turn,398.94,30,3.72
3353,405002,-0.0368,-0.0971,0.9204,-1.5312,-3.815,19.4688,1000.874,left_turn,399.0,30,3.78
3354,405062,-0.0292,0.0049,1.0477,0.7788,-0.1138,18.41,1000.8672,left_turn,399.06,30,3.84
3355,405122,-0.0435,-0.1964,0.9783,0.595,-0.805,17.3862,1000.8657,left_turn,399.12,30,3.9
3356,405182,0.0468,-0.1618,0.9945,-1.1113,-1.715,17.0187,1000.8623,left_turn,399.18,30,3.96
3357,405242,-0.0171,-0.0908,1.0802,0.7962,-0.7788,16.8962,1000.8608,left_turn,399.24,30,4.02
3358,405302,-0.0202,-0.1252,1.0443,0.91,-0.07,16.1875,1000.8728,left_turn,399.3,30,4.08
3359,405362,-0.0343,-0.0937,0.9126,1.0063,0.175,15.05,1000.8635,left_turn,399.36,30,4.14
3360,405422,-0.0517,-0.1247,0.9321,1.4175,0.8138,14.7875,1000.8669,left_turn,399.42,30,4.2
3361,405482,0.012,-0.0278,1.0189,0.8925,1.47,14.7525,1000.8577,left_turn,399.48,30,4.26
3362,405542,-0.0059,-0.1027,0.9493,1.5312,0.4375,14.0875,1000.8643,left_turn,399.54,30,4.32
3363,405602,0.0249,-0.109,1.011,2.0912,0.8313,13.6412,1000.8618,left_turn,399.6,30,4.38
3364,405662,-0.0287,0.031,1.0424,0.6913,0.7437,12.7137,1000.8726,left_turn,399.66,30,4.44
3365,405722,0.0431,-0.0023,1.0767,0.5163,-0.7525,11.4537,1000.8726,left_turn,399.72,30,4.5
3366,405782,-0.0163,-0.048,0.9257,0.3762,-0.6562,10.6575,1000.8689,left_turn,399.78,30,4.56
3367,405842,0.0105,-0.0242,1.0324,-0.3762,0.3938,9.7913,1000.8694,left_turn,399.84,30,4.62
3368,405902,0.0124,-0.0185,1.0521,0.8313,0.0962,8.8112,1000.8652,left_turn,399.9,30,4.68
3369,405962,0.0586,0.006,0.9587,-0.7788,-3.2025,8.1287,1000.8657,left_turn,399.96,30,4.74
3370,406022,0.1325,-0.01,1.1993,-1.6275,0.6388,7.4375,1000.865,left_turn,400.02,30,4.8
3371,406082,0.0842,0.0305,1.0121,0.315,0.7262,6.5975,1000.8701,left_turn,400.08,30,4.86
3372,406142,0.109,-0.0256,1.1484,1.0588,3.22,6.3875,1000.8542,left_turn,400.14,30,4.92
3373,406202,0.0051,-0.0478,0.8674,0.5512,1.5925,6.02,1000.874,left_turn,400.2,30,4.98
3374,406262,0.0463,-0.0137,0.9972,0.28,2.5025,6.4225,1000.8757,left_turn,400.26,30,5.04
3375,406322,0.0656,0.0071,0.9753,-0.0787,1.68,6.405,1000.8806,left_turn,400.32,30,5.1
3376,406382,0.0212,0.0166,0.9809,1.2337,1.0063,5.8888,1000.8765,left_turn,400.38,30,5.16
3377,406442,-0.0037,-0.0718,0.9745,1.7325,0.42,5.2413,1000.8718,left_turn,400.44,30,5.22
3378,406502,-0.0356,0.0449,0.9396,2.2925,0.4288,4.585,1000.8755,left_turn,400.5,30,5.28
3379,406562,0.0052,0.001,0.977,0.28,-1.3737,4.025,1000.8794,left_turn,400.56,30,5.34
3380,406622,0.0664,0.0551,1.035,-0.6037,-1.5925,3.9462,1000.864,left_turn,400.62,30,5.4
3381,406682,0.0163,-0.0229,1.0313,-0.8138,-2.695,3.8238,1000.8655,left_turn,400.68,30,5.46
3382,406742,-0.0171,-0.0012,0.8547,-0.5337,-2.9313,2.4675,1000.873,left_turn,400.74,30,5.52
3383,406802,0.12,0.0744,1.0478,1.3388,-2.275,2.415,1000.8792,left_turn,400.8,30,5.58
3384,406862,0.0185,-0.0031,1.0091,2.3888,0.3675,1.7763,1000.866,left_turn,400.86,30,5.64
3385,406922,0.0321,0.0315,0.9299,0.42,-1.8375,1.9075,1000.8696,left_turn,400.92,30,5.7
3386,406982,0.0515,0.0159,1.0604,0.2625,2.4762,1.5488,1000.8669,left_turn,400.98,30,5.76
3387,407042,0.0461,0.0058,0.9953,0.3237,2.8175,1.505,1000.8701,left_turn,401.04,30,5.82
3388,407102,0.0357,0.0752,0.9279,-0.5075,0.2887,1.2425,1000.8818,left_turn,401.1,30,5.88
3389,407162,0.0298,-0.009,0.9643,1.6888,2.1962,1.4525,1000.8696,left_turn,401.16,30,5.94
3390,407222,0.0151,0.1256,1.0327,1.365,2.45,0.98,1000.8706,left_turn,401.22,30,6.0
3391,407882,0.0611,0.0167,0.9631,0.0088,-0.2975,0.9362,1000.8823,left_turn,401.88,31,0.0
3392,407942,0.0501,0.0115,0.9548,0.5075,0.7875,1.0938,1000.8762,left_turn,401.94,31,0.06
3393,408002,0.0766,-0.011,1.0158,0.8662,2.6075,1.2775,1000.8735,left_turn,402.0,31,0.12
3394,408062,0.0819,-0.009,1.0243,-0.21,0.9362,1.8112,1000.8896,left_turn,402.06,31,0.18
3395,408122,0.0407,-0.0578,0.9426,-0.4462,1.9075,1.785,1000.875,left_turn,402.12,31,0.24
3396,408182,0.0051,0.0815,0.9101,-0.3413,-1.82,2.2838,1000.8872,left_turn,402.18,31,0.3
3397,408242,0.0698,-0.029,1.0058,-1.9512,-1.225,3.1412,1000.8831,left_turn,402.24,31,0.36
3398,408302,0.1147,-0.0978,1.0219,-0.5337,0.2275,3.1675,1000.8816,left_turn,402.3,31,0.42
3399,408362,0.0761,0.0503,1.0508,-0.0088,0.7088,4.4625,1000.8875,left_turn,402.36,31,0.48
3400,408422,0.0173,-0.0832,0.964,-0.3762,-1.75,4.0425,1000.8965,left_turn,402.42,31,0.54
3401,408482,0.0434,0.0718,1.0335,-0.1575,-0.0175,5.4338,1000.8931,left_turn,402.48,31,0.6
3402,408542,0.0634,-0.0325,1.0652,1.1988,1.0762,6.0025,1000.895,left_turn,402.54,31,0.66
3403,408602,0.0447,0.007,0.9579,-0.8925,-0.3413,6.0813,1000.9041,left_turn,402.6,31,0.72
3404,408662,0.04,-0.069,0.9972,-1.8725,0.5075,7.0175,1000.8914,left_turn,402.66,31,0.78
3405,408722,0.0529,-0.0619,1.0443,-0.665,0.4638,7.7438,1000.9036,left_turn,402.72,31,0.84
3406,408782,0.081,-0.0681,1.0041,-0.3325,-0.0175,8.435,1000.9072,left_turn,402.78,31,0.9
3407,408842,0.0537,-0.101,0.9807,-0.595,1.9688,8.8988,1000.8948,left_turn,402.84,31,0.96
3408,408902,0.0771,-0.0979,1.0207,0.7788,1.2513,10.0275,1000.9028,left_turn,402.9,31,1.02
3409,408962,0.0109,-0.1461,0.9704,0.3325,1.33,10.6575,1000.8989,left_turn,402.96,31,1.08
3410,409022,0.0322,-0.0932,0.9506,0.7262,0.4988,12.1012,1000.9001,left_turn,403.02,31,1.14
3411,409082,-0.0056,-0.1011,0.8743,0.0437,-0.595,12.635,1000.8928,left_turn,403.08,31,1.2
3412,409142,0.0201,-0.1731,0.9528,-0.7088,-2.1788,14.4462,1000.9001,left_turn,403.14,31,1.26
3413,409202,0.044,-0.0979,1.0417,-0.77,-2.1962,14.7788,1000.9048,left_turn,403.2,31,1.32
3414,409262,0.0878,-0.1371,0.9462,0.8225,-2.9575,15.1637,1000.9048,left_turn,403.26,31,1.38
3415,409322,-0.0213,-0.0666,1.1439,-0.1575,0.0962,15.4963,1000.9124,left_turn,403.32,31,1.44
3416,409382,0.0681,-0.1137,1.0723,0.77,-0.42,15.9775,1000.9209,left_turn,403.38,31,1.5
3417,409442,0.0534,-0.1,0.976,0.4462,0.4025,16.2138,1000.9172,left_turn,403.44,31,1.56
3418,409502,0.0695,-0.1047,1.0507,-0.4638,0.4638,17.1588,1000.9155,left_turn,403.5,31,1.62
3419,409562,0.1112,-0.1135,0.9824,0.9625,-0.9013,17.5525,1000.9094,left_turn,403.56,31,1.68
3420,409622,0.0198,-0.1393,0.8843,-0.3063,0.77,18.7162,1000.9087,left_turn,403.62,31,1.74
3421,409682,0.0183,-0.1635,0.9534,-1.4875,1.9775,19.4862,1000.908,left_turn,403.68,31,1.8
3422,409742,0.0579,-0.1376,0.8823,-2.2225,1.1725,20.545,1000.8955,left_turn,403.74,31,1.86
3423,409802,0.0659,-0.1911,0.9557,-3.0975,0.6475,21.5688,1000.8979,left_turn,403.8,31,1.92
3424,409862,0.0066,-0.1774,0.8223,-0.1925,2.7562,22.3913,1000.9001,left_turn,403.86,31,1.98
3425,409922,0.0313,-0.1903,0.9477,-1.6888,0.7875,23.0562,1000.9048,left_turn,403.92,31,2.04
3426,409982,-0.0098,-0.2089,0.9592,-0.7175,2.94,24.4737,1000.9104,left_turn,403.98,31,2.1
3427,410042,-0.0112,-0.1149,0.9501,0.8925,1.4175,24.6925,1000.9121,left_turn,404.04,31,2.16
3428,410102,0.1191,-0.1688,1.0156,0.4288,-0.4988,25.7775,1000.9189,left_turn,404.1,31,2.22
3429,410162,0.051,-0.1871,1.0156,1.0675,2.1875,26.6437,1000.9131,left_turn,404.16,31,2.28
3430,410222,0.0468,-0.1462,0.985,-0.8313,-2.0825,27.615,1000.9136,left_turn,404.22,31,2.34
3431,410282,0.0741,-0.2462,0.9924,1.54,0.8575,27.2213,1000.9062,left_turn,404.28,31,2.4
3432,410342,0.0631,-0.1249,1.0785,0.9887,2.0825,28.0,1000.9036,left_turn,404.34,31,2.46
3433,410402,0.0157,-0.2073,0.9826,0.9712,0.7962,28.525,1000.917,left_turn,404.4,31,2.52
3434,410462,-0.0224,-0.1817,0.9119,1.96,-0.7088,28.5425,1000.8953,left_turn,404.46,31,2.58
3435,410522,0.0184,-0.1376,0.9853,1.3388,2.3537,28.7612,1000.9053,left_turn,404.52,31,2.64
3436,410582,0.0542,-0.1796,0.9435,-1.2425,0.875,28.9188,1000.9089,left_turn,404.58,31,2.7
3437,410642,0.047,-0.1901,0.9728,-1.4262,-0.7088,29.1112,1000.8901,left_turn,404.64,31,2.76
3438,410702,0.0241,-0.1437,0.9484,-0.1488,-0.5512,29.0063,1000.9082,left_turn,404.7,31,2.82
3439,410762,0.0259,-0.1828,0.9654,0.4288,1.6187,29.0763,1000.9075,left_turn,404.76,31,2.88
3440,410822,0.0539,-0.1921,1.0004,-0.56,0.945,28.7787,1000.9031,left_turn,404.82,31,2.94
3441,410882,0.0518,-0.1637,1.0145,0.175,1.3825,29.0763,1000.9233,left_turn,404.88,31,3.0
3442,410942,0.0276,-0.1684,1.068,0.3063,1.2162,28.8925,1000.9072,left_turn,404.94,31,3.06
3443,411002,0.0459,-0.1718,0.9129,1.8112,-1.8463,28.7875,1000.9114,left_turn,405.0,31,3.12
3444,411062,0.0534,-0.2126,0.8943,-0.49,1.2425,29.05,1000.9121,left_turn,405.06,31,3.18
3445,411122,0.1017,-0.1288,1.1712,0.4288,1.9338,29.4788,1000.9141,left_turn,405.12,31,3.24
3446,411182,-0.0246,-0.2216,0.8741,-0.2537,-0.0525,29.3563,1000.9058,left_turn,405.18,31,3.3
3447,411242,-0.0198,-0.2169,0.9357,0.8138,0.0437,29.0588,1000.9089,left_turn,405.24,31,3.36
3448,411302,0.0364,-0.1083,1.0509,0.175,-0.6825,29.0238,1000.9072,left_turn,405.3,31,3.42
3449,411362,0.0342,-0.1425,1.0632,-0.5688,1.1113,28.5688,1000.9172,left_turn,405.36,31,3.48
3450,411422,-0.0181,-0.2147,0.9376,-0.7088,-1.8025,28.7175,1000.9177,left_turn,405.42,31,3.54
3451,411482,-0.0234,-0.1718,0.9276,0.9975,-0.56,28.49,1000.9121,left_turn,405.48,31,3.6
3452,411542,0.009,-0.2094,0.8733,-1.8112,-0.9887,28.3412,1000.9048,left_turn,405.54,31,3.66
3453,411602,-0.0061,-0.1977,0.9821,0.21,-0.105,27.9125,1000.908,left_turn,405.6,31,3.72
3454,411662,-0.047,-0.1957,0.8796,1.6363,-1.33,27.9212,1000.9094,left_turn,405.66,31,3.78
3455,411722,0.0591,-0.1215,1.1634,0.5075,-0.385,27.1863,1000.9021,left_turn,405.72,31,3.84
3456,411782,0.0056,-0.1242,1.0243,0.5512,-0.7175,26.6875,1000.9141,left_turn,405.78,31,3.9
3457,411842,-0.0113,-0.1686,0.9626,1.225,0.1838,25.5413,1000.9082,left_turn,405.84,31,3.96
3458,411902,-0.0215,-0.1064,0.9789,1.4262,1.2862,24.2638,1000.9014,left_turn,405.9,31,4.02
3459,411962,-0.0542,-0.1779,0.9201,-0.0262,-0.2362,23.205,1000.9014,left_turn,405.96,31,4.08
3460,412022,-0.0163,-0.1199,1.0075,0.7788,0.5688,22.505,1000.8975,left_turn,406.02,31,4.14
3461,412082,-0.0489,-0.1034,1.0663,-0.0875,2.24,21.5863,1000.8967,left_turn,406.08,31,4.2
3462,412142,-0.031,-0.0911,1.0402,0.4288,2.1788,21.2275,1000.8921,left_turn,406.14,31,4.26
3463,412202,-0.0719,-0.133,0.9731,-0.28,-0.0175,19.9762,1000.8977,left_turn,406.2,31,4.32
3464,412262,-0.0478,-0.092,1.0045,0.7437,0.7,19.04,1000.8923,left_turn,406.26,31,4.38
3465,412322,-0.0711,-0.1134,1.0099,0.6825,-0.105,18.2787,1000.9043,left_turn,406.32,31,4.44
3466,412382,-0.0827,-0.1144,0.9614,-0.1925,0.7262,17.8325,1000.8906,left_turn,406.38,31,4.5
3467,412442,-0.071,-0.0832,0.9758,-0.735,-0.1925,16.9925,1000.8975,left_turn,406.44,31,4.56
3468,412502,-0.0578,-0.0805,1.0041,0.0525,0.14,16.5812,1000.8879,left_turn,406.5,31,4.62
3469,412562,-0.0486,-0.0059,1.101,0.9887,0.8838,15.575,1000.886,left_turn,406.56,31,4.68
3470,412622,-0.0809,-0.1645,0.977,0.0525,0.07,15.8725,1000.8831,left_turn,406.62,31,4.74
3471,412682,-0.1149,-0.1307,0.9756,1.1812,0.5163,15.12,1000.8806,left_turn,406.68,31,4.8
3472,412742,-0.0273,-0.0437,1.0853,-1.015,0.8487,14.7875,1000.8877,left_turn,406.74,31,4.86
3473,412802,-0.0778,-0.0907,0.9978,-0.1225,0.84,14.595,1000.8794,left_turn,406.8,31,4.92
3474,412862,-0.1033,-0.1217,0.9409,0.5163,-1.225,13.6237,1000.884,left_turn,406.86,31,4.98
3475,412922,-0.0688,-0.0838,0.9723,0.4638,0.0262,13.0463,1000.8889,left_turn,406.92,31,5.04
3476,412982,-0.0129,-0.0422,1.0995,0.4462,1.8112,12.7225,1000.8879,left_turn,406.98,31,5.1
3477,413042,-0.0707,-0.0691,1.0058,0.3413,-0.6562,12.1187,1000.8762,left_turn,407.04,31,5.16
3478,413102,-0.0195,-0.0773,1.037,0.6125,-0.3063,11.48,1000.8774,left_turn,407.1,31,5.22
3479,413162,-0.0474,-0.0267,1.0026,0.4112,-0.5512,10.535,1000.8843,left_turn,407.16,31,5.28
3480,413222,-0.0484,-0.0359,0.9816,0.0787,-1.12,9.9312,1000.8633,left_turn,407.22,31,5.34
3481,413282,-0.0212,-0.0361,0.9881,0.9362,-1.1725,9.0037,1000.8716,left_turn,407.28,31,5.4
3482,413342,-0.0317,0.0105,1.0599,1.6013,-0.8838,7.8313,1000.8679,left_turn,407.34,31,5.46
3483,413402,-0.0739,-0.0161,1.0431,1.295,0.98,6.7987,1000.8564,left_turn,407.4,31,5.52
3484,413462,-0.0769,0.0025,0.9421,-0.0437,0.5075,6.3962,1000.8621,left_turn,407.46,31,5.58
3485,413522,-0.0671,0.0217,0.9679,-0.49,-0.595,5.6087,1000.8662,left_turn,407.52,31,5.64
3486,413582,-0.0472,0.01,1.0212,0.9712,-0.0525,4.55,1000.8616,left_turn,407.58,31,5.7
3487,413642,-0.0446,0.0772,1.0724,1.2337,0.1225,3.5087,1000.854,left_turn,407.64,31,5.76
3488,413702,-0.0406,-0.008,1.0349,1.5225,-0.735,2.5025,1000.8623,left_turn,407.7,31,5.82
3489,413762,0.009,0.0173,1.0846,-0.4288,0.2013,2.4237,1000.8435,left_turn,407.76,31,5.88
3490,413822,-0.0429,0.0734,1.0075,2.1437,0.8487,1.8025,1000.8555,left_turn,407.82,31,5.94
3491,413882,-0.0687,-0.0013,0.9418,0.4988,0.105,0.7788,1000.8535,left_turn,407.88,31,6.0
3492,421562,0.0461,-0.0307,0.9467,0.735,0.1225,0.8575,1000.8667,left_turn,415.56,32,0.0
3493,421622,0.0814,0.0203,1.0199,-0.175,-0.0613,1.1113,1000.8704,left_turn,415.62,32,0.06
3494,421682,0.0951,-0.0031,1.0699,-0.0175,0.7175,1.7587,1000.8643,left_turn,415.68,32,0.12
3495,421742,0.0427,0.0127,1.0598,-0.4112,1.3475,2.1613,1000.8611,left_turn,415.74,32,0.18
3496,421802,0.0949,-0.0132,1.0633,0.1488,0.2362,2.9225,1000.8669,left_turn,415.8,32,0.24
3497,421862,0.0342,-0.0407,0.9887,-0.3325,-0.6562,3.2725,1000.8577,left_turn,415.86,32,0.3
3498,421922,0.0578,-0.0549,1.0294,0.105,0.035,4.0425,1000.8621,left_turn,415.92,32,0.36
3499,421982,0.0344,-0.0441,0.9624,-0.0613,-0.0525,4.5588,1000.8679,left_turn,415.98,32,0.42
3500,422042,0.0857,-0.0866,0.9902,-0.21,-0.0088,4.7337,1000.8647,left_turn,416.04,32,0.48
3501,422102,0.0578,-0.0537,0.9538,-1.1812,-1.1725,5.4862,1000.875,left_turn,416.1,32,0.54
3502,422162,0.0722,-0.0512,1.0324,0.665,0.77,5.88,1000.8826,left_turn,416.16,32,0.6
3503,422222,0.042,-0.1316,0.9157,-1.2775,-0.805,6.685,1000.8708,left_turn,416.22,32,0.66
3504,422282,0.0354,-0.1027,0.9512,-1.3125,0.7088,7.3762,1000.8748,left_turn,416.28,32,0.72
3505,422342,0.0719,-0.0901,0.9236,-1.1113,-0.2625,7.8575,1000.8806,left_turn,416.34,32,0.78
3506,422402,0.0653,-0.0746,1.0328,-0.2975,0.28,8.9075,1000.8901,left_turn,416.4,32,0.84
3507,422462,0.0792,-0.1415,0.9858,-1.3212,-0.6475,10.0013,1000.8938,left_turn,416.46,32,0.9
3508,422522,0.0766,-0.1049,1.0028,-1.1725,0.805,10.78,1000.8892,left_turn,416.52,32,0.96
3509,422582,0.0594,-0.1374,0.959,-0.8225,-0.6125,11.655,1000.9023,left_turn,416.58,32,1.02
3510,422642,0.0869,-0.144,1.0487,0.3587,-0.2362,12.915,1000.9077,left_turn,416.64,32,1.08
3511,422702,0.0842,-0.1504,1.0438,0.7613,-0.0787,13.6587,1000.9094,left_turn,416.7,32,1.14
3512,422762,0.021,-0.1239,0.978,1.6013,0.2013,14.1488,1000.9158,left_turn,416.76,32,1.2
3513,422822,0.0692,-0.1488,0.9894,-0.98,0.5512,15.0763,1000.9055,left_turn,416.82,32,1.26
3514,422882,0.0608,-0.1816,0.9831,0.0875,-1.2513,15.715,1000.9128,left_turn,416.88,32,1.32
3515,422942,0.0786,-0.1817,1.0551,0.9275,-1.1725,16.3713,1000.897,left_turn,416.94,32,1.38
3516,423002,0.0861,-0.1227,1.0246,-0.6913,-0.6388,17.1588,1000.9082,left_turn,417.0,32,1.44
3517,423062,0.0794,-0.164,1.0352,-0.735,-0.0088,18.4188,1000.9165,left_turn,417.06,32,1.5
3518,423122,0.1207,-0.1335,0.9856,-1.5137,-1.8725,18.8125,1000.9211,left_turn,417.12,32,1.56
3519,423182,0.0749,-0.172,0.9945,-0.1312,-0.35,19.6175,1000.9138,left_turn,417.18,32,1.62
3520,423242,0.0151,-0.1635,0.886,-0.2887,-0.2887,19.9062,1000.9175,left_turn,417.24,32,1.68
3521,423302,0.049,-0.2027,0.9157,-0.0962,0.245,20.1425,1000.9131,left_turn,417.3,32,1.74
3522,423362,0.1371,-0.2075,1.0003,0.63,-2.625,21.5863,1000.9226,left_turn,417.36,32,1.8
3523,423422,0.0849,-0.1918,1.0435,0.9712,-0.0088,22.3125,1000.9165,left_turn,417.42,32,1.86
3524,423482,0.0974,-0.1952,0.9503,0.595,-1.19,22.855,1000.9368,left_turn,417.48,32,1.92
3525,423542,0.1364,-0.2054,1.1034,1.9512,1.68,23.6513,1000.926,left_turn,417.54,32,1.98
3526,423602,0.13,-0.2206,1.0532,1.645,0.8575,24.5263,1000.9333,left_turn,417.6,32,2.04
3527,423662,0.1725,-0.1632,1.0702,1.3913,-0.0262,25.7687,1000.9343,left_turn,417.66,32,2.1
3528,423722,0.0855,-0.2267,0.987,1.365,1.1638,26.5212,1000.9404,left_turn,417.72,32,2.16
3529,423782,0.0633,-0.1934,0.8638,-1.2862,-0.8925,27.72,1000.9304,left_turn,417.78,32,2.22
3530,423842,-0.0012,-0.2166,0.9099,-0.385,0.0437,27.9737,1000.9358,left_turn,417.84,32,2.28
3531,423902,0.0871,-0.1881,0.9875,-0.8575,-0.945,27.58,1000.9365,left_turn,417.9,32,2.34
3532,423962,0.1215,-0.174,1.0353,-0.805,-1.4175,28.0788,1000.9495,left_turn,417.96,32,2.4
3533,424022,0.0761,-0.209,0.9321,0.49,0.0,28.0963,1000.949,left_turn,418.02,32,2.46
3534,424082,0.0763,-0.1525,1.1549,4.7775,4.5325,27.8425,1000.9536,left_turn,418.08,32,2.52
3535,424142,0.0459,-0.1154,1.069,5.1275,1.5225,27.9737,1000.9619,left_turn,418.14,32,2.58
3536,424202,-0.0256,-0.1921,0.9614,3.0887,0.3325,27.7463,1000.946,left_turn,418.2,32,2.64
3537,424262,0.0038,-0.2055,0.9934,3.2287,-1.8288,27.72,1000.9519,left_turn,418.26,32,2.7
3538,424322,-0.0002,-0.2245,0.9233,1.8463,0.245,27.8162,1000.9424,left_turn,418.32,32,2.76
3539,424382,0.0259,-0.1505,1.0394,1.19,1.575,28.2712,1000.948,left_turn,418.38,32,2.82
3540,424442,0.0054,-0.1772,0.8947,-1.8987,0.0175,27.8075,1000.9456,left_turn,418.44,32,2.88
3541,424502,0.0603,-0.1215,1.0829,-0.735,2.135,28.1313,1000.9404,left_turn,418.5,32,2.94
3542,424562,0.0429,-0.2343,1.1485,-0.8225,2.8963,28.14,1000.9526,left_turn,418.56,32,3.0
3543,424622,-0.0656,-0.2469,0.8538,0.2275,1.4175,27.7725,1000.9551,left_turn,418.62,32,3.06
3544,424682,-0.0093,-0.2378,1.0272,1.0325,1.89,27.1075,1000.958,left_turn,418.68,32,3.12
3545,424742,0.029,-0.1485,1.0609,2.2313,1.015,26.9062,1000.9583,left_turn,418.74,32,3.18
3546,424802,0.0282,-0.162,0.9975,1.365,-0.1488,26.74,1000.9517,left_turn,418.8,32,3.24
3547,424862,0.0143,-0.1689,1.0372,1.5925,0.5512,26.4513,1000.9546,left_turn,418.86,32,3.3
3548,424922,-0.0156,-0.1604,0.9819,0.8925,1.61,26.1187,1000.9502,left_turn,418.92,32,3.36
3549,424982,-0.02,-0.1598,0.9917,-0.1925,0.385,25.9088,1000.9365,left_turn,418.98,32,3.42
3550,425042,-0.0173,-0.1826,0.9752,-0.0613,0.8838,25.6812,1000.9324,left_turn,419.04,32,3.48
3551,425102,-0.0193,-0.1479,0.9985,-0.2713,2.135,25.0425,1000.9426,left_turn,419.1,32,3.54
3552,425162,0.0246,-0.1484,1.0096,0.1312,0.0,24.9287,1000.9448,left_turn,419.16,32,3.6
3553,425222,-0.0356,-0.1463,0.9577,1.4088,1.0237,24.3687,1000.9443,left_turn,419.22,32,3.66
3554,425282,-0.0298,-0.1457,0.9963,0.1488,-0.175,23.8612,1000.948,left_turn,419.28,32,3.72
3555,425342,-0.0166,-0.1346,1.0067,0.5775,0.0437,23.0212,1000.9448,left_turn,419.34,32,3.78
3556,425402,-0.0223,-0.1,1.0172,0.5163,-0.5775,22.2687,1000.9507,left_turn,419.4,32,3.84
3557,425462,-0.0029,-0.1152,1.0038,0.49,1.1287,21.5775,1000.9482,left_turn,419.46,32,3.9
3558,425522,-0.0471,-0.1408,0.9426,-0.9887,-0.6475,20.58,1000.9463,left_turn,419.52,32,3.96
3559,425582,-0.0168,-0.112,1.0329,0.7437,0.7262,19.5475,1000.9521,left_turn,419.58,32,4.02
3560,425642,-0.0644,-0.1229,0.968,1.3563,0.07,18.7162,1000.9495,left_turn,419.64,32,4.08
3561,425702,-0.0881,-0.0457,0.925,1.1812,-0.175,17.3162,1000.9397,left_turn,419.7,32,4.14
3562,425762,0.0102,-0.0786,1.0863,1.4438,0.4375,16.4762,1000.9465,left_turn,419.76,32,4.2
3563,425822,0.0114,0.0041,1.0124,1.0762,1.365,15.4963,1000.9458,left_turn,419.82,32,4.26
3564,425882,-0.0466,-0.0761,0.9331,-0.84,-1.0588,14.0962,1000.9458,left_turn,419.88,32,4.32
3565,425942,-0.0198,-0.0473,1.006,0.0787,-0.2362,12.9412,1000.9341,left_turn,419.94,32,4.38
3566,426002,-0.0439,-0.0191,0.9777,-0.105,-0.0787,12.0837,1000.9387,left_turn,420.0,32,4.44
3567,426062,-0.0159,-0.0835,1.0033,-0.7,1.05,10.8938,1000.9221,left_turn,420.06,32,4.5
3568,426122,-0.0259,-0.0473,0.9689,0.0175,-0.175,10.36,1000.9341,left_turn,420.12,32,4.56
3569,426182,-0.0464,-0.092,0.9755,-0.1488,0.4725,9.8525,1000.9397,left_turn,420.18,32,4.62
3570,426242,-0.0157,-0.05,1.0157,-0.2537,-0.14,9.5288,1000.936,left_turn,420.24,32,4.68
3571,426302,-0.0303,-0.0512,0.9528,0.0962,0.3063,9.3013,1000.9434,left_turn,420.3,32,4.74
3572,426362,-0.021,0.021,0.914,0.84,-1.0412,8.0675,1000.9443,left_turn,420.36,32,4.8
3573,426422,0.0065,-0.002,0.9866,0.8487,-0.91,7.5338,1000.926,left_turn,420.42,32,4.86
3574,426482,-0.0198,0.033,0.9724,0.9975,-0.9887,5.7925,1000.9434,left_turn,420.48,32,4.92
3575,426542,-0.0185,-0.002,1.0147,0.315,0.3587,4.8125,1000.9451,left_turn,420.54,32,4.98
3576,426602,0.01,0.0465,1.0325,1.05,0.4812,4.0512,1000.9419,left_turn,420.6,32,5.04
3577,426662,-0.0107,0.0137,0.9485,-1.3388,-1.1287,2.905,1000.938,left_turn,420.66,32,5.1
3578,426722,0.0103,0.0217,0.9548,0.5775,-0.1838,2.2925,1000.9272,left_turn,420.72,32,5.16
3579,426782,-0.0024,0.0012,0.9513,0.0613,-0.56,1.6275,1000.925,left_turn,420.78,32,5.22
3580,426842,0.0183,0.0429,1.0241,-0.1663,0.2625,1.1025,1000.9229,left_turn,420.84,32,5.28
3581,426902,0.0188,0.0056,1.0177,0.595,-0.2713,0.7613,1000.9194,left_turn,420.9,32,5.34
3582,428642,0.0697,-0.0678,1.0366,0.1663,1.3038,0.84,1000.9263,left_turn,422.64,33,0.0
3583,428702,0.0576,-0.0139,0.9906,0.8313,0.4025,1.5575,1000.9263,left_turn,422.7,33,0.06
3584,428762,0.0361,-0.0675,0.9264,-0.07,-0.2188,2.3275,1000.9368,left_turn,422.76,33,0.12
3585,428822,0.0788,-0.0528,1.0221,0.4812,-0.98,3.29,1000.9348,left_turn,422.82,33,0.18
3586,428882,0.0683,-0.0503,1.0677,0.8487,0.9887,4.445,1000.9468,left_turn,422.88,33,0.24
3587,428942,-0.0015,-0.0129,0.9119,0.7788,0.0613,5.1975,1000.9365,left_turn,422.94,33,0.3
3588,429002,0.0742,-0.1326,0.9933,0.0787,0.14,6.2125,1000.9431,left_turn,423.0,33,0.36
3589,429062,0.0364,-0.0359,0.9379,0.1925,0.9625,7.0525,1000.9519,left_turn,423.06,33,0.42
3590,429122,0.0734,-0.0676,1.0729,-0.385,-0.3762,7.9275,1000.9558,left_turn,423.12,33,0.48
3591,429182,0.0778,-0.0332,1.0663,0.5163,-0.6475,8.855,1000.9412,left_turn,423.18,33,0.54
3592,429242,0.059,-0.0827,0.958,0.28,-0.2188,8.9688,1000.9514,left_turn,423.24,33,0.6
3593,429302,0.0634,-0.116,0.8974,1.435,-1.0237,9.905,1000.9436,left_turn,423.3,33,0.66
3594,429362,0.0556,-0.1326,1.0024,-0.4462,0.6125,11.1912,1000.9331,left_turn,423.36,33,0.72
3595,429422,0.106,-0.0869,1.0126,2.2838,-0.5775,12.6263,1000.9504,left_turn,423.42,33,0.78
3596,429482,0.0788,-0.128,0.975,0.2275,1.6888,13.7725,1000.9424,left_turn,423.48,33,0.84
3597,429542,0.1204,-0.0019,1.0922,1.7587,1.6537,15.0325,1000.9443,left_turn,423.54,33,0.9
3598,429602,0.0286,-0.2001,1.0377,2.7213,1.6625,16.0475,1000.9536,left_turn,423.6,33,0.96
3599,429662,0.0598,-0.1223,0.9645,0.5688,0.805,17.0537,1000.9624,left_turn,423.66,33,1.02
3600,429722,0.0783,-0.1432,0.9267,0.0,-0.3587,17.8587,1000.967,left_turn,423.72,33,1.08
3601,429782,0.0827,-0.1752,0.9785,-0.1925,-0.9887,19.6787,1000.9653,left_turn,423.78,33,1.14
3602,429842,0.0452,-0.1432,0.9547,-0.0875,0.9275,20.0112,1000.96,left_turn,423.84,33,1.2
3603,429902,0.0675,-0.1568,0.9443,-1.0588,1.2337,21.175,1000.9612,left_turn,423.9,33,1.26
3604,429962,0.0515,-0.164,0.9685,-1.0412,0.35,22.505,1000.959,left_turn,423.96,33,1.32
3605,430022,0.0664,-0.2059,0.9982,-0.3063,0.14,23.4675,1000.9539,left_turn,424.02,33,1.38
3606,430082,0.0522,-0.2072,0.9902,0.1925,0.5863,24.4125,1000.969,left_turn,424.08,33,1.44
3607,430142,0.0264,-0.1896,1.0009,-0.9187,-0.4725,25.41,1000.9661,left_turn,424.14,33,1.5
3608,430202,0.021,-0.1981,0.9867,0.2887,1.0588,26.3025,1000.9565,left_turn,424.2,33,1.56
3609,430262,-0.0107,-0.2475,0.9904,-0.315,-2.03,27.1338,1000.9563,left_turn,424.26,33,1.62
3610,430322,-0.0051,-0.1812,1.0062,-0.8313,-0.2975,28.1663,1000.9626,left_turn,424.32,33,1.68
3611,430382,0.04,-0.3084,0.9722,1.12,-0.3063,28.9713,1000.9658,left_turn,424.38,33,1.74
3612,430442,0.0241,-0.2353,0.9152,-0.4638,-1.5137,29.8375,1000.9712,left_turn,424.44,33,1.8
3613,430502,0.0066,-0.2704,1.0494,0.5163,-0.5688,30.1875,1000.9651,left_turn,424.5,33,1.86
3614,430562,0.0327,-0.1003,1.0709,1.4262,2.5638,30.5375,1000.9675,left_turn,424.56,33,1.92
3615,430622,0.0127,-0.2057,1.0202,-1.7062,1.1988,30.1875,1000.9678,left_turn,424.62,33,1.98
3616,430682,0.0572,-0.2279,1.0821,-0.2887,2.03,30.4237,1000.9653,left_turn,424.68,33,2.04
3617,430742,0.0171,-0.1715,1.0485,2.0912,0.6562,30.52,1000.9619,left_turn,424.74,33,2.1
3618,430802,0.0529,-0.2577,1.0509,0.8662,0.56,30.205,1000.9634,left_turn,424.8,33,2.16
3619,430862,0.0368,-0.2028,1.0386,-0.42,1.54,30.555,1000.9604,left_turn,424.86,33,2.22
3620,430922,0.0601,-0.0905,1.1451,-1.26,3.2375,30.8,1000.9624,left_turn,424.92,33,2.28
3621,430982,0.019,-0.1236,0.9861,-1.8288,1.8725,30.7913,1000.9639,left_turn,424.98,33,2.34
3622,431042,0.0305,-0.2769,1.0749,-0.3063,1.6013,30.4325,1000.9578,left_turn,425.04,33,2.4
3623,431102,0.0081,-0.2426,0.8577,0.6037,-0.5425,30.5112,1000.9561,left_turn,425.1,33,2.46
3624,431162,0.0569,-0.1213,0.8894,0.0088,-2.345,30.555,1000.9478,left_turn,425.16,33,2.52
3625,431222,-0.019,-0.2571,0.8707,0.56,-2.1962,30.9662,1000.9434,left_turn,425.22,33,2.58
3626,431282,0.0609,-0.3092,1.0724,1.3737,0.3063,31.395,1000.9514,left_turn,425.28,33,2.64
3627,431342,0.0368,-0.2225,1.1378,1.89,1.015,30.9137,1000.9468,left_turn,425.34,33,2.7
3628,431402,-0.0112,-0.1612,0.9396,2.0825,0.1138,30.7913,1000.9482,left_turn,425.4,33,2.76
3629,431462,-0.0127,-0.244,0.8852,0.5512,2.6862,31.4562,1000.9534,left_turn,425.46,33,2.82
3630,431522,-0.0171,-0.2222,0.9726,2.0912,-1.5925,30.87,1000.9375,left_turn,425.52,33,2.88
3631,431582,0.0407,-0.2414,1.0063,0.56,-1.3913,31.1675,1000.9333,left_turn,425.58,33,2.94
3632,431642,0.0734,-0.1086,1.0626,-0.3762,1.05,31.1063,1000.929,left_turn,425.64,33,3.0
3633,431702,0.0405,-0.1825,0.9953,0.3237,-2.0738,30.695,1000.9231,left_turn,425.7,33,3.06
3634,431762,0.0356,-0.1391,1.0507,2.065,0.0,30.5637,1000.9233,left_turn,425.76,33,3.12
3635,431822,0.0123,-0.2067,1.1146,-1.2775,0.0962,29.9338,1000.927,left_turn,425.82,33,3.18
3636,431882,-0.0046,-0.2036,0.8894,-0.7088,-1.0325,30.2575,1000.9199,left_turn,425.88,33,3.24
3637,431942,0.0079,-0.2761,0.9891,1.05,-0.28,29.435,1000.9275,left_turn,425.94,33,3.3
3638,432002,-0.0022,-0.1894,0.8999,-0.7613,1.295,29.295,1000.9265,left_turn,426.0,33,3.36
3639,432062,-0.0666,-0.0503,0.9647,2.6163,1.5838,29.0675,1000.9197,left_turn,426.06,33,3.42
3640,432122,-0.0186,-0.1976,1.0129,1.015,0.945,28.4287,1000.9272,left_turn,426.12,33,3.48
3641,432182,0.0317,-0.123,1.1815,1.89,1.05,28.0,1000.9155,left_turn,426.18,33,3.54
3642,432242,-0.0321,-0.1886,1.014,1.4438,0.8138,26.705,1000.9141,left_turn,426.24,33,3.6
3643,432302,-0.0673,-0.1301,0.9999,3.7188,-0.8487,24.9025,1000.9158,left_turn,426.3,33,3.66
3644,432362,-0.0959,-0.0771,0.9902,3.6925,1.54,23.1787,1000.917,left_turn,426.36,33,3.72
3645,432422,-0.0182,-0.0864,1.0324,3.43,1.6275,21.4375,1000.9211,left_turn,426.42,33,3.78
3646,432482,-0.1152,-0.0598,0.8626,1.61,-0.3063,19.7838,1000.9136,left_turn,426.48,33,3.84
3647,432542,-0.0342,-0.0178,1.0978,1.0412,1.1725,18.3312,1000.9192,left_turn,426.54,33,3.9
3648,432602,-0.0403,-0.0203,1.0109,0.4025,0.3413,16.7213,1000.9207,left_turn,426.6,33,3.96
3649,432662,-0.0546,0.0145,0.9724,-0.3413,1.4963,15.155,1000.9111,left_turn,426.66,33,4.02
3650,432722,-0.0757,-0.0193,0.9063,-0.98,1.0325,13.8162,1000.9077,left_turn,426.72,33,4.08
3651,432782,-0.0278,-0.0013,1.0701,1.435,0.0262,12.3287,1000.9102,left_turn,426.78,33,4.14
3652,432842,-0.0834,-0.0531,1.0235,2.4413,2.1962,11.2788,1000.8889,left_turn,426.84,33,4.2
3653,432902,-0.0844,-0.0627,0.9096,0.4812,-1.3475,10.255,1000.8962,left_turn,426.9,33,4.26
3654,432962,-0.0779,0.0881,1.0799,2.1875,3.8325,8.2513,1000.8865,left_turn,426.96,33,4.32
3655,433022,-0.0694,0.0432,0.9557,2.9925,0.9013,6.9037,1000.8787,left_turn,427.02,33,4.38
3656,433082,-0.0226,0.1013,1.0468,1.0325,-0.595,5.8187,1000.8672,left_turn,427.08,33,4.44
3657,433142,-0.0598,0.0754,1.043,2.0475,1.1463,4.8212,1000.8699,left_turn,427.14,33,4.5
3658,433202,-0.0681,0.0429,1.0053,0.6475,1.0938,3.4037,1000.865,left_turn,427.2,33,4.56
3659,433262,-0.0749,0.0487,0.9624,0.3413,1.6013,2.485,1000.8677,left_turn,427.26,33,4.62
3660,433322,-0.0703,0.0592,0.9465,-0.0875,-1.0938,1.9688,1000.8655,left_turn,427.32,33,4.68
3661,433382,-0.0349,0.0074,1.016,-1.7325,-0.7962,1.61,1000.8633,left_turn,427.38,33,4.74
3662,433442,-0.063,0.0322,1.0272,-1.8288,-0.4375,1.96,1000.8733,left_turn,427.44,33,4.8
3663,433502,-0.0611,0.0756,1.0333,0.6388,1.19,2.1175,1000.8799,left_turn,427.5,33,4.86
3664,433562,0.0049,0.0563,1.0135,-0.2625,-1.3737,1.6537,1000.8655,left_turn,427.56,33,4.92
3665,433622,-0.0635,0.0664,0.9643,-1.3913,1.8375,1.3125,1000.8679,left_turn,427.62,33,4.98
3666,433682,-0.0073,0.008,1.0255,1.2425,0.91,0.9362,1000.8799,left_turn,427.68,33,5.04
3667,441122,0.101,0.0547,1.0548,-0.0962,-2.135,0.4988,1000.8555,left_turn,435.12,34,0.0
3668,441182,-0.0049,0.0262,1.0136,-0.4812,0.8838,1.0762,1000.856,left_turn,435.18,34,0.06
3669,441242,0.0339,-0.0422,1.0124,-1.4525,1.8987,1.61,1000.8809,left_turn,435.24,34,0.12
3670,441302,-0.0076,-0.1276,0.8785,0.1925,-1.5838,2.2225,1000.863,left_turn,435.3,34,0.18
3671,441362,0.093,-0.0288,1.0785,-0.0088,-0.4638,2.625,1000.8684,left_turn,435.36,34,0.24
3672,441422,0.0691,-0.083,0.9126,-0.8487,-1.0762,3.2113,1000.8721,left_turn,435.42,34,0.3
3673,441482,0.0567,-0.0749,1.1019,-0.7962,0.2275,3.7188,1000.884,left_turn,435.48,34,0.36
3674,441542,0.0905,0.0256,1.0666,1.5662,1.575,4.4275,1000.8826,left_turn,435.54,34,0.42
3675,441602,0.1268,-0.0322,1.138,-0.7088,1.3212,4.8125,1000.8857,left_turn,435.6,34,0.48
3676,441662,0.1035,-0.0096,1.0546,0.6037,0.6562,6.1687,1000.8811,left_turn,435.66,34,0.54
3677,441722,0.0008,-0.1159,0.9692,-1.5838,-0.1663,7.14,1000.8694,left_turn,435.72,34,0.6
3678,441782,0.0107,-0.1281,1.0616,0.525,1.155,7.9012,1000.8865,left_turn,435.78,34,0.66
3679,441842,0.06,-0.1571,0.9695,-1.5488,-1.19,9.4587,1000.8823,left_turn,435.84,34,0.72
3680,441902,0.0035,-0.1074,0.8659,0.2713,0.28,9.7825,1000.8918,left_turn,435.9,34,0.78
3681,441962,0.0322,-0.1262,0.9897,0.8838,-0.2537,10.8938,1000.8901,left_turn,435.96,34,0.84
3682,442022,0.0813,-0.1047,1.0867,1.9688,1.6625,11.8737,1000.897,left_turn,436.02,34,0.9
3683,442082,0.0114,-0.0673,1.0355,-0.0962,1.5137,13.0988,1000.9023,left_turn,436.08,34,0.96
3684,442142,0.0793,-0.1142,0.9306,-0.1225,-2.4762,13.7025,1000.9014,left_turn,436.14,34,1.02
3685,442202,0.1169,-0.1185,1.1001,-0.63,-2.17,14.6562,1000.8923,left_turn,436.2,34,1.08
3686,442262,0.1096,-0.1743,1.0504,-2.1088,0.4288,15.2075,1000.9041,left_turn,436.26,34,1.14
3687,442322,0.0556,-0.1831,0.888,-0.9362,-1.2337,16.765,1000.8953,left_turn,436.32,34,1.2
3688,442382,0.1237,-0.204,1.0804,-0.4638,-0.77,17.1938,1000.8992,left_turn,436.38,34,1.26
3689,442442,0.0115,-0.2106,0.9863,-0.1925,0.7437,18.4713,1000.9014,left_turn,436.44,34,1.32
3690,442502,0.0857,-0.1396,0.8808,-1.2075,-0.6212,19.425,1000.9092,left_turn,436.5,34,1.38
3691,442562,0.0564,-0.2155,0.9891,0.9013,-2.66,19.845,1000.906,left_turn,436.56,34,1.44
3692,442622,0.0678,-0.1785,1.0268,1.61,1.3038,20.5888,1000.9065,left_turn,436.62,34,1.5
3693,442682,0.1115,-0.0966,0.953,0.9275,0.3938,20.9562,1000.9053,left_turn,436.68,34,1.56
3694,442742,0.0679,-0.0635,1.0106,0.805,1.6363,20.755,1000.9138,left_turn,436.74,34,1.62
3695,442802,0.0891,-0.187,1.026,0.4725,-1.1375,21.07,1000.894,left_turn,436.8,34,1.68
3696,442862,0.0781,-0.2069,0.9179,0.5425,-2.205,21.3762,1000.9084,left_turn,436.86,34,1.74
3697,442922,0.1301,-0.1319,1.0502,0.3762,-0.525,22.2425,1000.9026,left_turn,436.92,34,1.8
3698,442982,0.0681,-0.2139,1.0002,-1.3388,-0.1575,22.4525,1000.907,left_turn,436.98,34,1.86
3699,443042,0.1116,-0.1124,1.1575,-0.7788,-0.9013,23.1175,1000.9043,left_turn,437.04,34,1.92
3700,443102,0.0961,-0.2198,1.0573,-0.0613,-0.2713,23.8263,1000.9053,left_turn,437.1,34,1.98
3701,443162,0.1027,-0.2442,1.0069,0.7262,-0.4025,24.395,1000.9192,left_turn,437.16,34,2.04
3702,443222,0.11,-0.19,1.0355,1.1638,-0.0437,24.7887,1000.9226,left_turn,437.22,34,2.1
3703,443282,0.1464,-0.1202,1.1448,1.9162,1.4175,25.1475,1000.9158,left_turn,437.28,34,2.16
3704,443342,0.1247,-0.0873,0.9646,0.7,0.4112,25.2175,1000.9133,left_turn,437.34,34,2.22
3705,443402,0.1147,-0.1398,1.047,1.6013,1.4262,25.2787,1000.9097,left_turn,437.4,34,2.28
3706,443462,0.0536,-0.121,0.9921,0.7962,1.4525,24.9025,1000.9233,left_turn,437.46,34,2.34
3707,443522,0.0617,-0.1459,1.005,0.5075,-0.7875,24.5788,1000.9062,left_turn,437.52,34,2.4
3708,443582,0.0486,-0.1674,1.0089,1.6013,-0.3413,24.5788,1000.9038,left_turn,437.58,34,2.46
3709,443642,0.0672,-0.082,0.9475,1.4612,-0.3762,24.0187,1000.9102,left_turn,437.64,34,2.52
3710,443702,0.0741,-0.143,0.9615,1.8987,1.2775,24.1675,1000.9192,left_turn,437.7,34,2.58
3711,443762,0.0595,-0.0717,0.9885,1.3737,0.5688,24.115,1000.9116,left_turn,437.76,34,2.64
3712,443822,0.0221,-0.1059,0.9387,0.9013,0.4462,23.8088,1000.917,left_turn,437.82,34,2.7
3713,443882,0.0612,-0.1276,1.0685,-0.1138,0.0525,23.5287,1000.9082,left_turn,437.88,34,2.76
3714,443942,0.0168,-0.0363,0.9458,-0.1575,-0.84,23.345,1000.9119,left_turn,437.94,34,2.82
3715,444002,0.0181,-0.1693,0.9695,-1.33,-0.2013,23.1175,1000.9075,left_turn,438.0,34,2.88
3716,444062,-0.0151,-0.1664,0.9813,-1.7587,0.8138,22.61,1000.9136,left_turn,438.06,34,2.94
3717,444122,0.0271,-0.1152,0.988,-0.735,1.6363,22.7763,1000.9072,left_turn,438.12,34,3.0
3718,444182,-0.0298,-0.1657,0.8614,-1.6625,-2.38,22.4963,1000.9014,left_turn,438.18,34,3.06
3719,444242,0.035,-0.1815,1.0233,0.91,-1.19,22.015,1000.9092,left_turn,438.24,34,3.12
3720,444302,0.0444,-0.1152,1.0613,2.9925,0.6212,21.0963,1000.9102,left_turn,438.3,34,3.18
3721,444362,0.0253,-0.0237,1.0064,2.4762,-0.7613,20.79,1000.9111,left_turn,438.36,34,3.24
3722,444422,0.0275,-0.1143,0.9434,1.4875,-0.7,20.1688,1000.9055,left_turn,438.42,34,3.3
3723,444482,-0.0052,-0.0252,1.0648,3.3075,0.8838,19.7575,1000.9023,left_turn,438.48,34,3.36
3724,444542,-0.0076,-0.03,1.0271,1.3825,1.0762,18.9788,1000.9072,left_turn,438.54,34,3.42
3725,444602,0.0103,-0.0302,1.0431,-0.6562,-0.4988,18.935,1000.8835,left_turn,438.6,34,3.48
3726,444662,-0.0139,-0.1169,1.0477,-0.035,-0.4638,18.1825,1000.8972,left_turn,438.66,34,3.54
3727,444722,0.011,-0.202,0.9883,-2.695,-1.2862,17.8762,1000.9058,left_turn,438.72,34,3.6
3728,444782,-0.0241,-0.0707,1.008,-0.49,-0.3237,17.2375,1000.895,left_turn,438.78,34,3.66
3729,444842,0.0149,-0.002,0.9798,0.35,-0.175,16.5287,1000.8928,left_turn,438.84,34,3.72
3730,444902,0.0254,-0.0908,1.0438,0.9187,-1.5575,16.5025,1000.8904,left_turn,438.9,34,3.78
3731,444962,0.0156,-0.0046,1.0166,-0.6475,-1.3737,16.3013,1000.8904,left_turn,438.96,34,3.84
3732,445022,-0.0231,-0.0712,1.0036,1.4088,1.015,15.1375,1000.9009,left_turn,439.02,34,3.9
3733,445082,-0.0102,-0.0208,0.9658,-0.105,1.0762,14.6125,1000.8931,left_turn,439.08,34,3.96
3734,445142,0.0032,-0.1122,1.0144,0.385,1.4612,13.8862,1000.894,left_turn,439.14,34,4.02
3735,445202,0.0012,-0.0766,1.0177,-0.175,0.7962,13.8337,1000.894,left_turn,439.2,34,4.08
3736,445262,-0.0215,-0.0053,1.0141,1.3125,1.61,12.985,1000.8997,left_turn,439.26,34,4.14
3737,445322,-0.0317,-0.0532,0.9158,2.3975,2.0475,12.3638,1000.8918,left_turn,439.32,34,4.2
3738,445382,0.0041,-0.0212,0.9641,0.2887,-0.6037,11.9438,1000.8813,left_turn,439.38,34,4.26
3739,445442,-0.0259,0.0144,1.013,0.2362,0.07,11.1388,1000.8811,left_turn,439.44,34,4.32
3740,445502,-0.0344,-0.0761,0.9938,-0.2275,-0.1138,10.9725,1000.8914,left_turn,439.5,34,4.38
3741,445562,-0.0023,0.002,1.0116,-0.735,-1.6712,10.9288,1000.8784,left_turn,439.56,34,4.44
3742,445622,0.0456,-0.0653,1.0997,-1.3038,0.8575,10.2725,1000.8938,left_turn,439.62,34,4.5
3743,445682,-0.072,-0.0588,0.8827,-1.2687,-0.91,9.7738,1000.8823,left_turn,439.68,34,4.56
3744,445742,-0.0773,-0.0629,0.9532,0.875,0.6475,8.96,1000.8877,left_turn,439.74,34,4.62
3745,445802,-0.0308,-0.0551,0.9709,-0.6125,-0.595,8.7325,1000.897,left_turn,439.8,34,4.68
3746,445862,-0.0165,-0.0581,0.9019,-0.9975,0.0,8.68,1000.8835,left_turn,439.86,34,4.74
3747,445922,-0.0032,-0.0176,0.946,2.3275,0.7262,7.8575,1000.8794,left_turn,439.92,34,4.8
3748,445982,0.0302,-0.0228,1.005,2.31,1.1375,7.175,1000.873,left_turn,439.98,34,4.86
3749,446042,0.0137,0.0264,0.9923,-0.0262,2.8175,7.1575,1000.8889,left_turn,440.04,34,4.92
3750,446102,-0.0008,0.0324,1.0011,0.8487,3.4475,6.3875,1000.8818,left_turn,440.1,34,4.98
3751,446162,0.0015,0.0644,1.0096,1.925,1.4438,5.3463,1000.8882,left_turn,440.16,34,5.04
3752,446222,0.0069,-0.0407,0.9676,1.5575,0.6913,4.2962,1000.8899,left_turn,440.22,34,5.1
3753,446282,0.0605,0.0249,1.0221,1.8375,-1.6187,3.5875,1000.8831,left_turn,440.28,34,5.16
3754,446342,-0.0037,0.0291,0.9485,1.015,-1.7325,3.1325,1000.8804,left_turn,440.34,34,5.22
3755,446402,-0.0612,-0.0653,0.9221,0.42,-1.0588,2.415,1000.8882,left_turn,440.4,34,5.28
3756,446462,0.0376,0.091,0.9531,0.21,-0.5775,2.3537,1000.8835,left_turn,440.46,34,5.34
3757,446522,0.0466,0.092,0.9043,-1.7587,-3.4738,2.3537,1000.8801,left_turn,440.52,34,5.4
3758,446582,0.0739,-0.0046,0.9167,-1.4525,-1.7325,1.68,1000.8894,left_turn,440.58,34,5.46
3759,446642,0.1169,0.0442,1.046,-0.0088,-2.1788,1.0412,1000.8909,left_turn,440.64,34,5.52
3760,446702,0.0188,-0.016,1.0672,0.7262,-1.4875,1.8112,1000.8904,left_turn,440.7,34,5.58
3761,446762,0.0228,0.0373,0.978,0.805,-0.5688,1.2337,1000.8818,left_turn,440.76,34,5.64
3762,446822,0.0949,-0.0379,1.1107,0.9013,0.9625,0.9013,1000.8813,left_turn,440.82,34,5.7
3763,448202,0.0386,0.1482,1.0621,1.2862,0.3762,0.9538,1000.8848,left_turn,442.2,35,0.0
3764,448262,0.0734,-0.0008,1.1153,-0.56,-0.4462,1.0675,1000.8994,left_turn,442.26,35,0.06
3765,448322,0.0541,0.0025,1.0055,0.35,0.4375,1.2775,1000.8926,left_turn,442.32,35,0.12
3766,448382,-0.002,-0.0042,0.9576,1.2687,0.5163,1.5838,1000.8955,left_turn,442.38,35,0.18
3767,448442,-0.0147,-0.0142,0.9272,-0.595,-0.2975,1.9863,1000.8933,left_turn,442.44,35,0.24
3768,448502,0.033,0.0234,1.0488,0.2887,-0.0875,3.1237,1000.8933,left_turn,442.5,35,0.3
3769,448562,0.0559,0.0539,1.0199,-1.6187,0.1663,3.8325,1000.8962,left_turn,442.56,35,0.36
3770,448622,0.0206,-0.0756,0.9404,0.2713,-0.665,4.0862,1000.8989,left_turn,442.62,35,0.42
3771,448682,0.1021,-0.0517,1.0712,-2.1088,-0.4812,5.2762,1000.9089,left_turn,442.68,35,0.48
3772,448742,0.0254,-0.0215,1.038,-0.2713,1.2337,6.6325,1000.915,left_turn,442.74,35,0.54
3773,448802,0.0229,-0.1735,1.0085,-1.9425,-0.175,7.2537,1000.9109,left_turn,442.8,35,0.6
3774,448862,0.0866,-0.1111,1.026,-0.2537,0.2275,8.4788,1000.8965,left_turn,442.86,35,0.66
3775,448922,0.0884,-0.0905,0.9599,-0.6125,-0.7525,9.9225,1000.9006,left_turn,442.92,35,0.72
3776,448982,0.0481,-0.1103,0.9721,-0.9712,1.0675,11.2087,1000.906,left_turn,442.98,35,0.78
3777,449042,0.0134,-0.1135,1.0179,1.3212,1.9775,12.145,1000.9011,left_turn,443.04,35,0.84
3778,449102,0.0137,-0.1179,0.9209,2.1875,-0.0525,13.1512,1000.9021,left_turn,443.1,35,0.9
3779,449162,0.0061,-0.1688,0.997,0.42,-0.4025,14.4025,1000.9111,left_turn,443.16,35,0.96
3780,449222,0.0412,-0.091,1.0985,-0.6825,-1.33,15.9688,1000.9082,left_turn,443.22,35,1.02
3781,449282,0.0559,-0.0798,1.0602,-1.8463,-2.8525,17.6925,1000.9202,left_turn,443.28,35,1.08
3782,449342,0.0347,-0.1832,1.0426,0.0088,-3.4738,18.6725,1000.9226,left_turn,443.34,35,1.14
3783,449402,-0.0013,-0.3096,0.884,-2.3625,-2.8175,19.6612,1000.9194,left_turn,443.4,35,1.2
3784,449462,0.0535,-0.093,1.1151,0.84,1.4438,21.7262,1000.9326,left_turn,443.46,35,1.26
3785,449522,0.0853,-0.2137,1.0252,0.665,-1.4438,22.7062,1000.927,left_turn,443.52,35,1.32
3786,449582,0.0595,-0.1898,1.0812,-0.49,-0.42,23.5025,1000.9319,left_turn,443.58,35,1.38
3787,449642,0.0825,-0.1957,1.0709,1.9425,0.4638,23.9575,1000.9221,left_turn,443.64,35,1.44
3788,449702,0.0798,-0.1967,1.0585,-0.7088,2.7125,25.0163,1000.9204,left_turn,443.7,35,1.5
3789,449762,0.0139,-0.2123,0.9645,-0.0175,1.3913,25.83,1000.9226,left_turn,443.76,35,1.56
3790,449822,0.0878,-0.1441,0.9636,0.105,0.3063,27.0725,1000.9292,left_turn,443.82,35,1.62
3791,449882,0.0859,-0.0737,0.9104,-2.8263,1.12,27.9475,1000.917,left_turn,443.88,35,1.68
3792,449942,0.059,-0.1518,0.9282,-2.9488,0.9625,28.105,1000.9204,left_turn,443.94,35,1.74
3793,450002,0.0552,-0.276,0.8696,0.2713,0.9187,28.6562,1000.9336,left_turn,444.0,35,1.8
3794,450062,0.0385,-0.2069,0.9896,-0.3587,-0.8487,29.0063,1000.9221,left_turn,444.06,35,1.86
3795,450122,0.1038,-0.1718,1.1129,0.4725,2.2313,29.1112,1000.9253,left_turn,444.12,35,1.92
3796,450182,0.0771,-0.1141,1.1114,2.2487,2.5025,29.5575,1000.9351,left_turn,444.18,35,1.98
3797,450242,0.0374,-0.1911,1.0067,0.9975,0.3413,29.33,1000.9238,left_turn,444.24,35,2.04
3798,450302,0.0915,-0.1257,1.0695,0.175,-1.5312,29.995,1000.9236,left_turn,444.3,35,2.1
3799,450362,0.0356,-0.1651,0.9557,1.3125,0.595,30.1,1000.9265,left_turn,444.36,35,2.16
3800,450422,0.0278,-0.1271,1.0538,0.8487,1.1025,29.82,1000.9316,left_turn,444.42,35,2.22
3801,450482,0.0501,-0.1685,1.0594,1.505,2.4237,29.9688,1000.9341,left_turn,444.48,35,2.28
3802,450542,0.0529,-0.2203,0.999,0.6562,-1.5662,30.1262,1000.928,left_turn,444.54,35,2.34
3803,450602,0.0388,-0.2477,0.9182,0.2275,-0.3325,30.3713,1000.9272,left_turn,444.6,35,2.4
3804,450662,0.0304,-0.2337,0.9831,2.0738,0.2887,30.3538,1000.9221,left_turn,444.66,35,2.46
3805,450722,0.0454,-0.1416,0.995,-1.0938,0.8487,30.4062,1000.9187,left_turn,444.72,35,2.52
3806,450782,0.0385,-0.2206,0.9577,-0.9362,-1.015,30.4237,1000.9285,left_turn,444.78,35,2.58
3807,450842,0.016,-0.2418,0.8846,-0.3587,-1.2075,30.7038,1000.9126,left_turn,444.84,35,2.64
3808,450902,0.0935,-0.0791,1.1547,-0.7525,0.6913,30.87,1000.9307,left_turn,444.9,35,2.7
3809,450962,-0.0126,-0.2835,0.8621,-2.3012,-1.33,30.5375,1000.9331,left_turn,444.96,35,2.76
3810,451022,-0.0008,-0.1996,0.9982,0.665,2.52,30.8787,1000.9297,left_turn,445.02,35,2.82
3811,451082,0.0636,-0.1676,1.0555,0.2013,0.35,31.0975,1000.9338,left_turn,445.08,35,2.88
3812,451142,0.0049,-0.2347,0.9059,0.175,-0.56,30.66,1000.9258,left_turn,445.14,35,2.94
3813,451202,0.0325,-0.2206,0.967,1.7675,-0.6562,30.6775,1000.9287,left_turn,445.2,35,3.0
3814,451262,0.0559,-0.1922,1.0319,2.0912,0.2275,30.73,1000.9299,left_turn,445.26,35,3.06
3815,451322,0.0447,-0.149,1.0558,0.8662,1.4438,30.625,1000.9297,left_turn,445.32,35,3.12
3816,451382,0.0403,-0.1954,1.0855,1.2425,2.3625,30.0475,1000.9163,left_turn,445.38,35,3.18
3817,451442,0.0003,-0.1891,1.0105,1.3212,0.6825,30.065,1000.9263,left_turn,445.44,35,3.24
3818,451502,0.0002,-0.1405,0.9701,0.8225,0.0175,29.6712,1000.9287,left_turn,445.5,35,3.3
3819,451562,-0.0081,-0.1427,0.952,-1.2162,0.6125,29.6975,1000.9307,left_turn,445.56,35,3.36
3820,451622,0.0308,-0.1993,1.0042,-0.6562,0.7,29.435,1000.925,left_turn,445.62,35,3.42
3821,451682,0.0168,-0.1733,0.9843,-1.155,-0.63,29.155,1000.9294,left_turn,445.68,35,3.48
3822,451742,0.0012,-0.2223,0.9969,0.6212,0.56,28.7262,1000.9299,left_turn,445.74,35,3.54
3823,451802,0.0129,-0.1654,0.9681,-1.785,0.4025,28.3325,1000.9216,left_turn,445.8,35,3.6
3824,451862,0.0334,-0.1652,0.9845,1.0938,-0.8838,27.7375,1000.9204,left_turn,445.86,35,3.66
3825,451922,0.0017,-0.1486,1.0038,1.2862,2.5463,27.2388,1000.9211,left_turn,445.92,35,3.72
3826,451982,0.012,-0.1612,0.9695,0.6125,-0.2713,26.7138,1000.9192,left_turn,445.98,35,3.78
3827,452042,0.0031,-0.1124,1.0279,1.5662,0.1838,26.0138,1000.9229,left_turn,446.04,35,3.84
3828,452102,-0.0276,-0.1099,0.9858,1.1113,0.7437,24.9287,1000.928,left_turn,446.1,35,3.9
3829,452162,-0.0496,-0.0783,1.0073,2.065,2.87,23.1262,1000.9236,left_turn,446.16,35,3.96
3830,452222,-0.0429,-0.0859,0.9828,2.205,-0.2275,20.9037,1000.9111,left_turn,446.22,35,4.02
3831,452282,0.011,-0.0134,1.092,2.975,2.3625,19.0662,1000.9282,left_turn,446.28,35,4.08
3832,452342,0.0017,-0.0308,0.9778,0.8838,0.0613,17.3162,1000.9155,left_turn,446.34,35,4.14
3833,452402,-0.028,-0.0569,1.0063,-0.875,-0.0525,15.8462,1000.9082,left_turn,446.4,35,4.2
3834,452462,-0.041,-0.0551,0.9565,1.3913,-0.9625,14.1925,1000.9089,left_turn,446.46,35,4.26
3835,452522,-0.0044,-0.0032,1.0282,-0.5425,0.5075,13.0375,1000.9058,left_turn,446.52,35,4.32
3836,452582,-0.0593,-0.0628,0.9502,1.12,-0.3587,11.6462,1000.9177,left_turn,446.58,35,4.38
3837,452642,-0.0045,-0.0849,1.0365,0.0262,-1.1113,10.8413,1000.9055,left_turn,446.64,35,4.44
3838,452702,-0.0307,0.0129,0.9772,0.84,0.6737,9.765,1000.9136,left_turn,446.7,35,4.5
3839,452762,-0.0361,-0.0136,1.0131,1.2862,0.63,8.3562,1000.9019,left_turn,446.76,35,4.56
3840,452822,-0.0534,-0.0085,0.9647,0.5337,-0.07,7.42,1000.9036,left_turn,446.82,35,4.62
3841,452882,-0.0503,-0.0013,1.0272,-0.0787,1.8375,6.23,1000.9023,left_turn,446.88,35,4.68
3842,452942,-0.0706,0.0051,0.926,0.245,2.1875,5.81,1000.9045,left_turn,446.94,35,4.74
3843,453002,-0.0467,-0.0105,0.938,-0.5863,0.665,5.0662,1000.9187,left_turn,447.0,35,4.8
3844,453062,-0.0505,-0.0461,0.9651,-0.2975,-0.8138,4.6375,1000.9011,left_turn,447.06,35,4.86
3845,453122,-0.0144,0.0024,1.0578,0.665,0.5775,4.2,1000.916,left_turn,447.12,35,4.92
3846,453182,-0.0662,-0.041,0.9404,0.0787,1.5225,3.5875,1000.9004,left_turn,447.18,35,4.98
3847,453242,0.0054,0.0156,0.9445,-0.735,-1.4787,2.975,1000.9026,left_turn,447.24,35,5.04
3848,453302,-0.0246,-0.0229,1.0389,1.8112,1.7938,2.9225,1000.9033,left_turn,447.3,35,5.1
3849,453362,-0.038,0.0214,0.9841,0.595,-0.14,2.765,1000.8994,left_turn,447.36,35,5.16
3850,453422,-0.0681,0.0129,0.934,0.6475,-1.0063,1.8288,1000.8977,left_turn,447.42,35,5.22
3851,453482,-0.0487,0.0573,1.0119,0.9362,0.35,1.7763,1000.9036,left_turn,447.48,35,5.28
3852,453542,-0.0478,0.0474,0.9882,-0.0962,-0.1663,1.505,1000.9084,left_turn,447.54,35,5.34
3853,453602,-0.0092,0.0459,1.0089,-1.7413,-0.5163,1.8725,1000.8965,left_turn,447.6,35,5.4
3854,453662,0.0222,0.0447,1.0719,0.4812,0.0175,1.6363,1000.9087,left_turn,447.66,35,5.46
3855,453722,0.003,0.0447,0.9897,1.0063,-0.4638,1.4,1000.9065,left_turn,447.72,35,5.52
3856,453782,0.0157,0.0237,1.0174,0.8575,-0.035,1.4875,1000.9011,left_turn,447.78,35,5.58
3857,453842,-0.0139,-0.0005,1.025,1.82,0.4812,1.26,1000.8833,left_turn,447.84,35,5.64
3858,453902,-0.0429,0.0085,1.0033,1.0412,-0.2362,0.6825,1000.8997,left_turn,447.9,35,5.7
3859,461462,0.0508,-0.0281,1.0102,-0.4112,0.49,0.6125,1000.8281,left_turn,455.46,36,0.0
3860,461522,0.062,0.1008,1.0648,0.2887,1.3038,1.155,1000.8342,left_turn,455.52,36,0.06
3861,461582,0.0579,0.0029,1.0053,-0.805,-0.2975,1.0588,1000.8479,left_turn,455.58,36,0.12
3862,461642,-0.0193,-0.035,0.916,1.5488,-0.455,1.4875,1000.8364,left_turn,455.64,36,0.18
3863,461702,0.0246,-0.0059,0.9819,-0.5775,-0.1838,1.4525,1000.8398,left_turn,455.7,36,0.24
3864,461762,0.0658,-0.0917,1.0026,-2.03,-0.1925,2.0563,1000.8474,left_turn,455.76,36,0.3
3865,461822,0.0525,0.0357,1.0248,0.0962,0.3063,2.3975,1000.8391,left_turn,455.82,36,0.36
3866,461882,0.0325,-0.042,0.9313,0.1663,0.3063,2.415,1000.8428,left_turn,455.88,36,0.42
3867,461942,0.0683,-0.0207,1.0086,-0.5775,0.5075,3.0187,1000.8411,left_turn,455.94,36,0.48
3868,462002,0.0537,-0.0676,1.0125,-1.1638,1.2687,3.605,1000.8496,left_turn,456.0,36,0.54
3869,462062,0.0502,-0.06,0.934,-0.2975,-0.1225,4.13,1000.8472,left_turn,456.06,36,0.6
3870,462122,0.069,0.0117,0.9345,-1.715,1.19,4.585,1000.853,left_turn,456.12,36,0.66
3871,462182,0.0273,-0.0999,0.9557,-0.0962,-0.8138,5.6087,1000.864,left_turn,456.18,36,0.72
3872,462242,0.0237,-0.122,0.9711,-1.33,-0.3325,6.405,1000.8728,left_turn,456.24,36,0.78
3873,462302,0.0742,-0.0646,1.0562,-0.98,-0.8838,7.5163,1000.8691,left_turn,456.3,36,0.84
3874,462362,0.0834,-0.1102,0.9812,0.0525,-1.3825,8.6975,1000.8694,left_turn,456.36,36,0.9
3875,462422,0.0456,-0.1441,0.9497,-0.455,0.6913,9.0475,1000.8699,left_turn,456.42,36,0.96
3876,462482,0.0464,-0.1274,0.9733,0.4988,0.9362,10.185,1000.8872,left_turn,456.48,36,1.02
3877,462542,0.0339,-0.1638,0.9713,0.7,-0.2275,11.4012,1000.8936,left_turn,456.54,36,1.08
3878,462602,0.0964,-0.1333,0.997,-0.0088,0.1138,12.3462,1000.8911,left_turn,456.6,36,1.14
3879,462662,0.0868,-0.0932,1.005,1.3388,-0.56,13.2475,1000.8945,left_turn,456.66,36,1.2
3880,462722,0.0547,-0.1286,1.0104,0.2625,1.3913,14.2362,1000.9009,left_turn,456.72,36,1.26
3881,462782,0.0625,-0.152,0.9029,1.0938,-1.9512,14.7612,1000.9004,left_turn,456.78,36,1.32
3882,462842,0.1183,-0.2116,1.0184,0.0787,-1.2337,16.065,1000.9038,left_turn,456.84,36,1.38
3883,462902,0.0303,-0.1772,0.9151,1.3825,0.7613,16.3188,1000.9067,left_turn,456.9,36,1.44
3884,462962,0.0689,-0.194,0.912,0.2013,-0.6037,17.2025,1000.9124,left_turn,456.96,36,1.5
3885,463022,0.0517,-0.1563,1.0575,1.19,0.175,18.0775,1000.9155,left_turn,457.02,36,1.56
3886,463082,0.1201,-0.2167,1.068,0.35,0.28,18.5413,1000.9133,left_turn,457.08,36,1.62
3887,463142,0.0586,-0.148,0.9489,0.385,0.175,19.2237,1000.9128,left_turn,457.14,36,1.68
3888,463202,0.0748,-0.1896,1.0402,0.2013,0.6212,19.6087,1000.9143,left_turn,457.2,36,1.74
3889,463262,0.1191,-0.1423,1.0615,3.0187,0.84,20.4137,1000.9199,left_turn,457.26,36,1.8
3890,463322,0.0541,-0.1102,0.9904,0.14,0.665,20.895,1000.9211,left_turn,457.32,36,1.86
3891,463382,0.0844,-0.2772,0.931,-1.96,-0.3413,21.7087,1000.9121,left_turn,457.38,36,1.92
3892,463442,0.1389,-0.1917,1.0264,-1.2513,0.0875,22.6975,1000.9128,left_turn,457.44,36,1.98
3893,463502,0.1164,-0.2225,0.9518,0.245,-0.735,23.5112,1000.926,left_turn,457.5,36,2.04
3894,463562,0.0772,-0.2208,0.9756,0.14,-0.1663,24.045,1000.9258,left_turn,457.56,36,2.1
3895,463622,0.1034,-0.1731,1.0447,-0.3325,-0.035,24.3775,1000.9214,left_turn,457.62,36,2.16
3896,463682,0.1381,-0.181,0.985,-1.5225,-1.9338,24.7362,1000.927,left_turn,457.68,36,2.22
3897,463742,0.0993,-0.2583,1.0306,-0.3762,-0.1838,24.5875,1000.9331,left_turn,457.74,36,2.28
3898,463802,0.0886,-0.1823,0.9206,-0.665,-0.7525,24.9375,1000.9341,left_turn,457.8,36,2.34
3899,463862,0.1234,-0.202,0.9682,-2.5463,-1.7587,25.55,1000.929,left_turn,457.86,36,2.4
3900,463922,0.1288,-0.2487,1.0532,3.185,1.68,25.2437,1000.9395,left_turn,457.92,36,2.46
3901,463982,0.1127,-0.2321,0.8788,5.1013,-0.49,26.1975,1000.9441,left_turn,457.98,36,2.52
3902,464042,0.1122,-0.2155,0.9133,-2.2487,0.1488,26.8975,1000.9358,left_turn,458.04,36,2.58
3903,464102,0.1051,-0.2511,1.1012,2.905,3.3338,27.8162,1000.9441,left_turn,458.1,36,2.64
3904,464162,0.1157,-0.1625,0.9518,2.4062,-1.1287,27.7725,1000.9431,left_turn,458.16,36,2.7
3905,464222,0.1232,-0.2428,1.1151,1.3388,1.5575,27.3875,1000.9453,left_turn,458.22,36,2.76
3906,464282,0.0575,-0.1837,0.9209,2.03,0.2275,26.6175,1000.9558,left_turn,458.28,36,2.82
3907,464342,0.0994,-0.12,1.0699,0.9887,0.42,26.355,1000.9597,left_turn,458.34,36,2.88
3908,464402,0.0502,-0.184,0.9999,-0.1663,0.2887,26.1975,1000.9578,left_turn,458.4,36,2.94
3909,464462,0.042,-0.1938,1.0265,-0.14,1.1463,25.97,1000.9502,left_turn,458.46,36,3.0
3910,464522,0.016,-0.2565,1.1139,-2.24,0.1663,25.9175,1000.9565,left_turn,458.52,36,3.06
3911,464582,0.0633,-0.1969,0.9555,0.7088,1.2513,24.9988,1000.9609,left_turn,458.58,36,3.12
3912,464642,0.0583,-0.204,1.0153,1.2162,0.6475,25.1213,1000.9509,left_turn,458.64,36,3.18
3913,464702,0.0769,-0.1921,1.0256,0.8575,0.0613,25.1125,1000.9565,left_turn,458.7,36,3.24
3914,464762,-0.0193,-0.2254,0.9027,3.1588,2.3625,25.0775,1000.9561,left_turn,458.76,36,3.3
3915,464822,0.0602,-0.176,1.0023,1.54,1.7325,25.0775,1000.9565,left_turn,458.82,36,3.36
3916,464882,0.0242,-0.122,1.0634,0.175,-0.5337,25.445,1000.9536,left_turn,458.88,36,3.42
3917,464942,0.0125,-0.155,1.0075,0.7262,0.5425,25.2787,1000.9619,left_turn,458.94,36,3.48
3918,465002,-0.0015,-0.1759,0.9091,0.7613,-0.245,24.745,1000.9585,left_turn,459.0,36,3.54
3919,465062,-0.0315,-0.1605,0.8727,-2.065,-0.7875,23.9137,1000.9692,left_turn,459.06,36,3.6
3920,465122,0.0371,-0.0911,1.0529,0.875,0.3938,23.8875,1000.9629,left_turn,459.12,36,3.66
3921,465182,0.0434,-0.1555,1.1062,0.035,1.6975,23.5462,1000.9612,left_turn,459.18,36,3.72
3922,465242,0.04,-0.171,1.0463,-1.05,-1.3212,23.4325,1000.9583,left_turn,459.24,36,3.78
3923,465302,-0.0056,-0.1422,0.9742,0.595,-0.4112,23.1612,1000.97,left_turn,459.3,36,3.84
3924,465362,0.0221,-0.1013,0.9584,-0.175,-2.6075,23.3363,1000.9568,left_turn,459.36,36,3.9
3925,465422,0.0198,-0.157,1.0458,-0.0787,1.0063,23.0037,1000.9634,left_turn,459.42,36,3.96
3926,465482,-0.0117,-0.1337,0.9628,1.4175,-1.1988,22.4875,1000.9705,left_turn,459.48,36,4.02
3927,465542,-0.0034,-0.1459,1.0513,1.82,0.1838,21.6125,1000.9744,left_turn,459.54,36,4.08
3928,465602,-0.0212,-0.0996,0.9426,0.175,0.6475,21.3675,1000.9653,left_turn,459.6,36,4.14
3929,465662,-0.0032,-0.1188,0.9604,-0.4288,0.5337,20.9825,1000.9568,left_turn,459.66,36,4.2
3930,465722,0.0038,-0.0861,0.9979,0.63,0.0787,20.3612,1000.9602,left_turn,459.72,36,4.26
3931,465782,-0.0251,-0.1388,0.9945,0.3063,1.12,19.6,1000.9641,left_turn,459.78,36,4.32
3932,465842,-0.0252,-0.0737,0.9503,-0.1138,-0.3063,18.3137,1000.9666,left_turn,459.84,36,4.38
3933,465902,-0.0013,-0.0539,1.0302,2.1613,0.63,16.9487,1000.9595,left_turn,459.9,36,4.44
3934,465962,-0.0398,-0.0993,0.9633,1.995,-0.805,15.6187,1000.9575,left_turn,459.96,36,4.5
3935,466022,0.0048,-0.0532,0.9845,1.3825,-0.56,14.6125,1000.9675,left_turn,460.02,36,4.56
3936,466082,-0.0096,-0.0218,1.0011,1.4262,-0.4288,13.5188,1000.9692,left_turn,460.08,36,4.62
3937,466142,-0.0071,-0.0422,1.0095,0.4112,0.1138,12.32,1000.9541,left_turn,460.14,36,4.68
3938,466202,0.0297,0.0107,0.9675,-0.0787,1.1725,11.0425,1000.9563,left_turn,460.2,36,4.74
3939,466262,-0.0228,-0.0398,0.9585,-0.7613,-0.4725,9.73,1000.9578,left_turn,460.26,36,4.8
3940,466322,-0.0397,-0.0161,0.987,-0.2362,-0.2275,8.1987,1000.9543,left_turn,460.32,36,4.86
3941,466382,-0.0015,-0.0201,0.9987,-0.2713,0.105,7.7962,1000.9663,left_turn,460.38,36,4.92
3942,466442,-0.0378,-0.0161,0.9714,0.3587,0.7788,7.2188,1000.9556,left_turn,460.44,36,4.98
3943,466502,-0.0154,-0.0085,1.0004,-0.4288,-0.3413,6.1687,1000.9507,left_turn,460.5,36,5.04
3944,466562,-0.0208,0.012,0.9819,1.2687,0.5337,5.2937,1000.9536,left_turn,460.56,36,5.1
3945,466622,-0.0253,0.0098,0.9577,-0.3237,-0.1138,4.8475,1000.9497,left_turn,460.62,36,5.16
3946,466682,-0.0571,0.0323,0.9873,0.63,0.4812,3.6662,1000.9492,left_turn,460.68,36,5.22
3947,466742,-0.0098,0.0405,1.0206,1.0063,-0.2713,2.8525,1000.9597,left_turn,460.74,36,5.28
3948,466802,0.024,0.0575,1.0858,0.4462,-0.3325,2.6862,1000.9561,left_turn,460.8,36,5.34
3949,466862,-0.0224,-0.023,0.9958,-0.0262,-1.61,2.0738,1000.9578,left_turn,460.86,36,5.4
3950,466922,-0.0173,0.0554,1.005,1.225,0.0525,1.7413,1000.9431,left_turn,460.92,36,5.46
3951,466982,-0.0046,0.0603,0.9879,0.3762,0.385,1.3737,1000.9556,left_turn,460.98,36,5.52
3952,467042,0.0015,0.0541,1.0053,-0.1575,0.8925,0.8925,1000.9512,left_turn,461.04,36,5.58
3953,468422,-0.0232,-0.0578,0.8804,-0.3938,0.77,0.91,1000.9438,left_turn,462.42,37,0.0
3954,468482,0.0601,-0.0288,0.9965,0.8838,-0.2362,1.6888,1000.9534,left_turn,462.48,37,0.06
3955,468542,0.052,-0.0195,1.0187,1.6975,0.245,2.905,1000.9556,left_turn,462.54,37,0.12
3956,468602,0.0839,-0.0473,1.007,1.1988,0.4112,3.7975,1000.9575,left_turn,462.6,37,0.18
3957,468662,0.0563,-0.0456,1.065,1.715,0.8838,4.7688,1000.9512,left_turn,462.66,37,0.24
3958,468722,0.0797,-0.0059,1.0817,0.2537,0.0962,5.7488,1000.9585,left_turn,462.72,37,0.3
3959,468782,0.0481,-0.0534,1.0543,-0.1225,0.2188,6.5275,1000.9622,left_turn,462.78,37,0.36
3960,468842,0.0406,-0.0349,1.0626,0.3938,0.21,7.5075,1000.9521,left_turn,462.84,37,0.42
3961,468902,0.0469,-0.0885,1.0058,-1.3388,-0.525,8.4963,1000.9585,left_turn,462.9,37,0.48
3962,468962,0.0163,-0.0834,0.9165,-0.2013,-0.3762,9.5463,1000.9529,left_turn,462.96,37,0.54
3963,469022,0.0425,-0.1419,0.8888,-0.4112,-0.6212,10.885,1000.9526,left_turn,463.02,37,0.6
3964,469082,0.0881,-0.1137,1.0016,-0.7875,0.2275,11.8038,1000.9473,left_turn,463.08,37,0.66
3965,469142,0.0569,-0.1408,0.9264,0.63,0.21,12.7487,1000.9539,left_turn,463.14,37,0.72
3966,469202,0.1094,-0.1258,0.9763,-0.0262,-0.6212,14.035,1000.9617,left_turn,463.2,37,0.78
3967,469262,0.0286,-0.1263,0.9875,0.7962,0.4988,14.9625,1000.9482,left_turn,463.26,37,0.84
3968,469322,0.0815,-0.1615,1.0598,0.0,-0.7,16.1787,1000.957,left_turn,463.32,37,0.9
3969,469382,0.0615,-0.0952,0.9848,0.14,1.015,17.01,1000.9587,left_turn,463.38,37,0.96
3970,469442,0.0185,-0.2289,0.9468,-0.35,-0.42,18.0075,1000.9626,left_turn,463.44,37,1.02
3971,469502,0.0451,-0.1579,0.9557,1.155,1.5225,19.145,1000.9604,left_turn,463.5,37,1.08
3972,469562,0.0412,-0.1732,0.9758,0.175,0.9975,20.685,1000.9685,left_turn,463.56,37,1.14
3973,469622,0.0617,-0.1581,0.9889,-0.7262,1.7237,21.455,1000.9617,left_turn,463.62,37,1.2
3974,469682,0.0044,-0.142,0.9565,-1.1638,0.9538,22.295,1000.9543,left_turn,463.68,37,1.26
3975,469742,-0.0105,-0.1764,0.9148,-0.5075,-0.5425,22.9075,1000.969,left_turn,463.74,37,1.32
3976,469802,0.0244,-0.1238,0.9309,-1.1725,1.7413,23.87,1000.9688,left_turn,463.8,37,1.38
3977,469862,-0.002,-0.2103,1.0172,0.9275,0.7613,24.2463,1000.9663,left_turn,463.86,37,1.44
3978,469922,0.0268,-0.1412,0.9687,-2.3537,-0.5425,24.9112,1000.9695,left_turn,463.92,37,1.5
3979,469982,0.0005,-0.1567,1.0033,-0.7088,-0.9712,25.0513,1000.9612,left_turn,463.98,37,1.56
3980,470042,0.0398,-0.2062,1.0131,0.1663,0.3587,25.3575,1000.9619,left_turn,464.04,37,1.62
3981,470102,0.042,-0.1632,0.9994,-0.525,-0.0525,25.8913,1000.9661,left_turn,464.1,37,1.68
3982,470162,0.0237,-0.2417,1.0072,0.595,-0.8487,26.4688,1000.9751,left_turn,464.16,37,1.74
3983,470222,0.0562,-0.2111,0.9762,1.8375,-2.0125,26.8713,1000.9792,left_turn,464.22,37,1.8
3984,470282,0.017,-0.1869,0.9392,0.8575,0.0787,27.1513,1000.9683,left_turn,464.28,37,1.86
3985,470342,0.0165,-0.1413,0.9325,1.3475,-0.5163,27.4925,1000.9695,left_turn,464.34,37,1.92
3986,470402,0.0386,-0.1537,0.9757,0.21,-0.1663,28.07,1000.9683,left_turn,464.4,37,1.98
3987,470462,0.0739,-0.1771,1.0682,1.9338,-0.6913,28.595,1000.9619,left_turn,464.46,37,2.04
3988,470522,0.0537,-0.1491,1.0423,1.155,1.61,28.1313,1000.9683,left_turn,464.52,37,2.1
3989,470582,0.0344,-0.1679,1.0189,-1.155,1.12,28.385,1000.9622,left_turn,464.58,37,2.16
3990,470642,0.0325,-0.1976,1.0191,-0.7,1.0675,28.0788,1000.9607,left_turn,464.64,37,2.22
3991,470702,0.0342,-0.2115,1.009,-0.665,0.7175,28.875,1000.9612,left_turn,464.7,37,2.28
3992,470762,0.0171,-0.123,1.0429,-0.9362,2.625,28.9975,1000.9551,left_turn,464.76,37,2.34
3993,470822,0.0015,-0.1962,1.0569,0.0875,1.2162,28.4375,1000.9553,left_turn,464.82,37,2.4
3994,470882,-0.0212,-0.2096,1.0011,0.595,-0.105,28.1313,1000.9617,left_turn,464.88,37,2.46
3995,470942,-0.0115,-0.2375,0.8306,-1.19,0.665,28.5075,1000.9561,left_turn,464.94,37,2.52
3996,471002,-0.0237,-0.2816,1.1312,-1.9688,4.1038,28.8925,1000.9592,left_turn,465.0,37,2.58
3997,471062,-0.0448,-0.1888,0.9933,1.0762,-0.735,28.805,1000.9565,left_turn,465.06,37,2.64
3998,471122,-0.0117,-0.1689,1.0246,4.2263,0.7788,28.315,1000.9629,left_turn,465.12,37,2.7
3999,471182,-0.0151,-0.2235,1.095,3.1412,-0.035,27.5888,1000.969,left_turn,465.18,37,2.76
4000,471242,-0.0305,-0.183,0.9988,1.75,0.6737,27.825,1000.9622,left_turn,465.24,37,2.82
4001,471302,-0.0063,-0.1204,0.9906,1.575,-2.4413,28.3237,1000.9541,left_turn,465.3,37,2.88
4002,471362,0.0256,-0.263,1.0002,1.1463,-1.5225,27.9212,1000.9631,left_turn,465.36,37,2.94
4003,471422,-0.0323,-0.0727,1.0297,1.2075,-1.5312,27.44,1000.9526,left_turn,465.42,37,3.0
4004,471482,-0.0079,-0.1147,0.9315,-1.4088,-0.315,27.3875,1000.9517,left_turn,465.48,37,3.06
4005,471542,-0.0081,-0.2095,0.9877,1.0412,0.9975,27.0375,1000.9395,left_turn,465.54,37,3.12
4006,471602,0.0359,-0.0354,1.0968,1.225,1.82,26.9762,1000.9404,left_turn,465.6,37,3.18
4007,471662,-0.0154,-0.1994,0.9883,-1.085,1.575,27.16,1000.936,left_turn,465.66,37,3.24
4008,471722,-0.0498,-0.2555,0.9271,0.4988,0.0875,26.5037,1000.9534,left_turn,465.72,37,3.3
4009,471782,0.0179,-0.1064,1.0594,2.52,0.2013,26.2412,1000.9517,left_turn,465.78,37,3.36
4010,471842,-0.0227,-0.182,0.9218,0.3325,0.385,25.4713,1000.9446,left_turn,465.84,37,3.42
4011,471902,-0.0229,-0.173,0.9694,1.1725,-0.77,24.675,1000.9438,left_turn,465.9,37,3.48
4012,471962,0.0325,-0.0892,1.0809,3.535,1.6975,23.8175,1000.9446,left_turn,465.96,37,3.54
4013,472022,0.0005,-0.0962,0.9643,-0.1575,0.315,23.8,1000.9258,left_turn,466.02,37,3.6
4014,472082,0.024,-0.0786,1.0609,2.3537,0.4288,23.0125,1000.9377,left_turn,466.08,37,3.66
4015,472142,0.0041,0.0146,1.018,1.8112,0.595,21.84,1000.9285,left_turn,466.14,37,3.72
4016,472202,-0.0178,-0.0988,0.9957,1.4262,0.6475,20.6675,1000.9243,left_turn,466.2,37,3.78
4017,472262,-0.0204,-0.0644,1.0077,1.8025,1.6888,19.6787,1000.9158,left_turn,466.26,37,3.84
4018,472322,0.0127,-0.022,1.0476,0.9275,0.7175,19.1625,1000.9207,left_turn,466.32,37,3.9
4019,472382,-0.013,-0.0517,1.0512,0.4112,0.2275,18.2437,1000.9153,left_turn,466.38,37,3.96
4020,472442,-0.016,-0.0556,1.0526,-0.0088,0.49,17.2288,1000.9207,left_turn,466.44,37,4.02
4021,472502,-0.0583,-0.1381,0.9805,1.3563,0.8487,16.4937,1000.916,left_turn,466.5,37,4.08
4022,472562,-0.0349,-0.0034,1.0027,0.665,1.19,15.3125,1000.9167,left_turn,466.56,37,4.14
4023,472622,-0.1137,-0.0895,0.8826,1.6975,1.5838,13.9563,1000.9033,left_turn,466.62,37,4.2
4024,472682,-0.101,-0.1339,0.9006,1.2513,1.0325,13.0288,1000.9099,left_turn,466.68,37,4.26
4025,472742,-0.0345,0.0346,0.9682,3.0538,2.4237,10.745,1000.9026,left_turn,466.74,37,4.32
4026,472802,-0.0198,0.0248,1.0412,1.61,0.945,9.8612,1000.8931,left_turn,466.8,37,4.38
4027,472862,-0.0245,0.0212,1.0297,0.77,0.6825,8.4087,1000.9045,left_turn,466.86,37,4.44
4028,472922,-0.0571,0.0297,1.0162,0.6037,0.6037,7.9887,1000.9006,left_turn,466.92,37,4.5
4029,472982,-0.0406,0.0423,0.9922,0.5425,-0.3413,6.7025,1000.895,left_turn,466.98,37,4.56
4030,473042,-0.039,0.0206,0.967,0.105,-1.0237,5.8275,1000.8887,left_turn,467.04,37,4.62
4031,473102,-0.047,0.0159,0.8987,0.9975,-0.9625,4.7775,1000.8865,left_turn,467.1,37,4.68
4032,473162,-0.0044,0.0498,0.9667,1.3825,-1.0412,4.0512,1000.8965,left_turn,467.16,37,4.74
4033,473222,0.0129,0.0669,1.0222,2.3888,-3.9375,2.8,1000.8865,left_turn,467.22,37,4.8
4034,473282,-0.0744,0.0727,1.0128,1.7237,-1.1725,2.6163,1000.9019,left_turn,467.28,37,4.86
4035,473342,-0.0381,0.008,1.0756,2.38,2.0912,1.9338,1000.9009,left_turn,467.34,37,4.92
4036,473402,-0.0029,0.0917,1.0941,-0.2975,0.0875,1.8637,1000.8889,left_turn,467.4,37,4.98
4037,473462,-0.039,0.067,0.9753,-0.385,-0.9275,1.6013,1000.8999,left_turn,467.46,37,5.04
4038,473522,-0.0328,0.0398,1.0433,-0.035,0.7525,1.3913,1000.9126,left_turn,467.52,37,5.1
4039,473582,-0.041,0.0667,1.0299,0.5775,0.0088,0.9362,1000.9119,left_turn,467.58,37,5.16
4040,481322,0.0613,-0.0188,1.0124,0.2188,-0.525,0.9712,1000.8877,left_turn,475.32,38,0.0
4041,481382,0.0953,0.0598,1.1245,-0.1838,-1.435,1.6537,1000.894,left_turn,475.38,38,0.06
4042,481442,0.0322,0.0283,0.9355,-0.7262,-1.1812,1.7763,1000.8887,left_turn,475.44,38,0.12
4043,481502,0.09,0.0595,0.9867,-1.4963,0.105,2.6163,1000.8813,left_turn,475.5,38,0.18
4044,481562,0.05,-0.0366,0.9306,-1.1988,-0.4375,3.115,1000.8879,left_turn,475.56,38,0.24
4045,481622,0.0412,-0.0949,1.0175,-0.9625,-0.035,3.1675,1000.8892,left_turn,475.62,38,0.3
4046,481682,0.0026,-0.0498,0.9972,1.0938,0.8925,3.6925,1000.8784,left_turn,475.68,38,0.36
4047,481742,0.0359,-0.1033,1.0584,0.6212,-0.9625,4.2087,1000.8794,left_turn,475.74,38,0.42
4048,481802,0.0295,-0.083,0.9611,-1.1113,-0.6825,5.6175,1000.884,left_turn,475.8,38,0.48
4049,481862,0.023,-0.0512,0.904,-0.2537,2.1525,6.2475,1000.8972,left_turn,475.86,38,0.54
4050,481922,0.0359,-0.1057,0.9392,-1.0675,-0.1575,6.9125,1000.9082,left_turn,475.92,38,0.6
4051,481982,0.0405,-0.0783,1.0138,0.7875,0.7,7.5075,1000.8906,left_turn,475.98,38,0.66
4052,482042,0.0592,-0.0698,1.005,-1.26,0.14,8.3387,1000.8921,left_turn,476.04,38,0.72
4053,482102,0.0842,-0.1112,0.9609,-0.4375,-1.365,9.3363,1000.8938,left_turn,476.1,38,0.78
4054,482162,0.0768,-0.0981,1.0241,0.5512,-0.2713,10.7362,1000.8975,left_turn,476.16,38,0.84
4055,482222,0.0672,-0.177,0.9509,-1.2425,-0.4288,11.2,1000.9075,left_turn,476.22,38,0.9
4056,482282,0.1086,-0.0942,1.1134,0.385,-0.0437,12.3988,1000.9211,left_turn,476.28,38,0.96
4057,482342,0.0323,-0.1454,0.9069,-1.5575,-1.1287,13.23,1000.9019,left_turn,476.34,38,1.02
4058,482402,0.091,-0.0525,0.9828,-1.0412,0.1225,13.5013,1000.8997,left_turn,476.4,38,1.08
4059,482462,0.0574,-0.1621,0.9175,0.2537,-1.54,13.86,1000.9092,left_turn,476.46,38,1.14
4060,482522,0.0344,-0.1127,1.0199,0.4025,-1.1025,14.6737,1000.8972,left_turn,476.52,38,1.2
4061,482582,0.0781,-0.1313,1.0385,-0.0525,1.0938,15.8988,1000.8984,left_turn,476.58,38,1.26
4062,482642,0.0864,-0.1564,0.9923,-0.3762,-0.0262,16.6075,1000.9148,left_turn,476.64,38,1.32
4063,482702,0.052,-0.2164,0.9439,0.0787,0.2975,17.2288,1000.9185,left_turn,476.7,38,1.38
4064,482762,0.0988,-0.1383,1.0323,-0.945,-0.0525,18.935,1000.9109,left_turn,476.76,38,1.44
4065,482822,0.1147,-0.1208,1.0124,0.6475,1.6975,19.6262,1000.9146,left_turn,476.82,38,1.5
4066,482882,0.077,-0.2313,1.0089,-0.1575,0.7175,20.965,1000.9224,left_turn,476.88,38,1.56
4067,482942,0.1157,-0.1801,1.0557,0.1663,1.2075,22.4,1000.917,left_turn,476.94,38,1.62
4068,483002,0.093,-0.2364,1.0104,-1.5575,0.49,23.5287,1000.9316,left_turn,477.0,38,1.68
4069,483062,0.0627,-0.2164,1.049,1.7062,1.5925,24.2725,1000.9177,left_turn,477.06,38,1.74
4070,483122,0.1039,-0.242,1.0595,-0.1488,0.875,24.255,1000.9292,left_turn,477.12,38,1.8
4071,483182,0.1168,-0.1879,1.049,0.77,-2.2225,24.7362,1000.9226,left_turn,477.18,38,1.86
4072,483242,0.1381,-0.2435,1.0265,0.7962,-1.2425,25.9613,1000.9998,left_turn,477.24,38,1.92
4073,483302,0.0855,-0.251,0.8672,-0.1663,0.56,25.9788,1000.9241,left_turn,477.3,38,1.98
4074,483362,0.1093,-0.2603,1.036,1.715,0.3325,26.8188,1000.9463,left_turn,477.36,38,2.04
4075,483422,0.1168,-0.2156,1.015,1.33,-0.3762,26.7575,1000.926,left_turn,477.42,38,2.1
4076,483482,0.059,-0.1383,0.9777,0.9187,0.7437,26.5912,1000.9304,left_turn,477.48,38,2.16
4077,483542,0.081,-0.2009,1.0843,1.5838,0.2188,27.09,1000.9519,left_turn,477.54,38,2.22
4078,483602,0.0834,-0.0994,0.9667,1.0762,1.1287,26.915,1000.9204,left_turn,477.6,38,2.28
4079,483662,0.0351,-0.1691,0.96,1.3212,0.6737,26.6437,1000.917,left_turn,477.66,38,2.34
4080,483722,0.0427,-0.1257,0.9868,-0.2713,-0.035,26.9587,1000.9131,left_turn,477.72,38,2.4
4081,483782,0.0441,-0.1822,0.9984,0.2275,0.1663,27.1688,1000.928,left_turn,477.78,38,2.46
4082,483842,0.0002,-0.1606,0.9555,0.315,0.3413,26.8888,1000.9358,left_turn,477.84,38,2.52
4083,483902,0.0734,-0.1146,1.0521,-0.7875,1.855,26.565,1000.9216,left_turn,477.9,38,2.58
4084,483962,0.0181,-0.23,0.9864,-0.3413,1.715,26.88,1000.915,left_turn,477.96,38,2.64
4085,484022,0.0146,-0.1306,1.0323,0.42,0.3413,26.5387,1000.9182,left_turn,478.02,38,2.7
4086,484082,0.0198,-0.1448,1.0384,0.77,-1.435,26.88,1000.9202,left_turn,478.08,38,2.76
4087,484142,-0.024,-0.2048,0.9335,3.2462,0.4462,26.46,1000.9182,left_turn,478.14,38,2.82
4088,484202,-0.0308,-0.1142,0.9221,1.3737,-0.525,26.1012,1000.9229,left_turn,478.2,38,2.88
4089,484262,0.0359,-0.11,1.0699,0.98,-0.0962,25.5063,1000.918,left_turn,478.26,38,2.94
4090,484322,-0.0512,-0.1163,0.9714,2.1525,-0.2362,24.2987,1000.9202,left_turn,478.32,38,3.0
4091,484382,-0.0204,-0.157,0.9238,-1.225,0.4725,23.9837,1000.9136,left_turn,478.38,38,3.06
4092,484442,0.0434,-0.0876,1.0446,-1.7062,-0.42,23.8,1000.9194,left_turn,478.44,38,3.12
4093,484502,-0.0019,-0.1247,0.976,-1.4787,1.1812,23.1262,1000.9128,left_turn,478.5,38,3.18
4094,484562,-0.0276,-0.203,0.9126,1.0412,1.4787,22.6887,1000.9153,left_turn,478.56,38,3.24
4095,484622,-0.0088,-0.0828,1.0008,0.805,2.5725,22.1375,1000.9089,left_turn,478.62,38,3.3
4096,484682,-0.0293,-0.1428,0.855,1.7237,0.1838,21.0088,1000.9136,left_turn,478.68,38,3.36
4097,484742,-0.014,-0.1318,1.0033,2.7738,-0.0175,20.9212,1000.917,left_turn,478.74,38,3.42
4098,484802,0.0345,-0.0305,0.9579,3.1412,-0.1488,20.4662,1000.8987,left_turn,478.8,38,3.48
4099,484862,-0.0198,-0.0866,0.9114,-0.1488,-0.5075,19.4163,1000.9094,left_turn,478.86,38,3.54
4100,484922,-0.0054,-0.0766,0.976,0.0175,-0.1225,19.0312,1000.8965,left_turn,478.92,38,3.6
4101,484982,-0.0307,-0.0783,1.0225,-0.9625,1.015,18.4538,1000.9045,left_turn,478.98,38,3.66
4102,485042,0.0594,-0.0906,1.1214,-1.1025,-3.115,18.8388,1000.9048,left_turn,479.04,38,3.72
4103,485102,-0.008,-0.1371,1.0372,-1.05,-1.2425,18.3225,1000.9128,left_turn,479.1,38,3.78
4104,485162,0.0256,-0.0815,1.1341,1.0063,0.4988,17.9463,1000.9011,left_turn,479.16,38,3.84
4105,485222,0.0281,-0.0265,1.0514,0.5425,-0.175,17.4912,1000.908,left_turn,479.22,38,3.9
4106,485282,0.0029,-0.1169,1.0209,-0.1225,-1.82,17.01,1000.9099,left_turn,479.28,38,3.96
4107,485342,0.029,-0.1496,0.9315,-0.6737,-1.7763,16.8962,1000.8884,left_turn,479.34,38,4.02
4108,485402,0.0915,0.0088,1.0882,0.2537,-1.4963,16.73,1000.8923,left_turn,479.4,38,4.08
4109,485462,-0.0107,-0.0612,0.9919,1.1988,0.0262,16.24,1000.8923,left_turn,479.46,38,4.14
4110,485522,-0.0386,-0.0749,0.9069,1.5662,-0.28,15.8025,1000.8916,left_turn,479.52,38,4.2
4111,485582,-0.0561,-0.1415,0.87,1.715,0.6037,14.6825,1000.8879,left_turn,479.58,38,4.26
4112,485642,-0.0298,-0.1054,0.9521,0.8575,0.2013,13.9475,1000.897,left_turn,479.64,38,4.32
4113,485702,0.0228,-0.0493,1.0767,0.42,-2.1088,13.8337,1000.8887,left_turn,479.7,38,4.38
4114,485762,0.0248,-0.0001,1.0553,-1.1287,1.3737,13.2037,1000.8926,left_turn,479.76,38,4.44
4115,485822,0.0364,-0.0341,0.9201,-1.26,-0.56,11.7075,1000.8845,left_turn,479.82,38,4.5
4116,485882,0.0101,-0.0348,0.9686,0.035,-1.4175,10.885,1000.8882,left_turn,479.88,38,4.56
4117,485942,0.0191,-0.019,1.0421,0.6475,0.2713,9.4237,1000.8789,left_turn,479.94,38,4.62
4118,486002,-0.0163,0.0168,1.0382,0.4375,-0.385,9.0037,1000.8657,left_turn,480.0,38,4.68
4119,486062,0.0087,-0.0657,1.0005,0.77,1.47,7.56,1000.8821,left_turn,480.06,38,4.74
4120,486122,0.0305,-0.0217,0.9639,0.3237,1.2425,6.8337,1000.8845,left_turn,480.12,38,4.8
4121,486182,0.0229,0.0073,0.9415,-0.0525,2.135,5.8187,1000.8801,left_turn,480.18,38,4.86
4122,486242,-0.0129,-0.0583,0.9318,2.31,3.1675,5.2413,1000.8777,left_turn,480.24,38,4.92
4123,486302,0.0097,-0.0034,0.9363,0.6825,1.7675,5.1537,1000.874,left_turn,480.3,38,4.98
4124,486362,0.0258,-0.0281,0.8908,1.2687,0.4812,4.5763,1000.8833,left_turn,480.36,38,5.04
4125,486422,0.0642,0.0182,1.0451,2.9575,0.945,4.2175,1000.8896,left_turn,480.42,38,5.1
4126,486482,0.0364,0.0425,1.0652,1.89,-0.1925,2.8612,1000.8887,left_turn,480.48,38,5.16
4127,486542,0.0203,0.06,1.0127,2.205,-2.38,2.52,1000.8799,left_turn,480.54,38,5.22
4128,486602,-0.0435,-0.0078,0.8521,1.4262,-3.465,2.7037,1000.8931,left_turn,480.6,38,5.28
4129,486662,-0.0174,0.0281,0.9255,-0.8487,-2.6337,1.6888,1000.8867,left_turn,480.66,38,5.34
4130,486722,0.1039,0.0101,1.0458,-1.6975,-0.91,1.3825,1000.8936,left_turn,480.72,38,5.4
4131,486782,0.0919,0.0386,0.9836,-1.8463,-1.75,1.575,1000.8921,left_turn,480.78,38,5.46
4132,486842,0.0981,0.0065,1.0319,-0.945,-1.7763,1.1463,1000.8845,left_turn,480.84,38,5.52
4133,486902,0.0668,0.0137,1.077,0.2013,-0.84,0.6388,1000.8972,left_turn,480.9,38,5.58
