3013,smooth_accel_decel5
687722,0.0470,0.0298,1.0112,-0.7175,-0.0088,-1.1725,1001.3142,smooth_accel_decel5
687782,0.0324,0.0203,0.9745,-0.19251 0.0613,0.087,0.3237,001.3572,smooth_accel_decel5
696902,-0.0373,0.0119,0.9985,0.3587,-0.0700,0.3325,1001.3508,smooth_accel_decel5
696962,-0.0381,0.0198,0.9906,0.3150,-0.0175,0.2188,1001.3528,smooth_accel_decel5
697022,-0.0321,0.0259,1.0002,0.7875,-0.1050,0.1138,1001.3516,smooth_accel_decel5
697082,-0.0351,0.0432,1.0042,0.3850,-0.2013,0.1225,1001.3467,smooth_accel_decel5
697142,-0.0198,0.0220,0.9928,0.0350,-0.4462,0.2450,1001.3450,smooth_accel_decel5
697202,-0.0332,0.0267,0.9974,-0.0875,-0.3762,0.2450,1001.3521,smooth_accel_decel5
697262,-0.0260,0.0249,0.9948,-0.2362,-0.3938,0.0437,1001.3433,smooth_accel_decel5
697322,-0.0138,0.0145,0.9955,0.2625,0.0262,0.0262,1001.3438,smooth_accel_decel5
697382,-0.0298,0.0151,0.9784,0.2188,-0.0525,0.0175,1001.3462,smooth_accel_decel5
697442,-0.0119,0.0232,0.9933,0.0437,-0.0350,0.3237,1001.3503,smooth_accel_decel5
697502,-0.0174,0.0402,1.0055,0.6300,0.1400,0.1663,1001.3481,smooth_accel_decel5
697562,-0.0122,0.0263,0.9980,0.3063,0.0525,0.0875,1001.3496,smooth_accel_decel5
697622,-0.0151,0.0418,1.0065,0.6037,0.2537,0.0875,1001.3464,smooth_accel_decel5
697682,-0.0199,0.0510,0.9880,-0.1225,0.0175,0.2362,1001.3457,smooth_accel_decel5
697742,-0.0149,0.0351,1.0079,-0.2713,0.1575,0.3413,1001.3491,smooth_accel_decel5
697802,-0.0156,0.0346,1.0004,-0.4638,-0.1400,0.1050,1001.3450,smooth_accel_decel5
697862,-0.0095,0.0207,1.0026,-0.3325,0.0000,0.0175,1001.3459,smooth_accel_decel5
697922,-0.0297,0.0317,0.9859,0.4288,-0.3938,-0.0350,1001.3423,smooth_accel_decel5
697982,-0.0020,0.0247,1.0053,-0.0350,-0.4988,0.1925,1001.3398,smooth_accel_decel5
698042,-0.0045,0.0448,1.0128,-0.8138,-0.1925,0.4375,1001.3396,smooth_accel_decel5
698102,-0.0075,0.0221,0.9922,-0.2450,0.0525,0.1750,1001.3401,smooth_accel_decel5
698162,0.0049,0.0418,0.9972,-0.5688,-0.0787,0.0875,1001.3428,smooth_accel_decel5
698222,-0.0062,0.0379,1.0023,-0.6737,-0.0262,0.1138,1001.3408,smooth_accel_decel5
698282,-0.0307,0.0368,0.9836,-0.4638,0.6037,0.0962,1001.3423,smooth_accel_decel5
698342,-0.0237,0.0068,0.9947,-0.0700,0.3675,0.0088,1001.3457,smooth_accel_decel5
698402,-0.0314,0.0303,0.9890,-0.1225,0.0613,0.3237,1001.3406,smooth_accel_decel5
698462,-0.0368,0.0161,1.0077,-0.5775,0.4200,0.3063,1001.3386,smooth_accel_decel5
698522,-0.0632,0.0151,0.9890,0.0700,0.2362,0.3938,1001.3450,smooth_accel_decel5
698582,-0.0727,0.0265,1.0119,-0.1488,0.2537,0.0437,1001.3450,smooth_accel_decel5
698642,-0.0880,0.0188,0.9824,0.2537,0.6037,-0.1400,1001.3408,smooth_accel_decel5
698702,-0.0829,0.0246,0.9867,0.4375,0.6825,-0.1312,1001.3452,smooth_accel_decel5
698762,-0.0981,0.0095,1.0042,0.0437,0.7350,-0.0262,1001.3374,smooth_accel_decel5
698822,-0.1271,-0.0085,0.9928,0.2887,0.5425,-0.2975,1001.3479,smooth_accel_decel5
698882,-0.1171,0.0224,1.0128,0.7700,0.8662,-0.2800,1001.3477,smooth_accel_decel5
698942,-0.1322,0.0195,0.9823,0.5163,0.4812,-0.1225,1001.3467,smooth_accel_decel5
699002,-0.1379,0.0483,0.9965,0.2275,0.7262,-0.2713,1001.3357,smooth_accel_decel5
699062,-0.1347,0.0044,0.9897,0.4725,0.1750,-0.1575,1001.3447,smooth_accel_decel5
699122,-0.1747,0.0056,0.9648,-0.4200,0.2800,-0.1400,1001.3330,smooth_accel_decel5
699182,-0.1504,-0.0059,0.9823,-0.4288,0.0350,-0.1575,1001.3330,smooth_accel_decel5
699242,-0.1229,0.0470,1.0307,-0.0262,0.4288,0.1312,1001.3423,smooth_accel_decel5
699302,-0.1405,0.0153,1.0324,-0.4462,-0.2188,0.0088,1001.3345,smooth_accel_decel5
699362,-0.1263,0.0297,0.9582,0.8487,0.6300,-0.4550,1001.3313,smooth_accel_decel5
699422,-0.1249,0.0290,1.0304,-0.1750,-0.1575,-0.2362,1001.3289,smooth_accel_decel5
699482,-0.1449,0.0556,0.9828,0.1050,0.4638,-0.4462,1001.3240,smooth_accel_decel5
699542,-0.1279,0.0532,1.0153,1.0237,0.9362,-0.4812,1001.3230,smooth_accel_decel5
699602,-0.0861,0.0160,1.0329,-0.4462,0.3413,-0.3762,1001.3240,smooth_accel_decel5
699662,-0.1259,0.0081,1.0431,-0.2362,0.4375,-0.1838,1001.3301,smooth_accel_decel5
699722,-0.1495,0.0378,0.9831,0.0175,-0.8838,-0.1225,1001.3149,smooth_accel_decel5
699782,-0.1487,-0.0081,1.0165,-1.2075,0.5950,-0.1838,1001.3157,smooth_accel_decel5
699842,-0.1474,0.0009,0.9967,-0.4725,0.5425,-0.1663,1001.3228,smooth_accel_decel5
699902,-0.1354,-0.0260,1.0258,-0.3675,0.4375,-0.4025,1001.3152,smooth_accel_decel5
699962,-0.1552,0.0002,0.9953,0.1750,-0.2887,-0.0787,1001.3093,smooth_accel_decel5
700022,-0.1688,-0.0193,0.9706,-0.0962,-0.1225,-0.1575,1001.3064,smooth_accel_decel5
700082,-0.1549,0.0044,0.9648,0.3762,-0.5337,-0.3063,1001.3125,smooth_accel_decel5
700142,-0.1069,0.0127,1.0145,-0.0700,0.5075,-0.3587,1001.3062,smooth_accel_decel5
700202,-0.1034,0.0161,1.0160,-0.1225,-0.0175,-0.1050,1001.3088,smooth_accel_decel5
700262,-0.1333,-0.0134,0.9899,0.4900,-0.3413,-0.1050,1001.3071,smooth_accel_decel5
700322,-0.1471,0.0036,0.9684,1.0500,-1.3475,-0.4725,1001.2856,smooth_accel_decel5
700382,-0.1011,0.0176,1.0211,0.6300,-3.0013,-0.4725,1001.3000,smooth_accel_decel5
700442,-0.1197,0.0047,0.9552,0.2362,0.5600,-0.4900,1001.2874,smooth_accel_decel5
700502,-0.1471,-0.0037,1.0407,-0.5250,-1.5225,-0.2100,1001.2983,smooth_accel_decel5
700562,-0.1276,0.0084,1.0386,1.1900,0.7437,0.1138,1001.2966,smooth_accel_decel5
700622,-0.1203,0.0748,1.0011,-0.0525,-0.7262,-0.5425,1001.2913,smooth_accel_decel5
700682,-0.1574,0.0511,0.9685,0.6212,0.1225,0.1663,1001.2925,smooth_accel_decel5
700742,-0.1855,0.0352,0.9494,0.4900,-1.2775,-0.3237,1001.2815,smooth_accel_decel5
700802,-0.1236,-0.0391,0.9872,0.5600,1.0325,-0.8225,1001.2922,smooth_accel_decel5
700862,-0.1624,0.0083,0.9379,-0.1050,-0.3413,-0.5600,1001.2856,smooth_accel_decel5
700922,-0.1463,-0.0625,1.0180,0.5512,0.4812,-0.2100,1001.2805,smooth_accel_decel5
700982,-0.1573,-0.0551,0.9507,-0.5688,0.0437,-0.4988,1001.2822,smooth_accel_decel5
701042,-0.1710,-0.0176,0.9606,-0.1138,-0.5163,-0.2800,1001.2832,smooth_accel_decel5
701102,-0.1753,0.0082,1.0291,1.1463,1.1812,-0.7788,1001.2800,smooth_accel_decel5
701162,-0.2148,-0.0342,0.8893,0.4550,-0.0262,-1.0762,1001.2690,smooth_accel_decel5
701222,-0.2394,0.0061,0.9198,0.0700,1.5575,-1.2075,1001.2798,smooth_accel_decel5
701282,-0.2725,-0.0703,0.8937,0.4200,1.2162,-0.9538,1001.2703,smooth_accel_decel5
701342,-0.2070,-0.0808,0.9475,0.1400,-1.1725,-0.8575,1001.2717,smooth_accel_decel5
701402,-0.1135,0.0065,0.9802,-0.0700,-1.3563,-0.3762,1001.2693,smooth_accel_decel5
701462,-0.0683,0.1193,1.1029,-1.6975,0.8838,-0.1925,1001.2683,smooth_accel_decel5
701522,-0.1898,-0.0105,0.9326,-1.5137,0.4462,-0.2275,1001.2603,smooth_accel_decel5
701582,-0.1395,-0.0165,1.0194,-0.3500,-0.6650,-0.6212,1001.2583,smooth_accel_decel5
701642,-0.2418,0.0078,0.8073,-0.4988,-2.6425,-0.8662,1001.2566,smooth_accel_decel5
701702,-0.0691,-0.0239,1.0587,0.8662,1.3125,-1.0325,1001.2537,smooth_accel_decel5
701762,-0.0730,0.0537,1.0289,0.8925,-0.7088,0.4200,1001.2478,smooth_accel_decel5
701822,-0.1801,0.0598,0.9687,0.1488,0.9625,-0.3850,1001.2549,smooth_accel_decel5
701882,-0.2276,-0.0735,0.8476,0.9538,-0.0700,-1.0675,1001.2412,smooth_accel_decel5
701942,-0.2054,-0.0397,0.9551,-0.1488,-0.4638,-0.4550,1001.2417,smooth_accel_decel5
702002,-0.0600,0.0625,0.9938,0.1050,-0.6825,-0.0787,1001.2307,smooth_accel_decel5
702062,-0.1035,0.0354,1.1025,0.9712,-0.2450,0.3850,1001.2131,smooth_accel_decel5
702122,-0.1810,-0.0662,0.9160,-0.0262,-0.0175,-0.9800,1001.2183,smooth_accel_decel5
702182,-0.1301,-0.0284,0.8577,0.4988,-1.7763,0.0787,1001.2136,smooth_accel_decel5
702242,-0.1510,-0.0126,1.0177,0.6650,0.8225,-0.3587,1001.2104,smooth_accel_decel5
702302,-0.2069,-0.0038,0.9823,0.4288,1.4000,-1.0325,1001.2139,smooth_accel_decel5
702362,-0.0790,-0.0491,1.0199,-1.0762,-2.5988,-0.4025,1001.2085,smooth_accel_decel5
702422,-0.2494,-0.0344,0.8762,1.9075,-1.2862,-0.4288,1001.2041,smooth_accel_decel5
702482,-0.1589,0.0046,1.0492,0.2537,1.6363,-0.4288,1001.2185,smooth_accel_decel5
702542,-0.0988,0.0314,1.0361,1.6800,0.0262,0.0262,1001.2043,smooth_accel_decel5
702602,-0.0916,0.1466,1.0282,1.7150,2.5287,0.0437,1001.2014,smooth_accel_decel5
702662,-0.1483,-0.0215,0.8618,-1.2425,-0.0962,0.0525,1001.1865,smooth_accel_decel5
702722,-0.2169,-0.0175,0.8373,2.0125,-1.9425,0.1138,1001.1909,smooth_accel_decel5
702782,-0.0813,-0.0002,0.9521,-1.6537,-0.2975,0.2100,1001.1846,smooth_accel_decel5
702842,-0.0384,0.0544,1.0377,-1.1900,1.5312,0.2013,1001.1873,smooth_accel_decel5
702902,-0.2274,0.0650,0.9432,1.9950,-1.5838,0.4025,1001.1792,smooth_accel_decel5
702962,-0.2259,-0.0322,0.9546,1.5137,4.0425,-0.4200,1001.1892,smooth_accel_decel5
703022,-0.1818,-0.0730,0.9931,-0.9450,-1.2862,-0.1138,1001.1655,smooth_accel_decel5
703082,-0.1130,-0.0322,1.0128,0.5163,0.1050,0.5075,1001.1619,smooth_accel_decel5
703142,-0.1459,-0.0450,0.9955,1.4000,-0.7613,-0.2013,1001.1650,smooth_accel_decel5
703202,-0.0867,0.0815,1.0453,-0.3150,2.0912,0.1750,1001.1401,smooth_accel_decel5
703262,-0.0425,0.0806,1.0321,2.9662,-0.7788,0.3325,1001.1533,smooth_accel_decel5
703322,-0.0673,0.1769,1.0018,1.3650,0.0000,0.1750,1001.1265,smooth_accel_decel5
703382,-0.0464,0.0476,1.0943,-1.2775,-1.7850,0.3150,1001.1206,smooth_accel_decel5
703442,-0.0669,0.0918,1.2033,2.5900,-1.0237,0.7437,1001.1235,smooth_accel_decel5
703502,-0.0757,0.0248,1.0207,0.6825,-3.0625,0.0175,1001.1187,smooth_accel_decel5
703562,-0.1049,0.0453,0.9897,1.2513,-0.9800,-0.2362,1001.1226,smooth_accel_decel5
703622,-0.1125,0.1097,1.0219,-0.1050,1.8637,0.0000,1001.1199,smooth_accel_decel5
703682,-0.1790,-0.1100,0.8098,-1.5750,1.6712,-0.3413,1001.1216,smooth_accel_decel5
703742,-0.1730,0.0925,0.9007,1.1025,1.9512,0.0262,1001.1121,smooth_accel_decel5
703802,-0.1735,0.0659,0.9592,1.7587,2.1000,-0.2713,1001.1086,smooth_accel_decel5
703862,0.0163,-0.1423,1.0512,-6.0550,-5.7400,-0.5425,1001.1155,smooth_accel_decel5
703922,-0.0713,0.2264,1.0302,1.8375,-1.6450,-0.0700,1001.1067,smooth_accel_decel5
703982,-0.1911,0.0120,0.9118,0.7962,-0.0088,-0.6125,1001.0916,smooth_accel_decel5
704042,-0.1178,0.0251,1.0287,-0.7262,-3.0013,0.2975,1001.0828,smooth_accel_decel5
704102,-0.1628,-0.1972,0.8447,3.3863,-6.7725,-0.3237,1001.0879,smooth_accel_decel5
704162,-0.1581,0.0529,1.1356,4.8825,1.7413,-0.6212,1001.0862,smooth_accel_decel5
704222,-0.1342,-0.0447,1.0716,2.5113,-0.8925,0.4725,1001.0828,smooth_accel_decel5
704282,-0.1853,0.0481,0.7525,0.1838,-5.5475,0.7700,1001.0859,smooth_accel_decel5
704342,-0.0737,0.0768,0.9529,0.0613,-1.6712,0.0525,1001.0615,smooth_accel_decel5
704402,-0.1290,0.0695,0.8931,-2.8263,2.5200,0.4988,1001.0740,smooth_accel_decel5
704462,-0.1976,-0.0129,0.8789,-5.4862,6.7463,-0.7700,1001.0581,smooth_accel_decel5
704522,-0.1118,0.0385,0.9462,-3.0712,0.4550,0.0350,1001.0662,smooth_accel_decel5
704582,-0.1652,0.0456,0.9784,3.0887,3.3338,-0.3413,1001.0452,smooth_accel_decel5
704642,-0.0746,-0.1907,0.9774,7.4812,2.4325,0.0700,1001.0789,smooth_accel_decel5
704702,-0.1078,-0.0124,1.1256,5.9850,6.2213,-0.2362,1001.0754,smooth_accel_decel5
704762,-0.1449,0.1276,1.1775,1.9688,-1.3388,1.1900,1001.0632,smooth_accel_decel5
704822,-0.1454,0.1016,1.1865,-5.8362,-2.6425,1.8375,1001.0718,smooth_accel_decel5
704882,-0.0840,-0.0147,1.0336,-6.0025,0.6388,0.4812,1001.0559,smooth_accel_decel5
704942,-0.1273,0.0365,0.9942,-0.9712,2.3800,-0.0175,1001.1067,smooth_accel_decel5
705002,-0.1698,0.0708,0.8874,5.1625,-1.0500,-1.3737,1001.0691,smooth_accel_decel5
705062,-0.1203,-0.0165,0.9874,-0.1575,-1.3563,-1.4088,1001.0647,smooth_accel_decel5
705122,-0.1715,-0.0080,0.8749,-1.7850,-1.3650,0.2537,1001.0571,smooth_accel_decel5
705182,-0.2418,-0.1064,0.7481,-4.2962,0.3675,-0.2188,1001.0105,smooth_accel_decel5
705242,-0.1383,0.0224,0.9606,-3.8937,-0.4112,0.3325,1001.0442,smooth_accel_decel5
705302,-0.0669,-0.0893,1.0912,-2.4850,-4.3837,0.4900,1001.0125,smooth_accel_decel5
705362,-0.1361,0.0095,0.9010,-1.0938,-1.8725,-0.2450,1001.0208,smooth_accel_decel5
705422,-0.0486,0.0039,1.0273,0.8050,-3.0275,0.1663,1001.0127,smooth_accel_decel5
705482,-0.1482,0.0081,0.8648,-1.8900,-0.9450,0.0962,1000.9968,smooth_accel_decel5
705542,0.0149,-0.0320,1.0665,-1.4612,-0.1225,0.6388,1000.9688,smooth_accel_decel5
705602,-0.0892,0.0869,1.1588,3.5175,1.5050,0.6388,1000.9875,smooth_accel_decel5
705662,-0.1252,0.0412,0.9919,-0.2975,5.1887,0.0175,1000.9929,smooth_accel_decel5
705722,-0.1501,0.0200,0.9681,-1.9075,0.7262,0.9800,1000.9788,smooth_accel_decel5
705782,-0.2010,-0.0120,0.6801,-1.5312,0.2537,0.4025,1000.9749,smooth_accel_decel5
705842,0.0020,-0.0176,1.1182,1.1638,-2.9662,0.0613,1000.9788,smooth_accel_decel5
705902,-0.0247,0.0027,0.9325,0.8838,2.7562,-0.0437,1000.9812,smooth_accel_decel5
705962,-0.0927,0.0485,1.0838,1.9338,2.4850,-0.2800,1000.9766,smooth_accel_decel5
706022,-0.0894,-0.0032,0.8796,0.3150,-0.6037,0.0175,1000.9817,smooth_accel_decel5
706082,-0.0903,-0.0329,0.8403,-0.6562,-0.5950,0.3325,1000.9604,smooth_accel_decel5
706142,-0.0056,0.0165,0.9621,1.1900,3.2812,0.0000,1000.9563,smooth_accel_decel5
706202,-0.0012,0.0710,1.1066,1.0938,0.8575,0.1925,1000.9509,smooth_accel_decel5
706262,-0.0173,0.1240,1.1148,0.0350,0.4550,0.5863,1000.9526,smooth_accel_decel5
706322,-0.0457,0.0694,0.9823,1.6363,-0.4988,-0.0787,1000.9717,smooth_accel_decel5
706382,0.0376,0.0646,1.1861,1.4525,-3.2638,0.2450,1000.9670,smooth_accel_decel5
706442,-0.0446,0.0066,0.9495,0.7000,-0.6037,0.2275,1000.9644,smooth_accel_decel5
706502,-0.0971,-0.1889,0.8957,-2.8525,-1.4088,0.9100,1000.9622,smooth_accel_decel5
706562,-0.0221,0.0681,0.9826,1.1725,-1.7850,0.0088,1000.9651,smooth_accel_decel5
706622,-0.0584,0.0464,1.0092,-0.2975,1.2862,0.3938,1000.9592,smooth_accel_decel5
706682,-0.0401,-0.0236,0.8952,2.6337,0.3675,0.3237,1000.9578,smooth_accel_decel5
706742,0.0491,0.1568,1.1429,-0.0350,0.6300,1.1025,1000.9688,smooth_accel_decel5
706802,0.0157,0.0830,1.0477,2.0650,-0.5163,-0.0437,1000.9507,smooth_accel_decel5
706862,-0.0178,0.0478,1.0729,2.5725,0.7613,0.1138,1000.9526,smooth_accel_decel5
706922,-0.0656,-0.0036,0.7961,2.3012,-1.2687,0.1488,1000.9761,smooth_accel_decel5
706982,-0.0927,0.1057,0.8743,2.0300,-3.4213,0.7000,1000.9709,smooth_accel_decel5
707042,0.0017,0.0676,1.1112,2.4762,1.1375,-0.6037,1000.9495,smooth_accel_decel5
707102,0.0481,0.0881,1.1136,-3.0800,0.4025,0.0613,1000.9978,smooth_accel_decel5
707162,-0.0523,0.0675,1.0304,1.7938,0.4288,0.4638,1000.9189,smooth_accel_decel5
707222,-0.0827,-0.0485,1.0004,2.0912,-1.1988,0.1663,1000.9172,smooth_accel_decel5
707282,-0.0293,0.0835,1.0319,0.5425,-2.7213,0.0700,1000.9368,smooth_accel_decel5
707342,0.0275,0.0507,1.0695,1.8725,1.2337,0.1838,1000.9292,smooth_accel_decel5
707402,-0.0712,-0.0364,0.8140,-2.1000,-3.6837,0.3938,1000.9556,smooth_accel_decel5
707462,-0.0710,-0.0664,0.8231,2.2487,0.3675,-0.1750,1000.9561,smooth_accel_decel5
707522,0.0583,-0.0317,1.1048,1.0938,1.4525,0.3063,1000.9724,smooth_accel_decel5
707582,-0.0866,0.0229,0.8352,-0.1488,1.2513,0.4900,1000.9377,smooth_accel_decel5
707642,-0.0381,0.0325,0.8342,-2.6425,0.1663,0.7613,1000.9622,smooth_accel_decel5
707702,-0.0366,-0.0712,0.9734,0.9187,2.1350,0.0962,1000.9714,smooth_accel_decel5
707762,0.0120,0.0737,0.9024,-1.8900,2.1875,0.0262,1000.9653,smooth_accel_decel5
707822,-0.0602,0.0666,1.0128,0.1750,0.7700,0.7088,1000.9177,smooth_accel_decel5
707882,0.0063,0.0141,1.0563,0.0088,0.2275,0.1838,1000.9229,smooth_accel_decel5
707942,0.0710,0.1364,1.1386,1.4175,-1.4787,0.9712,1000.9365,smooth_accel_decel5
708002,0.0536,0.0569,1.0738,-0.8487,0.6650,0.4988,1000.9377,smooth_accel_decel5
708062,0.0035,0.1081,1.0678,1.4612,-0.4200,0.4288,1000.9456,smooth_accel_decel5
708122,-0.0493,0.0536,0.8391,-0.9800,0.2887,0.7437,1000.9111,smooth_accel_decel5
708182,0.0224,0.0120,1.1021,0.9538,3.1063,-0.2625,1000.9424,smooth_accel_decel5
708242,-0.0323,0.0619,0.9195,-0.5863,-0.9625,-0.1312,1000.9426,smooth_accel_decel5
708302,0.0793,0.0779,1.1149,-0.2713,0.0700,0.0088,1000.9214,smooth_accel_decel5
708362,-0.0303,0.0382,0.9678,-0.2362,0.2362,0.0875,1000.9282,smooth_accel_decel5
708422,0.0417,-0.0620,1.0516,2.7125,0.2887,0.3063,1000.9397,smooth_accel_decel5
708482,-0.0209,0.0485,0.9776,0.1488,0.4112,0.1312,1000.9211,smooth_accel_decel5
708542,0.0688,0.0929,1.1315,0.2188,0.2537,0.8138,1000.8992,smooth_accel_decel5
708602,-0.0476,0.0403,0.9769,2.8438,1.2600,0.0262,1000.8801,smooth_accel_decel5
708662,0.0479,0.0894,1.0665,0.6125,-0.1225,0.2800,1000.9214,smooth_accel_decel5
708722,-0.0447,-0.0303,0.9410,-0.2450,1.7413,0.0088,1000.9043,smooth_accel_decel5
708782,0.0429,0.0536,1.0508,-2.0738,2.2838,0.4900,1000.9138,smooth_accel_decel5
708842,-0.0045,0.0443,0.9618,-0.5337,0.7700,0.0175,1000.8909,smooth_accel_decel5
708902,-0.0084,-0.0058,0.8240,0.4725,-2.0125,0.0875,1000.8848,smooth_accel_decel5
708962,0.0849,0.1247,1.1673,-1.3913,2.6600,-0.0700,1000.9165,smooth_accel_decel5
709022,0.0339,0.0030,1.0699,0.0000,0.8225,0.2450,1000.9055,smooth_accel_decel5
709082,0.0498,0.0215,1.0441,1.7413,-1.4963,0.2887,1000.9053,smooth_accel_decel5
709142,0.0695,0.0046,0.9770,1.4612,-1.4175,-0.1050,1000.9011,smooth_accel_decel5
709202,0.0398,-0.0039,0.9065,1.4000,-2.3800,0.1138,1000.9292,smooth_accel_decel5
709262,0.1196,0.0991,1.0379,1.6537,-2.2575,-0.0700,1000.9041,smooth_accel_decel5
709322,0.0810,0.0198,0.9972,1.0938,-0.7000,0.1225,1000.9219,smooth_accel_decel5
709382,0.0146,0.0481,1.0180,2.6250,0.0875,-0.5250,1000.9333,smooth_accel_decel5
709442,0.0595,-0.0032,0.9628,1.3038,0.9712,0.1488,1000.9131,smooth_accel_decel5
709502,0.0496,0.0403,0.9592,-1.0938,3.7975,0.2013,1000.9417,smooth_accel_decel5
709562,-0.0037,-0.0020,0.8489,-1.1463,1.1900,0.1312,1000.9229,smooth_accel_decel5
709622,-0.0231,0.0622,1.0597,-0.3063,-0.6562,0.1050,1000.9561,smooth_accel_decel5
709682,0.0225,-0.0018,0.8508,0.9275,-1.3300,0.2100,1000.9231,smooth_accel_decel5
709742,0.0298,0.1091,0.9237,0.9887,-0.5163,0.3063,1000.9263,smooth_accel_decel5
709802,0.0486,-0.0081,1.0731,-2.1700,-3.0975,0.4375,1000.9268,smooth_accel_decel5
709862,0.0163,0.0666,0.9375,1.3038,0.2975,-0.4112,1000.9436,smooth_accel_decel5
709922,0.0545,0.0041,0.9514,-0.1225,1.0762,-0.5425,1000.9375,smooth_accel_decel5
709982,0.0698,0.0939,1.0526,0.7875,0.1925,-0.0613,1000.9607,smooth_accel_decel5
710042,0.0942,0.0226,1.2025,1.2950,0.7088,-0.9800,1000.9368,smooth_accel_decel5
710102,0.0209,0.1071,1.1294,-0.3500,-1.7150,1.5575,1000.9194,smooth_accel_decel5
710162,0.0647,-0.0595,0.9375,-0.5075,-1.0325,-0.1050,1000.9460,smooth_accel_decel5
710222,0.0085,-0.0908,0.8211,1.2250,-0.7262,0.4288,1000.9209,smooth_accel_decel5
710282,-0.0112,0.0852,0.9340,-0.3762,3.0013,0.2188,1000.9316,smooth_accel_decel5
710342,0.1820,0.0625,1.1170,1.3125,-1.8112,-0.5600,1000.9333,smooth_accel_decel5
710402,0.0434,-0.0161,0.9101,0.2537,5.0400,-0.4812,1000.9233,smooth_accel_decel5
710462,-0.0134,0.1076,1.0224,-1.7675,2.5025,-0.2537,1000.9431,smooth_accel_decel5
710522,-0.0928,-0.1408,0.7844,0.8138,2.7037,-0.5075,1000.9192,smooth_accel_decel5
710582,0.0756,-0.1689,0.7312,-5.9850,-3.9375,0.5950,1000.9417,smooth_accel_decel5
710642,0.1213,0.0430,1.0781,-1.7150,-4.1475,0.7788,1000.9551,smooth_accel_decel5
710702,-0.0342,0.1190,0.9132,1.8463,-0.8313,0.0088,1000.9414,smooth_accel_decel5
710762,0.0652,-0.0633,0.9801,0.1312,-0.2800,-0.1138,1000.9692,smooth_accel_decel5
710822,-0.0254,0.0339,1.1100,-1.1812,-4.4363,0.8313,1000.9702,smooth_accel_decel5
710882,-0.0894,-0.0467,0.8462,-1.1025,-4.4275,0.4550,1000.9448,smooth_accel_decel5
710942,-0.0057,-0.0724,0.9658,-1.1287,-0.6037,-0.2188,1000.9939,smooth_accel_decel5
711002,0.0300,0.0256,0.8643,0.4988,0.5250,0.0787,1000.9707,smooth_accel_decel5
711062,0.0739,0.0335,0.9562,-0.9275,0.9975,-0.0262,1000.9485,smooth_accel_decel5
711122,0.1071,0.0830,1.1097,0.8925,-0.3325,0.5337,1000.9729,smooth_accel_decel5
711182,0.0186,0.0795,1.0748,-1.0762,3.3338,-0.0613,1000.9587,smooth_accel_decel5
711242,0.1667,0.0454,1.1492,1.6537,4.4187,-0.2975,1000.9666,smooth_accel_decel5
711302,0.0290,0.0811,1.0790,-0.0088,2.7387,-0.1925,1000.9910,smooth_accel_decel5
711362,0.0392,0.0876,0.9575,-2.3800,1.4525,0.0175,1000.9758,smooth_accel_decel5
711422,0.0920,-0.1071,1.0840,-0.3850,0.2450,0.0787,1000.9995,smooth_accel_decel5
711482,0.1252,0.0534,0.9270,-0.7700,-0.1750,0.2275,1000.9797,smooth_accel_decel5
711542,0.0509,0.0281,1.0124,0.1488,0.9450,-0.1575,1000.9922,smooth_accel_decel5
711602,0.0062,-0.0971,0.7939,1.5662,-0.4200,0.2188,1001.0142,smooth_accel_decel5
711662,0.0568,-0.0415,0.9350,1.2862,-0.1312,0.8925,1000.9729,smooth_accel_decel5
711722,0.0315,0.0241,0.9864,-1.8550,-2.0650,0.6037,1001.0176,smooth_accel_decel5
711782,0.0895,-0.0023,1.0965,0.0350,-2.8438,0.3063,1000.9856,smooth_accel_decel5
711842,0.0175,0.0956,1.0121,1.1287,-0.8487,-0.2188,1000.9861,smooth_accel_decel5
711902,-0.0754,0.2027,1.0085,-1.8112,6.9125,-0.3500,1001.0017,smooth_accel_decel5
711962,0.0390,-0.0109,1.0609,-1.6625,2.7387,-0.1400,1001.0093,smooth_accel_decel5
712022,0.0361,0.0210,1.0404,1.3913,-2.0825,0.0613,1001.0320,smooth_accel_decel5
712082,0.0896,0.0808,1.0026,-0.3063,0.0350,0.3150,1001.0107,smooth_accel_decel5
712142,0.0731,-0.0849,0.9799,0.2100,-0.7613,0.0875,1001.0127,smooth_accel_decel5
712202,0.1069,0.1380,1.0571,2.1700,0.1312,0.0787,1001.0249,smooth_accel_decel5
712262,-0.0297,0.0207,0.8567,0.7962,-0.2013,-0.1400,1001.0046,smooth_accel_decel5
712322,0.0544,-0.0944,0.8762,-0.7262,-1.8463,0.3587,1001.0146,smooth_accel_decel5
712382,0.0410,0.0686,0.9406,0.7788,-2.5113,0.0700,1001.0142,smooth_accel_decel5
712442,0.0207,0.0633,1.0028,1.4350,-0.0262,0.1312,1001.0166,smooth_accel_decel5
712502,0.0576,0.0199,1.0311,-0.6037,-0.7000,0.1575,1001.0071,smooth_accel_decel5
712562,0.0467,0.0859,1.1265,2.4850,1.1638,0.3413,1000.9956,smooth_accel_decel5
712622,-0.0140,-0.0076,0.7900,1.8900,0.1225,0.5950,1001.0015,smooth_accel_decel5
712682,0.0978,0.0381,1.0380,-1.1550,-0.9362,0.2100,1001.0171,smooth_accel_decel5
712742,0.0532,0.0168,1.0348,-1.0063,0.5600,0.7350,1001.0366,smooth_accel_decel5
712802,-0.0649,-0.0803,0.8430,-1.0500,-0.8138,0.9625,1001.0242,smooth_accel_decel5
712862,-0.0224,-0.0039,0.8990,-1.0938,-4.1737,0.4200,1001.0364,smooth_accel_decel5
712922,0.0844,0.0556,0.9330,-2.0300,-2.1088,0.7525,1001.0220,smooth_accel_decel5
712982,0.1205,0.0125,1.1170,0.7262,-2.9925,0.6300,1001.0193,smooth_accel_decel5
713042,0.0892,0.1577,1.0124,1.8375,-0.9362,0.2100,1001.0217,smooth_accel_decel5
713102,0.1051,-0.0040,1.0958,2.5025,0.2188,0.4638,1001.0164,smooth_accel_decel5
713162,0.0398,-0.0375,0.9784,0.2800,0.2013,0.7175,1001.0024,smooth_accel_decel5
713222,0.0451,0.0723,0.8501,0.4725,-0.9712,1.0500,1001.0171,smooth_accel_decel5
713282,0.1482,-0.0137,1.1900,1.5925,0.1925,0.9712,1001.0254,smooth_accel_decel5
713342,0.0080,0.0220,0.9690,1.5488,2.2050,-0.0875,1001.0432,smooth_accel_decel5
713402,-0.1327,0.0080,0.8422,0.8400,0.2013,1.0938,1001.0457,smooth_accel_decel5
713462,0.0313,0.1430,0.9476,-3.1063,-3.2287,0.9712,1001.0483,smooth_accel_decel5
713522,0.0756,-0.0918,1.0424,-2.5638,0.0175,0.4638,1001.0571,smooth_accel_decel5
713582,0.0551,-0.0335,1.1430,-0.1488,-1.7237,0.3675,1001.0493,smooth_accel_decel5
713642,0.0854,0.1457,1.1075,0.5600,-0.3150,0.4462,1001.0483,smooth_accel_decel5
713702,0.0937,-0.0323,0.9353,0.1400,-2.3712,0.0613,1001.0620,smooth_accel_decel5
713762,0.0676,-0.0332,0.8789,1.1025,1.1200,1.0588,1001.0535,smooth_accel_decel5
713822,0.0288,-0.0090,0.9585,1.2162,3.6312,-0.4725,1001.0596,smooth_accel_decel5
713882,-0.0044,0.0149,0.9097,-0.6475,0.9887,0.0525,1001.0603,smooth_accel_decel5
713942,0.0217,0.0827,0.9037,-0.0875,-2.1788,0.3325,1001.0479,smooth_accel_decel5
714002,0.0513,0.0506,0.9599,1.9688,0.3938,0.1488,1001.0642,smooth_accel_decel5
714062,0.0127,0.0683,0.9867,-0.2188,2.3712,0.2100,1001.0681,smooth_accel_decel5
714122,0.1185,-0.0285,0.9951,-0.7088,-4.4187,0.5688,1001.0559,smooth_accel_decel5
714182,0.1679,0.0883,1.0284,1.2425,0.4288,0.3413,1001.0591,smooth_accel_decel5
714242,0.1296,0.2023,1.0748,-0.4375,-1.9775,0.4462,1001.0955,smooth_accel_decel5
714302,0.0769,0.1382,0.9311,-0.9800,-1.4700,0.3938,1001.0928,smooth_accel_decel5
714362,0.0481,0.0659,0.8457,0.4812,-4.8212,0.9625,1001.1248,smooth_accel_decel5
714422,0.0539,-0.0623,0.9050,-0.6825,1.7850,0.2537,1001.1091,smooth_accel_decel5
714482,0.1137,0.0624,1.0504,-0.4462,1.2250,0.6913,1001.0896,smooth_accel_decel5
714542,0.0520,0.0182,1.0475,-0.3150,1.1463,0.7875,1001.0752,smooth_accel_decel5
714602,0.1000,0.1320,1.0056,1.2862,-3.6400,0.5337,1001.1057,smooth_accel_decel5
714662,0.1125,0.0517,0.9589,0.4725,-0.3587,0.5775,1001.1333,smooth_accel_decel5
714722,-0.0126,0.0303,0.8496,1.7850,2.5988,0.0962,1001.0913,smooth_accel_decel5
714782,0.1074,0.1171,1.0016,0.2975,-0.1663,0.0350,1001.0764,smooth_accel_decel5
714842,0.0529,-0.0376,0.8588,1.4787,-0.2887,0.4725,1001.0854,smooth_accel_decel5
714902,0.0480,0.0082,0.9055,1.7237,-0.8750,0.4200,1001.0916,smooth_accel_decel5
714962,0.0583,0.0156,0.8823,-1.2687,-1.3563,0.6388,1001.0898,smooth_accel_decel5
715022,0.0938,0.1230,1.1602,0.2800,2.5638,0.1312,1001.0806,smooth_accel_decel5
715082,0.0639,0.1978,1.0272,1.2862,1.6537,-0.3325,1001.0791,smooth_accel_decel5
715142,0.0432,0.1236,0.9123,1.4175,-0.5600,-0.4725,1001.0952,smooth_accel_decel5
715202,0.0159,-0.0561,0.8891,3.8675,-0.3150,-0.0613,1001.0737,smooth_accel_decel5
715262,0.0508,0.0056,0.8430,1.4875,-1.1550,-0.0962,1001.0742,smooth_accel_decel5
715322,0.0366,0.1344,1.0171,-1.5750,0.3413,-0.4200,1001.0930,smooth_accel_decel5
715382,0.0627,0.0365,1.0053,-1.8025,-0.3850,0.0787,1001.0901,smooth_accel_decel5
715442,-0.0010,0.0891,0.9675,0.9712,1.5050,-0.5337,1001.0796,smooth_accel_decel5
715502,-0.0122,0.0346,0.8011,0.2713,-3.0800,-0.4025,1001.0811,smooth_accel_decel5
715562,0.0637,-0.0719,1.0580,-0.6737,2.6950,-0.3850,1001.0706,smooth_accel_decel5
715622,0.0588,0.0569,1.0385,3.6575,0.6125,-0.5512,1001.0886,smooth_accel_decel5
715682,0.1091,0.0705,1.0670,-1.1550,-0.2713,0.5425,1001.0884,smooth_accel_decel5
715742,0.1232,0.1415,1.1190,0.8838,1.9512,0.7262,1001.1318,smooth_accel_decel5
715802,-0.0146,0.0410,0.8189,-1.4175,0.6650,-0.0437,1001.1167,smooth_accel_decel5
715862,0.0112,-0.0493,0.9040,-0.1312,3.9462,0.0962,1001.0896,smooth_accel_decel5
715922,0.1203,0.1652,1.0512,-1.2250,1.3388,0.8138,1001.0952,smooth_accel_decel5
715982,0.0483,0.0569,1.1424,2.0038,-0.1925,0.3500,1001.1360,smooth_accel_decel5
716042,0.1058,0.0565,1.0182,0.2713,-0.8138,-0.3587,1001.1047,smooth_accel_decel5
716102,0.0988,0.0753,1.1055,-2.0387,-0.0962,0.6300,1001.1089,smooth_accel_decel5
716162,0.0895,0.1618,1.0221,-1.1988,-2.6250,0.2450,1001.1216,smooth_accel_decel5
716222,0.0625,0.0356,0.8581,-0.3413,-2.5988,-0.2975,1001.1233,smooth_accel_decel5
716282,0.0600,0.1787,0.8913,-0.5863,0.8575,-0.4462,1001.1204,smooth_accel_decel5
716342,0.0759,0.0030,0.8501,-1.3125,-0.2188,-0.2450,1001.1326,smooth_accel_decel5
716402,0.0847,0.0220,1.0214,-1.3825,0.3150,0.1312,1001.1311,smooth_accel_decel5
716462,-0.0266,0.0695,0.9787,-1.9425,-0.3587,0.2800,1001.1228,smooth_accel_decel5
716522,0.0739,0.0210,1.0939,-2.6512,-3.8500,0.2625,1001.1189,smooth_accel_decel5
716582,0.0517,-0.0868,0.9867,2.4588,-0.8400,-0.0787,1001.1162,smooth_accel_decel5
716642,-0.0554,0.0300,0.7212,2.5287,-0.9887,-0.4112,1001.1416,smooth_accel_decel5
716702,-0.0215,0.2942,1.0084,-0.0437,1.6888,0.4638,1001.1460,smooth_accel_decel5
716762,0.0662,0.0117,0.9145,-0.7700,-1.0588,-0.0962,1001.1472,smooth_accel_decel5
716822,0.1175,0.0334,1.1332,-0.4900,-2.2313,0.0000,1001.1655,smooth_accel_decel5
716882,0.0825,0.1008,1.0072,1.8025,-1.0237,0.0875,1001.1362,smooth_accel_decel5
716942,0.0390,0.0344,0.9777,-1.4875,1.1900,0.2013,1001.1318,smooth_accel_decel5
717002,0.1495,0.0437,1.0368,1.5225,3.2900,-0.2713,1001.1228,smooth_accel_decel5
717062,0.1921,0.0293,0.8882,3.5000,6.8513,-0.6475,1001.1318,smooth_accel_decel5
717122,0.1298,0.1749,1.0041,-2.5812,-1.2075,0.8050,1001.1250,smooth_accel_decel5
717182,0.0881,0.0649,1.0063,-0.5163,0.3762,0.4988,1001.1096,smooth_accel_decel5
717242,0.0095,0.0637,0.8499,-0.1575,1.3737,-0.2275,1001.1213,smooth_accel_decel5
717302,0.0095,0.0334,1.0584,1.4963,0.7700,0.2275,1001.1211,smooth_accel_decel5
717362,-0.0273,0.0229,0.9194,1.3388,-2.1263,0.2975,1001.1409,smooth_accel_decel5
717422,-0.0606,0.1054,0.8350,-0.2887,0.7525,0.1400,1001.1621,smooth_accel_decel5
717482,-0.0175,-0.1632,0.8494,0.0525,4.6287,-0.3325,1001.1323,smooth_accel_decel5
717542,-0.0086,0.0178,0.9228,-0.5163,1.1900,-0.1575,1001.1680,smooth_accel_decel5
717602,0.0863,0.0203,1.0853,0.1838,2.4413,0.7437,1001.1621,smooth_accel_decel5
717662,-0.0472,-0.0251,0.9001,1.7237,1.5137,0.0350,1001.1006,smooth_accel_decel5
717722,0.2088,0.0178,1.1678,-2.5287,-0.7175,0.2100,1001.1611,smooth_accel_decel5
717782,-0.0254,-0.0569,1.1195,1.7675,3.0013,0.5863,1001.1331,smooth_accel_decel5
717842,0.0746,0.1540,1.0497,0.6562,-0.5688,0.1050,1001.1550,smooth_accel_decel5
717902,0.1667,0.0159,1.0820,-2.1175,0.6125,0.3063,1001.1362,smooth_accel_decel5
717962,0.0195,0.0872,0.8352,-1.7237,1.1812,0.1925,1001.1453,smooth_accel_decel5
718022,0.1081,0.0612,1.1517,-2.1088,3.0887,-0.1838,1001.1494,smooth_accel_decel5
718082,0.3182,0.1086,1.3986,0.4112,0.6300,0.1138,1001.1431,smooth_accel_decel5
718142,0.0478,-0.0459,0.8103,1.7938,-4.3400,0.4462,1001.1616,smooth_accel_decel5
718202,0.0293,0.0129,0.8225,-0.3063,-3.3250,0.2887,1001.1782,smooth_accel_decel5
718262,0.1054,0.1770,0.9471,-1.0762,-6.3263,0.8313,1001.1843,smooth_accel_decel5
718322,0.1507,0.1000,1.1217,-2.1962,-1.2337,0.5163,1001.1694,smooth_accel_decel5
718382,0.0675,0.1343,0.9267,-1.0675,-2.1000,1.3300,1001.1577,smooth_accel_decel5
718442,0.0586,0.0144,1.0480,0.0088,0.6562,0.0175,1001.1589,smooth_accel_decel5
718502,0.1440,-0.0110,1.1502,-0.6212,2.0213,-0.0525,1001.1733,smooth_accel_decel5
718562,0.1061,0.0473,0.9984,0.0613,1.1550,-0.2275,1001.1785,smooth_accel_decel5
718622,-0.0884,-0.0542,0.8647,3.7538,0.6737,-0.1400,1001.2141,smooth_accel_decel5
718682,-0.0007,0.0346,0.9005,-0.5950,0.4200,-0.1138,1001.2087,smooth_accel_decel5
718742,0.0610,-0.1244,1.0882,0.2275,-0.6825,0.0700,1001.1519,smooth_accel_decel5
718802,0.0468,0.1428,1.0668,2.4150,-0.9187,-0.4812,1001.1777,smooth_accel_decel5
718862,0.1546,0.1289,1.3072,-0.3325,-1.4787,0.1225,1001.1936,smooth_accel_decel5
718922,0.0564,0.0717,0.8830,-0.5863,-2.8700,-0.1400,1001.2029,smooth_accel_decel5
718982,0.0761,0.0635,0.9662,0.8750,-0.1225,-0.0875,1001.1831,smooth_accel_decel5
719042,-0.0031,0.0325,0.8497,-0.0350,-0.2887,0.1138,1001.1926,smooth_accel_decel5
719102,0.0085,-0.0606,0.9404,0.5425,0.9712,0.2450,1001.2175,smooth_accel_decel5
719162,0.0710,0.0832,1.0901,1.3650,3.5350,-0.3587,1001.2114,smooth_accel_decel5
719222,-0.0256,0.0810,0.9684,0.0350,3.2812,-0.0962,1001.2173,smooth_accel_decel5
719282,-0.0058,-0.0852,0.8029,-0.9187,-4.3750,-0.4112,1001.1924,smooth_accel_decel5
719342,0.1407,0.0368,1.2180,0.2450,-1.6450,0.2713,1001.2222,smooth_accel_decel5
719402,0.0183,0.0502,0.9008,-0.8050,0.3237,0.1225,1001.2034,smooth_accel_decel5
719462,0.0381,0.0149,0.9880,-0.7613,-0.5775,-0.3237,1001.2163,smooth_accel_decel5
719522,0.0908,0.0866,1.0307,0.6388,2.3975,0.0700,1001.2126,smooth_accel_decel5
719582,0.0772,0.0742,1.0607,-2.0650,0.4900,0.7437,1001.1943,smooth_accel_decel5
719642,0.0595,0.0234,1.0114,-1.8813,-0.1400,0.1575,1001.1860,smooth_accel_decel5
719702,0.0317,0.0719,1.0189,-0.6913,0.6562,0.3587,1001.2170,smooth_accel_decel5
719762,0.1003,0.0060,0.9564,-0.2362,0.4812,0.0787,1001.1987,smooth_accel_decel5
719822,0.1166,0.1318,1.0103,-1.1900,0.0525,0.1925,1001.2046,smooth_accel_decel5
719882,0.1425,0.0228,1.1124,-0.4812,0.6562,0.1925,1001.2034,smooth_accel_decel5
719942,0.0417,0.1164,0.9585,0.4200,-0.0088,0.2013,1001.2124,smooth_accel_decel5
720002,0.0517,0.0772,0.9723,0.1050,0.7088,0.3413,1001.1919,smooth_accel_decel5
720062,0.0954,0.1304,1.1277,1.2950,0.4900,-0.3587,1001.2080,smooth_accel_decel5
720122,0.0869,0.0492,1.0512,-0.0962,-0.2362,0.1312,1001.2056,smooth_accel_decel5
720182,0.0815,0.0670,1.0926,0.8838,-1.8987,0.3850,1001.2107,smooth_accel_decel5
720242,0.0410,0.0386,0.9292,-0.7613,-1.5225,0.2537,1001.2173,smooth_accel_decel5
720302,0.0368,-0.0554,0.9784,0.9887,0.4462,0.2188,1001.2068,smooth_accel_decel5
720362,0.0991,0.0422,0.9477,-1.3212,-1.5225,-0.0088,1001.2219,smooth_accel_decel5
720422,0.0542,0.0239,0.9755,0.4812,0.8138,0.1925,1001.2288,smooth_accel_decel5
720482,0.0478,0.0807,0.9384,0.8313,2.8175,-0.1663,1001.2271,smooth_accel_decel5
720542,0.0298,-0.0056,0.8569,1.8550,-2.2225,0.4288,1001.2214,smooth_accel_decel5
720602,0.0381,0.0520,0.9707,1.6537,0.4462,-0.2275,1001.2114,smooth_accel_decel5
720662,0.1590,0.0915,1.0692,2.4588,2.5463,0.2013,1001.2263,smooth_accel_decel5
720722,0.1169,0.0942,1.0714,0.6475,-2.0213,0.3413,1001.2310,smooth_accel_decel5
720782,0.0694,0.0215,0.9332,0.2362,-2.4237,0.2625,1001.2317,smooth_accel_decel5
720842,0.1133,0.0247,0.9911,-0.5950,-2.1437,0.8838,1001.2256,smooth_accel_decel5
720902,0.0539,-0.0202,0.9382,-1.9425,-0.9187,0.5950,1001.2314,smooth_accel_decel5
720962,0.0613,0.0420,0.9384,1.5838,0.8313,-0.3325,1001.2307,smooth_accel_decel5
721022,0.0947,0.0633,1.1128,0.1575,-0.5337,-0.1400,1001.2273,smooth_accel_decel5
721082,0.1068,-0.0863,1.0346,-1.1200,0.5600,0.3063,1001.2407,smooth_accel_decel5
721142,0.0900,0.0015,1.0350,1.3125,0.6388,0.5600,1001.2605,smooth_accel_decel5
721202,0.0470,0.0866,0.9245,-1.1375,0.1050,0.6475,1001.2200,smooth_accel_decel5
721262,0.0471,0.0837,0.9423,-0.9362,-1.6013,1.0237,1001.2483,smooth_accel_decel5
721322,0.0601,0.0017,0.9811,-1.4525,-0.9275,0.7613,1001.2498,smooth_accel_decel5
721382,0.0583,0.0181,0.9044,-1.1638,-0.4375,0.4988,1001.2434,smooth_accel_decel5
721442,0.1303,0.0108,1.0291,0.0962,-1.3125,0.3850,1001.2571,smooth_accel_decel5
721502,0.1359,0.0454,1.1007,0.8575,0.0875,0.1925,1001.2571,smooth_accel_decel5
721562,0.1091,0.0520,1.0790,0.5337,1.8288,0.3325,1001.2468,smooth_accel_decel5
721622,0.1371,0.0734,1.1488,0.8575,0.9800,0.2100,1001.2434,smooth_accel_decel5
721682,0.0956,0.0085,0.9909,0.8575,1.5225,0.7088,1001.2632,smooth_accel_decel5
721742,0.0639,0.0598,0.9389,-0.2275,-0.7262,0.4638,1001.2646,smooth_accel_decel5
721802,0.1416,0.0281,1.0400,0.0613,0.4462,0.2975,1001.2603,smooth_accel_decel5
721862,0.1224,0.0690,1.0087,-0.0787,-0.0962,0.0350,1001.2668,smooth_accel_decel5
721922,0.0528,0.0239,0.9797,-0.3237,2.1525,0.4112,1001.2688,smooth_accel_decel5
721982,0.1081,0.0271,0.9567,-0.4550,-0.8138,0.1838,1001.2712,smooth_accel_decel5
722042,0.1278,0.1076,1.0750,0.9187,1.8550,0.3587,1001.2551,smooth_accel_decel5
722102,0.0268,0.0430,0.8843,-0.8925,0.3938,0.4462,1001.2717,smooth_accel_decel5
722162,0.0708,-0.0288,0.9050,0.1575,2.1350,0.2713,1001.2808,smooth_accel_decel5
722222,0.1111,0.0484,1.0189,-1.1725,0.1663,0.9013,1001.2905,smooth_accel_decel5
722282,0.1449,0.0027,1.0751,-0.6037,0.5075,0.5250,1001.2742,smooth_accel_decel5
722342,0.1030,0.0776,0.9822,-0.4200,-1.0412,0.6300,1001.2766,smooth_accel_decel5
722402,0.1084,0.0406,1.0066,-0.3500,-1.2425,0.4288,1001.2747,smooth_accel_decel5
722462,0.1116,-0.0217,0.9138,0.7437,-0.6388,0.3063,1001.2725,smooth_accel_decel5
722522,0.1607,0.0680,0.9288,-0.7000,-2.6950,0.5863,1001.2808,smooth_accel_decel5
722582,0.0348,0.0788,0.8359,-0.7350,0.6388,0.6037,1001.2637,smooth_accel_decel5
722642,0.1173,0.0159,1.0263,1.5750,3.0013,0.0787,1001.2832,smooth_accel_decel5
722702,0.0828,0.0554,1.0458,-0.0787,-0.3063,0.2625,1001.2766,smooth_accel_decel5
722762,0.1405,0.0412,1.1053,0.1838,0.7525,0.4725,1001.2832,smooth_accel_decel5
722822,0.1393,0.0234,0.9931,-1.5312,0.4025,0.6212,1001.2795,smooth_accel_decel5
722882,0.1393,0.0046,1.0191,-1.4175,0.3063,0.4812,1001.2764,smooth_accel_decel5
722942,0.0622,0.0517,0.9748,-1.6537,0.4112,0.2713,1001.2793,smooth_accel_decel5
723002,0.1638,0.0227,1.0719,-0.6562,0.0700,0.3500,1001.2891,smooth_accel_decel5
723062,0.1357,0.1335,1.0196,-0.4025,0.6737,0.1925,1001.2839,smooth_accel_decel5
723122,0.0263,-0.0664,0.9923,2.8087,-0.6737,-0.2362,1001.2979,smooth_accel_decel5
723182,0.0807,-0.0293,0.9738,1.0938,0.7000,-0.4288,1001.2852,smooth_accel_decel5
723242,0.0925,-0.0129,1.0136,-0.9538,0.6562,0.2450,1001.2996,smooth_accel_decel5
723302,0.2030,0.1008,1.0804,-0.1575,-0.3675,0.4812,1001.2815,smooth_accel_decel5
723362,0.0697,0.0307,1.0011,0.6300,-0.9275,0.4988,1001.3037,smooth_accel_decel5
723422,0.0368,0.0929,0.9338,0.0525,-0.5075,0.4988,1001.2898,smooth_accel_decel5
723482,0.0938,0.0935,0.9711,1.7850,1.7938,0.1925,1001.2976,smooth_accel_decel5
723542,0.1166,0.0226,1.0737,0.3500,-0.5337,0.6125,1001.2981,smooth_accel_decel5
723602,0.0530,0.0331,0.9587,0.4988,-0.4900,0.4462,1001.2959,smooth_accel_decel5
723662,0.0932,-0.0296,1.0192,2.1000,-0.3150,-0.0787,1001.2925,smooth_accel_decel5
723722,0.0763,-0.0364,0.9328,-0.5512,0.4988,0.0175,1001.3022,smooth_accel_decel5
723782,0.1429,0.0617,1.0738,2.0650,-0.6125,0.3325,1001.3015,smooth_accel_decel5
723842,0.1060,0.0474,1.0275,0.5688,1.0938,0.1225,1001.3115,smooth_accel_decel5
723902,0.0687,0.0468,0.9611,0.1488,-1.7850,0.9013,1001.2971,smooth_accel_decel5
723962,0.0434,0.0040,0.8444,-1.2250,-2.2750,0.3938,1001.3118,smooth_accel_decel5
724022,0.1038,-0.0465,0.9631,0.5163,1.0500,-0.1838,1001.3069,smooth_accel_decel5
724082,0.0961,0.0156,1.0289,1.4875,0.6825,0.3850,1001.3164,smooth_accel_decel5
724142,0.1111,0.0334,1.0060,1.2162,0.1225,0.6475,1001.3213,smooth_accel_decel5
724202,0.0817,-0.0371,0.9316,1.8813,0.2013,0.0962,1001.3018,smooth_accel_decel5
724262,0.0891,0.0266,0.9326,0.8838,-0.9187,0.3150,1001.3159,smooth_accel_decel5
724322,0.1086,0.0429,0.9721,1.6537,-0.8575,0.5163,1001.3142,smooth_accel_decel5
724382,0.1030,0.0389,0.9719,2.2487,-0.7000,-0.1488,1001.3186,smooth_accel_decel5
724442,0.0825,0.0617,0.9624,0.2713,-0.0525,-0.0350,1001.3169,smooth_accel_decel5
724502,0.1149,0.0290,1.0078,-0.9450,0.3850,0.1750,1001.3176,smooth_accel_decel5
724562,0.1144,0.0052,1.0775,0.4375,0.8050,0.4900,1001.3215,smooth_accel_decel5
724622,0.1016,0.0873,1.0191,0.2013,-0.8750,0.2975,1001.3135,smooth_accel_decel5
724682,0.0752,0.0705,1.0025,0.6913,-0.3587,0.1663,1001.3193,smooth_accel_decel5
724742,0.0796,0.0681,1.0028,0.1663,0.1225,0.5425,1001.3232,smooth_accel_decel5
724802,0.0955,0.0466,0.9508,-0.2362,0.2887,0.3587,1001.3323,smooth_accel_decel5
724862,0.0722,-0.0156,0.9421,-0.1225,1.0325,0.5688,1001.3350,smooth_accel_decel5
724922,0.0367,0.0049,0.9378,-0.4025,1.4175,0.4462,1001.3254,smooth_accel_decel5
724982,0.1345,0.0260,1.0429,0.0350,1.1638,0.2100,1001.3245,smooth_accel_decel5
725042,0.1024,0.0125,1.0207,-0.4988,0.4200,0.1575,1001.3311,smooth_accel_decel5
725102,0.0244,0.0703,0.9643,0.0437,0.0262,0.1663,1001.3286,smooth_accel_decel5
725162,0.0239,0.0007,0.9921,1.0762,1.0762,0.2450,1001.3296,smooth_accel_decel5
725222,0.0159,-0.0085,0.9075,0.2188,0.1750,0.3237,1001.3262,smooth_accel_decel5
725282,0.0403,0.0444,0.9694,0.6737,0.2100,0.3237,1001.3359,smooth_accel_decel5
725342,0.0437,0.0376,0.9980,-0.6212,-0.0875,0.1575,1001.3303,smooth_accel_decel5
725402,0.0470,0.0423,1.0455,-0.9187,0.6212,0.3675,1001.3323,smooth_accel_decel5
725462,0.0512,0.0734,1.0194,0.0088,0.9275,0.2800,1001.3311,smooth_accel_decel5
725522,0.0427,-0.0027,0.9743,-1.0588,-0.0175,0.6125,1001.3364,smooth_accel_decel5
725582,0.0190,0.0222,0.9963,0.4025,0.7350,0.3325,1001.3284,smooth_accel_decel5
725642,0.0171,-0.0041,0.9331,-0.2887,1.7413,0.1750,1001.3357,smooth_accel_decel5
725702,-0.0030,-0.0353,0.9533,-0.0700,-0.0175,0.4550,1001.3372,smooth_accel_decel5
725762,0.0176,0.0124,1.0085,-0.5425,-0.6913,0.3325,1001.3398,smooth_accel_decel5
725822,0.0322,0.0383,0.9857,-1.3388,-0.6388,0.3762,1001.3403,smooth_accel_decel5
725882,0.0511,0.0171,0.9986,-0.9538,-0.4375,0.4638,1001.3477,smooth_accel_decel5
725942,0.0659,0.0710,1.0321,-0.5512,-0.9800,0.7350,1001.3413,smooth_accel_decel5
726002,0.0442,-0.0249,0.9709,0.3413,-0.0088,0.3413,1001.3394,smooth_accel_decel5
726062,0.0542,0.0587,0.9432,-0.4900,1.3563,0.1312,1001.3379,smooth_accel_decel5
726122,0.0203,0.0475,0.9698,-0.4375,0.1488,0.2713,1001.3330,smooth_accel_decel5
726182,0.0503,0.0561,1.0371,-0.1575,-0.1925,0.2450,1001.3386,smooth_accel_decel5
726242,0.0283,0.0229,1.0233,-0.7000,0.5250,0.3850,1001.3369,smooth_accel_decel5
726302,0.0327,0.0425,1.0599,-0.0700,0.5250,0.4375,1001.3428,smooth_accel_decel5
726362,0.0598,0.0444,1.0465,-0.1575,1.7675,0.1138,1001.3411,smooth_accel_decel5
726422,0.0434,0.0034,1.0027,0.0088,1.4350,-0.1400,1001.3499,smooth_accel_decel5
726482,0.0441,0.0337,0.9867,-0.5863,-0.4375,0.2975,1001.3386,smooth_accel_decel5
726542,0.0293,-0.0018,1.0119,-0.6212,0.1925,0.4900,1001.3391,smooth_accel_decel5
726602,0.0683,-0.0027,0.9963,0.4725,-0.3850,0.3675,1001.3464,smooth_accel_decel5
726662,0.0049,0.0095,0.9906,-0.0437,-0.2100,0.4375,1001.3425,smooth_accel_decel5
726722,0.0092,0.0562,1.0333,-0.4375,0.6562,0.2713,1001.3450,smooth_accel_decel5
726782,0.0010,0.0386,1.0085,-1.7675,0.4375,0.1750,1001.3484,smooth_accel_decel5
726842,0.0042,0.0108,0.9811,-1.0412,0.5863,0.5250,1001.3474,smooth_accel_decel5
726902,-0.0364,0.0005,0.9723,-0.7875,0.8225,0.3675,1001.3472,smooth_accel_decel5
726962,-0.0647,-0.0065,1.0164,-1.3737,-0.7700,0.1925,1001.3452,smooth_accel_decel5
727022,-0.0634,0.0012,0.9931,-0.0350,0.3413,0.0088,1001.3401,smooth_accel_decel5
727082,-0.0727,0.0271,0.9858,0.8225,-0.0175,0.2537,1001.3372,smooth_accel_decel5
727142,-0.0747,0.0390,1.0009,-0.2188,0.6825,0.4900,1001.3342,smooth_accel_decel5
727202,-0.0742,0.0300,1.0247,1.3388,0.3938,0.2013,1001.3354,smooth_accel_decel5
727262,-0.1197,0.0351,0.9912,-0.4812,0.0875,0.4900,1001.3428,smooth_accel_decel5
727322,-0.0820,0.0388,1.0299,-1.1900,-0.5337,0.5425,1001.3425,smooth_accel_decel5
727382,-0.1012,0.0320,1.0246,0.0962,1.1550,0.1575,1001.3406,smooth_accel_decel5
727442,-0.1230,0.0249,1.0211,-0.4288,0.9100,0.0000,1001.3440,smooth_accel_decel5
727502,-0.1609,0.0458,1.0067,-1.0150,1.9425,0.1225,1001.3403,smooth_accel_decel5
727562,-0.1540,-0.0154,0.9330,-1.3475,0.9362,-0.0088,1001.3293,smooth_accel_decel5
727622,-0.1413,-0.0123,0.9916,1.1375,1.2950,-0.1838,1001.3289,smooth_accel_decel5
727682,-0.1448,-0.0379,0.9963,-1.0237,0.2188,0.1400,1001.3284,smooth_accel_decel5
727742,-0.1474,0.0170,0.9963,-0.3587,0.0787,0.1312,1001.3286,smooth_accel_decel5
727802,-0.1286,-0.0157,1.0295,0.1838,0.5337,0.4112,1001.3296,smooth_accel_decel5
727862,-0.1206,-0.0202,0.9856,-0.6913,-0.6300,0.1575,1001.3264,smooth_accel_decel5
727922,-0.1350,-0.0898,1.0033,1.1725,0.2537,0.0613,1001.3242,smooth_accel_decel5
727982,-0.1744,0.0190,0.9552,0.6300,-0.7088,0.5337,1001.3186,smooth_accel_decel5
728042,-0.1208,-0.0130,1.0446,1.4175,-1.7062,0.3938,1001.3159,smooth_accel_decel5
728102,-0.1078,0.0058,1.0148,1.5750,-0.1838,0.2713,1001.3140,smooth_accel_decel5
728162,-0.1750,0.0228,0.9870,2.7125,-0.0525,-0.1225,1001.3103,smooth_accel_decel5
728222,-0.1077,-0.0141,1.0268,0.8575,-0.3675,-0.2450,1001.3147,smooth_accel_decel5
728282,-0.1058,0.0239,0.9697,-0.5863,-1.0675,0.3850,1001.3064,smooth_accel_decel5
728342,-0.0878,0.0595,1.0550,0.5775,-1.2075,0.7000,1001.3003,smooth_accel_decel5
728402,-0.1351,-0.0129,1.0180,-1.2862,1.5137,0.0700,1001.2991,smooth_accel_decel5
728462,-0.1147,0.0656,0.9894,0.3237,1.3300,-0.2887,1001.2966,smooth_accel_decel5
728522,-0.0888,-0.0354,1.0305,0.5688,-0.8313,0.4025,1001.3003,smooth_accel_decel5
728582,-0.1403,0.0005,1.0480,-1.4438,2.6862,0.5950,1001.2908,smooth_accel_decel5
728642,-0.1358,0.0112,0.9628,0.7350,-0.6650,0.1488,1001.2991,smooth_accel_decel5
728702,-0.1174,0.0626,1.0484,1.1025,-0.8662,0.1138,1001.2896,smooth_accel_decel5
728762,-0.0933,0.0224,1.0341,0.8750,-0.2537,0.1663,1001.2849,smooth_accel_decel5
728822,-0.1559,0.0030,0.9321,1.9425,1.0762,-0.4288,1001.2815,smooth_accel_decel5
728882,-0.0070,0.0968,1.1576,0.9100,-1.6888,0.4288,1001.2808,smooth_accel_decel5
728942,-0.0898,0.0620,1.0544,-1.0412,1.2513,0.5512,1001.2727,smooth_accel_decel5
729002,-0.1410,0.0892,0.9155,-0.3325,-2.7650,0.2975,1001.2639,smooth_accel_decel5
729062,-0.1022,0.0084,1.0410,0.8138,-0.1400,0.7088,1001.2666,smooth_accel_decel5
729122,-0.2298,0.0486,0.8862,-1.1550,-0.2100,-0.0350,1001.2583,smooth_accel_decel5
729182,-0.1574,-0.1120,1.0002,-0.6562,0.5863,0.3675,1001.2466,smooth_accel_decel5
729242,-0.1240,0.0417,1.0005,1.8112,-0.0875,0.4112,1001.2522,smooth_accel_decel5
729302,-0.0938,0.0115,0.9913,0.4550,-1.1725,0.4375,1001.2529,smooth_accel_decel5
729362,-0.2071,-0.0163,0.9658,0.0787,-0.3237,0.2537,1001.2390,smooth_accel_decel5
729422,-0.0844,0.0761,1.0773,2.7213,-0.3675,0.4112,1001.2515,smooth_accel_decel5
729482,-0.1449,0.0544,0.9908,0.5512,0.7175,0.3500,1001.2429,smooth_accel_decel5
729542,-0.1828,-0.0650,0.9123,0.8400,0.6825,0.7175,1001.2441,smooth_accel_decel5
729602,-0.1742,-0.0300,1.0496,-1.4525,0.0787,0.5425,1001.2285,smooth_accel_decel5
729662,-0.1013,0.0390,1.1773,-1.1200,1.5312,0.3150,1001.2227,smooth_accel_decel5
729722,0.0071,0.0066,1.1919,-3.0712,0.2713,0.5250,1001.2354,smooth_accel_decel5
729782,-0.1911,0.0866,1.1212,0.4288,6.9212,1.1812,1001.2241,smooth_accel_decel5
729842,-0.1157,-0.0359,1.0648,0.4200,-0.9538,-0.1312,1001.2266,smooth_accel_decel5
729902,-0.1925,-0.0097,0.9196,1.1725,1.0412,0.0350,1001.2153,smooth_accel_decel5
729962,-0.1115,0.0607,1.1078,1.6013,0.2450,-0.0962,1001.2266,smooth_accel_decel5
730022,-0.1060,-0.0119,0.7889,0.2013,1.2250,0.3850,1001.1941,smooth_accel_decel5
730082,-0.1376,-0.0146,0.9171,1.8725,1.2600,0.5337,1001.2026,smooth_accel_decel5
730142,-0.1064,-0.0767,0.8723,1.4088,1.7850,0.0962,1001.1890,smooth_accel_decel5
730202,0.0090,-0.0786,1.0191,-0.3237,-0.4812,-0.2450,1001.2095,smooth_accel_decel5
730262,-0.0778,-0.0127,1.0441,1.1812,-1.5225,0.5250,1001.1914,smooth_accel_decel5
730322,-0.1920,0.0162,0.9081,0.6562,-2.5287,-0.0962,1001.2009,smooth_accel_decel5
730382,-0.1354,0.0519,1.0570,2.4150,1.1463,-0.0088,1001.1914,smooth_accel_decel5
730442,-0.1061,0.0983,1.0899,2.3275,1.8112,0.2713,1001.1926,smooth_accel_decel5
730502,-0.0912,0.0825,0.9530,3.0013,-1.2513,0.1750,1001.1641,smooth_accel_decel5
730562,-0.1240,0.0513,0.8824,-0.4112,-1.0588,0.3850,1001.1667,smooth_accel_decel5
730622,-0.0783,0.0440,0.9614,-1.2775,0.0437,0.6562,1001.1587,smooth_accel_decel5
730682,-0.0949,0.0642,1.1009,0.9975,-0.2188,0.7788,1001.1648,smooth_accel_decel5
730742,-0.1914,0.0137,1.0957,0.9013,0.2013,0.4988,1001.1462,smooth_accel_decel5
730802,-0.2065,-0.0195,0.9448,0.8487,1.4700,0.3325,1001.1458,smooth_accel_decel5
730862,-0.2313,-0.1357,0.7149,2.4500,-2.3363,0.2625,1001.1282,smooth_accel_decel5
730922,-0.2250,0.0009,0.9720,4.5850,0.4812,0.0700,1001.1526,smooth_accel_decel5
730982,-0.1430,0.0546,0.9572,2.3450,-2.5900,0.3325,1001.1499,smooth_accel_decel5
731042,-0.0941,0.0891,1.0975,-1.0588,-0.9013,0.8662,1001.1406,smooth_accel_decel5
731102,-0.0472,0.1135,1.2119,-2.2225,1.2600,0.6212,1001.1345,smooth_accel_decel5
731162,-0.2440,-0.0151,0.7678,-2.7213,-0.4988,0.6300,1001.1279,smooth_accel_decel5
731222,-0.1403,-0.0174,0.8384,-0.4550,1.9512,0.1838,1001.1262,smooth_accel_decel5
731282,-0.1296,0.0956,0.8932,0.9975,2.2838,-0.2800,1001.1182,smooth_accel_decel5
731342,-0.1186,0.0173,1.0575,1.5050,4.2263,-0.3938,1001.1184,smooth_accel_decel5
731402,-0.1466,-0.0309,0.9755,-1.1113,-1.8900,0.5688,1001.1023,smooth_accel_decel5
731462,-0.1037,0.2155,1.0417,0.0437,-1.8288,1.2775,1001.1091,smooth_accel_decel5
731522,-0.0910,0.0041,0.9743,-1.5925,-2.3975,0.2625,1001.1008,smooth_accel_decel5
731582,-0.0063,0.0798,1.1553,-0.3413,-0.2450,0.1400,1001.0862,smooth_accel_decel5
731642,-0.0756,0.0990,1.1117,-0.3237,1.7325,0.4900,1001.1003,smooth_accel_decel5
731702,-0.1200,-0.0147,1.1009,-0.5600,0.5250,0.3938,1001.0813,smooth_accel_decel5
731762,-0.1625,-0.0303,1.0189,1.7150,2.1000,0.1663,1001.0974,smooth_accel_decel5
731822,-0.0929,0.0632,1.0313,0.8050,-2.4762,0.4375,1001.0842,smooth_accel_decel5
731882,-0.1291,-0.0081,1.0091,0.7000,2.5113,0.4375,1001.0789,smooth_accel_decel5
731942,-0.1502,-0.0949,0.8642,3.3250,-0.6037,-0.1312,1001.0698,smooth_accel_decel5
732002,-0.0483,0.1508,1.1132,2.9925,-2.7475,-0.1138,1001.0632,smooth_accel_decel5
732062,-0.1125,0.0847,0.9751,-1.4088,-3.2462,0.5950,1001.0715,smooth_accel_decel5
732122,-0.0529,-0.0217,1.0809,-0.4462,2.2750,-0.3325,1001.0664,smooth_accel_decel5
732182,-0.1915,-0.0179,0.9428,-0.0088,-1.3737,-0.1312,1001.0491,smooth_accel_decel5
732242,-0.1564,-0.0698,0.8709,-0.1575,0.6212,-0.2713,1001.0569,smooth_accel_decel5
732302,-0.0578,0.1540,0.9106,-0.3237,0.3237,-0.6562,1001.0176,smooth_accel_decel5
732362,-0.1213,0.0113,1.0602,-1.7675,1.0500,0.0350,1001.0520,smooth_accel_decel5
732422,-0.1227,0.0503,1.0008,-0.3762,-0.7700,0.3938,1001.0393,smooth_accel_decel5
732482,-0.0206,0.0747,1.1641,0.8400,1.3650,0.2625,1001.0312,smooth_accel_decel5
732542,-0.1411,0.0532,0.9009,1.8725,-2.4237,0.3325,1001.0217,smooth_accel_decel5
732602,-0.1069,-0.0007,0.9902,1.3737,-1.0938,0.5075,1001.0183,smooth_accel_decel5
732662,-0.1777,0.0102,0.8865,1.7413,-0.0262,-0.0262,1001.0007,smooth_accel_decel5
732722,-0.1276,0.0039,0.9623,0.5163,-1.3125,0.2537,1001.0059,smooth_accel_decel5
732782,-0.1884,0.0364,0.8566,-0.7788,1.1812,0.2188,1000.9854,smooth_accel_decel5
732842,-0.1700,-0.0222,0.8375,0.1925,-0.1488,0.0000,1000.9863,smooth_accel_decel5
732902,-0.1042,0.0975,1.1548,0.0088,0.2887,0.4812,1000.9814,smooth_accel_decel5
732962,-0.0802,0.0034,1.0537,1.8025,0.3762,0.9187,1000.9771,smooth_accel_decel5
733022,-0.0537,0.1047,0.9440,-0.6562,-2.2487,0.6037,1000.9668,smooth_accel_decel5
733082,-0.0412,-0.1175,0.9921,-2.6337,1.2250,0.0088,1000.9902,smooth_accel_decel5
733142,0.0447,0.0779,1.2376,1.0938,-0.9887,0.3500,1000.9778,smooth_accel_decel5
733202,-0.0149,0.1152,1.0260,-1.2162,-0.6737,0.3413,1000.9727,smooth_accel_decel5
733262,-0.0498,0.0880,1.0378,0.2625,0.2013,-0.6388,1000.9709,smooth_accel_decel5
733322,-0.1602,-0.0249,0.7138,-2.2662,-1.2075,0.4725,1000.9727,smooth_accel_decel5
733382,-0.1030,-0.0265,0.9724,-0.1312,-0.4812,0.1575,1000.9558,smooth_accel_decel5
733442,-0.0490,0.0817,1.0760,1.2162,1.5225,0.6737,1000.9602,smooth_accel_decel5
733502,-0.1395,0.0283,0.9255,-0.9887,0.9013,0.1925,1000.9597,smooth_accel_decel5
733562,-0.0098,0.0317,1.1685,-0.3938,-1.7675,0.8838,1000.9309,smooth_accel_decel5
733622,-0.0766,-0.0080,1.0139,0.3938,0.9800,0.4288,1000.9307,smooth_accel_decel5
733682,-0.0678,-0.0620,0.8560,1.1725,2.3625,0.1575,1000.9368,smooth_accel_decel5
733742,-0.1650,0.0208,0.8427,-2.3888,-1.4000,0.2188,1000.9434,smooth_accel_decel5
733802,-0.1213,0.0573,1.0512,-1.5838,0.4112,0.2362,1000.9487,smooth_accel_decel5
733862,-0.0332,0.0747,1.0001,0.3850,0.2800,0.1400,1000.9170,smooth_accel_decel5
733922,0.0193,-0.0817,1.1308,0.5512,0.3587,-0.2713,1000.9473,smooth_accel_decel5
733982,0.0227,0.0769,0.9181,-0.6125,0.8050,-0.0350,1000.9409,smooth_accel_decel5
734042,-0.0922,0.0395,0.8835,1.5662,-1.5400,0.6037,1000.9265,smooth_accel_decel5
734102,0.0281,0.1259,1.1163,0.1575,0.7350,0.3587,1000.9453,smooth_accel_decel5
734162,-0.0683,-0.0910,0.9801,-0.9625,2.7825,0.4025,1000.9175,smooth_accel_decel5
734222,-0.1003,-0.0473,0.9123,-2.5550,1.5750,-0.4988,1000.9275,smooth_accel_decel5
734282,-0.1174,-0.0410,0.9215,0.5337,1.2162,0.0437,1000.9121,smooth_accel_decel5
734342,-0.1493,-0.0400,0.7566,-0.9450,2.4850,0.4200,1000.9263,smooth_accel_decel5
734402,-0.1208,0.0090,0.8304,-0.7875,1.6537,0.1925,1000.9097,smooth_accel_decel5
734462,-0.0027,-0.0629,0.9985,-1.1375,-0.3500,-0.0175,1000.8906,smooth_accel_decel5
734522,-0.0198,0.1047,0.8977,-1.4088,4.0775,0.2188,1000.9109,smooth_accel_decel5
734582,-0.0478,0.0474,0.9431,-1.0588,-0.0875,-0.2362,1000.9102,smooth_accel_decel5
734642,-0.0565,-0.0741,0.9072,-1.6625,0.1838,0.6562,1000.9026,smooth_accel_decel5
734702,-0.0260,-0.0343,0.9803,-0.2887,2.3888,0.0350,1000.8916,smooth_accel_decel5
734762,0.0600,-0.0701,1.0460,-1.2250,-0.5163,0.4112,1000.8745,smooth_accel_decel5
734822,-0.0131,-0.0417,0.9953,-2.8963,0.4812,-0.1750,1000.8960,smooth_accel_decel5
734882,0.0429,-0.0548,1.1972,-6.2387,0.0875,-0.1750,1000.8857,smooth_accel_decel5
734942,-0.0966,-0.1691,0.8001,-2.5200,-1.4612,-0.5600,1000.9011,smooth_accel_decel5
735002,0.0707,0.0784,0.9509,-1.0237,0.7700,-0.0350,1000.9197,smooth_accel_decel5
735062,0.0565,0.1271,0.8694,-2.0475,-1.2162,0.0175,1000.9001,smooth_accel_decel5
735122,0.1464,0.1340,1.2346,-1.2250,-1.2950,1.9425,1000.9009,smooth_accel_decel5
735182,0.1296,0.1424,1.0272,1.6450,2.2750,0.0613,1000.8821,smooth_accel_decel5
735242,-0.1023,-0.0692,1.2254,4.7688,12.4338,-0.4025,1000.8892,smooth_accel_decel5
735302,0.0415,0.5347,1.1936,-2.8612,-5.5475,1.4262,1000.9126,smooth_accel_decel5
735362,-0.0830,0.2091,0.6954,-10.0625,-4.6900,0.9275,1000.9067,smooth_accel_decel5
735422,0.1986,-0.1918,0.9276,-6.5275,5.0662,0.2713,1000.8918,smooth_accel_decel5
735482,0.0791,-0.0974,0.9245,2.7300,-0.9013,1.8463,1000.9080,smooth_accel_decel5
735542,-0.2403,0.0725,0.9897,3.3075,-1.5137,0.9450,1000.8787,smooth_accel_decel5
735602,-0.0491,-0.1221,0.6839,-14.2362,-7.6562,0.4550,1000.9043,smooth_accel_decel5
735662,-0.0193,-0.1696,0.9470,-0.2887,-3.4825,0.7525,1000.8721,smooth_accel_decel5
735722,0.0641,0.2186,1.1619,1.8550,-5.3987,1.4000,1000.8821,smooth_accel_decel5
735782,0.0813,0.0525,0.9038,3.3425,6.9738,0.4638,1000.8772,smooth_accel_decel5
735842,-0.0171,-0.0005,0.6056,-8.0938,-5.8975,-1.1725,1000.8831,smooth_accel_decel5
735902,0.1615,0.0600,0.8289,1.1375,-7.4725,0.6125,1000.8562,smooth_accel_decel5
735962,0.1676,0.2721,1.3129,3.4125,-2.5638,-0.0088,1000.8555,smooth_accel_decel5
736022,0.0073,-0.0678,0.7245,-0.5337,-4.0425,0.2887,1000.8650,smooth_accel_decel5
736082,-0.0229,-0.0481,1.0716,0.9800,-3.9987,-0.1400,1000.8794,smooth_accel_decel5
736142,0.0286,-0.1127,0.9228,-1.4262,-2.6337,0.1050,1000.8579,smooth_accel_decel5
736202,0.0423,0.0448,1.0345,1.4787,-1.3650,-0.0088,1000.8918,smooth_accel_decel5
736262,-0.0532,0.0185,1.0640,-1.4700,1.2513,-0.1400,1000.8755,smooth_accel_decel5
736322,-0.0664,-0.0553,0.9554,2.8612,-3.2812,-0.0613,1000.8621,smooth_accel_decel5
736382,0.0020,0.0409,0.8989,0.0525,-1.8463,0.3237,1000.9036,smooth_accel_decel5
736442,-0.0212,0.0939,0.8542,-0.8050,-0.6212,0.3500,1000.8813,smooth_accel_decel5
736502,0.0085,-0.0061,0.9032,-0.8138,-2.3712,0.1488,1000.8950,smooth_accel_decel5
736562,0.0448,-0.1039,0.9547,-1.3038,3.1237,-0.5163,1000.8813,smooth_accel_decel5
736622,-0.0681,-0.0098,0.9438,-1.0850,0.3762,-0.0613,1000.8770,smooth_accel_decel5
736682,0.0015,-0.0302,0.9084,-2.1525,-0.6212,-0.3938,1000.8875,smooth_accel_decel5
736742,0.0810,0.0462,1.1478,1.2687,-0.4638,0.5425,1000.8901,smooth_accel_decel5
736802,-0.0368,-0.0724,0.9235,-1.3475,-1.0850,-0.0350,1000.8904,smooth_accel_decel5
736862,-0.0568,-0.0071,0.9221,1.1200,-1.3125,0.2450,1000.8994,smooth_accel_decel5
736922,-0.0415,-0.1635,0.8921,-0.5600,1.6975,0.6562,1000.8831,smooth_accel_decel5
736982,-0.0064,0.1383,1.0185,-2.7300,0.9538,1.4438,1000.8833,smooth_accel_decel5
737042,-0.0004,-0.1003,1.0164,-0.9538,2.0650,-0.8400,1000.9038,smooth_accel_decel5
737102,0.0286,0.0456,1.0621,0.4200,2.3888,-0.1138,1000.8923,smooth_accel_decel5
737162,-0.0041,-0.0698,0.8110,0.6562,-2.6862,-0.2275,1000.8982,smooth_accel_decel5
737222,0.0256,-0.0561,0.9309,0.7700,-3.5262,-0.1400,1000.9026,smooth_accel_decel5
737282,-0.0443,-0.0219,0.9531,-0.9712,1.8550,0.0350,1000.8950,smooth_accel_decel5
737342,0.0298,0.0303,0.8891,-0.7525,-3.1937,0.3850,1000.8940,smooth_accel_decel5
737402,0.1166,0.0387,1.1999,0.1050,2.0475,0.1488,1000.9016,smooth_accel_decel5
737462,-0.0441,0.0032,0.9299,1.6537,-0.4900,0.4725,1000.8848,smooth_accel_decel5
737522,0.0259,0.0391,1.0557,2.1350,-0.5950,0.9100,1000.8989,smooth_accel_decel5
737582,0.0231,0.0444,1.0745,-0.1838,0.3938,0.8225,1000.8809,smooth_accel_decel5
737642,-0.0018,-0.0035,1.0248,-3.0363,1.0938,0.4988,1000.9045,smooth_accel_decel5
737702,0.1157,-0.0432,1.1040,-3.9200,0.6562,0.8925,1000.8916,smooth_accel_decel5
737762,-0.0342,-0.0365,0.9413,-0.7175,2.2838,0.9450,1000.8767,smooth_accel_decel5
737822,-0.0008,0.0242,0.9919,-5.3637,0.9625,0.1400,1000.8806,smooth_accel_decel5
737882,0.0556,-0.0306,1.0975,-2.0738,0.1750,0.4638,1000.8752,smooth_accel_decel5
737942,-0.0158,-0.1161,0.9079,1.3038,-0.2537,0.5163,1000.8977,smooth_accel_decel5
738002,-0.0464,-0.0551,0.8901,3.6662,2.7213,0.1663,1000.8821,smooth_accel_decel5
738062,0.0981,0.0771,1.1390,0.2887,1.2513,0.4988,1000.8936,smooth_accel_decel5
738122,0.0944,0.0271,1.0638,-2.5463,-2.2225,1.0850,1000.9062,smooth_accel_decel5
738182,0.1086,-0.0243,1.1010,2.1525,0.5950,0.4550,1000.9094,smooth_accel_decel5
738242,0.0554,-0.0733,1.0139,4.3400,-1.3825,0.0875,1000.9141,smooth_accel_decel5
738302,-0.0024,0.0146,0.8745,1.7500,-3.8150,0.1575,1000.8909,smooth_accel_decel5
738362,0.0564,-0.0749,1.0408,1.6363,-2.8875,0.4288,1000.9077,smooth_accel_decel5
738422,0.0461,-0.0388,1.0598,2.0825,-1.5925,0.2713,1000.9106,smooth_accel_decel5
738482,0.0586,0.1462,1.0022,-2.4237,0.6737,0.0787,1000.9060,smooth_accel_decel5
738542,0.2257,-0.0059,1.2273,1.3300,2.8000,-0.2275,1000.9248,smooth_accel_decel5
738602,0.0207,-0.0185,0.9819,1.9425,4.0338,0.1838,1000.9028,smooth_accel_decel5
738662,-0.0395,-0.0052,0.7926,-2.6862,1.5400,-0.0613,1000.8994,smooth_accel_decel5
738722,-0.0322,-0.1374,0.8384,-0.6562,1.0412,0.4638,1000.9260,smooth_accel_decel5
738782,0.0447,-0.1218,0.9218,2.6163,-0.9538,-0.3413,1000.9216,smooth_accel_decel5
738842,0.0742,0.0197,0.8840,0.2450,-1.5662,0.1838,1000.9258,smooth_accel_decel5
738902,0.0815,-0.0483,1.1026,-2.2662,-1.5225,0.0437,1000.9341,smooth_accel_decel5
738962,0.0894,0.0722,1.1307,-2.3100,-0.4812,0.2275,1000.9187,smooth_accel_decel5
739022,0.0703,0.0717,0.9731,-1.1200,1.6187,-0.1312,1000.9539,smooth_accel_decel5
739082,0.0788,-0.1197,1.0119,-0.5512,4.0425,0.0175,1000.9502,smooth_accel_decel5
739142,0.0082,-0.0192,1.0871,1.4262,4.8475,-0.1312,1000.9436,smooth_accel_decel5
739202,-0.0712,0.0087,0.9645,0.6825,-0.7875,-0.0262,1000.9497,smooth_accel_decel5
739262,0.0228,-0.0105,0.9055,-1.6275,-2.1525,-0.2537,1000.9482,smooth_accel_decel5
739322,-0.0143,-0.0576,0.6578,-2.5375,-1.5838,0.3938,1000.9443,smooth_accel_decel5
739382,0.0498,0.0178,1.0012,1.8025,0.8050,-0.1925,1000.9392,smooth_accel_decel5
739442,0.0138,-0.0241,0.8561,0.1312,-1.4525,-0.1225,1000.9473,smooth_accel_decel5
739502,0.1166,-0.0008,1.0465,0.5950,-0.5337,-0.2713,1000.9509,smooth_accel_decel5
739562,0.0603,-0.0345,0.9599,-1.6100,-2.1875,0.8662,1000.9448,smooth_accel_decel5
739622,0.0977,-0.0056,1.0545,2.1788,-2.8000,0.2975,1000.9434,smooth_accel_decel5
739682,0.0903,0.0683,0.9945,1.2075,1.7587,-0.4288,1000.9553,smooth_accel_decel5
739742,0.0234,-0.0878,0.8928,-0.2275,0.7175,-0.1838,1000.9409,smooth_accel_decel5
739802,-0.0003,-0.0315,0.9165,1.3563,-0.1138,-0.4288,1000.9619,smooth_accel_decel5
739862,0.0336,0.0945,1.0126,2.4938,1.8375,0.2800,1000.9421,smooth_accel_decel5
739922,0.1186,0.0330,1.1863,2.4500,1.1638,0.1750,1000.9597,smooth_accel_decel5
739982,-0.0464,-0.0523,0.8671,0.5337,0.9538,-0.0088,1000.9656,smooth_accel_decel5
740042,0.0268,-0.0647,0.9174,0.1312,1.1550,0.1838,1000.9609,smooth_accel_decel5
740102,0.1013,-0.0656,0.9111,0.0175,-2.5025,0.7000,1000.9739,smooth_accel_decel5
740162,0.1049,0.1010,0.9896,0.7088,-1.4000,0.8838,1000.9607,smooth_accel_decel5
740222,0.1508,0.0490,1.1380,2.3363,-1.3475,0.5075,1000.9646,smooth_accel_decel5
740282,0.0747,-0.0878,0.9372,0.3150,1.2075,-0.0962,1000.9683,smooth_accel_decel5
740342,0.1189,0.0652,1.0121,0.3150,-0.0175,0.4375,1000.9524,smooth_accel_decel5
740402,-0.0290,0.0132,0.8211,-0.4725,0.1663,0.1400,1000.9602,smooth_accel_decel5
740462,0.1210,0.0318,1.0968,2.0650,-1.8813,0.3938,1000.9709,smooth_accel_decel5
740522,0.0342,-0.0681,0.9228,-1.8813,-0.1750,0.6300,1000.9460,smooth_accel_decel5
740582,0.0876,0.0734,0.9952,-0.6913,-1.0850,0.7962,1000.9595,smooth_accel_decel5
740642,0.1114,0.0466,1.0904,2.5988,0.1488,0.6562,1000.9785,smooth_accel_decel5
740702,0.0519,0.1021,0.9984,-1.5400,1.0588,0.6212,1000.9629,smooth_accel_decel5
740762,-0.0320,-0.0830,0.7955,-2.3012,1.6363,-0.0088,1000.9683,smooth_accel_decel5
740822,0.0728,0.0398,0.8208,0.0088,0.7000,0.4812,1000.9651,smooth_accel_decel5
740882,0.0942,0.0185,1.1173,2.0912,2.8525,-0.0787,1000.9758,smooth_accel_decel5
740942,0.0646,0.0856,1.0629,0.2362,-1.0938,0.2275,1000.9709,smooth_accel_decel5
741002,0.0936,-0.0181,1.1810,5.5125,0.3762,0.7175,1000.9902,smooth_accel_decel5
741062,0.0700,-0.0231,1.0279,1.3825,1.8637,-0.5425,1000.9966,smooth_accel_decel5
741122,0.0017,-0.0279,0.8097,0.7000,-2.0475,0.9275,1000.9851,smooth_accel_decel5
741182,0.0151,-0.0464,0.8942,-4.9350,0.3413,0.4900,1000.9822,smooth_accel_decel5
741242,0.0112,-0.0612,0.8964,0.5250,3.6137,0.3850,1000.9834,smooth_accel_decel5
741302,-0.0234,-0.1393,0.7762,-1.8112,0.9275,-0.2887,1000.9780,smooth_accel_decel5
741362,0.1518,0.0669,1.1660,0.3850,2.4500,0.4288,1000.9978,smooth_accel_decel5
741422,0.1401,0.0046,1.0447,-2.2225,-0.7875,1.0588,1000.9929,smooth_accel_decel5
741482,0.1269,0.0409,0.9991,3.0187,-1.1463,0.7437,1001.0127,smooth_accel_decel5
741542,0.0590,0.0992,1.0677,1.5575,1.2337,0.0875,1001.0095,smooth_accel_decel5
741602,0.0910,0.0791,1.0070,-1.4525,-1.2775,0.2450,1001.0088,smooth_accel_decel5
741662,0.1424,-0.0619,1.0255,2.3012,-0.5600,-0.1312,1001.0002,smooth_accel_decel5
741722,0.0607,0.0955,1.0453,2.2750,-0.6037,0.0000,1001.0125,smooth_accel_decel5
741782,0.0631,0.0504,0.9051,0.3413,0.7700,-0.1138,1000.9944,smooth_accel_decel5
741842,0.0712,-0.0809,0.9936,0.7875,-0.2975,0.2275,1000.9844,smooth_accel_decel5
741902,0.1281,0.0379,1.1549,1.1812,1.3825,0.1750,1001.0176,smooth_accel_decel5
741962,0.0894,0.0317,0.9923,-1.0588,-1.3650,0.2275,1000.9905,smooth_accel_decel5
742022,0.0717,0.0473,1.1288,0.4200,0.6562,0.2013,1001.0127,smooth_accel_decel5
742082,0.1008,0.0056,1.0780,-0.1663,-0.4375,-0.1575,1001.0054,smooth_accel_decel5
742142,0.0182,-0.0450,0.8853,-0.6475,0.9450,0.4200,1001.0100,smooth_accel_decel5
742202,0.0222,0.0572,1.0616,-0.0175,0.7525,0.1575,1001.0161,smooth_accel_decel5
742262,0.0651,0.0537,0.9507,-0.3938,-0.1488,0.0613,1001.0244,smooth_accel_decel5
742322,0.1074,0.1379,1.0829,0.2188,1.4262,0.2537,1001.0325,smooth_accel_decel5
742382,0.0249,0.0281,0.9579,0.6037,1.8637,0.2537,1001.0432,smooth_accel_decel5
742442,-0.0168,-0.0725,0.8381,1.6363,-1.1113,-0.0350,1001.0264,smooth_accel_decel5
742502,0.0964,-0.0005,1.0555,0.4462,-0.0525,-0.5863,1001.0403,smooth_accel_decel5
742562,0.1271,0.1038,1.1126,0.3500,0.9712,0.6825,1001.0286,smooth_accel_decel5
742622,0.0018,-0.0008,0.8941,-0.4025,0.5600,0.5163,1001.0398,smooth_accel_decel5
742682,0.1116,0.0066,1.0721,0.9100,2.1437,-0.0613,1001.0449,smooth_accel_decel5
742742,0.0624,0.0771,1.1206,-0.1750,0.3413,0.5512,1001.0464,smooth_accel_decel5
742802,0.0307,-0.0378,1.0788,-0.0525,-1.5662,0.6300,1001.0361,smooth_accel_decel5
742862,0.0547,0.0146,0.9360,3.2375,0.4462,0.5600,1001.0317,smooth_accel_decel5
742922,0.0224,0.0777,1.0541,1.1988,-1.1463,0.5950,1001.0498,smooth_accel_decel5
742982,0.0942,0.0342,1.1187,1.0762,2.2050,0.3413,1001.0454,smooth_accel_decel5
743042,0.0332,-0.0159,0.8931,-0.8225,0.0875,0.9800,1001.0457,smooth_accel_decel5
743102,-0.0295,-0.1423,0.8438,-1.3913,0.3063,0.2275,1001.0310,smooth_accel_decel5
743162,0.0746,0.1232,0.9905,2.6512,-1.3125,1.0412,1001.0386,smooth_accel_decel5
743222,0.0871,0.0678,1.0369,-0.6737,0.0262,0.1575,1001.0444,smooth_accel_decel5
743282,0.0350,-0.0703,0.9343,0.7700,2.3888,0.2975,1001.0344,smooth_accel_decel5
743342,0.0776,-0.0176,0.9862,0.1488,0.2013,0.6475,1001.0242,smooth_accel_decel5
743402,0.0689,-0.0276,1.1589,-0.6475,1.4875,0.6737,1001.0459,smooth_accel_decel5
743462,-0.0171,0.0183,0.9060,1.1988,-0.5425,1.0588,1001.0422,smooth_accel_decel5
743522,0.0242,-0.0137,1.0429,-0.6037,1.3125,0.3938,1001.0322,smooth_accel_decel5
743582,0.0412,-0.1186,0.8348,-1.1287,0.9450,0.1750,1001.0146,smooth_accel_decel5
743642,0.0806,0.0038,1.1212,-0.0875,2.7300,-0.0962,1001.0122,smooth_accel_decel5
743702,0.0352,-0.0339,0.9118,1.0150,1.4875,-0.3587,1001.0222,smooth_accel_decel5
743762,0.0619,0.0256,0.9790,0.7088,-0.1312,0.0262,1001.0059,smooth_accel_decel5
743822,0.0286,0.0681,1.0205,2.3888,0.1050,0.5425,1001.0320,smooth_accel_decel5
743882,0.0266,-0.0254,0.8932,-1.0150,1.3038,0.2625,1001.0332,smooth_accel_decel5
743942,0.0350,-0.0212,1.0382,2.0038,2.5463,0.1838,1001.0344,smooth_accel_decel5
744002,0.0646,0.0407,1.0945,0.4462,0.1050,0.2713,1001.0518,smooth_accel_decel5
744062,-0.0041,-0.0622,0.8289,1.8550,-1.9425,0.4725,1001.0732,smooth_accel_decel5
744122,0.0578,-0.0488,0.9387,1.1988,1.7587,0.3500,1001.0596,smooth_accel_decel5
744182,-0.0196,0.0012,0.8759,0.5775,3.4650,0.4375,1001.0708,smooth_accel_decel5
744242,0.1268,-0.0032,1.0380,0.8400,1.5400,0.5775,1001.0781,smooth_accel_decel5
744302,0.0763,0.1039,1.0698,-1.5838,-0.7088,0.4550,1001.0710,smooth_accel_decel5
744362,0.0440,-0.0722,0.9329,2.6337,-0.1575,0.3587,1001.0640,smooth_accel_decel5
744422,0.1049,-0.0623,1.0290,-0.2887,-4.2787,0.4638,1001.0786,smooth_accel_decel5
744482,0.1249,0.0268,1.1338,0.6388,-0.9887,0.9275,1001.0623,smooth_accel_decel5
744542,0.0654,0.1067,1.1163,-0.6300,-0.8313,0.3237,1001.0640,smooth_accel_decel5
744602,-0.0037,0.0185,0.8630,0.7962,-0.4200,0.0000,1001.0708,smooth_accel_decel5
744662,0.0798,-0.0370,1.0045,0.1575,0.5863,0.7437,1001.0723,smooth_accel_decel5
744722,-0.0285,0.0407,0.8771,-0.2975,-1.0150,0.6388,1001.0815,smooth_accel_decel5
744782,-0.0991,-0.0656,0.9204,1.5575,-3.5262,-0.1138,1001.0588,smooth_accel_decel5
744842,-0.0178,-0.0569,0.9121,3.5175,0.5337,0.0350,1001.0691,smooth_accel_decel5
744902,0.1052,0.0260,1.0572,-1.4525,3.1500,0.3237,1001.0754,smooth_accel_decel5
744962,0.0788,0.0254,1.0321,1.0063,0.5775,0.8575,1001.0710,smooth_accel_decel5
745022,0.0803,0.0041,1.0736,1.1988,0.5775,0.0088,1001.0693,smooth_accel_decel5
745082,0.0239,-0.0481,1.1294,3.0100,1.0150,0.6562,1001.0833,smooth_accel_decel5
745142,-0.0034,0.0867,1.0138,2.8263,-1.3650,-0.4812,1001.0820,smooth_accel_decel5
745202,0.1979,0.1242,1.1381,-0.0350,-2.9488,0.1050,1001.0886,smooth_accel_decel5
745262,0.1044,-0.0913,1.0655,-2.7037,-0.7525,0.3587,1001.0886,smooth_accel_decel5
745322,0.1246,0.0705,1.0454,0.9538,-2.6688,0.2713,1001.1096,smooth_accel_decel5
745382,-0.0553,-0.0565,0.8764,1.1463,-0.5075,-0.0875,1001.0891,smooth_accel_decel5
745442,-0.0298,-0.0229,0.7586,2.4762,-1.5312,-0.3063,1001.1167,smooth_accel_decel5
745502,0.1538,0.0437,1.0532,2.9925,-0.8313,0.4025,1001.0898,smooth_accel_decel5
745562,0.0388,-0.0813,0.7966,0.1312,1.6800,0.3325,1001.0916,smooth_accel_decel5
745622,0.0533,0.0676,0.9528,0.2887,4.7600,0.5950,1001.0935,smooth_accel_decel5
745682,0.1316,-0.0122,1.2166,-1.9863,3.4650,-0.0437,1001.0903,smooth_accel_decel5
745742,0.1252,0.1277,1.1789,0.5163,1.4875,0.0787,1001.1003,smooth_accel_decel5
745802,0.0456,-0.0451,0.9880,-2.1437,4.2087,-0.1225,1001.0984,smooth_accel_decel5
745862,-0.0095,0.0263,0.8580,0.8225,-0.2537,0.1225,1001.1072,smooth_accel_decel5
745922,0.0717,0.0864,1.0455,1.0150,1.7062,0.3150,1001.1221,smooth_accel_decel5
745982,0.0517,-0.0298,0.9944,-2.0738,1.9425,0.7000,1001.1104,smooth_accel_decel5
746042,0.0342,0.0471,1.0094,-0.0700,0.8050,0.4725,1001.1050,smooth_accel_decel5
746102,0.0325,-0.0018,0.9648,0.2275,0.3762,0.6737,1001.1182,smooth_accel_decel5
746162,0.0201,-0.0062,0.9365,-0.0962,-1.7413,-0.1050,1001.1389,smooth_accel_decel5
746222,0.0725,-0.1371,0.9841,-1.4700,-1.3125,0.3675,1001.1311,smooth_accel_decel5
746282,0.0661,-0.0565,1.0097,-0.3938,0.4638,0.8487,1001.1392,smooth_accel_decel5
746342,0.0157,-0.0854,0.9147,-0.4988,0.2188,0.0787,1001.1335,smooth_accel_decel5
746402,0.0922,-0.0185,1.0716,1.5488,2.7300,0.5600,1001.1353,smooth_accel_decel5
746462,0.0808,0.0562,1.0692,-0.3850,1.1287,0.4025,1001.1379,smooth_accel_decel5
746522,0.0722,0.1371,1.1411,1.2250,1.9425,-0.0437,1001.1467,smooth_accel_decel5
746582,0.0654,-0.0173,0.9870,-0.5950,-0.2625,0.2188,1001.1467,smooth_accel_decel5
746642,0.1083,0.0137,1.2025,0.8225,-0.5250,0.7350,1001.1475,smooth_accel_decel5
746702,0.0674,-0.0368,1.0294,-0.5163,0.6212,0.8138,1001.1453,smooth_accel_decel5
746762,0.0454,0.0730,1.0304,-1.8288,1.3825,0.9187,1001.1399,smooth_accel_decel5
746822,0.1025,0.1010,1.0944,0.7788,-0.2537,0.3413,1001.1511,smooth_accel_decel5
746882,0.1013,0.1583,1.0929,0.5163,0.1138,0.6212,1001.1406,smooth_accel_decel5
746942,0.0691,-0.0229,0.8866,0.0525,0.2537,-0.2013,1001.1626,smooth_accel_decel5
747002,0.0998,-0.0431,0.9616,0.1312,-0.5337,0.3063,1001.1577,smooth_accel_decel5
747062,0.0080,0.0107,0.9902,-0.4112,-0.2013,0.8313,1001.1475,smooth_accel_decel5
747122,0.0056,-0.0165,0.9750,0.2887,-0.0700,-0.0175,1001.1614,smooth_accel_decel5
747182,0.1552,0.0712,1.2076,0.7525,2.5287,0.0175,1001.1628,smooth_accel_decel5
747242,0.0551,0.0305,1.0111,-0.4638,0.7962,0.2975,1001.1724,smooth_accel_decel5
747302,0.0634,0.0374,1.0614,-1.0063,-1.1200,0.3762,1001.1604,smooth_accel_decel5
747362,0.1364,0.0959,1.1930,0.8400,-1.2600,0.4725,1001.1609,smooth_accel_decel5
747422,-0.0156,0.0714,1.0009,-0.7437,0.1925,0.5688,1001.1626,smooth_accel_decel5
747482,0.0788,-0.0447,1.1753,2.1875,-1.0850,0.0350,1001.1626,smooth_accel_decel5
747542,0.1710,0.1708,1.0787,1.0237,1.7763,0.0787,1001.1609,smooth_accel_decel5
747602,0.1310,0.0586,1.1263,0.8838,1.9162,0.5775,1001.1606,smooth_accel_decel5
747662,0.0483,0.0941,1.0477,0.5600,0.0613,0.0000,1001.1609,smooth_accel_decel5
747722,0.0417,0.0110,0.9319,0.7875,-0.9538,-0.1400,1001.1604,smooth_accel_decel5
747782,0.1199,0.0051,1.1099,0.5600,1.9425,0.5250,1001.1506,smooth_accel_decel5
747842,-0.0486,-0.0731,0.8974,-1.8900,3.8150,0.2188,1001.1555,smooth_accel_decel5
747902,0.0506,-0.0254,0.9665,-1.3388,-2.1788,-0.0962,1001.1560,smooth_accel_decel5
747962,0.0727,-0.0261,1.1492,0.9800,-2.3187,0.3325,1001.1646,smooth_accel_decel5
748022,0.0611,0.0534,0.9377,0.2275,-0.9187,0.7175,1001.1682,smooth_accel_decel5
748082,0.0122,0.0362,0.8199,0.8838,-0.3413,0.4812,1001.1760,smooth_accel_decel5
748142,-0.0051,-0.0506,0.8642,0.2275,-2.5463,0.2188,1001.1729,smooth_accel_decel5
748202,0.0310,-0.0212,0.9484,1.4175,4.8475,0.5337,1001.1794,smooth_accel_decel5
748262,0.0646,0.0108,1.0187,0.2713,-0.3150,0.7350,1001.1885,smooth_accel_decel5
748322,0.0832,0.0281,0.9270,0.3500,-0.5425,0.6913,1001.1704,smooth_accel_decel5
748382,0.1052,0.1296,1.1175,0.2537,-0.0787,0.7700,1001.1807,smooth_accel_decel5
748442,0.0464,0.0866,0.9523,0.6037,-1.3475,0.7962,1001.1929,smooth_accel_decel5
748502,0.0773,0.1207,1.0858,1.8375,0.5950,0.2713,1001.1973,smooth_accel_decel5
748562,0.0785,0.0087,0.9841,0.6212,1.3125,0.4725,1001.1992,smooth_accel_decel5
748622,0.0842,0.0390,1.1475,0.6650,1.3650,0.4638,1001.2053,smooth_accel_decel5
748682,0.0176,0.0104,0.9628,-1.6100,2.1613,0.4112,1001.2029,smooth_accel_decel5
748742,0.1408,-0.0066,1.1384,0.0525,0.3150,0.6737,1001.2126,smooth_accel_decel5
748802,0.0605,-0.0468,0.9711,-0.0088,0.4812,-0.0437,1001.2197,smooth_accel_decel5
748862,0.0907,0.0103,1.0066,-1.1287,-0.7175,0.4462,1001.2061,smooth_accel_decel5
748922,0.1194,0.0435,1.0048,-1.1025,0.0088,0.2275,1001.2026,smooth_accel_decel5
748982,0.1584,0.0783,1.0660,-0.0175,-0.0350,0.4988,1001.2046,smooth_accel_decel5
749042,0.1854,-0.0283,1.0141,0.1138,1.4088,1.0237,1001.2024,smooth_accel_decel5
749102,0.1530,0.0878,0.9831,-0.9362,-1.2162,0.5512,1001.2058,smooth_accel_decel5
749162,0.1457,0.0954,1.0256,1.4438,-1.3737,0.8750,1001.2212,smooth_accel_decel5
749222,0.1020,0.0868,1.0253,-0.8662,0.3762,0.6475,1001.2234,smooth_accel_decel5
749282,0.1379,0.0692,1.0108,-0.5688,1.2075,0.3150,1001.2246,smooth_accel_decel5
749342,0.0810,0.0864,0.9254,-1.2075,-0.1663,0.2975,1001.2322,smooth_accel_decel5
749402,0.1186,-0.0179,0.9421,-2.1525,-1.4438,0.4550,1001.2263,smooth_accel_decel5
749462,0.0669,-0.0732,0.9240,-0.9975,-0.4112,0.5688,1001.2356,smooth_accel_decel5
749522,0.0956,0.0227,0.9651,-0.2362,-1.9600,0.4550,1001.2432,smooth_accel_decel5
749582,0.1737,0.0267,1.0756,0.3675,1.4438,0.6125,1001.2500,smooth_accel_decel5
749642,0.1738,0.1074,1.0743,0.3850,1.5137,0.7875,1001.2488,smooth_accel_decel5
749702,0.1364,0.0531,1.0311,-0.7962,0.8575,0.6562,1001.2500,smooth_accel_decel5
749762,0.1814,0.0837,1.0719,0.9275,-1.7850,0.5950,1001.2612,smooth_accel_decel5
749822,0.1689,-0.0098,1.0860,-0.3938,-0.4638,0.1838,1001.2542,smooth_accel_decel5
749882,-0.0010,0.0012,0.8915,0.4812,-1.6712,0.1575,1001.2651,smooth_accel_decel5
749942,0.0809,-0.0431,0.8492,0.0525,-1.7763,0.0000,1001.2590,smooth_accel_decel5
750002,0.0864,0.0205,1.0691,0.5337,1.8112,0.0962,1001.2629,smooth_accel_decel5
750062,0.0813,0.0009,1.0632,1.0675,0.7875,-0.1138,1001.2722,smooth_accel_decel5
750122,0.1955,0.0861,1.0438,-1.8987,0.3325,0.2713,1001.2695,smooth_accel_decel5
750182,0.1330,0.0569,1.0163,-0.1488,0.8662,0.1925,1001.2769,smooth_accel_decel5
750242,0.0127,0.0534,0.9260,-1.2162,1.8900,-0.4725,1001.2793,smooth_accel_decel5
750302,0.1022,-0.0063,0.9592,-1.1638,-0.1488,-0.5163,1001.2773,smooth_accel_decel5
750362,0.0852,0.0037,0.8921,0.7525,0.3762,-0.5950,1001.2773,smooth_accel_decel5
750422,0.0892,0.0346,0.9873,-0.7437,-0.7437,-1.0412,1001.2756,smooth_accel_decel5
750482,0.1271,-0.0141,0.9443,-1.1550,-0.9712,-0.2275,1001.2769,smooth_accel_decel5
750542,0.1127,0.0016,1.0322,-0.9975,-0.3413,0.4812,1001.2751,smooth_accel_decel5
750602,0.1032,-0.0458,0.9848,0.2013,1.0500,0.2537,1001.2744,smooth_accel_decel5
750662,0.0903,0.0285,1.0226,2.1788,1.1812,-0.1663,1001.2827,smooth_accel_decel5
750722,0.0381,0.0112,0.8864,0.2100,-1.5137,-0.1050,1001.2798,smooth_accel_decel5
750782,0.0949,-0.0098,1.0007,-0.0175,0.5163,0.3237,1001.2781,smooth_accel_decel5
750842,0.0952,0.0354,1.0321,0.2450,3.3425,0.2450,1001.2805,smooth_accel_decel5
750902,0.0834,-0.0518,0.9192,-3.3163,-0.6913,0.5863,1001.2839,smooth_accel_decel5
750962,0.0088,-0.0634,0.8179,-0.3850,-2.4938,0.0875,1001.2839,smooth_accel_decel5
751022,0.1005,-0.0066,0.9695,0.8225,0.5863,-0.6475,1001.2834,smooth_accel_decel5
751082,0.1434,0.0349,1.0861,1.4525,0.3500,0.0875,1001.2815,smooth_accel_decel5
751142,0.0866,-0.0040,1.0224,0.7437,1.9075,0.0700,1001.2881,smooth_accel_decel5
751202,0.0795,0.0134,0.9381,2.1263,-0.2537,0.2013,1001.2896,smooth_accel_decel5
751262,0.1047,0.0305,0.9992,-1.1113,-1.3825,0.5950,1001.2876,smooth_accel_decel5
751322,0.0669,-0.0509,0.9842,-0.5688,0.1225,0.2013,1001.2930,smooth_accel_decel5
751382,0.0636,0.0042,0.9538,2.5638,-0.2450,0.0875,1001.2959,smooth_accel_decel5
751442,0.0932,0.0664,1.0484,2.0825,1.8550,-0.0875,1001.3010,smooth_accel_decel5
751502,0.0991,0.0093,1.0530,0.4638,0.6388,0.1138,1001.3025,smooth_accel_decel5
751562,0.0683,0.0910,0.9592,1.8987,-0.5863,0.1575,1001.2983,smooth_accel_decel5
751622,0.1136,0.0073,1.0480,0.7875,-0.3150,0.1750,1001.3108,smooth_accel_decel5
751682,0.0553,0.0057,0.8857,-0.7525,-0.9712,0.1225,1001.3103,smooth_accel_decel5
751742,0.1188,-0.0108,1.0494,-0.1838,-0.7437,0.2188,1001.3081,smooth_accel_decel5
751802,0.1299,-0.0041,0.9906,0.8050,-0.1225,-0.0350,1001.3003,smooth_accel_decel5
751862,0.1088,0.0359,0.9770,0.7962,-2.4150,0.1400,1001.3074,smooth_accel_decel5
751922,0.0874,-0.0107,1.0048,-1.2687,0.7875,0.2275,1001.3062,smooth_accel_decel5
751982,0.1113,-0.0097,1.0838,1.1812,0.0175,0.1138,1001.3135,smooth_accel_decel5
752042,0.1610,0.0403,1.0546,1.2250,-0.3413,0.3150,1001.3149,smooth_accel_decel5
752102,0.0668,0.0115,0.9091,0.1050,-0.4550,0.2800,1001.3052,smooth_accel_decel5
752162,0.0020,-0.0283,0.8965,1.1638,0.8662,-0.1225,1001.3130,smooth_accel_decel5
752222,0.0974,0.0146,0.9758,1.0938,0.6475,-0.0787,1001.3210,smooth_accel_decel5
752282,0.1181,0.0278,1.0688,0.7088,0.1050,0.2800,1001.3149,smooth_accel_decel5
752342,0.0737,0.0337,0.9870,0.9100,-0.0787,0.1575,1001.3232,smooth_accel_decel5
752402,0.0932,0.0637,0.9958,-0.1575,-0.5775,-0.0350,1001.3354,smooth_accel_decel5
752462,0.0929,0.0132,1.0502,-0.5425,-0.5775,0.4025,1001.3291,smooth_accel_decel5
752522,0.0669,-0.0237,0.9675,0.4638,0.3413,-0.0088,1001.3271,smooth_accel_decel5
752582,0.0732,0.0266,0.9625,-1.0588,-0.4812,0.1575,1001.3333,smooth_accel_decel5
752642,0.0798,-0.0024,0.9310,-0.7875,-0.4025,0.4112,1001.3264,smooth_accel_decel5
752702,0.0881,-0.0108,0.9913,0.2625,-0.1312,0.4025,1001.3320,smooth_accel_decel5
752762,0.0971,0.0642,0.9980,1.4000,0.0000,0.1750,1001.3308,smooth_accel_decel5
752822,0.0813,0.0339,0.9676,0.3587,0.4025,0.3587,1001.3325,smooth_accel_decel5
752882,0.0639,0.0347,1.0538,-0.1488,0.9538,0.2188,1001.3289,smooth_accel_decel5
752942,0.0780,0.0306,1.0110,0.4638,-0.3500,0.2887,1001.3330,smooth_accel_decel5
753002,0.1169,0.0382,1.0185,0.0700,0.3587,0.0175,1001.3381,smooth_accel_decel5
753062,0.0927,-0.0007,1.0135,0.2013,1.0675,0.2188,1001.3440,smooth_accel_decel5
753122,0.0732,0.0143,1.0424,0.2713,1.0762,0.2713,1001.3323,smooth_accel_decel5
753182,0.0168,0.0298,0.9811,0.5775,0.0962,0.4375,1001.3374,smooth_accel_decel5
753242,0.0254,0.0212,1.0302,-0.5075,0.5075,0.3150,1001.3347,smooth_accel_decel5
753302,0.0509,0.0497,0.9546,-1.1025,-0.2887,0.1488,1001.3403,smooth_accel_decel5
753362,0.0454,-0.0358,0.9692,0.6212,-0.4200,0.1488,1001.3452,smooth_accel_decel5
753422,0.0249,-0.0124,0.9680,0.3500,-0.6037,-0.1400,1001.3391,smooth_accel_decel5
753482,0.0313,0.0056,0.9601,0.1925,0.0962,0.1575,1001.3420,smooth_accel_decel5
753542,0.0734,0.0275,1.0429,0.1138,0.2887,0.4725,1001.3442,smooth_accel_decel5
753602,-0.0012,-0.0115,0.9184,0.0700,-1.0150,0.5775,1001.3389,smooth_accel_decel5
753662,0.0234,-0.0556,0.9226,-0.1400,0.6212,0.1750,1001.3511,smooth_accel_decel5
753722,0.0675,0.0105,0.9843,-0.4900,-0.8138,0.3675,1001.3406,smooth_accel_decel5
753782,0.0749,0.0120,1.0325,-0.0350,-0.2275,0.5163,1001.3447,smooth_accel_decel5
753842,0.0696,-0.0115,0.9970,0.5337,0.1925,0.1050,1001.3479,smooth_accel_decel5
753902,0.0364,0.0217,0.9597,0.2188,-0.2188,-0.1400,1001.3459,smooth_accel_decel5
753962,0.0949,-0.0030,1.0258,0.6388,0.6300,-0.1050,1001.3438,smooth_accel_decel5
754022,0.0608,0.0637,0.9824,1.5137,-0.0875,0.2188,1001.3474,smooth_accel_decel5
754082,0.0864,0.0200,1.0111,0.7525,-0.1312,0.7525,1001.3577,smooth_accel_decel5
754142,0.0259,0.0112,0.9765,0.5512,0.1050,0.5425,1001.3574,smooth_accel_decel5
754202,0.0132,-0.0151,0.9706,1.9688,0.0525,0.2537,1001.3574,smooth_accel_decel5
754262,0.0579,0.0986,1.0675,1.3913,1.1725,-0.0350,1001.3582,smooth_accel_decel5
754322,0.0329,0.0408,1.0300,-0.1138,-0.1663,0.4725,1001.3579,smooth_accel_decel5
754382,-0.0246,0.0093,0.9414,-0.0962,-0.4462,0.1312,1001.3477,smooth_accel_decel5
754442,-0.0469,0.0226,0.9557,0.8050,0.5863,0.2537,1001.3416,smooth_accel_decel5
754502,-0.0200,0.0241,0.9880,0.8400,0.5425,0.1488,1001.3525,smooth_accel_decel5
754562,-0.0481,0.0281,1.0084,0.4375,0.4112,0.0875,1001.3596,smooth_accel_decel5
754622,-0.0343,0.0468,1.0289,0.6300,1.2775,0.1138,1001.3535,smooth_accel_decel5
754682,-0.0410,-0.0176,0.9943,0.0175,1.2862,0.5163,1001.3384,smooth_accel_decel5
754742,-0.0810,0.0173,0.9980,0.9275,1.0938,0.5512,1001.3518,smooth_accel_decel5
754802,-0.1122,-0.0051,1.0051,0.8662,1.2425,0.4112,1001.3496,smooth_accel_decel5
754862,-0.0633,0.0703,1.0738,0.2100,0.5775,0.3500,1001.3433,smooth_accel_decel5
754922,-0.0901,0.0712,0.9836,0.3237,2.3712,0.1663,1001.3525,smooth_accel_decel5
754982,-0.1451,0.0053,0.9534,-0.2713,0.2275,0.2275,1001.3425,smooth_accel_decel5
755042,-0.1446,-0.0392,0.9575,-1.0850,-0.1750,0.3237,1001.3425,smooth_accel_decel5
755102,-0.1367,0.0448,0.9902,0.8400,1.5137,0.2887,1001.3391,smooth_accel_decel5
755162,-0.1346,-0.0639,0.9397,-0.2800,0.7875,0.2362,1001.3413,smooth_accel_decel5
755222,-0.1591,0.0337,0.8850,1.4088,-0.8662,0.3413,1001.3254,smooth_accel_decel5
755282,-0.1016,0.0559,1.0633,1.8550,-1.0150,0.2100,1001.3252,smooth_accel_decel5
755342,-0.1244,-0.0285,1.0067,0.3762,0.2188,0.4025,1001.3389,smooth_accel_decel5
755402,-0.2037,-0.0517,0.9199,0.7525,0.8662,0.1838,1001.3289,smooth_accel_decel5
755462,-0.1986,0.0498,0.9207,1.3300,1.3825,-0.2450,1001.3367,smooth_accel_decel5
755522,-0.1798,-0.0120,0.9731,0.1138,-0.4988,-0.0787,1001.3250,smooth_accel_decel5
755582,-0.1588,0.0220,1.0858,0.8225,0.0525,0.4200,1001.3181,smooth_accel_decel5
755642,-0.2155,-0.1020,0.9213,0.3850,0.4550,0.1312,1001.3254,smooth_accel_decel5
755702,-0.1254,0.0308,1.0006,-0.5600,0.7875,0.1925,1001.3154,smooth_accel_decel5
755762,-0.1327,0.0405,1.0224,0.6737,0.4900,0.3762,1001.3088,smooth_accel_decel5
755822,-0.1313,0.1017,0.9807,1.6888,-0.3325,0.1400,1001.3052,smooth_accel_decel5
755882,-0.1847,-0.0091,0.8979,0.4550,-0.4462,-0.0962,1001.3022,smooth_accel_decel5
755942,-0.1520,0.0522,0.9584,1.1725,1.9512,-0.1488,1001.2976,smooth_accel_decel5
756002,-0.1296,-0.0117,1.0185,0.4288,-0.4200,0.4200,1001.2834,smooth_accel_decel5
756062,-0.0847,0.0608,0.9539,3.5525,-1.1725,0.3063,1001.2810,smooth_accel_decel5
756122,-0.0851,0.0456,1.0898,1.2600,1.0675,0.0787,1001.2883,smooth_accel_decel5
756182,-0.2006,-0.0012,0.9982,0.3762,1.0237,0.2450,1001.3003,smooth_accel_decel5
756242,-0.0885,0.0301,1.0084,2.3450,1.8025,-0.0262,1001.2974,smooth_accel_decel5
756302,-0.1430,0.0712,0.9140,-1.4963,-1.5400,1.0412,1001.2859,smooth_accel_decel5
756362,-0.2524,0.0747,0.9562,1.0588,-0.6562,0.0962,1001.2908,smooth_accel_decel5
756422,-0.0871,0.0307,1.0178,-0.4288,0.0088,-0.1750,1001.2883,smooth_accel_decel5
756482,-0.1110,0.0256,1.0365,1.3125,0.8925,0.4725,1001.2717,smooth_accel_decel5
756542,-0.1167,0.0071,1.0228,-0.1050,0.0525,0.7000,1001.2612,smooth_accel_decel5
756602,-0.1784,-0.0955,1.0433,-0.0175,1.7150,0.1750,1001.2703,smooth_accel_decel5
756662,-0.1847,0.0590,0.9260,-2.0038,-0.3762,0.4900,1001.2712,smooth_accel_decel5
756722,-0.1425,0.0730,0.9812,-4.0163,-0.4375,0.3413,1001.2690,smooth_accel_decel5
756782,-0.1057,0.0806,1.0248,-0.6562,-0.1575,-0.0700,1001.2429,smooth_accel_decel5
756842,-0.1230,0.0073,1.0382,-3.0712,0.5950,-0.8400,1001.2515,smooth_accel_decel5
756902,-0.1471,-0.0326,0.9393,1.3388,0.8050,0.3413,1001.2544,smooth_accel_decel5
756962,-0.1110,0.0505,0.8499,2.1263,0.5512,0.0175,1001.2441,smooth_accel_decel5
757022,-0.0320,0.1132,1.0313,1.7062,1.8288,0.6913,1001.2493,smooth_accel_decel5
757082,-0.1868,0.0041,0.9274,0.9100,0.0787,0.3063,1001.2351,smooth_accel_decel5
757142,-0.0300,0.0063,1.0873,1.3475,1.4438,0.9625,1001.2244,smooth_accel_decel5
757202,-0.1017,0.0364,1.0148,-0.4988,-0.8838,0.5425,1001.2302,smooth_accel_decel5
757262,-0.1413,0.0893,1.0499,0.5950,1.9338,0.1838,1001.2212,smooth_accel_decel5
757322,-0.0817,0.0844,0.9870,-1.6975,-0.2713,0.3850,1001.2258,smooth_accel_decel5
757382,-0.1774,-0.0390,0.9309,-0.2188,-0.5600,0.1050,1001.2280,smooth_accel_decel5
757442,-0.1190,0.0920,0.8786,1.7938,-4.1388,-0.2013,1001.2173,smooth_accel_decel5
757502,-0.1427,0.0485,1.0577,1.7763,0.9625,0.6562,1001.2085,smooth_accel_decel5
757562,-0.1063,-0.0083,0.8316,-1.1550,1.1638,0.4375,1001.2151,smooth_accel_decel5
757622,-0.2196,-0.0031,0.9304,1.5750,0.7000,0.4900,1001.2200,smooth_accel_decel5
757682,-0.1262,0.1057,1.1689,0.1400,0.7962,0.4988,1001.2209,smooth_accel_decel5
757742,-0.0390,0.0834,1.0851,1.5838,-4.2350,0.9275,1001.2092,smooth_accel_decel5
757802,-0.1051,0.0165,1.1061,1.0938,1.6800,0.8050,1001.2031,smooth_accel_decel5
757862,-0.2062,-0.0024,0.9894,-1.8637,-2.1263,0.3587,1001.2017,smooth_accel_decel5
757922,-0.0487,0.0119,0.8370,-0.3850,-1.4875,0.0962,1001.1882,smooth_accel_decel5
757982,-0.0876,0.0339,1.0981,-0.8138,1.9338,0.3938,1001.1934,smooth_accel_decel5
758042,-0.2325,0.0358,0.8171,-0.2713,-1.8637,0.2362,1001.1873,smooth_accel_decel5
758102,-0.0232,0.0105,1.2205,2.8788,0.9450,0.5775,1001.1887,smooth_accel_decel5
758162,-0.1479,0.0237,1.0368,-0.5775,-0.4550,0.2362,1001.1858,smooth_accel_decel5
758222,-0.0442,-0.0008,1.0756,-0.7525,-1.3388,0.9275,1001.1824,smooth_accel_decel5
758282,-0.0939,-0.0285,1.0141,-1.1812,-0.1312,0.9013,1001.1648,smooth_accel_decel5
758342,-0.1347,0.0160,1.0383,1.1200,0.6650,0.1050,1001.1689,smooth_accel_decel5
758402,-0.1198,0.0195,1.0089,0.0875,-3.0275,-0.5600,1001.1677,smooth_accel_decel5
758462,-0.1222,0.0530,1.0116,1.7938,1.6888,0.1050,1001.1501,smooth_accel_decel5
758522,-0.2443,-0.0971,0.7642,-0.9538,-0.9013,0.1138,1001.1462,smooth_accel_decel5
758582,-0.1274,0.0038,0.9008,-1.4350,-0.5425,0.4988,1001.1621,smooth_accel_decel5
758642,-0.1793,0.0275,1.0694,-0.3500,1.2775,0.2362,1001.1399,smooth_accel_decel5
758702,-0.1215,0.0346,1.0416,-2.2137,2.1788,0.3500,1001.1418,smooth_accel_decel5
758762,-0.1310,-0.0176,1.0668,-0.1138,1.2687,-0.0088,1001.1394,smooth_accel_decel5
758822,-0.2104,-0.0012,1.0375,2.5900,-0.1400,-0.4900,1001.1367,smooth_accel_decel5
758882,-0.0811,-0.0390,1.0020,-0.4900,-2.8000,-0.0088,1001.1375,smooth_accel_decel5
758942,-0.1123,0.1018,0.8841,1.7062,-2.3012,0.9187,1001.1233,smooth_accel_decel5
759002,-0.0300,0.0934,1.1522,-1.4787,3.0625,0.0787,1001.1201,smooth_accel_decel5
759062,-0.2384,-0.1061,0.9023,-0.3500,0.3150,-0.3675,1001.1226,smooth_accel_decel5
759122,-0.1774,-0.0124,0.8965,-0.7175,1.1287,-0.4988,1001.1130,smooth_accel_decel5
759182,-0.1300,-0.0503,1.1185,0.2013,1.4000,0.0000,1001.0957,smooth_accel_decel5
759242,-0.1132,0.0664,0.9520,-1.1375,-0.8487,0.2100,1001.1108,smooth_accel_decel5
759302,-0.1501,-0.1494,0.9135,0.2188,-0.5688,0.5863,1001.1060,smooth_accel_decel5
759362,-0.1190,0.1162,0.9113,-3.8675,2.0563,0.2625,1001.1035,smooth_accel_decel5
759422,-0.0291,-0.0386,1.0675,0.6913,5.0750,0.2713,1001.0906,smooth_accel_decel5
759482,-0.0730,0.1183,1.1419,-3.5438,0.4638,0.3675,1001.0884,smooth_accel_decel5
759542,-0.0986,0.0511,1.0734,-0.0437,-0.7525,0.4375,1001.0913,smooth_accel_decel5
759602,-0.2164,-0.0832,0.9279,0.0262,-0.9100,-0.1750,1001.0693,smooth_accel_decel5
759662,-0.1525,-0.0695,0.9978,-0.9887,-0.2713,-0.5075,1001.0620,smooth_accel_decel5
759722,-0.1594,-0.0154,1.0502,1.4963,0.3762,-0.2975,1001.0581,smooth_accel_decel5
759782,-0.1381,-0.0266,0.9550,-1.4262,-1.2337,-0.6650,1001.0544,smooth_accel_decel5
759842,-0.1538,0.0366,1.0489,-2.4675,2.3012,-0.4462,1001.0476,smooth_accel_decel5
759902,-0.0085,0.0955,1.1910,0.4812,-0.6562,0.7613,1001.0571,smooth_accel_decel5
759962,0.0868,0.0156,1.1158,-0.3413,2.1437,0.6737,1001.0469,smooth_accel_decel5
760022,-0.0439,0.1011,1.1553,2.6862,2.6075,-0.2188,1001.0488,smooth_accel_decel5
760082,-0.0367,0.1588,1.0073,0.5075,-1.9775,-0.5337,1001.0376,smooth_accel_decel5
760142,0.0468,0.2189,1.2622,1.4700,-0.9625,0.1838,1001.0300,smooth_accel_decel5
760202,-0.0412,0.0035,0.9642,-0.1138,-0.1312,0.2975,1001.0237,smooth_accel_decel5
760262,-0.0398,0.2740,1.0665,-3.3688,1.4088,-0.5950,1001.0413,smooth_accel_decel5
760322,-0.1890,-0.0863,0.8034,-2.0825,-1.8112,-0.2537,1001.0073,smooth_accel_decel5
760382,-0.2608,0.0047,0.8248,1.5137,-0.5337,-0.0175,1001.0149,smooth_accel_decel5
760442,0.0888,-0.0010,0.9721,-0.8575,-4.0425,0.0787,1001.0056,smooth_accel_decel5
760502,-0.0212,0.0934,1.0531,-0.5075,3.0887,0.0437,1001.0073,smooth_accel_decel5
760562,-0.0520,0.0321,0.8966,0.0613,-2.6250,-0.2450,1001.0054,smooth_accel_decel5
760622,-0.0099,0.0226,1.1468,0.6562,-0.8313,0.2450,1001.0037,smooth_accel_decel5
760682,-0.1362,-0.0318,1.0042,-1.2950,-3.0363,0.3063,1000.9902,smooth_accel_decel5
760742,0.0059,0.0724,1.0073,-2.8788,0.5250,-0.1925,1000.9797,smooth_accel_decel5
760802,-0.2184,-0.0656,1.0224,0.6212,1.7062,-0.3762,1000.9683,smooth_accel_decel5
760862,0.0840,0.1394,1.1288,1.3913,1.4350,0.8225,1000.9866,smooth_accel_decel5
760922,-0.1098,-0.1427,0.8358,2.6862,-0.4112,-1.0063,1000.9939,smooth_accel_decel5
760982,-0.0618,0.1425,1.0728,-1.7150,-0.9275,0.3325,1000.9883,smooth_accel_decel5
761042,-0.0273,-0.0530,1.1761,1.9425,-1.3650,-0.1400,1001.0161,smooth_accel_decel5
761102,-0.0651,-0.0864,0.9952,3.4562,-0.5775,0.5600,1001.0151,smooth_accel_decel5
761162,0.0020,0.0068,1.0784,-3.3512,1.1988,0.9187,1001.0007,smooth_accel_decel5
761222,0.0287,0.1696,0.9819,0.1138,-1.2075,0.1400,1000.9832,smooth_accel_decel5
761282,-0.0353,-0.0590,0.9877,-0.5950,-0.7175,0.8662,1000.9871,smooth_accel_decel5
761342,-0.0157,0.1708,0.9823,0.4550,1.1463,0.6475,1000.9854,smooth_accel_decel5
761402,-0.1047,-0.0627,0.9457,0.0175,-2.4675,0.4375,1000.9805,smooth_accel_decel5
761462,-0.0483,0.1173,0.8882,1.2337,-0.9362,0.1663,1000.9768,smooth_accel_decel5
761522,0.0504,0.1688,1.1161,-1.1988,-5.9763,0.6037,1000.9695,smooth_accel_decel5
761582,-0.0151,-0.1352,1.1142,1.5838,1.2513,0.2013,1000.9741,smooth_accel_decel5
761642,-0.0764,-0.0964,0.8570,-1.5838,-2.8000,0.5688,1000.9631,smooth_accel_decel5
761702,0.2264,0.0891,1.3535,2.3275,0.4200,1.1638,1000.9690,smooth_accel_decel5
761762,-0.0295,0.1596,0.9764,0.0437,-0.4900,1.2513,1000.9597,smooth_accel_decel5
761822,-0.0276,-0.0320,1.1222,0.4025,-0.4462,0.2537,1000.9600,smooth_accel_decel5
761882,-0.0642,-0.1379,0.7405,-1.3475,-2.1613,0.5688,1000.9629,smooth_accel_decel5
761942,-0.1218,-0.1500,0.9664,0.5337,-0.0350,0.4200,1000.9587,smooth_accel_decel5
762002,0.0398,0.0319,1.1175,1.7675,-1.4350,0.2537,1000.9421,smooth_accel_decel5
762062,-0.0447,0.0551,0.9767,-0.9625,1.2425,0.2275,1000.9460,smooth_accel_decel5
762122,-0.0007,0.0332,0.9428,-2.4850,-1.0675,0.3237,1000.9521,smooth_accel_decel5
762182,0.1049,0.0732,1.1253,-3.3250,1.3388,0.7000,1000.9409,smooth_accel_decel5
762242,-0.0467,-0.0368,0.9198,-0.4025,-1.2250,0.1138,1000.9460,smooth_accel_decel5
762302,-0.0206,-0.0581,1.0031,-0.2975,1.7850,0.1050,1000.9480,smooth_accel_decel5
762362,-0.0580,0.0069,1.0782,2.7825,-1.4875,-0.2100,1000.9609,smooth_accel_decel5
762422,0.0476,0.1681,1.0575,0.5512,-2.0213,0.9712,1000.9543,smooth_accel_decel5
762482,0.0171,0.0224,1.0729,-1.6888,1.2950,0.5250,1000.9607,smooth_accel_decel5
762542,-0.0214,0.0508,0.9565,4.4450,-0.3150,-0.8838,1000.9529,smooth_accel_decel5
762602,0.0980,0.0578,1.2723,1.4000,3.3775,0.1488,1000.9436,smooth_accel_decel5
762662,-0.0218,0.0346,0.9660,-4.1475,-0.2713,0.5688,1000.9653,smooth_accel_decel5
762722,0.1347,0.0842,1.1755,-0.3850,1.0325,0.9625,1000.9507,smooth_accel_decel5
762782,-0.1703,0.0483,0.6584,3.0187,-0.2450,-0.8225,1000.9648,smooth_accel_decel5
762842,0.1137,-0.1529,1.1736,0.3500,1.4175,-0.1400,1000.9529,smooth_accel_decel5
762902,0.2026,0.2833,1.4076,-0.7350,3.1588,1.1638,1000.9529,smooth_accel_decel5
762962,-0.0853,0.0705,1.0280,4.2613,5.8100,0.3063,1000.9363,smooth_accel_decel5
763022,-0.1893,-0.1069,0.7685,0.0525,5.1013,-0.5775,1000.9431,smooth_accel_decel5
763082,0.1078,-0.2680,1.1636,2.4150,3.4388,0.8225,1000.9463,smooth_accel_decel5
763142,-0.0439,0.2265,1.0599,1.0063,-5.9675,0.5075,1000.9326,smooth_accel_decel5
763202,-0.0644,-0.1418,0.8982,4.5850,-5.2150,0.5425,1000.9268,smooth_accel_decel5
763262,-0.0037,-0.0435,1.1658,3.2462,-0.5163,-0.8838,1000.9229,smooth_accel_decel5
763322,-0.0017,0.0712,0.7762,1.0325,-6.1600,0.9712,1000.9187,smooth_accel_decel5
763382,0.0451,0.0734,1.0404,1.6537,0.9975,0.1663,1000.9185,smooth_accel_decel5
763442,-0.0480,0.1003,0.8266,2.8087,-1.9338,0.1750,1000.9226,smooth_accel_decel5
763502,0.0795,0.0568,0.8757,-1.8550,-2.2925,-0.0262,1000.9197,smooth_accel_decel5
763562,0.0798,0.0964,1.1309,-0.1312,2.7475,0.4025,1000.9199,smooth_accel_decel5
763622,0.0102,0.0979,1.0118,0.7525,0.4288,0.0787,1000.9221,smooth_accel_decel5
763682,-0.0412,-0.0490,0.9325,-1.5488,7.7175,-0.3762,1000.9331,smooth_accel_decel5
763742,0.1179,0.1244,1.2761,-1.7413,7.1312,0.1225,1000.9348,smooth_accel_decel5
763802,-0.0713,0.0332,0.9812,-2.4850,1.6800,0.7700,1000.9429,smooth_accel_decel5
763862,-0.0249,-0.0795,0.9982,0.5075,1.0412,-0.1225,1000.9353,smooth_accel_decel5
763922,0.0415,-0.0476,0.8650,0.6913,-0.9187,0.2275,1000.9312,smooth_accel_decel5
763982,-0.0212,-0.0242,0.9708,1.5137,-0.3500,0.0350,1000.9451,smooth_accel_decel5
764042,0.1664,0.0388,1.1247,-0.4550,-2.9313,-0.0875,1000.9399,smooth_accel_decel5
764102,-0.0403,-0.1612,0.9755,-0.3938,2.3625,0.7088,1000.9312,smooth_accel_decel5
764162,0.1188,-0.0264,0.9980,3.1588,0.0262,0.0875,1000.9333,smooth_accel_decel5
764222,-0.0259,0.1061,0.9572,2.5812,-1.6100,-0.2275,1000.9341,smooth_accel_decel5
764282,-0.0384,-0.1130,0.9567,0.4812,1.4262,-0.1838,1000.9297,smooth_accel_decel5
764342,-0.0508,-0.1193,1.0207,-1.6800,5.0225,1.3125,1000.9399,smooth_accel_decel5
764402,0.1100,0.1774,1.3705,2.9750,0.9538,1.0063,1000.9441,smooth_accel_decel5
764462,0.0188,0.0852,1.2024,3.9987,-4.1912,-0.3938,1000.9482,smooth_accel_decel5
764522,0.0756,0.0594,1.0217,1.4262,-0.7262,0.4550,1000.9451,smooth_accel_decel5
764582,0.1072,-0.0852,1.0382,0.6825,-0.7700,0.2887,1000.9358,smooth_accel_decel5
764642,0.0371,-0.0132,1.0363,0.6300,-0.7962,0.5075,1000.9556,smooth_accel_decel5
764702,0.1447,0.2247,1.1468,1.0325,-2.0387,0.6037,1000.9365,smooth_accel_decel5
764762,0.0085,0.0681,0.8593,-4.2700,0.5600,0.2537,1000.9561,smooth_accel_decel5
764822,0.1174,0.0463,1.0214,2.1350,-0.1312,0.4900,1000.9390,smooth_accel_decel5
764882,0.0992,-0.0207,0.9820,0.3587,-4.7337,-0.2275,1000.9468,smooth_accel_decel5
764942,0.0849,0.1058,1.1891,2.7912,3.3512,0.1575,1000.9536,smooth_accel_decel5
765002,0.1551,0.1593,1.1402,-0.9975,-0.4812,0.3325,1000.9419,smooth_accel_decel5
765062,-0.0183,-0.1083,0.9493,3.5875,-1.1375,0.4550,1000.9468,smooth_accel_decel5
765122,0.0483,-0.0683,0.9653,2.5200,3.2375,0.1400,1000.9539,smooth_accel_decel5
765182,0.1257,-0.0752,1.1897,-0.2362,2.9750,0.2713,1000.9355,smooth_accel_decel5
765242,-0.0934,-0.1110,0.8294,0.6300,0.2100,0.1488,1000.9390,smooth_accel_decel5
765302,-0.0003,0.0559,1.0083,2.3275,0.5250,0.8138,1000.9519,smooth_accel_decel5
765362,0.0983,-0.0693,0.9855,0.8575,-1.3038,-0.0875,1000.9563,smooth_accel_decel5
765422,0.1693,0.1646,1.0016,1.7500,-3.1937,1.0588,1000.9399,smooth_accel_decel5
765482,0.0561,0.0251,0.9534,0.0613,-0.4988,-0.2975,1000.9346,smooth_accel_decel5
765542,0.1237,0.0839,1.2542,2.7213,2.1263,-0.3762,1000.9258,smooth_accel_decel5
765602,0.1044,0.0512,1.0006,1.2425,-0.5075,-0.6475,1000.9570,smooth_accel_decel5
765662,0.1082,0.1030,0.9836,1.9600,0.4288,-0.5075,1000.9250,smooth_accel_decel5
765722,0.1402,0.0190,1.1209,2.6337,0.9013,0.2013,1000.9553,smooth_accel_decel5
765782,0.0332,0.0930,0.8319,-0.6562,2.5287,0.5075,1000.9507,smooth_accel_decel5
765842,-0.1418,0.0234,0.8757,-0.1925,-0.6650,0.2537,1000.9385,smooth_accel_decel5
765902,0.0747,-0.1338,1.0695,0.1050,-0.2100,-0.1138,1000.9656,smooth_accel_decel5
765962,0.2201,0.0852,1.1710,-4.1912,-2.7738,-0.0787,1000.9917,smooth_accel_decel5
766022,0.0612,0.1525,0.9121,0.1575,2.0038,1.3125,1000.9702,smooth_accel_decel5
766082,0.0098,-0.0608,0.9207,0.7875,1.0850,-0.4725,1000.9460,smooth_accel_decel5
766142,0.0950,0.1585,0.9941,2.6862,0.0262,0.1050,1000.9595,smooth_accel_decel5
766202,0.0120,-0.0593,0.9926,-0.8487,3.5525,-0.1663,1000.9954,smooth_accel_decel5
766262,-0.0886,-0.0461,0.8079,-0.6125,-1.7150,-0.2100,1000.9883,smooth_accel_decel5
766322,0.0844,-0.1136,0.9304,-3.9375,1.9338,0.2713,1000.9827,smooth_accel_decel5
766382,-0.0113,-0.0237,1.0316,-0.1312,1.0850,0.5425,1001.0056,smooth_accel_decel5
766442,-0.0430,0.0271,0.8115,-0.6037,-0.4812,0.4112,1000.9932,smooth_accel_decel5
766502,0.0741,0.0561,1.0248,4.7250,-0.3762,0.5337,1000.9827,smooth_accel_decel5
766562,0.0447,0.0142,1.0427,-1.8112,-0.2100,0.4900,1001.0125,smooth_accel_decel5
766622,0.0193,0.0045,0.8824,-1.6800,-0.9450,0.6300,1001.0117,smooth_accel_decel5
766682,0.0539,-0.1011,0.9615,-3.7013,-0.3938,0.4988,1001.0159,smooth_accel_decel5
766742,0.0696,0.0077,1.0066,0.2013,1.6537,0.1663,1001.0037,smooth_accel_decel5
766802,0.0098,0.0732,1.0394,0.2537,-2.9575,0.1575,1001.0186,smooth_accel_decel5
766862,-0.0019,0.0059,0.9926,-0.9362,-1.1375,0.4988,1001.0051,smooth_accel_decel5
766922,0.0195,-0.0090,0.9502,-0.7262,-0.4025,0.3150,1001.0107,smooth_accel_decel5
766982,0.0368,-0.0478,0.9104,-0.4638,-1.0150,0.6037,1001.0273,smooth_accel_decel5
767042,0.0130,-0.0451,0.8760,-1.0500,-0.8838,0.5250,1001.0288,smooth_accel_decel5
767102,0.1098,0.0151,1.0226,1.0500,2.7825,0.4725,1001.0339,smooth_accel_decel5
767162,0.0329,0.0086,1.0570,-0.4112,1.4262,0.4112,1001.0344,smooth_accel_decel5
767222,0.0907,0.0429,1.0443,-1.0325,-0.9800,0.3063,1001.0410,smooth_accel_decel5
767282,0.0317,-0.0424,0.8739,-1.6800,-1.9250,0.3325,1001.0454,smooth_accel_decel5
767342,0.0401,0.0058,0.9254,-0.7875,-1.5225,0.5688,1001.0520,smooth_accel_decel5
767402,0.0579,0.0183,0.9955,-2.3888,-2.3800,0.7875,1001.0674,smooth_accel_decel5
767462,0.0570,0.0292,0.9096,-3.5175,-2.8700,0.5950,1001.0623,smooth_accel_decel5
767522,0.0766,0.0602,1.0807,-4.5413,2.2050,0.5512,1001.0437,smooth_accel_decel5
767582,0.0517,-0.0811,1.1061,-0.6913,1.3650,0.3850,1001.0623,smooth_accel_decel5
767642,0.0193,0.0252,1.0448,0.2100,-0.8138,0.1663,1001.0647,smooth_accel_decel5
767702,0.0781,-0.0273,1.0092,-2.2137,1.9688,0.4988,1001.0552,smooth_accel_decel5
767762,0.0600,0.0109,0.9443,-0.4638,1.2162,0.3938,1001.0444,smooth_accel_decel5
767822,0.0825,0.0304,0.9885,-0.8050,-0.0175,0.3325,1001.0278,smooth_accel_decel5
767882,0.0376,-0.0571,0.9741,0.6650,-1.7413,0.1925,1001.0344,smooth_accel_decel5
767942,0.0288,-0.0350,0.8855,-1.4525,-3.2812,-0.2188,1001.0664,smooth_accel_decel5
768002,0.0658,-0.2840,0.9252,-4.5237,-2.1000,-1.0938,1001.0618,smooth_accel_decel5
768062,0.0991,0.0436,1.2695,-4.9963,-1.2162,2.7037,1001.0552,smooth_accel_decel5
768122,0.0586,-0.0993,1.0367,-2.2925,2.8438,0.1750,1001.0576,smooth_accel_decel5
768182,0.0213,-0.1088,0.9545,2.5375,2.4413,-0.1838,1001.0452,smooth_accel_decel5
768242,0.3180,0.1396,1.0075,-3.2900,0.2275,0.5688,1001.0427,smooth_accel_decel5
768302,0.1747,0.1550,1.0599,0.9712,1.4262,1.4000,1001.0664,smooth_accel_decel5
768362,0.0634,0.0285,1.1798,0.3762,5.3288,-0.2362,1001.0518,smooth_accel_decel5
768422,-0.0278,-0.0512,0.8947,0.3587,-2.1700,0.0000,1001.0747,smooth_accel_decel5
768482,0.0332,-0.0559,1.0941,-0.4462,-2.3012,0.2275,1001.0569,smooth_accel_decel5
768542,-0.0037,-0.0392,0.8918,2.7738,-3.6400,-0.1750,1001.0615,smooth_accel_decel5
768602,0.0329,-0.0504,0.9340,0.1400,0.0175,-0.3762,1001.0515,smooth_accel_decel5
768662,0.0390,-0.0715,0.9241,-1.9162,-1.5050,0.3325,1001.0706,smooth_accel_decel5
768722,0.0537,-0.1108,1.0330,0.9800,-3.7625,1.0063,1001.0745,smooth_accel_decel5
768782,0.1352,0.1319,1.0897,-0.7700,1.3212,0.7262,1001.0691,smooth_accel_decel5
768842,0.0897,0.0466,1.1305,2.9925,0.9625,0.0613,1001.0737,smooth_accel_decel5
768902,0.2303,0.0293,1.2537,-0.4112,-4.2613,0.2625,1001.0840,smooth_accel_decel5
768962,0.1274,0.1626,1.2483,2.9838,-1.6100,0.8838,1001.0955,smooth_accel_decel5
769022,0.1413,0.0634,1.1719,1.1900,2.8788,0.4288,1001.0879,smooth_accel_decel5
769082,0.1662,0.1008,1.2427,-5.6000,-2.6512,-0.1488,1001.0891,smooth_accel_decel5
769142,0.1396,0.1232,1.1820,4.0950,-0.9187,-0.4112,1001.0815,smooth_accel_decel5
769202,0.0434,-0.0445,1.0828,-2.1350,0.5075,0.3237,1001.0806,smooth_accel_decel5
769262,0.1548,-0.1496,0.9838,2.7300,2.0213,-0.3325,1001.0713,smooth_accel_decel5
769322,0.1078,-0.0290,1.0324,2.5725,-2.7825,0.0875,1001.0669,smooth_accel_decel5
769382,0.1739,0.1427,1.2385,-3.7625,-0.2013,0.7613,1001.0811,smooth_accel_decel5
769442,0.1289,-0.1300,1.0504,-0.6737,-1.3038,-0.2887,1001.0740,smooth_accel_decel5
769502,0.0790,0.0329,1.0777,-2.3800,-0.7525,0.4638,1001.0989,smooth_accel_decel5
769562,0.0823,-0.0593,0.8823,-0.2013,-0.1488,0.0000,1001.0798,smooth_accel_decel5
769622,-0.0125,-0.1350,0.8472,2.7387,4.5062,-0.6562,1001.1023,smooth_accel_decel5
769682,0.0667,-0.1552,0.8586,2.2662,1.3388,0.3675,1001.1030,smooth_accel_decel5
769742,0.0654,-0.0351,1.1070,6.7638,3.7625,-0.0700,1001.1045,smooth_accel_decel5
769802,0.0742,0.3228,0.9199,-4.4625,-1.3038,0.5950,1001.1240,smooth_accel_decel5
769862,0.0749,-0.0032,1.0165,-3.9113,-2.3012,0.5163,1001.1057,smooth_accel_decel5
769922,0.1049,0.0553,1.0892,4.3663,-2.4850,0.5512,1001.0835,smooth_accel_decel5
769982,0.0901,0.0397,0.9928,1.6100,-6.4662,0.0000,1001.1111,smooth_accel_decel5
770042,0.1698,-0.0411,0.8988,2.5725,-1.8375,-0.1750,1001.0906,smooth_accel_decel5
770102,0.1479,0.0824,1.0180,3.8412,-0.2975,-0.4988,1001.0981,smooth_accel_decel5
770162,0.0920,0.0793,1.0234,1.2862,1.6712,0.4025,1001.0930,smooth_accel_decel5
770222,0.1298,0.0779,1.1125,1.2775,1.2337,0.1312,1001.0815,smooth_accel_decel5
770282,0.0176,0.0161,1.0089,0.5250,-2.4850,0.5250,1001.0984,smooth_accel_decel5
770342,0.0547,-0.0112,0.8747,-0.2975,-2.3275,0.3938,1001.1030,smooth_accel_decel5
770402,0.1821,0.1283,1.1041,0.9013,-1.6100,0.5337,1001.1096,smooth_accel_decel5
770462,0.1023,-0.0039,1.0026,0.8400,-2.2662,0.0175,1001.1084,smooth_accel_decel5
770522,0.1875,0.0317,1.0515,0.2013,-2.6425,0.7088,1001.1184,smooth_accel_decel5
770582,0.0825,0.1267,1.0180,-0.2975,1.0063,0.4988,1001.1069,smooth_accel_decel5
770642,0.1019,0.0320,1.0607,-0.2275,0.8313,0.1838,1001.1201,smooth_accel_decel5
770702,0.0425,-0.0182,0.9695,-0.3237,-0.2975,0.8487,1001.1179,smooth_accel_decel5
770762,0.0117,-0.0701,0.8625,0.1050,-0.3762,0.2887,1001.1331,smooth_accel_decel5
770822,0.0705,-0.0703,0.9389,1.1200,-1.0762,0.6037,1001.1296,smooth_accel_decel5
770882,0.0783,0.0542,1.0546,-1.4787,-0.3063,0.3938,1001.1189,smooth_accel_decel5
770942,0.0659,0.0561,1.0933,-0.5512,3.2900,0.6125,1001.1243,smooth_accel_decel5
771002,0.0551,-0.0303,0.9628,0.3237,-0.0088,0.1138,1001.1345,smooth_accel_decel5
771062,-0.0141,0.0086,0.8661,-0.9538,1.5750,0.1925,1001.1267,smooth_accel_decel5
771122,-0.0002,-0.0673,0.8761,-1.2162,2.0387,-0.3587,1001.1338,smooth_accel_decel5
771182,0.0151,-0.0022,1.0005,-0.5425,1.1287,-0.0787,1001.1384,smooth_accel_decel5
771242,-0.0411,-0.0734,0.9763,-1.6888,0.1663,0.2013,1001.1338,smooth_accel_decel5
771302,0.0148,-0.0314,0.9594,0.4812,-2.9050,0.5600,1001.1462,smooth_accel_decel5
771362,0.0218,0.0146,1.0936,-1.5137,-3.4562,1.2075,1001.1484,smooth_accel_decel5
771422,-0.0424,0.0065,0.8389,0.6388,-2.3363,0.2450,1001.1621,smooth_accel_decel5
771482,0.0858,0.0154,0.9989,-2.0825,1.3212,0.2100,1001.1450,smooth_accel_decel5
771542,-0.0175,-0.0113,0.9238,-3.4475,1.4175,0.7525,1001.1497,smooth_accel_decel5
771602,0.0337,-0.0302,0.9984,-0.0613,-0.2537,0.0175,1001.1396,smooth_accel_decel5
771662,-0.0447,-0.0772,0.9229,2.9137,0.4725,-0.8925,1001.1611,smooth_accel_decel5
771722,0.0849,-0.1197,1.0382,2.8000,1.0762,-0.8487,1001.1570,smooth_accel_decel5
771782,0.1639,-0.0039,1.1476,1.9075,-2.9400,0.6300,1001.1602,smooth_accel_decel5
771842,0.1520,0.2704,1.1002,1.5225,-3.7800,1.1550,1001.1494,smooth_accel_decel5
771902,0.1122,0.0193,1.1251,-2.0912,-3.0975,-0.2450,1001.1541,smooth_accel_decel5
771962,0.0397,0.0024,0.9048,-0.1925,-0.6388,0.1838,1001.1638,smooth_accel_decel5
772022,0.1426,-0.0510,1.1392,1.3563,-0.9100,0.2625,1001.1536,smooth_accel_decel5
772082,0.0890,0.1322,1.0799,4.6287,-1.6013,0.4112,1001.1782,smooth_accel_decel5
772142,0.0905,-0.0634,1.1512,-0.6300,0.5775,0.0525,1001.1619,smooth_accel_decel5
772202,0.1551,0.1813,1.1060,2.8350,2.6688,0.2362,1001.1650,smooth_accel_decel5
772262,0.0611,-0.0875,0.8564,-1.9425,-1.2425,0.8138,1001.1765,smooth_accel_decel5
772322,0.0043,0.0206,0.7405,-0.9362,-2.8700,0.9712,1001.1702,smooth_accel_decel5
772382,-0.0008,-0.0188,1.0677,-1.5312,1.2162,0.6913,1001.1558,smooth_accel_decel5
772442,0.1208,-0.0036,1.0127,1.4612,0.7350,-0.5250,1001.1733,smooth_accel_decel5
772502,0.0915,0.0173,1.0543,-1.7675,-0.4200,0.0700,1001.1589,smooth_accel_decel5
772562,-0.1679,0.0602,0.7643,1.6363,0.7962,0.2800,1001.1655,smooth_accel_decel5
772622,0.0268,-0.0212,0.7774,1.8200,-3.0712,-1.0237,1001.1599,smooth_accel_decel5
772682,0.0855,0.0044,0.9004,-0.7350,0.9187,-0.3675,1001.1628,smooth_accel_decel5
772742,-0.0420,-0.0115,1.0751,-3.4650,0.9187,0.3237,1001.1716,smooth_accel_decel5
772802,0.1078,0.0980,1.0960,0.4112,-0.2975,0.7613,1001.1638,smooth_accel_decel5
772862,0.0092,-0.0710,0.8643,-0.1838,0.8575,0.2013,1001.1655,smooth_accel_decel5
772922,-0.0522,-0.1244,0.7027,-0.7525,-2.3450,-0.5775,1001.1665,smooth_accel_decel5
772982,0.0168,0.0605,0.9170,-2.3712,0.3762,-0.3500,1001.1621,smooth_accel_decel5
773042,0.0579,0.0625,1.0245,-0.0875,1.2775,-0.3500,1001.1760,smooth_accel_decel5
773102,-0.0256,-0.1315,0.8979,-1.4350,3.0712,-0.3413,1001.1833,smooth_accel_decel5
773162,-0.0044,-0.0203,0.9487,-0.8313,0.4025,-0.0875,1001.1880,smooth_accel_decel5
773222,0.1061,-0.0766,1.1420,-2.2662,2.7475,-0.9013,1001.1836,smooth_accel_decel5
773282,-0.0052,-0.1211,0.9411,-0.8225,-0.3762,-0.4200,1001.1897,smooth_accel_decel5
773342,0.1078,-0.1186,1.0546,-1.2687,-0.3325,-0.2100,1001.1787,smooth_accel_decel5
773402,0.0480,0.0764,1.1079,0.8138,1.0588,0.2625,1001.1914,smooth_accel_decel5
773462,0.0412,-0.0029,1.0890,-1.2775,2.2050,-0.3150,1001.1982,smooth_accel_decel5
773522,0.0578,0.0627,0.9418,-0.0613,-2.0650,-0.5512,1001.1868,smooth_accel_decel5
773582,0.0578,0.0307,1.0102,-1.6013,-0.7088,0.1925,1001.1975,smooth_accel_decel5
773642,0.1052,-0.0142,1.0627,-0.4900,0.1400,0.0613,1001.1980,smooth_accel_decel5
773702,0.0612,-0.0605,1.0665,0.2887,0.2537,-0.1488,1001.1960,smooth_accel_decel5
773762,0.0639,0.0920,1.0040,-1.7675,1.7325,-0.0700,1001.2053,smooth_accel_decel5
773822,0.0645,0.0300,0.9438,-1.0762,-0.4200,0.0000,1001.2004,smooth_accel_decel5
773882,0.1159,0.0342,1.0604,-0.6650,0.6125,0.3938,1001.1863,smooth_accel_decel5
773942,0.0670,0.0096,0.8589,-0.4112,-0.8487,0.2013,1001.1995,smooth_accel_decel5
774002,0.1451,0.0059,1.1671,-0.9975,-0.3237,0.7350,1001.1997,smooth_accel_decel5
774062,0.0293,-0.0266,0.8531,-0.7613,-2.2925,0.5600,1001.1956,smooth_accel_decel5
774122,0.0321,-0.0991,0.9599,0.4900,-1.8463,0.1750,1001.2205,smooth_accel_decel5
774182,0.0526,0.0625,1.0714,1.6712,-0.5688,0.1750,1001.2148,smooth_accel_decel5
774242,0.1186,0.0243,1.1997,1.6625,1.7587,-0.1575,1001.2144,smooth_accel_decel5
774302,0.0020,-0.0258,0.9233,-0.3938,-1.6100,-0.2013,1001.2168,smooth_accel_decel5
774362,0.0915,0.0595,1.0856,-1.0063,1.3038,0.5425,1001.2151,smooth_accel_decel5
774422,0.0051,-0.0361,0.8316,-2.3712,1.6712,0.3762,1001.2131,smooth_accel_decel5
774482,0.0899,0.0498,1.0810,1.4350,-1.4525,0.4550,1001.2173,smooth_accel_decel5
774542,0.0646,-0.0239,0.9270,1.8725,-2.0038,0.0088,1001.2090,smooth_accel_decel5
774602,0.1257,-0.0322,0.9836,3.4825,-2.1613,0.1225,1001.2261,smooth_accel_decel5
774662,0.0021,-0.0303,0.8616,-2.2925,-0.2013,0.0962,1001.2300,smooth_accel_decel5
774722,0.0530,0.0449,0.9799,0.3063,-1.3125,0.6388,1001.2217,smooth_accel_decel5
774782,0.0118,-0.1039,0.8935,-0.6913,0.0000,0.2275,1001.2312,smooth_accel_decel5
774842,0.0546,-0.1183,0.9600,0.9013,1.5575,-0.2188,1001.2422,smooth_accel_decel5
774902,0.0916,0.0001,1.0416,2.7912,-0.2800,-0.2887,1001.2336,smooth_accel_decel5
774962,0.0744,0.0962,0.9748,2.3275,-0.8838,0.3500,1001.2319,smooth_accel_decel5
775022,0.1257,-0.0554,0.9374,2.2225,1.5925,0.2275,1001.2371,smooth_accel_decel5
775082,0.0541,0.0590,0.9395,2.3625,-0.0875,0.2013,1001.2231,smooth_accel_decel5
775142,0.1137,0.1218,1.1036,0.6650,-0.2188,0.4988,1001.2251,smooth_accel_decel5
775202,0.0871,-0.0598,0.9753,-1.8637,0.2188,0.3325,1001.2168,smooth_accel_decel5
775262,0.0825,-0.0171,1.0352,-0.3587,1.8375,0.2450,1001.2214,smooth_accel_decel5
775322,-0.0063,0.0534,0.9089,-0.0787,-3.2987,0.3675,1001.2302,smooth_accel_decel5
775382,0.1059,-0.0210,0.9866,0.4638,-1.8550,0.5163,1001.2261,smooth_accel_decel5
775442,0.0468,0.0376,1.0391,2.0825,0.2275,-0.3325,1001.2158,smooth_accel_decel5
775502,0.0819,-0.0422,0.9775,-0.0175,2.4850,0.3675,1001.2231,smooth_accel_decel5
775562,0.0756,-0.0620,0.9795,-1.9688,0.6037,0.5337,1001.2266,smooth_accel_decel5
775622,0.0672,-0.0032,1.0282,0.0787,-0.2537,0.4200,1001.2363,smooth_accel_decel5
775682,0.0349,-0.0181,0.9309,-1.4262,-2.2575,0.4812,1001.2319,smooth_accel_decel5
775742,0.1487,0.0297,1.1172,-1.2513,-0.0175,0.2450,1001.2371,smooth_accel_decel5
775802,0.0249,-0.0100,0.9611,-0.4112,1.6275,0.2013,1001.2346,smooth_accel_decel5
775862,0.0193,-0.0301,0.9589,-1.2513,-0.3237,-0.0962,1001.2468,smooth_accel_decel5
775922,0.0234,-0.0270,1.0624,1.1113,2.0387,0.1225,1001.2507,smooth_accel_decel5
775982,-0.0263,-0.0200,0.8886,0.4725,1.6275,-0.0262,1001.2493,smooth_accel_decel5
776042,0.0429,-0.0827,0.9657,0.2275,-0.9975,0.7175,1001.2437,smooth_accel_decel5
776102,0.0127,0.0245,0.8786,-0.8487,-0.1225,0.7088,1001.2478,smooth_accel_decel5
776162,0.0098,-0.0620,0.9399,-0.7788,0.8138,0.0350,1001.2561,smooth_accel_decel5
776222,0.0203,-0.1301,0.8911,-1.8725,-1.0500,0.3675,1001.2556,smooth_accel_decel5
776282,0.0971,0.0666,1.0627,-0.4812,-1.7062,0.6212,1001.2629,smooth_accel_decel5
776342,0.0686,0.0005,0.9504,-2.2050,-1.0063,0.4375,1001.2634,smooth_accel_decel5
776402,0.0875,-0.0847,1.0296,2.1875,-0.3850,0.2450,1001.2612,smooth_accel_decel5
776462,0.0878,0.0015,1.1248,0.7962,2.3363,0.1750,1001.2681,smooth_accel_decel5
776522,0.0358,0.0273,0.9896,1.9162,2.4325,-0.3938,1001.2612,smooth_accel_decel5
776582,0.0339,-0.0709,0.9110,0.1575,-0.7000,0.0875,1001.2742,smooth_accel_decel5
776642,0.0935,0.0212,0.9354,2.3800,-1.3475,0.4725,1001.2646,smooth_accel_decel5
776702,0.1246,0.1259,1.0587,1.1550,-0.6212,0.7262,1001.2659,smooth_accel_decel5
776762,0.0058,-0.0224,0.9332,-3.1150,-1.3125,-0.0262,1001.2673,smooth_accel_decel5
776822,0.0810,-0.0698,0.8865,0.0875,-5.0925,0.1925,1001.2698,smooth_accel_decel5
776882,0.0359,0.0342,1.0639,2.5988,2.0125,0.3150,1001.2756,smooth_accel_decel5
776942,0.0686,-0.0101,0.9855,1.5225,-0.4025,-0.7437,1001.2759,smooth_accel_decel5
777002,0.1365,-0.0235,1.1056,0.9800,0.6125,0.0962,1001.2759,smooth_accel_decel5
777062,0.0774,0.0490,0.9737,0.5950,-0.4462,0.5950,1001.2688,smooth_accel_decel5
777122,-0.0271,0.0085,0.8804,0.1663,0.6650,-0.0525,1001.2720,smooth_accel_decel5
777182,0.1332,0.0428,1.1536,2.0738,2.7300,0.3938,1001.2742,smooth_accel_decel5
777242,0.0949,0.0737,1.1277,-3.4825,0.1138,1.2425,1001.2739,smooth_accel_decel5
777302,0.0651,0.0073,0.9643,-2.9750,-1.5750,0.5950,1001.2698,smooth_accel_decel5
777362,0.0166,-0.0732,0.9887,-1.1025,-0.5163,0.3850,1001.2737,smooth_accel_decel5
777422,0.1113,-0.0747,0.9304,1.1638,0.6037,-0.2713,1001.2656,smooth_accel_decel5
777482,0.1410,0.0405,1.1380,0.5337,1.5050,0.0175,1001.2646,smooth_accel_decel5
777542,0.0719,-0.0404,1.0221,-0.8400,1.2425,0.6212,1001.2571,smooth_accel_decel5
777602,0.0237,0.1008,0.9850,1.2775,1.1988,0.4288,1001.2639,smooth_accel_decel5
777662,0.0807,0.0012,0.9262,-3.2025,0.8575,-0.4462,1001.2568,smooth_accel_decel5
777722,-0.0102,-0.0122,0.8539,-1.6888,0.1488,0.2013,1001.2542,smooth_accel_decel5
777782,0.1015,-0.1450,1.0282,-1.8463,0.5775,-0.0175,1001.2634,smooth_accel_decel5
777842,0.0640,-0.0068,0.9902,-0.3237,-0.7437,0.1575,1001.2522,smooth_accel_decel5
777902,0.1315,-0.0163,1.0141,0.1838,-0.2013,-0.1925,1001.2546,smooth_accel_decel5
777962,0.0428,-0.0442,0.9280,-1.5312,1.2250,0.2275,1001.2493,smooth_accel_decel5
778022,0.0983,-0.0383,1.0389,-0.2625,1.7237,-0.2713,1001.2590,smooth_accel_decel5
778082,0.0747,-0.0317,0.9313,1.4262,-0.2275,0.6388,1001.2627,smooth_accel_decel5
778142,-0.0139,-0.0581,0.9578,0.4112,1.5312,0.1575,1001.2598,smooth_accel_decel5
778202,0.0588,-0.0188,1.0660,1.4438,2.6425,0.6125,1001.2651,smooth_accel_decel5
778262,0.0769,-0.0755,0.9269,2.5550,0.0875,-0.2537,1001.2686,smooth_accel_decel5
778322,0.1196,0.0153,1.1553,-0.7788,4.4800,0.1400,1001.2803,smooth_accel_decel5
778382,0.0244,-0.0878,0.9496,-0.0875,-0.2188,0.0525,1001.2769,smooth_accel_decel5
778442,0.1324,-0.0719,1.0689,-1.3125,-1.5662,0.6300,1001.2822,smooth_accel_decel5
778502,0.1002,0.0486,1.0172,-0.4112,1.3737,0.0787,1001.2769,smooth_accel_decel5
778562,0.0947,-0.0159,0.9284,-1.9075,-0.7088,0.6737,1001.2769,smooth_accel_decel5
778622,0.0627,-0.0622,0.9480,-0.0700,0.9712,0.6475,1001.2854,smooth_accel_decel5
778682,0.0376,0.0259,1.0146,1.4350,0.6125,-0.1838,1001.2949,smooth_accel_decel5
778742,0.0642,-0.0371,1.1153,3.0013,0.6300,-0.0525,1001.2908,smooth_accel_decel5
778802,0.0122,0.0278,1.0002,1.9950,0.2537,0.1663,1001.2935,smooth_accel_decel5
778862,0.0791,-0.0101,1.0522,4.3400,1.5137,-0.3500,1001.2930,smooth_accel_decel5
778922,0.0684,-0.0503,0.9350,0.8487,-0.9800,0.3500,1001.2896,smooth_accel_decel5
778982,0.1286,0.0980,1.0319,0.4025,-0.5600,0.6650,1001.2776,smooth_accel_decel5
779042,0.0432,0.0276,0.9553,0.7175,-0.4288,0.4288,1001.2915,smooth_accel_decel5
779102,0.0911,0.0066,1.0116,-1.8987,1.0237,0.1575,1001.2905,smooth_accel_decel5
779162,0.1073,0.0000,0.9952,-3.7013,0.5425,0.5950,1001.2913,smooth_accel_decel5
779222,0.1157,-0.0910,1.0451,-2.2137,1.8463,0.0088,1001.2981,smooth_accel_decel5
