,timestamp,a_x,a_y,a_z,dps_x,dps_y,dps_z,pressure,target,time_sec,segment_id,segment_time_sec
0,798302,0.0045,-0.0053,0.9335,0.9538,1.4438,0.1138,1000.9868,right_u_turn,13.44,0,0.0
1,798362,0.0217,0.0594,0.9319,-1.225,-0.6737,-0.0962,1000.9883,right_u_turn,13.5,0,0.06
2,798422,0.0417,0.0207,0.906,0.0787,-1.2862,-0.2975,1000.9829,right_u_turn,13.56,0,0.12
3,798482,0.1023,0.0658,1.0043,-0.2537,-1.5312,-0.7,1000.9829,right_u_turn,13.62,0,0.18
4,798542,0.073,0.0528,1.0324,0.3413,0.2537,-1.0412,1000.98,right_u_turn,13.68,0,0.24
5,798602,0.0695,0.0561,1.009,0.07,0.4988,-1.5575,1000.9778,right_u_turn,13.74,0,0.3
6,798662,0.0769,0.0856,1.0418,1.6537,0.28,-2.4588,1000.9802,right_u_turn,13.8,0,0.36
7,798722,0.0739,0.0559,1.088,1.435,0.4375,-3.08,1000.9812,right_u_turn,13.86,0,0.42
8,798782,0.0486,0.1055,0.9726,1.225,-0.7262,-3.5963,1000.9844,right_u_turn,13.92,0,0.48
9,798842,0.0603,0.1075,0.9977,0.2625,-1.1113,-4.8038,1000.9773,right_u_turn,13.98,0,0.54
10,798902,0.061,0.0988,0.9894,2.3363,1.365,-5.005,1000.9788,right_u_turn,14.04,0,0.6
11,798962,0.023,0.0863,0.9071,-0.0088,-0.0175,-6.5012,1000.9856,right_u_turn,14.1,0,0.66
12,799022,0.0761,0.1293,1.0573,0.6388,0.6913,-7.0175,1000.9829,right_u_turn,14.16,0,0.72
13,799082,0.0659,0.1222,1.0004,-0.0262,-0.1488,-7.9713,1000.9814,right_u_turn,14.22,0,0.78
14,799142,0.0617,0.1329,1.0089,0.6562,0.1838,-9.2575,1000.9822,right_u_turn,14.28,0,0.84
15,799202,0.0932,0.1483,1.0208,0.2537,0.2275,-9.7388,1000.9785,right_u_turn,14.34,0,0.9
16,799262,0.0698,0.133,1.0089,0.2713,-0.4725,-10.885,1000.9878,right_u_turn,14.4,0,0.96
17,799322,0.0542,0.1413,0.9572,1.7587,0.5163,-11.7775,1000.98,right_u_turn,14.46,0,1.02
18,799382,0.0761,0.1564,1.0214,0.6913,-0.5075,-12.88,1000.9812,right_u_turn,14.52,0,1.08
19,799442,0.0886,0.1566,1.0221,1.0063,1.2775,-13.6237,1000.9712,right_u_turn,14.58,0,1.14
20,799502,0.0495,0.1688,0.9598,1.2337,1.7237,-14.4812,1000.9827,right_u_turn,14.64,0,1.2
21,799562,0.0298,0.1267,0.9321,-0.4725,0.9538,-15.2513,1000.9846,right_u_turn,14.7,0,1.26
22,799622,0.0534,0.1593,0.9335,-0.42,-0.6037,-16.3363,1000.9893,right_u_turn,14.76,0,1.32
23,799682,0.083,0.1703,1.039,0.0875,1.2162,-16.2313,1000.9883,right_u_turn,14.82,0,1.38
24,799742,0.0422,0.1264,1.0058,1.0938,0.6913,-17.0975,1000.9744,right_u_turn,14.88,0,1.44
25,799802,-0.0607,0.1814,0.9196,0.56,1.3913,-18.0775,1000.9795,right_u_turn,14.94,0,1.5
26,799862,0.0854,0.2009,1.0233,1.1287,0.8662,-18.9175,1000.9866,right_u_turn,15.0,0,1.56
27,799922,0.0732,0.1716,1.0253,2.0738,-0.7788,-19.5737,1000.9946,right_u_turn,15.06,0,1.62
28,799982,0.0595,0.2453,1.0382,2.24,-0.1663,-20.405,1000.9897,right_u_turn,15.12,0,1.68
29,800042,0.0759,0.2277,0.9862,0.0787,0.1663,-21.56,1000.9832,right_u_turn,15.18,0,1.74
30,800102,0.014,0.2569,1.0163,1.225,0.6125,-22.7412,1000.98,right_u_turn,15.24,0,1.8
31,800162,0.1049,0.2585,0.9838,-1.5225,0.035,-23.9925,1000.9849,right_u_turn,15.3,0,1.86
32,800222,0.0554,0.1996,1.0235,-1.75,1.5575,-24.8062,1000.9885,right_u_turn,15.36,0,1.92
33,800282,0.0793,0.2347,0.9645,-1.33,-0.7175,-24.2987,1000.9873,right_u_turn,15.42,0,1.98
34,800342,-0.0288,0.1959,0.9006,-0.9975,-0.1312,-25.2437,1000.9851,right_u_turn,15.48,0,2.04
35,800402,0.0001,0.1472,0.9603,-2.0563,-0.28,-25.4363,1000.9773,right_u_turn,15.54,0,2.1
36,800462,0.0449,0.2654,1.0308,-0.9013,-0.6125,-26.1625,1000.9858,right_u_turn,15.6,0,2.16
37,800522,0.0889,0.2287,1.1424,2.205,-0.28,-27.1162,1000.9944,right_u_turn,15.66,0,2.22
38,800582,0.0674,0.2111,1.0569,1.5925,0.1663,-27.1775,1000.9844,right_u_turn,15.72,0,2.28
39,800642,0.0827,0.2486,1.0548,0.175,-1.4175,-27.6238,1000.9788,right_u_turn,15.78,0,2.34
40,800702,0.0569,0.1849,1.0043,1.3038,0.1138,-28.2362,1000.9871,right_u_turn,15.84,0,2.4
41,800762,0.013,0.2709,0.8738,1.5925,-2.0738,-29.365,1000.988,right_u_turn,15.9,0,2.46
42,800822,0.0691,0.2411,1.1025,-1.33,0.9625,-29.6625,1000.9875,right_u_turn,15.96,0,2.52
43,800882,0.1307,0.1877,0.996,0.945,-0.91,-29.5487,1000.9824,right_u_turn,16.02,0,2.58
44,800942,0.0408,0.2681,0.9743,0.2887,1.1638,-30.345,1000.9783,right_u_turn,16.08,0,2.64
45,801002,0.1335,0.1886,1.0841,-0.6737,-0.42,-29.89,1000.9924,right_u_turn,16.14,0,2.7
46,801062,0.0081,0.2454,0.9984,1.26,0.2013,-30.3538,1000.9922,right_u_turn,16.2,0,2.76
47,801122,0.0307,0.2362,0.9521,4.0075,-0.35,-31.01,1000.9905,right_u_turn,16.26,0,2.82
48,801182,0.0773,0.2957,0.9964,0.6737,2.8438,-30.1612,1000.9963,right_u_turn,16.32,0,2.88
49,801242,0.0359,0.2416,0.9294,-1.645,0.105,-30.5725,1000.9812,right_u_turn,16.38,0,2.94
50,801302,0.0242,0.193,0.998,-1.4787,0.8138,-30.7825,1000.9878,right_u_turn,16.44,0,3.0
51,801362,0.0041,0.3015,0.8936,-2.5812,-0.4638,-31.4912,1000.9956,right_u_turn,16.5,0,3.06
52,801422,0.1303,0.1901,1.0648,-1.8637,-1.9863,-31.1763,1000.9812,right_u_turn,16.56,0,3.12
53,801482,0.0576,0.182,1.0563,-0.455,1.4088,-31.5263,1000.9915,right_u_turn,16.62,0,3.18
54,801542,0.0015,0.1315,1.0314,0.14,0.7088,-31.8762,1000.99,right_u_turn,16.68,0,3.24
55,801602,0.0329,0.1518,0.9548,0.3237,-1.61,-31.5088,1001.001,right_u_turn,16.74,0,3.3
56,801662,0.0557,0.1332,1.0411,2.4062,-2.135,-30.9837,1000.98,right_u_turn,16.8,0,3.36
57,801722,0.0916,0.2218,1.0602,2.0738,-2.17,-30.94,1000.9973,right_u_turn,16.86,0,3.42
58,801782,0.1033,0.1676,1.0415,1.2687,-1.715,-30.8438,1000.9983,right_u_turn,16.92,0,3.48
59,801842,0.0747,0.3291,1.0861,2.4938,-0.4462,-30.8875,1000.9983,right_u_turn,16.98,0,3.54
60,801902,0.0376,0.2332,0.9806,-0.4288,-2.3888,-30.8875,1000.9902,right_u_turn,17.04,0,3.6
61,801962,0.1108,0.2142,1.0726,0.2362,0.2188,-29.75,1000.979,right_u_turn,17.1,0,3.66
62,802022,0.0112,0.2418,0.9396,-1.68,-2.1437,-30.5725,1000.9851,right_u_turn,17.16,0,3.72
63,802082,0.0156,0.2413,0.8947,-2.3712,-1.8813,-30.7825,1000.9897,right_u_turn,17.22,0,3.78
64,802142,0.0556,0.1586,0.9319,-1.505,-0.665,-30.1437,1000.9763,right_u_turn,17.28,0,3.84
65,802202,0.0373,0.1557,0.9435,-1.1375,1.0063,-30.38,1000.9812,right_u_turn,17.34,0,3.9
66,802262,0.0631,0.2137,0.9941,-0.5863,0.6913,-30.5112,1000.9871,right_u_turn,17.4,0,3.96
67,802322,0.0405,0.2089,0.9204,-0.2975,0.35,-30.485,1000.9885,right_u_turn,17.46,0,4.02
68,802382,0.0229,0.2233,1.0125,1.6625,2.625,-30.835,1000.9788,right_u_turn,17.52,0,4.08
69,802442,-0.0044,0.2301,0.8977,1.47,0.1312,-30.7738,1000.9897,right_u_turn,17.58,0,4.14
70,802502,0.0456,0.1511,1.0404,-0.1225,-0.4375,-30.5812,1000.9817,right_u_turn,17.64,0,4.2
71,802562,0.0303,0.1948,0.9818,-0.0525,-1.5925,-30.6338,1000.99,right_u_turn,17.7,0,4.26
72,802622,0.0368,0.1879,0.973,-0.5775,-1.7938,-30.7913,1000.9978,right_u_turn,17.76,0,4.32
73,802682,0.1103,0.1988,1.0585,0.9013,-1.7675,-30.7563,1000.9744,right_u_turn,17.82,0,4.38
74,802742,0.0734,0.2213,0.9692,0.4025,-1.4088,-31.5,1000.9761,right_u_turn,17.88,0,4.44
75,802802,0.0171,0.2714,0.9859,-0.0962,1.015,-30.8962,1000.9785,right_u_turn,17.94,0,4.5
76,802862,0.0602,0.1563,0.9848,-1.9512,-0.9275,-30.8,1000.979,right_u_turn,18.0,0,4.56
77,802922,0.0609,0.1879,1.018,-0.4988,-2.5988,-31.1063,1000.9912,right_u_turn,18.06,0,4.62
78,802982,0.0515,0.2471,1.0016,-0.63,0.735,-31.0625,1000.9861,right_u_turn,18.12,0,4.68
79,803042,0.052,0.2513,0.9755,-0.9275,0.6212,-31.6225,1000.9856,right_u_turn,18.18,0,4.74
80,803102,0.0617,0.2279,1.0334,0.9975,1.4612,-31.7887,1000.9722,right_u_turn,18.24,0,4.8
81,803162,0.0332,0.1788,0.9919,-0.7088,-0.0437,-32.0163,1000.9832,right_u_turn,18.3,0,4.86
82,803222,0.0049,0.194,0.9543,1.1287,0.8313,-32.0687,1000.9753,right_u_turn,18.36,0,4.92
83,803282,0.0846,0.202,1.0414,0.5863,-1.8375,-31.8762,1000.9919,right_u_turn,18.42,0,4.98
84,803342,0.0457,0.2701,0.9865,-0.4375,-0.4288,-31.885,1000.9868,right_u_turn,18.48,0,5.04
85,803402,0.0764,0.2655,1.1407,-1.0938,0.49,-31.8937,1000.9854,right_u_turn,18.54,0,5.1
86,803462,0.0003,0.2193,0.9642,-0.2975,-0.5337,-32.7163,1000.9846,right_u_turn,18.6,0,5.16
87,803522,0.0742,0.2769,1.1082,-1.4438,0.2275,-32.76,1000.9768,right_u_turn,18.66,0,5.22
88,803582,0.0339,0.1604,1.0631,-0.2713,-1.2075,-32.4888,1000.9785,right_u_turn,18.72,0,5.28
89,803642,0.0037,0.1435,1.0273,-0.8225,0.6475,-33.3725,1000.9741,right_u_turn,18.78,0,5.34
90,803702,0.0251,0.2137,0.9462,1.1113,0.4988,-32.7163,1000.9651,right_u_turn,18.84,0,5.4
91,803762,-0.0527,0.1774,0.9531,0.945,-1.61,-33.0662,1000.9673,right_u_turn,18.9,0,5.46
92,803822,0.0246,0.1823,1.0261,1.19,-0.2537,-32.1037,1000.9626,right_u_turn,18.96,0,5.52
93,803882,-0.0073,0.2211,1.0246,2.5988,1.0237,-33.3988,1000.9619,right_u_turn,19.02,0,5.58
94,803942,-0.0317,0.2335,0.9264,0.4375,0.5512,-33.6263,1000.9663,right_u_turn,19.08,0,5.64
95,804002,0.0712,0.3351,0.9799,1.7763,-1.05,-34.1075,1000.9722,right_u_turn,19.14,0,5.7
96,804062,-0.0321,0.3181,0.9633,-0.1663,-2.2662,-34.2125,1000.97,right_u_turn,19.2,0,5.76
97,804122,0.0096,0.2645,1.0375,0.4462,-0.6825,-34.2038,1000.9639,right_u_turn,19.26,0,5.82
98,804182,0.0612,0.2899,0.9881,-2.2838,-2.94,-34.3175,1000.9648,right_u_turn,19.32,0,5.88
99,804242,0.0102,0.2538,0.9577,-0.6825,-0.175,-33.9238,1000.9563,right_u_turn,19.38,0,5.94
100,804302,0.054,0.2825,0.9496,-2.205,-4.4538,-33.5737,1000.958,right_u_turn,19.44,0,6.0
101,804362,-0.0691,0.1977,0.9157,-0.4112,-0.56,-33.3812,1000.9624,right_u_turn,19.5,0,6.06
102,804422,-0.0681,0.2355,0.9296,0.2013,0.0613,-33.6175,1000.9663,right_u_turn,19.56,0,6.12
103,804482,0.0425,0.1937,1.1263,0.5688,-1.2425,-31.6663,1000.9617,right_u_turn,19.62,0,6.18
104,804542,-0.0181,0.2089,1.0983,1.1988,-0.1838,-31.3775,1000.9675,right_u_turn,19.68,0,6.24
105,804602,-0.0425,0.2072,0.9809,-0.1225,0.595,-29.96,1000.9705,right_u_turn,19.74,0,6.3
106,804662,-0.0622,0.2108,0.9614,0.21,1.7413,-28.91,1000.9609,right_u_turn,19.8,0,6.36
107,804722,-0.0479,0.1703,0.9872,-0.6475,-0.2887,-27.3612,1000.9553,right_u_turn,19.86,0,6.42
108,804782,0.0079,0.1667,1.1026,-0.6913,-0.56,-26.0837,1000.9514,right_u_turn,19.92,0,6.48
109,804842,-0.0861,0.1672,0.8815,0.21,-0.2713,-24.8412,1000.9626,right_u_turn,19.98,0,6.54
110,804902,-0.065,0.1527,0.9252,0.0875,-2.4237,-23.5812,1000.9653,right_u_turn,20.04,0,6.6
111,804962,-0.0474,0.1464,0.9677,0.9538,-1.3475,-23.0212,1000.9639,right_u_turn,20.1,0,6.66
112,805022,-0.0703,0.1434,0.9869,0.7525,1.6975,-22.1637,1000.9648,right_u_turn,20.16,0,6.72
113,805082,-0.0632,0.1659,0.9853,1.3563,0.315,-21.1663,1000.9597,right_u_turn,20.22,0,6.78
114,805142,-0.013,0.1762,0.9926,-0.3587,-1.9775,-20.3612,1000.9626,right_u_turn,20.28,0,6.84
115,805202,-0.0898,0.1398,0.9697,-1.2075,-1.4787,-19.2675,1000.9639,right_u_turn,20.34,0,6.9
116,805262,-0.0365,0.1195,1.0343,-2.9662,-1.5312,-18.06,1000.9668,right_u_turn,20.4,0,6.96
117,805322,-0.0512,0.1168,1.0212,-2.5988,0.35,-16.6425,1000.9558,right_u_turn,20.46,0,7.02
118,805382,-0.0994,0.0903,0.9195,-0.7262,-1.435,-15.5487,1000.9563,right_u_turn,20.52,0,7.08
119,805442,-0.032,0.0487,1.0344,-1.1638,0.6388,-14.1575,1000.9482,right_u_turn,20.58,0,7.14
120,805502,-0.0856,0.0339,0.9191,-0.9362,-1.47,-12.8538,1000.9624,right_u_turn,20.64,0,7.2
121,805562,-0.0798,0.0182,0.955,0.8225,0.1925,-11.445,1000.9543,right_u_turn,20.7,0,7.26
122,805622,-0.0725,0.0913,0.9602,1.0325,0.7088,-10.5787,1000.9597,right_u_turn,20.76,0,7.32
123,805682,-0.0602,0.0179,1.0312,1.3913,-0.0613,-9.0387,1000.9536,right_u_turn,20.82,0,7.38
124,805742,-0.0389,0.1412,1.0538,1.82,0.4988,-7.8137,1000.9624,right_u_turn,20.88,0,7.44
125,805802,0.0012,0.0425,1.0795,-0.7175,0.105,-6.9913,1000.9573,right_u_turn,20.94,0,7.5
126,805862,-0.0412,0.0417,1.045,-0.42,-0.5863,-5.7663,1000.9536,right_u_turn,21.0,0,7.56
127,805922,-0.0686,0.0628,1.038,-1.225,0.7875,-5.1975,1000.9502,right_u_turn,21.06,0,7.62
128,805982,-0.0427,0.0354,1.0911,-0.63,2.3537,-4.3663,1000.9399,right_u_turn,21.12,0,7.68
129,806042,-0.0744,-0.0278,1.0197,0.0875,1.9863,-3.5963,1000.9487,right_u_turn,21.18,0,7.74
130,806102,-0.1032,0.0539,0.9462,0.735,0.6037,-3.0538,1000.9507,right_u_turn,21.24,0,7.8
131,806162,-0.0573,-0.0456,0.9831,1.085,1.7062,-2.5988,1000.9426,right_u_turn,21.3,0,7.86
132,806222,-0.051,0.0185,0.9853,0.2275,-0.0787,-2.2137,1000.939,right_u_turn,21.36,0,7.92
133,806282,-0.0358,0.021,1.0231,0.0437,0.7962,-1.1988,1000.9348,right_u_turn,21.42,0,7.98
134,806342,-0.0852,0.0517,1.1156,0.84,2.135,-0.805,1000.9326,right_u_turn,21.48,0,8.04
135,806402,-0.0866,-0.013,0.9867,-0.0613,1.3563,-1.0412,1000.9365,right_u_turn,21.54,0,8.1
136,806462,-0.102,0.0036,1.0236,0.6388,-1.785,-0.5775,1000.9387,right_u_turn,21.6,0,8.16
137,806522,-0.0488,-0.038,0.9872,-0.3413,-0.4638,0.1138,1000.928,right_u_turn,21.66,0,8.22
138,814922,0.0242,0.0057,0.8821,1.1025,-0.3325,0.1225,1000.9497,right_u_turn,30.06,1,0.0
139,814982,0.0791,0.1627,0.9836,2.205,1.9075,-0.9275,1000.9536,right_u_turn,30.12,1,0.06
140,815042,0.0451,-0.0022,0.9987,0.0262,1.61,-1.0237,1000.9463,right_u_turn,30.18,1,0.12
141,815102,0.0478,-0.0798,1.1156,0.4288,1.7938,-1.05,1000.9595,right_u_turn,30.24,1,0.18
142,815162,0.0825,0.0239,1.0049,-1.8288,-4.5588,-1.225,1000.9714,right_u_turn,30.3,1,0.24
143,815222,0.0139,0.0213,1.0324,-0.0175,-2.2313,-1.47,1000.9607,right_u_turn,30.36,1,0.3
144,815282,0.0359,0.0593,0.9676,2.1437,-2.87,-2.5025,1000.9551,right_u_turn,30.42,1,0.36
145,815342,0.0349,-0.0002,0.8994,1.2337,-3.1237,-4.3313,1000.96,right_u_turn,30.48,1,0.42
146,815402,0.0563,0.0947,1.0346,1.4262,-1.8375,-4.725,1000.9612,right_u_turn,30.54,1,0.48
147,815462,0.1225,0.1523,1.0951,0.9187,0.2625,-5.425,1000.9634,right_u_turn,30.6,1,0.54
148,815522,0.0573,0.0708,0.9323,0.0088,-1.1287,-6.5538,1000.9497,right_u_turn,30.66,1,0.6
149,815582,0.1196,0.1429,0.9257,1.5137,-1.4262,-7.8837,1000.9509,right_u_turn,30.72,1,0.66
150,815642,0.0997,0.1574,1.0019,0.2188,-1.0938,-8.4963,1000.9526,right_u_turn,30.78,1,0.72
151,815702,0.0918,0.1176,1.0331,2.5113,1.61,-10.3512,1000.9531,right_u_turn,30.84,1,0.78
152,815762,0.0524,0.205,0.9804,0.4462,0.8838,-10.7362,1000.9565,right_u_turn,30.9,1,0.84
153,815822,0.039,0.1852,0.9387,0.2188,0.4112,-11.7425,1000.959,right_u_turn,30.96,1,0.9
154,815882,0.0708,0.1577,0.9591,-0.2625,0.5863,-13.2913,1000.9561,right_u_turn,31.02,1,0.96
155,815942,0.073,0.2179,1.0817,-0.49,1.0762,-13.5538,1000.9546,right_u_turn,31.08,1,1.02
156,816002,0.0602,0.1871,1.0719,-0.4812,0.8225,-14.5162,1000.9702,right_u_turn,31.14,1,1.08
157,816062,0.063,0.1215,0.9931,-1.2337,-0.3762,-15.4,1000.9565,right_u_turn,31.2,1,1.14
158,816122,0.0754,0.2139,1.0511,-0.5425,-0.9625,-16.6338,1000.9539,right_u_turn,31.26,1,1.2
159,816182,0.0911,0.113,0.9907,-0.3325,-1.33,-16.9137,1000.9624,right_u_turn,31.32,1,1.26
160,816242,0.0839,0.2045,1.0637,1.0675,-0.2275,-16.8263,1000.9624,right_u_turn,31.38,1,1.32
161,816302,0.1141,0.2485,1.0462,1.1812,-0.6562,-18.6112,1000.9609,right_u_turn,31.44,1,1.38
162,816362,0.0822,0.1935,0.9485,0.84,-0.6825,-18.9613,1000.9607,right_u_turn,31.5,1,1.44
163,816422,0.2049,0.2869,0.996,0.2975,-1.7938,-18.865,1000.9529,right_u_turn,31.56,1,1.5
164,816482,0.0742,0.2433,0.9884,-5.8275,-4.375,-19.4075,1000.9417,right_u_turn,31.62,1,1.56
165,816542,0.1293,0.2234,0.9989,-2.5812,-2.3888,-20.1162,1000.9597,right_u_turn,31.68,1,1.62
166,816602,0.0808,0.1804,1.0255,-3.71,-1.8463,-21.4025,1000.9587,right_u_turn,31.74,1,1.68
167,816662,0.0918,0.2262,1.1205,-0.9712,0.6737,-21.9275,1000.9641,right_u_turn,31.8,1,1.74
168,816722,0.0462,0.21,1.0485,-0.0262,2.4062,-23.4325,1000.96,right_u_turn,31.86,1,1.8
169,816782,0.0339,0.166,0.9604,0.7262,2.8612,-23.7913,1000.9575,right_u_turn,31.92,1,1.86
170,816842,0.0659,0.1552,0.9277,0.4638,-0.1838,-23.8875,1000.9634,right_u_turn,31.98,1,1.92
171,816902,0.07,0.1907,0.9675,1.6013,0.35,-23.7125,1000.9507,right_u_turn,32.04,1,1.98
172,816962,-0.0017,0.1798,0.9848,2.4413,-0.7,-24.71,1000.9395,right_u_turn,32.1,1,2.04
173,817022,0.0634,0.2799,0.8947,0.6388,-0.7437,-24.7013,1000.9556,right_u_turn,32.16,1,2.1
174,817082,0.085,0.2274,1.0427,1.4612,1.5137,-25.5413,1000.9617,right_u_turn,32.22,1,2.16
175,817142,0.0298,0.2331,1.0528,0.9275,1.3563,-25.515,1000.9551,right_u_turn,32.28,1,2.22
176,817202,0.0369,0.2508,1.088,-0.1225,1.8288,-25.4188,1000.9561,right_u_turn,32.34,1,2.28
177,817262,-0.0195,0.2136,0.8794,-0.805,-1.2075,-25.795,1000.9456,right_u_turn,32.4,1,2.34
178,817322,0.0134,0.2494,0.9377,-2.66,1.0938,-25.8388,1000.9434,right_u_turn,32.46,1,2.4
179,817382,0.0734,0.1696,1.0541,-0.6212,-2.0825,-26.9762,1000.9473,right_u_turn,32.52,1,2.46
180,817442,0.1774,0.2375,1.078,-0.6125,1.05,-27.2213,1000.9595,right_u_turn,32.58,1,2.52
181,817502,0.0431,0.1659,0.9916,0.1312,-1.61,-27.4225,1000.9519,right_u_turn,32.64,1,2.58
182,817562,0.0339,0.2058,0.9938,2.0213,-1.33,-27.7812,1000.9431,right_u_turn,32.7,1,2.64
183,817622,0.1391,0.1776,1.0627,0.0613,-0.8662,-26.88,1000.9434,right_u_turn,32.76,1,2.7
184,817682,0.0838,0.2282,0.9962,-0.3587,-1.9688,-27.3,1000.9421,right_u_turn,32.82,1,2.76
185,817742,0.0823,0.2365,1.0028,1.26,-1.4787,-28.3675,1000.9463,right_u_turn,32.88,1,2.82
186,817802,0.0905,0.2189,0.9482,0.1488,-2.065,-28.49,1000.9412,right_u_turn,32.94,1,2.88
187,817862,0.1089,0.1967,0.9936,-0.2275,-1.085,-29.0675,1000.9258,right_u_turn,33.0,1,2.94
188,817922,0.0447,0.2335,0.9931,0.3938,-0.5075,-29.1637,1000.9294,right_u_turn,33.06,1,3.0
189,817982,0.0712,0.232,0.9826,1.19,0.6913,-29.1287,1000.9314,right_u_turn,33.12,1,3.06
190,818042,0.0474,0.1571,0.9612,0.4288,-0.6212,-29.0325,1000.9314,right_u_turn,33.18,1,3.12
191,818102,0.0756,0.2362,1.0119,0.5775,-0.91,-29.0588,1000.9329,right_u_turn,33.24,1,3.18
192,818162,0.0695,0.2237,1.0416,1.1375,0.2275,-29.0675,1000.9297,right_u_turn,33.3,1,3.24
193,818222,0.0057,0.286,1.0119,1.1463,-0.1138,-29.26,1000.927,right_u_turn,33.36,1,3.3
194,818282,0.0717,0.2051,1.0236,0.805,-0.49,-29.155,1000.9302,right_u_turn,33.42,1,3.36
195,818342,0.0709,0.2289,1.059,0.7525,-0.0262,-29.1462,1000.9233,right_u_turn,33.48,1,3.42
196,818402,0.0059,0.2647,0.984,-0.0175,-0.6737,-29.4525,1000.9265,right_u_turn,33.54,1,3.48
197,818462,0.0468,0.2272,1.0031,-0.4375,-0.7437,-29.7237,1000.9243,right_u_turn,33.6,1,3.54
198,818522,0.0506,0.242,0.9595,-0.49,0.0437,-29.7675,1000.9277,right_u_turn,33.66,1,3.6
199,818582,0.0606,0.1956,0.9934,-0.5075,0.0175,-29.9775,1000.9219,right_u_turn,33.72,1,3.66
200,818642,0.0317,0.2353,0.9536,0.0175,-0.9362,-29.9075,1000.9187,right_u_turn,33.78,1,3.72
201,818702,0.0264,0.2454,0.9792,0.1138,0.5163,-30.1437,1000.9209,right_u_turn,33.84,1,3.78
202,818762,0.0225,0.2008,0.9201,0.3063,-1.0762,-29.9775,1000.9175,right_u_turn,33.9,1,3.84
203,818822,0.021,0.2033,1.0526,0.0613,0.07,-30.2313,1000.9417,right_u_turn,33.96,1,3.9
204,818882,0.0405,0.2519,0.9819,0.8487,-0.7613,-30.0125,1000.9358,right_u_turn,34.02,1,3.96
205,818942,0.0551,0.2081,1.0089,-0.3325,-0.6125,-29.855,1000.9265,right_u_turn,34.08,1,4.02
206,819002,0.0368,0.2542,1.0053,0.4112,-0.3938,-30.59,1000.9241,right_u_turn,34.14,1,4.08
207,819062,0.1268,0.2027,1.0504,-0.2275,-0.4988,-30.38,1000.9214,right_u_turn,34.2,1,4.14
208,819122,0.0817,0.2338,1.0148,0.5863,-1.4,-30.38,1000.9277,right_u_turn,34.26,1,4.2
209,819182,0.1033,0.2694,1.0294,-0.5775,-0.0613,-30.5812,1000.9319,right_u_turn,34.32,1,4.26
210,819242,0.0852,0.2165,0.9539,-0.56,-1.575,-30.5287,1000.9214,right_u_turn,34.38,1,4.32
211,819302,0.1173,0.2322,1.0329,-0.3325,-2.6425,-30.87,1000.9229,right_u_turn,34.44,1,4.38
212,819362,0.0675,0.2425,1.0319,-0.0962,0.3938,-31.9638,1000.9192,right_u_turn,34.5,1,4.44
213,819422,0.1052,0.2402,0.9991,-0.8838,-0.0525,-31.6663,1000.9272,right_u_turn,34.56,1,4.5
214,819482,0.0836,0.2452,1.0272,0.8575,-0.42,-31.8062,1000.9324,right_u_turn,34.62,1,4.56
215,819542,0.0395,0.2872,0.9955,3.0013,0.9362,-32.7337,1000.9329,right_u_turn,34.68,1,4.62
216,819602,0.0978,0.2752,1.0643,0.8138,1.2862,-33.25,1000.9331,right_u_turn,34.74,1,4.68
217,819662,0.0381,0.272,0.9451,1.645,0.1925,-33.53,1000.9397,right_u_turn,34.8,1,4.74
218,819722,0.0505,0.2689,0.964,0.4638,-0.07,-33.8275,1000.9419,right_u_turn,34.86,1,4.8
219,819782,0.0267,0.2745,0.9924,0.0262,-1.4525,-33.88,1000.9475,right_u_turn,34.92,1,4.86
220,819842,0.0088,0.2306,0.9704,0.7262,-1.8725,-34.055,1000.9453,right_u_turn,34.98,1,4.92
221,819902,0.068,0.2442,0.9792,0.0613,-1.82,-33.8975,1000.9539,right_u_turn,35.04,1,4.98
222,819962,0.001,0.2916,0.9406,-1.0412,-0.105,-34.16,1000.9521,right_u_turn,35.1,1,5.04
223,820022,0.0159,0.2352,0.9501,-0.2537,0.3587,-33.705,1000.9546,right_u_turn,35.16,1,5.1
224,820082,0.0117,0.2808,0.8823,-1.1375,-0.21,-34.4925,1000.9485,right_u_turn,35.22,1,5.16
225,820142,0.0837,0.2315,1.1034,-0.5163,-0.3762,-34.7025,1000.9526,right_u_turn,35.28,1,5.22
226,820202,0.0007,0.3084,1.0109,2.1962,0.1575,-34.3787,1000.9656,right_u_turn,35.34,1,5.28
227,820262,-0.0076,0.2418,0.9894,2.6512,-0.0875,-35.1575,1000.9612,right_u_turn,35.4,1,5.34
228,820322,0.0417,0.2951,1.0053,-0.7525,-0.0613,-35.1488,1000.9573,right_u_turn,35.46,1,5.4
229,820382,0.0539,0.356,1.0722,-1.1725,2.345,-35.35,1000.9497,right_u_turn,35.52,1,5.46
230,820442,0.0844,0.228,1.0022,-1.4612,0.5425,-34.6413,1000.9478,right_u_turn,35.58,1,5.52
231,820502,0.0276,0.2686,0.9607,1.155,0.91,-34.6413,1000.9524,right_u_turn,35.64,1,5.58
232,820562,-0.0285,0.2189,0.9436,-0.7175,-0.84,-35.9888,1000.9519,right_u_turn,35.7,1,5.64
233,820622,-0.031,0.3006,0.9165,3.0275,0.1488,-36.7062,1000.946,right_u_turn,35.76,1,5.7
234,820682,-0.0181,0.2465,0.9694,2.6688,-0.4725,-36.4525,1000.9604,right_u_turn,35.82,1,5.76
235,820742,0.02,0.2989,0.9841,2.9838,0.1838,-35.9362,1000.95,right_u_turn,35.88,1,5.82
236,820802,0.0478,0.2774,1.0175,0.6212,-2.065,-35.4375,1000.9521,right_u_turn,35.94,1,5.88
237,820862,-0.0237,0.2935,0.9973,-0.6475,1.085,-34.86,1000.9548,right_u_turn,36.0,1,5.94
238,820922,-0.0315,0.2945,1.0521,-3.185,0.9187,-34.93,1000.9487,right_u_turn,36.06,1,6.0
239,820982,-0.0146,0.2623,0.8667,-2.6862,-2.3712,-34.2912,1000.9541,right_u_turn,36.12,1,6.06
240,821042,0.0212,0.1992,1.0165,-4.6287,-0.6825,-32.83,1000.9438,right_u_turn,36.18,1,6.12
241,821102,-0.0461,0.2121,0.9389,-3.5612,-0.1575,-31.5875,1000.9441,right_u_turn,36.24,1,6.18
242,821162,-0.0054,0.1412,0.9914,-0.1575,1.0237,-30.6775,1000.9478,right_u_turn,36.3,1,6.24
243,821222,-0.0134,0.1615,1.0292,-1.05,-0.63,-28.4375,1000.9512,right_u_turn,36.36,1,6.3
244,821282,-0.0495,0.2006,1.0302,-0.42,-0.84,-27.3787,1000.9629,right_u_turn,36.42,1,6.36
245,821342,-0.0578,0.1466,0.9482,1.1287,-1.9425,-26.4075,1000.9563,right_u_turn,36.48,1,6.42
246,821402,-0.0742,0.1296,0.8914,1.1287,-0.9013,-24.7975,1000.9514,right_u_turn,36.54,1,6.48
247,821462,-0.0139,0.1504,1.0721,-1.0675,0.7437,-23.3713,1000.947,right_u_turn,36.6,1,6.54
248,821522,-0.0652,0.1588,1.0011,-0.2537,0.07,-22.4088,1000.9478,right_u_turn,36.66,1,6.6
249,821582,-0.0927,0.1559,0.9362,-0.1925,-0.2275,-21.07,1000.9575,right_u_turn,36.72,1,6.66
250,821642,-0.089,0.1103,1.0147,-0.245,-0.7875,-20.2388,1000.9517,right_u_turn,36.78,1,6.72
251,821702,-0.0634,0.1205,0.9592,-0.2362,-1.2862,-18.8213,1000.9521,right_u_turn,36.84,1,6.78
252,821762,-0.0737,0.0727,1.0063,0.0613,1.435,-17.15,1000.9514,right_u_turn,36.9,1,6.84
253,821822,-0.0655,0.1462,0.9726,-0.0437,-1.2862,-15.9163,1000.9573,right_u_turn,36.96,1,6.9
254,821882,-0.0678,0.0212,0.9626,-0.0262,0.0787,-14.84,1000.9465,right_u_turn,37.02,1,6.96
255,821942,-0.0612,0.062,0.9274,-0.77,-1.645,-13.3612,1000.9502,right_u_turn,37.08,1,7.02
256,822002,-0.024,0.0786,1.0556,-0.9013,-0.2537,-12.005,1000.9565,right_u_turn,37.14,1,7.08
257,822062,-0.0522,0.073,0.9848,-1.3212,-1.2162,-10.4475,1000.9541,right_u_turn,37.2,1,7.14
258,822122,-0.0567,0.063,1.0045,-0.56,0.455,-9.275,1000.9587,right_u_turn,37.26,1,7.2
259,822182,-0.0854,0.0088,0.929,-1.12,-0.4988,-8.1025,1000.9617,right_u_turn,37.32,1,7.26
260,822242,-0.0541,0.0261,0.9995,-0.7262,1.085,-7.0262,1000.9592,right_u_turn,37.38,1,7.32
261,822302,-0.1011,0.018,0.9009,0.315,0.0437,-6.4925,1000.9607,right_u_turn,37.44,1,7.38
262,822362,-0.0883,-0.0386,0.9521,-0.2275,0.805,-6.0988,1000.9612,right_u_turn,37.5,1,7.44
263,822422,-0.0595,0.0323,1.0898,1.015,1.4438,-5.1363,1000.96,right_u_turn,37.56,1,7.5
264,822482,-0.0656,0.0722,1.0014,1.2075,0.3938,-5.0138,1000.9602,right_u_turn,37.62,1,7.56
265,822542,-0.0568,0.0609,1.0011,-0.0525,1.0412,-4.8913,1000.947,right_u_turn,37.68,1,7.62
266,822602,-0.0463,0.0925,0.9958,0.5863,1.0938,-4.4625,1000.9543,right_u_turn,37.74,1,7.68
267,822662,-0.0615,0.0672,0.9318,-0.175,-1.61,-4.1388,1000.9465,right_u_turn,37.8,1,7.74
268,822722,-0.052,0.0463,1.0139,-0.5775,-0.5337,-3.7188,1000.9592,right_u_turn,37.86,1,7.8
269,822782,-0.1022,0.0618,0.9545,-0.56,-0.5512,-3.5963,1000.9526,right_u_turn,37.92,1,7.86
270,822842,-0.0396,0.0018,1.0458,-1.3125,0.4812,-3.1237,1000.9556,right_u_turn,37.98,1,7.92
271,822902,-0.1053,0.0757,0.927,-0.665,0.9362,-2.8525,1000.948,right_u_turn,38.04,1,7.98
272,822962,-0.0537,0.0373,1.0097,-1.4262,-1.715,-2.275,1000.9316,right_u_turn,38.1,1,8.04
273,823022,-0.0564,-0.0154,0.997,1.645,-0.0875,-1.7237,1000.946,right_u_turn,38.16,1,8.1
274,823082,-0.0098,0.0735,1.0152,-0.0875,0.35,-1.3212,1000.9458,right_u_turn,38.22,1,8.16
275,823142,-0.0574,0.0404,1.0034,0.9712,0.9013,-1.26,1000.9668,right_u_turn,38.28,1,8.22
276,823202,-0.0491,-0.0085,0.9989,0.2188,0.5337,-1.1287,1000.9492,right_u_turn,38.34,1,8.28
277,823262,-0.0681,-0.0342,1.015,-0.5512,1.2687,-0.385,1000.9553,right_u_turn,38.4,1,8.34
278,823322,-0.051,0.0942,0.9797,-0.1225,-0.0962,-0.7175,1000.9573,right_u_turn,38.46,1,8.4
279,823382,0.0046,0.0181,1.0567,-0.3762,-0.0787,-0.0262,1000.9507,right_u_turn,38.52,1,8.46
280,823442,-0.0343,0.0301,0.9548,0.2013,0.4462,-0.2537,1000.9397,right_u_turn,38.58,1,8.52
281,823502,-0.0252,0.0452,0.9612,0.0875,-0.4375,-0.4462,1000.9365,right_u_turn,38.64,1,8.58
282,823562,-0.0893,-0.0069,1.0172,0.0875,0.4112,-0.1663,1000.9363,right_u_turn,38.7,1,8.64
283,823622,-0.1122,-0.0166,0.9387,0.5163,0.8487,-0.35,1000.9417,right_u_turn,38.76,1,8.7
284,823682,-0.0237,0.0771,1.0432,1.9512,-0.0787,-0.2275,1000.9355,right_u_turn,38.82,1,8.76
285,823742,0.012,0.0544,1.0311,-0.1663,2.1525,0.1575,1000.9385,right_u_turn,38.88,1,8.82
286,831542,0.0606,0.0173,0.9552,-0.3413,-0.8575,0.175,1000.9639,right_u_turn,46.68,2,0.0
287,831602,0.1015,0.0079,1.0433,-0.5337,-0.6825,-0.0525,1000.9644,right_u_turn,46.74,2,0.06
288,831662,0.0522,-0.0051,1.0127,1.3913,-1.0675,-0.0088,1000.9646,right_u_turn,46.8,2,0.12
289,831722,0.0581,0.0622,0.958,0.6388,-0.035,-0.35,1000.967,right_u_turn,46.86,2,0.18
290,831782,0.0672,0.0261,1.0479,0.7088,0.0088,-0.3587,1000.9651,right_u_turn,46.92,2,0.24
291,831842,0.0387,0.0481,0.9511,-0.385,0.3325,-0.595,1000.9675,right_u_turn,46.98,2,0.3
292,831902,0.0493,0.0542,0.9957,-0.7525,-0.315,-1.3913,1000.9604,right_u_turn,47.04,2,0.36
293,831962,0.0656,0.043,1.0348,-0.4288,0.5688,-1.2425,1000.9719,right_u_turn,47.1,2,0.42
294,832022,0.0278,0.0681,0.9143,0.0262,0.28,-2.065,1000.9739,right_u_turn,47.16,2,0.48
295,832082,0.0554,-0.0019,0.9941,0.245,0.7175,-2.17,1000.9751,right_u_turn,47.22,2,0.54
296,832142,0.0467,0.0895,0.9579,0.0875,0.4462,-2.52,1000.9756,right_u_turn,47.28,2,0.6
297,832202,0.0712,0.0286,1.0799,0.49,0.5775,-2.3712,1000.9731,right_u_turn,47.34,2,0.66
298,832262,0.0361,0.1905,0.9445,1.4175,0.595,-3.2375,1000.9678,right_u_turn,47.4,2,0.72
299,832322,0.0605,0.0653,1.0201,0.1925,-0.3325,-4.0862,1000.9719,right_u_turn,47.46,2,0.78
300,832382,0.0313,0.0744,0.9882,0.8313,1.7763,-4.83,1000.978,right_u_turn,47.52,2,0.84
301,832442,0.0429,0.0475,0.9284,2.0738,-0.07,-5.46,1000.9753,right_u_turn,47.58,2,0.9
302,832502,-0.016,0.064,0.853,1.3038,-0.5337,-6.5975,1000.9731,right_u_turn,47.64,2,0.96
303,832562,0.0588,0.1071,1.0765,1.6625,1.89,-7.4462,1000.9697,right_u_turn,47.7,2,1.02
304,832622,0.0542,0.1816,1.0055,0.8487,0.7525,-8.7762,1000.9619,right_u_turn,47.76,2,1.08
305,832682,0.062,0.1274,1.019,-0.1925,-0.4812,-9.9663,1000.968,right_u_turn,47.82,2,1.14
306,832742,0.0742,0.2183,0.9307,0.0262,-1.2687,-11.2963,1000.9651,right_u_turn,47.88,2,1.2
307,832802,0.0927,0.1295,0.9838,-0.9187,-0.805,-12.635,1000.9644,right_u_turn,47.94,2,1.26
308,832862,0.0623,0.1835,0.9484,1.435,0.42,-13.7725,1000.9578,right_u_turn,48.0,2,1.32
309,832922,0.0559,0.1571,0.9201,0.8838,0.5512,-14.8663,1000.9607,right_u_turn,48.06,2,1.38
310,832982,0.0525,0.1545,1.0413,0.5075,1.3388,-15.4175,1000.9551,right_u_turn,48.12,2,1.44
311,833042,0.0706,0.1711,0.9997,1.8813,1.5575,-15.9513,1000.9675,right_u_turn,48.18,2,1.5
312,833102,0.0998,0.1559,0.9057,-1.8288,-1.9512,-16.3975,1000.9692,right_u_turn,48.24,2,1.56
313,833162,0.0631,0.1915,0.9986,0.7088,1.435,-16.7825,1000.9768,right_u_turn,48.3,2,1.62
314,833222,0.0429,0.151,0.9803,1.0063,-0.7788,-17.6925,1000.9644,right_u_turn,48.36,2,1.68
315,833282,0.0756,0.2365,1.0067,1.6363,1.0412,-18.2262,1000.9683,right_u_turn,48.42,2,1.74
316,833342,0.0752,0.1859,0.9146,1.225,-1.54,-19.285,1000.9724,right_u_turn,48.48,2,1.8
317,833402,0.0736,0.2455,1.0327,0.7962,1.0675,-19.9675,1000.9719,right_u_turn,48.54,2,1.86
318,833462,0.0773,0.2838,0.9639,0.105,-0.6212,-20.86,1000.9702,right_u_turn,48.6,2,1.92
319,833522,0.0825,0.2133,0.9923,-0.0613,-1.1463,-21.6825,1000.9673,right_u_turn,48.66,2,1.98
320,833582,0.1149,0.2476,0.9984,0.805,-0.6825,-22.8025,1000.9749,right_u_turn,48.72,2,2.04
321,833642,0.0791,0.1974,0.9946,-0.28,-0.595,-22.5925,1000.9651,right_u_turn,48.78,2,2.1
322,833702,0.0658,0.2259,0.9606,0.595,-0.8575,-23.3888,1000.9709,right_u_turn,48.84,2,2.16
323,833762,0.1017,0.2237,1.0038,-1.4262,-0.8138,-23.6863,1000.9675,right_u_turn,48.9,2,2.22
324,833822,0.0747,0.195,0.9323,-0.2362,-1.715,-24.29,1000.981,right_u_turn,48.96,2,2.28
325,833882,0.0417,0.1693,0.9324,-1.4088,-0.805,-25.06,1000.9756,right_u_turn,49.02,2,2.34
326,833942,0.0832,0.1682,1.0182,0.07,0.49,-25.8738,1000.9709,right_u_turn,49.08,2,2.4
327,834002,0.0946,0.2596,1.0228,0.4025,-1.7325,-27.0725,1000.9751,right_u_turn,49.14,2,2.46
328,834062,0.0933,0.2464,1.0402,0.7437,1.1113,-26.8013,1000.9778,right_u_turn,49.2,2,2.52
329,834122,0.0669,0.1565,0.9867,-0.3675,-1.4,-27.65,1000.9851,right_u_turn,49.26,2,2.58
330,834182,0.0786,0.2367,0.9711,1.6975,-0.1312,-28.385,1000.9778,right_u_turn,49.32,2,2.64
331,834242,0.0998,0.2877,1.0312,1.4787,-1.0675,-29.0063,1000.9939,right_u_turn,49.38,2,2.7
332,834302,0.1179,0.2308,1.0001,-2.38,-0.4812,-28.385,1000.9832,right_u_turn,49.44,2,2.76
333,834362,0.1113,0.2772,1.0228,-0.0175,-2.345,-30.1612,1000.981,right_u_turn,49.5,2,2.82
334,834422,0.1399,0.1335,0.9967,-0.035,-0.4812,-28.665,1001.0002,right_u_turn,49.56,2,2.88
335,834482,0.1393,0.2164,1.0848,2.0213,0.0962,-29.0588,1000.9971,right_u_turn,49.62,2,2.94
336,834542,0.1102,0.2555,1.1608,-0.7,3.745,-29.4525,1001.0012,right_u_turn,49.68,2,3.0
337,834602,0.1161,0.1845,1.0673,1.7062,2.0738,-29.855,1001.0034,right_u_turn,49.74,2,3.06
338,834662,0.0679,0.2522,0.9179,0.4462,0.91,-30.1262,1000.9846,right_u_turn,49.8,2,3.12
339,834722,0.0342,0.2738,0.8775,-0.2188,0.1225,-30.8438,1000.9932,right_u_turn,49.86,2,3.18
340,834782,0.08,0.2771,0.9187,-2.4762,0.2275,-30.87,1000.9856,right_u_turn,49.92,2,3.24
341,834842,0.0603,0.1854,0.9838,-1.4262,0.4112,-30.9487,1000.9858,right_u_turn,49.98,2,3.3
342,834902,0.0862,0.2447,1.0493,-3.9462,-0.2013,-31.115,1000.9924,right_u_turn,50.04,2,3.36
343,834962,-0.0341,0.1171,0.8867,-3.08,1.3913,-31.7625,1000.9912,right_u_turn,50.1,2,3.42
344,835022,0.0554,0.1265,0.9821,-1.2425,-2.7912,-31.5613,1000.9998,right_u_turn,50.16,2,3.48
345,835082,0.011,0.1947,1.0112,1.3737,-1.4,-31.3162,1000.9932,right_u_turn,50.22,2,3.54
346,835142,0.0391,0.1731,1.0058,1.8112,-2.1437,-31.1063,1000.9944,right_u_turn,50.28,2,3.6
347,835202,0.0534,0.1868,0.9909,2.94,-2.6163,-31.1325,1001.0085,right_u_turn,50.34,2,3.66
348,835262,0.0867,0.2367,1.0685,3.3338,-0.77,-30.8175,1000.9819,right_u_turn,50.4,2,3.72
349,835322,0.0744,0.2567,1.0009,-0.21,-2.7213,-30.4062,1000.9949,right_u_turn,50.46,2,3.78
350,835382,0.1337,0.1691,1.0755,-0.2275,-2.0213,-30.7125,1000.998,right_u_turn,50.52,2,3.84
351,835442,0.0071,0.2693,0.9617,-0.7,-2.31,-30.6162,1000.9924,right_u_turn,50.58,2,3.9
352,835502,0.0518,0.2628,0.9881,1.0063,-3.0712,-31.465,1000.9963,right_u_turn,50.64,2,3.96
353,835562,0.0608,0.1906,1.0189,0.3762,-1.0063,-31.255,1000.9941,right_u_turn,50.7,2,4.02
354,835622,0.0454,0.2618,0.9121,-1.4088,-3.7275,-31.2288,1000.9895,right_u_turn,50.76,2,4.08
355,835682,0.0378,0.1951,0.964,-1.5488,1.2862,-30.7913,1000.9949,right_u_turn,50.82,2,4.14
356,835742,0.1213,0.1742,1.0168,-0.9362,-1.8375,-31.5875,1000.9958,right_u_turn,50.88,2,4.2
357,835802,0.0734,0.193,0.9828,-0.3587,2.2925,-31.535,1000.9834,right_u_turn,50.94,2,4.26
358,835862,0.0015,0.205,0.9499,0.6212,1.54,-32.0075,1000.9915,right_u_turn,51.0,2,4.32
359,835922,0.05,0.2227,1.0829,1.0412,1.75,-32.1037,1000.9954,right_u_turn,51.06,2,4.38
360,835982,0.0208,0.2106,0.9865,0.7262,0.7875,-31.4125,1000.9976,right_u_turn,51.12,2,4.44
361,836042,0.0005,0.1962,1.039,1.0412,0.7613,-31.9638,1000.9902,right_u_turn,51.18,2,4.5
362,836102,0.0584,0.2044,0.9858,0.2887,-0.7088,-31.71,1001.0007,right_u_turn,51.24,2,4.56
363,836162,0.0021,0.2323,1.0097,0.0962,0.0525,-32.235,1000.998,right_u_turn,51.3,2,4.62
364,836222,0.1025,0.1668,0.933,-1.54,-2.765,-32.3575,1000.9893,right_u_turn,51.36,2,4.68
365,836282,0.0512,0.2014,0.9272,0.2975,-2.1525,-32.2262,1000.9939,right_u_turn,51.42,2,4.74
366,836342,0.0208,0.246,1.0175,0.0787,-1.3913,-32.3488,1000.9934,right_u_turn,51.48,2,4.8
367,836402,0.0532,0.243,1.0285,0.175,-0.4725,-32.7163,1001.0044,right_u_turn,51.54,2,4.86
368,836462,0.031,0.2314,1.0433,1.2337,1.6975,-31.78,1000.9941,right_u_turn,51.6,2,4.92
369,836522,-0.0083,0.1678,0.9825,-0.6212,-0.665,-32.4888,1000.9836,right_u_turn,51.66,2,4.98
370,836582,0.0168,0.2086,0.9433,-0.7613,-1.015,-32.4975,1000.9912,right_u_turn,51.72,2,5.04
371,836642,0.0486,0.1696,0.9362,-0.525,-1.8112,-32.9263,1000.9963,right_u_turn,51.78,2,5.1
372,836702,0.03,0.2176,0.9907,0.945,-0.7437,-32.8125,1000.9978,right_u_turn,51.84,2,5.16
373,836762,-0.0117,0.176,0.9057,0.3938,-0.49,-33.1012,1000.9963,right_u_turn,51.9,2,5.22
374,836822,0.0088,0.1821,0.9867,1.0938,1.1638,-32.7687,1000.9963,right_u_turn,51.96,2,5.28
375,836882,0.0573,0.2294,0.9946,0.9887,0.0175,-33.1625,1000.9863,right_u_turn,52.02,2,5.34
376,836942,0.0506,0.1944,1.0507,-0.77,-1.26,-33.215,1000.9854,right_u_turn,52.08,2,5.4
377,837002,0.0437,0.271,0.9753,0.8138,1.295,-32.97,1000.9912,right_u_turn,52.14,2,5.46
378,837062,0.0251,0.2581,0.9686,-0.7088,0.4725,-33.1712,1000.991,right_u_turn,52.2,2,5.52
379,837122,0.0286,0.2496,0.978,-0.5688,-0.9362,-33.3288,1000.9866,right_u_turn,52.26,2,5.58
380,837182,-0.0387,0.2615,0.9387,0.8925,-0.77,-33.3725,1000.9771,right_u_turn,52.32,2,5.64
381,837242,0.0088,0.2523,0.9972,-0.875,0.14,-33.0925,1000.9878,right_u_turn,52.38,2,5.7
382,837302,0.0281,0.2113,0.9789,-0.315,-1.61,-32.9,1000.9849,right_u_turn,52.44,2,5.76
383,837362,0.0381,0.2254,0.9554,1.0412,-2.2487,-32.27,1000.9802,right_u_turn,52.5,2,5.82
384,837422,-0.0478,0.2206,0.9226,-0.1225,-2.555,-32.9263,1000.9863,right_u_turn,52.56,2,5.88
385,837482,0.0354,0.2284,1.0565,2.2838,-1.3125,-32.1213,1000.9763,right_u_turn,52.62,2,5.94
386,837542,0.0047,0.2438,0.9577,-0.4112,-2.5988,-31.8762,1000.9604,right_u_turn,52.68,2,6.0
387,837602,0.0098,0.1733,1.0199,0.0262,1.75,-31.0625,1000.9739,right_u_turn,52.74,2,6.06
388,837662,-0.0297,0.1743,0.9831,-0.6388,0.5163,-30.3275,1000.9717,right_u_turn,52.8,2,6.12
389,837722,0.0237,0.2516,1.077,-0.1312,-0.2887,-29.3388,1000.9739,right_u_turn,52.86,2,6.18
390,837782,-0.0376,0.1445,1.0102,-0.3325,-0.1838,-28.4463,1000.9709,right_u_turn,52.92,2,6.24
391,837842,-0.101,0.1276,0.8884,-0.9013,-1.4875,-28.0438,1000.9771,right_u_turn,52.98,2,6.3
392,837902,-0.062,0.1267,0.9062,0.42,-0.9625,-26.9412,1000.9792,right_u_turn,53.04,2,6.36
393,837962,-0.052,0.1301,1.0401,-0.2975,-1.19,-26.4688,1000.9595,right_u_turn,53.1,2,6.42
394,838022,-0.0666,0.2164,0.8769,1.0412,-0.0175,-26.4425,1000.9666,right_u_turn,53.16,2,6.48
395,838082,-0.0938,0.1057,0.9185,-1.3212,-0.0613,-25.6637,1000.9612,right_u_turn,53.22,2,6.54
396,838142,-0.0103,0.1609,0.9501,-0.6125,0.4025,-24.7625,1000.9629,right_u_turn,53.28,2,6.6
397,838202,-0.109,0.1601,0.9248,-0.4288,0.35,-24.1938,1000.9541,right_u_turn,53.34,2,6.66
398,838262,-0.0563,0.1643,1.031,0.28,2.2313,-23.8962,1000.9646,right_u_turn,53.4,2,6.72
399,838322,-0.0493,0.0856,1.0393,-0.315,1.33,-22.7588,1000.9619,right_u_turn,53.46,2,6.78
400,838382,-0.0828,0.1774,0.8904,-0.1663,-1.1638,-22.12,1000.9666,right_u_turn,53.52,2,6.84
401,838442,-0.0371,0.1404,1.0419,0.595,1.0063,-20.9737,1000.9639,right_u_turn,53.58,2,6.9
402,838502,-0.063,0.1315,1.047,0.6125,0.0787,-19.8363,1000.958,right_u_turn,53.64,2,6.96
403,838562,-0.0701,0.141,0.9321,0.735,-1.9075,-19.5037,1000.9561,right_u_turn,53.7,2,7.02
404,838622,-0.1005,0.131,0.8933,-0.5075,-0.6388,-18.3575,1000.9656,right_u_turn,53.76,2,7.08
405,838682,-0.0912,0.1036,1.0294,-1.0412,-0.0088,-16.7738,1000.9646,right_u_turn,53.82,2,7.14
406,838742,-0.0567,0.0888,0.9782,-1.7237,0.1138,-15.6187,1000.9492,right_u_turn,53.88,2,7.2
407,838802,-0.0393,0.0927,1.0299,-0.4375,0.805,-14.7437,1000.9617,right_u_turn,53.94,2,7.26
408,838862,-0.1255,0.0432,0.8865,0.5337,2.24,-13.79,1000.9541,right_u_turn,54.0,2,7.32
409,838922,-0.1129,0.052,0.9501,0.0525,0.8138,-12.4775,1000.9517,right_u_turn,54.06,2,7.38
410,838982,-0.0412,0.1316,1.0031,0.4638,0.0962,-11.5675,1000.9539,right_u_turn,54.12,2,7.44
411,839042,-0.09,0.0473,0.9489,0.8925,-0.8575,-11.0688,1000.9561,right_u_turn,54.18,2,7.5
412,839102,-0.0185,0.0852,1.1245,-1.435,-0.7525,-9.5813,1000.9597,right_u_turn,54.24,2,7.56
413,839162,-0.1036,0.1083,0.9082,0.9013,0.4988,-9.3625,1000.9514,right_u_turn,54.3,2,7.62
414,839222,-0.0956,0.106,0.9866,-0.6125,1.7413,-8.7325,1000.9368,right_u_turn,54.36,2,7.68
415,839282,-0.0719,0.041,1.0336,-1.5488,2.1437,-8.0413,1000.9502,right_u_turn,54.42,2,7.74
416,839342,-0.0869,0.01,1.0451,-0.91,1.3475,-7.1663,1000.9495,right_u_turn,54.48,2,7.8
417,839402,-0.0367,0.03,1.0802,-2.0038,-0.2013,-5.8187,1000.9517,right_u_turn,54.54,2,7.86
418,839462,-0.0907,0.0344,1.0087,0.35,0.315,-5.565,1000.9407,right_u_turn,54.6,2,7.92
419,839522,-0.0646,-0.0151,0.9648,-1.1375,0.2625,-4.5588,1000.9451,right_u_turn,54.66,2,7.98
420,839582,-0.052,-0.0364,0.9477,-0.49,0.0,-4.095,1000.9438,right_u_turn,54.72,2,8.04
421,839642,-0.0859,-0.0185,0.9938,-0.6212,0.8225,-2.87,1000.9329,right_u_turn,54.78,2,8.1
422,839702,-0.0612,0.0046,1.0063,1.3563,0.7875,-2.3625,1000.9365,right_u_turn,54.84,2,8.16
423,839762,-0.0525,0.0426,0.9164,0.9362,-3.115,-2.485,1000.9314,right_u_turn,54.9,2,8.22
424,839822,0.0127,0.1159,1.0756,1.2337,-0.8313,-2.1175,1000.9343,right_u_turn,54.96,2,8.28
425,839882,-0.0465,-0.035,1.025,-0.9887,-2.1875,-2.0038,1000.9309,right_u_turn,55.02,2,8.34
426,839942,-0.1511,0.0407,0.8608,1.645,0.105,-1.9863,1000.9221,right_u_turn,55.08,2,8.4
427,840002,-0.1488,-0.0198,0.9378,-1.0325,0.9187,-1.5137,1000.9136,right_u_turn,55.14,2,8.46
428,840062,-0.0554,0.0264,0.9866,-0.2625,-1.6712,-0.5075,1000.9116,right_u_turn,55.2,2,8.52
429,840122,-0.0676,0.0066,1.0377,0.3237,0.5075,-0.7613,1000.9131,right_u_turn,55.26,2,8.58
430,840182,-0.1232,0.0417,0.8825,-1.05,-2.0038,-0.6913,1000.9109,right_u_turn,55.32,2,8.64
431,840242,-0.0708,-0.0581,1.1619,1.6275,0.7175,-0.9625,1000.9163,right_u_turn,55.38,2,8.7
432,840302,-0.1169,0.0051,1.0133,2.7125,0.4112,-1.1725,1000.9089,right_u_turn,55.44,2,8.76
433,840362,-0.0551,0.0779,0.978,2.8875,-2.3975,0.2188,1000.907,right_u_turn,55.5,2,8.82
434,847982,0.1307,0.0527,1.0911,-0.455,2.0563,0.315,1000.9392,right_u_turn,63.12,3,0.0
435,848042,-0.0526,-0.0046,0.8462,2.0038,1.4175,-0.9187,1000.9407,right_u_turn,63.18,3,0.06
436,848102,0.1112,0.0239,0.9974,-0.4812,0.2713,-0.2887,1000.936,right_u_turn,63.24,3,0.12
437,848162,-0.0195,-0.0317,0.904,-0.0962,-0.4112,-0.56,1000.9463,right_u_turn,63.3,3,0.18
438,848222,0.0093,0.0896,1.0546,-0.0962,1.2425,-0.6475,1000.9619,right_u_turn,63.36,3,0.24
439,848282,-0.023,0.0873,0.9495,-2.1437,-5.355,-0.875,1000.9507,right_u_turn,63.42,3,0.3
440,848342,0.1052,0.0188,1.0651,0.7525,-4.9525,-1.1638,1000.957,right_u_turn,63.48,3,0.36
441,848402,-0.0175,0.0676,0.9845,2.0125,-2.7912,-1.855,1000.9495,right_u_turn,63.54,3,0.42
442,848462,0.0697,0.0339,0.9777,0.4288,-0.8925,-1.8637,1000.957,right_u_turn,63.6,3,0.48
443,848522,0.0625,0.0949,1.0192,-0.5863,-1.1812,-2.2925,1000.9492,right_u_turn,63.66,3,0.54
444,848582,0.1188,0.0964,1.11,0.5163,0.7,-2.485,1000.9421,right_u_turn,63.72,3,0.6
445,848642,0.0256,0.0435,0.914,-1.0588,0.4462,-2.6425,1000.9468,right_u_turn,63.78,3,0.66
446,848702,0.0532,0.0148,0.9318,-1.925,0.455,-3.3863,1000.9417,right_u_turn,63.84,3,0.72
447,848762,0.0595,0.0908,0.9772,0.8925,0.8487,-3.78,1000.9441,right_u_turn,63.9,3,0.78
448,848822,0.0183,0.1034,0.8984,1.1638,-0.3325,-4.9,1000.9468,right_u_turn,63.96,3,0.84
449,848882,0.0464,0.1047,0.9484,1.645,2.0563,-5.5212,1000.9482,right_u_turn,64.02,3,0.9
450,848942,0.0324,0.0739,0.9841,0.6475,1.0588,-6.2475,1000.95,right_u_turn,64.08,3,0.96
451,849002,0.0522,0.1237,1.0308,2.0125,1.54,-7.5687,1000.9597,right_u_turn,64.14,3,1.02
452,849062,0.0266,0.1186,0.9845,0.3938,1.1375,-8.4438,1000.9463,right_u_turn,64.2,3,1.08
453,849122,0.0611,0.1765,1.0122,1.4175,-0.0262,-10.0275,1000.9626,right_u_turn,64.26,3,1.14
454,849182,0.0622,0.1478,1.0923,2.9662,1.4787,-11.8125,1000.9514,right_u_turn,64.32,3,1.2
455,849242,0.0088,0.1649,0.8869,2.8788,0.3675,-13.3,1000.9497,right_u_turn,64.38,3,1.26
456,849302,0.1164,0.1921,1.0124,-1.2337,-0.9538,-13.51,1000.9377,right_u_turn,64.44,3,1.32
457,849362,0.0027,0.1703,0.9513,1.225,-0.1575,-14.9275,1000.9392,right_u_turn,64.5,3,1.38
458,849422,0.0536,0.1424,0.9884,0.9275,-0.6913,-15.3825,1000.9404,right_u_turn,64.56,3,1.44
459,849482,0.0876,0.1838,0.9679,1.0237,-1.96,-16.3975,1000.929,right_u_turn,64.62,3,1.5
460,849542,0.0173,0.1922,0.9848,-2.38,-3.78,-17.675,1000.9409,right_u_turn,64.68,3,1.56
461,849602,0.1274,0.1732,1.1041,-2.0738,-0.6825,-17.8062,1000.9338,right_u_turn,64.74,3,1.62
462,849662,0.0695,0.2267,0.9653,-0.7175,0.175,-19.8888,1000.9338,right_u_turn,64.8,3,1.68
463,849722,0.0571,0.1366,1.1033,-2.3712,2.205,-20.3875,1000.9365,right_u_turn,64.86,3,1.74
464,849782,0.0606,0.1423,1.0416,1.3563,0.84,-21.5425,1000.9473,right_u_turn,64.92,3,1.8
465,849842,0.0162,0.1732,0.9101,0.8662,-0.4812,-22.645,1000.9312,right_u_turn,64.98,3,1.86
466,849902,0.1139,0.1862,0.9811,0.805,0.0525,-23.3275,1000.9382,right_u_turn,65.04,3,1.92
467,849962,0.1281,0.2766,0.9326,0.6125,0.3587,-23.1963,1000.9363,right_u_turn,65.1,3,1.98
468,850022,0.2111,0.2009,0.9453,0.2537,2.0475,-24.8675,1000.9343,right_u_turn,65.16,3,2.04
469,850082,0.1755,0.2452,1.0188,0.3762,0.49,-26.5387,1000.9192,right_u_turn,65.22,3,2.1
470,850142,0.1063,0.3028,0.8883,2.7738,-0.2362,-27.3525,1000.929,right_u_turn,65.28,3,2.16
471,850202,0.1174,0.3026,0.997,-0.8225,-1.365,-27.685,1000.939,right_u_turn,65.34,3,2.22
472,850262,0.0415,0.3212,0.8682,-3.5175,-0.0787,-27.72,1000.9409,right_u_turn,65.4,3,2.28
473,850322,0.0676,0.2201,1.0084,-2.3363,1.47,-28.35,1000.9211,right_u_turn,65.46,3,2.34
474,850382,0.0376,0.1679,0.9224,-0.9538,-2.9488,-28.7087,1000.9363,right_u_turn,65.52,3,2.4
475,850442,0.0552,0.2178,1.0568,0.0787,-0.035,-30.3538,1000.947,right_u_turn,65.58,3,2.46
476,850502,0.0505,0.2128,0.9674,0.875,-1.7062,-29.8288,1000.9453,right_u_turn,65.64,3,2.52
477,850562,0.0527,0.1823,0.9716,0.6388,-2.6512,-29.7062,1000.9351,right_u_turn,65.7,3,2.58
478,850622,0.0573,0.1798,0.9223,0.6562,-3.0538,-29.9688,1000.9387,right_u_turn,65.76,3,2.64
479,850682,0.1349,0.2232,1.015,-0.0175,-1.3825,-30.0037,1000.9419,right_u_turn,65.82,3,2.7
480,850742,0.1169,0.275,0.9802,0.9975,-1.54,-30.2138,1000.9333,right_u_turn,65.88,3,2.76
481,850802,0.1578,0.2589,1.0768,-0.735,-0.9975,-30.0037,1000.9399,right_u_turn,65.94,3,2.82
482,850862,0.0915,0.2218,0.9823,-1.785,-0.1838,-30.3888,1000.9326,right_u_turn,66.0,3,2.88
483,850922,0.0796,0.2023,0.9477,-1.015,-0.2362,-30.45,1000.9285,right_u_turn,66.06,3,2.94
484,850982,0.0997,0.1854,1.0143,0.6037,-1.8637,-30.3363,1000.9331,right_u_turn,66.12,3,3.0
485,851042,0.0694,0.1854,1.0027,1.8288,-1.0325,-30.7913,1000.9324,right_u_turn,66.18,3,3.06
486,851102,0.0497,0.2191,0.9929,1.295,0.0787,-30.765,1000.9417,right_u_turn,66.24,3,3.12
487,851162,0.0586,0.2053,0.9668,0.8575,0.2275,-30.1787,1000.946,right_u_turn,66.3,3,3.18
488,851222,0.054,0.182,1.0056,1.365,-0.9013,-30.1875,1000.9304,right_u_turn,66.36,3,3.24
489,851282,0.082,0.2399,0.9775,0.0787,-1.1287,-30.2225,1000.926,right_u_turn,66.42,3,3.3
490,851342,0.0692,0.2276,1.0204,-0.0875,0.2625,-30.0387,1000.9314,right_u_turn,66.48,3,3.36
491,851402,0.0624,0.2042,0.9414,0.8138,-2.0387,-30.0562,1000.9326,right_u_turn,66.54,3,3.42
492,851462,0.0698,0.235,1.0141,-0.6475,-1.05,-29.8113,1000.9272,right_u_turn,66.6,3,3.48
493,851522,0.06,0.2236,0.9445,-0.4462,-3.3075,-30.2575,1000.928,right_u_turn,66.66,3,3.54
494,851582,0.0486,0.1867,1.0116,0.245,-0.6825,-29.8813,1000.9399,right_u_turn,66.72,3,3.6
495,851642,0.0317,0.1871,1.0024,-0.0875,0.2975,-30.2488,1000.9197,right_u_turn,66.78,3,3.66
496,851702,0.0349,0.1939,0.9379,0.0962,-0.6037,-30.135,1000.9316,right_u_turn,66.84,3,3.72
497,851762,0.0391,0.2164,0.9992,-0.1575,-0.8925,-30.625,1000.9221,right_u_turn,66.9,3,3.78
498,851822,0.0307,0.2317,0.9296,0.595,0.3762,-31.1938,1000.9133,right_u_turn,66.96,3,3.84
499,851882,0.039,0.2445,0.9521,-0.4112,-1.3212,-30.9137,1000.915,right_u_turn,67.02,3,3.9
500,851942,0.0334,0.2292,0.9747,0.0088,-1.0412,-30.9925,1000.9282,right_u_turn,67.08,3,3.96
501,852002,0.0373,0.2469,1.0012,-0.28,0.2275,-31.1413,1000.9192,right_u_turn,67.14,3,4.02
502,852062,0.0273,0.2136,0.9423,-0.4812,-2.1437,-31.1325,1000.927,right_u_turn,67.2,3,4.08
503,852122,0.0615,0.2037,0.9107,-0.875,-2.5463,-31.3775,1000.9209,right_u_turn,67.26,3,4.14
504,852182,0.0356,0.2079,1.0019,-1.0063,-1.015,-31.6663,1000.9211,right_u_turn,67.32,3,4.2
505,852242,0.0593,0.2375,0.9726,-0.3237,-1.0762,-31.3337,1000.9158,right_u_turn,67.38,3,4.26
506,852302,0.0532,0.2921,1.0267,0.5863,-0.4988,-30.8263,1000.9111,right_u_turn,67.44,3,4.32
507,852362,0.1121,0.2421,0.9728,-1.1988,-0.7788,-31.045,1000.9048,right_u_turn,67.5,3,4.38
508,852422,0.0891,0.235,1.0509,-1.4,-0.84,-30.905,1000.9143,right_u_turn,67.56,3,4.44
509,852482,0.0669,0.1992,0.9955,-1.7325,-1.3212,-31.4387,1000.9207,right_u_turn,67.62,3,4.5
510,852542,0.0708,0.2328,0.974,-1.5662,-0.9187,-31.1413,1000.9309,right_u_turn,67.68,3,4.56
511,852602,0.0501,0.2167,1.0102,0.21,1.2337,-31.0975,1000.9172,right_u_turn,67.74,3,4.62
512,852662,0.051,0.2391,1.0221,-0.245,0.4025,-31.3687,1000.9263,right_u_turn,67.8,3,4.68
513,852722,0.0154,0.2074,0.9191,-1.0588,-0.3938,-31.3512,1000.9246,right_u_turn,67.86,3,4.74
514,852782,0.063,0.2045,1.0626,0.0613,0.7262,-31.3337,1000.9243,right_u_turn,67.92,3,4.8
515,852842,0.0343,0.242,0.9781,1.0063,0.07,-31.2463,1000.9282,right_u_turn,67.98,3,4.86
516,852902,0.0534,0.233,0.989,0.5163,-0.8138,-31.5788,1000.918,right_u_turn,68.04,3,4.92
517,852962,0.0135,0.2287,0.9733,1.3038,-0.7262,-31.4125,1000.9128,right_u_turn,68.1,3,4.98
518,853022,0.0304,0.2315,0.9911,1.1287,0.0262,-31.3862,1000.9175,right_u_turn,68.16,3,5.04
519,853082,0.0702,0.2227,1.0236,0.42,-1.8987,-31.57,1000.9226,right_u_turn,68.22,3,5.1
520,853142,0.031,0.2071,0.9848,1.0412,-0.4025,-31.4387,1000.9236,right_u_turn,68.28,3,5.16
521,853202,0.0573,0.2194,1.0293,0.4725,-0.7175,-31.4912,1000.927,right_u_turn,68.34,3,5.22
522,853262,0.0265,0.2308,0.9514,0.4288,-1.1725,-31.955,1000.9304,right_u_turn,68.4,3,5.28
523,853322,0.0562,0.256,1.0311,-0.0175,-0.5863,-31.8762,1000.9272,right_u_turn,68.46,3,5.34
524,853382,0.0077,0.2553,0.9826,-0.1225,-0.245,-31.99,1000.9321,right_u_turn,68.52,3,5.4
525,853442,-0.024,0.2679,0.9509,-0.9275,-0.91,-32.5325,1000.9316,right_u_turn,68.58,3,5.46
526,853502,0.0461,0.2242,1.0124,-0.1138,-0.6125,-32.725,1000.9258,right_u_turn,68.64,3,5.52
527,853562,-0.016,0.275,0.9677,1.365,-1.0063,-32.5325,1000.9373,right_u_turn,68.7,3,5.58
528,853622,0.0059,0.2984,1.0241,1.5225,-0.735,-33.2938,1000.9351,right_u_turn,68.76,3,5.64
529,853682,0.0251,0.2664,0.9612,-3.3775,-0.1575,-32.4538,1000.9304,right_u_turn,68.82,3,5.7
530,853742,0.0191,0.285,1.0135,-3.9987,2.065,-32.1475,1000.9307,right_u_turn,68.88,3,5.76
531,853802,0.0476,0.2177,0.9758,-2.6337,1.82,-31.8237,1000.927,right_u_turn,68.94,3,5.82
532,853862,-0.0171,0.195,0.9457,-0.4375,-0.7788,-32.445,1000.9268,right_u_turn,69.0,3,5.88
533,853922,-0.0298,0.1913,0.9553,0.2713,-0.1925,-32.8387,1000.9253,right_u_turn,69.06,3,5.94
534,853982,-0.0464,0.2204,0.9616,1.715,1.2337,-31.8587,1000.9324,right_u_turn,69.12,3,6.0
535,854042,-0.0542,0.186,0.959,1.26,-0.0175,-30.31,1000.9387,right_u_turn,69.18,3,6.06
536,854102,-0.0188,0.2099,1.0607,0.9538,-0.63,-29.3037,1000.9397,right_u_turn,69.24,3,6.12
537,854162,-0.0811,0.221,1.0404,1.1638,1.3475,-28.4112,1000.946,right_u_turn,69.3,3,6.18
538,854222,-0.0104,0.2498,0.9323,0.1663,-0.5337,-28.0,1000.9451,right_u_turn,69.36,3,6.24
539,854282,-0.0197,0.2306,1.0277,-0.2713,0.3325,-27.125,1000.9556,right_u_turn,69.42,3,6.3
540,854342,-0.0171,0.2574,1.0518,2.0738,0.5775,-26.6612,1000.9473,right_u_turn,69.48,3,6.36
541,854402,-0.0344,0.2256,0.9132,-1.155,-2.8438,-26.8275,1000.9595,right_u_turn,69.54,3,6.42
542,854462,-0.0345,0.2521,0.934,0.6037,-2.0475,-26.5037,1000.9509,right_u_turn,69.6,3,6.48
543,854522,-0.0049,0.2291,1.0311,0.4112,-0.63,-26.565,1000.9607,right_u_turn,69.66,3,6.54
544,854582,-0.019,0.2355,0.9955,-0.91,0.07,-26.1712,1000.9619,right_u_turn,69.72,3,6.6
545,854642,-0.0595,0.246,1.0222,-2.1613,-1.7763,-25.8475,1000.9614,right_u_turn,69.78,3,6.66
546,854702,-0.0703,0.1391,0.987,-2.0125,-0.6737,-24.7188,1000.959,right_u_turn,69.84,3,6.72
547,854762,-0.095,0.1173,0.935,-2.205,-0.525,-24.1675,1000.9512,right_u_turn,69.9,3,6.78
548,854822,-0.0925,0.1461,0.9523,-1.2337,-0.8138,-22.75,1000.9543,right_u_turn,69.96,3,6.84
549,854882,-0.0983,0.1713,0.9055,-0.3762,-0.6388,-20.9387,1000.9578,right_u_turn,70.02,3,6.9
550,854942,-0.1447,0.0949,0.9059,-0.8575,-0.245,-19.0312,1000.9546,right_u_turn,70.08,3,6.96
551,855002,-0.0664,0.0551,1.0148,-0.7437,0.735,-17.3425,1000.9541,right_u_turn,70.14,3,7.02
552,855062,-0.0852,0.1069,1.0021,1.1988,1.0762,-15.925,1000.9556,right_u_turn,70.2,3,7.08
553,855122,-0.1084,0.0813,0.9988,0.7437,0.4288,-14.6912,1000.9609,right_u_turn,70.26,3,7.14
554,855182,0.0063,0.0793,1.1036,-0.2188,0.5425,-12.9325,1000.9685,right_u_turn,70.32,3,7.2
555,855242,-0.0769,0.0537,0.9811,0.805,-0.4725,-11.6812,1000.9614,right_u_turn,70.38,3,7.26
556,855302,-0.0276,0.0503,1.0375,-0.8313,-2.2487,-10.4038,1000.9453,right_u_turn,70.44,3,7.32
557,855362,-0.1215,0.0439,0.969,-1.1725,-0.385,-9.1788,1000.9607,right_u_turn,70.5,3,7.38
558,855422,-0.0562,0.0507,1.0319,0.6562,0.14,-7.7875,1000.9568,right_u_turn,70.56,3,7.44
559,855482,-0.0944,0.0266,0.9701,-0.21,0.7,-6.9037,1000.9575,right_u_turn,70.62,3,7.5
560,855542,-0.09,0.0273,0.9331,-0.9887,-0.77,-5.7663,1000.9619,right_u_turn,70.68,3,7.56
561,855602,-0.0683,-0.0004,0.9936,0.0787,1.3475,-5.2587,1000.9561,right_u_turn,70.74,3,7.62
562,855662,-0.0385,-0.0151,1.0544,-0.3063,-0.6562,-4.1388,1000.9609,right_u_turn,70.8,3,7.68
563,855722,-0.0534,-0.0077,0.9674,0.7,0.7962,-3.4125,1000.946,right_u_turn,70.86,3,7.74
564,855782,-0.053,0.0298,0.9368,1.4,0.0613,-2.9925,1000.9695,right_u_turn,70.92,3,7.8
565,855842,-0.0642,0.05,1.0654,1.6187,0.4025,-2.8,1000.9709,right_u_turn,70.98,3,7.86
566,855902,-0.1025,0.0701,0.9506,1.4612,0.9275,-3.3163,1000.9634,right_u_turn,71.04,3,7.92
567,855962,-0.0744,0.0856,0.958,0.2713,-1.5488,-3.64,1000.98,right_u_turn,71.1,3,7.98
568,856022,-0.0561,0.094,1.0104,-0.0088,-0.6212,-3.36,1000.9639,right_u_turn,71.16,3,8.04
569,856082,-0.0651,0.0486,1.0305,-0.5337,1.0762,-3.185,1000.936,right_u_turn,71.22,3,8.1
570,856142,-0.0544,0.0444,0.9714,-0.735,-0.0875,-3.5,1000.9563,right_u_turn,71.28,3,8.16
571,856202,-0.0375,0.0829,1.0099,-1.3825,-0.9625,-3.4825,1000.9651,right_u_turn,71.34,3,8.22
572,856262,-0.0473,0.0536,1.0028,-0.3675,-0.0175,-3.7275,1000.9636,right_u_turn,71.4,3,8.28
573,856322,-0.0895,0.0654,0.9545,0.8925,0.0,-3.8675,1000.9551,right_u_turn,71.46,3,8.34
574,856382,-0.1085,-0.0046,0.9682,-0.0613,0.84,-3.7887,1000.9463,right_u_turn,71.52,3,8.4
575,856442,-0.0325,0.1174,1.112,1.785,-0.7875,-3.5,1000.9607,right_u_turn,71.58,3,8.46
576,856502,-0.0013,0.0212,1.0726,0.7875,0.665,-2.8612,1000.9424,right_u_turn,71.64,3,8.52
577,856562,-0.0567,0.0917,0.9345,0.98,1.2162,-2.8788,1000.9526,right_u_turn,71.7,3,8.58
578,856622,-0.0414,0.0292,0.9819,-0.315,0.9538,-3.08,1000.9617,right_u_turn,71.76,3,8.64
579,856682,-0.0241,0.1454,0.9351,-0.2625,0.5512,-2.905,1000.9585,right_u_turn,71.82,3,8.7
580,856742,0.009,0.0231,1.0085,-0.6913,-0.105,-2.8963,1000.9553,right_u_turn,71.88,3,8.76
581,856802,0.0161,0.0434,1.0858,-0.9538,-0.35,-2.485,1000.9446,right_u_turn,71.94,3,8.82
582,856862,0.0021,0.1046,1.1297,1.2425,-0.1925,-1.8375,1000.9321,right_u_turn,72.0,3,8.88
583,856922,0.0005,0.0298,1.1161,-0.385,0.7262,-1.8637,1000.9355,right_u_turn,72.06,3,8.94
584,856982,-0.0837,0.0245,0.9481,1.8375,1.33,-1.8987,1000.9497,right_u_turn,72.12,3,9.0
585,857042,-0.0783,0.0779,0.9928,-0.7,0.63,-1.8987,1000.9404,right_u_turn,72.18,3,9.06
586,857102,-0.0912,-0.01,0.9282,0.3675,0.7613,-1.5225,1000.9404,right_u_turn,72.24,3,9.12
587,857162,-0.0754,0.0112,0.9478,-0.4988,1.855,-1.0063,1000.9473,right_u_turn,72.3,3,9.18
588,857222,-0.0683,0.0032,0.9694,-0.0875,0.8575,-1.4175,1000.95,right_u_turn,72.36,3,9.24
589,857282,-0.0202,0.0334,0.9651,0.7525,-1.4175,-1.225,1000.9399,right_u_turn,72.42,3,9.3
590,857342,0.0176,0.0794,1.0878,1.0325,0.9887,-1.1463,1000.9443,right_u_turn,72.48,3,9.36
591,857402,0.0019,0.0242,0.986,-0.3063,0.0175,-1.1287,1000.9312,right_u_turn,72.54,3,9.42
592,857462,0.0134,0.0393,1.0204,0.3762,-1.3825,-1.1638,1000.928,right_u_turn,72.6,3,9.48
593,857522,0.0247,0.0631,1.0475,-0.4462,-0.9013,-0.84,1000.9387,right_u_turn,72.66,3,9.54
594,857582,-0.0317,0.011,1.0058,0.63,-0.2713,-1.0675,1000.9258,right_u_turn,72.72,3,9.6
595,857642,-0.0451,-0.0032,1.0143,0.2013,-0.91,-0.7613,1000.9233,right_u_turn,72.78,3,9.66
596,857702,0.0503,0.0468,1.0985,0.6037,-1.3825,-0.9887,1000.925,right_u_turn,72.84,3,9.72
597,857762,-0.0242,0.0683,0.9853,-0.2975,-0.525,-0.7613,1000.9312,right_u_turn,72.9,3,9.78
598,857822,-0.041,0.0022,0.9807,1.2862,2.2487,-0.98,1000.9377,right_u_turn,72.96,3,9.84
599,857882,-0.0093,0.0408,0.9951,0.42,1.645,-1.0938,1000.9312,right_u_turn,73.02,3,9.9
600,857942,0.0254,0.0271,0.9648,0.21,0.2887,-0.7613,1000.9292,right_u_turn,73.08,3,9.96
601,858002,0.0071,0.0594,1.0534,0.21,0.2013,-0.875,1000.9285,right_u_turn,73.14,3,10.02
602,858062,0.0559,0.0611,1.186,0.8487,5.425,-1.0762,1000.9177,right_u_turn,73.2,3,10.08
603,858122,-0.0978,-0.0208,0.8964,-0.3938,0.1312,-1.1375,1000.9358,right_u_turn,73.26,3,10.14
604,858182,0.0058,0.0115,1.0135,0.2887,-0.0787,-1.0063,1000.9353,right_u_turn,73.32,3,10.2
605,858242,0.017,0.0365,1.0192,-0.3675,0.3237,-0.9013,1000.9307,right_u_turn,73.38,3,10.26
606,858302,-0.0681,-0.0343,1.0538,1.12,0.9187,-1.4262,1000.9348,right_u_turn,73.44,3,10.32
607,858362,0.002,-0.0085,1.0338,0.385,1.8375,-1.3475,1000.9307,right_u_turn,73.5,3,10.38
608,858422,0.039,-0.0048,1.056,-1.6537,-1.2337,-0.7262,1000.9453,right_u_turn,73.56,3,10.44
609,858482,-0.0139,-0.041,0.9809,0.3938,-0.7175,-0.8225,1000.9487,right_u_turn,73.62,3,10.5
610,858542,-0.1049,-0.0529,0.9255,2.7825,-1.4438,-0.5163,1000.9417,right_u_turn,73.68,3,10.56
611,858602,0.0124,-0.0647,1.0226,-1.1988,-0.1925,-0.035,1000.9141,right_u_turn,73.74,3,10.62
612,858662,0.022,-0.0002,1.026,0.0088,-0.4288,0.0787,1000.9504,right_u_turn,73.8,3,10.68
613,865322,0.0146,0.0461,0.945,0.0,-0.2275,0.0437,1000.9692,right_u_turn,80.46,4,0.0
614,865382,0.0173,0.0386,1.035,2.0125,1.4787,-0.2887,1000.9749,right_u_turn,80.52,4,0.06
615,865442,0.0467,-0.0004,0.999,1.2075,0.105,-0.5775,1000.9753,right_u_turn,80.58,4,0.12
616,865502,0.0251,0.032,0.9299,1.2337,-1.6712,-1.0938,1000.9631,right_u_turn,80.64,4,0.18
617,865562,0.0964,0.0806,1.0172,1.1375,-1.575,-1.6013,1000.9756,right_u_turn,80.7,4,0.24
618,865622,0.0849,0.1297,1.0549,1.2687,-0.1838,-2.1875,1000.9648,right_u_turn,80.76,4,0.3
619,865682,0.0847,0.1642,1.0264,0.2887,1.8725,-3.29,1000.96,right_u_turn,80.82,4,0.36
620,865742,0.0236,0.0838,0.9467,0.9712,0.245,-4.9612,1000.9614,right_u_turn,80.88,4,0.42
621,865802,0.0845,0.1906,1.0693,0.735,1.9425,-5.7488,1000.9558,right_u_turn,80.94,4,0.48
622,865862,0.0384,0.118,0.9898,0.5425,1.0237,-7.0525,1000.9629,right_u_turn,81.0,4,0.54
623,865922,0.0791,0.1366,1.0917,0.525,0.0962,-7.5338,1000.9658,right_u_turn,81.06,4,0.6
624,865982,0.0486,0.1415,0.9568,0.3938,0.63,-9.0825,1000.9675,right_u_turn,81.12,4,0.66
625,866042,0.0935,0.1371,1.0673,0.455,1.085,-10.2812,1000.9556,right_u_turn,81.18,4,0.72
626,866102,0.0644,0.1944,1.0326,0.8575,1.1113,-11.2087,1000.9685,right_u_turn,81.24,4,0.78
627,866162,0.0737,0.1418,0.9596,1.1463,-0.63,-12.5125,1000.9639,right_u_turn,81.3,4,0.84
628,866222,0.0684,0.1693,1.016,1.1287,0.7088,-13.5013,1000.9492,right_u_turn,81.36,4,0.9
629,866282,0.0554,0.2033,0.9851,1.1638,-0.0088,-14.8488,1000.949,right_u_turn,81.42,4,0.96
630,866342,0.0742,0.1728,0.9938,0.455,0.0437,-15.54,1000.949,right_u_turn,81.48,4,1.02
631,866402,0.0698,0.1877,0.9794,-0.5425,-0.1488,-16.1175,1000.9724,right_u_turn,81.54,4,1.08
632,866462,0.0581,0.1688,0.9956,-0.0787,0.0437,-17.4125,1000.9561,right_u_turn,81.6,4,1.14
633,866522,0.05,0.1786,0.9723,0.9275,0.1838,-18.5063,1000.9556,right_u_turn,81.66,4,1.2
634,866582,0.0663,0.1464,1.0066,0.0088,0.4988,-19.145,1000.9661,right_u_turn,81.72,4,1.26
635,866642,0.0731,0.201,1.0399,0.7875,-0.0525,-19.6175,1000.9587,right_u_turn,81.78,4,1.32
636,866702,0.1071,0.1801,1.0268,-0.6562,-0.0962,-20.0987,1000.9697,right_u_turn,81.84,4,1.38
637,866762,0.079,0.1371,0.9782,0.1575,0.3325,-20.3263,1000.9587,right_u_turn,81.9,4,1.44
638,866822,0.0415,0.1462,0.9648,1.8637,0.6388,-21.2712,1000.9604,right_u_turn,81.96,4,1.5
639,866882,0.0639,0.1826,0.9704,1.3737,1.2162,-21.4025,1000.9626,right_u_turn,82.02,4,1.56
640,866942,0.0666,0.1769,1.0111,0.0262,0.5163,-21.3937,1000.9641,right_u_turn,82.08,4,1.62
641,867002,0.0525,0.2051,0.9077,1.155,0.0,-21.9188,1000.9641,right_u_turn,82.14,4,1.68
642,867062,0.1005,0.1996,0.9928,0.1138,-0.7,-22.3913,1000.9644,right_u_turn,82.2,4,1.74
643,867122,0.0263,0.1993,0.9669,1.3825,-0.1575,-23.8263,1000.9749,right_u_turn,82.26,4,1.8
644,867182,0.0852,0.2619,0.9822,2.0387,-0.6388,-24.325,1000.9749,right_u_turn,82.32,4,1.86
645,867242,0.083,0.2103,1.0017,0.35,0.56,-24.5788,1000.9741,right_u_turn,82.38,4,1.92
646,867302,0.0381,0.1884,0.9889,-0.9187,-0.7613,-25.27,1000.9658,right_u_turn,82.44,4,1.98
647,867362,0.1032,0.1875,1.0194,-0.63,-0.3325,-25.34,1000.9692,right_u_turn,82.5,4,2.04
648,867422,0.0937,0.2167,1.0338,-2.1437,-0.315,-26.0575,1000.9753,right_u_turn,82.56,4,2.1
649,867482,0.1022,0.2259,1.0045,-0.8662,-0.5512,-26.67,1000.9736,right_u_turn,82.62,4,2.16
650,867542,0.0899,0.1505,0.9809,0.0175,0.7613,-27.2038,1000.9741,right_u_turn,82.68,4,2.22
651,867602,0.1352,0.2272,1.0606,-1.3913,-0.3675,-26.985,1000.9683,right_u_turn,82.74,4,2.28
652,867662,0.0953,0.1911,0.9977,0.385,1.4262,-27.0375,1000.9739,right_u_turn,82.8,4,2.34
653,867722,0.0376,0.1954,0.9503,1.3737,0.3675,-27.055,1000.9766,right_u_turn,82.86,4,2.4
654,867782,0.037,0.2364,0.9409,0.665,-0.21,-27.1775,1000.9822,right_u_turn,82.92,4,2.46
655,867842,0.0783,0.1879,0.985,2.1088,0.1225,-27.5012,1000.9744,right_u_turn,82.98,4,2.52
656,867902,0.1015,0.2405,1.051,1.435,0.875,-27.9825,1000.9761,right_u_turn,83.04,4,2.58
657,867962,0.1359,0.2474,1.0621,-0.4638,0.28,-27.685,1000.9719,right_u_turn,83.1,4,2.64
658,868022,0.0752,0.2655,1.0594,0.4462,2.1175,-28.0088,1000.9788,right_u_turn,83.16,4,2.7
659,868082,0.0542,0.1818,1.0229,-0.8225,-1.4438,-27.7025,1000.9746,right_u_turn,83.22,4,2.76
660,868142,-0.0295,0.1588,0.9743,0.7262,0.0437,-28.2975,1000.9736,right_u_turn,83.28,4,2.82
661,868202,0.0406,0.1254,0.9619,-0.8225,-0.5512,-28.7962,1000.9746,right_u_turn,83.34,4,2.88
662,868262,0.0081,0.1613,0.9997,1.1725,1.3563,-27.7375,1000.9741,right_u_turn,83.4,4,2.94
663,868322,0.0993,0.1731,0.9989,0.98,-0.3325,-27.5888,1000.9727,right_u_turn,83.46,4,3.0
664,868382,0.0176,0.206,0.9764,0.0175,0.98,-27.7375,1000.9878,right_u_turn,83.52,4,3.06
665,868442,0.0495,0.1769,0.9736,-1.5488,0.1488,-27.2125,1000.9714,right_u_turn,83.58,4,3.12
666,868502,0.0502,0.2806,0.999,-2.275,0.8925,-27.545,1000.9666,right_u_turn,83.64,4,3.18
667,868562,0.0334,0.1993,1.0,-2.485,0.3325,-27.0287,1000.968,right_u_turn,83.7,4,3.24
668,868622,-0.0025,0.1069,0.9504,-2.135,-0.7262,-27.7987,1000.9734,right_u_turn,83.76,4,3.3
669,868682,0.0244,0.1175,0.977,-0.4375,-0.21,-27.965,1000.9783,right_u_turn,83.82,4,3.36
670,868742,-0.0151,0.1703,0.998,0.5163,-1.2162,-27.6763,1000.97,right_u_turn,83.88,4,3.42
671,868802,0.0811,0.1883,0.9869,1.1988,-3.3863,-26.0487,1000.9766,right_u_turn,83.94,4,3.48
672,868862,0.0925,0.0959,1.0087,0.2887,-1.4262,-26.635,1000.9807,right_u_turn,84.0,4,3.54
673,868922,0.06,0.1325,1.0184,3.1762,-0.8225,-26.2588,1000.9797,right_u_turn,84.06,4,3.6
674,868982,0.1114,0.2396,1.0575,2.7037,-1.6013,-26.7925,1000.9683,right_u_turn,84.12,4,3.66
675,869042,0.0157,0.2401,0.9418,-0.9275,-2.5988,-27.37,1000.9797,right_u_turn,84.18,4,3.72
676,869102,0.07,0.2089,1.0333,0.2887,-2.625,-27.2475,1000.9722,right_u_turn,84.24,4,3.78
677,869162,0.0694,0.2059,1.0231,0.91,-2.0738,-27.2738,1000.9827,right_u_turn,84.3,4,3.84
678,869222,0.0412,0.2291,0.9802,-0.5863,-1.8987,-27.0025,1000.9683,right_u_turn,84.36,4,3.9
679,869282,0.0669,0.2411,0.9401,-0.5863,-0.595,-26.6787,1000.9604,right_u_turn,84.42,4,3.96
680,869342,0.042,0.2115,0.9723,-0.945,0.6475,-26.2675,1000.9592,right_u_turn,84.48,4,4.02
681,869402,0.0185,0.1606,0.9597,-0.0875,0.175,-26.95,1000.9729,right_u_turn,84.54,4,4.08
682,869462,0.039,0.1815,0.9761,0.735,0.6825,-27.5012,1000.9727,right_u_turn,84.6,4,4.14
683,869522,0.0422,0.2206,0.9939,1.6275,1.33,-26.8363,1000.9731,right_u_turn,84.66,4,4.2
684,869582,0.0678,0.2128,1.0299,-0.9538,1.2513,-26.8363,1000.9724,right_u_turn,84.72,4,4.26
685,869642,0.0254,0.124,0.9711,-1.2513,-1.0938,-27.0462,1000.9846,right_u_turn,84.78,4,4.32
686,869702,-0.0012,0.1977,1.0022,-0.2975,-0.14,-26.9412,1000.9849,right_u_turn,84.84,4,4.38
687,869762,0.0652,0.1861,1.0289,-0.5337,-0.6475,-26.7488,1000.9924,right_u_turn,84.9,4,4.44
688,869822,0.0002,0.1504,0.9504,-0.1925,-0.7,-27.2825,1000.9875,right_u_turn,84.96,4,4.5
689,869882,0.0193,0.1398,1.0116,-0.0262,-1.0675,-27.4837,1000.9753,right_u_turn,85.02,4,4.56
690,869942,0.0544,0.154,1.0219,-0.28,-0.49,-27.09,1000.9817,right_u_turn,85.08,4,4.62
691,870002,0.0203,0.1715,1.0031,0.21,-0.1575,-27.3787,1000.9619,right_u_turn,85.14,4,4.68
692,870062,0.0305,0.24,0.9697,1.6888,-0.56,-27.4137,1000.9805,right_u_turn,85.2,4,4.74
693,870122,0.1003,0.2292,1.0111,0.9013,-0.0613,-26.9412,1000.9766,right_u_turn,85.26,4,4.8
694,870182,0.0919,0.1382,1.0039,-1.855,-0.2362,-27.3175,1000.9807,right_u_turn,85.32,4,4.86
695,870242,0.0525,0.1956,0.9638,-0.6125,-0.8313,-27.8775,1000.9775,right_u_turn,85.38,4,4.92
696,870302,0.0809,0.2315,0.9785,0.7175,-0.7875,-27.545,1000.9807,right_u_turn,85.44,4,4.98
697,870362,-0.0056,0.1347,0.955,-0.8575,0.2188,-28.56,1000.9761,right_u_turn,85.5,4,5.04
698,870422,0.0425,0.2039,0.9565,1.435,-0.245,-28.49,1000.9778,right_u_turn,85.56,4,5.1
699,870482,0.0417,0.2035,0.9834,1.7413,-1.155,-28.9188,1000.9797,right_u_turn,85.62,4,5.16
700,870542,0.0756,0.2367,0.966,1.1113,0.1138,-28.6562,1000.9727,right_u_turn,85.68,4,5.22
701,870602,0.049,0.2587,1.0171,-0.9887,0.8487,-28.875,1000.9768,right_u_turn,85.74,4,5.28
702,870662,0.0578,0.2114,0.9809,-1.2162,-0.35,-28.5163,1000.9734,right_u_turn,85.8,4,5.34
703,870722,0.0761,0.1973,0.9955,-0.4638,-0.5075,-29.8113,1000.9734,right_u_turn,85.86,4,5.4
704,870782,0.05,0.1737,1.0033,-0.77,-0.0525,-29.1637,1000.9778,right_u_turn,85.92,4,5.46
705,870842,0.0196,0.2051,1.0081,0.7788,0.1488,-29.7675,1000.9768,right_u_turn,85.98,4,5.52
706,870902,-0.0142,0.1573,0.9897,0.6475,0.7437,-29.3213,1000.9812,right_u_turn,86.04,4,5.58
707,870962,0.0659,0.2112,1.0482,-0.07,-1.3212,-29.155,1000.9739,right_u_turn,86.1,4,5.64
708,871022,0.0393,0.1779,0.9982,0.3762,-0.4288,-29.2337,1000.9761,right_u_turn,86.16,4,5.7
709,871082,0.0403,0.1481,0.9526,1.05,-1.1725,-29.6275,1000.9839,right_u_turn,86.22,4,5.76
710,871142,0.0451,0.1723,0.986,-0.2188,-0.9013,-29.4175,1000.9714,right_u_turn,86.28,4,5.82
711,871202,0.0576,0.1879,0.9913,-0.1312,-0.6212,-29.3563,1000.9641,right_u_turn,86.34,4,5.88
712,871262,0.0368,0.1818,1.0063,0.56,-0.21,-30.1175,1000.9678,right_u_turn,86.4,4,5.94
713,871322,0.019,0.2096,1.025,0.245,0.4812,-29.8288,1000.9746,right_u_turn,86.46,4,6.0
714,871382,0.0113,0.1691,0.9687,-0.0088,-1.015,-30.2138,1000.9722,right_u_turn,86.52,4,6.06
715,871442,0.05,0.195,1.0151,-1.1812,-0.4638,-29.5312,1000.9692,right_u_turn,86.58,4,6.12
716,871502,-0.0016,0.1645,0.9902,-1.8375,-1.0938,-29.89,1000.9758,right_u_turn,86.64,4,6.18
717,871562,0.061,0.1335,0.9492,0.1312,-1.7763,-30.065,1000.9736,right_u_turn,86.7,4,6.24
718,871622,0.0464,0.1968,0.9946,0.3237,0.14,-29.75,1000.9719,right_u_turn,86.76,4,6.3
719,871682,-0.0513,0.1718,0.9819,0.3063,0.8313,-30.03,1000.97,right_u_turn,86.82,4,6.36
720,871742,0.0035,0.1967,1.0167,1.5662,0.525,-30.2225,1000.9771,right_u_turn,86.88,4,6.42
721,871802,0.0487,0.2214,1.0614,0.8838,-1.1113,-29.8113,1000.9773,right_u_turn,86.94,4,6.48
722,871862,0.0074,0.196,0.9809,1.7062,0.4462,-29.155,1000.9741,right_u_turn,87.0,4,6.54
723,871922,-0.0198,0.1347,0.9797,0.7175,1.1025,-29.1812,1000.9639,right_u_turn,87.06,4,6.6
724,871982,0.0515,0.2086,0.9934,0.3063,-0.175,-27.5537,1000.9709,right_u_turn,87.12,4,6.66
725,872042,0.0227,0.2078,1.0294,-0.63,0.1575,-26.5212,1000.9778,right_u_turn,87.18,4,6.72
726,872102,-0.0306,0.1612,0.9904,-0.9187,0.7088,-26.9237,1000.9829,right_u_turn,87.24,4,6.78
727,872162,0.0025,0.1537,0.9738,0.3325,-0.245,-26.2938,1000.9746,right_u_turn,87.3,4,6.84
728,872222,0.0385,0.1906,1.0173,-0.0437,0.3587,-25.2087,1000.9819,right_u_turn,87.36,4,6.9
729,872282,-0.012,0.0894,1.0053,-0.175,-0.4988,-24.1675,1000.9795,right_u_turn,87.42,4,6.96
730,872342,-0.0247,0.1291,1.0039,0.595,0.9712,-22.785,1000.9827,right_u_turn,87.48,4,7.02
731,872402,0.0051,0.1593,1.007,-0.595,-0.07,-22.1462,1000.9771,right_u_turn,87.54,4,7.08
732,872462,-0.022,0.0686,0.976,-0.735,-0.0787,-20.51,1000.9829,right_u_turn,87.6,4,7.14
733,872522,0.0038,0.0905,1.0347,-0.5775,0.3762,-19.3813,1000.9788,right_u_turn,87.66,4,7.2
734,872582,0.0005,0.0756,1.0182,-0.2537,0.9538,-18.5238,1000.9766,right_u_turn,87.72,4,7.26
735,872642,-0.0015,0.0488,0.9845,-0.8138,-1.3125,-16.94,1000.9822,right_u_turn,87.78,4,7.32
736,872702,-0.0476,0.0708,0.9867,-0.5512,-0.2013,-15.5225,1000.9797,right_u_turn,87.84,4,7.38
737,872762,0.019,0.0903,1.0224,-0.56,-0.9013,-13.7638,1000.9722,right_u_turn,87.9,4,7.44
738,872822,-0.0214,0.0986,1.0214,-0.105,-0.4375,-12.7575,1000.9751,right_u_turn,87.96,4,7.5
739,872882,-0.0266,0.0439,0.9872,0.14,0.21,-12.3813,1000.9771,right_u_turn,88.02,4,7.56
740,872942,-0.0356,-0.0239,0.9448,0.9625,1.085,-12.355,1000.9651,right_u_turn,88.08,4,7.62
741,873002,0.0159,0.0443,1.0368,0.84,-0.6037,-10.465,1000.9812,right_u_turn,88.14,4,7.68
742,873062,0.0151,0.1027,1.1031,0.105,0.9275,-8.995,1000.9812,right_u_turn,88.2,4,7.74
743,873122,-0.0391,0.0342,1.0038,0.525,-0.2188,-8.6275,1000.9785,right_u_turn,88.26,4,7.8
744,873182,-0.011,0.0149,1.0397,-0.3938,0.8225,-7.9538,1000.9805,right_u_turn,88.32,4,7.86
745,873242,0.0646,-0.0024,1.0324,-0.8662,-1.7763,-6.6762,1000.9717,right_u_turn,88.38,4,7.92
746,873302,0.0349,0.0791,1.0714,0.7525,-0.945,-6.0988,1000.9773,right_u_turn,88.44,4,7.98
747,873362,-0.0151,-0.0466,0.9873,0.0262,0.35,-5.67,1000.978,right_u_turn,88.5,4,8.04
748,873422,-0.0676,0.0152,0.937,-0.98,-0.0525,-4.69,1000.9839,right_u_turn,88.56,4,8.1
749,873482,-0.0329,0.0578,0.9504,-1.1113,1.6888,-3.0363,1000.9763,right_u_turn,88.62,4,8.16
750,873542,0.0022,-0.0076,0.9982,-0.8925,1.61,-1.855,1000.9685,right_u_turn,88.68,4,8.22
751,873602,-0.0503,-0.0617,0.9052,-0.4288,0.9712,-1.1988,1000.9714,right_u_turn,88.74,4,8.28
752,873662,-0.0605,-0.0398,0.9421,-0.35,1.1463,-0.4812,1000.9788,right_u_turn,88.8,4,8.34
753,873722,-0.0349,-0.0198,0.9821,-0.0787,0.77,0.175,1000.9744,right_u_turn,88.86,4,8.4
754,885662,0.0042,0.0122,1.0458,1.575,1.1638,0.035,1000.9753,right_u_turn,100.8,5,0.0
755,885722,-0.0107,-0.0083,0.9563,0.77,0.6562,-0.4988,1000.9751,right_u_turn,100.86,5,0.06
756,885782,-0.0217,0.0039,1.0196,0.1138,-3.185,-0.3063,1000.9712,right_u_turn,100.92,5,0.12
757,885842,-0.0266,-0.0407,0.9728,2.5812,-1.3475,-0.525,1000.978,right_u_turn,100.98,5,0.18
758,885902,-0.0085,0.0363,0.974,1.155,-1.2862,-0.9712,1000.9751,right_u_turn,101.04,5,0.24
759,885962,-0.0268,0.0483,0.9641,-0.6212,-1.5488,-0.8662,1000.969,right_u_turn,101.1,5,0.3
760,886022,0.0322,0.0981,1.0658,-1.0675,-1.9775,-0.98,1001.0,right_u_turn,101.16,5,0.36
761,886082,0.0392,0.0657,1.056,-0.4462,-0.9187,-1.33,1000.9763,right_u_turn,101.22,5,0.42
762,886142,0.0081,0.0013,0.9289,-1.4787,-1.9162,-2.485,1000.978,right_u_turn,101.28,5,0.48
763,886202,-0.0098,-0.0115,0.9125,-1.9425,-0.9013,-2.5725,1000.9917,right_u_turn,101.34,5,0.54
764,886262,0.042,0.0432,1.0009,-0.2975,0.1663,-2.625,1000.9705,right_u_turn,101.4,5,0.6
765,886322,0.0142,0.0162,0.881,0.9625,-0.175,-3.5612,1000.978,right_u_turn,101.46,5,0.66
766,886382,0.0522,0.1143,0.9684,1.7325,0.5688,-4.13,1000.981,right_u_turn,101.52,5,0.72
767,886442,0.0681,0.0393,1.0133,2.0125,0.6388,-5.25,1000.9758,right_u_turn,101.58,5,0.78
768,886502,0.1039,0.1738,1.0314,2.38,0.4462,-5.9587,1000.9832,right_u_turn,101.64,5,0.84
769,886562,0.0676,0.1207,0.9911,1.995,0.8487,-6.9563,1000.9648,right_u_turn,101.7,5,0.9
770,886622,0.0663,0.1016,1.0046,0.35,0.1138,-8.0413,1000.9666,right_u_turn,101.76,5,0.96
771,886682,0.0512,0.1657,1.0,0.5337,0.14,-9.2662,1000.9792,right_u_turn,101.82,5,1.02
772,886742,0.0323,0.1481,1.0101,0.5425,0.3938,-9.8525,1000.9846,right_u_turn,101.88,5,1.08
773,886802,0.0268,0.1749,1.0197,0.035,0.2537,-10.9113,1000.9822,right_u_turn,101.94,5,1.14
774,886862,0.0554,0.1803,1.0087,-0.245,0.5425,-11.8737,1000.967,right_u_turn,102.0,5,1.2
775,886922,0.0827,0.0883,0.9916,-1.3388,-0.21,-11.76,1000.9668,right_u_turn,102.06,5,1.26
776,886982,0.0327,0.1271,0.9984,-0.4725,0.875,-12.2937,1000.9592,right_u_turn,102.12,5,1.32
777,887042,0.0061,0.0869,0.9811,-0.56,0.6737,-13.125,1000.9746,right_u_turn,102.18,5,1.38
778,887102,0.0359,0.0737,0.9653,2.0213,0.6825,-13.4137,1000.9729,right_u_turn,102.24,5,1.44
779,887162,0.0398,0.1513,1.0224,2.3888,-0.4462,-12.9937,1000.9707,right_u_turn,102.3,5,1.5
780,887222,0.0456,0.1344,0.9531,1.6712,-1.89,-13.8337,1000.9768,right_u_turn,102.36,5,1.56
781,887282,0.0234,0.1625,0.964,0.9013,-0.6212,-13.6062,1000.9746,right_u_turn,102.42,5,1.62
782,887342,0.0349,0.0847,0.9503,-0.5075,-1.2513,-14.175,1000.9753,right_u_turn,102.48,5,1.68
783,887402,0.0354,0.1501,0.966,-4.0163,-3.2812,-15.3125,1000.9729,right_u_turn,102.54,5,1.74
784,887462,0.0203,0.1323,1.0043,-1.7325,-1.015,-16.1612,1000.9761,right_u_turn,102.6,5,1.8
785,887522,0.0266,0.0614,0.9794,-2.45,-0.8487,-17.045,1000.9678,right_u_turn,102.66,5,1.86
786,887582,0.0228,0.132,1.0077,-2.415,0.4112,-17.2987,1000.9795,right_u_turn,102.72,5,1.92
787,887642,0.0178,0.1347,1.0069,0.8575,1.435,-18.1213,1000.9824,right_u_turn,102.78,5,1.98
788,887702,0.0121,0.11,1.016,1.7763,1.1812,-18.6462,1000.978,right_u_turn,102.84,5,2.04
789,887762,0.0285,0.1505,1.0031,2.065,1.155,-19.5562,1000.9744,right_u_turn,102.9,5,2.1
790,887822,0.0376,0.2101,0.9846,1.085,1.2687,-20.7113,1000.9675,right_u_turn,102.96,5,2.16
791,887882,0.0667,0.1928,0.9038,-0.0875,-0.56,-21.6213,1000.9629,right_u_turn,103.02,5,2.22
792,887942,0.0188,0.2334,0.9894,1.8025,0.2013,-22.7062,1000.9673,right_u_turn,103.08,5,2.28
793,888002,0.0573,0.2424,0.9769,1.0237,-0.5337,-23.94,1000.9556,right_u_turn,103.14,5,2.34
794,888062,0.0234,0.2514,0.9042,-0.1925,1.4787,-24.4562,1000.9583,right_u_turn,103.2,5,2.4
795,888122,0.0483,0.1842,0.9841,-0.105,0.2887,-24.92,1000.9578,right_u_turn,103.26,5,2.46
796,888182,0.082,0.2083,0.986,-1.2775,0.8138,-25.445,1000.9556,right_u_turn,103.32,5,2.52
797,888242,0.0183,0.2248,0.9186,-0.8925,1.2162,-25.7337,1000.9521,right_u_turn,103.38,5,2.58
798,888302,0.0551,0.2316,1.0119,-2.1088,1.6712,-26.2412,1000.9536,right_u_turn,103.44,5,2.64
799,888362,0.0881,0.1752,1.0297,0.0525,-1.68,-27.2388,1000.9578,right_u_turn,103.5,5,2.7
800,888422,0.0339,0.1718,1.058,-0.2013,0.245,-28.14,1000.9609,right_u_turn,103.56,5,2.76
801,888482,0.04,0.2225,0.974,-0.0962,-2.3187,-28.6562,1000.9509,right_u_turn,103.62,5,2.82
802,888542,0.0578,0.2044,1.0555,1.5838,-0.6913,-28.6475,1000.9451,right_u_turn,103.68,5,2.88
803,888602,0.0389,0.2137,0.9985,1.5662,-1.2775,-28.5163,1000.9451,right_u_turn,103.74,5,2.94
804,888662,0.079,0.244,1.0164,1.0325,-1.8725,-29.1987,1000.9438,right_u_turn,103.8,5,3.0
805,888722,0.1001,0.2323,1.0067,-0.0525,-0.7437,-29.19,1000.9348,right_u_turn,103.86,5,3.06
806,888782,0.0648,0.2318,0.9726,0.455,-1.7587,-30.0912,1000.9385,right_u_turn,103.92,5,3.12
807,888842,0.1127,0.2547,1.0292,0.21,-1.5662,-29.6537,1000.9373,right_u_turn,103.98,5,3.18
808,888902,0.0563,0.172,0.9577,-2.0738,-0.5688,-29.7325,1000.9314,right_u_turn,104.04,5,3.24
809,888962,0.0663,0.1862,0.9082,-0.7875,-0.6475,-29.155,1000.9304,right_u_turn,104.1,5,3.3
810,889022,0.102,0.1667,1.0372,0.07,-1.1988,-28.9363,1000.9448,right_u_turn,104.16,5,3.36
811,889082,0.051,0.1525,0.9663,0.0525,-1.2775,-29.2512,1000.9331,right_u_turn,104.22,5,3.42
812,889142,0.0678,0.1956,0.9625,1.295,-1.2862,-29.5487,1000.9414,right_u_turn,104.28,5,3.48
813,889202,0.0592,0.1891,0.9511,0.91,-1.7237,-29.1462,1000.9524,right_u_turn,104.34,5,3.54
814,889262,0.0659,0.2127,1.0097,-0.2013,0.3325,-28.9713,1000.9309,right_u_turn,104.4,5,3.6
815,889322,-0.0034,0.1462,0.9399,-0.28,-0.1138,-29.1812,1000.9382,right_u_turn,104.46,5,3.66
816,889382,0.0486,0.1993,1.0124,0.4462,0.2188,-29.0588,1000.9434,right_u_turn,104.52,5,3.72
817,889442,0.0496,0.1892,0.999,-0.315,-0.0962,-29.5312,1000.9343,right_u_turn,104.58,5,3.78
818,889502,0.0044,0.1972,0.9689,0.455,-0.77,-29.6012,1000.9397,right_u_turn,104.64,5,3.84
819,889562,0.0452,0.2252,1.0135,0.7175,-0.1663,-29.6625,1000.9397,right_u_turn,104.7,5,3.9
820,889622,0.0554,0.2235,0.9894,-0.21,0.7088,-29.89,1000.937,right_u_turn,104.76,5,3.96
821,889682,0.0335,0.1984,0.9577,-0.2887,-0.2887,-30.5025,1000.9321,right_u_turn,104.82,5,4.02
822,889742,0.0347,0.1952,0.9816,-0.4638,-0.3413,-30.415,1000.9277,right_u_turn,104.88,5,4.08
823,889802,0.032,0.2028,0.9714,-0.0787,0.6037,-30.1262,1000.9292,right_u_turn,104.94,5,4.14
824,889862,0.0149,0.2198,0.9564,-1.1375,-1.2862,-30.7125,1000.9287,right_u_turn,105.0,5,4.2
825,889922,0.0267,0.1996,0.9862,0.49,-0.7613,-30.6338,1000.9307,right_u_turn,105.06,5,4.26
826,889982,0.0749,0.2113,1.0436,-0.2625,-1.5838,-30.5987,1000.9307,right_u_turn,105.12,5,4.32
827,890042,0.0458,0.2286,1.0252,0.56,-0.35,-30.8263,1000.9341,right_u_turn,105.18,5,4.38
828,890102,0.0727,0.2134,1.0133,0.1225,0.3063,-30.695,1000.9343,right_u_turn,105.24,5,4.44
829,890162,0.047,0.1886,1.0087,-1.8463,-1.1725,-30.8088,1000.9226,right_u_turn,105.3,5,4.5
830,890222,0.0773,0.2469,1.0136,-0.2537,-1.7763,-30.6075,1000.925,right_u_turn,105.36,5,4.56
831,890282,0.0459,0.1881,1.0104,-0.1925,-0.7962,-31.045,1000.9241,right_u_turn,105.42,5,4.62
832,890342,0.0691,0.221,0.9813,-0.5075,-0.3587,-31.0975,1000.925,right_u_turn,105.48,5,4.68
833,890402,0.0652,0.2361,0.9911,-0.9712,-0.5337,-30.9837,1000.9216,right_u_turn,105.54,5,4.74
834,890462,0.0567,0.1713,1.0016,-1.4787,-1.295,-31.115,1000.9255,right_u_turn,105.6,5,4.8
835,890522,0.0647,0.1876,1.0477,0.2013,-0.4025,-31.395,1000.9297,right_u_turn,105.66,5,4.86
836,890582,0.0054,0.2445,0.9645,0.21,-0.2713,-31.6838,1000.9326,right_u_turn,105.72,5,4.92
837,890642,0.0227,0.1696,0.9462,0.2013,-0.385,-31.8587,1000.9307,right_u_turn,105.78,5,4.98
838,890702,0.0429,0.1809,0.9557,1.4,-0.3762,-31.7537,1000.929,right_u_turn,105.84,5,5.04
839,890762,0.0373,0.2243,1.0099,1.3825,0.0437,-31.5525,1000.9365,right_u_turn,105.9,5,5.1
840,890822,0.0764,0.2125,0.9767,1.2337,-1.5575,-32.0425,1000.9304,right_u_turn,105.96,5,5.16
841,890882,0.043,0.2704,1.0165,1.6712,0.4725,-32.1213,1000.9309,right_u_turn,106.02,5,5.22
842,890942,0.0428,0.2732,0.9848,1.2513,-0.5512,-32.8125,1000.938,right_u_turn,106.08,5,5.28
843,891002,0.019,0.2047,0.8947,0.4288,-1.7938,-33.3025,1000.9224,right_u_turn,106.14,5,5.34
844,891062,0.0927,0.2649,1.0448,0.1488,-1.89,-33.6437,1000.9429,right_u_turn,106.2,5,5.4
845,891122,0.1188,0.2472,1.0602,0.7437,-0.3587,-33.1275,1000.9431,right_u_turn,106.26,5,5.46
846,891182,0.0312,0.2472,0.9603,0.175,-0.8225,-33.8537,1000.9387,right_u_turn,106.32,5,5.52
847,891242,0.0869,0.3135,1.0168,-0.4025,-1.0938,-33.4425,1000.9209,right_u_turn,106.38,5,5.58
848,891302,0.0396,0.2022,1.0043,-0.77,-0.7088,-33.6613,1000.947,right_u_turn,106.44,5,5.64
849,891362,0.0364,0.2104,0.9636,1.7237,-0.1225,-34.58,1000.9373,right_u_turn,106.5,5,5.7
850,891422,0.0526,0.1959,0.998,0.595,-1.2162,-34.7988,1000.9419,right_u_turn,106.56,5,5.76
851,891482,0.0568,0.3012,1.0304,-1.82,2.3712,-34.93,1000.9329,right_u_turn,106.62,5,5.82
852,891542,0.0503,0.2223,0.9969,-3.5262,1.0237,-34.7463,1000.9473,right_u_turn,106.68,5,5.88
853,891602,0.1088,0.2918,1.0225,-1.4787,0.385,-34.1425,1000.936,right_u_turn,106.74,5,5.94
854,891662,0.0629,0.2502,0.9867,-1.3038,1.6975,-35.21,1000.9385,right_u_turn,106.8,5,6.0
855,891722,0.0596,0.2452,0.967,1.7587,-0.7788,-35.8312,1000.9375,right_u_turn,106.86,5,6.06
856,891782,0.0352,0.2281,0.9667,2.3888,0.4288,-35.3325,1000.9482,right_u_turn,106.92,5,6.12
857,891842,0.0093,0.2579,0.9221,0.8925,-0.0437,-34.615,1000.947,right_u_turn,106.98,5,6.18
858,891902,0.0461,0.2286,0.9762,1.0762,0.6037,-34.02,1000.9475,right_u_turn,107.04,5,6.24
859,891962,0.052,0.2726,1.0402,0.665,0.3675,-34.3875,1000.9465,right_u_turn,107.1,5,6.3
860,892022,0.0578,0.2789,1.049,1.2513,-1.575,-35.1575,1000.9561,right_u_turn,107.16,5,6.36
861,892082,0.0113,0.3079,0.9697,-0.2537,-0.9712,-34.7725,1000.9534,right_u_turn,107.22,5,6.42
862,892142,0.0066,0.2053,0.9267,3.1675,1.2513,-34.7025,1000.9497,right_u_turn,107.28,5,6.48
863,892202,0.0497,0.246,1.0644,-1.6888,0.63,-33.6787,1000.9512,right_u_turn,107.34,5,6.54
864,892262,0.0425,0.3015,1.1063,-1.2862,0.4375,-31.7625,1000.9587,right_u_turn,107.4,5,6.6
865,892322,-0.0717,0.1925,0.9618,-3.185,0.07,-30.5112,1000.9651,right_u_turn,107.46,5,6.66
866,892382,-0.0472,0.1443,0.9992,-3.2987,-0.5688,-28.7087,1000.9573,right_u_turn,107.52,5,6.72
867,892442,-0.0493,0.0874,0.9799,-3.045,-0.2975,-27.5187,1000.9646,right_u_turn,107.58,5,6.78
868,892502,-0.0342,0.0816,1.0043,-0.7437,-0.07,-25.2612,1000.9685,right_u_turn,107.64,5,6.84
869,892562,-0.0393,0.1379,1.0224,0.6037,-0.3413,-23.6513,1000.9644,right_u_turn,107.7,5,6.9
870,892622,-0.0532,0.0885,0.9655,0.9275,-0.35,-22.3738,1000.9771,right_u_turn,107.76,5,6.96
871,892682,-0.034,0.1073,1.0465,0.98,-1.855,-21.14,1000.9709,right_u_turn,107.82,5,7.02
872,892742,-0.0281,0.1115,0.9565,0.6737,-1.8112,-20.2825,1000.9678,right_u_turn,107.88,5,7.08
873,892802,-0.0004,0.1491,1.0155,0.385,-1.435,-18.6375,1000.9695,right_u_turn,107.94,5,7.14
874,892862,-0.0944,0.1623,0.9519,-0.3587,0.1575,-17.5963,1000.9707,right_u_turn,108.0,5,7.2
875,892922,-0.0532,0.0849,0.9867,-1.3038,-0.9538,-17.0012,1000.9729,right_u_turn,108.06,5,7.26
876,892982,-0.0656,0.0354,0.9441,0.07,0.7,-15.9425,1000.9751,right_u_turn,108.12,5,7.32
877,893042,-0.0237,0.0927,0.957,1.0588,0.035,-14.6562,1000.9653,right_u_turn,108.18,5,7.38
878,893102,-0.0382,0.1033,1.0175,-0.175,0.98,-13.3612,1000.9788,right_u_turn,108.24,5,7.44
879,893162,-0.0605,0.1447,1.0064,1.1113,0.2362,-12.7662,1000.9819,right_u_turn,108.3,5,7.5
880,893222,-0.0564,0.0556,0.9936,-0.315,-0.2537,-11.8387,1000.9878,right_u_turn,108.36,5,7.56
881,893282,-0.0423,0.1022,1.0067,-0.8225,-1.015,-10.5525,1000.9841,right_u_turn,108.42,5,7.62
882,893342,-0.0569,0.0274,0.9845,-1.155,-0.14,-8.8813,1000.9739,right_u_turn,108.48,5,7.68
883,893402,-0.0672,0.01,0.9966,-1.0063,-0.1925,-7.8925,1000.97,right_u_turn,108.54,5,7.74
884,893462,-0.0818,0.0022,0.9665,0.2275,-0.105,-6.93,1000.9578,right_u_turn,108.6,5,7.8
885,893522,-0.0751,-0.0176,0.9792,0.3587,0.7788,-5.7312,1000.9846,right_u_turn,108.66,5,7.86
886,893582,-0.1193,-0.0239,1.0026,-0.5425,2.4938,-4.8562,1000.9717,right_u_turn,108.72,5,7.92
887,893642,-0.0637,0.1064,1.0529,0.98,0.7613,-3.71,1000.9636,right_u_turn,108.78,5,7.98
888,893702,-0.0549,0.0378,1.0436,0.3237,0.4375,-2.8438,1000.9673,right_u_turn,108.84,5,8.04
889,893762,-0.0381,0.0531,1.0187,0.0,1.085,-1.8288,1000.9839,right_u_turn,108.9,5,8.1
890,893822,-0.0481,0.0085,1.0165,0.3063,0.4375,-1.1287,1000.9751,right_u_turn,108.96,5,8.16
891,893882,-0.0653,0.0163,1.0293,-0.2013,1.1812,-0.315,1000.959,right_u_turn,109.02,5,8.22
892,893942,-0.0663,-0.0056,1.0205,0.07,-0.6212,-0.0088,1000.9688,right_u_turn,109.08,5,8.28
893,894002,-0.0901,-0.0339,0.9791,-0.175,0.7437,0.245,1000.949,right_u_turn,109.14,5,8.34
894,1202102,0.0589,0.0234,1.0741,0.945,1.3913,0.0613,1000.7432,right_u_turn,417.24,6,0.0
895,1202162,0.0368,-0.0085,0.9295,0.2887,-1.5137,-0.5163,1000.7505,right_u_turn,417.3,6,0.06
896,1202222,0.0437,0.0188,1.0465,1.225,0.6475,-0.0088,1000.7461,right_u_turn,417.36,6,0.12
897,1202282,0.0356,-0.0037,1.0284,1.2513,0.1225,-0.42,1000.7483,right_u_turn,417.42,6,0.18
898,1202342,0.007,0.0179,0.9675,0.9187,-0.385,-0.595,1000.7505,right_u_turn,417.48,6,0.24
899,1202402,0.02,0.0264,0.998,0.9538,0.5512,-0.1575,1000.752,right_u_turn,417.54,6,0.3
900,1202462,0.0119,0.0207,1.0294,-0.0787,0.6212,-0.315,1000.7527,right_u_turn,417.6,6,0.36
901,1202522,0.0532,0.0265,1.0207,0.0175,0.1225,-0.1838,1000.7532,right_u_turn,417.66,6,0.42
902,1202582,0.0154,0.0115,0.9638,-0.5425,0.14,-0.7,1000.7473,right_u_turn,417.72,6,0.48
903,1202642,0.0187,0.035,1.0016,1.1113,-0.1488,-0.8487,1000.7607,right_u_turn,417.78,6,0.54
904,1202702,0.0427,0.0356,1.0707,2.52,0.84,-1.6625,1000.7598,right_u_turn,417.84,6,0.6
905,1202762,-0.0061,0.0447,0.9867,2.1962,-0.1838,-2.3712,1000.7537,right_u_turn,417.9,6,0.66
906,1202822,0.037,0.0668,1.0429,1.7237,0.0175,-2.03,1000.7571,right_u_turn,417.96,6,0.72
907,1202882,0.0334,0.0893,0.9978,1.925,-0.8662,-4.3313,1000.7588,right_u_turn,418.02,6,0.78
908,1202942,0.0679,0.0771,0.9953,1.855,-0.6212,-4.935,1000.7478,right_u_turn,418.08,6,0.84
909,1203002,0.0576,0.0834,0.9706,1.6275,-1.19,-6.3175,1000.7549,right_u_turn,418.14,6,0.9
910,1203062,0.0739,0.1177,0.9548,0.4462,-0.5425,-7.3325,1000.7539,right_u_turn,418.2,6,0.96
911,1203122,0.055,0.1635,1.0139,0.07,0.035,-8.925,1000.7551,right_u_turn,418.26,6,1.02
912,1203182,0.0659,0.1039,0.9733,1.19,0.4462,-9.6862,1000.7388,right_u_turn,418.32,6,1.08
913,1203242,0.0846,0.1127,0.9835,0.7437,-0.735,-10.3775,1000.7405,right_u_turn,418.38,6,1.14
914,1203302,0.0678,0.1535,1.0374,0.49,0.9538,-11.5763,1000.7466,right_u_turn,418.44,6,1.2
915,1203362,0.052,0.1606,0.9506,1.3737,-0.3325,-12.7837,1000.7559,right_u_turn,418.5,6,1.26
916,1203422,0.0593,0.135,1.0169,0.2625,-0.0175,-13.79,1000.7644,right_u_turn,418.56,6,1.32
917,1203482,0.0534,0.1123,0.9665,0.07,-0.945,-14.9275,1000.76,right_u_turn,418.62,6,1.38
918,1203542,0.0561,0.1646,0.9867,0.5337,1.4438,-15.4438,1000.759,right_u_turn,418.68,6,1.44
919,1203602,0.0199,0.1776,0.9213,0.595,-0.91,-16.7913,1000.7498,right_u_turn,418.74,6,1.5
920,1203662,0.063,0.159,1.0166,1.0938,0.7788,-17.0713,1000.7349,right_u_turn,418.8,6,1.56
921,1203722,0.0154,0.1667,0.9991,0.6037,0.5163,-17.99,1000.7305,right_u_turn,418.86,6,1.62
922,1203782,0.0598,0.1578,0.9999,0.2362,-0.315,-19.11,1000.7363,right_u_turn,418.92,6,1.68
923,1203842,0.0439,0.2047,1.0339,1.435,0.0787,-19.7575,1000.7363,right_u_turn,418.98,6,1.74
924,1203902,0.0879,0.2137,1.0756,1.05,-0.77,-20.8862,1000.7461,right_u_turn,419.04,6,1.8
925,1203962,0.0534,0.2035,1.0241,1.7763,-0.8925,-21.98,1000.7354,right_u_turn,419.1,6,1.86
926,1204022,0.0671,0.2189,1.002,1.1725,-1.4612,-22.785,1000.7285,right_u_turn,419.16,6,1.92
927,1204082,0.0369,0.2301,0.9539,0.7525,-1.2687,-23.9487,1000.7354,right_u_turn,419.22,6,1.98
928,1204142,0.0697,0.1449,0.9857,0.1138,-0.805,-24.29,1000.7241,right_u_turn,419.28,6,2.04
929,1204202,0.0703,0.2198,1.075,1.3475,1.2075,-24.6838,1000.7383,right_u_turn,419.34,6,2.1
930,1204262,0.0922,0.1801,1.0055,0.5775,-1.2075,-25.6637,1000.7449,right_u_turn,419.4,6,2.16
931,1204322,0.0373,0.1701,0.9526,-0.035,-0.07,-26.215,1000.7222,right_u_turn,419.46,6,2.22
932,1204382,0.0476,0.1911,0.9203,0.8838,-1.2337,-26.985,1000.728,right_u_turn,419.52,6,2.28
933,1204442,0.0545,0.2262,0.9795,0.56,-0.6825,-27.615,1000.7402,right_u_turn,419.58,6,2.34
934,1204502,0.0254,0.2045,1.0135,1.2862,0.9625,-28.2362,1000.7422,right_u_turn,419.64,6,2.4
935,1204562,0.0674,0.207,0.9474,1.1638,-2.2575,-29.05,1000.7412,right_u_turn,419.7,6,2.46
936,1204622,0.0293,0.3211,0.9926,0.2537,-0.7088,-29.575,1000.7375,right_u_turn,419.76,6,2.52
937,1204682,0.0678,0.2035,0.9613,0.2013,-1.505,-29.9425,1000.7351,right_u_turn,419.82,6,2.58
938,1204742,0.0612,0.1903,0.853,-2.8612,-1.8637,-30.6688,1000.7554,right_u_turn,419.88,6,2.64
939,1204802,0.0339,0.3004,0.9948,-1.0588,-0.7088,-30.4762,1000.7502,right_u_turn,419.94,6,2.7
940,1204862,0.0308,0.2305,0.9772,0.7962,-0.2713,-31.1938,1000.7327,right_u_turn,420.0,6,2.76
941,1204922,0.0593,0.2259,1.0563,-1.2337,-0.4462,-30.7913,1000.7209,right_u_turn,420.06,6,2.82
942,1204982,0.0107,0.151,0.9135,0.9887,0.5163,-30.7563,1000.7217,right_u_turn,420.12,6,2.88
943,1205042,0.0373,0.213,0.9948,1.1725,-1.1988,-30.695,1000.7175,right_u_turn,420.18,6,2.94
944,1205102,0.0249,0.2694,0.9631,1.0237,-1.7237,-31.2463,1000.71,right_u_turn,420.24,6,3.0
945,1205162,-0.0022,0.1759,0.9221,1.7413,-0.1488,-31.2463,1000.7322,right_u_turn,420.3,6,3.06
946,1205222,0.0768,0.2323,0.9833,1.5137,-2.4325,-31.325,1000.729,right_u_turn,420.36,6,3.12
947,1205282,0.0773,0.2826,1.0245,1.1725,0.8575,-30.9662,1000.7068,right_u_turn,420.42,6,3.18
948,1205342,0.0146,0.4056,0.9409,0.735,-1.8637,-32.3925,1000.7192,right_u_turn,420.48,6,3.24
949,1205402,0.0518,0.2008,1.0822,0.63,-3.9813,-30.7388,1000.7327,right_u_turn,420.54,6,3.3
950,1205462,-0.0179,0.1069,0.9853,-0.1663,0.735,-30.8263,1000.7239,right_u_turn,420.6,6,3.36
951,1205522,0.0648,0.2211,0.9287,1.0938,-0.3063,-31.0187,1000.7183,right_u_turn,420.66,6,3.42
952,1205582,0.048,0.1981,1.0377,1.2162,1.3913,-30.9225,1000.7227,right_u_turn,420.72,6,3.48
953,1205642,0.0925,0.2589,1.0248,2.0825,1.7587,-30.9487,1000.7166,right_u_turn,420.78,6,3.54
954,1205702,0.0932,0.2508,0.9862,-1.8637,-0.0525,-31.1238,1000.7129,right_u_turn,420.84,6,3.6
955,1205762,0.0065,0.1705,0.8054,-2.8525,-0.525,-30.3363,1000.7217,right_u_turn,420.9,6,3.66
956,1205822,0.0834,0.1928,1.0502,-1.9162,0.4812,-30.9662,1000.7173,right_u_turn,420.96,6,3.72
957,1205882,0.0714,0.1645,0.9257,-2.3625,-1.75,-30.8263,1000.7148,right_u_turn,421.02,6,3.78
958,1205942,0.0051,0.2372,0.9626,1.1812,-2.8263,-31.5525,1000.7104,right_u_turn,421.08,6,3.84
959,1206002,0.0412,0.2236,1.0153,0.91,-2.6512,-31.325,1000.7097,right_u_turn,421.14,6,3.9
960,1206062,0.0732,0.1557,1.0019,1.225,-3.185,-30.415,1000.7104,right_u_turn,421.2,6,3.96
961,1206122,-0.003,0.2359,0.9254,1.7938,0.1312,-31.0713,1000.7192,right_u_turn,421.26,6,4.02
962,1206182,0.1995,0.2966,1.066,0.0875,-4.7337,-30.7913,1000.7178,right_u_turn,421.32,6,4.08
963,1206242,0.1113,0.2525,0.975,3.605,-0.49,-29.9688,1000.719,right_u_turn,421.38,6,4.14
964,1206302,-0.0251,0.2206,0.8933,-2.1613,-1.925,-31.395,1000.7109,right_u_turn,421.44,6,4.2
965,1206362,0.0798,0.202,1.0163,0.3762,-0.6037,-30.9137,1000.7097,right_u_turn,421.5,6,4.26
966,1206422,0.1,0.1559,1.1117,0.5863,-3.9025,-31.01,1000.7041,right_u_turn,421.56,6,4.32
967,1206482,0.0733,0.1989,1.0783,-1.0675,-2.9137,-30.59,1000.71,right_u_turn,421.62,6,4.38
968,1206542,0.0634,0.2074,0.9001,-1.8987,-2.2575,-30.4412,1000.7109,right_u_turn,421.68,6,4.44
969,1206602,0.0744,0.2622,0.9477,-0.14,1.5662,-30.5987,1000.7024,right_u_turn,421.74,6,4.5
970,1206662,0.0752,0.1742,1.0317,1.015,2.5375,-30.765,1000.7041,right_u_turn,421.8,6,4.56
971,1206722,0.0698,0.1893,0.9723,-0.1312,0.0962,-31.3425,1000.6934,right_u_turn,421.86,6,4.62
972,1206782,0.096,0.2262,1.0687,1.1375,0.5075,-30.9837,1000.7034,right_u_turn,421.92,6,4.68
973,1206842,0.0564,0.1857,0.9133,-0.595,-0.8225,-31.8062,1000.7102,right_u_turn,421.98,6,4.74
974,1206902,0.0681,0.2503,1.0308,0.8925,-0.91,-31.3425,1000.6951,right_u_turn,422.04,6,4.8
975,1206962,0.0691,0.2748,1.1019,0.1138,0.7788,-31.64,1000.6985,right_u_turn,422.1,6,4.86
976,1207022,0.0626,0.23,1.0102,-0.9538,-2.2925,-31.3425,1000.6926,right_u_turn,422.16,6,4.92
977,1207082,0.0691,0.2216,1.0458,0.0962,1.5312,-31.2725,1000.6843,right_u_turn,422.22,6,4.98
978,1207142,0.0452,0.1904,1.0039,-0.0088,-1.3737,-31.9725,1000.6792,right_u_turn,422.28,6,5.04
979,1207202,-0.0066,0.1759,0.8796,-1.2075,-2.7387,-32.0775,1000.6921,right_u_turn,422.34,6,5.1
980,1207262,0.0894,0.256,1.0304,0.35,-1.33,-31.5613,1000.6946,right_u_turn,422.4,6,5.16
981,1207322,0.0588,0.2264,1.018,0.2275,-1.0237,-31.4562,1000.6924,right_u_turn,422.46,6,5.22
982,1207382,0.0208,0.1835,0.9877,-0.3675,-0.7088,-32.2875,1000.6865,right_u_turn,422.52,6,5.28
983,1207442,0.0691,0.2195,1.0311,1.015,-1.19,-32.0163,1000.6995,right_u_turn,422.58,6,5.34
984,1207502,0.0411,0.1413,0.9304,0.1663,0.665,-32.13,1000.7107,right_u_turn,422.64,6,5.4
985,1207562,0.0525,0.2938,1.0186,0.6737,0.5512,-32.0513,1000.7004,right_u_turn,422.7,6,5.46
986,1207622,0.0291,0.1986,0.9409,-0.0088,0.0088,-31.92,1000.7004,right_u_turn,422.76,6,5.52
987,1207682,0.0469,0.2242,0.9313,0.28,-2.5287,-32.1475,1000.6819,right_u_turn,422.82,6,5.58
988,1207742,0.0708,0.2597,1.0223,-0.2975,-1.015,-31.57,1000.6868,right_u_turn,422.88,6,5.64
989,1207802,0.0356,0.2459,0.9772,-0.3325,-0.0787,-32.515,1000.6812,right_u_turn,422.94,6,5.7
990,1207862,0.0755,0.1842,1.0217,-0.2887,0.2537,-31.92,1000.6633,right_u_turn,423.0,6,5.76
991,1207922,0.0226,0.2167,0.9715,-0.3762,-0.7088,-31.4912,1000.6541,right_u_turn,423.06,6,5.82
992,1207982,0.0532,0.26,0.9947,0.3063,-2.6775,-32.1213,1000.6606,right_u_turn,423.12,6,5.88
993,1208042,0.0551,0.2823,1.0168,-0.1925,0.49,-31.5088,1000.6665,right_u_turn,423.18,6,5.94
994,1208102,0.0537,0.2403,1.0951,0.0787,-1.26,-31.3512,1000.6577,right_u_turn,423.24,6,6.0
995,1208162,0.0095,0.2603,1.0197,0.035,1.015,-32.1387,1000.6594,right_u_turn,423.3,6,6.06
996,1208222,-0.002,0.2321,0.9536,-0.665,-1.0588,-32.3662,1000.6482,right_u_turn,423.36,6,6.12
997,1208282,0.0346,0.1915,0.9406,-0.9187,-1.855,-32.1125,1000.6399,right_u_turn,423.42,6,6.18
998,1208342,0.04,0.1849,0.9369,0.07,-2.1437,-31.2025,1000.6389,right_u_turn,423.48,6,6.24
999,1208402,-0.0666,0.1889,0.9855,0.4462,0.0175,-32.1912,1000.6414,right_u_turn,423.54,6,6.3
1000,1208462,0.0356,0.1596,0.9982,-0.3413,-1.0325,-29.96,1000.6555,right_u_turn,423.6,6,6.36
1001,1208522,-0.0422,0.1444,0.9606,0.1575,1.0063,-30.31,1000.6345,right_u_turn,423.66,6,6.42
1002,1208582,-0.009,0.189,0.9863,0.49,2.24,-29.3475,1000.6321,right_u_turn,423.72,6,6.48
1003,1208642,0.0708,0.2006,1.0465,-1.5137,-1.05,-27.5888,1000.6431,right_u_turn,423.78,6,6.54
1004,1208702,-0.0522,0.1666,0.9412,-1.435,0.6737,-26.2588,1000.6421,right_u_turn,423.84,6,6.6
1005,1208762,-0.009,0.1605,0.9953,-1.8725,1.3388,-25.0338,1000.6375,right_u_turn,423.9,6,6.66
1006,1208822,0.012,0.1423,1.0024,-1.8375,-0.7088,-23.8962,1000.6353,right_u_turn,423.96,6,6.72
1007,1208882,0.0007,0.1806,1.0089,-0.3237,1.995,-22.9862,1000.6411,right_u_turn,424.02,6,6.78
1008,1208942,-0.0673,0.1076,0.9426,-0.1488,0.0525,-21.8137,1000.6387,right_u_turn,424.08,6,6.84
1009,1209002,0.0016,0.1499,0.9923,-0.7,-0.4112,-20.6238,1000.6467,right_u_turn,424.14,6,6.9
1010,1209062,-0.0425,0.109,0.9025,-0.1575,-2.7738,-20.0725,1000.6223,right_u_turn,424.2,6,6.96
1011,1209122,-0.092,0.0983,1.035,0.805,2.1788,-19.53,1000.6316,right_u_turn,424.26,6,7.02
1012,1209182,-0.0295,0.1757,0.9731,0.91,1.995,-18.4538,1000.6287,right_u_turn,424.32,6,7.08
1013,1209242,-0.009,0.1286,1.0653,1.9075,-0.77,-18.2262,1000.6243,right_u_turn,424.38,6,7.14
1014,1209302,-0.0396,0.1266,1.0009,0.84,-1.12,-17.5875,1000.6311,right_u_turn,424.44,6,7.2
1015,1209362,0.0002,0.1723,1.0256,-0.3413,-0.21,-16.7475,1000.6287,right_u_turn,424.5,6,7.26
1016,1209422,-0.0442,0.1225,0.9674,0.1663,-1.7413,-16.5287,1000.6267,right_u_turn,424.56,6,7.32
1017,1209482,-0.0281,0.0698,1.0246,-1.2162,0.7525,-15.4,1000.6267,right_u_turn,424.62,6,7.38
1018,1209542,-0.0664,0.0956,0.9828,-1.19,0.1488,-14.6125,1000.6238,right_u_turn,424.68,6,7.44
1019,1209602,-0.0398,0.0746,1.0402,-1.3388,1.8813,-12.6613,1000.6243,right_u_turn,424.74,6,7.5
1020,1209662,-0.0228,0.0229,1.0266,-0.9625,0.63,-10.9462,1000.6289,right_u_turn,424.8,6,7.56
1021,1209722,-0.0944,-0.0154,1.0208,-1.1988,2.2313,-9.5638,1000.6287,right_u_turn,424.86,6,7.62
1022,1209782,-0.1069,0.0597,0.9953,-0.35,1.54,-8.4788,1000.6292,right_u_turn,424.92,6,7.68
1023,1209842,-0.0612,-0.0005,1.0284,0.4812,1.2425,-7.3587,1000.6282,right_u_turn,424.98,6,7.74
1024,1209902,-0.0512,0.0173,1.0248,0.0875,1.4963,-5.9412,1000.6204,right_u_turn,425.04,6,7.8
1025,1209962,-0.0117,0.0117,1.0795,-0.2013,1.7587,-4.6462,1000.6282,right_u_turn,425.1,6,7.86
1026,1210022,-0.1047,-0.0031,0.9276,-0.5688,1.2775,-3.85,1000.6292,right_u_turn,425.16,6,7.92
1027,1210082,-0.018,-0.0068,1.0352,-0.105,0.385,-3.1675,1000.6301,right_u_turn,425.22,6,7.98
1028,1210142,-0.0993,0.0343,0.9617,0.3762,0.5075,-1.9863,1000.6279,right_u_turn,425.28,6,8.04
1029,1210202,-0.0822,0.034,0.9635,-0.4725,-0.315,-1.4262,1000.6328,right_u_turn,425.34,6,8.1
1030,1210262,-0.0674,-0.0722,0.8972,0.21,-0.8838,-0.56,1000.6174,right_u_turn,425.4,6,8.16
1031,1210322,-0.0461,0.0305,0.9948,1.7763,-0.6125,0.0613,1000.6174,right_u_turn,425.46,6,8.22
1032,1219262,0.1228,0.0386,1.1031,-3.2025,3.57,0.3325,1000.5798,right_u_turn,434.4,7,0.0
1033,1219322,0.0442,0.0356,0.9016,-1.61,1.19,-0.21,1000.5884,right_u_turn,434.46,7,0.06
1034,1219382,0.0731,0.0119,0.947,1.4175,0.9975,-0.7613,1000.5918,right_u_turn,434.52,7,0.12
1035,1219442,0.0332,-0.0423,1.0565,1.7062,1.7325,-0.945,1000.6025,right_u_turn,434.58,7,0.18
1036,1219502,0.0878,0.0662,1.0728,0.9275,2.0213,-0.1138,1000.5989,right_u_turn,434.64,7,0.24
1037,1219562,0.0246,0.0755,0.976,2.45,-0.0088,-0.6475,1000.5884,right_u_turn,434.7,7,0.3
1038,1219622,0.0397,-0.0241,0.9711,2.9925,1.0762,-0.4112,1000.5842,right_u_turn,434.76,7,0.36
1039,1219682,0.0173,0.0176,0.985,0.8925,1.2862,-0.8925,1000.5679,right_u_turn,434.82,7,0.42
1040,1219742,0.0096,0.0561,0.9347,1.89,-1.1025,-1.5225,1000.5676,right_u_turn,434.88,7,0.48
1041,1219802,0.0156,0.0564,0.9783,1.1025,-0.49,-1.505,1000.5835,right_u_turn,434.94,7,0.54
1042,1219862,-0.116,0.0857,0.9875,-0.6212,-2.4675,-2.0387,1000.6055,right_u_turn,435.0,7,0.6
1043,1219922,0.0351,0.0734,1.0709,1.1988,-0.49,-2.4675,1000.6008,right_u_turn,435.06,7,0.66
1044,1219982,0.0739,0.0742,0.9535,-1.12,-3.5438,-3.0625,1000.5923,right_u_turn,435.12,7,0.72
1045,1220042,0.0664,0.0814,1.0294,1.0412,-3.2375,-3.5875,1000.5869,right_u_turn,435.18,7,0.78
1046,1220102,0.0575,0.0683,0.9984,1.3212,-1.785,-3.9637,1000.5896,right_u_turn,435.24,7,0.84
1047,1220162,0.0127,0.0884,0.9689,-0.35,-1.1287,-3.8937,1000.6057,right_u_turn,435.3,7,0.9
1048,1220222,0.0825,0.1025,0.9911,-0.07,-2.2225,-4.445,1000.6077,right_u_turn,435.36,7,0.96
1049,1220282,0.0888,0.0507,0.9865,1.295,0.4025,-4.9175,1000.5962,right_u_turn,435.42,7,1.02
1050,1220342,0.0268,0.0234,0.9484,0.77,-0.35,-5.495,1000.5942,right_u_turn,435.48,7,1.08
1051,1220402,0.0711,0.1229,1.0338,2.3187,0.98,-5.6788,1000.5801,right_u_turn,435.54,7,1.14
1052,1220462,0.0734,0.0771,0.9506,0.6475,0.0175,-6.8337,1000.5789,right_u_turn,435.6,7,1.2
1053,1220522,0.0391,0.1542,1.0084,1.5488,0.9887,-7.7875,1000.5791,right_u_turn,435.66,7,1.26
1054,1220582,0.0791,0.143,1.0275,0.1663,0.945,-8.6187,1000.5725,right_u_turn,435.72,7,1.32
1055,1220642,0.0634,0.161,1.0879,0.1838,1.4787,-9.7037,1000.5801,right_u_turn,435.78,7,1.38
1056,1220702,0.0589,0.2016,1.0197,0.4025,0.5863,-10.535,1000.5786,right_u_turn,435.84,7,1.44
1057,1220762,0.0938,0.1891,1.033,0.8662,0.175,-11.935,1000.5693,right_u_turn,435.9,7,1.5
1058,1220822,0.0646,0.1891,1.0107,0.5075,0.665,-12.8013,1000.5603,right_u_turn,435.96,7,1.56
1059,1220882,0.0774,0.143,0.9802,0.49,-0.2188,-13.965,1000.5596,right_u_turn,436.02,7,1.62
1060,1220942,0.0493,0.2203,0.9762,2.205,2.0563,-15.3475,1000.572,right_u_turn,436.08,7,1.68
1061,1221002,0.0687,0.155,0.98,0.5688,0.3413,-15.3125,1000.5601,right_u_turn,436.14,7,1.74
1062,1221062,0.0954,0.1944,0.9929,1.0325,-0.4375,-16.765,1000.5576,right_u_turn,436.2,7,1.8
1063,1221122,0.0486,0.2469,0.8987,-2.8,-0.4988,-16.87,1000.5684,right_u_turn,436.26,7,1.86
1064,1221182,0.0402,0.1071,0.9921,1.8813,-1.8725,-18.655,1000.5623,right_u_turn,436.32,7,1.92
1065,1221242,0.131,0.1401,1.0585,2.3187,-0.8225,-19.2062,1000.5901,right_u_turn,436.38,7,1.98
1066,1221302,0.0127,0.2601,0.9757,-1.365,-2.31,-20.3875,1000.5696,right_u_turn,436.44,7,2.04
1067,1221362,0.0913,0.2909,0.9722,-3.2025,-0.7788,-20.7113,1000.5828,right_u_turn,436.5,7,2.1
1068,1221422,0.1003,0.2577,1.0233,-0.8313,-1.6975,-22.1025,1000.5706,right_u_turn,436.56,7,2.16
1069,1221482,0.0905,0.2215,1.1031,-1.3475,2.31,-22.7938,1000.5696,right_u_turn,436.62,7,2.22
1070,1221542,0.0479,0.1108,0.9891,-0.5775,1.7062,-24.5,1000.5818,right_u_turn,436.68,7,2.28
1071,1221602,0.0817,0.1608,0.9906,-0.1138,-0.5688,-25.0688,1000.5767,right_u_turn,436.74,7,2.34
1072,1221662,0.0508,0.1979,0.9799,-0.6737,1.5925,-25.095,1000.5764,right_u_turn,436.8,7,2.4
1073,1221722,0.0824,0.2557,1.0105,-1.33,1.0237,-25.305,1000.5901,right_u_turn,436.86,7,2.46
1074,1221782,0.0817,0.169,0.9972,0.0962,1.5225,-25.7862,1000.5684,right_u_turn,436.92,7,2.52
1075,1221842,0.0935,0.1879,1.0063,-0.2625,2.0475,-26.7838,1000.5801,right_u_turn,436.98,7,2.58
1076,1221902,0.0807,0.2442,1.0214,1.4,3.8325,-27.4487,1000.5852,right_u_turn,437.04,7,2.64
1077,1221962,0.1101,0.2428,1.0172,0.6212,1.1463,-28.07,1000.6023,right_u_turn,437.1,7,2.7
1078,1222022,0.0473,0.2477,0.9586,0.1488,0.0,-27.7725,1000.6074,right_u_turn,437.16,7,2.76
1079,1222082,0.0459,0.2428,1.0526,-1.5137,0.2625,-27.9212,1000.6099,right_u_turn,437.22,7,2.82
1080,1222142,0.0195,0.3052,0.9065,-0.9625,-2.8,-28.0263,1000.615,right_u_turn,437.28,7,2.88
1081,1222202,0.0911,0.2526,1.0341,-3.1237,0.21,-28.105,1000.6211,right_u_turn,437.34,7,2.94
1082,1222262,0.0567,0.192,0.9781,-1.0938,-1.82,-28.49,1000.6104,right_u_turn,437.4,7,3.0
1083,1222322,0.093,0.1516,0.9858,-0.91,0.945,-28.665,1000.6042,right_u_turn,437.46,7,3.06
1084,1222382,0.0483,0.1818,1.0088,1.61,-2.8612,-28.77,1000.6018,right_u_turn,437.52,7,3.12
1085,1222442,0.0493,0.2269,0.9607,0.91,-1.5575,-28.7612,1000.5925,right_u_turn,437.58,7,3.18
1086,1222502,0.0639,0.2513,0.9936,1.4787,-0.2713,-28.0963,1000.5945,right_u_turn,437.64,7,3.24
1087,1222562,0.0315,0.2508,0.9376,1.4,-0.6825,-28.8575,1000.5986,right_u_turn,437.7,7,3.3
1088,1222622,0.0449,0.1791,0.9586,0.3413,-2.065,-29.19,1000.5945,right_u_turn,437.76,7,3.36
1089,1222682,0.0566,0.2433,0.9948,0.1138,-0.35,-28.945,1000.5881,right_u_turn,437.82,7,3.42
1090,1222742,0.0422,0.2584,0.9337,-0.3762,-2.0387,-28.9975,1000.5906,right_u_turn,437.88,7,3.48
1091,1222802,0.0366,0.222,0.9062,-0.0613,-1.33,-28.7175,1000.6038,right_u_turn,437.94,7,3.54
1092,1222862,0.0511,0.2252,0.9465,-0.945,-0.7613,-29.0325,1000.6062,right_u_turn,438.0,7,3.6
1093,1222922,0.0708,0.1662,0.9701,-1.4262,-2.2575,-28.945,1000.6042,right_u_turn,438.06,7,3.66
1094,1222982,0.0547,0.2137,0.9238,-0.035,-0.5512,-29.2425,1000.6162,right_u_turn,438.12,7,3.72
1095,1223042,0.0586,0.1821,1.0141,1.5662,-0.2975,-29.085,1000.6182,right_u_turn,438.18,7,3.78
1096,1223102,0.0282,0.2382,0.9891,0.805,-0.4112,-29.0675,1000.6255,right_u_turn,438.24,7,3.84
1097,1223162,0.1388,0.245,0.9994,0.105,-2.6425,-28.9888,1000.6328,right_u_turn,438.3,7,3.9
1098,1223222,0.0669,0.2918,1.0451,1.2425,0.0437,-29.0588,1000.6313,right_u_turn,438.36,7,3.96
1099,1223282,0.0863,0.1966,0.9697,0.6562,-1.5137,-29.12,1000.6282,right_u_turn,438.42,7,4.02
1100,1223342,0.0855,0.1947,0.9916,0.8138,-1.61,-28.875,1000.6443,right_u_turn,438.48,7,4.08
1101,1223402,0.0439,0.1976,0.9418,0.2013,-0.7613,-28.9713,1000.6401,right_u_turn,438.54,7,4.14
1102,1223462,0.0771,0.295,1.0313,0.1312,-1.5925,-29.05,1000.6421,right_u_turn,438.6,7,4.2
1103,1223522,0.0533,0.2199,1.0386,-0.525,-0.2013,-29.1112,1000.6536,right_u_turn,438.66,7,4.26
1104,1223582,0.049,0.1723,0.9684,0.7175,-0.2188,-28.9888,1000.6614,right_u_turn,438.72,7,4.32
1105,1223642,0.0796,0.2045,1.0009,0.0875,-0.91,-29.1637,1000.6436,right_u_turn,438.78,7,4.38
1106,1223702,0.0712,0.2398,1.0253,-0.1838,-0.1488,-28.9013,1000.6626,right_u_turn,438.84,7,4.44
1107,1223762,0.0307,0.2255,0.9708,-0.9538,-0.1838,-29.0325,1000.6567,right_u_turn,438.9,7,4.5
1108,1223822,0.0578,0.2037,0.9676,-0.1838,-0.0613,-29.26,1000.6616,right_u_turn,438.96,7,4.56
1109,1223882,0.0587,0.2423,1.004,0.3063,-0.6825,-29.1637,1000.6689,right_u_turn,439.02,7,4.62
1110,1223942,0.0424,0.2128,1.0074,-0.8838,-0.5425,-29.1987,1000.6685,right_u_turn,439.08,7,4.68
1111,1224002,0.051,0.2841,0.9836,0.3237,-1.2162,-29.015,1000.6646,right_u_turn,439.14,7,4.74
1112,1224062,0.0634,0.2338,0.9967,-0.5775,-0.5337,-29.365,1000.6721,right_u_turn,439.2,7,4.8
1113,1224122,0.0402,0.1781,0.9506,-0.4288,-1.9425,-29.6187,1000.6763,right_u_turn,439.26,7,4.86
1114,1224182,0.0725,0.2562,1.007,-0.7875,-1.68,-29.3125,1000.6848,right_u_turn,439.32,7,4.92
1115,1224242,0.0586,0.2471,1.0214,0.2625,-0.5863,-29.3475,1000.6802,right_u_turn,439.38,7,4.98
1116,1224302,0.0456,0.2782,1.0126,0.28,0.4288,-29.8988,1000.6807,right_u_turn,439.44,7,5.04
1117,1224362,0.0639,0.2397,0.9699,-0.2275,-1.61,-29.9425,1000.6858,right_u_turn,439.5,7,5.1
1118,1224422,0.0656,0.2452,1.0233,-0.1663,0.0962,-29.9425,1000.6921,right_u_turn,439.56,7,5.16
1119,1224482,0.0386,0.2347,0.9662,-0.3237,-0.5512,-30.3275,1000.6873,right_u_turn,439.62,7,5.22
1120,1224542,0.0933,0.2196,1.0031,-1.12,-1.0675,-30.6162,1000.6917,right_u_turn,439.68,7,5.28
1121,1224602,0.0647,0.1978,1.0164,0.1312,-0.2537,-30.7125,1000.6799,right_u_turn,439.74,7,5.34
1122,1224662,0.0554,0.276,0.9218,-0.63,-0.28,-30.5462,1000.6885,right_u_turn,439.8,7,5.4
1123,1224722,0.0722,0.2223,1.006,-0.1925,0.805,-30.5025,1000.6887,right_u_turn,439.86,7,5.46
1124,1224782,0.0254,0.1948,0.944,-0.1575,-0.7,-30.7913,1000.6978,right_u_turn,439.92,7,5.52
1125,1224842,0.0496,0.238,0.9241,0.2625,-0.2013,-30.6775,1000.6965,right_u_turn,439.98,7,5.58
1126,1224902,0.0661,0.2169,0.9817,0.8925,-1.6275,-30.9225,1000.1248,right_u_turn,440.04,7,5.64
1127,1224962,0.0327,0.2533,0.979,0.9625,0.3237,-31.0888,999.5779,right_u_turn,440.1,7,5.7
1128,1225022,0.0207,0.2552,1.0097,0.7262,-0.2275,-31.5088,999.6636,right_u_turn,440.16,7,5.76
1129,1225082,0.0373,0.2052,0.9809,1.4438,-1.8025,-31.5263,999.8904,right_u_turn,440.22,7,5.82
1130,1225142,0.0565,0.2001,0.989,1.9863,-0.4462,-31.3687,1000.022,right_u_turn,440.28,7,5.88
1131,1225202,0.0451,0.3104,1.0939,0.805,-0.3325,-31.43,1000.0813,right_u_turn,440.34,7,5.94
1132,1225262,0.0404,0.2576,0.9636,0.595,-0.1925,-31.4037,1000.4089,right_u_turn,440.4,7,6.0
1133,1225322,0.0249,0.2658,1.0293,0.6825,-0.1488,-31.8762,1000.551,right_u_turn,440.46,7,6.06
1134,1225382,0.0933,0.2406,1.0402,1.75,-2.0475,-31.7537,1000.6436,right_u_turn,440.52,7,6.12
1135,1225442,-0.0805,0.2186,0.8662,-1.855,-0.0437,-32.5938,1000.6514,right_u_turn,440.58,7,6.18
1136,1225502,0.1054,0.2972,1.0712,-0.3587,0.6737,-31.3425,1000.6782,right_u_turn,440.64,7,6.24
1137,1225562,0.0207,0.2161,1.0751,0.5512,0.56,-32.1738,1000.7068,right_u_turn,440.7,7,6.3
1138,1225622,-0.0051,0.2709,0.9448,1.5137,0.4025,-32.69,1000.7139,right_u_turn,440.76,7,6.36
1139,1225682,0.0247,0.2277,0.9714,1.4875,-0.5688,-33.215,1000.7351,right_u_turn,440.82,7,6.42
1140,1225742,-0.001,0.2711,1.0042,1.3737,0.9275,-32.9613,1000.7249,right_u_turn,440.88,7,6.48
1141,1225802,0.023,0.307,1.0058,1.8725,0.665,-32.725,1000.7502,right_u_turn,440.94,7,6.54
1142,1225862,0.0586,0.2884,1.02,0.0613,-1.05,-32.8825,1000.749,right_u_turn,441.0,7,6.6
1143,1225922,-0.0137,0.2372,0.9053,-0.0613,-0.6212,-33.39,1000.7466,right_u_turn,441.06,7,6.66
1144,1225982,0.0434,0.2158,0.9658,4.1213,-0.28,-33.845,1000.7373,right_u_turn,441.12,7,6.72
1145,1226042,0.0615,0.3412,1.0798,1.4787,-0.14,-33.9675,1000.7549,right_u_turn,441.18,7,6.78
1146,1226102,0.0383,0.3462,1.1009,-1.6625,-1.4175,-32.9787,1000.7412,right_u_turn,441.24,7,6.84
1147,1226162,0.0261,0.2506,0.9782,-1.7587,-1.995,-33.0488,1000.7488,right_u_turn,441.3,7,6.9
1148,1226222,-0.0318,0.1954,0.9797,-1.3563,-0.7525,-32.8475,1000.752,right_u_turn,441.36,7,6.96
1149,1226282,-0.0267,0.2094,0.9823,-2.835,-0.8313,-31.6575,1000.7529,right_u_turn,441.42,7,7.02
1150,1226342,-0.0293,0.2215,0.9241,-3.2287,-1.575,-30.3363,1000.7485,right_u_turn,441.48,7,7.08
1151,1226402,-0.0451,0.1791,0.9758,-2.1875,0.4112,-28.2975,1000.7417,right_u_turn,441.54,7,7.14
1152,1226462,-0.0584,0.1935,1.0887,-1.47,-0.5512,-26.5912,1000.7319,right_u_turn,441.6,7,7.2
1153,1226522,-0.048,0.1083,0.9536,-1.5488,0.035,-23.9925,1000.7251,right_u_turn,441.66,7,7.26
1154,1226582,-0.0598,0.1344,0.9616,-0.315,-1.0675,-22.295,1000.7354,right_u_turn,441.72,7,7.32
1155,1226642,-0.0795,0.1182,0.9662,0.8138,0.56,-20.6763,1000.7273,right_u_turn,441.78,7,7.38
1156,1226702,-0.029,0.0975,1.0402,1.2775,-0.6475,-19.2237,1000.7234,right_u_turn,441.84,7,7.44
1157,1226762,-0.0261,0.1319,0.9752,0.9013,-0.7788,-17.4212,1000.7168,right_u_turn,441.9,7,7.5
1158,1226822,-0.0476,0.152,0.9623,1.925,-1.0762,-16.8088,1000.7336,right_u_turn,441.96,7,7.56
1159,1226882,-0.0806,0.1008,0.9267,0.4025,-1.1725,-15.61,1000.7241,right_u_turn,442.02,7,7.62
1160,1226942,-0.0246,0.1111,1.0062,-1.1638,-0.735,-14.1838,1000.7305,right_u_turn,442.08,7,7.68
1161,1227002,-0.0661,0.0949,0.9431,-1.19,-1.225,-12.705,1000.7273,right_u_turn,442.14,7,7.74
1162,1227062,-0.05,0.0447,0.9881,-0.525,-0.21,-10.9288,1000.7307,right_u_turn,442.2,7,7.8
1163,1227122,-0.0607,0.0462,1.0036,-0.6562,1.19,-9.9663,1000.7266,right_u_turn,442.26,7,7.86
1164,1227182,-0.061,-0.0085,0.9462,-0.7262,-0.0613,-8.9513,1000.7346,right_u_turn,442.32,7,7.92
1165,1227242,-0.1057,0.1001,0.9828,0.0875,0.2887,-8.0588,1000.7351,right_u_turn,442.38,7,7.98
1166,1227302,-0.0999,-0.0778,0.9318,1.1375,-2.31,-7.035,1000.7219,right_u_turn,442.44,7,8.04
1167,1227362,-0.0529,0.0123,0.9637,-0.9625,0.0262,-4.97,1000.7288,right_u_turn,442.5,7,8.1
1168,1227422,-0.0547,-0.0383,0.9782,-0.5075,-1.5137,-2.8438,1000.7329,right_u_turn,442.56,7,8.16
1169,1227482,-0.1041,-0.0142,0.934,0.07,1.3475,-2.3888,1000.7417,right_u_turn,442.62,7,8.22
1170,1227542,-0.0508,0.0099,1.0088,0.9975,-0.8662,-2.0825,1000.7363,right_u_turn,442.68,7,8.28
1171,1227602,-0.0379,0.0085,1.0016,1.5312,-1.6013,-1.6625,1000.73,right_u_turn,442.74,7,8.34
1172,1227662,-0.0378,0.0668,1.0307,1.855,0.385,-1.645,1000.7295,right_u_turn,442.8,7,8.4
1173,1227722,-0.0559,0.0168,0.9277,-0.4375,-1.4088,-1.2337,1000.7407,right_u_turn,442.86,7,8.46
1174,1227782,-0.062,0.0378,0.997,-0.5425,0.3938,-0.385,1000.7305,right_u_turn,442.92,7,8.52
1175,1227842,-0.0632,-0.0046,1.0644,0.805,-0.3325,0.0787,1000.728,right_u_turn,442.98,7,8.58
1176,1235282,0.0827,0.0171,1.0148,1.3388,-0.0088,0.1312,1000.7463,right_u_turn,450.42,8,0.0
1177,1235342,0.0737,0.1085,1.0494,1.2513,-1.0762,-0.1838,1000.7432,right_u_turn,450.48,8,0.06
1178,1235402,0.0444,-0.0232,1.0373,2.0912,-0.3325,-0.3938,1000.739,right_u_turn,450.54,8,0.12
1179,1235462,0.0484,0.0178,1.0711,1.1463,-0.7175,-0.5425,1000.738,right_u_turn,450.6,8,0.18
1180,1235522,0.0483,0.0005,1.027,-0.21,-1.0063,-0.2975,1000.7329,right_u_turn,450.66,8,0.24
1181,1235582,0.0769,0.0352,1.085,0.175,0.8925,-0.2887,1000.7305,right_u_turn,450.72,8,0.3
1182,1235642,0.0878,-0.0068,0.9848,1.0675,-0.315,-0.1225,1000.7258,right_u_turn,450.78,8,0.36
1183,1235702,0.1115,-0.0073,1.0668,1.3737,0.8838,-0.4288,1000.7319,right_u_turn,450.84,8,0.42
1184,1235762,0.0415,-0.047,0.9655,0.35,-0.525,-0.5512,1000.7292,right_u_turn,450.9,8,0.48
1185,1235822,0.0581,0.0559,1.0758,1.9425,1.2687,-0.6475,1000.72,right_u_turn,450.96,8,0.54
1186,1235882,0.0273,-0.0175,0.9894,0.3413,0.455,-0.7875,1000.7339,right_u_turn,451.02,8,0.6
1187,1235942,0.0734,0.0766,0.9927,1.4525,-0.175,-1.1463,1000.7266,right_u_turn,451.08,8,0.66
1188,1236002,0.0947,0.0615,1.0685,1.89,-0.0262,-1.9688,1000.7195,right_u_turn,451.14,8,0.72
1189,1236062,0.0808,0.0923,1.0058,1.225,0.2188,-2.8875,1000.7239,right_u_turn,451.2,8,0.78
1190,1236122,0.0723,0.0722,0.9904,1.435,-0.385,-3.4825,1000.71,right_u_turn,451.26,8,0.84
1191,1236182,0.0539,0.0544,0.9691,1.6625,0.2013,-4.5237,1000.7197,right_u_turn,451.32,8,0.9
1192,1236242,0.0612,0.0859,1.0355,0.315,-0.7525,-5.3113,1000.7246,right_u_turn,451.38,8,0.96
1193,1236302,0.0579,0.1344,0.9676,1.5488,0.3587,-6.58,1000.7275,right_u_turn,451.44,8,1.02
1194,1236362,0.1085,0.138,1.0097,0.3938,-0.2625,-7.245,1000.7207,right_u_turn,451.5,8,1.08
1195,1236422,0.1103,0.1428,0.918,-0.5863,-4.2175,-7.4375,1000.7288,right_u_turn,451.56,8,1.14
1196,1236482,0.0927,0.1383,1.044,1.365,0.525,-8.6538,1000.7354,right_u_turn,451.62,8,1.2
1197,1236542,0.0778,0.15,0.9701,1.6888,-0.525,-10.5087,1000.7402,right_u_turn,451.68,8,1.26
1198,1236602,0.0824,0.1382,1.0201,0.4638,-0.4112,-11.1737,1000.7485,right_u_turn,451.74,8,1.32
1199,1236662,0.0684,0.2243,1.0089,1.015,-0.3675,-12.5562,1000.7158,right_u_turn,451.8,8,1.38
1200,1236722,0.0647,0.1268,0.9199,2.7125,-1.5575,-13.9913,1000.719,right_u_turn,451.86,8,1.44
1201,1236782,0.091,0.2089,0.9992,1.4875,-0.6388,-14.6475,1000.7046,right_u_turn,451.92,8,1.5
1202,1236842,0.0732,0.2144,0.9638,1.085,-0.0175,-16.0037,1000.7056,right_u_turn,451.98,8,1.56
1203,1236902,0.0975,0.2338,0.9697,0.8838,-1.6625,-17.4037,1000.6941,right_u_turn,452.04,8,1.62
1204,1236962,0.11,0.2245,1.019,0.91,0.735,-17.3425,1000.6924,right_u_turn,452.1,8,1.68
1205,1237022,0.0881,0.1728,0.9609,0.5512,-0.8925,-18.3662,1000.7095,right_u_turn,452.16,8,1.74
1206,1237082,0.1188,0.1879,0.9709,0.4025,0.1312,-18.3838,1000.7004,right_u_turn,452.22,8,1.8
1207,1237142,0.0839,0.1816,1.0033,-0.2537,0.595,-18.9613,1000.696,right_u_turn,452.28,8,1.86
1208,1237202,0.0922,0.1906,0.9313,-0.4812,-1.1375,-20.2563,1000.6914,right_u_turn,452.34,8,1.92
1209,1237262,0.1029,0.1993,0.9861,0.4812,-3.0187,-20.5275,1000.6956,right_u_turn,452.4,8,1.98
1210,1237322,0.1388,0.2364,1.0258,-0.1138,0.42,-21.2625,1000.6907,right_u_turn,452.46,8,2.04
1211,1237382,0.0939,0.1962,0.9521,1.8288,-0.7525,-21.4988,1000.679,right_u_turn,452.52,8,2.1
1212,1237442,0.1191,0.2541,1.0438,3.0013,0.91,-22.3825,1000.6882,right_u_turn,452.58,8,2.16
1213,1237502,0.1013,0.2499,1.0204,1.7587,-0.6388,-23.1,1000.6724,right_u_turn,452.64,8,2.22
1214,1237562,0.0852,0.2248,1.0479,0.4725,1.1463,-23.415,1000.6714,right_u_turn,452.7,8,2.28
1215,1237622,0.0952,0.2252,1.0607,1.8112,-0.8575,-24.0187,1000.6851,right_u_turn,452.76,8,2.34
1216,1237682,0.0816,0.2591,1.0347,1.6537,0.3762,-24.605,1000.6816,right_u_turn,452.82,8,2.4
1217,1237742,0.1171,0.294,0.9626,1.0237,-1.4,-25.4625,1000.6736,right_u_turn,452.88,8,2.46
1218,1237802,0.093,0.2664,0.9936,0.4638,-0.8662,-26.3025,1000.6882,right_u_turn,452.94,8,2.52
1219,1237862,0.1219,0.286,0.9639,0.6475,-1.015,-27.9912,1000.6953,right_u_turn,453.0,8,2.58
1220,1237922,0.0968,0.256,0.9101,0.3325,-2.7562,-28.5513,1000.7009,right_u_turn,453.06,8,2.64
1221,1237982,0.1133,0.2918,1.0053,-1.1725,-2.0825,-28.77,1000.6897,right_u_turn,453.12,8,2.7
1222,1238042,0.1505,0.2608,1.0762,-0.4025,-0.4638,-29.2337,1000.707,right_u_turn,453.18,8,2.76
1223,1238102,0.0917,0.2611,1.0446,1.6537,0.7175,-29.3037,1000.6895,right_u_turn,453.24,8,2.82
1224,1238162,0.1598,0.2742,1.0882,-0.0613,-1.4175,-29.9338,1000.7129,right_u_turn,453.3,8,2.88
1225,1238222,0.1144,0.2499,0.9401,-0.0175,-3.3863,-30.7738,1000.6938,right_u_turn,453.36,8,2.94
1226,1238282,0.0654,0.2725,0.9465,0.4288,-1.855,-31.36,1000.7026,right_u_turn,453.42,8,3.0
1227,1238342,0.1115,0.2555,1.0324,1.2862,0.0787,-31.2812,1000.7083,right_u_turn,453.48,8,3.06
1228,1238402,0.0866,0.2286,0.9836,0.6562,1.0237,-31.6225,1000.7087,right_u_turn,453.54,8,3.12
1229,1238462,0.1391,0.3368,1.0124,-1.2162,-2.835,-32.06,1000.7144,right_u_turn,453.6,8,3.18
1230,1238522,0.0442,0.362,0.9689,-2.0738,-1.2687,-32.83,1000.7144,right_u_turn,453.66,8,3.24
1231,1238582,0.1086,0.2615,1.0577,-0.5163,-1.1113,-32.2,1000.7053,right_u_turn,453.72,8,3.3
1232,1238642,0.0273,0.1923,0.8481,2.0563,-0.3413,-32.8213,1000.7119,right_u_turn,453.78,8,3.36
1233,1238702,0.022,0.2076,0.964,-0.315,2.6775,-32.4275,1000.7117,right_u_turn,453.84,8,3.42
1234,1238762,0.0735,0.2915,0.9552,2.3537,0.8225,-32.6287,1000.7083,right_u_turn,453.9,8,3.48
1235,1238822,0.087,0.2201,0.9101,-1.2162,-0.84,-32.6813,1000.7014,right_u_turn,453.96,8,3.54
1236,1238882,0.0632,0.2322,1.0701,-2.03,1.4,-32.41,1000.7102,right_u_turn,454.02,8,3.6
1237,1238942,0.0744,0.3082,1.0016,-2.0475,0.7962,-32.1562,1000.7185,right_u_turn,454.08,8,3.66
1238,1239002,0.0191,0.3184,0.8969,-0.7962,-2.5375,-32.3575,1000.7063,right_u_turn,454.14,8,3.72
1239,1239062,-0.027,0.1698,0.8899,1.575,-1.6537,-33.495,1000.7041,right_u_turn,454.2,8,3.78
1240,1239122,0.0397,0.2516,1.0129,-0.56,-1.365,-32.9437,1000.7065,right_u_turn,454.26,8,3.84
1241,1239182,0.0539,0.2087,0.9731,3.1937,-1.8813,-32.2438,1000.7002,right_u_turn,454.32,8,3.9
1242,1239242,0.0996,0.3265,1.1058,2.555,-2.8963,-32.6287,1000.7034,right_u_turn,454.38,8,3.96
1243,1239302,0.1046,0.2359,1.0207,1.9863,-4.5675,-32.83,1000.6865,right_u_turn,454.44,8,4.02
1244,1239362,0.0775,0.2706,1.045,-0.2188,-2.52,-32.0337,1000.6963,right_u_turn,454.5,8,4.08
1245,1239422,0.0517,0.2821,1.0158,1.96,-2.8087,-32.1387,1000.696,right_u_turn,454.56,8,4.14
1246,1239482,0.0598,0.3077,1.0753,-0.0262,-1.505,-32.2962,1000.6821,right_u_turn,454.62,8,4.2
1247,1239542,0.0819,0.2799,0.9784,-1.6537,-1.9512,-32.5675,1000.6855,right_u_turn,454.68,8,4.26
1248,1239602,0.0564,0.2422,0.8919,-1.7763,-1.9512,-32.3662,1000.6809,right_u_turn,454.74,8,4.32
1249,1239662,0.0361,0.2413,0.945,0.0088,0.6212,-32.62,1000.6753,right_u_turn,454.8,8,4.38
1250,1239722,0.1132,0.1935,0.988,-1.7062,2.3888,-32.6637,1000.6877,right_u_turn,454.86,8,4.44
1251,1239782,0.05,0.1878,0.8615,1.8463,-0.9013,-33.0312,1000.6848,right_u_turn,454.92,8,4.5
1252,1239842,0.0349,0.2736,0.9312,0.9625,-1.3212,-32.9,1000.6843,right_u_turn,454.98,8,4.56
1253,1239902,0.0686,0.3323,0.9884,1.0237,-0.91,-32.5238,1000.6926,right_u_turn,455.04,8,4.62
1254,1239962,0.1291,0.2546,1.0306,-0.1925,-2.3712,-33.11,1000.6912,right_u_turn,455.1,8,4.68
1255,1240022,0.0576,0.2915,1.0635,-1.0588,-1.4175,-32.7075,1000.6873,right_u_turn,455.16,8,4.74
1256,1240082,0.0351,0.2267,1.0499,0.8925,-1.435,-32.6637,1000.6821,right_u_turn,455.22,8,4.8
1257,1240142,0.0651,0.1806,0.9955,-0.9013,-0.385,-32.8475,1000.6711,right_u_turn,455.28,8,4.86
1258,1240202,-0.0038,0.1454,0.9637,-1.3825,-1.3737,-32.8913,1000.6768,right_u_turn,455.34,8,4.92
1259,1240262,0.0505,0.2465,1.0292,-0.4375,-0.8225,-32.4188,1000.6736,right_u_turn,455.4,8,4.98
1260,1240322,0.058,0.2672,0.9116,-0.735,-1.995,-32.8213,1000.6694,right_u_turn,455.46,8,5.04
1261,1240382,0.1168,0.222,1.0533,0.1925,-0.2975,-31.7537,1000.6692,right_u_turn,455.52,8,5.1
1262,1240442,0.0844,0.2261,1.0604,-0.1663,0.6388,-32.6813,1000.6746,right_u_turn,455.58,8,5.16
1263,1240502,0.0476,0.2218,0.9201,2.0387,0.2275,-32.8563,1000.6853,right_u_turn,455.64,8,5.22
1264,1240562,0.0479,0.1956,0.9121,-0.2013,-0.3063,-32.62,1000.6743,right_u_turn,455.7,8,5.28
1265,1240622,0.0315,0.2404,0.9228,0.42,-2.1263,-32.795,1000.6758,right_u_turn,455.76,8,5.34
1266,1240682,0.0698,0.296,1.049,1.05,-0.21,-32.6287,1000.6423,right_u_turn,455.82,8,5.4
1267,1240742,0.0262,0.1515,0.9667,-0.735,-1.645,-33.1625,1000.6504,right_u_turn,455.88,8,5.46
1268,1240802,-0.0305,0.3635,1.0718,0.1925,0.4812,-32.0863,1000.6306,right_u_turn,455.94,8,5.52
1269,1240862,0.0099,0.3004,0.9923,-0.735,1.0063,-33.3725,1000.6274,right_u_turn,456.0,8,5.58
1270,1240922,0.0979,0.184,1.005,-1.015,-2.8175,-33.3112,1000.6262,right_u_turn,456.06,8,5.64
1271,1240982,0.0581,0.2155,0.9836,-0.5075,-0.5863,-32.7425,1000.6331,right_u_turn,456.12,8,5.7
1272,1241042,0.0574,0.2518,1.0482,0.2887,0.1663,-33.0312,1000.6262,right_u_turn,456.18,8,5.76
1273,1241102,0.0361,0.3196,0.974,1.5137,-0.5075,-32.69,1000.6313,right_u_turn,456.24,8,5.82
1274,1241162,0.0501,0.2805,1.0033,-0.14,-1.9512,-33.0575,1000.6309,right_u_turn,456.3,8,5.88
1275,1241222,0.0161,0.2826,0.9482,0.0962,-2.7387,-33.46,1000.6099,right_u_turn,456.36,8,5.94
1276,1241282,0.0634,0.2486,1.0365,1.6712,0.6037,-33.1275,1000.6072,right_u_turn,456.42,8,6.0
1277,1241342,0.03,0.2525,0.9992,-1.0762,-0.0525,-32.5238,1000.6147,right_u_turn,456.48,8,6.06
1278,1241402,-0.0037,0.2669,0.977,-0.49,-0.385,-32.9525,1000.6184,right_u_turn,456.54,8,6.12
1279,1241462,-0.0435,0.2433,0.9369,-1.0325,0.5775,-32.7687,1000.6235,right_u_turn,456.6,8,6.18
1280,1241522,0.0524,0.2518,1.1134,-1.1025,-2.4062,-33.1275,1000.6238,right_u_turn,456.66,8,6.24
1281,1241582,0.0556,0.2433,0.9096,-2.2487,0.49,-31.885,1000.6028,right_u_turn,456.72,8,6.3
1282,1241642,0.017,0.2098,0.9889,-1.19,0.6737,-31.535,1000.5908,right_u_turn,456.78,8,6.36
1283,1241702,-0.0029,0.2,0.917,0.0962,-1.3913,-30.5375,1000.5811,right_u_turn,456.84,8,6.42
1284,1241762,-0.0032,0.2608,1.0802,0.4812,0.5863,-29.995,1000.5723,right_u_turn,456.9,8,6.48
1285,1241822,-0.0622,0.2733,0.9765,0.5163,-1.3825,-29.3825,1000.5808,right_u_turn,456.96,8,6.54
1286,1241882,-0.0467,0.1546,0.9431,0.7175,1.4438,-28.595,1000.5859,right_u_turn,457.02,8,6.6
1287,1241942,-0.0486,0.1175,0.9027,0.0525,-0.3938,-27.3875,1000.5781,right_u_turn,457.08,8,6.66
1288,1242002,-0.092,0.2337,0.9597,0.3413,0.8313,-25.8913,1000.5896,right_u_turn,457.14,8,6.72
1289,1242062,-0.079,0.1413,0.9957,-0.8225,0.455,-25.4538,1000.5981,right_u_turn,457.2,8,6.78
1290,1242122,-0.0719,0.0846,0.9772,-1.4,-0.735,-24.71,1000.5632,right_u_turn,457.26,8,6.84
1291,1242182,-0.0351,0.185,1.0278,0.245,1.925,-22.8025,1000.5928,right_u_turn,457.32,8,6.9
1292,1242242,-0.0344,0.0459,0.9553,-2.2313,-0.9625,-21.8838,1000.5791,right_u_turn,457.38,8,6.96
1293,1242302,-0.0584,0.1433,0.9733,-0.1225,1.785,-21.28,1000.571,right_u_turn,457.44,8,7.02
1294,1242362,-0.0205,0.1955,1.0541,-0.0875,-1.015,-20.5713,1000.5847,right_u_turn,457.5,8,7.08
1295,1242422,-0.0639,0.1405,0.9397,-1.4612,-2.5287,-18.76,1000.5876,right_u_turn,457.56,8,7.14
1296,1242482,-0.0493,0.1236,0.9392,-1.3563,-2.0563,-17.465,1000.5789,right_u_turn,457.62,8,7.2
1297,1242542,-0.0949,0.1125,0.9648,-1.5575,-0.4288,-15.995,1000.5698,right_u_turn,457.68,8,7.26
1298,1242602,-0.098,0.1366,1.0079,-1.785,0.805,-14.8925,1000.5774,right_u_turn,457.74,8,7.32
1299,1242662,-0.074,0.0509,0.9718,0.9887,-0.1838,-13.1862,1000.5708,right_u_turn,457.8,8,7.38
1300,1242722,-0.0559,0.0476,0.9238,-0.3325,-0.2887,-11.935,1000.5625,right_u_turn,457.86,8,7.44
1301,1242782,-0.0586,0.0513,0.9918,1.4175,-0.7875,-10.6225,1000.5591,right_u_turn,457.92,8,7.5
1302,1242842,-0.0586,0.0427,1.0024,-0.9013,0.2975,-9.3013,1000.5605,right_u_turn,457.98,8,7.56
1303,1242902,-0.0686,0.072,0.9792,-0.7437,1.1725,-7.91,1000.5574,right_u_turn,458.04,8,7.62
1304,1242962,-0.0373,0.1064,1.0321,-0.5425,0.49,-7.3325,1000.5547,right_u_turn,458.1,8,7.68
1305,1243022,-0.0488,0.0698,0.9939,-0.6475,1.365,-6.16,1000.5518,right_u_turn,458.16,8,7.74
1306,1243082,-0.0642,0.0517,0.9582,-1.0063,-0.0962,-5.4075,1000.5496,right_u_turn,458.22,8,7.8
1307,1243142,-0.0852,-0.0076,0.9978,0.8487,0.77,-4.4538,1000.5481,right_u_turn,458.28,8,7.86
1308,1243202,-0.0322,0.0273,1.0531,1.5312,-0.5337,-4.2438,1000.5439,right_u_turn,458.34,8,7.92
1309,1243262,-0.0566,0.0652,1.025,2.0475,1.7325,-3.7625,1000.5378,right_u_turn,458.4,8,7.98
1310,1243322,-0.0486,0.0358,1.0277,0.735,0.0525,-3.15,1000.5491,right_u_turn,458.46,8,8.04
1311,1243382,-0.0158,0.0739,1.1348,1.1463,0.6212,-2.59,1000.543,right_u_turn,458.52,8,8.1
1312,1243442,-0.0703,0.0851,1.0346,-0.875,1.1638,-1.9425,1000.5291,right_u_turn,458.58,8,8.16
1313,1243502,-0.0916,0.0161,0.9262,0.56,-1.1025,-2.0912,1000.5508,right_u_turn,458.64,8,8.22
1314,1243562,-0.0589,0.059,0.9135,0.4288,-2.555,-2.1875,1000.5566,right_u_turn,458.7,8,8.28
1315,1243622,-0.0861,-0.031,0.9683,0.35,0.49,-1.8463,1000.5525,right_u_turn,458.76,8,8.34
1316,1243682,-0.0314,-0.0025,0.9498,-0.0525,0.385,-1.6275,1000.5261,right_u_turn,458.82,8,8.4
1317,1243742,-0.0487,0.0632,0.9704,-0.56,-1.5225,-1.3825,1000.5232,right_u_turn,458.88,8,8.46
1318,1243802,-0.0878,0.0015,0.9379,0.6388,-0.3587,-0.84,1000.5317,right_u_turn,458.94,8,8.52
1319,1243862,-0.0269,0.0017,0.9216,-1.085,-0.455,-0.6825,1000.5449,right_u_turn,459.0,8,8.58
1320,1243922,-0.0168,0.0126,1.0339,2.24,-0.7262,-0.3413,1000.542,right_u_turn,459.06,8,8.64
1321,1243982,-0.0453,0.0486,0.9889,0.84,0.0875,-1.1988,1000.5215,right_u_turn,459.12,8,8.7
1322,1244042,0.001,0.1141,0.9646,-0.1838,0.0262,-1.1375,1000.5212,right_u_turn,459.18,8,8.76
1323,1244102,-0.04,0.0374,1.077,0.2362,-0.3762,-0.6388,1000.5281,right_u_turn,459.24,8,8.82
1324,1244162,-0.0649,-0.0007,0.9235,0.3938,-1.3825,-0.9975,1000.5234,right_u_turn,459.3,8,8.88
1325,1244222,-0.0359,0.0034,0.9559,-0.525,-1.9162,-0.7525,1000.5249,right_u_turn,459.36,8,8.94
1326,1244282,-0.0261,-0.0335,1.0863,-0.9362,-0.84,-0.0962,1000.5198,right_u_turn,459.42,8,9.0
1327,1244342,-0.0874,-0.0315,0.9416,0.9275,-0.0262,-0.0875,1000.5215,right_u_turn,459.48,8,9.06
1328,1244402,-0.0093,0.0034,0.9543,0.735,-0.9275,-0.0875,1000.5142,right_u_turn,459.54,8,9.12
1329,1244462,0.0039,-0.0404,0.9679,-1.1812,0.1838,0.4638,1000.5095,right_u_turn,459.6,8,9.18
1330,1250762,0.113,-0.0478,1.0482,-2.2662,0.4288,0.1925,1000.5603,right_u_turn,465.9,9,0.0
1331,1250822,0.0527,0.0114,1.0109,-1.3475,0.7437,-0.1838,1000.562,right_u_turn,465.96,9,0.06
1332,1250882,0.0534,0.0669,0.9372,-0.91,-0.6562,-0.35,1000.5552,right_u_turn,466.02,9,0.12
1333,1250942,0.0396,-0.0178,0.9348,0.0525,0.6037,-0.4725,1000.5591,right_u_turn,466.08,9,0.18
1334,1251002,0.1061,-0.0293,1.0413,1.4963,1.8112,-0.21,1000.5605,right_u_turn,466.14,9,0.24
1335,1251062,0.0368,0.0024,1.0406,1.75,2.3888,-0.3938,1000.561,right_u_turn,466.2,9,0.3
1336,1251122,0.0269,0.0117,0.8649,-0.0613,0.0875,-0.5688,1000.5654,right_u_turn,466.26,9,0.36
1337,1251182,0.0756,0.051,0.9334,-0.8925,0.6212,-0.945,1000.5527,right_u_turn,466.32,9,0.42
1338,1251242,0.04,0.0475,0.9343,0.2975,2.2575,-1.68,1000.5674,right_u_turn,466.38,9,0.48
1339,1251302,0.0648,-0.0239,1.1153,0.385,1.0675,-1.5838,1000.5581,right_u_turn,466.44,9,0.54
1340,1251362,0.0479,0.2089,0.9719,0.0,2.4413,-3.0363,1000.5759,right_u_turn,466.5,9,0.6
1341,1251422,0.071,0.0519,0.9699,-0.5425,1.365,-2.8612,1000.575,right_u_turn,466.56,9,0.66
1342,1251482,0.1075,0.0881,1.0352,0.4812,1.5925,-3.535,1000.5671,right_u_turn,466.62,9,0.72
1343,1251542,0.0766,0.1252,1.1017,2.3888,1.085,-4.7775,1000.5708,right_u_turn,466.68,9,0.78
1344,1251602,0.0193,0.0321,0.9573,3.2638,2.8788,-5.0837,1000.5779,right_u_turn,466.74,9,0.84
1345,1251662,0.0716,0.0786,0.9599,2.275,-0.0262,-5.5825,1000.583,right_u_turn,466.8,9,0.9
1346,1251722,0.0578,0.1418,0.993,2.345,0.5425,-6.0725,1000.5818,right_u_turn,466.86,9,0.96
1347,1251782,0.0805,0.1547,0.9653,2.2313,-1.1113,-7.175,1000.5847,right_u_turn,466.92,9,1.02
1348,1251842,0.1517,0.1128,0.9999,-0.385,-2.6075,-8.0763,1000.5896,right_u_turn,466.98,9,1.08
1349,1251902,0.0415,0.2059,1.1342,3.3775,-0.4288,-8.1112,1000.6013,right_u_turn,467.04,9,1.14
1350,1251962,0.0464,0.2108,0.9201,-1.6537,-4.4187,-9.4412,1000.6094,right_u_turn,467.1,9,1.2
1351,1252022,0.0481,0.1512,0.9528,0.3762,-2.9137,-9.9663,1000.6106,right_u_turn,467.16,9,1.26
1352,1252082,0.0786,0.1303,0.9573,-0.5075,-1.75,-11.0775,1000.604,right_u_turn,467.22,9,1.32
1353,1252142,0.1417,0.0827,1.0151,-0.2013,-2.065,-10.7275,1000.6177,right_u_turn,467.28,9,1.38
1354,1252202,0.0561,0.059,1.053,-0.175,-0.8138,-11.9525,1000.6062,right_u_turn,467.34,9,1.44
1355,1252262,0.0813,0.1808,0.9199,0.2188,-1.4262,-13.2037,1000.604,right_u_turn,467.4,9,1.5
1356,1252322,0.1078,0.1724,1.0096,-0.7,0.9362,-13.0638,1000.615,right_u_turn,467.46,9,1.56
1357,1252382,0.0408,0.1877,0.9406,0.5688,1.855,-13.4225,1000.6001,right_u_turn,467.52,9,1.62
1358,1252442,-0.002,0.138,0.9312,0.7962,1.015,-14.245,1000.5981,right_u_turn,467.58,9,1.68
1359,1252502,0.1213,0.2014,1.0584,-0.175,2.0738,-14.8138,1000.6143,right_u_turn,467.64,9,1.74
1360,1252562,0.1059,0.1974,1.0324,-0.63,-0.735,-15.3212,1000.6077,right_u_turn,467.7,9,1.8
1361,1252622,0.0783,0.2279,1.0272,0.8313,1.9512,-15.7762,1000.6177,right_u_turn,467.76,9,1.86
1362,1252682,0.0637,0.1917,0.9584,-0.1663,-0.56,-17.2638,1000.6179,right_u_turn,467.82,9,1.92
1363,1252742,0.0608,0.1599,1.0223,0.0962,0.3063,-17.8412,1000.6211,right_u_turn,467.88,9,1.98
1364,1252802,0.0715,0.1504,0.9918,-0.385,1.3563,-18.2262,1000.6243,right_u_turn,467.94,9,2.04
1365,1252862,0.1008,0.1227,1.0344,0.735,-1.3212,-18.7862,1000.6189,right_u_turn,468.0,9,2.1
1366,1252922,0.0975,0.2159,1.0089,1.0325,-0.5337,-18.6987,1000.6064,right_u_turn,468.06,9,2.16
1367,1252982,0.0698,0.2259,0.9579,0.7088,-0.1312,-18.7425,1000.614,right_u_turn,468.12,9,2.22
1368,1253042,0.0808,0.1591,0.9296,-0.175,-2.765,-19.6875,1000.614,right_u_turn,468.18,9,2.28
1369,1253102,0.0459,0.1705,1.0026,1.7413,1.505,-19.985,1000.6038,right_u_turn,468.24,9,2.34
1370,1253162,0.0696,0.1269,0.9126,1.0938,-0.595,-20.6938,1000.6106,right_u_turn,468.3,9,2.4
1371,1253222,0.1049,0.1669,0.9448,-1.5925,-2.4325,-20.615,1000.6118,right_u_turn,468.36,9,2.46
1372,1253282,0.1157,0.215,1.0009,-3.7275,-4.6725,-20.7288,1000.6245,right_u_turn,468.42,9,2.52
1373,1253342,0.0849,0.1709,0.9844,-2.275,0.28,-20.4925,1000.6384,right_u_turn,468.48,9,2.58
1374,1253402,0.0329,0.2212,0.9997,-2.94,1.1638,-20.7725,1000.6243,right_u_turn,468.54,9,2.64
1375,1253462,0.0971,0.1082,1.0885,-2.1263,1.575,-21.3325,1000.6118,right_u_turn,468.6,9,2.7
1376,1253522,0.0358,0.1403,0.9128,-0.9538,0.1488,-22.3475,1000.6267,right_u_turn,468.66,9,2.76
1377,1253582,0.1098,0.1979,1.1483,1.0412,2.0563,-21.945,1000.6421,right_u_turn,468.72,9,2.82
1378,1253642,0.0486,0.1681,0.8813,-0.6475,0.7613,-22.4263,1000.635,right_u_turn,468.78,9,2.88
1379,1253702,0.049,0.2287,0.9877,0.77,1.6888,-22.225,1000.6348,right_u_turn,468.84,9,2.94
1380,1253762,0.0727,0.1992,0.9472,1.1725,-0.1225,-23.0037,1000.6375,right_u_turn,468.9,9,3.0
1381,1253822,0.0715,0.2533,0.8957,1.4875,-0.07,-23.555,1000.613,right_u_turn,468.96,9,3.06
1382,1253882,0.0322,0.2233,0.957,0.07,1.3737,-22.9775,1000.6355,right_u_turn,469.02,9,3.12
1383,1253942,0.0444,0.2023,0.9663,-2.1875,0.0088,-22.4875,1000.6262,right_u_turn,469.08,9,3.18
1384,1254002,0.0142,0.1981,0.8331,-1.8463,-0.8838,-22.2687,1000.6423,right_u_turn,469.14,9,3.24
1385,1254062,-0.0495,0.2195,0.969,-1.9688,1.015,-22.0675,1000.6282,right_u_turn,469.2,9,3.3
1386,1254122,-0.0261,0.1625,0.987,-1.1638,-0.1312,-22.8375,1000.6448,right_u_turn,469.26,9,3.36
1387,1254182,0.0285,0.1322,0.9973,0.0875,-0.14,-23.625,1000.637,right_u_turn,469.32,9,3.42
1388,1254242,0.0388,0.183,1.0654,-0.3237,-1.2862,-23.38,1000.6277,right_u_turn,469.38,9,3.48
1389,1254302,0.0303,0.1828,1.0758,1.6363,-0.6562,-22.7675,1000.6472,right_u_turn,469.44,9,3.54
1390,1254362,0.0285,0.1823,0.9835,1.8375,-1.0063,-22.5487,1000.6304,right_u_turn,469.5,9,3.6
1391,1254422,0.0249,0.2347,1.0418,0.9887,-1.0762,-23.03,1000.636,right_u_turn,469.56,9,3.66
1392,1254482,0.0341,0.1976,0.9333,0.1488,-2.3012,-23.4062,1000.6299,right_u_turn,469.62,9,3.72
1393,1254542,0.0352,0.2582,0.9877,0.9275,-2.2662,-23.3188,1000.623,right_u_turn,469.68,9,3.78
1394,1254602,0.0483,0.2215,1.0302,0.6212,-1.5312,-23.4675,1000.6377,right_u_turn,469.74,9,3.84
1395,1254662,0.0991,0.2277,1.0072,-0.2713,-0.035,-23.9312,1000.6428,right_u_turn,469.8,9,3.9
1396,1254722,0.0815,0.1689,0.9753,0.6212,-0.7962,-24.045,1000.6421,right_u_turn,469.86,9,3.96
1397,1254782,0.0995,0.1962,0.9758,0.5163,-2.5463,-24.3687,1000.6433,right_u_turn,469.92,9,4.02
1398,1254842,0.1051,0.2357,1.0306,2.0825,-2.03,-24.2812,1000.6296,right_u_turn,469.98,9,4.08
1399,1254902,0.0785,0.2106,0.947,1.9075,-1.3038,-24.4212,1000.6389,right_u_turn,470.04,9,4.14
1400,1254962,0.0798,0.2403,1.0073,1.155,-2.1788,-24.4037,1000.6416,right_u_turn,470.1,9,4.2
1401,1255022,0.1098,0.2338,1.0146,-0.0613,-0.6212,-24.6138,1000.6326,right_u_turn,470.16,9,4.26
1402,1255082,0.1176,0.2135,1.0021,-0.245,-0.2362,-24.5875,1000.6506,right_u_turn,470.22,9,4.32
1403,1255142,0.0825,0.2365,1.0167,-0.525,0.28,-24.8062,1000.634,right_u_turn,470.28,9,4.38
1404,1255202,0.1006,0.194,0.9623,-0.2975,-0.875,-25.41,1000.6428,right_u_turn,470.34,9,4.44
1405,1255262,0.1101,0.2211,0.9721,-0.5163,-1.4612,-25.725,1000.6255,right_u_turn,470.4,9,4.5
1406,1255322,0.0827,0.2247,0.9704,0.2537,1.3475,-26.1275,1000.6418,right_u_turn,470.46,9,4.56
1407,1255382,0.1083,0.1978,0.9745,-0.7962,-0.9712,-26.7575,1000.6438,right_u_turn,470.52,9,4.62
1408,1255442,0.0784,0.2342,0.9594,0.5863,0.7088,-26.0925,1000.6448,right_u_turn,470.58,9,4.68
1409,1255502,0.1247,0.2603,0.9853,0.91,-2.5638,-27.3962,1000.6367,right_u_turn,470.64,9,4.74
1410,1255562,0.1038,0.1938,0.9521,-0.945,-1.2862,-27.4925,1000.6392,right_u_turn,470.7,9,4.8
1411,1255622,0.1398,0.186,0.9526,-0.0875,-0.2013,-27.9387,1000.6545,right_u_turn,470.76,9,4.86
1412,1255682,0.1149,0.2604,1.0085,0.2362,-1.2687,-27.9212,1000.6472,right_u_turn,470.82,9,4.92
1413,1255742,0.09,0.2973,0.9706,0.0613,-1.7237,-28.8225,1000.6497,right_u_turn,470.88,9,4.98
1414,1255802,0.0914,0.2466,0.944,-1.3475,0.35,-29.3475,1000.6479,right_u_turn,470.94,9,5.04
1415,1255862,0.0761,0.1793,0.9758,-2.4588,-0.175,-30.1175,1000.6567,right_u_turn,471.0,9,5.1
1416,1255922,0.1301,0.1576,0.959,-0.5337,-1.0588,-30.0475,1000.6467,right_u_turn,471.06,9,5.16
1417,1255982,0.0925,0.2516,0.9714,-0.6737,-1.225,-30.3888,1000.655,right_u_turn,471.12,9,5.22
1418,1256042,0.1108,0.2987,1.0095,-0.3325,-0.0088,-31.1938,1000.6467,right_u_turn,471.18,9,5.28
1419,1256102,0.0793,0.263,1.0099,-0.07,0.5863,-31.4912,1000.658,right_u_turn,471.24,9,5.34
1420,1256162,0.0986,0.225,0.9196,-0.3063,-1.2425,-31.9638,1000.6724,right_u_turn,471.3,9,5.4
1421,1256222,0.0928,0.2589,0.997,-0.5163,0.0613,-32.4362,1000.6731,right_u_turn,471.36,9,5.46
1422,1256282,0.1344,0.318,1.0689,-1.3475,-0.1925,-32.8387,1000.6741,right_u_turn,471.42,9,5.52
1423,1256342,0.0744,0.2601,0.9997,-0.665,1.1287,-32.8825,1000.6667,right_u_turn,471.48,9,5.58
1424,1256402,0.0732,0.2821,1.0319,0.3063,-0.2887,-33.04,1000.6675,right_u_turn,471.54,9,5.64
1425,1256462,0.0588,0.1932,0.9045,-0.5337,-0.42,-33.6,1000.677,right_u_turn,471.6,9,5.7
1426,1256522,0.0466,0.2242,1.0617,0.2188,-0.875,-34.0112,1000.6843,right_u_turn,471.66,9,5.76
1427,1256582,0.061,0.2605,0.8855,-0.3325,-2.975,-33.7137,1000.6819,right_u_turn,471.72,9,5.82
1428,1256642,0.0612,0.2318,1.0234,-0.0962,-0.7088,-33.705,1000.676,right_u_turn,471.78,9,5.88
1429,1256702,0.0186,0.2354,0.9687,-0.2713,-1.0325,-33.8275,1000.6831,right_u_turn,471.84,9,5.94
1430,1256762,0.0693,0.2406,0.9716,1.4612,-1.2162,-33.8537,999.709,right_u_turn,471.9,9,6.0
1431,1256822,0.0458,0.2318,0.9736,-0.035,-1.8025,-34.2825,999.5256,right_u_turn,471.96,9,6.06
1432,1256882,0.0772,0.2891,1.047,-0.63,0.42,-33.9675,999.845,right_u_turn,472.02,9,6.12
1433,1256942,0.0489,0.2891,0.9279,1.0325,-1.9338,-34.4225,999.9043,right_u_turn,472.08,9,6.18
1434,1257002,0.0588,0.2616,1.0404,-0.2013,-2.1175,-34.5187,1000.0637,right_u_turn,472.14,9,6.24
1435,1257062,0.0701,0.2223,1.0996,-0.6475,-0.7875,-34.0462,1000.3271,right_u_turn,472.2,9,6.3
1436,1257122,0.038,0.1961,1.0138,2.2313,-0.0787,-35.3413,1000.5312,right_u_turn,472.26,9,6.36
1437,1257182,0.1103,0.27,1.0482,2.0038,0.3237,-34.9825,1000.6541,right_u_turn,472.32,9,6.42
1438,1257242,0.0415,0.274,0.9448,0.8138,1.2862,-34.7463,1000.657,right_u_turn,472.38,9,6.48
1439,1257302,0.0522,0.3148,1.01,1.8637,0.9187,-33.845,1000.6938,right_u_turn,472.44,9,6.54
1440,1257362,0.0559,0.2567,1.0311,0.9013,0.14,-34.5887,1000.7046,right_u_turn,472.5,9,6.6
1441,1257422,0.039,0.2557,0.9872,0.6388,0.1312,-35.0875,1000.7227,right_u_turn,472.56,9,6.66
1442,1257482,0.0661,0.2816,1.0226,1.0762,-0.07,-34.3175,1000.7341,right_u_turn,472.62,9,6.72
1443,1257542,0.0039,0.2476,0.9587,0.7962,-0.5863,-34.685,1000.7288,right_u_turn,472.68,9,6.78
1444,1257602,-0.0126,0.2578,0.9251,1.1463,-0.7875,-34.6063,1000.7549,right_u_turn,472.74,9,6.84
1445,1257662,0.0303,0.2829,0.9997,0.4112,-0.105,-34.1862,1000.7544,right_u_turn,472.8,9,6.9
1446,1257722,0.0514,0.2784,0.9866,-2.6163,-0.4812,-33.1188,1000.7573,right_u_turn,472.86,9,6.96
1447,1257782,0.022,0.2926,1.0436,-2.4675,0.2537,-32.025,1000.7563,right_u_turn,472.92,9,7.02
1448,1257842,-0.0027,0.1969,1.0872,-1.7675,0.8487,-32.2525,1000.7688,right_u_turn,472.98,9,7.08
1449,1257902,-0.0888,0.1868,0.9465,-3.745,-0.1575,-31.08,1000.7598,right_u_turn,473.04,9,7.14
1450,1257962,0.0075,0.1932,0.9828,-0.3237,-1.5488,-30.1963,1000.762,right_u_turn,473.1,9,7.2
1451,1258022,-0.031,0.1793,0.9789,-0.9362,-1.2162,-29.7938,1000.7517,right_u_turn,473.16,9,7.26
1452,1258082,-0.0439,0.1938,0.9611,-0.63,-0.4025,-28.84,1000.7483,right_u_turn,473.22,9,7.32
1453,1258142,-0.0167,0.1479,0.9609,-0.0525,-0.6737,-27.44,1000.7229,right_u_turn,473.28,9,7.38
1454,1258202,-0.0386,0.1571,1.0541,1.8987,1.2337,-26.4338,1000.7388,right_u_turn,473.34,9,7.44
1455,1258262,-0.0513,0.1674,1.0221,1.3825,-0.4462,-25.34,1000.7336,right_u_turn,473.4,9,7.5
1456,1258322,0.0,0.1732,1.0297,0.1312,-1.4438,-23.8525,1000.7263,right_u_turn,473.46,9,7.56
1457,1258382,-0.0759,0.1909,1.0817,1.5488,-2.275,-22.4613,1000.7373,right_u_turn,473.52,9,7.62
1458,1258442,-0.0562,0.1095,0.9679,-1.4875,-0.9538,-21.28,1000.7207,right_u_turn,473.58,9,7.68
1459,1258502,-0.0729,0.0845,0.9174,-1.33,-0.9887,-20.0025,1000.7256,right_u_turn,473.64,9,7.74
1460,1258562,-0.0395,0.0612,1.0574,-0.0088,1.1812,-18.1038,1000.7212,right_u_turn,473.7,9,7.8
1461,1258622,-0.0134,0.0695,1.008,-0.1138,-0.665,-16.9312,1000.7283,right_u_turn,473.76,9,7.86
1462,1258682,-0.1032,0.0622,0.9983,-0.3413,-2.0475,-15.155,1000.7346,right_u_turn,473.82,9,7.92
1463,1258742,-0.06,0.1217,1.0077,1.54,-1.1463,-14.1838,1000.7263,right_u_turn,473.88,9,7.98
1464,1258802,-0.0464,0.0811,0.9654,0.1838,-0.6825,-13.2825,1000.7402,right_u_turn,473.94,9,8.04
1465,1258862,-0.0287,0.0964,1.0,1.0412,-1.0762,-12.6088,1000.7275,right_u_turn,474.0,9,8.1
1466,1258922,-0.0096,0.0725,0.9792,-0.5863,-1.5137,-11.2525,1000.7346,right_u_turn,474.06,9,8.16
1467,1258982,-0.022,0.0571,0.978,-0.0525,0.7962,-9.73,1000.7378,right_u_turn,474.12,9,8.22
1468,1259042,-0.0156,0.0544,1.025,-0.805,0.2362,-8.4,1000.7324,right_u_turn,474.18,9,8.28
1469,1259102,-0.0486,0.0595,1.003,-0.8575,-0.7088,-7.4288,1000.7415,right_u_turn,474.24,9,8.34
1470,1259162,-0.029,-0.0079,0.9648,0.2887,0.2275,-6.3962,1000.7224,right_u_turn,474.3,9,8.4
1471,1259222,-0.0454,0.0181,1.0568,-0.07,1.0762,-5.53,1000.741,right_u_turn,474.36,9,8.46
1472,1259282,-0.0672,0.0246,0.989,0.7175,1.9512,-4.5588,1000.7366,right_u_turn,474.42,9,8.52
1473,1259342,-0.0518,0.042,0.926,0.665,-2.1,-4.095,1000.7332,right_u_turn,474.48,9,8.58
1474,1259402,-0.0754,0.0132,1.0065,1.3125,1.2162,-3.0625,1000.7349,right_u_turn,474.54,9,8.64
1475,1259462,-0.0376,-0.0129,0.9672,0.1925,-1.1025,-2.3363,1000.731,right_u_turn,474.6,9,8.7
1476,1259522,-0.0368,0.0403,0.9875,0.455,0.1138,-1.5575,1000.731,right_u_turn,474.66,9,8.76
1477,1259582,-0.0529,-0.0231,1.0063,0.9975,-0.6913,-1.1463,1000.7288,right_u_turn,474.72,9,8.82
1478,1259642,-0.0609,0.0151,0.9964,0.28,-0.595,-0.8838,1000.7378,right_u_turn,474.78,9,8.88
1479,1259702,-0.0288,0.0205,1.0295,1.2075,-0.4638,-0.9275,1000.7266,right_u_turn,474.84,9,8.94
1480,1259762,-0.0615,-0.0134,0.9611,0.1225,-0.1663,-0.2887,1000.7251,right_u_turn,474.9,9,9.0
1481,1259822,-0.0576,0.0539,1.0086,-2.0125,-0.4638,-0.4375,1000.7224,right_u_turn,474.96,9,9.06
1482,1259882,-0.0041,-0.0309,1.0302,0.42,-0.07,0.35,1000.7358,right_u_turn,475.02,9,9.12
1483,1267442,0.0928,-0.0432,0.8721,0.63,-1.4175,0.21,1000.7373,right_u_turn,482.58,10,0.0
1484,1267502,0.1479,0.0264,1.0707,1.1725,-0.4988,-0.6475,1000.7417,right_u_turn,482.64,10,0.06
1485,1267562,0.1105,0.0651,1.0958,1.4525,0.2537,-0.5512,1000.7417,right_u_turn,482.7,10,0.12
1486,1267622,0.1064,0.0489,1.0865,2.8875,1.365,-0.105,1000.7422,right_u_turn,482.76,10,0.18
1487,1267682,0.0586,0.0874,1.018,2.4588,-0.8838,-0.8487,1000.7493,right_u_turn,482.82,10,0.24
1488,1267742,0.0678,0.0952,0.9967,0.5425,-3.2812,-1.0588,1000.7578,right_u_turn,482.88,10,0.3
1489,1267802,0.047,0.0405,1.0328,1.3737,1.2425,-1.2775,1000.7458,right_u_turn,482.94,10,0.36
1490,1267862,0.0203,0.0451,0.8766,0.245,-0.2362,-1.295,1000.7461,right_u_turn,483.0,10,0.42
1491,1267922,0.0845,0.0253,1.0463,0.2887,0.1575,-1.1463,1000.752,right_u_turn,483.06,10,0.48
1492,1267982,0.063,-0.0137,0.998,-1.1375,1.0938,-1.5137,1000.7542,right_u_turn,483.12,10,0.54
1493,1268042,0.0733,0.069,1.0207,0.4375,-0.7875,-1.6275,1000.7493,right_u_turn,483.18,10,0.6
1494,1268102,0.0442,0.0652,1.0161,0.6737,-0.2188,-1.4787,1000.7522,right_u_turn,483.24,10,0.66
1495,1268162,0.0273,0.0407,0.9927,0.945,0.4025,-2.1088,1000.7373,right_u_turn,483.3,10,0.72
1496,1268222,0.0529,0.0041,0.9872,1.2513,0.0613,-2.485,1000.7527,right_u_turn,483.36,10,0.78
1497,1268282,0.0315,0.0324,1.0492,1.3475,2.275,-2.5725,1000.7488,right_u_turn,483.42,10,0.84
1498,1268342,0.0481,0.0725,1.0111,1.0063,-2.2838,-3.7362,1000.7576,right_u_turn,483.48,10,0.9
1499,1268402,0.1107,0.0618,1.0003,0.42,-1.2775,-4.2087,1000.7566,right_u_turn,483.54,10,0.96
1500,1268462,0.0827,0.1385,1.0103,1.0762,0.6913,-4.6813,1000.7419,right_u_turn,483.6,10,1.02
1501,1268522,0.0495,0.1036,1.0008,1.085,-0.6125,-5.4775,1000.748,right_u_turn,483.66,10,1.08
1502,1268582,0.07,0.1208,0.9762,-0.1575,-0.385,-5.7137,1000.7463,right_u_turn,483.72,10,1.14
1503,1268642,0.0889,0.1418,1.0308,-0.14,0.3762,-6.37,1000.74,right_u_turn,483.78,10,1.2
1504,1268702,0.0341,0.0802,0.9757,1.3563,0.0,-7.5512,1000.7478,right_u_turn,483.84,10,1.26
1505,1268762,0.0752,0.1325,0.9468,0.0262,-0.4288,-8.155,1000.7397,right_u_turn,483.9,10,1.32
1506,1268822,0.0551,0.1276,0.9273,-0.6388,-0.9275,-9.0825,1000.7561,right_u_turn,483.96,10,1.38
1507,1268882,0.0917,0.1351,0.9967,0.5688,-1.3212,-9.7825,1000.7434,right_u_turn,484.02,10,1.44
1508,1268942,0.0532,0.1135,0.8696,1.6537,1.1025,-10.885,1000.7583,right_u_turn,484.08,10,1.5
1509,1269002,0.0939,0.1537,0.987,0.4462,-0.0613,-11.2525,1000.7517,right_u_turn,484.14,10,1.56
1510,1269062,0.1154,0.161,1.0265,-0.4725,0.1225,-12.0138,1000.7473,right_u_turn,484.2,10,1.62
1511,1269122,0.1276,0.1905,1.0321,0.42,-0.8925,-12.9062,1000.7363,right_u_turn,484.26,10,1.68
1512,1269182,0.0845,0.1684,1.0073,0.7525,0.2275,-13.93,1000.7537,right_u_turn,484.32,10,1.74
1513,1269242,0.0716,0.2398,0.939,0.98,-0.1925,-14.6038,1000.7419,right_u_turn,484.38,10,1.8
1514,1269302,0.1259,0.1923,1.0429,1.0675,-0.07,-16.205,1000.7336,right_u_turn,484.44,10,1.86
1515,1269362,0.0986,0.171,1.0002,0.14,0.6212,-16.7125,1000.7405,right_u_turn,484.5,10,1.92
1516,1269422,0.0747,0.2135,1.0195,0.9013,0.7525,-17.7188,1000.751,right_u_turn,484.56,10,1.98
1517,1269482,0.0913,0.2078,1.017,0.8575,0.4812,-18.515,1000.7498,right_u_turn,484.62,10,2.04
1518,1269542,0.0817,0.1596,0.957,-0.2975,-0.0962,-19.1275,1000.7427,right_u_turn,484.68,10,2.1
1519,1269602,0.0932,0.1964,1.0165,0.4462,0.49,-19.215,1000.7407,right_u_turn,484.74,10,2.16
1520,1269662,0.0839,0.225,1.008,0.6125,-0.1225,-20.0287,1000.7351,right_u_turn,484.8,10,2.22
1521,1269722,0.08,0.2355,1.0269,-0.9975,0.3063,-19.985,1000.738,right_u_turn,484.86,10,2.28
1522,1269782,0.1061,0.1629,0.9704,0.2975,-1.2425,-21.0438,1000.7437,right_u_turn,484.92,10,2.34
1523,1269842,0.0836,0.1771,0.9961,-0.0175,-0.2537,-21.455,1000.7319,right_u_turn,484.98,10,2.4
1524,1269902,0.1046,0.2294,0.9567,1.0063,-0.8313,-22.2337,1000.7278,right_u_turn,485.04,10,2.46
1525,1269962,0.1566,0.1809,1.0444,0.665,-1.2425,-22.5662,1000.7397,right_u_turn,485.1,10,2.52
1526,1270022,0.0925,0.2411,0.992,0.5163,0.2013,-23.2225,1000.7463,right_u_turn,485.16,10,2.58
1527,1270082,0.1098,0.1954,0.9753,0.2275,0.035,-23.275,1000.7383,right_u_turn,485.22,10,2.64
1528,1270142,0.0722,0.202,0.9846,0.875,0.7525,-23.7475,1000.7397,right_u_turn,485.28,10,2.7
1529,1270202,0.1173,0.2735,0.9469,0.175,-1.225,-24.15,1000.7485,right_u_turn,485.34,10,2.76
1530,1270262,0.0617,0.2355,0.9908,0.0437,-0.9625,-24.395,1000.7454,right_u_turn,485.4,10,2.82
1531,1270322,0.0939,0.2013,1.0397,1.0675,-0.3675,-24.4912,1000.7517,right_u_turn,485.46,10,2.88
1532,1270382,0.0954,0.205,1.0014,1.8025,0.805,-24.5613,1000.7493,right_u_turn,485.52,10,2.94
1533,1270442,0.0696,0.2677,0.9745,2.1,-1.1463,-25.4538,1000.7388,right_u_turn,485.58,10,3.0
1534,1270502,0.0695,0.2469,1.0915,-0.6913,0.5512,-25.3487,1000.7493,right_u_turn,485.64,10,3.06
1535,1270562,0.096,0.2838,0.9921,-0.2887,0.1225,-25.3312,1000.7471,right_u_turn,485.7,10,3.12
1536,1270622,0.1046,0.3011,1.0248,-1.0325,-0.3237,-25.9088,1000.7498,right_u_turn,485.76,10,3.18
1537,1270682,0.0598,0.2433,1.008,-1.5137,-0.28,-26.8188,1000.7456,right_u_turn,485.82,10,3.24
1538,1270742,0.0811,0.1742,0.9994,-1.2337,-0.5163,-26.9587,1000.7542,right_u_turn,485.88,10,3.3
1539,1270802,0.0364,0.1754,0.9101,-0.3762,-0.7088,-27.7025,1000.7478,right_u_turn,485.94,10,3.36
1540,1270862,0.0752,0.2035,0.9769,1.8375,-0.3237,-27.4312,1000.7437,right_u_turn,486.0,10,3.42
1541,1270922,0.0363,0.2969,1.0214,0.315,-0.105,-26.9937,1000.7537,right_u_turn,486.06,10,3.48
1542,1270982,0.0556,0.2291,0.9999,0.0088,0.4288,-27.3962,1000.7434,right_u_turn,486.12,10,3.54
1543,1271042,0.0747,0.2397,1.0192,0.9712,-0.7875,-27.4225,1000.7385,right_u_turn,486.18,10,3.6
1544,1271102,0.0471,0.2838,0.985,-0.2625,-0.0437,-27.2213,1000.7461,right_u_turn,486.24,10,3.66
1545,1271162,0.0959,0.1639,1.0006,-1.3563,-2.695,-26.0662,1000.7529,right_u_turn,486.3,10,3.72
1546,1271222,0.0015,0.1959,1.0078,1.0588,0.385,-28.0613,1000.7495,right_u_turn,486.36,10,3.78
1547,1271282,0.0676,0.1601,0.9769,1.8288,-0.665,-27.685,1000.7339,right_u_turn,486.42,10,3.84
1548,1271342,0.1161,0.2707,1.0739,1.3038,0.07,-27.9475,1000.7437,right_u_turn,486.48,10,3.9
1549,1271402,0.0729,0.3091,0.9726,2.17,1.54,-28.0613,1000.7559,right_u_turn,486.54,10,3.96
1550,1271462,0.0732,0.3304,1.0088,0.6037,1.33,-28.2188,1000.7371,right_u_turn,486.6,10,4.02
1551,1271522,0.0718,0.2497,0.8394,-4.4012,-0.6562,-28.805,1000.7458,right_u_turn,486.66,10,4.08
1552,1271582,0.0939,0.2006,1.0158,-2.4325,0.49,-29.26,1000.741,right_u_turn,486.72,10,4.14
1553,1271642,0.0574,0.1928,0.9673,-0.9712,-2.6425,-29.3388,1000.7375,right_u_turn,486.78,10,4.2
1554,1271702,0.1418,0.2235,1.0016,-1.2775,-2.8175,-29.9862,1000.7373,right_u_turn,486.84,10,4.26
1555,1271762,0.0794,0.2233,1.0611,1.4787,-1.5312,-29.4175,1000.7305,right_u_turn,486.9,10,4.32
1556,1271822,0.1003,0.2478,1.043,1.9338,-1.3737,-29.2862,1000.7302,right_u_turn,486.96,10,4.38
1557,1271882,-0.0007,0.1412,1.0182,1.7062,1.0063,-29.4175,1000.7334,right_u_turn,487.02,10,4.44
1558,1271942,0.1113,0.264,1.0402,1.4438,-3.115,-29.1112,1000.7341,right_u_turn,487.08,10,4.5
1559,1272002,0.1013,0.15,1.0673,0.5075,-2.485,-29.5225,1000.7278,right_u_turn,487.14,10,4.56
1560,1272062,0.0547,0.1557,0.9655,1.0762,1.0237,-29.7675,1000.731,right_u_turn,487.2,10,4.62
1561,1272122,0.0723,0.2029,1.0211,-0.4462,-3.5262,-29.7588,1000.7292,right_u_turn,487.26,10,4.68
1562,1272182,0.0964,0.1982,0.983,0.6825,-2.0825,-30.2138,1000.7307,right_u_turn,487.32,10,4.74
1563,1272242,0.0883,0.2235,0.9572,-1.4875,-2.0125,-29.995,1000.7236,right_u_turn,487.38,10,4.8
1564,1272302,0.1205,0.2327,1.0189,-0.7788,-1.96,-29.6012,1000.7195,right_u_turn,487.44,10,4.86
1565,1272362,0.0472,0.2177,0.9703,0.105,-0.1138,-30.7038,1000.7092,right_u_turn,487.5,10,4.92
1566,1272422,0.0522,0.1864,0.9898,0.3938,1.6187,-30.3275,1000.7163,right_u_turn,487.56,10,4.98
1567,1272482,0.0529,0.2018,0.8872,0.4725,-0.4725,-30.7825,1000.7134,right_u_turn,487.62,10,5.04
1568,1272542,0.0568,0.2972,1.0853,1.365,-0.3237,-30.5112,1000.7173,right_u_turn,487.68,10,5.1
1569,1272602,0.0532,0.1774,1.0221,0.385,0.8313,-30.7388,1000.7122,right_u_turn,487.74,10,5.16
1570,1272662,0.0095,0.2094,0.9235,0.0175,-1.5225,-31.1588,1000.7097,right_u_turn,487.8,10,5.22
1571,1272722,0.0364,0.2531,1.0394,-0.6212,-0.8925,-30.24,1000.7119,right_u_turn,487.86,10,5.28
1572,1272782,-0.0026,0.182,0.8899,0.8225,-2.695,-30.7825,1000.7061,right_u_turn,487.92,10,5.34
1573,1272842,0.0079,0.2211,0.9007,-0.1925,-1.505,-30.5812,1000.7046,right_u_turn,487.98,10,5.4
1574,1272902,0.0579,0.2509,0.9776,-1.0588,-0.7175,-30.7038,1000.7102,right_u_turn,488.04,10,5.46
1575,1272962,0.0547,0.2277,1.0013,0.3587,-0.6388,-30.0825,1000.708,right_u_turn,488.1,10,5.52
1576,1273022,0.0769,0.254,1.0326,0.3063,-0.9013,-30.4762,1000.698,right_u_turn,488.16,10,5.58
1577,1273082,0.0315,0.2504,1.0654,1.3038,1.155,-30.6075,1000.7009,right_u_turn,488.22,10,5.64
1578,1273142,0.0206,0.1466,0.9637,-0.0262,1.155,-30.5025,1000.6904,right_u_turn,488.28,10,5.7
1579,1273202,0.0246,0.2053,1.0519,0.28,-0.7962,-30.6775,1000.6934,right_u_turn,488.34,10,5.76
1580,1273262,0.0461,0.1644,1.0529,-0.14,0.5163,-30.8088,1000.7031,right_u_turn,488.4,10,5.82
1581,1273322,0.03,0.2597,0.9908,0.6037,-0.9625,-31.22,1000.6934,right_u_turn,488.46,10,5.88
1582,1273382,0.0095,0.2422,0.9089,2.7738,-1.0762,-31.2288,1000.6963,right_u_turn,488.52,10,5.94
1583,1273442,0.0244,0.2547,0.9213,0.5425,0.5512,-31.4212,1000.6824,right_u_turn,488.58,10,6.0
1584,1273502,0.0671,0.2662,1.0195,-2.0912,1.0412,-31.185,1000.6865,right_u_turn,488.64,10,6.06
1585,1273562,-0.0141,0.2369,0.9916,-0.2188,-0.1663,-31.6663,1000.698,right_u_turn,488.7,10,6.12
1586,1273622,0.0437,0.2558,1.0822,0.315,0.07,-31.675,1000.7029,right_u_turn,488.76,10,6.18
1587,1273682,-0.0193,0.1642,0.9438,1.0063,0.245,-32.3488,1000.6868,right_u_turn,488.82,10,6.24
1588,1273742,0.0642,0.2413,0.9665,0.5688,-2.0912,-31.5788,1000.676,right_u_turn,488.88,10,6.3
1589,1273802,0.0336,0.2488,1.0383,0.3587,0.77,-32.1738,1000.6541,right_u_turn,488.94,10,6.36
1590,1273862,-0.0034,0.152,0.9582,-0.8925,-1.0938,-32.2962,1000.6453,right_u_turn,489.0,10,6.42
1591,1273922,0.0813,0.2277,1.0573,0.5337,-2.2487,-32.2612,1000.6284,right_u_turn,489.06,10,6.48
1592,1273982,0.0332,0.2973,1.0737,0.9625,-1.5312,-32.62,1000.6509,right_u_turn,489.12,10,6.54
1593,1274042,0.0027,0.3384,1.0031,2.2838,-0.315,-32.9437,1000.6362,right_u_turn,489.18,10,6.6
1594,1274102,-0.0173,0.2121,0.9364,0.6125,-0.6475,-32.7513,1000.658,right_u_turn,489.24,10,6.66
1595,1274162,0.0182,0.2482,1.0122,-1.3475,-2.065,-32.8213,1000.6619,right_u_turn,489.3,10,6.72
1596,1274222,-0.0022,0.2559,1.003,-0.4988,-1.155,-32.4188,1000.6287,right_u_turn,489.36,10,6.78
1597,1274282,-0.012,0.2284,0.9735,-1.33,-2.9838,-32.5938,1000.6433,right_u_turn,489.42,10,6.84
1598,1274342,-0.0208,0.197,0.9026,-1.7062,-2.17,-31.4912,1000.6333,right_u_turn,489.48,10,6.9
1599,1274402,0.0039,0.1588,1.1158,-0.8662,-0.8225,-29.8025,1000.6296,right_u_turn,489.54,10,6.96
1600,1274462,-0.0135,0.2098,1.018,-1.3388,-0.0088,-29.1025,1000.6221,right_u_turn,489.6,10,7.02
1601,1274522,-0.0134,0.1911,0.9066,-0.595,-1.9863,-27.8337,1000.6196,right_u_turn,489.66,10,7.08
1602,1274582,-0.0323,0.1789,0.9922,1.6625,0.9187,-26.005,1000.6201,right_u_turn,489.72,10,7.14
1603,1274642,-0.0598,0.1638,0.9748,0.385,0.7875,-25.1912,1000.6321,right_u_turn,489.78,10,7.2
1604,1274702,-0.0115,0.1604,1.0492,0.3237,0.665,-24.08,1000.6431,right_u_turn,489.84,10,7.26
1605,1274762,-0.05,0.1591,0.9679,0.5863,-0.1663,-23.66,1000.614,right_u_turn,489.9,10,7.32
1606,1274822,-0.0551,0.1964,1.0213,0.3063,1.3913,-22.715,1000.613,right_u_turn,489.96,10,7.38
1607,1274882,-0.0578,0.1301,1.0065,-0.63,0.6825,-21.5513,1000.6062,right_u_turn,490.02,10,7.44
1608,1274942,0.0363,0.1405,1.0568,-0.5512,-0.9187,-20.4837,1000.5962,right_u_turn,490.08,10,7.5
1609,1275002,-0.0676,0.1439,0.9253,-1.2862,-2.135,-20.02,1000.6104,right_u_turn,490.14,10,7.56
1610,1275062,-0.1371,0.2057,0.937,-0.6037,-0.8575,-19.1975,1000.6016,right_u_turn,490.2,10,7.62
1611,1275122,-0.0265,0.0859,0.9962,-0.9013,-2.0038,-18.4275,1000.6111,right_u_turn,490.26,10,7.68
1612,1275182,-0.0578,0.1074,1.0465,0.8575,-0.665,-17.7887,1000.6072,right_u_turn,490.32,10,7.74
1613,1275242,-0.0952,0.1562,1.0087,-0.1225,0.07,-16.835,1000.595,right_u_turn,490.38,10,7.8
1614,1275302,-0.1034,0.0829,0.9368,-0.2975,-1.1725,-16.3975,1000.6055,right_u_turn,490.44,10,7.86
1615,1275362,-0.0136,0.1354,0.9809,-0.4462,-1.8025,-15.8813,1000.5857,right_u_turn,490.5,10,7.92
1616,1275422,-0.0327,0.1293,1.0343,-1.015,1.085,-14.9362,1000.6035,right_u_turn,490.56,10,7.98
1617,1275482,-0.0132,0.1601,1.1448,0.7088,-0.98,-13.3787,1000.5933,right_u_turn,490.62,10,8.04
1618,1275542,-0.093,0.0539,0.9394,-1.225,1.715,-12.2413,1000.5869,right_u_turn,490.68,10,8.1
1619,1275602,-0.0375,0.1281,1.0609,-1.05,-1.7763,-11.0513,1000.5913,right_u_turn,490.74,10,8.16
1620,1275662,-0.0505,0.0596,1.0045,-0.2625,1.645,-10.3337,1000.5757,right_u_turn,490.8,10,8.22
1621,1275722,-0.0985,0.0687,1.0121,0.5075,0.4812,-9.4762,1000.5796,right_u_turn,490.86,10,8.28
1622,1275782,-0.0612,0.0825,0.9958,0.7262,0.7088,-8.4788,1000.5818,right_u_turn,490.92,10,8.34
1623,1275842,-0.0722,0.0295,0.9967,-0.5337,-0.4112,-7.9187,1000.5696,right_u_turn,490.98,10,8.4
1624,1275902,-0.081,0.0051,0.9524,-0.4375,0.6562,-7.4375,1000.5608,right_u_turn,491.04,10,8.46
1625,1275962,-0.0698,0.0693,0.9755,-1.1113,0.2537,-6.7288,1000.5754,right_u_turn,491.1,10,8.52
1626,1276022,-0.0232,0.0993,1.0485,0.77,0.1312,-5.9587,1000.5657,right_u_turn,491.16,10,8.58
1627,1276082,-0.0259,0.0544,1.0529,1.015,-0.875,-4.97,1000.5674,right_u_turn,491.22,10,8.64
1628,1276142,-0.0693,0.0473,0.9306,0.3675,0.6125,-4.62,1000.5686,right_u_turn,491.28,10,8.7
1629,1276202,-0.0801,0.0595,0.9581,1.1287,-1.3038,-4.0862,1000.5422,right_u_turn,491.34,10,8.76
1630,1276262,-0.0766,0.0049,1.0294,0.2275,1.5925,-3.3863,1000.552,right_u_turn,491.4,10,8.82
1631,1276322,-0.0898,-0.0058,0.8683,0.1663,1.05,-2.59,1000.5579,right_u_turn,491.46,10,8.88
1632,1276382,-0.0303,0.0467,1.0456,0.0437,0.7613,-2.345,1000.5574,right_u_turn,491.52,10,8.94
1633,1276442,-0.0465,-0.0083,0.9807,-0.1575,0.3938,-1.7938,1000.5281,right_u_turn,491.58,10,9.0
1634,1276502,-0.0676,0.0591,1.0639,1.1725,1.855,-1.0237,1000.551,right_u_turn,491.64,10,9.06
1635,1276562,-0.0366,0.0232,1.0221,1.19,1.3913,-0.98,1000.5349,right_u_turn,491.7,10,9.12
1636,1276622,-0.0524,0.0161,0.9618,-0.6037,0.1663,-1.0675,1000.5344,right_u_turn,491.76,10,9.18
1637,1276682,-0.0447,0.0354,0.9329,0.0525,-0.6125,-0.9625,1000.543,right_u_turn,491.82,10,9.24
1638,1276742,-0.0456,0.0527,0.9684,2.5988,-0.3237,-0.5337,1000.5356,right_u_turn,491.88,10,9.3
1639,1276802,-0.0117,0.0673,1.0865,-0.0787,-1.5925,-1.015,1000.5198,right_u_turn,491.94,10,9.36
1640,1276862,-0.0317,0.0661,1.0731,0.21,0.56,-0.5163,1000.5376,right_u_turn,492.0,10,9.42
1641,1276922,-0.0586,0.0337,1.0024,-0.4375,-1.7763,-0.3325,1000.5422,right_u_turn,492.06,10,9.48
1642,1276982,-0.0312,-0.01,1.0702,0.1663,0.7175,0.0613,1000.5374,right_u_turn,492.12,10,9.54
1643,1288982,-0.1103,-0.0188,0.979,-0.175,-0.6125,0.3762,1000.6689,right_u_turn,504.12,11,0.0
1644,1289042,-0.1223,-0.0005,0.9609,0.3325,-0.35,-0.2975,1000.6729,right_u_turn,504.18,11,0.06
1645,1289102,-0.1014,0.0242,1.0031,0.4812,-0.175,-0.5425,1000.6719,right_u_turn,504.24,11,0.12
1646,1289162,-0.1047,0.0484,1.0194,0.8925,-0.2537,-0.2625,1000.6816,right_u_turn,504.3,11,0.18
1647,1289222,-0.1115,0.0556,0.9936,0.4988,-1.3388,-0.4725,1000.6772,right_u_turn,504.36,11,0.24
1648,1289282,-0.0837,0.0163,0.9798,-0.5863,-0.84,-0.6475,1000.6809,right_u_turn,504.42,11,0.3
1649,1289342,-0.0747,0.0115,0.9739,-0.5425,-1.1463,-1.3038,1000.6809,right_u_turn,504.48,11,0.36
1650,1289402,-0.0497,0.0278,0.9789,1.0675,-1.925,-1.9075,1000.6704,right_u_turn,504.54,11,0.42
1651,1289462,-0.0575,0.0544,0.9792,1.12,-0.84,-2.5113,1000.6714,right_u_turn,504.6,11,0.48
1652,1289522,-0.0466,0.0471,0.9721,1.5925,-1.505,-2.4588,1000.6738,right_u_turn,504.66,11,0.54
1653,1289582,-0.0373,0.0724,0.9582,1.0588,-0.6037,-2.8175,1000.6697,right_u_turn,504.72,11,0.6
1654,1289642,-0.0478,0.0614,0.9786,0.56,-0.1838,-3.3425,1000.6641,right_u_turn,504.78,11,0.66
1655,1289702,-0.0296,0.0854,1.0027,0.875,1.0938,-3.6312,1000.6572,right_u_turn,504.84,11,0.72
1656,1289762,-0.0586,0.0476,0.9396,0.2887,0.2013,-4.3313,1000.6731,right_u_turn,504.9,11,0.78
1657,1289822,-0.0268,0.071,0.9903,-0.8487,-0.0262,-4.445,1000.6663,right_u_turn,504.96,11,0.84
1658,1289882,-0.0052,0.0789,1.0033,0.0962,0.9013,-5.0662,1000.6621,right_u_turn,505.02,11,0.9
1659,1289942,-0.0326,0.0315,0.9596,0.4112,0.0613,-6.0637,1000.6511,right_u_turn,505.08,11,0.96
1660,1290002,0.0098,0.1171,1.0238,0.3063,0.21,-6.4138,1000.6677,right_u_turn,505.14,11,1.02
1661,1290062,-0.0322,0.0895,0.9655,1.3475,0.4638,-7.77,1000.6677,right_u_turn,505.2,11,1.08
1662,1290122,-0.0012,0.1484,1.0399,2.17,-0.9013,-8.2775,1000.6667,right_u_turn,505.26,11,1.14
1663,1290182,-0.0278,0.1023,0.9552,0.5688,-1.1988,-8.9775,1000.6565,right_u_turn,505.32,11,1.2
1664,1290242,0.0102,0.1462,1.008,1.5488,-0.77,-10.3775,1000.6724,right_u_turn,505.38,11,1.26
1665,1290302,0.0514,0.1516,0.9875,1.6013,-0.4288,-11.2875,1000.6594,right_u_turn,505.44,11,1.32
1666,1290362,0.0576,0.1879,0.993,2.0125,-0.1663,-12.3813,1000.6533,right_u_turn,505.5,11,1.38
1667,1290422,0.0654,0.1255,1.0121,0.7,-0.4375,-13.5538,1000.6619,right_u_turn,505.56,11,1.44
1668,1290482,0.0615,0.1643,1.0206,-0.4725,0.5075,-13.8687,1000.6638,right_u_turn,505.62,11,1.5
1669,1290542,0.0805,0.123,0.9521,-0.77,0.2537,-13.9563,1000.6543,right_u_turn,505.68,11,1.56
1670,1290602,0.0284,0.1671,0.9773,-0.4025,0.3413,-14.42,1000.6455,right_u_turn,505.74,11,1.62
1671,1290662,-0.0012,0.0732,0.9228,-0.6125,-1.5662,-15.4087,1000.6567,right_u_turn,505.8,11,1.68
1672,1290722,0.0215,0.1034,0.9593,-0.105,-1.435,-15.5925,1000.6587,right_u_turn,505.86,11,1.74
1673,1290782,-0.0427,0.1138,0.9739,1.295,0.5512,-16.1963,1000.6597,right_u_turn,505.92,11,1.8
1674,1290842,0.0393,0.0805,0.9811,0.4288,-1.7325,-16.7125,1000.6409,right_u_turn,505.98,11,1.86
1675,1290902,-0.032,0.1944,0.9745,-0.49,-0.5075,-17.0713,1000.6594,right_u_turn,506.04,11,1.92
1676,1290962,0.0541,0.1411,1.0012,-2.1613,-0.9275,-17.885,1000.657,right_u_turn,506.1,11,1.98
1677,1291022,0.0456,0.093,0.9755,-0.8487,0.4988,-18.515,1000.6548,right_u_turn,506.16,11,2.04
1678,1291082,0.0023,0.1757,1.0419,-2.5725,0.7437,-18.5763,1000.6404,right_u_turn,506.22,11,2.1
1679,1291142,0.0446,0.1711,1.006,-2.5725,-0.9013,-18.9263,1000.6538,right_u_turn,506.28,11,2.16
1680,1291202,0.0429,0.1235,1.0578,-1.435,0.105,-18.795,1000.6545,right_u_turn,506.34,11,2.22
1681,1291262,-0.0027,0.1046,1.0472,-0.2362,2.3363,-19.53,1000.6577,right_u_turn,506.4,11,2.28
1682,1291322,-0.0056,0.1556,0.9862,1.1638,1.12,-20.4662,1000.6536,right_u_turn,506.46,11,2.34
1683,1291382,0.0292,0.1943,0.9509,0.0,-0.8313,-20.475,1000.6448,right_u_turn,506.52,11,2.4
1684,1291442,0.0627,0.1801,1.0219,0.8313,-0.0175,-21.3062,1000.6597,right_u_turn,506.58,11,2.46
1685,1291502,0.0613,0.1752,1.0104,0.8138,0.2362,-22.0413,1000.6562,right_u_turn,506.64,11,2.52
1686,1291562,0.04,0.1782,0.9089,-0.6037,-1.2775,-23.2313,1000.6794,right_u_turn,506.7,11,2.58
1687,1291622,-0.002,0.1078,0.9148,-0.8225,0.6737,-23.3625,1000.6667,right_u_turn,506.76,11,2.64
1688,1291682,0.0417,0.1408,0.9966,0.8138,0.49,-23.9225,1000.6523,right_u_turn,506.82,11,2.7
1689,1291742,0.0617,0.2067,1.0258,1.89,0.8838,-23.5287,1000.6548,right_u_turn,506.88,11,2.76
1690,1291802,-0.0251,0.1768,0.9511,0.385,0.7613,-23.9137,1000.6716,right_u_turn,506.94,11,2.82
1691,1291862,0.004,0.1627,1.0429,0.2625,1.3913,-23.8612,1000.6516,right_u_turn,507.0,11,2.88
1692,1291922,0.0278,0.163,0.9148,-0.7788,-1.3475,-24.395,1000.6536,right_u_turn,507.06,11,2.94
1693,1291982,-0.0303,0.2058,0.9487,-1.225,0.7788,-25.0338,1000.6597,right_u_turn,507.12,11,3.0
1694,1292042,0.0423,0.2191,1.0378,-0.3413,0.3675,-25.1912,1000.645,right_u_turn,507.18,11,3.06
1695,1292102,-0.0209,0.1443,0.9814,-0.07,1.2862,-26.1187,1000.6411,right_u_turn,507.24,11,3.12
1696,1292162,-0.0183,0.1566,0.9962,-0.0962,-0.0875,-26.6525,1000.6492,right_u_turn,507.3,11,3.18
1697,1292222,-0.0271,0.2081,1.0225,0.805,0.0088,-26.4425,1000.6528,right_u_turn,507.36,11,3.24
1698,1292282,0.0098,0.1356,0.9856,0.56,-0.0088,-25.9263,1000.6553,right_u_turn,507.42,11,3.3
1699,1292342,0.0157,0.145,1.0296,0.6913,-0.6212,-25.8388,1000.6484,right_u_turn,507.48,11,3.36
1700,1292402,0.0057,0.1801,0.9899,0.2188,-1.89,-26.9675,1000.6289,right_u_turn,507.54,11,3.42
1701,1292462,0.0365,0.1542,1.0134,-0.3938,-0.5775,-27.23,1000.6331,right_u_turn,507.6,11,3.48
1702,1292522,0.0415,0.1792,1.0424,0.3413,-1.0938,-27.3962,1000.6438,right_u_turn,507.66,11,3.54
1703,1292582,0.0273,0.1686,0.9977,-0.1575,-1.47,-27.0462,1000.6299,right_u_turn,507.72,11,3.6
1704,1292642,0.0322,0.1884,1.0051,-0.7613,-0.35,-27.5187,1000.6328,right_u_turn,507.78,11,3.66
1705,1292702,0.029,0.1479,0.928,-0.0525,-1.82,-27.4575,1000.6436,right_u_turn,507.84,11,3.72
1706,1292762,0.0195,0.19,0.9258,0.5337,-0.4812,-27.5275,1000.6355,right_u_turn,507.9,11,3.78
1707,1292822,0.0393,0.2256,1.0427,0.4112,-0.9625,-27.65,1000.6392,right_u_turn,507.96,11,3.84
1708,1292882,0.0571,0.2171,0.9821,-0.175,-1.0588,-28.0438,1000.6421,right_u_turn,508.02,11,3.9
1709,1292942,0.0222,0.1574,0.9299,0.7088,-2.1088,-27.895,1000.6272,right_u_turn,508.08,11,3.96
1710,1293002,-0.0034,0.2058,0.9211,0.6037,-1.4963,-28.3325,1000.6387,right_u_turn,508.14,11,4.02
1711,1293062,0.0444,0.1929,0.9831,-0.1925,-0.07,-27.5187,1000.6348,right_u_turn,508.2,11,4.08
1712,1293122,0.0425,0.1552,0.944,-0.245,-1.0675,-27.545,1000.6245,right_u_turn,508.26,11,4.14
1713,1293182,0.0534,0.1637,1.0009,0.84,0.3762,-27.4837,1000.6316,right_u_turn,508.32,11,4.2
1714,1293242,0.039,0.2092,0.9592,0.1225,-1.61,-27.6325,1000.647,right_u_turn,508.38,11,4.26
1715,1293302,0.0525,0.1928,0.993,-1.2862,-1.0237,-27.4312,1000.6453,right_u_turn,508.44,11,4.32
1716,1293362,0.0439,0.1853,0.9853,-0.63,-0.6212,-27.79,1000.6506,right_u_turn,508.5,11,4.38
1717,1293422,0.0631,0.1989,0.9806,-0.1225,-0.21,-27.965,1000.6543,right_u_turn,508.56,11,4.44
1718,1293482,0.0549,0.1785,0.9731,-1.05,-0.2013,-27.5187,1000.6375,right_u_turn,508.62,11,4.5
1719,1293542,0.0185,0.2086,0.958,-0.5775,-0.3762,-28.1575,1000.6313,right_u_turn,508.68,11,4.56
1720,1293602,0.0737,0.1903,1.0114,-0.5337,-0.4288,-28.175,1000.6348,right_u_turn,508.74,11,4.62
1721,1293662,0.0623,0.144,0.9792,-0.8925,-2.2925,-28.0175,1000.6248,right_u_turn,508.8,11,4.68
1722,1293722,0.0478,0.2301,0.9745,0.9187,-1.3125,-27.8337,1000.6316,right_u_turn,508.86,11,4.74
1723,1293782,0.0896,0.212,0.944,-1.1988,-1.5225,-27.7288,1000.625,right_u_turn,508.92,11,4.8
1724,1293842,0.1225,0.1652,0.9963,0.35,-1.96,-27.5012,1000.6191,right_u_turn,508.98,11,4.86
1725,1293902,0.0981,0.1884,0.9699,0.3762,0.1663,-27.4137,1000.624,right_u_turn,509.04,11,4.92
1726,1293962,0.0605,0.234,0.9274,-0.3675,-1.2513,-27.4487,1000.6094,right_u_turn,509.1,11,4.98
1727,1294022,0.0714,0.2173,0.9445,-0.3762,0.0613,-27.7463,1000.6086,right_u_turn,509.16,11,5.04
1728,1294082,0.0859,0.1367,0.967,-0.4812,0.455,-27.72,1000.6326,right_u_turn,509.22,11,5.1
1729,1294142,0.0337,0.144,0.9848,-0.2275,0.6825,-27.5362,1000.645,right_u_turn,509.28,11,5.16
1730,1294202,0.0517,0.2479,1.025,-0.2887,-0.875,-28.0088,1000.6335,right_u_turn,509.34,11,5.22
1731,1294262,0.0452,0.1853,0.965,-0.2887,0.735,-28.3937,1000.6118,right_u_turn,509.4,11,5.28
1732,1294322,0.0712,0.1615,0.9841,-0.91,0.2713,-28.8575,1000.6433,right_u_turn,509.46,11,5.34
1733,1294382,0.0864,0.2363,1.0221,0.0525,0.5512,-28.9188,1000.6343,right_u_turn,509.52,11,5.4
1734,1294442,0.0305,0.217,0.9833,-0.2013,-0.0525,-29.1375,1000.6208,right_u_turn,509.58,11,5.46
1735,1294502,0.0569,0.174,1.0099,0.91,-0.9275,-29.645,1000.6177,right_u_turn,509.64,11,5.52
1736,1294562,0.0063,0.2647,0.9756,2.205,0.7,-29.8375,1000.6211,right_u_turn,509.7,11,5.58
1737,1294622,0.0232,0.2155,0.963,1.365,-1.2862,-29.9862,1000.6155,right_u_turn,509.76,11,5.64
1738,1294682,-0.0081,0.1693,0.9267,0.3063,-0.07,-30.1525,1000.6191,right_u_turn,509.82,11,5.7
1739,1294742,0.0379,0.2375,1.0006,0.8925,0.2625,-30.3975,1000.6099,right_u_turn,509.88,11,5.76
1740,1294802,0.0581,0.244,1.0302,1.61,-1.8725,-30.66,999.9602,right_u_turn,509.94,11,5.82
1741,1294862,0.0527,0.2357,1.0494,0.7262,0.3413,-30.4412,999.6235,right_u_turn,510.0,11,5.88
1742,1294922,0.0303,0.2303,1.0058,0.7262,-1.0762,-30.7038,999.7883,right_u_turn,510.06,11,5.94
1743,1294982,0.0031,0.2575,0.965,0.8575,-0.5863,-30.6775,999.8599,right_u_turn,510.12,11,6.0
1744,1295042,0.0388,0.2018,0.9848,0.875,-0.7525,-31.045,999.842,right_u_turn,510.18,11,6.06
1745,1295102,-0.024,0.1798,1.0048,1.1287,-0.6737,-30.8875,999.9131,right_u_turn,510.24,11,6.12
1746,1295162,-0.0456,0.3554,0.9784,2.7213,-0.4462,-31.9463,1000.3567,right_u_turn,510.3,11,6.18
1747,1295222,0.0852,0.3081,1.0931,-0.2275,0.8487,-31.535,1000.4844,right_u_turn,510.36,11,6.24
1748,1295282,-0.0003,0.234,0.9504,-0.3675,-0.6125,-31.57,1000.5393,right_u_turn,510.42,11,6.3
1749,1295342,0.0569,0.1911,1.0301,0.315,-0.49,-31.815,1000.5276,right_u_turn,510.48,11,6.36
1750,1295402,0.0052,0.1865,0.9008,0.9887,-1.855,-31.4562,1000.5623,right_u_turn,510.54,11,6.42
1751,1295462,-0.0022,0.2435,0.9484,0.21,0.665,-31.2725,1000.6228,right_u_turn,510.6,11,6.48
1752,1295522,0.0186,0.2001,0.9173,1.26,-0.0437,-30.9225,1000.6458,right_u_turn,510.66,11,6.54
1753,1295582,-0.0358,0.224,0.9306,1.505,-0.3938,-30.4062,1000.6729,right_u_turn,510.72,11,6.6
1754,1295642,-0.0199,0.1928,0.9538,0.42,-2.1088,-30.4062,1000.6726,right_u_turn,510.78,11,6.66
1755,1295702,-0.0486,0.1679,0.8958,-0.0875,0.8313,-28.7962,1000.6738,right_u_turn,510.84,11,6.72
1756,1295762,0.0254,0.2013,1.0584,2.1088,2.7037,-28.4463,1000.6716,right_u_turn,510.9,11,6.78
1757,1295822,0.027,0.1979,1.0541,-0.7088,-0.35,-28.0175,1000.6724,right_u_turn,510.96,11,6.84
1758,1295882,0.0124,0.2225,1.1195,-0.6125,-0.3325,-25.9,1000.6843,right_u_turn,511.02,11,6.9
1759,1295942,-0.0298,0.2089,1.0629,0.8313,-1.0588,-25.585,1000.6721,right_u_turn,511.08,11,6.96
1760,1296002,-0.0202,0.1915,1.0045,-0.9013,-1.6187,-25.3925,1000.6616,right_u_turn,511.14,11,7.02
1761,1296062,-0.0248,0.2145,1.0292,0.6475,-1.6013,-25.1213,1000.6743,right_u_turn,511.2,11,7.08
1762,1296122,-0.009,0.2284,1.0085,-0.1312,-1.9863,-24.8412,1000.6711,right_u_turn,511.26,11,7.14
1763,1296182,-0.0088,0.1447,1.0482,0.0,-2.1962,-24.1763,1000.6848,right_u_turn,511.32,11,7.2
1764,1296242,-0.0234,0.1709,0.9601,0.6475,-0.525,-24.1413,1000.6848,right_u_turn,511.38,11,7.26
1765,1296302,-0.0651,0.2545,0.9313,0.0962,-2.9313,-23.6775,1000.6741,right_u_turn,511.44,11,7.32
1766,1296362,-0.0239,0.1454,0.9423,0.35,-1.225,-23.1175,1000.6743,right_u_turn,511.5,11,7.38
1767,1296422,-0.0547,0.1803,0.9684,-0.56,0.6475,-22.4788,1000.6787,right_u_turn,511.56,11,7.44
1768,1296482,-0.0117,0.1525,1.1012,1.7938,-0.735,-22.0938,1000.6782,right_u_turn,511.62,11,7.5
1769,1296542,-0.012,0.1906,1.0128,1.3038,-1.7675,-21.4463,1000.6602,right_u_turn,511.68,11,7.56
1770,1296602,-0.0351,0.1586,0.9745,-0.28,-1.3563,-20.4662,1000.6626,right_u_turn,511.74,11,7.62
1771,1296662,-0.0327,0.1415,0.998,1.225,-0.035,-19.5475,1000.6528,right_u_turn,511.8,11,7.68
1772,1296722,-0.0323,0.1842,0.9467,0.4288,-1.5838,-19.5387,1000.657,right_u_turn,511.86,11,7.74
1773,1296782,0.0016,0.152,1.0404,0.0962,-0.9538,-18.795,1000.6538,right_u_turn,511.92,11,7.8
1774,1296842,0.0007,0.1315,1.0231,-0.3237,-1.0675,-18.0163,1000.6396,right_u_turn,511.98,11,7.86
1775,1296902,-0.0185,0.163,0.9823,-0.6562,-0.8225,-16.8175,1000.6416,right_u_turn,512.04,11,7.92
1776,1296962,-0.0021,0.1161,1.0232,-0.28,0.3675,-15.68,1000.6436,right_u_turn,512.1,11,7.98
1777,1297022,-0.0185,0.1072,0.9762,-0.8925,-1.0325,-14.4375,1000.6458,right_u_turn,512.16,11,8.04
1778,1297082,-0.04,0.0598,0.9547,-0.0875,0.98,-12.88,1000.6519,right_u_turn,512.22,11,8.1
1779,1297142,-0.0215,0.0903,0.9023,-0.6475,-0.6212,-11.7513,1000.6521,right_u_turn,512.28,11,8.16
1780,1297202,-0.0222,0.039,0.9982,1.1025,-0.7875,-10.0887,1000.6396,right_u_turn,512.34,11,8.22
1781,1297262,-0.0431,0.101,0.985,0.91,-0.07,-9.2487,1000.6453,right_u_turn,512.4,11,8.28
1782,1297322,-0.0286,0.0551,0.954,1.2075,-0.385,-8.2425,1000.6411,right_u_turn,512.46,11,8.34
1783,1297382,-0.0539,0.0539,0.9423,-0.07,-0.14,-7.7087,1000.6338,right_u_turn,512.52,11,8.4
1784,1297442,-0.0451,0.0735,0.925,0.56,-0.8925,-6.615,1000.6313,right_u_turn,512.58,11,8.46
1785,1297502,-0.024,0.0359,1.0024,-0.1663,0.0088,-5.495,1000.6245,right_u_turn,512.64,11,8.52
1786,1297562,-0.0429,0.0729,1.0103,0.35,-0.0613,-4.935,1000.6282,right_u_turn,512.7,11,8.58
1787,1297622,-0.0461,0.0305,0.9318,-0.6388,0.4812,-4.4187,1000.6418,right_u_turn,512.76,11,8.64
1788,1297682,-0.0563,0.0236,0.9823,-0.4112,-0.735,-3.745,1000.6436,right_u_turn,512.82,11,8.7
1789,1297742,-0.0615,0.0032,0.9484,0.84,0.1663,-3.3688,1000.6399,right_u_turn,512.88,11,8.76
1790,1297802,-0.038,-0.0151,1.0268,0.2188,0.35,-2.6775,1000.6567,right_u_turn,512.94,11,8.82
1791,1297862,-0.0237,-0.0305,0.9992,0.2625,0.035,-2.065,1000.6472,right_u_turn,513.0,11,8.88
1792,1297922,-0.0259,-0.0076,1.0097,0.4025,0.6913,-1.7675,1000.6519,right_u_turn,513.06,11,8.94
1793,1297982,-0.0022,0.0029,0.9951,0.6037,-0.2975,-1.4787,1000.6506,right_u_turn,513.12,11,9.0
1794,1298042,-0.0054,-0.0029,0.9633,-0.4375,-0.35,-1.1812,1000.6492,right_u_turn,513.18,11,9.06
1795,1298102,-0.0422,0.0508,0.9953,1.225,-0.1575,-1.1375,1000.6499,right_u_turn,513.24,11,9.12
1796,1298162,-0.0077,0.0383,1.0685,1.0063,0.1312,-0.9275,1000.6416,right_u_turn,513.3,11,9.18
1797,1298222,-0.0056,0.0739,1.0741,-0.42,-0.665,-1.19,1000.6492,right_u_turn,513.36,11,9.24
1798,1298282,-0.0356,0.0573,1.0446,-0.1312,0.8225,-1.365,1000.644,right_u_turn,513.42,11,9.3
1799,1298342,-0.0051,0.0412,1.0021,0.2013,0.77,-1.1638,1000.6567,right_u_turn,513.48,11,9.36
1800,1298402,-0.0206,-0.0291,1.0041,0.1838,0.1575,-1.2337,1000.6489,right_u_turn,513.54,11,9.42
1801,1298462,-0.0308,0.0273,1.0363,1.3825,-0.2713,-0.7,1000.6414,right_u_turn,513.6,11,9.48
1802,1298522,-0.0093,0.0327,1.0056,0.4112,0.5688,-0.49,1000.646,right_u_turn,513.66,11,9.54
1803,1298582,0.0115,0.0166,1.046,0.0525,-0.2975,-0.0875,1000.6631,right_u_turn,513.72,11,9.6
1804,1298642,-0.0514,0.0393,1.0065,0.3762,-0.5337,-0.0088,1000.657,right_u_turn,513.78,11,9.66
1805,1298702,-0.0398,-0.0095,0.9442,0.6125,-0.9538,-0.1488,1000.6504,right_u_turn,513.84,11,9.72
1806,1298762,-0.0147,0.0248,1.0338,-0.1838,-0.42,-0.0875,1000.6467,right_u_turn,513.9,11,9.78
1807,1298822,-0.0467,0.0506,1.0367,0.4112,1.1725,-0.0175,1000.6497,right_u_turn,513.96,11,9.84
1808,1298882,-0.0637,-0.0081,0.9046,-0.6388,-0.3325,-0.14,1000.6414,right_u_turn,514.02,11,9.9
1809,1298942,-0.0618,0.0085,0.9845,0.7175,-0.5512,0.0437,1000.6382,right_u_turn,514.08,11,9.96
1810,1307522,0.0781,0.0501,0.9579,0.5688,-1.1025,0.1925,1000.6677,right_u_turn,522.66,12,0.0
1811,1307582,0.0251,0.0093,0.9758,1.155,0.5863,-0.3587,1000.6702,right_u_turn,522.72,12,0.06
1812,1307642,0.0388,-0.0756,0.8886,0.735,-1.05,-0.77,1000.6616,right_u_turn,522.78,12,0.12
1813,1307702,0.0958,0.0398,1.0782,1.4525,-0.8225,-0.6388,1000.6697,right_u_turn,522.84,12,0.18
1814,1307762,0.0586,0.0747,1.0116,0.8487,0.6913,-0.1575,1000.6692,right_u_turn,522.9,12,0.24
1815,1307822,0.0709,-0.0113,0.9589,1.1375,-0.8138,-0.6388,1000.6763,right_u_turn,522.96,12,0.3
1816,1307882,0.0505,0.0334,0.9394,-0.6562,-1.3212,-1.0938,1000.6794,right_u_turn,523.02,12,0.36
1817,1307942,0.0554,0.0329,1.0036,0.3413,-0.245,-0.945,1000.6807,right_u_turn,523.08,12,0.42
1818,1308002,0.0625,0.0102,1.0939,0.9975,1.1375,-1.2775,1000.6748,right_u_turn,523.14,12,0.48
1819,1308062,0.0942,0.0632,0.9878,-0.4725,0.9712,-1.6363,1000.6726,right_u_turn,523.2,12,0.54
1820,1308122,0.0932,0.0354,1.0995,0.8575,1.6712,-1.9075,1000.6758,right_u_turn,523.26,12,0.6
1821,1308182,0.0534,0.0366,1.0255,0.2362,0.07,-2.7125,1000.686,right_u_turn,523.32,12,0.66
1822,1308242,0.049,0.0461,0.974,1.5925,0.5163,-3.0187,1000.6934,right_u_turn,523.38,12,0.72
1823,1308302,0.0644,0.0893,0.9992,1.015,0.5863,-3.5438,1000.6885,right_u_turn,523.44,12,0.78
1824,1308362,0.0798,0.1085,0.9842,0.9975,-0.7875,-3.9813,1000.6946,right_u_turn,523.5,12,0.84
1825,1308422,0.0628,0.0575,0.9453,-0.8138,-0.735,-4.7512,1000.6978,right_u_turn,523.56,12,0.9
1826,1308482,0.0392,0.0594,0.9482,0.8838,0.9275,-5.2063,1000.6877,right_u_turn,523.62,12,0.96
1827,1308542,0.0971,0.0878,1.0831,1.5838,-1.1638,-5.9587,1000.6926,right_u_turn,523.68,12,1.02
1828,1308602,0.0698,0.1435,1.015,0.7175,0.2625,-6.4488,1000.7039,right_u_turn,523.74,12,1.08
1829,1308662,0.0322,0.0602,0.9706,0.2275,-0.2713,-6.475,1000.7075,right_u_turn,523.8,12,1.14
1830,1308722,0.0913,0.0717,1.0548,0.8313,0.9887,-6.9212,1000.7129,right_u_turn,523.86,12,1.2
1831,1308782,0.0801,0.0942,0.9584,0.455,-0.8838,-8.0675,1000.7097,right_u_turn,523.92,12,1.26
1832,1308842,0.0683,0.1084,1.0114,0.1225,0.175,-8.68,1000.7141,right_u_turn,523.98,12,1.32
1833,1308902,0.0457,0.112,0.9584,1.4262,0.2537,-9.66,1000.7053,right_u_turn,524.04,12,1.38
1834,1308962,0.0875,0.1276,1.0619,1.6625,-1.1287,-10.0013,1000.7068,right_u_turn,524.1,12,1.44
1835,1309022,0.0645,0.1686,0.9794,1.26,-0.42,-10.9462,1000.707,right_u_turn,524.16,12,1.5
1836,1309082,0.0337,0.1216,0.8864,1.3388,-1.365,-12.0837,1000.7017,right_u_turn,524.22,12,1.56
1837,1309142,0.0807,0.0942,1.0673,1.2775,0.595,-12.4513,1000.6978,right_u_turn,524.28,12,1.62
1838,1309202,0.0486,0.1823,0.9885,1.6712,0.8575,-13.615,1000.6809,right_u_turn,524.34,12,1.68
1839,1309262,0.0404,0.1762,0.9813,1.0675,-0.6037,-15.3912,1000.6997,right_u_turn,524.4,12,1.74
1840,1309322,0.0897,0.1868,1.0468,0.6212,-0.21,-15.855,1000.7039,right_u_turn,524.46,12,1.8
1841,1309382,0.0411,0.1964,0.964,1.1988,-1.2775,-17.2288,1000.7068,right_u_turn,524.52,12,1.86
1842,1309442,0.0856,0.1652,0.9884,-0.1138,-0.35,-17.6838,1000.7034,right_u_turn,524.58,12,1.92
1843,1309502,0.0683,0.2743,1.0648,1.3212,0.245,-18.305,1000.7019,right_u_turn,524.64,12,1.98
1844,1309562,0.0418,0.2293,1.0116,1.68,-0.2013,-19.0225,1000.7048,right_u_turn,524.7,12,2.04
1845,1309622,0.0346,0.1222,1.0197,1.2425,0.1838,-19.7138,1000.7097,right_u_turn,524.76,12,2.1
1846,1309682,0.1,0.1774,1.0407,0.6125,-0.6475,-20.6938,1000.7195,right_u_turn,524.82,12,2.16
1847,1309742,0.0501,0.1917,0.9601,1.5225,-0.7437,-20.475,1000.698,right_u_turn,524.88,12,2.22
1848,1309802,0.0847,0.1881,0.9927,0.6913,-0.5512,-21.1838,1000.7024,right_u_turn,524.94,12,2.28
1849,1309862,0.0413,0.2491,1.0345,1.0938,-1.5838,-22.4438,1000.697,right_u_turn,525.0,12,2.34
1850,1309922,0.0402,0.2455,0.9648,0.0088,2.3012,-22.3563,1000.7075,right_u_turn,525.06,12,2.4
1851,1309982,0.079,0.1648,1.0011,1.4175,0.5425,-23.1262,1000.6912,right_u_turn,525.12,12,2.46
1852,1310042,0.0613,0.2284,0.9855,0.3938,-0.315,-24.1063,1000.699,right_u_turn,525.18,12,2.52
1853,1310102,0.0681,0.2321,1.0341,1.5488,-0.035,-24.5175,1000.6975,right_u_turn,525.24,12,2.58
1854,1310162,0.05,0.2206,0.9431,1.0762,-0.7962,-25.5413,1000.7087,right_u_turn,525.3,12,2.64
1855,1310222,0.0612,0.2439,1.0457,0.9887,-1.6712,-26.3463,1000.7136,right_u_turn,525.36,12,2.7
1856,1310282,0.0558,0.2308,0.9983,2.135,-0.2887,-26.8625,1000.7065,right_u_turn,525.42,12,2.76
1857,1310342,0.0669,0.2394,0.9531,-0.2887,-1.6275,-27.4137,1000.7061,right_u_turn,525.48,12,2.82
1858,1310402,0.0273,0.2152,0.937,-1.5137,-0.3587,-27.965,1000.7168,right_u_turn,525.54,12,2.88
1859,1310462,0.0902,0.2989,1.0487,-0.2013,-1.33,-28.7525,1000.7053,right_u_turn,525.6,12,2.94
1860,1310522,0.0944,0.2786,0.9966,-0.9975,1.435,-29.26,1000.7097,right_u_turn,525.66,12,3.0
1861,1310582,0.0942,0.2633,1.0243,-0.7525,-1.155,-29.5487,1000.6909,right_u_turn,525.72,12,3.06
1862,1310642,0.0817,0.2577,0.9584,-0.3063,0.2975,-30.6338,1000.7004,right_u_turn,525.78,12,3.12
1863,1310702,0.0389,0.2789,1.0051,1.9688,-0.4638,-31.8237,1000.6919,right_u_turn,525.84,12,3.18
1864,1310762,0.0701,0.264,0.9875,1.4963,-0.35,-31.4212,1000.6938,right_u_turn,525.9,12,3.24
1865,1310822,0.0778,0.1891,1.0415,1.68,1.0237,-31.5438,1000.6921,right_u_turn,525.96,12,3.3
1866,1310882,0.0977,0.2059,0.9833,0.2275,-0.91,-31.5788,1000.6912,right_u_turn,526.02,12,3.36
1867,1310942,0.1196,0.291,1.0421,0.4812,-3.6312,-32.2,1000.6982,right_u_turn,526.08,12,3.42
1868,1311002,0.0447,0.301,0.9404,0.805,-0.42,-32.1037,1000.7043,right_u_turn,526.14,12,3.48
1869,1311062,0.1179,0.2843,0.9958,-1.085,0.4288,-32.3838,1000.6946,right_u_turn,526.2,12,3.54
1870,1311122,0.0561,0.2611,0.9835,0.3675,-1.8112,-32.795,1000.699,right_u_turn,526.26,12,3.6
1871,1311182,0.1574,0.2118,1.0516,0.8925,0.6475,-33.1538,1000.7012,right_u_turn,526.32,12,3.66
1872,1311242,0.1352,0.2338,0.9814,0.735,-0.9975,-32.8213,1000.6948,right_u_turn,526.38,12,3.72
1873,1311302,0.102,0.2976,1.0906,2.3012,2.2487,-33.4075,1000.6948,right_u_turn,526.44,12,3.78
1874,1311362,0.1133,0.3038,1.0358,-0.315,2.03,-33.1975,1000.6948,right_u_turn,526.5,12,3.84
1875,1311422,0.0838,0.2133,0.9762,-2.4938,-1.2687,-32.7163,1000.6951,right_u_turn,526.56,12,3.9
1876,1311482,0.0817,0.2699,0.9892,-1.12,0.525,-32.3838,1000.7,right_u_turn,526.62,12,3.96
1877,1311542,0.0859,0.1671,0.894,-1.12,-2.8963,-32.9787,1000.7017,right_u_turn,526.68,12,4.02
1878,1311602,0.0618,0.2414,1.1167,1.0063,-0.3325,-32.9263,1000.7007,right_u_turn,526.74,12,4.08
1879,1311662,0.0446,0.2017,0.9623,0.5688,-3.6225,-33.3025,1000.7053,right_u_turn,526.8,12,4.14
1880,1311722,-0.021,0.2099,1.0134,3.2812,-2.3187,-32.9963,1000.6904,right_u_turn,526.86,12,4.2
1881,1311782,0.0083,0.2586,1.0116,1.6363,0.2975,-32.2962,1000.7041,right_u_turn,526.92,12,4.26
1882,1311842,-0.0437,0.2669,1.0083,4.5237,-4.795,-32.5588,1000.7131,right_u_turn,526.98,12,4.32
1883,1311902,0.0429,0.2317,0.9897,0.595,-3.1325,-31.7975,1000.7092,right_u_turn,527.04,12,4.38
1884,1311962,-0.0243,0.2313,1.0019,1.0675,-1.4,-32.0425,1000.6985,right_u_turn,527.1,12,4.44
1885,1312022,-0.0024,0.2112,0.9728,2.135,-1.5488,-31.9988,1000.6951,right_u_turn,527.16,12,4.5
1886,1312082,0.0615,0.2863,1.0393,-2.4675,-1.96,-32.095,1000.7114,right_u_turn,527.22,12,4.56
1887,1312142,0.0825,0.2084,1.0336,-2.45,-2.9925,-31.3775,1000.6987,right_u_turn,527.28,12,4.62
1888,1312202,0.0079,0.2269,0.8935,-0.3587,-0.5075,-31.4825,1000.699,right_u_turn,527.34,12,4.68
1889,1312262,0.0298,0.1574,0.9013,-0.175,-1.1113,-31.7275,1000.6985,right_u_turn,527.4,12,4.74
1890,1312322,0.0708,0.2242,1.1178,-0.1838,1.1638,-31.5263,1000.6882,right_u_turn,527.46,12,4.8
1891,1312382,0.0342,0.2535,0.9829,1.1375,0.175,-31.955,1000.6929,right_u_turn,527.52,12,4.86
1892,1312442,-0.0032,0.1868,0.9604,0.5075,0.525,-30.7738,1000.6929,right_u_turn,527.58,12,4.92
1893,1312502,-0.0196,0.2241,0.8935,-0.1488,-0.0962,-30.7125,1000.7034,right_u_turn,527.64,12,4.98
1894,1312562,0.0053,0.2261,0.9833,-0.8662,0.5163,-30.2488,1000.6931,right_u_turn,527.7,12,5.04
1895,1312622,0.0412,0.2135,1.0487,0.4025,-1.75,-30.065,1000.6956,right_u_turn,527.76,12,5.1
1896,1312682,0.0603,0.215,1.0512,0.455,0.2188,-30.1087,1000.6895,right_u_turn,527.82,12,5.16
1897,1312742,0.0437,0.213,1.0386,1.2862,-2.1263,-29.4438,1000.6846,right_u_turn,527.88,12,5.22
1898,1312802,0.081,0.2715,1.0959,0.2188,-1.9075,-29.3125,1000.7034,right_u_turn,527.94,12,5.28
1899,1312862,0.0,0.2425,1.0168,0.5337,1.015,-28.91,1000.6887,right_u_turn,528.0,12,5.34
1900,1312922,0.0017,0.1823,0.9784,-0.0262,-0.8313,-28.91,1000.6882,right_u_turn,528.06,12,5.4
1901,1312982,0.0504,0.1989,1.082,-0.9887,0.5425,-28.2887,1000.6858,right_u_turn,528.12,12,5.46
1902,1313042,0.0191,0.235,1.0631,1.3913,-1.19,-28.9713,1000.6814,right_u_turn,528.18,12,5.52
1903,1313102,0.0239,0.1684,1.0065,1.82,-1.7763,-28.84,1000.6824,right_u_turn,528.24,12,5.58
1904,1313162,0.0037,0.2489,0.9833,1.645,0.0,-28.7612,1000.6919,right_u_turn,528.3,12,5.64
1905,1313222,-0.0282,0.1566,0.8593,1.7938,0.7875,-28.8312,1000.6946,right_u_turn,528.36,12,5.7
1906,1313282,-0.0368,0.2038,0.9317,1.5137,-0.5163,-28.7525,1000.6868,right_u_turn,528.42,12,5.76
1907,1313342,0.0008,0.1864,0.9193,0.7088,-0.98,-28.6562,1000.6719,right_u_turn,528.48,12,5.82
1908,1313402,0.0168,0.2031,0.9728,0.4025,-0.9887,-28.6912,1000.667,right_u_turn,528.54,12,5.88
1909,1313462,0.0996,0.1869,1.0594,-3.8675,-0.3237,-27.79,1000.6731,right_u_turn,528.6,12,5.94
1910,1313522,-0.0415,0.3672,1.0885,-0.3325,1.4787,-28.2887,1000.6697,right_u_turn,528.66,12,6.0
1911,1313582,-0.033,0.2219,0.9987,0.3063,0.1488,-29.995,1000.6697,right_u_turn,528.72,12,6.06
1912,1313642,-0.0332,0.1352,0.9899,0.8487,-0.6212,-29.4175,1000.6433,right_u_turn,528.78,12,6.12
1913,1313702,-0.0061,0.2672,0.9499,1.295,-1.5662,-29.8638,1000.635,right_u_turn,528.84,12,6.18
1914,1313762,0.022,0.2369,0.9872,0.805,-1.68,-29.6012,1000.6445,right_u_turn,528.9,12,6.24
1915,1313822,0.0088,0.2147,1.028,1.5312,-0.9275,-29.3738,1000.6377,right_u_turn,528.96,12,6.3
1916,1313882,-0.0005,0.2404,0.9983,1.2337,-0.3325,-29.47,1000.6538,right_u_turn,529.02,12,6.36
1917,1313942,0.049,0.2786,1.0153,0.2537,-0.0875,-29.4525,1000.6575,right_u_turn,529.08,12,6.42
1918,1314002,-0.0447,0.2611,0.916,-0.595,-1.4,-29.925,1000.6475,right_u_turn,529.14,12,6.48
1919,1314062,-0.0109,0.2494,1.0919,-0.175,-2.7037,-30.5112,1000.6301,right_u_turn,529.2,12,6.54
1920,1314122,0.0512,0.2674,1.0694,-0.2362,1.2075,-30.1262,1000.6431,right_u_turn,529.26,12,6.6
1921,1314182,-0.0326,0.2432,0.9662,-2.1263,-3.7887,-30.135,1000.6128,right_u_turn,529.32,12,6.66
1922,1314242,-0.047,0.2769,0.9533,-0.6475,1.7763,-30.0212,1000.625,right_u_turn,529.38,12,6.72
1923,1314302,-0.0115,0.1854,0.9355,-0.6913,0.8662,-30.0825,1000.6326,right_u_turn,529.44,12,6.78
1924,1314362,-0.0332,0.1541,0.8679,0.1838,-0.105,-29.0413,1000.614,right_u_turn,529.5,12,6.84
1925,1314422,0.0017,0.2363,1.0081,1.4963,-1.1375,-28.21,1000.6338,right_u_turn,529.56,12,6.9
1926,1314482,-0.0479,0.2791,1.0624,0.1488,1.9863,-27.9387,1000.6196,right_u_turn,529.62,12,6.96
1927,1314542,-0.0046,0.2289,1.0494,-0.175,-0.14,-26.6087,1000.6233,right_u_turn,529.68,12,7.02
1928,1314602,-0.0273,0.2847,1.0577,1.1375,-1.645,-25.9,1000.6062,right_u_turn,529.74,12,7.08
1929,1314662,-0.0634,0.1826,0.9611,0.175,-0.6212,-25.1475,1000.6018,right_u_turn,529.8,12,7.14
1930,1314722,-0.0191,0.1731,0.8865,-0.5863,-1.505,-24.4387,1000.6055,right_u_turn,529.86,12,7.2
1931,1314782,-0.0385,0.2147,0.9662,-0.315,-1.2425,-23.52,1000.5996,right_u_turn,529.92,12,7.26
1932,1314842,0.0066,0.2514,1.1107,-0.3325,1.435,-22.7675,1000.6057,right_u_turn,529.98,12,7.32
1933,1314902,-0.0544,0.1621,0.9397,0.4725,-0.28,-22.54,1000.6113,right_u_turn,530.04,12,7.38
1934,1314962,0.0195,0.2379,1.0712,1.0325,-1.4262,-21.6825,1000.594,right_u_turn,530.1,12,7.44
1935,1315022,-0.0156,0.1939,1.0121,0.2275,-0.77,-20.6763,1000.5986,right_u_turn,530.16,12,7.5
1936,1315082,-0.0371,0.1967,0.9816,-2.3712,-2.1613,-19.7663,1000.5935,right_u_turn,530.22,12,7.56
1937,1315142,-0.009,0.1352,1.0175,-0.98,-2.3625,-18.165,1000.5801,right_u_turn,530.28,12,7.62
1938,1315202,-0.021,0.1789,1.0313,0.2713,-0.0175,-17.5263,1000.5957,right_u_turn,530.34,12,7.68
1939,1315262,-0.0678,0.0947,0.9135,1.7938,-0.175,-16.4587,1000.5894,right_u_turn,530.4,12,7.74
1940,1315322,-0.061,0.098,0.875,-0.2275,-0.7175,-14.3325,1000.5771,right_u_turn,530.46,12,7.8
1941,1315382,-0.0483,0.1188,1.0377,-0.4812,1.7062,-12.7575,1000.5698,right_u_turn,530.52,12,7.86
1942,1315442,0.0195,0.0862,1.0516,0.4375,-0.2275,-10.9462,1000.575,right_u_turn,530.58,12,7.92
1943,1315502,-0.0608,0.0587,0.8837,-0.945,0.5688,-10.1237,1000.5798,right_u_turn,530.64,12,7.98
1944,1315562,-0.0864,0.0063,0.9348,-1.82,0.9362,-9.0037,1000.5654,right_u_turn,530.7,12,8.04
1945,1315622,-0.0566,0.075,0.9243,-1.8112,0.5512,-6.8075,1000.5635,right_u_turn,530.76,12,8.1
1946,1315682,-0.0661,0.0329,1.0052,-1.4438,0.7875,-5.6962,1000.5708,right_u_turn,530.82,12,8.16
1947,1315742,-0.0464,0.0291,1.0368,-0.7437,1.1025,-4.6025,1000.5767,right_u_turn,530.88,12,8.22
1948,1315802,-0.0096,-0.0178,1.0352,0.8575,0.4812,-3.8675,1000.5691,right_u_turn,530.94,12,8.28
1949,1315862,-0.0337,-0.0227,0.9556,0.9975,-1.68,-2.7475,1000.5793,right_u_turn,531.0,12,8.34
1950,1315922,-0.0515,0.0571,0.9196,0.7875,0.5337,-2.4325,1000.5793,right_u_turn,531.06,12,8.4
1951,1315982,-0.054,0.0501,0.9933,1.5662,0.4462,-2.1175,1000.5964,right_u_turn,531.12,12,8.46
1952,1316042,-0.0542,0.0424,1.0211,0.4812,0.0437,-1.8375,1000.5618,right_u_turn,531.18,12,8.52
1953,1316102,-0.0642,0.0663,0.925,0.9975,-1.0675,-1.4088,1000.561,right_u_turn,531.24,12,8.58
1954,1316162,0.0005,0.0997,1.0865,0.3762,0.4462,-1.89,1000.561,right_u_turn,531.3,12,8.64
1955,1316222,-0.0219,0.0061,0.9841,-0.6913,0.6388,-2.1525,1000.5713,right_u_turn,531.36,12,8.7
1956,1316282,-0.0724,0.0583,1.0148,1.7763,1.6975,-2.1875,1000.5754,right_u_turn,531.42,12,8.76
1957,1316342,-0.0706,-0.002,0.9741,0.3762,1.4088,-1.9425,1000.5745,right_u_turn,531.48,12,8.82
1958,1316402,-0.0444,0.0174,0.9299,0.6737,0.3325,-1.505,1000.5574,right_u_turn,531.54,12,8.88
1959,1316462,-0.0107,0.0296,0.9978,-0.4462,-0.105,-1.715,1000.5759,right_u_turn,531.6,12,8.94
1960,1316522,-0.0386,0.0122,0.993,0.4288,-0.2275,-1.0588,1000.571,right_u_turn,531.66,12,9.0
1961,1316582,-0.0279,0.1114,0.9679,-0.6825,-1.8987,-1.715,1000.5569,right_u_turn,531.72,12,9.06
1962,1316642,-0.0576,-0.0154,1.0316,0.8487,-0.4462,-0.7962,1000.5625,right_u_turn,531.78,12,9.12
1963,1316702,-0.0612,0.0944,0.9658,0.4812,-2.205,-0.7875,1000.5591,right_u_turn,531.84,12,9.18
1964,1316762,0.0026,-0.003,1.0407,0.9362,0.2275,-0.735,1000.5601,right_u_turn,531.9,12,9.24
1965,1316822,-0.0285,-0.0256,0.9517,-1.1812,-1.4787,-1.0237,1000.5579,right_u_turn,531.96,12,9.3
1966,1316882,-0.0505,0.0553,1.1114,0.4725,0.98,-0.35,1000.5469,right_u_turn,532.02,12,9.36
1967,1316942,-0.0429,0.0281,0.9257,0.9538,-2.5988,-0.385,1000.5432,right_u_turn,532.08,12,9.42
1968,1317002,-0.0319,0.0537,0.9814,1.155,-1.1725,-0.4375,1000.561,right_u_turn,532.14,12,9.48
1969,1317062,-0.0332,0.0203,0.918,0.4462,-0.14,-0.2713,1000.5461,right_u_turn,532.2,12,9.54
1970,1317122,-0.037,-0.0632,0.8979,-0.2887,-0.7437,0.0262,1000.5547,right_u_turn,532.26,12,9.6
1971,1324022,0.1161,0.0102,1.0626,-0.9712,2.9575,0.0525,1000.6121,right_u_turn,539.16,13,0.0
1972,1324082,0.0861,0.0113,0.956,-0.5688,2.6512,-0.5337,1000.6296,right_u_turn,539.22,13,0.06
1973,1324142,0.0589,0.0226,0.9108,0.9013,0.7525,-0.3762,1000.6138,right_u_turn,539.28,13,0.12
1974,1324202,0.0613,-0.0118,1.0038,2.625,2.7562,-0.455,1000.6086,right_u_turn,539.34,13,0.18
1975,1324262,0.0234,0.0137,0.8647,-0.1663,-0.4988,-1.0063,1000.6172,right_u_turn,539.4,13,0.24
1976,1324322,-0.0112,0.0254,0.9046,1.0675,0.6913,-1.015,1000.615,right_u_turn,539.46,13,0.3
1977,1324382,0.0109,0.0051,1.0946,0.2362,-0.0962,-1.575,1000.6172,right_u_turn,539.52,13,0.36
1978,1324442,0.093,0.0436,0.937,-1.925,-3.0363,-2.135,1000.6118,right_u_turn,539.58,13,0.42
1979,1324502,0.115,0.0392,0.9994,0.3587,-3.1588,-2.24,1000.6321,right_u_turn,539.64,13,0.48
1980,1324562,0.0849,0.018,1.0588,0.5163,-0.6125,-2.9313,1000.6206,right_u_turn,539.7,13,0.54
1981,1324622,0.09,0.0751,0.9435,-0.5512,-3.1412,-4.1825,1000.6299,right_u_turn,539.76,13,0.6
1982,1324682,0.0429,0.0612,0.9755,0.665,-1.3737,-4.935,1000.6223,right_u_turn,539.82,13,0.66
1983,1324742,0.0739,0.1713,0.9977,2.7125,-2.275,-5.6962,1000.6382,right_u_turn,539.88,13,0.72
1984,1324802,0.0517,0.0917,0.8936,1.715,-2.6775,-7.3762,1000.636,right_u_turn,539.94,13,0.78
1985,1324862,0.0912,0.1911,1.0087,2.3888,1.5838,-8.8813,1000.6277,right_u_turn,540.0,13,0.84
1986,1324922,0.049,0.2341,0.97,0.1575,0.8225,-10.22,1000.6272,right_u_turn,540.06,13,0.9
1987,1324982,0.0939,0.1225,1.0263,1.4,2.3625,-10.92,1000.6421,right_u_turn,540.12,13,0.96
1988,1325042,0.1074,0.1288,0.974,-0.4988,1.715,-12.5387,1000.6404,right_u_turn,540.18,13,1.02
1989,1325102,0.0772,0.2025,1.0273,-0.5075,1.0938,-12.8975,1000.644,right_u_turn,540.24,13,1.08
1990,1325162,0.0811,0.1337,0.9964,0.035,1.785,-13.335,1000.6331,right_u_turn,540.3,13,1.14
1991,1325222,0.0928,0.113,1.0221,-0.21,-2.0738,-14.28,1000.637,right_u_turn,540.36,13,1.2
1992,1325282,0.0428,0.2081,0.9774,0.4025,-0.455,-14.5425,1000.6431,right_u_turn,540.42,13,1.26
1993,1325342,0.0676,0.1086,0.9401,0.6212,0.9975,-14.7,1000.6531,right_u_turn,540.48,13,1.32
1994,1325402,0.1372,0.1259,1.0665,0.8225,0.7962,-14.7612,1000.6396,right_u_turn,540.54,13,1.38
1995,1325462,0.0683,0.1683,0.9503,-0.35,0.0613,-15.3912,1000.6484,right_u_turn,540.6,13,1.44
1996,1325522,0.0791,0.2176,0.9663,1.1113,0.035,-16.4675,1000.6353,right_u_turn,540.66,13,1.5
1997,1325582,0.1071,0.2091,0.9977,-0.14,-2.135,-16.9837,1000.635,right_u_turn,540.72,13,1.56
1998,1325642,0.03,0.1923,0.9216,0.8925,-0.9187,-17.4912,1000.6462,right_u_turn,540.78,13,1.62
1999,1325702,0.0012,0.2123,0.9404,2.3275,0.1838,-17.3337,1000.635,right_u_turn,540.84,13,1.68
2000,1325762,0.0488,0.2424,0.9457,-2.625,-1.925,-17.5263,1000.6406,right_u_turn,540.9,13,1.74
2001,1325822,0.099,0.1642,1.0812,-2.0563,-1.2075,-17.5088,1000.6499,right_u_turn,540.96,13,1.8
2002,1325882,0.0517,0.1901,1.047,-0.9975,-1.8025,-17.4737,1000.6506,right_u_turn,541.02,13,1.86
2003,1325942,0.0547,0.2089,1.0543,-0.77,0.7613,-18.41,1000.6604,right_u_turn,541.08,13,1.92
2004,1326002,-0.0711,0.1628,0.8964,1.3212,0.2275,-20.6763,1000.6648,right_u_turn,541.14,13,1.98
2005,1326062,0.0215,0.2018,1.0921,2.3975,2.5287,-20.7375,1000.6523,right_u_turn,541.2,13,2.04
2006,1326122,0.0952,0.2074,1.0362,1.505,-0.9362,-21.4287,1000.6609,right_u_turn,541.26,13,2.1
2007,1326182,0.063,0.2196,0.9655,0.1575,-0.2887,-21.7087,1000.6567,right_u_turn,541.32,13,2.16
2008,1326242,0.1388,0.2258,0.9439,0.6913,0.525,-22.435,1000.6428,right_u_turn,541.38,13,2.22
2009,1326302,0.0415,0.2971,0.9718,0.7875,-1.5838,-23.3888,1000.6411,right_u_turn,541.44,13,2.28
2010,1326362,0.0471,0.2674,0.9607,1.0675,1.9425,-25.2787,1000.6477,right_u_turn,541.5,13,2.34
2011,1326422,0.0544,0.2599,0.8849,1.1725,1.1463,-25.935,1000.6538,right_u_turn,541.56,13,2.4
2012,1326482,0.0672,0.2575,1.0746,-0.9712,0.77,-25.7075,1000.6582,right_u_turn,541.62,13,2.46
2013,1326542,0.0434,0.2194,0.9451,-2.7738,0.7,-25.9263,1000.6497,right_u_turn,541.68,13,2.52
2014,1326602,0.0788,0.1305,1.0046,-1.8987,-0.63,-26.1887,1000.6599,right_u_turn,541.74,13,2.58
2015,1326662,0.0473,0.2648,1.0172,-3.1412,0.3237,-25.7775,1000.6479,right_u_turn,541.8,13,2.64
2016,1326722,0.0803,0.2437,1.0424,0.14,-0.1663,-27.6763,1000.6519,right_u_turn,541.86,13,2.7
2017,1326782,0.0834,0.2921,0.998,0.91,-1.8463,-28.3325,1000.655,right_u_turn,541.92,13,2.76
2018,1326842,0.072,0.2345,0.9431,-0.385,-2.0038,-28.5513,1000.6433,right_u_turn,541.98,13,2.82
2019,1326902,0.0742,0.2438,1.0409,1.68,-0.9712,-28.3325,1000.6279,right_u_turn,542.04,13,2.88
2020,1326962,0.0839,0.232,1.021,0.6913,-2.0125,-28.6475,1000.6401,right_u_turn,542.1,13,2.94
2021,1327022,0.0664,0.223,0.9445,-1.2162,-1.7587,-28.6213,1000.6375,right_u_turn,542.16,13,3.0
2022,1327082,0.0801,0.2494,1.0366,-0.3413,-1.5137,-28.5163,1000.6365,right_u_turn,542.22,13,3.06
2023,1327142,0.0503,0.2502,0.9399,-1.2775,-1.5488,-29.2862,1000.6384,right_u_turn,542.28,13,3.12
2024,1327202,0.0747,0.2317,0.9535,-1.1988,-1.9512,-29.435,1000.6333,right_u_turn,542.34,13,3.18
2025,1327262,0.0969,0.243,1.023,1.26,-1.225,-29.5662,1000.6399,right_u_turn,542.4,13,3.24
2026,1327322,0.0878,0.212,1.0055,1.1287,-1.155,-29.7062,1000.6387,right_u_turn,542.46,13,3.3
2027,1327382,0.032,0.2698,0.9096,1.2075,-2.1263,-29.7412,1000.665,right_u_turn,542.52,13,3.36
2028,1327442,0.0705,0.2133,0.9589,1.5575,-0.5163,-29.6187,1000.6611,right_u_turn,542.58,13,3.42
2029,1327502,0.0766,0.2111,0.9962,1.1638,-1.47,-29.8375,1000.6523,right_u_turn,542.64,13,3.48
2030,1327562,0.0661,0.2621,0.9756,0.4462,-2.0387,-29.575,1000.6467,right_u_turn,542.7,13,3.54
2031,1327622,0.1052,0.2926,1.0289,-0.1575,-1.2337,-29.4963,1000.6519,right_u_turn,542.76,13,3.6
2032,1327682,0.0302,0.1688,0.8916,-0.7962,-1.1725,-30.1175,1000.6475,right_u_turn,542.82,13,3.66
2033,1327742,0.0625,0.242,0.9941,-0.56,-1.925,-30.2225,1000.6255,right_u_turn,542.88,13,3.72
2034,1327802,0.0307,0.2424,0.8974,0.35,-1.8025,-30.205,1000.6355,right_u_turn,542.94,13,3.78
2035,1327862,0.0719,0.2142,0.9531,-0.28,-0.9975,-30.205,1000.6543,right_u_turn,543.0,13,3.84
2036,1327922,0.093,0.2447,0.9706,-0.42,-1.2425,-30.0737,1000.6541,right_u_turn,543.06,13,3.9
2037,1327982,0.0561,0.2277,0.8816,-0.3325,-0.98,-29.9513,1000.6641,right_u_turn,543.12,13,3.96
2038,1328042,0.0388,0.2824,0.9869,1.0588,0.07,-30.03,1000.6555,right_u_turn,543.18,13,4.02
2039,1328102,0.0697,0.1954,1.0053,-0.525,0.3587,-29.89,1000.6624,right_u_turn,543.24,13,4.08
2040,1328162,0.0878,0.2636,1.037,-0.6737,-0.2713,-29.8638,1000.6597,right_u_turn,543.3,13,4.14
2041,1328222,0.0459,0.2548,0.9493,-0.2275,-0.7613,-29.7237,1000.6714,right_u_turn,543.36,13,4.2
2042,1328282,0.0325,0.1637,0.9423,-1.785,0.7088,-30.0737,1000.6709,right_u_turn,543.42,13,4.26
2043,1328342,0.0458,0.1922,0.9348,-0.2625,-2.3187,-29.7062,1000.666,right_u_turn,543.48,13,4.32
2044,1328402,0.0691,0.2586,0.9936,-1.2075,-1.3388,-29.6712,1000.666,right_u_turn,543.54,13,4.38
2045,1328462,0.0618,0.2487,1.0365,-0.035,0.2975,-29.7237,1000.6758,right_u_turn,543.6,13,4.44
2046,1328522,0.0574,0.2308,0.9753,-0.8138,-0.4638,-29.82,1000.6616,right_u_turn,543.66,13,4.5
2047,1328582,0.0841,0.2374,1.0041,-1.0237,-0.6913,-29.7763,1000.6687,right_u_turn,543.72,13,4.56
2048,1328642,0.0466,0.2179,0.9568,-1.8463,-1.3388,-30.0475,1000.6592,right_u_turn,543.78,13,4.62
2049,1328702,0.0581,0.2547,1.0095,-1.1638,-0.9538,-30.03,1000.6628,right_u_turn,543.84,13,4.68
2050,1328762,0.0732,0.2303,0.8943,-0.2975,-1.5575,-29.8025,1000.6716,right_u_turn,543.9,13,4.74
2051,1328822,0.0881,0.2384,0.9933,-1.0237,-2.1788,-29.68,1000.6631,right_u_turn,543.96,13,4.8
2052,1328882,0.109,0.2314,0.9599,-0.175,-0.5075,-29.5662,1000.6697,right_u_turn,544.02,13,4.86
2053,1328942,0.1049,0.217,0.962,-0.0175,-1.75,-29.365,1000.6753,right_u_turn,544.08,13,4.92
2054,1329002,0.0808,0.2757,0.9382,0.35,-1.6625,-29.7763,1000.6768,right_u_turn,544.14,13,4.98
2055,1329062,0.0817,0.2173,0.9457,0.4638,-1.4438,-30.1087,1000.6724,right_u_turn,544.2,13,5.04
2056,1329122,0.0146,0.2896,0.9523,1.3475,-0.4375,-30.6338,1000.6858,right_u_turn,544.26,13,5.1
2057,1329182,0.0324,0.2668,0.9667,0.7437,0.1575,-30.7738,1000.6733,right_u_turn,544.32,13,5.16
2058,1329242,0.0273,0.222,0.985,-0.4025,0.14,-31.4212,1000.6785,right_u_turn,544.38,13,5.22
2059,1329302,-0.0063,0.3057,0.9884,0.0787,-1.6363,-31.6138,1000.6729,right_u_turn,544.44,13,5.28
2060,1329362,0.0417,0.2552,0.9987,-0.0175,-1.1725,-31.045,1000.6719,right_u_turn,544.5,13,5.34
2061,1329422,0.0412,0.2347,0.998,-0.49,-1.2075,-31.0275,999.6194,right_u_turn,544.56,13,5.4
2062,1329482,0.0208,0.283,0.9892,1.4262,-0.4725,-31.57,999.5796,right_u_turn,544.62,13,5.46
2063,1329542,0.022,0.2438,0.9568,-0.8313,-1.33,-31.7362,999.7598,right_u_turn,544.68,13,5.52
2064,1329602,0.0325,0.2704,1.0307,0.2713,-3.0887,-31.6225,999.7827,right_u_turn,544.74,13,5.58
2065,1329662,-0.0115,0.288,0.934,-0.245,-1.8987,-31.8237,999.9551,right_u_turn,544.8,13,5.64
2066,1329722,0.0518,0.2076,1.0343,3.3512,-2.3888,-32.7163,1000.3037,right_u_turn,544.86,13,5.7
2067,1329782,0.0717,0.2253,1.1098,2.555,1.75,-32.3575,1000.5083,right_u_turn,544.92,13,5.76
2068,1329842,0.0046,0.3294,0.9358,1.0412,0.9975,-32.6463,1000.6296,right_u_turn,544.98,13,5.82
2069,1329902,0.02,0.2306,0.9894,2.625,-1.1375,-32.4012,1000.6204,right_u_turn,545.04,13,5.88
2070,1329962,0.0273,0.2901,0.9948,2.1962,0.4462,-32.62,1000.6643,right_u_turn,545.1,13,5.94
2071,1330022,-0.0035,0.2289,0.916,2.4588,1.085,-32.8737,1000.6785,right_u_turn,545.16,13,6.0
2072,1330082,0.0441,0.2943,0.9989,1.2775,-1.4175,-33.1625,1000.6897,right_u_turn,545.22,13,6.06
2073,1330142,0.0842,0.3003,1.0011,2.065,-1.6187,-32.8737,1000.7068,right_u_turn,545.28,13,6.12
2074,1330202,0.0285,0.2779,1.0116,2.17,0.1663,-33.0575,1000.7175,right_u_turn,545.34,13,6.18
2075,1330262,0.0659,0.3304,0.9831,0.6037,-1.0588,-33.1888,1000.7104,right_u_turn,545.4,13,6.24
2076,1330322,0.0702,0.3465,1.0307,-1.8112,-1.2075,-31.8412,1000.7236,right_u_turn,545.46,13,6.3
2077,1330382,0.0242,0.2542,1.0632,-2.9838,1.5575,-32.1912,1000.7378,right_u_turn,545.52,13,6.36
2078,1330442,0.0676,0.2591,1.0538,-1.9688,-2.38,-32.55,1000.7241,right_u_turn,545.58,13,6.42
2079,1330502,0.0808,0.2726,0.9663,-3.64,-3.815,-32.4888,1000.7207,right_u_turn,545.64,13,6.48
2080,1330562,-0.0049,0.2838,1.0834,-2.03,0.455,-32.3488,1000.7266,right_u_turn,545.7,13,6.54
2081,1330622,0.0263,0.2516,0.9287,-2.3625,-3.0275,-31.9463,1000.7288,right_u_turn,545.76,13,6.6
2082,1330682,-0.0368,0.1996,0.983,-0.3675,-1.19,-31.3862,1000.7256,right_u_turn,545.82,13,6.66
2083,1330742,-0.0744,0.1825,0.9414,0.3063,0.4812,-30.4325,1000.7229,right_u_turn,545.88,13,6.72
2084,1330802,-0.0866,0.1807,0.8763,1.5312,2.1,-29.2687,1000.7358,right_u_turn,545.94,13,6.78
2085,1330862,-0.0851,0.2148,0.9665,0.07,-2.3975,-27.8775,1000.7395,right_u_turn,546.0,13,6.84
2086,1330922,-0.0556,0.1912,1.0424,-0.0962,0.2362,-25.8738,1000.7354,right_u_turn,546.06,13,6.9
2087,1330982,-0.0666,0.194,0.9211,-1.8288,-1.925,-24.5788,1000.7322,right_u_turn,546.12,13,6.96
2088,1331042,-0.031,0.1954,1.0432,-0.8225,-2.4062,-22.9338,1000.7129,right_u_turn,546.18,13,7.02
2089,1331102,-0.0368,0.1239,1.0105,-1.6537,-0.6913,-21.98,1000.7124,right_u_turn,546.24,13,7.08
2090,1331162,-0.0583,0.1054,0.9855,0.0437,-0.245,-21.105,1000.7192,right_u_turn,546.3,13,7.14
2091,1331222,-0.0351,0.0952,0.9349,-2.24,-1.0675,-19.3463,1000.7166,right_u_turn,546.36,13,7.2
2092,1331282,-0.03,0.0944,1.0275,-0.49,-1.33,-17.36,1000.7319,right_u_turn,546.42,13,7.26
2093,1331342,-0.0343,0.1142,1.0431,0.9275,0.1575,-16.3363,1000.7383,right_u_turn,546.48,13,7.32
2094,1331402,-0.0506,0.0996,0.995,0.3938,-0.7088,-14.8837,1000.7249,right_u_turn,546.54,13,7.38
2095,1331462,-0.0393,0.1013,0.9499,-0.2275,-1.19,-13.86,1000.7231,right_u_turn,546.6,13,7.44
2096,1331522,-0.031,0.0978,1.0263,-0.525,-0.3063,-12.3988,1000.7061,right_u_turn,546.66,13,7.5
2097,1331582,-0.0353,0.0618,1.0383,0.3587,-0.6388,-10.92,1000.7239,right_u_turn,546.72,13,7.56
2098,1331642,-0.044,0.0491,0.9715,0.1838,-0.7437,-9.66,1000.7229,right_u_turn,546.78,13,7.62
2099,1331702,-0.0205,0.0978,1.0043,-0.6037,0.2713,-8.5138,1000.7158,right_u_turn,546.84,13,7.68
2100,1331762,-0.0045,0.0213,1.0688,0.455,1.2075,-7.7613,1000.7173,right_u_turn,546.9,13,7.74
2101,1331822,-0.0476,-0.0185,1.0109,0.6475,-1.5838,-6.755,1000.7175,right_u_turn,546.96,13,7.8
2102,1331882,-0.0323,0.0602,1.0325,0.6212,0.3938,-5.1712,1000.7075,right_u_turn,547.02,13,7.86
2103,1331942,-0.052,0.0429,1.0153,0.1488,-0.105,-4.6287,1000.7083,right_u_turn,547.08,13,7.92
2104,1332002,-0.089,0.0151,0.9125,0.5512,0.14,-4.1213,1000.7219,right_u_turn,547.14,13,7.98
2105,1332062,-0.0273,0.0739,1.0055,0.3237,-0.455,-3.5262,1000.7168,right_u_turn,547.2,13,8.04
2106,1332122,-0.0535,-0.0125,1.0367,0.035,-0.3587,-3.08,1000.7119,right_u_turn,547.26,13,8.1
2107,1332182,-0.0529,0.0468,0.9883,0.315,-0.91,-2.6688,1000.7048,right_u_turn,547.32,13,8.16
2108,1332242,-0.0429,0.0339,1.0333,0.7962,0.2625,-1.9688,1000.7014,right_u_turn,547.38,13,8.22
2109,1332302,-0.063,-0.0209,0.9748,-1.2075,-0.3938,-1.7938,1000.7117,right_u_turn,547.44,13,8.28
2110,1332362,-0.0432,-0.0101,0.9823,-1.2862,-0.7175,-1.085,1000.6975,right_u_turn,547.5,13,8.34
2111,1332422,-0.0395,0.0245,0.9738,1.2687,-0.8662,-0.8662,1000.6956,right_u_turn,547.56,13,8.4
2112,1332482,-0.0535,0.0234,1.0329,0.6913,0.35,-0.6475,1000.6956,right_u_turn,547.62,13,8.46
2113,1332542,-0.0363,0.0737,1.0365,1.82,0.42,-0.2887,1000.7039,right_u_turn,547.68,13,8.52
2114,1332602,-0.0478,0.0646,0.972,0.7962,1.1988,-0.3063,1000.7019,right_u_turn,547.74,13,8.58
2115,1332662,-0.096,0.0756,0.9978,0.7788,-0.6037,-0.6737,1000.697,right_u_turn,547.8,13,8.64
2116,1332722,-0.0775,-0.0419,0.9623,-0.0962,0.77,-0.2713,1000.6941,right_u_turn,547.86,13,8.7
2117,1332782,-0.0933,-0.0156,0.9936,0.6037,0.2887,-0.4112,1000.6772,right_u_turn,547.92,13,8.76
2118,1332842,-0.05,0.0466,0.9872,0.5512,-0.805,0.245,1000.6729,right_u_turn,547.98,13,8.82
2119,1339802,0.1313,-0.0226,1.0466,0.5425,-0.9013,0.0175,1000.6799,right_u_turn,554.94,14,0.0
2120,1339862,0.1272,0.0883,1.0368,1.0938,-1.47,-0.2013,1000.6978,right_u_turn,555.0,14,0.06
2121,1339922,0.1108,0.0859,0.9478,-0.5775,-1.6625,-0.5512,1000.7024,right_u_turn,555.06,14,0.12
2122,1339982,0.0806,-0.0531,0.907,-0.315,-1.225,-0.5425,1000.708,right_u_turn,555.12,14,0.18
2123,1340042,0.1603,-0.0071,1.0329,0.2537,-2.2313,-0.6212,1000.6958,right_u_turn,555.18,14,0.24
2124,1340102,0.1503,0.0701,1.0583,1.0762,0.1312,-0.77,1000.7178,right_u_turn,555.24,14,0.3
2125,1340162,0.1322,0.0405,0.9894,0.9187,-0.0962,-1.015,1000.7102,right_u_turn,555.3,14,0.36
2126,1340222,0.1152,0.0087,0.9962,-0.4288,0.3413,-1.1812,1000.6946,right_u_turn,555.36,14,0.42
2127,1340282,0.1366,0.0781,1.0497,2.03,1.2862,-1.3737,1000.7134,right_u_turn,555.42,14,0.48
2128,1340342,0.1245,-0.0048,1.0363,0.0613,-0.595,-2.0825,1000.7014,right_u_turn,555.48,14,0.54
2129,1340402,0.1167,0.0689,1.0393,0.5512,-0.2975,-2.0038,1000.7195,right_u_turn,555.54,14,0.6
2130,1340462,0.1828,0.0493,1.0903,0.4025,-0.9975,-2.8175,1000.6978,right_u_turn,555.6,14,0.66
2131,1340522,0.1318,0.0544,1.0075,0.5512,-0.5075,-2.905,1000.7126,right_u_turn,555.66,14,0.72
2132,1340582,0.1113,0.0901,1.038,1.3388,1.0588,-3.3775,1000.7234,right_u_turn,555.72,14,0.78
2133,1340642,0.1041,0.1061,1.0057,1.1287,0.42,-3.675,1000.7209,right_u_turn,555.78,14,0.84
2134,1340702,0.0304,0.0032,0.8879,-0.7262,-0.0787,-4.5413,1000.7161,right_u_turn,555.84,14,0.9
2135,1340762,0.0158,0.0581,0.9759,0.9362,1.155,-5.5475,1000.7151,right_u_turn,555.9,14,0.96
2136,1340822,0.0976,0.0624,0.9665,1.3737,0.8575,-6.3175,1000.7202,right_u_turn,555.96,14,1.02
2137,1340882,0.0817,0.1169,0.9428,1.1463,-0.7788,-6.8162,1000.7273,right_u_turn,556.02,14,1.08
2138,1340942,0.0719,0.1442,1.0758,1.9775,0.6475,-7.7613,1000.7302,right_u_turn,556.08,14,1.14
2139,1341002,0.0695,0.1708,0.996,0.9275,0.3938,-8.7238,1000.7217,right_u_turn,556.14,14,1.2
2140,1341062,0.0618,0.1624,0.9792,0.28,-0.5425,-9.4062,1000.7266,right_u_turn,556.2,14,1.26
2141,1341122,0.0672,0.1215,0.9228,-0.8838,-0.175,-10.5612,1000.7258,right_u_turn,556.26,14,1.32
2142,1341182,0.0968,0.1122,1.0468,1.225,0.6037,-11.5588,1000.7156,right_u_turn,556.32,14,1.38
2143,1341242,0.0866,0.164,1.0602,1.0412,-0.0962,-12.0575,1000.7104,right_u_turn,556.38,14,1.44
2144,1341302,0.0863,0.1886,1.0124,0.07,-0.8138,-12.32,1000.7083,right_u_turn,556.44,14,1.5
2145,1341362,0.0636,0.1183,0.9282,0.7613,-0.7525,-13.5712,1000.7144,right_u_turn,556.5,14,1.56
2146,1341422,0.0609,0.212,1.0251,2.6075,1.9338,-13.5363,1000.7102,right_u_turn,556.56,14,1.62
2147,1341482,0.0866,0.1875,0.956,1.295,-0.9362,-14.8138,1000.7131,right_u_turn,556.62,14,1.68
2148,1341542,0.0847,0.1916,1.0597,0.6388,-0.2275,-15.1375,1000.7087,right_u_turn,556.68,14,1.74
2149,1341602,0.0655,0.1594,0.9728,-0.07,0.5863,-15.9775,1000.7112,right_u_turn,556.74,14,1.8
2150,1341662,0.0808,0.1757,0.9374,0.63,0.245,-16.6688,1000.7188,right_u_turn,556.8,14,1.86
2151,1341722,0.0952,0.1859,1.0702,1.4088,0.49,-17.3512,1000.7107,right_u_turn,556.86,14,1.92
2152,1341782,0.0237,0.2115,0.9363,0.595,-0.945,-18.2262,1000.7073,right_u_turn,556.92,14,1.98
2153,1341842,0.083,0.1779,1.0266,-0.035,-0.2013,-18.655,1000.7107,right_u_turn,556.98,14,2.04
2154,1341902,0.042,0.2317,1.018,2.0038,0.385,-19.8625,1000.7102,right_u_turn,557.04,14,2.1
2155,1341962,0.0837,0.1764,1.0277,0.0962,0.5425,-20.405,1000.7083,right_u_turn,557.1,14,2.16
2156,1342022,0.1122,0.2054,1.0199,0.9275,0.21,-21.1575,1000.7144,right_u_turn,557.16,14,2.22
2157,1342082,0.0605,0.1813,0.9908,1.785,-0.3587,-21.9188,1000.7163,right_u_turn,557.22,14,2.28
2158,1342142,0.0246,0.232,0.9648,0.5337,0.6913,-22.7675,1000.7024,right_u_turn,557.28,14,2.34
2159,1342202,0.083,0.2338,1.0175,1.8375,-1.05,-23.0212,1000.7114,right_u_turn,557.34,14,2.4
2160,1342262,0.0451,0.1954,0.9563,0.35,-1.2337,-23.975,1000.7058,right_u_turn,557.4,14,2.46
2161,1342322,0.0068,0.2036,0.9418,2.1175,1.505,-24.57,1000.707,right_u_turn,557.46,14,2.52
2162,1342382,0.0719,0.2528,1.0387,1.1113,0.4112,-24.8937,1000.6982,right_u_turn,557.52,14,2.58
2163,1342442,0.0315,0.2052,0.9845,0.1925,-1.5662,-25.1737,1000.7034,right_u_turn,557.58,14,2.64
2164,1342502,-0.0142,0.2301,0.9897,-0.0875,0.35,-25.5063,1000.698,right_u_turn,557.64,14,2.7
2165,1342562,0.0608,0.2586,1.0277,0.4112,-1.8025,-26.67,1000.6929,right_u_turn,557.7,14,2.76
2166,1342622,0.062,0.2542,0.9842,-0.2537,-1.3475,-26.1275,1000.6985,right_u_turn,557.76,14,2.82
2167,1342682,0.0764,0.2765,1.0494,-0.0262,0.1312,-26.8975,1000.699,right_u_turn,557.82,14,2.88
2168,1342742,0.0095,0.2635,0.9896,-0.2887,-0.5863,-27.8687,1000.7017,right_u_turn,557.88,14,2.94
2169,1342802,0.1274,0.2559,1.1005,0.9362,-1.47,-27.6588,1000.6973,right_u_turn,557.94,14,3.0
2170,1342862,-0.0043,0.2181,0.8367,-0.3325,-0.5163,-28.63,1000.6904,right_u_turn,558.0,14,3.06
2171,1342922,0.0654,0.2797,1.0133,1.4088,-2.1875,-28.9975,1000.6934,right_u_turn,558.06,14,3.12
2172,1342982,-0.0134,0.2503,0.9484,2.31,1.12,-29.1287,1000.6958,right_u_turn,558.12,14,3.18
2173,1343042,0.1249,0.1485,1.0824,1.505,-1.6275,-28.8925,1000.6907,right_u_turn,558.18,14,3.24
2174,1343102,0.0632,0.2303,0.9957,0.14,-1.3913,-28.8312,1000.698,right_u_turn,558.24,14,3.3
2175,1343162,0.0861,0.326,1.1222,1.9075,0.3237,-29.6012,1000.7075,right_u_turn,558.3,14,3.36
2176,1343222,0.1291,0.3714,1.1287,-0.7088,0.2713,-30.3013,1000.7031,right_u_turn,558.36,14,3.42
2177,1343282,0.0759,0.2485,0.9638,-2.6337,-0.7962,-30.0387,1000.7124,right_u_turn,558.42,14,3.48
2178,1343342,0.047,0.1703,0.9772,0.8313,-0.4375,-29.995,1000.7014,right_u_turn,558.48,14,3.54
2179,1343402,0.0409,0.148,0.9374,-0.4812,1.295,-30.3363,1000.6914,right_u_turn,558.54,14,3.6
2180,1343462,0.104,0.3184,1.0189,2.8,0.21,-30.4412,1000.6968,right_u_turn,558.6,14,3.66
2181,1343522,0.0578,0.2578,0.9834,-0.9975,2.345,-30.5287,1000.6973,right_u_turn,558.66,14,3.72
2182,1343582,0.0056,0.3148,1.0605,-1.8375,1.8463,-31.22,1000.6951,right_u_turn,558.72,14,3.78
2183,1343642,0.0897,0.2327,0.9942,-4.4012,0.9187,-31.0625,1000.6921,right_u_turn,558.78,14,3.84
2184,1343702,0.0895,0.2484,0.9786,-0.6825,-3.1675,-31.4387,1000.6836,right_u_turn,558.84,14,3.9
2185,1343762,0.0739,0.2367,1.0304,-0.4375,-1.6363,-31.6488,1000.6748,right_u_turn,558.9,14,3.96
2186,1343822,0.0424,0.2957,0.9524,1.75,-1.3825,-32.5675,1000.6792,right_u_turn,558.96,14,4.02
2187,1343882,0.0686,0.274,0.9692,0.7875,-1.8375,-31.8325,1000.6833,right_u_turn,559.02,14,4.08
2188,1343942,0.0298,0.3032,1.0221,4.025,-2.7738,-31.5438,1000.697,right_u_turn,559.08,14,4.14
2189,1344002,0.0795,0.245,1.0789,1.785,-1.645,-31.5088,1000.6897,right_u_turn,559.14,14,4.2
2190,1344062,0.0317,0.2918,0.943,0.385,0.4725,-31.2725,1000.6997,right_u_turn,559.2,14,4.26
2191,1344122,0.0515,0.209,0.9729,1.12,-4.8387,-31.955,1000.7048,right_u_turn,559.26,14,4.32
2192,1344182,0.1258,0.3916,1.0813,-1.0675,-1.2425,-30.9575,1000.7141,right_u_turn,559.32,14,4.38
2193,1344242,0.0242,0.3321,0.873,-2.24,-4.4187,-30.9225,1000.6853,right_u_turn,559.38,14,4.44
2194,1344302,0.0834,0.1516,0.9877,-0.5688,2.4325,-31.1763,1000.6855,right_u_turn,559.44,14,4.5
2195,1344362,0.0793,0.217,1.0048,-0.28,0.9362,-31.2812,1000.6895,right_u_turn,559.5,14,4.56
2196,1344422,0.0625,0.2034,0.9569,-0.0962,1.12,-31.605,1000.6921,right_u_turn,559.56,14,4.62
2197,1344482,0.039,0.2616,0.9872,2.5988,1.1463,-31.6838,1000.6924,right_u_turn,559.62,14,4.68
2198,1344542,0.1159,0.3174,1.0352,-0.07,-1.19,-31.22,1000.6934,right_u_turn,559.68,14,4.74
2199,1344602,0.1091,0.3572,1.128,0.3762,0.4988,-30.9662,1000.6914,right_u_turn,559.74,14,4.8
2200,1344662,0.0204,0.1771,0.917,-1.2337,-0.8313,-31.6488,1000.6848,right_u_turn,559.8,14,4.86
2201,1344722,0.0698,0.1884,1.1014,0.7613,-2.135,-31.36,1000.6938,right_u_turn,559.86,14,4.92
2202,1344782,0.1274,0.2576,1.0149,-0.2362,-0.6388,-30.9925,1000.6912,right_u_turn,559.92,14,4.98
2203,1344842,0.1244,0.3414,1.0838,1.2513,-1.0412,-30.6075,1000.6855,right_u_turn,559.98,14,5.04
2204,1344902,0.06,0.2516,0.9774,2.4325,-1.0325,-31.3687,1000.6912,right_u_turn,560.04,14,5.1
2205,1344962,0.0714,0.2759,1.0077,0.7962,-1.2687,-31.2025,1000.6868,right_u_turn,560.1,14,5.16
2206,1345022,0.1195,0.2105,1.0934,-1.47,-0.7613,-31.115,1000.6802,right_u_turn,560.16,14,5.22
2207,1345082,0.0763,0.2487,1.0514,-0.2625,0.1838,-31.0187,1000.6758,right_u_turn,560.22,14,5.28
2208,1345142,0.0434,0.2581,0.9565,-0.84,-0.8138,-30.9575,1000.6829,right_u_turn,560.28,14,5.34
2209,1345202,0.0224,0.2292,0.9731,0.7613,0.5337,-31.5525,1000.6821,right_u_turn,560.34,14,5.4
2210,1345262,0.0751,0.2223,1.0655,0.9975,0.175,-31.395,1000.6948,right_u_turn,560.4,14,5.46
2211,1345322,0.1232,0.2508,1.0584,0.8575,-1.5137,-31.5175,1000.6775,right_u_turn,560.46,14,5.52
2212,1345382,0.0754,0.332,1.0604,-0.8487,-0.3237,-31.36,1000.6775,right_u_turn,560.52,14,5.58
2213,1345442,0.0451,0.2594,0.9371,0.9625,-2.0738,-31.7712,1000.6694,right_u_turn,560.58,14,5.64
2214,1345502,0.1305,0.2513,1.0756,1.4088,-1.8025,-31.5613,1000.6797,right_u_turn,560.64,14,5.7
2215,1345562,0.0032,0.2843,1.0409,-0.2713,0.84,-31.1588,1000.677,right_u_turn,560.7,14,5.76
2216,1345622,0.0385,0.2586,0.9443,0.0,0.8313,-31.7275,1000.6807,right_u_turn,560.76,14,5.82
2217,1345682,0.0615,0.2045,1.0555,1.1463,-0.0613,-32.1562,1000.6802,right_u_turn,560.82,14,5.88
2218,1345742,0.0271,0.2936,0.9165,1.1988,-2.87,-31.7275,1000.6694,right_u_turn,560.88,14,5.94
2219,1345802,0.059,0.2816,1.1073,1.645,-1.1463,-32.1213,1000.6555,right_u_turn,560.94,14,6.0
2220,1345862,0.0273,0.2194,0.934,-1.19,-1.4,-32.4362,1000.6545,right_u_turn,561.0,14,6.06
2221,1345922,0.0044,0.3093,1.0363,1.9863,-1.3038,-32.0337,1000.6626,right_u_turn,561.06,14,6.12
2222,1345982,0.0593,0.3187,1.0454,-2.1437,0.1225,-32.1125,1000.6484,right_u_turn,561.12,14,6.18
2223,1346042,0.0203,0.2467,1.0593,-0.6388,0.245,-31.7188,1000.6436,right_u_turn,561.18,14,6.24
2224,1346102,0.0012,0.3021,0.9234,-1.1113,-2.1175,-32.69,1000.6431,right_u_turn,561.24,14,6.3
2225,1346162,0.0074,0.3273,0.986,-1.96,-1.0325,-32.6375,1000.6399,right_u_turn,561.3,14,6.36
2226,1346222,0.0855,0.1745,1.0407,-2.4325,2.0738,-32.4012,1000.6316,right_u_turn,561.36,14,6.42
2227,1346282,0.0325,0.3136,0.9994,-0.7437,-0.77,-33.1625,1000.6274,right_u_turn,561.42,14,6.48
2228,1346342,0.0182,0.3141,0.9603,-0.56,-0.4725,-33.005,1000.637,right_u_turn,561.48,14,6.54
2229,1346402,-0.0284,0.2596,0.8779,0.0,-0.5863,-33.3638,1000.6309,right_u_turn,561.54,14,6.6
2230,1346462,0.0001,0.2345,1.0116,-0.07,-1.1725,-32.8737,1000.6265,right_u_turn,561.6,14,6.66
2231,1346522,0.0669,0.1254,0.9513,-1.505,1.0675,-32.2875,1000.6277,right_u_turn,561.66,14,6.72
2232,1346582,0.0346,0.216,1.0192,0.7962,-0.3938,-31.2025,1000.6384,right_u_turn,561.72,14,6.78
2233,1346642,-0.0644,0.2796,0.9489,0.35,-0.6475,-30.0387,1000.614,right_u_turn,561.78,14,6.84
2234,1346702,-0.0336,0.263,0.9984,-0.6562,2.0563,-28.9975,1000.6174,right_u_turn,561.84,14,6.9
2235,1346762,-0.0378,0.1713,1.0591,-1.0063,-0.7962,-26.9412,1000.6226,right_u_turn,561.9,14,6.96
2236,1346822,-0.0437,0.1535,1.0189,-1.7325,-1.6625,-25.3312,1000.6218,right_u_turn,561.96,14,7.02
2237,1346882,-0.0098,0.153,1.0278,-1.68,0.63,-23.765,1000.6084,right_u_turn,562.02,14,7.08
2238,1346942,-0.0229,0.0998,0.9636,-0.4462,-2.1263,-22.75,1000.606,right_u_turn,562.08,14,7.14
2239,1347002,-0.0307,0.195,1.04,-0.1225,-0.9362,-21.7175,1000.6006,right_u_turn,562.14,14,7.2
2240,1347062,-0.0859,0.2191,0.9577,0.14,0.9975,-20.4487,1000.6121,right_u_turn,562.2,14,7.26
2241,1347122,-0.0386,0.1405,0.9701,-1.435,-2.52,-19.5912,1000.5935,right_u_turn,562.26,14,7.32
2242,1347182,-0.0378,0.1017,1.005,0.4988,0.6212,-17.6488,1000.6062,right_u_turn,562.32,14,7.38
2243,1347242,-0.0825,0.1655,0.9456,0.105,-1.2075,-16.485,1000.6021,right_u_turn,562.38,14,7.44
2244,1347302,0.0481,0.1613,1.1306,0.4025,-2.4675,-15.8112,1000.5999,right_u_turn,562.44,14,7.5
2245,1347362,-0.0608,0.1371,1.0174,0.9187,-0.0613,-14.56,1000.5906,right_u_turn,562.5,14,7.56
2246,1347422,-0.0598,0.1035,0.9492,-1.2687,0.5775,-13.8425,1000.6055,right_u_turn,562.56,14,7.62
2247,1347482,-0.0428,0.1623,0.9931,-0.2975,-1.1812,-12.9587,1000.5906,right_u_turn,562.62,14,7.68
2248,1347542,-0.0988,0.0583,0.9872,-1.1988,1.1988,-12.005,1000.5784,right_u_turn,562.68,14,7.74
2249,1347602,-0.0393,0.0592,0.9833,-1.0588,-0.7613,-11.2087,1000.5742,right_u_turn,562.74,14,7.8
2250,1347662,-0.0571,-0.0193,0.9851,-0.2188,0.2713,-10.0887,1000.573,right_u_turn,562.8,14,7.86
2251,1347722,-0.0586,0.0449,0.9379,-0.6388,1.12,-8.6713,1000.5679,right_u_turn,562.86,14,7.92
2252,1347782,-0.0085,0.0647,1.0119,-0.2537,0.0787,-7.1838,1000.5549,right_u_turn,562.92,14,7.98
2253,1347842,-0.0474,-0.0071,1.0404,-0.0262,0.8838,-5.6875,1000.5457,right_u_turn,562.98,14,8.04
2254,1347902,-0.0712,-0.0287,0.9931,-0.3237,1.295,-4.7512,1000.5459,right_u_turn,563.04,14,8.1
2255,1347962,-0.0547,0.0515,1.0194,0.175,2.345,-3.4825,1000.5361,right_u_turn,563.1,14,8.16
2256,1348022,-0.0816,-0.0144,0.9829,0.2188,0.3325,-3.0887,1000.5378,right_u_turn,563.16,14,8.22
2257,1348082,-0.0773,0.0444,0.9648,0.9625,-0.315,-2.5025,1000.5305,right_u_turn,563.22,14,8.28
2258,1348142,-0.0696,-0.0078,0.9557,0.5425,0.5075,-1.96,1000.5205,right_u_turn,563.28,14,8.34
2259,1348202,-0.1103,-0.0051,0.9575,-0.49,0.4725,-2.0038,1000.5225,right_u_turn,563.34,14,8.4
2260,1348262,-0.0188,0.0308,1.0966,0.385,0.3587,-1.7587,1000.5122,right_u_turn,563.4,14,8.46
2261,1348322,-0.106,0.0668,1.0941,1.7413,-0.7613,-1.0938,1000.5027,right_u_turn,563.46,14,8.52
2262,1348382,-0.1103,0.0193,0.9948,0.4288,-2.2662,-1.0762,1000.5005,right_u_turn,563.52,14,8.58
2263,1348442,-0.0712,-0.0246,1.0131,-0.0088,0.2625,-1.33,1000.5059,right_u_turn,563.58,14,8.64
2264,1348502,-0.0476,-0.0005,1.0487,2.17,0.35,-0.91,1000.4978,right_u_turn,563.64,14,8.7
2265,1348562,-0.0783,-0.0002,0.9511,1.6013,3.1762,-1.0237,1000.498,right_u_turn,563.7,14,8.76
2266,1348622,-0.0573,0.0393,0.9591,0.0613,1.1812,-0.91,1000.4912,right_u_turn,563.76,14,8.82
2267,1348682,-0.0053,0.042,1.0327,-0.9975,2.31,-0.56,1000.4697,right_u_turn,563.82,14,8.88
2268,1348742,-0.0354,0.0601,1.0434,1.1988,0.6562,-0.8838,1000.4775,right_u_turn,563.88,14,8.94
2269,1348802,-0.0681,-0.0305,0.9167,-0.945,-2.03,-0.8225,1000.5078,right_u_turn,563.94,14,9.0
2270,1348862,-0.0168,0.1054,1.0049,0.7,-3.15,-1.0063,1000.5098,right_u_turn,564.0,14,9.06
2271,1348922,-0.1219,0.0715,0.8835,-2.0825,1.5925,-1.4612,1000.5269,right_u_turn,564.06,14,9.12
2272,1348982,-0.0509,-0.0009,0.9284,0.9975,-2.3187,-1.7062,1000.5129,right_u_turn,564.12,14,9.18
2273,1349042,-0.0256,0.006,1.0785,0.9625,-0.805,-1.4875,1000.5066,right_u_turn,564.18,14,9.24
2274,1349102,-0.0549,-0.0158,1.0256,1.33,0.175,-0.9538,1000.512,right_u_turn,564.24,14,9.3
2275,1349162,-0.0432,0.0652,0.8889,0.14,-2.0038,-0.8925,1000.5051,right_u_turn,564.3,14,9.36
2276,1349222,-0.0564,0.0286,0.8813,-0.945,1.3212,-0.9275,1000.5173,right_u_turn,564.36,14,9.42
2277,1349282,0.0323,0.0079,1.0292,-0.6913,0.3413,-0.0875,1000.5168,right_u_turn,564.42,14,9.48
2278,1349342,-0.0171,0.1096,1.0839,-0.5688,1.7763,-0.42,1000.5056,right_u_turn,564.48,14,9.54
2279,1349402,-0.019,0.0753,0.9828,-0.5425,-2.3012,-0.0787,1000.5068,right_u_turn,564.54,14,9.6
2280,1349462,-0.0454,0.0153,0.9873,1.9688,-1.015,-0.595,1000.5085,right_u_turn,564.6,14,9.66
2281,1349522,-0.0223,0.0261,1.0514,0.42,-1.7062,-0.63,1000.489,right_u_turn,564.66,14,9.72
2282,1349582,-0.0154,0.094,0.9041,-0.0525,-1.9512,-0.3762,1000.4797,right_u_turn,564.72,14,9.78
2283,1349642,-0.0124,0.0382,0.9273,0.0,-1.3913,-0.35,1000.4961,right_u_turn,564.78,14,9.84
2284,1349702,0.0109,0.0045,0.8692,-0.1225,0.105,-0.4025,1000.5007,right_u_turn,564.84,14,9.9
2285,1349762,-0.0071,-0.0012,1.0723,0.7875,2.0912,-0.3237,1000.4941,right_u_turn,564.9,14,9.96
2286,1349822,-0.0156,0.011,0.8893,-0.4025,-2.3888,-0.525,1000.4736,right_u_turn,564.96,14,10.02
2287,1349882,-0.0132,-0.0159,0.9281,0.525,1.3825,-0.035,1000.4756,right_u_turn,565.02,14,10.08
2288,1349942,-0.0417,-0.0373,0.9514,1.855,-0.245,-0.4112,1000.4563,right_u_turn,565.08,14,10.14
2289,1350002,0.0395,0.1166,1.0746,1.2513,-0.945,-0.8838,1000.4702,right_u_turn,565.14,14,10.2
2290,1350062,0.0125,-0.0167,0.9799,0.5337,1.1025,-0.1925,1000.4551,right_u_turn,565.2,14,10.26
2291,1350122,0.0385,0.0447,1.0106,0.4812,-2.2925,-0.245,1000.4658,right_u_turn,565.26,14,10.32
2292,1350182,0.0142,0.0124,1.0649,3.01,0.2188,-0.4288,1000.459,right_u_turn,565.32,14,10.38
2293,1350242,0.0199,-0.0057,0.9357,-0.0175,-0.0262,-0.1925,1000.4526,right_u_turn,565.38,14,10.44
2294,1350302,0.0208,0.0365,0.9357,-0.7175,-3.3163,0.1312,1000.4421,right_u_turn,565.44,14,10.5
2295,1356002,0.1704,0.0151,0.9417,0.525,3.535,0.0262,1000.5967,right_u_turn,571.14,15,0.0
2296,1356062,0.1774,0.1233,1.007,0.1138,2.73,-0.7525,1000.6062,right_u_turn,571.2,15,0.06
2297,1356122,0.0808,-0.0138,0.9814,-0.42,1.89,-0.6125,1000.5818,right_u_turn,571.26,15,0.12
2298,1356182,0.1047,-0.0376,0.9403,-0.9975,3.0712,-0.5163,1000.5803,right_u_turn,571.32,15,0.18
2299,1356242,0.1071,0.0104,1.0718,0.2887,2.7562,-0.84,1000.5842,right_u_turn,571.38,15,0.24
2300,1356302,0.0759,-0.0221,0.9325,2.1175,-0.2275,-0.8925,1000.6064,right_u_turn,571.44,15,0.3
2301,1356362,0.0567,0.0469,0.8929,1.0588,0.3237,-1.54,1000.6018,right_u_turn,571.5,15,0.36
2302,1356422,0.1211,-0.0134,0.974,1.8288,0.6125,-2.1437,1000.6064,right_u_turn,571.56,15,0.42
2303,1356482,0.03,0.0879,1.0156,1.5312,1.3388,-1.6013,1000.6155,right_u_turn,571.62,15,0.48
2304,1356542,0.1388,0.1327,1.049,-0.4812,-0.6388,-1.9162,1000.6135,right_u_turn,571.68,15,0.54
2305,1356602,0.0389,0.1379,1.0218,-0.9013,-2.8612,-2.485,1000.6216,right_u_turn,571.74,15,0.6
2306,1356662,0.0956,-0.0241,0.9482,-0.2975,-2.7387,-3.0187,1000.6152,right_u_turn,571.8,15,0.66
2307,1356722,0.1649,0.082,1.0887,0.6125,-2.4675,-3.1325,1000.6353,right_u_turn,571.86,15,0.72
2308,1356782,0.1005,0.0312,0.9726,-0.1138,-2.1613,-3.01,1000.6382,right_u_turn,571.92,15,0.78
2309,1356842,0.0546,0.0681,1.0024,2.66,-2.66,-3.605,1000.6245,right_u_turn,571.98,15,0.84
2310,1356902,0.1025,0.0346,1.0451,1.3737,0.245,-4.795,1000.6201,right_u_turn,572.04,15,0.9
2311,1356962,0.1401,0.0608,0.9941,0.175,0.6913,-5.0312,1000.6199,right_u_turn,572.1,15,0.96
2312,1357022,0.1132,0.1213,0.9884,0.2188,1.3563,-5.5912,1000.6313,right_u_turn,572.16,15,1.02
2313,1357082,0.0791,0.1227,0.986,0.0962,2.6075,-6.1863,1000.6299,right_u_turn,572.22,15,1.08
2314,1357142,0.1035,0.0971,0.9862,0.7,0.0787,-7.4375,1000.6416,right_u_turn,572.28,15,1.14
2315,1357202,0.1135,0.0669,0.9918,1.1025,1.6363,-8.12,1000.6326,right_u_turn,572.34,15,1.2
2316,1357262,0.1217,0.1837,1.0512,1.3563,1.68,-9.0737,1000.6279,right_u_turn,572.4,15,1.26
2317,1357322,0.0969,0.1386,1.0429,-0.0088,-0.0262,-10.0712,1000.6401,right_u_turn,572.46,15,1.32
2318,1357382,0.0803,0.1376,0.9984,1.1463,-0.4112,-11.2963,1000.6362,right_u_turn,572.52,15,1.38
2319,1357442,0.095,0.191,1.0731,1.3563,1.5225,-12.7662,1000.6389,right_u_turn,572.58,15,1.44
2320,1357502,0.0961,0.2109,1.011,2.52,0.7262,-14.1838,1000.6428,right_u_turn,572.64,15,1.5
2321,1357562,0.1046,0.2122,1.099,0.1312,1.3737,-15.015,1000.634,right_u_turn,572.7,15,1.56
2322,1357622,0.0749,0.1901,1.0002,-0.4025,0.14,-15.2688,1000.6389,right_u_turn,572.76,15,1.62
2323,1357682,0.0527,0.1596,0.9889,-1.0675,-1.0237,-16.4412,1000.6409,right_u_turn,572.82,15,1.68
2324,1357742,0.0813,0.2152,0.9564,-0.3762,0.3938,-16.8263,1000.6396,right_u_turn,572.88,15,1.74
2325,1357802,0.0069,0.1386,0.8865,1.7237,-1.4875,-18.4888,1000.646,right_u_turn,572.94,15,1.8
2326,1357862,0.064,0.1235,0.9931,2.31,-0.9275,-18.515,1000.6438,right_u_turn,573.0,15,1.86
2327,1357922,0.0654,0.1752,0.9553,1.7413,-1.7675,-19.2588,1000.645,right_u_turn,573.06,15,1.92
2328,1357982,0.1427,0.2645,1.0189,-0.8313,-4.3925,-19.8275,1000.656,right_u_turn,573.12,15,1.98
2329,1358042,0.0991,0.265,1.0471,-0.2188,-0.7875,-19.7138,1000.6538,right_u_turn,573.18,15,2.04
2330,1358102,0.0908,0.1557,1.016,-1.085,1.0588,-20.6938,1000.6589,right_u_turn,573.24,15,2.1
2331,1358162,0.0586,0.2406,0.9108,-3.0887,0.28,-21.91,1000.6604,right_u_turn,573.3,15,2.16
2332,1358222,0.1012,0.2013,1.0124,-0.5775,3.0538,-22.4788,1000.6492,right_u_turn,573.36,15,2.22
2333,1358282,0.0779,0.1469,1.0192,0.2975,0.665,-23.03,1000.6643,right_u_turn,573.42,15,2.28
2334,1358342,0.0756,0.2011,0.9878,0.7962,0.4812,-24.1063,1000.658,right_u_turn,573.48,15,2.34
2335,1358402,0.0614,0.2162,0.9919,0.6562,0.245,-24.29,1000.6577,right_u_turn,573.54,15,2.4
2336,1358462,0.0964,0.2478,0.9465,0.9275,-0.6737,-25.4888,1000.6497,right_u_turn,573.6,15,2.46
2337,1358522,0.1562,0.2457,0.9969,0.3237,-0.1838,-25.9963,1000.6565,right_u_turn,573.66,15,2.52
2338,1358582,0.1157,0.2223,1.0175,0.8313,1.4787,-26.95,1000.6609,right_u_turn,573.72,15,2.58
2339,1358642,0.0424,0.2657,1.0292,2.31,2.52,-28.175,1000.6582,right_u_turn,573.78,15,2.64
2340,1358702,0.0715,0.2963,1.0743,-1.1638,2.4938,-28.0788,1000.6655,right_u_turn,573.84,15,2.7
2341,1358762,0.0478,0.2291,0.9767,-2.765,-0.1225,-28.56,1000.6602,right_u_turn,573.9,15,2.76
2342,1358822,0.0634,0.2327,1.0097,-1.3475,-1.155,-28.385,1000.6663,right_u_turn,573.96,15,2.82
2343,1358882,0.0041,0.2086,0.9877,-0.0262,-0.1312,-28.6825,1000.6665,right_u_turn,574.02,15,2.88
2344,1358942,0.0188,0.3231,0.9778,-2.5463,0.2537,-28.9013,1000.6643,right_u_turn,574.08,15,2.94
2345,1359002,0.0986,0.2139,1.0197,-1.295,-0.315,-29.5138,1000.6709,right_u_turn,574.14,15,3.0
2346,1359062,0.0314,0.1852,1.0102,-0.35,-0.4725,-30.1612,1000.6689,right_u_turn,574.2,15,3.06
2347,1359122,0.0476,0.192,0.9877,-0.035,-0.2362,-29.9338,1000.6777,right_u_turn,574.26,15,3.12
2348,1359182,0.0048,0.2213,0.9661,0.2713,-2.8963,-29.7938,1000.6775,right_u_turn,574.32,15,3.18
2349,1359242,0.0051,0.1613,0.9398,-0.4288,-1.7325,-29.2687,1000.6675,right_u_turn,574.38,15,3.24
2350,1359302,0.0359,0.1496,1.0408,0.595,-1.8987,-29.5138,1000.676,right_u_turn,574.44,15,3.3
2351,1359362,0.0659,0.2359,0.9396,0.0962,-2.555,-29.5138,1000.6687,right_u_turn,574.5,15,3.36
2352,1359422,0.0388,0.2819,0.9796,0.2975,-1.1463,-29.6362,1000.6782,right_u_turn,574.56,15,3.42
2353,1359482,0.0432,0.2306,0.9451,-0.6737,-1.715,-29.8638,1000.6724,right_u_turn,574.62,15,3.48
2354,1359542,0.0629,0.2496,1.0006,0.0175,-1.7237,-29.89,1000.6633,right_u_turn,574.68,15,3.54
2355,1359602,0.0227,0.1967,0.9928,0.0787,-0.5337,-29.5312,1000.6641,right_u_turn,574.74,15,3.6
2356,1359662,0.0493,0.2332,1.0141,0.805,-1.3212,-29.54,1000.6665,right_u_turn,574.8,15,3.66
2357,1359722,0.0639,0.255,0.9621,-0.805,0.0262,-29.5487,1000.668,right_u_turn,574.86,15,3.72
2358,1359782,-0.0044,0.2001,0.9575,1.19,0.2013,-29.4263,1000.6648,right_u_turn,574.92,15,3.78
2359,1359842,0.0396,0.1984,1.016,0.9362,0.0613,-29.5925,1000.6726,right_u_turn,574.98,15,3.84
2360,1359902,0.1221,0.2807,1.0477,-0.2537,-0.0175,-29.4,1000.676,right_u_turn,575.04,15,3.9
2361,1359962,0.0508,0.2076,0.9742,-0.8662,-1.5137,-29.26,1000.6775,right_u_turn,575.1,15,3.96
2362,1360022,0.0166,0.263,0.9747,0.6913,-0.5163,-29.4,1000.6648,right_u_turn,575.16,15,4.02
2363,1360082,0.081,0.2215,1.008,-0.21,-0.3762,-29.5837,1000.6748,right_u_turn,575.22,15,4.08
2364,1360142,0.0275,0.1951,0.9715,-2.1175,0.5512,-29.575,1000.6736,right_u_turn,575.28,15,4.14
2365,1360202,0.0248,0.2386,0.9194,-1.085,0.245,-29.6012,1000.6758,right_u_turn,575.34,15,4.2
2366,1360262,0.0607,0.2527,1.0382,-0.7262,0.9975,-29.6625,1000.678,right_u_turn,575.4,15,4.26
2367,1360322,0.0534,0.1784,1.0007,-1.365,0.56,-30.1,1000.6611,right_u_turn,575.46,15,4.32
2368,1360382,0.0478,0.2275,0.9899,-0.0175,0.2713,-29.9075,1000.6702,right_u_turn,575.52,15,4.38
2369,1360442,0.035,0.2145,0.969,-0.0175,-1.3212,-30.2575,1000.676,right_u_turn,575.58,15,4.44
2370,1360502,0.009,0.2176,0.941,0.1225,-0.9362,-30.0825,1000.6724,right_u_turn,575.64,15,4.5
2371,1360562,0.0569,0.2396,1.0621,-0.7875,-0.0613,-29.8638,1000.676,right_u_turn,575.7,15,4.56
2372,1360622,0.0703,0.2776,1.0738,-0.2188,0.21,-30.415,1000.6731,right_u_turn,575.76,15,4.62
2373,1360682,0.0167,0.2685,0.955,0.63,-0.42,-30.4675,1000.6843,right_u_turn,575.82,15,4.68
2374,1360742,0.0847,0.2484,1.0306,-0.1838,-0.4375,-30.4937,1000.6799,right_u_turn,575.88,15,4.74
2375,1360802,0.0679,0.2192,1.0499,-1.645,-0.4288,-30.3625,1000.6719,right_u_turn,575.94,15,4.8
2376,1360862,0.0596,0.276,0.9877,-1.0762,-1.1988,-30.555,1000.6758,right_u_turn,576.0,15,4.86
2377,1360922,0.1127,0.2882,1.0463,-0.2625,0.4638,-30.3713,1000.6802,right_u_turn,576.06,15,4.92
2378,1360982,0.0781,0.2155,0.9916,-1.6625,0.3413,-30.3188,1000.6855,right_u_turn,576.12,15,4.98
2379,1361042,0.0556,0.2039,1.0077,-0.28,0.28,-30.3363,1000.6809,right_u_turn,576.18,15,5.04
2380,1361102,0.0956,0.2484,0.9733,0.2362,-0.6125,-30.4237,1000.689,right_u_turn,576.24,15,5.1
2381,1361162,0.1091,0.2711,1.0299,-0.4725,-0.6388,-30.7475,1000.6816,right_u_turn,576.3,15,5.16
2382,1361222,0.1075,0.2379,1.0228,0.2537,0.8138,-30.485,1000.6826,right_u_turn,576.36,15,5.22
2383,1361282,0.0971,0.2803,1.0229,2.0038,-0.5863,-30.8875,1000.6829,right_u_turn,576.42,15,5.28
2384,1361342,0.0364,0.2563,0.9272,0.2362,-1.0762,-31.255,1000.6694,right_u_turn,576.48,15,5.34
2385,1361402,0.1025,0.2544,1.0739,0.2275,-0.3675,-31.325,1000.6648,right_u_turn,576.54,15,5.4
2386,1361462,0.069,0.1398,1.0163,1.9688,0.4988,-30.7388,1000.635,right_u_turn,576.6,15,5.46
2387,1361522,0.0976,0.2502,1.0371,0.5512,-0.2713,-30.905,1000.2405,right_u_turn,576.66,15,5.52
2388,1361582,0.0605,0.2418,0.9223,-0.5775,-1.4525,-31.1413,1000.0583,right_u_turn,576.72,15,5.58
2389,1361642,0.072,0.2161,0.9615,0.4112,-0.7525,-30.6688,999.9756,right_u_turn,576.78,15,5.64
2390,1361702,0.0676,0.225,0.9816,1.015,-0.0175,-30.5375,1000.0537,right_u_turn,576.84,15,5.7
2391,1361762,0.0373,0.2159,0.9913,0.5425,-0.945,-30.6688,1000.4084,right_u_turn,576.9,15,5.76
2392,1361822,0.0734,0.225,1.008,0.8313,-1.365,-31.2375,1000.4995,right_u_turn,576.96,15,5.82
2393,1361882,0.0958,0.2843,1.0421,-1.0675,0.6562,-30.0562,1000.5403,right_u_turn,577.02,15,5.88
2394,1361942,0.0689,0.284,1.0469,-2.1088,-1.2513,-30.8175,1000.5176,right_u_turn,577.08,15,5.94
2395,1362002,0.0409,0.266,1.0499,-1.1025,0.7613,-30.6425,1000.5605,right_u_turn,577.14,15,6.0
2396,1362062,0.0432,0.1911,0.9875,1.6013,1.155,-31.1938,1000.6523,right_u_turn,577.2,15,6.06
2397,1362122,0.0651,0.1679,0.9735,0.5688,-0.455,-31.3512,1000.6633,right_u_turn,577.26,15,6.12
2398,1362182,0.0002,0.247,0.988,0.2887,0.6388,-31.2812,1000.6968,right_u_turn,577.32,15,6.18
2399,1362242,0.0,0.2477,0.9621,1.8375,-0.2362,-31.3162,1000.6973,right_u_turn,577.38,15,6.24
2400,1362302,0.0644,0.2969,1.0483,1.0325,-0.2188,-31.36,1000.7188,right_u_turn,577.44,15,6.3
2401,1362362,0.0613,0.2637,1.0233,1.2337,-0.3413,-31.7362,1000.7266,right_u_turn,577.5,15,6.36
2402,1362422,0.0109,0.2835,0.9152,2.205,-1.505,-31.99,1000.7131,right_u_turn,577.56,15,6.42
2403,1362482,-0.0096,0.2175,0.9972,1.0063,0.4112,-31.4912,1000.7209,right_u_turn,577.62,15,6.48
2404,1362542,-0.002,0.1898,0.9829,-0.4288,1.5662,-31.185,1000.73,right_u_turn,577.68,15,6.54
2405,1362602,-0.0037,0.2672,1.0227,-1.54,-0.9187,-29.8288,1000.7129,right_u_turn,577.74,15,6.6
2406,1362662,0.011,0.1682,0.9859,-1.82,-2.1437,-29.5575,1000.7307,right_u_turn,577.8,15,6.66
2407,1362722,0.011,0.2472,1.0191,-1.82,-1.5662,-29.19,1000.7407,right_u_turn,577.86,15,6.72
2408,1362782,-0.0547,0.187,1.0504,-1.505,0.28,-28.56,1000.7253,right_u_turn,577.92,15,6.78
2409,1362842,-0.0135,0.1042,0.988,-2.3363,-0.105,-27.1162,1000.7175,right_u_turn,577.98,15,6.84
2410,1362902,-0.0281,0.1049,1.0026,-2.03,0.6475,-26.1275,1000.7083,right_u_turn,578.04,15,6.9
2411,1362962,-0.0051,0.163,1.0558,-0.665,-2.3712,-25.3312,1000.7273,right_u_turn,578.1,15,6.96
2412,1363022,-0.0337,0.1423,0.9692,0.0088,-0.14,-24.535,1000.729,right_u_turn,578.16,15,7.02
2413,1363082,-0.0603,0.1854,0.9806,0.5863,-1.3038,-23.3363,1000.7275,right_u_turn,578.22,15,7.08
2414,1363142,-0.0268,0.1125,1.0075,-0.49,-0.0262,-21.805,1000.7163,right_u_turn,578.28,15,7.14
2415,1363202,-0.0005,0.1274,0.9704,1.365,-0.63,-21.0613,1000.7124,right_u_turn,578.34,15,7.2
2416,1363262,-0.0381,0.1264,0.9819,0.6388,-0.3762,-19.9412,1000.7244,right_u_turn,578.4,15,7.26
2417,1363322,-0.0174,0.1936,1.0214,1.1025,-0.8838,-19.0487,1000.7065,right_u_turn,578.46,15,7.32
2418,1363382,-0.0305,0.1295,0.9984,0.0525,-1.89,-18.69,1000.7124,right_u_turn,578.52,15,7.38
2419,1363442,-0.0295,0.1403,1.016,0.7962,-0.35,-18.0775,1000.7051,right_u_turn,578.58,15,7.44
2420,1363502,-0.0449,0.114,0.9645,-0.5075,-0.8925,-17.0275,1000.6914,right_u_turn,578.64,15,7.5
2421,1363562,-0.0439,0.0854,0.9697,-1.3212,-0.7262,-15.6187,1000.6963,right_u_turn,578.7,15,7.56
2422,1363622,-0.0262,0.0971,1.0521,-1.855,-0.3762,-14.0875,1000.7209,right_u_turn,578.76,15,7.62
2423,1363682,-0.0539,0.1005,1.0529,-1.2775,1.1287,-12.4513,1000.7148,right_u_turn,578.82,15,7.68
2424,1363742,-0.0305,0.0673,0.9722,-0.9887,0.42,-11.4975,1000.6982,right_u_turn,578.88,15,7.74
2425,1363802,-0.0241,0.0608,1.0308,0.6037,-1.365,-10.2638,1000.699,right_u_turn,578.94,15,7.8
2426,1363862,-0.0564,0.0432,1.0172,1.54,0.0262,-9.0825,1000.7026,right_u_turn,579.0,15,7.86
2427,1363922,-0.052,0.1135,0.9813,0.665,0.2975,-8.6275,1000.7014,right_u_turn,579.06,15,7.92
2428,1363982,-0.0414,0.0608,1.0616,1.2425,-0.56,-7.6038,1000.698,right_u_turn,579.12,15,7.98
2429,1364042,-0.0405,0.0187,1.0183,-0.035,0.2713,-6.405,1000.6851,right_u_turn,579.18,15,8.04
2430,1364102,-0.0427,0.0478,0.9606,-0.175,-1.015,-5.4425,1000.688,right_u_turn,579.24,15,8.1
2431,1364162,-0.0501,0.0326,0.9694,-0.1225,0.525,-4.725,1000.687,right_u_turn,579.3,15,8.16
2432,1364222,-0.0036,0.0512,1.069,-0.1575,0.3325,-3.92,1000.6804,right_u_turn,579.36,15,8.22
2433,1364282,-0.0373,0.0858,1.0375,0.9625,-1.085,-3.5525,1000.6865,right_u_turn,579.42,15,8.28
2434,1364342,-0.0265,0.0464,0.9922,0.4638,-1.3125,-2.7738,1000.6628,right_u_turn,579.48,15,8.34
2435,1364402,-0.0688,0.002,1.0255,-0.7613,0.7875,-2.5463,1000.6748,right_u_turn,579.54,15,8.4
2436,1364462,0.0022,0.0314,0.9756,0.875,1.19,-1.8112,1000.6699,right_u_turn,579.6,15,8.46
2437,1364522,-0.031,0.07,1.0453,-1.6275,0.5863,-1.2687,1000.6824,right_u_turn,579.66,15,8.52
2438,1364582,-0.0402,-0.0237,1.0531,0.5425,0.4725,-0.9538,1000.6855,right_u_turn,579.72,15,8.58
2439,1364642,-0.0401,-0.0098,0.9765,0.735,-0.735,-0.7613,1000.6648,right_u_turn,579.78,15,8.64
2440,1364702,-0.0508,0.0289,0.9968,0.7437,-0.245,-0.6825,1000.6621,right_u_turn,579.84,15,8.7
2441,1364762,-0.059,0.0117,1.011,0.2188,-0.0262,-0.28,1000.6707,right_u_turn,579.9,15,8.76
2442,1364822,-0.0376,0.0298,0.9845,0.4812,0.3063,-0.07,1000.6594,right_u_turn,579.96,15,8.82
2443,1364882,-0.0598,0.037,0.9955,0.2625,0.0175,0.0175,1000.6731,right_u_turn,580.02,15,8.88
2444,1371902,0.0825,-0.048,0.9938,0.5163,-1.0063,0.5863,1000.7202,right_u_turn,587.04,16,0.0
2445,1371962,0.0847,0.0153,1.0639,0.3063,-2.2137,-0.0962,1000.7146,right_u_turn,587.1,16,0.06
2446,1372022,0.0472,0.0456,1.0202,0.7788,1.47,-0.3938,1000.7222,right_u_turn,587.16,16,0.12
2447,1372082,0.0461,0.0281,1.0009,0.7525,0.6388,-0.3413,1000.73,right_u_turn,587.22,16,0.18
2448,1372142,0.0788,0.0093,0.9455,-0.5425,-1.96,-0.4288,1000.7192,right_u_turn,587.28,16,0.24
2449,1372202,0.0753,-0.0043,1.0966,0.98,1.82,-0.21,1000.7185,right_u_turn,587.34,16,0.3
2450,1372262,0.0627,-0.0219,0.9399,0.35,-0.4462,-0.4112,1000.7163,right_u_turn,587.4,16,0.36
2451,1372322,0.0625,0.0537,0.942,0.6125,-1.7062,-0.2013,1000.7295,right_u_turn,587.46,16,0.42
2452,1372382,0.0723,0.0447,1.0085,0.7088,0.3675,-0.5863,1000.7126,right_u_turn,587.52,16,0.48
2453,1372442,0.043,0.0234,0.9928,0.6388,-1.5488,-0.8925,1000.7278,right_u_turn,587.58,16,0.54
2454,1372502,0.0671,0.0139,0.9992,0.2188,-0.0262,-0.455,1000.7151,right_u_turn,587.64,16,0.6
2455,1372562,0.1406,0.0305,1.0497,0.2887,-0.8662,-0.7875,1000.7224,right_u_turn,587.7,16,0.66
2456,1372622,0.0651,0.0342,0.9769,0.42,-1.05,-0.5688,1000.7278,right_u_turn,587.76,16,0.72
2457,1372682,0.0932,0.0303,1.038,2.1263,0.0875,-1.0675,1000.7185,right_u_turn,587.82,16,0.78
2458,1372742,0.111,0.0805,1.0239,-1.9075,0.1575,-0.8487,1000.7275,right_u_turn,587.88,16,0.84
2459,1372802,0.1045,-0.0093,1.0207,1.61,0.6562,-0.77,1000.7234,right_u_turn,587.94,16,0.9
2460,1372862,0.0627,0.0625,1.0197,1.0412,0.4812,-1.4088,1000.7283,right_u_turn,588.0,16,0.96
2461,1372922,0.0447,0.0532,1.0145,1.0938,-1.26,-1.5925,1000.7202,right_u_turn,588.06,16,1.02
2462,1372982,0.1273,0.0949,1.0174,1.6187,1.0675,-1.6712,1000.7266,right_u_turn,588.12,16,1.08
2463,1373042,0.0586,0.102,0.9824,0.6562,-0.2713,-2.3275,1000.7363,right_u_turn,588.18,16,1.14
2464,1373102,0.0725,0.0969,0.9938,1.365,0.2275,-2.5375,1000.7268,right_u_turn,588.24,16,1.2
2465,1373162,0.0191,-0.0099,0.9125,0.8225,0.1925,-3.57,1000.7271,right_u_turn,588.3,16,1.26
2466,1373222,0.0389,0.1086,0.9963,1.4262,1.3913,-3.9288,1000.7202,right_u_turn,588.36,16,1.32
2467,1373282,0.0828,0.0608,1.0408,1.7237,0.8225,-4.3313,1000.7327,right_u_turn,588.42,16,1.38
2468,1373342,0.0098,0.0492,0.8927,-0.945,0.6737,-6.0113,1000.7358,right_u_turn,588.48,16,1.44
2469,1373402,-0.004,0.0537,0.8675,0.805,-1.9425,-6.51,1000.7314,right_u_turn,588.54,16,1.5
2470,1373462,0.0767,0.0586,1.0591,2.275,0.2362,-7.3063,1000.7302,right_u_turn,588.6,16,1.56
2471,1373522,0.0502,0.1728,0.9792,0.6825,-0.2188,-8.3387,1000.7378,right_u_turn,588.66,16,1.62
2472,1373582,0.0667,0.1723,1.015,2.0563,0.6475,-9.0913,1000.7314,right_u_turn,588.72,16,1.68
2473,1373642,0.1013,0.1677,0.9512,1.2513,1.0237,-10.57,1000.7517,right_u_turn,588.78,16,1.74
2474,1373702,0.0761,0.1942,1.0648,0.7262,0.5425,-11.69,1000.7539,right_u_turn,588.84,16,1.8
2475,1373762,0.1141,0.181,1.0058,0.4288,-0.0437,-13.16,1000.7495,right_u_turn,588.9,16,1.86
2476,1373822,0.0878,0.1709,1.066,1.6363,0.42,-14.2013,1000.7397,right_u_turn,588.96,16,1.92
2477,1373882,0.0754,0.2052,0.997,1.365,0.2188,-16.1175,1000.7476,right_u_turn,589.02,16,1.98
2478,1373942,0.1381,0.2074,1.02,1.1638,1.3125,-16.3888,1000.7241,right_u_turn,589.08,16,2.04
2479,1374002,0.0976,0.2138,0.9758,0.6125,-1.4525,-17.7712,1000.7275,right_u_turn,589.14,16,2.1
2480,1374062,0.1183,0.2601,1.0505,0.9712,0.7525,-18.6462,1000.7397,right_u_turn,589.2,16,2.16
2481,1374122,0.0737,0.2479,0.9814,0.0262,-0.3762,-19.5737,1000.7354,right_u_turn,589.26,16,2.22
2482,1374182,0.1239,0.1879,1.0131,-0.0088,-1.33,-20.1775,1000.7312,right_u_turn,589.32,16,2.28
2483,1374242,0.1154,0.1895,1.0297,1.0063,-0.1488,-21.1138,1000.7305,right_u_turn,589.38,16,2.34
2484,1374302,0.1024,0.2425,1.0328,-0.4462,-0.21,-21.49,1000.7349,right_u_turn,589.44,16,2.4
2485,1374362,0.0949,0.2503,0.9643,0.1225,-0.2362,-22.0063,1000.717,right_u_turn,589.5,16,2.46
2486,1374422,0.1047,0.26,1.0314,1.82,0.1138,-22.785,1000.7334,right_u_turn,589.56,16,2.52
2487,1374482,0.1369,0.2416,1.0939,2.1788,-0.1663,-23.345,1000.7429,right_u_turn,589.62,16,2.58
2488,1374542,0.0991,0.233,0.9706,1.1725,-0.3413,-24.115,1000.7388,right_u_turn,589.68,16,2.64
2489,1374602,0.0953,0.245,1.0223,1.1725,-1.1463,-24.8325,1000.741,right_u_turn,589.74,16,2.7
2490,1374662,0.1484,0.1579,0.9887,-0.1312,-0.9013,-25.305,1000.7188,right_u_turn,589.8,16,2.76
2491,1374722,0.1059,0.2361,0.978,1.1375,-0.6037,-25.3925,1000.7217,right_u_turn,589.86,16,2.82
2492,1374782,0.1081,0.2486,0.9914,1.225,-1.12,-26.1275,1000.7373,right_u_turn,589.92,16,2.88
2493,1374842,0.1645,0.2857,1.0727,1.1287,-1.3125,-26.4163,1000.7373,right_u_turn,589.98,16,2.94
2494,1374902,0.1405,0.2443,1.0138,1.05,-0.0787,-28.035,1000.7332,right_u_turn,590.04,16,3.0
2495,1374962,0.1557,0.2657,1.0827,2.275,-1.5925,-28.3325,1000.731,right_u_turn,590.1,16,3.06
2496,1375022,0.1264,0.35,1.058,-0.9187,-1.6888,-28.2188,1000.7271,right_u_turn,590.16,16,3.12
2497,1375082,0.1185,0.2844,1.0585,-0.5425,0.6562,-28.7087,1000.738,right_u_turn,590.22,16,3.18
2498,1375142,0.108,0.273,0.9249,-2.4762,-1.3125,-29.2425,1000.7341,right_u_turn,590.28,16,3.24
2499,1375202,0.1243,0.2145,1.0194,-1.365,-0.8138,-30.5725,1000.7188,right_u_turn,590.34,16,3.3
2500,1375262,0.0874,0.2674,0.9679,1.7938,1.015,-30.5112,1000.7144,right_u_turn,590.4,16,3.36
2501,1375322,0.0993,0.2463,0.9812,0.4462,-1.0588,-30.94,1000.717,right_u_turn,590.46,16,3.42
2502,1375382,0.089,0.2177,1.0142,1.855,-1.2687,-30.8,1000.7241,right_u_turn,590.52,16,3.48
2503,1375442,0.1303,0.2965,1.068,0.49,-0.07,-31.2113,1000.7227,right_u_turn,590.58,16,3.54
2504,1375502,0.0986,0.2441,1.0604,2.0213,-0.105,-31.9025,1000.7217,right_u_turn,590.64,16,3.6
2505,1375562,0.1308,0.2577,1.1065,0.9013,-0.4288,-31.395,1000.7163,right_u_turn,590.7,16,3.66
2506,1375622,0.0595,0.314,0.9802,0.9712,-2.625,-32.1387,1000.7104,right_u_turn,590.76,16,3.72
2507,1375682,0.0109,0.3655,1.0031,2.73,-0.3762,-33.0137,1000.7205,right_u_turn,590.82,16,3.78
2508,1375742,0.0974,0.3148,0.9548,-3.5175,-1.785,-32.27,1000.7163,right_u_turn,590.88,16,3.84
2509,1375802,0.0747,0.2245,1.0673,-0.5775,0.5075,-31.675,1000.718,right_u_turn,590.94,16,3.9
2510,1375862,0.0801,0.1869,1.0345,0.665,-1.8288,-31.9638,1000.71,right_u_turn,591.0,16,3.96
2511,1375922,0.0671,0.2777,1.0334,2.345,0.175,-31.8412,1000.7239,right_u_turn,591.06,16,4.02
2512,1375982,0.031,0.1586,0.9465,0.455,0.8487,-31.4387,1000.7117,right_u_turn,591.12,16,4.08
2513,1376042,0.0548,0.2746,0.9648,-1.19,0.35,-31.36,1000.7188,right_u_turn,591.18,16,4.14
2514,1376102,0.0718,0.4208,1.0275,-3.9375,-0.1575,-31.465,1000.7107,right_u_turn,591.24,16,4.2
2515,1376162,0.0537,0.2626,1.0641,-1.995,-0.4725,-31.4825,1000.7122,right_u_turn,591.3,16,4.26
2516,1376222,0.1003,0.1045,0.9492,-0.1138,-1.1113,-32.025,1000.7039,right_u_turn,591.36,16,4.32
2517,1376282,0.0407,0.2548,1.0341,1.2775,-1.5662,-31.8762,1000.7078,right_u_turn,591.42,16,4.38
2518,1376342,0.0293,0.2688,0.8935,0.4638,-1.8025,-31.885,1000.7004,right_u_turn,591.48,16,4.44
2519,1376402,0.0071,0.2275,1.0114,0.1488,-2.5725,-32.1037,1000.7021,right_u_turn,591.54,16,4.5
2520,1376462,0.1672,0.1166,1.0772,1.9512,-1.6013,-31.6488,1000.7007,right_u_turn,591.6,16,4.56
2521,1376522,0.1,0.2884,1.1326,3.3512,-1.12,-32.0163,1000.6907,right_u_turn,591.66,16,4.62
2522,1376582,0.0256,0.1878,0.9367,-0.6825,-3.185,-32.2438,1000.699,right_u_turn,591.72,16,4.68
2523,1376642,0.0432,0.214,1.0327,3.7887,-1.3038,-31.78,1000.6868,right_u_turn,591.78,16,4.74
2524,1376702,0.0871,0.2469,1.0426,2.4413,-1.7062,-32.13,1000.6975,right_u_turn,591.84,16,4.8
2525,1376762,-0.0085,0.2694,0.937,-1.0325,0.0175,-31.7188,1000.6982,right_u_turn,591.9,16,4.86
2526,1376822,0.1037,0.203,0.9836,-1.3388,-4.1737,-31.4912,1000.7021,right_u_turn,591.96,16,4.92
2527,1376882,0.0808,0.1974,0.9168,-0.2713,-1.0588,-31.3687,1000.6963,right_u_turn,592.02,16,4.98
2528,1376942,0.0835,0.2286,1.0009,0.1138,0.28,-31.7712,1000.6992,right_u_turn,592.08,16,5.04
2529,1377002,0.0895,0.1875,1.0167,1.6275,0.9013,-31.465,1000.6963,right_u_turn,592.14,16,5.1
2530,1377062,0.0746,0.2674,1.0458,2.275,-0.175,-31.99,1000.6956,right_u_turn,592.2,16,5.16
2531,1377122,0.0322,0.2228,0.9313,-0.6388,0.9975,-31.535,1000.6934,right_u_turn,592.26,16,5.22
2532,1377182,0.0802,0.2424,1.0981,-1.5225,-1.6363,-31.15,1000.6897,right_u_turn,592.32,16,5.28
2533,1377242,0.0756,0.1807,1.024,-0.945,-0.9362,-31.1763,1000.6938,right_u_turn,592.38,16,5.34
2534,1377302,0.0407,0.1845,0.9936,0.4638,0.3762,-31.2463,1000.6907,right_u_turn,592.44,16,5.4
2535,1377362,0.0791,0.2713,1.0629,-0.4638,-0.2275,-31.3862,1000.6982,right_u_turn,592.5,16,5.46
2536,1377422,0.1067,0.2781,1.0538,-1.5575,-2.4588,-31.5175,1000.7026,right_u_turn,592.56,16,5.52
2537,1377482,0.0562,0.1815,0.9861,1.1375,-2.2925,-31.0012,1000.6865,right_u_turn,592.62,16,5.58
2538,1377542,0.1005,0.2381,1.0885,0.6562,1.5225,-31.185,1000.6787,right_u_turn,592.68,16,5.64
2539,1377602,0.0661,0.2672,1.0316,-1.6975,0.4725,-31.3512,1000.6897,right_u_turn,592.74,16,5.7
2540,1377662,0.0869,0.1923,0.9782,-0.35,-0.6475,-30.8787,1000.6843,right_u_turn,592.8,16,5.76
2541,1377722,0.081,0.2043,1.0016,0.2013,-1.8025,-31.2288,1000.6729,right_u_turn,592.86,16,5.82
2542,1377782,0.0774,0.2898,1.0044,1.2162,-0.7788,-31.3775,1000.6694,right_u_turn,592.92,16,5.88
2543,1377842,0.0517,0.2748,0.9567,1.5312,0.4375,-31.3512,1000.6772,right_u_turn,592.98,16,5.94
2544,1377902,0.0872,0.2699,1.0621,0.2975,-0.5163,-31.8237,1000.6804,right_u_turn,593.04,16,6.0
2545,1377962,0.0968,0.2476,1.0214,-0.1312,-0.2013,-31.08,1000.698,right_u_turn,593.1,16,6.06
2546,1378022,0.0522,0.2448,0.9418,-2.1175,1.0063,-31.1675,1000.7178,right_u_turn,593.16,16,6.12
2547,1378082,0.0778,0.2021,0.955,0.8575,-1.435,-31.5175,1000.6707,right_u_turn,593.22,16,6.18
2548,1378142,0.0814,0.1926,1.0496,0.4112,-0.5075,-31.5175,1000.6836,right_u_turn,593.28,16,6.24
2549,1378202,-0.0198,0.2553,0.9787,0.2975,0.8138,-31.605,1000.6611,right_u_turn,593.34,16,6.3
2550,1378262,0.0432,0.2075,0.9921,0.3938,-0.9187,-31.7275,1000.6787,right_u_turn,593.4,16,6.36
2551,1378322,0.0443,0.2291,1.067,0.9013,2.45,-30.765,1000.6606,right_u_turn,593.46,16,6.42
2552,1378382,0.0084,0.1125,0.9257,0.2188,-1.3388,-31.4825,1000.6458,right_u_turn,593.52,16,6.48
2553,1378442,0.0406,0.2991,1.0324,-0.7788,-1.54,-31.0625,1000.6428,right_u_turn,593.58,16,6.54
2554,1378502,0.0074,0.2533,0.9804,-0.595,-0.665,-31.0888,1000.6416,right_u_turn,593.64,16,6.6
2555,1378562,-0.001,0.1637,0.9994,-1.1287,-1.0063,-31.0362,1000.6292,right_u_turn,593.7,16,6.66
2556,1378622,-0.0576,0.1749,0.956,0.1488,0.3762,-30.4937,1000.6128,right_u_turn,593.76,16,6.72
2557,1378682,0.0796,0.2379,1.1491,-1.0325,-0.5425,-29.6712,1000.6226,right_u_turn,593.82,16,6.78
2558,1378742,-0.0049,0.2887,1.0579,-1.4438,-1.3913,-28.9625,1000.6128,right_u_turn,593.88,16,6.84
2559,1378802,-0.0306,0.2338,0.9756,1.2162,-1.1725,-28.7,1000.6238,right_u_turn,593.94,16,6.9
2560,1378862,-0.0181,0.2311,0.9389,0.0525,-1.4088,-27.755,1000.6335,right_u_turn,594.0,16,6.96
2561,1378922,-0.0422,0.149,0.8896,-1.7763,-1.4088,-27.0462,1000.6216,right_u_turn,594.06,16,7.02
2562,1378982,-0.0257,0.2371,0.9775,1.0675,-1.5575,-26.1625,1000.6165,right_u_turn,594.12,16,7.08
2563,1379042,0.0405,0.1634,1.0831,-1.75,2.2925,-24.885,1000.6055,right_u_turn,594.18,16,7.14
2564,1379102,-0.0027,0.1056,1.0207,0.105,0.3938,-23.8088,1000.6033,right_u_turn,594.24,16,7.2
2565,1379162,0.0105,0.1574,1.0285,0.5688,-0.4288,-23.3275,1000.6101,right_u_turn,594.3,16,7.26
2566,1379222,0.0623,0.1645,1.1182,0.14,-0.2188,-22.1287,1000.5962,right_u_turn,594.36,16,7.32
2567,1379282,-0.0497,0.174,0.9767,-0.28,1.19,-20.9912,1000.6079,right_u_turn,594.42,16,7.38
2568,1379342,-0.0251,0.1866,1.0672,-0.665,0.5075,-20.8512,1000.5959,right_u_turn,594.48,16,7.44
2569,1379402,-0.0641,0.1295,0.9826,0.21,-0.0088,-20.4662,1000.6118,right_u_turn,594.54,16,7.5
2570,1379462,-0.04,0.113,1.0368,1.6537,0.6388,-19.2062,1000.6003,right_u_turn,594.6,16,7.56
2571,1379522,-0.0366,0.0811,1.0103,-0.7175,0.0437,-18.445,1000.5933,right_u_turn,594.66,16,7.62
2572,1379582,-0.0054,0.115,0.9623,-0.0613,-2.2662,-17.4562,1000.5845,right_u_turn,594.72,16,7.68
2573,1379642,0.0027,0.2301,1.0568,-2.17,1.0063,-16.2138,1000.5989,right_u_turn,594.78,16,7.74
2574,1379702,-0.031,0.1496,0.9927,-2.3363,-1.4262,-15.7413,1000.5955,right_u_turn,594.84,16,7.8
2575,1379762,-0.0833,0.1589,0.9106,-0.2887,-1.4175,-14.805,1000.593,right_u_turn,594.9,16,7.86
2576,1379822,-0.0581,0.0903,1.0475,-0.4462,1.4088,-13.3088,1000.5962,right_u_turn,594.96,16,7.92
2577,1379882,-0.038,0.0635,0.9995,-1.2075,1.6625,-12.18,1000.5952,right_u_turn,595.02,16,7.98
2578,1379942,-0.077,0.0951,0.9151,1.4175,-0.5425,-10.8237,1000.5813,right_u_turn,595.08,16,8.04
2579,1380002,-0.0417,0.0407,1.0245,1.6275,0.9013,-10.605,1000.5732,right_u_turn,595.14,16,8.1
2580,1380062,-0.0968,0.0515,0.8825,-1.9863,0.4288,-9.2925,1000.582,right_u_turn,595.2,16,8.16
2581,1380122,-0.0467,0.081,1.0714,-0.21,0.5163,-8.5487,1000.5569,right_u_turn,595.26,16,8.22
2582,1380182,-0.0744,0.0309,1.0332,0.3938,1.6013,-7.5862,1000.5791,right_u_turn,595.32,16,8.28
2583,1380242,-0.0454,0.0847,1.0049,-1.995,1.3737,-6.7288,1000.571,right_u_turn,595.38,16,8.34
2584,1380302,-0.1037,0.0795,0.9292,-0.14,0.7175,-6.3263,1000.5776,right_u_turn,595.44,16,8.4
2585,1380362,-0.0276,-0.0443,1.0014,-0.7088,0.5163,-5.1712,1000.5813,right_u_turn,595.5,16,8.46
2586,1380422,-0.0649,0.0466,1.0372,0.4725,-0.7613,-4.9525,1000.5806,right_u_turn,595.56,16,8.52
2587,1380482,-0.0283,-0.0054,1.0388,1.8637,-0.105,-5.0837,1000.5759,right_u_turn,595.62,16,8.58
2588,1380542,-0.0459,0.0929,0.9321,1.8112,0.6562,-4.4275,1000.5659,right_u_turn,595.68,16,8.64
2589,1380602,-0.0295,0.052,1.0885,0.315,3.0187,-4.025,1000.5686,right_u_turn,595.74,16,8.7
2590,1380662,-0.0237,0.0461,1.0218,1.2513,-1.33,-3.535,1000.5847,right_u_turn,595.8,16,8.76
2591,1380722,0.0293,0.1084,1.1803,0.4288,1.4438,-1.7675,1000.5786,right_u_turn,595.86,16,8.82
2592,1380782,-0.0698,0.0498,0.9506,-0.525,0.3587,-1.7587,1000.5706,right_u_turn,595.92,16,8.88
2593,1380842,-0.0234,0.0066,1.0314,0.7875,-0.56,-1.575,1000.5642,right_u_turn,595.98,16,8.94
2594,1380902,-0.0647,0.0984,0.9469,-1.26,0.035,-1.1988,1000.5637,right_u_turn,596.04,16,9.0
2595,1380962,-0.0081,-0.0171,1.0168,0.245,0.0,-0.7,1000.5625,right_u_turn,596.1,16,9.06
2596,1381022,-0.0254,0.0234,0.9728,2.0038,0.1488,-0.28,1000.5593,right_u_turn,596.16,16,9.12
2597,1381082,-0.0902,0.0066,0.9019,1.0588,0.1488,-0.0613,1000.5757,right_u_turn,596.22,16,9.18
2598,1381142,-0.0539,0.0594,0.894,0.455,-1.0325,0.105,1000.5476,right_u_turn,596.28,16,9.24
2599,1392482,-0.0559,0.0264,1.0209,0.1488,-0.6388,0.035,1000.6729,right_u_turn,607.62,17,0.0
2600,1392542,-0.0512,0.0456,1.0045,0.6475,-1.54,-0.385,1000.6702,right_u_turn,607.68,17,0.06
2601,1392602,-0.0264,0.0293,1.0299,1.0412,-0.4725,-0.945,1000.6672,right_u_turn,607.74,17,0.12
2602,1392662,-0.0241,0.0325,0.9613,0.3675,-1.5225,-1.1812,1000.6648,right_u_turn,607.8,17,0.18
2603,1392722,-0.0154,0.0639,0.975,1.2687,-0.0175,-1.645,1000.6619,right_u_turn,607.86,17,0.24
2604,1392782,0.0318,0.0127,0.9836,0.9362,-0.4112,-2.38,1000.6628,right_u_turn,607.92,17,0.3
2605,1392842,0.021,0.0493,1.023,0.7,-0.4288,-2.8087,1000.6482,right_u_turn,607.98,17,0.36
2606,1392902,-0.0352,0.0351,0.9714,0.175,-0.0262,-3.4125,1000.6699,right_u_turn,608.04,17,0.42
2607,1392962,-0.0493,0.0387,0.9063,0.2887,0.0962,-3.6837,1000.6636,right_u_turn,608.1,17,0.48
2608,1393022,-0.0124,0.0649,0.985,0.2887,1.2425,-3.7362,1000.6587,right_u_turn,608.16,17,0.54
2609,1393082,-0.0168,0.0762,0.9541,-0.21,-0.2713,-4.41,1000.6633,right_u_turn,608.22,17,0.6
2610,1393142,-0.0054,0.0795,0.9592,0.5775,0.35,-4.7337,1000.6548,right_u_turn,608.28,17,0.66
2611,1393202,-0.0371,0.0587,0.9726,1.0412,0.6125,-5.6788,1000.6648,right_u_turn,608.34,17,0.72
2612,1393262,-0.0288,0.042,0.9733,0.175,-0.3587,-6.2038,1000.6621,right_u_turn,608.4,17,0.78
2613,1393322,0.0061,0.1219,1.0346,-0.4462,0.4025,-6.4488,1000.6646,right_u_turn,608.46,17,0.84
2614,1393382,-0.0285,0.112,0.9726,0.8662,-0.1838,-7.7263,1000.6548,right_u_turn,608.52,17,0.9
2615,1393442,-0.0012,0.109,1.0145,1.0412,1.645,-8.4788,1000.6589,right_u_turn,608.58,17,0.96
2616,1393502,-0.031,0.1334,0.9348,0.4725,-0.2188,-9.5725,1000.6641,right_u_turn,608.64,17,1.02
2617,1393562,0.0254,0.0988,1.0621,-0.2975,0.595,-10.1675,1000.6533,right_u_turn,608.7,17,1.08
2618,1393622,0.0971,0.1349,1.1261,2.66,0.7437,-10.8237,1000.6555,right_u_turn,608.76,17,1.14
2619,1393682,-0.0527,0.1335,0.9494,3.0975,-0.525,-12.2063,1000.6594,right_u_turn,608.82,17,1.2
2620,1393742,-0.0059,0.1318,1.008,-0.2713,0.6913,-12.53,1000.657,right_u_turn,608.88,17,1.26
2621,1393802,0.0329,0.1384,0.9086,0.805,-1.9688,-14.1225,1000.6455,right_u_turn,608.94,17,1.32
2622,1393862,0.0301,0.101,0.9521,0.6562,-2.6862,-14.3938,1000.6506,right_u_turn,609.0,17,1.38
2623,1393922,-0.0642,0.1956,0.9426,2.6425,-0.91,-14.8225,1000.6541,right_u_turn,609.06,17,1.44
2624,1393982,0.0444,0.1196,0.9611,-0.7,-0.5337,-14.91,1000.6372,right_u_turn,609.12,17,1.5
2625,1394042,0.1056,0.1398,1.0205,-3.5175,-2.1962,-15.785,1000.6323,right_u_turn,609.18,17,1.56
2626,1394102,-0.0071,0.2079,0.9624,-1.5575,-1.7413,-16.975,1000.6445,right_u_turn,609.24,17,1.62
2627,1394162,0.0459,0.1576,1.0175,-1.785,1.9775,-18.06,1000.637,right_u_turn,609.3,17,1.68
2628,1394222,0.0622,0.152,1.0408,-0.175,-0.0525,-18.9875,1000.644,right_u_turn,609.36,17,1.74
2629,1394282,0.0196,0.1393,1.0245,-0.0962,0.9887,-19.6612,1000.6438,right_u_turn,609.42,17,1.8
2630,1394342,0.049,0.1562,0.9765,1.9775,1.6363,-20.685,1000.6462,right_u_turn,609.48,17,1.86
2631,1394402,0.0303,0.1944,0.9902,1.75,0.28,-21.3062,1000.6379,right_u_turn,609.54,17,1.92
2632,1394462,0.0768,0.2395,0.9952,0.7262,0.1138,-22.6712,1000.6421,right_u_turn,609.6,17,1.98
2633,1394522,0.1164,0.1996,0.9492,0.7962,-1.1463,-23.9662,1000.6355,right_u_turn,609.66,17,2.04
2634,1394582,0.118,0.2442,1.047,0.9275,1.5225,-25.235,1000.6328,right_u_turn,609.72,17,2.1
2635,1394642,0.0551,0.2901,0.9177,1.5312,-1.0237,-26.845,1000.6194,right_u_turn,609.78,17,2.16
2636,1394702,0.0393,0.2608,1.0336,0.7788,2.3888,-27.9912,1000.6248,right_u_turn,609.84,17,2.22
2637,1394762,0.0098,0.2198,0.9249,0.1138,1.3737,-28.6475,1000.6331,right_u_turn,609.9,17,2.28
2638,1394822,0.0273,0.265,0.9801,-0.4462,-0.665,-29.0763,1000.6392,right_u_turn,609.96,17,2.34
2639,1394882,0.0325,0.2096,0.9946,-1.3038,-0.1838,-30.4325,1000.6465,right_u_turn,610.02,17,2.4
2640,1394942,0.1158,0.2006,0.9894,0.0962,-0.98,-30.5987,1000.6414,right_u_turn,610.08,17,2.46
2641,1395002,0.1161,0.2445,1.0221,-1.2775,-1.2075,-30.5812,1000.6357,right_u_turn,610.14,17,2.52
2642,1395062,0.1174,0.2508,0.9979,-1.8725,1.0675,-31.0187,1000.6421,right_u_turn,610.2,17,2.58
2643,1395122,0.0813,0.2034,1.0152,-0.875,-2.9838,-31.9287,1000.6467,right_u_turn,610.26,17,2.64
2644,1395182,0.0448,0.138,1.0041,-0.07,-0.035,-32.7513,1000.6479,right_u_turn,610.32,17,2.7
2645,1395242,0.0339,0.2053,0.915,-1.19,-1.925,-32.1738,1000.634,right_u_turn,610.38,17,2.76
2646,1395302,0.0364,0.2101,0.9492,-1.33,-1.1463,-31.6925,1000.6436,right_u_turn,610.44,17,2.82
2647,1395362,0.0534,0.1659,1.0284,-0.4112,-1.75,-31.7975,1000.6604,right_u_turn,610.5,17,2.88
2648,1395422,0.07,0.1601,0.926,0.3938,-0.8575,-32.0337,1000.6504,right_u_turn,610.56,17,2.94
2649,1395482,0.0432,0.2484,0.9805,-0.9625,-1.5575,-32.13,1000.6433,right_u_turn,610.62,17,3.0
2650,1395542,0.08,0.2711,1.0144,0.6475,-2.6337,-32.1387,1000.6416,right_u_turn,610.68,17,3.06
2651,1395602,0.0273,0.2047,0.9336,0.245,-0.4462,-32.4975,1000.6465,right_u_turn,610.74,17,3.12
2652,1395662,0.0614,0.234,1.0124,0.2537,-1.5662,-32.7513,1000.6562,right_u_turn,610.8,17,3.18
2653,1395722,0.0637,0.214,1.0011,1.3212,-1.89,-32.3662,1000.655,right_u_turn,610.86,17,3.24
2654,1395782,0.0391,0.2711,1.0611,0.0175,-0.7,-32.6813,1000.6582,right_u_turn,610.92,17,3.3
2655,1395842,0.0361,0.2158,0.9179,0.4725,-1.4525,-32.5062,1000.6582,right_u_turn,610.98,17,3.36
2656,1395902,0.0431,0.206,0.967,-0.0787,0.105,-32.8213,1000.6562,right_u_turn,611.04,17,3.42
2657,1395962,0.049,0.1884,0.9742,-0.2887,-1.89,-32.9437,1000.6394,right_u_turn,611.1,17,3.48
2658,1396022,0.0322,0.1998,0.9389,0.3587,-0.035,-33.215,1000.6646,right_u_turn,611.16,17,3.54
2659,1396082,0.0905,0.252,0.9973,0.3237,-0.1838,-32.4712,1000.6521,right_u_turn,611.22,17,3.6
2660,1396142,0.0566,0.2245,1.0048,0.6212,-0.2188,-32.5938,1000.6543,right_u_turn,611.28,17,3.66
2661,1396202,0.0574,0.225,1.0002,-0.3762,-0.6825,-32.34,1000.6587,right_u_turn,611.34,17,3.72
2662,1396262,0.0417,0.2071,1.013,-1.33,-1.1375,-32.515,1000.6592,right_u_turn,611.4,17,3.78
2663,1396322,0.0463,0.2216,0.9831,0.2275,-0.1225,-32.4538,1000.6587,right_u_turn,611.46,17,3.84
2664,1396382,0.0952,0.2198,1.0182,-0.1225,-1.0675,-32.1738,1000.6541,right_u_turn,611.52,17,3.9
2665,1396442,0.0618,0.2618,1.0125,-0.35,0.7262,-32.235,1000.6619,right_u_turn,611.58,17,3.96
2666,1396502,0.0366,0.2557,0.9681,-1.3212,0.1138,-32.4538,1000.6689,right_u_turn,611.64,17,4.02
2667,1396562,0.0686,0.1952,0.9662,-1.5575,-0.8662,-32.4975,1000.6594,right_u_turn,611.7,17,4.08
2668,1396622,0.0436,0.2635,1.0265,0.4025,-0.665,-32.4538,1000.6575,right_u_turn,611.76,17,4.14
2669,1396682,0.0422,0.2528,1.0311,-0.315,-0.5163,-32.7863,1000.6602,right_u_turn,611.82,17,4.2
2670,1396742,0.0201,0.1725,0.9428,-0.7,-0.8838,-32.9875,1000.6763,right_u_turn,611.88,17,4.26
2671,1396802,0.0234,0.1962,0.9497,0.175,-0.3938,-32.69,1000.6707,right_u_turn,611.94,17,4.32
2672,1396862,0.0592,0.2094,0.9106,0.4025,0.2275,-32.7075,1000.6807,right_u_turn,612.0,17,4.38
2673,1396922,0.059,0.265,0.9794,-0.5775,-1.1463,-32.585,1000.6702,right_u_turn,612.06,17,4.44
2674,1396982,0.0567,0.2489,0.9933,-1.1025,-0.315,-32.5325,1000.6826,right_u_turn,612.12,17,4.5
2675,1397042,0.0373,0.215,0.9831,-0.6913,-1.0237,-32.8387,1000.6877,right_u_turn,612.18,17,4.56
2676,1397102,0.0609,0.2428,1.0934,0.1925,0.5863,-32.3575,1000.6772,right_u_turn,612.24,17,4.62
2677,1397162,0.0591,0.2686,1.0867,0.1488,0.175,-32.3138,1000.6838,right_u_turn,612.3,17,4.68
2678,1397222,0.06,0.182,0.9433,0.6125,-1.2075,-32.1125,1000.6948,right_u_turn,612.36,17,4.74
2679,1397282,0.0656,0.1746,1.0383,0.595,-0.8575,-31.5963,1000.6892,right_u_turn,612.42,17,4.8
2680,1397342,0.0466,0.2338,0.9853,2.0912,1.6275,-31.5525,1000.6912,right_u_turn,612.48,17,4.86
2681,1397402,0.0368,0.3121,0.9362,0.5075,-0.7788,-31.2725,1000.6785,right_u_turn,612.54,17,4.92
2682,1397462,0.0415,0.1515,0.9633,-0.4638,1.4088,-30.8525,1000.6833,right_u_turn,612.6,17,4.98
2683,1397522,-0.0181,0.1862,0.9719,0.7262,1.4262,-30.3188,1000.4871,right_u_turn,612.66,17,5.04
2684,1397582,0.0554,0.2435,1.0055,0.0088,0.5863,-30.7388,999.7048,right_u_turn,612.72,17,5.1
2685,1397642,0.0062,0.2042,0.9189,0.07,-1.1025,-30.135,999.4089,right_u_turn,612.78,17,5.16
2686,1397702,0.0163,0.1757,1.0368,0.77,-0.1138,-29.4,999.7156,right_u_turn,612.84,17,5.22
2687,1397762,0.0181,0.1427,1.0072,2.7475,-1.75,-28.6912,999.978,right_u_turn,612.9,17,5.28
2688,1397822,-0.0695,0.1881,0.9494,2.6775,-1.1375,-28.805,1000.4634,right_u_turn,612.96,17,5.34
2689,1397882,-0.042,0.1768,1.0188,2.1788,-1.8725,-27.965,1000.5532,right_u_turn,613.02,17,5.4
2690,1397942,-0.0151,0.3155,1.0034,1.1638,0.3587,-27.1075,1000.5481,right_u_turn,613.08,17,5.46
2691,1398002,0.0281,0.1964,1.0843,-0.1575,-3.745,-27.1425,1000.5703,right_u_turn,613.14,17,5.52
2692,1398062,-0.0223,0.2062,0.8933,-1.5312,-1.4963,-27.5975,1000.6189,right_u_turn,613.2,17,5.58
2693,1398122,0.0359,0.2201,0.9431,-1.365,2.0912,-27.3175,1000.6667,right_u_turn,613.26,17,5.64
2694,1398182,-0.0002,0.2606,1.0095,-0.105,0.2188,-26.7838,1000.6824,right_u_turn,613.32,17,5.7
2695,1398242,0.0241,0.2282,1.0728,0.4725,2.1788,-27.3525,1000.7024,right_u_turn,613.38,17,5.76
2696,1398302,0.0173,0.1889,1.0526,-0.63,-1.6975,-27.265,1000.7224,right_u_turn,613.44,17,5.82
2697,1398362,0.0068,0.1984,1.0102,-0.2188,-0.7175,-27.125,1000.7317,right_u_turn,613.5,17,5.88
2698,1398422,-0.0039,0.2272,0.9618,0.595,-0.35,-27.0462,1000.7466,right_u_turn,613.56,17,5.94
2699,1398482,0.0364,0.2128,0.9706,0.2188,-3.1063,-26.7313,1000.748,right_u_turn,613.62,17,6.0
2700,1398542,-0.0276,0.2279,0.9723,2.17,-1.33,-26.5387,1000.741,right_u_turn,613.68,17,6.06
2701,1398602,-0.0268,0.2867,0.9843,1.155,-0.2013,-26.11,1000.7356,right_u_turn,613.74,17,6.12
2702,1398662,0.0319,0.1928,1.0279,0.2537,0.2713,-25.6987,1000.7451,right_u_turn,613.8,17,6.18
2703,1398722,-0.0161,0.1895,1.0123,-1.0675,-1.4612,-24.4212,1000.752,right_u_turn,613.86,17,6.24
2704,1398782,-0.0139,0.2267,1.0609,-1.0938,-0.1925,-23.6162,1000.7629,right_u_turn,613.92,17,6.3
2705,1398842,-0.0076,0.2091,1.0297,-0.4025,-0.0962,-22.9862,1000.7517,right_u_turn,613.98,17,6.36
2706,1398902,0.0049,0.1757,0.9995,0.5425,-1.0938,-23.1787,1000.7512,right_u_turn,614.04,17,6.42
2707,1398962,-0.0261,0.2084,0.9836,-0.3587,-1.75,-22.5487,1000.7439,right_u_turn,614.1,17,6.48
2708,1399022,-0.0107,0.2098,1.026,0.4112,-2.7562,-22.4525,1000.7405,right_u_turn,614.16,17,6.54
2709,1399082,-0.0245,0.1979,0.9381,1.1812,-1.96,-21.98,1000.738,right_u_turn,614.22,17,6.6
2710,1399142,-0.0442,0.1684,0.9471,0.665,-1.05,-21.4375,1000.7405,right_u_turn,614.28,17,6.66
2711,1399202,0.039,0.2014,0.9982,0.1225,0.2713,-20.51,1000.7437,right_u_turn,614.34,17,6.72
2712,1399262,-0.0119,0.1288,0.9432,-0.105,-2.8875,-20.4137,1000.7351,right_u_turn,614.4,17,6.78
2713,1399322,-0.0551,0.1723,1.0127,0.1925,-0.6125,-19.2325,1000.7317,right_u_turn,614.46,17,6.84
2714,1399382,-0.0061,0.0912,0.9553,-1.4262,0.175,-18.5938,1000.7341,right_u_turn,614.52,17,6.9
2715,1399442,-0.0517,0.1412,1.0426,-0.2713,0.105,-17.2288,1000.7278,right_u_turn,614.58,17,6.96
2716,1399502,-0.041,0.0781,0.9689,-1.3212,-0.7788,-15.8462,1000.7209,right_u_turn,614.64,17,7.02
2717,1399562,-0.0297,0.0847,1.0122,0.35,0.7088,-14.6213,1000.7173,right_u_turn,614.7,17,7.08
2718,1399622,-0.0564,0.1183,0.9783,0.35,-0.42,-13.6237,1000.7104,right_u_turn,614.76,17,7.14
2719,1399682,-0.0415,0.0925,0.9821,-0.2275,-0.9187,-12.6613,1000.7183,right_u_turn,614.82,17,7.2
2720,1399742,0.0043,0.0312,1.0726,2.6862,-1.0762,-11.4187,1000.7104,right_u_turn,614.88,17,7.26
2721,1399802,-0.0608,0.0839,0.8706,0.8225,-1.5925,-10.8237,1000.7073,right_u_turn,614.94,17,7.32
2722,1399862,-0.0268,0.0759,1.0353,1.3038,1.785,-10.0188,1000.7058,right_u_turn,615.0,17,7.38
2723,1399922,-0.0642,0.0514,0.9201,1.225,-0.6825,-9.0037,1000.7021,right_u_turn,615.06,17,7.44
2724,1399982,-0.0327,0.0425,0.9052,0.07,-0.07,-8.4613,1000.7036,right_u_turn,615.12,17,7.5
2725,1400042,-0.0542,0.083,0.9608,0.0875,-0.8313,-7.4462,1000.6968,right_u_turn,615.18,17,7.56
2726,1400102,-0.02,0.0625,1.0446,0.1575,0.3063,-6.895,1000.6904,right_u_turn,615.24,17,7.62
2727,1400162,-0.0164,0.0308,1.0345,0.2013,-0.5075,-6.3175,1000.6938,right_u_turn,615.3,17,7.68
2728,1400222,-0.0193,0.0905,1.0285,1.645,0.3587,-5.845,1000.7034,right_u_turn,615.36,17,7.74
2729,1400282,-0.009,0.063,1.0331,1.2425,0.665,-5.67,1000.6914,right_u_turn,615.42,17,7.8
2730,1400342,-0.0809,-0.0249,0.8907,3.0013,-0.3237,-5.5388,1000.7036,right_u_turn,615.48,17,7.86
2731,1400402,-0.0138,0.0978,0.965,0.6562,-1.26,-5.565,1000.7034,right_u_turn,615.54,17,7.92
2732,1400462,-0.0254,0.0605,0.9462,0.1488,0.6212,-4.8913,1000.7024,right_u_turn,615.6,17,7.98
2733,1400522,-0.0182,-0.0246,0.9318,-0.4725,0.56,-4.4012,1000.7007,right_u_turn,615.66,17,8.04
2734,1400582,-0.0385,0.0178,0.9311,0.4025,-0.3063,-3.5963,1000.6978,right_u_turn,615.72,17,8.1
2735,1400642,-0.0404,0.0557,1.0213,1.2075,0.5075,-2.9925,1000.71,right_u_turn,615.78,17,8.16
2736,1400702,-0.0044,0.0539,1.0807,0.385,0.6825,-2.5812,1000.699,right_u_turn,615.84,17,8.22
2737,1400762,-0.0275,0.0141,0.9591,1.0938,0.4288,-1.8725,1000.7031,right_u_turn,615.9,17,8.28
2738,1400822,-0.0202,0.0222,1.0214,-0.4462,1.8987,-1.2862,1000.707,right_u_turn,615.96,17,8.34
2739,1400882,-0.0632,0.0291,0.9279,0.1138,-2.0213,-1.4787,1000.6924,right_u_turn,616.02,17,8.4
2740,1400942,0.0018,-0.0337,1.0297,1.2337,0.9013,-1.2862,1000.7041,right_u_turn,616.08,17,8.46
2741,1401002,-0.0126,-0.0205,1.0066,0.9712,-0.6913,-1.5838,1000.6877,right_u_turn,616.14,17,8.52
2742,1401062,-0.0135,-0.0228,1.0252,1.8637,0.5163,-1.5838,1000.7039,right_u_turn,616.2,17,8.58
2743,1401122,0.0024,0.0448,0.9907,1.8375,-0.3938,-1.4525,1000.7092,right_u_turn,616.26,17,8.64
2744,1401182,0.0303,0.0173,1.0209,0.3063,0.665,-0.9187,1000.7039,right_u_turn,616.32,17,8.7
2745,1401242,0.0027,0.0691,0.9542,0.28,-1.2775,-1.05,1000.6958,right_u_turn,616.38,17,8.76
2746,1401302,0.0181,0.081,0.9673,1.155,-1.4262,-0.6562,1000.7104,right_u_turn,616.44,17,8.82
2747,1401362,0.0105,0.0378,1.0768,1.015,1.9075,-0.49,1000.7083,right_u_turn,616.5,17,8.88
2748,1401422,-0.0129,0.0222,0.9626,0.245,-1.8375,-0.2975,1000.7012,right_u_turn,616.56,17,8.94
2749,1401482,0.0384,-0.0001,1.0311,1.2775,0.1838,-0.0525,1000.7053,right_u_turn,616.62,17,9.0
2750,1401542,0.053,-0.0257,1.0863,0.4462,-0.315,0.4288,1000.7114,right_u_turn,616.68,17,9.06
