timestamp,a_x,a_y,a_z,dps_x,dps_y,dps_z,pressure,target
357362,0.0059,0.0244,0.9966,0.1575,0.1225,0.2100,1000.9346,left_turn
357422,0.0066,0.0242,0.9982,0.0962,0.1138,0.2275,1000.9478,left_turn
357482,0.0057,0.0241,0.9972,0.1925,0.1138,0.1838,1000.9412,left_turn
357542,0.0054,0.0249,0.9917,0.1750,0.0350,0.1838,1000.9431,left_turn
357602,0.0071,0.0236,0.9955,0.2275,-0.0262,0.2362,1000.9426,left_turn
357662,0.0040,0.0222,0.9929,0.1312,0.0962,0.2450,1000.9409,left_turn
357722,0.0046,0.0222,0.9928,0.1575,0.0962,0.1575,1000.9451,left_turn
357782,0.0054,0.0227,0.9920,0.1488,0.0962,0.2013,1000.9460,left_turn
357842,0.0054,0.0242,0.9929,0.2275,0.1225,0.1750,1000.9468,left_turn
357902,0.0053,0.0244,0.9922,0.1750,0.0787,0.2188,1000.9456,left_turn
357962,0.0052,0.0234,0.9941,0.1312,-0.0262,0.2013,1000.9399,left_turn
358022,0.0051,0.0229,0.9931,0.1575,-0.1312,0.2188,1000.9390,left_turn
358082,0.0059,0.0239,0.9967,0.2275,0.0962,0.2013,1000.9395,left_turn
358142,0.0056,0.0257,0.9966,0.1750,-0.0262,0.2275,1000.9399,left_turn
358202,0.0076,0.0241,0.9984,0.1050,0.0525,0.2537,1000.9312,left_turn
358262,0.0043,0.0259,0.9964,0.1750,0.1138,0.2188,1000.9517,left_turn
358322,0.0068,0.0268,0.9929,-0.0088,0.1312,0.1750,1000.9468,left_turn
358382,0.0136,0.0239,1.0008,0.0700,0.0437,0.3063,1000.9404,left_turn
358442,0.0088,0.0373,0.9697,-0.0525,-0.4200,0.2537,1000.9443,left_turn
358502,0.0151,0.0217,1.0182,0.1225,0.0175,0.3150,1000.9426,left_turn
358562,0.0030,0.0271,0.9902,0.1225,0.0437,0.2713,1000.9355,left_turn
358622,0.0044,0.0249,0.9984,0.2537,0.1575,0.2188,1000.9417,left_turn
358682,0.0044,0.0251,0.9974,0.2013,0.1400,0.2887,1000.9458,left_turn
358742,0.0035,0.0282,0.9953,0.2713,0.0787,0.2450,1000.9387,left_turn
358802,-0.0004,0.0296,0.9920,0.1750,0.0875,0.1925,1000.9473,left_turn
358862,0.0037,0.0329,0.9899,0.2362,0.1488,0.2013,1000.9475,left_turn
358922,-0.0337,0.0246,0.9836,0.2800,0.2975,0.2537,1000.9456,left_turn
358982,-0.0615,0.0143,0.9407,-0.3587,0.6562,0.1925,1000.9460,left_turn
359042,-0.0448,0.0412,1.0217,0.2800,0.9275,0.2887,1000.9395,left_turn
359102,-0.0598,0.0315,0.9906,-0.0437,0.5250,0.2887,1000.9375,left_turn
359162,-0.0571,0.0220,1.0021,0.2100,0.4375,0.2100,1000.9436,left_turn
359222,-0.0651,0.0269,0.9967,0.1050,0.1663,0.1575,1000.9475,left_turn
359282,-0.0889,0.0241,0.9948,0.2713,0.1312,0.2275,1000.9385,left_turn
359342,-0.1069,0.0230,0.9919,0.2450,0.4900,0.3500,1000.9473,left_turn
359402,-0.1097,0.0251,0.9925,0.1400,0.6300,0.3762,1000.9495,left_turn
359462,-0.1222,0.0229,0.9921,0.0787,0.6913,0.2800,1000.9480,left_turn
359522,-0.1408,0.0203,0.9928,0.0262,0.6737,0.2713,1000.9458,left_turn
359582,-0.1515,0.0224,0.9923,0.1663,0.7875,0.2537,1000.9514,left_turn
359642,-0.1621,0.0178,0.9948,-0.0088,0.5512,0.3325,1000.9458,left_turn
359702,-0.1600,0.0176,0.9989,0.2013,0.5250,0.3938,1000.9558,left_turn
359762,-0.1595,0.0084,0.9972,0.3413,0.3762,0.3938,1000.9453,left_turn
359822,-0.1627,0.0132,0.9995,0.4812,0.4638,0.4988,1000.9507,left_turn
359882,-0.1693,0.0378,0.9831,0.0787,0.1663,0.4025,1000.9478,left_turn
359942,-0.1735,0.0078,0.9787,0.2800,0.0262,0.5950,1000.9463,left_turn
360002,-0.1537,0.0483,0.9994,0.1225,-0.2362,0.4638,1000.9409,left_turn
360062,-0.1571,0.0078,0.9972,-0.4025,-0.1138,0.5425,1000.9460,left_turn
360122,-0.1473,0.0241,1.0151,0.3413,0.3675,0.3587,1000.9399,left_turn
360182,-0.1383,0.0208,1.0208,0.0962,0.1750,0.4812,1000.9456,left_turn
360242,-0.1457,0.0344,0.9850,0.0875,-0.2625,0.3762,1000.9395,left_turn
360302,-0.1349,0.0123,0.9875,-0.0525,0.1575,0.5863,1000.9446,left_turn
360362,-0.1342,0.0166,1.0153,-0.4025,0.5600,0.7350,1000.9368,left_turn
360422,-0.1379,0.0037,1.0189,-0.5250,-0.2625,0.7437,1000.9346,left_turn
360482,-0.1403,0.0149,0.9996,1.2075,1.4787,0.4812,1000.9387,left_turn
360542,-0.1420,0.0131,0.9833,0.5863,1.1113,0.3237,1000.9341,left_turn
360602,-0.1322,-0.0430,0.9557,0.0962,0.2275,1.1550,1000.9395,left_turn
360662,-0.1435,0.0049,0.9762,0.7088,-0.4812,1.6363,1000.9287,left_turn
360722,-0.1188,-0.0203,1.0197,0.3325,0.1138,2.1525,1000.9238,left_turn
360782,-0.1099,0.0183,1.0035,-0.2450,-0.0613,2.3625,1000.9331,left_turn
360842,-0.1093,-0.0081,0.9801,0.3500,0.7875,2.3187,1000.9285,left_turn
360902,-0.0883,0.0020,0.9970,-0.5250,0.1312,2.6163,1000.9290,left_turn
360962,-0.0673,-0.0196,1.0468,-0.9362,0.7088,3.4125,1000.9219,left_turn
361022,-0.1257,-0.0262,0.9465,-1.3737,-0.6300,3.8763,1000.9229,left_turn
361082,-0.1096,-0.0483,0.9816,-0.0088,0.2713,4.0862,1000.9241,left_turn
361142,-0.1040,-0.0415,0.9570,-0.5600,-0.1575,4.7075,1000.9246,left_turn
361202,-0.0852,-0.0551,0.9892,1.0150,-0.0525,5.2238,1000.9233,left_turn
361262,-0.0525,-0.0390,1.0704,-0.0350,0.4288,6.3612,1000.9246,left_turn
361322,-0.0571,-0.0362,1.0302,1.8550,-0.7350,6.7463,1000.9255,left_turn
361382,-0.0368,-0.0386,1.0604,0.3413,-0.4550,7.6213,1000.9209,left_turn
361442,-0.1240,-0.0239,0.8998,-0.5863,-0.9887,8.0763,1000.9207,left_turn
361502,-0.0365,-0.0549,1.0772,0.1138,0.4112,8.4438,1000.9209,left_turn
361562,-0.0449,-0.0283,1.0184,0.2188,0.0175,8.5487,1000.9214,left_turn
361622,-0.0422,-0.0589,1.0687,-0.2887,0.3237,9.1700,1000.9226,left_turn
361682,-0.0432,-0.0348,1.0111,-0.7437,-0.7088,9.9137,1000.9155,left_turn
361742,-0.0361,-0.0938,0.9484,-1.0325,-0.4900,10.6575,1000.9219,left_turn
361802,-0.0386,-0.0570,0.9737,-0.5425,0.0262,10.9637,1000.9165,left_turn
361862,-0.0493,-0.0836,0.9970,-0.5950,0.6125,12.0138,1000.9172,left_turn
361922,-0.0532,-0.0835,0.9759,0.1400,-0.3675,12.6613,1000.9199,left_turn
361982,-0.0447,-0.0940,0.9877,-0.3675,0.1400,13.3962,1000.9160,left_turn
362042,-0.0159,-0.0594,1.0204,-0.2100,0.6737,14.0000,1000.9194,left_turn
362102,-0.0537,-0.0752,1.0172,-0.1488,1.2513,14.4900,1000.9143,left_turn
362162,-0.0343,-0.1742,0.9867,-0.2188,0.5075,15.1287,1000.9180,left_turn
362222,-0.0475,-0.1139,1.0171,-0.7437,0.9100,16.4762,1000.9146,left_turn
362282,-0.0495,-0.1837,0.9989,1.0237,0.2362,16.8962,1000.9192,left_turn
362342,-0.0412,-0.1039,0.9287,-0.4550,-0.7788,17.7975,1000.9055,left_turn
362402,-0.0343,-0.1039,0.9916,1.2513,-0.1575,18.2875,1000.9214,left_turn
362462,-0.0210,-0.1193,1.0265,0.2887,0.0350,19.1537,1000.9177,left_turn
362522,-0.0769,-0.1562,0.8993,0.7613,0.0700,19.4688,1000.9062,left_turn
362582,-0.0500,-0.1346,0.9142,1.1375,-0.9712,19.9937,1000.9229,left_turn
362642,-0.0046,-0.1410,1.0282,0.0875,0.5163,20.3612,1000.9041,left_turn
362702,-0.0198,-0.0842,0.9833,1.1725,0.0962,20.7288,1000.9094,left_turn
362762,-0.0303,-0.1330,0.9679,0.6300,0.6562,20.8512,1000.9055,left_turn
362822,-0.0068,-0.0966,0.9992,-0.0262,0.3063,20.8862,1000.9077,left_turn
362882,-0.0353,-0.1726,0.9643,-0.1838,0.9712,20.8250,1000.9119,left_turn
362942,-0.0005,-0.1476,1.0134,0.1138,0.4112,21.2100,1000.9072,left_turn
363002,0.0380,-0.0488,0.9980,0.3675,1.0588,21.2100,1000.9041,left_turn
363062,0.0719,-0.0917,0.9645,-1.9162,2.7300,21.6125,1000.9094,left_turn
363122,-0.0108,-0.1771,0.9748,1.1900,-0.0175,21.6562,1000.9045,left_turn
363182,-0.0073,-0.0634,1.0106,0.7350,1.2250,21.2800,1000.9045,left_turn
363242,0.0706,-0.0888,1.0899,-1.3737,-0.7525,21.8487,1000.9084,left_turn
363302,-0.0005,-0.0190,1.0255,2.4850,2.4150,21.4813,1000.8955,left_turn
363362,-0.0108,-0.1576,0.9060,-0.1400,-1.5925,21.0875,1000.9065,left_turn
363422,0.0435,-0.1344,1.0299,1.9688,0.7262,21.2013,1000.8965,left_turn
363482,0.0537,-0.1195,1.0435,1.0412,0.2887,21.3850,1000.8997,left_turn
363542,0.0842,-0.0851,1.0566,1.5312,-0.5337,21.3675,1000.8948,left_turn
363602,0.0554,-0.1305,0.9872,1.4000,0.1750,21.1225,1000.9053,left_turn
363662,0.0766,-0.0506,1.0416,0.3850,0.9187,20.9737,1000.9067,left_turn
363722,0.0988,-0.0464,1.0429,0.8925,0.9013,20.8337,1000.9004,left_turn
363782,0.0671,-0.0763,0.9804,1.1638,2.5375,20.4925,1000.9055,left_turn
363842,0.1286,-0.1271,0.9933,-1.5750,1.2600,20.5537,1000.9011,left_turn
363902,0.0354,-0.0942,0.9338,0.3063,-1.7150,20.6850,1000.9080,left_turn
363962,0.0422,-0.1094,0.9470,0.5600,-0.2188,20.1075,1000.9087,left_turn
364022,0.0325,-0.0783,1.0002,1.2075,0.8487,20.1075,1000.9038,left_turn
364082,0.0130,-0.0087,1.0081,1.4438,-0.7788,20.4312,1000.9084,left_turn
364142,-0.0475,-0.1161,0.9535,-0.3413,-1.0150,20.3175,1000.9082,left_turn
364202,0.0019,-0.0956,0.9774,0.3675,0.6300,20.2650,1000.9148,left_turn
364262,0.0620,-0.0345,1.0646,0.6650,1.5137,20.6063,1000.9058,left_turn
364322,0.0417,-0.0659,1.0075,-1.0412,-0.1575,20.4312,1000.9143,left_turn
364382,-0.0030,-0.1127,0.9897,-0.6300,1.0675,19.9762,1000.9036,left_turn
364442,-0.0281,-0.1182,0.9254,-0.6300,-0.0262,19.9850,1000.9111,left_turn
364502,0.0515,-0.1150,0.9545,-0.2975,-0.6825,20.2738,1000.9128,left_turn
364562,0.0174,-0.1017,0.9903,0.9975,0.3325,20.6500,1000.9114,left_turn
364622,-0.0063,-0.1664,0.9301,0.0875,-0.4025,20.5450,1000.9131,left_turn
364682,-0.0264,-0.1721,0.9791,1.9600,0.2188,20.6500,1000.9053,left_turn
364742,-0.0379,-0.1000,0.9718,1.1988,-0.2537,20.0725,1000.9019,left_turn
364802,0.0183,-0.1276,1.0175,0.0962,-1.1900,20.4400,1000.9031,left_turn
364862,-0.0010,-0.0354,0.9845,0.7175,0.0350,19.7488,1000.8999,left_turn
364922,0.0020,0.0115,0.9758,-0.5337,2.2662,19.2062,1000.9106,left_turn
364982,-0.0239,-0.0932,1.0119,-1.2425,-1.1287,18.0688,1000.9016,left_turn
365042,0.0034,-0.0480,1.0465,0.0175,-0.9800,18.1650,1000.8945,left_turn
365102,-0.0271,-0.0707,0.9746,-0.4288,-0.4112,17.2987,1000.8975,left_turn
365162,-0.0197,-0.1681,0.9191,-1.1287,-0.5337,16.4150,1000.9084,left_turn
365222,0.0040,0.0120,1.0538,0.3938,-1.8987,16.0212,1000.8948,left_turn
365282,-0.0432,-0.0659,1.0225,0.2713,0.1750,15.1725,1000.9026,left_turn
365342,-0.0090,-0.0364,1.0085,0.0525,0.9100,13.6500,1000.8960,left_turn
365402,-0.0129,0.0054,1.0028,0.4550,2.3450,12.8975,1000.8894,left_turn
365462,-0.0417,-0.0071,0.9485,1.2600,1.6537,11.9087,1000.8918,left_turn
365522,0.0339,-0.0144,1.0268,-1.2950,1.6888,12.1275,1000.8787,left_turn
365582,-0.0478,0.0341,0.9611,-0.8662,1.3038,11.5500,1000.8845,left_turn
365642,0.0002,-0.0600,1.0721,-0.0962,1.7938,10.6225,1000.8911,left_turn
365702,-0.0071,-0.0807,1.0002,1.4000,-0.4200,9.9050,1000.8889,left_turn
365762,-0.0353,0.0188,1.0041,1.5925,0.0875,8.5662,1000.8865,left_turn
365822,0.0099,-0.0012,1.0299,1.8900,-0.9275,7.9100,1000.8853,left_turn
365882,-0.0268,0.0985,1.0073,1.3388,-1.1287,7.1050,1000.8882,left_turn
365942,0.0253,0.0412,0.9345,1.9162,-1.7938,6.1075,1000.8801,left_turn
366002,0.0725,0.1806,1.1778,-1.0762,-1.5662,5.3113,1000.8801,left_turn
366062,0.0351,0.0400,1.0272,-0.0262,-1.0850,3.7188,1000.8733,left_turn
366122,0.0014,0.0349,0.9841,-1.4000,-1.9338,3.6137,1000.8821,left_turn
366182,-0.0368,0.0422,0.9197,-1.3737,-1.4175,2.8612,1000.8799,left_turn
366242,0.0041,0.0845,0.9648,-1.3475,-3.2987,2.5550,1000.8684,left_turn
366302,0.0559,-0.0015,1.0094,-0.6475,-0.9625,2.6163,1000.8718,left_turn
366362,-0.0466,-0.0141,0.8566,1.1200,-1.9600,1.8637,1000.8650,left_turn
366422,0.0708,0.1113,1.0680,1.9075,0.0350,1.4875,1000.8699,left_turn
366482,0.0753,-0.0054,0.9911,1.0150,0.0787,1.7150,1000.8701,left_turn
366542,0.0570,0.0642,1.0807,0.6125,1.3388,1.6537,1000.8787,left_turn
366602,0.0199,0.0584,0.9916,0.5425,1.1025,1.4262,1000.8701,left_turn
366662,0.0503,0.0120,1.0607,1.2337,3.4125,1.4438,1000.8638,left_turn
366722,0.0529,0.0334,0.9721,0.1138,0.6562,1.1375,1000.8716,left_turn
366782,0.0837,0.0798,0.9757,-0.1400,0.0088,1.1988,1000.8757,left_turn
366842,0.0395,0.0476,1.0157,0.2188,-0.8838,0.9975,1000.8833,left_turn
366902,0.0212,-0.0662,0.9596,-0.6212,-2.4237,1.1725,1000.8772,left_turn
366962,-0.0057,0.0718,1.0092,-0.3850,0.9362,0.9450,1000.8726,left_turn
367022,0.0476,0.0179,0.9672,-0.2800,1.4438,0.5512,1000.8650,left_turn
367082,0.0256,-0.0059,1.0164,-0.9975,1.0762,0.5425,1000.8679,left_turn
367142,0.0217,0.0359,1.0197,0.2188,-0.5950,0.7525,1000.8630,left_turn
367202,0.0592,-0.0025,1.0760,-0.9975,-0.3938,1.0938,1000.8606,left_turn
367262,0.0381,0.0359,0.9862,-0.2537,-1.2337,0.8662,1000.8745,left_turn
367322,0.0286,-0.0056,0.9557,0.5863,-0.9975,0.5863,1000.8748,left_turn
367382,0.0872,0.0366,1.0058,0.1575,-0.9187,0.6562,1000.8723,left_turn
367442,0.0634,0.0190,0.9712,0.8662,0.3500,0.6125,1000.8638,left_turn
367502,0.0352,0.0439,0.9889,1.5137,-0.4112,0.7350,1000.8647,left_turn
367562,0.0661,0.0503,1.0415,0.1225,0.0613,1.0150,1000.8743,left_turn
367622,0.0700,-0.0149,1.0139,1.9162,2.3100,0.6125,1000.8784,left_turn
367682,0.0465,-0.0034,1.0321,0.9187,1.5050,0.5688,1000.8782,left_turn
367742,0.0166,-0.0068,0.9614,0.0088,-0.0787,0.5688,1000.8804,left_turn
367802,0.0331,-0.0080,1.0556,0.6212,-1.3300,0.9275,1000.8687,left_turn
367862,0.0601,0.0626,0.9946,-0.5688,-0.2887,0.8575,1000.8708,left_turn
367922,0.0525,-0.0149,0.9972,-1.3650,-0.1575,1.2513,1000.8870,left_turn
367982,0.0428,0.0127,1.0241,-1.0675,0.2188,1.3737,1000.8845,left_turn
368042,0.0400,-0.0087,1.0363,-0.7788,-0.0875,1.7850,1000.8828,left_turn
368102,0.0361,-0.0237,0.9667,-0.5775,0.8662,1.8550,1000.8792,left_turn
368162,0.0037,-0.0412,1.0244,1.8637,1.5838,2.1525,1000.8896,left_turn
368222,0.0008,-0.0188,0.9734,-1.4963,1.0500,2.7650,1000.8699,left_turn
368282,-0.0109,-0.0124,1.0060,-0.2800,0.4375,3.0450,1000.8865,left_turn
368342,0.0057,-0.0034,1.0599,0.0437,0.8400,3.4650,1000.8882,left_turn
368402,-0.0090,-0.0395,1.0163,0.4375,0.5950,3.5525,1000.8870,left_turn
368462,-0.0213,-0.1050,0.9825,0.0525,1.3388,4.0687,1000.8843,left_turn
368522,-0.0217,-0.0871,0.9470,-1.3475,0.2537,5.5912,1000.8826,left_turn
368582,-0.0156,-0.0359,1.0287,0.4550,1.7850,6.7112,1000.8811,left_turn
368642,0.0432,-0.0115,1.0019,-2.3537,1.1812,7.9450,1000.8792,left_turn
368702,-0.0266,-0.1554,0.9118,1.0762,-0.2362,8.6450,1000.8767,left_turn
368762,-0.0051,-0.0508,0.8730,1.6537,-1.6100,9.7212,1000.8906,left_turn
368822,0.0687,-0.1005,0.9511,-0.5075,-4.1825,11.0425,1000.8889,left_turn
368882,0.0339,-0.1345,0.9538,-0.3587,-2.7738,11.5588,1000.8906,left_turn
368942,0.0481,-0.0827,0.9731,0.8750,-2.2137,11.9963,1000.9009,left_turn
369002,0.0772,-0.1332,1.0092,-1.7237,-1.3038,13.2125,1000.8875,left_turn
369062,0.0830,-0.0669,1.0314,-1.9775,0.0350,13.7638,1000.8965,left_turn
369122,0.0618,-0.1505,1.0563,-1.0938,-0.9013,14.8837,1000.8992,left_turn
369182,0.0381,-0.1679,0.9980,-0.9275,0.9712,14.9712,1000.8911,left_turn
369242,0.0859,-0.1535,1.0180,-0.2100,0.5688,16.3100,1000.8928,left_turn
369302,0.0328,-0.1630,0.9659,1.2337,-0.2013,17.4650,1000.8855,left_turn
369362,0.0881,-0.0772,1.0287,1.1900,0.2800,18.3925,1000.8899,left_turn
369422,0.1098,-0.0334,0.9487,-2.3012,1.0500,19.1100,1000.8943,left_turn
369482,0.0315,-0.1549,0.8325,0.1400,1.0675,19.4425,1000.8804,left_turn
369542,0.0598,-0.1342,0.8872,-0.9538,0.9100,19.6787,1000.8860,left_turn
369602,0.1196,-0.1042,1.0917,-0.0262,3.0275,20.9650,1000.9021,left_turn
369662,-0.0034,-0.1340,0.9553,-1.6537,2.8963,21.8750,1000.9043,left_turn
369722,0.1393,-0.1884,1.0260,-1.6275,1.5312,22.4875,1000.8928,left_turn
369782,0.0847,-0.2889,0.8623,-1.3650,2.2925,22.7588,1000.9180,left_turn
369842,0.0630,-0.1737,1.0914,2.2487,0.3675,24.5175,1000.9028,left_turn
369902,0.0322,-0.1890,0.9908,1.3300,-0.9538,25.0513,1000.9170,left_turn
369962,0.0349,-0.1774,1.0375,-0.2100,-0.8138,25.7862,1000.9065,left_turn
370022,0.0120,-0.2294,0.9750,1.4963,0.2450,26.9150,1000.9150,left_turn
370082,0.0237,-0.1250,1.0011,-0.8313,0.7262,27.8337,1000.9041,left_turn
370142,0.0168,-0.2258,0.9689,-0.3587,0.9625,29.1200,1000.8982,left_turn
370202,-0.0098,-0.2428,0.8962,0.1663,0.0350,30.0125,1000.9026,left_turn
370262,0.0708,-0.1947,1.0838,0.2800,0.8662,31.2025,1000.8994,left_turn
370322,-0.0005,-0.2100,0.8800,-0.6475,-0.2188,32.2525,1000.9050,left_turn
370382,0.0198,-0.2482,0.9872,-0.0700,1.8112,32.9963,1000.9058,left_turn
370442,0.0407,-0.1845,1.0591,2.0650,-0.1750,33.5737,1000.9082,left_turn
370502,0.0283,-0.1842,0.9218,-0.2887,0.5425,33.2238,1000.9146,left_turn
370562,-0.0004,-0.1677,0.9669,0.4462,0.8925,33.4338,1000.9033,left_turn
370622,0.0334,-0.1991,1.0060,-0.6913,0.2887,33.8013,1000.9077,left_turn
370682,0.0134,-0.2186,1.0011,0.4988,0.0437,33.7487,1000.9119,left_turn
370742,-0.0098,-0.2447,0.9634,1.3825,-0.1050,33.6437,1000.9119,left_turn
370802,0.0088,-0.1996,0.9438,1.5575,-0.7262,34.0462,1000.9045,left_turn
370862,0.0307,-0.1652,1.0307,0.1663,-0.1750,33.8713,1000.9075,left_turn
370922,-0.0120,-0.1903,0.9131,0.9100,1.4262,33.1100,1000.9067,left_turn
370982,-0.0001,-0.2040,0.9828,-0.0437,0.6037,32.6900,1000.9031,left_turn
371042,0.0001,-0.1282,1.0458,0.5600,0.6212,31.9550,1000.9065,left_turn
371102,0.0448,-0.1333,1.0853,0.0700,0.2013,31.7188,1000.9009,left_turn
371162,-0.0124,-0.2465,0.9963,-1.5488,-0.7437,31.5525,1000.8928,left_turn
371222,-0.0131,-0.1543,1.0480,-0.4375,-1.0588,31.1850,1000.8923,left_turn
371282,-0.0083,-0.2201,0.9406,-0.6475,-1.2250,30.4500,1000.8892,left_turn
371342,0.0490,-0.1914,1.0746,-1.5488,1.2162,29.9862,1000.8984,left_turn
371402,-0.0406,-0.2191,0.8911,0.3150,0.7088,29.0588,1000.8960,left_turn
371462,0.0056,-0.1983,1.0094,0.4112,0.4288,28.7350,1000.8972,left_turn
371522,-0.0240,-0.1610,0.9679,1.5750,0.2975,27.6500,1000.8882,left_turn
371582,0.0007,-0.1437,1.0386,1.2687,2.2400,26.8188,1000.8884,left_turn
371642,0.0026,-0.1222,1.0136,1.5838,0.3587,25.7512,1000.8984,left_turn
371702,-0.0657,-0.0744,0.9739,1.8987,1.6712,24.4825,1000.8943,left_turn
371762,0.0087,-0.0876,1.0313,0.0875,0.4112,22.8813,1000.8896,left_turn
371822,-0.0342,-0.1327,1.0129,0.6125,0.1225,22.0238,1000.8838,left_turn
371882,-0.0193,-0.0891,0.9733,-0.2450,-0.1575,20.9300,1000.8867,left_turn
371942,-0.0173,-0.1037,0.9855,-0.2362,0.9975,19.6525,1000.8860,left_turn
372002,-0.0249,-0.1301,0.9516,-0.2713,-1.8725,18.9088,1000.8860,left_turn
372062,-0.0282,-0.1534,1.0829,0.6300,0.6650,17.9550,1000.8860,left_turn
372122,0.0108,-0.1203,0.9940,-0.6300,-0.7875,17.4737,1000.8899,left_turn
372182,-0.0146,-0.1166,0.9678,-0.8050,0.3938,17.0625,1000.8906,left_turn
372242,-0.0581,-0.0805,0.9869,0.6212,-0.3675,16.1350,1000.8850,left_turn
372302,0.0000,-0.1469,0.9685,-0.2537,1.6975,15.4700,1000.8767,left_turn
372362,-0.0724,-0.0196,0.9584,0.5163,-0.4812,15.1112,1000.8806,left_turn
372422,-0.0490,-0.0533,0.9957,0.7788,0.3325,14.0000,1000.8813,left_turn
372482,-0.0449,-0.0379,1.0431,1.1550,0.4638,13.0550,1000.8674,left_turn
372542,-0.0856,0.0015,0.9638,0.4638,0.4900,11.7775,1000.8728,left_turn
372602,-0.0539,-0.0408,0.9720,1.0850,0.8925,10.7975,1000.8848,left_turn
372662,-0.0486,-0.0608,0.9850,-0.2362,0.0875,10.1412,1000.8782,left_turn
372722,-0.0644,-0.0317,0.9926,-0.1050,1.0762,9.0825,1000.8762,left_turn
372782,-0.0209,-0.0217,1.0438,-0.3150,0.2975,8.2600,1000.8799,left_turn
372842,0.0146,-0.0251,1.0221,0.7962,-0.3762,7.7525,1000.8792,left_turn
372902,-0.0198,0.0270,1.0246,0.5950,-0.1750,6.7463,1000.8787,left_turn
372962,-0.0769,0.0041,0.9933,0.9100,0.3063,5.9062,1000.8755,left_turn
373022,-0.0722,-0.0614,0.9492,0.3237,-0.4462,5.3900,1000.8816,left_turn
373082,-0.0288,0.0164,1.0118,0.4112,0.4375,5.0837,1000.8691,left_turn
373142,-0.0971,0.0132,0.9338,-0.3675,-0.7350,4.2000,1000.8784,left_turn
373202,-0.0508,-0.0049,1.0514,-0.8838,-1.1200,3.7625,1000.8687,left_turn
373262,-0.0573,0.0199,1.0348,0.3237,1.5838,3.0538,1000.8735,left_turn
373322,-0.0761,0.0419,0.9577,-1.9950,0.9275,2.9838,1000.8667,left_turn
373382,-0.0510,-0.0354,0.9440,0.3762,-1.9250,2.7650,1000.8696,left_turn
373442,-0.0052,-0.0107,1.0529,-0.7175,-0.5337,2.6075,1000.8674,left_turn
373502,-0.0793,0.0339,0.9462,0.9975,0.6125,2.2925,1000.8711,left_turn
373562,-0.0283,-0.0437,1.0643,1.3563,0.4988,1.4700,1000.8684,left_turn
373622,-0.1034,0.0609,0.9203,-0.0350,0.7262,1.3913,1000.8645,left_turn
373682,-0.1208,-0.0210,0.9292,2.8788,0.0437,1.2250,1000.8591,left_turn
373742,-0.0611,-0.0444,0.9406,0.3675,0.4550,1.1638,1000.8499,left_turn
373802,-0.0832,0.0571,0.9929,0.4375,0.2800,1.1287,1000.8608,left_turn
373862,-0.0290,-0.0032,1.1871,-0.2625,1.8375,0.6388,1000.8586,left_turn
373922,-0.0427,0.0275,0.9775,0.5600,0.5512,0.6825,1000.8484,left_turn
373982,-0.0561,-0.0140,1.0258,0.4812,0.3675,0.7175,1000.8535,left_turn
374042,-0.0562,-0.0270,0.9706,-0.7088,0.4988,0.7700,1000.8420,left_turn
374102,-0.0898,-0.0171,0.9258,1.0588,-0.4375,0.6737,1000.8494,left_turn
374162,-0.1374,0.0329,0.8369,-0.0962,-2.6075,0.6037,1000.8547,left_turn
374222,-0.1425,-0.0881,0.9263,2.8350,-0.9450,0.5600,1000.8562,left_turn
374282,-0.0867,0.0044,0.9880,0.8050,0.0875,0.0000,1000.8499,left_turn
374342,-0.0376,0.0266,0.9887,-1.1463,-0.8575,0.8838,1000.8396,left_turn
374402,-0.0436,0.0161,1.0395,0.4288,-0.2537,0.8575,1000.8525,left_turn
374462,-0.0453,0.0051,0.9855,-0.4200,-0.6737,0.5863,1000.8374,left_turn
374522,-0.0254,-0.0056,1.0050,0.3938,-0.1750,0.4638,1000.8208,left_turn
374582,-0.0700,0.0007,0.8837,-0.2275,0.7700,0.4812,1000.8330,left_turn
374642,-0.0462,0.0461,0.9991,-0.3938,-0.0525,0.6125,1000.8450,left_turn
374702,-0.0608,-0.0493,0.9507,0.1663,-0.1663,0.5512,1000.8271,left_turn
374762,-0.0600,0.0405,1.0473,1.8900,0.7088,0.8313,1000.8333,left_turn
374822,-0.0266,0.0181,1.0435,0.3063,0.3500,0.4988,1000.8171,left_turn
374882,-0.0005,0.0083,1.0496,1.6625,-0.1138,0.2625,1000.8267,left_turn
374942,0.0090,0.0066,1.0421,0.9187,1.9250,0.5600,1000.8159,left_turn
375002,-0.0554,-0.0158,0.9750,0.2013,0.2100,0.7525,1000.8372,left_turn
375062,-0.0181,-0.0124,0.9945,-0.6125,-0.8925,0.6650,1000.8198,left_turn
375122,0.0140,0.0129,1.0477,1.1900,0.4025,0.8225,1000.8081,left_turn
375182,-0.0198,0.0193,1.0247,-0.8662,2.0563,0.6212,1000.8184,left_turn
375242,-0.0466,0.0205,0.9670,1.1287,0.6125,0.6650,1000.8228,left_turn
375302,-0.0222,-0.0054,1.0168,0.2713,1.7500,0.5075,1000.8179,left_turn
375362,-0.0415,0.0288,0.9232,-0.1312,1.5750,0.3587,1000.8159,left_turn
375422,-0.0071,0.0078,0.9704,0.9975,-0.8750,0.8838,1000.8208,left_turn
375482,-0.0012,0.1291,1.1054,1.2513,1.4000,0.6125,1000.8066,left_turn
375542,-0.0034,-0.0328,0.9518,-0.7613,-0.7700,0.3413,1000.8218,left_turn
375602,0.0127,0.0370,0.9823,0.8225,0.1050,0.4112,1000.8174,left_turn
375662,-0.0234,0.0533,1.0386,0.9013,2.6600,0.7000,1000.8110,left_turn
375722,-0.0181,-0.0176,1.0261,-1.1638,1.1287,0.7175,1000.8103,left_turn
375782,-0.0289,-0.0068,0.9784,-0.0787,0.9975,0.7262,1000.8208,left_turn
375842,0.0392,0.0307,1.0039,0.1838,-0.5163,0.5512,1000.8103,left_turn
375902,0.0777,0.0735,0.9880,0.5863,-3.5787,0.3850,1000.8140,left_turn
375962,0.0725,0.0307,1.0634,0.3063,1.2425,0.4288,1000.8296,left_turn
376022,-0.0243,0.0693,0.9558,1.4350,-1.2687,0.7788,1000.8274,left_turn
376082,0.0257,0.0365,0.9984,-0.6913,1.3038,0.7437,1000.8228,left_turn
376142,0.0009,0.0008,0.9867,-0.2975,0.4812,0.8575,1000.8176,left_turn
376202,0.0620,0.0620,1.0807,0.6475,-2.2225,0.8575,1000.8252,left_turn
376262,0.0045,0.0891,1.1534,2.0825,-0.7350,0.7000,1000.8220,left_turn
376322,-0.0088,-0.0347,0.8339,0.1575,-2.2662,0.4725,1000.8347,left_turn
376382,0.0156,0.0181,1.0138,0.5950,-2.5375,0.0700,1000.8152,left_turn
376442,0.0180,-0.0051,1.0262,-1.7062,-0.7962,0.6212,1000.8303,left_turn
376502,-0.0095,-0.0200,0.9953,-1.0850,-0.8662,0.5075,1000.8257,left_turn
376562,-0.0163,0.0327,1.0073,1.2075,0.4988,0.6475,1000.8176,left_turn
376622,-0.0068,-0.0076,0.9335,-0.9100,-0.7962,0.3150,1000.8264,left_turn
376682,-0.0167,-0.0440,0.9450,0.3063,-0.0175,0.5688,1000.8206,left_turn
376742,-0.0062,0.0927,0.9150,1.6100,-0.9712,0.6300,1000.8389,left_turn
376802,-0.0529,0.0300,1.0245,-0.0875,-0.4462,0.5950,1000.8213,left_turn
376862,-0.0093,-0.0774,0.9560,3.0712,-0.8750,0.7000,1000.8215,left_turn
376922,-0.0146,0.0389,0.9899,-1.1812,-1.3913,0.6037,1000.8418,left_turn
376982,-0.0005,-0.0550,0.9905,-0.4375,-0.4025,0.8313,1000.8271,left_turn
377042,-0.0015,-0.0063,0.9463,2.0738,-0.7350,0.1575,1000.8262,left_turn
377102,0.0115,0.0119,0.9972,0.6825,-0.2713,0.6825,1000.8223,left_turn
377162,0.0439,0.0627,1.0544,2.5988,0.7525,0.8138,1000.8306,left_turn
377222,0.0417,0.0245,1.0595,1.0150,-0.4288,0.3500,1000.8323,left_turn
377282,-0.0461,0.0380,0.9387,0.9275,2.1525,0.6388,1000.8291,left_turn
377342,0.0236,0.0029,0.9902,-0.3413,1.6888,0.6125,1000.8345,left_turn
377402,0.0298,-0.0102,1.0682,-1.0063,1.7763,0.4900,1000.8242,left_turn
377462,0.0237,0.0447,0.9267,-0.0262,-1.4350,0.4725,1000.8372,left_turn
377522,0.0715,0.0232,1.0458,0.0262,-1.2600,0.2625,1000.8279,left_turn
377582,0.0683,0.0773,1.0524,-0.7175,0.5163,0.5600,1000.8374,left_turn
377642,0.0270,0.0231,1.0680,-0.2188,2.4675,0.7525,1000.8391,left_turn
377702,-0.0143,0.0024,0.9423,-0.2800,0.6037,0.3587,1000.8320,left_turn
377762,0.0464,0.0119,1.0582,-0.4112,-1.0412,0.2975,1000.8342,left_turn
377822,0.0317,0.0644,1.1436,1.3475,1.0938,0.3938,1000.8157,left_turn
377882,0.0370,0.0244,0.9704,1.0063,-0.4112,0.7000,1000.8328,left_turn
377942,0.0459,0.0063,1.0731,-1.5400,1.2600,0.9975,1000.8240,left_turn
378002,0.0691,0.0935,1.0951,0.7525,0.8138,0.7788,1000.8242,left_turn
378062,-0.0054,0.0212,1.0436,-0.4725,1.5925,0.7175,1000.8291,left_turn
378122,0.0005,-0.0113,0.9221,-0.5250,0.2013,0.5250,1000.8320,left_turn
378182,0.0144,-0.0292,1.0536,0.5775,0.8313,0.5337,1000.8306,left_turn
378242,-0.0020,-0.0256,0.9520,-0.3237,-0.4025,0.3500,1000.8274,left_turn
378302,0.0706,0.0441,0.9629,0.1575,-1.1638,0.4988,1000.8372,left_turn
378362,0.1873,0.1110,0.9620,0.9187,-1.8987,0.7175,1000.8335,left_turn
378422,0.1329,-0.0229,1.0775,0.3762,1.8550,0.7437,1000.8350,left_turn
378482,0.0730,0.0634,1.0097,-0.2275,-0.1050,0.6562,1000.8430,left_turn
378542,0.0281,0.0024,0.9755,0.8225,-0.1050,0.6737,1000.8401,left_turn
378602,0.0212,-0.0563,0.9252,-1.5838,0.2713,0.8225,1000.8455,left_turn
378662,0.0287,0.0032,0.9387,1.1638,-1.1550,0.2450,1000.8423,left_turn
378722,0.0156,0.0020,0.9787,0.1838,-0.1225,0.2800,1000.8333,left_turn
378782,0.0210,-0.0083,0.9760,-0.4375,0.7088,0.2800,1000.8367,left_turn
378842,0.0015,-0.0207,0.9651,-0.5163,0.6825,0.3850,1000.8420,left_turn
378902,0.0193,0.0983,1.0233,-0.4375,1.6625,0.9187,1000.8452,left_turn
378962,0.0248,0.0644,0.9782,-2.1962,-0.2887,0.7613,1000.8494,left_turn
379022,0.0134,-0.0298,1.0458,0.9187,-1.0850,0.8662,1000.8452,left_turn
379082,0.0193,0.0789,1.0521,0.1312,0.0962,0.5337,1000.8469,left_turn
379142,-0.0044,-0.0039,0.9194,0.3850,2.4237,0.1488,1000.8438,left_turn
379202,0.0174,0.0274,0.9618,-0.4200,0.4375,0.3237,1000.8545,left_turn
379262,-0.0204,-0.0434,0.9057,-0.5075,-1.1725,0.4725,1000.8423,left_turn
379322,0.0246,0.0224,0.9052,-0.7175,-0.3325,0.2887,1000.8503,left_turn
379382,0.0678,0.1264,0.9772,1.7325,-2.4938,0.3413,1000.8535,left_turn
379442,0.0398,0.1210,1.0314,-0.9013,0.0875,0.0613,1000.8474,left_turn
379502,0.0562,0.0345,1.0955,0.3063,1.3212,-0.3150,1000.8452,left_turn
379562,0.0012,-0.0102,0.9822,0.4375,0.9975,-0.3325,1000.8413,left_turn
379622,0.0476,0.0143,0.9523,-1.1988,-0.3500,-0.1750,1000.8447,left_turn
379682,0.0756,0.0024,1.0216,-0.4638,1.1463,0.1138,1000.8464,left_turn
379742,0.0632,0.0320,1.0854,-0.2275,-0.7262,-0.0787,1000.8469,left_turn
379802,0.0544,0.0120,0.9692,0.8225,-0.5425,0.0350,1000.8477,left_turn
379862,0.0974,0.0186,1.0738,-0.2362,-0.0700,0.1225,1000.8459,left_turn
379922,0.0357,0.0124,0.9670,-0.3675,-0.2887,0.1225,1000.8438,left_turn
379982,0.0698,0.0257,1.0807,-0.3850,-0.4112,-0.0437,1000.8489,left_turn
380042,0.0074,0.0680,0.9543,0.6388,0.4988,0.0525,1000.8562,left_turn
380102,0.0468,-0.0491,0.9963,-0.2450,0.4288,-0.0350,1000.8525,left_turn
380162,0.0364,0.0013,0.9421,0.4112,0.1225,0.0613,1000.8606,left_turn
380222,0.0632,0.0110,1.0514,-0.1488,-0.4200,-0.0350,1000.8623,left_turn
380282,0.0780,0.0322,1.0092,0.7000,0.6737,0.0088,1000.8484,left_turn
380342,0.0503,-0.0032,1.0186,1.1725,0.4200,-0.3237,1000.8547,left_turn
380402,0.0074,0.0098,0.9221,0.3850,-0.6650,0.0437,1000.8533,left_turn
380462,0.0712,0.0234,1.0194,0.2013,-0.6650,0.0962,1000.8613,left_turn
380522,0.0556,0.0015,1.0436,0.3325,0.1050,0.0613,1000.8660,left_turn
380582,0.0915,0.0068,1.0174,0.5163,1.9162,0.0350,1000.8608,left_turn
380642,0.0881,-0.0166,1.0219,-0.7875,-1.1463,-0.1312,1000.8635,left_turn
380702,0.0409,-0.0556,1.0150,-0.2450,1.4000,0.1400,1000.8601,left_turn
380762,0.0032,0.0259,0.9801,1.0675,1.7938,-0.2625,1000.8621,left_turn
380822,-0.0034,-0.0085,0.9318,1.2337,0.4375,-0.2625,1000.8618,left_turn
380882,0.0476,-0.0427,0.9524,0.9013,-0.6125,0.0613,1000.8660,left_turn
380942,0.1075,0.0508,1.0350,-0.0962,-2.2750,0.1488,1000.8579,left_turn
381002,0.0827,0.0266,1.1284,0.7700,1.8725,0.3063,1000.8608,left_turn
381062,0.0596,0.0168,1.0591,0.2450,3.4300,0.0262,1000.8621,left_turn
381122,0.0792,0.0717,0.9845,0.1750,0.4200,0.3237,1000.8752,left_turn
381182,0.0779,-0.0383,0.9922,-0.6562,0.3237,0.3325,1000.8647,left_turn
381242,0.0547,0.0449,0.9781,0.3587,0.2625,0.6125,1000.8613,left_turn
381302,0.0618,0.0350,1.0400,0.4112,0.3938,0.4375,1000.8755,left_turn
381362,0.0566,0.0041,0.9856,0.2450,0.9275,0.2013,1000.8652,left_turn
381422,0.0320,0.0781,0.9353,-0.1925,1.8288,0.2013,1000.8699,left_turn
381482,0.0212,-0.0199,0.9866,0.2450,1.2687,0.0875,1000.8638,left_turn
381542,-0.0004,-0.0332,0.8814,-0.5425,-0.5163,0.4025,1000.8760,left_turn
381602,0.0290,-0.0532,0.9206,-0.5688,-0.8400,0.5863,1000.8713,left_turn
381662,0.0725,-0.0361,0.9762,-0.7788,-1.7062,1.4262,1000.8669,left_turn
381722,0.0343,-0.0147,1.0449,-0.2975,0.5425,2.4062,1000.8738,left_turn
381782,0.0458,-0.0419,1.0233,-0.4025,1.8025,3.0363,1000.8872,left_turn
381842,0.0473,-0.0939,0.9572,-1.1375,0.3063,3.6400,1000.8787,left_turn
381902,0.0386,-0.0472,0.9699,-0.4900,-0.8400,4.8475,1000.8748,left_turn
381962,0.0253,-0.0945,0.9311,-0.2013,-0.5337,4.9700,1000.8806,left_turn
382022,0.0384,-0.0814,0.9443,-0.1050,0.4200,5.8450,1000.8777,left_turn
382082,0.0574,-0.0746,1.0423,-0.6737,1.1463,7.1400,1000.8901,left_turn
382142,0.0695,-0.1108,0.9884,-0.2975,-0.2537,8.0763,1000.8821,left_turn
382202,0.0888,-0.1042,1.0170,-0.3500,-1.3300,9.4500,1000.8975,left_turn
382262,0.0632,-0.1364,1.0207,-0.0175,0.3150,10.0625,1000.8955,left_turn
382322,0.0717,-0.0312,1.0009,1.4875,1.5137,10.9900,1000.9016,left_turn
382382,0.0268,-0.1793,0.9402,1.4787,-0.6125,12.2413,1000.8953,left_turn
382442,0.0608,-0.1337,0.9789,1.9425,0.8225,13.1337,1000.8960,left_turn
382502,0.0783,-0.0788,1.0421,0.3938,1.2075,13.5887,1000.8984,left_turn
382562,0.0361,-0.1507,1.0078,0.4288,0.3237,14.2712,1000.9028,left_turn
382622,0.0364,-0.1898,0.9379,0.3500,-0.2362,14.5863,1000.8975,left_turn
382682,0.0836,-0.1560,1.0307,0.6825,-0.5688,15.4175,1000.9058,left_turn
382742,0.0403,-0.1386,0.9364,-0.5600,-0.3237,15.7675,1000.9175,left_turn
382802,0.0339,-0.1430,0.9318,1.0675,-0.2362,16.1437,1000.9138,left_turn
382862,0.0443,-0.1798,1.0397,1.6275,-0.7875,16.6600,1000.9185,left_turn
382922,0.0425,-0.1064,0.9947,0.8225,-0.1225,16.9750,1000.9092,left_turn
382982,0.0818,-0.1193,1.0317,1.1725,1.0500,17.0450,1000.9158,left_turn
383042,0.0282,-0.1523,0.9132,-0.3150,-0.0350,17.7800,1000.9180,left_turn
383102,0.0678,-0.1610,1.0095,0.1575,-0.2013,18.4013,1000.9155,left_turn
383162,0.0537,-0.1341,0.9902,-1.0412,0.2275,19.1537,1000.9092,left_turn
383222,0.0586,-0.1247,0.9354,-0.9800,0.0088,19.8275,1000.9150,left_turn
383282,-0.0069,-0.1545,1.0016,0.2713,1.7675,19.9937,1000.9124,left_turn
383342,0.0137,-0.1881,1.0009,-0.6037,-0.1225,20.6588,1000.9141,left_turn
383402,0.0502,-0.2317,1.1122,-0.1663,-0.2625,21.2537,1000.9204,left_turn
383462,0.0476,-0.1545,1.0612,-1.0500,0.3237,21.9450,1000.9333,left_turn
383522,0.0003,-0.2101,0.9902,-1.1463,-0.4462,22.7500,1000.9341,left_turn
383582,0.0520,-0.1904,0.9975,-2.8700,-2.7300,22.9250,1000.9299,left_turn
383642,0.1205,-0.2191,1.0116,-1.8112,-0.0700,23.4150,1000.9207,left_turn
383702,0.0263,-0.2547,0.9702,4.1388,0.5600,24.5525,1000.9307,left_turn
383762,0.0776,-0.2172,0.9337,1.1638,0.2450,24.7013,1000.9424,left_turn
383822,0.1222,-0.1362,1.1195,2.0912,1.5925,25.8037,1000.9236,left_turn
383882,0.0199,-0.1867,0.9299,1.6100,0.7350,26.0750,1000.9336,left_turn
383942,0.0527,-0.2792,0.9277,1.3475,1.5225,26.1450,1000.9456,left_turn
384002,0.0070,-0.1200,1.0219,2.5113,3.0975,25.9175,1000.9280,left_turn
384062,0.0304,-0.1601,0.8924,0.3675,-1.1463,25.8300,1000.9304,left_turn
384122,0.0267,-0.2013,1.0143,1.1550,2.0912,25.4538,1000.9338,left_turn
384182,0.0724,-0.1335,1.0551,0.0700,0.5163,25.4975,1000.9319,left_turn
384242,0.0054,-0.1439,0.9482,-0.8138,0.7000,25.7250,1000.9321,left_turn
384302,0.0794,-0.2191,1.0699,-1.0325,-1.6013,25.6462,1000.9282,left_turn
384362,0.0849,-0.2169,1.0789,1.3475,1.7150,24.7188,1000.9368,left_turn
384422,0.0655,-0.1493,1.0370,1.9250,0.3850,24.8062,1000.9443,left_turn
384482,0.0400,-0.1869,0.9894,1.4612,1.8550,25.2700,1000.9438,left_turn
384542,0.0122,-0.1671,0.9414,2.2050,1.7062,25.2612,1000.9263,left_turn
384602,0.0314,-0.1193,1.0166,-0.3675,1.0675,25.3225,1000.9307,left_turn
384662,0.0371,-0.1881,0.9553,-0.8662,0.0175,25.4275,1000.9336,left_turn
384722,0.0227,-0.1569,0.9687,-0.2100,1.6975,24.8237,1000.9312,left_turn
384782,0.0426,-0.1607,1.0036,-1.4262,-0.2362,24.5963,1000.9465,left_turn
384842,0.0869,-0.1318,1.0379,-0.9362,0.5512,25.1912,1000.9375,left_turn
384902,0.0041,-0.1903,0.9745,-0.7700,0.0088,25.0600,1000.9443,left_turn
384962,0.0332,-0.2283,0.9135,-0.9712,0.0262,25.0425,1000.9526,left_turn
385022,0.0297,-0.1362,1.0851,-0.9013,0.4638,25.0775,1000.9402,left_turn
385082,0.0183,-0.1608,0.9873,0.1925,-1.4963,25.0250,1000.9539,left_turn
385142,0.0142,-0.2047,0.9717,-0.1488,-1.2687,24.7800,1000.9458,left_turn
385202,0.0962,-0.1318,1.0502,-0.2450,-2.1263,25.0250,1000.9504,left_turn
385262,0.0287,-0.2155,0.8669,0.3850,0.4112,24.3512,1000.9385,left_turn
385322,0.0761,-0.1465,1.0386,-0.0437,0.6913,24.0012,1000.9392,left_turn
385382,0.0670,-0.1362,1.0505,0.7525,-0.4462,23.6250,1000.9443,left_turn
385442,0.0542,-0.1329,1.0332,0.3850,-0.8138,23.1175,1000.9397,left_turn
385502,0.0168,-0.1432,0.9831,0.6212,-0.8313,22.4700,1000.9504,left_turn
385562,-0.0122,-0.0900,0.9262,0.6125,-1.2075,21.3500,1000.9412,left_turn
385622,-0.0085,-0.0744,1.0363,1.6800,1.5400,20.0637,1000.9397,left_turn
385682,0.0249,-0.0312,1.0152,2.5638,1.2950,18.1038,1000.9392,left_turn
385742,-0.0134,-0.0605,0.9464,1.8637,0.5950,16.3975,1000.9282,left_turn
385802,-0.0029,-0.0398,1.0217,1.6537,0.1925,14.7525,1000.9402,left_turn
385862,0.0035,0.0104,1.0536,1.1900,0.3500,13.0200,1000.9353,left_turn
385922,-0.0167,0.0181,0.9292,0.9100,0.3500,11.1388,1000.9307,left_turn
385982,-0.0237,0.0296,0.9374,0.0437,-0.5163,9.6862,1000.9270,left_turn
386042,-0.0185,0.0069,1.0475,-0.2713,-1.7237,8.0150,1000.9465,left_turn
386102,0.0095,0.0472,1.0148,0.1400,-0.3063,6.7112,1000.9263,left_turn
386162,-0.0302,0.0143,0.9274,-0.7525,0.2975,5.4513,1000.9336,left_turn
386222,0.0056,0.0157,1.0258,-1.2425,0.3413,4.3050,1000.9275,left_turn
386282,-0.0207,0.0253,1.0246,-0.4288,-0.6913,3.4213,1000.9375,left_turn
386342,-0.0101,-0.0078,1.0055,-0.4988,0.1225,3.0100,1000.9343,left_turn
386402,-0.0359,0.0180,0.9734,0.3762,0.0437,2.7300,1000.9285,left_turn
386462,-0.0380,-0.0081,0.9650,0.0700,-0.8925,2.2750,1000.9338,left_turn
386522,-0.0429,0.0618,0.9711,1.5750,-0.4988,1.4612,1000.9324,left_turn
386582,0.0310,0.0405,1.0341,0.4812,-0.8575,1.0850,1000.9402,left_turn
386642,-0.0834,0.0139,0.9094,0.2013,0.1838,0.6562,1000.9333,left_turn
386702,-0.0749,0.0258,0.9275,-0.2975,0.2887,0.2362,1000.9292,left_turn
386762,0.0223,-0.0220,0.9708,-0.8313,-1.7500,0.7437,1000.9375,left_turn
386822,-0.0212,-0.0256,0.9919,0.5688,0.9362,0.9450,1000.9260,left_turn
386882,-0.0245,0.0318,1.0304,-0.4638,0.5950,0.8138,1000.9421,left_turn
386942,-0.0059,0.0175,1.0155,0.2800,0.7613,0.8925,1000.9390,left_turn
387002,-0.0025,0.0016,0.9469,-0.3150,-0.0175,0.4812,1000.9370,left_turn
387062,-0.0587,-0.0210,0.9470,1.2775,-1.9688,0.4375,1000.9280,left_turn
387122,-0.0038,0.0124,0.9381,0.4025,-0.4988,0.4288,1000.9370,left_turn
387182,-0.0256,-0.0100,0.9567,0.6913,-0.9275,0.4375,1000.9304,left_turn
387242,-0.0309,-0.0029,0.9792,-0.2975,0.2450,0.9013,1000.9268,left_turn
387302,-0.0334,-0.0467,0.9899,0.3237,-1.2862,0.7962,1000.9312,left_turn
387362,-0.0041,0.0396,1.0593,-0.4200,1.0237,0.9187,1000.9309,left_turn
387422,-0.0449,-0.0803,0.9958,-1.1375,0.3237,1.2337,1000.9304,left_turn
387482,0.0086,0.0448,1.0002,0.1138,-0.2537,1.2600,1000.9297,left_turn
387542,-0.0083,-0.0456,0.9423,-1.8375,-1.1550,1.3475,1000.9304,left_turn
387602,0.0188,0.0500,0.9565,-0.3413,0.3762,1.0938,1000.9365,left_turn
387662,0.0447,0.0024,1.0673,0.9975,0.9800,1.2250,1000.9397,left_turn
387722,0.0042,0.0462,0.9894,1.3563,1.4262,1.1988,1000.9292,left_turn
387782,0.0102,-0.0059,0.9683,1.3737,0.3325,1.2950,1000.9414,left_turn
387842,0.0303,0.0054,1.0086,0.4812,0.1400,1.7413,1000.9216,left_turn
387902,-0.0010,0.0156,0.9108,-0.7700,-1.5137,1.9250,1000.9314,left_turn
387962,0.0700,-0.0014,1.0352,0.3237,-0.5863,1.6712,1000.9324,left_turn
388022,-0.0030,0.0151,1.0385,-0.5775,-0.3063,1.6800,1000.9407,left_turn
388082,0.0269,0.0490,1.0704,-0.6212,1.3475,1.6712,1000.9358,left_turn
388142,0.0700,-0.0628,1.0194,-1.3737,0.4812,1.7763,1000.9304,left_turn
388202,0.0320,-0.0443,1.0324,-1.3913,1.3563,2.2313,1000.9336,left_turn
388262,0.0425,-0.0129,1.0233,-0.0262,0.0350,2.5463,1000.9321,left_turn
388322,0.0673,-0.0220,0.9758,-0.0350,0.1138,2.9925,1000.9292,left_turn
388382,0.0182,-0.0519,0.9470,1.4612,-0.3237,3.5525,1000.9331,left_turn
388442,0.0786,0.0095,1.0863,1.7587,2.6425,4.2787,1000.9314,left_turn
388502,0.0603,-0.0291,1.0292,1.6187,0.4462,4.9612,1000.9360,left_turn
388562,0.0581,-0.0700,1.0221,1.0237,0.9712,6.1600,1000.9397,left_turn
388622,0.0454,-0.0109,0.9850,1.2687,1.5400,6.5712,1000.9363,left_turn
388682,0.0459,-0.0434,0.9931,0.1400,-0.2450,7.0525,1000.9451,left_turn
388742,0.0149,-0.0419,0.9426,-0.0962,0.1138,7.5512,1000.9487,left_turn
388802,0.0745,-0.0722,1.0135,-1.2600,1.1287,8.7937,1000.9446,left_turn
388862,0.0030,-0.0442,0.9634,0.0175,0.1400,9.5025,1000.9446,left_turn
388922,0.0429,-0.0917,0.9999,-0.5425,0.8487,10.3425,1000.9492,left_turn
388982,-0.0043,-0.0977,0.9534,0.7613,1.3913,11.0425,1000.9514,left_turn
389042,0.0478,-0.1413,1.0399,0.7962,0.1750,12.3725,1000.9519,left_turn
389102,0.0527,-0.1098,1.0194,0.1750,0.4025,13.1425,1000.9526,left_turn
389162,0.0683,-0.1045,1.0203,1.8288,0.3237,14.6650,1000.9453,left_turn
389222,0.0585,-0.1735,1.0375,0.7000,0.1838,15.4000,1000.9561,left_turn
389282,0.0761,-0.1347,1.0861,0.9625,-0.7875,16.5812,1000.9548,left_turn
389342,0.0051,-0.0919,1.0041,1.2950,-0.2713,17.2987,1000.9587,left_turn
389402,0.0459,-0.1945,1.0063,1.7850,0.7613,18.1038,1000.9548,left_turn
389462,0.0020,-0.1532,0.8808,0.1663,-1.9075,19.4163,1000.9504,left_turn
389522,0.0020,-0.1713,0.9597,-0.8138,0.5163,20.3438,1000.9470,left_turn
389582,0.0539,-0.1837,1.0088,-1.8375,-0.8313,21.4988,1000.9473,left_turn
389642,0.0258,-0.2001,0.9801,-1.2687,-0.0700,21.9538,1000.9551,left_turn
389702,0.0531,-0.2308,1.0214,-0.2100,-0.4288,22.9425,1000.9561,left_turn
389762,0.0654,-0.1487,1.0061,0.4112,0.6388,23.8612,1000.9556,left_turn
389822,0.0873,-0.1867,1.0077,-0.7613,-0.3063,24.9638,1000.9541,left_turn
389882,0.0242,-0.2633,0.8331,-1.1375,-0.8575,25.9613,1000.9573,left_turn
389942,0.0581,-0.1347,1.0311,-0.0262,1.0500,26.7313,1000.9551,left_turn
390002,0.0476,-0.2089,0.9538,0.0088,-1.2162,27.5713,1000.9583,left_turn
390062,0.0522,-0.1854,0.9896,-0.2450,-0.7175,28.1488,1000.9558,left_turn
390122,0.0139,-0.1890,0.9227,-0.3675,1.5137,28.2975,1000.9536,left_turn
390182,0.0942,-0.2045,1.0705,1.7763,-0.9275,29.1812,1000.9656,left_turn
390242,0.0736,-0.1735,1.0052,1.0150,-0.8838,29.2600,1000.9631,left_turn
390302,0.0559,-0.1867,0.9714,-0.1575,-0.0175,29.6712,1000.9551,left_turn
390362,0.0767,-0.1576,1.0657,0.5688,-0.9800,30.2750,1000.9526,left_turn
390422,0.0329,-0.1776,0.9972,1.0150,0.7700,30.1175,1000.9531,left_turn
390482,0.0010,-0.2276,0.8768,1.4350,1.7325,30.1700,1000.9548,left_turn
390542,-0.0205,-0.1952,0.9497,-0.2887,-1.4875,30.3800,1000.9417,left_turn
390602,0.0655,-0.2125,1.0893,2.4675,-1.2950,30.6775,1000.9468,left_turn
390662,0.0539,-0.2130,1.0814,0.6388,2.8875,30.4587,1000.9392,left_turn
390722,0.0223,-0.1686,1.0595,-1.7413,1.5225,30.7563,1000.9517,left_turn
390782,-0.0090,-0.1947,0.9943,-0.6562,1.8725,30.8525,1000.9431,left_turn
390842,0.0212,-0.1740,0.9899,-0.7700,0.7000,30.8525,1000.9407,left_turn
390902,0.0298,-0.1642,0.9482,-1.1113,1.4525,30.2488,1000.9453,left_turn
390962,0.0185,-0.2403,0.9691,-0.4375,0.7875,30.3538,1000.9333,left_turn
391022,0.0486,-0.1164,0.9301,-0.7788,-1.6013,30.4412,1000.9375,left_turn
391082,0.0915,-0.1383,1.1014,-0.1488,0.1050,30.7563,1000.9360,left_turn
391142,-0.0343,-0.2584,0.9670,1.7500,3.1937,30.8438,1000.9441,left_turn
391202,0.0517,-0.1654,1.0408,2.5725,0.3850,30.4412,1000.9375,left_turn
391262,0.0542,-0.1125,1.1002,2.4675,1.3475,28.9625,1000.9368,left_turn
391322,-0.0010,-0.1518,0.9587,1.8987,-1.0412,29.3213,1000.9397,left_turn
391382,0.0076,-0.0881,1.0253,2.6425,0.4288,29.5837,1000.9404,left_turn
391442,0.0179,-0.1854,1.0532,0.4638,-1.5750,28.3675,1000.9292,left_turn
391502,-0.0202,-0.1238,1.0248,1.1638,-1.2513,27.6938,1000.9214,left_turn
391562,0.0466,-0.1505,1.0018,1.3825,0.1663,26.7838,1000.9192,left_turn
391622,-0.0108,-0.0566,0.9209,0.1575,1.8112,25.8125,1000.9177,left_turn
391682,-0.0786,-0.2089,0.8787,0.0700,1.3825,24.4825,1000.9131,left_turn
391742,0.0166,-0.0732,1.1118,0.5512,1.1113,23.9050,1000.9202,left_turn
391802,-0.0161,-0.1479,0.9545,1.6537,1.1375,22.8638,1000.9177,left_turn
391862,-0.0198,-0.1171,0.9875,0.7350,0.1838,21.4112,1000.9211,left_turn
391922,-0.0137,-0.0363,1.0827,1.6975,1.9162,20.3612,1000.9204,left_turn
391982,-0.0326,-0.0758,0.9914,-0.0262,-1.8900,19.6087,1000.9189,left_turn
392042,-0.0541,-0.1271,1.0626,1.5662,0.3063,18.5850,1000.9094,left_turn
392102,-0.0076,-0.0752,0.9846,1.4088,0.2013,17.4387,1000.9043,left_turn
392162,0.0353,-0.0253,1.0958,1.4000,0.3325,16.0912,1000.8994,left_turn
392222,-0.0373,-0.0322,0.9801,1.8112,1.5488,15.1900,1000.9033,left_turn
392282,-0.0461,-0.0629,0.9563,0.8050,0.9625,13.8512,1000.9082,left_turn
392342,-0.0342,-0.0573,1.0148,1.7763,1.2513,13.0550,1000.8828,left_turn
392402,-0.0142,-0.0420,0.9931,1.2775,-0.7700,11.6112,1000.9019,left_turn
392462,0.0054,0.0007,1.1223,1.1025,1.5750,10.8325,1000.8979,left_turn
392522,-0.0833,0.0217,0.9960,0.7613,1.4000,9.9225,1000.8936,left_turn
392582,-0.0568,-0.0010,0.9904,-0.4025,-0.9538,8.9950,1000.8931,left_turn
392642,-0.0151,0.0715,1.0792,1.1725,2.7475,7.8313,1000.9023,left_turn
392702,-0.0179,-0.0261,1.0907,1.0588,0.9450,7.0262,1000.8835,left_turn
392762,-0.0261,0.0220,1.0042,1.3737,-0.4025,6.5538,1000.8982,left_turn
392822,-0.0856,0.0339,0.9482,0.9887,-0.8750,5.7225,1000.8992,left_turn
392882,-0.0798,0.0290,0.9006,-0.7350,-0.7613,5.1975,1000.8999,left_turn
392942,-0.0781,0.0016,0.9799,0.1488,0.3500,4.9700,1000.8940,left_turn
393002,-0.0590,-0.0158,1.0822,1.2775,1.1900,4.4625,1000.8992,left_turn
393062,-0.1032,0.0329,0.9694,1.2687,-0.1050,3.9813,1000.8855,left_turn
393122,-0.0312,-0.0210,1.0253,0.2887,1.0500,3.8937,1000.8894,left_turn
393182,-0.0590,0.0071,1.0194,0.6125,1.0150,3.6137,1000.8923,left_turn
393242,-0.0634,0.0802,1.1630,1.6275,3.4562,3.6837,1000.8809,left_turn
393302,-0.0766,-0.0076,0.9559,-0.5775,1.3737,3.0625,1000.8999,left_turn
393362,-0.0425,-0.0090,1.0785,1.7850,0.9275,2.7125,1000.8953,left_turn
393422,-0.0678,0.0481,1.0086,-0.6212,0.4375,2.6075,1000.8884,left_turn
393482,-0.0085,0.0864,1.0714,-0.5075,-0.7262,2.6775,1000.8833,left_turn
393542,-0.0788,-0.0424,0.9330,-0.2537,0.2800,2.0213,1000.8787,left_turn
393602,-0.0390,0.0224,0.9835,1.6888,0.7613,2.1700,1000.8806,left_turn
393662,-0.0493,0.0880,1.0636,-1.7150,0.2713,2.0650,1000.8826,left_turn
393722,-0.0927,0.0227,0.9521,-0.7700,0.6562,2.0563,1000.8699,left_turn
393782,-0.0986,0.0249,0.9564,1.8112,-0.9712,1.8463,1000.8730,left_turn
393842,-0.0523,0.0161,1.0637,-0.9013,-0.5775,2.1875,1000.8853,left_turn
393902,-0.0278,0.0276,1.0393,-1.2513,-0.6913,2.0563,1000.8843,left_turn
393962,-0.1595,0.0298,0.9123,0.0787,0.1750,1.9425,1000.8840,left_turn
394022,-0.0085,0.0321,1.0717,-2.5550,0.2713,1.4612,1000.8711,left_turn
394082,0.0451,0.0800,0.9751,-0.3938,-2.7037,1.8375,1000.8762,left_turn
394142,-0.0324,-0.0188,1.1270,0.3500,-1.0325,1.3825,1000.8738,left_turn
394202,-0.0513,0.0642,1.0997,1.3212,2.1875,1.5662,1000.8789,left_turn
394262,-0.0673,-0.0556,1.1070,0.6562,2.5463,1.1025,1000.8748,left_turn
394322,-0.0470,-0.0317,0.9682,-3.0100,-2.0387,1.2513,1000.8394,left_turn
394382,-0.0805,0.0388,0.9653,-0.1838,-0.6212,1.9600,1000.8513,left_turn
394442,-0.0103,0.0076,0.9389,-0.3850,-1.9425,1.7237,1000.8420,left_turn
394502,-0.0390,0.0322,1.1075,0.1400,0.0962,1.4612,1000.8540,left_turn
394562,-0.0564,-0.0198,1.0734,1.3388,5.0925,0.8750,1000.8416,left_turn
394622,-0.0468,0.0575,1.0175,-0.2625,0.4375,1.4612,1000.8633,left_turn
394682,-0.0036,0.0015,1.0408,-0.1663,1.2337,1.7237,1000.8572,left_turn
394742,0.0105,0.0831,1.0594,1.1463,-0.1225,1.3737,1000.8528,left_turn
394802,-0.0373,0.0793,0.9924,-0.0700,-0.0962,1.6975,1000.8516,left_turn
394862,-0.0315,-0.0190,0.9087,-1.0762,-0.3762,1.0150,1000.8652,left_turn
394922,0.0262,0.0203,1.0374,-0.5163,0.0000,1.3825,1000.8469,left_turn
394982,-0.0830,0.0229,0.8711,-0.1488,-1.5225,1.2775,1000.8457,left_turn
395042,-0.0064,0.0227,0.8757,0.1312,-0.6825,1.7587,1000.8481,left_turn
395102,-0.0342,-0.0071,0.9087,0.3675,-0.5688,0.6737,1000.8491,left_turn
395162,0.0358,0.1020,1.0540,-0.4462,0.0088,0.9013,1000.8438,left_turn
395222,0.0822,0.0129,1.1940,0.7962,2.3975,1.1463,1000.8525,left_turn
395282,-0.0091,0.0854,1.0636,1.3125,0.2800,0.8313,1000.8533,left_turn
395342,-0.0183,0.0214,0.9645,0.0262,0.0437,0.8313,1000.8579,left_turn
395402,-0.0075,-0.0102,0.9730,0.2625,-0.3587,0.7262,1000.8557,left_turn
395462,0.0352,0.0381,0.8937,0.0437,1.8550,0.8487,1000.8577,left_turn
395522,0.0261,0.0271,0.9188,-1.5400,-0.4025,0.6300,1000.8486,left_turn
395582,0.0264,0.0495,1.0258,1.2162,-0.8925,1.1463,1000.8499,left_turn
395642,0.0756,0.0693,1.0693,0.2275,-0.9187,1.0938,1000.8672,left_turn
395702,0.0243,0.0598,1.0167,-0.0962,0.6037,1.2687,1000.8677,left_turn
395762,-0.0400,0.0529,0.8601,-1.0850,-2.6600,0.7788,1000.8379,left_turn
395822,0.0637,0.0984,1.1209,0.7175,-1.3737,1.3650,1000.8455,left_turn
395882,0.0273,0.0224,1.0458,0.3587,1.6450,1.1287,1000.8462,left_turn
395942,-0.0249,-0.0046,0.8169,-0.2362,-1.1812,0.6037,1000.8408,left_turn
396002,0.0152,0.0224,0.9923,0.7525,0.4288,0.6300,1000.8462,left_turn
396062,0.0412,0.0062,1.1099,0.3063,1.7938,1.0325,1000.8479,left_turn
396122,0.0110,0.1100,1.0482,1.5225,2.0213,1.1287,1000.8438,left_turn
396182,0.0142,-0.0107,0.9628,0.1050,0.1400,0.9275,1000.8428,left_turn
396242,0.0468,0.0786,1.0399,0.4200,0.9100,1.0325,1000.8440,left_turn
396302,0.0309,0.0747,1.0188,-0.5863,0.0437,1.2162,1000.8398,left_turn
396362,0.0351,0.0190,1.0836,0.1750,0.2625,1.0588,1000.8552,left_turn
396422,-0.0842,-0.0005,0.9589,0.1138,0.7788,0.8225,1000.8442,left_turn
396482,-0.0776,0.0226,0.9572,0.7262,-0.0875,1.0063,1000.8352,left_turn
396542,-0.0544,-0.0366,0.9433,-0.2275,0.7437,0.5075,1000.8643,left_turn
396602,-0.0478,0.0666,0.9636,0.4550,0.2013,0.8400,1000.8569,left_turn
396662,-0.0020,-0.0137,1.0102,0.0700,-0.6650,0.8050,1000.8538,left_turn
396722,0.0009,0.0071,0.9964,-0.5425,0.1750,0.8662,1000.8586,left_turn
396782,0.0037,0.0120,0.9805,0.2713,1.5750,0.7788,1000.8494,left_turn
396842,0.0210,0.0449,0.9916,-0.0962,0.1312,0.7525,1000.8582,left_turn
396902,-0.0410,0.0359,0.9479,0.6913,-0.2887,0.3675,1000.8599,left_turn
396962,-0.0097,-0.0608,0.9521,-0.7613,0.7700,0.3150,1000.8542,left_turn
397022,0.0468,0.0769,0.9811,0.3762,1.1550,0.8050,1000.8503,left_turn
397082,0.0663,0.0344,1.1202,1.4350,0.2275,0.9187,1000.8499,left_turn
397142,0.0039,0.0047,0.9999,-1.4525,-0.3587,0.5863,1000.8479,left_turn
397202,-0.0151,0.0054,0.9293,0.8138,0.7088,1.1200,1000.8416,left_turn
397262,-0.0030,0.1006,0.9662,-0.7962,1.2862,0.8313,1000.8496,left_turn
397322,-0.0112,0.0697,0.8721,-0.9100,0.4200,0.5075,1000.8320,left_turn
397382,-0.0642,0.0217,0.9635,1.1375,1.4262,0.7000,1000.8457,left_turn
397442,0.0101,-0.0397,1.0309,0.1925,-0.1050,0.5425,1000.8506,left_turn
397502,0.0203,0.0173,1.0202,0.6125,0.2713,1.0063,1000.8384,left_turn
397562,0.0169,0.0961,0.9997,1.0938,1.8637,0.9975,1000.8489,left_turn
397622,0.0276,0.0322,1.0556,-2.2313,2.0738,0.9538,1000.8376,left_turn
397682,0.0234,0.0181,0.9790,0.2013,1.3125,0.8313,1000.8347,left_turn
397742,0.0310,0.0966,0.9530,-0.3587,-1.2425,0.8487,1000.8462,left_turn
397802,0.0864,0.0334,1.1868,1.6625,0.3587,0.6037,1000.8389,left_turn
397862,-0.0232,0.1190,0.9309,0.8750,0.9450,0.5163,1000.8467,left_turn
397922,0.0774,-0.0096,1.0995,0.1750,2.0475,0.5688,1000.8555,left_turn
397982,0.0766,0.0830,1.0316,0.4550,-0.2887,0.6475,1000.8374,left_turn
398042,0.0468,0.1188,1.0267,-1.3300,-0.0700,0.7613,1000.8562,left_turn
398102,-0.0009,-0.0510,1.0028,1.4262,0.9712,0.5863,1000.8472,left_turn
398162,-0.0364,0.0256,1.0299,0.6825,1.2337,0.6212,1000.8464,left_turn
398222,0.0007,-0.0359,0.8318,-0.6037,-1.4438,-0.0437,1000.8469,left_turn
398282,0.0635,0.0090,1.1486,0.6475,1.0500,0.1663,1000.8606,left_turn
398342,0.0124,0.0332,0.9142,0.3850,-0.1488,0.3762,1000.8660,left_turn
398402,0.0952,0.0572,1.0997,0.0787,0.3675,0.6562,1000.8579,left_turn
398462,-0.0329,0.0588,0.9502,-1.1025,1.0412,0.4638,1000.8623,left_turn
398522,0.0359,0.0201,0.9721,-1.9162,-2.7213,0.5512,1000.8545,left_turn
398582,0.0288,0.0260,0.9543,0.6650,-0.2362,0.6650,1000.8513,left_turn
398642,-0.0281,0.0733,1.0065,-0.5075,0.8400,-0.4812,1000.8569,left_turn
398702,0.0393,-0.0142,0.9694,-2.5463,0.1488,0.0088,1000.8503,left_turn
398762,0.0148,0.0737,1.0199,-0.0962,0.3063,0.4200,1000.8477,left_turn
398822,-0.0087,-0.0095,0.9772,-2.1700,-0.7875,-0.0787,1000.8608,left_turn
398882,0.0807,-0.0669,0.9599,-0.6388,1.0063,0.7088,1000.8506,left_turn
398942,0.0568,0.0510,1.0075,-2.1263,-0.7613,0.6388,1000.8560,left_turn
399002,0.0439,0.0805,1.0370,-0.0787,-0.3325,0.1225,1000.8628,left_turn
399062,0.0195,0.0253,0.9545,-0.1400,0.5337,0.2713,1000.8555,left_turn
399122,0.1083,0.0081,0.9518,-1.4438,-3.2812,0.0700,1000.8499,left_turn
399182,0.0551,0.0307,0.9931,1.7587,0.0962,0.1312,1000.8667,left_turn
399242,0.0229,0.0559,0.9784,-0.0962,-1.5225,0.3500,1000.8608,left_turn
399302,0.0136,0.0515,0.9399,-0.6913,-1.6187,0.1138,1000.8552,left_turn
399362,0.0447,0.0198,1.0355,-1.8463,-1.9425,0.2625,1000.8528,left_turn
399422,0.0454,0.0151,0.9196,-1.2862,1.0850,0.2537,1000.8569,left_turn
399482,0.0374,-0.0313,0.8784,-1.2600,-1.3125,0.4288,1000.8628,left_turn
399542,0.0254,0.0423,0.9101,0.2975,-0.9625,0.4900,1000.8518,left_turn
399602,0.0556,0.0459,0.9607,-0.9625,2.0738,-0.0787,1000.8538,left_turn
399662,0.0225,-0.0627,0.9374,-1.8375,-0.1050,-0.6388,1000.8455,left_turn
399722,0.0202,0.0800,1.0145,1.8637,0.2188,-0.2800,1000.8569,left_turn
399782,0.0622,-0.0101,0.9628,-1.1812,0.3150,-0.1925,1000.8562,left_turn
399842,0.1022,0.0565,1.0674,-0.2975,0.9362,0.4462,1000.8574,left_turn
399902,0.0681,0.1189,1.0288,-0.3325,1.0500,0.5075,1000.8616,left_turn
399962,0.0376,0.0157,0.9515,-1.0675,-2.0387,0.1575,1000.8555,left_turn
400022,0.0578,-0.0091,0.9936,1.4525,-0.3063,0.2362,1000.8557,left_turn
400082,0.0637,0.1264,1.0199,2.1175,-0.0962,0.2013,1000.8611,left_turn
400142,0.0122,-0.0298,0.9096,-0.6125,0.6650,-0.0350,1000.8625,left_turn
400202,-0.0393,0.0258,0.8642,-1.7150,-1.1463,0.0000,1000.8660,left_turn
400262,-0.0400,-0.0651,0.8692,0.0000,-1.7938,-0.0875,1000.8628,left_turn
400322,0.0561,0.0417,0.9545,-1.0675,-1.4438,-0.4900,1000.8584,left_turn
400382,0.0351,-0.0269,1.0019,-1.9688,0.5163,0.0875,1000.8574,left_turn
400442,0.0510,0.0852,1.0394,1.7587,0.1575,-0.0875,1000.8623,left_turn
400502,0.0859,-0.0165,1.0141,1.1113,1.9863,-0.2013,1000.8582,left_turn
400562,0.0178,-0.0324,0.9218,0.7175,0.1838,-0.0350,1000.8665,left_turn
400622,0.0353,0.0156,1.0099,1.5050,0.0525,0.0525,1000.8645,left_turn
400682,0.0641,0.0598,1.0236,0.9975,-1.0500,-0.0700,1000.8623,left_turn
400742,0.0838,0.0517,1.0499,0.6212,0.1138,-0.0350,1000.8711,left_turn
400802,0.0634,0.0038,0.9883,-0.1925,0.2013,0.3938,1000.8608,left_turn
400862,0.1089,0.0981,1.0824,-1.6888,1.6537,0.0613,1000.8687,left_turn
400922,0.0383,0.0310,0.9704,-0.4375,-0.9450,0.1138,1000.8601,left_turn
400982,0.0603,-0.0419,1.0724,-0.6562,-0.4462,0.2100,1000.8733,left_turn
401042,0.0185,0.0062,0.9792,1.8200,0.0088,0.4462,1000.8728,left_turn
401102,0.0898,0.0393,1.0290,0.4375,-1.4875,0.7350,1000.8755,left_turn
401162,0.0346,0.0117,0.9642,-0.0088,0.7613,0.7788,1000.8662,left_turn
401222,0.0124,0.0087,0.9975,0.3325,0.9450,0.9975,1000.8608,left_turn
401282,0.0163,0.0351,0.9641,0.3762,-0.2100,1.1287,1000.8757,left_turn
401342,0.0302,-0.0014,1.0382,1.2600,2.0475,1.4963,1000.8655,left_turn
401402,0.0547,-0.0234,1.0297,0.0000,3.3338,1.6275,1000.8760,left_turn
401462,0.0327,-0.0671,1.0021,-1.1550,0.7262,2.0387,1000.8635,left_turn
401522,0.0342,0.0036,1.0417,0.3150,1.1113,2.7738,1000.8772,left_turn
401582,0.0459,0.0083,0.9321,-1.4612,-0.7962,3.0800,1000.8811,left_turn
401642,0.0271,-0.0642,0.9426,-0.2537,1.0938,3.8150,1000.8730,left_turn
401702,0.0234,-0.0861,0.9862,-0.4462,3.1325,3.9025,1000.8708,left_turn
401762,0.0766,-0.0310,1.0482,0.9538,0.6388,4.6112,1000.8879,left_turn
401822,0.1046,-0.0146,1.1353,-0.0350,1.5400,5.4425,1000.8806,left_turn
401882,0.0345,-0.0115,1.0136,0.0350,0.2362,5.9675,1000.8870,left_turn
401942,0.0551,-0.0058,0.9635,-0.8313,0.3150,6.3525,1000.8870,left_turn
402002,0.0588,-0.0631,0.9517,-1.6625,0.5337,7.0525,1000.8755,left_turn
402062,0.0071,-0.1283,0.9165,-1.3563,-1.4175,7.3500,1000.8831,left_turn
402122,0.0273,-0.0811,0.9794,-0.1312,0.0175,8.2600,1000.8762,left_turn
402182,0.0137,-0.1181,0.9699,-1.0762,0.3938,8.3737,1000.8867,left_turn
402242,0.0504,-0.0881,0.9763,0.4025,-1.5137,8.9950,1000.8904,left_turn
402302,0.0639,-0.0626,1.0697,-1.4262,0.1225,9.6075,1000.8855,left_turn
402362,0.0076,-0.1232,1.0138,0.9975,1.4525,10.0275,1000.8911,left_turn
402422,0.0464,-0.0663,1.0386,-0.7962,1.0938,10.5700,1000.8926,left_turn
402482,-0.0024,-0.0947,0.9269,-1.3038,-0.2013,11.5850,1000.8933,left_turn
402542,0.0424,-0.0957,0.9600,-0.3938,0.0000,12.2413,1000.8926,left_turn
402602,0.0305,-0.1596,0.9811,-0.7962,-0.6913,13.1337,1000.8938,left_turn
402662,0.0344,-0.2105,0.9909,-0.6388,-0.4812,13.7375,1000.9001,left_turn
402722,0.0359,-0.1045,1.0205,1.2162,-0.2450,14.4462,1000.9116,left_turn
402782,0.0712,-0.0883,1.0268,1.7763,-0.4112,14.9537,1000.8970,left_turn
402842,0.0795,-0.1291,1.0099,0.5250,0.1138,15.8638,1000.8940,left_turn
402902,0.0964,-0.1006,0.9689,-0.9887,0.5337,16.5550,1000.8938,left_turn
402962,0.0108,-0.1427,0.9740,-1.3388,-0.5863,17.0187,1000.8979,left_turn
403022,0.1485,-0.1057,1.1317,0.8487,-1.1725,17.6313,1000.8916,left_turn
403082,0.1174,-0.2086,1.0210,-1.3388,-0.3150,18.9525,1000.8916,left_turn
403142,0.0031,-0.1923,0.9704,-2.0825,-1.5312,20.1950,1000.9031,left_turn
403202,0.0493,-0.1817,0.9960,-1.0500,0.3413,20.7463,1000.8948,left_turn
403262,0.0730,-0.1473,1.0619,2.1525,-1.0500,21.9800,1000.8950,left_turn
403322,0.0083,-0.2477,0.9728,-0.9275,2.0825,22.1375,1000.9158,left_turn
403382,0.0300,-0.2216,0.9340,-0.6650,-1.7938,23.7213,1000.8926,left_turn
403442,0.0345,-0.1010,0.9870,-0.6388,0.6737,24.1238,1000.8967,left_turn
403502,0.0778,-0.2210,0.9357,0.8400,-1.5050,25.1213,1000.9250,left_turn
403562,0.0317,-0.2854,0.8696,0.5250,-1.1550,25.0338,1000.8916,left_turn
403622,0.0895,-0.1548,1.0443,1.1287,0.5688,26.1100,1000.9097,left_turn
403682,0.0145,-0.2103,1.0358,1.9512,0.9538,26.5825,1000.9050,left_turn
403742,0.0107,-0.2470,0.9836,1.8987,0.1488,27.5713,1000.8987,left_turn
403802,0.0317,-0.2442,0.9565,-0.0350,0.1488,28.0875,1000.9021,left_turn
403862,-0.0037,-0.2004,0.9884,0.1488,-1.4350,28.6562,1000.8943,left_turn
403922,0.0051,-0.1696,1.0131,0.1663,0.3587,28.6213,1000.8843,left_turn
403982,0.0251,-0.2040,0.9931,0.5512,0.4200,28.0963,1000.8955,left_turn
404042,0.0085,-0.1435,0.9103,1.8550,1.1550,28.0525,1000.8872,left_turn
404102,-0.0171,-0.2843,0.9213,-0.7175,0.3587,27.6588,1000.8884,left_turn
404162,0.0466,-0.1191,1.1073,0.4462,0.2100,27.6150,1000.8918,left_turn
404222,-0.0117,-0.1954,1.0533,3.4388,0.1575,27.4487,1000.8972,left_turn
404282,0.0203,-0.1032,1.0648,3.0100,0.5163,27.5275,1000.8948,left_turn
404342,0.0322,-0.2140,1.0426,-0.0262,-0.2975,26.4688,1000.8865,left_turn
404402,-0.0505,-0.1889,0.9804,0.2362,0.1225,25.8913,1000.8923,left_turn
404462,-0.0230,-0.1548,1.0053,0.4375,0.0875,25.5675,1000.8916,left_turn
404522,-0.0444,-0.1625,0.9204,-2.6950,-0.9362,25.1213,1000.9060,left_turn
404582,0.0057,-0.1738,0.9692,0.1663,-2.1525,24.2200,1000.8835,left_turn
404642,-0.0296,-0.1669,0.9177,-0.3325,1.4612,22.8025,1000.8733,left_turn
404702,-0.0060,-0.1600,0.9317,2.2137,0.4025,22.1375,1000.8728,left_turn
404762,-0.0085,-0.1282,1.0543,1.7675,-0.0175,21.5250,1000.8838,left_turn
404822,0.0332,-0.0969,1.0577,2.0038,2.4325,20.6763,1000.8875,left_turn
404882,-0.1454,-0.0309,0.8940,0.8662,0.9625,20.7375,1000.8633,left_turn
404942,-0.0734,-0.1786,0.9650,-0.4112,-0.1750,19.8013,1000.8679,left_turn
405002,-0.0368,-0.0971,0.9204,-1.5312,-3.8150,19.4688,1000.8740,left_turn
405062,-0.0292,0.0049,1.0477,0.7788,-0.1138,18.4100,1000.8672,left_turn
405122,-0.0435,-0.1964,0.9783,0.5950,-0.8050,17.3862,1000.8657,left_turn
405182,0.0468,-0.1618,0.9945,-1.1113,-1.7150,17.0187,1000.8623,left_turn
405242,-0.0171,-0.0908,1.0802,0.7962,-0.7788,16.8962,1000.8608,left_turn
405302,-0.0202,-0.1252,1.0443,0.9100,-0.0700,16.1875,1000.8728,left_turn
405362,-0.0343,-0.0937,0.9126,1.0063,0.1750,15.0500,1000.8635,left_turn
405422,-0.0517,-0.1247,0.9321,1.4175,0.8138,14.7875,1000.8669,left_turn
405482,0.0120,-0.0278,1.0189,0.8925,1.4700,14.7525,1000.8577,left_turn
405542,-0.0059,-0.1027,0.9493,1.5312,0.4375,14.0875,1000.8643,left_turn
405602,0.0249,-0.1090,1.0110,2.0912,0.8313,13.6412,1000.8618,left_turn
405662,-0.0287,0.0310,1.0424,0.6913,0.7437,12.7137,1000.8726,left_turn
405722,0.0431,-0.0023,1.0767,0.5163,-0.7525,11.4537,1000.8726,left_turn
405782,-0.0163,-0.0480,0.9257,0.3762,-0.6562,10.6575,1000.8689,left_turn
405842,0.0105,-0.0242,1.0324,-0.3762,0.3938,9.7913,1000.8694,left_turn
405902,0.0124,-0.0185,1.0521,0.8313,0.0962,8.8112,1000.8652,left_turn
405962,0.0586,0.0060,0.9587,-0.7788,-3.2025,8.1287,1000.8657,left_turn
406022,0.1325,-0.0100,1.1993,-1.6275,0.6388,7.4375,1000.8650,left_turn
406082,0.0842,0.0305,1.0121,0.3150,0.7262,6.5975,1000.8701,left_turn
406142,0.1090,-0.0256,1.1484,1.0588,3.2200,6.3875,1000.8542,left_turn
406202,0.0051,-0.0478,0.8674,0.5512,1.5925,6.0200,1000.8740,left_turn
406262,0.0463,-0.0137,0.9972,0.2800,2.5025,6.4225,1000.8757,left_turn
406322,0.0656,0.0071,0.9753,-0.0787,1.6800,6.4050,1000.8806,left_turn
406382,0.0212,0.0166,0.9809,1.2337,1.0063,5.8888,1000.8765,left_turn
406442,-0.0037,-0.0718,0.9745,1.7325,0.4200,5.2413,1000.8718,left_turn
406502,-0.0356,0.0449,0.9396,2.2925,0.4288,4.5850,1000.8755,left_turn
406562,0.0052,0.0010,0.9770,0.2800,-1.3737,4.0250,1000.8794,left_turn
406622,0.0664,0.0551,1.0350,-0.6037,-1.5925,3.9462,1000.8640,left_turn
406682,0.0163,-0.0229,1.0313,-0.8138,-2.6950,3.8238,1000.8655,left_turn
406742,-0.0171,-0.0012,0.8547,-0.5337,-2.9313,2.4675,1000.8730,left_turn
406802,0.1200,0.0744,1.0478,1.3388,-2.2750,2.4150,1000.8792,left_turn
406862,0.0185,-0.0031,1.0091,2.3888,0.3675,1.7763,1000.8660,left_turn
406922,0.0321,0.0315,0.9299,0.4200,-1.8375,1.9075,1000.8696,left_turn
406982,0.0515,0.0159,1.0604,0.2625,2.4762,1.5488,1000.8669,left_turn
407042,0.0461,0.0058,0.9953,0.3237,2.8175,1.5050,1000.8701,left_turn
407102,0.0357,0.0752,0.9279,-0.5075,0.2887,1.2425,1000.8818,left_turn
407162,0.0298,-0.0090,0.9643,1.6888,2.1962,1.4525,1000.8696,left_turn
407222,0.0151,0.1256,1.0327,1.3650,2.4500,0.9800,1000.8706,left_turn
407282,0.0432,0.0074,0.9243,0.9362,-0.7788,1.1725,1000.8660,left_turn
407342,0.0608,0.0515,1.1061,0.8050,1.8288,0.9538,1000.8774,left_turn
407402,0.0095,0.0375,0.8640,1.5400,-1.2862,0.7788,1000.8745,left_turn
407462,0.0198,0.0175,0.9643,0.8487,-1.5575,0.9800,1000.8625,left_turn
407522,0.0290,0.0381,1.0058,1.2425,0.1575,0.8400,1000.8730,left_turn
407582,0.0525,0.0637,1.0543,-1.7850,0.7613,0.9187,1000.8716,left_turn
407642,0.0334,0.0469,1.0580,-2.3800,-3.2462,1.3125,1000.8721,left_turn
407702,0.0405,-0.0023,1.0433,0.5075,-0.5775,1.1812,1000.8860,left_turn
407762,0.0447,0.0459,1.0480,-0.5863,-0.9800,1.0500,1000.8667,left_turn
407822,0.0422,0.0608,0.9837,0.8487,0.0000,0.8050,1000.8848,left_turn
407882,0.0611,0.0167,0.9631,0.0088,-0.2975,0.9362,1000.8823,left_turn
407942,0.0501,0.0115,0.9548,0.5075,0.7875,1.0938,1000.8762,left_turn
408002,0.0766,-0.0110,1.0158,0.8662,2.6075,1.2775,1000.8735,left_turn
408062,0.0819,-0.0090,1.0243,-0.2100,0.9362,1.8112,1000.8896,left_turn
408122,0.0407,-0.0578,0.9426,-0.4462,1.9075,1.7850,1000.8750,left_turn
408182,0.0051,0.0815,0.9101,-0.3413,-1.8200,2.2838,1000.8872,left_turn
408242,0.0698,-0.0290,1.0058,-1.9512,-1.2250,3.1412,1000.8831,left_turn
408302,0.1147,-0.0978,1.0219,-0.5337,0.2275,3.1675,1000.8816,left_turn
408362,0.0761,0.0503,1.0508,-0.0088,0.7088,4.4625,1000.8875,left_turn
408422,0.0173,-0.0832,0.9640,-0.3762,-1.7500,4.0425,1000.8965,left_turn
408482,0.0434,0.0718,1.0335,-0.1575,-0.0175,5.4338,1000.8931,left_turn
408542,0.0634,-0.0325,1.0652,1.1988,1.0762,6.0025,1000.8950,left_turn
408602,0.0447,0.0070,0.9579,-0.8925,-0.3413,6.0813,1000.9041,left_turn
408662,0.0400,-0.0690,0.9972,-1.8725,0.5075,7.0175,1000.8914,left_turn
408722,0.0529,-0.0619,1.0443,-0.6650,0.4638,7.7438,1000.9036,left_turn
408782,0.0810,-0.0681,1.0041,-0.3325,-0.0175,8.4350,1000.9072,left_turn
408842,0.0537,-0.1010,0.9807,-0.5950,1.9688,8.8988,1000.8948,left_turn
408902,0.0771,-0.0979,1.0207,0.7788,1.2513,10.0275,1000.9028,left_turn
408962,0.0109,-0.1461,0.9704,0.3325,1.3300,10.6575,1000.8989,left_turn
409022,0.0322,-0.0932,0.9506,0.7262,0.4988,12.1012,1000.9001,left_turn
409082,-0.0056,-0.1011,0.8743,0.0437,-0.5950,12.6350,1000.8928,left_turn
409142,0.0201,-0.1731,0.9528,-0.7088,-2.1788,14.4462,1000.9001,left_turn
409202,0.0440,-0.0979,1.0417,-0.7700,-2.1962,14.7788,1000.9048,left_turn
409262,0.0878,-0.1371,0.9462,0.8225,-2.9575,15.1637,1000.9048,left_turn
409322,-0.0213,-0.0666,1.1439,-0.1575,0.0962,15.4963,1000.9124,left_turn
409382,0.0681,-0.1137,1.0723,0.7700,-0.4200,15.9775,1000.9209,left_turn
409442,0.0534,-0.1000,0.9760,0.4462,0.4025,16.2138,1000.9172,left_turn
409502,0.0695,-0.1047,1.0507,-0.4638,0.4638,17.1588,1000.9155,left_turn
409562,0.1112,-0.1135,0.9824,0.9625,-0.9013,17.5525,1000.9094,left_turn
409622,0.0198,-0.1393,0.8843,-0.3063,0.7700,18.7162,1000.9087,left_turn
409682,0.0183,-0.1635,0.9534,-1.4875,1.9775,19.4862,1000.9080,left_turn
409742,0.0579,-0.1376,0.8823,-2.2225,1.1725,20.5450,1000.8955,left_turn
409802,0.0659,-0.1911,0.9557,-3.0975,0.6475,21.5688,1000.8979,left_turn
409862,0.0066,-0.1774,0.8223,-0.1925,2.7562,22.3913,1000.9001,left_turn
409922,0.0313,-0.1903,0.9477,-1.6888,0.7875,23.0562,1000.9048,left_turn
409982,-0.0098,-0.2089,0.9592,-0.7175,2.9400,24.4737,1000.9104,left_turn
410042,-0.0112,-0.1149,0.9501,0.8925,1.4175,24.6925,1000.9121,left_turn
410102,0.1191,-0.1688,1.0156,0.4288,-0.4988,25.7775,1000.9189,left_turn
410162,0.0510,-0.1871,1.0156,1.0675,2.1875,26.6437,1000.9131,left_turn
410222,0.0468,-0.1462,0.9850,-0.8313,-2.0825,27.6150,1000.9136,left_turn
410282,0.0741,-0.2462,0.9924,1.5400,0.8575,27.2213,1000.9062,left_turn
410342,0.0631,-0.1249,1.0785,0.9887,2.0825,28.0000,1000.9036,left_turn
410402,0.0157,-0.2073,0.9826,0.9712,0.7962,28.5250,1000.9170,left_turn
410462,-0.0224,-0.1817,0.9119,1.9600,-0.7088,28.5425,1000.8953,left_turn
410522,0.0184,-0.1376,0.9853,1.3388,2.3537,28.7612,1000.9053,left_turn
410582,0.0542,-0.1796,0.9435,-1.2425,0.8750,28.9188,1000.9089,left_turn
410642,0.0470,-0.1901,0.9728,-1.4262,-0.7088,29.1112,1000.8901,left_turn
410702,0.0241,-0.1437,0.9484,-0.1488,-0.5512,29.0063,1000.9082,left_turn
410762,0.0259,-0.1828,0.9654,0.4288,1.6187,29.0763,1000.9075,left_turn
410822,0.0539,-0.1921,1.0004,-0.5600,0.9450,28.7787,1000.9031,left_turn
410882,0.0518,-0.1637,1.0145,0.1750,1.3825,29.0763,1000.9233,left_turn
410942,0.0276,-0.1684,1.0680,0.3063,1.2162,28.8925,1000.9072,left_turn
411002,0.0459,-0.1718,0.9129,1.8112,-1.8463,28.7875,1000.9114,left_turn
411062,0.0534,-0.2126,0.8943,-0.4900,1.2425,29.0500,1000.9121,left_turn
411122,0.1017,-0.1288,1.1712,0.4288,1.9338,29.4788,1000.9141,left_turn
411182,-0.0246,-0.2216,0.8741,-0.2537,-0.0525,29.3563,1000.9058,left_turn
411242,-0.0198,-0.2169,0.9357,0.8138,0.0437,29.0588,1000.9089,left_turn
411302,0.0364,-0.1083,1.0509,0.1750,-0.6825,29.0238,1000.9072,left_turn
411362,0.0342,-0.1425,1.0632,-0.5688,1.1113,28.5688,1000.9172,left_turn
411422,-0.0181,-0.2147,0.9376,-0.7088,-1.8025,28.7175,1000.9177,left_turn
411482,-0.0234,-0.1718,0.9276,0.9975,-0.5600,28.4900,1000.9121,left_turn
411542,0.0090,-0.2094,0.8733,-1.8112,-0.9887,28.3412,1000.9048,left_turn
411602,-0.0061,-0.1977,0.9821,0.2100,-0.1050,27.9125,1000.9080,left_turn
411662,-0.0470,-0.1957,0.8796,1.6363,-1.3300,27.9212,1000.9094,left_turn
411722,0.0591,-0.1215,1.1634,0.5075,-0.3850,27.1863,1000.9021,left_turn
411782,0.0056,-0.1242,1.0243,0.5512,-0.7175,26.6875,1000.9141,left_turn
411842,-0.0113,-0.1686,0.9626,1.2250,0.1838,25.5413,1000.9082,left_turn
411902,-0.0215,-0.1064,0.9789,1.4262,1.2862,24.2638,1000.9014,left_turn
411962,-0.0542,-0.1779,0.9201,-0.0262,-0.2362,23.2050,1000.9014,left_turn
412022,-0.0163,-0.1199,1.0075,0.7788,0.5688,22.5050,1000.8975,left_turn
412082,-0.0489,-0.1034,1.0663,-0.0875,2.2400,21.5863,1000.8967,left_turn
412142,-0.0310,-0.0911,1.0402,0.4288,2.1788,21.2275,1000.8921,left_turn
412202,-0.0719,-0.1330,0.9731,-0.2800,-0.0175,19.9762,1000.8977,left_turn
412262,-0.0478,-0.0920,1.0045,0.7437,0.7000,19.0400,1000.8923,left_turn
412322,-0.0711,-0.1134,1.0099,0.6825,-0.1050,18.2787,1000.9043,left_turn
412382,-0.0827,-0.1144,0.9614,-0.1925,0.7262,17.8325,1000.8906,left_turn
412442,-0.0710,-0.0832,0.9758,-0.7350,-0.1925,16.9925,1000.8975,left_turn
412502,-0.0578,-0.0805,1.0041,0.0525,0.1400,16.5812,1000.8879,left_turn
412562,-0.0486,-0.0059,1.1010,0.9887,0.8838,15.5750,1000.8860,left_turn
412622,-0.0809,-0.1645,0.9770,0.0525,0.0700,15.8725,1000.8831,left_turn
412682,-0.1149,-0.1307,0.9756,1.1812,0.5163,15.1200,1000.8806,left_turn
412742,-0.0273,-0.0437,1.0853,-1.0150,0.8487,14.7875,1000.8877,left_turn
412802,-0.0778,-0.0907,0.9978,-0.1225,0.8400,14.5950,1000.8794,left_turn
412862,-0.1033,-0.1217,0.9409,0.5163,-1.2250,13.6237,1000.8840,left_turn
412922,-0.0688,-0.0838,0.9723,0.4638,0.0262,13.0463,1000.8889,left_turn
412982,-0.0129,-0.0422,1.0995,0.4462,1.8112,12.7225,1000.8879,left_turn
413042,-0.0707,-0.0691,1.0058,0.3413,-0.6562,12.1187,1000.8762,left_turn
413102,-0.0195,-0.0773,1.0370,0.6125,-0.3063,11.4800,1000.8774,left_turn
413162,-0.0474,-0.0267,1.0026,0.4112,-0.5512,10.5350,1000.8843,left_turn
413222,-0.0484,-0.0359,0.9816,0.0787,-1.1200,9.9312,1000.8633,left_turn
413282,-0.0212,-0.0361,0.9881,0.9362,-1.1725,9.0037,1000.8716,left_turn
413342,-0.0317,0.0105,1.0599,1.6013,-0.8838,7.8313,1000.8679,left_turn
413402,-0.0739,-0.0161,1.0431,1.2950,0.9800,6.7987,1000.8564,left_turn
413462,-0.0769,0.0025,0.9421,-0.0437,0.5075,6.3962,1000.8621,left_turn
413522,-0.0671,0.0217,0.9679,-0.4900,-0.5950,5.6087,1000.8662,left_turn
413582,-0.0472,0.0100,1.0212,0.9712,-0.0525,4.5500,1000.8616,left_turn
413642,-0.0446,0.0772,1.0724,1.2337,0.1225,3.5087,1000.8540,left_turn
413702,-0.0406,-0.0080,1.0349,1.5225,-0.7350,2.5025,1000.8623,left_turn
413762,0.0090,0.0173,1.0846,-0.4288,0.2013,2.4237,1000.8435,left_turn
413822,-0.0429,0.0734,1.0075,2.1437,0.8487,1.8025,1000.8555,left_turn
413882,-0.0687,-0.0013,0.9418,0.4988,0.1050,0.7788,1000.8535,left_turn
413942,-0.0060,0.1713,0.9679,1.7500,0.4288,0.5600,1000.8625,left_turn
414002,-0.0949,-0.0285,0.9353,-1.1025,-1.9775,1.1725,1000.8491,left_turn
414062,-0.0732,-0.0244,1.0141,0.9275,1.2075,0.8225,1000.8599,left_turn
414122,-0.0466,0.0442,1.0121,1.1200,-0.5425,0.7437,1000.8613,left_turn
414182,0.0039,0.0572,1.1173,0.5425,1.3475,0.6562,1000.8513,left_turn
414242,-0.0386,-0.0254,0.9511,0.4812,-0.8750,0.3675,1000.8433,left_turn
414302,-0.0146,-0.0076,0.9938,0.3938,-0.8662,0.3063,1000.8552,left_turn
414362,-0.0320,0.0481,1.0548,1.7938,-0.9800,-0.0525,1000.8530,left_turn
414422,-0.0317,0.0486,1.0975,-0.1138,-0.2275,-0.1663,1000.8560,left_turn
414482,0.0117,0.2137,1.1141,1.3913,2.6425,0.3150,1000.8442,left_turn
414542,-0.0539,0.1435,0.9094,-0.2188,0.1138,0.2188,1000.8484,left_turn
414602,-0.0166,0.0503,0.9812,0.1312,-1.1025,-0.0962,1000.8508,left_turn
414662,0.0037,0.0676,0.9500,-0.4462,-0.1925,-0.0350,1000.8525,left_turn
414722,-0.0186,-0.0486,0.9770,-0.2362,0.2013,-0.2800,1000.8457,left_turn
414782,-0.0142,0.0107,1.0336,0.7962,0.3587,-0.6913,1000.8403,left_turn
414842,0.0434,0.0913,1.0663,-1.7675,1.2250,-0.4638,1000.8433,left_turn
414902,-0.0149,-0.0269,0.9274,0.8138,0.5337,0.2013,1000.8574,left_turn
414962,-0.0015,0.0639,1.0025,0.5250,0.1925,-0.4900,1000.8440,left_turn
415022,0.0168,-0.0091,0.9340,-1.0063,1.8637,-0.4988,1000.8525,left_turn
415082,0.0325,0.0371,1.0616,-0.5250,2.0825,-0.2887,1000.8450,left_turn
415142,0.0049,0.0423,1.0153,1.2687,-0.5950,-0.5337,1000.8474,left_turn
415202,-0.0066,0.0176,0.9569,0.4200,-1.4612,-0.2713,1000.8455,left_turn
415262,-0.0586,-0.0170,0.9396,0.6825,0.3325,-0.5600,1000.8367,left_turn
415322,0.0850,0.0490,1.1839,-0.3938,-0.4200,-0.2625,1000.8394,left_turn
415382,0.0234,0.0025,0.9441,-0.0262,-2.6862,-0.3587,1000.8447,left_turn
415442,0.0556,0.0396,1.0443,0.3938,-1.5575,-0.2013,1000.8330,left_turn
415502,0.0325,0.0607,1.0990,0.7700,0.1050,-0.2362,1000.8467,left_turn
415562,-0.0227,0.0413,1.0753,1.0675,-0.5425,0.0525,1000.8457,left_turn
415622,-0.0303,0.0348,0.8977,-0.3413,-0.5688,-0.4288,1000.8301,left_turn
415682,0.0122,-0.0185,1.0060,-0.7088,-1.1463,-0.2275,1000.8350,left_turn
415742,0.0068,0.0432,1.0493,-0.8400,0.5950,-0.3150,1000.8325,left_turn
415802,0.0142,-0.0027,1.0221,-0.9013,-2.0387,-0.1225,1000.8235,left_turn
415862,0.0254,-0.0346,1.0834,1.3737,0.6388,-0.1400,1000.8279,left_turn
415922,-0.0320,0.0900,0.9780,0.3938,-0.1050,-0.2100,1000.8252,left_turn
415982,0.0109,0.0335,1.0177,-1.0150,-0.4112,-0.3938,1000.8240,left_turn
416042,0.0500,0.0041,1.1095,-0.3063,-0.7700,-0.4112,1000.8218,left_turn
416102,0.1146,-0.0168,1.0878,-0.2713,1.5400,-0.2975,1000.8184,left_turn
416162,0.0576,0.0418,0.9473,0.7700,-0.9887,0.0437,1000.8230,left_turn
416222,0.0432,0.0544,1.0399,-0.8138,-0.3237,-0.0700,1000.8262,left_turn
416282,-0.0152,0.0361,1.0102,1.4612,2.3450,-0.0088,1000.8201,left_turn
416342,-0.0042,0.0750,1.0633,-0.2275,0.0700,-0.1750,1000.8269,left_turn
416402,-0.0423,0.0398,0.9835,-1.2425,0.0175,-0.1050,1000.8303,left_turn
416462,-0.0556,0.0049,1.0014,0.3850,1.8987,-0.1925,1000.8262,left_turn
416522,0.0215,-0.1365,0.9977,-3.1850,-0.6300,-0.4638,1000.8303,left_turn
416582,0.0200,0.0120,0.9741,1.2425,-1.0675,0.2188,1000.8376,left_turn
416642,-0.0158,0.0646,1.0022,0.6562,-0.4112,-0.2013,1000.8398,left_turn
416702,0.0390,-0.1020,0.9143,-1.2687,-2.1350,-0.2013,1000.8330,left_turn
416762,0.0129,0.0554,0.9552,1.0500,0.7175,0.1225,1000.8320,left_turn
416822,0.0046,-0.0022,0.9730,0.1838,-1.1638,0.0088,1000.8293,left_turn
416882,0.0235,0.0227,0.9577,0.5250,-0.5600,0.1138,1000.8347,left_turn
416942,-0.0363,0.0600,0.9419,1.4350,-0.6300,-0.0262,1000.8340,left_turn
417002,-0.0086,0.1183,1.1128,1.8112,2.2838,0.1575,1000.8369,left_turn
417062,0.0415,-0.0231,0.9980,-0.7175,1.3650,-0.2013,1000.8230,left_turn
417122,-0.0572,0.1015,0.8926,-2.1613,-4.0425,-0.1488,1000.8342,left_turn
417182,0.0390,-0.0114,1.0175,-0.2713,-0.1575,-0.0437,1000.8252,left_turn
417242,0.0038,0.0271,0.9482,0.6562,-0.7175,-0.5163,1000.8354,left_turn
417302,0.0054,0.0239,0.9360,1.1988,0.2975,-0.3150,1000.8225,left_turn
417362,0.0581,-0.0200,1.0277,-0.8662,-2.4850,-0.0262,1000.8284,left_turn
417422,0.1135,0.0796,1.1038,1.0762,1.3475,0.4638,1000.8359,left_turn
417482,-0.0559,0.0281,0.8833,-1.7763,-2.7475,0.5163,1000.8411,left_turn
417542,0.0578,-0.0591,1.0494,0.4462,-1.6888,-0.1663,1000.8418,left_turn
417602,0.0874,0.1191,1.0514,-0.7525,-1.2950,-0.0262,1000.8345,left_turn
417662,0.0389,0.0181,1.0272,1.2337,2.1000,-0.1838,1000.8354,left_turn
417722,0.0293,0.0639,1.0027,-0.1400,0.8400,-0.2975,1000.8389,left_turn
417782,0.0139,-0.0281,1.0014,-0.0437,1.0325,-0.1138,1000.8413,left_turn
417842,-0.0540,0.0489,0.9731,0.3762,0.7875,0.1138,1000.8440,left_turn
417902,0.0315,0.0408,1.0148,-0.3325,0.6212,0.3150,1000.8342,left_turn
417962,-0.0256,-0.0503,0.9931,0.0962,0.0525,0.1663,1000.8457,left_turn
418022,-0.0134,0.0651,0.8843,-0.8750,-1.7325,-0.4025,1000.8386,left_turn
418082,0.0656,-0.0244,1.0787,-0.4200,0.2450,-0.3762,1000.8411,left_turn
418142,-0.0136,0.0278,0.9743,0.1312,-0.2887,0.1838,1000.8408,left_turn
418202,0.0109,0.0266,0.9624,-0.6737,0.0875,0.0875,1000.8425,left_turn
418262,-0.0168,0.0215,0.9959,1.1200,0.0875,0.0525,1000.8420,left_turn
418322,0.0046,-0.0160,0.9867,-0.0437,-0.8838,-0.0525,1000.8533,left_turn
418382,0.0415,-0.0198,1.0102,0.8925,-1.1113,-0.0088,1000.8350,left_turn
418442,0.0005,0.0073,0.9755,-0.4200,-0.7613,0.2625,1000.8350,left_turn
418502,0.0473,0.0759,1.0775,-0.6650,0.6825,0.3675,1000.8372,left_turn
418562,0.0693,0.1210,0.9689,0.8487,-4.7775,0.7000,1000.8369,left_turn
418622,0.0271,0.0429,1.1155,0.5688,1.4175,-0.3237,1000.8467,left_turn
418682,-0.0117,0.0330,0.9753,1.6888,0.2013,-0.4988,1000.8442,left_turn
418742,0.0593,-0.0102,1.0660,0.4025,-2.5638,-0.4288,1000.8438,left_turn
418802,0.0748,0.0132,1.0583,0.5425,0.0437,0.1488,1000.8464,left_turn
418862,0.0323,0.1006,1.0110,-0.7088,-0.2100,-0.2275,1000.8359,left_turn
418922,0.0397,-0.0329,0.9869,-1.1287,-1.4175,0.3413,1000.8423,left_turn
418982,-0.0669,-0.0115,0.9294,0.3762,-1.7850,0.0262,1000.8357,left_turn
419042,0.0221,-0.0690,0.9411,-0.0787,-1.3212,0.0350,1000.8523,left_turn
419102,0.0267,0.0505,0.9598,-1.1463,0.8313,0.1750,1000.8357,left_turn
419162,0.0217,-0.1014,0.9853,-0.4375,-0.9712,-0.5600,1000.8501,left_turn
419222,-0.0158,-0.0220,1.0389,0.4988,2.7825,-0.1663,1000.8386,left_turn
419282,0.0354,0.0425,0.9048,-0.1750,-1.6100,0.1312,1000.8350,left_turn
419342,0.0971,-0.0114,0.9778,-1.4787,-1.3563,0.4375,1000.8440,left_turn
419402,0.0659,0.0586,1.0012,-0.4288,0.1575,0.1575,1000.8374,left_turn
419462,0.0537,0.0143,0.9477,-0.6212,-0.0088,0.0875,1000.8369,left_turn
419522,0.0386,-0.0253,0.9629,-0.4112,1.4438,-0.3500,1000.8462,left_turn
419582,0.0776,-0.0234,1.1087,0.7000,0.7788,-0.2975,1000.8364,left_turn
419642,0.0486,-0.0207,0.9631,1.1113,0.6475,-0.2713,1000.8418,left_turn
419702,0.1005,0.0396,1.0472,1.3038,-0.7788,0.1225,1000.8367,left_turn
419762,0.0592,0.0732,0.9831,-0.4200,0.3762,-0.0613,1000.8438,left_turn
419822,0.0778,0.0561,1.1175,0.4025,2.0650,-0.3237,1000.8403,left_turn
419882,0.0801,0.0282,1.0583,-0.1312,0.0787,0.0000,1000.8425,left_turn
419942,0.0731,0.0283,1.0199,0.0962,0.2013,0.2275,1000.8455,left_turn
420002,0.0550,0.0071,1.0565,0.0088,1.2162,0.0088,1000.8491,left_turn
420062,0.0391,-0.0065,1.0682,0.9712,0.3413,-0.0088,1000.8486,left_turn
420122,0.0612,0.0159,0.9816,-0.5250,0.8313,-0.1750,1000.8528,left_turn
420182,0.0476,-0.0784,1.0299,1.2250,2.0213,-0.2188,1000.8521,left_turn
420242,0.0476,0.0583,0.9667,0.4462,0.2362,-0.0088,1000.8503,left_turn
420302,0.0346,-0.0608,1.0338,-0.0088,0.4812,0.4900,1000.8474,left_turn
420362,-0.0098,0.0395,0.9592,1.8550,0.2450,0.4550,1000.8611,left_turn
420422,0.0523,-0.0221,0.9587,-0.4900,-2.1088,-0.0787,1000.8447,left_turn
420482,0.0668,0.0595,0.9794,0.3850,-1.4963,-0.0350,1000.8291,left_turn
420542,0.0788,-0.0511,1.0782,0.2188,1.7763,0.0875,1000.8333,left_turn
420602,0.0371,0.0293,1.0283,0.2713,-0.9887,0.0000,1000.8293,left_turn
420662,0.0910,0.0285,1.0572,-0.1312,1.5400,-0.1312,1000.8413,left_turn
420722,0.0883,0.0137,0.9623,0.6037,0.7613,0.1138,1000.8381,left_turn
420782,0.0415,0.0454,0.9953,0.4375,0.2713,-0.1312,1000.8303,left_turn
420842,0.0754,-0.0364,0.9982,1.1725,0.3413,0.1400,1000.8298,left_turn
420902,0.0663,0.0761,1.0494,0.9013,0.5075,0.2713,1000.8398,left_turn
420962,0.0257,0.0305,0.9889,0.7175,0.5775,0.0525,1000.8442,left_turn
421022,0.0266,-0.0487,0.9534,0.4025,0.7262,0.0000,1000.8494,left_turn
421082,0.0801,0.0544,1.0160,-0.1750,1.1638,0.1750,1000.8438,left_turn
421142,0.0368,0.0366,0.9797,-1.2600,0.5688,0.2625,1000.8308,left_turn
421202,0.0451,0.0071,0.9307,-0.4375,-0.9800,0.0262,1000.8335,left_turn
421262,0.0298,-0.0068,0.9560,1.4612,0.7350,-0.0700,1000.8516,left_turn
421322,0.0524,0.0132,1.0068,0.7437,0.7613,0.3237,1000.8474,left_turn
421382,0.0210,-0.0408,0.9867,-0.9275,-0.7525,0.8050,1000.8596,left_turn
421442,0.0650,0.0647,1.0345,1.0325,1.4175,1.0063,1000.8652,left_turn
421502,0.0501,0.0391,1.0045,-0.8925,0.1750,1.1287,1000.8667,left_turn
421562,0.0461,-0.0307,0.9467,0.7350,0.1225,0.8575,1000.8667,left_turn
421622,0.0814,0.0203,1.0199,-0.1750,-0.0613,1.1113,1000.8704,left_turn
421682,0.0951,-0.0031,1.0699,-0.0175,0.7175,1.7587,1000.8643,left_turn
421742,0.0427,0.0127,1.0598,-0.4112,1.3475,2.1613,1000.8611,left_turn
421802,0.0949,-0.0132,1.0633,0.1488,0.2362,2.9225,1000.8669,left_turn
421862,0.0342,-0.0407,0.9887,-0.3325,-0.6562,3.2725,1000.8577,left_turn
421922,0.0578,-0.0549,1.0294,0.1050,0.0350,4.0425,1000.8621,left_turn
421982,0.0344,-0.0441,0.9624,-0.0613,-0.0525,4.5588,1000.8679,left_turn
422042,0.0857,-0.0866,0.9902,-0.2100,-0.0088,4.7337,1000.8647,left_turn
422102,0.0578,-0.0537,0.9538,-1.1812,-1.1725,5.4862,1000.8750,left_turn
422162,0.0722,-0.0512,1.0324,0.6650,0.7700,5.8800,1000.8826,left_turn
422222,0.0420,-0.1316,0.9157,-1.2775,-0.8050,6.6850,1000.8708,left_turn
422282,0.0354,-0.1027,0.9512,-1.3125,0.7088,7.3762,1000.8748,left_turn
422342,0.0719,-0.0901,0.9236,-1.1113,-0.2625,7.8575,1000.8806,left_turn
422402,0.0653,-0.0746,1.0328,-0.2975,0.2800,8.9075,1000.8901,left_turn
422462,0.0792,-0.1415,0.9858,-1.3212,-0.6475,10.0013,1000.8938,left_turn
422522,0.0766,-0.1049,1.0028,-1.1725,0.8050,10.7800,1000.8892,left_turn
422582,0.0594,-0.1374,0.9590,-0.8225,-0.6125,11.6550,1000.9023,left_turn
422642,0.0869,-0.1440,1.0487,0.3587,-0.2362,12.9150,1000.9077,left_turn
422702,0.0842,-0.1504,1.0438,0.7613,-0.0787,13.6587,1000.9094,left_turn
422762,0.0210,-0.1239,0.9780,1.6013,0.2013,14.1488,1000.9158,left_turn
422822,0.0692,-0.1488,0.9894,-0.9800,0.5512,15.0763,1000.9055,left_turn
422882,0.0608,-0.1816,0.9831,0.0875,-1.2513,15.7150,1000.9128,left_turn
422942,0.0786,-0.1817,1.0551,0.9275,-1.1725,16.3713,1000.8970,left_turn
423002,0.0861,-0.1227,1.0246,-0.6913,-0.6388,17.1588,1000.9082,left_turn
423062,0.0794,-0.1640,1.0352,-0.7350,-0.0088,18.4188,1000.9165,left_turn
423122,0.1207,-0.1335,0.9856,-1.5137,-1.8725,18.8125,1000.9211,left_turn
423182,0.0749,-0.1720,0.9945,-0.1312,-0.3500,19.6175,1000.9138,left_turn
423242,0.0151,-0.1635,0.8860,-0.2887,-0.2887,19.9062,1000.9175,left_turn
423302,0.0490,-0.2027,0.9157,-0.0962,0.2450,20.1425,1000.9131,left_turn
423362,0.1371,-0.2075,1.0003,0.6300,-2.6250,21.5863,1000.9226,left_turn
423422,0.0849,-0.1918,1.0435,0.9712,-0.0088,22.3125,1000.9165,left_turn
423482,0.0974,-0.1952,0.9503,0.5950,-1.1900,22.8550,1000.9368,left_turn
423542,0.1364,-0.2054,1.1034,1.9512,1.6800,23.6513,1000.9260,left_turn
423602,0.1300,-0.2206,1.0532,1.6450,0.8575,24.5263,1000.9333,left_turn
423662,0.1725,-0.1632,1.0702,1.3913,-0.0262,25.7687,1000.9343,left_turn
423722,0.0855,-0.2267,0.9870,1.3650,1.1638,26.5212,1000.9404,left_turn
423782,0.0633,-0.1934,0.8638,-1.2862,-0.8925,27.7200,1000.9304,left_turn
423842,-0.0012,-0.2166,0.9099,-0.3850,0.0437,27.9737,1000.9358,left_turn
423902,0.0871,-0.1881,0.9875,-0.8575,-0.9450,27.5800,1000.9365,left_turn
423962,0.1215,-0.1740,1.0353,-0.8050,-1.4175,28.0788,1000.9495,left_turn
424022,0.0761,-0.2090,0.9321,0.4900,0.0000,28.0963,1000.9490,left_turn
424082,0.0763,-0.1525,1.1549,4.7775,4.5325,27.8425,1000.9536,left_turn
424142,0.0459,-0.1154,1.0690,5.1275,1.5225,27.9737,1000.9619,left_turn
424202,-0.0256,-0.1921,0.9614,3.0887,0.3325,27.7463,1000.9460,left_turn
424262,0.0038,-0.2055,0.9934,3.2287,-1.8288,27.7200,1000.9519,left_turn
424322,-0.0002,-0.2245,0.9233,1.8463,0.2450,27.8162,1000.9424,left_turn
424382,0.0259,-0.1505,1.0394,1.1900,1.5750,28.2712,1000.9480,left_turn
424442,0.0054,-0.1772,0.8947,-1.8987,0.0175,27.8075,1000.9456,left_turn
424502,0.0603,-0.1215,1.0829,-0.7350,2.1350,28.1313,1000.9404,left_turn
424562,0.0429,-0.2343,1.1485,-0.8225,2.8963,28.1400,1000.9526,left_turn
424622,-0.0656,-0.2469,0.8538,0.2275,1.4175,27.7725,1000.9551,left_turn
424682,-0.0093,-0.2378,1.0272,1.0325,1.8900,27.1075,1000.9580,left_turn
424742,0.0290,-0.1485,1.0609,2.2313,1.0150,26.9062,1000.9583,left_turn
424802,0.0282,-0.1620,0.9975,1.3650,-0.1488,26.7400,1000.9517,left_turn
424862,0.0143,-0.1689,1.0372,1.5925,0.5512,26.4513,1000.9546,left_turn
424922,-0.0156,-0.1604,0.9819,0.8925,1.6100,26.1187,1000.9502,left_turn
424982,-0.0200,-0.1598,0.9917,-0.1925,0.3850,25.9088,1000.9365,left_turn
425042,-0.0173,-0.1826,0.9752,-0.0613,0.8838,25.6812,1000.9324,left_turn
425102,-0.0193,-0.1479,0.9985,-0.2713,2.1350,25.0425,1000.9426,left_turn
425162,0.0246,-0.1484,1.0096,0.1312,0.0000,24.9287,1000.9448,left_turn
425222,-0.0356,-0.1463,0.9577,1.4088,1.0237,24.3687,1000.9443,left_turn
425282,-0.0298,-0.1457,0.9963,0.1488,-0.1750,23.8612,1000.9480,left_turn
425342,-0.0166,-0.1346,1.0067,0.5775,0.0437,23.0212,1000.9448,left_turn
425402,-0.0223,-0.1000,1.0172,0.5163,-0.5775,22.2687,1000.9507,left_turn
425462,-0.0029,-0.1152,1.0038,0.4900,1.1287,21.5775,1000.9482,left_turn
425522,-0.0471,-0.1408,0.9426,-0.9887,-0.6475,20.5800,1000.9463,left_turn
425582,-0.0168,-0.1120,1.0329,0.7437,0.7262,19.5475,1000.9521,left_turn
425642,-0.0644,-0.1229,0.9680,1.3563,0.0700,18.7162,1000.9495,left_turn
425702,-0.0881,-0.0457,0.9250,1.1812,-0.1750,17.3162,1000.9397,left_turn
425762,0.0102,-0.0786,1.0863,1.4438,0.4375,16.4762,1000.9465,left_turn
425822,0.0114,0.0041,1.0124,1.0762,1.3650,15.4963,1000.9458,left_turn
425882,-0.0466,-0.0761,0.9331,-0.8400,-1.0588,14.0962,1000.9458,left_turn
425942,-0.0198,-0.0473,1.0060,0.0787,-0.2362,12.9412,1000.9341,left_turn
426002,-0.0439,-0.0191,0.9777,-0.1050,-0.0787,12.0837,1000.9387,left_turn
426062,-0.0159,-0.0835,1.0033,-0.7000,1.0500,10.8938,1000.9221,left_turn
426122,-0.0259,-0.0473,0.9689,0.0175,-0.1750,10.3600,1000.9341,left_turn
426182,-0.0464,-0.0920,0.9755,-0.1488,0.4725,9.8525,1000.9397,left_turn
426242,-0.0157,-0.0500,1.0157,-0.2537,-0.1400,9.5288,1000.9360,left_turn
426302,-0.0303,-0.0512,0.9528,0.0962,0.3063,9.3013,1000.9434,left_turn
426362,-0.0210,0.0210,0.9140,0.8400,-1.0412,8.0675,1000.9443,left_turn
426422,0.0065,-0.0020,0.9866,0.8487,-0.9100,7.5338,1000.9260,left_turn
426482,-0.0198,0.0330,0.9724,0.9975,-0.9887,5.7925,1000.9434,left_turn
426542,-0.0185,-0.0020,1.0147,0.3150,0.3587,4.8125,1000.9451,left_turn
426602,0.0100,0.0465,1.0325,1.0500,0.4812,4.0512,1000.9419,left_turn
426662,-0.0107,0.0137,0.9485,-1.3388,-1.1287,2.9050,1000.9380,left_turn
426722,0.0103,0.0217,0.9548,0.5775,-0.1838,2.2925,1000.9272,left_turn
426782,-0.0024,0.0012,0.9513,0.0613,-0.5600,1.6275,1000.9250,left_turn
426842,0.0183,0.0429,1.0241,-0.1663,0.2625,1.1025,1000.9229,left_turn
426902,0.0188,0.0056,1.0177,0.5950,-0.2713,0.7613,1000.9194,left_turn
426962,0.0486,0.0415,1.0149,0.5337,-0.4725,0.3500,1000.9407,left_turn
427022,0.0237,0.0557,1.1151,0.8138,2.9050,0.1750,1000.9343,left_turn
427082,0.0022,0.0793,0.9580,-0.2975,-0.9362,0.1838,1000.9402,left_turn
427142,-0.0104,0.0002,1.0192,-0.3500,0.3675,0.0437,1000.9270,left_turn
427202,0.0012,0.0176,0.9963,0.1575,1.0325,-0.0262,1000.9392,left_turn
427262,0.0073,-0.0203,0.9617,0.2713,0.1488,0.2625,1000.9265,left_turn
427322,0.0268,0.0406,1.0773,1.4612,1.4700,0.3063,1000.9329,left_turn
427382,0.0229,0.0234,0.9767,0.2713,1.0150,0.1225,1000.9294,left_turn
427442,-0.0068,0.0110,0.9592,0.2625,0.0088,0.2013,1000.9397,left_turn
427502,-0.0199,0.0246,0.9514,0.7437,0.5425,0.0962,1000.9343,left_turn
427562,-0.0315,0.0210,0.9120,-0.6562,0.0700,0.3675,1000.9358,left_turn
427622,-0.0132,0.0395,1.0042,-0.1225,-0.0088,0.4375,1000.9290,left_turn
427682,0.0081,0.0337,1.0302,-0.9362,0.6125,0.2625,1000.9299,left_turn
427742,0.0041,0.0442,1.0629,0.7700,-0.1575,0.0088,1000.9297,left_turn
427802,0.0527,0.0432,1.0992,-1.1812,-1.1900,0.4200,1000.9312,left_turn
427862,0.0359,0.0025,1.0214,-0.4025,-1.6013,0.2625,1000.9360,left_turn
427922,0.0173,0.0185,1.0719,0.8225,-0.0262,0.2013,1000.9353,left_turn
427982,-0.0258,0.0346,0.9704,0.8313,-0.1925,0.3150,1000.9341,left_turn
428042,0.0025,-0.0144,0.9906,0.4900,1.0675,0.1663,1000.9285,left_turn
428102,-0.0300,0.0549,0.9604,1.5312,-0.0350,0.4025,1000.9331,left_turn
428162,-0.0188,0.0146,0.9860,0.8225,-1.2775,0.2362,1000.9319,left_turn
428222,-0.0157,0.0100,0.9379,0.4550,-0.4025,0.4288,1000.9363,left_turn
428282,0.0305,0.0761,0.9885,0.7962,-1.3737,0.4462,1000.9280,left_turn
428342,0.0646,0.0303,1.1347,-0.7788,0.1663,0.2887,1000.9297,left_turn
428402,0.0192,0.0376,0.9997,-0.5425,1.1287,0.4025,1000.9392,left_turn
428462,0.0344,0.0456,1.0307,-0.2362,0.9975,0.3063,1000.9373,left_turn
428522,0.0449,-0.0036,1.0856,-0.4812,1.9512,0.4638,1000.9377,left_turn
428582,0.0141,0.0417,0.9799,-0.9100,0.2450,0.8225,1000.9238,left_turn
428642,0.0697,-0.0678,1.0366,0.1663,1.3038,0.8400,1000.9263,left_turn
428702,0.0576,-0.0139,0.9906,0.8313,0.4025,1.5575,1000.9263,left_turn
428762,0.0361,-0.0675,0.9264,-0.0700,-0.2188,2.3275,1000.9368,left_turn
428822,0.0788,-0.0528,1.0221,0.4812,-0.9800,3.2900,1000.9348,left_turn
428882,0.0683,-0.0503,1.0677,0.8487,0.9887,4.4450,1000.9468,left_turn
428942,-0.0015,-0.0129,0.9119,0.7788,0.0613,5.1975,1000.9365,left_turn
429002,0.0742,-0.1326,0.9933,0.0787,0.1400,6.2125,1000.9431,left_turn
429062,0.0364,-0.0359,0.9379,0.1925,0.9625,7.0525,1000.9519,left_turn
429122,0.0734,-0.0676,1.0729,-0.3850,-0.3762,7.9275,1000.9558,left_turn
429182,0.0778,-0.0332,1.0663,0.5163,-0.6475,8.8550,1000.9412,left_turn
429242,0.0590,-0.0827,0.9580,0.2800,-0.2188,8.9688,1000.9514,left_turn
429302,0.0634,-0.1160,0.8974,1.4350,-1.0237,9.9050,1000.9436,left_turn
429362,0.0556,-0.1326,1.0024,-0.4462,0.6125,11.1912,1000.9331,left_turn
429422,0.1060,-0.0869,1.0126,2.2838,-0.5775,12.6263,1000.9504,left_turn
429482,0.0788,-0.1280,0.9750,0.2275,1.6888,13.7725,1000.9424,left_turn
429542,0.1204,-0.0019,1.0922,1.7587,1.6537,15.0325,1000.9443,left_turn
429602,0.0286,-0.2001,1.0377,2.7213,1.6625,16.0475,1000.9536,left_turn
429662,0.0598,-0.1223,0.9645,0.5688,0.8050,17.0537,1000.9624,left_turn
429722,0.0783,-0.1432,0.9267,0.0000,-0.3587,17.8587,1000.9670,left_turn
429782,0.0827,-0.1752,0.9785,-0.1925,-0.9887,19.6787,1000.9653,left_turn
429842,0.0452,-0.1432,0.9547,-0.0875,0.9275,20.0112,1000.9600,left_turn
429902,0.0675,-0.1568,0.9443,-1.0588,1.2337,21.1750,1000.9612,left_turn
429962,0.0515,-0.1640,0.9685,-1.0412,0.3500,22.5050,1000.9590,left_turn
430022,0.0664,-0.2059,0.9982,-0.3063,0.1400,23.4675,1000.9539,left_turn
430082,0.0522,-0.2072,0.9902,0.1925,0.5863,24.4125,1000.9690,left_turn
430142,0.0264,-0.1896,1.0009,-0.9187,-0.4725,25.4100,1000.9661,left_turn
430202,0.0210,-0.1981,0.9867,0.2887,1.0588,26.3025,1000.9565,left_turn
430262,-0.0107,-0.2475,0.9904,-0.3150,-2.0300,27.1338,1000.9563,left_turn
430322,-0.0051,-0.1812,1.0062,-0.8313,-0.2975,28.1663,1000.9626,left_turn
430382,0.0400,-0.3084,0.9722,1.1200,-0.3063,28.9713,1000.9658,left_turn
430442,0.0241,-0.2353,0.9152,-0.4638,-1.5137,29.8375,1000.9712,left_turn
430502,0.0066,-0.2704,1.0494,0.5163,-0.5688,30.1875,1000.9651,left_turn
430562,0.0327,-0.1003,1.0709,1.4262,2.5638,30.5375,1000.9675,left_turn
430622,0.0127,-0.2057,1.0202,-1.7062,1.1988,30.1875,1000.9678,left_turn
430682,0.0572,-0.2279,1.0821,-0.2887,2.0300,30.4237,1000.9653,left_turn
430742,0.0171,-0.1715,1.0485,2.0912,0.6562,30.5200,1000.9619,left_turn
430802,0.0529,-0.2577,1.0509,0.8662,0.5600,30.2050,1000.9634,left_turn
430862,0.0368,-0.2028,1.0386,-0.4200,1.5400,30.5550,1000.9604,left_turn
430922,0.0601,-0.0905,1.1451,-1.2600,3.2375,30.8000,1000.9624,left_turn
430982,0.0190,-0.1236,0.9861,-1.8288,1.8725,30.7913,1000.9639,left_turn
431042,0.0305,-0.2769,1.0749,-0.3063,1.6013,30.4325,1000.9578,left_turn
431102,0.0081,-0.2426,0.8577,0.6037,-0.5425,30.5112,1000.9561,left_turn
431162,0.0569,-0.1213,0.8894,0.0088,-2.3450,30.5550,1000.9478,left_turn
431222,-0.0190,-0.2571,0.8707,0.5600,-2.1962,30.9662,1000.9434,left_turn
431282,0.0609,-0.3092,1.0724,1.3737,0.3063,31.3950,1000.9514,left_turn
431342,0.0368,-0.2225,1.1378,1.8900,1.0150,30.9137,1000.9468,left_turn
431402,-0.0112,-0.1612,0.9396,2.0825,0.1138,30.7913,1000.9482,left_turn
431462,-0.0127,-0.2440,0.8852,0.5512,2.6862,31.4562,1000.9534,left_turn
431522,-0.0171,-0.2222,0.9726,2.0912,-1.5925,30.8700,1000.9375,left_turn
431582,0.0407,-0.2414,1.0063,0.5600,-1.3913,31.1675,1000.9333,left_turn
431642,0.0734,-0.1086,1.0626,-0.3762,1.0500,31.1063,1000.9290,left_turn
431702,0.0405,-0.1825,0.9953,0.3237,-2.0738,30.6950,1000.9231,left_turn
431762,0.0356,-0.1391,1.0507,2.0650,0.0000,30.5637,1000.9233,left_turn
431822,0.0123,-0.2067,1.1146,-1.2775,0.0962,29.9338,1000.9270,left_turn
431882,-0.0046,-0.2036,0.8894,-0.7088,-1.0325,30.2575,1000.9199,left_turn
431942,0.0079,-0.2761,0.9891,1.0500,-0.2800,29.4350,1000.9275,left_turn
432002,-0.0022,-0.1894,0.8999,-0.7613,1.2950,29.2950,1000.9265,left_turn
432062,-0.0666,-0.0503,0.9647,2.6163,1.5838,29.0675,1000.9197,left_turn
432122,-0.0186,-0.1976,1.0129,1.0150,0.9450,28.4287,1000.9272,left_turn
432182,0.0317,-0.1230,1.1815,1.8900,1.0500,28.0000,1000.9155,left_turn
432242,-0.0321,-0.1886,1.0140,1.4438,0.8138,26.7050,1000.9141,left_turn
432302,-0.0673,-0.1301,0.9999,3.7188,-0.8487,24.9025,1000.9158,left_turn
432362,-0.0959,-0.0771,0.9902,3.6925,1.5400,23.1787,1000.9170,left_turn
432422,-0.0182,-0.0864,1.0324,3.4300,1.6275,21.4375,1000.9211,left_turn
432482,-0.1152,-0.0598,0.8626,1.6100,-0.3063,19.7838,1000.9136,left_turn
432542,-0.0342,-0.0178,1.0978,1.0412,1.1725,18.3312,1000.9192,left_turn
432602,-0.0403,-0.0203,1.0109,0.4025,0.3413,16.7213,1000.9207,left_turn
432662,-0.0546,0.0145,0.9724,-0.3413,1.4963,15.1550,1000.9111,left_turn
432722,-0.0757,-0.0193,0.9063,-0.9800,1.0325,13.8162,1000.9077,left_turn
432782,-0.0278,-0.0013,1.0701,1.4350,0.0262,12.3287,1000.9102,left_turn
432842,-0.0834,-0.0531,1.0235,2.4413,2.1962,11.2788,1000.8889,left_turn
432902,-0.0844,-0.0627,0.9096,0.4812,-1.3475,10.2550,1000.8962,left_turn
432962,-0.0779,0.0881,1.0799,2.1875,3.8325,8.2513,1000.8865,left_turn
433022,-0.0694,0.0432,0.9557,2.9925,0.9013,6.9037,1000.8787,left_turn
433082,-0.0226,0.1013,1.0468,1.0325,-0.5950,5.8187,1000.8672,left_turn
433142,-0.0598,0.0754,1.0430,2.0475,1.1463,4.8212,1000.8699,left_turn
433202,-0.0681,0.0429,1.0053,0.6475,1.0938,3.4037,1000.8650,left_turn
433262,-0.0749,0.0487,0.9624,0.3413,1.6013,2.4850,1000.8677,left_turn
433322,-0.0703,0.0592,0.9465,-0.0875,-1.0938,1.9688,1000.8655,left_turn
433382,-0.0349,0.0074,1.0160,-1.7325,-0.7962,1.6100,1000.8633,left_turn
433442,-0.0630,0.0322,1.0272,-1.8288,-0.4375,1.9600,1000.8733,left_turn
433502,-0.0611,0.0756,1.0333,0.6388,1.1900,2.1175,1000.8799,left_turn
433562,0.0049,0.0563,1.0135,-0.2625,-1.3737,1.6537,1000.8655,left_turn
433622,-0.0635,0.0664,0.9643,-1.3913,1.8375,1.3125,1000.8679,left_turn
433682,-0.0073,0.0080,1.0255,1.2425,0.9100,0.9362,1000.8799,left_turn
433742,-0.0583,0.0868,0.9603,0.7350,2.1000,1.2250,1000.8738,left_turn
433802,-0.0661,0.0453,0.9337,0.1400,1.5575,0.9800,1000.8748,left_turn
433862,-0.0468,0.0046,0.9980,0.0350,2.1875,0.9275,1000.8716,left_turn
433922,-0.0839,0.0190,0.9595,2.3800,-0.2887,1.0850,1000.8679,left_turn
433982,-0.0666,0.0817,0.8935,-1.2250,-1.2425,1.0675,1000.8616,left_turn
434042,-0.0298,0.1296,1.0197,-0.0437,-0.2013,0.7437,1000.8613,left_turn
434102,-0.0707,0.0800,0.9631,-0.6650,-0.1400,0.8838,1000.8435,left_turn
434162,-0.0445,-0.0769,1.0258,-3.7800,1.2687,0.6913,1000.8660,left_turn
434222,-0.0259,0.1056,1.0289,-0.2100,2.8963,0.6388,1000.8706,left_turn
434282,-0.0142,-0.0314,1.0750,-1.2075,0.2362,0.7175,1000.8616,left_turn
434342,-0.0513,0.0380,0.9858,0.7437,-1.0500,0.2537,1000.8577,left_turn
434402,-0.0776,0.1144,0.9242,0.5425,-2.0738,0.4025,1000.8713,left_turn
434462,-0.0725,0.0093,0.9090,0.8050,-2.1350,0.6037,1000.8518,left_turn
434522,-0.0258,0.1039,1.0335,-0.2887,1.5050,0.3325,1000.8672,left_turn
434582,-0.0232,-0.0105,0.9684,-2.1525,-0.4025,0.4988,1000.8547,left_turn
434642,0.0736,-0.0041,1.1378,-1.0150,-1.1113,0.3675,1000.8535,left_turn
434702,0.0566,0.0661,1.2605,-0.0262,1.5488,0.1488,1000.8682,left_turn
434762,0.0337,0.0603,1.0560,0.3587,-1.0325,0.4725,1000.8750,left_turn
434822,0.0403,0.0849,1.0751,-0.9975,0.3150,0.7350,1000.8601,left_turn
434882,-0.0975,0.0021,0.7693,-0.9625,-3.5438,0.7437,1000.8462,left_turn
434942,0.0182,0.1539,1.0740,1.3650,0.9800,0.7175,1000.8557,left_turn
435002,-0.0259,0.0303,0.9906,-1.1200,1.5312,0.3237,1000.8467,left_turn
435062,0.0075,0.0620,0.9241,-2.5638,0.6212,0.4462,1000.8474,left_turn
435122,-0.0517,-0.0459,1.0299,3.4213,2.0213,0.7962,1000.8428,left_turn
435182,-0.0547,0.1427,0.9704,-0.6475,-2.0825,0.5337,1000.8477,left_turn
435242,-0.0351,-0.0315,1.1217,0.2013,0.7700,0.5163,1000.8569,left_turn
435302,-0.0439,-0.0634,0.9370,0.1400,-0.5425,0.3675,1000.8567,left_turn
435362,0.0104,0.0776,1.0611,-1.4875,0.2800,0.8225,1000.8503,left_turn
435422,-0.0191,0.0498,0.9338,-0.8838,0.9450,0.7788,1000.8535,left_turn
435482,-0.0312,0.0737,0.9436,-0.4462,-1.5575,0.2275,1000.8396,left_turn
435542,-0.1801,0.0052,0.8362,-0.7700,-1.5925,0.4462,1000.8484,left_turn
435602,-0.1005,-0.0100,0.9658,-0.4112,1.2775,0.5950,1000.8330,left_turn
435662,-0.0517,0.0085,0.9035,0.0175,2.4150,0.7262,1000.8572,left_turn
435722,-0.0187,-0.0073,0.8925,-2.8525,-2.0213,0.5250,1000.8464,left_turn
435782,0.0252,0.0585,1.0250,-0.6300,0.3938,0.7262,1000.8430,left_turn
435842,0.0173,0.0087,0.9553,1.1638,-0.9450,0.8838,1000.8501,left_turn
435902,-0.0107,0.1487,0.9442,-1.2075,-1.8637,0.4375,1000.8621,left_turn
435962,-0.0132,-0.0132,1.0241,1.4262,-3.0275,0.5250,1000.8413,left_turn
436022,0.0529,0.0676,1.0160,-1.2600,2.6337,-0.0875,1000.8643,left_turn
436082,0.0104,0.0341,0.9831,0.7088,1.7413,0.4200,1000.8325,left_turn
436142,0.0479,0.0320,1.0436,-0.6037,0.1138,0.5163,1000.8638,left_turn
436202,0.0312,0.0888,1.0855,2.9575,0.5863,0.2537,1000.8428,left_turn
436262,-0.0219,0.0393,0.8535,1.5750,3.1937,0.4638,1000.8633,left_turn
436322,-0.0256,0.0141,0.9080,-2.5725,-0.3938,0.6737,1000.8508,left_turn
436382,0.0264,0.0171,1.0958,0.7525,-0.8838,1.0675,1000.8586,left_turn
436442,-0.0862,-0.0057,0.9370,0.9100,0.6562,0.4288,1000.8496,left_turn
436502,-0.0041,-0.0389,0.9399,-2.3363,-0.0525,0.2362,1000.8542,left_turn
436562,0.0390,-0.0239,1.0080,0.3587,0.6737,0.7437,1000.8564,left_turn
436622,-0.0648,-0.0268,0.9087,2.3800,3.3338,0.0875,1000.8655,left_turn
436682,0.0037,0.0529,0.9936,1.3563,0.5250,0.5863,1000.8623,left_turn
436742,0.0529,0.1154,1.1644,1.4262,2.1613,0.6562,1000.8486,left_turn
436802,-0.0398,-0.0350,0.9358,1.1638,-2.9662,0.6737,1000.8484,left_turn
436862,0.0529,0.0871,1.0807,-0.1138,-0.1138,0.3762,1000.8457,left_turn
436922,-0.0432,0.0009,0.9011,-1.3388,3.1412,0.4375,1000.8447,left_turn
436982,0.0461,0.0123,1.0787,0.4638,0.1925,0.8313,1000.8438,left_turn
437042,-0.0406,0.0779,0.8626,1.2075,-1.7850,0.5863,1000.8406,left_turn
437102,0.0750,0.1501,1.0044,-0.6562,-0.7700,0.7613,1000.8384,left_turn
437162,0.0695,0.0711,1.1046,-0.5250,0.3500,0.2887,1000.8438,left_turn
437222,0.0060,-0.0199,0.9801,0.9187,1.6100,0.2100,1000.8469,left_turn
437282,0.0481,0.0884,1.1588,2.2137,2.0213,-0.0088,1000.8572,left_turn
437342,0.0417,-0.0262,0.8636,1.5400,-3.2725,-0.1138,1000.8472,left_turn
437402,0.0251,0.0702,0.8578,0.8225,2.5988,-0.1312,1000.8557,left_turn
437462,-0.0022,0.0000,0.8416,-2.4062,-0.3850,-0.0262,1000.8516,left_turn
437522,0.0803,0.1556,1.1471,0.8138,0.5075,0.2188,1000.8516,left_turn
437582,0.0649,0.0664,1.1781,-0.9187,-0.6825,0.7088,1000.8528,left_turn
437642,0.0856,0.1676,1.1636,0.0875,3.2725,-0.2713,1000.8611,left_turn
437702,0.0044,-0.0068,1.0119,-0.7350,2.2225,0.0787,1000.8640,left_turn
437762,0.0415,0.0415,1.0627,-0.3850,-0.8838,-0.1488,1000.8572,left_turn
437822,-0.0167,0.0584,0.9802,0.7175,-0.9538,-0.2013,1000.8616,left_turn
437882,-0.0342,-0.0991,0.8170,0.7000,-2.0300,0.3675,1000.8486,left_turn
437942,-0.0584,0.0315,0.9482,1.6625,-0.6737,-0.4112,1000.8516,left_turn
438002,0.0037,0.0495,1.1343,1.0150,0.2713,0.1138,1000.8586,left_turn
438062,0.0227,-0.0021,1.0516,-0.1750,0.0437,0.0350,1000.8599,left_turn
438122,0.0315,-0.0256,0.9574,-2.2137,-1.5225,0.3587,1000.8345,left_turn
438182,0.0322,-0.0005,0.9506,-0.2625,-2.0825,0.5337,1000.8477,left_turn
438242,0.0312,0.0883,1.0321,-0.8313,-1.7237,0.0437,1000.8418,left_turn
438302,-0.0017,0.0232,1.0070,1.2075,-0.1138,-0.3237,1000.8384,left_turn
438362,0.0196,0.0186,0.9908,0.5337,0.2100,0.1663,1000.8469,left_turn
438422,0.0312,0.1103,0.9631,-0.8138,-0.5775,0.2275,1000.8445,left_turn
438482,-0.0142,0.0526,0.9740,-0.5337,-2.0387,0.0000,1000.8381,left_turn
438542,0.0515,0.0505,1.0645,1.0150,-0.4900,0.0175,1000.8508,left_turn
438602,0.0578,-0.0737,0.8789,1.0412,0.4200,0.1838,1000.8279,left_turn
438662,-0.0286,0.0623,0.9170,-0.1575,0.4288,-0.4550,1000.8313,left_turn
438722,0.0705,0.0705,1.0109,-0.8487,-1.3825,0.7088,1000.8259,left_turn
438782,-0.0385,0.1047,0.9868,-0.4462,4.2263,-0.2887,1000.8330,left_turn
438842,0.0488,0.0705,0.9679,0.4725,-0.9712,0.3762,1000.8396,left_turn
438902,0.0681,0.0780,1.1363,0.2537,1.9425,-0.1838,1000.8303,left_turn
438962,-0.0063,0.0456,0.9199,-1.2600,0.2713,0.1138,1000.8379,left_turn
439022,-0.0139,-0.0413,0.8503,-1.5400,0.4200,-0.3150,1000.8252,left_turn
439082,-0.0220,-0.0617,0.9375,1.6625,-0.1663,-0.2013,1000.8320,left_turn
439142,0.0167,-0.0332,0.9664,-2.1613,0.0262,-0.1050,1000.8186,left_turn
439202,0.0148,-0.0171,1.0128,0.4288,0.3325,0.4112,1000.8284,left_turn
439262,0.0457,0.0463,0.9784,1.5400,0.0350,-0.3063,1000.8372,left_turn
439322,0.1191,-0.0597,1.0828,0.7175,-2.5463,0.0350,1000.8381,left_turn
439382,0.1010,0.1522,1.1636,3.2462,2.2400,0.2887,1000.8462,left_turn
439442,0.0190,-0.0049,0.8858,1.1463,-0.8750,0.0613,1000.8325,left_turn
439502,0.0180,-0.0509,1.0116,-1.6275,1.4000,-0.1050,1000.8391,left_turn
439562,0.0752,0.0905,1.0241,-0.2188,2.6163,-0.1750,1000.8442,left_turn
439622,0.1161,0.0425,1.1062,-2.4413,2.2137,-0.0787,1000.8413,left_turn
439682,0.0356,0.0895,0.9958,-0.5600,-0.1312,0.5075,1000.8416,left_turn
439742,0.0271,0.0156,0.9575,-0.5688,0.2362,-0.1050,1000.8535,left_turn
439802,0.1033,0.0383,1.0867,0.2188,-0.9450,-0.1138,1000.8425,left_turn
439862,0.0310,0.0942,0.9851,0.1050,-0.8400,0.1400,1000.8423,left_turn
439922,0.0476,-0.0066,0.9657,-0.9800,-2.1525,0.4550,1000.8396,left_turn
439982,0.0617,0.0332,0.9778,0.8138,-1.4350,-0.5250,1000.8438,left_turn
440042,0.1010,0.0486,1.0755,-0.3587,-0.6125,0.1138,1000.8562,left_turn
440102,0.0763,-0.0223,0.9984,-0.9187,-0.1838,0.2537,1000.8459,left_turn
440162,0.0703,-0.0081,0.9138,-0.6037,-1.9075,-0.0350,1000.8516,left_turn
440222,0.0395,0.0642,0.9841,-1.3650,-1.1025,0.3237,1000.8506,left_turn
440282,0.0556,0.0681,1.0087,-0.8400,0.7700,0.2188,1000.8430,left_turn
440342,0.0359,0.0007,0.8782,-0.9275,-0.7437,-0.0350,1000.8525,left_turn
440402,0.1039,-0.0015,1.0492,0.7350,0.9450,-0.0700,1000.8521,left_turn
440462,0.0534,0.0576,1.0045,0.4288,-0.2100,0.0962,1000.8452,left_turn
440522,0.0475,-0.0205,0.9362,0.1138,-0.5863,0.1838,1000.8403,left_turn
440582,0.0866,0.0546,1.0726,0.3762,0.6562,-0.2188,1000.8403,left_turn
440642,0.0710,0.0300,1.0041,0.4025,2.5812,0.1575,1000.8511,left_turn
440702,0.0525,-0.0430,0.9323,-0.1312,0.5512,0.1050,1000.8560,left_turn
440762,0.0716,0.0213,1.0344,-0.2625,1.9863,0.2362,1000.8542,left_turn
440822,0.0395,0.1002,0.9770,-1.3563,-1.7150,-0.1750,1000.8555,left_turn
440882,0.0594,0.0163,1.0863,-0.1050,0.6562,-0.3237,1000.8569,left_turn
440942,0.0707,0.0576,1.0061,-0.2188,-0.5863,0.0088,1000.8662,left_turn
441002,0.0278,0.0263,0.9677,-0.8925,0.9975,0.3150,1000.8613,left_turn
441062,0.0400,-0.0268,0.9486,0.9975,-1.3737,-0.2362,1000.8682,left_turn
441122,0.1010,0.0547,1.0548,-0.0962,-2.1350,0.4988,1000.8555,left_turn
441182,-0.0049,0.0262,1.0136,-0.4812,0.8838,1.0762,1000.8560,left_turn
441242,0.0339,-0.0422,1.0124,-1.4525,1.8987,1.6100,1000.8809,left_turn
441302,-0.0076,-0.1276,0.8785,0.1925,-1.5838,2.2225,1000.8630,left_turn
441362,0.0930,-0.0288,1.0785,-0.0088,-0.4638,2.6250,1000.8684,left_turn
441422,0.0691,-0.0830,0.9126,-0.8487,-1.0762,3.2113,1000.8721,left_turn
441482,0.0567,-0.0749,1.1019,-0.7962,0.2275,3.7188,1000.8840,left_turn
441542,0.0905,0.0256,1.0666,1.5662,1.5750,4.4275,1000.8826,left_turn
441602,0.1268,-0.0322,1.1380,-0.7088,1.3212,4.8125,1000.8857,left_turn
441662,0.1035,-0.0096,1.0546,0.6037,0.6562,6.1687,1000.8811,left_turn
441722,0.0008,-0.1159,0.9692,-1.5838,-0.1663,7.1400,1000.8694,left_turn
441782,0.0107,-0.1281,1.0616,0.5250,1.1550,7.9012,1000.8865,left_turn
441842,0.0600,-0.1571,0.9695,-1.5488,-1.1900,9.4587,1000.8823,left_turn
441902,0.0035,-0.1074,0.8659,0.2713,0.2800,9.7825,1000.8918,left_turn
441962,0.0322,-0.1262,0.9897,0.8838,-0.2537,10.8938,1000.8901,left_turn
442022,0.0813,-0.1047,1.0867,1.9688,1.6625,11.8737,1000.8970,left_turn
442082,0.0114,-0.0673,1.0355,-0.0962,1.5137,13.0988,1000.9023,left_turn
442142,0.0793,-0.1142,0.9306,-0.1225,-2.4762,13.7025,1000.9014,left_turn
442202,0.1169,-0.1185,1.1001,-0.6300,-2.1700,14.6562,1000.8923,left_turn
442262,0.1096,-0.1743,1.0504,-2.1088,0.4288,15.2075,1000.9041,left_turn
442322,0.0556,-0.1831,0.8880,-0.9362,-1.2337,16.7650,1000.8953,left_turn
442382,0.1237,-0.2040,1.0804,-0.4638,-0.7700,17.1938,1000.8992,left_turn
442442,0.0115,-0.2106,0.9863,-0.1925,0.7437,18.4713,1000.9014,left_turn
442502,0.0857,-0.1396,0.8808,-1.2075,-0.6212,19.4250,1000.9092,left_turn
442562,0.0564,-0.2155,0.9891,0.9013,-2.6600,19.8450,1000.9060,left_turn
442622,0.0678,-0.1785,1.0268,1.6100,1.3038,20.5888,1000.9065,left_turn
442682,0.1115,-0.0966,0.9530,0.9275,0.3938,20.9562,1000.9053,left_turn
442742,0.0679,-0.0635,1.0106,0.8050,1.6363,20.7550,1000.9138,left_turn
442802,0.0891,-0.1870,1.0260,0.4725,-1.1375,21.0700,1000.8940,left_turn
442862,0.0781,-0.2069,0.9179,0.5425,-2.2050,21.3762,1000.9084,left_turn
442922,0.1301,-0.1319,1.0502,0.3762,-0.5250,22.2425,1000.9026,left_turn
442982,0.0681,-0.2139,1.0002,-1.3388,-0.1575,22.4525,1000.9070,left_turn
443042,0.1116,-0.1124,1.1575,-0.7788,-0.9013,23.1175,1000.9043,left_turn
443102,0.0961,-0.2198,1.0573,-0.0613,-0.2713,23.8263,1000.9053,left_turn
443162,0.1027,-0.2442,1.0069,0.7262,-0.4025,24.3950,1000.9192,left_turn
443222,0.1100,-0.1900,1.0355,1.1638,-0.0437,24.7887,1000.9226,left_turn
443282,0.1464,-0.1202,1.1448,1.9162,1.4175,25.1475,1000.9158,left_turn
443342,0.1247,-0.0873,0.9646,0.7000,0.4112,25.2175,1000.9133,left_turn
443402,0.1147,-0.1398,1.0470,1.6013,1.4262,25.2787,1000.9097,left_turn
443462,0.0536,-0.1210,0.9921,0.7962,1.4525,24.9025,1000.9233,left_turn
443522,0.0617,-0.1459,1.0050,0.5075,-0.7875,24.5788,1000.9062,left_turn
443582,0.0486,-0.1674,1.0089,1.6013,-0.3413,24.5788,1000.9038,left_turn
443642,0.0672,-0.0820,0.9475,1.4612,-0.3762,24.0187,1000.9102,left_turn
443702,0.0741,-0.1430,0.9615,1.8987,1.2775,24.1675,1000.9192,left_turn
443762,0.0595,-0.0717,0.9885,1.3737,0.5688,24.1150,1000.9116,left_turn
443822,0.0221,-0.1059,0.9387,0.9013,0.4462,23.8088,1000.9170,left_turn
443882,0.0612,-0.1276,1.0685,-0.1138,0.0525,23.5287,1000.9082,left_turn
443942,0.0168,-0.0363,0.9458,-0.1575,-0.8400,23.3450,1000.9119,left_turn
444002,0.0181,-0.1693,0.9695,-1.3300,-0.2013,23.1175,1000.9075,left_turn
444062,-0.0151,-0.1664,0.9813,-1.7587,0.8138,22.6100,1000.9136,left_turn
444122,0.0271,-0.1152,0.9880,-0.7350,1.6363,22.7763,1000.9072,left_turn
444182,-0.0298,-0.1657,0.8614,-1.6625,-2.3800,22.4963,1000.9014,left_turn
444242,0.0350,-0.1815,1.0233,0.9100,-1.1900,22.0150,1000.9092,left_turn
444302,0.0444,-0.1152,1.0613,2.9925,0.6212,21.0963,1000.9102,left_turn
444362,0.0253,-0.0237,1.0064,2.4762,-0.7613,20.7900,1000.9111,left_turn
444422,0.0275,-0.1143,0.9434,1.4875,-0.7000,20.1688,1000.9055,left_turn
444482,-0.0052,-0.0252,1.0648,3.3075,0.8838,19.7575,1000.9023,left_turn
444542,-0.0076,-0.0300,1.0271,1.3825,1.0762,18.9788,1000.9072,left_turn
444602,0.0103,-0.0302,1.0431,-0.6562,-0.4988,18.9350,1000.8835,left_turn
444662,-0.0139,-0.1169,1.0477,-0.0350,-0.4638,18.1825,1000.8972,left_turn
444722,0.0110,-0.2020,0.9883,-2.6950,-1.2862,17.8762,1000.9058,left_turn
444782,-0.0241,-0.0707,1.0080,-0.4900,-0.3237,17.2375,1000.8950,left_turn
444842,0.0149,-0.0020,0.9798,0.3500,-0.1750,16.5287,1000.8928,left_turn
444902,0.0254,-0.0908,1.0438,0.9187,-1.5575,16.5025,1000.8904,left_turn
444962,0.0156,-0.0046,1.0166,-0.6475,-1.3737,16.3013,1000.8904,left_turn
445022,-0.0231,-0.0712,1.0036,1.4088,1.0150,15.1375,1000.9009,left_turn
445082,-0.0102,-0.0208,0.9658,-0.1050,1.0762,14.6125,1000.8931,left_turn
445142,0.0032,-0.1122,1.0144,0.3850,1.4612,13.8862,1000.8940,left_turn
445202,0.0012,-0.0766,1.0177,-0.1750,0.7962,13.8337,1000.8940,left_turn
445262,-0.0215,-0.0053,1.0141,1.3125,1.6100,12.9850,1000.8997,left_turn
445322,-0.0317,-0.0532,0.9158,2.3975,2.0475,12.3638,1000.8918,left_turn
445382,0.0041,-0.0212,0.9641,0.2887,-0.6037,11.9438,1000.8813,left_turn
445442,-0.0259,0.0144,1.0130,0.2362,0.0700,11.1388,1000.8811,left_turn
445502,-0.0344,-0.0761,0.9938,-0.2275,-0.1138,10.9725,1000.8914,left_turn
445562,-0.0023,0.0020,1.0116,-0.7350,-1.6712,10.9288,1000.8784,left_turn
445622,0.0456,-0.0653,1.0997,-1.3038,0.8575,10.2725,1000.8938,left_turn
445682,-0.0720,-0.0588,0.8827,-1.2687,-0.9100,9.7738,1000.8823,left_turn
445742,-0.0773,-0.0629,0.9532,0.8750,0.6475,8.9600,1000.8877,left_turn
445802,-0.0308,-0.0551,0.9709,-0.6125,-0.5950,8.7325,1000.8970,left_turn
445862,-0.0165,-0.0581,0.9019,-0.9975,0.0000,8.6800,1000.8835,left_turn
445922,-0.0032,-0.0176,0.9460,2.3275,0.7262,7.8575,1000.8794,left_turn
445982,0.0302,-0.0228,1.0050,2.3100,1.1375,7.1750,1000.8730,left_turn
446042,0.0137,0.0264,0.9923,-0.0262,2.8175,7.1575,1000.8889,left_turn
446102,-0.0008,0.0324,1.0011,0.8487,3.4475,6.3875,1000.8818,left_turn
446162,0.0015,0.0644,1.0096,1.9250,1.4438,5.3463,1000.8882,left_turn
446222,0.0069,-0.0407,0.9676,1.5575,0.6913,4.2962,1000.8899,left_turn
446282,0.0605,0.0249,1.0221,1.8375,-1.6187,3.5875,1000.8831,left_turn
446342,-0.0037,0.0291,0.9485,1.0150,-1.7325,3.1325,1000.8804,left_turn
446402,-0.0612,-0.0653,0.9221,0.4200,-1.0588,2.4150,1000.8882,left_turn
446462,0.0376,0.0910,0.9531,0.2100,-0.5775,2.3537,1000.8835,left_turn
446522,0.0466,0.0920,0.9043,-1.7587,-3.4738,2.3537,1000.8801,left_turn
446582,0.0739,-0.0046,0.9167,-1.4525,-1.7325,1.6800,1000.8894,left_turn
446642,0.1169,0.0442,1.0460,-0.0088,-2.1788,1.0412,1000.8909,left_turn
446702,0.0188,-0.0160,1.0672,0.7262,-1.4875,1.8112,1000.8904,left_turn
446762,0.0228,0.0373,0.9780,0.8050,-0.5688,1.2337,1000.8818,left_turn
446822,0.0949,-0.0379,1.1107,0.9013,0.9625,0.9013,1000.8813,left_turn
446882,0.0239,0.0576,0.9301,0.0787,-0.4375,0.6650,1000.8809,left_turn
446942,0.0254,0.0505,0.9799,2.6600,1.3650,0.5075,1000.8772,left_turn
447002,0.0635,-0.0204,1.1075,0.5775,1.0938,0.9625,1000.8821,left_turn
447062,0.0709,0.0788,1.0597,0.6562,2.4150,0.7262,1000.8826,left_turn
447122,0.0495,0.0022,1.0380,0.1575,0.8138,1.1550,1000.8833,left_turn
447182,0.0422,0.0165,1.0411,0.9013,1.4700,1.2600,1000.8818,left_turn
447242,-0.0303,0.0473,0.9999,0.1225,0.2188,1.1725,1000.8896,left_turn
447302,0.0337,0.0450,0.9780,0.7962,-0.9887,1.0325,1000.8838,left_turn
447362,0.0363,0.1191,0.9997,1.2950,-1.8025,1.1900,1000.8818,left_turn
447422,0.0678,0.0640,0.9221,0.0613,-1.7500,1.1375,1000.8879,left_turn
447482,0.0346,-0.0231,0.9952,-0.0350,-0.1925,0.9800,1000.9053,left_turn
447542,0.0731,0.0322,1.0438,-1.0237,0.1750,0.7788,1000.8860,left_turn
447602,0.0174,0.0562,1.0385,-0.2537,0.1050,0.8750,1000.8872,left_turn
447662,0.0071,-0.0063,1.0234,-0.3150,-0.3675,1.2162,1000.8872,left_turn
447722,0.0805,0.0526,1.0492,-0.4988,0.3850,1.0150,1000.8867,left_turn
447782,0.0336,0.0356,1.0607,1.2687,-0.6650,0.8487,1000.8884,left_turn
447842,0.0554,0.0147,1.0192,-0.0437,0.5163,0.7350,1000.8850,left_turn
447902,0.0752,0.0008,1.0218,1.7150,0.7437,0.9712,1000.8867,left_turn
447962,0.0766,0.0547,0.9869,0.4112,1.8375,0.9538,1000.8887,left_turn
448022,0.0676,0.0264,0.9555,0.1488,1.3212,1.0325,1000.8992,left_turn
448082,0.0834,0.0412,1.0295,-0.0962,1.1725,0.8750,1000.8918,left_turn
448142,0.0603,0.0635,1.0543,1.3475,0.5950,1.5575,1000.8960,left_turn
448202,0.0386,0.1482,1.0621,1.2862,0.3762,0.9538,1000.8848,left_turn
448262,0.0734,-0.0008,1.1153,-0.5600,-0.4462,1.0675,1000.8994,left_turn
448322,0.0541,0.0025,1.0055,0.3500,0.4375,1.2775,1000.8926,left_turn
448382,-0.0020,-0.0042,0.9576,1.2687,0.5163,1.5838,1000.8955,left_turn
448442,-0.0147,-0.0142,0.9272,-0.5950,-0.2975,1.9863,1000.8933,left_turn
448502,0.0330,0.0234,1.0488,0.2887,-0.0875,3.1237,1000.8933,left_turn
448562,0.0559,0.0539,1.0199,-1.6187,0.1663,3.8325,1000.8962,left_turn
448622,0.0206,-0.0756,0.9404,0.2713,-0.6650,4.0862,1000.8989,left_turn
448682,0.1021,-0.0517,1.0712,-2.1088,-0.4812,5.2762,1000.9089,left_turn
448742,0.0254,-0.0215,1.0380,-0.2713,1.2337,6.6325,1000.9150,left_turn
448802,0.0229,-0.1735,1.0085,-1.9425,-0.1750,7.2537,1000.9109,left_turn
448862,0.0866,-0.1111,1.0260,-0.2537,0.2275,8.4788,1000.8965,left_turn
448922,0.0884,-0.0905,0.9599,-0.6125,-0.7525,9.9225,1000.9006,left_turn
448982,0.0481,-0.1103,0.9721,-0.9712,1.0675,11.2087,1000.9060,left_turn
449042,0.0134,-0.1135,1.0179,1.3212,1.9775,12.1450,1000.9011,left_turn
449102,0.0137,-0.1179,0.9209,2.1875,-0.0525,13.1512,1000.9021,left_turn
449162,0.0061,-0.1688,0.9970,0.4200,-0.4025,14.4025,1000.9111,left_turn
449222,0.0412,-0.0910,1.0985,-0.6825,-1.3300,15.9688,1000.9082,left_turn
449282,0.0559,-0.0798,1.0602,-1.8463,-2.8525,17.6925,1000.9202,left_turn
449342,0.0347,-0.1832,1.0426,0.0088,-3.4738,18.6725,1000.9226,left_turn
449402,-0.0013,-0.3096,0.8840,-2.3625,-2.8175,19.6612,1000.9194,left_turn
449462,0.0535,-0.0930,1.1151,0.8400,1.4438,21.7262,1000.9326,left_turn
449522,0.0853,-0.2137,1.0252,0.6650,-1.4438,22.7062,1000.9270,left_turn
449582,0.0595,-0.1898,1.0812,-0.4900,-0.4200,23.5025,1000.9319,left_turn
449642,0.0825,-0.1957,1.0709,1.9425,0.4638,23.9575,1000.9221,left_turn
449702,0.0798,-0.1967,1.0585,-0.7088,2.7125,25.0163,1000.9204,left_turn
449762,0.0139,-0.2123,0.9645,-0.0175,1.3913,25.8300,1000.9226,left_turn
449822,0.0878,-0.1441,0.9636,0.1050,0.3063,27.0725,1000.9292,left_turn
449882,0.0859,-0.0737,0.9104,-2.8263,1.1200,27.9475,1000.9170,left_turn
449942,0.0590,-0.1518,0.9282,-2.9488,0.9625,28.1050,1000.9204,left_turn
450002,0.0552,-0.2760,0.8696,0.2713,0.9187,28.6562,1000.9336,left_turn
450062,0.0385,-0.2069,0.9896,-0.3587,-0.8487,29.0063,1000.9221,left_turn
450122,0.1038,-0.1718,1.1129,0.4725,2.2313,29.1112,1000.9253,left_turn
450182,0.0771,-0.1141,1.1114,2.2487,2.5025,29.5575,1000.9351,left_turn
450242,0.0374,-0.1911,1.0067,0.9975,0.3413,29.3300,1000.9238,left_turn
450302,0.0915,-0.1257,1.0695,0.1750,-1.5312,29.9950,1000.9236,left_turn
450362,0.0356,-0.1651,0.9557,1.3125,0.5950,30.1000,1000.9265,left_turn
450422,0.0278,-0.1271,1.0538,0.8487,1.1025,29.8200,1000.9316,left_turn
450482,0.0501,-0.1685,1.0594,1.5050,2.4237,29.9688,1000.9341,left_turn
450542,0.0529,-0.2203,0.9990,0.6562,-1.5662,30.1262,1000.9280,left_turn
450602,0.0388,-0.2477,0.9182,0.2275,-0.3325,30.3713,1000.9272,left_turn
450662,0.0304,-0.2337,0.9831,2.0738,0.2887,30.3538,1000.9221,left_turn
450722,0.0454,-0.1416,0.9950,-1.0938,0.8487,30.4062,1000.9187,left_turn
450782,0.0385,-0.2206,0.9577,-0.9362,-1.0150,30.4237,1000.9285,left_turn
450842,0.0160,-0.2418,0.8846,-0.3587,-1.2075,30.7038,1000.9126,left_turn
450902,0.0935,-0.0791,1.1547,-0.7525,0.6913,30.8700,1000.9307,left_turn
450962,-0.0126,-0.2835,0.8621,-2.3012,-1.3300,30.5375,1000.9331,left_turn
451022,-0.0008,-0.1996,0.9982,0.6650,2.5200,30.8787,1000.9297,left_turn
451082,0.0636,-0.1676,1.0555,0.2013,0.3500,31.0975,1000.9338,left_turn
451142,0.0049,-0.2347,0.9059,0.1750,-0.5600,30.6600,1000.9258,left_turn
451202,0.0325,-0.2206,0.9670,1.7675,-0.6562,30.6775,1000.9287,left_turn
451262,0.0559,-0.1922,1.0319,2.0912,0.2275,30.7300,1000.9299,left_turn
451322,0.0447,-0.1490,1.0558,0.8662,1.4438,30.6250,1000.9297,left_turn
451382,0.0403,-0.1954,1.0855,1.2425,2.3625,30.0475,1000.9163,left_turn
451442,0.0003,-0.1891,1.0105,1.3212,0.6825,30.0650,1000.9263,left_turn
451502,0.0002,-0.1405,0.9701,0.8225,0.0175,29.6712,1000.9287,left_turn
451562,-0.0081,-0.1427,0.9520,-1.2162,0.6125,29.6975,1000.9307,left_turn
451622,0.0308,-0.1993,1.0042,-0.6562,0.7000,29.4350,1000.9250,left_turn
451682,0.0168,-0.1733,0.9843,-1.1550,-0.6300,29.1550,1000.9294,left_turn
451742,0.0012,-0.2223,0.9969,0.6212,0.5600,28.7262,1000.9299,left_turn
451802,0.0129,-0.1654,0.9681,-1.7850,0.4025,28.3325,1000.9216,left_turn
451862,0.0334,-0.1652,0.9845,1.0938,-0.8838,27.7375,1000.9204,left_turn
451922,0.0017,-0.1486,1.0038,1.2862,2.5463,27.2388,1000.9211,left_turn
451982,0.0120,-0.1612,0.9695,0.6125,-0.2713,26.7138,1000.9192,left_turn
452042,0.0031,-0.1124,1.0279,1.5662,0.1838,26.0138,1000.9229,left_turn
452102,-0.0276,-0.1099,0.9858,1.1113,0.7437,24.9287,1000.9280,left_turn
452162,-0.0496,-0.0783,1.0073,2.0650,2.8700,23.1262,1000.9236,left_turn
452222,-0.0429,-0.0859,0.9828,2.2050,-0.2275,20.9037,1000.9111,left_turn
452282,0.0110,-0.0134,1.0920,2.9750,2.3625,19.0662,1000.9282,left_turn
452342,0.0017,-0.0308,0.9778,0.8838,0.0613,17.3162,1000.9155,left_turn
452402,-0.0280,-0.0569,1.0063,-0.8750,-0.0525,15.8462,1000.9082,left_turn
452462,-0.0410,-0.0551,0.9565,1.3913,-0.9625,14.1925,1000.9089,left_turn
452522,-0.0044,-0.0032,1.0282,-0.5425,0.5075,13.0375,1000.9058,left_turn
452582,-0.0593,-0.0628,0.9502,1.1200,-0.3587,11.6462,1000.9177,left_turn
452642,-0.0045,-0.0849,1.0365,0.0262,-1.1113,10.8413,1000.9055,left_turn
452702,-0.0307,0.0129,0.9772,0.8400,0.6737,9.7650,1000.9136,left_turn
452762,-0.0361,-0.0136,1.0131,1.2862,0.6300,8.3562,1000.9019,left_turn
452822,-0.0534,-0.0085,0.9647,0.5337,-0.0700,7.4200,1000.9036,left_turn
452882,-0.0503,-0.0013,1.0272,-0.0787,1.8375,6.2300,1000.9023,left_turn
452942,-0.0706,0.0051,0.9260,0.2450,2.1875,5.8100,1000.9045,left_turn
453002,-0.0467,-0.0105,0.9380,-0.5863,0.6650,5.0662,1000.9187,left_turn
453062,-0.0505,-0.0461,0.9651,-0.2975,-0.8138,4.6375,1000.9011,left_turn
453122,-0.0144,0.0024,1.0578,0.6650,0.5775,4.2000,1000.9160,left_turn
453182,-0.0662,-0.0410,0.9404,0.0787,1.5225,3.5875,1000.9004,left_turn
453242,0.0054,0.0156,0.9445,-0.7350,-1.4787,2.9750,1000.9026,left_turn
453302,-0.0246,-0.0229,1.0389,1.8112,1.7938,2.9225,1000.9033,left_turn
453362,-0.0380,0.0214,0.9841,0.5950,-0.1400,2.7650,1000.8994,left_turn
453422,-0.0681,0.0129,0.9340,0.6475,-1.0063,1.8288,1000.8977,left_turn
453482,-0.0487,0.0573,1.0119,0.9362,0.3500,1.7763,1000.9036,left_turn
453542,-0.0478,0.0474,0.9882,-0.0962,-0.1663,1.5050,1000.9084,left_turn
453602,-0.0092,0.0459,1.0089,-1.7413,-0.5163,1.8725,1000.8965,left_turn
453662,0.0222,0.0447,1.0719,0.4812,0.0175,1.6363,1000.9087,left_turn
453722,0.0030,0.0447,0.9897,1.0063,-0.4638,1.4000,1000.9065,left_turn
453782,0.0157,0.0237,1.0174,0.8575,-0.0350,1.4875,1000.9011,left_turn
453842,-0.0139,-0.0005,1.0250,1.8200,0.4812,1.2600,1000.8833,left_turn
453902,-0.0429,0.0085,1.0033,1.0412,-0.2362,0.6825,1000.8997,left_turn
453962,0.0298,-0.0069,1.0426,0.9538,-2.1788,1.1812,1000.8835,left_turn
454022,0.0126,0.0939,0.9828,0.0175,0.0262,0.7262,1000.8845,left_turn
454082,-0.0079,0.0300,1.0355,-0.2013,0.3500,0.7613,1000.8904,left_turn
454142,-0.0490,0.0332,0.9484,0.6475,1.2162,0.6037,1000.8975,left_turn
454202,-0.0400,0.0820,0.9625,-2.0300,1.0325,0.4988,1000.9006,left_turn
454262,-0.0319,0.0268,0.9662,-0.8400,-0.3850,0.8313,1000.8962,left_turn
454322,-0.0168,0.0827,1.0249,-0.2975,0.5337,0.5337,1000.8921,left_turn
454382,-0.0171,0.0059,0.9213,-0.2013,-1.2425,0.3063,1000.8972,left_turn
454442,-0.0160,-0.0012,0.9343,0.6650,-1.0237,0.3237,1000.9011,left_turn
454502,-0.0105,-0.0188,0.9928,0.1925,-1.1638,0.5950,1000.8870,left_turn
454562,-0.0874,0.0093,0.8979,2.5812,0.9975,0.7700,1000.8757,left_turn
454622,-0.0708,0.0218,0.9557,1.7587,0.7788,0.0962,1000.8936,left_turn
454682,-0.0122,0.0344,1.0083,0.3325,-0.6037,0.7613,1000.8931,left_turn
454742,0.0570,0.0123,1.1351,-0.2188,-0.1225,-0.0787,1000.8833,left_turn
454802,-0.0231,0.0840,1.0082,2.7125,-0.0350,0.2887,1000.8762,left_turn
454862,-0.0669,-0.0288,0.9357,-0.0787,-0.8750,0.4988,1000.8816,left_turn
454922,-0.0023,0.0481,1.0560,0.2275,-1.3300,0.4725,1000.8855,left_turn
454982,0.0046,0.0276,1.1289,0.3675,1.3388,0.4112,1000.8757,left_turn
455042,-0.0427,0.0371,0.9127,1.4875,-0.0437,0.4638,1000.8652,left_turn
455102,0.1200,0.0077,1.0289,-3.0800,1.8463,0.8750,1000.8647,left_turn
455162,0.1101,0.1877,1.1290,0.5775,3.0100,0.3150,1000.8762,left_turn
455222,0.0081,0.0454,0.9841,-0.7175,-0.3063,0.2887,1000.8796,left_turn
455282,0.0048,0.0215,0.9938,0.6825,-1.4963,0.5863,1000.8757,left_turn
455342,-0.0156,0.0110,0.9869,0.8400,1.5750,0.3500,1000.8816,left_turn
455402,-0.0423,0.0168,1.0142,-0.4725,0.4638,0.9712,1000.8618,left_turn
455462,-0.0342,0.0019,0.9558,0.1225,-1.1025,0.8487,1000.8713,left_turn
455522,-0.0517,0.0042,0.9928,-0.4988,0.8313,0.5075,1000.8704,left_turn
455582,-0.0611,0.0650,0.9325,0.7437,-0.1838,0.3150,1000.8726,left_turn
455642,-0.1261,-0.0657,0.9440,0.1750,-1.0938,0.2800,1000.8757,left_turn
455702,-0.0867,0.0393,0.9557,-0.6913,-0.4812,0.9013,1000.8579,left_turn
455762,-0.0022,0.0446,1.0833,-1.1287,0.3413,1.2862,1000.8555,left_turn
455822,-0.0425,-0.0215,1.0834,1.1025,2.2838,0.6825,1000.8643,left_turn
455882,-0.0590,0.0071,0.9640,0.7175,1.1375,0.3938,1000.8613,left_turn
455942,-0.0381,-0.0945,0.9872,-0.4988,0.5512,0.3150,1000.8594,left_turn
456002,-0.0639,0.0788,0.9479,-1.4700,0.1400,0.5425,1000.8562,left_turn
456062,-0.0903,-0.0727,0.8919,-0.6913,0.2625,0.4550,1000.8572,left_turn
456122,-0.0548,-0.0040,0.9221,0.5163,-1.0063,0.2188,1000.8662,left_turn
456182,-0.0026,0.0578,1.0546,-0.8925,0.7613,0.2975,1000.8601,left_turn
456242,-0.0322,0.0435,1.0512,0.4550,1.3038,0.3850,1000.8684,left_turn
456302,0.0227,0.0220,1.0511,0.6388,-0.4725,-0.0700,1000.8635,left_turn
456362,-0.0056,0.0327,1.1077,0.4550,0.0350,0.0700,1000.8591,left_turn
456422,-0.0567,0.0271,0.9787,0.7875,-0.4900,0.4725,1000.8525,left_turn
456482,-0.0366,0.0001,0.9111,-0.7437,-1.0237,0.2975,1000.8596,left_turn
456542,-0.0964,0.0363,0.9043,0.1400,0.2188,0.3150,1000.8403,left_turn
456602,-0.0307,-0.0561,0.9193,0.8138,0.8313,0.1312,1000.8401,left_turn
456662,-0.0264,-0.0207,0.9875,2.2050,1.4525,0.5863,1000.8467,left_turn
456722,-0.0731,0.0403,0.9880,1.1463,1.2250,0.1225,1000.8406,left_turn
456782,-0.0586,-0.0048,0.8653,-0.2188,0.1225,0.5863,1000.8423,left_turn
456842,-0.0620,-0.0393,0.9397,0.0262,-0.3237,0.4550,1000.8455,left_turn
456902,0.0090,0.0084,1.0263,0.1750,-0.3413,0.4550,1000.8418,left_turn
456962,-0.0234,0.0040,0.9495,-0.2800,-0.6562,0.5775,1000.8484,left_turn
457022,-0.0107,0.0278,0.9811,-0.7000,0.0875,0.7875,1000.8474,left_turn
457082,-0.1041,0.0156,0.8469,1.9950,1.4000,0.3150,1000.8440,left_turn
457142,-0.0461,0.0437,0.9855,-0.3762,-1.0063,0.3675,1000.8528,left_turn
457202,0.0513,-0.0551,1.1053,0.9450,1.9250,0.4200,1000.8477,left_turn
457262,-0.0076,0.0351,1.0221,-0.3237,1.2950,0.4288,1000.8506,left_turn
457322,-0.0041,0.0054,1.0294,0.5600,0.6475,0.4725,1000.8528,left_turn
457382,0.0029,0.0456,1.0271,1.0237,-0.0787,0.5163,1000.8362,left_turn
457442,-0.0822,0.0859,0.8960,-1.4612,-0.1575,0.1312,1000.8547,left_turn
457502,-0.0731,-0.0979,1.1204,1.9250,3.2725,0.2975,1000.8506,left_turn
457562,-0.0717,0.0728,0.8513,-0.6300,-1.1725,0.1225,1000.8521,left_turn
457622,0.0803,-0.0273,1.0597,-1.7587,-1.2950,0.6300,1000.8579,left_turn
457682,0.0393,0.0532,1.0348,2.0387,1.3212,0.0700,1000.8450,left_turn
457742,-0.0121,0.1110,0.9809,0.2625,0.6475,0.0613,1000.8481,left_turn
457802,0.0393,0.0137,1.0771,2.5463,0.4200,0.3413,1000.8525,left_turn
457862,0.0070,0.0290,0.9518,0.3938,-0.2800,0.3325,1000.8486,left_turn
457922,0.0195,0.0229,1.0128,-0.1750,-1.7325,0.3500,1000.8486,left_turn
457982,0.0641,0.0321,1.0950,0.0962,1.1900,0.2800,1000.8535,left_turn
458042,-0.0400,-0.0127,1.0142,-1.2337,1.5400,-0.1838,1000.8513,left_turn
458102,-0.0939,0.0279,0.9556,1.6975,0.5250,0.2100,1000.8440,left_turn
458162,0.0212,-0.0037,1.0385,0.4200,0.7437,-0.1050,1000.8418,left_turn
458222,0.0197,0.0478,0.9803,-0.4812,-0.8925,0.3587,1000.8384,left_turn
458282,0.0107,0.0052,1.0160,0.0962,0.1400,0.5688,1000.8259,left_turn
458342,-0.0346,0.0224,0.8928,0.5512,0.0525,0.0613,1000.8345,left_turn
458402,0.0154,-0.0149,1.0300,-0.2887,-0.4112,0.0437,1000.8325,left_turn
458462,0.0439,0.0485,1.0677,0.8050,1.2075,0.1575,1000.8169,left_turn
458522,0.0088,0.0390,1.0329,0.8313,-0.8750,0.2537,1000.8308,left_turn
458582,0.0237,0.0129,0.9781,-1.7237,-0.9625,0.4288,1000.8264,left_turn
458642,0.0293,0.0253,0.9069,-0.9800,-1.3475,0.1925,1000.8218,left_turn
458702,-0.0359,-0.0649,0.8884,-0.8750,-0.6475,0.2013,1000.8318,left_turn
458762,0.0130,0.0864,1.0358,0.1575,0.3237,0.2100,1000.8318,left_turn
458822,-0.0016,0.0212,0.9726,-0.2800,-1.4438,0.2013,1000.8350,left_turn
458882,-0.0060,-0.0188,0.9575,-0.3500,-0.1050,0.1400,1000.8274,left_turn
458942,0.0246,0.0176,1.0238,0.1400,-1.9775,0.3150,1000.8286,left_turn
459002,0.0742,0.0708,1.0702,1.9512,-0.6300,0.3237,1000.8320,left_turn
459062,-0.0309,0.0658,1.0050,-0.3237,0.4288,-0.1225,1000.8374,left_turn
459122,-0.0204,0.0275,1.0163,0.4638,1.4088,-0.0350,1000.8215,left_turn
459182,0.0198,-0.0307,0.9653,-1.6187,0.3587,0.1050,1000.8320,left_turn
459242,-0.0161,0.0127,0.9416,1.3563,-0.5425,0.0525,1000.8264,left_turn
459302,0.0264,0.0243,1.1024,0.1925,-0.7962,0.0262,1000.8291,left_turn
459362,0.0215,-0.0260,1.0286,0.7350,0.7613,0.1663,1000.8276,left_turn
459422,0.0202,0.0446,0.9539,1.4000,-0.0875,0.2713,1000.8213,left_turn
459482,0.0085,-0.0037,1.0860,1.2600,3.0712,0.0262,1000.8276,left_turn
459542,0.0298,-0.1133,1.0207,0.4725,0.1663,0.5863,1000.8311,left_turn
459602,-0.0210,0.1401,0.8748,-0.7962,-1.4525,0.1050,1000.8206,left_turn
459662,0.0030,-0.0822,0.8416,-0.2100,-2.2313,0.6737,1000.8237,left_turn
459722,0.0461,0.0044,1.1568,-0.1050,-0.4112,-0.2275,1000.8181,left_turn
459782,0.0121,0.0037,1.0043,0.2975,1.9863,0.3500,1000.8186,left_turn
459842,0.0091,0.0690,1.0131,-0.8487,-0.3675,0.0787,1000.8132,left_turn
459902,0.0315,-0.0230,1.0594,-0.0437,-1.1463,-0.0262,1000.8320,left_turn
459962,-0.0960,0.0479,0.9373,1.1113,0.8313,0.1050,1000.8391,left_turn
460022,-0.0371,0.1391,1.0723,2.2225,3.5875,-0.2537,1000.8264,left_turn
460082,0.0122,-0.0325,0.9819,-1.7325,-0.3237,0.0262,1000.8455,left_turn
460142,-0.0110,0.0461,0.9372,0.3413,0.3413,-0.0962,1000.8320,left_turn
460202,-0.0146,0.0310,1.0394,-0.7788,0.7088,-0.1400,1000.8286,left_turn
460262,0.0437,0.0051,1.0682,-0.8925,1.2162,-0.2188,1000.8420,left_turn
460322,0.0939,0.0569,1.0665,0.7700,2.5638,0.0787,1000.8413,left_turn
460382,0.0403,0.0283,1.0760,-0.5863,0.6650,-0.0962,1000.8340,left_turn
460442,0.0634,0.0530,0.9794,0.9538,0.2362,0.2625,1000.8264,left_turn
460502,0.0393,0.0063,0.9757,-1.7938,0.1312,0.0700,1000.8325,left_turn
460562,0.0528,-0.0254,0.9667,-1.0237,-0.4988,0.1925,1000.8262,left_turn
460622,0.0273,0.0405,1.0094,1.1988,0.0525,0.1225,1000.8335,left_turn
460682,0.0632,-0.0381,0.9987,-0.0613,-0.7262,0.0875,1000.8340,left_turn
460742,0.0797,0.0339,1.0045,1.9425,-0.1050,-0.1400,1000.8374,left_turn
460802,0.0554,-0.0135,0.9963,1.2513,0.6825,0.0000,1000.8289,left_turn
460862,0.0351,0.0130,1.0235,0.9100,0.0962,0.2100,1000.8320,left_turn
460922,0.0088,-0.0354,0.8655,0.8750,-1.5400,0.1575,1000.8350,left_turn
460982,0.0697,0.0581,1.0502,0.3850,0.2887,0.2013,1000.8262,left_turn
461042,0.0608,0.0188,1.0512,-0.5512,0.5337,0.2713,1000.8203,left_turn
461102,0.0051,0.0498,0.9392,-0.4288,-0.4288,-0.0175,1000.8228,left_turn
461162,0.0886,0.0727,1.0172,-0.2975,0.0350,-0.1138,1000.8306,left_turn
461222,0.0485,0.0010,0.9599,0.3938,0.0088,0.2975,1000.8240,left_turn
461282,0.0434,-0.0168,0.9501,0.6212,2.3537,-0.0350,1000.8418,left_turn
461342,0.0935,0.0222,0.9812,0.1225,-0.7000,0.2100,1000.8323,left_turn
461402,0.0678,-0.0278,0.9475,0.2188,0.0088,0.6475,1000.8364,left_turn
461462,0.0508,-0.0281,1.0102,-0.4112,0.4900,0.6125,1000.8281,left_turn
461522,0.0620,0.1008,1.0648,0.2887,1.3038,1.1550,1000.8342,left_turn
461582,0.0579,0.0029,1.0053,-0.8050,-0.2975,1.0588,1000.8479,left_turn
461642,-0.0193,-0.0350,0.9160,1.5488,-0.4550,1.4875,1000.8364,left_turn
461702,0.0246,-0.0059,0.9819,-0.5775,-0.1838,1.4525,1000.8398,left_turn
461762,0.0658,-0.0917,1.0026,-2.0300,-0.1925,2.0563,1000.8474,left_turn
461822,0.0525,0.0357,1.0248,0.0962,0.3063,2.3975,1000.8391,left_turn
461882,0.0325,-0.0420,0.9313,0.1663,0.3063,2.4150,1000.8428,left_turn
461942,0.0683,-0.0207,1.0086,-0.5775,0.5075,3.0187,1000.8411,left_turn
462002,0.0537,-0.0676,1.0125,-1.1638,1.2687,3.6050,1000.8496,left_turn
462062,0.0502,-0.0600,0.9340,-0.2975,-0.1225,4.1300,1000.8472,left_turn
462122,0.0690,0.0117,0.9345,-1.7150,1.1900,4.5850,1000.8530,left_turn
462182,0.0273,-0.0999,0.9557,-0.0962,-0.8138,5.6087,1000.8640,left_turn
462242,0.0237,-0.1220,0.9711,-1.3300,-0.3325,6.4050,1000.8728,left_turn
462302,0.0742,-0.0646,1.0562,-0.9800,-0.8838,7.5163,1000.8691,left_turn
462362,0.0834,-0.1102,0.9812,0.0525,-1.3825,8.6975,1000.8694,left_turn
462422,0.0456,-0.1441,0.9497,-0.4550,0.6913,9.0475,1000.8699,left_turn
462482,0.0464,-0.1274,0.9733,0.4988,0.9362,10.1850,1000.8872,left_turn
462542,0.0339,-0.1638,0.9713,0.7000,-0.2275,11.4012,1000.8936,left_turn
462602,0.0964,-0.1333,0.9970,-0.0088,0.1138,12.3462,1000.8911,left_turn
462662,0.0868,-0.0932,1.0050,1.3388,-0.5600,13.2475,1000.8945,left_turn
462722,0.0547,-0.1286,1.0104,0.2625,1.3913,14.2362,1000.9009,left_turn
462782,0.0625,-0.1520,0.9029,1.0938,-1.9512,14.7612,1000.9004,left_turn
462842,0.1183,-0.2116,1.0184,0.0787,-1.2337,16.0650,1000.9038,left_turn
462902,0.0303,-0.1772,0.9151,1.3825,0.7613,16.3188,1000.9067,left_turn
462962,0.0689,-0.1940,0.9120,0.2013,-0.6037,17.2025,1000.9124,left_turn
463022,0.0517,-0.1563,1.0575,1.1900,0.1750,18.0775,1000.9155,left_turn
463082,0.1201,-0.2167,1.0680,0.3500,0.2800,18.5413,1000.9133,left_turn
463142,0.0586,-0.1480,0.9489,0.3850,0.1750,19.2237,1000.9128,left_turn
463202,0.0748,-0.1896,1.0402,0.2013,0.6212,19.6087,1000.9143,left_turn
463262,0.1191,-0.1423,1.0615,3.0187,0.8400,20.4137,1000.9199,left_turn
463322,0.0541,-0.1102,0.9904,0.1400,0.6650,20.8950,1000.9211,left_turn
463382,0.0844,-0.2772,0.9310,-1.9600,-0.3413,21.7087,1000.9121,left_turn
463442,0.1389,-0.1917,1.0264,-1.2513,0.0875,22.6975,1000.9128,left_turn
463502,0.1164,-0.2225,0.9518,0.2450,-0.7350,23.5112,1000.9260,left_turn
463562,0.0772,-0.2208,0.9756,0.1400,-0.1663,24.0450,1000.9258,left_turn
463622,0.1034,-0.1731,1.0447,-0.3325,-0.0350,24.3775,1000.9214,left_turn
463682,0.1381,-0.1810,0.9850,-1.5225,-1.9338,24.7362,1000.9270,left_turn
463742,0.0993,-0.2583,1.0306,-0.3762,-0.1838,24.5875,1000.9331,left_turn
463802,0.0886,-0.1823,0.9206,-0.6650,-0.7525,24.9375,1000.9341,left_turn
463862,0.1234,-0.2020,0.9682,-2.5463,-1.7587,25.5500,1000.9290,left_turn
463922,0.1288,-0.2487,1.0532,3.1850,1.6800,25.2437,1000.9395,left_turn
463982,0.1127,-0.2321,0.8788,5.1013,-0.4900,26.1975,1000.9441,left_turn
464042,0.1122,-0.2155,0.9133,-2.2487,0.1488,26.8975,1000.9358,left_turn
464102,0.1051,-0.2511,1.1012,2.9050,3.3338,27.8162,1000.9441,left_turn
464162,0.1157,-0.1625,0.9518,2.4062,-1.1287,27.7725,1000.9431,left_turn
464222,0.1232,-0.2428,1.1151,1.3388,1.5575,27.3875,1000.9453,left_turn
464282,0.0575,-0.1837,0.9209,2.0300,0.2275,26.6175,1000.9558,left_turn
464342,0.0994,-0.1200,1.0699,0.9887,0.4200,26.3550,1000.9597,left_turn
464402,0.0502,-0.1840,0.9999,-0.1663,0.2887,26.1975,1000.9578,left_turn
464462,0.0420,-0.1938,1.0265,-0.1400,1.1463,25.9700,1000.9502,left_turn
464522,0.0160,-0.2565,1.1139,-2.2400,0.1663,25.9175,1000.9565,left_turn
464582,0.0633,-0.1969,0.9555,0.7088,1.2513,24.9988,1000.9609,left_turn
464642,0.0583,-0.2040,1.0153,1.2162,0.6475,25.1213,1000.9509,left_turn
464702,0.0769,-0.1921,1.0256,0.8575,0.0613,25.1125,1000.9565,left_turn
464762,-0.0193,-0.2254,0.9027,3.1588,2.3625,25.0775,1000.9561,left_turn
464822,0.0602,-0.1760,1.0023,1.5400,1.7325,25.0775,1000.9565,left_turn
464882,0.0242,-0.1220,1.0634,0.1750,-0.5337,25.4450,1000.9536,left_turn
464942,0.0125,-0.1550,1.0075,0.7262,0.5425,25.2787,1000.9619,left_turn
465002,-0.0015,-0.1759,0.9091,0.7613,-0.2450,24.7450,1000.9585,left_turn
465062,-0.0315,-0.1605,0.8727,-2.0650,-0.7875,23.9137,1000.9692,left_turn
465122,0.0371,-0.0911,1.0529,0.8750,0.3938,23.8875,1000.9629,left_turn
465182,0.0434,-0.1555,1.1062,0.0350,1.6975,23.5462,1000.9612,left_turn
465242,0.0400,-0.1710,1.0463,-1.0500,-1.3212,23.4325,1000.9583,left_turn
465302,-0.0056,-0.1422,0.9742,0.5950,-0.4112,23.1612,1000.9700,left_turn
465362,0.0221,-0.1013,0.9584,-0.1750,-2.6075,23.3363,1000.9568,left_turn
465422,0.0198,-0.1570,1.0458,-0.0787,1.0063,23.0037,1000.9634,left_turn
465482,-0.0117,-0.1337,0.9628,1.4175,-1.1988,22.4875,1000.9705,left_turn
465542,-0.0034,-0.1459,1.0513,1.8200,0.1838,21.6125,1000.9744,left_turn
465602,-0.0212,-0.0996,0.9426,0.1750,0.6475,21.3675,1000.9653,left_turn
465662,-0.0032,-0.1188,0.9604,-0.4288,0.5337,20.9825,1000.9568,left_turn
465722,0.0038,-0.0861,0.9979,0.6300,0.0787,20.3612,1000.9602,left_turn
465782,-0.0251,-0.1388,0.9945,0.3063,1.1200,19.6000,1000.9641,left_turn
465842,-0.0252,-0.0737,0.9503,-0.1138,-0.3063,18.3137,1000.9666,left_turn
465902,-0.0013,-0.0539,1.0302,2.1613,0.6300,16.9487,1000.9595,left_turn
465962,-0.0398,-0.0993,0.9633,1.9950,-0.8050,15.6187,1000.9575,left_turn
466022,0.0048,-0.0532,0.9845,1.3825,-0.5600,14.6125,1000.9675,left_turn
466082,-0.0096,-0.0218,1.0011,1.4262,-0.4288,13.5188,1000.9692,left_turn
466142,-0.0071,-0.0422,1.0095,0.4112,0.1138,12.3200,1000.9541,left_turn
466202,0.0297,0.0107,0.9675,-0.0787,1.1725,11.0425,1000.9563,left_turn
466262,-0.0228,-0.0398,0.9585,-0.7613,-0.4725,9.7300,1000.9578,left_turn
466322,-0.0397,-0.0161,0.9870,-0.2362,-0.2275,8.1987,1000.9543,left_turn
466382,-0.0015,-0.0201,0.9987,-0.2713,0.1050,7.7962,1000.9663,left_turn
466442,-0.0378,-0.0161,0.9714,0.3587,0.7788,7.2188,1000.9556,left_turn
466502,-0.0154,-0.0085,1.0004,-0.4288,-0.3413,6.1687,1000.9507,left_turn
466562,-0.0208,0.0120,0.9819,1.2687,0.5337,5.2937,1000.9536,left_turn
466622,-0.0253,0.0098,0.9577,-0.3237,-0.1138,4.8475,1000.9497,left_turn
466682,-0.0571,0.0323,0.9873,0.6300,0.4812,3.6662,1000.9492,left_turn
466742,-0.0098,0.0405,1.0206,1.0063,-0.2713,2.8525,1000.9597,left_turn
466802,0.0240,0.0575,1.0858,0.4462,-0.3325,2.6862,1000.9561,left_turn
466862,-0.0224,-0.0230,0.9958,-0.0262,-1.6100,2.0738,1000.9578,left_turn
466922,-0.0173,0.0554,1.0050,1.2250,0.0525,1.7413,1000.9431,left_turn
466982,-0.0046,0.0603,0.9879,0.3762,0.3850,1.3737,1000.9556,left_turn
467042,0.0015,0.0541,1.0053,-0.1575,0.8925,0.8925,1000.9512,left_turn
467102,-0.0132,0.0620,1.0191,1.3825,2.4237,0.4288,1000.9487,left_turn
467162,-0.0569,0.0502,0.8953,0.7525,1.4700,0.0962,1000.9453,left_turn
467222,-0.0083,-0.0029,0.9661,0.3150,0.5688,0.2537,1000.9392,left_turn
467282,0.0146,0.0201,1.0609,0.8225,1.8900,0.3150,1000.9451,left_turn
467342,0.0207,0.0581,1.0802,0.3413,1.0850,0.0875,1000.9597,left_turn
467402,0.0444,0.0471,1.0250,-0.8925,-0.6650,0.0962,1000.9551,left_turn
467462,0.0585,-0.0056,1.0280,1.4612,-0.4375,0.1925,1000.9517,left_turn
467522,0.0350,0.0122,0.9997,1.6187,0.6300,0.2188,1000.9536,left_turn
467582,0.0664,0.0430,1.0863,-0.1575,1.3038,0.2275,1000.9590,left_turn
467642,0.0120,0.0288,0.9428,-0.1225,1.0237,0.3938,1000.9526,left_turn
467702,0.0365,0.0454,0.9492,-0.6913,0.1575,0.3325,1000.9414,left_turn
467762,0.0451,0.0268,1.0325,0.8487,0.4725,0.2450,1000.9478,left_turn
467822,0.0178,0.0600,1.0063,-0.8750,1.4787,-0.1312,1000.9441,left_turn
467882,0.0251,-0.0300,1.0070,-0.2188,-0.7437,0.2275,1000.9434,left_turn
467942,0.0547,0.0285,1.0956,0.6300,0.1838,0.2275,1000.9475,left_turn
468002,0.0410,0.0490,1.0014,-0.4112,0.5337,0.1050,1000.9470,left_turn
468062,0.0424,-0.0144,0.9994,0.9100,-0.0088,0.2188,1000.9490,left_turn
468122,0.0622,0.0331,1.0202,-0.4112,0.1138,0.0000,1000.9563,left_turn
468182,0.0386,0.0264,0.9933,-0.3150,-0.6825,0.4725,1000.9570,left_turn
468242,0.0578,0.0351,1.0352,-1.6450,1.0063,0.4638,1000.9504,left_turn
468302,0.0558,0.0542,1.0049,-1.6100,0.1575,0.5163,1000.9526,left_turn
468362,0.0224,-0.0552,0.9292,0.0700,-0.2625,0.7962,1000.9546,left_turn
468422,-0.0232,-0.0578,0.8804,-0.3938,0.7700,0.9100,1000.9438,left_turn
468482,0.0601,-0.0288,0.9965,0.8838,-0.2362,1.6888,1000.9534,left_turn
468542,0.0520,-0.0195,1.0187,1.6975,0.2450,2.9050,1000.9556,left_turn
468602,0.0839,-0.0473,1.0070,1.1988,0.4112,3.7975,1000.9575,left_turn
468662,0.0563,-0.0456,1.0650,1.7150,0.8838,4.7688,1000.9512,left_turn
468722,0.0797,-0.0059,1.0817,0.2537,0.0962,5.7488,1000.9585,left_turn
468782,0.0481,-0.0534,1.0543,-0.1225,0.2188,6.5275,1000.9622,left_turn
468842,0.0406,-0.0349,1.0626,0.3938,0.2100,7.5075,1000.9521,left_turn
468902,0.0469,-0.0885,1.0058,-1.3388,-0.5250,8.4963,1000.9585,left_turn
468962,0.0163,-0.0834,0.9165,-0.2013,-0.3762,9.5463,1000.9529,left_turn
469022,0.0425,-0.1419,0.8888,-0.4112,-0.6212,10.8850,1000.9526,left_turn
469082,0.0881,-0.1137,1.0016,-0.7875,0.2275,11.8038,1000.9473,left_turn
469142,0.0569,-0.1408,0.9264,0.6300,0.2100,12.7487,1000.9539,left_turn
469202,0.1094,-0.1258,0.9763,-0.0262,-0.6212,14.0350,1000.9617,left_turn
469262,0.0286,-0.1263,0.9875,0.7962,0.4988,14.9625,1000.9482,left_turn
469322,0.0815,-0.1615,1.0598,0.0000,-0.7000,16.1787,1000.9570,left_turn
469382,0.0615,-0.0952,0.9848,0.1400,1.0150,17.0100,1000.9587,left_turn
469442,0.0185,-0.2289,0.9468,-0.3500,-0.4200,18.0075,1000.9626,left_turn
469502,0.0451,-0.1579,0.9557,1.1550,1.5225,19.1450,1000.9604,left_turn
469562,0.0412,-0.1732,0.9758,0.1750,0.9975,20.6850,1000.9685,left_turn
469622,0.0617,-0.1581,0.9889,-0.7262,1.7237,21.4550,1000.9617,left_turn
469682,0.0044,-0.1420,0.9565,-1.1638,0.9538,22.2950,1000.9543,left_turn
469742,-0.0105,-0.1764,0.9148,-0.5075,-0.5425,22.9075,1000.9690,left_turn
469802,0.0244,-0.1238,0.9309,-1.1725,1.7413,23.8700,1000.9688,left_turn
469862,-0.0020,-0.2103,1.0172,0.9275,0.7613,24.2463,1000.9663,left_turn
469922,0.0268,-0.1412,0.9687,-2.3537,-0.5425,24.9112,1000.9695,left_turn
469982,0.0005,-0.1567,1.0033,-0.7088,-0.9712,25.0513,1000.9612,left_turn
470042,0.0398,-0.2062,1.0131,0.1663,0.3587,25.3575,1000.9619,left_turn
470102,0.0420,-0.1632,0.9994,-0.5250,-0.0525,25.8913,1000.9661,left_turn
470162,0.0237,-0.2417,1.0072,0.5950,-0.8487,26.4688,1000.9751,left_turn
470222,0.0562,-0.2111,0.9762,1.8375,-2.0125,26.8713,1000.9792,left_turn
470282,0.0170,-0.1869,0.9392,0.8575,0.0787,27.1513,1000.9683,left_turn
470342,0.0165,-0.1413,0.9325,1.3475,-0.5163,27.4925,1000.9695,left_turn
470402,0.0386,-0.1537,0.9757,0.2100,-0.1663,28.0700,1000.9683,left_turn
470462,0.0739,-0.1771,1.0682,1.9338,-0.6913,28.5950,1000.9619,left_turn
470522,0.0537,-0.1491,1.0423,1.1550,1.6100,28.1313,1000.9683,left_turn
470582,0.0344,-0.1679,1.0189,-1.1550,1.1200,28.3850,1000.9622,left_turn
470642,0.0325,-0.1976,1.0191,-0.7000,1.0675,28.0788,1000.9607,left_turn
470702,0.0342,-0.2115,1.0090,-0.6650,0.7175,28.8750,1000.9612,left_turn
470762,0.0171,-0.1230,1.0429,-0.9362,2.6250,28.9975,1000.9551,left_turn
470822,0.0015,-0.1962,1.0569,0.0875,1.2162,28.4375,1000.9553,left_turn
470882,-0.0212,-0.2096,1.0011,0.5950,-0.1050,28.1313,1000.9617,left_turn
470942,-0.0115,-0.2375,0.8306,-1.1900,0.6650,28.5075,1000.9561,left_turn
471002,-0.0237,-0.2816,1.1312,-1.9688,4.1038,28.8925,1000.9592,left_turn
471062,-0.0448,-0.1888,0.9933,1.0762,-0.7350,28.8050,1000.9565,left_turn
471122,-0.0117,-0.1689,1.0246,4.2263,0.7788,28.3150,1000.9629,left_turn
471182,-0.0151,-0.2235,1.0950,3.1412,-0.0350,27.5888,1000.9690,left_turn
471242,-0.0305,-0.1830,0.9988,1.7500,0.6737,27.8250,1000.9622,left_turn
471302,-0.0063,-0.1204,0.9906,1.5750,-2.4413,28.3237,1000.9541,left_turn
471362,0.0256,-0.2630,1.0002,1.1463,-1.5225,27.9212,1000.9631,left_turn
471422,-0.0323,-0.0727,1.0297,1.2075,-1.5312,27.4400,1000.9526,left_turn
471482,-0.0079,-0.1147,0.9315,-1.4088,-0.3150,27.3875,1000.9517,left_turn
471542,-0.0081,-0.2095,0.9877,1.0412,0.9975,27.0375,1000.9395,left_turn
471602,0.0359,-0.0354,1.0968,1.2250,1.8200,26.9762,1000.9404,left_turn
471662,-0.0154,-0.1994,0.9883,-1.0850,1.5750,27.1600,1000.9360,left_turn
471722,-0.0498,-0.2555,0.9271,0.4988,0.0875,26.5037,1000.9534,left_turn
471782,0.0179,-0.1064,1.0594,2.5200,0.2013,26.2412,1000.9517,left_turn
471842,-0.0227,-0.1820,0.9218,0.3325,0.3850,25.4713,1000.9446,left_turn
471902,-0.0229,-0.1730,0.9694,1.1725,-0.7700,24.6750,1000.9438,left_turn
471962,0.0325,-0.0892,1.0809,3.5350,1.6975,23.8175,1000.9446,left_turn
472022,0.0005,-0.0962,0.9643,-0.1575,0.3150,23.8000,1000.9258,left_turn
472082,0.0240,-0.0786,1.0609,2.3537,0.4288,23.0125,1000.9377,left_turn
472142,0.0041,0.0146,1.0180,1.8112,0.5950,21.8400,1000.9285,left_turn
472202,-0.0178,-0.0988,0.9957,1.4262,0.6475,20.6675,1000.9243,left_turn
472262,-0.0204,-0.0644,1.0077,1.8025,1.6888,19.6787,1000.9158,left_turn
472322,0.0127,-0.0220,1.0476,0.9275,0.7175,19.1625,1000.9207,left_turn
472382,-0.0130,-0.0517,1.0512,0.4112,0.2275,18.2437,1000.9153,left_turn
472442,-0.0160,-0.0556,1.0526,-0.0088,0.4900,17.2288,1000.9207,left_turn
472502,-0.0583,-0.1381,0.9805,1.3563,0.8487,16.4937,1000.9160,left_turn
472562,-0.0349,-0.0034,1.0027,0.6650,1.1900,15.3125,1000.9167,left_turn
472622,-0.1137,-0.0895,0.8826,1.6975,1.5838,13.9563,1000.9033,left_turn
472682,-0.1010,-0.1339,0.9006,1.2513,1.0325,13.0288,1000.9099,left_turn
472742,-0.0345,0.0346,0.9682,3.0538,2.4237,10.7450,1000.9026,left_turn
472802,-0.0198,0.0248,1.0412,1.6100,0.9450,9.8612,1000.8931,left_turn
472862,-0.0245,0.0212,1.0297,0.7700,0.6825,8.4087,1000.9045,left_turn
472922,-0.0571,0.0297,1.0162,0.6037,0.6037,7.9887,1000.9006,left_turn
472982,-0.0406,0.0423,0.9922,0.5425,-0.3413,6.7025,1000.8950,left_turn
473042,-0.0390,0.0206,0.9670,0.1050,-1.0237,5.8275,1000.8887,left_turn
473102,-0.0470,0.0159,0.8987,0.9975,-0.9625,4.7775,1000.8865,left_turn
473162,-0.0044,0.0498,0.9667,1.3825,-1.0412,4.0512,1000.8965,left_turn
473222,0.0129,0.0669,1.0222,2.3888,-3.9375,2.8000,1000.8865,left_turn
473282,-0.0744,0.0727,1.0128,1.7237,-1.1725,2.6163,1000.9019,left_turn
473342,-0.0381,0.0080,1.0756,2.3800,2.0912,1.9338,1000.9009,left_turn
473402,-0.0029,0.0917,1.0941,-0.2975,0.0875,1.8637,1000.8889,left_turn
473462,-0.0390,0.0670,0.9753,-0.3850,-0.9275,1.6013,1000.8999,left_turn
473522,-0.0328,0.0398,1.0433,-0.0350,0.7525,1.3913,1000.9126,left_turn
473582,-0.0410,0.0667,1.0299,0.5775,0.0088,0.9362,1000.9119,left_turn
473642,-0.0200,0.0719,1.0577,-0.3850,0.6475,0.9975,1000.8958,left_turn
473702,-0.0620,0.0452,0.9891,-0.5950,0.0700,1.1200,1000.8928,left_turn
473762,-0.0234,0.0054,0.9745,0.6650,0.5425,1.2950,1000.8982,left_turn
473822,-0.0403,0.1718,0.9537,-2.9225,-1.2775,0.9887,1000.8982,left_turn
473882,-0.0642,0.0532,0.9013,0.6562,-0.9975,1.3212,1000.8965,left_turn
473942,-0.0498,0.0331,1.0263,-0.8138,-1.2775,0.7875,1000.8853,left_turn
474002,-0.0385,0.0134,1.0963,-0.0875,-1.1638,0.4375,1000.8916,left_turn
474062,-0.0202,0.1315,1.0895,-0.6562,2.5287,-0.0350,1000.9038,left_turn
474122,-0.0634,0.0362,0.9399,2.4062,0.0350,0.0088,1000.9087,left_turn
474182,-0.0476,0.0351,1.0433,0.0787,-1.0063,-0.2713,1000.8896,left_turn
474242,-0.0470,0.0567,0.9782,0.7613,-1.0412,0.3762,1000.8958,left_turn
474302,0.0674,-0.0209,1.0748,-0.9275,-0.5250,0.1225,1000.8789,left_turn
474362,-0.0235,0.0949,1.0807,0.0262,1.5488,0.9887,1000.8809,left_turn
474422,-0.0161,0.0104,1.0102,0.1575,-0.3325,0.4375,1000.8833,left_turn
474482,-0.0977,0.0830,1.0248,-1.4875,0.6650,0.3150,1000.8838,left_turn
474542,-0.0710,0.0152,0.9925,-0.7962,-0.1312,0.2975,1000.8879,left_turn
474602,-0.1113,-0.0669,0.8957,1.9250,-0.5163,0.1400,1000.8796,left_turn
474662,-0.1189,-0.0244,0.9346,2.9137,-0.6037,-0.5250,1000.8792,left_turn
474722,0.0165,0.0090,1.0377,0.9013,-2.0387,0.2275,1000.8860,left_turn
474782,-0.0801,0.0474,0.9072,-1.1900,0.2013,1.0850,1000.8804,left_turn
474842,-0.0464,-0.0026,0.9326,-1.9338,0.1138,0.9887,1000.8784,left_turn
474902,-0.0727,0.0307,0.9987,0.5425,0.3237,0.5250,1000.8794,left_turn
474962,-0.0512,0.0785,0.9870,0.3500,-0.4200,0.4112,1000.8740,left_turn
475022,-0.0162,0.0984,1.0788,-1.2162,0.6388,0.6125,1000.8848,left_turn
475082,0.0359,-0.0551,1.0763,0.7525,-1.4438,0.6825,1000.8767,left_turn
475142,-0.0251,0.0505,1.0551,1.6187,0.8838,0.0613,1000.8765,left_turn
475202,-0.0522,-0.0710,0.9520,-0.8138,0.9887,0.6300,1000.8833,left_turn
475262,-0.0417,-0.0065,1.0041,0.4462,-0.9887,1.1812,1000.8835,left_turn
475322,-0.0138,0.1282,1.0942,0.4988,0.2887,1.1988,1000.8767,left_turn
475382,-0.0356,-0.0332,1.0180,-0.5337,-1.1375,0.8575,1000.8936,left_turn
475442,-0.0483,0.0691,0.8813,-0.2450,-0.7525,0.9800,1000.8923,left_turn
475502,0.0237,0.0534,1.0257,-2.0563,-0.1838,1.2600,1000.8696,left_turn
475562,0.0626,-0.0393,0.9950,0.1400,1.7850,1.0237,1000.8596,left_turn
475622,0.0061,0.0754,1.0258,-0.2800,0.4375,0.2975,1000.8640,left_turn
475682,-0.0188,0.0337,0.9055,-0.2625,-1.1988,0.9362,1000.8606,left_turn
475742,-0.0705,-0.0212,0.9617,-0.1138,-0.2975,0.5600,1000.8716,left_turn
475802,-0.0647,0.0188,0.9628,0.3237,0.4550,0.8400,1000.8831,left_turn
475862,0.0220,0.0371,0.9623,-1.1025,0.1663,1.4525,1000.8884,left_turn
475922,0.0325,-0.0093,1.1570,-0.1488,-1.1638,1.0150,1000.8896,left_turn
475982,-0.0129,0.0198,0.8789,0.2537,-1.9950,0.6212,1000.8940,left_turn
476042,0.0004,0.0217,1.0182,0.7525,-0.1663,1.0850,1000.8948,left_turn
476102,-0.0559,0.0076,0.8560,-0.9275,0.5512,0.6037,1000.8960,left_turn
476162,0.0405,0.0741,1.0729,1.6275,0.2362,0.8487,1000.8828,left_turn
476222,-0.0254,-0.0403,0.9150,1.7150,-0.3500,0.9975,1000.8818,left_turn
476282,0.0439,0.0471,1.0867,-0.1138,0.3500,0.8662,1000.8914,left_turn
476342,0.0320,0.0490,0.9948,-0.3938,-1.1988,0.9275,1000.8828,left_turn
476402,-0.0098,0.0354,0.9263,0.0613,-0.4988,0.4900,1000.9006,left_turn
476462,-0.0102,0.0503,1.0629,-0.0787,-0.3587,0.9100,1000.8857,left_turn
476522,0.0164,0.0325,1.0001,-1.7150,0.0613,0.4288,1000.8877,left_turn
476582,-0.0163,-0.0547,0.9440,-0.3237,-0.2713,0.3325,1000.8831,left_turn
476642,0.0200,0.0095,1.0902,0.9625,1.0938,0.5600,1000.8772,left_turn
476702,0.0038,0.0324,0.9323,0.2800,0.2100,0.7350,1000.8928,left_turn
476762,0.0320,0.0379,1.0527,-0.8138,0.1663,0.3413,1000.8809,left_turn
476822,0.0533,0.0387,1.1075,1.1463,-0.5600,0.7262,1000.8684,left_turn
476882,0.0168,0.1122,1.0277,-0.1225,-0.3675,0.9975,1000.8855,left_turn
476942,0.0040,-0.0480,0.9360,-0.2975,0.4288,0.4200,1000.8640,left_turn
477002,0.0115,0.1091,0.9755,-0.1138,-0.0962,0.5863,1000.8735,left_turn
477062,0.0674,-0.0159,1.0297,1.1200,-1.1375,0.8662,1000.8501,left_turn
477122,-0.0017,0.0478,1.0067,0.8487,-0.8138,0.4462,1000.8542,left_turn
477182,-0.0396,0.0113,0.8430,-0.9625,-0.0175,1.0938,1000.8608,left_turn
477242,-0.0659,-0.0483,0.9663,1.5400,0.2975,0.5688,1000.8516,left_turn
477302,0.0208,0.0510,1.0189,1.3125,0.3938,0.1488,1000.8418,left_turn
477362,0.0020,0.0735,1.0634,-0.4725,0.8662,0.7000,1000.8428,left_turn
477422,-0.0612,-0.0441,1.0396,0.2713,2.0475,0.2713,1000.8567,left_turn
477482,-0.0552,0.0146,0.9365,0.8138,0.6562,0.3063,1000.8486,left_turn
477542,0.0037,-0.0074,0.8970,-0.4288,-0.9975,0.2013,1000.8586,left_turn
477602,0.0132,0.0528,1.0097,0.2100,-0.1312,0.7175,1000.8606,left_turn
477662,-0.0703,0.0210,0.8994,-1.0325,0.8138,0.7875,1000.8657,left_turn
477722,-0.0256,-0.1071,0.9492,-0.2625,1.6275,0.8138,1000.8618,left_turn
477782,0.0426,0.1291,1.0025,-0.7875,0.0962,0.3587,1000.8611,left_turn
477842,-0.0383,0.0237,0.9198,-0.6037,-0.3325,0.8313,1000.8643,left_turn
477902,-0.0068,0.0078,1.0699,2.4150,-0.1575,0.3063,1000.8555,left_turn
477962,0.0032,0.1020,0.9867,0.9712,1.1900,0.0787,1000.8491,left_turn
478022,-0.0166,0.0171,0.9127,-0.0962,0.0962,0.1925,1000.8459,left_turn
478082,0.0106,0.0717,1.0726,1.7150,0.8400,0.3762,1000.8374,left_turn
478142,0.0246,0.1225,1.0866,-0.4638,-0.0700,0.0437,1000.8374,left_turn
478202,-0.0090,-0.0083,0.9230,-0.0525,2.1000,0.2362,1000.8384,left_turn
478262,-0.1215,0.0363,0.7953,-2.1000,-0.7175,0.4725,1000.8367,left_turn
478322,0.0345,-0.0185,1.0354,0.2013,0.2800,0.2275,1000.8347,left_turn
478382,-0.0139,0.0059,0.9234,-0.6650,-1.4088,-0.0175,1000.8350,left_turn
478442,0.0047,0.0875,0.9557,0.4725,-0.7788,0.1750,1000.8284,left_turn
478502,-0.0691,0.0596,0.9135,0.2800,0.4375,0.1750,1000.8381,left_turn
478562,-0.0256,0.0015,0.9445,1.8288,2.9838,-0.0350,1000.8313,left_turn
478622,-0.0637,0.0142,0.9578,-0.8750,-0.7262,0.2625,1000.8308,left_turn
478682,0.0630,0.0861,1.1071,-0.3587,-0.9625,0.3063,1000.8394,left_turn
478742,-0.0027,0.0285,1.0052,0.5250,0.8838,0.3762,1000.8357,left_turn
478802,-0.0242,0.1097,0.9609,-0.0088,0.0875,0.3587,1000.8442,left_turn
478862,-0.0004,0.0214,0.9562,-2.6600,0.1312,-0.1400,1000.8445,left_turn
478922,0.0695,-0.0219,0.9967,-0.4112,0.1925,0.0000,1000.8250,left_turn
478982,-0.0022,0.0713,1.0136,-1.9512,-0.7962,0.6825,1000.8438,left_turn
479042,0.0578,-0.0161,0.9709,-0.9975,0.0350,0.5075,1000.8381,left_turn
479102,0.0815,0.0615,1.0341,0.6212,-1.1900,0.0525,1000.8320,left_turn
479162,0.0564,0.0915,0.9858,1.0675,-0.9187,0.3675,1000.8364,left_turn
479222,0.0830,0.0174,1.0031,-0.3587,-0.7350,0.4812,1000.8496,left_turn
479282,0.0651,0.0476,1.0263,-0.0437,0.7000,0.4812,1000.8481,left_turn
479342,0.0444,0.0071,1.0533,-0.5250,1.5925,0.4288,1000.8494,left_turn
479402,-0.0279,-0.0427,0.9819,-1.4963,0.7350,0.4812,1000.8435,left_turn
479462,0.0368,-0.0117,0.9501,-1.8112,-0.0787,0.4025,1000.8542,left_turn
479522,0.0612,-0.0015,0.9759,-1.3563,0.4638,0.2188,1000.8491,left_turn
479582,0.0227,-0.0197,0.9106,-0.5775,-1.9425,0.4725,1000.8450,left_turn
479642,0.1093,0.0634,1.0292,-0.3938,0.0875,0.3675,1000.8545,left_turn
479702,0.0567,0.0295,0.9431,-0.5250,-0.3500,0.7700,1000.8562,left_turn
479762,0.0857,0.0869,0.9883,0.5250,0.0787,-0.0262,1000.8604,left_turn
479822,0.0775,0.0260,0.9760,0.0088,-2.1263,0.1225,1000.8604,left_turn
479882,0.0641,-0.0471,1.0957,0.2887,-0.2188,0.1488,1000.8560,left_turn
479942,0.0910,0.0624,1.0024,-0.6825,-0.9013,0.4725,1000.8562,left_turn
480002,0.0537,0.0464,0.9636,0.5512,0.7175,0.3237,1000.8484,left_turn
480062,0.0938,0.0889,1.0304,-0.2100,-0.5950,0.2713,1000.8484,left_turn
480122,0.0720,-0.0335,1.0030,0.1838,-1.2775,0.1050,1000.8540,left_turn
480182,0.0683,0.0542,0.9781,0.1925,-0.6125,0.4550,1000.8562,left_turn
480242,0.0883,0.0656,0.9907,0.1663,-1.5662,0.7788,1000.8406,left_turn
480302,0.0818,0.1254,1.0533,-1.3212,-0.3237,0.3850,1000.8621,left_turn
480362,0.0474,0.0325,0.9906,0.1312,1.6275,0.0437,1000.8540,left_turn
480422,0.0395,0.0548,1.0216,-0.2100,1.2687,-0.3850,1000.8765,left_turn
480482,0.0406,-0.0054,0.9713,-2.2225,-0.6913,-0.0350,1000.8721,left_turn
480542,0.0439,-0.0151,0.9926,-0.0875,-0.0175,0.0350,1000.8633,left_turn
480602,0.0376,-0.0120,0.9855,0.2887,1.5838,-0.2975,1000.8667,left_turn
480662,0.0593,0.0400,1.0090,0.1663,-0.2188,0.0525,1000.8701,left_turn
480722,0.0508,0.0217,0.9590,0.3500,-0.5950,0.3850,1000.8638,left_turn
480782,0.1286,0.0461,1.1317,1.0063,0.4812,0.2013,1000.8701,left_turn
480842,-0.0024,0.0087,0.9084,-1.4088,1.6625,0.4988,1000.8772,left_turn
480902,0.0415,0.0135,0.9618,-1.8725,1.2775,-0.0350,1000.8872,left_turn
480962,0.0966,-0.0320,1.0124,-1.1812,-0.2537,0.0088,1000.8850,left_turn
481022,0.1127,0.0542,1.1351,-1.1375,0.0175,0.5688,1000.8750,left_turn
481082,-0.0029,-0.0674,0.9356,0.7175,-0.1575,0.3413,1000.8770,left_turn
481142,0.1013,0.0945,1.1211,1.0762,0.3587,0.2450,1000.8748,left_turn
481202,0.0685,0.0073,1.0995,1.5925,2.5113,0.2887,1000.8794,left_turn
481262,0.0334,0.0315,0.9665,0.9887,0.2450,0.7788,1000.8816,left_turn
481322,0.0613,-0.0188,1.0124,0.2188,-0.5250,0.9712,1000.8877,left_turn
481382,0.0953,0.0598,1.1245,-0.1838,-1.4350,1.6537,1000.8940,left_turn
481442,0.0322,0.0283,0.9355,-0.7262,-1.1812,1.7763,1000.8887,left_turn
481502,0.0900,0.0595,0.9867,-1.4963,0.1050,2.6163,1000.8813,left_turn
481562,0.0500,-0.0366,0.9306,-1.1988,-0.4375,3.1150,1000.8879,left_turn
481622,0.0412,-0.0949,1.0175,-0.9625,-0.0350,3.1675,1000.8892,left_turn
481682,0.0026,-0.0498,0.9972,1.0938,0.8925,3.6925,1000.8784,left_turn
481742,0.0359,-0.1033,1.0584,0.6212,-0.9625,4.2087,1000.8794,left_turn
481802,0.0295,-0.0830,0.9611,-1.1113,-0.6825,5.6175,1000.8840,left_turn
481862,0.0230,-0.0512,0.9040,-0.2537,2.1525,6.2475,1000.8972,left_turn
481922,0.0359,-0.1057,0.9392,-1.0675,-0.1575,6.9125,1000.9082,left_turn
481982,0.0405,-0.0783,1.0138,0.7875,0.7000,7.5075,1000.8906,left_turn
482042,0.0592,-0.0698,1.0050,-1.2600,0.1400,8.3387,1000.8921,left_turn
482102,0.0842,-0.1112,0.9609,-0.4375,-1.3650,9.3363,1000.8938,left_turn
482162,0.0768,-0.0981,1.0241,0.5512,-0.2713,10.7362,1000.8975,left_turn
482222,0.0672,-0.1770,0.9509,-1.2425,-0.4288,11.2000,1000.9075,left_turn
482282,0.1086,-0.0942,1.1134,0.3850,-0.0437,12.3988,1000.9211,left_turn
482342,0.0323,-0.1454,0.9069,-1.5575,-1.1287,13.2300,1000.9019,left_turn
482402,0.0910,-0.0525,0.9828,-1.0412,0.1225,13.5013,1000.8997,left_turn
482462,0.0574,-0.1621,0.9175,0.2537,-1.5400,13.8600,1000.9092,left_turn
482522,0.0344,-0.1127,1.0199,0.4025,-1.1025,14.6737,1000.8972,left_turn
482582,0.0781,-0.1313,1.0385,-0.0525,1.0938,15.8988,1000.8984,left_turn
482642,0.0864,-0.1564,0.9923,-0.3762,-0.0262,16.6075,1000.9148,left_turn
482702,0.0520,-0.2164,0.9439,0.0787,0.2975,17.2288,1000.9185,left_turn
482762,0.0988,-0.1383,1.0323,-0.9450,-0.0525,18.9350,1000.9109,left_turn
482822,0.1147,-0.1208,1.0124,0.6475,1.6975,19.6262,1000.9146,left_turn
482882,0.0770,-0.2313,1.0089,-0.1575,0.7175,20.9650,1000.9224,left_turn
482942,0.1157,-0.1801,1.0557,0.1663,1.2075,22.4000,1000.9170,left_turn
483002,0.0930,-0.2364,1.0104,-1.5575,0.4900,23.5287,1000.9316,left_turn
483062,0.0627,-0.2164,1.0490,1.7062,1.5925,24.2725,1000.9177,left_turn
483122,0.1039,-0.2420,1.0595,-0.1488,0.8750,24.2550,1000.9292,left_turn
483182,0.1168,-0.1879,1.0490,0.7700,-2.2225,24.7362,1000.9226,left_turn
483242,0.1381,-0.2435,1.0265,0.7962,-1.2425,25.9613,1000.9998,left_turn
483302,0.0855,-0.2510,0.8672,-0.1663,0.5600,25.9788,1000.9241,left_turn
483362,0.1093,-0.2603,1.0360,1.7150,0.3325,26.8188,1000.9463,left_turn
483422,0.1168,-0.2156,1.0150,1.3300,-0.3762,26.7575,1000.9260,left_turn
483482,0.0590,-0.1383,0.9777,0.9187,0.7437,26.5912,1000.9304,left_turn
483542,0.0810,-0.2009,1.0843,1.5838,0.2188,27.0900,1000.9519,left_turn
483602,0.0834,-0.0994,0.9667,1.0762,1.1287,26.9150,1000.9204,left_turn
483662,0.0351,-0.1691,0.9600,1.3212,0.6737,26.6437,1000.9170,left_turn
483722,0.0427,-0.1257,0.9868,-0.2713,-0.0350,26.9587,1000.9131,left_turn
483782,0.0441,-0.1822,0.9984,0.2275,0.1663,27.1688,1000.9280,left_turn
483842,0.0002,-0.1606,0.9555,0.3150,0.3413,26.8888,1000.9358,left_turn
483902,0.0734,-0.1146,1.0521,-0.7875,1.8550,26.5650,1000.9216,left_turn
483962,0.0181,-0.2300,0.9864,-0.3413,1.7150,26.8800,1000.9150,left_turn
484022,0.0146,-0.1306,1.0323,0.4200,0.3413,26.5387,1000.9182,left_turn
484082,0.0198,-0.1448,1.0384,0.7700,-1.4350,26.8800,1000.9202,left_turn
484142,-0.0240,-0.2048,0.9335,3.2462,0.4462,26.4600,1000.9182,left_turn
484202,-0.0308,-0.1142,0.9221,1.3737,-0.5250,26.1012,1000.9229,left_turn
484262,0.0359,-0.1100,1.0699,0.9800,-0.0962,25.5063,1000.9180,left_turn
484322,-0.0512,-0.1163,0.9714,2.1525,-0.2362,24.2987,1000.9202,left_turn
484382,-0.0204,-0.1570,0.9238,-1.2250,0.4725,23.9837,1000.9136,left_turn
484442,0.0434,-0.0876,1.0446,-1.7062,-0.4200,23.8000,1000.9194,left_turn
484502,-0.0019,-0.1247,0.9760,-1.4787,1.1812,23.1262,1000.9128,left_turn
484562,-0.0276,-0.2030,0.9126,1.0412,1.4787,22.6887,1000.9153,left_turn
484622,-0.0088,-0.0828,1.0008,0.8050,2.5725,22.1375,1000.9089,left_turn
484682,-0.0293,-0.1428,0.8550,1.7237,0.1838,21.0088,1000.9136,left_turn
484742,-0.0140,-0.1318,1.0033,2.7738,-0.0175,20.9212,1000.9170,left_turn
484802,0.0345,-0.0305,0.9579,3.1412,-0.1488,20.4662,1000.8987,left_turn
484862,-0.0198,-0.0866,0.9114,-0.1488,-0.5075,19.4163,1000.9094,left_turn
484922,-0.0054,-0.0766,0.9760,0.0175,-0.1225,19.0312,1000.8965,left_turn
484982,-0.0307,-0.0783,1.0225,-0.9625,1.0150,18.4538,1000.9045,left_turn
485042,0.0594,-0.0906,1.1214,-1.1025,-3.1150,18.8388,1000.9048,left_turn
485102,-0.0080,-0.1371,1.0372,-1.0500,-1.2425,18.3225,1000.9128,left_turn
485162,0.0256,-0.0815,1.1341,1.0063,0.4988,17.9463,1000.9011,left_turn
485222,0.0281,-0.0265,1.0514,0.5425,-0.1750,17.4912,1000.9080,left_turn
485282,0.0029,-0.1169,1.0209,-0.1225,-1.8200,17.0100,1000.9099,left_turn
485342,0.0290,-0.1496,0.9315,-0.6737,-1.7763,16.8962,1000.8884,left_turn
485402,0.0915,0.0088,1.0882,0.2537,-1.4963,16.7300,1000.8923,left_turn
485462,-0.0107,-0.0612,0.9919,1.1988,0.0262,16.2400,1000.8923,left_turn
485522,-0.0386,-0.0749,0.9069,1.5662,-0.2800,15.8025,1000.8916,left_turn
485582,-0.0561,-0.1415,0.8700,1.7150,0.6037,14.6825,1000.8879,left_turn
485642,-0.0298,-0.1054,0.9521,0.8575,0.2013,13.9475,1000.8970,left_turn
485702,0.0228,-0.0493,1.0767,0.4200,-2.1088,13.8337,1000.8887,left_turn
485762,0.0248,-0.0001,1.0553,-1.1287,1.3737,13.2037,1000.8926,left_turn
485822,0.0364,-0.0341,0.9201,-1.2600,-0.5600,11.7075,1000.8845,left_turn
485882,0.0101,-0.0348,0.9686,0.0350,-1.4175,10.8850,1000.8882,left_turn
485942,0.0191,-0.0190,1.0421,0.6475,0.2713,9.4237,1000.8789,left_turn
486002,-0.0163,0.0168,1.0382,0.4375,-0.3850,9.0037,1000.8657,left_turn
486062,0.0087,-0.0657,1.0005,0.7700,1.4700,7.5600,1000.8821,left_turn
486122,0.0305,-0.0217,0.9639,0.3237,1.2425,6.8337,1000.8845,left_turn
486182,0.0229,0.0073,0.9415,-0.0525,2.1350,5.8187,1000.8801,left_turn
486242,-0.0129,-0.0583,0.9318,2.3100,3.1675,5.2413,1000.8777,left_turn
486302,0.0097,-0.0034,0.9363,0.6825,1.7675,5.1537,1000.8740,left_turn
486362,0.0258,-0.0281,0.8908,1.2687,0.4812,4.5763,1000.8833,left_turn
486422,0.0642,0.0182,1.0451,2.9575,0.9450,4.2175,1000.8896,left_turn
486482,0.0364,0.0425,1.0652,1.8900,-0.1925,2.8612,1000.8887,left_turn
486542,0.0203,0.0600,1.0127,2.2050,-2.3800,2.5200,1000.8799,left_turn
486602,-0.0435,-0.0078,0.8521,1.4262,-3.4650,2.7037,1000.8931,left_turn
486662,-0.0174,0.0281,0.9255,-0.8487,-2.6337,1.6888,1000.8867,left_turn
486722,0.1039,0.0101,1.0458,-1.6975,-0.9100,1.3825,1000.8936,left_turn
486782,0.0919,0.0386,0.9836,-1.8463,-1.7500,1.5750,1000.8921,left_turn
486842,0.0981,0.0065,1.0319,-0.9450,-1.7763,1.1463,1000.8845,left_turn
486902,0.0668,0.0137,1.0770,0.2013,-0.8400,0.6388,1000.8972,left_turn
486962,0.0102,0.0266,0.9850,0.5425,0.3237,0.4988,1000.8916,left_turn
487022,0.0307,0.0093,0.8425,1.7325,-0.6212,0.1312,1000.8997,left_turn
487082,0.0585,-0.0144,0.9526,0.9187,-0.3938,0.2100,1000.8960,left_turn
487142,0.0647,0.0454,1.0863,2.5725,2.6075,-0.0613,1000.8896,left_turn
487202,0.0955,0.0796,1.0680,1.4088,1.2162,0.1663,1000.8918,left_turn
487262,0.0339,0.0822,0.9096,-0.2625,-0.3762,-0.1138,1000.9109,left_turn
487322,-0.0025,-0.0346,0.9418,0.4900,0.4550,-0.0613,1000.9104,left_turn
487382,0.0056,0.1052,1.0058,0.4812,1.3125,-0.2013,1000.8989,left_turn
487442,0.0949,0.0276,1.0771,-1.4000,-0.6037,0.1663,1000.9087,left_turn
487502,0.0605,0.0210,0.9963,-0.7088,-1.4787,0.0175,1000.9106,left_turn
487562,0.0351,-0.0468,1.0285,1.3212,-0.9887,-0.0088,1000.9021,left_turn
487622,0.0027,0.0123,0.9837,0.1925,-0.8925,-0.1663,1000.9109,left_turn
487682,0.0439,0.0230,1.0146,0.2975,-0.0350,-0.3325,1000.8992,left_turn
487742,0.0495,0.0359,1.0025,1.7587,0.7525,-0.2450,1000.9104,left_turn
487802,0.0512,0.0775,1.0668,-0.8662,-0.2800,0.0088,1000.9109,left_turn
