timestamp,a_x,a_y,a_z,dps_x,dps_y,dps_z,pressure,target,time_sec
1418762,0.0051,0.157,1.0241,0.9538,0.49,0.0787,1000.9463,constant_speed,0.0
1418822,-0.0361,0.1534,0.965,-1.015,-2.415,-0.175,1000.9265,constant_speed,0.06
1418882,0.0739,-0.074,1.1026,-0.6825,0.4462,0.28,1000.9285,constant_speed,0.12
1418942,-0.0722,0.1274,0.9446,0.77,-1.3475,-0.7788,1000.9229,constant_speed,0.18
1419002,0.0592,0.1181,0.9679,-1.2425,2.7387,-0.2975,1000.9089,constant_speed,0.24
1419062,-0.0596,0.0256,0.9254,-0.0437,-0.1925,-0.0613,1000.9417,constant_speed,0.3
1419122,-0.0691,-0.0093,0.7488,1.3563,-3.8937,-0.2188,1000.9255,constant_speed,0.36
1419182,0.1342,0.0915,1.1905,1.0325,-0.5863,-0.1312,1000.9219,constant_speed,0.42
1419242,0.0187,0.0345,1.0277,1.3125,1.8288,-0.1663,1000.9253,constant_speed,0.48
1419302,-0.0088,-0.0471,0.9575,-0.4288,0.14,-0.4725,1000.938,constant_speed,0.54
1419362,-0.0422,0.1037,0.9736,-2.0387,-0.1838,-0.2188,1000.9209,constant_speed,0.6
1419422,-0.0476,-0.0605,1.1405,-1.82,1.4,-0.3063,1000.9294,constant_speed,0.66
1419482,-0.0259,-0.029,0.8453,2.31,-1.8288,-0.1838,1000.9089,constant_speed,0.72
1419542,0.1395,0.165,1.1808,0.84,1.1638,-0.0437,1000.915,constant_speed,0.78
1419602,-0.0855,-0.0326,0.8921,1.3475,-2.0125,1.155,1000.9194,constant_speed,0.84
1419662,0.0525,0.0327,1.1268,2.4938,0.9712,0.5075,1000.9138,constant_speed,0.9
1419722,-0.0647,-0.0295,1.0385,2.9838,4.5588,0.3063,1000.9248,constant_speed,0.96
1419782,-0.1132,0.0124,0.3576,1.3475,-6.8337,-1.2337,1000.9187,constant_speed,1.02
1419842,0.0724,0.2045,0.9099,5.7838,-5.39,2.0563,1000.9446,constant_speed,1.08
1419902,-0.235,0.0398,0.5914,2.5287,-3.605,-1.2337,1000.9172,constant_speed,1.14
1419962,-0.0388,0.0124,1.2501,1.8725,5.5125,-0.105,1000.9028,constant_speed,1.2
1420022,0.2881,0.1587,1.2744,-1.225,7.7525,0.5688,1000.9214,constant_speed,1.26
1420082,0.1838,0.1247,1.2,-0.9538,5.4338,-0.2975,1000.9417,constant_speed,1.32
1420142,-0.0059,-0.0002,0.7319,1.1812,3.8763,0.5775,1000.9133,constant_speed,1.38
1420202,0.0093,0.1064,1.2947,0.8662,2.94,1.2075,1000.9094,constant_speed,1.44
1420262,-0.0981,0.1215,0.7523,-1.3737,-0.6388,-0.4988,1000.9268,constant_speed,1.5
1420322,0.1615,0.0966,1.1815,-4.5938,-8.3912,1.0063,1000.9297,constant_speed,1.56
1420382,0.0593,0.0617,0.9892,6.335,-3.8588,0.0613,1000.8894,constant_speed,1.62
1420442,-0.2647,0.0273,0.9756,1.1375,17.78,-1.1375,1000.9189,constant_speed,1.68
1420502,-0.0556,0.0716,0.905,3.5963,0.665,-0.63,1000.9229,constant_speed,1.74
1420562,-0.2487,0.1854,0.8901,-1.5312,0.3938,-1.855,1000.9143,constant_speed,1.8
1420622,-0.0944,-0.111,1.0575,3.5612,2.835,-1.1812,1000.8899,constant_speed,1.86
1420682,0.1059,-0.0049,0.9979,0.0787,-5.0925,-1.9863,1000.9324,constant_speed,1.92
1420742,0.02,0.0893,0.9001,-1.4438,0.3413,-0.5863,1000.9268,constant_speed,1.98
1420802,0.0329,0.0097,0.9861,2.5463,-2.275,0.0175,1000.927,constant_speed,2.04
1420862,-0.0607,0.0874,1.0238,0.5337,2.5725,-0.6125,1000.9231,constant_speed,2.1
1420922,0.2148,0.1193,1.3516,-2.17,2.9925,0.35,1000.9419,constant_speed,2.16
1420982,0.001,0.0762,0.9404,0.7788,-1.9863,-0.6737,1000.9309,constant_speed,2.22
1421042,0.1379,0.2547,1.0552,-7.2888,0.9625,1.1375,1000.9189,constant_speed,2.28
1421102,0.0663,0.0535,1.0741,1.8813,2.5287,0.035,1000.9031,constant_speed,2.34
1421162,0.0679,0.2045,1.0936,0.805,3.5787,0.0,1000.8938,constant_speed,2.4
1421222,0.0912,-0.0239,1.2444,-0.5163,3.535,-0.2362,1000.8877,constant_speed,2.46
1421282,0.0022,0.0654,1.0124,5.1712,-0.0787,0.3762,1000.9097,constant_speed,2.52
1421342,0.0967,0.1539,1.0321,-0.6475,-4.655,0.4725,1000.9292,constant_speed,2.58
1421402,-0.0209,0.0371,0.8877,-2.835,-0.2013,0.5163,1000.9209,constant_speed,2.64
1421462,0.0062,0.0259,0.9501,-3.64,2.0825,-0.525,1000.9028,constant_speed,2.7
1421522,0.0654,0.0171,1.0378,0.595,4.235,0.0437,1000.9204,constant_speed,2.76
1421582,0.0975,0.0329,1.0896,-4.0163,2.7912,-0.1312,1000.9436,constant_speed,2.82
1421642,0.1024,0.1593,1.0841,-4.795,1.015,1.0063,1000.9514,constant_speed,2.88
1421702,-0.0034,0.0874,1.0048,-2.1788,0.1138,0.4112,1000.9363,constant_speed,2.94
1421762,0.0134,-0.082,0.9697,-3.57,-0.175,-0.3413,1000.9075,constant_speed,3.0
1421822,0.0037,0.0983,0.9076,-3.4475,-0.7175,0.1663,1000.9172,constant_speed,3.06
1421882,-0.0339,-0.0623,0.8633,-5.1188,-0.7962,0.0088,1000.9463,constant_speed,3.12
1421942,-0.0043,0.05,0.944,-0.4638,0.4812,0.2362,1000.9434,constant_speed,3.18
1422002,0.0447,0.0598,1.0973,-2.03,-0.4812,-0.21,1000.929,constant_speed,3.24
1422062,0.0534,0.0251,1.0553,-1.3825,-0.5337,0.3938,1000.8972,constant_speed,3.3
1422122,0.006,-0.0886,0.9692,-0.9975,0.0,-0.07,1000.8923,constant_speed,3.36
1422182,0.0453,0.013,0.9738,-3.7013,-0.49,0.1575,1000.8804,constant_speed,3.42
1422242,-0.0488,0.0263,0.9221,1.05,-1.2337,0.7088,1000.8726,constant_speed,3.48
1422302,0.0493,0.0722,0.9021,0.2188,-0.0437,-0.1225,1000.8723,constant_speed,3.54
1422362,-0.0283,0.0359,0.9507,-2.065,0.315,0.35,1000.8828,constant_speed,3.6
1422422,0.0459,0.0246,0.9916,1.435,0.0613,0.0437,1000.8743,constant_speed,3.66
1422482,0.0761,-0.0376,0.9992,-2.7125,-0.3063,0.6825,1000.8999,constant_speed,3.72
1422542,0.0353,0.1488,0.9604,-2.7213,-2.3537,0.875,1000.8606,constant_speed,3.78
1422602,0.0966,0.0491,1.0651,0.4375,-0.805,0.2362,1000.8945,constant_speed,3.84
1422662,-0.1291,-0.0425,0.6184,0.1312,-1.26,0.0962,1000.8875,constant_speed,3.9
1422722,0.0535,-0.0922,0.8137,-2.8525,4.5413,-1.8375,1000.8848,constant_speed,3.96
1422782,-0.1795,-0.2371,0.8217,1.2162,7.9275,0.8225,1000.8894,constant_speed,4.02
1422842,0.0165,-0.0354,0.7667,-1.8375,-10.5,0.4812,1000.8721,constant_speed,4.08
1422902,-0.1584,-0.1035,0.9211,6.1687,-7.175,0.4725,1000.8901,constant_speed,4.14
1422962,-0.0168,-0.3035,0.8487,4.55,-2.485,-0.2188,1000.8896,constant_speed,4.2
1423022,0.0385,0.2589,0.8394,2.4413,3.5087,-0.21,1000.8877,constant_speed,4.26
1423082,0.0986,0.0681,1.2941,-2.4237,7.4725,-0.2537,1000.8665,constant_speed,4.32
1423142,0.0466,-0.0156,1.0521,-0.3413,1.26,0.5337,1000.8979,constant_speed,4.38
1423202,-0.08,-0.2403,1.1558,-0.9625,3.3775,-0.7525,1000.9041,constant_speed,4.44
1423262,-0.1371,-0.1056,0.7656,3.255,-2.3363,-0.1925,1000.8867,constant_speed,4.5
1423322,0.0045,0.1591,1.0138,0.6037,-3.115,0.0437,1000.8767,constant_speed,4.56
1423382,0.0151,-0.0517,1.0382,1.7587,-3.3863,0.0088,1000.9014,constant_speed,4.62
1423442,-0.0304,0.0032,0.9711,3.5438,5.6962,-0.4725,1000.8826,constant_speed,4.68
1423502,-0.0281,0.0551,0.8847,3.9288,-3.8675,0.2975,1000.8875,constant_speed,4.74
1423562,-0.0348,0.0239,0.9548,-0.3063,0.35,-0.035,1000.8918,constant_speed,4.8
1423622,0.1101,0.1759,1.094,-0.9887,1.05,0.455,1000.8904,constant_speed,4.86
1423682,-0.0129,0.0505,1.0392,-1.6275,4.1737,0.0,1000.9067,constant_speed,4.92
1423742,0.0151,0.0171,0.8232,1.435,-4.375,-0.0525,1000.8989,constant_speed,4.98
1423802,0.1228,0.1684,1.1356,-0.9975,4.2962,-0.6037,1000.907,constant_speed,5.04
1423862,-0.03,-0.1391,1.0606,-0.5337,2.975,-0.5337,1000.9053,constant_speed,5.1
1423922,0.1208,0.1062,0.967,-1.7413,-3.955,-0.1838,1000.8809,constant_speed,5.16
1423982,-0.0742,-0.049,0.6931,0.0613,-5.285,0.1838,1000.9045,constant_speed,5.22
1424042,0.0332,0.1586,1.0443,1.3737,1.6013,-1.19,1000.9121,constant_speed,5.28
1424102,0.0249,-0.1448,0.9008,-2.6337,-0.525,-0.1575,1000.8931,constant_speed,5.34
1424162,-0.0044,0.0658,0.9179,-3.4913,-0.9362,0.5863,1000.8938,constant_speed,5.4
1424222,0.0173,0.1222,0.881,4.5325,0.7437,0.4375,1000.8906,constant_speed,5.46
1424282,-0.0949,-0.1737,1.0798,2.17,7.4637,-0.6212,1000.8843,constant_speed,5.52
1424342,0.0166,0.0329,0.8716,5.5125,-6.0462,1.6712,1000.8948,constant_speed,5.58
1424402,0.1731,0.1669,1.3564,0.0875,1.3737,0.7788,1000.9033,constant_speed,5.64
1424462,-0.1118,0.0042,0.6648,5.1625,-4.0425,0.3587,1000.8953,constant_speed,5.7
1424522,0.0551,-0.0234,1.0773,0.5425,1.0412,-0.5425,1000.8704,constant_speed,5.76
1424582,0.0242,-0.0032,0.9035,1.2687,1.6712,-0.4112,1000.8616,constant_speed,5.82
1424642,0.0016,-0.0498,0.8843,-0.315,2.1437,-0.0787,1000.873,constant_speed,5.88
1424702,0.0941,0.0876,1.1944,2.3625,1.9075,0.3938,1000.8779,constant_speed,5.94
1424762,-0.002,0.0417,1.0729,-0.0613,2.555,0.1225,1000.8696,constant_speed,6.0
1424822,-0.0234,0.1814,0.9736,-2.6775,1.155,-0.0875,1000.8674,constant_speed,6.06
1424882,-0.0206,-0.1138,1.0399,-2.0125,-1.05,0.175,1000.8757,constant_speed,6.12
1424942,0.138,0.0605,1.1506,0.7,-0.5512,0.2625,1000.8848,constant_speed,6.18
1425002,-0.0315,-0.0368,0.9323,-0.6388,-1.1725,0.4725,1000.874,constant_speed,6.24
1425062,-0.013,-0.0337,1.0591,3.4213,-6.545,0.8575,1000.8765,constant_speed,6.3
1425122,-0.1752,-0.1252,0.4131,-5.11,-9.4062,0.5775,1000.8625,constant_speed,6.36
1425182,-0.0193,-0.0736,0.7789,4.8212,-1.5488,1.3388,1000.8748,constant_speed,6.42
1425242,0.0739,0.2604,1.1565,4.2613,0.665,0.1838,1000.8621,constant_speed,6.48
1425302,0.1876,0.0557,1.1075,-1.5137,3.08,-0.035,1000.8813,constant_speed,6.54
1425362,0.1291,-0.0298,1.0796,2.3187,11.0075,0.175,1000.8625,constant_speed,6.6
1425422,0.0368,0.0892,1.2417,-4.2875,10.4563,1.785,1000.8984,constant_speed,6.66
1425482,-0.0389,0.0239,0.9676,-2.4588,6.2125,0.4725,1000.887,constant_speed,6.72
1425542,-0.0745,-0.0725,0.8272,-4.4275,-1.1287,-0.1575,1000.8755,constant_speed,6.78
1425602,0.1395,0.1362,0.8508,-6.6325,-9.9925,0.245,1000.8833,constant_speed,6.84
1425662,-0.012,0.003,0.9482,-0.2625,-5.3463,0.8138,1000.8782,constant_speed,6.9
1425722,0.0171,0.0498,1.029,-0.8838,-0.7262,0.4638,1000.8657,constant_speed,6.96
1425782,0.0525,0.1593,1.0446,1.8375,-2.3888,0.7,1000.8921,constant_speed,7.02
1425842,0.0358,0.0591,0.8899,3.43,-1.1113,0.5512,1000.8884,constant_speed,7.08
1425902,0.1161,0.0729,1.191,2.87,-0.3675,-0.2362,1000.8804,constant_speed,7.14
1425962,0.1427,-0.008,1.2227,3.8937,3.43,-0.665,1000.9187,constant_speed,7.2
1426022,0.0711,0.2037,1.1095,2.4062,4.9612,-0.6388,1000.8804,constant_speed,7.26
1426082,-0.0684,-0.0205,0.8677,-0.7088,-1.5137,0.7788,1000.8767,constant_speed,7.32
1426142,0.0056,0.0119,1.082,3.2025,0.0962,0.1138,1000.896,constant_speed,7.38
1426202,0.1039,0.1867,1.1326,3.5963,-2.8087,0.6212,1000.8857,constant_speed,7.44
1426262,-0.0639,-0.2428,0.9667,0.8838,-0.6475,-1.1375,1000.8979,constant_speed,7.5
1426322,0.0776,0.1049,1.101,2.7037,-3.2113,0.4638,1000.8726,constant_speed,7.56
1426382,0.0105,0.1198,1.0804,4.725,4.2787,1.0762,1000.8884,constant_speed,7.62
1426442,0.0449,0.204,1.0706,3.57,-0.84,-0.7875,1000.8901,constant_speed,7.68
1426502,0.0228,0.0105,1.0179,1.1287,-2.3363,1.1113,1000.886,constant_speed,7.74
1426562,0.0991,0.274,1.0551,4.8387,-5.635,0.2362,1000.8892,constant_speed,7.8
1426622,0.2361,0.0212,1.168,-0.035,-1.505,0.21,1000.9041,constant_speed,7.86
1426682,0.0331,0.1969,1.0252,9.4675,-2.17,0.14,1000.9114,constant_speed,7.92
1426742,0.0983,0.0418,1.036,-2.0038,-1.7675,-0.8487,1000.9114,constant_speed,7.98
1426802,0.0461,0.0506,0.8337,1.8987,-1.8463,0.9013,1000.9329,constant_speed,8.04
1426862,-0.1091,-0.0063,0.9638,-2.4413,2.52,0.0875,1000.9421,constant_speed,8.1
1426922,-0.073,-0.0468,0.945,-9.275,2.4062,-0.385,1000.9114,constant_speed,8.16
1426982,0.1243,0.0572,0.9847,-3.4037,-2.0563,0.1225,1000.9277,constant_speed,8.22
1427042,0.0773,0.1542,1.0341,-4.8125,3.955,0.595,1000.9307,constant_speed,8.28
1427102,0.1557,0.0481,1.5318,6.4138,0.455,-0.7088,1000.9194,constant_speed,8.34
1427162,0.0261,-0.0837,0.7454,-0.0962,-3.2462,0.77,1000.9287,constant_speed,8.4
1427222,0.0307,0.1169,0.9082,-0.2625,3.6837,-0.2625,1000.9199,constant_speed,8.46
1427282,-0.0337,0.0171,1.0673,-4.8212,1.7413,-0.4988,1000.9038,constant_speed,8.52
1427342,-0.2045,-0.2726,0.7459,1.1638,1.1725,-0.5688,1000.939,constant_speed,8.58
1427402,-0.0512,-0.052,0.7893,-2.3888,-6.0287,-0.3325,1000.9175,constant_speed,8.64
1427462,0.0417,-0.0486,1.0702,-3.43,-3.15,0.3325,1000.8958,constant_speed,8.7
1427522,0.0259,0.1193,1.0524,1.1375,-1.26,0.525,1000.8994,constant_speed,8.76
1427582,0.1771,0.1023,1.2071,-0.175,0.5512,-1.1375,1000.9009,constant_speed,8.82
1427642,0.0109,0.0185,0.8103,-1.155,-4.1125,0.455,1000.9275,constant_speed,8.88
1427702,0.1,0.1171,1.1082,2.555,-0.7788,-0.1225,1000.9089,constant_speed,8.94
1427762,0.042,-0.0081,1.036,-2.1088,1.0237,-0.63,1000.9158,constant_speed,9.0
1427822,0.2076,0.1036,1.2744,3.5525,4.1038,0.5075,1000.8896,constant_speed,9.06
1427882,0.112,0.1075,1.0099,1.5575,-0.2625,-0.2188,1000.8835,constant_speed,9.12
1427942,0.222,0.0849,1.2556,0.4812,3.3863,0.1925,1000.9067,constant_speed,9.18
1428002,0.002,-0.1984,0.8957,-2.0563,-0.3413,0.5688,1000.9043,constant_speed,9.24
1428062,0.012,0.0619,0.9963,-1.5137,-2.2662,0.4812,1000.9185,constant_speed,9.3
1428122,-0.0542,-0.068,0.8208,0.0262,0.4288,0.6037,1000.8877,constant_speed,9.36
1428182,0.055,-0.094,0.8161,-4.4625,-6.23,0.4812,1000.9067,constant_speed,9.42
1428242,0.1667,0.12,1.2781,1.0325,1.8375,0.5863,1000.8757,constant_speed,9.48
1428302,0.0676,-0.0179,1.0876,-1.085,1.9162,0.4025,1000.8777,constant_speed,9.54
1428362,0.0262,0.095,0.8789,-0.4112,1.1375,-0.2013,1000.886,constant_speed,9.6
1428422,0.1144,-0.0342,0.9402,0.1488,-1.6712,0.2975,1000.875,constant_speed,9.66
1428482,0.0284,-0.0553,0.8156,-4.27,-2.45,0.3675,1000.9014,constant_speed,9.72
1428542,-0.0833,-0.0537,0.7527,-4.6287,-0.6125,1.0325,1000.8752,constant_speed,9.78
1428602,-0.0314,0.0991,0.8455,-0.3675,-1.2425,-0.28,1000.9229,constant_speed,9.84
1428662,0.0808,0.0175,0.9879,-0.8138,-0.3938,0.4638,1000.9192,constant_speed,9.9
1428722,0.0395,0.0795,1.1539,-0.175,-1.2687,0.4112,1000.9102,constant_speed,9.96
1428782,-0.1337,-0.1606,0.8535,-0.9538,3.5,-0.77,1000.8933,constant_speed,10.02
1428842,-0.0468,-0.0185,0.9138,-0.6913,-3.2638,-0.1663,1000.907,constant_speed,10.08
1428902,0.1293,-0.0259,1.1412,0.9013,1.8813,-0.0262,1000.9048,constant_speed,10.14
1428962,-0.1205,-0.093,0.6237,-3.6837,1.6363,0.3325,1000.8889,constant_speed,10.2
1429022,0.014,-0.0013,0.9392,0.6475,0.0088,0.0,1000.8928,constant_speed,10.26
1429082,0.032,-0.164,0.9079,-1.4,1.96,-0.4288,1000.8911,constant_speed,10.32
1429142,0.0778,0.0934,1.0214,1.1287,-0.3413,-0.0088,1000.8904,constant_speed,10.38
1429202,0.0298,0.0,1.0216,-0.7875,-0.35,0.035,1000.8843,constant_speed,10.44
1429262,-0.0742,-0.104,0.816,-1.365,-1.5662,0.1488,1000.8911,constant_speed,10.5
1429322,0.0101,0.0325,0.9475,4.3925,-1.0938,0.1838,1000.8909,constant_speed,10.56
1429382,-0.0288,0.1089,1.033,1.6537,-3.5175,0.91,1000.9187,constant_speed,10.62
1429442,0.0425,0.0161,1.0451,3.0275,0.84,0.3762,1000.886,constant_speed,10.68
1429502,-0.04,-0.0776,0.8769,-4.585,2.1437,0.0,1000.8992,constant_speed,10.74
1429562,0.0852,0.0022,1.139,0.4112,0.9538,0.2975,1000.8882,constant_speed,10.8
1429622,-0.0354,0.1128,1.0577,1.3475,0.0875,-0.2713,1000.8892,constant_speed,10.86
1429682,0.0043,0.0117,1.0011,-0.2013,0.9187,-0.5863,1000.8953,constant_speed,10.92
1429742,-0.0027,-0.0581,0.9267,-1.6712,3.1412,0.0437,1000.895,constant_speed,10.98
1429802,0.0129,0.0889,1.0382,2.1788,-1.05,0.245,1000.8816,constant_speed,11.04
1429862,-0.0113,-0.0058,0.9532,0.1838,-4.5763,-0.105,1000.8916,constant_speed,11.1
1429922,0.021,-0.0154,0.9311,1.925,0.1575,0.0613,1000.8979,constant_speed,11.16
1429982,0.0095,0.0315,0.9256,4.4887,-0.8487,0.0787,1000.8877,constant_speed,11.22
1430042,0.0095,-0.0512,0.9206,1.4963,1.365,-0.0262,1000.8965,constant_speed,11.28
1430102,-0.0386,0.0876,0.8571,0.9887,-0.3325,0.1663,1000.8977,constant_speed,11.34
1430162,0.0457,-0.0925,1.1237,3.2812,1.645,0.1838,1000.9155,constant_speed,11.4
1430222,0.0136,0.0221,1.1326,2.38,2.5725,0.3063,1000.9099,constant_speed,11.46
1430282,-0.0978,0.0101,0.802,1.1375,1.1287,0.2975,1000.9187,constant_speed,11.52
1430342,-0.0593,-0.1203,0.8701,1.75,-0.9362,0.0175,1000.9207,constant_speed,11.58
1430402,0.0436,0.0537,0.9861,2.5463,-1.3913,0.5163,1000.9175,constant_speed,11.64
1430462,-0.0143,0.0188,1.0074,1.54,-0.3063,0.1663,1000.9106,constant_speed,11.7
1430522,-0.01,-0.0366,0.9399,2.3275,1.015,-0.2975,1000.9109,constant_speed,11.76
1430582,-0.0066,0.0418,0.9232,0.91,-0.035,0.3413,1000.9126,constant_speed,11.82
1430642,-0.0351,0.0149,0.9367,1.89,0.7525,0.3413,1000.9021,constant_speed,11.88
1430702,0.0014,-0.0122,1.0365,0.0262,-1.05,0.4025,1000.9255,constant_speed,11.94
1430762,-0.0527,-0.0461,0.9616,0.7613,-0.315,0.0962,1000.9163,constant_speed,12.0
1430822,0.0756,0.0241,1.1083,0.9362,-1.505,0.035,1000.9338,constant_speed,12.06
1430882,0.0791,0.0689,1.0019,-1.2337,-0.1663,0.2188,1000.9316,constant_speed,12.12
1430942,-0.0081,-0.0041,0.9348,0.735,1.3737,0.0787,1000.9233,constant_speed,12.18
1431002,0.08,0.0752,1.0968,2.7912,-2.6775,0.1838,1000.925,constant_speed,12.24
1431062,0.045,0.0337,1.011,4.4975,-1.1725,0.0437,1000.9392,constant_speed,12.3
1431122,-0.0223,0.1,0.8765,-1.1725,-2.2925,0.385,1000.9265,constant_speed,12.36
1431182,-0.0137,-0.0334,0.9272,0.91,0.1925,0.3938,1000.915,constant_speed,12.42
1431242,0.0034,0.055,0.9389,2.3363,-2.135,0.2713,1000.9297,constant_speed,12.48
1431302,0.0417,0.0163,1.0941,0.4812,1.6537,-0.0962,1000.9509,constant_speed,12.54
1431362,0.0614,-0.0412,0.9785,-1.6712,0.3762,0.0962,1000.96,constant_speed,12.6
1431422,0.128,0.0287,1.1148,1.5662,0.0262,0.4288,1000.9507,constant_speed,12.66
1431482,0.0203,0.0954,0.9013,2.555,-0.0175,0.6125,1000.9529,constant_speed,12.72
1431542,-0.0325,-0.0132,0.8869,-1.7675,0.7437,0.5688,1000.9475,constant_speed,12.78
1431602,0.0224,0.0032,1.0224,0.945,-0.455,0.63,1000.9548,constant_speed,12.84
1431662,0.1398,0.0312,1.1895,1.1025,1.5662,0.3237,1000.9324,constant_speed,12.9
1431722,0.0022,0.0983,1.002,-1.8987,1.6537,-0.0262,1000.9443,constant_speed,12.96
1431782,0.0032,-0.0434,0.987,1.12,-0.105,0.4375,1000.9446,constant_speed,13.02
1431842,0.011,0.0461,0.9623,-1.47,-0.5688,-0.0787,1000.9426,constant_speed,13.08
1431902,-0.0202,0.1044,0.9008,-0.7613,1.3913,0.5425,1000.9631,constant_speed,13.14
1431962,0.0293,0.1625,0.9503,2.2662,1.2862,0.1663,1000.9587,constant_speed,13.2
1432022,0.1222,0.07,1.1206,-1.33,1.89,0.385,1000.9331,constant_speed,13.26
1432082,0.0681,0.1149,1.0402,0.7262,-1.4175,0.5075,1000.9478,constant_speed,13.32
1432142,0.0488,0.0598,1.0526,-0.1575,-0.9187,1.085,1000.949,constant_speed,13.38
1432202,0.0185,-0.1032,0.9021,-0.4025,-0.665,0.455,1000.9697,constant_speed,13.44
1432262,0.0331,0.1562,1.0858,0.945,2.6688,0.5163,1000.9612,constant_speed,13.5
1432322,-0.0184,0.0349,0.9177,-1.1025,0.4462,0.07,1000.9712,constant_speed,13.56
1432382,0.0167,-0.0344,0.9138,-0.6825,0.7088,-0.2537,1000.9678,constant_speed,13.62
1432442,0.1327,0.0565,1.0368,2.66,0.7613,0.5425,1000.9734,constant_speed,13.68
1432502,0.0549,0.0268,1.1361,0.7613,0.3675,0.595,1000.9619,constant_speed,13.74
1432562,-0.0278,-0.0544,0.8441,0.4462,-1.6363,0.2188,1000.9614,constant_speed,13.8
1432622,0.0742,0.0104,1.1317,-2.205,1.575,0.8313,1000.9539,constant_speed,13.86
1432682,-0.0731,0.0374,1.0258,-1.8025,3.8325,0.3063,1000.9707,constant_speed,13.92
1432742,0.0827,0.0247,1.1493,-1.4,4.0862,-0.315,1000.9534,constant_speed,13.98
1432802,-0.0566,-0.0745,0.8474,-3.8063,1.96,0.3325,1000.957,constant_speed,14.04
1432862,0.0366,-0.0644,1.1151,-1.085,1.5925,0.385,1000.9539,constant_speed,14.1
1432922,-0.061,-0.0907,0.9594,0.9362,-0.7,0.0962,1000.9634,constant_speed,14.16
1432982,0.1288,0.0868,1.0304,1.1638,-1.33,0.3762,1000.958,constant_speed,14.22
1433042,-0.0495,-0.0012,0.8852,0.875,1.2075,0.1312,1000.937,constant_speed,14.28
1433102,-0.0234,0.0308,0.9738,0.5163,0.1838,-0.2975,1000.9373,constant_speed,14.34
1433162,0.0326,-0.0135,0.8808,2.415,-2.5375,0.4025,1000.9397,constant_speed,14.4
1433222,0.0434,0.1196,1.1179,-1.015,-0.6825,-0.0175,1000.9382,constant_speed,14.46
1433282,0.0163,-0.0166,0.9445,-2.6512,0.7088,0.0175,1000.9468,constant_speed,14.52
1433342,0.1147,0.0935,1.2093,2.66,0.7,-0.0787,1000.9448,constant_speed,14.58
1433402,-0.1105,0.0,0.9465,1.785,-2.8175,0.3063,1000.9507,constant_speed,14.64
1433462,-0.0388,0.0609,0.8868,-0.4725,-0.2013,0.3587,1000.9497,constant_speed,14.7
1433522,-0.0481,-0.0383,0.8764,-1.5575,0.5775,0.2537,1000.9482,constant_speed,14.76
1433582,0.0626,0.0683,1.0519,1.33,2.5638,0.7962,1000.9536,constant_speed,14.82
1433642,0.0568,0.1074,0.9814,0.6037,2.905,-0.2625,1000.9551,constant_speed,14.88
1433702,0.1205,0.0529,1.0619,0.9887,-2.2925,0.6212,1000.9578,constant_speed,14.94
1433762,0.0329,0.0464,1.0777,-0.2013,0.6212,0.1663,1000.9678,constant_speed,15.0
1433822,-0.0674,-0.0386,0.8836,-1.4875,3.4213,0.315,1000.98,constant_speed,15.06
1433882,-0.0478,-0.008,0.8276,-0.2625,-1.3212,0.245,1000.9736,constant_speed,15.12
1433942,0.0375,-0.0057,1.0882,-1.2687,1.6625,-0.0088,1001.0066,constant_speed,15.18
1434002,0.0545,0.0615,1.1364,-1.5225,1.6537,0.3237,1000.9758,constant_speed,15.24
1434062,0.0791,0.11,1.1168,0.4288,-0.9275,0.3762,1000.9907,constant_speed,15.3
1434122,0.017,-0.0364,0.968,0.3587,-1.4525,0.5863,1001.0063,constant_speed,15.36
1434182,0.0583,0.1632,0.9194,2.7825,-0.4638,0.7613,1001.011,constant_speed,15.42
1434242,0.0137,0.0417,0.9393,-1.7325,1.4875,-0.3325,1001.0076,constant_speed,15.48
1434302,0.0118,-0.1698,0.9485,-1.3563,-1.0412,-0.2537,1001.0054,constant_speed,15.54
1434362,0.1578,0.1277,1.2672,1.225,2.2313,-0.0437,1000.9915,constant_speed,15.6
1434422,-0.0493,0.012,0.9493,1.4963,1.9425,-0.4288,1001.0088,constant_speed,15.66
1434482,0.0256,0.0983,1.0443,0.3063,-0.07,0.0613,1001.0012,constant_speed,15.72
1434542,-0.0287,-0.1235,0.9378,-0.0175,-0.8662,-0.2275,1001.0093,constant_speed,15.78
1434602,0.0495,0.1576,1.0272,2.3712,-0.3063,-0.1312,1001.0212,constant_speed,15.84
1434662,0.0174,0.0662,0.9948,1.0412,0.91,-0.1925,1001.0315,constant_speed,15.9
1434722,-0.026,-0.033,0.8786,-3.5963,1.26,0.5775,1001.0181,constant_speed,15.96
1434782,0.0822,-0.0271,1.0826,2.1088,-1.3825,0.2275,1001.0081,constant_speed,16.02
1434842,0.0988,0.1227,1.1122,2.3012,-2.1788,0.4462,1001.0149,constant_speed,16.08
1434902,-0.0709,-0.0525,0.9728,3.9637,-2.9488,0.2275,1001.0208,constant_speed,16.14
1434962,0.0437,0.0759,1.0794,0.805,1.4,-0.455,1001.0061,constant_speed,16.2
1435022,-0.0164,-0.0449,0.9803,1.715,2.8,-0.2625,1001.0151,constant_speed,16.26
1435082,0.0454,0.0562,1.0782,-0.0613,-0.7525,0.3237,1001.0068,constant_speed,16.32
1435142,0.082,0.1198,1.1227,-0.6388,1.4612,0.2362,1001.0203,constant_speed,16.38
1435202,-0.03,0.0653,0.9019,1.4088,-2.2313,0.0175,1001.0164,constant_speed,16.44
1435262,-0.0365,-0.1159,0.8299,-2.59,1.7062,-0.035,1001.0259,constant_speed,16.5
1435322,0.0572,0.0883,1.0249,2.8263,-0.2362,0.385,1001.0388,constant_speed,16.56
1435382,-0.0103,0.0121,0.7791,-2.905,2.3363,-0.6125,1001.0256,constant_speed,16.62
1435442,0.0295,-0.0586,1.0033,1.33,-1.785,-0.175,1001.0227,constant_speed,16.68
1435502,-0.0812,-0.0171,0.7776,2.9225,2.0912,-0.63,1001.0212,constant_speed,16.74
1435562,0.0138,0.0675,0.9389,-1.4875,0.9187,-0.1838,1001.0244,constant_speed,16.8
1435622,0.1319,-0.0143,1.1002,0.175,6.9738,0.28,1000.988,constant_speed,16.86
1435682,-0.0833,-0.0351,0.9093,0.035,-3.4037,-0.6475,1000.9841,constant_speed,16.92
1435742,-0.0037,-0.0484,1.1512,-2.1613,1.5662,0.0787,1000.9663,constant_speed,16.98
1435802,-0.0083,0.225,0.8581,3.36,-2.3275,1.3825,1000.9766,constant_speed,17.04
1435862,0.0837,-0.0351,0.9479,-4.0862,0.4025,0.4462,1000.9785,constant_speed,17.1
1435922,0.0381,0.0883,0.9995,1.715,-2.0825,0.805,1000.9688,constant_speed,17.16
1435982,0.1518,0.1825,1.0768,0.8138,0.9362,0.9362,1000.9905,constant_speed,17.22
1436042,0.1354,0.0142,1.016,0.5688,-0.805,0.105,1000.9692,constant_speed,17.28
1436102,0.043,0.2225,0.8857,-0.4725,1.2513,0.3237,1000.9541,constant_speed,17.34
1436162,0.0781,0.0844,0.9894,-1.9775,-1.6187,0.1488,1000.9595,constant_speed,17.4
1436222,0.1332,0.2094,1.178,5.0662,0.7437,1.0588,1000.9575,constant_speed,17.46
1436282,-0.0929,0.091,0.8245,-1.6625,2.695,-0.1663,1000.9634,constant_speed,17.52
1436342,-0.0242,-0.077,0.8402,-1.1812,-3.1063,-0.5425,1000.9614,constant_speed,17.58
1436402,0.0573,0.0608,1.0165,-0.7,1.0237,0.2362,1000.9634,constant_speed,17.64
1436462,0.1184,0.1635,1.1326,6.2387,-2.135,-0.175,1000.9407,constant_speed,17.7
1436522,0.0734,0.1857,1.1017,4.5325,0.525,-0.28,1000.9172,constant_speed,17.76
1436582,0.1291,0.1047,0.9902,0.7437,-2.1437,0.6737,1000.9248,constant_speed,17.82
1436642,0.0354,0.029,0.9477,-1.7763,3.1588,-0.0175,1000.9099,constant_speed,17.88
1436702,-0.0032,0.0398,1.0297,2.3363,2.485,-0.1838,1000.9368,constant_speed,17.94
1436762,-0.0481,-0.0659,0.9513,-0.315,1.7763,0.49,1000.9233,constant_speed,18.0
1436822,-0.0295,0.1459,0.9728,0.9362,0.14,0.1138,1000.9194,constant_speed,18.06
1436882,-0.0317,-0.2106,0.8129,-1.0938,-4.0687,0.8575,1000.9285,constant_speed,18.12
1436942,0.0833,0.0886,1.086,0.63,2.9838,-0.1225,1000.9197,constant_speed,18.18
1437002,-0.042,0.0005,0.7721,-2.38,-0.6562,-0.595,1000.9092,constant_speed,18.24
1437062,-0.1832,-0.0954,0.792,-3.0187,5.6962,-1.0063,1000.9138,constant_speed,18.3
1437122,0.0762,0.0412,1.1251,-3.0275,-4.8913,2.3712,1000.9062,constant_speed,18.36
1437182,-0.0976,-0.0332,0.8082,4.0075,-1.8025,-0.2013,1000.9216,constant_speed,18.42
1437242,0.1684,0.0284,0.9999,3.7887,1.1113,-0.5337,1000.9189,constant_speed,18.48
1437302,0.0264,0.1606,0.837,-2.4413,-0.2975,1.4262,1000.9199,constant_speed,18.54
1437362,0.0032,0.0899,1.2517,1.4612,0.9187,0.525,1000.9163,constant_speed,18.6
1437422,0.072,0.0398,1.049,1.1025,-0.6825,0.07,1000.9502,constant_speed,18.66
1437482,0.0554,0.0239,0.9604,0.0613,-4.4887,0.28,1000.9268,constant_speed,18.72
1437542,0.0722,0.113,1.0612,-1.9512,-1.9775,0.5512,1000.9417,constant_speed,18.78
1437602,-0.0117,-0.0434,0.9692,-0.1312,-0.7437,0.2713,1000.9456,constant_speed,18.84
1437662,-0.0014,-0.0265,0.9352,1.7675,-1.9775,0.455,1000.9373,constant_speed,18.9
1437722,0.0337,-0.0185,0.9545,0.6125,-1.5925,-0.1312,1000.9595,constant_speed,18.96
1437782,-0.0146,0.0034,0.9538,1.7763,-0.5512,0.2013,1000.9214,constant_speed,19.02
1437842,0.052,0.1224,1.0335,1.47,-1.0588,0.3675,1000.9187,constant_speed,19.08
1437902,-0.01,0.0301,0.9231,-3.3512,1.3388,0.525,1000.9255,constant_speed,19.14
1437962,0.0654,0.0386,1.087,1.0237,1.4612,0.2537,1000.9304,constant_speed,19.2
1438022,0.0307,0.0447,0.9672,0.5163,-2.1437,0.6913,1000.9307,constant_speed,19.26
1438082,-0.0096,-0.0418,0.9695,1.1463,-1.1287,0.2275,1000.9517,constant_speed,19.32
1438142,0.0722,0.0024,1.0294,-1.4875,4.8038,0.8925,1000.9329,constant_speed,19.38
1438202,-0.0321,0.0411,1.0033,-1.3563,0.3938,-0.2625,1000.9255,constant_speed,19.44
1438262,-0.0685,-0.103,0.8899,0.7437,-2.3975,-0.1138,1000.9431,constant_speed,19.5
1438322,0.023,0.001,1.0177,1.0325,-2.1525,0.63,1000.9561,constant_speed,19.56
1438382,0.0836,0.0273,0.962,0.2625,1.19,0.35,1000.9199,constant_speed,19.62
1438442,0.0615,0.0695,0.9731,0.7525,0.9975,0.1488,1000.925,constant_speed,19.68
1438502,0.0081,-0.0052,1.0101,0.6212,-2.2313,0.3675,1000.9377,constant_speed,19.74
1438562,-0.0849,-0.0396,0.8269,3.7713,0.35,0.5863,1000.9182,constant_speed,19.8
1438622,0.111,0.0969,0.9899,2.8525,-4.6813,0.7088,1000.9165,constant_speed,19.86
1438682,-0.1154,-0.0853,0.734,1.365,-3.7975,0.8313,1000.9082,constant_speed,19.92
1438742,0.0996,0.1538,1.067,0.4288,-1.575,0.2975,1000.9385,constant_speed,19.98
1438802,-0.0625,0.1462,0.8316,-2.03,1.4787,0.4375,1000.9119,constant_speed,20.04
1438862,-0.0051,0.0292,0.954,-2.625,-1.085,-0.4462,1000.9114,constant_speed,20.1
1438922,0.0329,-0.1391,0.8601,-1.1638,3.4037,0.0787,1000.9192,constant_speed,20.16
1438982,0.0461,0.1671,1.2093,3.1937,3.8412,-0.07,1000.9277,constant_speed,20.22
1439042,0.0661,0.0215,1.3342,0.525,8.8112,-0.14,1000.9189,constant_speed,20.28
1439102,0.0522,0.1174,1.1436,5.6875,5.4338,1.1638,1000.946,constant_speed,20.34
1439162,0.0553,0.1259,1.1269,3.0625,1.3563,-0.21,1000.9131,constant_speed,20.4
1439222,0.0059,0.0441,1.1517,3.5525,-2.2313,0.2537,1000.9421,constant_speed,20.46
1439282,-0.0275,0.0886,0.671,-3.395,-5.8012,0.3237,1000.9402,constant_speed,20.52
1439342,-0.0081,0.0088,0.7588,-1.4875,-7.2275,0.6913,1000.9424,constant_speed,20.58
1439402,0.1459,0.0825,1.0302,5.2238,0.0613,-0.35,1000.917,constant_speed,20.64
1439462,-0.0179,-0.0366,0.9199,4.9175,3.0363,0.14,1000.9304,constant_speed,20.7
1439522,-0.021,0.1777,0.8718,1.1287,2.1962,-0.035,1000.9365,constant_speed,20.76
1439582,0.0218,0.0863,0.9792,-0.5775,-2.1875,0.42,1000.95,constant_speed,20.82
1439642,0.0698,-0.0539,1.0114,2.3363,-1.9688,0.1225,1000.9612,constant_speed,20.88
1439702,0.0487,0.0131,0.825,4.2438,-1.4875,-0.665,1000.9551,constant_speed,20.94
1439762,0.0761,0.1262,1.0218,0.21,0.6212,-0.1663,1000.9504,constant_speed,21.0
1439822,0.0283,0.1784,1.0314,-2.0213,3.57,0.4025,1000.9617,constant_speed,21.06
1439882,0.0281,-0.0279,0.924,-9.3013,-1.645,0.4725,1000.9502,constant_speed,21.12
1439942,0.0439,0.0728,0.8689,-2.6425,2.5375,0.0,1000.9526,constant_speed,21.18
1440002,0.0476,-0.0349,0.936,0.3325,2.695,0.1225,1000.9451,constant_speed,21.24
1440062,0.1416,0.1645,1.0624,-1.2862,1.0325,-0.035,1000.9233,constant_speed,21.3
1440122,-0.0583,0.1,1.0277,-0.1138,5.1887,0.3587,1000.9419,constant_speed,21.36
1440182,-0.0578,0.0505,0.9601,0.0875,-0.4375,0.8662,1000.9353,constant_speed,21.42
1440242,0.0108,-0.1147,0.8875,-1.085,-2.31,-0.3762,1000.9258,constant_speed,21.48
1440302,-0.0302,0.0278,0.9345,4.8475,0.6475,-0.0613,1000.9358,constant_speed,21.54
1440362,0.1568,0.1437,1.1117,2.0475,-3.4825,0.2713,1000.938,constant_speed,21.6
1440422,-0.0119,0.0127,1.0746,1.435,-1.75,0.0088,1000.9451,constant_speed,21.66
1440482,0.0217,0.116,0.907,0.1575,-0.4288,0.2013,1000.9309,constant_speed,21.72
1440542,-0.0626,-0.0323,0.8825,-0.5688,-0.3938,0.0437,1000.949,constant_speed,21.78
1440602,-0.0601,-0.0086,0.8311,-7.49,-4.7425,-1.0675,1000.9348,constant_speed,21.84
1440662,0.1051,-0.0188,1.0716,-3.4562,-3.2638,1.4,1000.9346,constant_speed,21.9
1440722,0.0605,-0.031,1.0363,-2.5025,0.9625,0.14,1000.9111,constant_speed,21.96
1440782,-0.091,0.0522,0.9499,-2.4762,2.9225,0.8662,1000.9253,constant_speed,22.02
1440842,-0.1508,-0.1366,0.7426,-1.4088,0.2362,0.21,1000.9255,constant_speed,22.08
1440902,0.0015,0.1828,1.0677,-0.07,-0.035,0.9362,1000.9316,constant_speed,22.14
1440962,-0.0154,0.0449,0.886,-0.56,-1.26,0.4375,1000.9165,constant_speed,22.2
1441022,0.0354,0.0093,1.0533,-0.7962,1.645,-0.4025,1000.9319,constant_speed,22.26
1441082,0.028,-0.0021,1.0072,-0.9538,1.1988,0.1488,1000.9346,constant_speed,22.32
1441142,0.0203,-0.0217,0.9267,0.455,0.2275,0.2887,1000.9077,constant_speed,22.38
1441202,-0.0329,-0.0183,0.9975,1.75,-0.8225,0.3587,1000.9294,constant_speed,22.44
1441262,0.0017,0.1174,0.9719,1.1375,-0.0262,0.0525,1000.9358,constant_speed,22.5
1441322,0.0473,-0.0059,0.9408,0.1488,-0.4725,0.4025,1000.9143,constant_speed,22.56
1441382,0.0678,0.1281,1.1592,1.3038,0.7262,-0.2013,1000.926,constant_speed,22.62
1441442,-0.0412,0.0802,0.9664,0.2537,-3.1588,0.3237,1000.9402,constant_speed,22.68
1441502,0.0337,0.0827,1.0031,0.2713,-0.3587,-0.2362,1000.9355,constant_speed,22.74
1441562,0.1261,0.0324,1.1208,0.1488,-0.9362,0.2887,1000.9338,constant_speed,22.8
1441622,0.2205,0.2633,1.3624,-1.2687,-0.3325,0.5163,1000.9607,constant_speed,22.86
1441682,-0.104,0.2683,0.9257,0.7175,1.0762,-0.8925,1000.9539,constant_speed,22.92
1441742,-0.2508,0.0237,0.6412,-10.7625,-3.5438,-0.3587,1000.9365,constant_speed,22.98
1441802,-0.072,0.0193,0.5619,-0.6037,2.38,0.5163,1000.9319,constant_speed,23.04
1441862,0.1703,0.2408,1.3131,8.33,-2.2225,-0.0962,1000.9446,constant_speed,23.1
1441922,0.4526,0.6242,1.5677,-3.3512,5.8713,-4.4538,1000.946,constant_speed,23.16
1441982,0.3113,0.2155,1.3486,-11.3663,-12.355,-1.1463,1000.9399,constant_speed,23.22
1442042,0.0302,-0.6696,0.2281,0.1925,-17.6313,15.0063,1000.9246,constant_speed,23.28
1442102,0.4563,0.1303,1.6507,6.8775,1.05,2.1263,1000.9902,constant_speed,23.34
1442162,0.0342,0.3955,1.1429,10.7275,-8.6975,-1.0412,1000.9539,constant_speed,23.4
1442222,-0.0322,0.64,0.9035,-6.685,8.6538,-6.3,1000.9524,constant_speed,23.46
1442282,-0.0088,-0.354,0.7404,-6.9738,-3.395,4.4713,1000.9636,constant_speed,23.52
1442342,-0.2378,0.3941,0.7244,9.8875,-2.555,3.1325,1000.9456,constant_speed,23.58
1442402,0.0115,0.2862,0.5558,-6.4225,-9.6425,-6.5712,1000.9131,constant_speed,23.64
1442462,-0.0219,-0.3001,0.8365,-4.3663,6.7288,0.84,1000.9272,constant_speed,23.7
1442522,0.0594,-0.1679,0.8464,0.84,-3.9375,-0.5075,1000.9231,constant_speed,23.76
1442582,0.0359,-0.0024,0.9597,-0.4725,-2.17,0.5512,1000.9241,constant_speed,23.82
1442642,-0.0093,0.1591,1.3105,0.2625,9.4325,-0.2713,1000.9485,constant_speed,23.88
1442702,0.0942,-0.0007,1.0089,-2.52,3.1762,0.035,1000.9578,constant_speed,23.94
1442762,0.0479,0.0278,1.0519,-2.1525,1.6975,0.0962,1000.9561,constant_speed,24.0
1442822,0.0769,0.1138,1.0785,-0.07,-0.2013,0.2275,1000.9258,constant_speed,24.06
1442882,0.0342,0.0115,1.0084,-2.975,-1.5225,0.28,1000.8989,constant_speed,24.12
1442942,-0.0493,-0.0322,0.8206,-2.1263,3.3075,0.4375,1000.9336,constant_speed,24.18
1443002,0.0334,0.0676,1.1012,-1.1988,1.575,-0.42,1000.9048,constant_speed,24.24
1443062,-0.0248,-0.0517,0.8484,-1.19,-1.4963,0.35,1000.9292,constant_speed,24.3
1443122,-0.0529,-0.0634,0.7557,-0.5863,-0.455,0.6212,1000.9216,constant_speed,24.36
1443182,0.0517,-0.0041,1.0396,0.4812,-0.1488,-0.2362,1000.929,constant_speed,24.42
1443242,0.0717,0.0446,1.0385,-2.8263,2.4675,0.3587,1000.9219,constant_speed,24.48
1443302,-0.0012,-0.0168,0.8896,-1.6888,-2.9838,0.2537,1000.9226,constant_speed,24.54
1443362,-0.0879,-0.0176,0.6532,-0.7175,-2.3888,0.63,1000.8943,constant_speed,24.6
1443422,0.0429,0.062,0.997,1.0762,2.5375,-0.105,1000.9199,constant_speed,24.66
1443482,0.0528,-0.0237,0.9938,-0.7788,-1.995,-0.4375,1000.9224,constant_speed,24.72
1443542,-0.06,-0.1442,0.8833,-4.2263,1.4963,0.1838,1000.9392,constant_speed,24.78
1443602,-0.0478,0.0191,0.8855,4.06,-1.5137,-0.2625,1000.9312,constant_speed,24.84
1443662,-0.011,-0.0755,0.943,1.8288,0.0175,0.5775,1000.8667,constant_speed,24.9
1443722,0.0398,-0.0156,1.1153,2.205,-0.2537,0.4112,1000.9204,constant_speed,24.96
1443782,0.1225,0.0446,1.1102,1.2862,1.3038,0.8575,1000.9006,constant_speed,25.02
1443842,-0.0447,-0.0407,0.9016,-1.0588,-0.665,0.6825,1000.9246,constant_speed,25.08
1443902,-0.0802,-0.031,1.0551,1.3038,5.8187,-0.4725,1000.9226,constant_speed,25.14
1443962,0.0563,-0.0278,0.9775,-4.3575,2.1437,-0.2275,1000.9055,constant_speed,25.2
1444022,0.0569,-0.0681,1.0854,2.415,0.2362,0.3587,1000.9062,constant_speed,25.26
1444082,-0.0202,0.0783,0.9531,-0.8225,-1.0938,0.9625,1000.9045,constant_speed,25.32
1444142,-0.0369,-0.0705,0.8062,0.315,0.8487,0.9275,1000.9253,constant_speed,25.38
1444202,0.0364,0.0403,0.977,1.5137,1.1113,0.4725,1000.9197,constant_speed,25.44
1444262,0.0266,-0.0976,0.9648,2.5725,6.7812,0.7875,1000.9153,constant_speed,25.5
1444322,0.0103,0.1013,1.0538,0.5863,1.2862,0.5775,1000.9248,constant_speed,25.56
1444382,0.0056,-0.0996,0.946,-2.7562,-1.5662,0.0262,1000.9373,constant_speed,25.62
1444442,-0.059,-0.0614,0.8099,-4.7425,-0.6125,0.1925,1000.9226,constant_speed,25.68
1444502,0.0473,-0.1427,0.8408,1.0412,0.7788,-0.0175,1000.9246,constant_speed,25.74
1444562,0.0203,0.1066,0.9516,-0.6913,-1.0325,0.665,1000.9214,constant_speed,25.8
1444622,0.0404,-0.0391,0.9333,-3.3425,-1.575,0.7525,1000.9263,constant_speed,25.86
1444682,-0.0085,0.0513,1.0516,2.8,1.4612,0.315,1000.9219,constant_speed,25.92
1444742,0.0762,-0.2233,0.9611,-4.3225,0.3237,-0.1225,1000.9036,constant_speed,25.98
1444802,0.0473,-0.019,0.9079,-0.8838,-0.9275,0.98,1000.917,constant_speed,26.04
1444862,-0.206,0.0056,0.812,1.6187,-3.0275,0.5425,1000.9285,constant_speed,26.1
1444922,-0.0583,0.0098,0.8137,2.4413,-3.3338,0.1663,1000.9204,constant_speed,26.16
1444982,-0.0224,0.0168,1.011,4.1213,-2.66,0.1225,1000.9341,constant_speed,26.22
1445042,0.0312,0.0932,0.8354,-0.5163,-3.5175,0.4375,1000.9236,constant_speed,26.28
1445102,0.1967,0.0828,1.1871,4.7512,-0.245,0.2713,1000.9065,constant_speed,26.34
1445162,0.0437,0.133,1.0504,1.61,0.0262,0.2013,1000.9304,constant_speed,26.4
1445222,0.0246,-0.0571,0.8952,-0.7613,-0.4375,-0.0088,1000.9241,constant_speed,26.46
1445282,0.1252,-0.019,1.1761,2.73,1.365,-0.1575,1000.9353,constant_speed,26.52
1445342,0.0038,0.118,0.864,7.0175,-4.165,1.015,1000.9373,constant_speed,26.58
1445402,0.115,0.0208,1.1505,-0.0437,1.8288,-0.49,1000.9177,constant_speed,26.64
1445462,0.0052,0.0705,0.9446,-2.5812,2.9575,0.2975,1000.9263,constant_speed,26.7
1445522,0.0966,-0.0864,1.2595,-1.8112,-1.085,0.6913,1000.917,constant_speed,26.76
1445582,0.063,-0.0492,1.0184,3.4388,-4.8738,0.5863,1000.9424,constant_speed,26.82
1445642,-0.0646,0.07,0.6844,0.385,-2.0125,-0.0437,1000.9348,constant_speed,26.88
1445702,-0.0207,-0.1151,0.8645,0.7088,-1.0063,0.42,1000.9314,constant_speed,26.94
1445762,0.0269,0.0978,1.0433,4.3488,0.2013,0.2713,1000.9395,constant_speed,27.0
1445822,-0.041,-0.0249,0.774,0.6125,-4.0687,0.2362,1000.9131,constant_speed,27.06
1445882,0.0076,-0.1276,0.9348,1.9512,0.1925,0.4288,1000.9243,constant_speed,27.12
1445942,0.1607,0.1396,1.263,1.6975,-1.6013,0.5863,1000.9351,constant_speed,27.18
1446002,-0.0697,0.0108,1.036,3.6137,-0.07,0.1925,1000.9229,constant_speed,27.24
1446062,0.0383,0.029,1.1092,4.27,0.0,-0.07,1000.9399,constant_speed,27.3
1446122,0.002,-0.0235,0.8627,1.4088,-2.1788,0.56,1000.9185,constant_speed,27.36
1446182,0.1712,0.0051,1.2254,-0.77,5.5212,0.5075,1000.9124,constant_speed,27.42
1446242,0.2506,0.179,1.2212,0.0088,4.8738,0.35,1000.9097,constant_speed,27.48
1446302,-0.0381,0.1581,1.0711,-3.1937,3.5525,0.385,1000.9172,constant_speed,27.54
1446362,-0.1757,-0.0761,0.6447,-2.1788,0.7613,0.2188,1000.9412,constant_speed,27.6
1446422,0.1474,0.0686,1.2469,-2.0912,1.8288,-0.1925,1000.9353,constant_speed,27.66
1446482,0.0971,-0.1588,0.9132,-5.81,3.3512,0.1488,1000.9309,constant_speed,27.72
1446542,0.0213,0.0376,0.9521,6.5887,-1.1638,-1.1375,1000.9385,constant_speed,27.78
1446602,0.1163,0.0369,0.9569,-1.6363,-1.505,0.5337,1000.9377,constant_speed,27.84
1446662,0.1195,0.0343,1.1261,2.5375,0.7175,0.5512,1000.9478,constant_speed,27.9
1446722,-0.0478,0.0504,0.6731,-3.0363,1.9075,0.2975,1000.915,constant_speed,27.96
1446782,-0.0448,0.1054,1.026,-0.0088,-9.0037,1.6625,1000.9524,constant_speed,28.02
1446842,-0.0081,-0.0622,1.021,1.6275,2.4588,0.805,1000.938,constant_speed,28.08
1446902,0.0744,0.0715,1.2238,0.0962,1.4088,-0.2887,1000.9351,constant_speed,28.14
1446962,0.0588,-0.0073,1.0236,-5.6962,1.26,0.8838,1000.9067,constant_speed,28.2
1447022,-0.1135,-0.1365,0.8975,-2.9575,-0.5163,0.9187,1000.9187,constant_speed,28.26
1447082,-0.0442,0.0102,0.9869,-0.8662,0.1138,0.0875,1000.9194,constant_speed,28.32
1447142,0.0693,0.1223,1.145,-5.4862,-0.7875,0.7962,1000.9441,constant_speed,28.38
1447202,0.059,-0.0127,1.1195,-1.3212,2.7387,-0.35,1000.9087,constant_speed,28.44
1447262,-0.0481,0.0461,0.9889,1.96,-4.3663,-0.0437,1000.9253,constant_speed,28.5
1447322,0.0181,-0.1511,0.9272,-1.8637,-0.9362,0.7613,1000.9126,constant_speed,28.56
1447382,-0.0356,0.0373,0.9919,2.065,-1.6013,0.0787,1000.916,constant_speed,28.62
1447442,0.0611,-0.0198,0.9282,-0.4638,1.61,-0.35,1000.9014,constant_speed,28.68
1447502,0.0958,-0.041,1.077,0.5512,-1.0063,0.665,1000.9294,constant_speed,28.74
1447562,0.1252,0.2048,1.1775,-0.5688,1.8637,0.105,1000.925,constant_speed,28.8
1447622,0.092,0.0383,1.0374,0.98,-2.73,0.875,1000.9197,constant_speed,28.86
1447682,0.0695,-0.0593,1.0431,4.1737,-3.955,0.4462,1000.9424,constant_speed,28.92
1447742,-0.0541,0.1518,0.8572,3.7625,-1.785,0.7437,1000.9084,constant_speed,28.98
1447802,0.0822,-0.2136,1.2703,-2.8612,4.2,-0.5337,1000.9053,constant_speed,29.04
1447862,-0.0908,-0.1837,0.8009,-5.0487,5.1188,0.6913,1000.9033,constant_speed,29.1
1447922,-0.0337,0.0323,0.8545,-1.7237,-2.2225,1.3737,1000.8972,constant_speed,29.16
1447982,-0.0693,-0.0353,0.8398,-6.9563,0.5775,0.175,1000.8879,constant_speed,29.22
1448042,0.0061,0.2295,1.0368,-2.8963,1.9512,-0.0525,1000.8848,constant_speed,29.28
1448102,0.0,0.002,0.8118,-0.4638,-3.8063,-0.14,1000.897,constant_speed,29.34
1448162,0.1795,0.0593,1.2866,0.9187,0.0962,-0.1663,1000.8831,constant_speed,29.4
1448222,0.0185,0.058,0.9089,-1.4,2.1788,-0.0962,1000.8794,constant_speed,29.46
1448282,-0.0781,-0.1501,0.8247,1.6625,-3.0363,-0.1225,1000.8992,constant_speed,29.52
1448342,0.0034,0.1154,0.9724,-0.245,0.805,0.6737,1000.8767,constant_speed,29.58
1448402,-0.0134,-0.0509,0.9447,4.9963,-0.7437,-0.315,1000.926,constant_speed,29.64
1448462,-0.0729,0.0966,0.9186,2.6163,2.5375,-0.6037,1000.8701,constant_speed,29.7
1448522,0.1222,-0.0297,1.0336,-2.2838,2.4413,-0.595,1000.8933,constant_speed,29.76
1448582,0.091,0.0795,1.0644,-0.945,-1.61,-0.14,1000.9038,constant_speed,29.82
1448642,0.0281,0.1186,1.0679,0.42,-0.4638,0.9187,1000.8972,constant_speed,29.88
1448702,-0.0425,-0.1057,0.9631,-1.0325,0.3413,-0.7613,1000.897,constant_speed,29.94
1448762,-0.0085,0.0076,0.7786,-2.6775,1.4525,-0.3237,1000.8867,constant_speed,30.0
1448822,0.0251,-0.091,0.9335,0.7262,-1.6013,0.5075,1000.8933,constant_speed,30.06
1448882,-0.0234,0.0768,1.0109,0.4112,-0.9712,-0.175,1000.8911,constant_speed,30.12
1448942,0.1044,-0.0667,1.0663,-1.7237,-3.3075,0.3325,1000.8938,constant_speed,30.18
1449002,-0.049,-0.1014,0.7581,-3.3775,-1.6975,-0.0175,1000.8948,constant_speed,30.24
1449062,-0.0264,-0.0423,0.96,-0.805,-3.1937,0.8225,1000.8938,constant_speed,30.3
1449122,0.0444,0.0328,1.0409,-3.5175,0.2275,0.3413,1000.8989,constant_speed,30.36
1449182,-0.0617,0.0278,0.8821,-2.0038,2.4062,-0.0787,1000.8894,constant_speed,30.42
1449242,0.0417,-0.0634,1.0561,-2.7562,1.6712,-0.1138,1000.8696,constant_speed,30.48
1449302,0.0881,0.0651,1.1985,0.1838,2.8438,0.77,1000.8606,constant_speed,30.54
1449362,-0.0161,-0.0692,1.0545,0.14,0.7875,0.4725,1000.8545,constant_speed,30.6
1449422,0.0603,-0.0027,1.0856,-3.2287,2.2575,0.3237,1000.8782,constant_speed,30.66
1449482,0.0243,0.08,0.9909,-0.6737,1.155,0.6125,1000.873,constant_speed,30.72
1449542,0.0169,-0.0557,1.1073,1.5225,0.8838,0.63,1000.8743,constant_speed,30.78
1449602,0.0473,-0.0092,0.9805,-4.5413,-2.205,0.2713,1000.8721,constant_speed,30.84
1449662,0.0661,0.0822,0.9823,-1.8813,0.5688,-0.5075,1000.8645,constant_speed,30.9
1449722,0.07,0.0523,0.9728,-2.3712,-0.595,0.245,1000.8608,constant_speed,30.96
1449782,0.0381,-0.0669,0.9523,-2.1175,-0.5425,-0.3325,1000.8748,constant_speed,31.02
1449842,-0.2223,-0.1347,0.7915,3.9813,-0.35,0.2625,1000.8738,constant_speed,31.08
1449902,0.0222,0.0046,0.9069,1.1113,-2.4762,-0.175,1000.8398,constant_speed,31.14
1449962,-0.0696,-0.0319,0.8625,2.31,-2.625,-0.2713,1000.8765,constant_speed,31.2
1450022,-0.0625,-0.2578,0.9384,1.7763,6.405,-1.89,1000.8567,constant_speed,31.26
1450082,0.1152,0.1219,1.2781,-1.9775,6.265,0.5775,1000.8518,constant_speed,31.32
1450142,-0.0027,-0.0024,1.0431,3.8675,0.2013,1.085,1000.865,constant_speed,31.38
1450202,-0.0188,0.0303,1.1057,4.0512,2.6512,0.0088,1000.8928,constant_speed,31.44
1450262,-0.0708,-0.157,0.8685,-0.5425,5.6087,-0.6037,1000.9197,constant_speed,31.5
1450322,-0.2054,-0.4798,0.7325,-2.45,-2.0475,1.6187,1000.8938,constant_speed,31.56
1450382,-0.1286,0.0687,1.0814,2.87,3.92,0.4112,1000.907,constant_speed,31.62
1450442,-0.1191,-0.3037,0.9142,-1.4438,0.1488,0.1925,1000.9211,constant_speed,31.68
1450502,0.181,-0.0159,1.2673,0.8138,-5.53,0.7962,1000.9138,constant_speed,31.74
1450562,0.0775,-0.0417,1.1809,6.3875,2.8963,0.6212,1000.9192,constant_speed,31.8
1450622,-0.1144,-0.0193,0.6781,0.945,3.3163,0.0962,1000.9111,constant_speed,31.86
1450682,0.062,0.2148,1.1944,1.1812,2.4237,2.205,1000.9189,constant_speed,31.92
1450742,-0.0891,-0.2433,1.0568,2.0213,-0.49,0.8575,1000.9155,constant_speed,31.98
1450802,-0.0029,-0.167,1.1236,4.2962,-1.9775,0.7613,1000.9036,constant_speed,32.04
1450862,0.088,-0.0953,1.094,-3.8238,3.22,1.8375,1000.8738,constant_speed,32.1
1450922,0.0678,-0.002,0.8932,3.36,-4.9175,-0.0525,1000.8945,constant_speed,32.16
1450982,0.1303,-0.0851,1.18,-0.7,-1.365,0.5775,1000.8989,constant_speed,32.22
1451042,0.1199,0.0676,1.2115,0.875,6.3962,1.1725,1000.8962,constant_speed,32.28
1451102,-0.0066,0.0476,1.0163,-1.2513,-2.9488,0.105,1000.8765,constant_speed,32.34
1451162,0.0839,-0.0897,0.9889,-4.9088,-7.91,1.4612,1000.9163,constant_speed,32.4
1451222,-0.1512,-0.1025,0.5691,-3.2812,-3.2375,0.875,1000.929,constant_speed,32.46
1451282,-0.3814,-0.0878,0.6883,4.97,-6.3175,1.5488,1000.9165,constant_speed,32.52
1451342,-0.2571,0.089,0.5383,5.3025,-3.6837,-2.24,1000.8979,constant_speed,32.58
1451402,0.1444,0.1381,1.2508,-1.5662,5.8187,1.2862,1000.8799,constant_speed,32.64
1451462,0.0367,-0.1923,1.2061,-4.165,5.2937,0.5863,1000.9026,constant_speed,32.7
1451522,0.1432,-0.1478,1.1615,3.4738,6.6937,0.1225,1000.8909,constant_speed,32.76
1451582,0.0023,-0.0285,1.0817,0.8138,3.08,0.0613,1000.8789,constant_speed,32.82
1451642,-0.0154,0.1142,0.9469,1.4175,-0.3063,0.2188,1000.9026,constant_speed,32.88
1451702,0.0929,-0.0522,1.2278,0.4638,2.94,0.0088,1000.9043,constant_speed,32.94
1451762,-0.0268,-0.029,0.9379,1.1463,-0.6475,0.7437,1000.9031,constant_speed,33.0
1451822,0.1186,0.1349,1.2934,-2.0387,-1.715,0.2188,1000.9031,constant_speed,33.06
1451882,0.0127,-0.0206,0.9887,-0.49,1.33,0.0875,1000.8975,constant_speed,33.12
1451942,0.05,-0.0102,0.999,-0.9538,0.2275,-0.7613,1000.9121,constant_speed,33.18
1452002,-0.1625,-0.242,0.7669,-2.6425,3.7713,-0.595,1000.9028,constant_speed,33.24
1452062,0.1022,-0.0847,0.9687,-1.5137,-2.3537,0.5863,1000.9031,constant_speed,33.3
1452122,0.0163,0.0925,1.0475,-2.9137,0.35,0.7613,1000.8955,constant_speed,33.36
1452182,-0.0903,-0.2639,0.9293,-3.9375,1.6625,-0.035,1000.9031,constant_speed,33.42
1452242,-0.1459,-0.0473,0.7554,-1.1113,1.1113,-0.1838,1000.8867,constant_speed,33.48
1452302,0.0913,0.0422,1.0266,-1.505,-1.89,1.155,1000.8804,constant_speed,33.54
1452362,-0.0378,0.0385,0.9511,2.2662,3.7625,0.3762,1000.8909,constant_speed,33.6
1452422,0.0807,-0.0788,1.0421,2.7125,1.33,0.1312,1000.864,constant_speed,33.66
1452482,0.1427,-0.1462,1.1361,2.555,-5.53,0.07,1000.9092,constant_speed,33.72
1452542,0.1167,0.0115,1.0905,-1.575,0.6212,0.665,1000.8999,constant_speed,33.78
1452602,0.0162,0.0766,0.9594,0.35,0.7,0.3063,1000.915,constant_speed,33.84
1452662,0.1127,-0.1134,1.0692,-0.6037,-4.76,0.1488,1000.9124,constant_speed,33.9
1452722,0.031,-0.0002,1.0272,-0.4638,3.045,0.4988,1000.8962,constant_speed,33.96
1452782,-0.2033,-0.1781,0.6259,2.7387,1.155,-1.9775,1000.8914,constant_speed,34.02
1452842,0.0966,-0.1174,1.0141,-3.9113,-2.9575,0.9013,1000.8748,constant_speed,34.08
1452902,0.1576,0.1557,1.3311,1.5838,4.5675,1.33,1000.8987,constant_speed,34.14
1452962,-0.0431,0.0078,1.0387,-2.1088,4.8825,0.2625,1000.9165,constant_speed,34.2
1453022,-0.1283,-0.0905,1.0045,0.4725,3.675,0.3063,1000.894,constant_speed,34.26
1453082,0.111,-0.0905,1.2796,2.3975,2.7213,0.7262,1000.9014,constant_speed,34.32
4320062,0.092,0.0034,0.9968,0.9538,-1.9688,-0.0175,996.9973,constant_speed,2901.3
4320122,0.0074,-0.1227,1.0275,0.1838,-0.98,0.875,996.9263,constant_speed,2901.36
4320182,0.0485,0.0647,1.046,0.4638,0.525,-0.035,996.9165,constant_speed,2901.42
4320242,0.0371,-0.0698,1.0002,1.3038,-0.6388,0.0525,996.9497,constant_speed,2901.48
4320302,0.01,-0.0779,1.0738,0.805,-1.3125,1.4088,996.9185,constant_speed,2901.54
4320362,0.0605,0.0744,1.1625,0.735,-1.645,0.3325,997.0293,constant_speed,2901.6
4320422,0.0168,-0.0052,0.9685,1.4262,1.3212,-0.1138,997.051,constant_speed,2901.66
4320482,0.0342,-0.0614,0.8768,-0.5688,-2.1175,0.7437,997.0015,constant_speed,2901.72
4320542,-0.0167,0.0142,0.9065,-1.7763,-0.9625,0.49,996.9766,constant_speed,2901.78
4320602,0.0492,-0.0422,1.1682,2.1613,0.3325,-0.0175,996.9275,constant_speed,2901.84
4320662,0.071,0.0076,1.0343,0.5863,-3.3863,1.1725,996.938,constant_speed,2901.9
4320722,0.0253,0.0481,1.0038,-0.7262,-0.5075,0.35,996.9578,constant_speed,2901.96
4320782,0.0368,-0.0247,1.0912,1.995,2.7475,-0.21,996.9006,constant_speed,2902.02
4320842,0.0306,-0.0795,0.9929,0.8138,-0.385,0.6475,996.8923,constant_speed,2902.08
4320902,-0.0229,0.0346,0.9631,0.3938,-0.42,0.7088,996.9299,constant_speed,2902.14
4320962,0.022,-0.0078,0.9701,1.6013,-3.3863,0.21,996.8125,constant_speed,2902.2
4321022,0.0564,-0.0045,1.0511,0.3762,-0.2275,0.735,996.7542,constant_speed,2902.26
4321082,-0.0403,-0.0117,0.8526,-1.3913,2.6337,0.455,996.8296,constant_speed,2902.32
4321142,-0.0354,-0.0146,0.8644,0.4025,0.63,-0.1312,996.731,constant_speed,2902.38
4321202,0.0239,-0.0483,0.9587,2.3975,-0.8313,0.5163,996.6548,constant_speed,2902.44
4321262,-0.0161,-0.0319,1.0334,-0.9712,-0.525,0.6475,996.667,constant_speed,2902.5
4321322,0.0415,0.0414,1.0548,2.6163,2.3187,0.07,996.6753,constant_speed,2902.56
4321382,0.019,-0.0786,0.8147,-1.0588,-1.155,0.3762,996.7029,constant_speed,2902.62
4321442,-0.0349,0.0344,0.9223,-3.3163,-2.2925,0.4025,996.7852,constant_speed,2902.68
4321502,-0.0227,-0.0242,0.8433,1.7325,-3.01,0.35,996.8391,constant_speed,2902.74
4321562,0.0281,0.0625,1.1239,1.3475,-1.8987,0.4112,996.8384,constant_speed,2902.8
4321622,0.0254,0.0126,1.0915,-0.6125,2.66,0.5775,996.6628,constant_speed,2902.86
4321682,0.0876,0.0049,1.1502,1.9338,3.0625,-0.2013,996.5796,constant_speed,2902.92
4321742,0.0224,-0.0489,0.9614,0.4638,-1.47,0.2362,996.5823,constant_speed,2902.98
4321802,-0.0739,-0.088,0.8447,-1.0938,0.5863,0.7613,996.6829,constant_speed,2903.04
4321862,-0.0051,0.0844,0.8227,1.4963,-0.91,-0.5425,996.6887,constant_speed,2903.1
4321922,0.1003,0.012,1.1059,1.1988,-1.2075,-0.14,996.5942,constant_speed,2903.16
4321982,0.0154,-0.0405,1.0624,0.7525,3.045,0.3325,996.5505,constant_speed,2903.22
4322042,0.0483,0.1408,1.1019,-1.0412,2.135,-0.6125,996.6033,constant_speed,2903.28
4322102,0.0527,-0.0398,0.9521,-0.14,-1.1113,-0.0525,996.5935,constant_speed,2903.34
4322162,0.0051,-0.0183,0.953,-0.63,-0.595,0.28,996.5715,constant_speed,2903.4
4322222,0.0864,0.1318,1.3581,-0.0437,1.8637,-0.4025,996.5925,constant_speed,2903.46
4322282,0.0148,0.0459,0.9823,0.1663,2.6775,-0.7175,996.6853,constant_speed,2903.52
4322342,-0.0669,-0.061,0.8571,-0.7,1.4,0.42,996.8174,constant_speed,2903.58
4322402,0.0202,0.0486,0.9301,0.5775,-1.365,-0.3063,996.8364,constant_speed,2903.64
4322462,0.0825,-0.0005,1.0982,0.7613,0.07,-0.1838,996.8364,constant_speed,2903.7
4322522,0.0478,-0.0874,1.0595,0.1138,-0.42,0.455,996.9075,constant_speed,2903.76
4322582,0.0085,0.0622,1.0289,-0.0088,0.4988,0.0613,996.8655,constant_speed,2903.82
4322642,-0.0356,-0.0384,0.8315,1.225,-1.6625,-0.245,996.8445,constant_speed,2903.88
4322702,-0.041,-0.014,0.7964,0.0175,-2.8612,0.2625,996.8174,constant_speed,2903.94
4322762,-0.0359,0.0344,0.7952,-1.3038,-1.6888,0.3938,996.7642,constant_speed,2904.0
4322822,0.0278,0.0411,1.0068,1.7237,-4.6375,-0.3587,996.7153,constant_speed,2904.06
4322882,0.0833,-0.0512,1.1303,-0.7262,0.07,0.2537,996.6843,constant_speed,2904.12
4322942,0.0224,0.0414,1.0416,-1.015,4.095,0.0875,996.6787,constant_speed,2904.18
4323002,0.0083,0.041,0.9428,-0.6562,-1.6363,-0.3938,996.6721,constant_speed,2904.24
4323062,0.05,-0.0437,1.0424,-0.07,-1.7587,-0.0437,996.6338,constant_speed,2904.3
4323122,0.055,-0.0002,1.3039,1.435,1.4,0.2975,996.6394,constant_speed,2904.36
4323182,0.0332,0.0636,1.1031,1.82,0.4375,-0.7,996.6704,constant_speed,2904.42
4323242,0.0529,-0.0969,1.0968,1.785,-0.4288,0.2013,996.6597,constant_speed,2904.48
4323302,-0.0303,0.0059,0.9263,-0.9538,-0.6212,0.1138,996.7285,constant_speed,2904.54
4323362,0.001,0.0613,0.9236,1.4787,-2.1875,-0.0875,996.6331,constant_speed,2904.6
4323422,0.0459,-0.0027,1.0108,1.47,-0.175,0.14,996.582,constant_speed,2904.66
4323482,0.0112,-0.02,1.1322,-0.3938,1.785,0.4638,996.5737,constant_speed,2904.72
4323542,0.0798,0.0649,1.0968,2.0387,1.715,-0.3675,996.5371,constant_speed,2904.78
4323602,0.0295,-0.0611,0.9961,0.8487,-0.2362,0.0875,996.6389,constant_speed,2904.84
4323662,-0.022,-0.02,1.0005,0.1838,1.9075,0.3938,996.6812,constant_speed,2904.9
4323722,-0.0181,0.0615,0.9282,0.1488,-2.2575,-0.0437,996.7795,constant_speed,2904.96
4323782,0.0549,0.0037,1.0596,1.0938,-1.1988,0.07,996.8279,constant_speed,2905.02
4323842,0.043,-0.0164,1.0648,-0.6562,3.7887,0.5688,996.7515,constant_speed,2905.08
4323902,0.0205,-0.0264,0.9516,0.6737,0.28,-0.0088,996.7344,constant_speed,2905.14
4323962,0.019,-0.0337,0.984,0.945,0.0262,0.14,996.7283,constant_speed,2905.2
4324022,-0.0578,-0.1166,0.8663,-0.6913,-0.14,0.4025,996.7275,constant_speed,2905.26
4324082,0.0018,0.0412,1.0045,0.6037,1.7675,-0.2975,996.7517,constant_speed,2905.32
4324142,0.07,0.0556,0.9843,1.5225,2.695,-0.4988,996.7075,constant_speed,2905.38
4324202,0.0271,-0.0339,1.0441,0.6212,-0.3675,0.6562,996.6316,constant_speed,2905.44
4324262,-0.0215,0.018,0.9289,0.6475,-1.715,-0.175,996.7104,constant_speed,2905.5
4324322,0.1175,-0.0049,1.0921,1.995,0.1225,0.1575,996.7041,constant_speed,2905.56
4324382,-0.012,-0.0344,0.8084,0.1488,-1.2687,0.4025,996.7395,constant_speed,2905.62
4324442,0.0287,0.0241,0.986,-1.19,-1.9512,0.14,996.738,constant_speed,2905.68
4324502,0.0303,0.0608,1.0659,0.8225,0.9275,-0.4025,996.6824,constant_speed,2905.74
4324562,0.0239,-0.0389,1.066,-0.595,1.54,0.455,996.6978,constant_speed,2905.8
4324622,0.0192,0.0902,1.0155,-0.1488,-1.5137,0.1575,996.6865,constant_speed,2905.86
4324682,0.0549,0.059,1.0879,0.7262,1.2075,-0.1488,996.6318,constant_speed,2905.92
4324742,-0.0044,-0.1241,0.9286,0.0613,-0.6737,0.7,996.6885,constant_speed,2905.98
4324802,-0.02,0.0325,0.9362,-1.5925,-0.5075,0.4288,996.7788,constant_speed,2906.04
4324862,0.0037,0.0656,0.9883,1.6537,1.89,-0.0962,996.7913,constant_speed,2906.1
4324922,0.0221,0.0031,0.9804,0.0088,-0.9887,0.6562,996.8296,constant_speed,2906.16
4324982,0.0078,0.0264,0.9748,-0.9887,-2.4062,0.3413,996.7642,constant_speed,2906.22
4325042,0.0414,0.0559,1.1186,1.8813,3.8675,-0.3675,996.7563,constant_speed,2906.28
4325102,-0.0246,-0.0564,0.8696,-0.4462,0.3325,0.1663,996.5447,constant_speed,2906.34
4325162,-0.1041,0.0161,0.6783,-1.5662,-4.9088,0.245,996.5854,constant_speed,2906.4
4325222,0.0339,0.0502,1.0591,1.4438,0.14,-0.315,996.5427,constant_speed,2906.46
4325282,0.0012,-0.0337,1.0314,0.5775,0.49,0.1488,996.4854,constant_speed,2906.52
4325342,0.0203,-0.0605,0.8969,-0.7262,1.9075,0.5075,996.4836,constant_speed,2906.58
4325402,0.0188,0.1049,0.9409,-1.4088,1.96,-0.3675,996.3699,constant_speed,2906.64
4325462,-0.0364,-0.1122,0.8015,-0.9887,-4.8562,0.2887,996.3933,constant_speed,2906.7
4325522,0.0074,-0.0295,0.8576,-1.7675,-2.3363,0.2362,996.3811,constant_speed,2906.76
4325582,-0.0312,0.0764,0.9109,-0.4725,2.87,-0.385,996.2688,constant_speed,2906.82
4325642,0.0315,-0.0102,0.9562,-0.7,-0.14,-0.035,996.3672,constant_speed,2906.88
4325702,0.059,0.0324,0.9662,-1.8288,-0.6388,0.105,996.4216,constant_speed,2906.94
4325762,-0.0466,0.0297,1.0207,0.0262,1.9075,-0.4462,996.3213,constant_speed,2907.0
4325822,0.029,-0.0632,0.9101,0.8575,-1.9075,0.0962,996.219,constant_speed,2907.06
4325882,0.0078,0.0234,0.9545,-1.3563,-4.41,0.315,996.2236,constant_speed,2907.12
4325942,0.0383,0.0398,1.1871,1.1725,-0.1225,-0.07,996.3638,constant_speed,2907.18
4326002,0.0288,-0.0215,1.0382,1.05,0.5863,-0.1575,996.3633,constant_speed,2907.24
4326062,0.0084,0.0332,1.1087,-0.9275,2.6862,0.35,996.416,constant_speed,2907.3
4326122,-0.0454,0.0602,0.8664,-0.0525,1.5662,-0.3762,996.3494,constant_speed,2907.36
4326182,0.0016,-0.072,0.8089,-0.035,-5.1013,-0.1225,996.3154,constant_speed,2907.42
4326242,0.0376,-0.0634,1.1137,0.385,1.1725,0.2013,996.3757,constant_speed,2907.48
4326302,0.0379,0.0778,1.0939,1.3212,2.9925,0.0875,996.3633,constant_speed,2907.54
4326362,-0.0175,0.0166,0.9138,0.6125,-1.3388,-0.3938,996.2363,constant_speed,2907.6
4326422,0.0017,-0.0298,1.0363,-0.2013,1.8813,0.3762,996.2412,constant_speed,2907.66
4326482,-0.0342,-0.0049,0.8284,0.0088,-0.875,-0.3938,996.3071,constant_speed,2907.72
4326542,0.0941,0.0063,1.0643,0.6825,-2.2838,0.0962,996.3008,constant_speed,2907.78
4326602,0.04,-0.0236,1.0419,-0.3587,3.0887,0.35,996.2834,constant_speed,2907.84
4326662,0.0088,0.0791,1.0474,-2.0738,3.22,-0.21,996.3188,constant_speed,2907.9
4326722,0.0395,0.0361,1.166,1.9338,2.2925,-0.3413,996.3604,constant_speed,2907.96
4326782,0.0161,-0.0166,0.9964,-1.7062,2.7387,0.2975,996.5806,constant_speed,2908.02
4326842,-0.0429,-0.0127,0.9223,0.1575,1.96,-0.2013,996.5884,constant_speed,2908.08
4326902,0.0302,0.0286,1.0929,1.61,-4.2438,0.315,996.5986,constant_speed,2908.14
4326962,0.0639,-0.0424,1.1635,0.385,1.47,0.6125,996.646,constant_speed,2908.2
4327022,-0.012,0.05,1.0385,-0.6737,2.9662,-0.0175,996.7039,constant_speed,2908.26
4327082,-0.0054,0.0427,0.8221,0.6388,1.2337,-0.0875,996.7039,constant_speed,2908.32
4327142,-0.0268,-0.1237,0.8301,-2.3275,1.295,0.6562,996.657,constant_speed,2908.38
4327202,-0.0644,-0.039,0.8792,0.3413,-0.56,-0.1225,996.6189,constant_speed,2908.44
4327262,0.0735,-0.0112,1.0932,2.065,0.7788,0.1312,996.5923,constant_speed,2908.5
4327322,0.0204,-0.0659,1.0285,-0.77,2.8175,0.0875,996.6172,constant_speed,2908.56
4327382,-0.0405,0.0215,0.8886,-1.3475,1.4787,0.3762,996.6782,constant_speed,2908.62
4327442,0.0173,0.0127,0.9667,1.085,1.7675,-0.2975,996.7139,constant_speed,2908.68
4327502,-0.0052,-0.0985,0.9094,-0.175,0.07,0.4812,996.6855,constant_speed,2908.74
4327562,-0.0517,-0.0123,0.9872,0.2275,-0.8225,0.1138,996.6692,constant_speed,2908.8
4327622,0.0825,0.0095,1.0419,1.47,-1.9512,0.1225,996.6667,constant_speed,2908.86
4327682,0.0496,-0.0293,1.1143,0.0088,-0.2975,0.6388,996.7229,constant_speed,2908.92
4327742,-0.0375,0.0125,0.9267,-0.6125,1.8987,0.2975,996.7075,constant_speed,2908.98
4327802,-0.0132,0.0102,0.8359,1.1287,2.0563,-0.105,996.7263,constant_speed,2909.04
4327862,-0.0342,-0.0526,0.8959,-0.3587,0.3587,0.7613,996.7222,constant_speed,2909.1
4327922,0.0129,0.007,1.0006,-0.6737,-0.9887,0.2275,996.6936,constant_speed,2909.16
4327982,0.1008,0.0559,1.158,2.1175,-1.19,0.2362,996.6348,constant_speed,2909.22
4328042,-0.0528,-0.081,0.9309,-0.1225,5.285,0.3938,996.5632,constant_speed,2909.28
4328102,-0.0454,-0.0479,0.7749,-1.7675,-1.68,0.4462,996.6067,constant_speed,2909.34
4328162,-0.018,-0.0401,1.0009,1.7062,-3.6225,0.1925,996.6257,constant_speed,2909.4
4328222,0.0018,-0.108,1.076,-1.015,3.36,0.4988,996.6533,constant_speed,2909.46
4328282,0.0366,0.0171,0.9704,1.225,-2.9662,0.2188,996.5359,constant_speed,2909.52
4328342,0.0778,0.0606,0.9801,2.0125,-3.535,-0.0437,996.49,constant_speed,2909.58
4328402,0.0056,-0.0815,0.9378,-0.5512,-0.7962,0.2362,996.5571,constant_speed,2909.64
4328462,0.0163,0.0315,1.0514,-0.945,-0.2188,0.3063,996.5869,constant_speed,2909.7
4328522,0.0671,0.0556,1.0155,1.6187,0.9712,-0.1138,996.5989,constant_speed,2909.76
4328582,-0.0002,-0.1569,0.9858,0.245,0.0613,0.5337,996.5928,constant_speed,2909.82
4328642,0.0283,-0.0054,1.0091,-0.6913,-2.3363,0.3063,996.5925,constant_speed,2909.88
4328702,0.1078,0.121,1.2363,1.9425,-0.3325,-0.07,996.6406,constant_speed,2909.94
4328762,0.0007,-0.0886,0.9719,0.7262,2.1,0.1312,996.6335,constant_speed,2910.0
4328822,-0.0444,-0.0351,0.8869,-0.4462,-0.945,0.3675,996.6699,constant_speed,2910.06
4328882,0.0144,0.0522,0.9023,1.5575,-1.6275,0.175,996.6982,constant_speed,2910.12
4328942,0.0228,-0.0788,1.1028,0.91,-0.1925,0.3413,996.738,constant_speed,2910.18
4329002,0.0505,0.0425,1.1301,1.1812,2.6075,0.245,996.7024,constant_speed,2910.24
4329062,0.0375,0.0274,0.9885,0.385,0.42,0.315,996.676,constant_speed,2910.3
4329122,0.0009,-0.0881,1.0604,1.505,0.8313,0.4988,996.8323,constant_speed,2910.36
4329182,-0.0431,-0.0167,0.8957,-1.085,-0.35,0.35,996.781,constant_speed,2910.42
4329242,0.0617,0.0813,1.1675,1.4612,0.5337,0.385,996.6792,constant_speed,2910.48
4329302,0.0261,-0.0642,1.1976,0.4988,4.48,1.0412,996.6853,constant_speed,2910.54
4329362,-0.0478,-0.0159,0.876,-1.295,-2.5375,0.735,996.5818,constant_speed,2910.6
4329422,0.0684,-0.0186,0.9981,0.6125,0.35,0.4112,996.5107,constant_speed,2910.66
4329482,-0.0066,-0.1257,1.0553,0.2713,1.61,0.665,996.4932,constant_speed,2910.72
4329542,-0.0361,-0.079,0.8175,-1.5137,-1.225,0.8838,996.3879,constant_speed,2910.78
4329602,0.0928,0.06,1.0809,0.84,-3.5612,0.315,996.3755,constant_speed,2910.84
4329662,-0.0432,-0.0846,0.9604,1.6712,0.0,0.4725,996.3936,constant_speed,2910.9
4329722,0.0436,0.0049,1.0096,0.4288,0.0262,0.4375,996.4014,constant_speed,2910.96
4329782,0.0212,-0.0154,1.0594,0.7,1.19,0.595,996.2327,constant_speed,2911.02
4329842,0.0734,-0.0517,1.2235,0.3762,0.1663,1.1463,996.175,constant_speed,2911.08
4329902,0.0083,-0.0145,0.9382,-0.5337,-4.0425,0.6737,996.2952,constant_speed,2911.14
4329962,0.0566,0.1833,1.1778,0.8225,1.9338,1.2775,996.4863,constant_speed,2911.2
4330022,0.0959,0.051,1.3215,-1.75,5.95,0.455,996.447,constant_speed,2911.26
4330082,-0.0332,-0.0473,0.751,-1.9425,-2.3012,0.6737,996.4226,constant_speed,2911.32
4330142,0.0566,0.0378,1.143,-0.21,1.0063,-0.1312,996.5039,constant_speed,2911.38
4330202,-0.0026,-0.1793,0.9295,-0.7875,2.59,0.7175,996.3564,constant_speed,2911.44
4330262,0.0224,-0.0364,1.1685,-0.105,1.2337,1.4875,996.3582,constant_speed,2911.5
4330322,-0.0366,0.0278,0.8472,1.5575,-3.8588,0.4462,996.4429,constant_speed,2911.56
4330382,-0.0578,-0.0961,0.743,-2.6862,-1.8288,0.0262,996.5491,constant_speed,2911.62
4330442,0.0742,-0.0666,0.9557,-1.3737,-4.9,0.9538,996.5139,constant_speed,2911.68
4330502,0.0478,-0.0164,0.9963,0.2975,-0.7,0.0525,996.5312,constant_speed,2911.74
4330562,0.0578,-0.2457,0.917,-1.4088,1.7763,0.0875,996.4683,constant_speed,2911.8
4330622,0.02,0.0041,0.9801,-0.6737,-2.38,0.8925,996.5547,constant_speed,2911.86
4330682,0.0927,0.0309,1.2668,1.4612,0.0613,0.6475,996.6135,constant_speed,2911.92
4330742,-0.0781,-0.0509,0.9223,2.1613,5.3812,-0.245,996.5181,constant_speed,2911.98
4330802,-0.0108,0.0268,0.7745,0.8838,-1.6013,0.49,996.5615,constant_speed,2912.04
4330862,0.065,0.0032,0.923,-0.56,-1.3825,-0.3762,996.5625,constant_speed,2912.1
4330922,0.0771,-0.0905,1.0024,2.065,4.585,-0.35,996.5923,constant_speed,2912.16
4330982,0.055,0.0188,1.1258,1.0412,1.5575,0.455,996.5706,constant_speed,2912.22
4331042,0.1271,0.1028,1.1199,2.6512,-1.33,0.42,996.4976,constant_speed,2912.28
4331102,0.0328,0.0708,1.0978,0.6125,1.435,0.0262,996.5034,constant_speed,2912.34
4331162,-0.0183,-0.0728,0.7824,-2.5725,0.0437,0.3237,996.5002,constant_speed,2912.4
4331222,-0.0148,0.0318,0.8421,-2.3012,0.5425,-0.2537,996.5518,constant_speed,2912.46
4331282,-0.0619,-0.1884,0.8745,-0.8925,-0.385,0.1138,996.4954,constant_speed,2912.52
4331342,0.0475,-0.0243,1.089,0.7525,0.4112,0.0875,996.5625,constant_speed,2912.58
4331402,0.087,0.019,1.048,0.455,-1.3125,0.1138,996.5684,constant_speed,2912.64
4331462,0.0267,-0.0354,1.0114,2.0825,-0.1575,-0.0088,996.4863,constant_speed,2912.7
4331522,-0.0063,-0.042,0.6786,1.3825,1.33,0.49,996.5562,constant_speed,2912.76
4331582,0.0317,0.1269,1.0011,1.54,-0.9712,-0.0962,996.4822,constant_speed,2912.82
4331642,0.0592,-0.0137,1.1264,0.9712,1.6275,-0.0962,996.4771,constant_speed,2912.88
4331702,0.0534,-0.0935,1.1197,-1.925,-1.7413,1.0938,996.4863,constant_speed,2912.94
4331762,0.043,0.0533,1.0309,-0.42,-1.1725,0.7,996.4666,constant_speed,2913.0
4331822,0.1179,0.0108,1.1014,1.785,5.5825,0.035,996.4866,constant_speed,2913.06
4331882,0.0013,-0.0439,0.9098,-0.49,0.2975,0.28,996.5503,constant_speed,2913.12
4331942,-0.0181,-0.0671,0.8868,-0.2275,1.1988,0.2362,996.5557,constant_speed,2913.18
4332002,0.0598,-0.0307,1.1275,0.735,-0.6737,0.1138,996.5305,constant_speed,2913.24
4332062,0.0281,0.0073,1.0265,-0.4812,3.6488,0.2713,996.4683,constant_speed,2913.3
4332122,0.0676,0.0078,1.0496,0.77,-0.8487,-0.0525,996.4827,constant_speed,2913.36
4332182,0.0339,0.0406,1.0363,-1.5137,1.9688,-0.1138,996.5579,constant_speed,2913.42
4332242,-0.0698,-0.092,0.8434,-1.8987,-2.8,1.015,996.5957,constant_speed,2913.48
4332302,-0.0498,-0.0662,0.9084,1.1287,2.5725,-0.1663,996.6155,constant_speed,2913.54
4332362,0.0412,-0.0239,0.9579,0.4725,-1.0588,0.6562,996.6436,constant_speed,2913.6
4332422,0.0347,-0.1191,0.9345,-3.08,1.0325,0.8575,996.6997,constant_speed,2913.66
4332482,-0.0977,0.0156,0.6171,-0.8838,-5.9675,0.315,996.7073,constant_speed,2913.72
4332542,0.0381,-0.001,0.9889,1.0237,0.63,0.1488,996.6479,constant_speed,2913.78
4332602,0.088,-0.081,1.221,0.455,0.4812,0.875,996.6123,constant_speed,2913.84
4332662,-0.0103,-0.0263,0.8211,0.8138,-3.0625,-0.2713,996.5952,constant_speed,2913.9
4332722,0.0156,-0.1058,1.089,2.0738,-1.7413,-0.2537,996.645,constant_speed,2913.96
4332782,0.0884,-0.0304,1.2203,2.66,1.7763,0.1488,996.7388,constant_speed,2914.02
4332842,0.0258,0.1471,1.0001,1.1812,-1.155,0.0175,996.7571,constant_speed,2914.08
4332902,0.082,0.0082,0.96,0.3675,1.4088,-0.4638,996.7351,constant_speed,2914.14
4332962,0.0018,0.0134,0.9077,-0.7788,3.5963,0.56,996.7664,constant_speed,2914.2
4333022,-0.0996,0.0892,0.9947,-0.7088,-2.3975,0.5688,996.7083,constant_speed,2914.26
4333082,0.0568,-0.1356,1.0824,-0.4812,1.3825,0.4025,996.5715,constant_speed,2914.32
4333142,0.0066,-0.1005,0.9799,0.6212,1.8637,0.5775,996.5022,constant_speed,2914.38
4333202,0.0385,0.1132,0.9655,1.7938,-2.4237,0.1138,996.4988,constant_speed,2914.44
4333262,0.0228,-0.0637,1.0024,-0.0525,0.3325,-0.385,996.3962,constant_speed,2914.5
4333322,0.0595,0.0149,1.0626,0.5163,0.0175,0.7088,996.4414,constant_speed,2914.56
4333382,0.0427,0.0046,1.0397,2.065,2.0387,0.2188,996.5908,constant_speed,2914.62
4333442,0.0061,-0.0831,0.8442,-0.805,-2.2313,0.07,996.6511,constant_speed,2914.68
4333502,0.0551,-0.0445,1.0233,0.735,-3.7275,0.49,996.6033,constant_speed,2914.74
4333562,-0.0703,0.0625,0.9081,-0.0262,-0.035,0.2275,996.4485,constant_speed,2914.8
4333622,0.1037,-0.003,1.1783,0.245,2.5025,-0.1488,996.4343,constant_speed,2914.86
4333682,0.0917,0.0081,1.1117,0.2887,3.29,0.8313,996.4138,constant_speed,2914.92
4333742,0.0112,0.0995,1.0809,0.7437,-0.6737,0.28,996.4009,constant_speed,2914.98
4333802,0.0122,-0.1236,0.9555,0.07,-1.5838,-0.2188,996.4194,constant_speed,2915.04
4333862,0.0205,-0.0386,1.1351,-0.315,1.295,0.1225,996.3721,constant_speed,2915.1
4333922,-0.0124,-0.002,1.0865,0.1488,5.7137,0.2362,996.4128,constant_speed,2915.16
4333982,0.0409,-0.1124,0.9581,1.715,-0.9187,0.0175,996.4414,constant_speed,2915.22
4334042,0.0246,0.0354,1.0228,-0.0875,-0.0088,0.2713,996.4092,constant_speed,2915.28
4334102,-0.0549,-0.0106,0.916,-1.0237,-1.0938,-0.2013,996.4612,constant_speed,2915.34
4334162,0.0722,-0.0586,0.9967,1.68,-1.3825,-0.0962,996.416,constant_speed,2915.4
4334222,0.0591,-0.0257,1.1034,-0.9975,3.6575,-0.0962,996.2585,constant_speed,2915.46
4334282,0.0179,0.0554,1.0756,0.9013,1.8987,0.4025,996.0854,constant_speed,2915.52
4334342,0.059,-0.0332,1.0541,0.8925,-1.61,-0.1225,996.0352,constant_speed,2915.58
4334402,0.0532,-0.0059,1.2015,-0.2975,1.1375,0.7,995.9333,constant_speed,2915.64
4334462,-0.0212,0.0529,1.1491,2.3975,3.0712,-0.0525,995.9966,constant_speed,2915.7
4334522,0.0719,0.0023,0.987,0.4812,-1.015,0.0088,996.105,constant_speed,2915.76
4334582,0.0531,0.0112,0.9736,-1.9688,-0.14,0.4375,996.0322,constant_speed,2915.82
4334642,-0.0187,0.0003,1.0646,0.5163,2.905,0.1838,996.1965,constant_speed,2915.88
4334702,-0.0024,-0.017,1.0706,1.6975,1.1988,-0.4638,996.2561,constant_speed,2915.94
4334762,0.0529,0.012,0.9896,-1.0237,-0.2713,0.6125,996.2898,constant_speed,2916.0
4334822,-0.0946,-0.0578,0.8078,-0.105,0.945,-0.0787,996.2283,constant_speed,2916.06
4334882,0.0417,0.0012,0.805,0.63,-4.0862,0.0525,996.1848,constant_speed,2916.12
4334942,0.1235,0.05,1.2081,0.0088,1.3913,0.175,996.1897,constant_speed,2916.18
4335002,0.0132,0.0451,1.0721,0.8925,3.3775,0.14,996.219,constant_speed,2916.24
4335062,-0.0199,-0.0095,0.9267,0.9187,0.8575,0.21,996.2173,constant_speed,2916.3
4335122,0.0838,0.0151,1.065,-1.5925,-1.6625,0.105,996.1348,constant_speed,2916.36
4335182,-0.0334,-0.0248,0.969,0.735,2.52,0.0437,996.1523,constant_speed,2916.42
4335242,0.034,-0.0798,1.0597,1.5225,-0.525,0.1925,996.2473,constant_speed,2916.48
4335302,0.018,0.0106,0.8818,-1.0237,1.155,0.2188,996.3447,constant_speed,2916.54
4335362,0.0295,0.0395,1.1012,-0.4025,0.1838,0.4725,996.2053,constant_speed,2916.6
4335422,0.045,-0.0407,1.0126,0.8575,-1.4612,0.0613,996.2234,constant_speed,2916.66
4335482,0.0315,-0.0449,0.9243,-2.7037,3.43,0.455,996.365,constant_speed,2916.72
4335542,-0.0362,-0.0173,1.0433,0.245,0.9712,-0.1575,996.4001,constant_speed,2916.78
4335602,0.0492,-0.0473,1.2277,1.645,4.1125,0.4812,996.4048,constant_speed,2916.84
4335662,-0.0459,-0.0356,0.8625,-1.9863,-2.0825,0.4112,996.4324,constant_speed,2916.9
4335722,-0.0453,0.0188,0.9357,0.1138,0.315,-0.5863,996.448,constant_speed,2916.96
4335782,0.1166,-0.0769,1.4264,2.555,1.1638,0.385,996.5444,constant_speed,2917.02
4335842,0.0594,0.0073,1.1084,-0.875,0.4812,0.7175,996.5515,constant_speed,2917.08
4335902,-0.0471,-0.0768,0.903,-1.26,0.35,-0.4725,996.5967,constant_speed,2917.14
4335962,-0.0007,-0.0825,0.9907,0.91,-1.1988,0.3938,996.5806,constant_speed,2917.2
4336022,-0.031,-0.002,0.9257,0.1575,-1.6975,0.3325,996.5251,constant_speed,2917.26
4336082,0.0393,0.0891,1.0041,0.4112,-1.5925,0.4112,996.5186,constant_speed,2917.32
4336142,0.0771,-0.091,1.1209,0.7875,4.5062,0.0787,996.5422,constant_speed,2917.38
4336202,0.0137,0.073,0.937,-0.3675,0.6475,0.4025,996.4868,constant_speed,2917.44
4336262,0.0276,0.0839,1.1658,-0.1838,-0.3237,-0.1312,996.4153,constant_speed,2917.5
4336322,-0.0435,-0.0038,0.7325,-0.9275,-2.9662,0.5337,996.5635,constant_speed,2917.56
4336382,-0.0083,-0.0611,0.8758,-2.1525,0.4462,0.3938,996.6829,constant_speed,2917.62
4336442,-0.0056,-0.0176,0.9599,-0.35,-0.4812,0.4288,996.6655,constant_speed,2917.68
4336502,0.0691,-0.0578,1.232,-0.4638,2.3012,0.595,996.5461,constant_speed,2917.74
4336562,-0.0361,0.0293,1.0482,1.3563,-0.3587,0.4462,996.4475,constant_speed,2917.8
4336622,0.0069,0.0467,1.0208,1.75,2.5025,-0.4638,996.3381,constant_speed,2917.86
4336682,0.0249,-0.0809,0.9719,-0.1312,0.7875,0.1138,996.4009,constant_speed,2917.92
4336742,-0.0892,-0.0342,0.8977,0.8575,-2.59,0.6037,996.3721,constant_speed,2917.98
4336802,-0.0227,0.023,0.8624,0.9275,-2.9575,-0.1225,996.3635,constant_speed,2918.04
4336862,0.0298,-0.1332,1.129,-0.1138,-0.14,0.4638,996.4031,constant_speed,2918.1
4336922,-0.0548,0.0132,0.9084,0.5863,-0.98,0.5075,996.4473,constant_speed,2918.16
4336982,0.0008,0.0764,0.8523,-0.21,0.3413,0.2713,996.5107,constant_speed,2918.22
4337042,0.06,-0.0486,0.9023,-1.6187,1.0325,0.3413,996.5596,constant_speed,2918.28
4337102,-0.0163,0.0142,1.0028,-0.945,0.9538,0.8487,996.5471,constant_speed,2918.34
4337162,0.0159,0.0469,0.887,0.9362,-1.505,-0.1138,996.5286,constant_speed,2918.4
4337222,-0.0251,-0.0949,0.7458,-1.4612,-0.49,0.3675,996.614,constant_speed,2918.46
4337282,0.0529,0.0283,1.1184,0.945,-2.205,0.5688,996.5667,constant_speed,2918.52
4337342,-0.0085,-0.0142,0.8719,0.9712,0.385,0.175,996.5942,constant_speed,2918.58
4337402,0.0261,-0.032,1.0363,-0.9887,2.52,0.28,996.645,constant_speed,2918.64
4337462,-0.0655,-0.021,0.9687,0.105,1.5575,0.5075,996.6401,constant_speed,2918.7
4337522,-0.0271,0.0222,0.8506,0.9887,0.105,-0.0525,996.6184,constant_speed,2918.76
4337582,0.0154,-0.0917,0.9313,-1.3825,-0.56,0.3237,996.4214,constant_speed,2918.82
4337642,-0.0457,-0.0403,1.0643,-0.1925,-2.1,0.3675,996.3459,constant_speed,2918.88
4337702,0.0784,0.0173,1.0327,1.3475,3.99,0.2013,996.2642,constant_speed,2918.94
4337762,-0.0058,-0.0321,1.0727,-0.2625,1.645,-0.0437,996.2729,constant_speed,2919.0
4337822,-0.0285,0.037,0.937,-0.07,3.0712,0.0088,996.3218,constant_speed,2919.06
4337882,-0.0132,-0.0459,0.9243,0.98,1.7938,-0.6913,996.2834,constant_speed,2919.12
4337942,0.0573,-0.0029,0.9452,-0.4638,-1.1287,0.3063,996.053,constant_speed,2919.18
4338002,0.0,-0.0568,0.9711,-0.2975,2.1088,0.2713,995.6345,constant_speed,2919.24
4338062,-0.0751,0.0146,0.8396,-0.4638,0.8487,-0.0787,995.8494,constant_speed,2919.3
4338122,0.0271,-0.0863,0.8581,-2.1175,-3.1325,0.2625,996.1677,constant_speed,2919.36
4338182,0.034,0.0149,0.9547,0.1312,-1.68,-0.105,996.1077,constant_speed,2919.42
4338242,-0.0417,0.0112,0.8112,2.555,0.9887,-0.5425,995.9622,constant_speed,2919.48
4338302,0.0137,-0.021,0.8847,0.7875,2.0912,-0.2625,995.8716,constant_speed,2919.54
4338362,-0.0263,0.0034,0.7971,2.3625,-1.8987,0.0262,995.9033,constant_speed,2919.6
4338422,-0.0031,-0.0689,0.9975,2.7825,-0.5688,-0.1663,996.0999,constant_speed,2919.66
4338482,0.0634,-0.0215,1.0548,-0.5512,-1.0063,-0.0962,996.1321,constant_speed,2919.72
4338542,-0.0077,0.0403,0.9805,-0.2625,5.9938,-0.42,996.2764,constant_speed,2919.78
4338602,-0.0217,0.0598,0.8879,0.35,2.3712,-0.5337,996.3313,constant_speed,2919.84
4338662,0.032,0.0201,1.0152,-1.0938,-1.1812,-0.0962,996.3374,constant_speed,2919.9
4338722,-0.0403,0.0304,0.9753,-1.1375,2.1613,-0.4725,996.344,constant_speed,2919.96
4338782,0.0159,0.0081,0.9084,0.7788,-1.5312,-0.4025,996.3457,constant_speed,2920.02
4338842,0.0322,0.0168,0.7781,-1.4,-1.5312,0.3413,996.2397,constant_speed,2920.08
4338902,0.032,0.0086,1.065,-0.5863,0.84,-0.4812,996.1692,constant_speed,2920.14
4338962,0.0673,0.045,1.0966,0.91,0.7437,-0.6913,995.8699,constant_speed,2920.2
4339022,0.0002,0.0619,0.9231,0.3325,-2.3275,-0.0962,995.9282,constant_speed,2920.26
4339082,0.0667,0.0415,1.016,0.7175,-0.56,-1.015,996.0942,constant_speed,2920.32
4339142,0.0615,0.0256,1.0738,1.995,0.385,-0.7,996.1648,constant_speed,2920.38
4339202,-0.0325,0.039,0.6592,-2.2838,-0.5775,-0.0262,996.1335,constant_speed,2920.44
4339262,0.04,0.1014,0.9595,-0.1663,0.0088,-0.84,996.084,constant_speed,2920.5
4339322,0.0547,0.0422,1.16,1.54,3.4125,-0.525,995.9985,constant_speed,2920.56
4339382,0.0019,0.0556,0.8901,-0.0613,1.2337,-0.21,996.0623,constant_speed,2920.62
4339442,0.0056,0.0509,0.947,-1.365,-1.4,-0.5337,996.2156,constant_speed,2920.68
4339502,0.0467,-0.0107,1.026,0.0787,1.3475,-0.4725,996.2153,constant_speed,2920.74
4339562,-0.0386,0.0339,0.9033,-0.5163,-3.2025,-0.0088,996.2087,constant_speed,2920.8
4339622,0.0059,0.0678,0.9747,2.0563,0.4988,-0.6212,996.2578,constant_speed,2920.86
4339682,-0.0095,0.0417,0.9733,0.4288,1.9512,-0.455,996.2285,constant_speed,2920.92
4339742,0.009,-0.029,0.9465,-0.7088,-1.89,0.0088,996.2881,constant_speed,2920.98
4339802,-0.002,0.0328,0.9911,-0.6825,2.1088,-0.56,996.3596,constant_speed,2921.04
4339862,0.0451,-0.0101,1.1588,1.54,2.5025,-0.1925,996.3018,constant_speed,2921.1
4339922,-0.0676,-0.0027,0.7605,-0.9013,-3.6137,0.0175,996.072,constant_speed,2921.16
4339982,0.0024,0.0831,0.8866,1.1812,0.3762,-0.5075,996.0422,constant_speed,2921.22
4340042,0.0547,0.0276,1.0331,0.035,-0.2713,-0.5425,996.2275,constant_speed,2921.28
4340102,0.0269,0.0389,1.1873,1.0237,1.645,0.1225,996.2771,constant_speed,2921.34
4340162,0.0219,0.1003,1.0124,0.63,1.9512,-0.7613,996.325,constant_speed,2921.4
4340222,0.0407,0.0261,1.0469,1.5137,0.4812,-0.1575,996.3406,constant_speed,2921.46
4340282,-0.038,0.0105,0.9462,0.2275,0.525,0.0787,996.3738,constant_speed,2921.52
4340342,0.0349,0.0688,0.8953,0.9275,0.3762,-0.21,996.3872,constant_speed,2921.58
4340402,0.009,-0.0276,0.8884,0.7613,0.7788,-0.4725,996.4167,constant_speed,2921.64
4340462,0.0262,0.0253,0.9252,-0.6388,0.6562,0.1925,996.4026,constant_speed,2921.7
4340522,0.0434,0.09,1.0916,0.735,1.0412,-0.315,996.4573,constant_speed,2921.76
4340582,0.0411,-0.0341,1.1656,0.1488,1.5137,-0.1225,996.3555,constant_speed,2921.82
4340642,0.0059,0.0373,1.0448,-1.33,1.9512,0.2537,996.2407,constant_speed,2921.88
4340702,-0.0476,0.0576,0.8042,-1.1725,3.1237,-0.1138,996.2393,constant_speed,2921.94
4340762,0.0202,-0.0291,1.0677,0.0613,0.1312,-0.07,996.3438,constant_speed,2922.0
4340822,-0.0008,-0.0612,1.0126,-0.2188,-0.8838,0.6825,996.3721,constant_speed,2922.06
4340882,0.0209,0.0229,1.0343,1.2687,-0.595,-0.0875,996.4993,constant_speed,2922.12
4340942,0.0252,0.0071,1.0756,1.6537,2.59,0.0175,996.5178,constant_speed,2922.18
4341002,-0.0142,-0.0251,0.7542,-0.4725,-1.6187,0.4112,996.5366,constant_speed,2922.24
4341062,-0.0085,0.0783,0.8786,1.1988,-0.6737,-0.0262,996.5386,constant_speed,2922.3
4341122,0.04,0.0245,0.9743,0.2188,-0.105,-0.14,996.5352,constant_speed,2922.36
4341182,0.0281,-0.0115,1.1273,0.1312,0.9975,0.6125,996.5183,constant_speed,2922.42
4341242,0.0415,0.08,0.975,0.525,-0.3063,0.1663,996.5205,constant_speed,2922.48
4341302,0.0556,-0.0274,1.2578,0.1138,2.6688,0.0,996.5481,constant_speed,2922.54
4341362,0.0601,0.0063,1.0817,-0.2975,1.89,0.4112,996.5249,constant_speed,2922.6
4341422,0.04,0.0703,1.1692,0.245,4.6813,0.3063,996.5693,constant_speed,2922.66
4341482,-0.0135,0.0691,0.9855,0.6825,1.1638,-0.4462,996.5852,constant_speed,2922.72
4341542,0.0179,-0.075,0.9836,-1.0588,-1.5312,0.4288,996.5759,constant_speed,2922.78
4341602,0.0214,0.0598,1.0053,-0.2975,-2.275,-0.2713,996.5205,constant_speed,2922.84
4341662,0.0384,0.0163,1.0909,-0.665,1.3475,-0.2713,996.5627,constant_speed,2922.9
4341722,-0.0102,-0.0495,0.9143,-0.6125,1.645,0.3063,996.6338,constant_speed,2922.96
4341782,0.0244,0.1064,0.9518,-0.2013,0.875,-0.0787,996.7068,constant_speed,2923.02
4341842,-0.0004,-0.0025,0.9455,0.1312,1.3125,-0.6475,996.7695,constant_speed,2923.08
4341902,0.0121,-0.074,1.016,0.0088,-0.3237,0.28,996.7634,constant_speed,2923.14
4341962,0.0623,0.0556,1.0563,0.6562,-1.61,-0.0437,996.6938,constant_speed,2923.2
4342022,0.014,0.0039,1.0155,0.245,1.9863,-0.0088,996.635,constant_speed,2923.26
4342082,0.0092,-0.063,0.934,-0.5425,-0.56,0.1663,996.5718,constant_speed,2923.32
4342142,0.0049,0.0712,0.914,0.4025,-0.9712,0.0175,996.5315,constant_speed,2923.38
4342202,-0.0132,-0.0207,0.8994,-0.8925,1.2775,-0.4638,996.5657,constant_speed,2923.44
4342262,0.0307,-0.019,1.0345,-0.0787,-0.6562,0.6388,996.6501,constant_speed,2923.5
4342322,0.0225,0.0162,1.1471,0.7962,-2.4762,0.3587,996.606,constant_speed,2923.56
4342382,0.0239,-0.0117,1.1222,0.0,2.3975,0.0088,996.5603,constant_speed,2923.62
4342442,-0.0054,-0.0312,0.8585,-1.4088,0.5863,0.3675,996.5298,constant_speed,2923.68
4342502,0.0071,0.0351,0.8679,-0.6212,-0.0525,0.2275,996.5896,constant_speed,2923.74
4342562,0.0356,-0.0051,1.061,0.07,0.5337,-0.3938,996.4897,constant_speed,2923.8
4342622,-0.008,-0.1066,1.1075,1.05,-2.0038,0.4112,996.4231,constant_speed,2923.86
4342682,-0.0411,0.0043,0.9172,1.1725,0.4112,0.0,996.5134,constant_speed,2923.92
4342742,-0.019,0.0134,0.9087,0.9538,1.7587,-0.5163,996.5869,constant_speed,2923.98
4342802,-0.0078,-0.0695,1.0524,0.3762,-0.2975,0.1488,996.6233,constant_speed,2924.04
4342862,0.0207,0.0169,0.9992,0.3762,-0.63,-0.0088,996.7078,constant_speed,2924.1
4342922,0.0505,0.0248,1.0304,0.805,-0.245,-0.0437,996.6873,constant_speed,2924.16
4342982,-0.012,-0.0288,0.9962,-0.77,1.1113,0.2275,996.7375,constant_speed,2924.22
4343042,0.0495,0.0815,1.0478,0.0525,-2.3537,0.35,996.7671,constant_speed,2924.28
4343102,-0.0195,0.0037,0.9873,0.0437,3.0712,-0.2275,996.6208,constant_speed,2924.34
4343162,-0.0149,-0.0413,0.8464,0.28,1.7938,0.4638,996.5894,constant_speed,2924.4
4343222,0.0107,0.0501,0.9271,-1.5488,-0.3675,-0.0175,996.46,constant_speed,2924.46
4343282,0.011,0.0135,0.9867,0.4025,0.9887,0.21,996.4839,constant_speed,2924.52
4343342,0.0478,-0.0149,1.2081,1.4525,0.4288,0.21,996.4998,constant_speed,2924.58
4343402,-0.0015,0.0856,0.9279,1.1988,0.4725,-0.0175,996.5977,constant_speed,2924.64
4343462,0.0276,0.0074,1.0909,0.6212,2.2313,0.3237,996.6812,constant_speed,2924.7
4343522,-0.063,-0.0641,0.8108,-0.6913,-1.7763,0.2625,996.7705,constant_speed,2924.76
4343582,0.059,0.0334,0.9743,-0.3675,-1.3563,0.49,996.7922,constant_speed,2924.82
4343642,-0.0024,0.0166,1.0433,0.9362,1.995,-0.2188,996.7456,constant_speed,2924.88
4343702,0.0588,0.0437,1.2252,0.875,0.0525,0.3063,996.7236,constant_speed,2924.94
4343762,0.0422,0.0504,1.079,-0.4375,0.105,0.245,996.687,constant_speed,2925.0
4343822,0.0057,-0.0605,1.035,-0.2975,0.8662,-0.0175,996.7629,constant_speed,2925.06
4343882,-0.0575,-0.0785,0.8352,1.1113,-3.71,0.0962,996.738,constant_speed,2925.12
4343942,0.1069,0.0539,1.3515,1.015,3.9025,0.14,996.6619,constant_speed,2925.18
4344002,-0.0736,0.04,0.8312,0.3237,2.555,-0.4812,996.5959,constant_speed,2925.24
4344062,0.0173,-0.0342,0.9958,0.8225,-1.6888,-0.2013,996.6401,constant_speed,2925.3
4344122,0.0546,0.0542,1.107,0.2013,2.835,-0.4725,996.6846,constant_speed,2925.36
4344182,0.0071,0.0145,0.9423,0.7262,2.4062,-0.8138,996.7361,constant_speed,2925.42
4344242,-0.0102,-0.009,0.8133,0.28,-1.96,-0.3938,996.8057,constant_speed,2925.48
4344302,0.0079,0.0542,1.0385,0.1488,-0.0613,-0.4462,996.7803,constant_speed,2925.54
4344362,-0.0265,0.0776,0.9899,3.1325,2.3625,-0.5863,996.6016,constant_speed,2925.6
4344422,0.0024,0.0503,0.8257,-0.2275,-1.4175,-0.385,996.5063,constant_speed,2925.66
4344482,0.0525,0.0525,1.098,-1.8025,-0.9712,-0.1138,996.4856,constant_speed,2925.72
4344542,0.0107,0.03,1.0982,2.2838,1.12,-0.2625,996.5007,constant_speed,2925.78
4344602,0.0256,0.0007,1.1178,0.2625,3.395,0.1663,996.5823,constant_speed,2925.84
4344662,0.0374,0.0046,1.0863,-1.5838,1.8112,0.1575,996.5923,constant_speed,2925.9
4344722,0.0185,0.0518,0.969,-0.9625,-1.1988,0.4025,996.644,constant_speed,2925.96
4344782,0.0331,0.0508,1.0133,-1.2862,-4.5763,-0.245,996.6243,constant_speed,2926.02
4344842,0.0571,0.0922,1.3134,-1.4525,5.9062,0.2013,996.6348,constant_speed,2926.08
4344902,-0.0353,-0.1474,0.9021,-0.5337,-0.77,0.4375,996.6826,constant_speed,2926.14
4344962,0.0509,0.0138,0.9294,0.7875,0.035,0.105,996.7329,constant_speed,2926.2
4345022,-0.0199,-0.0215,0.8981,-1.5838,2.2575,0.91,996.7988,constant_speed,2926.26
4345082,-0.0015,-0.1132,1.036,2.45,-1.0675,-0.455,996.7854,constant_speed,2926.32
4345142,0.0701,0.1376,1.0979,2.8,0.9362,-0.6125,996.7468,constant_speed,2926.38
4345202,-0.0141,-0.0526,1.138,-2.59,3.4825,0.5425,996.7312,constant_speed,2926.44
4345262,0.0916,0.0877,1.1695,0.4988,-0.5512,0.28,996.658,constant_speed,2926.5
4345322,0.062,0.0422,1.0524,0.77,0.035,-0.455,996.6211,constant_speed,2926.56
4345382,-0.0012,-0.0802,0.9478,-1.015,-0.875,0.5337,996.6384,constant_speed,2926.62
4345442,0.0218,0.1716,0.9653,-0.7613,0.9362,-0.0962,996.6118,constant_speed,2926.68
4345502,0.0056,-0.0922,0.8505,-1.3125,-3.2462,-0.0175,996.6296,constant_speed,2926.74
4345562,0.0235,-0.0622,1.2598,0.1138,2.45,0.455,996.6213,constant_speed,2926.8
4345622,0.0279,0.0785,0.8661,0.8575,-2.8788,0.1312,996.6587,constant_speed,2926.86
4345682,0.1252,-0.016,0.8869,-1.6712,2.1525,-0.63,996.647,constant_speed,2926.92
4345742,0.0307,-0.1127,0.9865,-0.1312,-0.9013,-0.07,996.7542,constant_speed,2926.98
4345802,0.0539,0.029,1.1361,1.7675,3.4825,0.5688,996.7786,constant_speed,2927.04
4345862,0.0163,-0.0461,1.0837,0.4025,0.8313,-0.5075,996.6917,constant_speed,2927.1
4345922,-0.0002,-0.0104,0.9209,0.8925,1.7675,0.4812,996.7097,constant_speed,2927.16
4345982,0.004,0.0163,1.0292,0.9362,0.3675,0.4812,996.7393,constant_speed,2927.22
4346042,-0.0039,0.0661,1.0757,-0.35,1.7938,-0.2362,996.8521,constant_speed,2927.28
4346102,-0.0342,-0.1205,0.9168,0.28,-2.2137,0.0875,996.8708,constant_speed,2927.34
4346162,0.0557,0.1155,0.9011,-0.2188,-1.6625,0.1575,996.9045,constant_speed,2927.4
4346222,0.0091,0.0283,1.0136,3.5,1.3038,0.0175,996.8472,constant_speed,2927.46
4346282,0.0187,0.0371,1.0757,-0.56,2.59,0.7088,996.7549,constant_speed,2927.52
4346342,-0.0297,0.0437,0.5866,-3.2725,-3.2025,0.0962,996.7705,constant_speed,2927.58
4346402,0.0705,-0.0144,1.0321,-0.1312,0.35,-0.3413,996.8467,constant_speed,2927.64
4346462,-0.0559,-0.0102,0.802,-1.0762,-0.0262,0.1838,996.8245,constant_speed,2927.7
4346522,0.1022,0.0364,1.0024,-0.4288,-3.8937,-0.1838,996.8447,constant_speed,2927.76
4346582,0.0344,0.0515,1.1844,1.8375,2.8788,-0.1925,996.8701,constant_speed,2927.82
4346642,-0.0451,-0.0142,0.7396,-1.2775,-2.9488,0.0875,996.9158,constant_speed,2927.88
4346702,0.0049,-0.0021,0.8926,-1.9075,-1.1287,0.0,996.9082,constant_speed,2927.94
4346762,0.0024,0.0046,1.1483,2.94,0.7088,-0.5863,996.9417,constant_speed,2928.0
4346822,-0.0237,0.0024,0.8167,0.2887,0.175,-0.0175,996.9543,constant_speed,2928.06
4346882,0.0669,0.0819,1.1075,-0.14,-1.6537,-0.0613,996.9543,constant_speed,2928.12
4346942,0.0835,0.0163,1.0854,0.7962,1.2513,-0.7262,996.9614,constant_speed,2928.18
4347002,0.0104,0.037,0.8994,1.96,-3.0275,-0.1225,996.9719,constant_speed,2928.24
4347062,0.0691,0.0215,1.1387,-0.3413,-0.0088,-0.1225,996.9409,constant_speed,2928.3
4347122,-0.009,0.0639,0.9548,2.6775,2.1175,-0.2362,996.9998,constant_speed,2928.36
4347182,0.0138,0.0694,0.965,0.805,-2.6337,0.14,997.0344,constant_speed,2928.42
4347242,0.1019,0.0755,1.2062,-1.1812,2.24,0.0525,997.072,constant_speed,2928.48
4347302,-0.0122,0.0086,1.005,1.7938,2.3712,-0.0613,997.0852,constant_speed,2928.54
4347362,0.0398,0.0453,1.014,-1.1725,-1.3475,-0.3325,997.0068,constant_speed,2928.6
4347422,0.0337,-0.071,1.005,-1.8813,-1.9425,-0.5863,996.9199,constant_speed,2928.66
4347482,0.0412,0.1167,1.2571,2.66,4.0775,-0.1138,996.8752,constant_speed,2928.72
4347542,0.051,-0.011,1.2266,-0.9887,-0.35,-0.1663,996.9561,constant_speed,2928.78
4347602,0.0437,0.0046,1.0543,-2.205,1.96,0.2275,996.9526,constant_speed,2928.84
4347662,-0.0368,0.0237,0.7405,0.3237,-3.9375,-0.245,996.938,constant_speed,2928.9
4347722,0.1288,-0.0376,1.1476,0.4725,-2.9313,-0.7525,996.9902,constant_speed,2928.96
4347782,0.0229,-0.03,1.1134,0.2188,4.585,0.0787,996.9343,constant_speed,2929.02
4347842,0.0224,0.0639,0.9805,0.7788,-2.1263,-0.2713,996.9707,constant_speed,2929.08
4347902,-0.0142,-0.0971,0.9711,1.6363,-3.1237,-0.525,996.9946,constant_speed,2929.14
4347962,0.0748,-0.0537,1.2931,1.435,4.095,-0.0437,996.9985,constant_speed,2929.2
4348022,0.0814,0.121,1.085,1.7587,3.535,0.0,997.0129,constant_speed,2929.26
4348082,-0.1134,0.0176,0.6412,-2.1875,0.0437,-0.0088,996.9126,constant_speed,2929.32
4348142,-0.0273,-0.0553,1.0272,-1.2425,0.595,0.0962,996.8479,constant_speed,2929.38
4348202,0.0998,0.1603,1.0568,0.0525,-0.945,-0.0787,996.8179,constant_speed,2929.44
4348262,-0.0187,-0.0074,0.8134,0.2537,0.07,-0.14,996.833,constant_speed,2929.5
4348322,0.0029,-0.1195,1.0529,-0.14,3.7362,0.7788,996.8672,constant_speed,2929.56
4348382,-0.0717,0.0584,0.8074,-0.3413,-2.6425,-0.3237,996.9834,constant_speed,2929.62
4348442,0.0827,0.0553,1.3156,2.8,2.3712,0.105,996.9829,constant_speed,2929.68
4348502,-0.0637,-0.0602,0.7437,-0.98,1.4438,0.315,996.9399,constant_speed,2929.74
4348562,0.0075,0.0951,0.8333,0.7088,-2.8612,-0.4988,997.0061,constant_speed,2929.8
4348622,0.1039,0.0565,1.1929,2.0738,-1.6625,-0.0175,997.0962,constant_speed,2929.86
4348682,0.0281,-0.1186,1.1326,-1.1638,3.7188,0.5425,997.0303,constant_speed,2929.92
4348742,-0.0273,0.1149,0.75,-0.875,-0.3237,0.2188,996.929,constant_speed,2929.98
4348802,-0.06,-0.0905,0.9238,0.7613,-0.9187,0.2188,996.926,constant_speed,2930.04
4348862,-0.0329,-0.0237,0.9216,1.61,-0.6125,0.455,996.9309,constant_speed,2930.1
4348922,0.0675,0.0339,1.0604,0.9275,1.54,0.42,997.0549,constant_speed,2930.16
4348982,-0.0029,0.0668,0.9338,1.05,1.6363,0.1225,997.1025,constant_speed,2930.22
4349042,0.0214,-0.0461,0.8774,-0.14,-4.3137,0.6037,997.1023,constant_speed,2930.28
4349102,0.0815,0.0193,0.9837,-0.5425,-4.9088,0.0613,997.1104,constant_speed,2930.34
4349162,0.0386,0.0088,1.0358,2.7125,2.0125,-0.1488,997.0923,constant_speed,2930.4
4349222,-0.0434,-0.0557,0.8835,0.28,1.3563,0.1225,997.0576,constant_speed,2930.46
4349282,0.0917,0.0178,1.0358,-1.4612,-3.3512,0.385,997.0398,constant_speed,2930.52
4349342,0.0556,0.0742,1.3061,1.1463,2.1875,-0.0088,997.0876,constant_speed,2930.58
4349402,0.0281,-0.0744,0.9731,-0.455,0.6125,0.5863,997.0295,constant_speed,2930.64
4349462,0.0507,0.05,1.057,-2.765,-0.3063,0.6825,997.0208,constant_speed,2930.7
4349522,-0.0352,-0.0884,0.7925,-0.0175,-3.57,0.21,997.051,constant_speed,2930.76
4349582,0.0664,0.0548,1.1639,2.7912,0.3413,0.56,997.0403,constant_speed,2930.82
4349642,0.0522,0.0724,0.9337,0.0,-1.82,0.9013,997.0271,constant_speed,2930.88
4349702,0.0395,-0.0569,0.889,-1.61,4.48,0.1488,997.0903,constant_speed,2930.94
4349762,-0.0568,-0.0623,0.698,-0.7262,-4.4187,0.455,996.9995,constant_speed,2931.0
4349822,0.0888,-0.0331,0.9118,0.4288,-3.9375,0.21,996.9841,constant_speed,2931.06
4349882,-0.0187,-0.0188,0.942,0.9887,2.5025,0.2713,996.9771,constant_speed,2931.12
4349942,0.0323,-0.0027,1.0582,0.1312,-2.0738,0.2275,997.0081,constant_speed,2931.18
4350002,-0.0681,-0.0423,0.8497,-0.7962,-4.305,0.84,996.9351,constant_speed,2931.24
4350062,-0.0063,0.0368,1.1348,1.015,2.3537,0.0962,996.9397,constant_speed,2931.3
4350122,-0.1114,-0.0925,0.6798,-0.9887,-2.9313,0.4025,996.9307,constant_speed,2931.36
4350182,0.0227,-0.0429,0.866,-1.3913,-4.445,0.5512,996.8333,constant_speed,2931.42
4350242,-0.0267,-0.0471,0.9331,1.015,-1.5488,0.4462,996.8093,constant_speed,2931.48
4350302,0.0138,-0.0182,1.0024,2.1088,-0.1488,0.3063,996.863,constant_speed,2931.54
4350362,0.0578,-0.029,1.2098,1.1725,4.6462,1.0762,996.8923,constant_speed,2931.6
4350422,0.0151,0.0066,1.0248,1.3475,3.1325,0.2713,996.9863,constant_speed,2931.66
4350482,-0.082,-0.0967,0.6198,-0.2537,-0.63,0.0875,996.9497,constant_speed,2931.72
4350542,0.1106,-0.0985,1.2157,0.77,-5.7925,1.0588,996.9006,constant_speed,2931.78
4350602,-0.0176,-0.0057,1.1039,0.77,2.9137,0.5425,996.7756,constant_speed,2931.84
4350662,0.0481,0.0278,1.0516,2.0738,1.1375,0.3675,996.7615,constant_speed,2931.9
4350722,-0.0146,-0.0542,0.8366,-1.9863,-1.54,0.7,996.7507,constant_speed,2931.96
4350782,-0.0303,0.0386,0.915,-0.5688,-0.1663,0.5863,996.7629,constant_speed,2932.02
4350842,-0.0063,-0.0151,1.0256,1.47,-2.66,0.35,996.7788,constant_speed,2932.08
4350902,0.0813,0.0481,1.1857,0.5863,1.575,1.0237,996.8628,constant_speed,2932.14
4350962,-0.021,0.0507,0.9085,-1.9863,1.4875,0.3587,996.9238,constant_speed,2932.2
4351022,0.0923,0.0198,1.1248,-1.3125,0.5688,0.5337,996.8691,constant_speed,2932.26
4351082,-0.1064,-0.1227,0.8999,-1.9512,4.6112,0.98,996.8127,constant_speed,2932.32
4351142,-0.1181,-0.1489,0.8738,0.4025,6.4225,0.9887,996.7524,constant_speed,2932.38
4351202,0.0095,-0.0063,0.8578,1.6712,-4.0425,1.05,996.7664,constant_speed,2932.44
4351262,0.0429,-0.0842,1.2151,2.4062,1.6975,0.98,996.7959,constant_speed,2932.5
4351322,-0.07,0.0032,0.8993,-0.7175,-1.33,0.0962,996.7827,constant_speed,2932.56
4351382,0.021,0.0162,0.8269,0.07,-0.2625,-0.035,996.7686,constant_speed,2932.62
4351442,0.0215,-0.0817,1.0031,-0.5688,0.665,0.665,996.8748,constant_speed,2932.68
4351502,-0.0166,-0.0827,0.8922,-0.6037,-4.7688,0.1225,996.9385,constant_speed,2932.74
4351562,0.1127,0.0541,1.1239,1.8725,0.5688,0.0437,996.9749,constant_speed,2932.8
4351622,0.0858,0.0071,1.0965,-1.2775,1.9775,0.4638,996.9482,constant_speed,2932.86
4351682,0.0181,-0.062,1.054,-1.19,0.7613,0.35,996.8875,constant_speed,2932.92
4351742,-0.0176,0.0214,0.9304,0.5163,0.3063,0.07,996.8518,constant_speed,2932.98
4351802,0.0198,-0.1127,0.915,-0.21,0.0437,0.245,996.8013,constant_speed,2933.04
4351862,0.0313,0.067,1.0189,-0.4638,-0.6475,0.7962,996.8254,constant_speed,2933.1
4351922,0.0461,0.0424,0.9714,-0.9275,-2.5113,-0.1138,996.8708,constant_speed,2933.16
4351982,0.1127,-0.0219,1.3967,1.1287,5.46,0.6037,996.8643,constant_speed,2933.22
4352042,-0.0025,-0.023,0.9518,0.5512,-1.3563,1.05,996.8455,constant_speed,2933.28
4352102,0.0303,0.1464,0.7745,1.3212,-2.3275,-0.1663,996.7866,constant_speed,2933.34
4352162,0.0059,-0.0297,0.9347,-1.4612,-0.9975,0.2013,996.8118,constant_speed,2933.4
4352222,0.0936,0.0373,1.2258,0.945,0.1838,0.805,996.8281,constant_speed,2933.46
4352282,0.1854,0.0525,1.3366,1.015,2.1962,0.1138,996.8281,constant_speed,2933.52
4352342,0.0073,-0.1732,1.1819,-1.4175,6.65,0.2887,996.8328,constant_speed,2933.58
4352402,-0.0195,-0.1274,0.6795,-1.6187,-4.515,0.3587,996.9092,constant_speed,2933.64
4352462,0.0715,0.0553,1.0614,1.0325,-1.7938,0.1663,996.9163,constant_speed,2933.7
4352522,0.0481,-0.1047,1.0863,1.7675,3.9637,0.5775,996.8848,constant_speed,2933.76
4352582,-0.0262,-0.0594,0.9603,1.0675,-2.1088,1.0325,996.908,constant_speed,2933.82
4352642,0.0763,0.0046,1.2299,1.925,0.8225,0.2537,996.9507,constant_speed,2933.88
4352702,0.0452,-0.0929,1.0019,0.4812,0.63,0.7175,996.9202,constant_speed,2933.94
4352762,0.0016,-0.053,0.9675,-0.2625,-0.7613,0.7088,996.9524,constant_speed,2934.0
4352822,0.0595,0.0386,1.1382,0.7088,0.2713,0.525,996.9177,constant_speed,2934.06
4352882,-0.0403,-0.0344,0.9396,1.6187,-0.315,0.7,996.9602,constant_speed,2934.12
4352942,0.0525,-0.0022,1.2583,1.6275,-2.3012,0.8225,996.907,constant_speed,2934.18
4353002,0.0635,0.0569,1.0202,1.3913,-0.63,-0.105,996.9463,constant_speed,2934.24
4353062,-0.0418,-0.1117,0.9533,0.63,3.5612,0.14,996.9971,constant_speed,2934.3
4353122,0.0107,-0.0095,0.9382,-0.8225,-2.3537,0.1575,997.0747,constant_speed,2934.36
4353182,0.0493,0.0773,0.9931,0.8838,0.0875,-0.07,997.0972,constant_speed,2934.42
4353242,-0.0367,-0.0698,0.9928,0.0437,0.6475,0.07,997.021,constant_speed,2934.48
4353302,-0.0156,0.0237,0.9499,0.3675,3.115,0.6388,996.9778,constant_speed,2934.54
4353362,0.0007,0.0014,0.946,1.4612,1.1113,-0.07,996.9324,constant_speed,2934.6
4353422,-0.0371,-0.1394,0.9731,1.7763,-0.5425,0.3675,996.8989,constant_speed,2934.66
4353482,0.002,-0.0691,0.8372,1.7237,-2.6425,0.1488,996.9077,constant_speed,2934.72
4353542,0.0845,0.0361,1.2091,2.24,3.2287,0.2887,996.9294,constant_speed,2934.78
4353602,-0.0334,0.0534,0.8493,1.75,1.155,0.3413,997.033,constant_speed,2934.84
4353662,0.0286,0.0066,1.1443,-0.7175,0.6212,0.105,997.0168,constant_speed,2934.9
4353722,0.0523,0.0689,1.0965,0.0262,3.43,-0.4812,997.0488,constant_speed,2934.96
4353782,-0.052,-0.1266,0.8559,1.5838,2.9838,0.56,996.998,constant_speed,2935.02
4353842,-0.0162,-0.0684,0.74,-2.24,-4.9,0.7,996.979,constant_speed,2935.08
4353902,0.0425,0.0544,0.9543,0.4112,-2.9488,0.105,997.054,constant_speed,2935.14
4353962,0.0554,0.0115,1.1309,2.5287,-1.0675,0.2713,997.0784,constant_speed,2935.2
4354022,-0.0346,0.0368,0.834,-0.5863,2.4062,0.3325,997.071,constant_speed,2935.26
4354082,-0.0029,0.0153,1.0174,-1.47,-0.7262,0.35,997.1057,constant_speed,2935.32
4354142,-0.0459,-0.0473,0.8921,-0.3587,-0.8487,0.6037,997.1208,constant_speed,2935.38
4354202,0.0688,0.0349,0.8859,-2.9662,-5.075,0.4638,997.1709,constant_speed,2935.44
4354262,0.0429,0.0798,0.9692,-3.2287,0.2975,0.2275,997.208,constant_speed,2935.5
4354322,-0.0268,0.0388,0.9881,0.8313,1.8025,0.28,997.2039,constant_speed,2935.56
4354382,0.04,-0.0043,1.1056,-1.6275,-2.8175,0.315,997.1772,constant_speed,2935.62
4354442,0.0002,-0.0248,1.047,-0.3762,2.8438,-0.1488,997.1477,constant_speed,2935.68
4354502,-0.0032,0.0359,1.0072,2.3625,-0.1925,-0.2275,997.1633,constant_speed,2935.74
4354562,0.0127,-0.013,0.7711,0.4112,-3.7362,0.1225,997.1638,constant_speed,2935.8
4354622,0.0,0.0264,1.015,-2.0563,-0.7175,0.0875,997.1296,constant_speed,2935.86
4354682,-0.0602,-0.0234,0.9919,0.9013,0.63,-0.3063,997.1206,constant_speed,2935.92
4354742,-0.01,-0.034,0.9765,-0.9625,-0.1225,-0.0875,997.1619,constant_speed,2935.98
4354802,-0.0265,-0.0522,0.9653,-1.4262,-0.3587,0.2975,997.155,constant_speed,2936.04
4354862,0.0012,0.0425,0.9757,2.7912,-0.7613,0.5075,997.0894,constant_speed,2936.1
4354922,0.0554,0.0534,1.0956,-0.7,-1.5575,0.07,997.1025,constant_speed,2936.16
4354982,0.0334,-0.0994,1.0985,-0.1138,3.5438,0.2188,997.0859,constant_speed,2936.22
4355042,-0.0168,0.1174,0.916,0.7,0.0175,-0.14,997.0896,constant_speed,2936.28
4355102,0.0595,-0.031,1.0265,0.7788,0.2188,0.0437,997.0754,constant_speed,2936.34
4355162,0.0173,-0.0139,1.1775,-0.2887,1.1725,0.0262,997.0356,constant_speed,2936.4
4355222,-0.0143,0.02,1.0033,1.1638,2.1175,0.5863,997.0298,constant_speed,2936.46
4355282,-0.0298,-0.1024,0.8538,-2.3363,-2.7037,-0.2887,997.0398,constant_speed,2936.52
4355342,0.0259,-0.106,0.9959,-1.0762,1.5137,0.5075,997.0366,constant_speed,2936.58
4355402,0.0398,0.0369,1.2466,2.87,1.085,0.4375,997.021,constant_speed,2936.64
4355462,0.0732,0.1022,1.1273,-1.0237,1.1113,0.385,997.0527,constant_speed,2936.7
4355522,0.0169,-0.0199,1.0551,0.1312,1.2687,0.5863,997.0596,constant_speed,2936.76
4355582,-0.0347,-0.0163,0.6049,-0.2013,-5.8888,-0.2188,997.1287,constant_speed,2936.82
4355642,0.1128,-0.0244,1.3669,0.28,1.7587,0.3237,997.1292,constant_speed,2936.88
4355702,0.0463,-0.0245,1.2027,-0.1488,2.52,0.2887,997.1279,constant_speed,2936.94
4355762,0.0012,0.0544,1.023,3.0275,3.9813,0.2013,997.1116,constant_speed,2937.0
4355822,0.0043,-0.0464,0.9687,-0.6212,-1.1725,-0.1663,997.1726,constant_speed,2937.06
4355882,0.0076,-0.0605,1.0533,2.3187,2.4938,0.5863,997.1743,constant_speed,2937.12
4355942,-0.0851,-0.0114,0.7857,1.8288,-3.4562,-0.4375,997.1353,constant_speed,2937.18
4356002,0.074,-0.0872,1.0983,1.68,2.3537,0.2362,997.1138,constant_speed,2937.24
4356062,0.0044,-0.0417,1.0225,-0.8225,1.3737,0.4375,997.1221,constant_speed,2937.3
4356122,0.1654,0.2033,1.4549,1.4612,-0.07,0.14,997.1501,constant_speed,2937.36
4356182,0.0167,-0.0479,1.0557,-0.525,2.9575,0.105,997.1841,constant_speed,2937.42
4356242,-0.0034,-0.023,0.8045,-0.7525,0.8575,0.4025,997.1799,constant_speed,2937.48
4356302,-0.0935,0.0005,0.6337,-0.1925,-4.7775,0.2188,997.1838,constant_speed,2937.54
4356362,0.0402,-0.1121,1.1678,-0.1925,0.105,0.91,997.1953,constant_speed,2937.6
4356422,0.0047,-0.0229,1.0235,0.7088,2.4675,0.665,997.2,constant_speed,2937.66
4356482,0.0778,0.1274,0.9931,0.6737,1.9512,-0.035,997.1797,constant_speed,2937.72
4356542,-0.0313,-0.05,0.8808,0.9975,2.2838,-0.1312,997.0928,constant_speed,2937.78
4356602,0.0442,-0.0786,0.903,1.435,-2.8,0.5688,997.126,constant_speed,2937.84
4356662,0.0064,0.0586,0.9218,-0.2975,-2.5988,-0.1138,997.1028,constant_speed,2937.9
4356722,0.0329,-0.0473,0.8881,0.4112,-0.735,0.1312,997.0615,constant_speed,2937.96
4356782,-0.0367,0.0106,0.7826,-0.9712,-3.1412,0.4638,997.0427,constant_speed,2938.02
4356842,0.0517,0.0336,0.9658,-2.59,-2.4237,0.0,996.9905,constant_speed,2938.08
4356902,0.0285,-0.0916,1.063,0.1312,2.8175,0.175,996.9985,constant_speed,2938.14
4356962,0.0105,-0.1036,0.8372,-0.4638,-2.8438,0.4988,997.0056,constant_speed,2938.2
4357022,0.0198,0.0254,0.7354,-0.4025,-3.6662,-0.315,997.0042,constant_speed,2938.26
4357082,0.1136,-0.0151,1.3601,2.8087,-1.1463,0.2188,997.0083,constant_speed,2938.32
4357142,0.0434,-0.0009,1.0643,-1.6363,-0.1925,0.42,996.9875,constant_speed,2938.38
4357202,0.1872,0.1408,1.2231,-1.8112,5.2762,0.3063,997.0181,constant_speed,2938.44
4357262,-0.1969,-0.1344,0.5683,0.56,-1.4963,0.1838,997.0056,constant_speed,2938.5
4357322,0.1014,0.0237,1.1038,2.31,-3.1588,0.7788,996.9846,constant_speed,2938.56
4357382,0.1156,0.1041,1.2659,1.645,-2.2225,0.2713,996.9419,constant_speed,2938.62
4357442,0.0244,-0.012,1.2195,0.7437,4.69,0.3675,997.0068,constant_speed,2938.68
4357502,0.0039,-0.0895,0.934,0.7262,-1.1463,0.5163,997.0498,constant_speed,2938.74
4357562,0.0361,0.0071,1.0689,-0.2625,2.3625,-0.07,997.0383,constant_speed,2938.8
4357622,-0.0012,-0.0095,0.9823,2.7387,-0.28,0.4638,997.1423,constant_speed,2938.86
4357682,-0.017,-0.0229,0.7388,0.6125,-3.8588,0.6475,997.1519,constant_speed,2938.92
4357742,0.0432,-0.0344,1.0762,-0.8662,-1.2687,0.245,997.1428,constant_speed,2938.98
4357802,0.079,-0.0095,1.1997,1.2775,0.7788,0.6125,997.085,constant_speed,2939.04
4357862,0.029,-0.0983,1.0604,1.33,-1.0412,0.8313,997.1052,constant_speed,2939.1
4357922,0.0844,-0.0212,1.0755,-0.42,0.63,0.2275,997.1182,constant_speed,2939.16
4357982,-0.0373,-0.0054,0.8006,0.7875,0.2625,0.2362,997.0269,constant_speed,2939.22
4358042,0.0054,0.0176,1.0929,0.4288,-1.1812,0.665,997.0925,constant_speed,2939.28
4358102,0.0401,0.0005,1.2543,0.0875,0.1925,0.14,997.1313,constant_speed,2939.34
4358162,0.109,0.0544,1.4553,0.6125,6.51,0.175,997.158,constant_speed,2939.4
4358222,0.0476,-0.0374,0.9662,-0.8138,0.0437,0.28,997.147,constant_speed,2939.46
4358282,0.0147,-0.0317,0.9945,-0.56,-1.0762,0.1925,997.2083,constant_speed,2939.52
4358342,0.0217,-0.0068,1.0648,1.785,0.2625,0.1312,997.2612,constant_speed,2939.58
4358402,0.0339,0.0048,0.9233,1.3475,0.5163,0.455,997.2837,constant_speed,2939.64
4358462,-0.0022,0.0215,0.8826,-1.0325,0.0175,0.595,997.3538,constant_speed,2939.7
4358522,0.0671,0.029,1.2059,2.45,4.725,0.1925,997.3569,constant_speed,2939.76
4358582,0.0276,-0.0669,0.9927,1.1025,-0.5075,0.3325,997.3235,constant_speed,2939.82
4358642,0.0185,-0.0405,0.9811,0.5512,-0.315,0.6125,997.3872,constant_speed,2939.88
4358702,0.0293,0.0925,1.0019,2.2313,1.2337,0.3413,997.4146,constant_speed,2939.94
4358762,0.0029,0.0171,1.0707,0.805,-1.225,-0.0175,997.394,constant_speed,2940.0
4358822,-0.0281,-0.072,1.0795,0.0525,2.2575,0.56,997.3438,constant_speed,2940.06
4358882,0.0224,0.0168,1.0474,0.98,2.87,0.2275,997.2231,constant_speed,2940.12
4358942,-0.0132,-0.0232,0.9054,0.2713,-2.5113,0.5337,997.0747,constant_speed,2940.18
4359002,0.0402,-0.0798,1.1629,0.6825,-0.3413,0.7525,997.0303,constant_speed,2940.24
4359062,-0.0206,0.0425,0.9986,0.9975,-0.63,0.2013,997.0642,constant_speed,2940.3
4359122,0.0762,0.0309,1.0722,1.0675,2.5725,0.315,997.1306,constant_speed,2940.36
4359182,0.0276,-0.0493,0.9315,-1.61,-0.4725,0.3938,997.1562,constant_speed,2940.42
4359242,0.0188,0.0561,1.1223,0.5163,1.6363,0.6475,997.0889,constant_speed,2940.48
4359302,0.0285,-0.0203,0.925,-0.5512,0.2975,0.3762,996.9287,constant_speed,2940.54
4359362,-0.0383,-0.0961,0.8491,0.1312,-0.84,0.875,996.8469,constant_speed,2940.6
4359422,0.0307,0.0132,1.0444,0.7525,0.6388,0.3063,996.644,constant_speed,2940.66
4359482,0.0273,-0.008,0.9082,0.9013,-1.8463,-0.2013,996.6143,constant_speed,2940.72
4359542,0.0044,-0.0142,1.1363,1.4875,1.785,0.175,996.6279,constant_speed,2940.78
4359602,0.0352,0.0437,1.1265,1.015,-0.0088,0.5775,996.5603,constant_speed,2940.84
4359662,-0.0099,-0.042,0.9206,0.9538,-3.9288,0.5775,996.5603,constant_speed,2940.9
4359722,0.0513,-0.0458,0.9622,1.0325,-0.4288,0.3237,996.6277,constant_speed,2940.96
4359782,0.0769,0.0974,1.0789,1.9162,-0.455,0.245,996.6982,constant_speed,2941.02
4359842,-0.0392,-0.0322,0.8488,0.0787,2.4325,0.2975,996.8313,constant_speed,2941.08
4359902,-0.0139,-0.0137,0.9797,-2.1613,2.2838,0.385,996.8955,constant_speed,2941.14
4359962,0.019,0.0381,1.0182,-0.1225,-3.0625,0.3762,996.8372,constant_speed,2941.2
4360022,-0.0036,-0.0417,1.1832,0.0787,4.0338,0.14,996.7678,constant_speed,2941.26
4360082,-0.0134,-0.0462,0.8352,-1.7062,0.7437,0.77,996.7688,constant_speed,2941.32
4360142,0.0132,0.0365,0.9956,0.21,-1.4438,0.6737,996.7871,constant_speed,2941.38
4360202,0.0354,-0.037,1.0917,3.1063,-1.3038,0.14,996.8328,constant_speed,2941.44
4360262,0.0115,0.0051,1.0011,0.2887,0.3413,0.385,996.8982,constant_speed,2941.5
4360322,-0.01,-0.0234,0.9846,0.4812,0.875,0.3063,996.9062,constant_speed,2941.56
4360382,-0.0113,0.0041,0.941,1.0325,-2.0213,-0.0875,996.9016,constant_speed,2941.62
4360442,0.0527,-0.0485,1.2215,1.2687,0.805,0.5688,996.9248,constant_speed,2941.68
4360502,0.102,0.0629,1.1836,-0.8838,-2.3187,0.5512,996.9705,constant_speed,2941.74
4360562,0.0171,0.0334,1.0616,1.225,1.26,0.21,997.032,constant_speed,2941.8
4360622,-0.0365,-0.0115,0.9624,0.035,1.9775,0.3675,997.0417,constant_speed,2941.86
4360682,-0.0178,-0.0493,0.8674,-2.1788,-2.6512,0.4988,996.9983,constant_speed,2941.92
4360742,0.0525,-0.0246,1.0705,0.455,-2.6163,0.3063,996.9893,constant_speed,2941.98
4360802,-0.0062,-0.0625,1.0366,0.8838,0.875,0.4725,996.9785,constant_speed,2942.04
4360862,0.012,-0.0256,0.9374,-1.0237,-2.975,0.5075,997.0532,constant_speed,2942.1
4360922,-0.0403,-0.0078,0.9711,1.015,-0.7088,0.315,997.0664,constant_speed,2942.16
4360982,-0.0368,-0.042,0.8364,0.3587,-2.1613,0.3587,997.0078,constant_speed,2942.22
4361042,0.0493,0.0366,1.1093,1.1812,-0.7175,0.9975,996.9912,constant_speed,2942.28
4361102,-0.0324,-0.0736,0.8617,-0.9362,2.3187,-0.4288,997.0554,constant_speed,2942.34
4361162,0.0095,-0.063,1.0241,0.0613,1.5575,0.2013,997.0662,constant_speed,2942.4
4361222,0.0024,-0.0611,1.1339,0.7437,-3.1412,0.6475,997.0574,constant_speed,2942.46
4361282,0.0423,-0.0034,0.9959,1.9162,-0.735,0.6212,997.0671,constant_speed,2942.52
4361342,-0.0012,0.0381,0.9542,0.3762,1.0063,0.35,997.075,constant_speed,2942.58
4361402,-0.0281,-0.0029,1.0024,-0.5775,1.435,0.6037,997.0237,constant_speed,2942.64
4361462,0.0491,-0.0313,0.98,-0.4725,-2.2137,0.0088,997.0283,constant_speed,2942.7
4361522,0.0412,-0.0772,1.1124,-0.595,2.0038,0.5163,997.0557,constant_speed,2942.76
4361582,0.0369,-0.0085,1.2163,0.3938,2.5725,0.6475,997.0039,constant_speed,2942.82
4361642,0.0168,0.0258,0.8838,-0.21,-1.4787,0.8925,996.9426,constant_speed,2942.88
4361702,0.0027,-0.051,0.9909,-0.14,0.6212,0.175,996.9507,constant_speed,2942.94
4361762,0.0173,0.0527,1.0685,0.8138,0.6737,0.2013,996.9485,constant_speed,2943.0
4361822,0.0745,-0.0254,1.0489,0.91,5.1363,0.4462,996.6931,constant_speed,2943.06
4361882,-0.004,-0.0245,0.9957,-0.49,0.805,0.3237,996.6116,constant_speed,2943.12
4361942,0.0188,-0.0317,0.9887,-1.33,0.1663,0.5512,996.5244,constant_speed,2943.18
4362002,0.0047,0.0725,1.0272,0.6125,1.295,0.2188,996.5835,constant_speed,2943.24
4362062,0.1105,-0.0398,1.1788,0.42,0.1838,0.245,996.7573,constant_speed,2943.3
4362122,-0.0281,-0.07,0.865,-0.14,1.5838,0.525,996.7603,constant_speed,2943.36
4362182,0.0678,0.0329,0.937,-0.4375,-1.5137,0.0613,996.6492,constant_speed,2943.42
4362242,0.0256,-0.0752,1.0043,1.26,-1.1988,0.2537,996.5823,constant_speed,2943.48
4362302,-0.0434,-0.0472,0.8977,-1.1638,1.365,0.3063,996.6394,constant_speed,2943.54
4362362,0.0361,0.087,0.9055,0.63,1.1287,0.1575,996.7185,constant_speed,2943.6
4362422,0.0774,-0.0325,1.1602,-1.4,2.1525,0.4988,996.741,constant_speed,2943.66
4362482,0.0813,0.0564,1.0546,-1.7062,-0.525,0.7175,996.7812,constant_speed,2943.72
4362542,0.049,0.0356,1.0659,-0.455,1.54,-0.1925,996.7981,constant_speed,2943.78
4362602,0.0166,-0.0751,1.0659,-0.5512,2.8,0.2975,996.7883,constant_speed,2943.84
4362662,0.1154,0.0232,1.15,1.2687,-1.1375,1.05,996.7524,constant_speed,2943.9
4362722,0.0627,0.0573,1.2125,1.015,1.2425,0.6913,996.6919,constant_speed,2943.96
4362782,0.0386,-0.0173,1.0683,-0.3587,2.485,0.4638,996.8181,constant_speed,2944.02
4362842,-0.0816,0.0059,0.7651,-0.8925,-2.0738,0.28,996.8311,constant_speed,2944.08
4362902,0.012,0.024,0.8696,0.5163,1.7675,0.0088,996.8633,constant_speed,2944.14
4362962,0.0312,-0.0791,0.9582,0.7088,-0.5163,-0.245,996.8303,constant_speed,2944.2
4363022,0.1204,-0.0332,1.2112,-0.49,-2.0825,-0.0787,996.8369,constant_speed,2944.26
4363082,-0.0005,0.021,0.8633,1.295,5.1363,-0.1575,996.8352,constant_speed,2944.32
4363142,-0.0229,-0.0146,1.0463,1.1463,1.645,-0.385,996.8796,constant_speed,2944.38
4363202,-0.0224,0.0417,0.7366,-1.3038,-1.7587,-0.0962,996.8625,constant_speed,2944.44
4363262,0.0204,0.1266,1.0172,-0.1663,1.8288,-0.91,996.8298,constant_speed,2944.5
4363322,0.0207,-0.1152,1.1475,0.1663,2.9313,-0.2013,996.8306,constant_speed,2944.56
4363382,0.0276,-0.0093,0.804,-1.1463,-2.4062,0.5337,996.8201,constant_speed,2944.62
4363442,0.0448,0.018,0.946,0.2625,-1.9775,0.105,996.5837,constant_speed,2944.68
4363502,0.0761,0.0054,1.1195,1.89,1.0938,-0.105,996.5078,constant_speed,2944.74
4363562,0.0312,0.039,1.097,2.4762,-0.0088,0.7875,996.387,constant_speed,2944.8
4363622,0.0203,0.0525,0.9096,-0.9013,1.4,-0.2362,996.4614,constant_speed,2944.86
4363682,-0.0182,-0.0498,0.8567,1.61,-1.9512,0.105,996.4893,constant_speed,2944.92
4363742,0.0282,-0.0059,0.7443,0.0262,-5.565,0.2013,996.6077,constant_speed,2944.98
4363802,0.0166,0.0827,1.0967,-2.8525,3.4125,0.0175,996.6775,constant_speed,2945.04
4363862,-0.0532,-0.1642,0.843,-1.1988,3.255,-0.175,996.7776,constant_speed,2945.1
4363922,-0.0186,-0.0265,0.898,0.8575,0.6913,0.6913,996.7905,constant_speed,2945.16
4363982,0.0801,0.0778,1.1093,1.8637,-2.7738,0.3413,996.7886,constant_speed,2945.22
4364042,-0.003,-0.0937,1.019,3.535,1.8725,-0.28,996.884,constant_speed,2945.28
4364102,0.0746,0.0168,1.0639,1.5225,2.4938,0.1663,996.9207,constant_speed,2945.34
4364162,0.0274,0.1191,0.8891,-1.12,-0.5775,0.07,996.7844,constant_speed,2945.4
4364222,-0.0026,-0.0954,0.903,1.12,-0.4988,-0.2537,996.7268,constant_speed,2945.46
4364282,0.0513,0.0262,1.0009,-0.21,-2.3187,0.42,996.6943,constant_speed,2945.52
4364342,-0.001,0.0874,1.0235,0.3325,2.4588,-0.1225,996.7603,constant_speed,2945.58
4364402,-0.0073,-0.057,0.9171,0.21,-0.875,-0.28,996.8555,constant_speed,2945.64
4364462,0.0874,0.0137,0.8474,-0.6913,-4.9,0.2975,996.8423,constant_speed,2945.7
4364522,0.0129,-0.002,0.9822,0.6737,0.2625,-0.4375,996.886,constant_speed,2945.76
4364582,-0.0002,-0.0053,0.9887,1.4787,1.1375,-0.4725,996.8213,constant_speed,2945.82
4364642,0.0302,0.0079,0.9328,0.28,-1.785,0.56,996.8059,constant_speed,2945.88
4364702,0.0254,0.1066,1.0618,-1.0588,0.7262,-0.315,996.8054,constant_speed,2945.94
4364762,-0.0478,-0.0428,0.8037,-0.3938,-2.1875,-0.28,996.8096,constant_speed,2946.0
4364822,0.042,-0.0269,0.9473,-0.0262,-1.7675,0.0875,996.8179,constant_speed,2946.06
4364882,0.0681,0.1283,0.9875,-1.3737,1.995,-0.1838,996.8325,constant_speed,2946.12
4364942,-0.0601,-0.0778,0.8953,0.525,0.1138,-0.4638,996.8628,constant_speed,2946.18
4365002,0.0005,-0.0162,0.8796,-1.2162,-2.4938,0.3762,996.7859,constant_speed,2946.24
4365062,0.0293,0.0431,1.1412,-0.7175,-0.7962,-0.2975,996.769,constant_speed,2946.3
4365122,0.0044,-0.1035,0.8622,1.9075,0.56,-0.0962,996.863,constant_speed,2946.36
4365182,0.0735,-0.0273,1.0512,0.4112,-0.2275,0.0613,996.8794,constant_speed,2946.42
4365242,-0.0678,0.0587,0.7792,-0.4638,-2.3975,-0.1225,996.7834,constant_speed,2946.48
4365302,-0.0237,-0.0881,1.0568,0.98,1.2075,-0.3237,996.7437,constant_speed,2946.54
4365362,0.0561,-0.001,0.9264,0.0525,-2.135,0.56,996.7349,constant_speed,2946.6
4365422,-0.0917,-0.0107,0.8603,-0.7613,4.13,-0.14,996.7883,constant_speed,2946.66
4365482,-0.0016,-0.0149,0.8877,0.6562,-1.085,-0.1838,996.8679,constant_speed,2946.72
4365542,0.0078,-0.0293,0.9751,-0.1925,-0.3762,0.3762,996.8992,constant_speed,2946.78
4365602,0.0195,0.0772,1.0631,-0.7962,1.925,-0.2188,996.8452,constant_speed,2946.84
4365662,-0.0356,-0.0078,0.7845,0.945,0.9538,-0.175,996.7915,constant_speed,2946.9
4365722,0.0248,-0.0156,0.8594,-0.4375,-2.9313,0.525,996.7324,constant_speed,2946.96
4365782,-0.0508,-0.0212,0.9519,-0.3762,-0.7525,-0.4725,996.6411,constant_speed,2947.02
4365842,0.0462,-0.0246,1.0573,0.9538,-1.2687,-0.1575,996.4846,constant_speed,2947.08
4365902,0.1061,-0.0178,1.1525,0.4638,0.9275,0.4288,996.5066,constant_speed,2947.14
4365962,0.0249,0.0351,0.9831,-0.28,-0.1312,0.175,996.5312,constant_speed,2947.2
4366022,-0.009,-0.0519,0.952,1.68,0.07,-0.3413,996.5288,constant_speed,2947.26
4366082,0.009,0.0461,0.9323,1.4438,-0.5075,0.77,996.626,constant_speed,2947.32
4366142,0.0492,0.1,1.1492,-0.5075,1.6625,-0.0525,996.6448,constant_speed,2947.38
4366202,0.0037,-0.0146,1.0612,0.3237,3.5,-0.105,996.6099,constant_speed,2947.44
4366262,0.0217,-0.0486,0.9645,-3.15,-1.785,0.28,996.6716,constant_speed,2947.5
4366322,-0.014,0.0119,0.8067,-2.2662,-1.4438,-0.2537,996.6409,constant_speed,2947.56
4366382,0.0298,-0.0581,1.0472,0.0875,2.205,-0.56,996.623,constant_speed,2947.62
4366442,-0.0087,0.0409,0.9714,-0.3938,-0.9275,0.3237,996.5466,constant_speed,2947.68
4366502,-0.017,0.0859,0.8794,-1.4438,-0.21,-0.035,996.2834,constant_speed,2947.74
4366562,-0.0115,-0.026,0.8968,-0.4112,-0.385,-0.0875,996.2432,constant_speed,2947.8
4366622,0.0146,-0.065,1.0128,-0.6562,-3.5,0.14,996.2515,constant_speed,2947.86
4366682,0.0012,0.0727,1.0602,0.5688,-0.5425,-0.0962,996.2747,constant_speed,2947.92
4366742,-0.0125,-0.0503,0.9564,2.0825,-2.0563,-0.4288,996.3232,constant_speed,2947.98
4366802,0.0276,-0.0159,0.8308,-1.3125,-3.4738,0.5688,996.4636,constant_speed,2948.04
4366862,0.0156,0.0176,0.9345,0.595,-0.8487,0.035,996.5322,constant_speed,2948.1
4366922,0.0343,-0.0415,1.0911,1.5488,3.5875,-0.0787,996.5376,constant_speed,2948.16
4366982,0.0701,-0.0279,1.0299,-0.6388,-1.645,-0.035,996.5308,constant_speed,2948.22
4367042,0.0711,0.0444,1.0274,0.98,0.5863,-0.14,996.6167,constant_speed,2948.28
4367102,-0.0969,0.03,1.0194,1.2513,-1.0063,-0.875,996.6533,constant_speed,2948.34
4367162,0.0025,-0.0515,1.1177,2.1,2.2575,0.6475,996.7361,constant_speed,2948.4
4367222,0.0939,-0.0151,1.0228,2.3275,-0.8138,-0.35,996.6892,constant_speed,2948.46
4367282,-0.1115,-0.0586,0.6756,-3.36,0.63,0.6825,996.6177,constant_speed,2948.52
4367342,-0.0473,-0.0239,0.8596,0.49,-3.255,0.0262,996.6284,constant_speed,2948.58
4367402,0.029,0.009,0.9426,-0.4288,-0.175,-0.2362,996.6492,constant_speed,2948.64
4367462,-0.0231,-0.0561,0.8806,2.415,-1.1638,-0.4288,996.6802,constant_speed,2948.7
4367522,0.0231,0.0317,0.9511,0.98,-1.61,0.5863,996.6904,constant_speed,2948.76
4367582,0.032,0.1386,0.9421,1.1025,0.49,-0.49,996.6565,constant_speed,2948.82
4367642,-0.0057,0.0248,0.9765,0.5512,0.07,-0.7088,996.6729,constant_speed,2948.88
4367702,0.1157,0.0756,1.111,-2.5025,2.5812,-0.3413,996.6711,constant_speed,2948.94
4367762,0.0654,0.1186,1.0738,-1.3125,2.625,-1.2687,996.5759,constant_speed,2949.0
4367822,-0.0574,-0.0717,0.7691,-0.2975,3.2113,-1.12,996.5708,constant_speed,2949.06
4367882,-0.0109,-0.0529,0.9213,-0.4462,-1.12,0.0613,996.5916,constant_speed,2949.12
4367942,0.0058,0.0828,0.9572,-1.3737,-0.6562,-0.6388,996.5964,constant_speed,2949.18
4368002,0.0332,-0.0122,1.0475,-1.19,2.52,0.2887,996.5776,constant_speed,2949.24
4368062,-0.0504,0.0701,0.6927,-3.0625,-4.1737,0.3325,996.5845,constant_speed,2949.3
4368122,0.0093,-0.0047,0.8779,-1.3825,-3.2638,-0.6562,996.5237,constant_speed,2949.36
4368182,0.0439,0.0139,1.1098,0.2537,0.5775,-0.0088,996.4849,constant_speed,2949.42
4368242,-0.0315,0.0084,0.9028,0.035,-2.66,0.5512,996.4941,constant_speed,2949.48
4368302,-0.0319,0.0454,0.9316,-0.315,0.1925,-0.42,996.5283,constant_speed,2949.54
4368362,0.0681,-0.0491,0.9787,1.2687,-0.315,-0.0262,996.4761,constant_speed,2949.6
4368422,-0.0176,-0.0376,0.9701,0.2887,-1.4612,-0.3675,996.4695,constant_speed,2949.66
4368482,0.0914,0.0252,1.2074,1.5488,-0.3413,-0.6212,996.4402,constant_speed,2949.72
4368542,-0.0225,-0.0295,0.8994,0.5337,2.835,-0.8487,996.4746,constant_speed,2949.78
4368602,-0.0329,-0.0224,0.701,-2.7738,-3.255,0.175,996.5833,constant_speed,2949.84
4368662,-0.0405,0.0816,0.5866,-1.3475,-6.8075,-0.3063,996.6233,constant_speed,2949.9
4368722,0.07,-0.0591,1.082,-1.155,0.8838,0.2362,996.7224,constant_speed,2949.96
4368782,0.0488,0.0464,1.0809,-1.6537,0.6562,-0.0613,996.7249,constant_speed,2950.02
4368842,0.0051,0.0498,0.9516,-0.4638,-0.7262,-0.5688,996.7961,constant_speed,2950.08
4368902,-0.001,-0.0077,0.9335,0.35,1.0588,-0.5863,996.7625,constant_speed,2950.14
4368962,-0.0192,-0.011,1.0731,0.525,0.8313,-0.0875,996.7231,constant_speed,2950.2
4369022,-0.0039,0.0443,0.9652,0.2188,-0.5863,-0.7088,996.6074,constant_speed,2950.26
4369082,0.0798,0.0176,1.0182,2.2487,-0.0175,-0.315,996.5774,constant_speed,2950.32
4369142,-0.0146,-0.0026,0.942,-0.4725,-2.66,0.0175,996.4795,constant_speed,2950.38
4369202,-0.0371,0.0473,0.9992,0.7437,-0.84,-0.8662,996.5676,constant_speed,2950.44
4369262,0.0972,-0.0046,1.2266,2.1088,2.0038,-0.6475,996.7109,constant_speed,2950.5
4369322,-0.0131,-0.012,1.0523,-0.315,2.3012,0.315,996.6587,constant_speed,2950.56
4369382,-0.0014,0.1179,0.9051,-0.4112,-0.1575,-0.735,996.5713,constant_speed,2950.62
4369442,0.0654,-0.0415,0.9543,-0.6125,-3.255,0.0175,996.6812,constant_speed,2950.68
4369502,0.0149,-0.0648,1.1175,-0.735,1.0063,0.35,996.7366,constant_speed,2950.74
4369562,0.0362,0.0653,1.0248,1.3825,1.4787,-0.3063,996.7644,constant_speed,2950.8
4369622,0.0605,-0.0007,1.1392,1.645,0.3413,-0.0262,996.7827,constant_speed,2950.86
4369682,-0.0563,-0.1059,0.904,-2.0387,0.77,0.7613,996.8677,constant_speed,2950.92
4369742,0.0034,0.0601,0.8606,0.63,-2.2575,-0.1488,996.8689,constant_speed,2950.98
4369802,0.0953,0.0061,1.1549,1.7237,-0.6037,0.2713,996.8982,constant_speed,2951.04
4369862,0.0247,-0.0268,1.0914,-0.525,0.5512,0.5512,996.9473,constant_speed,2951.1
4369922,-0.0703,0.0109,0.8023,-1.1025,-3.5,-0.35,996.9839,constant_speed,2951.16
4369982,-0.0312,-0.0545,0.8725,-1.3737,-1.6712,-0.2013,996.9341,constant_speed,2951.22
4370042,0.0053,-0.0651,1.1627,-0.0437,0.35,0.175,996.9492,constant_speed,2951.28
4370102,0.0354,0.0792,1.098,0.9887,1.9863,-0.4025,997.0137,constant_speed,2951.34
4370162,0.0276,-0.0296,0.8589,0.6037,-1.33,-0.1663,997.0493,constant_speed,2951.4
4370222,-0.0527,-0.0051,0.9356,-2.345,0.3587,0.1575,997.062,constant_speed,2951.46
4370282,-0.063,0.0036,0.7947,-0.8225,-1.015,-0.5425,997.0466,constant_speed,2951.52
4370342,0.096,-0.0014,1.0226,0.4462,-4.0775,-0.3325,997.0188,constant_speed,2951.58
4370402,0.0007,-0.0512,1.1072,-0.4462,3.1237,0.0175,997.0054,constant_speed,2951.64
4370462,0.0076,0.0839,0.9724,1.365,1.3038,-0.7175,997.0332,constant_speed,2951.7
4370522,0.0235,-0.0891,0.9255,0.6037,-1.26,-0.035,997.0303,constant_speed,2951.76
4370582,0.0165,-0.0422,1.137,-0.5425,2.73,0.0437,997.0288,constant_speed,2951.82
4370642,0.0039,0.0669,0.8096,2.03,-2.0125,-0.1575,997.0388,constant_speed,2951.88
4370702,0.0419,-0.0261,0.8594,0.0787,-2.5638,-0.07,997.0896,constant_speed,2951.94
4370762,0.0149,-0.0361,0.9067,-3.2462,-1.1988,0.1138,997.0833,constant_speed,2952.0
4370822,0.0332,0.0656,0.9658,1.1638,-1.5225,-0.4462,997.0005,constant_speed,2952.06
4370882,0.0922,-0.0019,1.2515,0.5425,3.8675,-0.07,996.9666,constant_speed,2952.12
4370942,0.0007,0.0264,1.0294,0.56,4.5325,0.2887,996.9294,constant_speed,2952.18
4371002,-0.0376,0.0581,0.7508,1.0675,0.0787,-0.525,996.8281,constant_speed,2952.24
4371062,0.02,-0.0168,1.0524,-0.1838,-1.0412,-0.455,996.7361,constant_speed,2952.3
4371122,-0.0335,0.0241,1.0602,-1.2862,0.4638,0.2625,996.7461,constant_speed,2952.36
4371182,0.0325,0.06,1.11,0.7088,2.5113,-0.3063,996.792,constant_speed,2952.42
4371242,0.0808,0.0219,1.0163,0.5688,-2.2225,0.3675,996.8477,constant_speed,2952.48
4371302,-0.0159,-0.0391,0.9764,-3.5612,0.0787,0.14,996.8286,constant_speed,2952.54
4371362,0.0056,0.0717,0.9498,-0.0875,-0.0787,-0.2713,996.8176,constant_speed,2952.6
4371422,-0.0124,-0.0381,0.7828,-1.645,-0.6125,0.3325,996.7883,constant_speed,2952.66
4371482,0.0168,0.0415,1.0019,-1.2862,0.8313,0.6562,996.7297,constant_speed,2952.72
4371542,0.0083,0.0229,0.9515,1.4875,1.435,-0.3063,996.6875,constant_speed,2952.78
4371602,0.0154,-0.0915,0.9807,-0.6475,-1.8375,0.56,996.6694,constant_speed,2952.84
4371662,-0.0106,-0.048,1.0258,-0.7788,0.9887,0.2975,996.6091,constant_speed,2952.9
4371722,-0.0222,-0.021,0.8758,0.42,0.6825,0.0,996.6941,constant_speed,2952.96
4371782,-0.0091,-0.0015,0.8205,-0.2975,-2.6337,0.1575,996.7263,constant_speed,2953.02
4371842,-0.0075,0.0007,0.8196,-2.9225,-2.415,0.1138,996.7305,constant_speed,2953.08
4371902,0.0229,0.0246,1.1234,0.6125,-0.8575,0.1925,996.7859,constant_speed,2953.14
4371962,0.085,-0.0186,1.1697,-0.1663,-1.6187,0.525,996.7954,constant_speed,2953.2
4372022,0.0367,0.0212,1.0474,-0.8662,2.975,0.455,996.7744,constant_speed,2953.26
4372082,0.0354,0.0384,1.049,1.2687,2.94,0.1575,996.811,constant_speed,2953.32
4372142,-0.04,-0.052,0.9557,0.8925,0.4638,0.42,996.8159,constant_speed,2953.38
4372202,-0.0137,0.0007,1.0265,-1.2075,1.0063,0.3762,996.7139,constant_speed,2953.44
4372262,0.0261,0.0334,1.0251,1.3388,1.2337,0.0962,996.6931,constant_speed,2953.5
4372322,-0.0256,-0.0958,1.0049,1.4262,-1.1025,0.6475,996.7688,constant_speed,2953.56
4372382,-0.0023,0.0403,0.9289,-1.295,-0.56,0.315,996.8049,constant_speed,2953.62
4372442,0.0448,0.0659,1.207,1.8112,1.6275,0.0175,996.7917,constant_speed,2953.68
4372502,0.001,-0.0134,1.0139,0.5163,1.26,0.6388,996.8464,constant_speed,2953.74
4372562,0.0398,0.0144,0.9628,-1.3475,0.21,0.1663,996.9106,constant_speed,2953.8
4372622,-0.0146,0.0244,0.8879,-0.5512,-1.0762,0.0,996.9302,constant_speed,2953.86
4372682,-0.0296,-0.1161,0.8869,0.6913,-3.045,0.7962,996.9333,constant_speed,2953.92
4372742,0.0351,0.1037,0.906,0.4638,-4.69,0.2625,996.9558,constant_speed,2953.98
4372802,0.0382,0.0024,1.1466,3.29,0.6212,0.0437,997.031,constant_speed,2954.04
4372862,-0.0351,-0.0649,0.906,1.2687,1.6187,0.1838,997.0879,constant_speed,2954.1
4372922,0.02,0.0631,0.8372,0.0525,-2.0475,-0.105,997.0837,constant_speed,2954.16
4372982,0.0105,-0.0225,0.8938,1.7413,-1.1375,-0.3413,996.9917,constant_speed,2954.22
4373042,0.0209,-0.0483,1.0377,1.3038,0.0613,0.3325,996.8611,constant_speed,2954.28
4373102,0.01,0.0785,1.0365,0.1488,2.2487,0.28,996.8682,constant_speed,2954.34
4373162,0.0501,0.0324,1.0712,-0.2537,0.0088,-0.105,996.9094,constant_speed,2954.4
4373222,-0.0651,-0.0293,1.0636,-1.4787,-1.1025,0.6475,996.8999,constant_speed,2954.46
4373282,0.0578,0.1576,1.0868,-2.4062,1.9775,0.0175,996.791,constant_speed,2954.52
4373342,-0.0266,-0.0213,1.0053,-0.2362,1.3475,-0.1138,996.823,constant_speed,2954.58
4373402,-0.0942,-0.1754,0.9321,0.3063,3.185,0.6125,996.877,constant_speed,2954.64
4373462,-0.0512,0.0117,0.7945,0.4988,-1.6363,0.3325,997.0151,constant_speed,2954.7
4373522,0.052,-0.0307,1.0914,3.0275,-4.1825,0.1575,997.104,constant_speed,2954.76
4373582,-0.06,-0.1037,0.9302,2.6775,-0.5337,0.7,997.1365,constant_speed,2954.82
4373642,0.0034,0.0302,1.0772,0.9712,1.1025,0.3675,997.1514,constant_speed,2954.88
4373702,0.072,0.0996,1.0182,2.275,-1.085,0.3587,997.1541,constant_speed,2954.94
4373762,-0.0573,-0.0642,0.8437,-1.33,-0.3413,0.4375,997.1372,constant_speed,2955.0
4373822,0.001,-0.0468,1.0561,-0.385,2.0475,-0.07,997.0408,constant_speed,2955.06
4373882,0.0412,0.0298,1.0929,3.0187,3.2638,-0.3325,996.9851,constant_speed,2955.12
4373942,0.0119,-0.0332,1.0476,0.4462,1.6187,0.6825,997.009,constant_speed,2955.18
4374002,0.0036,0.0305,0.9125,-0.1312,-1.8375,-0.3762,997.01,constant_speed,2955.24
4374062,0.1022,0.02,1.1463,1.6275,-1.9338,-0.0175,996.9431,constant_speed,2955.3
4374122,0.0464,-0.2247,1.041,-0.6825,-1.1463,0.6913,996.9624,constant_speed,2955.36
4374182,0.0547,0.0032,0.9889,0.2013,-0.0088,0.4812,996.9695,constant_speed,2955.42
4374242,-0.0185,0.0268,0.9026,0.9712,-0.9187,0.0787,996.988,constant_speed,2955.48
4374302,-0.0427,-0.0722,0.8358,-0.91,0.0525,0.77,996.9919,constant_speed,2955.54
4374362,0.0817,0.1135,1.1281,0.56,-0.875,-0.07,996.9631,constant_speed,2955.6
4374422,0.0278,0.051,1.0515,1.5925,4.9,-0.0613,997.0361,constant_speed,2955.66
4374482,0.0168,-0.1081,0.9506,-0.4988,2.8612,-0.07,997.0518,constant_speed,2955.72
4374542,0.0068,-0.0101,0.9057,-0.5775,-1.0412,0.0088,997.0947,constant_speed,2955.78
4374602,0.0254,0.0351,1.0072,0.5425,-2.1,0.1138,997.106,constant_speed,2955.84
4374662,0.0285,-0.07,1.1872,-1.4875,-0.7088,0.4288,997.0215,constant_speed,2955.9
4374722,-0.0132,0.0925,0.9084,-0.0787,2.3537,-0.0262,996.9163,constant_speed,2955.96
4374782,0.0086,0.0305,0.8679,0.7788,0.1225,0.0875,996.9187,constant_speed,2956.02
4374842,0.0332,-0.0906,1.0501,-1.33,0.77,0.3413,997.0195,constant_speed,2956.08
4374902,-0.0607,0.1252,1.0262,2.2225,2.7562,0.6388,997.085,constant_speed,2956.14
4374962,-0.0143,-0.0332,1.0982,-1.2162,-0.7437,0.21,997.0962,constant_speed,2956.2
4375022,-0.0002,-0.1212,1.0431,-2.5988,-0.14,0.7437,997.1184,constant_speed,2956.26
4375082,0.0395,0.0681,0.9852,1.4525,0.7175,-0.0088,997.1909,constant_speed,2956.32
4375142,-0.0237,-0.1186,0.8572,1.2687,-3.5438,0.5775,997.1912,constant_speed,2956.38
4375202,0.0309,-0.0508,1.0487,0.805,-0.0613,0.2362,997.1982,constant_speed,2956.44
4375262,0.0121,0.0285,1.0516,0.035,0.2537,0.3237,997.207,constant_speed,2956.5
4375322,-0.0456,0.0029,0.8924,2.2662,1.225,0.0,997.2048,constant_speed,2956.56
4375382,0.0303,-0.0736,1.0194,-1.295,0.4375,0.4812,997.1489,constant_speed,2956.62
4375442,0.0481,0.0547,1.1007,0.2013,2.4062,0.0175,997.1165,constant_speed,2956.68
4375502,-0.0175,-0.0696,0.9826,2.17,-0.2275,0.3325,997.2158,constant_speed,2956.74
4375562,-0.0263,-0.0405,0.9355,-0.6037,-0.525,0.1575,997.1907,constant_speed,2956.8
4375622,0.0474,0.0425,0.9643,0.0613,-1.5662,0.0525,996.9753,constant_speed,2956.86
4375682,-0.0503,-0.0261,0.9328,0.5863,-0.8138,0.3587,997.073,constant_speed,2956.92
4375742,-0.0044,0.0064,0.9569,-1.9688,0.6125,0.665,997.0732,constant_speed,2956.98
4375802,0.0312,0.0305,1.0995,-1.19,2.135,-0.0175,996.9309,constant_speed,2957.04
4375862,-0.0024,-0.0509,0.9557,-0.5163,1.7587,0.77,996.9536,constant_speed,2957.1
4375922,-0.0016,-0.0564,0.8916,-2.5638,-3.6925,0.5863,996.7505,constant_speed,2957.16
4375982,0.0226,0.0273,1.1167,0.2188,0.3762,0.3587,996.6846,constant_speed,2957.22
4376042,-0.0307,-0.0792,0.9509,2.4762,1.1375,0.385,996.7732,constant_speed,2957.28
4376102,-0.0056,-0.049,0.8701,-1.2075,-2.2662,0.49,996.8687,constant_speed,2957.34
4376162,0.0197,-0.0044,1.0204,0.0525,2.2575,0.21,996.8167,constant_speed,2957.4
4376222,0.0004,-0.0734,0.9919,0.0088,1.5225,0.5337,996.6323,constant_speed,2957.46
4376282,0.021,-0.0298,1.0253,-0.5688,-0.875,0.5512,996.6609,constant_speed,2957.52
4376342,0.0463,0.0669,1.1349,0.805,0.3938,-0.0088,996.6116,constant_speed,2957.58
4376402,-0.051,-0.1054,0.8555,1.7062,-0.5512,0.385,996.616,constant_speed,2957.64
4376462,0.0137,-0.0021,0.9411,-1.1375,-1.7763,0.7,996.4678,constant_speed,2957.7
4376522,0.0964,0.0761,1.1944,0.6562,0.8138,0.175,996.394,constant_speed,2957.76
4376582,-0.0039,-0.04,1.0726,1.3825,3.85,0.49,996.3433,constant_speed,2957.82
4376642,-0.01,-0.0678,0.8082,-1.0063,-0.7437,0.4725,996.366,constant_speed,2957.88
4376702,-0.0395,0.1013,0.9716,0.0437,1.0412,0.245,996.3735,constant_speed,2957.94
4376762,-0.0722,-0.1405,0.8392,0.0088,-1.0237,0.4812,996.3032,constant_speed,2958.0
4376822,0.0326,-0.0175,1.0314,0.0525,-3.7275,0.7788,996.2888,constant_speed,2958.06
4376882,0.0398,0.0545,1.0238,1.0325,1.085,-0.1312,996.2834,constant_speed,2958.12
4376942,0.0564,-0.0658,0.9623,0.8662,3.4825,0.6475,996.2922,constant_speed,2958.18
4377002,-0.0368,-0.0022,1.0121,-3.2462,1.3825,0.35,996.3086,constant_speed,2958.24
4377062,0.0303,0.0727,0.9784,1.015,-0.7875,0.14,996.4333,constant_speed,2958.3
4377122,0.021,-0.1254,1.0272,-0.385,-0.6037,0.49,996.5217,constant_speed,2958.36
4377182,0.0289,0.0292,1.1383,-0.2975,0.9975,0.6913,996.5759,constant_speed,2958.42
4377242,0.0566,0.0426,0.9868,-0.98,1.1725,0.14,996.5149,constant_speed,2958.48
4377302,0.029,-0.0925,1.0201,1.365,0.1925,0.6475,996.5105,constant_speed,2958.54
4377362,0.0564,0.0544,1.1673,-1.2425,1.645,0.245,996.4844,constant_speed,2958.6
4377422,0.0151,-0.014,1.0089,0.4988,-1.7062,0.3587,996.5029,constant_speed,2958.66
4377482,0.0601,-0.0551,0.931,0.245,-1.855,0.6913,996.4871,constant_speed,2958.72
4377542,0.051,0.0268,1.0299,-0.105,0.2713,0.56,996.4338,constant_speed,2958.78
4377602,0.0337,0.0763,1.0537,3.36,0.6212,-0.035,996.4609,constant_speed,2958.84
4377662,0.1466,0.029,1.4026,0.3762,3.8588,0.6037,996.4731,constant_speed,2958.9
4377722,0.0051,0.0694,1.1658,0.98,3.2113,0.7525,996.4617,constant_speed,2958.96
4377782,-0.0146,0.0361,1.0835,2.1088,5.81,-0.8138,996.4277,constant_speed,2959.02
4377842,-0.0873,-0.0664,0.7537,-1.0762,-2.1613,0.9275,996.5522,constant_speed,2959.08
4377902,0.0376,-0.1152,1.1423,0.6737,1.2337,0.595,996.5994,constant_speed,2959.14
4377962,-0.0207,0.0722,0.937,2.6425,0.6125,0.2975,996.6069,constant_speed,2959.2
4378022,-0.0215,0.0525,1.2556,0.84,2.9925,0.21,996.6343,constant_speed,2959.26
4378082,-0.0126,0.0276,0.9434,-0.1225,1.1375,-0.0525,996.6372,constant_speed,2959.32
4378142,0.0632,-0.03,1.1727,0.5863,0.4988,-0.0613,996.7524,constant_speed,2959.38
4378202,0.0327,-0.0115,1.0821,-1.645,1.8463,0.6737,996.7842,constant_speed,2959.44
4378262,0.0813,0.0449,1.0472,1.33,1.5662,0.3063,996.7283,constant_speed,2959.5
4378322,0.0276,0.0717,0.9777,2.695,-2.1875,0.3938,996.729,constant_speed,2959.56
4378382,-0.0613,-0.1254,0.9223,-0.0175,-1.5925,0.5863,996.6807,constant_speed,2959.62
4378442,0.0157,-0.022,1.1864,0.5775,-0.1838,0.455,996.6335,constant_speed,2959.68
4378502,0.0081,-0.0527,1.0321,2.8875,0.0262,0.5163,996.5864,constant_speed,2959.74
4378562,0.0195,0.05,0.9989,0.0175,1.0325,0.4375,996.5254,constant_speed,2959.8
4378622,0.0483,0.01,0.8855,-1.9688,-2.24,0.595,996.5195,constant_speed,2959.86
4378682,0.0227,0.052,0.9887,0.4288,-1.225,0.7788,996.4858,constant_speed,2959.92
4378742,-0.0508,-0.0522,0.844,-1.8725,-0.5163,0.805,996.5347,constant_speed,2959.98
4378802,-0.0451,0.085,0.9487,-1.575,-0.21,0.0787,996.5537,constant_speed,2960.04
4378862,0.0475,-0.0559,1.1848,1.785,2.9838,0.1925,996.5928,constant_speed,2960.1
4378922,-0.1086,-0.101,0.7829,-1.7587,1.9162,0.28,996.542,constant_speed,2960.16
4378982,-0.0007,0.0213,0.9264,0.7088,-2.4325,-0.4638,996.439,constant_speed,2960.22
4379042,-0.0131,0.0037,0.8876,1.5838,1.33,0.0,996.3816,constant_speed,2960.28
4379102,0.0135,-0.0842,0.9258,-0.9887,-0.2887,0.7525,996.4204,constant_speed,2960.34
4379162,0.0633,0.1579,1.1434,1.82,1.5137,-0.105,996.4839,constant_speed,2960.4
4379222,0.0173,-0.0947,0.8989,0.8925,-2.625,-0.0262,996.5601,constant_speed,2960.46
4379282,0.0534,-0.0269,1.2171,0.6562,0.1838,0.4638,996.5085,constant_speed,2960.52
4379342,0.0146,0.0988,1.0729,2.4237,0.805,0.0787,996.5352,constant_speed,2960.58
4379402,0.0488,-0.0168,1.0208,3.5438,5.4163,-0.455,996.5803,constant_speed,2960.64
4379462,0.0131,-0.0654,1.0372,-0.5425,-0.2537,0.6212,996.657,constant_speed,2960.7
4379522,0.0472,0.0977,1.0475,1.3212,-0.8138,0.2188,996.7434,constant_speed,2960.76
4379582,0.035,-0.0486,1.0722,0.875,-0.4375,-0.07,996.7458,constant_speed,2960.82
4379642,0.0839,-0.0346,1.2122,-0.7,2.1525,0.875,996.7178,constant_speed,2960.88
4379702,-0.0938,0.0825,0.7895,0.945,-0.21,0.2713,996.7312,constant_speed,2960.94
4379762,-0.0236,-0.0483,0.8913,-0.5688,-0.6037,0.035,996.6523,constant_speed,2961.0
4379822,0.0021,-0.0768,0.9218,-1.7938,-1.6625,0.4812,996.5698,constant_speed,2961.06
4379882,0.0385,0.059,1.057,1.0237,-1.0325,-0.1312,996.5903,constant_speed,2961.12
4379942,0.0032,-0.0396,1.027,-0.35,4.0075,-0.21,996.6187,constant_speed,2961.18
4380002,-0.0232,-0.0539,0.7479,-2.7912,-0.3237,0.3938,996.6455,constant_speed,2961.24
4380062,-0.0145,0.0556,0.8201,-0.49,-3.0013,0.1575,996.4417,constant_speed,2961.3
4380122,0.0261,-0.1027,1.1397,1.05,0.6475,0.105,996.3557,constant_speed,2961.36
4380182,0.0056,-0.0625,1.0536,-1.3388,0.875,0.6212,996.3347,constant_speed,2961.42
4380242,0.0022,0.0325,1.0095,1.7413,1.5925,-0.105,996.2659,constant_speed,2961.48
4380302,0.0327,0.0264,1.0621,1.2862,0.805,-0.1488,996.2085,constant_speed,2961.54
4380362,0.0237,-0.0695,1.0926,-1.3475,0.8575,0.5775,996.113,constant_speed,2961.6
4380422,0.0511,0.0232,1.0643,3.5787,1.47,0.245,996.1958,constant_speed,2961.66
4380482,0.0817,-0.0141,1.0371,1.6975,2.4062,0.0175,996.4045,constant_speed,2961.72
4380542,-0.0082,0.0334,0.6939,-4.0075,-3.1675,0.5075,996.4507,constant_speed,2961.78
4380602,-0.0138,-0.0816,0.8825,1.4875,-0.9538,0.35,996.4275,constant_speed,2961.84
4380662,0.0317,0.0393,1.1173,1.575,-1.3825,-0.2887,996.405,constant_speed,2961.9
4380722,0.0309,-0.0224,1.1225,-1.1812,2.9488,0.6562,996.3564,constant_speed,2961.96
4380782,-0.0256,-0.0191,1.0655,3.2987,3.255,-0.0875,996.3933,constant_speed,2962.02
4380842,0.0524,0.0059,1.0463,1.8987,-1.6537,0.315,996.3911,constant_speed,2962.08
4380902,0.0268,-0.0664,0.9197,-0.455,-3.465,-0.0088,996.439,constant_speed,2962.14
4380962,0.0232,0.0612,1.0502,1.5575,0.0875,0.2887,996.4502,constant_speed,2962.2
4381022,0.0617,0.0056,1.035,0.9362,0.14,0.1575,996.426,constant_speed,2962.26
4381082,0.0153,-0.0293,1.0499,-1.9075,-1.3913,0.6388,996.3906,constant_speed,2962.32
4381142,-0.0219,0.0244,1.0099,1.2075,0.9887,0.2013,996.3989,constant_speed,2962.38
4381202,0.0541,-0.0366,1.0505,1.3913,-0.0437,0.6737,996.457,constant_speed,2962.44
4381262,0.034,-0.089,1.027,-2.5287,1.3038,-0.035,996.5444,constant_speed,2962.5
4381322,-0.0271,0.017,0.9592,2.5375,0.2188,0.14,996.5332,constant_speed,2962.56
4381382,0.0074,-0.0483,0.9104,0.455,-0.175,0.0437,996.5881,constant_speed,2962.62
4381442,0.1021,-0.019,1.1287,-0.805,-2.8438,0.175,996.5933,constant_speed,2962.68
4381502,0.0291,0.0742,1.1883,4.2263,1.8987,0.1138,996.6108,constant_speed,2962.74
4381562,0.0578,0.01,1.1063,2.66,2.8612,0.6475,996.5796,constant_speed,2962.8
4381622,0.0198,0.0893,0.9862,-0.9275,-0.0962,0.245,996.6145,constant_speed,2962.86
4381682,-0.068,0.0322,0.8872,0.5863,-0.5425,0.1138,996.6675,constant_speed,2962.92
4381742,0.0527,-0.0137,1.0557,1.435,-1.6888,0.245,996.6409,constant_speed,2962.98
4381802,0.1037,0.0206,1.1698,-1.7763,-2.0563,0.315,996.6035,constant_speed,2963.04
4381862,0.017,0.0458,1.0177,1.9512,3.045,-0.1225,996.5095,constant_speed,2963.1
4381922,0.0719,-0.0188,1.0814,1.4,1.015,0.5075,996.5356,constant_speed,2963.16
4381982,0.0024,0.0303,0.9977,-1.4262,-0.7962,0.2975,996.5647,constant_speed,2963.22
4382042,0.0162,0.0432,1.0838,2.6775,1.3563,0.1138,996.656,constant_speed,2963.28
4382102,0.0448,0.0032,1.007,1.2425,-0.8662,0.455,996.6824,constant_speed,2963.34
4382162,0.0717,-0.0107,1.1034,-1.435,-1.8813,0.3413,996.6628,constant_speed,2963.4
4382222,-0.0243,0.0212,1.0865,0.98,-1.8025,-0.3413,996.6067,constant_speed,2963.46
4382282,0.035,-0.1222,1.23,2.38,5.5563,-0.1312,996.6289,constant_speed,2963.52
4382342,0.1584,0.1434,0.975,0.4725,-1.4438,0.4288,996.7058,constant_speed,2963.58
4382402,-0.0007,-0.0103,0.9636,2.0387,1.6537,0.2013,996.6479,constant_speed,2963.64
4382462,0.0046,-0.108,0.9908,0.5075,-1.47,0.2975,996.5608,constant_speed,2963.7
4382522,-0.0224,0.0472,0.8798,-1.1463,-4.9,0.3325,996.4597,constant_speed,2963.76
4382582,0.0795,-0.0766,0.9782,1.9338,-0.2537,-0.2537,996.4495,constant_speed,2963.82
4382642,0.1276,0.0063,1.2647,1.7675,1.575,0.2275,996.3992,constant_speed,2963.88
4382702,-0.0188,0.0517,0.9055,-2.52,0.56,-0.2275,996.3118,constant_speed,2963.94
4382762,-0.0441,-0.008,0.9002,-0.8838,0.2188,-0.4375,996.3533,constant_speed,2964.0
4382822,0.0119,-0.0578,1.0593,-0.8838,-0.0787,0.175,996.3328,constant_speed,2964.06
4382882,0.0465,0.0651,1.1683,-1.3475,2.3888,0.035,996.2966,constant_speed,2964.12
4382942,-0.0617,-0.0073,0.9523,0.8313,1.4612,-0.4375,996.281,constant_speed,2964.18
4383002,0.0227,-0.0378,0.9509,0.2188,-0.6125,0.175,996.3098,constant_speed,2964.24
4383062,0.0998,0.0395,1.3025,-0.6913,-0.245,0.3587,996.303,constant_speed,2964.3
4383122,0.0526,0.0071,1.0748,-0.14,-0.8662,-0.2275,996.2556,constant_speed,2964.36
4383182,-0.0007,-0.0437,0.7691,-0.315,-1.1113,0.42,996.2402,constant_speed,2964.42
4383242,-0.0226,0.049,0.6645,-1.8987,-4.5325,0.1838,996.2742,constant_speed,2964.48
4383302,0.0773,-0.0478,1.0416,0.6037,-1.7325,-0.7088,996.2698,constant_speed,2964.54
4383362,0.0945,-0.0375,1.0887,0.9187,-1.2687,0.7525,996.2988,constant_speed,2964.6
4383422,0.0651,0.0875,1.1766,-1.2337,2.1088,0.0088,996.3708,constant_speed,2964.66
4383482,0.0047,0.0102,0.9589,-0.1575,-0.3675,-0.4462,996.3845,constant_speed,2964.72
4383542,-0.0154,-0.0229,0.9169,0.28,-1.225,-0.385,996.3625,constant_speed,2964.78
4383602,0.0229,-0.0127,0.9698,-1.89,-3.8238,0.4112,996.4319,constant_speed,2964.84
4383662,-0.0246,-0.0135,1.057,1.9338,3.5787,-0.385,996.4912,constant_speed,2964.9
4383722,0.0115,-0.0436,0.948,0.0613,1.3475,0.2887,996.4277,constant_speed,2964.96
4383782,-0.0397,0.0368,0.984,-2.5113,-3.71,0.2275,996.3782,constant_speed,2965.02
4383842,0.0056,0.0542,1.1891,0.7,3.9725,-0.35,996.2698,constant_speed,2965.08
4383902,0.0215,-0.0855,1.1172,1.0063,2.4062,-0.0962,996.2458,constant_speed,2965.14
4383962,-0.0568,-0.0666,0.7017,-1.365,-0.385,0.0088,996.2622,constant_speed,2965.2
4384022,0.0334,0.0342,0.9929,1.1463,-1.12,-0.49,996.2905,constant_speed,2965.26
4384082,0.0641,-0.0262,1.0856,0.5863,-4.2,0.7088,996.271,constant_speed,2965.32
4384142,-0.0156,-0.0251,1.0615,-0.805,0.0787,-0.2537,996.3027,constant_speed,2965.38
4384202,-0.0971,-0.0903,0.7587,1.1025,-3.885,-0.4025,996.2959,constant_speed,2965.44
4384262,0.057,-0.0182,0.9748,0.7788,0.3587,0.1925,996.3486,constant_speed,2965.5
4384322,0.0092,0.0578,0.7988,-0.8838,-3.465,0.42,996.3799,constant_speed,2965.56
4384382,-0.0442,0.0061,1.1084,1.9512,-1.7413,-0.49,996.415,constant_speed,2965.62
4384442,0.0149,-0.0559,1.1819,0.8225,2.1437,0.2013,996.4502,constant_speed,2965.68
4384502,-0.0676,-0.0254,0.8458,-1.5575,-2.66,0.21,996.4304,constant_speed,2965.74
4384562,-0.0163,0.0354,1.046,-0.0962,0.9887,-0.2625,996.3652,constant_speed,2965.8
4384622,0.0825,-0.0535,1.0577,-0.7962,-2.5463,0.28,996.0371,constant_speed,2965.86
4384682,0.0576,0.0215,1.0724,-0.9275,1.47,0.0787,996.0117,constant_speed,2965.92
4384742,-0.0348,0.0044,0.9401,0.5688,3.01,-0.4288,996.0164,constant_speed,2965.98
4384802,0.0651,-0.0161,0.9882,0.2275,-2.1613,-0.1225,996.002,constant_speed,2966.04
4384862,0.0329,-0.01,1.0796,-0.5075,-3.08,0.1138,995.9763,constant_speed,2966.1
4384922,0.0488,0.052,1.0912,1.0063,-0.3237,-0.5337,995.9995,constant_speed,2966.16
4384982,0.0343,-0.0371,1.0577,-0.175,1.26,-0.0525,995.9443,constant_speed,2966.22
4385042,0.0076,-0.0213,0.9648,-1.0675,-0.455,0.2013,995.9585,constant_speed,2966.28
4385102,0.0171,0.0761,1.04,0.3762,-0.3325,-0.4725,995.9365,constant_speed,2966.34
4385162,0.022,-0.0857,1.1744,0.63,2.5725,0.4638,995.9534,constant_speed,2966.4
4385222,0.0476,0.0002,1.1294,-1.785,-0.7875,0.525,996.0376,constant_speed,2966.46
4385282,0.0346,0.0412,0.9538,1.295,-2.1088,0.35,996.0691,constant_speed,2966.52
4385342,-0.0353,-0.0862,0.9826,-0.1925,-0.4638,0.315,996.0796,constant_speed,2966.58
4385402,0.0781,-0.0159,1.0574,0.6913,-0.5863,0.4812,996.1294,constant_speed,2966.64
4385462,0.0256,0.0142,1.1158,1.5312,3.0712,0.0437,996.1572,constant_speed,2966.7
4385522,-0.016,-0.041,0.8157,-0.5863,0.7525,0.3675,996.1816,constant_speed,2966.76
4385582,-0.0986,-0.0681,0.6612,-3.1063,-2.0912,0.6125,996.2158,constant_speed,2966.82
4385642,0.0481,0.0183,1.2019,1.8725,-2.2313,0.5863,996.21,constant_speed,2966.88
4385702,0.0584,-0.0812,1.0917,1.5488,-0.1663,0.5512,996.165,constant_speed,2966.94
4385762,0.0158,-0.0039,1.086,0.4025,0.8313,0.805,996.1531,constant_speed,2967.0
4385822,-0.0156,0.0486,0.9636,1.1025,3.9375,0.105,996.1335,constant_speed,2967.06
4385882,-0.0059,-0.0893,0.8331,-0.4725,-0.4025,0.7088,996.0347,constant_speed,2967.12
4385942,0.0506,-0.0718,1.1229,-1.1375,-0.14,0.5863,996.0698,constant_speed,2967.18
4386002,0.0534,0.0302,1.0878,1.0762,1.0762,0.42,996.1455,constant_speed,2967.24
4386062,0.0184,-0.0091,1.127,1.2513,1.435,0.3938,996.1721,constant_speed,2967.3
4386122,0.0498,0.0557,1.0997,-2.1525,-2.8525,0.5512,996.0989,constant_speed,2967.36
4386182,0.0863,0.0781,1.1979,1.5575,-0.7437,0.315,996.104,constant_speed,2967.42
4386242,-0.0066,-0.1036,0.9499,0.385,1.3563,0.525,996.1362,constant_speed,2967.48
4386302,-0.0124,-0.024,1.0345,-0.245,0.4988,0.56,996.1069,constant_speed,2967.54
4386362,0.0503,0.0284,1.1534,2.6163,2.5638,0.1488,996.1436,constant_speed,2967.6
4386422,0.0196,-0.0163,0.9811,1.6537,-2.2137,0.28,996.1399,constant_speed,2967.66
4386482,0.0418,0.011,1.0752,-0.2188,-1.8025,0.3587,996.1189,constant_speed,2967.72
4386542,0.0605,0.0971,1.1402,1.5575,0.7525,-0.07,996.1177,constant_speed,2967.78
4386602,0.0296,-0.0507,1.0368,0.0,1.96,0.07,996.1443,constant_speed,2967.84
4386662,-0.0425,0.0335,0.9282,-3.3425,-0.28,0.2275,996.1348,constant_speed,2967.9
4386722,0.0226,0.0539,0.9181,0.0175,-0.8662,-0.2362,996.1003,constant_speed,2967.96
4386782,0.03,-0.0046,1.0277,-1.2775,0.0175,0.4025,996.0867,constant_speed,2968.02
4386842,0.061,-0.0228,1.1166,-1.6625,-3.1063,0.3587,996.0793,constant_speed,2968.08
4386902,0.0325,0.0834,1.259,1.3388,0.2625,0.1838,996.103,constant_speed,2968.14
4386962,0.0085,-0.1037,1.1048,-0.5512,0.7788,0.2887,996.1228,constant_speed,2968.2
4387022,-0.0356,-0.0485,0.9701,-1.6013,1.4088,0.14,996.238,constant_speed,2968.26
4387082,0.0368,0.0351,0.8791,0.9275,-1.3212,-0.2887,996.1838,constant_speed,2968.32
4387142,0.0098,-0.032,1.0142,0.0088,-0.7437,0.6212,996.1187,constant_speed,2968.38
4387202,-0.039,-0.0386,1.1017,-0.455,-1.9338,0.2362,996.1257,constant_speed,2968.44
4387262,0.0517,-0.0092,1.0355,2.5812,0.7175,0.0875,996.1572,constant_speed,2968.5
4387322,0.0322,-0.0612,1.1758,2.03,3.6925,0.3413,996.1658,constant_speed,2968.56
4387382,-0.0489,-0.0263,0.9343,-0.2887,1.6975,0.2188,996.1946,constant_speed,2968.62
4387442,0.0171,-0.0044,0.9589,1.1025,1.0325,-0.0962,996.1428,constant_speed,2968.68
4387502,-0.052,-0.0939,0.7945,-0.105,-3.0887,0.35,996.0996,constant_speed,2968.74
4387562,-0.0434,-0.0214,0.8706,-1.3388,-3.0013,0.3413,996.1262,constant_speed,2968.8
4387622,0.026,0.0039,0.9018,1.2425,-2.6862,0.1225,996.1648,constant_speed,2968.86
4387682,0.037,-0.072,1.1676,-0.2362,-0.0088,0.42,996.2168,constant_speed,2968.92
4387742,-0.0259,-0.0127,0.9739,-1.9688,0.3762,0.56,996.1743,constant_speed,2968.98
4387802,0.0289,-0.0076,0.9811,1.015,0.9187,0.2537,996.1458,constant_speed,2969.04
4387862,-0.0401,-0.0592,0.8004,-0.455,0.4988,1.0237,996.1885,constant_speed,2969.1
4387922,-0.0712,0.0262,0.7954,-1.4787,-2.0038,0.5337,996.2241,constant_speed,2969.16
4387982,-0.0181,-0.0713,0.753,0.6212,-2.6075,0.2625,996.2061,constant_speed,2969.22
4388042,0.0554,-0.085,1.0297,1.085,-1.4787,0.9187,996.1785,constant_speed,2969.28
4388102,0.0417,0.0281,1.122,-0.6475,1.4612,0.8838,996.197,constant_speed,2969.34
4388162,0.0057,-0.0511,0.8657,1.96,2.1437,0.2713,996.2329,constant_speed,2969.4
4388222,-0.01,-0.05,0.8016,0.2975,-1.6888,0.525,996.1511,constant_speed,2969.46
4388282,0.0099,0.0361,0.936,-1.1988,-0.4375,0.3413,996.1304,constant_speed,2969.52
4388342,0.0073,-0.0122,0.8877,-0.6825,-0.9975,0.315,996.1577,constant_speed,2969.58
4388402,-0.0151,-0.1071,0.9362,-1.2687,-3.3338,1.1375,996.2395,constant_speed,2969.64
4388462,0.0642,0.0915,1.1183,-1.6888,0.8575,0.4638,996.2222,constant_speed,2969.7
4388522,-0.0074,-0.0407,0.8728,0.6388,-1.3825,0.6825,996.2949,constant_speed,2969.76
4388582,-0.0176,-0.062,0.8184,-0.3413,-1.4963,0.455,996.1379,constant_speed,2969.82
4388642,-0.0141,0.0009,0.9459,0.3413,3.3425,0.2887,996.1006,constant_speed,2969.88
4388702,-0.0335,-0.0625,0.7554,-0.3762,0.0262,0.2537,996.1189,constant_speed,2969.94
4388762,0.0697,-0.1161,1.158,1.0675,-1.7763,1.0237,996.1516,constant_speed,2970.0
4388822,0.0952,0.1125,1.1663,-0.805,1.785,0.4638,996.231,constant_speed,2970.06
4388882,0.0114,-0.0578,1.102,1.9162,1.855,0.6475,996.1165,constant_speed,2970.12
4388942,0.009,-0.0627,0.9561,-0.35,-1.5925,1.0762,995.9714,constant_speed,2970.18
4389002,0.0564,0.0434,0.9731,-0.5075,-0.0787,0.49,995.9558,constant_speed,2970.24
4389062,0.0247,-0.0417,0.9748,0.8225,2.5988,0.3063,996.0503,constant_speed,2970.3
4389122,-0.0127,-0.1749,0.952,-0.1925,-0.2188,0.8575,996.0737,constant_speed,2970.36
4389182,0.0469,0.0935,0.8503,0.14,-3.6575,0.6388,996.061,constant_speed,2970.42
4389242,0.065,-0.087,1.1254,0.1838,1.5488,0.805,995.9792,constant_speed,2970.48
4389302,0.0213,-0.0428,0.9029,-0.4025,0.07,1.2162,996.0598,constant_speed,2970.54
4389362,0.0258,0.0361,1.0043,0.1138,-0.5163,0.7262,996.1548,constant_speed,2970.6
4389422,0.0053,-0.0681,1.096,1.7325,3.9288,-0.1225,996.1248,constant_speed,2970.66
4389482,-0.0129,-0.1373,0.7382,-1.9162,-4.9175,0.7262,996.0437,constant_speed,2970.72
4389542,0.0527,0.093,0.9711,0.945,1.3737,0.525,996.0537,constant_speed,2970.78
4389602,0.0183,-0.1068,0.8655,0.2887,2.0563,0.4025,996.1382,constant_speed,2970.84
4389662,-0.0022,-0.0529,1.0024,-0.7613,-2.8087,0.7088,996.1204,constant_speed,2970.9
4389722,0.0968,0.065,1.1259,1.8025,4.2087,0.3675,996.1584,constant_speed,2970.96
4389782,0.0346,-0.0163,1.0551,2.5025,1.7938,0.14,996.2107,constant_speed,2971.02
4389842,-0.0561,-0.0586,1.1053,-1.5225,4.9175,0.5075,996.2317,constant_speed,2971.08
4389902,0.0529,0.081,0.977,1.0063,-1.0588,0.0787,996.1707,constant_speed,2971.14
4389962,0.0608,0.0391,0.975,-0.3325,0.3587,0.245,996.186,constant_speed,2971.2
4390022,0.0027,-0.0875,0.8935,-1.785,1.5137,0.7175,996.2563,constant_speed,2971.26
4390082,0.0183,0.0786,0.911,1.6712,-2.5287,-0.3325,996.2576,constant_speed,2971.32
4390142,0.0142,0.0032,1.0229,0.4462,2.1875,-0.0613,996.2671,constant_speed,2971.38
4390202,-0.0581,-0.0247,0.8949,-3.1588,1.8112,0.245,996.3542,constant_speed,2971.44
4390262,0.0156,0.0847,0.8999,0.735,-0.7962,-0.0962,996.3706,constant_speed,2971.5
4390322,0.0373,-0.0625,0.8142,-1.435,-0.1225,-0.0175,996.3936,constant_speed,2971.56
4390382,0.0117,-0.0181,1.1222,-1.155,3.255,0.595,996.3462,constant_speed,2971.62
4390442,0.0076,0.0444,1.0965,2.0475,0.7,0.2362,996.2864,constant_speed,2971.68
4390502,-0.0003,0.0005,1.0005,-0.7613,-1.6712,0.2275,996.2705,constant_speed,2971.74
4390562,0.021,-0.0786,0.9826,-1.4088,-0.7175,0.6475,996.26,constant_speed,2971.8
4390622,0.0725,0.0534,1.0363,0.0262,1.5925,0.0437,996.2266,constant_speed,2971.86
4390682,0.1035,-0.0348,1.0626,0.5337,-0.49,0.1838,996.1379,constant_speed,2971.92
4390742,0.0228,-0.0142,1.1368,-0.8225,3.2725,0.4375,996.0549,constant_speed,2971.98
4390802,-0.011,0.0441,0.8976,-0.8487,2.3363,0.0175,996.1235,constant_speed,2972.04
4390862,0.0605,-0.1023,0.9821,-0.49,-2.3012,0.3938,996.1348,constant_speed,2972.1
4390922,0.0071,-0.0957,1.0174,-2.6425,1.1725,0.4288,996.1592,constant_speed,2972.16
4390982,-0.0284,-0.0549,0.9599,1.645,0.4375,0.6475,996.1772,constant_speed,2972.22
4391042,0.0213,-0.0809,1.0383,0.8313,-0.6737,1.0412,996.1382,constant_speed,2972.28
4391102,0.0527,0.0101,1.0796,-0.0787,-1.9775,1.12,996.1145,constant_speed,2972.34
4391162,0.0059,0.0226,1.0746,1.365,0.2013,0.1138,996.1392,constant_speed,2972.4
4391222,-0.0092,-0.103,0.806,-0.9975,0.5425,0.8838,996.1123,constant_speed,2972.46
4391282,0.0554,0.0298,1.016,-1.9512,-0.9975,0.4288,996.2124,constant_speed,2972.52
4391342,0.0186,-0.0533,0.9919,2.4762,0.3063,0.525,996.2595,constant_speed,2972.58
4391402,0.0385,-0.0139,0.9212,1.5925,-5.25,0.5425,996.1265,constant_speed,2972.64
4391462,0.0295,-0.0207,0.9958,-0.6037,-1.0762,0.7525,996.1223,constant_speed,2972.7
4391522,0.0231,-0.0162,1.1064,1.4438,2.6425,-0.1575,996.1467,constant_speed,2972.76
4391582,-0.063,-0.1412,0.8585,0.9275,-3.0013,0.8138,996.197,constant_speed,2972.82
4391642,0.0149,0.0117,0.8391,0.1838,-2.5812,0.6913,996.1655,constant_speed,2972.88
4391702,0.0515,0.0695,1.0463,1.7413,0.5688,-0.175,996.1511,constant_speed,2972.94
4391762,-0.0441,-0.0864,0.8814,0.7613,0.1488,0.8925,996.1279,constant_speed,2973.0
4391822,0.0249,0.0864,1.1507,0.6825,0.0175,0.7525,996.125,constant_speed,2973.06
4391882,0.0878,-0.0188,1.194,1.8463,4.7512,0.0,996.094,constant_speed,2973.12
4391942,-0.0285,-0.0239,0.8966,-1.4963,0.4025,0.7613,996.0977,constant_speed,2973.18
4392002,0.0405,0.0976,0.9863,0.6737,-1.5575,0.07,996.0759,constant_speed,2973.24
4392062,-0.0607,0.0068,0.7767,-0.6913,-0.6825,-0.0088,996.031,constant_speed,2973.3
4392122,-0.052,-0.1889,0.8918,-0.9362,0.2713,0.7525,996.1626,constant_speed,2973.36
4392182,-0.0082,0.1143,0.8552,1.1812,-3.7887,-0.3063,996.1697,constant_speed,2973.42
4392242,0.0229,-0.0684,1.1287,2.5463,3.0013,-0.0525,996.2312,constant_speed,2973.48
4392302,-0.0049,-0.0717,0.957,0.6388,-1.7763,0.0088,996.127,constant_speed,2973.54
4392362,0.0244,0.0673,0.8952,0.3587,-1.5838,0.2975,996.1794,constant_speed,2973.6
4392422,0.0254,-0.0073,0.9636,0.8662,4.7337,-0.105,996.1956,constant_speed,2973.66
4392482,-0.0708,-0.1151,0.5829,-2.065,2.0825,0.8487,996.2012,constant_speed,2973.72
4392542,0.0312,0.0301,0.9582,0.2887,-1.2513,0.14,996.2729,constant_speed,2973.78
4392602,-0.0332,-0.0065,0.7525,1.3125,-3.43,0.0613,996.2485,constant_speed,2973.84
4392662,-0.0325,-0.0895,1.0534,-3.29,0.8575,-0.7613,996.1511,constant_speed,2973.9
4392722,0.0598,-0.0805,1.1422,-0.35,3.3338,0.0088,996.1763,constant_speed,2973.96
4392782,0.0122,-0.1205,0.8801,3.2025,-3.4825,0.0,996.2251,constant_speed,2974.02
4392842,-0.0536,-0.0052,0.9879,1.0063,1.2775,0.63,996.1943,constant_speed,2974.08
4392902,-0.0273,0.0236,0.9471,3.0363,0.9275,-0.5688,996.2339,constant_speed,2974.14
4392962,-0.0095,-0.0217,0.8175,1.015,-1.4175,0.1138,996.2703,constant_speed,2974.2
4393022,-0.0329,-0.1249,0.9936,-2.9313,0.07,0.3675,996.2681,constant_speed,2974.26
4393082,0.0204,0.1056,1.0111,2.1613,-0.805,0.3587,996.2725,constant_speed,2974.32
4393142,0.0763,0.0215,1.0411,0.175,0.0962,-0.0962,996.2571,constant_speed,2974.38
4393202,0.0051,-0.0332,1.1,-0.8925,3.3338,0.4725,996.2676,constant_speed,2974.44
4393262,0.0077,0.0914,1.0131,0.2887,0.7175,-0.2975,996.2747,constant_speed,2974.5
4393322,-0.0303,-0.0735,0.9418,0.0088,1.4612,0.315,996.2534,constant_speed,2974.56
4393382,0.0569,-0.0246,0.9182,-0.0088,-2.8087,0.4725,996.2708,constant_speed,2974.62
4393442,0.0722,0.0515,0.9997,1.6625,-0.5688,-0.0262,996.2595,constant_speed,2974.68
4393502,0.0198,0.0422,1.0478,1.1025,2.7213,-0.3237,996.3123,constant_speed,2974.74
4393562,0.0013,-0.0212,1.0643,-2.3888,1.8813,0.2887,996.3586,constant_speed,2974.8
4393622,0.0049,0.0137,1.1043,1.9162,2.415,0.035,996.2737,constant_speed,2974.86
4393682,0.0056,-0.1023,0.9057,-1.12,0.5075,0.0962,996.176,constant_speed,2974.92
4393742,-0.0306,-0.0742,0.892,-2.6425,-0.42,0.1838,996.1265,constant_speed,2974.98
4393802,0.0134,0.059,0.9082,0.8313,-0.0613,0.0175,996.1411,constant_speed,2975.04
4393862,0.0309,-0.0397,0.8698,0.2537,-3.3338,0.0875,996.1489,constant_speed,2975.1
4393922,0.0361,-0.0015,1.1608,0.245,-1.4875,0.525,996.2346,constant_speed,2975.16
4393982,0.0895,0.1562,1.3193,3.4738,1.9075,-0.7088,996.2361,constant_speed,2975.22
4394042,-0.0537,-0.0871,0.8676,0.875,0.525,0.1838,996.2546,constant_speed,2975.28
4394102,0.0327,0.0274,1.0136,-0.7,0.8925,-0.0787,996.2349,constant_speed,2975.34
4394162,0.0159,0.0781,0.8723,1.5137,-1.4,-0.2188,996.2788,constant_speed,2975.4
4394222,-0.0673,-0.0464,0.9417,0.3675,4.1388,0.175,996.3005,constant_speed,2975.46
4394282,0.0254,0.0102,0.926,-0.8662,-3.6488,0.3413,996.335,constant_speed,2975.52
4394342,0.0254,0.0304,1.2187,1.9863,1.6275,-0.1488,996.3093,constant_speed,2975.58
4394402,-0.0097,-0.0303,0.939,1.2775,4.4887,0.0525,996.2888,constant_speed,2975.64
4394462,0.0573,0.0413,1.0668,-2.4237,-0.0175,0.2713,996.3328,constant_speed,2975.7
4394522,-0.0141,0.0005,1.0016,1.4,4.025,-0.0962,996.3325,constant_speed,2975.76
4394582,0.0041,-0.0268,0.9264,-0.4812,-2.1437,0.315,996.2966,constant_speed,2975.82
4394642,0.0248,-0.0276,0.8858,-0.6825,-5.5388,0.3237,996.321,constant_speed,2975.88
4394702,0.0442,-0.0231,1.048,3.5875,-0.4375,-0.3063,996.3708,constant_speed,2975.94
4394762,0.0631,-0.0285,1.1273,-0.35,0.5425,0.2275,996.3982,constant_speed,2976.0
4394822,0.0725,0.0867,1.1302,2.1613,-2.555,0.0262,996.3835,constant_speed,2976.06
4394882,0.063,0.0894,1.1056,2.9838,0.4638,-0.4812,996.4243,constant_speed,2976.12
4394942,-0.0769,-0.0179,0.9232,-0.2013,2.4588,-0.0613,996.4587,constant_speed,2976.18
4395002,-0.0141,0.0574,0.9633,-1.0675,-1.9775,-0.2362,996.5017,constant_speed,2976.24
4395062,0.0103,0.0773,1.2147,1.6625,0.5688,-0.6737,996.5227,constant_speed,2976.3
4395122,-0.0024,-0.0651,1.0301,0.945,2.345,0.315,996.533,constant_speed,2976.36
4395182,0.0154,0.0788,1.1234,-0.805,0.6825,-0.07,996.5557,constant_speed,2976.42
4395242,0.0771,0.0771,1.1156,0.9013,-0.9887,-0.5425,996.5088,constant_speed,2976.48
4395302,0.0082,-0.0361,1.0958,2.9575,2.1263,0.2275,996.5364,constant_speed,2976.54
4395362,-0.0273,0.0406,0.9618,0.1225,-2.3975,0.0525,996.5056,constant_speed,2976.6
4395422,0.0468,0.0178,0.9709,2.2313,-1.5137,-0.8838,996.5393,constant_speed,2976.66
4395482,0.04,-0.0598,1.0484,-0.2362,0.8487,0.3762,996.5486,constant_speed,2976.72
4395542,0.0041,0.0827,0.9955,-0.6825,-0.3413,0.0175,996.5549,constant_speed,2976.78
4395602,0.0,0.0382,1.0811,2.24,3.5438,-0.5863,996.4553,constant_speed,2976.84
4395662,0.0085,-0.0913,1.0133,-0.8313,4.725,0.42,996.3635,constant_speed,2976.9
4395722,-0.0819,0.0298,0.985,-0.5512,0.4725,-0.1225,996.2888,constant_speed,2976.96
4395782,-0.0015,0.002,1.0011,2.065,0.6475,-0.0962,996.2837,constant_speed,2977.02
4395842,0.0029,-0.012,1.0941,-0.2275,0.0,0.6388,996.2556,constant_speed,2977.08
4395902,-0.0061,0.0334,1.0487,-0.4638,3.0363,0.0,996.3164,constant_speed,2977.14
4395962,-0.041,-0.0163,0.8136,1.8288,-0.3587,-0.2713,996.4119,constant_speed,2977.2
4396022,0.0085,-0.0742,0.8969,-0.5075,-2.5375,0.5512,996.458,constant_speed,2977.26
4396082,0.0349,0.0647,1.0816,-1.5137,0.6388,0.07,996.4353,constant_speed,2977.32
4396142,0.0295,0.004,1.0563,2.0475,-1.7325,0.28,996.5232,constant_speed,2977.38
4396202,0.0605,-0.0875,1.1567,-0.3063,0.7437,0.5512,996.4929,constant_speed,2977.44
4396262,-0.0537,0.039,0.7876,-0.77,-4.6725,0.175,996.3037,constant_speed,2977.5
4396322,0.0098,-0.101,0.8902,3.0887,-2.0475,-0.1925,996.3198,constant_speed,2977.56
4396382,0.0686,0.0188,1.0524,0.4025,-2.4413,0.1488,996.3706,constant_speed,2977.62
4396442,0.0098,0.0321,1.0693,-2.2313,4.5062,-0.6212,996.2488,constant_speed,2977.68
4396502,-0.083,0.0556,0.9337,1.26,2.205,0.2713,996.2463,constant_speed,2977.74
4396562,-0.0024,-0.0842,0.9033,-0.5688,-2.6075,0.6737,996.3418,constant_speed,2977.8
4396622,0.0267,0.0737,1.1023,0.525,2.485,0.3063,996.4124,constant_speed,2977.86
4396682,0.0498,0.0498,0.9386,1.4,-2.4762,-0.0437,996.3755,constant_speed,2977.92
4396742,0.009,-0.0212,1.1819,0.6388,0.0962,0.4638,996.3096,constant_speed,2977.98
4396802,0.079,-0.0195,1.1681,-0.6825,-0.8487,0.6037,996.2478,constant_speed,2978.04
4396862,-0.0007,0.0795,0.9619,1.5575,-1.3737,-0.0525,996.3022,constant_speed,2978.1
4396922,0.0223,-0.0886,1.2291,-0.2275,3.255,0.3325,996.3625,constant_speed,2978.16
4396982,-0.0054,0.0251,0.9643,0.6825,-1.295,0.3762,996.3916,constant_speed,2978.22
4397042,0.0535,0.0522,0.9206,2.31,-5.18,0.4288,996.4185,constant_speed,2978.28
4397102,-0.0214,-0.034,0.9919,0.2975,-0.6125,0.0437,996.478,constant_speed,2978.34
4397162,0.009,0.0129,1.0224,-0.3938,1.575,-0.07,996.4788,constant_speed,2978.4
4397222,-0.0171,0.0104,0.9489,0.35,-1.0325,0.0962,996.5459,constant_speed,2978.46
4397282,0.0515,-0.043,1.1511,-1.4612,4.095,0.1575,996.5593,constant_speed,2978.52
4397342,-0.0445,-0.0468,0.921,-1.9162,0.5688,0.0525,996.5479,constant_speed,2978.58
4397402,0.0242,0.0501,1.1284,4.2875,2.7738,-0.5075,996.5168,constant_speed,2978.64
4397462,0.1301,0.0424,1.1844,0.735,-0.9187,0.035,996.5322,constant_speed,2978.7
4397522,0.0897,-0.0222,1.1627,3.4037,1.5838,-0.0962,996.5544,constant_speed,2978.76
4397582,0.0336,0.1364,1.1222,1.645,2.1263,-0.4112,996.5898,constant_speed,2978.82
4397642,0.019,-0.0647,0.9407,-0.525,-1.2862,0.3675,996.6372,constant_speed,2978.88
4397702,-0.0363,-0.0785,0.8039,-0.2188,0.0088,-0.14,996.6006,constant_speed,2978.94
4397762,0.038,0.0775,1.079,2.73,-3.465,-0.2362,996.6013,constant_speed,2979.0
4397822,-0.0256,-0.0774,0.9559,1.3563,-1.8463,0.5775,996.605,constant_speed,2979.06
4397882,0.021,0.0637,1.2276,-1.19,3.85,-0.21,996.6184,constant_speed,2979.12
4397942,0.01,0.0822,0.9718,3.29,-2.24,-0.455,996.6418,constant_speed,2979.18
4398002,0.0107,-0.0008,1.1151,2.0475,4.305,-0.3325,996.6545,constant_speed,2979.24
4398062,-0.0628,-0.0478,0.8994,0.0088,2.6512,0.1138,996.6184,constant_speed,2979.3
4398122,0.0335,0.0432,1.0602,3.64,0.5163,-0.2188,996.6526,constant_speed,2979.36
4398182,0.0471,-0.0013,1.14,-0.1925,2.6512,-0.105,996.6917,constant_speed,2979.42
4398242,0.0115,0.0359,1.1931,0.8575,4.0075,0.1663,996.7275,constant_speed,2979.48
4398302,0.0552,0.0779,1.1348,2.7475,0.0,-0.2713,996.7236,constant_speed,2979.54
4398362,0.0562,0.0159,1.0633,-1.155,2.5287,-0.2362,996.6082,constant_speed,2979.6
4398422,-0.0016,0.0071,1.0731,0.6475,2.6425,0.735,996.5842,constant_speed,2979.66
4398482,0.0232,0.1107,0.9564,1.3913,0.6737,-0.2275,996.5127,constant_speed,2979.72
4398542,0.0029,-0.0752,0.986,-2.2137,1.8637,0.1838,996.5088,constant_speed,2979.78
4398602,-0.0532,-0.082,0.9232,-0.7613,0.7525,0.49,996.5786,constant_speed,2979.84
4398662,0.0505,0.0795,1.0328,-0.105,-0.4988,-0.245,996.6201,constant_speed,2979.9
4398722,0.0605,-0.1244,0.9792,0.0088,1.575,0.1225,996.6033,constant_speed,2979.96
4398782,-0.0167,-0.0346,1.0227,-1.2862,1.155,0.5863,996.5898,constant_speed,2980.02
4398842,0.0129,0.1354,0.8826,1.0588,-0.4288,-0.2975,996.5901,constant_speed,2980.08
4398902,-0.0044,-0.0539,0.9731,0.0088,0.105,0.105,996.5774,constant_speed,2980.14
4398962,0.0366,-0.0088,0.9475,0.9625,-2.835,0.6475,996.6362,constant_speed,2980.2
4399022,0.0431,0.103,0.8832,-0.0262,-0.175,-0.1925,996.6687,constant_speed,2980.26
4399082,-0.0287,-0.0888,0.8555,0.6037,0.6825,-0.0787,996.7268,constant_speed,2980.32
4399142,-0.0398,-0.0778,0.8613,-0.6037,-2.3975,0.3762,996.7368,constant_speed,2980.38
4399202,0.1135,0.1347,0.8855,-0.0613,-5.4862,-0.4025,996.7886,constant_speed,2980.44
4399262,0.0854,-0.0318,1.128,0.8925,-0.77,0.3063,996.7954,constant_speed,2980.5
4399322,0.0054,-0.0612,1.087,-0.4025,0.6825,0.9625,996.7473,constant_speed,2980.56
4399382,-0.0134,0.0703,0.9057,-0.6212,-0.9625,-0.21,996.7695,constant_speed,2980.62
4399442,0.0005,-0.0246,1.076,1.6013,1.4438,0.2887,996.7593,constant_speed,2980.68
4399502,-0.039,-0.0888,0.8198,-1.8288,0.0437,0.2013,996.728,constant_speed,2980.74
4399562,0.0872,0.0902,1.0396,-0.1488,-1.0237,-0.1925,996.7034,constant_speed,2980.8
4399622,-0.0088,-0.0877,0.9611,-0.2275,0.21,0.0,996.4734,constant_speed,2980.86
4399682,-0.0151,-0.0364,0.9941,-0.2275,-0.4638,0.4375,996.5752,constant_speed,2980.92
4399742,0.0569,0.0676,1.025,-0.5775,-0.455,0.2975,996.6812,constant_speed,2980.98
4399802,-0.0486,-0.1579,0.893,0.7613,1.785,0.3675,996.6929,constant_speed,2981.04
4399862,0.04,0.04,1.0314,-0.0787,-0.0787,0.77,996.6316,constant_speed,2981.1
4399922,0.0734,0.0669,0.9495,-1.3125,-4.6375,-0.1225,996.5837,constant_speed,2981.16
4399982,0.0717,-0.0773,0.9958,0.245,-0.4462,0.1312,996.6191,constant_speed,2981.22
4400042,-0.0583,-0.0354,0.8828,0.1838,-2.065,0.6825,996.6499,constant_speed,2981.28
4400102,-0.0076,0.064,0.8782,0.2013,1.2687,0.0088,996.7017,constant_speed,2981.34
4400162,-0.1347,-0.0554,0.7081,-1.8112,3.3863,0.0088,996.752,constant_speed,2981.4
4400222,0.0583,-0.1149,1.0504,0.8838,-0.5425,0.9187,996.7632,constant_speed,2981.46
4400282,0.0081,0.0642,0.9997,-0.6125,-1.6712,-0.4375,996.7549,constant_speed,2981.52
4400342,-0.0204,-0.0808,1.0795,3.885,4.4363,0.1925,996.7532,constant_speed,2981.58
4400402,0.0151,0.0307,1.0655,3.2812,1.0063,0.2013,996.741,constant_speed,2981.64
4400462,0.0545,0.0229,0.9265,0.4638,-2.24,0.2188,996.7527,constant_speed,2981.7
4400522,0.0264,-0.0146,1.126,3.3863,-0.4638,0.1138,996.7688,constant_speed,2981.76
4400582,-0.0035,-0.0881,0.9338,1.5575,0.2013,0.5163,996.7898,constant_speed,2981.82
4400642,-0.0122,-0.0056,0.883,-0.5163,-1.8025,0.0525,996.8208,constant_speed,2981.88
4400702,0.0205,0.039,0.9651,1.8112,0.9275,0.3675,996.856,constant_speed,2981.94
4400762,0.1013,0.0698,1.0533,-0.8925,-2.1962,0.9275,996.8762,constant_speed,2982.0
4400822,0.0162,0.0143,1.0097,-3.7188,1.75,-0.3938,996.8823,constant_speed,2982.06
4400882,0.0129,-0.0671,1.035,2.5725,2.2225,0.5337,996.9475,constant_speed,2982.12
4400942,-0.029,0.0337,0.9457,0.0787,0.1312,1.0063,996.9688,constant_speed,2982.18
4401002,0.0292,-0.0717,0.993,-1.9425,-3.465,0.5337,996.9258,constant_speed,2982.24
4401062,0.0844,0.0565,1.1261,3.0975,-1.3388,0.21,996.8909,constant_speed,2982.3
4401122,0.0461,0.0951,1.1852,1.1287,-2.8087,0.4812,996.7686,constant_speed,2982.36
4401182,-0.0165,-0.0342,1.129,-1.4088,2.5113,0.1225,996.7271,constant_speed,2982.42
4401242,-0.0232,0.0143,1.0406,3.15,1.4963,-0.2625,996.853,constant_speed,2982.48
4401302,-0.063,0.0713,1.0672,2.8263,-0.14,0.63,996.8623,constant_speed,2982.54
4401362,0.112,0.0542,1.218,-0.3413,-3.1588,0.1575,996.8855,constant_speed,2982.6
4401422,0.0758,0.0428,1.02,2.345,-0.8925,0.0262,996.8896,constant_speed,2982.66
4401482,0.1044,-0.0863,1.1551,-0.63,2.3975,0.315,996.937,constant_speed,2982.72
4401542,0.0051,0.0229,0.9868,-2.4325,2.7475,0.595,996.8523,constant_speed,2982.78
4401602,-0.03,-0.0061,0.9628,1.855,-2.59,0.3325,996.74,constant_speed,2982.84
4401662,0.1269,0.1152,1.0848,0.7175,-0.2537,0.1838,996.7571,constant_speed,2982.9
4401722,0.0679,0.0126,1.1774,-0.8838,-1.12,-0.1575,996.7493,constant_speed,2982.96
4401782,0.0195,0.052,1.2295,3.36,0.5075,-0.1575,996.7214,constant_speed,2983.02
4401842,-0.0254,-0.0607,0.9726,-0.21,0.8662,-0.1925,996.7224,constant_speed,2983.08
4401902,-0.042,-0.0793,0.9819,-2.5025,1.715,0.5163,996.7156,constant_speed,2983.14
4401962,0.0127,0.1591,0.8748,1.6975,-1.2513,0.0962,996.814,constant_speed,2983.2
4402022,0.0202,0.0112,0.8933,-0.4025,-1.365,-0.1663,996.7478,constant_speed,2983.26
4402082,-0.0285,-0.0647,0.9406,-2.9575,-1.3913,-0.2362,996.71,constant_speed,2983.32
4402142,0.0572,0.0281,1.0685,0.5775,0.6737,-0.2713,996.7466,constant_speed,2983.38
4402202,0.0205,-0.0388,0.8427,0.4988,-1.7675,-0.5775,996.7856,constant_speed,2983.44
4402262,0.0585,0.0517,1.1226,-1.2425,1.4875,0.175,996.8022,constant_speed,2983.5
4402322,0.0554,0.0608,1.1487,1.9162,-0.4375,-0.3413,996.7136,constant_speed,2983.56
4402382,0.082,0.0412,1.105,0.5075,0.28,0.0,996.6921,constant_speed,2983.62
4402442,0.0532,-0.1042,1.2032,1.8288,0.245,0.385,996.7197,constant_speed,2983.68
4402502,0.0183,0.0902,0.992,0.8487,1.6625,0.0787,996.4993,constant_speed,2983.74
4402562,-0.0014,-0.0243,0.8077,-0.3675,-0.2713,-0.5163,996.5027,constant_speed,2983.8
4402622,-0.0822,-0.0681,0.8982,-2.0038,3.0887,0.2887,996.7295,constant_speed,2983.86
4402682,0.0015,0.0786,0.9226,0.35,0.5688,-0.07,996.7363,constant_speed,2983.92
4402742,0.1191,0.0615,1.2424,1.1113,-2.905,0.4988,996.6743,constant_speed,2983.98
4402802,0.0408,-0.0212,1.3291,-2.1875,4.7162,0.3413,996.665,constant_speed,2984.04
4402862,-0.0127,0.0819,1.1044,1.3563,3.1762,0.1312,996.7119,constant_speed,2984.1
4402922,-0.0598,-0.0775,0.786,0.2975,1.47,-0.3413,996.603,constant_speed,2984.16
4402982,-0.0059,-0.0736,1.0287,-0.1575,4.0512,-0.0613,996.6453,constant_speed,2984.22
4403042,0.0488,0.0847,1.0899,1.505,-1.5925,0.2013,996.6511,constant_speed,2984.28
4403102,0.0466,-0.0346,0.9938,1.33,0.6913,-0.1488,996.666,constant_speed,2984.34
4403162,0.0346,-0.0163,1.0301,0.105,-0.4988,0.5688,996.6143,constant_speed,2984.4
4403222,0.0052,0.1166,0.9307,0.9712,-1.2425,0.035,996.5522,constant_speed,2984.46
4403282,-0.032,-0.0478,0.9792,-0.1925,0.735,0.0787,996.5518,constant_speed,2984.52
4403342,-0.0054,-0.0486,1.0729,-1.6537,0.8487,0.7875,996.3438,constant_speed,2984.58
4403402,-0.0505,0.1052,0.8918,0.8487,-0.0787,0.0,996.4067,constant_speed,2984.64
4403462,0.002,-0.0097,1.0243,1.8112,2.4237,0.0962,996.5308,constant_speed,2984.7
4403522,0.0635,0.0101,1.1753,-0.6737,3.4213,0.07,996.5483,constant_speed,2984.76
4403582,0.0175,0.0084,1.0392,0.3237,0.385,0.385,996.2502,constant_speed,2984.82
4403642,0.0202,-0.0119,0.9196,0.9887,1.12,-0.1312,996.3799,constant_speed,2984.88
4403702,-0.0095,-0.0321,0.8658,0.9887,-1.5312,0.2713,996.4548,constant_speed,2984.94
4403762,-0.0403,0.0129,0.8974,0.2713,-2.5025,0.6562,996.4424,constant_speed,2985.0
4403822,-0.0457,-0.0242,0.8739,1.0938,1.7237,0.0,996.4771,constant_speed,2985.06
4403882,-0.0102,-0.0729,0.9223,0.4462,1.61,0.5512,996.3074,constant_speed,2985.12
4403942,0.0212,0.0264,1.1302,-0.3675,-1.3388,0.035,996.2725,constant_speed,2985.18
4404002,0.0032,-0.0159,1.0114,1.6363,1.4612,-0.3762,996.2114,constant_speed,2985.24
4404062,0.0483,-0.0874,0.9424,-0.1838,-0.4638,0.315,996.1516,constant_speed,2985.3
4404122,0.0328,-0.0049,0.9659,-1.3125,-3.395,0.3762,996.1902,constant_speed,2985.36
4404182,-0.0071,0.039,1.0365,1.645,2.9925,0.0525,996.1741,constant_speed,2985.42
4404242,0.04,-0.1008,1.0005,-0.665,-0.4288,0.6388,996.1636,constant_speed,2985.48
4404302,-0.0593,-0.0051,0.9747,-1.7675,-0.2887,0.7088,996.2617,constant_speed,2985.54
4404362,0.0368,-0.0286,1.1368,2.2225,1.8987,0.0262,996.2756,constant_speed,2985.6
4404422,0.031,-0.0673,0.9163,-0.2713,-1.0063,0.6825,996.3674,constant_speed,2985.66
4404482,0.0724,0.1074,0.9882,1.4262,-5.32,0.5075,996.3135,constant_speed,2985.72
4404542,0.0989,0.0593,1.1148,2.1263,-2.975,0.0262,996.3281,constant_speed,2985.78
4404602,0.0648,-0.0722,1.0873,-0.4462,0.4812,0.6913,996.249,constant_speed,2985.84
4404662,-0.0678,0.0371,0.7996,-1.1375,-1.365,0.6125,996.2144,constant_speed,2985.9
4404722,0.0038,0.0589,0.9121,1.295,-1.435,-0.6475,996.1294,constant_speed,2985.96
4404782,0.0689,-0.0695,1.1151,-0.2625,0.8925,0.3675,996.156,constant_speed,2986.02
4404842,0.0188,0.0317,1.1556,1.0762,0.595,0.4812,996.3125,constant_speed,2986.08
4404902,-0.0368,-0.0317,1.0463,-1.2075,-2.5287,0.0,996.3342,constant_speed,2986.14
4404962,-0.0952,-0.1603,0.8923,0.4638,-0.0088,0.0,996.3633,constant_speed,2986.2
4405022,0.0229,0.155,1.1885,1.995,1.4262,-0.28,996.3369,constant_speed,2986.26
4405082,0.0078,-0.1513,0.911,0.1225,2.9137,-0.28,996.3997,constant_speed,2986.32
4405142,0.0079,-0.0151,0.9152,0.4725,1.26,0.2537,996.1909,constant_speed,2986.38
4405202,0.0504,0.0326,1.0521,-0.0525,1.2775,0.5425,996.1067,constant_speed,2986.44
4405262,0.011,-0.0612,0.7139,2.2575,-4.7337,0.595,996.2131,constant_speed,2986.5
4405322,0.0373,-0.11,1.0629,-1.9338,0.4812,0.7437,996.1936,constant_speed,2986.56
4405382,0.0398,0.0597,1.0121,0.2275,-4.0075,1.015,996.2939,constant_speed,2986.62
4405442,0.0324,-0.0234,1.0574,1.33,-0.2188,0.3063,996.2571,constant_speed,2986.68
4405502,-0.0486,-0.0483,0.8658,-0.3063,0.7088,0.2975,996.2258,constant_speed,2986.74
4405562,0.0722,0.012,1.092,-0.8487,1.1025,0.4812,996.3132,constant_speed,2986.8
4405622,0.0342,0.0173,0.8816,0.2188,-3.4037,0.3063,996.3391,constant_speed,2986.86
4405682,0.0801,-0.0467,1.0451,1.085,-1.2337,0.6913,996.3918,constant_speed,2986.92
4405742,0.0534,0.1504,1.2029,1.5225,-0.21,0.4812,996.4111,constant_speed,2986.98
4405802,0.0005,0.059,0.9923,0.7262,3.3338,0.455,996.4351,constant_speed,2987.04
4405862,0.0505,-0.0766,1.0558,-0.42,1.8288,0.9362,996.4075,constant_speed,2987.1
4405922,-0.0286,0.0683,0.8714,-0.0262,-2.24,0.4462,996.4236,constant_speed,2987.16
4405982,-0.0376,-0.0401,0.8433,0.9975,3.4562,0.1575,996.3308,constant_speed,2987.22
4406042,-0.0093,-0.0203,0.8774,-0.2275,1.3563,0.3587,996.2959,constant_speed,2987.28
4406102,-0.0359,-0.026,0.8262,-1.715,-1.4787,0.315,996.3159,constant_speed,2987.34
4406162,-0.0708,-0.0444,0.9765,0.8225,-2.275,-0.1488,996.2432,constant_speed,2987.4
4406222,0.0542,-0.1303,0.9362,-1.6013,-1.5312,0.4112,996.0337,constant_speed,2987.46
4406282,-0.0476,-0.121,0.9802,1.75,0.0613,0.07,995.9714,constant_speed,2987.52
4406342,0.0045,0.1181,1.2979,4.9,7.7525,0.2013,995.9883,constant_speed,2987.58
4406402,0.0855,0.0332,0.9955,-0.945,-2.1437,0.7962,996.1238,constant_speed,2987.64
4406462,0.0659,0.0424,1.0221,1.5575,1.0325,-0.1663,996.1851,constant_speed,2987.7
4406522,-0.0175,0.0098,0.7993,0.245,-2.5375,-0.3237,996.2092,constant_speed,2987.76
4406582,0.0883,-0.0204,1.1932,-0.5688,-3.2113,0.4112,996.2878,constant_speed,2987.82
4406642,-0.0281,0.0246,0.9534,0.0875,0.315,-0.2537,996.3225,constant_speed,2987.88
4406702,-0.0173,-0.0422,0.9123,1.2687,4.83,-0.0088,996.303,constant_speed,2987.94
4406762,0.1134,-0.0427,1.0556,-2.135,0.4375,0.28,996.1179,constant_speed,2988.0
4406822,-0.1405,-0.0488,0.3798,-0.7,-6.5188,0.0875,996.0876,constant_speed,2988.06
4406882,-0.0284,-0.0835,1.019,0.525,-1.4787,-0.3762,996.137,constant_speed,2988.12
4406942,-0.0168,-0.049,0.8495,0.0175,-1.8813,0.84,996.1707,constant_speed,2988.18
4407002,0.0617,0.156,1.3191,2.345,4.6375,-0.4025,996.0928,constant_speed,2988.24
4407062,0.1061,-0.0564,1.0477,0.5775,3.3775,-0.0437,995.9783,constant_speed,2988.3
4407122,0.0442,-0.0393,1.0432,0.385,-0.1488,0.6388,995.9546,constant_speed,2988.36
4407182,-0.0935,0.0256,0.9687,0.245,3.3075,-0.1663,996.1521,constant_speed,2988.42
4407242,0.0356,-0.0609,1.0085,2.3625,-0.5163,-0.035,996.2534,constant_speed,2988.48
4407302,0.0229,0.0063,1.0219,-0.0088,-2.6512,0.91,996.2974,constant_speed,2988.54
4407362,-0.0002,0.0392,1.0294,-0.525,0.8575,-0.07,996.3218,constant_speed,2988.6
4407422,0.0601,-0.0502,1.0158,0.8838,0.8575,-0.2887,996.2075,constant_speed,2988.66
4407482,0.0524,0.0027,1.1286,0.14,4.375,0.8925,996.0667,constant_speed,2988.72
4407542,-0.0354,0.0312,1.039,-0.0613,2.87,-0.2625,996.0049,constant_speed,2988.78
4407602,0.0057,-0.1664,0.8918,1.1113,-1.5838,-0.1312,996.178,constant_speed,2988.84
4407662,0.053,0.0439,1.0491,0.4462,-3.0538,0.2975,996.2297,constant_speed,2988.9
4407722,0.0081,-0.0082,1.1305,1.8987,1.9775,0.1488,996.2773,constant_speed,2988.96
4407782,0.0029,-0.0891,0.9684,0.56,0.3762,-0.2188,996.2856,constant_speed,2989.02
4407842,0.0136,0.0527,0.876,0.2188,2.66,0.6125,996.2837,constant_speed,2989.08
4407902,-0.0976,0.0226,0.7504,-0.945,3.7188,0.0613,996.0432,constant_speed,2989.14
4407962,0.0283,-0.0922,1.0199,-0.3237,-3.4213,-0.105,995.9585,constant_speed,2989.2
4408022,0.0037,-0.0449,0.9414,-0.5863,-1.1638,1.155,996.0288,constant_speed,2989.26
4408082,0.0137,0.0407,0.9496,-1.4875,0.7,0.35,996.0662,constant_speed,2989.32
4408142,0.0581,-0.0856,0.9701,0.2887,-0.77,-0.0437,996.0732,constant_speed,2989.38
4408202,0.0163,-0.0671,1.0859,-0.7788,2.5988,1.0938,996.1431,constant_speed,2989.44
4408262,-0.0019,-0.0102,0.9828,0.6388,4.1562,0.0962,996.1797,constant_speed,2989.5
4408322,0.0971,0.0056,0.8635,-0.8662,1.1287,-0.3938,996.0889,constant_speed,2989.56
4408382,0.0188,-0.1081,0.9927,-0.7088,-2.0387,1.0938,996.053,constant_speed,2989.62
4408442,-0.0371,0.0354,1.0131,-0.1838,1.2337,-0.3237,995.8071,constant_speed,2989.68
4408502,0.0822,0.0263,1.1453,3.9462,-0.4375,0.2625,995.6794,constant_speed,2989.74
4408562,0.1644,0.0207,1.3238,1.9075,-2.0475,0.7175,995.9043,constant_speed,2989.8
4408622,0.0214,0.1279,1.0038,-1.2075,0.6037,-0.35,995.9971,constant_speed,2989.86
4408682,-0.0296,-0.1269,0.8333,0.8487,-2.0475,-0.0262,996.0842,constant_speed,2989.92
4408742,0.019,0.0158,0.8122,0.2362,-4.4713,1.1287,996.2708,constant_speed,2989.98
4408802,0.0429,0.0278,1.1193,1.015,0.0088,0.1312,996.301,constant_speed,2990.04
4408862,0.0188,-0.0973,1.1348,-0.6562,6.5012,0.07,996.3088,constant_speed,2990.1
4408922,0.0525,0.0649,1.007,0.2188,-0.9538,0.84,996.2988,constant_speed,2990.16
4408982,-0.0261,0.0442,1.0824,-0.8487,3.43,0.0525,996.2983,constant_speed,2990.22
4409042,0.0465,-0.04,0.9479,-0.945,-0.56,-0.0787,996.2393,constant_speed,2990.28
4409102,0.0693,-0.0601,0.9189,-1.8112,-3.2113,0.7262,996.0698,constant_speed,2990.34
4409162,-0.0276,-0.0244,1.01,-0.9712,1.0588,0.1312,996.0645,constant_speed,2990.4
4409222,0.0085,-0.1517,1.0141,3.3075,0.1838,-0.035,996.0833,constant_speed,2990.46
4409282,0.0703,-0.0076,0.978,-0.945,0.2887,0.3063,996.0745,constant_speed,2990.52
4409342,-0.0256,0.029,0.9623,-0.0613,1.8725,0.28,996.0562,constant_speed,2990.58
4409402,0.0052,-0.0771,0.8623,1.5662,-1.3388,-0.1925,995.9634,constant_speed,2990.64
4409462,0.0322,-0.0667,0.8913,-0.9275,-3.99,0.2975,995.8848,constant_speed,2990.7
4409522,0.0203,0.0693,1.0243,-0.2975,0.5775,-0.1925,995.8499,constant_speed,2990.76
4409582,0.0956,0.01,1.208,3.2113,2.135,-0.4025,995.8015,constant_speed,2990.82
4409642,0.091,0.0156,1.1246,0.5163,-1.3038,0.5075,995.8877,constant_speed,2990.88
4409702,0.0321,0.0166,1.1509,0.35,0.175,0.1925,995.9224,constant_speed,2990.94
4409762,0.0424,-0.0364,1.0322,1.7587,4.4187,-0.7175,995.9939,constant_speed,2991.0
4409822,0.0117,-0.0053,0.7854,-1.7587,-0.56,0.6037,996.0095,constant_speed,2991.06
4409882,-0.0337,0.007,0.8195,-0.77,-3.9725,0.7437,995.9402,constant_speed,2991.12
4409942,0.0612,0.0747,0.9402,1.3125,-0.3063,-0.525,995.9299,constant_speed,2991.18
4410002,0.0551,-0.0709,0.9887,-1.365,0.4812,0.1925,995.8872,constant_speed,2991.24
4410062,-0.0603,-0.0735,0.6993,-1.3825,-2.0738,-0.3063,995.9773,constant_speed,2991.3
4410122,-0.029,0.0063,1.0331,2.5812,-3.2113,-0.6388,996.0361,constant_speed,2991.36
4410182,0.081,0.0149,0.9714,-1.1113,-0.1312,0.21,996.0232,constant_speed,2991.42
4410242,0.0051,0.0013,0.9377,0.28,0.4112,0.3063,996.1379,constant_speed,2991.48
4410302,0.0611,0.1171,1.0241,2.4325,-1.3913,-0.21,996.2068,constant_speed,2991.54
4410362,0.0456,-0.0415,0.9109,-1.015,0.6125,0.56,996.2834,constant_speed,2991.6
4410422,-0.0066,0.0293,0.9783,-0.3938,-0.7875,0.245,996.2566,constant_speed,2991.66
4410482,-0.0171,-0.019,0.9899,1.7938,-0.6212,0.2625,996.2695,constant_speed,2991.72
4410542,0.0246,-0.0897,0.957,1.61,-1.2425,0.42,996.2261,constant_speed,2991.78
4410602,0.0061,-0.0093,0.9926,1.0063,-3.9462,-0.315,996.0339,constant_speed,2991.84
4410662,0.0347,0.0685,0.889,1.2425,3.1675,-0.6388,995.8738,constant_speed,2991.9
4410722,0.2115,-0.0057,1.24,-0.9013,1.0588,0.6562,995.9026,constant_speed,2991.96
4410782,0.0395,0.0992,0.9623,-1.8025,-2.625,0.6388,995.9412,constant_speed,2992.02
4410842,0.0832,-0.0078,1.0062,-0.3325,1.1113,-0.2887,995.8899,constant_speed,2992.08
4410902,0.0244,0.1169,0.921,-1.89,-1.7587,0.3762,995.7495,constant_speed,2992.14
4410962,-0.0205,-0.0466,1.1879,1.3737,1.8813,0.385,995.8582,constant_speed,2992.2
4411022,-0.0624,0.0791,0.6544,2.9575,-3.5438,-0.91,995.7432,constant_speed,2992.26
4411082,0.0696,0.0727,1.1605,-0.875,1.1375,0.3675,995.8264,constant_speed,2992.32
4411142,0.0077,-0.0078,0.9951,-0.35,0.98,0.245,995.9102,constant_speed,2992.38
4411202,0.0461,-0.0046,0.8716,1.3212,-0.7175,-0.4638,996.1267,constant_speed,2992.44
4411262,0.0405,-0.0146,1.0116,0.8487,1.715,0.0525,996.1626,constant_speed,2992.5
4411322,0.0215,-0.109,1.1715,2.8612,8.1112,-3.1237,996.1489,constant_speed,2992.56
4411382,0.1996,0.0533,1.5462,3.255,1.5575,-0.4638,996.2283,constant_speed,2992.62
4411442,0.3291,0.2804,1.3513,-0.385,3.6662,3.4738,996.1494,constant_speed,2992.68
4411502,-0.1992,-0.1024,0.8367,-2.9225,14.0525,0.3325,995.9771,constant_speed,2992.74
4411562,0.042,-0.1059,1.0283,1.295,1.5925,0.6825,995.9436,constant_speed,2992.8
4411622,-0.0666,0.0069,0.8784,0.5863,0.7175,0.105,996.1401,constant_speed,2992.86
4411682,-0.0175,-0.065,0.9338,-1.2425,0.2887,0.4638,996.2209,constant_speed,2992.92
4411742,0.0661,0.1037,0.9654,0.875,-0.4462,-0.0437,996.2971,constant_speed,2992.98
4411802,0.0571,-0.0667,1.0512,-0.8838,0.07,0.5075,996.3457,constant_speed,2993.04
4411862,-0.041,-0.0166,1.0724,0.595,0.945,0.77,996.3721,constant_speed,2993.1
4411922,0.0835,0.1257,1.15,0.385,-0.665,-0.2713,996.4214,constant_speed,2993.16
4411982,0.0257,-0.0478,1.0231,0.2188,-1.5225,-0.0088,996.3633,constant_speed,2993.22
4412042,-0.0459,-0.0509,0.8757,0.455,-0.2625,0.385,996.2002,constant_speed,2993.28
4412102,-0.0296,0.0431,0.8496,-0.9187,-0.2975,-0.21,996.2578,constant_speed,2993.34
4412162,0.0528,-0.0274,1.1775,0.6825,-0.0088,0.6388,996.303,constant_speed,2993.4
4412222,-0.0261,0.0027,0.9955,0.4638,0.8138,0.6913,996.354,constant_speed,2993.46
4412282,0.067,0.1078,0.9715,-0.525,-0.8925,-0.3762,996.457,constant_speed,2993.52
4412342,0.0524,0.0395,1.0821,-0.0613,1.3825,0.28,996.479,constant_speed,2993.58
4412402,-0.0551,-0.0658,0.9284,-3.395,-0.8225,1.085,996.488,constant_speed,2993.64
4412462,0.0093,0.0102,0.9349,-0.5163,-1.7763,-0.0525,996.4534,constant_speed,2993.7
4412522,0.1278,0.0295,1.171,1.1638,-3.4125,0.5863,996.3276,constant_speed,2993.76
4412582,-0.0183,-0.0534,0.9613,0.2625,0.035,0.5337,996.2395,constant_speed,2993.82
4412642,-0.0229,0.0761,0.9598,-1.225,-0.0262,-0.6475,996.2383,constant_speed,2993.88
4412702,-0.0432,-0.027,0.9331,-1.785,0.4638,-0.315,996.3071,constant_speed,2993.94
4412762,-0.0217,-0.0856,0.9779,0.8662,0.315,0.315,996.3716,constant_speed,2994.0
4412822,0.0398,0.0681,0.9209,1.2513,-1.7675,-0.8487,996.2688,constant_speed,2994.06
4412882,0.0957,-0.0262,1.2844,2.9225,-1.4088,0.2975,996.2571,constant_speed,2994.12
4412942,0.0325,-0.0883,1.219,2.6688,1.4438,0.5337,996.3069,constant_speed,2994.18
4413002,-0.0096,0.0735,0.9661,-0.4725,2.0475,-0.07,996.3855,constant_speed,2994.24
4413062,0.0342,-0.062,0.7978,-2.5375,-4.7075,-0.14,996.4443,constant_speed,2994.3
4413122,0.0941,-0.0493,1.2779,-0.0088,-0.0962,0.7525,996.3645,constant_speed,2994.36
4413182,0.0132,0.0681,0.9385,-0.105,0.2275,-0.1575,996.406,constant_speed,2994.42
4413242,0.0495,0.0483,1.0053,-0.245,-0.1138,0.14,996.4763,constant_speed,2994.48
4413302,-0.0576,-0.0239,1.0724,0.5337,3.1237,0.5075,996.5945,constant_speed,2994.54
4413362,-0.0539,0.0203,0.8599,-0.0088,0.0437,-0.7175,996.5471,constant_speed,2994.6
4413422,0.0439,-0.022,1.1306,0.5425,-1.19,-0.2188,996.5515,constant_speed,2994.66
4413482,-0.0002,-0.062,0.8755,-1.1988,0.8925,0.455,996.5085,constant_speed,2994.72
4413542,-0.0195,0.0412,0.8923,-0.665,-1.9162,-0.385,996.5891,constant_speed,2994.78
4413602,0.0838,-0.0649,1.0753,0.1838,-0.7088,0.0875,996.5916,constant_speed,2994.84
4413662,0.0038,-0.0368,1.1586,1.4612,-0.4812,0.4375,996.5728,constant_speed,2994.9
4413722,0.0364,0.0903,1.0999,0.91,1.3038,-0.3063,996.5156,constant_speed,2994.96
4413782,0.0764,-0.0013,1.0134,-0.56,1.2687,0.0262,996.5791,constant_speed,2995.02
4413842,-0.0689,-0.0939,0.8952,0.5075,-1.26,0.2362,996.6252,constant_speed,2995.08
4413902,0.0303,0.0306,0.8626,-0.5863,-2.205,-0.4988,996.6541,constant_speed,2995.14
4413962,0.0778,-0.0036,1.0439,1.2775,-0.9625,0.6037,996.5491,constant_speed,2995.2
4414022,-0.0359,-0.0344,0.9518,-1.5137,0.8138,0.525,996.502,constant_speed,2995.26
4414082,-0.0539,0.0506,0.6664,-0.42,1.8813,-0.4025,996.4873,constant_speed,2995.32
4414142,0.0606,0.0038,0.9794,-0.0437,-0.245,0.0175,996.541,constant_speed,2995.38
4414202,0.051,0.0678,1.0385,-0.6125,0.7962,0.3675,996.5647,constant_speed,2995.44
4414262,0.055,0.0981,1.0052,1.085,0.2013,-0.1138,996.5735,constant_speed,2995.5
4414322,0.0891,0.029,1.0716,1.2775,-1.995,0.105,996.563,constant_speed,2995.56
4414382,-0.0312,-0.1205,0.9252,-1.0325,2.17,0.5863,996.4983,constant_speed,2995.62
4414442,-0.0022,0.1227,0.9634,0.6212,1.0237,-0.4988,996.4861,constant_speed,2995.68
4414502,0.0664,0.0422,1.118,1.3913,3.0538,0.0175,996.542,constant_speed,2995.74
4414562,0.0307,-0.037,1.2066,-0.7,3.57,0.4988,996.6506,constant_speed,2995.8
4414622,-0.0015,-0.0137,0.9634,-0.9013,-0.7,0.175,996.6895,constant_speed,2995.86
4414682,0.0368,-0.0378,1.1011,1.6013,0.2713,0.0175,996.6953,constant_speed,2995.92
4414742,0.0576,-0.054,1.1897,-0.2013,4.0775,0.3325,996.6936,constant_speed,2995.98
4414802,-0.0281,0.039,0.9094,0.385,-0.5075,-0.0262,996.6917,constant_speed,2996.04
4414862,-0.0127,0.0215,0.936,1.505,0.1225,0.2275,996.6638,constant_speed,2996.1
4414922,0.0478,-0.0523,1.2259,-0.4988,-1.7587,0.5775,996.5981,constant_speed,2996.16
4414982,0.0024,-0.0389,0.874,0.1838,0.105,-0.7437,996.7126,constant_speed,2996.22
4415042,0.0922,0.0293,1.1144,1.435,4.0075,0.1488,996.7061,constant_speed,2996.28
4415102,0.0307,-0.0214,1.1421,-0.7437,2.3888,0.2625,996.762,constant_speed,2996.34
4415162,-0.0773,0.031,0.8594,-0.1838,3.4562,0.0262,996.7595,constant_speed,2996.4
4415222,0.0412,-0.0176,1.0616,1.3825,-1.1463,-0.0088,996.8594,constant_speed,2996.46
4415282,-0.0012,-0.0825,1.0951,-1.2775,2.2313,0.63,996.8562,constant_speed,2996.52
4415342,0.0561,0.0681,0.9665,0.4988,2.4588,-0.0787,996.7349,constant_speed,2996.58
4415402,0.0417,0.0961,0.9564,0.3938,-1.2162,-0.2188,996.5564,constant_speed,2996.64
4415462,0.0146,-0.0798,0.947,-1.12,-1.4612,0.4288,996.3716,constant_speed,2996.7
4415522,0.0525,0.1075,1.1455,2.1437,2.6688,-0.1838,996.2395,constant_speed,2996.76
4415582,0.0395,0.0345,1.0751,1.1287,0.1138,-0.1838,996.2957,constant_speed,2996.82
4415642,-0.0002,-0.0343,1.0141,-0.84,1.89,0.4462,996.3279,constant_speed,2996.88
4415702,0.0149,0.0427,1.0457,0.0262,1.5662,-0.0175,996.314,constant_speed,2996.94
4415762,0.0206,-0.007,0.9916,1.5488,-0.0962,0.0,996.3293,constant_speed,2997.0
4415822,-0.0202,-0.0705,0.9607,-0.3587,1.2687,0.5337,996.3064,constant_speed,2997.06
4415882,-0.0178,0.0895,0.9469,0.875,1.12,0.1838,996.3784,constant_speed,2997.12
4415942,0.061,-0.0337,1.0167,0.2362,-2.8788,0.3938,996.4771,constant_speed,2997.18
4416002,0.0591,0.0134,1.2962,1.0325,3.0975,0.385,996.4231,constant_speed,2997.24
4416062,0.0163,0.0974,1.3074,0.6388,6.0462,0.0262,996.3562,constant_speed,2997.3
4416122,-0.0425,-0.0346,0.8267,-0.0175,0.8487,-0.2275,996.3176,constant_speed,2997.36
4416182,0.0459,-0.0408,0.9943,-0.6825,-0.6737,-0.105,996.1953,constant_speed,2997.42
4416242,0.0026,0.061,0.9953,2.0738,-2.5638,0.2975,996.177,constant_speed,2997.48
4416302,0.0386,0.0737,0.8215,2.1875,-4.4713,-0.245,996.1794,constant_speed,2997.54
4416362,0.0647,-0.0102,1.2561,1.47,3.4562,0.07,996.1775,constant_speed,2997.6
4416422,0.0037,0.1003,1.0324,-0.6475,2.6163,-0.3325,996.1709,constant_speed,2997.66
4416482,0.0337,0.0645,0.9077,1.0588,0.105,-0.2537,996.2808,constant_speed,2997.72
4416542,0.0558,-0.0556,1.0614,-0.4288,3.08,0.3762,996.3567,constant_speed,2997.78
4416602,0.0446,0.0568,1.0904,0.105,2.1263,-0.0262,996.4722,constant_speed,2997.84
4416662,0.0144,-0.0098,1.0171,0.8575,-1.6712,0.4725,996.5117,constant_speed,2997.9
4416722,0.0493,-0.0356,1.1676,-0.6212,-0.3762,0.1575,996.4138,constant_speed,2997.96
4416782,-0.0239,0.0331,1.0387,-2.2313,4.7863,-0.07,996.4275,constant_speed,2998.02
4416842,0.0205,-0.0505,1.026,0.1925,-0.0088,0.2887,996.4609,constant_speed,2998.08
4416902,-0.0376,-0.0958,0.885,-1.0237,-2.0738,0.3762,996.4478,constant_speed,2998.14
4416962,0.0259,0.0759,0.9019,0.6037,0.595,-0.0088,996.3972,constant_speed,2998.2
4417022,0.0709,0.0126,0.8621,1.4438,-5.1188,0.2013,996.2971,constant_speed,2998.26
4417082,0.0017,-0.0687,1.0616,-0.8662,1.505,0.105,996.3157,constant_speed,2998.32
4417142,0.0978,0.1415,1.1142,0.49,5.95,0.1488,996.2786,constant_speed,2998.38
4417202,0.0245,0.0459,1.065,0.665,1.1638,-0.0437,996.2783,constant_speed,2998.44
4417262,-0.0076,-0.0669,1.006,-2.0125,1.4175,0.5163,996.2961,constant_speed,2998.5
4417322,0.0747,0.0442,1.1766,1.0938,0.4288,0.3063,996.3586,constant_speed,2998.56
4417382,0.0847,0.0152,1.1721,1.7675,0.9712,0.4725,996.3071,constant_speed,2998.62
4417442,-0.0266,-0.0905,0.8617,-2.2925,-0.3325,0.0787,996.356,constant_speed,2998.68
4417502,0.0673,0.0461,1.0188,0.07,3.255,0.4638,996.3726,constant_speed,2998.74
4417562,0.0145,0.0134,0.9574,2.4675,0.105,0.0262,996.3406,constant_speed,2998.8
4417622,0.0327,0.0201,1.0624,-1.6013,0.0525,0.21,996.3337,constant_speed,2998.86
4417682,-0.0007,0.0359,0.9237,-0.98,0.1838,0.0088,996.2686,constant_speed,2998.92
4417742,0.0071,0.0275,0.9881,1.7237,-2.8525,0.0875,996.1746,constant_speed,2998.98
4417802,0.0592,-0.0374,1.0494,-0.9625,1.9863,0.175,996.136,constant_speed,2999.04
4417862,0.0492,0.0627,1.2567,2.2313,6.6413,0.1838,995.9543,constant_speed,2999.1
4417922,-0.0156,0.0071,0.7849,0.315,2.135,-0.3325,996.0378,constant_speed,2999.16
4417982,0.0239,-0.043,0.8928,-0.5075,0.07,0.2975,996.0215,constant_speed,2999.22
4418042,0.0222,0.0254,1.157,0.1225,0.875,-0.245,995.9014,constant_speed,2999.28
4418102,0.0354,0.0651,1.0063,0.0437,-3.2025,0.2713,995.9465,constant_speed,2999.34
4418162,0.091,0.0437,1.1754,1.0325,4.4012,0.5688,996.0247,constant_speed,2999.4
4418222,0.0159,0.0852,1.0696,-0.1225,4.6462,0.0525,996.0828,constant_speed,2999.46
4418282,-0.1557,-0.0505,0.5231,-1.0412,1.61,-0.0613,996.1953,constant_speed,2999.52
4418342,-0.0349,-0.1093,1.0565,-2.1175,0.3063,0.3587,996.269,constant_speed,2999.58
4418402,0.0861,0.0082,0.9195,-0.2713,-1.75,0.1312,996.3113,constant_speed,2999.64
4418462,0.0285,-0.0173,1.058,1.785,1.7237,0.0787,996.364,constant_speed,2999.7
4418522,-0.0207,-0.0004,0.8411,0.9625,-2.0563,0.0525,996.3354,constant_speed,2999.76
4418582,-0.0041,-0.0004,1.0377,-0.9712,1.1988,0.0613,996.3633,constant_speed,2999.82
4418642,0.0407,0.0503,1.0883,1.6712,0.665,-0.2013,996.3142,constant_speed,2999.88
4418702,0.0684,-0.0791,0.9152,-2.6775,0.0175,-0.2013,996.3926,constant_speed,2999.94
4418762,0.0208,-0.0335,1.1454,-0.035,1.3125,0.56,996.3499,constant_speed,3000.0
4418822,0.0812,0.0127,1.1574,2.0125,0.2975,0.21,996.334,constant_speed,3000.06
4418882,0.0624,-0.006,1.0538,-1.3825,-2.2662,0.4112,996.303,constant_speed,3000.12
4418942,0.0383,0.0318,1.1652,0.3237,3.815,0.1575,996.407,constant_speed,3000.18
4419002,-0.0374,-0.0293,0.823,-0.2362,-0.8925,-0.28,996.3333,constant_speed,3000.24
4419062,0.0077,-0.0364,0.9084,-0.3063,-0.7437,0.0,996.365,constant_speed,3000.3
4419122,-0.0071,0.0018,0.8753,-0.1225,-0.4812,0.14,996.406,constant_speed,3000.36
4419182,0.0193,0.0593,1.1,2.0387,1.8375,0.3762,996.4729,constant_speed,3000.42
4419242,-0.1296,-0.0974,0.6161,-1.8288,2.3712,0.0875,996.4692,constant_speed,3000.48
4419302,0.0617,0.0432,1.186,0.21,0.0175,-0.1138,996.429,constant_speed,3000.54
4419362,0.007,0.0024,0.9496,2.2838,-1.6537,0.2713,996.3486,constant_speed,3000.6
4419422,-0.0232,-0.0895,0.8735,-1.6537,1.9775,0.1575,996.3569,constant_speed,3000.66
4419482,-0.0697,-0.0291,0.8197,-2.5113,1.9775,-0.3063,996.4084,constant_speed,3000.72
4419542,0.0506,0.0149,1.0512,2.31,-2.1175,0.1575,996.5059,constant_speed,3000.78
4419602,0.0043,-0.0298,0.9674,-0.42,-3.0187,0.4112,996.5303,constant_speed,3000.84
4419662,-0.0077,0.0647,1.1027,1.7938,4.8738,0.0962,996.5649,constant_speed,3000.9
4419722,-0.0958,-0.0307,0.8972,2.1437,1.2862,-0.3938,996.5864,constant_speed,3000.96
4419782,-0.059,-0.0612,0.9306,-2.17,3.1937,0.7437,996.5525,constant_speed,3001.02
4419842,-0.0318,-0.0893,0.9714,-0.2887,0.4462,-0.0875,996.5566,constant_speed,3001.08
4419902,0.019,0.0254,1.0333,2.135,-1.2513,0.2975,996.5796,constant_speed,3001.14
4419962,0.0434,0.0208,1.0214,-1.0938,2.275,0.2625,996.5769,constant_speed,3001.2
4420022,-0.0274,0.0807,1.0404,1.8725,3.64,0.315,996.4827,constant_speed,3001.26
4420082,-0.0107,-0.0353,0.9201,0.9187,-3.1762,0.035,996.4534,constant_speed,3001.32
4420142,-0.0144,-0.0078,1.0673,-0.98,1.6363,-0.0262,996.4478,constant_speed,3001.38
4420202,0.0565,0.0381,1.2315,-0.8925,0.7788,0.3762,996.3354,constant_speed,3001.44
4420262,0.0295,-0.0754,0.9316,0.735,5.1363,0.0962,996.251,constant_speed,3001.5
4420322,0.0323,-0.037,0.8989,0.3063,-2.5113,0.2887,996.2324,constant_speed,3001.56
4420382,-0.0437,0.0037,1.0285,0.14,2.9575,0.2275,996.1895,constant_speed,3001.62
4420442,-0.0198,0.0083,1.0224,1.7763,0.5688,0.28,996.1743,constant_speed,3001.68
4420502,0.1066,0.082,1.1203,-0.63,2.3363,0.6037,996.2087,constant_speed,3001.74
4420562,-0.0378,0.0497,0.7075,-2.5638,2.905,-0.0613,996.1938,constant_speed,3001.8
4420622,-0.0852,-0.042,0.7493,1.5137,-1.6712,-0.2887,996.2766,constant_speed,3001.86
4420682,0.0618,-0.0073,0.9814,-1.0938,-2.5375,0.2188,996.2371,constant_speed,3001.92
4420742,0.0517,-0.0234,0.9426,-0.3938,-0.7613,-0.5163,996.2893,constant_speed,3001.98
4420802,0.0159,0.0359,0.7625,0.6562,-1.2162,-0.3063,996.2954,constant_speed,3002.04
4420862,0.0127,-0.0029,1.1077,-0.7175,-3.9637,0.6037,996.3083,constant_speed,3002.1
4420922,-0.0391,0.0212,1.2156,0.7175,4.6813,0.4462,996.2954,constant_speed,3002.16
4420982,-0.0791,0.0558,0.8008,1.7325,2.1088,0.07,996.303,constant_speed,3002.22
4421042,0.0635,0.0617,1.0646,-0.5337,1.435,0.4288,996.3284,constant_speed,3002.28
4421102,0.0122,-0.0483,1.0151,-0.9538,-0.9362,-0.0088,996.3721,constant_speed,3002.34
4421162,0.0376,-0.0185,1.0885,1.8375,-0.7962,0.1312,996.4082,constant_speed,3002.4
4421222,0.0363,0.0353,1.063,-0.1575,3.3075,0.3587,996.4231,constant_speed,3002.46
4421282,-0.0641,0.0271,0.8421,-0.2887,1.295,-0.0962,996.4189,constant_speed,3002.52
4421342,0.07,0.0366,0.983,-0.1663,1.26,0.0787,996.4343,constant_speed,3002.58
4421402,-0.0217,-0.0583,0.9152,-0.5688,0.0962,0.665,996.4216,constant_speed,3002.64
4421462,0.0329,0.0295,1.0333,0.07,-0.6212,0.1488,996.3826,constant_speed,3002.7
4421522,-0.0124,-0.0373,0.7935,1.1287,-1.505,0.5688,996.375,constant_speed,3002.76
4421582,0.0564,-0.0136,1.153,-0.175,2.1437,0.0,996.4011,constant_speed,3002.82
4421642,-0.0687,0.0502,0.9167,0.0787,1.26,0.1138,996.4412,constant_speed,3002.88
4421702,0.0533,0.0654,1.0777,1.225,0.3938,-0.0088,996.5437,constant_speed,3002.94
4421762,0.0129,-0.0036,0.8557,0.735,0.455,0.3063,996.6025,constant_speed,3003.0
4421822,-0.0834,-0.0307,0.8403,1.505,0.525,0.14,996.6016,constant_speed,3003.06
4421882,0.0228,0.0478,0.8342,0.6737,-2.17,-0.1838,996.5874,constant_speed,3003.12
4421942,-0.0239,-0.161,0.871,-2.7475,-2.8,0.7613,996.6553,constant_speed,3003.18
4422002,0.1297,0.1088,1.28,2.7475,-0.5512,0.035,996.6111,constant_speed,3003.24
4422062,-0.0124,-0.2045,0.9155,-1.26,3.5612,-0.07,996.6365,constant_speed,3003.3
4422122,-0.0022,-0.0068,0.9384,0.0613,-0.5863,0.1663,996.5984,constant_speed,3003.36
4422182,0.0423,0.0217,0.835,-1.5312,-3.815,0.28,996.5522,constant_speed,3003.42
4422242,0.0098,-0.1218,1.0609,-0.9187,1.0675,-0.3237,996.5151,constant_speed,3003.48
4422302,0.0317,-0.0327,0.9152,-1.295,-0.8575,0.0787,996.5105,constant_speed,3003.54
4422362,0.0593,0.0173,1.0741,-0.945,-1.89,-0.175,996.4951,constant_speed,3003.6
4422422,-0.0154,-0.0129,0.8609,-0.2275,-1.2862,0.0962,996.4319,constant_speed,3003.66
4422482,0.06,0.0264,1.2963,-0.175,5.6525,0.315,996.3442,constant_speed,3003.72
4422542,-0.0461,-0.1439,0.9116,-1.8025,2.8263,-0.0525,996.3235,constant_speed,3003.78
4422602,0.0491,-0.0139,0.9899,1.33,-2.1875,0.6825,996.3416,constant_speed,3003.84
4422662,0.0183,0.0171,0.9706,-1.6888,-2.4237,0.525,996.3933,constant_speed,3003.9
4422722,0.0398,0.1308,1.251,0.3063,4.7162,0.3413,996.3159,constant_speed,3003.96
4422782,-0.0561,-0.0608,1.1759,-0.455,6.9738,0.315,996.2646,constant_speed,3004.02
4422842,-0.0276,-0.0785,0.7425,-2.3363,-2.7037,0.665,996.2493,constant_speed,3004.08
4422902,0.0018,-0.0168,0.8646,0.0875,-3.1675,0.3587,996.2305,constant_speed,3004.14
4422962,-0.0512,0.0148,1.0377,0.8925,-1.785,0.4375,996.333,constant_speed,3004.2
4423022,0.0667,-0.1177,1.0927,0.9975,2.4413,0.5512,996.3401,constant_speed,3004.26
4423082,0.01,-0.0078,0.9962,0.525,1.26,0.6388,996.3228,constant_speed,3004.32
4423142,0.0366,-0.1078,0.9584,-0.0088,-0.7613,-0.0613,996.344,constant_speed,3004.38
4423202,0.1312,-0.0881,1.0058,0.5425,-1.89,0.6825,996.3657,constant_speed,3004.44
4423262,0.035,-0.021,0.9966,1.2162,3.4388,0.735,996.3569,constant_speed,3004.5
4423322,-0.0073,-0.0315,1.1429,0.7175,0.2975,0.4988,996.3518,constant_speed,3004.56
4423382,0.0219,-0.0245,0.8649,-1.3563,-1.8112,0.9013,996.4451,constant_speed,3004.62
4423442,0.0654,0.039,1.3059,1.225,-0.9975,0.455,996.4185,constant_speed,3004.68
4423502,-0.0612,-0.0426,0.7969,-0.455,-0.6825,0.1575,996.2893,constant_speed,3004.74
4423562,0.0464,-0.0188,1.1011,-2.6425,2.975,1.3038,996.2493,constant_speed,3004.8
4423622,0.0241,-0.0371,0.9736,-0.9887,1.54,0.63,996.3147,constant_speed,3004.86
4423682,-0.0952,-0.1052,0.7045,-0.1663,-3.9288,0.525,996.2515,constant_speed,3004.92
4423742,0.0874,0.0044,0.9509,0.3237,-6.7375,0.7,996.3123,constant_speed,3004.98
4423802,0.0651,0.0185,1.2065,-1.435,-1.4,0.0,996.3611,constant_speed,3005.04
4423862,-0.04,-0.0681,0.9697,1.3913,0.0613,-0.3325,996.4285,constant_speed,3005.1
4423922,0.0634,-0.0051,0.916,-0.4025,1.4262,0.2275,996.4624,constant_speed,3005.16
4423982,-0.0181,-0.002,0.896,0.0437,-1.2513,-0.245,996.3328,constant_speed,3005.22
4424042,0.0207,-0.0162,1.1346,0.5337,1.6363,-0.5863,996.249,constant_speed,3005.28
4424102,0.1479,-0.0695,1.1683,0.63,-4.5938,0.4375,996.2183,constant_speed,3005.34
4424162,0.0,0.0496,0.9255,-0.6562,2.555,0.5512,996.2585,constant_speed,3005.4
4424222,0.0058,-0.0625,0.9572,1.4612,1.2425,-0.1838,996.3032,constant_speed,3005.46
4424282,0.053,-0.019,0.9109,-0.945,-2.9225,0.49,996.2996,constant_speed,3005.52
4424342,-0.0732,0.0439,0.5324,0.3675,-1.1812,0.0962,996.2722,constant_speed,3005.58
4424402,-0.0144,0.0158,0.9787,-1.2513,1.2337,-0.0525,996.3225,constant_speed,3005.64
4424462,0.0389,-0.0532,1.0563,-1.7062,-3.2987,-0.245,996.3784,constant_speed,3005.7
4424522,0.0978,0.084,1.2571,0.3587,2.8438,0.0088,996.332,constant_speed,3005.76
4424582,0.0137,-0.0235,1.0729,1.6013,1.6275,-0.035,996.3735,constant_speed,3005.82
4424642,-0.0127,0.0278,1.0661,0.9538,3.22,0.3587,996.5388,constant_speed,3005.88
4424702,0.0422,0.0261,1.0612,0.9975,-2.3363,0.2013,996.5132,constant_speed,3005.94
4424762,-0.0138,-0.1212,0.817,-0.63,-2.555,-0.2013,996.4277,constant_speed,3006.0
4424822,0.093,-0.0649,1.1753,0.6475,-0.2975,0.1138,996.4006,constant_speed,3006.06
4424882,-0.0132,0.0126,1.2054,3.6225,4.165,0.175,996.3167,constant_speed,3006.12
4424942,0.0146,-0.0305,0.9674,1.645,-0.6913,-0.0613,996.2947,constant_speed,3006.18
4425002,-0.0239,-0.0143,0.7557,0.0437,-2.625,0.7788,996.3398,constant_speed,3006.24
4425062,0.0159,-0.0402,1.1214,1.9338,0.8575,0.2713,996.416,constant_speed,3006.3
4425122,0.0291,-0.0229,1.0468,0.1925,2.8087,0.3587,996.4734,constant_speed,3006.36
4425182,-0.0146,-0.1,1.0034,-0.07,-0.6475,0.4988,996.54,constant_speed,3006.42
4425242,0.0239,-0.011,0.9308,0.7,-2.2925,0.455,996.5613,constant_speed,3006.48
4425302,-0.0068,0.0195,0.8267,1.3563,-0.9975,-0.2537,996.6301,constant_speed,3006.54
4425362,0.071,0.1135,1.0162,-2.8263,-2.205,0.2013,996.6465,constant_speed,3006.6
4425422,0.0051,0.0454,0.7918,-1.4088,1.505,-0.3762,996.6504,constant_speed,3006.66
4425482,0.0212,-0.0371,1.0175,0.8313,2.8612,-0.14,996.5005,constant_speed,3006.72
4425542,0.0224,-0.1033,1.0411,-1.0412,0.1225,0.2713,996.449,constant_speed,3006.78
4425602,0.0479,0.1335,1.028,0.3762,-4.0075,-0.0437,996.3779,constant_speed,3006.84
4425662,0.0069,0.0334,1.024,-0.7525,2.0825,-0.63,996.333,constant_speed,3006.9
4425722,0.0476,-0.0659,0.8164,-0.4462,-1.8288,0.5863,996.3425,constant_speed,3006.96
4425782,-0.01,-0.091,0.8225,0.3237,-3.2462,-0.0525,996.3704,constant_speed,3007.02
4425842,-0.0359,-0.0717,0.7566,1.855,-1.9688,0.0525,996.365,constant_speed,3007.08
4425902,0.0584,-0.0436,1.0221,0.9013,-1.9688,0.2188,996.449,constant_speed,3007.14
4425962,0.0783,0.0723,1.1173,-0.77,0.105,0.14,996.4746,constant_speed,3007.2
4426022,0.035,-0.0852,1.1575,-0.7525,2.9838,-0.0787,996.4963,constant_speed,3007.26
4426082,-0.0054,-0.1064,0.893,-0.4288,-2.0738,0.4725,996.4966,constant_speed,3007.32
4426142,0.0173,-0.0276,1.0684,0.2188,0.0437,0.2713,996.4658,constant_speed,3007.38
4426202,-0.0522,0.0007,0.8051,0.3938,0.7962,-0.2362,996.5042,constant_speed,3007.44
4426262,-0.0012,-0.0445,1.0171,-0.7088,-0.0962,0.2713,996.4934,constant_speed,3007.5
4426322,0.0509,0.0365,0.9496,-0.4725,-0.4112,0.1312,996.4592,constant_speed,3007.56
4426382,-0.0096,-0.0207,0.9442,2.52,1.54,-0.3675,996.4998,constant_speed,3007.62
4426442,0.0581,-0.0385,1.0043,-0.2537,-1.5225,0.3938,996.627,constant_speed,3007.68
4426502,-0.0048,0.0032,0.8441,-0.21,-0.105,-0.1225,996.6396,constant_speed,3007.74
4426562,-0.0185,0.0166,0.8755,0.42,-1.7413,0.1925,996.6562,constant_speed,3007.8
4426622,0.082,-0.0508,1.0175,-2.6337,2.38,0.6737,996.5925,constant_speed,3007.86
4426682,0.0544,-0.0349,1.0448,0.8662,1.0237,0.8838,996.4819,constant_speed,3007.92
4426742,-0.0645,-0.0279,0.9825,0.0437,4.6462,-0.2537,996.448,constant_speed,3007.98
4426802,0.0034,-0.0634,0.8464,1.3212,-1.75,0.3587,996.4377,constant_speed,3008.04
4426862,0.0244,0.0097,0.9304,0.4025,-2.66,-0.0437,996.4539,constant_speed,3008.1
4426922,0.0417,-0.0422,1.0388,1.26,0.245,0.2537,996.4631,constant_speed,3008.16
4426982,0.0472,-0.0878,1.1558,2.5287,2.1788,0.3938,996.4102,constant_speed,3008.22
4427042,-0.0222,0.05,0.7857,0.1925,-2.4062,0.9362,996.364,constant_speed,3008.28
4427102,-0.0757,-0.0306,0.9862,-0.1925,3.85,0.2362,996.3135,constant_speed,3008.34
4427162,-0.0099,0.0041,1.0227,-0.315,-1.61,0.6037,996.3228,constant_speed,3008.4
4427222,-0.0235,-0.0575,0.8767,-1.9863,0.4025,0.3938,996.343,constant_speed,3008.46
4427282,0.061,-0.0032,1.1807,2.0912,2.415,0.0262,996.4424,constant_speed,3008.52
4427342,-0.0005,0.0014,0.9943,1.8725,1.1463,0.4288,996.479,constant_speed,3008.58
4427402,0.0287,0.023,0.9656,0.0,3.0363,0.0525,996.5806,constant_speed,3008.64
4427462,-0.0856,-0.0465,0.8106,0.63,1.1725,0.0437,996.5403,constant_speed,3008.7
4427522,0.0625,-0.0467,1.1217,2.8963,-2.4588,0.6913,996.4473,constant_speed,3008.76
4427582,0.0129,0.0615,1.1722,-0.3413,-0.1225,0.63,996.468,constant_speed,3008.82
4427642,-0.0235,-0.03,1.0133,-1.5312,2.3888,0.28,996.5103,constant_speed,3008.88
4427702,-0.0649,-0.0093,0.9196,0.7525,2.275,0.4638,996.6785,constant_speed,3008.94
4427762,0.0127,-0.0031,0.9565,-1.6187,-1.3825,0.455,996.7031,constant_speed,3009.0
4427822,0.0049,-0.103,0.933,-0.4988,1.0325,-0.0437,996.6631,constant_speed,3009.06
4427882,0.0268,-0.0498,1.0526,1.5575,-2.1437,0.2625,996.6321,constant_speed,3009.12
4427942,0.011,0.0173,1.0462,1.3388,2.2313,0.2713,996.4607,constant_speed,3009.18
4428002,-0.0322,0.0493,1.1207,2.0475,2.5988,-0.07,996.356,constant_speed,3009.24
4428062,0.0029,-0.0041,0.8694,-0.5425,-2.52,-0.1663,996.2979,constant_speed,3009.3
4428122,0.0291,0.0486,0.9389,-0.7088,1.5575,0.2188,996.3101,constant_speed,3009.36
4428182,0.0378,0.0545,0.8977,-0.665,-1.2337,0.3237,996.3088,constant_speed,3009.42
4428242,0.0044,-0.0401,0.765,0.0262,-3.6488,0.3587,996.3389,constant_speed,3009.48
4428302,0.0569,-0.0493,0.929,-1.4875,-2.0125,0.0787,996.3877,constant_speed,3009.54
4428362,0.0163,0.0242,1.111,0.9187,0.49,0.6125,996.4595,constant_speed,3009.6
4428422,0.0595,-0.012,1.259,2.0125,-0.2975,1.0762,996.5247,constant_speed,3009.66
4428482,0.0142,0.114,0.8567,-2.205,2.135,0.0613,996.5308,constant_speed,3009.72
4428542,0.0029,-0.0996,0.8894,0.6388,-1.295,0.2188,996.6257,constant_speed,3009.78
4428602,0.0004,-0.0508,0.8997,0.21,-0.56,0.2625,996.7058,constant_speed,3009.84
4428662,0.0678,0.0029,1.0086,0.4112,-2.7213,0.525,996.5508,constant_speed,3009.9
4428722,0.0215,0.1052,0.9439,0.6388,0.7962,0.2275,996.4546,constant_speed,3009.96
4428782,0.0417,-0.0554,0.9096,-0.0525,-3.7275,0.21,996.407,constant_speed,3010.02
4428842,0.0049,0.0382,0.9082,-1.715,0.5425,-0.1312,996.4055,constant_speed,3010.08
4428902,-0.035,-0.0286,1.0819,0.8662,3.7275,-0.0613,996.4348,constant_speed,3010.14
4428962,-0.0005,0.0608,0.8835,2.7738,0.5337,-0.0525,996.4148,constant_speed,3010.2
4429022,0.0664,0.0079,1.1344,0.6562,0.2975,-0.1488,996.4355,constant_speed,3010.26
4429082,0.0176,0.001,0.9443,0.1575,0.84,-0.14,996.5134,constant_speed,3010.32
4429142,-0.0517,-0.0032,0.9672,-0.455,-1.05,-0.2887,996.5728,constant_speed,3010.38
4429202,-0.0195,-0.0253,1.0472,-0.9625,1.9863,0.0525,996.6335,constant_speed,3010.44
4429262,-0.0083,0.0259,0.9962,2.38,0.2887,0.21,996.6187,constant_speed,3010.5
4429322,0.1132,0.0325,1.0355,1.7325,-5.0487,0.2537,996.5935,constant_speed,3010.56
4429382,0.0788,-0.0173,1.0948,-0.4725,1.7675,-0.2275,996.5679,constant_speed,3010.62
4429442,-0.0456,-0.062,1.0207,1.2337,3.8325,0.0175,996.5588,constant_speed,3010.68
4429502,0.0398,0.0371,0.9877,0.6037,-0.7613,-0.2013,996.5786,constant_speed,3010.74
4429562,0.0737,0.0381,0.9806,-0.6475,-1.1812,0.14,996.5347,constant_speed,3010.8
4429622,0.0314,0.0041,1.0751,1.3388,1.015,0.105,996.5378,constant_speed,3010.86
4429682,0.0785,0.0947,1.1351,0.7437,-1.0675,-0.1138,996.5847,constant_speed,3010.92
4429742,0.0184,0.0026,1.1922,-0.6562,3.675,0.3938,996.7021,constant_speed,3010.98
4429802,-0.0568,0.0144,0.8284,1.4,1.3212,-0.0262,996.6846,constant_speed,3011.04
4429862,0.1545,0.0874,1.1549,2.0038,-3.0538,0.4812,996.6553,constant_speed,3011.1
4429922,-0.0132,-0.0769,1.0766,0.1312,2.9838,0.2537,996.5449,constant_speed,3011.16
4429982,-0.1132,-0.0552,0.9428,0.56,1.995,0.4812,996.4897,constant_speed,3011.22
4430042,-0.0679,-0.0986,0.7369,-0.4375,-2.4675,0.3325,996.5483,constant_speed,3011.28
4430102,-0.0158,-0.1818,0.9674,-0.6562,1.0325,0.2713,996.5151,constant_speed,3011.34
4430162,0.0327,0.0081,1.0646,2.8087,-0.5775,0.595,996.5483,constant_speed,3011.4
4430222,-0.0127,-0.0495,0.7142,-2.1175,-0.2887,-0.1838,996.552,constant_speed,3011.46
4430282,-0.0071,-0.0866,1.1336,-0.2887,-0.4375,0.4288,996.6521,constant_speed,3011.52
4430342,-0.0624,-0.0796,0.8281,1.3475,-1.925,0.525,996.6948,constant_speed,3011.58
4430402,0.0366,0.069,0.9328,-0.2625,0.3237,-0.2362,996.7102,constant_speed,3011.64
4430462,-0.0076,-0.0706,1.0125,-2.7825,2.59,0.5512,996.729,constant_speed,3011.7
4430522,-0.0944,-0.023,0.7108,-0.7875,1.2775,-0.2713,996.6423,constant_speed,3011.76
4430582,0.0068,-0.0797,1.0122,-1.1812,-5.74,0.3325,996.5645,constant_speed,3011.82
4430642,0.0935,-0.0953,1.0329,0.105,1.3913,0.4462,996.5815,constant_speed,3011.88
4430702,-0.0227,0.0801,0.9836,1.1113,-0.175,0.6125,996.6633,constant_speed,3011.94
4430762,0.0156,-0.0244,0.8822,-1.05,-2.66,0.2713,996.6958,constant_speed,3012.0
4430822,0.0061,-0.0859,1.0582,-1.6975,2.2313,0.49,996.7209,constant_speed,3012.06
4430882,-0.0131,-0.034,0.9701,0.2537,-1.8463,0.3762,996.6675,constant_speed,3012.12
4430942,0.0042,-0.03,0.7554,-1.1463,-2.5025,0.0962,996.6885,constant_speed,3012.18
4431002,-0.0237,-0.0195,0.9281,2.3187,-0.9712,0.6125,996.687,constant_speed,3012.24
4431062,-0.0631,-0.0425,0.8459,0.2713,0.105,0.6125,996.6863,constant_speed,3012.3
4431122,0.0434,0.0143,0.9582,1.12,-1.7938,-0.1663,996.7048,constant_speed,3012.36
4431182,0.0259,-0.096,1.1666,0.8575,1.6363,0.5163,996.7236,constant_speed,3012.42
4431242,0.0016,-0.0342,0.937,0.4375,-0.175,0.42,996.8174,constant_speed,3012.48
4431302,0.092,-0.0156,1.2173,-0.0088,3.0013,-0.0262,996.8169,constant_speed,3012.54
4431362,-0.0429,-0.1076,0.9957,0.7525,1.0412,0.3063,996.8225,constant_speed,3012.6
4431422,0.0052,0.0271,1.1336,1.1463,0.5337,0.2275,996.7334,constant_speed,3012.66
4431482,0.0109,-0.072,0.8343,-1.75,0.0525,-0.2975,996.7363,constant_speed,3012.72
4431542,0.0405,-0.1273,1.1941,2.1175,-0.21,0.9712,996.7227,constant_speed,3012.78
4431602,-0.0222,0.0222,0.854,-0.4988,-2.7213,0.3063,996.7339,constant_speed,3012.84
4431662,0.0466,-0.0071,1.0653,-0.4025,0.1312,0.1925,996.7737,constant_speed,3012.9
4431722,-0.0347,-0.0312,1.0114,-0.5512,3.29,0.6562,996.8269,constant_speed,3012.96
4431782,0.0192,-0.0073,0.9659,0.9975,-3.08,0.6212,996.864,constant_speed,3013.02
4431842,-0.0556,-0.0204,0.955,0.4025,-2.87,0.0088,996.957,constant_speed,3013.08
4431902,0.0483,-0.0576,1.4071,1.61,6.2825,1.1113,996.9688,constant_speed,3013.14
4431962,-0.0796,0.032,0.8421,-0.2537,-0.455,0.3413,996.8748,constant_speed,3013.2
4432022,0.0171,-0.0468,1.0929,-0.7788,-0.105,0.2013,996.8684,constant_speed,3013.26
4432082,-0.011,-0.0861,1.0002,1.1463,1.8375,0.2188,996.7881,constant_speed,3013.32
4432142,-0.0447,0.0734,0.8764,0.9362,0.0,0.3675,996.7385,constant_speed,3013.38
4432202,0.0049,-0.0773,0.7935,1.3913,-2.24,0.28,996.7283,constant_speed,3013.44
4432262,0.0464,-0.0097,1.087,2.1,-1.4262,0.3587,996.7734,constant_speed,3013.5
4432322,-0.0054,0.0556,1.1547,-0.8575,0.9975,0.385,996.854,constant_speed,3013.56
4432382,0.0129,-0.0347,1.1764,0.07,4.2613,0.1312,996.8665,constant_speed,3013.62
4432442,-0.0191,-0.0397,0.6614,-1.435,5.2937,0.2013,996.9004,constant_speed,3013.68
4432502,-0.0151,-0.0166,0.8181,-2.9488,-4.8212,-0.1838,996.9512,constant_speed,3013.74
4432562,0.0603,0.0688,0.8362,0.2713,-3.1588,-0.14,996.8787,constant_speed,3013.8
4432622,-0.0806,-0.0661,0.8337,-0.84,1.1375,0.2537,996.8491,constant_speed,3013.86
4432682,0.0166,0.0188,1.0611,-1.8025,1.05,-0.1838,996.8767,constant_speed,3013.92
4432742,-0.0412,-0.0712,0.881,0.6125,0.0437,-0.4988,996.8765,constant_speed,3013.98
4432802,0.0465,-0.0942,0.8932,2.8263,-1.2687,0.5775,996.9868,constant_speed,3014.04
4432862,-0.0036,-0.0114,0.8791,-0.8925,-2.765,0.2975,996.9875,constant_speed,3014.1
4432922,0.0895,0.093,1.1763,3.3075,-0.0525,0.2625,996.9041,constant_speed,3014.16
4432982,0.0053,0.0463,0.9762,0.245,3.5175,0.3587,996.8933,constant_speed,3014.22
4433042,-0.0385,-0.0866,0.9367,-1.6537,-3.57,0.1925,996.8948,constant_speed,3014.28
4433102,0.0292,0.0366,1.2371,1.5225,4.025,-0.2713,996.9141,constant_speed,3014.34
4433162,0.0164,0.059,1.0102,2.8612,-0.0525,0.3237,996.884,constant_speed,3014.4
4433222,-0.0347,-0.0095,0.8725,-1.9775,-1.05,-0.3587,996.9004,constant_speed,3014.46
4433282,0.0634,-0.0332,1.1663,-0.5337,-2.6163,0.28,996.9417,constant_speed,3014.52
4433342,0.0842,0.0115,1.1438,2.3888,2.1875,0.0525,996.9807,constant_speed,3014.58
4433402,0.0062,0.0062,0.9433,0.105,2.3975,-0.0088,996.9226,constant_speed,3014.64
4433462,0.0462,0.0285,1.1153,0.3762,2.9575,-0.07,996.7205,constant_speed,3014.7
4433522,0.0121,-0.0154,0.9074,-0.1925,-2.0038,-0.1225,996.6304,constant_speed,3014.76
4433582,0.0776,0.0051,1.1658,0.4375,-0.8838,-0.0525,996.5862,constant_speed,3014.82
4433642,0.0573,0.0871,1.1653,1.6625,3.15,0.56,996.5706,constant_speed,3014.88
4433702,0.0497,0.0176,0.733,0.5163,-0.0175,-0.7525,996.6353,constant_speed,3014.94
4433762,0.077,-0.0117,1.1337,-1.2075,2.1088,0.07,996.739,constant_speed,3015.0
4433822,-0.0152,-0.0315,1.0426,0.1925,2.94,0.1838,996.7766,constant_speed,3015.06
4433882,-0.0242,-0.0266,0.9296,-0.1838,1.2775,0.4725,996.8301,constant_speed,3015.12
4433942,0.0467,-0.0373,1.0935,0.4288,-1.8813,0.3063,996.8022,constant_speed,3015.18
4434002,0.0332,0.0161,1.0768,0.7088,4.095,0.2713,996.8047,constant_speed,3015.24
4434062,-0.0113,0.0227,1.0009,2.135,0.1312,-0.3325,996.8047,constant_speed,3015.3
4434122,-0.023,-0.0534,0.9021,-0.245,2.1525,0.42,996.835,constant_speed,3015.36
4434182,-0.0025,-0.0327,0.8549,-1.0588,-1.6975,-0.0613,996.8472,constant_speed,3015.42
4434242,0.0014,0.0442,0.9719,1.1988,-2.555,0.0962,996.8701,constant_speed,3015.48
4434302,0.0789,-0.0151,1.1278,1.12,3.08,0.245,996.9158,constant_speed,3015.54
4434362,0.0148,-0.018,1.0397,-0.35,-0.42,0.175,996.9185,constant_speed,3015.6
4434422,-0.0007,0.034,0.8023,0.9625,-3.0187,-0.315,996.9348,constant_speed,3015.66
4434482,0.0656,-0.0231,1.1097,0.3675,-1.4438,0.3237,996.9414,constant_speed,3015.72
4434542,-0.004,-0.0666,1.0594,-0.8487,1.1287,0.2713,996.8516,constant_speed,3015.78
4434602,-0.0379,0.0063,0.8488,-0.7613,-1.925,0.175,996.7715,constant_speed,3015.84
4434662,0.013,-0.0029,0.9556,0.56,-0.21,0.1925,996.8254,constant_speed,3015.9
4434722,-0.0566,-0.0498,0.9375,-0.3413,2.0738,0.7525,996.8577,constant_speed,3015.96
4434782,0.1028,0.029,0.9911,1.0412,-3.0712,0.1838,996.731,constant_speed,3016.02
4434842,-0.0217,-0.0185,1.0302,-0.2975,1.8725,0.3237,996.3938,constant_speed,3016.08
4434902,0.0037,-0.0424,1.0495,-1.5925,-2.205,0.3938,996.3904,constant_speed,3016.14
4434962,0.0129,0.0036,1.0721,0.3675,0.7525,0.1575,996.3582,constant_speed,3016.2
4435022,0.0432,-0.0647,1.1086,-1.5488,-1.5225,0.56,996.4636,constant_speed,3016.26
4435082,0.0317,-0.039,1.0609,-0.805,1.0063,0.8662,996.6045,constant_speed,3016.32
4435142,0.0329,0.0397,0.7642,-0.0613,-5.1275,0.4112,996.6953,constant_speed,3016.38
4435202,0.0281,-0.0241,1.1648,0.315,0.8662,0.5512,996.688,constant_speed,3016.44
4435262,0.052,0.0222,1.1253,-1.015,0.9538,0.4462,996.7583,constant_speed,3016.5
4435322,0.0154,0.0432,0.9675,-0.3675,0.56,0.35,996.7559,constant_speed,3016.56
4435382,-0.0037,0.0478,0.8642,-1.33,0.77,-0.0613,996.6619,constant_speed,3016.62
4435442,-0.0302,-0.0554,0.887,-0.5075,-0.9013,0.35,996.5408,constant_speed,3016.68
4435502,0.0041,0.0444,0.9799,-0.3762,-0.56,0.21,996.5256,constant_speed,3016.74
4435562,0.0289,0.0032,1.0554,-0.9275,1.7675,-0.3325,996.5964,constant_speed,3016.8
4435622,-0.0442,-0.0956,0.8659,-1.2075,-2.1525,0.385,996.5793,constant_speed,3016.86
4435682,0.0434,0.0361,1.1921,1.8112,-0.1225,0.1575,996.6421,constant_speed,3016.92
4435742,0.0251,0.0322,0.9523,0.245,1.575,-0.455,996.667,constant_speed,3016.98
4435802,-0.0198,-0.0231,1.008,1.6537,-0.4638,0.2625,996.6909,constant_speed,3017.04
4435862,0.0878,0.0422,1.0694,-1.68,-0.7788,0.0525,996.7405,constant_speed,3017.1
4435922,0.0261,-0.1035,0.9463,0.1312,-2.1437,-0.0525,996.7803,constant_speed,3017.16
4435982,0.039,-0.0478,1.1136,1.1638,-0.14,0.1663,996.8486,constant_speed,3017.22
4436042,0.0091,0.0688,0.8781,1.7763,-1.645,0.2275,996.8606,constant_speed,3017.28
4436102,0.0905,-0.06,0.9792,-0.8138,0.21,0.0088,996.8596,constant_speed,3017.34
4436162,-0.007,-0.1042,0.8332,1.5575,-3.5612,0.2013,996.8574,constant_speed,3017.4
4436222,0.0059,-0.014,0.9363,-1.5225,-1.5488,0.2188,996.8938,constant_speed,3017.46
4436282,0.0064,-0.021,1.0258,0.91,0.35,-0.0437,996.9094,constant_speed,3017.52
4436342,0.0056,-0.009,0.886,-1.6275,-1.1375,0.6562,996.9143,constant_speed,3017.58
4436402,-0.0119,-0.0373,1.1261,-0.3675,2.555,-0.0175,996.9097,constant_speed,3017.64
4436462,0.0193,-0.0134,0.9451,-1.5312,1.7325,0.1225,996.8862,constant_speed,3017.7
4436522,0.0027,-0.0012,0.9162,-0.8662,-0.735,0.3675,996.8657,constant_speed,3017.76
4436582,-0.0127,-0.0588,1.0687,0.3587,0.4988,-0.3413,996.9036,constant_speed,3017.82
4436642,0.0508,-0.039,1.1189,3.3425,-1.6625,0.0437,996.9019,constant_speed,3017.88
4436702,0.0073,-0.0151,0.8156,1.1988,1.3825,0.0875,996.8767,constant_speed,3017.94
4436762,0.0425,-0.029,1.0011,-0.56,-1.75,-0.0262,996.9204,constant_speed,3018.0
4436822,0.012,-0.0885,0.8688,0.4812,-1.435,-0.0175,997.0449,constant_speed,3018.06
4436882,0.0561,0.0325,1.0003,1.8987,-4.0862,0.4288,997.0811,constant_speed,3018.12
4436942,0.0388,-0.0124,1.0773,-0.3325,2.6163,0.63,997.1128,constant_speed,3018.18
4437002,0.0124,0.0181,0.9785,-0.4025,-1.1812,0.28,997.0952,constant_speed,3018.24
4437062,0.032,0.0349,1.0185,-0.525,0.6388,0.8575,997.0281,constant_speed,3018.3
4437122,0.0059,-0.0657,1.1233,0.7525,3.535,0.7437,997.0479,constant_speed,3018.36
4437182,-0.0622,-0.0606,0.886,0.0613,2.1613,0.9887,997.0669,constant_speed,3018.42
4437242,0.0195,-0.0549,0.7975,-1.2425,-3.5,0.6037,996.9148,constant_speed,3018.48
4437302,0.0076,-0.0524,1.0614,-0.0088,0.3325,0.945,996.8293,constant_speed,3018.54
4437362,0.0536,-0.0182,1.0272,1.9512,-0.4112,0.2188,996.8323,constant_speed,3018.6
4437422,0.0463,-0.0358,0.9216,0.525,-1.3125,0.5863,996.8403,constant_speed,3018.66
4437482,0.0126,-0.0778,0.9506,-0.6388,0.7962,0.595,996.5583,constant_speed,3018.72
4437542,0.0168,0.0342,0.876,1.0237,-4.725,0.49,996.4587,constant_speed,3018.78
4437602,0.1068,-0.032,1.1336,-0.7175,-3.7188,0.0,996.3708,constant_speed,3018.84
4437662,0.0308,-0.0778,1.209,0.5775,1.4175,0.105,996.3003,constant_speed,3018.9
4437722,0.0442,0.0327,1.0494,1.925,0.6037,-0.1312,996.333,constant_speed,3018.96
4437782,0.0581,0.04,1.0072,-0.4638,-2.8963,-0.2713,996.2585,constant_speed,3019.02
4437842,-0.0004,-0.062,1.1164,-1.4088,-0.4288,0.035,996.2483,constant_speed,3019.08
4437902,0.0022,0.0393,0.9035,2.1,-1.8112,-0.1225,996.2871,constant_speed,3019.14
4437962,0.049,0.0051,1.0916,-1.505,0.14,-0.3413,996.301,constant_speed,3019.2
4438022,-0.0271,-0.0322,0.9127,-0.525,-1.26,0.245,996.3015,constant_speed,3019.26
4438082,-0.0249,-0.0042,0.9492,-0.035,1.7675,0.2887,996.3345,constant_speed,3019.32
4438142,0.0254,-0.0161,0.9739,0.1575,1.6625,-0.1663,996.3706,constant_speed,3019.38
4438202,-0.0466,-0.1149,0.8753,-1.26,-0.2713,-0.1925,996.4619,constant_speed,3019.44
4438262,0.0032,0.0484,1.036,1.3825,-0.5512,-0.4025,996.5486,constant_speed,3019.5
4438322,0.0671,-0.0673,1.0153,-0.84,-1.0762,0.1575,996.4944,constant_speed,3019.56
4438382,0.0542,-0.0737,1.0602,-0.7788,-2.1788,0.56,996.4963,constant_speed,3019.62
4438442,-0.018,0.132,0.9001,0.595,0.2188,-0.1575,996.5762,constant_speed,3019.68
4438502,0.0709,-0.0412,0.9873,-1.1725,-1.295,-0.42,996.5981,constant_speed,3019.74
4438562,0.0878,-0.0376,1.1744,1.5488,1.1025,0.3325,996.5027,constant_speed,3019.8
4438622,-0.0132,0.027,0.9296,2.2225,0.3762,-0.5075,996.4363,constant_speed,3019.86
4438682,0.0395,0.0615,1.017,-0.3587,0.5075,-0.4988,996.4927,constant_speed,3019.92
4438742,0.0337,-0.0239,1.0419,-0.8838,0.1663,0.49,996.6533,constant_speed,3019.98
4438802,-0.0112,0.0397,1.0321,-0.2275,1.9688,0.0437,996.7131,constant_speed,3020.04
4438862,0.0127,-0.0185,0.8772,-2.3363,-2.3625,-0.1925,996.6968,constant_speed,3020.1
4438922,-0.012,-0.0419,0.9001,0.07,-1.61,0.21,996.6191,constant_speed,3020.16
4438982,-0.0002,0.0157,0.9489,1.2425,-2.205,0.0175,996.5542,constant_speed,3020.22
4439042,0.019,-0.0312,1.0934,1.19,-1.96,0.1925,996.5166,constant_speed,3020.28
4439102,0.0481,-0.0039,1.2314,0.77,2.45,0.6475,996.5051,constant_speed,3020.34
4439162,0.06,0.073,0.9665,0.1575,1.295,0.0088,996.5356,constant_speed,3020.4
4439222,-0.0066,-0.0417,0.8606,-1.225,-1.4,-0.525,996.5986,constant_speed,3020.46
4439282,0.0121,-0.0813,1.0014,-0.7,-0.2188,1.015,996.7305,constant_speed,3020.52
4439342,0.0056,0.0432,0.7877,-0.6475,-2.8438,-0.0262,996.676,constant_speed,3020.58
4439402,0.1199,0.0041,1.1841,0.2975,0.0262,0.0437,996.6382,constant_speed,3020.64
4439462,0.0698,-0.0232,1.0378,0.8925,2.3712,0.5337,996.6492,constant_speed,3020.7
4439522,0.0342,0.0511,1.0001,1.0675,-0.2625,0.4988,996.667,constant_speed,3020.76
4439582,-0.009,-0.0317,0.8952,0.4725,-1.1812,-0.315,996.7544,constant_speed,3020.82
4439642,-0.0451,-0.0047,1.0641,4.5588,0.5337,0.5075,996.8318,constant_speed,3020.88
4439702,-0.0171,0.1164,0.7684,2.4675,0.5425,0.105,996.9712,constant_speed,3020.94
4439762,0.0451,-0.0425,1.0019,-0.0525,1.2862,-0.4462,996.9751,constant_speed,3021.0
4439822,0.0279,-0.0437,1.118,1.9162,-0.0262,0.14,996.9255,constant_speed,3021.06
4439882,0.0512,0.1056,1.1573,1.3388,2.1613,-0.2887,996.9834,constant_speed,3021.12
4439942,0.0043,-0.0505,1.0202,0.9187,2.1525,-0.3675,997.0063,constant_speed,3021.18
4440002,0.0086,-0.0195,0.9476,0.6562,-1.085,0.5163,996.9583,constant_speed,3021.24
4440062,0.0476,0.0534,1.0497,1.1287,1.1638,0.1925,996.9355,constant_speed,3021.3
4440122,0.0425,0.0099,1.0553,0.6037,2.6688,0.105,996.8657,constant_speed,3021.36
4440182,-0.0525,-0.1632,1.178,0.1838,7.42,0.0875,996.8899,constant_speed,3021.42
4440242,-0.022,0.0942,0.8228,2.17,3.745,-0.2275,996.9534,constant_speed,3021.48
4440302,0.1272,0.0676,0.6654,-4.6988,-5.3463,0.7613,996.9663,constant_speed,3021.54
4440362,0.059,-0.0548,1.0482,-0.805,-1.925,0.8925,996.9116,constant_speed,3021.6
4440422,0.0273,0.0625,0.8343,-1.2337,3.2725,0.0437,996.6357,constant_speed,3021.66
4440482,-0.0427,-0.09,0.8538,-3.2113,-0.91,-0.0262,996.6077,constant_speed,3021.72
4440542,-0.0147,-0.0998,1.0019,-1.435,-2.8788,0.6737,996.6304,constant_speed,3021.78
4440602,0.0088,0.0607,1.0068,-0.4812,0.8138,0.1663,996.6785,constant_speed,3021.84
4440662,0.049,-0.022,1.0472,-1.19,3.1325,-0.3063,996.8228,constant_speed,3021.9
4440722,-0.0383,-0.072,0.9392,0.2013,0.6475,0.6475,996.9177,constant_speed,3021.96
4440782,0.0015,-0.0095,0.8682,-0.9275,-1.0412,0.2362,996.7253,constant_speed,3022.02
4440842,-0.0176,-0.0283,0.9889,-0.2887,-0.4288,-0.0175,996.5918,constant_speed,3022.08
4440902,0.0203,-0.0393,1.1009,0.8575,0.315,0.63,996.4236,constant_speed,3022.14
4440962,-0.034,-0.0352,0.8323,-1.6275,-0.7262,0.1312,996.3267,constant_speed,3022.2
4441022,0.0039,-0.0593,1.0323,1.3737,-0.4025,-0.0613,996.2368,constant_speed,3022.26
4441082,-0.0016,-0.0934,1.0004,0.2537,-0.245,0.7088,996.3452,constant_speed,3022.32
4441142,0.0351,0.0109,0.9909,0.2275,-0.1575,0.3237,996.4575,constant_speed,3022.38
4441202,-0.0579,0.0005,0.9141,0.5075,2.5725,0.1925,996.5229,constant_speed,3022.44
4441262,-0.0056,-0.0215,0.8494,0.9538,-0.8838,0.8662,996.5342,constant_speed,3022.5
4441322,-0.0149,-0.0158,0.8301,-0.2887,-4.7512,0.3938,996.5166,constant_speed,3022.56
4441382,0.0283,0.0276,1.0089,1.6975,1.6363,0.0787,996.4275,constant_speed,3022.62
4441442,-0.0334,-0.0459,0.8433,0.7088,0.1312,0.735,996.4434,constant_speed,3022.68
4441502,0.0025,0.0253,0.8267,-0.49,-0.665,0.2188,996.5596,constant_speed,3022.74
4441562,0.0129,-0.0215,0.9364,-0.1225,-1.715,-0.1575,996.6162,constant_speed,3022.8
4441622,0.021,-0.0708,0.9977,0.9275,-0.1312,0.9362,996.5671,constant_speed,3022.86
4441682,0.0001,0.053,0.9814,-0.8925,0.5163,0.42,996.5762,constant_speed,3022.92
4441742,-0.0007,-0.0144,0.9812,0.9013,-0.5688,0.245,996.6636,constant_speed,3022.98
4441802,-0.0106,-0.0881,0.9712,0.5863,-0.1225,0.63,996.6025,constant_speed,3023.04
4441862,0.0317,0.0298,1.0717,-0.5075,-1.855,0.42,996.5854,constant_speed,3023.1
4441922,0.0083,-0.0185,0.8997,1.0325,1.5225,0.1663,996.5728,constant_speed,3023.16
4441982,-0.0234,-0.0327,1.0526,1.75,1.8637,0.7088,996.5898,constant_speed,3023.22
4442042,-0.0159,-0.0005,0.8123,0.21,-0.9975,0.6125,996.6335,constant_speed,3023.28
4442102,0.0235,-0.0329,1.0197,1.3212,-1.19,0.0,996.6387,constant_speed,3023.34
4442162,0.0217,-0.0353,0.9672,0.7,0.1312,0.5337,996.6741,constant_speed,3023.4
4442222,0.0151,0.0283,1.0251,0.0,0.5512,0.2625,996.7505,constant_speed,3023.46
4442282,-0.0401,-0.0129,0.9092,0.1312,0.9538,0.0962,996.6975,constant_speed,3023.52
4442342,0.0165,-0.0476,0.9387,0.5163,-4.9437,0.7262,996.5637,constant_speed,3023.58
4442402,-0.0035,0.0212,1.0785,-0.77,1.3563,0.5075,996.5496,constant_speed,3023.64
4442462,0.0076,-0.0013,0.975,1.0938,2.2487,0.1312,996.6104,constant_speed,3023.7
4442522,-0.0224,-0.0505,0.9113,-0.0875,0.1838,0.7525,996.6533,constant_speed,3023.76
4442582,-0.0001,0.0112,0.9231,-0.2713,-0.8138,0.42,996.7373,constant_speed,3023.82
4442642,-0.0123,0.0264,0.949,0.28,0.0262,-0.175,996.7515,constant_speed,3023.88
4442702,-0.0283,-0.0727,0.8691,-0.0262,-0.385,0.3762,996.7981,constant_speed,3023.94
4442762,0.0,0.0034,0.8965,-1.2862,-1.2775,0.21,996.825,constant_speed,3024.0
4442822,0.0342,0.0398,1.0316,1.1812,-1.1287,0.2362,996.885,constant_speed,3024.06
4442882,0.019,-0.0579,1.0896,0.5512,0.945,0.5512,996.8323,constant_speed,3024.12
4442942,0.0142,-0.0048,0.9961,-0.0525,-0.1663,0.3413,996.8137,constant_speed,3024.18
4443002,-0.0558,-0.011,0.9406,0.595,2.73,-0.1312,996.7544,constant_speed,3024.24
4443062,0.0364,-0.0365,0.9689,0.0525,-3.3512,0.5163,996.6345,constant_speed,3024.3
4443122,0.028,-0.0158,1.1666,-0.7,-1.225,0.5688,996.626,constant_speed,3024.36
4443182,0.039,0.0123,1.1551,1.3125,2.94,0.1838,996.7041,constant_speed,3024.42
4443242,-0.0085,-0.0659,0.9672,-0.2887,-0.1488,0.3938,996.5845,constant_speed,3024.48
4443302,-0.0361,0.0389,0.8865,-1.1463,-0.0962,0.6125,996.6548,constant_speed,3024.54
4443362,0.0082,0.0117,1.0075,-0.6037,-1.085,0.2625,996.6396,constant_speed,3024.6
4443422,0.0259,-0.0403,1.1139,-0.63,-1.225,0.5512,996.5962,constant_speed,3024.66
4443482,-0.0119,-0.04,0.9387,-0.8313,0.1663,0.315,996.5325,constant_speed,3024.72
4443542,0.0171,0.0405,0.9768,0.0787,0.6037,0.0175,996.5015,constant_speed,3024.78
4443602,0.0175,-0.0368,0.997,-1.0325,-1.82,0.3413,996.554,constant_speed,3024.84
4443662,0.0344,-0.0289,1.0919,-0.4288,-0.4462,0.4638,996.5859,constant_speed,3024.9
4443722,-0.0457,-0.0107,0.936,0.6562,2.17,0.0437,996.6323,constant_speed,3024.96
4443782,-0.0112,-0.012,0.8621,-0.105,-1.7237,0.315,996.6289,constant_speed,3025.02
4443842,0.072,-0.0077,1.0411,0.56,-1.0237,0.3938,996.6816,constant_speed,3025.08
4443902,0.0758,0.0115,1.1575,2.1263,-0.525,0.0,996.6216,constant_speed,3025.14
4443962,0.0268,0.0154,1.1408,2.4413,3.325,0.7,996.6096,constant_speed,3025.2
4444022,0.002,-0.0429,0.8086,-1.155,0.5337,0.2188,996.6201,constant_speed,3025.26
4444082,-0.0173,0.0422,0.9944,-0.1663,-1.8375,0.07,996.5271,constant_speed,3025.32
4444142,0.0474,-0.0837,0.9726,-0.7,-3.0887,0.7525,996.5044,constant_speed,3025.38
4444202,0.0345,-0.0547,1.0216,-2.135,-2.03,0.2362,996.5718,constant_speed,3025.44
4444262,0.0817,0.039,1.196,1.0938,1.89,0.0175,996.6458,constant_speed,3025.5
4444322,-0.0137,-0.0412,1.0467,0.5863,0.5425,0.5425,996.667,constant_speed,3025.56
4444382,0.0088,0.0007,1.0246,-0.1925,-2.4938,0.2275,996.5481,constant_speed,3025.62
4444442,0.0405,0.0708,1.1639,1.0063,3.4388,0.0,996.6147,constant_speed,3025.68
4444502,-0.0046,-0.0314,1.0472,1.0325,1.1025,0.3762,996.5916,constant_speed,3025.74
4444562,0.0615,-0.0049,1.0324,-1.4088,-1.9075,0.1663,996.5681,constant_speed,3025.8
4444622,0.0583,0.039,1.1388,2.1788,0.7613,0.21,996.5701,constant_speed,3025.86
4444682,0.0178,-0.0524,1.0038,0.4725,0.6825,0.4288,996.6145,constant_speed,3025.92
4444742,0.0632,-0.0034,1.0066,-0.56,-0.2275,0.3762,996.5576,constant_speed,3025.98
4444802,-0.0248,0.0418,0.8641,-0.28,-0.4025,0.1138,996.6101,constant_speed,3026.04
4444862,0.0892,-0.0866,1.0519,-1.855,-4.2175,0.2975,996.6709,constant_speed,3026.1
4444922,0.0256,-0.0393,1.0488,-1.0675,-0.8838,0.2188,996.7405,constant_speed,3026.16
4444982,0.0808,0.0073,1.1919,2.1088,2.45,0.245,996.7854,constant_speed,3026.22
4445042,0.0041,-0.0207,0.9913,0.4812,-0.4812,0.3413,996.6926,constant_speed,3026.28
4445102,0.0137,-0.0356,0.9016,-1.6625,-2.1437,0.1488,996.6404,constant_speed,3026.34
4445162,0.0763,0.0729,1.0811,-0.7788,0.035,-0.1225,996.6357,constant_speed,3026.4
4445222,-0.0268,-0.0712,0.949,0.8662,1.2075,0.315,996.6208,constant_speed,3026.46
4445282,-0.0154,-0.0087,1.06,-0.4462,2.4413,0.6212,996.6279,constant_speed,3026.52
4445342,0.0425,0.0056,1.0195,1.2075,0.84,0.0962,996.709,constant_speed,3026.58
4445402,-0.0368,-0.0817,0.9756,-0.4638,-1.7325,0.3325,996.7402,constant_speed,3026.64
4445462,0.0525,0.0244,1.1512,-0.0175,-2.4413,0.42,996.7336,constant_speed,3026.7
4445522,-0.0586,0.0132,0.7471,-0.9975,-1.2775,0.2713,996.6257,constant_speed,3026.76
4445582,-0.0402,-0.0544,0.8243,-1.0938,-3.92,0.5863,996.6406,constant_speed,3026.82
4445642,-0.0193,0.0223,0.8843,-0.3587,-3.325,0.14,996.6987,constant_speed,3026.88
4445702,0.0315,-0.0435,1.0371,0.7,1.0063,-0.1663,996.6797,constant_speed,3026.94
4445762,-0.0151,-0.0134,1.1469,2.3712,4.27,-0.14,996.6877,constant_speed,3027.0
4445822,0.0,-0.0561,0.944,0.5775,-0.2275,0.3413,996.7561,constant_speed,3027.06
4445882,0.012,0.0705,1.0704,1.54,-0.0962,-0.4112,996.7502,constant_speed,3027.12
4445942,0.0356,-0.0448,1.0617,-0.2275,0.4112,0.0088,996.7615,constant_speed,3027.18
4446002,0.0434,0.0034,1.1093,-1.4875,-0.7088,-0.2013,996.8098,constant_speed,3027.24
4446062,0.0325,0.0928,1.0357,-0.0262,0.7962,-0.0262,996.8179,constant_speed,3027.3
4446122,-0.0493,-0.054,0.7505,0.14,-1.1812,0.4988,996.8579,constant_speed,3027.36
4446182,-0.0317,-0.0913,1.0011,-0.4375,-1.75,0.4025,996.8052,constant_speed,3027.42
4446242,0.0724,0.1326,1.127,0.8487,0.84,0.0525,996.7397,constant_speed,3027.48
4446302,-0.0346,-0.0893,0.9132,-0.8225,2.3275,0.9538,996.7268,constant_speed,3027.54
4446362,0.0044,0.0032,0.8874,-0.63,-0.7875,0.6212,996.7544,constant_speed,3027.6
4446422,0.0117,0.0966,0.8733,1.0762,-0.1838,0.245,996.7832,constant_speed,3027.66
4446482,-0.039,-0.0249,0.9591,1.3475,2.45,0.175,996.7959,constant_speed,3027.72
4446542,0.0219,-0.1122,0.9545,1.4875,-1.4088,0.8138,996.7473,constant_speed,3027.78
4446602,-0.0356,0.0842,0.7526,0.9013,-0.9712,-0.4025,996.7524,constant_speed,3027.84
4446662,0.0842,-0.0276,1.1439,0.8575,-3.9637,0.5688,996.699,constant_speed,3027.9
4446722,0.0742,0.0051,1.0607,0.77,-0.5688,0.7088,996.6116,constant_speed,3027.96
4446782,0.0795,0.1035,1.1146,3.57,3.0975,-0.14,996.5581,constant_speed,3028.02
4446842,-0.0173,-0.023,1.0431,-0.1575,0.4462,0.4725,996.5986,constant_speed,3028.08
4446902,-0.0808,0.0612,0.6913,-3.4213,-3.6925,0.2713,996.7463,constant_speed,3028.14
4446962,0.0106,-0.01,1.1573,-0.5688,1.7062,-0.105,996.7327,constant_speed,3028.2
4447022,0.0108,-0.1069,1.0582,1.1025,1.0063,-0.21,996.6838,constant_speed,3028.26
4447082,0.0363,0.0073,0.9445,-1.8813,-2.2313,0.2887,996.7256,constant_speed,3028.32
4447142,0.0654,0.1057,1.0189,-0.7,-0.035,-0.0437,996.7795,constant_speed,3028.38
4447202,-0.029,-0.1016,0.9518,-0.3237,0.0525,-0.0437,996.832,constant_speed,3028.44
4447262,0.029,0.0097,0.967,0.5775,1.0588,0.525,996.8135,constant_speed,3028.5
4447322,0.0359,0.0329,0.9662,-0.63,2.8263,-0.0613,996.8774,constant_speed,3028.56
4447382,0.0393,-0.0923,1.0529,-3.5087,1.4525,0.3063,996.8867,constant_speed,3028.62
4447442,0.0727,-0.0651,0.8516,-0.6737,2.3712,0.455,996.6228,constant_speed,3028.68
4447502,0.0163,-0.0236,1.0766,2.4938,1.925,0.035,996.4766,constant_speed,3028.74
4447562,-0.0117,0.04,0.9065,0.49,0.3938,0.0262,996.5137,constant_speed,3028.8
4447622,0.0319,-0.0125,1.0668,0.2887,-1.2337,0.875,996.512,constant_speed,3028.86
4447682,0.0507,-0.0081,0.9555,-0.455,0.9887,0.2013,996.4929,constant_speed,3028.92
4447742,-0.0214,-0.1197,0.9909,2.1,0.1663,0.2625,996.5747,constant_speed,3028.98
4447802,-0.0354,-0.0057,0.9296,-0.0088,-2.1,-0.2713,996.5632,constant_speed,3029.04
4447862,0.1005,0.0917,0.9955,-0.4812,0.0962,-0.4638,996.6206,constant_speed,3029.1
4447922,-0.0935,-0.0673,0.672,1.1113,-1.75,0.2537,996.6362,constant_speed,3029.16
4447982,0.0578,0.0151,1.2291,-1.645,2.8788,0.175,996.5703,constant_speed,3029.22
4448042,-0.0217,0.0096,1.0053,1.26,-0.3675,0.1225,996.5798,constant_speed,3029.28
4448102,-0.0842,-0.0368,0.7196,1.0588,-2.6512,0.0262,996.6802,constant_speed,3029.34
4448162,0.0298,-0.0356,0.9531,-0.8925,0.5337,0.14,996.7688,constant_speed,3029.4
4448222,0.0683,0.0254,1.165,2.345,-1.5488,0.245,996.8057,constant_speed,3029.46
4448282,-0.0268,0.0023,0.9163,4.0338,0.3762,0.7262,996.7607,constant_speed,3029.52
4448342,-0.0245,0.0764,0.8394,-0.525,-2.625,0.21,996.6741,constant_speed,3029.58
4448402,0.063,0.0104,0.9777,0.8487,-1.9512,-0.2887,996.552,constant_speed,3029.64
4448462,0.0264,-0.0043,0.976,1.3212,-0.9013,0.2013,996.6218,constant_speed,3029.7
4448522,0.0573,-0.04,1.0106,-0.5337,-0.9187,0.0088,996.6553,constant_speed,3029.76
4448582,-0.0432,0.0725,0.8437,-0.385,1.5838,-0.6825,996.7454,constant_speed,3029.82
4448642,0.0039,0.0917,1.1583,2.905,-0.875,-0.2275,996.6667,constant_speed,3029.88
4448702,0.0088,0.0229,0.9418,-1.6275,-1.365,-0.7525,996.5061,constant_speed,3029.94
4448762,-0.0117,0.0844,0.9919,0.14,4.025,-1.3125,996.4685,constant_speed,3030.0
4448822,-0.044,-0.017,0.8913,1.8288,0.6388,-0.6388,996.5955,constant_speed,3030.06
4448882,0.0227,-0.0065,0.9515,-0.91,-3.4475,-0.5425,996.6733,constant_speed,3030.12
4448942,0.0342,0.0634,1.0692,-0.7613,-1.3038,-0.9887,996.7112,constant_speed,3030.18
4449002,0.0008,-0.0495,1.025,2.1613,0.7788,-0.3063,996.7944,constant_speed,3030.24
4449062,0.0666,0.0825,1.2062,-0.245,2.555,0.0525,996.8535,constant_speed,3030.3
4449122,-0.0852,0.0152,0.8111,-1.89,2.7825,-0.3325,996.8242,constant_speed,3030.36
4449182,-0.0139,-0.059,1.0289,2.205,-3.7188,-0.0613,996.804,constant_speed,3030.42
4449242,0.072,0.0215,0.9431,-1.8112,-2.0213,-0.0175,996.804,constant_speed,3030.48
4449302,0.0435,0.0366,1.0421,0.9013,0.6562,-0.175,996.8506,constant_speed,3030.54
4449362,-0.009,0.0012,0.8686,-0.2188,-1.96,-0.6825,996.824,constant_speed,3030.6
4449422,0.0475,-0.0036,0.8952,-1.7237,-4.7075,-0.6125,996.7961,constant_speed,3030.66
4449482,0.0026,-0.0325,1.0255,-1.0938,3.01,-0.4375,996.7883,constant_speed,3030.72
4449542,0.0447,0.0999,1.0271,1.8725,0.5337,-0.1138,996.782,constant_speed,3030.78
4449602,-0.0359,-0.032,0.974,-0.4638,-0.875,-0.0787,996.72,constant_speed,3030.84
4449662,0.0536,0.0502,1.1386,0.455,0.3762,-0.0787,996.8245,constant_speed,3030.9
4449722,0.0334,0.0749,1.0988,2.0912,-1.6537,-0.4375,996.925,constant_speed,3030.96
4449782,-0.0134,-0.0461,0.933,-1.3563,0.1575,-0.0613,996.9292,constant_speed,3031.02
4449842,0.0417,0.0303,1.1588,-0.5775,1.2162,0.1488,996.8823,constant_speed,3031.08
4449902,-0.0764,-0.0529,0.7713,1.9162,-2.8,-0.4288,996.9082,constant_speed,3031.14
4449962,0.0424,-0.009,1.0968,-0.3063,2.0038,0.0088,996.9429,constant_speed,3031.2
4450022,0.0966,0.05,1.239,0.4025,-0.1838,0.175,996.9006,constant_speed,3031.26
4450082,-0.0467,0.0705,0.8696,0.6737,0.3325,-0.6737,996.8237,constant_speed,3031.32
4450142,0.0505,-0.0154,1.0374,-0.6737,-0.2275,-0.4462,996.8008,constant_speed,3031.38
4450202,0.0207,-0.0522,1.0537,1.1463,1.2775,0.2013,996.8455,constant_speed,3031.44
4450262,-0.0473,0.0088,0.8938,1.5575,0.0525,-0.1225,996.8267,constant_speed,3031.5
4450322,0.0534,0.0178,1.0635,-0.0613,-0.4638,0.0175,996.9167,constant_speed,3031.56
4450382,-0.0188,-0.0163,1.0326,0.7875,2.0387,0.1138,996.8469,constant_speed,3031.62
4450442,0.0364,0.0559,1.2205,2.1088,0.665,-0.4025,996.823,constant_speed,3031.68
4450502,0.0348,-0.0154,0.9079,-0.7788,1.6013,0.0525,996.9043,constant_speed,3031.74
4450562,0.0095,0.1441,1.1148,0.2013,2.1,0.3762,996.9419,constant_speed,3031.8
4450622,0.0059,-0.0066,0.9104,-0.6913,0.4375,-0.0962,996.9504,constant_speed,3031.86
4450682,0.0571,-0.1098,1.2293,-2.7475,0.7613,0.42,996.9597,constant_speed,3031.92
4450742,-0.0015,0.0908,1.1485,-1.1988,1.9512,0.4288,997.0479,constant_speed,3031.98
4450802,-0.0464,0.0043,0.8435,-0.0088,0.5688,-0.315,997.0991,constant_speed,3032.04
4450862,-0.0331,-0.0991,0.8342,-0.3675,-0.0962,-0.07,997.0662,constant_speed,3032.1
4450922,0.0317,0.0029,0.9845,-1.19,-0.8662,0.455,997.1189,constant_speed,3032.16
4450982,0.0197,-0.0322,1.0765,1.8375,2.2487,-0.105,997.1489,constant_speed,3032.22
4451042,0.0769,0.0005,1.1081,0.9362,1.7413,-0.175,996.949,constant_speed,3032.28
4451102,0.0242,-0.0551,1.0507,0.4812,2.1962,0.9625,996.8672,constant_speed,3032.34
4451162,0.0344,0.0744,0.9133,0.5688,-2.5988,-0.0175,996.9363,constant_speed,3032.4
4451222,0.1053,-0.0239,1.2744,2.0125,3.7275,0.6212,997.0061,constant_speed,3032.46
4451282,-0.0479,-0.03,0.8633,-0.6125,1.9425,0.42,997.0498,constant_speed,3032.52
4451342,0.0797,0.0357,1.1183,-0.7175,-2.0213,0.1225,996.9336,constant_speed,3032.58
4451402,-0.0456,-0.1061,0.9462,1.8725,-0.0875,0.3063,996.905,constant_speed,3032.64
4451462,-0.031,0.0413,1.0646,-0.945,0.63,0.7088,996.834,constant_speed,3032.7
4451522,0.0138,0.06,0.8428,-1.6013,0.63,0.4112,996.8909,constant_speed,3032.76
4451582,-0.0373,-0.1025,0.992,-0.0787,1.7938,0.6825,996.7712,constant_speed,3032.82
4451642,-0.0005,-0.0827,0.9479,-0.9013,-4.2263,0.49,996.7861,constant_speed,3032.88
4451702,0.0195,0.0476,0.865,0.0787,2.2313,0.56,996.8799,constant_speed,3032.94
4451762,-0.0658,-0.1367,0.996,0.6737,2.1437,0.3325,996.8926,constant_speed,3033.0
4451822,-0.0849,-0.0893,0.6791,-0.875,-1.1025,0.2713,996.9583,constant_speed,3033.06
4451882,0.0244,-0.0003,0.9384,0.9275,-1.26,0.2013,997.0295,constant_speed,3033.12
4451942,0.0159,-0.0553,1.0158,1.7413,3.2812,0.315,997.1089,constant_speed,3033.18
4452002,-0.0356,-0.0935,0.8628,-0.14,-0.0088,0.28,997.1367,constant_speed,3033.24
4452062,0.0366,-0.0376,0.9498,1.54,-1.7587,-0.0613,997.1624,constant_speed,3033.3
4452122,0.0088,-0.0866,1.0489,2.6862,1.26,0.1225,997.1584,constant_speed,3033.36
4452182,0.0337,0.0403,1.0843,-1.1638,-0.07,1.1463,997.1101,constant_speed,3033.42
4452242,0.0267,-0.0046,0.9182,-0.875,-1.015,0.6562,997.0461,constant_speed,3033.48
4452302,-0.0193,-0.0485,0.9148,1.2862,-0.49,0.3762,997.0447,constant_speed,3033.54
4452362,0.0085,-0.0183,0.8901,-0.105,-3.43,0.245,997.1101,constant_speed,3033.6
4452422,0.0672,-0.0102,1.1046,1.4525,1.8987,0.3413,996.9978,constant_speed,3033.66
4452482,0.012,0.0237,1.0746,0.6562,-0.1838,0.4812,996.8594,constant_speed,3033.72
4452542,0.0354,-0.0058,0.9151,-2.3975,0.1925,0.4112,996.7896,constant_speed,3033.78
4452602,0.0632,0.0051,1.0756,-2.1788,0.8925,0.105,996.8442,constant_speed,3033.84
4452662,-0.0465,-0.0217,1.1652,0.6212,4.8038,0.2013,996.9197,constant_speed,3033.9
4452722,0.0554,0.0293,1.0072,-2.0738,-1.8725,0.2537,997.105,constant_speed,3033.96
4452782,0.134,0.0199,1.2735,-0.4375,-0.1225,0.7088,997.178,constant_speed,3034.02
4452842,-0.0059,0.0569,1.036,0.7875,0.105,0.1663,997.2451,constant_speed,3034.08
4452902,-0.0273,-0.0636,0.8148,-0.8225,0.2362,0.2713,997.21,constant_speed,3034.14
4452962,-0.0131,0.0518,0.9413,-1.33,0.4725,0.0,997.1208,constant_speed,3034.2
4453022,-0.0646,-0.0242,0.7774,1.4525,-3.4475,0.4462,997.1729,constant_speed,3034.26
4453082,0.0151,-0.0868,1.0377,-0.0525,-3.1937,0.2362,997.1675,constant_speed,3034.32
4453142,0.057,0.0119,1.281,-0.2362,3.71,0.8662,997.1763,constant_speed,3034.38
4453202,-0.0156,0.0802,0.8076,1.6013,1.9338,0.1225,997.03,constant_speed,3034.44
4453262,-0.0065,-0.0828,0.8597,-0.1138,-1.575,0.42,996.7488,constant_speed,3034.5
4453322,0.0639,0.0117,0.9219,1.2337,0.8838,-0.1225,996.7231,constant_speed,3034.56
4453382,0.0475,0.1456,0.9341,1.5137,1.7325,0.14,996.668,constant_speed,3034.62
4453442,0.0222,-0.0409,0.8926,-2.1437,-1.6712,-0.3413,996.7188,constant_speed,3034.68
4453502,-0.0024,-0.0202,1.0573,-1.7587,2.5812,0.7962,997.0447,constant_speed,3034.74
4453562,-0.0176,-0.0371,0.9892,0.8662,0.07,0.1312,997.1096,constant_speed,3034.8
4453622,0.0495,-0.0558,0.9545,-0.875,-2.3275,0.1225,997.134,constant_speed,3034.86
4453682,0.0173,-0.133,1.1043,-1.0762,0.6913,1.0063,997.0464,constant_speed,3034.92
4453742,-0.0529,0.0692,0.8245,0.4375,-1.4787,-0.3587,996.9902,constant_speed,3034.98
4453802,0.0219,-0.1047,1.0541,0.1312,0.4638,-0.35,997.0159,constant_speed,3035.04
4453862,0.0778,-0.0744,1.3181,-0.665,0.8925,0.8838,996.9768,constant_speed,3035.1
4453922,-0.0234,-0.0342,0.9136,0.6913,-2.8263,0.5863,996.8621,constant_speed,3035.16
4453982,-0.0525,-0.0451,0.7627,-0.5688,-0.5163,-0.2362,996.8882,constant_speed,3035.22
4454042,-0.0336,-0.0661,0.883,-0.1225,-0.7788,0.2362,996.8862,constant_speed,3035.28
4454102,0.0871,0.0278,1.1682,-0.5775,-1.7062,0.0613,996.8633,constant_speed,3035.34
4454162,0.0146,0.0042,1.067,0.1138,0.1488,0.2362,996.7278,constant_speed,3035.4
4454222,-0.0359,-0.0724,0.8236,-1.4262,-1.2337,0.6037,996.7056,constant_speed,3035.46
4454282,0.0076,0.0059,0.984,-0.4812,-2.2137,-0.1575,996.6985,constant_speed,3035.52
4454342,-0.0024,-0.0927,0.9961,-0.4812,0.7175,0.0613,996.5671,constant_speed,3035.58
4454402,0.0425,0.0056,0.9909,-0.1138,-2.3537,0.3762,996.5935,constant_speed,3035.64
4454462,0.0853,0.0752,1.0446,-0.3413,-2.0125,0.2362,996.6143,constant_speed,3035.7
4454522,0.0813,0.0034,1.1475,1.0412,2.3625,0.1925,996.7065,constant_speed,3035.76
4454582,-0.0872,-0.1111,0.8482,-0.5688,5.1975,0.2275,996.8594,constant_speed,3035.82
4454642,-0.0346,0.0366,0.6924,0.0,-1.3913,-0.0262,996.9102,constant_speed,3035.88
4454702,-0.0176,0.0293,0.8955,0.0525,-2.5463,0.3063,996.7905,constant_speed,3035.94
4454762,0.0173,-0.0678,1.153,-0.5775,-1.3737,0.56,996.7993,constant_speed,3036.0
4454822,0.0439,-0.0303,1.1327,-1.085,2.0125,0.2887,996.8215,constant_speed,3036.06
4454882,-0.0373,-0.0527,0.7713,0.5512,-0.2713,-0.035,996.8564,constant_speed,3036.12
4454942,0.0219,-0.0159,0.8926,0.2013,-1.0938,-0.07,996.8379,constant_speed,3036.18
4455002,0.1169,-0.0015,1.1786,-0.6825,-3.8063,0.42,996.8669,constant_speed,3036.24
4455062,0.0129,0.0099,0.9941,1.4525,4.3837,-0.035,996.7612,constant_speed,3036.3
4455122,0.0937,0.0303,1.1202,-1.785,0.9625,0.3325,996.7324,constant_speed,3036.36
4455182,0.0264,0.0627,0.9457,-1.1287,-0.7175,-0.2887,996.6851,constant_speed,3036.42
4455242,0.0592,0.039,1.196,0.8838,1.6625,-0.2887,996.7219,constant_speed,3036.48
4455302,0.0127,-0.0209,1.0196,2.5988,1.6013,0.6388,996.8889,constant_speed,3036.54
4455362,-0.0056,0.0027,1.0283,-2.0912,-3.0887,0.1663,996.8369,constant_speed,3036.6
4455422,0.0344,0.0134,1.1339,1.3212,4.0425,-0.3063,996.8271,constant_speed,3036.66
4455482,-0.0259,-0.0098,0.9232,0.1138,0.1838,-0.8838,996.7822,constant_speed,3036.72
4455542,0.0342,-0.029,1.079,-0.7437,1.9162,-0.455,996.7661,constant_speed,3036.78
4455602,0.0176,0.0562,1.0285,1.0938,-0.9712,-0.1312,996.5405,constant_speed,3036.84
4455662,-0.0102,-0.0337,0.889,1.1725,-4.7425,-0.0525,996.3291,constant_speed,3036.9
4455722,0.0839,0.0807,1.1204,-0.2887,-0.7175,-0.3237,996.5657,constant_speed,3036.96
4455782,0.0441,0.0688,1.1158,2.3975,2.3363,-0.1663,996.6282,constant_speed,3037.02
4455842,0.0306,-0.0174,0.9596,-1.05,1.6537,-0.245,996.6213,constant_speed,3037.08
4455902,0.1076,0.0139,1.0816,-0.91,-4.1388,-0.2188,996.7087,constant_speed,3037.14
4455962,-0.0141,0.0327,0.8657,-0.8925,3.6488,-0.91,996.7458,constant_speed,3037.2
4456022,0.0366,0.0359,1.0219,-1.5488,1.1638,-0.5775,996.6382,constant_speed,3037.26
4456082,0.0008,-0.0081,0.9687,-0.9712,-0.8662,0.0962,996.4434,constant_speed,3037.32
4456142,0.0384,0.0239,1.1592,1.2337,-0.4025,-0.3762,996.3293,constant_speed,3037.38
4456202,0.0136,-0.061,0.8955,0.4638,-0.5512,-0.4462,996.3462,constant_speed,3037.44
4456262,0.0254,-0.1232,0.9087,-0.735,-0.2188,-0.0437,996.3655,constant_speed,3037.5
4456322,0.039,0.0478,1.1117,2.3363,-1.1113,-0.525,996.5583,constant_speed,3037.56
4456382,0.0317,-0.0223,1.1014,2.45,1.6625,0.0787,996.6853,constant_speed,3037.62
4456442,-0.03,-0.0678,0.8456,-3.3775,-0.1312,-0.1138,996.9187,constant_speed,3037.68
4456502,0.0831,0.0969,1.0174,0.5688,0.0088,0.2013,996.8787,constant_speed,3037.74
4456562,0.0151,-0.0486,0.9406,-0.9362,-0.8487,0.21,996.6375,constant_speed,3037.8
4456622,-0.0239,-0.062,0.9457,-1.9162,-2.5287,0.2537,996.437,constant_speed,3037.86
4456682,0.0381,-0.0075,0.9557,0.5512,-1.2425,0.5163,996.4243,constant_speed,3037.92
4456742,0.0121,-0.0098,0.9104,0.2887,-1.3475,0.0613,996.4937,constant_speed,3037.98
4456802,0.09,-0.0686,1.1811,-1.4612,-0.2188,0.4112,996.5581,constant_speed,3038.04
4456862,0.0382,-0.0613,1.1724,0.98,2.7037,0.6562,996.5078,constant_speed,3038.1
4456922,-0.0015,-0.0753,0.9692,1.4,-0.5688,0.3413,996.55,constant_speed,3038.16
4456982,-0.0003,-0.0278,0.7551,-1.9162,-4.6112,0.3063,996.2969,constant_speed,3038.22
4457042,-0.0118,-0.0412,1.0269,1.2687,1.5662,0.5425,996.2454,constant_speed,3038.28
4457102,-0.0112,-0.0096,0.8713,0.5075,-0.0787,0.2625,996.3542,constant_speed,3038.34
4457162,0.0151,-0.0331,0.8542,-0.7875,-3.01,0.3762,996.3657,constant_speed,3038.4
4457222,0.0891,-0.014,1.1616,2.3712,2.4762,0.4112,996.3408,constant_speed,3038.46
4457282,-0.0134,-0.0514,0.8649,-0.7437,-0.0175,0.1312,996.4519,constant_speed,3038.52
4457342,0.0766,-0.0302,1.0355,-1.6625,-2.6775,0.9187,996.5422,constant_speed,3038.58
4457402,0.0071,-0.027,0.975,0.14,0.0,0.1925,996.4102,constant_speed,3038.64
4457462,0.0307,-0.0617,1.0855,0.8487,-0.735,0.1488,996.3928,constant_speed,3038.7
4457522,0.0342,0.0363,0.9231,-2.0912,-0.8313,0.2713,996.5127,constant_speed,3038.76
4457582,0.1005,-0.032,1.1768,0.77,1.1725,0.665,996.5979,constant_speed,3038.82
4457642,0.0024,-0.0537,0.8807,-0.2188,0.2013,0.4988,996.4966,constant_speed,3038.88
4457702,0.0493,0.0295,0.9312,-0.665,-0.945,0.1312,996.2893,constant_speed,3038.94
4457762,-0.0104,-0.0047,0.9109,0.805,-1.4525,-0.0525,996.2527,constant_speed,3039.0
4457822,0.0756,-0.0488,1.1505,1.3563,-1.9162,0.5512,996.5054,constant_speed,3039.06
4457882,0.0586,0.0381,1.0661,0.84,0.14,0.7788,996.4734,constant_speed,3039.12
4457942,-0.0098,0.0483,1.0538,0.2362,4.025,-0.1663,996.2517,constant_speed,3039.18
4458002,0.0049,-0.081,0.917,-0.84,1.8375,0.7262,996.3181,constant_speed,3039.24
4458062,0.0302,0.0081,0.9646,0.4462,-0.8225,0.4462,996.5115,constant_speed,3039.3
4458122,0.0408,0.0273,0.9807,-0.2713,2.5812,0.0875,996.5557,constant_speed,3039.36
4458182,0.0078,-0.0536,0.9079,-0.7437,-0.875,0.3063,996.592,constant_speed,3039.42
4458242,0.039,-0.0012,1.0025,-0.0962,1.8463,0.3063,996.5415,constant_speed,3039.48
4458302,0.0417,0.0763,1.0838,1.9075,2.7475,0.2188,996.5371,constant_speed,3039.54
4458362,-0.0225,-0.0754,0.9231,-0.455,1.9338,0.49,996.4666,constant_speed,3039.6
4458422,0.0434,0.0312,1.1163,0.21,2.4062,0.4988,996.3069,constant_speed,3039.66
4458482,0.0348,-0.0109,0.9906,1.2162,0.5163,0.21,996.3132,constant_speed,3039.72
4458542,-0.0223,-0.0672,0.9768,0.0613,2.5375,0.3063,996.3137,constant_speed,3039.78
4458602,-0.0232,-0.0081,0.9963,1.2513,-0.5512,0.2537,996.2852,constant_speed,3039.84
4458662,0.0249,-0.0541,0.8089,-0.385,-3.955,0.5863,996.1785,constant_speed,3039.9
4458722,0.0639,-0.0648,1.1287,-0.0787,-2.9488,0.49,996.2178,constant_speed,3039.96
4458782,-0.0069,-0.011,0.9658,-0.2188,0.9625,0.21,996.3489,constant_speed,3040.02
4458842,0.031,-0.0484,1.0587,0.4988,3.5262,0.3237,996.4377,constant_speed,3040.08
4458902,0.0144,-0.0474,1.0075,-0.7175,-0.0962,0.7875,996.1624,constant_speed,3040.14
4458962,0.1066,-0.0088,1.1859,0.4638,0.0787,0.0613,996.1794,constant_speed,3040.2
4459022,0.0411,-0.0451,0.9606,0.4462,1.8725,0.315,996.2673,constant_speed,3040.26
4459082,0.009,0.0425,1.0231,-0.8313,1.0412,0.5075,996.3933,constant_speed,3040.32
4459142,-0.012,0.0466,0.8633,0.5512,-0.4812,0.2013,996.4788,constant_speed,3040.38
4459202,0.0565,-0.1118,1.0943,1.505,0.7788,1.0063,996.7546,constant_speed,3040.44
4459262,0.0332,0.03,0.915,0.735,-2.5988,0.3675,996.8076,constant_speed,3040.5
4459322,0.0733,0.0634,0.917,0.9887,0.1138,-0.245,996.9473,constant_speed,3040.56
4459382,0.0387,-0.0403,1.0519,0.0175,0.3237,0.0088,996.8511,constant_speed,3040.62
4459442,0.014,-0.0137,1.0862,0.2362,2.0825,-0.0613,996.7681,constant_speed,3040.68
4459502,0.0744,-0.0078,1.0133,1.6187,-0.3063,-0.35,996.6626,constant_speed,3040.74
4459562,0.0486,0.0142,1.056,0.5075,1.0588,0.0525,996.5342,constant_speed,3040.8
4459622,0.0434,-0.0486,1.077,-0.3675,3.885,-0.1225,996.6033,constant_speed,3040.86
4459682,0.0505,-0.0269,1.0592,1.0938,-0.7962,0.5512,996.6106,constant_speed,3040.92
4459742,0.075,-0.0126,1.0876,0.2013,-0.9625,0.2625,996.6106,constant_speed,3040.98
4459802,0.0283,0.0361,0.9199,1.4262,-1.26,-0.3675,996.6067,constant_speed,3041.04
4459862,0.092,-0.0081,1.0592,1.1287,-1.1375,0.4025,996.4348,constant_speed,3041.1
4459922,0.0354,0.0701,0.9775,-0.8662,-2.8175,0.4025,996.3828,constant_speed,3041.16
4459982,0.0771,0.0623,0.945,-0.21,2.7562,-0.4638,996.394,constant_speed,3041.22
4460042,0.0927,-0.019,1.0934,0.2713,1.82,0.2188,996.4604,constant_speed,3041.28
4460102,-0.0195,-0.009,0.9683,0.8313,2.1,0.105,996.542,constant_speed,3041.34
4460162,0.0669,0.0307,1.0183,1.365,-1.2162,0.0,996.6404,constant_speed,3041.4
4460222,0.059,-0.0314,0.8874,-1.2513,-1.575,0.1138,996.5615,constant_speed,3041.46
4460282,-0.0008,0.072,0.8886,-1.0325,0.1488,-0.5337,996.2979,constant_speed,3041.52
4460342,0.123,-0.0722,1.1392,1.3212,1.6712,0.1663,996.199,constant_speed,3041.58
4460402,-0.0464,0.0331,0.7771,-1.2425,1.3125,0.105,996.1892,constant_speed,3041.64
4460462,-0.0124,0.0184,0.8628,0.4375,-0.2275,-0.2013,996.4209,constant_speed,3041.7
4460522,0.0484,-0.0461,0.9682,0.2975,-0.6913,0.385,996.47,constant_speed,3041.76
4460582,0.0332,-0.0317,1.0139,0.0088,-0.595,0.7437,996.6001,constant_speed,3041.82
4460642,0.0991,-0.0515,1.0565,1.75,1.435,0.0088,996.5918,constant_speed,3041.88
4460702,0.0622,-0.0457,0.9853,-0.6388,-1.2425,-0.0262,996.3945,constant_speed,3041.94
4460762,-0.0079,-0.0276,0.9264,-0.6913,0.8138,0.2625,996.4141,constant_speed,3042.0
4460822,0.0725,0.0157,1.0382,1.7763,-3.3425,0.6037,996.4158,constant_speed,3042.06
4460882,0.0756,-0.0086,1.1225,0.105,-0.84,0.7875,996.426,constant_speed,3042.12
4460942,0.0971,0.0861,1.0016,0.0262,0.6913,0.3325,996.5935,constant_speed,3042.18
4461002,0.0042,-0.05,0.9412,-0.5688,-0.0875,0.4025,996.5764,constant_speed,3042.24
4461062,0.0232,-0.0535,0.9988,-0.9625,-0.8138,0.5163,996.4624,constant_speed,3042.3
4461122,0.0217,-0.0132,0.9116,0.4812,0.175,0.4025,996.3818,constant_speed,3042.36
4461182,0.0321,-0.0249,0.9482,-0.5425,1.6013,0.7788,996.4719,constant_speed,3042.42
4461242,0.0569,-0.014,0.9907,-0.245,0.4988,0.4025,996.4714,constant_speed,3042.48
4461302,0.0444,0.0022,1.048,0.63,-0.3675,0.0962,996.4834,constant_speed,3042.54
4461362,0.0827,0.091,1.0928,1.6712,-0.4288,0.9362,996.4861,constant_speed,3042.6
4461422,0.0795,0.0842,1.0616,1.12,-0.1312,0.3762,996.4973,constant_speed,3042.66
4461482,0.0392,-0.0664,0.9778,-0.175,-2.2925,0.5863,996.5037,constant_speed,3042.72
4461542,0.0526,0.0422,1.0468,-1.4963,1.1638,0.2625,996.4885,constant_speed,3042.78
4461602,0.0373,-0.0251,1.007,-0.3325,1.0762,0.0437,996.5383,constant_speed,3042.84
4461662,0.0527,0.0178,1.0326,0.0962,-0.1925,0.3762,996.5303,constant_speed,3042.9
4461722,0.0905,0.0661,1.0934,1.155,-0.6037,-0.0262,996.4597,constant_speed,3042.96
4461782,0.0312,-0.0756,1.0166,-0.0175,-1.4262,0.3587,996.3789,constant_speed,3043.02
4461842,0.0605,-0.0525,0.9424,-0.735,-1.9688,0.385,996.3108,constant_speed,3043.08
4461902,0.0593,-0.0157,0.9951,1.9162,1.7237,-0.0525,996.3657,constant_speed,3043.14
4461962,0.0259,-0.0092,0.9726,-0.1838,0.9538,0.07,996.6104,constant_speed,3043.2
4462022,0.0376,0.0478,1.0365,1.1287,1.3825,0.1488,996.5371,constant_speed,3043.26
4462082,0.0234,-0.0448,1.0848,1.8637,-0.035,0.2713,996.345,constant_speed,3043.32
4462142,0.0393,-0.0146,0.9545,-1.1375,-0.9975,0.3762,996.3315,constant_speed,3043.38
4462202,0.0849,-0.0554,1.0131,0.0787,-0.84,0.3587,996.3669,constant_speed,3043.44
4462262,0.0908,-0.0039,1.0748,0.6212,-1.4787,0.805,996.5413,constant_speed,3043.5
4462322,0.0806,0.0134,1.1248,1.68,-0.6825,0.3938,996.5027,constant_speed,3043.56
4462382,0.0327,-0.0353,1.066,1.575,0.07,0.63,996.4534,constant_speed,3043.62
4462442,0.0288,-0.0427,0.9348,-0.1663,-1.0762,0.8138,996.4365,constant_speed,3043.68
4462502,0.0264,-0.0675,0.8549,-0.6913,1.575,0.3675,996.5735,constant_speed,3043.74
4462562,0.0193,-0.032,0.9823,-1.085,1.33,0.7262,996.7419,constant_speed,3043.8
4462622,0.0368,0.0063,0.9762,-1.4963,0.735,0.4462,996.7041,constant_speed,3043.86
4462682,0.0004,-0.0935,0.9419,-1.4787,-1.2862,0.9712,996.4104,constant_speed,3043.92
4462742,0.0165,-0.0483,0.9069,-1.61,-0.9538,1.0412,996.4172,constant_speed,3043.98
4462802,0.043,-0.0938,0.9404,-0.5337,-0.8225,0.5863,996.499,constant_speed,3044.04
4462862,0.0393,-0.0459,1.0374,-0.805,-0.2625,0.8313,996.4946,constant_speed,3044.1
4462922,0.039,0.0327,1.1371,0.9187,2.1788,0.4375,996.4705,constant_speed,3044.16
4462982,0.0071,-0.1086,1.0557,0.7262,0.6562,0.35,996.4705,constant_speed,3044.22
4463042,0.0795,-0.0351,1.1345,-0.035,2.2838,0.805,996.5608,constant_speed,3044.28
4463102,-0.0183,-0.0498,0.927,-0.6825,-0.5163,0.4025,996.6672,constant_speed,3044.34
4463162,0.0466,0.0249,0.9607,0.28,-0.6125,0.6475,996.6292,constant_speed,3044.4
4463222,0.049,-0.0156,1.0138,0.7788,0.3413,0.6037,996.6355,constant_speed,3044.46
4463282,-0.0201,-0.0806,0.9348,2.7037,0.56,0.6125,996.637,constant_speed,3044.52
4463342,0.05,0.0127,1.0487,-0.4288,1.0762,0.5075,996.6921,constant_speed,3044.58
4463402,0.0632,-0.087,0.9423,0.4988,-0.9362,0.7088,996.833,constant_speed,3044.64
4463462,0.0191,-0.0245,1.0308,0.84,-1.2425,0.5425,996.8755,constant_speed,3044.7
4463522,0.0702,0.0004,1.0047,1.3038,-0.6913,0.4375,996.8591,constant_speed,3044.76
4463582,0.0239,-0.0587,0.9578,-1.1375,2.2575,0.7788,996.8259,constant_speed,3044.82
4463642,0.0889,0.0059,1.0714,0.5425,0.945,0.7875,996.7234,constant_speed,3044.88
4463702,0.0161,-0.0929,0.8815,-1.0675,-0.0875,0.5863,996.7896,constant_speed,3044.94
4463762,0.006,-0.0281,0.9059,0.2362,0.8925,0.2887,996.9268,constant_speed,3045.0
4463822,0.0471,-0.0504,0.9091,-0.77,-0.0088,0.4462,996.8872,constant_speed,3045.06
4463882,0.0986,0.0561,1.0472,0.105,-0.035,1.155,996.7351,constant_speed,3045.12
4463942,0.0297,-0.0488,0.8819,-0.5775,-2.8612,0.3675,996.7332,constant_speed,3045.18
4464002,0.1093,-0.0158,1.179,-0.56,2.6775,0.4725,996.7227,constant_speed,3045.24
4464062,-0.0104,-0.0637,0.8868,-0.8838,0.6737,0.1663,996.7932,constant_speed,3045.3
4464122,0.0142,-0.1106,1.1521,1.1287,0.1663,-0.175,996.7236,constant_speed,3045.36
4464182,0.06,-0.0514,0.876,-0.4025,-1.5662,0.1312,996.6892,constant_speed,3045.42
4464242,0.0745,0.0039,0.9536,0.3237,-0.4462,-0.0088,996.7268,constant_speed,3045.48
4464302,0.0705,-0.0166,0.9294,0.7,-1.995,0.0,996.7871,constant_speed,3045.54
4464362,0.0686,-0.0157,0.911,0.1138,-1.1638,0.0787,996.8464,constant_speed,3045.6
4464422,0.014,-0.0552,0.8811,-1.0237,-0.3587,0.245,996.8777,constant_speed,3045.66
4464482,0.0797,0.055,1.0446,1.1812,-0.1925,0.0262,996.8743,constant_speed,3045.72
4464542,0.0159,-0.0327,0.8774,-0.0875,-0.5512,0.105,996.9197,constant_speed,3045.78
4464602,0.0481,-0.0357,0.9059,-0.665,-1.6537,-0.2713,996.9958,constant_speed,3045.84
4464662,0.0596,0.0314,1.1051,1.1988,-0.035,-0.2275,997.0283,constant_speed,3045.9
4464722,0.0485,-0.0002,1.074,0.0088,-0.3413,-0.035,997.0342,constant_speed,3045.96
4464782,0.1022,0.0598,0.9407,0.9975,-2.1962,-0.4988,997.0276,constant_speed,3046.02
4464842,0.0532,0.0151,0.9909,0.0875,-0.035,-0.0175,997.0569,constant_speed,3046.08
4464902,0.1617,0.0979,1.1502,1.26,1.9775,-0.3413,997.1274,constant_speed,3046.14
4464962,0.0586,-0.0243,1.0482,1.0412,0.4812,-0.4638,997.125,constant_speed,3046.2
4465022,0.0234,0.022,0.9875,0.9187,0.8575,-0.21,997.0764,constant_speed,3046.26
