,source_dataset,segment_id,label,duration,num_samples,accel_mag_mean,accel_mag_max,accel_mag_min,accel_mag_range,dps_mag_mean,dps_mag_max,dps_mag_min,dps_mag_range,a_x_mean,a_x_std,a_x_min,a_x_max,a_x_range,a_x_abs_max,a_x_delta,a_x_max_neighbor_diff,a_x_min_neighbor_diff,a_x_avg_neighbor_diff,a_x_max_gradient,a_x_min_gradient,a_x_num_peaks,a_x_zero_crossings,a_y_mean,a_y_std,a_y_min,a_y_max,a_y_range,a_y_abs_max,a_y_delta,a_y_max_neighbor_diff,a_y_min_neighbor_diff,a_y_avg_neighbor_diff,a_y_max_gradient,a_y_min_gradient,a_y_num_peaks,a_y_zero_crossings,a_z_mean,a_z_std,a_z_min,a_z_max,a_z_range,a_z_abs_max,a_z_delta,a_z_max_neighbor_diff,a_z_min_neighbor_diff,a_z_avg_neighbor_diff,a_z_max_gradient,a_z_min_gradient,a_z_num_peaks,a_z_zero_crossings,dps_x_mean,dps_x_std,dps_x_min,dps_x_max,dps_x_range,dps_x_abs_max,dps_x_delta,dps_x_max_neighbor_diff,dps_x_min_neighbor_diff,dps_x_avg_neighbor_diff,dps_x_max_gradient,dps_x_min_gradient,dps_x_num_peaks,dps_x_zero_crossings,dps_y_mean,dps_y_std,dps_y_min,dps_y_max,dps_y_range,dps_y_abs_max,dps_y_delta,dps_y_max_neighbor_diff,dps_y_min_neighbor_diff,dps_y_avg_neighbor_diff,dps_y_max_gradient,dps_y_min_gradient,dps_y_num_peaks,dps_y_zero_crossings,dps_z_mean,dps_z_std,dps_z_min,dps_z_max,dps_z_range,dps_z_abs_max,dps_z_delta,dps_z_max_neighbor_diff,dps_z_min_neighbor_diff,dps_z_avg_neighbor_diff,dps_z_max_gradient,dps_z_min_gradient,dps_z_num_peaks,dps_z_zero_crossings
0,clean/bumps.csv,0,bumps,1.8,31,0.9992392918511844,1.2762380224707304,0.8216820370435269,0.45455598542720344,3.384960697817181,11.471129995776353,0.3464823227814083,11.124647672994945,0.04565483870967741,0.05789575021081529,-0.0625,0.1374,0.1999,0.1374,0.1276,0.0722,-0.055600000000000004,0.004253333333333333,0.3558333333333338,-0.2838333333333333,0,2,0.03886451612903226,0.02263599711944225,-0.0076,0.0972,0.10479999999999999,0.0972,-0.027899999999999998,0.06049999999999999,-0.048499999999999995,-0.0009299999999999999,0.1706666666666668,-0.21483333333333304,1,0,0.9956225806451613,0.10295804553207558,0.819,1.2739,0.4549000000000001,1.2739,0.013199999999999878,0.1735000000000001,-0.1257999999999999,0.00043999999999999595,1.3554999999999993,-1.0939999999999976,1,0,0.12813225806451614,0.8460454016135291,-1.5225,1.9162,3.4387,1.9162,1.9163,1.9074,-1.5924999999999998,0.06387666666666668,8.501999999999999,-8.750166666666665,1,0,0.12052903225806454,4.757920758846491,-8.1987,11.3488,19.5475,11.3488,-0.4463,4.6637,-6.0287,-0.014876666666666627,56.9915,-54.8625,1,2,0.19787096774193547,0.1927590312515402,-0.14,0.6562,0.7962,0.6562,-0.2275,0.5337000000000001,-0.40249999999999997,-0.007583333333333325,1.7497222222222224,-2.347833333333333,1,0
1,clean/bumps.csv,1,bumps,1.8,31,0.9955515783361932,1.2189288166254828,0.8374802326025375,0.38144858402294535,3.1777344353630514,9.070910235472512,0.1752111297834701,8.895699105689042,-0.017241935483870967,0.05466922214063747,-0.1315,0.0912,0.2227,0.1315,-0.0709,0.12390000000000001,-0.1014,-0.002363333333333334,0.416,-0.5409722222222222,1,2,0.043109677419354835,0.023707654949948264,0.0007,0.123,0.12229999999999999,0.123,0.0191,0.0708,-0.0807,0.0006366666666666667,0.262,-0.24266666666666653,1,0,0.9928064516129032,0.09037806863571814,0.8373,1.2164,0.3790999999999999,1.2164,0.01110000000000011,0.12070000000000003,-0.13059999999999994,0.0003700000000000037,1.0668333333333333,-0.9220000000000041,1,0,0.31386451612903227,1.0787169472876523,-1.9863,2.695,4.6813,2.695,-0.11369999999999991,1.155,-2.0475,-0.0037899999999999935,13.008166666666662,-12.104000000000003,1,0,-0.007625806451612881,4.162000019939753,-9.0475,7.6825,16.73,9.0475,0.2713,4.8213,-3.2548999999999997,0.009043333333333339,46.564499999999995,-43.516666666666644,1,2,0.2819709677419355,0.24820986039176388,-0.2275,0.7262,0.9537,0.7262,-0.1225,0.8662,-0.455,-0.004083333333333333,1.6625000000000005,-1.939499999999999,1,0
2,clean/bumps.csv,2,bumps,1.8,31,0.998113112894102,1.247081095999775,0.850688227260728,0.3963928687390469,3.1970905486749133,10.695646120735296,0.347124444544028,10.348521676191268,0.021761290322580645,0.039788906975180525,-0.0431,0.1291,0.1722,0.1291,0.0404,0.15439999999999998,-0.1074,0.001346666666666667,0.2972222222222223,-0.27416666666666706,1,0,0.03750645161290323,0.021416347891021176,0.0052,0.0878,0.0826,0.0878,0.013699999999999997,0.05589999999999999,-0.0635,0.0004566666666666668,0.19849999999999995,-0.1683333333333332,1,0,0.9962645161290323,0.0969648477486802,0.8494,1.2446,0.3951999999999999,1.2446,-0.0240999999999999,0.1997,-0.14100000000000001,-0.00080333333333333,1.198666666666666,-0.971166666666667,1,0,0.005919354838709694,0.7637337670590691,-1.505,1.5925,3.0975,1.5925,0.5163,1.6275,-1.26,0.017210000000000007,7.612500000000002,-7.874999999999999,1,0,0.11854516129032253,4.371903600632773,-8.015,10.6313,18.6463,10.6313,-0.4462,4.0425,-5.3111999999999995,-0.014873333333333346,52.19383333333333,-50.32716666666668,1,2,0.26022903225806454,0.22635115962231248,-0.2013,0.7,0.9013,0.7,0.2187,0.38500000000000006,-0.5775,0.007290000000000004,1.5603333333333338,-1.6768333333333323,1,0
3,clean/bumps.csv,3,bumps,1.8,31,0.999024130686449,1.193137284640791,0.8269317565555213,0.36620552808526974,4.591901973615152,10.151767389474603,0.69533256791265,9.456434821561952,0.010325806451612903,0.041765711357060475,-0.0905,0.0813,0.1718,0.0905,-0.0731,0.0702,-0.0635,-0.0024366666666666673,0.3511666666666671,-0.3397222222222219,1,1,0.03909032258064516,0.068038745602971,-0.1266,0.2065,0.33309999999999995,0.2065,0.0122,0.10269999999999999,-0.1389,0.00040666666666666607,0.6175000000000002,-0.7204999999999993,1,3,0.9952548387096773,0.09075659696392938,0.8269,1.1843,0.35739999999999994,1.1843,-0.06620000000000004,0.121,-0.12459999999999993,-0.002206666666666668,0.9771666666666654,-0.9774999999999974,1,0,0.3197935483870968,3.7562086643259036,-7.6562,6.9037,14.559899999999999,7.6562,2.3363,4.8825,-6.5712,0.07787666666666675,36.74999999999996,-47.67283333333338,1,4,0.03048387096774204,4.040822622610135,-8.8025,8.4875,17.29,8.8025,5.2763,4.4801,-3.5088000000000004,0.17587666666666665,41.50416666666663,-43.96883333333337,1,3,0.6686645161290322,0.550012945028501,-0.3413,1.5925,1.9338,1.5925,1.4,1.4874999999999998,-1.0237,0.046666666666666655,2.887500000000001,-3.208500000000001,1,0
4,clean/bumps.csv,4,bumps,1.8,31,1.0019929899842184,1.1713190001020217,0.8607641140289249,0.3105548860730968,4.345407569592826,12.167308492020739,0.4291493096813742,11.738159182339365,0.0033709677419354826,0.038030892649251934,-0.1067,0.0644,0.1711,0.1067,-0.0109,0.0475,-0.0528,-0.00036333333333333335,0.30299999999999977,-0.3563333333333335,0,1,0.03233548387096775,0.06484086442147984,-0.1283,0.1721,0.3004,0.1721,0.019500000000000003,0.1475,-0.0856,0.0006499999999999992,0.7346666666666662,-0.7190000000000001,1,3,0.998809677419355,0.07602079695644129,0.8606,1.168,0.3073999999999999,1.168,-0.03049999999999986,0.1363000000000001,-0.09889999999999999,-0.001016666666666662,0.9786666666666699,-0.7168333333333345,1,0,-0.08553225806451614,3.5068303242279537,-6.58,9.17,15.75,9.17,0.735,6.203799999999999,-4.1563,0.024499999999999997,46.63750000000001,-34.64983333333334,1,4,0.22467096774193548,4.070101422503175,-6.3088,9.5112,15.82,9.5112,-1.2511999999999999,3.6051,-6.772500000000001,-0.04170666666666663,45.952,-44.26016666666667,1,2,0.4600741935483871,1.0401840462045622,-1.6013,2.9137,4.515,2.9137,0.385,2.5112,-2.1875,0.012833333333333325,6.65,-6.591500000000007,1,0
5,clean/bumps.csv,5,bumps,1.8,31,0.9953724909107989,1.1708688483344325,0.8397116469360182,0.3311572013984143,5.2852634647591605,12.2299393244611,0.6203207879798968,11.609618536481204,-0.011709677419354839,0.04410876220464372,-0.1045,0.0878,0.1923,0.1045,-0.0568,0.11009999999999999,-0.0575,-0.0018933333333333332,0.3991666666666667,-0.307333333333333,1,1,0.037503225806451615,0.0871088800826145,-0.1435,0.2139,0.3574,0.2139,0.006699999999999998,0.09240000000000001,-0.2021,0.00022333333333333417,0.7970000000000009,-0.9276666666666669,1,4,0.9900483870967743,0.07243598033651391,0.8395,1.1625,0.32300000000000006,1.1625,-0.04710000000000003,0.10400000000000009,-0.09829999999999994,-0.001570000000000001,0.8431666666666686,-0.7734999999999985,1,0,0.148174193548387,5.339950995403593,-11.1562,9.2137,20.3699,11.1562,-0.28870000000000007,6.16,-7.6823999999999995,-0.00962333333333337,59.397666666666666,-63.379166666666656,1,4,0.029935483870967696,3.5302904036871516,-7.7087,8.0588,15.7675,8.0588,-0.3675,3.9987,-3.9287,-0.012250000000000004,35.74366666666667,-38.95216666666666,1,2,0.3093516129032258,0.7885735779963582,-1.4262,1.6712,3.0974,1.6712,0.3062,2.275,-1.6974999999999998,0.010206666666666657,8.385416666666666,-5.512333333333335,1,0
6,clean/bumps.csv,6,bumps,1.8,31,1.007057063098899,1.2309659702851252,0.8605779511467859,0.3703880191383393,3.1643763631810002,10.29277031172852,0.4856052923929063,9.807165019335613,0.0051548387096774185,0.0657262496455801,-0.1322,0.1476,0.27980000000000005,0.1476,0.13770000000000002,0.1689,-0.0959,0.0045899999999999995,0.5108333333333333,-0.71,0,2,0.043561290322580645,0.02136507551151887,0.0159,0.0937,0.07780000000000001,0.0937,0.011699999999999995,0.0741,-0.047799999999999995,0.0003899999999999996,0.22016666666666668,-0.20116666666666644,1,0,1.0038451612903225,0.09714586914775694,0.855,1.2268,0.3717999999999999,1.2268,0.15349999999999986,0.12549999999999994,-0.15469999999999995,0.005116666666666662,1.121833333333333,-0.9103333333333321,1,0,0.16258709677419353,1.0066151541153272,-1.5838,2.8788,4.4626,2.8788,0.7436999999999999,1.6538,-1.6886999999999999,0.02479000000000001,11.185333333333332,-10.908333333333333,1,0,-0.03584838709677416,4.180698639451783,-9.835,6.9387,16.7737,9.835,-0.665,5.0925,-3.6487999999999996,-0.02216666666666663,45.79166666666666,-45.19366666666666,1,2,0.4109677419354838,0.2408471069469824,-0.1925,0.9625,1.155,0.9625,-0.26249999999999996,0.5775,-0.4025,-0.008750000000000003,2.9165,-2.6688333333333323,1,0
7,clean/bumps.csv,7,bumps,1.8,31,0.9952112829309554,1.198700967714634,0.8631957657449439,0.33550520196969014,3.098847027468298,9.155318997173174,0.2459641843846376,8.909354812788536,-0.0073999999999999995,0.05873828393816081,-0.1862,0.0863,0.2725,0.1862,-0.10830000000000001,0.09620000000000001,-0.2165,-0.003609999999999999,0.48083333333333345,-0.3111111111111111,1,2,0.044012903225806456,0.02557881599990487,-0.0054,0.1132,0.1186,0.1132,-0.0125,0.05669999999999999,-0.057,-0.0004166666666666669,0.30402777777777773,-0.2745000000000001,1,0,0.9923193548387097,0.0899620528124862,0.8625,1.1958,0.33329999999999993,1.1958,-0.09519999999999995,0.10319999999999996,-0.17099999999999993,-0.003173333333333332,1.043166666666668,-0.8635000000000002,1,0,0.20266451612903225,0.9593574403555701,-1.3825,2.3625,3.745,2.3625,0.63,1.4087,-1.8988,0.02100000000000001,10.966833333333332,-11.097999999999999,1,0,0.1061354838709677,4.119184345599534,-9.1175,8.225,17.3425,9.1175,-1.9162,6.0024999999999995,-3.6225,-0.06387333333333332,43.34166666666666,-42.947833333333335,1,2,0.08890967741935485,0.21087416208857626,-0.56,0.525,1.085,0.56,0.2887,0.42880000000000007,-0.7613000000000001,0.009623333333333336,1.8373333333333335,-2.783055555555556,1,0
8,clean/bumps.csv,8,bumps,1.8,31,0.9976515529364165,1.2259790618114161,0.8316409682068339,0.3943380936045823,3.020995283610323,10.526702234793193,0.3289853796143531,10.19771685517884,0.031629032258064516,0.045460460428438154,-0.0503,0.1204,0.1707,0.1204,0.102,0.1535,-0.0903,0.0033999999999999985,0.2603333333333331,-0.2623333333333334,1,4,0.03943548387096773,0.019021278407564107,-0.0045,0.0893,0.09380000000000001,0.0893,-0.002599999999999998,0.054000000000000006,-0.0614,-8.66666666666666e-05,0.1553333333333335,-0.12466666666666673,1,0,0.9952290322580644,0.09717073699953223,0.8306,1.2249,0.3943000000000001,1.2249,-0.006800000000000028,0.15410000000000001,-0.1378999999999999,-0.0002266666666666676,1.2048333333333323,-0.9748333333333337,1,0,0.09399032258064517,0.48240700751878157,-0.945,1.26,2.205,1.26,0.21,1.1375,-1.1813,0.007000000000000003,4.462499999999995,-5.235333333333335,1,0,0.12251612903225803,4.292291214265933,-8.505,10.4475,18.9525,10.4475,-0.9799,3.9287,-5.2326,-0.03266333333333329,51.79983333333333,-47.92083333333334,1,2,0.3545290322580645,0.18139139669702894,0.0262,0.7788,0.7526,0.7788,-0.1312,0.35000000000000003,-0.5338,-0.00437333333333333,1.866666666666667,-1.4584722222222208,1,0
9,clean/bumps.csv,9,bumps,1.8,31,1.0032232322486085,1.3837568102813442,0.799122087043025,0.5846347232383192,5.681921449154423,10.206476497792957,1.9803870530782615,8.226089444714695,0.0004258064516129038,0.0714687949049184,-0.1089,0.1471,0.256,0.1471,0.06970000000000001,0.12510000000000002,-0.10010000000000001,0.0023233333333333326,0.7836666666666665,-0.6946666666666668,1,2,0.009254838709677419,0.05308330458634289,-0.131,0.1405,0.2715,0.1405,0.0818,0.07790000000000001,-0.1115,0.0027266666666666663,0.45366666666666766,-0.6841666666666666,1,2,0.9995516129032258,0.14055633241033702,0.7991,1.3735,0.5743999999999999,1.3735,0.11159999999999992,0.22530000000000006,-0.23750000000000004,0.003719999999999997,1.3498333333333328,-1.750499999999998,1,0,0.16032580645161285,2.904743593844127,-7.6912,4.2962,11.987400000000001,7.6912,-0.7612999999999999,3.1937000000000006,-4.9,-0.02537666666666672,34.08116666666666,-37.624833333333335,1,3,-0.10725806451612903,5.183486052183684,-8.3912,8.3912,16.7824,8.3912,-8.3912,2.7037,-4.3575,-0.27970666666666666,24.514666666666646,-40.23533333333334,0,3,-0.8606064516129032,1.4843527356922237,-4.7075,0.945,5.6525,4.7075,-4.3488,0.9187,-1.1638,-0.14496,2.727166666666665,-9.552166666666658,0,0
10,clean/bumps.csv,10,bumps,1.8,31,1.0063909627035836,1.3285937038839224,0.7714012380078217,0.5571924658761007,7.126191077137207,12.252862987073675,3.325391688207571,8.927471298866104,0.009296774193548388,0.07147856780821774,-0.1288,0.1401,0.26890000000000003,0.1401,0.07709999999999999,0.08149999999999999,-0.0657,0.0025700000000000002,0.8305,-0.6295000000000001,1,2,0.02563225806451613,0.06876910831226848,-0.1356,0.2023,0.3379,0.2023,0.0941,0.1159,-0.1472,0.0031366666666666665,0.6345000000000005,-0.6758333333333331,1,4,1.0013451612903224,0.15558840753455824,0.7663,1.3211,0.5548,1.3211,-0.019099999999999895,0.16520000000000012,-0.20650000000000013,-0.0006366666666666632,1.6666666666666643,-1.7355000000000018,1,0,0.5769322580645159,4.248586496972618,-7.8925,7.1137,15.0062,7.8925,-1.1725,5.285,-5.8363,-0.03908333333333334,45.13549999999995,-45.4706666666667,1,4,-0.2568516129032259,6.198668103599405,-8.8462,11.5588,20.405,11.5588,-10.0537,4.5675,-6.2912,-0.3351233333333333,49.583333333333286,-56.90416666666661,1,3,0.21874838709677422,1.0801012671260561,-2.065,2.52,4.585,2.52,1.1287,2.4499,-2.3363,0.03762333333333334,7.814444444444438,-7.279444444444445,1,2
11,clean/bumps.csv,11,bumps,1.8,31,1.0004994333638573,1.281940252117859,0.745320213062815,0.5366200390550439,8.17131471450365,14.1769430304985,4.089611839771593,10.087331190726907,0.012196774193548384,0.0654966843123679,-0.1154,0.1301,0.2455,0.1301,0.0542,0.11299999999999999,-0.06609999999999999,0.0018066666666666663,0.7765,-0.5501666666666667,1,2,0.016774193548387096,0.10427115282679077,-0.213,0.1986,0.41159999999999997,0.213,0.2741,0.1618,-0.1688,0.009136666666666666,1.030999999999999,-1.0459999999999996,1,5,0.9931193548387097,0.14973027175414425,0.7415,1.2752,0.5336999999999998,1.2752,-0.052999999999999936,0.17959999999999998,-0.20229999999999992,-0.0017666666666666644,1.5290000000000008,-1.7361666666666666,1,0,0.4233806451612902,5.975422832314567,-11.375,9.835,21.21,11.375,1.4875,7.2712,-7.2451,0.04958333333333323,67.43333333333327,-64.77916666666675,1,3,-0.16680645161290317,6.2621096919454375,-9.4675,10.64,20.1075,10.64,-11.0076,3.8849,-5.512499999999999,-0.3669200000000001,45.66049999999996,-54.30833333333328,1,3,0.31104193548387093,1.542569040869634,-2.4062,3.5612,5.9674,3.5612,4.2174,2.975,-2.8962,0.14058,14.194166666666653,-8.123,1,4
12,clean/bumps.csv,12,bumps,1.8,31,1.0032063655561876,1.318568348626646,0.7633510201735503,0.5552173284530957,8.22298082505618,15.115106355232834,4.366114627446238,10.748991727786596,0.013635483870967743,0.06634137245282713,-0.1143,0.1307,0.245,0.1307,0.046599999999999996,0.0753,-0.061399999999999996,0.0015533333333333334,0.804,-0.5988333333333333,1,2,0.01916774193548387,0.10994062151027034,-0.2313,0.2105,0.44179999999999997,0.2313,0.1809,0.14120000000000002,-0.1792,0.006029999999999999,1.112499999999999,-1.1381666666666663,1,4,0.9950903225806451,0.14418530751510644,0.7535,1.312,0.5585000000000001,1.312,-0.048800000000000066,0.1601999999999999,-0.17279999999999995,-0.0016266666666666688,1.5043333333333306,-1.6758333333333368,1,0,0.395725806451613,6.419668792960571,-12.0837,11.3488,23.4325,12.0837,-0.5075,8.015,-7.3238,-0.01691666666666667,72.49383333333327,-72.26066666666675,1,4,-0.22355161290322578,6.001286076771154,-9.2575,10.2812,19.5387,10.2812,-10.3162,3.6575,-5.4337,-0.34387333333333336,42.18949999999995,-51.07083333333328,1,3,0.3389967741935484,1.489267667117829,-2.66,3.3338,5.9938,3.3338,2.9663,2.9311999999999996,-2.8175000000000003,0.09887666666666668,14.607777777777766,-8.93477777777778,1,3
13,clean/bumps.csv,13,bumps,1.8,31,1.0051221044731495,1.2863874416364611,0.7558411142561642,0.530546327380297,7.965056289099282,14.301138674245488,3.804201288049832,10.496937386195656,0.011535483870967742,0.06734790047896617,-0.1276,0.1185,0.24609999999999999,0.1276,0.031799999999999995,0.1376,-0.0607,0.00106,0.7721666666666664,-0.5706666666666667,1,2,0.024990322580645156,0.10330057552223901,-0.2027,0.2076,0.4103,0.2076,0.06739999999999999,0.1173,-0.1754,0.0022466666666666655,1.0018333333333345,-1.0509999999999997,1,6,0.9975838709677419,0.13854981077040895,0.7535,1.279,0.5255,1.279,0.03620000000000001,0.1765000000000001,-0.1621999999999999,0.001206666666666667,1.3726666666666691,-1.629833333333333,1,0,0.28112903225806457,6.295401124429036,-11.3313,9.9487,21.28,11.3313,-3.0887000000000002,6.9388,-7.1049999999999995,-0.10295666666666664,67.54999999999995,-66.70416666666674,1,3,-0.42253225806451616,5.694532522363716,-8.8112,9.5725,18.383699999999997,9.5725,-8.6975,3.4299999999999997,-5.5038,-0.2899166666666666,41.314666666666625,-47.20633333333328,1,3,-0.08241935483870969,1.4213412206830924,-3.3075,3.185,6.4925,3.3075,2.0212000000000003,3.0101,-3.4036999999999997,0.06737333333333335,16.187499999999986,-9.418194444444447,1,2
14,clean/bumps.csv,14,bumps,1.8,31,1.007432385104011,1.291366632680278,0.7591690259751118,0.5321976067051661,7.972960037944912,13.780947218896094,3.877690026291426,9.903257192604668,0.010096774193548387,0.06997026265431608,-0.1086,0.1377,0.2463,0.1377,0.0754,0.1036,-0.0763,0.002513333333333333,0.7663333333333331,-0.5966666666666668,1,4,0.0271483870967742,0.09189563961715028,-0.1944,0.2225,0.4169,0.2225,0.1076,0.1435,-0.1969,0.0035866666666666664,0.9189999999999989,-0.9704999999999999,1,4,1.000790322580645,0.14489626025732735,0.7584,1.2844,0.526,1.2844,-0.03959999999999986,0.16010000000000013,-0.2579,-0.0013199999999999952,1.4861666666666702,-1.6504999999999992,1,0,0.2718193548387097,5.699972845339959,-11.76,9.5112,21.2712,11.76,-1.8551,6.203800000000001,-7.2623999999999995,-0.06183666666666668,61.060333333333276,-62.970833333333424,1,3,-0.13830000000000006,6.239204645999894,-9.2575,10.6488,19.9063,10.6488,-11.585,3.8588,-6.6675,-0.3861666666666667,43.40016666666663,-51.81466666666661,1,3,-0.3471741935483871,1.559157097273554,-3.4913,3.0275,6.5188,3.4913,3.3249999999999997,3.325,-3.4212,0.11083333333333334,18.703333333333315,-8.934555555555558,1,3
15,clean/bumps.csv,15,bumps,1.8,31,0.9976709540312,1.1941190727896442,0.8652892984430121,0.3288297743466322,6.4588595352088305,16.80014722614061,0.8840892941326685,15.916057932007941,0.0059741935483871005,0.056096185061861585,-0.1113,0.1105,0.2218,0.1113,0.0010000000000000009,0.055200000000000006,-0.0735,3.333333333333313e-05,0.43033333333333335,-0.3041666666666667,1,2,0.029345161290322577,0.11669704606004294,-0.1678,0.2645,0.4323,0.2645,-0.0127,0.17880000000000001,-0.15539999999999998,-0.0004233333333333357,1.3068333333333335,-1.2176666666666667,1,3,0.9893129032258063,0.06922657361608803,0.8616,1.17,0.3083999999999999,1.17,-0.0048000000000001375,0.12369999999999992,-0.07989999999999997,-0.0001600000000000046,0.8391666666666673,-0.7306666666666644,1,0,0.36807419354838705,6.887417735308725,-12.3112,15.2863,27.5975,15.2863,-1.3475000000000001,8.0938,-7.9975,-0.04491666666666662,86.31883333333332,-66.79166666666666,1,4,0.24866451612903223,3.922543775795531,-8.1112,5.8275,13.9387,8.1112,-2.2399,4.0249999999999995,-3.7713,-0.07466333333333337,36.414666666666655,-37.91666666666664,0,2,0.14281612903225802,0.7967213453049417,-1.3563,1.82,3.1763000000000003,1.82,-0.4813,1.47,-1.6886999999999999,-0.016043333333333333,6.475000000000002,-4.623000000000002,1,0
16,clean/bumps.csv,16,bumps,1.8,31,1.009588961976198,1.290540282207417,0.7254749823391569,0.5650652998682602,9.26213072112638,19.228402179588404,3.6016003387383226,15.626801840850082,0.027577419354838713,0.07749496202841154,-0.1196,0.1623,0.2819,0.1623,0.02509999999999999,0.11979999999999999,-0.1423,0.0008366666666666651,0.7359999999999999,-0.6870000000000002,0,2,-0.0005645161290322557,0.1729942668575794,-0.3914,0.2796,0.671,0.3914,0.1881,0.5202,-0.27640000000000003,0.006269999999999997,1.9208333333333338,-1.771666666666666,1,7,0.9920032258064516,0.1477911803500037,0.7141,1.2701,0.556,1.2701,-0.025799999999999823,0.23370000000000002,-0.39180000000000015,-0.0008599999999999941,1.5721666666666678,-1.7006666666666659,1,0,0.5930193548387096,7.778757466348951,-15.7413,14.1925,29.9338,15.7413,4.0425,8.9425,-11.3574,0.1347500000000002,89.55633333333331,-84.20416666666672,1,4,-0.8140451612903226,6.261865469269186,-10.815,9.9312,20.7462,10.815,-10.8676,4.856199999999999,-5.145,-0.36225333333333337,46.15616666666662,-51.405999999999956,1,3,0.35001290322580647,1.7519973271939155,-3.115,3.7713,6.8863,3.7713,2.5025,3.115,-3.5698999999999996,0.08341666666666668,14.194499999999987,-8.88133333333333,1,6
17,clean/hard_accel.csv,0,hard_accel,8.4,141,1.0324310666864078,1.3458862842008608,0.7665667420388129,0.5793195421620478,2.224837628927732,12.961147043761214,0.23017656266440334,12.73097048109681,-0.22556028368794329,0.15235649401482818,-0.4529,0.0742,0.5271,0.4529,-0.0051,0.25930000000000003,-0.2331,-3.642857142857098e-05,0.5439999999999993,-0.6561666666666675,0,1,0.01074468085106383,0.0686954328129731,-0.1381,0.2364,0.3745,0.2364,0.0092,0.2732,-0.2244,6.5714285714287e-05,1.0724999999999967,-0.722666666666661,1,22,0.992527659574468,0.09830503192060848,0.6307,1.3381,0.7074,1.3381,-0.020399999999999974,0.49260000000000004,-0.47409999999999997,-0.00014571428571428553,1.139333333333342,-0.9703333333333397,1,0,0.2874418439716312,1.9289178895786558,-4.7075,10.22,14.9275,10.22,-0.9188000000000001,9.4237,-10.648800000000001,-0.006562857142857162,25.7103333333335,-15.910333333333167,2,14,-0.16445177304964534,2.0047115200947005,-5.25,7.9625,13.2125,7.9625,0.8749999999999999,7.6912,-6.4925,0.006249999999999995,27.154000000000178,-30.78533333333337,2,11,0.3286517730496454,0.5206894998259295,-1.225,1.6537,2.8787000000000003,1.6537,0.2537,1.5049,-1.4525000000000001,0.001812142857142855,4.972833333333366,-6.752000000000042,2,0
18,clean/hard_accel.csv,1,hard_accel,8.1,136,1.027549568784139,1.4573982571692614,0.510618536678801,0.9467797204904604,3.1023309809157618,11.729261893657249,0.5169660337004743,11.212295859956775,-0.24670955882352943,0.14729538268324613,-0.5476,0.145,0.6926,0.5476,-0.0546,0.2763,-0.2739,-0.0004044444444444443,1.0335000000000063,-0.8594999999999999,0,6,0.04382573529411765,0.0854997786406695,-0.2779,0.2528,0.5307,0.2779,0.018900000000000007,0.2933,-0.39139999999999997,0.00013999999999999855,0.6973611111111053,-0.7885000000000028,2,28,0.9800625,0.15895499430015708,0.4653,1.405,0.9397,1.405,0.02760000000000007,0.8306,-0.6138999999999999,0.0002044444444444466,2.3073333333333492,-1.840666666666662,2,0,-0.01659852941176471,2.233719579402309,-6.4662,6.0025,12.4687,6.4662,3.0187,10.482500000000002,-6.1425,0.022360740740740806,33.96450000000008,-27.766666666666712,3,10,0.2567764705882353,2.796046286223017,-7.7087,11.7163,19.425,11.7163,1.5749999999999997,15.7501,-9.869900000000001,0.011666666666666674,27.649999999999896,-31.966499999999893,2,26,0.24158750000000004,0.6174070719624608,-1.505,2.3012,3.8062,2.3012,-0.23629999999999998,2.3013,-2.3449999999999998,-0.0017503703703703897,4.229333333333343,-5.745833333333333,2,0
19,clean/hard_accel.csv,2,hard_accel,6.78,114,1.037068822359189,1.2626246037520417,0.7251646778491075,0.5374599259029341,3.040458918838144,7.5296273566492,0.30043188911964724,7.229195467529553,-0.2686938596491228,0.13440742268080638,-0.5239,0.114,0.6379,0.5239,0.0867,0.31999999999999995,-0.3206,0.0007672566371681406,0.7515000000000034,-0.9014999999999994,0,2,0.015195614035087719,0.0802757684930001,-0.1953,0.1923,0.3876,0.1953,0.028,0.3624,-0.3257,0.0002477876106194679,0.6265000000000044,-0.5309999999999933,2,38,0.9877061403508771,0.11429363463340662,0.5836,1.2432,0.6596000000000001,1.2432,0.12050000000000005,0.5100000000000001,-0.38550000000000006,0.0010663716814159317,1.2093333333333334,-0.8763333333333314,2,0,0.40173157894736844,1.9475363659488003,-4.5237,4.725,9.2487,4.725,1.4175,6.133699999999999,-6.422499999999999,0.012544247787610627,19.410333333333313,-14.641833333333317,2,12,0.27662017543859646,2.747518689482999,-7.2362,6.6413,13.877500000000001,7.2362,-3.6313,10.5612,-12.363700000000001,-0.03213539823008842,24.689666666666643,-20.34366666666665,2,25,0.4028815789473684,0.4607120749767074,-0.4025,1.7675,2.17,1.7675,0.8312,1.575,-1.5225,0.007355752212389384,4.229166666666672,-4.3605000000000125,2,0
20,clean/hard_accel.csv,3,hard_accel,6.54,110,1.0484181076379118,1.4399255605759627,0.7263386331457249,0.7135869274302378,3.8378609926792904,13.720331278070512,0.7256009164823319,12.99473036158818,-0.24229090909090914,0.12177651929063385,-0.4787,0.0991,0.5778,0.4787,-0.16499999999999998,0.2912,-0.3447,-0.0015137614678899076,0.8306666666666703,-1.3611666666666669,1,3,0.021527272727272725,0.13904680085264864,-0.4441,0.4111,0.8552,0.4441,-0.1515,0.4769,-0.5243,-0.001389908256880736,0.9635000000000064,-1.5271666666666555,2,34,0.9999690909090908,0.1671239499060308,0.619,1.4349,0.8159000000000001,1.4349,-0.3276000000000001,0.6747000000000001,-0.4563999999999999,-0.003005504587155963,1.657499999999997,-1.6848750000000088,2,0,0.017655454545454582,2.7238073260876723,-9.3888,7.3063,16.6951,9.3888,5.9063,9.4151,-12.7226,0.05418623853211009,25.8418333333335,-21.393999999999835,1,25,0.11112545454545447,3.594756025979872,-11.83,11.3837,23.2137,11.83,-0.5337,15.1288,-15.793800000000001,-0.004896330275229338,35.991666666666276,-34.57716666666663,2,25,0.26957909090909093,0.63942934322069,-0.9887,1.855,2.8437,1.855,0.44630000000000003,1.8812,-2.7213,0.004094495412844031,5.877166666666664,-5.396000000000001,1,0
21,clean/hard_accel.csv,4,hard_accel,7.14,120,1.032543331073948,1.3810193373012558,0.38443996930600227,0.9965793679952535,3.2725574384865683,17.776695091608,0.27810138439065707,17.498593707217346,-0.25618500000000005,0.14685360380181287,-0.5233,0.1359,0.6592,0.5233,0.0023,0.2435,-0.19879999999999998,1.932773109243718e-05,0.7480555555555604,-0.7584999999999993,0,2,0.02808333333333333,0.08336740927947796,-0.1968,0.3054,0.5022,0.3054,-0.16740000000000002,0.3696,-0.49960000000000004,-0.001406722689075633,0.8830000000000042,-0.8756666666666658,1,23,0.984575,0.13148137948493127,0.3714,1.3759,1.0045,1.3759,-0.08379999999999999,0.6289999999999999,-0.9884,-0.0007042016806722688,0.9046250000000136,-0.8623333333333356,1,0,0.08932666666666664,2.175460695099217,-5.2587,6.4138,11.6725,6.4138,2.3975,7.2537,-11.34,0.020147058823529462,24.558166666666697,-20.066666666666823,2,21,0.26738499999999993,3.4474497842461984,-17.4825,12.425,29.907500000000002,17.4825,1.8987,21.98,-18.838800000000003,0.015955462184873932,47.23533333333372,-48.33166666666698,2,22,0.42051499999999997,0.7226787908407803,-1.4438,2.1175,3.5613,2.1175,-0.15749999999999997,1.6538,-1.2862,-0.0013235294117647,4.987499999999995,-5.512500000000015,2,0
22,clean/hard_accel.csv,5,hard_accel,6.54,110,1.0507801206099503,1.5204369832387001,0.5129246630841608,1.0075123201545393,3.7123489201839885,10.564554019455814,0.33843389310174,10.226120126354074,-0.21840727272727278,0.1334060221114962,-0.4854,0.185,0.6704,0.4854,0.10869999999999999,0.4705,-0.4924,0.0009972477064220209,1.0496666666666736,-0.8931666666666662,0,4,0.02985999999999999,0.11216794927267192,-0.3216,0.3417,0.6633,0.3417,-0.0015000000000000002,0.4609,-0.4128,-1.3761467889906868e-05,1.0604999999999989,-0.8753333333333301,2,34,1.008501818181818,0.20625009846283696,0.3152,1.5151,1.1999,1.5151,0.3521000000000001,1.1425,-1.1999,0.003230275229357798,2.554861111111127,-1.4841666666666526,2,0,0.2637672727272727,2.619883129479273,-8.4613,5.7225,14.1838,8.4613,-1.4875,9.8174,-9.3187,-0.013646788990825704,21.303888888889027,-26.031499999999696,2,23,0.21485,3.208014057192828,-8.1987,8.9163,17.115000000000002,8.9163,1.6099999999999999,12.1275,-11.48,0.014770642201834865,49.88680555555589,-40.81883333333338,2,26,0.19535909090909098,0.6512593107042559,-1.365,1.8725,3.2375,1.8725,1.3562,2.0911999999999997,-2.0125,0.01244220183486238,5.701999999999995,-8.998000000000005,2,0
23,clean/hard_accel.csv,6,hard_accel,5.94,100,1.0373065662721037,1.4229831306097764,0.7236861819877453,0.6992969486220312,2.4571728460397892,8.051535315702218,0.38365105239005926,7.667884263312159,-0.261481,0.13121285251703266,-0.4414,0.0742,0.5156000000000001,0.4414,0.0006999999999999992,0.22920000000000001,-0.205,7.070707070706012e-06,0.6599999999999955,-0.6943333333333332,0,2,0.026672,0.06397326000728426,-0.1343,0.1986,0.3329,0.1986,0.0568,0.2455,-0.261,0.0005737373737373753,0.5516666666666661,-0.506666666666667,2,20,0.9916709999999999,0.12404117294208597,0.6849,1.3867,0.7018000000000001,1.3867,0.27370000000000005,0.5477999999999998,-0.4729000000000001,0.002764646464646466,1.300555555555544,-1.2261666666666589,2,0,0.23249199999999995,1.7209918227803316,-3.6488,4.1213,7.770099999999999,4.1213,4.8213,6.4925,-5.3113,0.04870000000000004,17.029708333333204,-12.833333333333462,1,16,-0.05967799999999993,2.241564687308822,-7.6825,5.1188,12.801300000000001,7.6825,3.3512999999999997,9.765,-10.3687,0.03385151515151502,23.18741666666667,-24.00399999999984,2,18,0.296451,0.4011041824146253,-0.455,1.6187,2.0737,1.6187,-0.27999999999999997,1.7412,-1.4962,-0.002828282828282823,2.9894999999999943,-3.2228333333333774,2,0
24,clean/hard_accel.csv,7,hard_accel,5.7,96,1.0180973402270446,2.0956528457738415,0.5007242554540373,1.594928590319804,4.297082605643773,21.530971671756944,0.4084055949665724,21.12256607679037,-0.22048958333333332,0.16561542292734546,-0.5719,0.4331,1.005,0.5719,0.1444,0.6789,-0.7132000000000001,0.0015200000000000031,2.79800000000001,-2.742499999999997,1,6,0.01701145833333333,0.11984545914573017,-0.4468,0.5292,0.976,0.5292,-0.2944,0.48950000000000005,-0.5354,-0.0030989473684210514,2.263666666666671,-1.6028333333333316,1,21,0.9688572916666667,0.20535641763057078,0.2713,1.9986,1.7273,1.9986,0.09309999999999985,1.2048999999999999,-1.189,0.0009799999999999971,1.6780000000000141,-3.275166666666663,1,0,-0.15503958333333331,3.45656924038483,-8.7937,13.3,22.0937,13.3,-1.8638000000000001,20.247500000000002,-18.8125,-0.019618947368421066,44.75633333333329,-37.552000000000156,1,22,-0.0843052083333334,4.134213179729158,-13.5013,15.9513,29.4526,15.9513,3.5963000000000003,24.2725,-27.1338,0.03785578947368409,37.77055555555524,-52.368833333333285,1,20,0.37780312499999996,1.8589971334001922,-6.72,10.1237,16.8437,10.1237,-0.3063,11.690100000000001,-9.178799999999999,-0.003224210526315792,25.41883333333331,-35.729166666666636,1,3
25,clean/hard_accel.csv,8,hard_accel,5.52,93,1.0461457737379718,1.5655917060332174,0.7756583590731168,0.7899333469601006,4.00330930536687,15.17301560567312,0.2790272208943063,14.893988384778813,-0.2712838709677419,0.14325024265122674,-0.5893,0.0978,0.6871,0.5893,-0.1313,0.41759999999999997,-0.4095000000000001,-0.0014271739130434786,1.0503333333333322,-0.9026666666666712,1,3,0.009454838709677416,0.10128563196543103,-0.2582,0.3499,0.6081,0.3499,0.08109999999999999,0.3594,-0.3991,0.0008815217391304324,0.8228333333333303,-0.9915000000000064,1,26,0.9915806451612903,0.1658178081235052,0.6076,1.5589,0.9512999999999999,1.5589,-0.29070000000000007,0.4504,-0.7481,-0.003159782608695654,1.1493333333333489,-1.2043333333333468,1,0,0.5403408602150537,3.0166866296606227,-5.985,8.3562,14.3412,8.3562,-0.3326,9.415,-11.6024,-0.003615217391304331,25.272666666666677,-30.449999999999967,1,18,-0.00847526881720429,3.5528335576555596,-9.5463,15.1462,24.692500000000003,15.1462,-6.2036999999999995,11.1913,-18.7425,-0.06743152173913045,46.899999999999956,-47.23533333333329,2,19,0.43956451612903236,0.9199893252742193,-1.3212,5.0662,6.3874,5.0662,0.17500000000000002,5.0137,-5.2587,0.001902173913043515,8.458499999999992,-8.006500000000017,1,0
26,clean/hard_accel.csv,9,hard_accel,6.66,112,1.0445384076911945,1.3297375004112655,0.659386631650961,0.6703508687603045,3.0543661636299384,13.030009677279597,0.30068370424750324,12.729325973032093,-0.24841874999999997,0.1418366974529842,-0.4624,0.0817,0.5441,0.4624,0.0771,0.2437,-0.18939999999999999,0.0006945945945945949,0.8841666666666593,-0.7520000000000001,0,1,0.03409821428571429,0.0788168146213279,-0.2177,0.2796,0.4973,0.2796,-0.045899999999999996,0.3614,-0.4125,-0.000413513513513514,0.8333333333333309,-0.6076666666666679,2,25,1.0002714285714285,0.11715788871446467,0.546,1.325,0.7789999999999999,1.325,0.1341000000000001,0.5234999999999999,-0.4162999999999999,0.0012081081081081091,1.0328333333333433,-1.1603333333333365,2,0,0.2579741071428571,2.5321094284077907,-6.9563,9.7563,16.7126,9.7563,-2.135,14.700099999999999,-8.6451,-0.019234234234234215,21.335166666666506,-32.56483333333343,2,12,0.08234374999999995,2.84449708206398,-8.7413,8.6275,17.3688,8.7413,-2.8438,12.171199999999999,-9.45,-0.02561981981981977,39.09799999999987,-39.22933333333346,2,15,0.24195089285714283,0.5754604623977041,-1.435,2.6075,4.0425,2.6075,-0.0788,2.2838,-2.3449999999999998,-0.0007099099099098997,7.481166666666634,-7.291500000000024,2,0
27,clean/hard_accel.csv,10,hard_accel,6.36,107,1.0374483892669102,1.3764369655018713,0.7470814881925532,0.6293554773093182,3.5258163209007907,8.767866758796007,0.4484285115823926,8.319438247213615,-0.24131308411214955,0.1206984876522096,-0.5073,0.1588,0.6660999999999999,0.5073,0.1076,0.3063,-0.23959999999999998,0.0010150943396226401,0.8491666666666611,-0.8806666666666667,1,2,0.05031214953271028,0.09221739154750846,-0.1257,0.2854,0.4111,0.2854,-0.0286,0.2801,-0.3287,-0.0002698113207547178,0.803000000000003,-0.7421666666666735,2,22,0.9943280373831774,0.1343740335950453,0.6303,1.3733,0.743,1.3733,0.4091,0.5571999999999999,-0.38439999999999985,0.003859433962264151,1.0489999999999906,-0.709833333333326,1,0,0.14106355140186913,2.5014159717366016,-5.9675,6.5012,12.4687,6.5012,4.0075,7.699999999999999,-8.907399999999999,0.03780660377358493,20.402000000000093,-21.539666666666648,2,20,-0.17712242990654203,2.932632705817079,-8.12,8.1025,16.222499999999997,8.12,7.9624999999999995,9.1262,-10.2112,0.07511792452830192,25.27283333333339,-25.214499999999923,2,26,0.21694766355140188,0.7513532778782905,-3.255,2.45,5.705,3.255,-1.5488,3.5437,-2.52,-0.014611320754716987,10.966666666666669,-8.847499999999929,1,1
28,clean/hard_accel.csv,11,hard_accel,6.42,108,1.072256500048213,1.7285610952465638,0.5446646674789912,1.1838964277675725,5.593699163205111,39.28896260643695,0.5046306867403131,38.78433191969663,-0.24010462962962964,0.14470833210370224,-0.6104,0.1076,0.7180000000000001,0.6104,0.010000000000000002,0.49029999999999996,-0.4948000000000001,9.345794392523684e-05,1.4688888888888987,-1.0931666666666668,1,6,0.02835,0.16037250766560107,-0.504,0.6895,1.1935,0.6895,-0.0421,0.7446,-1.1935,-0.0003934579439252354,1.8996666666666648,-1.4954999999999985,1,28,1.0192824074074072,0.18282397684668736,0.4417,1.6795,1.2378,1.6795,-0.0043999999999999595,0.7637,-0.8915,-4.11214953271045e-05,2.4060000000000112,-1.884999999999998,2,0,-0.020822222222222322,4.717684635067307,-24.4387,20.72,45.158699999999996,24.4387,1.1726,45.158699999999996,-33.7137,0.0109588785046728,29.22499999999997,-51.97499999999994,2,27,0.6939222222222222,5.028585808878931,-15.6888,17.9638,33.6526,17.9638,-0.9275,32.935100000000006,-18.6901,-0.008668224299065514,69.05216666666661,-55.80569444444481,2,31,-0.22522870370370376,4.114304818171832,-25.725,13.195,38.92,25.725,-0.4726,34.8688,-35.1663,-0.00441682242990648,49.68566666666704,-51.2021666666668,1,6
29,clean/hard_accel.csv,12,hard_accel,6.06,102,1.0351266700651403,1.6785801678799854,0.6761609941426672,1.0024191737373183,3.0458572918997695,10.79467750792028,0.16155475851859022,10.63312274940169,-0.2481558823529412,0.12262974666464711,-0.4577,0.1247,0.5824,0.4577,-0.051699999999999996,0.2535,-0.2157,-0.0005118811881188124,0.8358333333333317,-0.9770000000000001,0,2,0.0600813725490196,0.07867963205981426,-0.1344,0.2949,0.4293,0.2949,0.0456,0.2351,-0.32099999999999995,0.00045148514851485103,0.48216666666666974,-0.8744999999999945,2,11,0.9913509803921569,0.1442719858119324,0.652,1.6604,1.0084,1.6604,0.046499999999999986,0.6100000000000001,-0.7835000000000001,0.0004603960396039592,1.2568333333333461,-1.6468333333333414,2,0,0.14497941176470586,2.483898901553017,-8.05,6.1687,14.218700000000002,8.05,-0.6125,8.2775,-8.120000000000001,-0.006064356435643589,23.53749999999983,-31.601999999999776,2,13,0.0007735294117646686,2.573597401639972,-7.7875,8.575,16.362499999999997,8.575,-1.8725,6.2476,-7.7787999999999995,-0.01853960396039608,19.0166666666667,-32.2291666666666,2,15,0.0919578431372549,0.5820400793311206,-1.4963,1.6975,3.1938,1.6975,0.6912,1.4262,-1.6274,0.006843564356435663,5.950166666666646,-5.279,2,0
30,clean/hard_accel.csv,13,hard_accel,5.94,100,1.0339986052068881,1.3938909031914943,0.5411842384992379,0.8527066646922564,3.59465259109562,11.054786251664932,0.49385669986343206,10.5609295518015,-0.24342699999999998,0.14719147075023117,-0.4687,0.1403,0.609,0.4687,0.07649999999999998,0.3086,-0.29790000000000005,0.0007727272727272717,1.1780000000000024,-1.0886666666666662,0,4,0.012652000000000002,0.09328626137656156,-0.2196,0.3007,0.5203,0.3007,0.0878,0.3276,-0.3295,0.0008868686868686869,0.716166666666666,-0.5634999999999923,2,33,0.986844,0.1625568446464625,0.3251,1.3804,1.0553000000000001,1.3804,0.2442000000000002,0.6633,-0.5113000000000001,0.0024666666666666665,2.247333333333316,-1.8549999999999907,1,0,-0.074555,2.611160233405871,-6.3787,6.7812,13.1599,6.7812,0.84,8.82,-7.3063,0.008484848484848519,20.970666666666652,-20.781166666666447,1,22,-0.06360999999999999,3.2804193138756643,-9.0562,8.4438,17.5,9.0562,-2.1088,10.5525,-11.453700000000001,-0.021301010101010064,32.022222222221956,-30.056166666666613,1,15,0.206587,0.724619057516542,-1.5575,2.1088,3.6663,2.1088,0.10499999999999998,2.5813,-2.8,0.0010606060606060577,8.020833333333325,-4.929166666666666,2,0
31,clean/hard_accel.csv,14,hard_accel,7.2,121,1.0539918274330407,1.6805079946254347,0.6527320889921071,1.0277759056333275,3.6394092723733373,19.549872349455377,0.11205467415507485,19.437817675300302,-0.2540776859504132,0.14382646979815833,-0.5888,0.1548,0.7436,0.5888,0.11159999999999999,0.2968,-0.244,0.0009300000000000003,1.2123333333333413,-0.7933333333333277,0,1,0.050161157024793394,0.10121914704565603,-0.2788,0.3524,0.6312,0.3524,0.0342,0.3775,-0.5155,0.00028500000000000124,0.8385000000000054,-0.8553333333333324,2,24,1.00529173553719,0.14818063053065614,0.5541,1.631,1.0769,1.631,0.16920000000000002,0.6434,-0.6165,0.0014100000000000002,1.673333333333325,-1.9944999999999755,2,0,0.34117933884297524,2.736131626369528,-8.5487,9.1088,17.6575,9.1088,2.4238,17.0363,-12.5562,0.020198333333333287,32.01050000000021,-31.31049999999987,2,16,-0.2816595041322314,3.951826957087454,-18.2262,16.5112,34.737399999999994,18.2262,-0.07879999999999998,15.522499999999999,-21.647499999999997,-0.0006566666666666314,52.660166666666086,-51.97499999999974,2,21,0.2788413223140496,1.0177921814454904,-3.4388,3.255,6.6937999999999995,3.4388,-0.9275,4.1737,-3.4038,-0.007729166666666678,7.262666666666602,-10.6311666666667,1,2
32,clean/hard_accel.csv,15,hard_accel,6.84,115,1.0134987829332425,1.6904300074241465,0.20054971952112025,1.4898802879030262,4.5463101299153035,13.55916894577245,0.6647937198861011,12.89437522588635,-0.2376147826086957,0.13980151358483292,-0.4895,0.0783,0.5678,0.4895,-0.1321,0.37739999999999996,-0.3489,-0.0011587719298245614,0.7753333333333384,-0.9285000000000003,0,5,0.038275652173913044,0.09969938023642413,-0.2274,0.311,0.5384,0.311,0.011,0.46640000000000004,-0.3591,9.649122807017454e-05,0.9068333333333229,-0.7009999999999993,2,28,0.966735652173913,0.21724229507718856,0.1743,1.6856,1.5112999999999999,1.6856,-0.16459999999999997,0.9119,-0.9567,-0.0014438596491228076,1.7211666666666643,-2.207499999999997,2,0,0.344751304347826,3.367953817956629,-8.6975,9.8962,18.5937,9.8962,5.915100000000001,10.421199999999999,-13.081199999999999,0.0518868421052631,47.966944444444756,-35.23350000000018,1,21,-0.08689304347826088,4.08954185442257,-10.5612,12.95,23.5112,12.95,2.9224,18.366300000000003,-14.2012,0.025635087719298226,41.76650000000012,-36.545833333333505,1,36,0.31553478260869566,0.8080817113933031,-2.0563,3.2812,5.3375,3.2812,0.30629999999999996,3.2550999999999997,-3.8587000000000002,0.0026868421052631637,9.420666666666675,-5.42483333333332,1,3
33,clean/hard_accel.csv,16,hard_accel,6.72,113,1.0416843277073407,1.6331158379000554,0.36973038825609134,1.263385449643964,4.0737323309468545,17.42081710913699,0.23969434703388395,17.181122762103108,-0.2494026548672566,0.13889712306761498,-0.4821,0.2206,0.7027,0.4821,0.13319999999999999,0.3183,-0.3458,0.0011892857142857137,1.5873611111111214,-0.8758333333333335,0,4,0.01996725663716814,0.11926141937123874,-0.4107,0.3087,0.7194,0.4107,-0.0988,0.4283,-0.643,-0.0008821428571428556,1.1901666666666588,-1.094666666666679,1,25,0.9877221238938053,0.1963889047702985,-0.0792,1.6323,1.7115,1.6323,0.3146,1.2223,-0.9408000000000001,0.0028089285714285703,4.049305555555583,-2.6788333333333574,2,2,0.1111159292035399,3.043326286130217,-7.8663,16.2925,24.1588,16.2925,-7.7524999999999995,21.5775,-16.2837,-0.06921875000000002,40.658500000000274,-29.662666666667164,2,23,-0.058230088495575254,4.113343741234239,-13.8775,13.7025,27.58,13.8775,-0.945,13.2475,-15.811300000000001,-0.008437499999999962,46.54999999999985,-44.71233333333383,2,22,0.2836362831858408,0.9638325964292935,-2.4675,7.1487,9.6162,7.1487,0.595,4.8475,-6.5275,0.0053124999999999934,14.641500000000116,-16.347833333333472,2,2
34,clean/hard_accel.csv,17,hard_accel,6.42,108,1.0492450563665778,1.4382192391982522,0.6308882943913288,0.8073309448069235,4.161692515930044,15.525398306323739,0.5773431648508537,14.948055141472885,-0.22940555555555556,0.13120134903094152,-0.4778,0.1249,0.6027,0.4778,-0.00180000000000001,0.3003,-0.2372,-1.682242990654189e-05,0.790138888888894,-1.0579999999999998,1,2,0.03534166666666666,0.10548144375498239,-0.1774,0.3174,0.4948,0.3174,0.2401,0.33599999999999997,-0.4395,0.0022439252336448603,1.084861111111118,-1.0093333333333363,1,31,1.0076027777777778,0.1614827570774457,0.5817,1.4079,0.8261999999999999,1.4079,0.31109999999999993,0.5481,-0.6107,0.002907476635514014,1.534666666666677,-1.3118333333333387,2,0,-0.006482407407407401,2.7976265356641323,-8.6888,5.4862,14.175,8.6888,-0.1663,11.5326,-12.0313,-0.0015542056074766821,24.820833333333333,-30.027166666666638,1,24,0.3617462962962963,3.9624819267355376,-8.8725,15.1287,24.0012,15.1287,4.76,18.5063,-10.22,0.04448598130841121,68.36649999999977,-49.83833333333366,2,18,0.02349074074074075,0.8246870476989661,-3.815,2.45,6.265000000000001,3.815,-0.9626,5.18,-4.375,-0.008996261682243002,7.102000000000046,-7.8459999999999885,1,1
35,clean/hard_accel.csv,18,hard_accel,8.58,144,1.0199856131499436,1.5019993375497873,0.7231801020492751,0.7788192355005122,3.645407102044094,14.69298948920879,0.286815498186552,14.406173991022238,-0.18418819444444445,0.1102443202136714,-0.5446,0.1391,0.6837,0.5446,-0.0776,0.243,-0.31129999999999997,-0.0005426573426573435,0.5833333333333285,-0.5098333333333329,1,2,0.020900694444444447,0.08607205998466566,-0.2605,0.3382,0.5987,0.3382,-0.005299999999999999,0.503,-0.45330000000000004,-3.706293706293686e-05,1.4129999999999985,-1.0445000000000009,2,30,0.9920284722222222,0.1399942674466683,0.5566,1.4942,0.9376,1.4942,-0.03509999999999991,0.7002999999999999,-0.7886,-0.0002454545454545433,1.4451666666666556,-1.6816666666666649,2,0,0.45123611111111117,2.060107434146416,-5.6962,5.6788,11.375,5.6962,-0.04369999999999985,5.81,-9.9924,-0.00030559440559438904,20.139666666666805,-25.43333333333331,2,18,0.0002472222222222135,2.3491291510651005,-8.1812,6.0025,14.183700000000002,8.1812,5.6263000000000005,11.051200000000001,-6.9125,0.03934475524475526,30.172666666666416,-23.041666666666725,2,23,-1.539997222222222,2.9231360967994306,-14.6213,0.665,15.2863,14.6213,14.3063,1.7412,-2.1088,0.10004405594405595,14.889500000000027,-4.7978333333333625,0,0
36,clean/hard_accel.csv,19,hard_accel,9.36,157,1.0181169838628907,1.3879456797728071,0.7457128535837371,0.6422328261890701,3.466302581993954,20.42439139705269,0.669247622334215,19.755143774718476,-0.1606796178343949,0.1083380675921285,-0.426,0.093,0.519,0.426,-0.050300000000000004,0.19640000000000002,-0.17669999999999997,-0.00032243589743589625,0.7346666666666606,-0.6093333333333342,0,2,0.02730127388535032,0.06689139205981699,-0.1356,0.2842,0.4198,0.2842,0.1643,0.3332,-0.2988,0.0010532051282051286,0.46166666666666367,-0.6211666666666641,2,21,0.9963662420382167,0.1119657190863828,0.7254,1.382,0.6565999999999999,1.382,-0.03500000000000003,0.4606999999999999,-0.5,-0.00022435897435897455,0.9369999999999923,-0.8118333333333361,3,0,0.5181477707006369,2.058517670794342,-5.5475,9.03,14.5775,9.03,-6.098699999999999,7.1313,-10.377500000000001,-0.0390942307692308,15.735499999999977,-21.77308333333334,2,20,0.3129980891719745,2.2608525445932472,-6.0725,8.5312,14.6037,8.5312,-2.3275,8.61,-11.1037,-0.014919871794871776,15.939500000000091,-30.727166666666513,2,29,0.5278407643312102,3.3653983674538366,-2.345,18.3137,20.6587,18.3137,-18.497500000000002,1.2338,-1.811300000000001,-0.11857371794871795,5.964499999999983,-22.443666666666658,0,1
37,clean/hard_accel.csv,20,hard_accel,10.14,170,1.029145065252389,1.3446053287117374,0.7362167887246256,0.6083885399871118,3.443765917493099,12.087908498991874,0.4504770471400291,11.637431451851844,-0.1679694117647059,0.10567532673299528,-0.4798,0.0715,0.5513,0.4798,-0.002500000000000009,0.2856,-0.3449,-1.4792899408284037e-05,0.7839999999999991,-1.505166666666665,1,4,0.007875882352941175,0.07549737058463148,-0.1487,0.327,0.4757,0.327,-0.0591,0.2835,-0.319,-0.00034970414201183474,0.6719999999999992,-0.998499999999999,2,39,1.0066123529411766,0.12352933207139458,0.7186,1.3092,0.5905999999999999,1.3092,0.1966000000000001,0.43379999999999996,-0.41090000000000004,0.0011633136094674563,1.797638888888875,-1.1566666666666698,3,0,0.18441176470588233,2.1775474285644747,-8.5925,10.045,18.6375,10.045,1.2775,9.3187,-9.59,0.0075591715976331565,25.214666666666645,-25.14150000000015,2,25,0.2265205882352941,2.494959209468342,-10.9462,6.86,17.8062,10.9462,3.1413,11.129999999999999,-14.376199999999999,0.01858757396449702,37.93116666666663,-24.51466666666664,2,28,-0.8605899999999997,2.3731857779958268,-11.9788,1.0325,13.0113,11.9788,11.969999999999999,1.6974,-1.6362,0.07082840236686391,13.85416666666666,-4.112166666666695,0,0
38,clean/hard_accel.csv,21,hard_accel,10.2,171,1.0168190891831976,1.4082528324132708,0.6626668318242585,0.7455860005890124,4.356565950861865,18.074763829715728,0.4418117585578727,17.632952071157856,-0.1632859649122807,0.12373542757493386,-0.3962,0.0994,0.4956,0.3962,0.015899999999999997,0.2851,-0.2442,9.352941176470734e-05,0.8378333333333416,-0.8573333333333264,0,6,0.04679824561403508,0.07999944666991303,-0.1513,0.2763,0.4276,0.2763,0.2213,0.3563,-0.3339,0.001301764705882353,0.8461666666666633,-0.854000000000015,3,33,0.9908836257309942,0.13090416688087797,0.6336,1.3796,0.7459999999999999,1.3796,0.26739999999999986,0.4365000000000001,-0.7041999999999999,0.0015729411764705882,1.3075000000000108,-1.489666666666671,2,0,0.48626725146198824,2.336803866642753,-9.8612,8.2425,18.1037,9.8612,-0.7700000000000005,13.8599,-11.3575,-0.004529411764705875,19.5126666666665,-28.4085,2,16,0.11896842105263157,2.673062498630576,-11.5763,9.31,20.8863,11.5763,-4.6638,11.935,-13.23,-0.027434117647058814,38.791833333332875,-40.585666666667244,2,19,1.5693175438596492,4.641393559917468,-1.8463,15.7675,17.6138,15.7675,-15.6275,1.7063,-2.2225,-0.0919264705882353,4.0539999999999745,-18.92916666666664,0,0
39,clean/hard_accel.csv,22,hard_accel,8.88,149,1.0126004315597075,1.47221540203871,0.610522276415857,0.8616931256228529,2.6639395827508094,7.268073795029878,0.2251513490965577,7.04292244593332,-0.20995771812080538,0.1145788322870824,-0.4573,0.1116,0.5689,0.4573,-0.0026000000000000003,0.219,-0.2096,-1.7567567567567695e-05,0.6531666666666631,-1.0396666666666665,0,2,0.011113422818791947,0.07295229620315771,-0.1566,0.3599,0.5165,0.3599,-0.0123,0.4433,-0.30569999999999997,-8.310810810810665e-05,0.5364999999999974,-0.775833333333334,2,33,0.9803959731543623,0.12239364377993248,0.516,1.4513,0.9353,1.4513,-0.03420000000000001,0.488,-0.5844,-0.00023108108108108264,1.1908333333333294,-2.1323333333333236,2,0,0.38681543624161074,1.70828091618781,-4.7775,5.2063,9.983799999999999,5.2063,-0.77,8.12,-5.223800000000001,-0.005202702702702696,13.91250000000006,-18.447833333333314,1,15,-0.1445872483221477,2.437886044337211,-6.2038,5.6438,11.8476,6.2038,-6.3788,7.1488,-7.3238,-0.043100000000000034,26.293833333333325,-25.185333333333283,2,25,0.07646107382550335,0.47577500242654014,-1.3388,2.9488,4.287599999999999,2.9488,-0.6212,2.94,-3.7801,-0.004197297297297295,6.445999999999908,-5.906499999999911,2,0
40,clean/hard_accel.csv,23,hard_accel,7.56,127,1.0001564042803237,1.343301075708644,0.2940438912815568,1.0492571844270873,2.654728078607482,10.14576939862128,0.3033238862997769,9.842445512321502,-0.22569842519685038,0.10267188992916852,-0.4388,0.05,0.4888,0.4388,-0.0051,0.21620000000000003,-0.1839,-4.0476190476189377e-05,0.859666666666666,-0.7100000000000001,0,0,0.0473984251968504,0.07224444064320464,-0.1606,0.2108,0.37139999999999995,0.2108,0.0132,0.33240000000000003,-0.2899,0.00010476190476190555,0.6817916666666674,-0.6001666666666642,1,16,0.9620307086614172,0.1562791506835851,0.0024,1.3159,1.3135000000000001,1.3159,0.07899999999999996,0.9677,-0.7198,0.0006269841269841196,2.2072916666666798,-2.538833333333308,2,0,0.5125291338582675,1.8694172716154953,-4.8212,7.4288,12.25,7.4288,1.7587000000000002,5.5388,-8.47,0.013957936507936496,15.26883333333322,-21.729166666666366,2,8,-0.009922047244094505,2.466972572952633,-9.1,6.5188,15.6188,9.1,0.13999999999999999,10.6838,-10.3163,0.0011111111111110584,35.24800000000023,-20.88333333333325,2,17,-0.16328818897637798,0.49293878103017985,-1.2775,1.505,2.7824999999999998,1.505,-0.2712,1.9774999999999998,-2.6775,-0.002152380952380952,2.7998333333333196,-4.097666666666681,1,0
41,clean/hard_accel.csv,24,hard_accel,8.46,142,1.0349423383704741,1.3297237946280422,0.7074144824641351,0.6223093121639072,4.5395682362263665,16.75290575004826,0.398160306911676,16.354745443136583,-0.17979718309859155,0.15818811225012142,-0.3994,0.2944,0.6938,0.3994,0.2727,0.351,-0.1694,0.0019340425531914898,1.2928333333333226,-0.8923333333333322,0,2,6.338028169014095e-05,0.0699537694135157,-0.2065,0.176,0.38249999999999995,0.2065,-0.0875,0.2054,-0.3736,-0.0006205673758865247,0.6215000000000018,-0.7574999999999987,2,31,1.0039225352112677,0.10584374633155588,0.589,1.2962,0.7072,1.2962,0.1129,0.42680000000000007,-0.4861,0.0008007092198581553,1.918333333333317,-1.3360000000000003,2,0,0.18387323943661973,1.9694009613364252,-5.8012,6.02,11.8212,6.02,-0.07880000000000001,6.1163,-7.4549,-0.000558865248226966,19.93550000000006,-14.816499999999982,3,12,0.10290352112676057,2.150167378951054,-8.1637,9.38,17.5437,9.38,-7.157400000000001,10.2287,-12.4075,-0.05076170212765956,30.683333333333394,-44.13262499999964,2,18,-2.4144471830985914,4.904445511991992,-16.5637,1.9338,18.497500000000002,16.5637,15.251199999999999,1.82,-2.3626,0.10816453900709219,14.174833333333318,-4.403999999999989,0,0
42,clean/hard_accel.csv,25,hard_accel,7.32,123,1.0285695271717878,1.4342477122171051,0.7017764957591555,0.7324712164579497,2.728827601472843,7.695795585253029,0.48402608400787656,7.211769501245152,-0.23091300813008128,0.11616691493055818,-0.429,0.0837,0.5126999999999999,0.429,-0.022799999999999994,0.2751,-0.2289,-0.0001868852459016397,0.7811666666666681,-0.6706666666666665,0,4,0.04464308943089431,0.07024646199748473,-0.1304,0.2555,0.3859,0.2555,-0.027299999999999998,0.35309999999999997,-0.2182,-0.00022377049180327793,0.7546666666666685,-0.740458333333331,2,14,0.9915024390243902,0.12249004540578223,0.689,1.3959,0.7069,1.3959,-0.14400000000000002,0.5560999999999999,-0.5751,-0.001180327868852459,1.127166666666672,-1.2226388888888782,2,0,0.5564471544715447,1.9905106210086883,-6.16,5.9412,12.1012,6.16,-1.0675000000000001,6.5624,-6.6587000000000005,-0.008750000000000018,20.125166666666647,-20.577166666666667,2,11,0.08146178861788615,2.2040525196250718,-5.9587,7.3063,13.265,7.3063,-4.7425,6.4925,-11.3925,-0.03887295081967214,20.53333333333331,-29.04499999999976,2,17,-0.34964308943089434,0.7397688082674607,-1.7763,1.8463,3.6226000000000003,1.8463,-0.06130000000000002,1.8463,-1.5488,-0.0005024590163934414,3.9228333333333296,-4.331333333333328,1,0
43,clean/hard_decel.csv,0,hard_decel,5.1,86,1.0803870571907415,1.5080180469742395,0.7432203778153557,0.7647976691588838,3.3310533601655234,18.302005527263944,0.6116472676306173,17.690358259633328,0.3527034883720931,0.12382329482221538,0.0197,0.6288,0.6091,0.6288,-0.11879999999999999,0.25760000000000005,-0.3017,-0.0013976470588235273,0.9501666666666668,-0.7010000000000001,1,0,0.044532558139534884,0.075878445272082,-0.1411,0.2483,0.38939999999999997,0.2483,-0.052000000000000005,0.313,-0.2935,-0.000611764705882354,0.5464999999999994,-0.7089999999999992,1,20,1.0112848837209305,0.11848412305397156,0.6664,1.4445,0.7780999999999999,1.4445,-0.11070000000000002,0.521,-0.6125999999999999,-0.0013023529411764735,0.972999999999999,-1.4483333333333341,1,0,0.5530767441860466,2.0586345288692707,-7.1575,6.6762,13.8337,7.1575,0.49,10.1325,-10.0013,0.005764705882352901,17.60216666666665,-18.243666666666666,1,10,0.0792546511627906,3.824563382467013,-12.2063,18.2262,30.432499999999997,18.2262,-1.2688000000000001,25.305,-24.3949,-0.01492705882352919,55.817638888888894,-42.510666666666665,2,19,0.4800348837209302,0.8187117895194997,-0.735,4.9963,5.7313,4.9963,0.05249999999999999,4.9001,-4.935,0.0006176470588235345,9.231333333333332,-8.22516666666668,1,0
44,clean/hard_decel.csv,1,hard_decel,6.06,102,1.0438601632526,1.5813925698573394,0.49726493944375366,1.0841276304135858,3.8904097702437266,20.410809400413303,0.4505527937989065,19.960256606614397,0.31243431372549024,0.15912700730697746,-0.2201,0.5735,0.7936,0.5735,0.06080000000000001,0.6339,-0.7238,0.0006019801980198015,1.0661666666666676,-1.3493333333333326,1,4,0.029465686274509805,0.1303508901138951,-0.4738,0.6215,1.0953,0.6215,0.0404,0.6194999999999999,-0.7202,0.00039999999999999454,1.2545000000000022,-1.8231666666666628,1,25,0.9763598039215685,0.16875455447307702,0.3421,1.4679,1.1258,1.4679,-0.09089999999999998,0.7065999999999999,-0.9066999999999998,-0.0008999999999999987,1.9963333333333289,-1.6828333333333294,2,0,-0.26910784313725483,3.0184188341831786,-10.325,14.1925,24.5175,14.1925,-1.1462,17.552500000000002,-21.2013,-0.011348514851485093,27.329166666666822,-42.49583333333329,2,21,0.07738137254901958,3.97297715523085,-10.8062,16.555,27.3612,16.555,-3.3863000000000003,15.61,-19.3113,-0.03352772277227728,55.97083333333336,-50.50216666666661,1,20,0.13313921568627451,1.1178926884112532,-5.2587,3.8412,9.0999,5.2587,0.14880000000000002,5.7663,-6.0462,0.0014732673267326803,23.552000000000017,-14.131000000000036,1,4
45,clean/hard_decel.csv,2,hard_decel,5.22,88,1.0456681045626264,1.4054473842872952,0.7474919999571902,0.657955384330105,2.9686184031611034,6.856584768673104,0.7508703283523727,6.105714440320731,0.3386363636363636,0.1655455545054289,0.0206,0.6271,0.6065,0.6271,-0.041,0.1403,-0.24719999999999998,-0.00047126436781609366,1.3201666666666656,-0.7871666666666608,1,0,0.03243409090909091,0.08950700722118235,-0.1671,0.2494,0.4165,0.2494,-0.1039,0.2572,-0.30479999999999996,-0.0011942528735632175,0.8539999999999991,-0.8841666666666661,1,26,0.9706568181818181,0.12580776047866132,0.6428,1.2654,0.6226,1.2654,0.15359999999999985,0.35420000000000007,-0.4714999999999999,0.0017655172413793112,0.625166666666666,-1.1776666666666653,1,0,-0.12081477272727263,2.0211621429118884,-5.3375,5.0575,10.395,5.3375,0.03509999999999991,5.8537,-7.4813,0.0004034482758620883,21.364666666666647,-18.447833333333318,2,8,0.46544204545454543,2.55323448035235,-6.7812,6.4837,13.2649,6.7812,0.35870000000000024,11.969999999999999,-12.0487,0.004122988505747022,17.48549999999998,-22.939500000000013,2,14,0.26965909090909085,0.6426588561854936,-1.4088,2.1175,3.5263,2.1175,-1.1813,1.9863000000000002,-2.205,-0.013578160919540243,4.506333333333329,-6.285666666666661,1,0
46,clean/hard_decel.csv,3,hard_decel,6.24,105,1.0700414537829503,1.5578400720227994,0.5725044453975882,0.9853356266252112,3.8608056952231324,14.44864432014298,0.46706176251112663,13.981582557631853,0.2975371428571429,0.19788206921972826,-0.0659,0.7354,0.8013,0.7354,0.0263,0.32110000000000005,-0.27759999999999996,0.0002528846153846165,1.4168333333333338,-1.138833333333333,1,1,-0.0035028571428571413,0.11286931726656178,-0.3296,0.3455,0.6751,0.3455,0.27090000000000003,0.42700000000000005,-0.43920000000000003,0.0026048076923076914,1.0808333333333322,-1.0606666666666655,2,24,1.0055495238095238,0.15800774939844997,0.5314,1.3964,0.8650000000000001,1.3964,0.08629999999999993,0.5252,-0.6857000000000001,0.0008298076923076885,1.5530000000000062,-1.3798333333333312,2,0,-0.3359171428571428,3.2976870972306873,-9.3538,9.9312,19.285,9.9312,-0.6475000000000004,10.6925,-13.553799999999999,-0.006225961538461579,33.42499999999997,-29.76222222222222,2,16,-0.006921904761904734,3.2039274248112855,-7.0262,14.0525,21.0787,14.0525,-0.9974999999999999,11.6375,-17.7362,-0.00959134615384612,46.05400000000003,-38.42700000000003,1,18,0.36175047619047623,0.7587178918721282,-1.0938,4.1737,5.2675,4.1737,-0.11380000000000001,3.0975,-3.7362,-0.0010942307692307746,7.729000000000031,-8.443666666666662,1,0
47,clean/hard_decel.csv,4,hard_decel,4.74,80,1.0511495007871416,1.282685160123091,0.713232332413499,0.569452827709592,3.4829454036524004,13.796779123766532,0.6627808385884432,13.13399828517809,0.33936,0.1245952328567707,0.022,0.5455,0.5235,0.5455,0.010499999999999995,0.2779,-0.35229999999999995,0.00013291139240506375,0.7046666666666668,-0.7255000000000009,1,0,0.014626249999999999,0.09414829366987681,-0.1968,0.286,0.4828,0.286,0.2372,0.306,-0.2409,0.003002531645569619,1.1452777777777776,-0.7366666666666666,2,17,0.98334875,0.0908834557555075,0.6776,1.2207,0.5430999999999999,1.2207,0.06689999999999996,0.4394,-0.3367999999999999,0.0008468354430379741,0.8108333333333322,-0.7050000000000045,1,0,0.12578125,2.7668162332142994,-8.2863,13.5013,21.7876,13.5013,-1.2599999999999998,10.010000000000002,-11.9525,-0.015949367088607638,30.88766666666669,-39.34616666666666,2,12,-0.0036125000000000185,2.894770886907956,-6.65,7.35,14.0,7.35,-3.9988,8.9688,-6.9037,-0.050617721518987295,26.468833333333304,-36.45850000000005,2,12,0.212625,0.6966316674732654,-3.885,1.5925,5.4775,3.885,-0.6738,3.6399999999999997,-5.4075,-0.008529113924050643,5.5706666666666464,-7.991666666666652,1,0
48,clean/hard_decel.csv,5,hard_decel,4.74,80,1.0962539333411578,1.5813328365654082,0.7146157638899383,0.8667170726754699,3.295870536408853,10.065217415932953,0.694289204870708,9.370928211062244,0.36881875,0.14472843543593697,-0.0653,0.6181,0.6834,0.6181,-0.24869999999999998,0.31179999999999997,-0.32099999999999995,-0.003148101265822784,0.913,-0.7850000000000017,1,2,0.0020462500000000003,0.08960110468316246,-0.2323,0.2243,0.4566,0.2323,-0.0794,0.3347,-0.289,-0.0010050632911392436,1.005999999999999,-0.7763333333333333,1,21,1.0197962500000002,0.14842199284621888,0.7106,1.5477,0.8371000000000001,1.5477,-0.5032,0.6193000000000001,-0.7432,-0.0063696202531645565,1.1158333333333346,-0.8924999999999965,2,0,0.21853625000000002,2.515773444310851,-9.5463,8.015,17.561300000000003,9.5463,-0.805,10.5962,-15.531300000000002,-0.010189873417721493,26.410500000000003,-19.527166666666666,1,16,0.2645862500000001,2.9001200370069258,-8.6975,7.3063,16.0038,8.6975,-1.7413000000000003,8.9251,-9.485,-0.02204177215189873,31.470999999999965,-25.841999999999977,1,14,0.186265,0.5428302313111498,-1.1725,1.19,2.3625,1.19,-0.05249999999999999,1.8375,-1.9862,-0.0006645569620253248,4.0688333333333295,-4.491666666666667,1,0
49,clean/hard_decel.csv,6,hard_decel,5.64,95,1.0417654052330918,1.5194551293144527,0.5230708747387871,0.9963842545756656,4.349749467259289,19.311464724872632,0.691946804313742,18.61951792055889,0.27611263157894733,0.17413558867446116,-0.0483,0.7295,0.7778,0.7295,0.0941,0.5976,-0.28450000000000003,0.0010010638297872343,1.5181666666666647,-1.3576666666666655,1,0,0.0013052631578947347,0.09915898835710497,-0.2813,0.1745,0.4558,0.2813,-0.057100000000000005,0.3994,-0.3749,-0.0006074468085106368,0.6796666666666662,-1.1450000000000053,1,29,0.9871347368421053,0.1761637383705436,0.5073,1.331,0.8237,1.331,0.12369999999999992,0.8064,-0.7371,0.0013159574468085099,1.333833333333338,-1.6116666666666664,2,0,0.09735263157894737,3.570229512791714,-19.0487,9.4062,28.454900000000002,19.0487,3.4212,12.355,-13.6675,0.036395744680851126,65.85816666666662,-40.62899999999996,1,19,0.49801473684210523,4.027022014584813,-9.7475,14.2975,24.045,14.2975,0.6388,17.5175,-10.5,0.0067957446808511,50.45833333333346,-60.666666666666615,1,20,0.24739789473684212,0.5633418392662319,-1.0412,1.82,2.8612,1.82,0.2625,1.54,-2.5286999999999997,0.0027925531914893714,3.937333333333329,-5.818833333333328,2,0
50,clean/hard_decel.csv,7,hard_decel,4.38,74,1.071393278665527,1.3798912747024672,0.7479470101551313,0.6319442645473359,3.2281497727262853,9.372063736979172,0.221546135150221,9.15051760182895,0.3560472972972973,0.15345877695808752,0.0313,0.6296,0.5983,0.6296,-0.0419,0.24150000000000005,-0.24480000000000007,-0.0005739726027397254,1.049333333333333,-0.7954999999999992,1,0,-0.013106756756756757,0.10412029835273866,-0.2703,0.2386,0.5089,0.2703,0.009000000000000001,0.4059,-0.3855,0.0001232876712328791,1.1310000000000002,-0.6540000000000005,1,20,0.9946283783783783,0.12744496692531485,0.62,1.279,0.6589999999999999,1.279,-0.15369999999999995,0.38429999999999986,-0.43210000000000004,-0.0021054794520547924,1.0918333333333337,-0.8156666666666652,1,0,-0.8403472972972974,2.6175335833160034,-8.855,3.7625,12.6175,8.855,2.7038,8.8025,-9.8963,0.037038356164383536,24.00400000000003,-23.435499999999998,1,16,-0.14177702702702705,2.698575637970627,-7.7525,8.7238,16.476300000000002,8.7238,-8.426300000000001,6.6675,-7.577500000000001,-0.11542876712328765,20.92683333333332,-21.583333333333332,1,10,0.3040054054054054,0.6384616633650134,-0.9275,2.6425,3.5700000000000003,2.6425,0.6212,2.5987999999999998,-2.7038,0.008509589041095885,4.433416666666666,-7.233500000000001,2,0
51,clean/hard_decel.csv,8,hard_decel,6.0,101,1.0370858933774896,1.5108639581378598,0.318855296333619,1.1920086618042407,2.9265206023458425,10.424058899488243,0.556751910638841,9.867306988849402,0.2821455445544554,0.14870170511783143,-0.1745,0.5663,0.7408,0.5663,0.03420000000000001,0.39239999999999997,-0.36240000000000006,0.00034200000000000083,1.5678333333333336,-0.7399999999999989,1,2,-0.013583168316831684,0.08714201405671886,-0.2528,0.1864,0.43920000000000003,0.2528,-0.1305,0.32630000000000003,-0.4162,-0.0013049999999999984,0.6804166666666669,-0.8363750000000001,1,22,0.9842346534653466,0.1505370209853002,0.2663,1.4045,1.1382,1.4045,0.03200000000000003,0.6338,-0.9154,0.00031999999999999916,1.356166666666665,-1.395333333333335,2,0,0.3515534653465346,2.3709334817984398,-6.055,6.6675,12.7225,6.6675,-2.9488,8.8375,-12.1975,-0.029487999999999848,14.087499999999988,-17.456166666666682,2,20,-0.07051485148514856,2.400253917500652,-9.7475,8.2425,17.990000000000002,9.7475,-0.9712999999999998,11.9,-13.23,-0.009713000000000012,32.65216666666667,-33.104,2,15,0.2703821782178218,0.6519440950566299,-2.4675,1.5925,4.06,2.4675,0.7962,3.1763,-2.8262,0.007961999999999999,7.422999999999992,-5.104166666666667,1,0
52,clean/hard_decel.csv,9,hard_decel,5.16,87,1.0285837112590968,1.3554779415394407,0.6454529959648495,0.7100249455745912,3.524857921142141,23.231974310850124,0.20874731135993105,23.02322699949019,0.308764367816092,0.15372307552264952,-0.0117,0.5615,0.5732,0.5615,0.0387,0.139,-0.2983,0.0004499999999999992,0.7508333333333335,-0.8108333333333312,1,0,0.02070459770114943,0.09205774717982537,-0.2208,0.3497,0.5705,0.3497,-0.1008,0.4532,-0.3961,-0.0011720930232558145,0.6826666666666661,-0.6721666666666659,1,32,0.9654804597701149,0.1164376535828474,0.5285,1.2346,0.7061,1.2346,0.18319999999999992,0.40380000000000005,-0.43309999999999993,0.002130232558139534,1.3106666666666742,-1.021166666666665,2,0,0.23947586206896546,2.317899292059842,-7.105,7.1225,14.2275,7.1225,-0.026300000000000212,10.648800000000001,-10.71,-0.0003058139534882868,21.014499999999977,-16.960499999999982,1,14,0.0984597701149425,3.8336772544173767,-9.7037,22.9163,32.62,22.9163,1.4088,28.3938,-20.0813,0.016381395348837192,58.158333333333275,-34.2708333333333,2,21,0.12661379310344828,1.3344467659681623,-2.8788,6.6675,9.5463,6.6675,0.3937,8.435,-8.9425,0.004577906976744151,14.88983333333332,-11.84183333333332,1,4
53,clean/hard_decel.csv,10,hard_decel,4.86,82,1.0757789036614507,1.4212856327986998,0.7391841854368909,0.6821014473618089,3.977128527771198,12.867443216894333,0.44874645402498725,12.418696762869345,0.3677158536585366,0.15493165236985112,0.0085,0.6515,0.643,0.6515,-0.0492,0.1851,-0.24119999999999997,-0.0006074074074074082,0.9455000000000005,-0.9018333333333333,1,0,0.01908780487804878,0.0973437886193889,-0.3087,0.283,0.5916999999999999,0.3087,-0.1835,0.40309999999999996,-0.3946,-0.002265432098765436,0.6101666666666665,-0.7835000000000001,2,23,0.9950719512195122,0.14233377333125696,0.629,1.3555,0.7264999999999999,1.3555,0.08899999999999986,0.5381,-0.3985000000000001,0.0010987654320987637,1.0590277777777788,-1.5645000000000016,2,0,0.4180853658536586,3.0494077162267423,-7.875,7.2888,15.1638,7.875,0.23619999999999997,12.1187,-12.0488,0.0029160493827160763,29.89599999999998,-28.267361111111107,1,12,0.27284878048780487,3.4818830694318303,-8.54,12.0662,20.6062,12.0662,1.1286999999999998,11.4363,-17.045,0.013934567901234558,38.42700000000001,-30.712166666666654,1,20,0.29952317073170726,0.8071560568277816,-2.1613,4.165,6.3263,4.165,0.5425,3.3512,-4.0425,0.006697530864197506,7.612499999999999,-8.035499999999992,1,1
54,clean/hard_decel.csv,11,hard_decel,5.22,88,1.0735955823623904,1.4506533424633192,0.7556555299870437,0.6949978124762756,2.66558853311324,7.415199302109149,0.47691548517530863,6.93828381693384,0.3567181818181819,0.1681679692227931,0.0139,0.633,0.6191,0.633,-0.0525,0.18200000000000005,-0.2796,-0.0006034482758620695,0.983166666666667,-0.7188333333333319,1,0,0.017030681818181816,0.07867414881321438,-0.2274,0.2113,0.4387,0.2274,-0.005900000000000001,0.2945,-0.37529999999999997,-6.781609195402572e-05,0.713000000000001,-0.6813333333333327,2,14,0.9972727272727272,0.11631164807332911,0.6927,1.3044,0.6117,1.3044,-0.09810000000000008,0.4568,-0.4062000000000001,-0.0011275862068965538,0.791999999999998,-1.5428333333333333,2,0,0.22590340909090909,1.8542111061877726,-4.0163,5.5212,9.537500000000001,5.5212,-1.7675,5.6,-7.4551,-0.02031609195402307,17.2375,-15.64800000000003,2,13,0.14865227272727272,2.256924894832417,-6.6675,4.7775,11.445,6.6675,2.5900999999999996,10.508700000000001,-8.7676,0.029771264367816127,21.889500000000016,-18.46250000000004,1,15,0.24191136363636365,0.771654923685901,-1.6712,4.9088,6.58,4.9088,-0.27120000000000005,5.3638,-6.58,-0.0031172413793103433,6.533333333333327,-6.081333333333383,2,0
55,clean/hard_decel.csv,12,hard_decel,4.98,84,1.0337088414523972,1.3817351301895744,0.6185359245832048,0.7631992056063696,3.6308675129730146,13.55229645226225,0.2690133639803049,13.283283088281946,0.33528928571428573,0.15726859919723185,-0.0996,0.5563,0.6559,0.5563,0.005299999999999999,0.31570000000000004,-0.18260000000000004,6.385542168674849e-05,1.2990277777777777,-0.8254999999999988,1,1,0.004216666666666666,0.08960461723437513,-0.195,0.2636,0.4586,0.2636,-0.18259999999999998,0.3471,-0.4091,-0.002200000000000001,0.8683333333333334,-0.6988333333333334,2,23,0.9634214285714284,0.1361673952724513,0.6066,1.2723,0.6657,1.2723,0.22599999999999998,0.6534,-0.43820000000000003,0.00272289156626506,1.5836111111111106,-1.1649999999999991,2,0,0.21624523809523805,2.264036355098117,-4.3925,7.875,12.2675,7.875,-0.5512,6.895,-9.4238,-0.00664096385542168,20.037333333333333,-17.325166666666693,2,15,-0.024892857142857192,3.802597013576275,-10.92,13.5275,24.447499999999998,13.5275,-2.9049,17.115,-17.535,-0.034998795180722755,49.4813333333333,-36.8958333333333,2,13,0.41916904761904755,0.8217674759763713,-1.3212,4.2087,5.5299000000000005,4.2087,0.061200000000000004,2.5725,-3.5174000000000003,0.0007373493975903419,10.878999999999998,-7.991500000000009,2,0
56,clean/hard_decel.csv,13,hard_decel,7.86,132,1.0476054540669082,1.5140701998256223,0.7854870845532725,0.7285831152723498,4.755225049713269,11.589719223950166,0.7965200123035201,10.793199211646645,0.2534136363636364,0.17593728010341458,-0.0218,0.692,0.7138,0.692,-0.09540000000000001,0.36519999999999997,-0.3969,-0.0007282442748091598,1.2508333333333335,-0.5039999999999991,1,0,-0.009646969696969694,0.07599504949665521,-0.2188,0.1598,0.3786,0.2188,-0.07050000000000001,0.19249999999999998,-0.2764,-0.000538167938931297,0.644333333333334,-0.8920000000000017,1,18,0.999130303030303,0.11708410687343616,0.6998,1.4376,0.7378,1.4376,-0.012400000000000189,0.6241,-0.4908999999999999,-9.465648854961976e-05,1.113000000000004,-1.0255,2,0,0.24645833333333333,2.354712615454465,-6.4575,9.31,15.7675,9.31,-2.6775,9.0475,-8.0063,-0.020438931297709913,20.781333333333315,-24.324999999999978,2,19,0.33647727272727274,2.4639087135672266,-6.3787,7.5862,13.9649,7.5862,1.0151,10.0099,-7.875,0.007748854961832162,35.13116666666663,-30.537499999999966,1,22,-1.937659848484849,4.036787718767339,-11.4975,3.5525,15.05,11.4975,-8.321299999999999,2.4325,-3.4036999999999997,-0.06352137404580155,7.714499999999991,-8.239499999999992,0,1
57,clean/hard_decel.csv,14,hard_decel,4.44,75,1.0864398758570473,1.3825122205608167,0.6003035648736396,0.7822086556871771,4.31588046687023,14.092358199747832,0.4115291605706696,13.680829039177162,0.4050493333333333,0.17853561259806336,-0.0203,0.6902,0.7105,0.6902,-0.020900000000000002,0.2318,-0.19469999999999998,-0.000282432432432433,1.585666666666667,-0.823000000000002,1,0,0.031671999999999985,0.09723795633059835,-0.2277,0.2622,0.4899,0.2622,-0.036199999999999996,0.4394,-0.3312,-0.000489189189189188,0.7131666666666661,-0.7144999999999991,1,18,0.9887613333333335,0.1338135955332998,0.398,1.2312,0.8332,1.2312,0.05290000000000006,0.6766,-0.6558,0.0007148648648648657,1.4363888888888898,-0.9448333333333352,2,0,0.3346026666666667,3.0985466759815052,-8.8725,7.2888,16.1613,8.8725,1.7325,9.773800000000001,-11.41,0.023412162162162232,41.4605,-25.885499999999976,1,10,0.13253199999999998,3.903092435844423,-13.1687,9.0737,22.2424,13.1687,-2.5112,13.4575,-15.653699999999999,-0.033935135135135096,37.47899999999998,-49.30616666666667,1,15,0.24792000000000006,1.0254872864129492,-5.39,3.5787,8.9687,5.39,-0.28,6.7112,-8.9687,-0.0037837837837837616,8.88150000000002,-7.510333333333333,1,2
58,clean/hard_decel.csv,15,hard_decel,6.42,108,1.0699125489646473,1.957433899267099,0.5857956981747134,1.3716382010923855,3.2619732738289104,14.364161990523497,0.2509125943431298,14.113249396180368,0.3187037037037037,0.15147869837347008,-0.0572,0.5844,0.6416000000000001,0.5844,0.0092,0.44380000000000003,-0.24100000000000002,8.598130841121378e-05,1.5666666666666667,-0.9199999999999993,1,1,0.0060879629629629626,0.08470233389803564,-0.1764,0.278,0.4544,0.278,-0.27140000000000003,0.264,-0.3015,-0.002536448598130841,0.8230000000000004,-0.8816666666666657,2,26,1.0085148148148146,0.1628841098339982,0.5766,1.9069,1.3303,1.9069,-0.29900000000000004,1.0148000000000001,-0.8185,-0.0027943925233644812,2.4108333333333327,-1.7330000000000005,2,0,0.39528888888888886,2.333212660101639,-4.9262,8.0675,12.9937,8.0675,-2.5025,10.1237,-12.9937,-0.023387850467289723,20.752,-20.183333333333316,2,20,-0.15159074074074075,3.240178381369,-14.245,9.59,23.835,14.245,1.7149999999999999,13.466199999999999,-13.518699999999999,0.01602803738317761,36.9835,-50.117916666666666,2,23,0.17556296296296295,0.6184926041750024,-2.695,1.365,4.06,2.695,0.5075000000000001,3.1938,-2.3625,0.004742990654205618,8.399833333333325,-5.993666666666661,1,0
59,clean/hard_decel.csv,16,hard_decel,5.4,91,1.0497213304908433,1.753775624189138,0.6294953137236209,1.124280310465517,4.228766298033837,35.66904960452408,0.4723828637874155,35.19666674073667,0.33104065934065935,0.17162023966240889,-0.2725,0.8154,1.0879,0.8154,0.27230000000000004,0.6277,-0.41850000000000004,0.0030255555555555487,1.581833333333332,-0.8320000000000012,1,1,-0.012774725274725271,0.1484933822643709,-0.679,0.3387,1.0177,0.679,0.1226,0.5165,-0.8193,0.0013622222222222197,1.6469999999999982,-1.7785000000000022,1,23,0.9714153846153846,0.15873222939772705,0.4968,1.5153,1.0185,1.5153,0.4485,0.8345000000000001,-0.5342999999999999,0.004983333333333334,1.7293333333333347,-0.9110000000000023,1,0,0.30442527472527464,4.184767468054519,-14.6213,23.24,37.8613,23.24,0.01750000000000007,25.5937,-29.8375,0.00019444444444449086,47.10433333333358,-31.149999999999977,1,23,0.44663186813186817,4.642412781419189,-13.1337,26.88,40.0137,26.88,-9.668800000000001,35.2362,-31.7538,-0.10743111111111124,40.876833333333295,-59.441666666666606,2,22,0.6379791208791208,2.936156191558257,-8.3387,18.69,27.0287,18.69,1.6713,18.654899999999998,-16.143700000000003,0.018569999999999948,38.48549999999996,-45.35416666666662,1,3
60,clean/hard_decel.csv,17,hard_decel,4.98,84,1.0572859804085457,1.8085732360067701,0.405782466353587,1.4027907696531832,4.858735550450726,17.584214743058617,0.5111699228241036,17.073044820234514,0.3051511904761905,0.1494774460112146,-0.1681,0.6198,0.7879,0.6198,-0.07239999999999999,0.5068,-0.528,-0.0008722891566265036,1.3128333333333329,-0.9703333333333333,1,2,-0.043090476190476186,0.14042360408030782,-0.3888,0.3148,0.7036,0.3888,0.0030999999999999986,0.4811,-0.5173,3.734939759036101e-05,1.240666666666665,-1.2773333333333323,1,29,0.9914249999999999,0.22513388459753433,0.3596,1.7857,1.4261000000000001,1.7857,-0.15800000000000003,0.7323,-0.8778,-0.0019036144578313176,1.8203333333333287,-2.043749999999996,1,0,0.7343761904761905,3.63466654958267,-8.855,11.4537,20.3087,11.4537,0.48120000000000007,16.6337,-13.79,0.005797590361445878,24.120666666666644,-30.245833333333408,1,24,0.7395821428571429,4.292103151674834,-10.6225,15.9163,26.538800000000002,15.9163,-3.4912,12.075099999999999,-23.03,-0.042062650602409685,28.13133333333331,-48.08133333333328,1,15,0.6366642857142858,1.9645036105381828,-1.2687,15.75,17.0187,15.75,0.5425,12.355,-13.081199999999999,0.006536144578313263,28.59800000000008,-31.01866666666661,1,0
61,clean/hard_decel.csv,18,hard_decel,9.48,159,1.0081418528644126,1.2492484700811124,0.749271499524705,0.49997697055640744,3.3130431290890945,18.670220163136804,0.4269964168467928,18.24322374629001,0.1847433962264151,0.0885620268428813,-0.0336,0.4202,0.45380000000000004,0.4202,-0.007500000000000007,0.1345,-0.1967,-4.746835443037891e-05,0.6113333333333326,-0.5779999999999996,1,0,0.029751572327044028,0.0752954180657054,-0.2445,0.2425,0.487,0.2445,0.1462,0.2989,-0.225,0.0009253164556962024,0.8218333333333325,-0.696666666666666,3,33,0.9842603773584907,0.09565976034479592,0.7221,1.2207,0.49859999999999993,1.2207,-0.11410000000000009,0.36830000000000007,-0.4210999999999999,-0.0007221518987341778,1.0906666666666665,-1.009999999999999,2,0,0.6482150943396227,1.5323193098173347,-4.0338,5.04,9.0738,5.04,-2.4062,7.28,-4.8736999999999995,-0.015229113924050642,16.945833333333315,-15.852000000000102,2,7,-0.05690314465408804,1.6319430865999711,-4.2,3.3338,7.5338,4.2,0.4638,6.7987,-5.2676,0.002935443037974689,14.670999999999967,-13.839333333333318,2,17,-1.5671308176100631,4.035728558133009,-18.655,0.9362,19.5912,18.655,-18.5588,1.4611999999999998,-2.6775,-0.1174607594936709,3.64583333333333,-23.639666666666862,0,0
62,clean/hard_decel.csv,19,hard_decel,9.42,158,1.027142235140176,1.9983134839158745,0.5813854573344607,1.416928026581414,3.280518946444616,12.80173440671224,0.36273458616459503,12.438999820547645,0.1518379746835443,0.08567802236799747,-0.0525,0.4694,0.5219,0.4694,-0.0892,0.284,-0.38149999999999995,-0.0005681528662420385,0.5878333333333328,-0.7853333333333301,2,2,-0.003924050632911391,0.08968748034847766,-0.3767,0.2796,0.6563,0.3767,0.02099999999999999,0.5657,-0.4082,0.00013375796178343997,0.7421666666666669,-0.7941666666666658,2,46,1.0094613924050633,0.15598101049075702,0.5788,1.9419,1.3631,1.9419,-0.0041999999999999815,0.7221,-0.7114,-2.6751592356687073e-05,1.7213333333333285,-1.8991666666666713,3,0,0.043026582278481024,2.537358054701823,-6.335,7.6125,13.9475,7.6125,0.6912,10.0975,-12.3113,0.00440254777070065,18.126833333333334,-23.639666666666642,2,21,0.35210316455696206,3.105128501262545,-8.7325,11.9263,20.6588,11.9263,-0.7699999999999999,13.3875,-12.346300000000001,-0.0049044585987260865,36.85233333333333,-43.983500000000014,3,21,0.07083037974683548,0.5535146220093908,-1.0412,2.0738,3.1149999999999998,2.0738,0.18379999999999996,2.3975,-2.0738,0.001170700636942675,5.643666666666661,-4.09783333333333,2,0
63,clean/hard_decel.csv,20,hard_decel,7.86,132,1.0381977716818047,1.4342247836374882,0.7241259973236701,0.7100987863138181,2.523311123353866,17.89072470779202,0.3822057691872272,17.508518938604794,0.20381742424242424,0.10416573589128454,-0.0051,0.4499,0.455,0.4499,0.018500000000000003,0.22039999999999998,-0.2028,0.00014122137404580293,0.47783333333333344,-0.6013333333333319,1,0,-0.008140909090909093,0.08067288292147431,-0.3031,0.295,0.5981,0.3031,-0.2164,0.347,-0.4614,-0.001651908396946564,0.6208333333333327,-0.6373333333333326,1,33,1.009946212121212,0.11497261433320176,0.6939,1.3888,0.6949000000000001,1.3888,0.14450000000000007,0.5582,-0.44579999999999986,0.0011030534351145044,0.9126666666666665,-1.2591666666666645,2,0,-0.2833166666666667,2.0948761994125427,-5.5825,12.3287,17.9112,12.3287,2.695,13.09,-11.1037,0.02057251908396946,19.818833333333313,-29.137499999999974,2,13,0.11620227272727275,2.381789022917322,-7.7175,12.9412,20.6587,12.9412,-0.20119999999999982,14.008700000000001,-10.0887,-0.0015358778625953998,24.36866666666667,-46.87066666666662,2,17,0.06555909090909091,0.5058295654724401,-1.4,2.2225,3.6225,2.2225,-1.0588,2.0475000000000003,-3.0100000000000002,-0.00808244274809161,6.9124999999999925,-3.7624999999999966,2,0
64,clean/hard_decel.csv,21,hard_decel,5.94,100,1.0693536205624234,1.6825166715370163,0.823700758771048,0.8588159127659684,2.695411209694501,9.285872142130753,0.4100962569934039,8.87577588513735,0.311628,0.11095624315445028,0.0022,0.6135,0.6113000000000001,0.6135,-0.016800000000000002,0.20859999999999995,-0.22790000000000005,-0.0001696969696969705,0.7063333333333333,-0.6563333333333325,1,0,0.027755000000000005,0.09521623384102465,-0.2559,0.2994,0.5553,0.2994,-0.14029999999999998,0.4172,-0.34299999999999997,-0.001417171717171716,1.0071666666666657,-0.8664999999999979,1,22,1.012605,0.12935774010179066,0.7527,1.5651,0.8123999999999999,1.5651,-0.11190000000000011,0.6869,-0.6103,-0.0011303030303030314,1.08566666666667,-1.2353333333333332,1,0,0.455873,2.2391645617770437,-5.5738,8.8112,14.385,8.8112,1.3388,12.3462,-11.4975,0.013523232323232303,14.291666666666666,-26.30816666666664,1,16,-0.04655000000000003,2.264647556876939,-5.0662,8.26,13.3262,8.26,-0.6912,7.1137,-9.0913,-0.006981818181818284,16.52283333333332,-28.0293333333333,1,11,-0.006121000000000005,0.6734092063905238,-1.3038,1.6187,2.9225000000000003,1.6187,-0.3938,1.9687000000000001,-2.5637,-0.0039777777777777815,4.914666666666664,-8.035499999999994,1,0
65,clean/hard_decel.csv,22,hard_decel,7.44,125,1.0456945359208882,1.4555765661757543,0.7194750377879694,0.7361015283877849,2.700357333231374,7.208044850720617,0.458857690357261,6.7491871603633555,0.2488928,0.08180515025982324,-0.019,0.4324,0.4514,0.4324,0.0815,0.17,-0.1906,0.0006572580645161298,0.9251666666666671,-0.6889999999999987,1,0,-0.008848799999999999,0.08702874165210242,-0.2225,0.3848,0.6073,0.3848,0.1089,0.4068,-0.35629999999999995,0.0008782258064516104,1.2504999999999997,-0.8603333333333326,2,29,1.0092743999999998,0.11876701365658407,0.6758,1.3786,0.7028000000000001,1.3786,0.19779999999999998,0.3887999999999999,-0.5457000000000001,0.0015951612903225805,1.326666666666668,-1.1931666666666665,2,0,0.35350159999999997,1.6806073637606291,-3.885,4.3663,8.2513,4.3663,1.0675000000000001,5.6875,-7.3325,0.008608870967741928,13.372999999999987,-14.422999999999984,2,15,0.376592,2.1619393016754733,-6.6413,6.4837,13.125,6.6413,0.4112,5.3376,-6.2562999999999995,0.0033161290322580054,30.420999999999992,-31.470666666666634,1,16,-0.3672192,1.2729966358757463,-6.8075,0.9975,7.805,6.8075,-7.0088,1.4875,-1.5924999999999998,-0.0565225806451613,3.8208333333333426,-9.872999999999962,0,0
66,clean/hard_decel.csv,23,hard_decel,6.78,114,1.0159090310532333,1.4113504915505573,0.6797602077203402,0.7315902838302171,2.788436297859569,12.686110079137734,0.28803701151067373,12.39807306762706,0.2524219298245614,0.1045000188497861,-0.0676,0.4778,0.5454,0.4778,0.1084,0.2318,-0.3695,0.0009592920353982295,0.9100000000000001,-0.7691666666666659,1,1,0.01099912280701754,0.07660088898905801,-0.1556,0.2869,0.4425,0.2869,-0.3467,0.3006,-0.23620000000000002,-0.003068141592920358,0.48266666666666613,-0.6109166666666668,2,31,0.9767184210526316,0.11547469903766298,0.6495,1.3276,0.6780999999999999,1.3276,0.010000000000000009,0.34430000000000005,-0.3951,8.849557522124099e-05,1.1600000000000001,-1.3491666666666617,2,0,-0.07698596491228073,2.1252287265088112,-5.2762,10.2375,15.5137,10.2375,-6.2912,6.8687000000000005,-10.4038,-0.05567433628318579,23.566666666666656,-29.589499999999973,2,13,-0.043055263157894756,2.5349267250617387,-11.0775,7.3762,18.4537,11.0775,-3.3424999999999994,18.4537,-11.7863,-0.029579646017699128,30.945833333333297,-31.46361111111111,2,18,-0.05472807017543859,0.7753757534435167,-1.61,3.2812,4.8912,3.2812,2.6862000000000004,1.6626,-2.1175,0.023771681415929204,8.399833333333314,-4.768666666666648,1,0
67,clean/left_turn.csv,0,left_turn,7.68,129,1.0038525099572508,1.0858989363656268,0.9347759731614843,0.15112296320414254,11.650186241315712,25.726375992160264,0.9071103185390408,24.819265673621224,-0.015517054263565892,0.044228236392375456,-0.1057,0.0918,0.1975,0.1057,0.1318,0.0489,-0.1003,0.0010296875,0.2508333333333327,-0.2528333333333349,2,1,-0.06093798449612404,0.057450285837243736,-0.1754,0.0837,0.2591,0.1754,0.030500000000000003,0.0974,-0.0925,0.00023828125,0.357916666666669,-0.2094999999999999,0,3,0.9992643410852714,0.03312985058459745,0.9334,1.0835,0.1500999999999999,1.0835,0.07289999999999996,0.12870000000000004,-0.13290000000000002,0.0005695312499999997,0.3979166666666671,-0.2530000000000019,2,0,0.2835945736434108,0.6709650018012859,-1.6013,1.96,3.5613,1.96,-0.42010000000000003,2.7038,-2.0738,-0.0032820312499999985,7.802166666666611,-8.58966666666667,2,0,-0.08078139534883721,0.8791084283031659,-2.0912,2.0387,4.1299,2.0912,2.0037,2.1612999999999998,-2.3274,0.015653906249999988,8.006166666666616,-7.787499999999999,1,1,11.516762790697674,8.44369146355607,0.7175,25.725,25.0075,25.725,-0.1663,0.997399999999999,-1.0236999999999998,-0.0012992187500000252,12.93549999999999,-11.156166666666763,1,0
68,clean/left_turn.csv,1,left_turn,5.46,92,1.0148259147442085,1.1294171107257054,0.9007995781526543,0.22861753257305106,16.93999287966875,29.465389826540562,0.7933281603472803,28.672061666193283,0.025059782608695656,0.03397941542286586,-0.0417,0.0974,0.1391,0.0974,-0.0994,0.1074,-0.062,-0.0010923076923076923,0.18833333333333319,-0.22716666666666707,0,0,-0.0975891304347826,0.08050273827370855,-0.2721,0.0837,0.3558,0.2721,0.0174,0.09110000000000001,-0.11199999999999999,0.00019120879120879136,0.40899999999999703,-0.4565,0,1,1.0060858695652173,0.044533056203678,0.8792,1.1124,0.23320000000000007,1.1124,0.06429999999999991,0.22360000000000002,-0.17080000000000006,0.0007065934065934057,0.3379999999999992,-0.3873333333333342,1,0,0.7417532608695652,1.403495798405929,-2.1,4.3488,6.4488,4.3488,0.8575,3.4737999999999998,-2.6599999999999997,0.009423076923076923,18.054333333333314,-15.050166666666676,1,3,-0.0755108695652174,0.9865947747433512,-3.01,3.605,6.615,3.605,0.19240000000000002,4.2087,-3.2725,0.00211428571428572,9.72699999999999,-8.385499999999992,2,2,16.783457608695652,9.440463312005724,0.6388,29.4263,28.7875,29.4263,-0.00869999999999993,1.4699999999999998,-1.6013000000000002,-9.560439560439484e-05,15.10833333333332,-21.04383333333334,1,0
69,clean/left_turn.csv,2,left_turn,6.66,112,1.004690458047364,1.1316619371526109,0.8773081898626046,0.25435374729000626,13.553201639889782,26.68757493441471,1.4562248933458046,25.231350041068904,0.0201375,0.04435620989056499,-0.0841,0.1174,0.2015,0.1174,-0.04869999999999999,0.1153,-0.0946,-0.00043873873873873895,0.2318333333333323,-0.2654999999999997,1,3,-0.09858303571428571,0.08250755126609104,-0.2557,0.0922,0.3479,0.2557,-0.014199999999999997,0.1807,-0.17049999999999998,-0.00012792792792792735,0.41699999999999826,-0.30849999999999833,0,4,0.9952419642857143,0.04796491893414471,0.8591,1.1006,0.24150000000000005,1.1006,-0.013400000000000079,0.19340000000000002,-0.18130000000000002,-0.00012072072072072142,0.43100000000000094,-0.4276666666666662,2,0,0.7435133928571428,1.429956905511777,-2.17,5.1712,7.3412,5.1712,2.4325,3.9549,-3.7537,0.02191441441441442,17.295833333333317,-15.312499999999964,1,2,-0.1843767857142857,0.9154686076148728,-2.17,1.9512,4.1212,2.17,-0.525,3.0538,-2.9663,-0.004729729729729741,8.691666666666658,-10.835166666666655,2,0,13.269529464285714,9.195124632026115,0.6737,26.67,25.9963,26.67,-0.09630000000000005,1.4525000000000006,-1.2337000000000007,-0.000867567567567562,19.93533333333336,-12.060333333333332,1,0
70,clean/left_turn.csv,3,left_turn,5.82,98,1.0146072270106434,1.1428099667048761,0.8819942290060633,0.26081573769881283,14.45033712885813,24.700257126799308,1.221050957167636,23.47920616963167,0.006216326530612247,0.03684450383239222,-0.0866,0.0681,0.1547,0.0866,-0.144,0.0984,-0.0993,-0.0014845360824742265,0.18016666666666709,-0.17000000000000126,0,1,-0.08881734693877552,0.06942782653982005,-0.1989,0.1218,0.3207,0.1989,0.0148,0.2245,-0.12940000000000002,0.0001525773195876295,0.3186666666666639,-0.2803333333333329,0,3,1.007661224489796,0.04261657785138922,0.8782,1.1385,0.2603000000000001,1.1385,-0.06040000000000001,0.13179999999999992,-0.15879999999999994,-0.0006226804123711341,0.3159999999999954,-0.3116666666666674,2,0,1.3549091836734695,1.022114817938186,-1.8987,3.7013,5.6,3.7013,0.03500000000000003,2.9574,-3.1937,0.00036082474226803354,11.404333333333355,-10.48533333333332,1,0,0.2368663265306123,1.1407312239740144,-2.59,3.78,6.369999999999999,3.78,3.4299999999999997,4.7074,-3.7975,0.035360824742268065,12.439499999999988,-14.583333333333421,1,2,14.227505102040817,7.921001743770737,0.7,24.535,23.835,24.535,0.22750000000000004,1.2074999999999996,-1.5312000000000001,0.002345360824742271,15.531166666666664,-14.248166666666762,1,0
71,clean/left_turn.csv,4,left_turn,7.26,122,1.0057720963356156,1.197742084089893,0.8129665983298453,0.3847754857600476,11.071482986795175,24.333355129944575,1.0184830337320303,23.314872096212547,0.028875409836065576,0.04253125309111016,-0.0747,0.1481,0.2228,0.1481,-0.187,0.11610000000000001,-0.1789,-0.001545454545454545,0.32449999999999973,-0.4150000000000003,1,5,-0.0749639344262295,0.0886554991610774,-0.268,0.0691,0.3371,0.268,0.0499,0.23650000000000002,-0.1759,0.00041239669421487535,0.3988333333333355,-0.410333333333333,0,7,0.9978303278688525,0.06117145243722796,0.8092,1.1856,0.37639999999999996,1.1856,-0.3105999999999999,0.21689999999999998,-0.2087,-0.0025669421487603296,0.44847222222222477,-0.5071666666666683,2,0,0.9249245901639344,1.2190104171997735,-2.4325,4.4887,6.9212,4.4887,-1.9862000000000002,3.7624999999999997,-3.8325,-0.016414876033057874,12.497833333333304,-13.737500000000091,3,2,0.008754918032786888,1.1997694153187481,-3.71,3.3863,7.096299999999999,3.71,-3.3338,5.2938,-4.2963,-0.02755206611570251,10.587666666666669,-18.75416666666671,2,5,10.717819672131146,8.59656817187297,0.4812,24.185,23.703799999999998,24.185,-0.30629999999999996,1.3738000000000001,-1.3475000000000001,-0.002531404958677686,14.903999999999982,-14.510500000000008,1,0
72,clean/left_turn.csv,5,left_turn,9.06,152,0.9986020789430315,1.1213376877640382,0.8388195038266576,0.2825181839373806,10.716923934785296,18.228788745553008,1.2897925724704729,16.938996173082536,0.013120394736842105,0.02316947163267196,-0.0689,0.0694,0.1383,0.0694,-0.030100000000000002,0.0649,-0.0675,-0.00019933774834437096,0.26066666666666805,-0.20816666666666644,2,2,-0.08284276315789472,0.06251791542114776,-0.2059,0.0786,0.2845,0.2059,0.08070000000000001,0.1444,-0.12860000000000002,0.0005344370860927148,0.3168333333333383,-0.20733333333333293,0,3,0.9928710526315788,0.04494678329631559,0.8388,1.1012,0.26239999999999997,1.1012,-0.0674999999999999,0.15979999999999994,-0.1452000000000001,-0.00044701986754966817,0.513333333333339,-0.4678333333333331,2,0,0.35978223684210525,0.8856609384489649,-1.5575,3.2812,4.8387,3.2812,1.995,2.2663,-2.2312000000000003,0.013211920529801302,10.43930555555547,-8.735499999999929,2,0,0.05531842105263158,1.0162038014829917,-2.4325,3.22,5.6525,3.22,-1.19,3.5175,-4.585,-0.007880794701986757,10.995833333333334,-12.279333333333321,2,3,10.543116447368421,5.840533152095027,0.84,18.2262,17.3862,18.2262,0.12250000000000005,0.875,-0.9188000000000001,0.0008112582781456869,9.945833333333333,-7.772999999999932,1,0
73,clean/left_turn.csv,6,left_turn,4.98,84,1.011073756387621,1.1261006615751543,0.8882914442906675,0.23780921728448678,17.972394086183073,29.627972065094163,1.2540576900605491,28.373914375033614,0.03968214285714285,0.04842357327134056,-0.0953,0.1164,0.2117,0.1164,-0.063,0.0675,-0.08449999999999999,-0.0007590361445783136,0.1698333333333344,-0.20716666666666644,0,1,-0.1354904761904762,0.08820236264224517,-0.2721,0.0459,0.318,0.2721,0.045700000000000005,0.09960000000000001,-0.13019999999999998,0.0005506024096385543,0.2978333333333353,-0.4155000000000004,0,0,0.9961738095238094,0.050254859188536845,0.8857,1.1183,0.23260000000000003,1.1183,0.029299999999999993,0.19469999999999998,-0.20800000000000007,0.000353012048192771,0.33150000000000013,-0.3678333333333246,2,0,0.6552059523809524,1.3181258282579733,-1.6013,3.5612,5.1625,3.5612,1.7149999999999999,2.7561999999999998,-2.485,0.02066265060240963,10.908166666666656,-10.80616666666673,2,0,-0.27760357142857145,1.022540072852649,-3.0712,1.7763,4.8475,3.0712,-2.3537,2.765,-3.6399999999999997,-0.02835783132530121,9.172999999999991,-9.42066666666663,1,0,17.796664285714286,9.632861326312247,0.8487,29.575,28.7263,29.575,-0.00880000000000003,1.7324999999999982,-1.977500000000001,-0.00010602409638554119,18.22933333333333,-21.262333333333487,1,0
74,clean/left_turn.csv,7,left_turn,5.34,90,1.0229369106423147,1.1795702437752487,0.9047586750067665,0.2748115687684821,16.261555545068404,27.70855772374304,1.14789347937864,26.5606642443644,0.028913333333333333,0.04593658599182432,-0.0795,0.1171,0.1966,0.1171,-0.12440000000000001,0.1464,-0.09770000000000001,-0.0013977528089887642,0.30599999999999977,-0.3009999999999997,0,1,-0.11563333333333331,0.102127710311566,-0.3526,0.1433,0.4959,0.3526,-0.006299999999999999,0.16890000000000002,-0.14620000000000002,-7.078651685393242e-05,0.3458333333333352,-0.3210000000000002,0,1,1.009811111111111,0.05856056395251803,0.8799,1.1614,0.2815,1.1614,-0.10160000000000002,0.2678999999999999,-0.1977000000000001,-0.0011415730337078654,0.6553333333333349,-0.5056666666666665,1,0,1.1417799999999998,1.260623035565253,-2.5463,4.6725,7.2188,4.6725,1.6187,2.7126,-2.555,0.018187640449438193,14.627166666666666,-10.791666666666657,1,1,-0.031402222222222186,1.033105898394921,-3.0625,2.66,5.7225,3.0625,0.7875,3.3337,-3.0012,0.008848314606741589,9.10016666666675,-11.46249999999999,2,3,16.068212222222222,9.471383782159291,0.385,27.6413,27.2563,27.6413,-0.5688,1.1288,-1.6361999999999988,-0.0063910112359550535,14.977333333333306,-21.277333333333388,1,0
75,clean/left_turn.csv,8,left_turn,6.84,115,1.0237610594016837,1.1742396731502474,0.83234328254633,0.3418963906039173,12.187344158698615,22.844576978355278,1.3035437775540952,21.54103320080118,0.03416260869565217,0.044175049441228825,-0.0623,0.1279,0.1902,0.1279,-0.0305,0.1354,-0.10880000000000001,-0.0002675438596491223,0.31799999999999967,-0.2700555555555548,2,3,-0.09072434782608693,0.09070499376115566,-0.3006,0.1517,0.4523,0.3006,0.1061,0.1921,-0.196,0.0009307017543859646,0.48800000000000326,-0.5121666666666667,0,3,1.0142739130434781,0.06563601130604914,0.8311,1.1561,0.32499999999999996,1.1561,-0.05690000000000006,0.32499999999999996,-0.29479999999999995,-0.0004991228070175444,0.6276666666666681,-0.5461666666666645,1,0,0.9038356521739129,1.3857306897155475,-2.03,4.9088,6.9388000000000005,4.9088,1.1637000000000002,3.7975000000000003,-5.0576,0.01020789473684212,15.968666666666648,-14.568666666666653,2,2,-0.2169173913043478,1.4070856539634062,-4.2525,3.325,7.577500000000001,4.2525,-1.3126000000000002,4.7862,-5.180000000000001,-0.011514035087719244,11.841666666666688,-16.537666666666592,2,4,11.818281739130434,7.4458125908457395,0.3063,22.6712,22.3649,22.6712,0.525,1.6363000000000003,-1.1288,0.004605263157894741,17.252166666666646,-11.36049999999998,1,0
76,clean/left_turn.csv,9,left_turn,8.7,146,1.003703226773811,1.16017726662782,0.8959320956411819,0.26424517098663813,10.893557902919536,20.205252965008878,1.1310480493772135,19.074204915631665,0.015766438356164383,0.03040562397478752,-0.0443,0.0983,0.1426,0.0983,0.033100000000000004,0.0834,-0.08410000000000001,0.00022827586206896564,0.195166666666665,-0.20616666666666666,1,0,-0.08577328767123288,0.07185917769820012,-0.2494,0.0771,0.3265,0.2494,0.0005000000000000004,0.10400000000000001,-0.10119999999999998,3.448275862068586e-06,0.3619999999999999,-0.38450000000000073,0,3,0.9968650684931508,0.04723071267353954,0.885,1.1582,0.2731999999999999,1.1582,0.07779999999999998,0.17389999999999994,-0.1432,0.0005365517241379308,0.3673333333333346,-0.48083333333334366,3,0,0.3065520547945206,0.9384128867195217,-1.6888,2.695,4.3838,2.695,0.6826000000000001,2.6075,-2.3186999999999998,0.004707586206896555,8.997999999999992,-8.560333333333366,2,0,-0.030265753424657517,1.0647525976804937,-2.6775,2.0125,4.69,2.6775,-1.0675,3.4737,-3.4825,-0.007362068965517248,9.829166666666659,-11.856166666666654,2,2,10.70071095890411,6.723264857145474,0.98,20.1425,19.162499999999998,20.1425,-0.008700000000000041,1.3475000000000001,-1.1024999999999991,-6.000000000001942e-05,14.991666666666674,-8.779166666666676,1,0
77,clean/left_turn.csv,10,left_turn,5.58,94,1.0167726020601047,1.180883647951821,0.8595615742923831,0.3213220736594379,16.35163443376271,29.577272316594716,1.240281294706971,28.336991021887744,0.029136170212765957,0.04915511951386477,-0.0879,0.1537,0.2416,0.1537,-0.10400000000000001,0.0668,-0.1015,-0.0011182795698924729,0.2573333333333334,-0.2338333333333325,1,1,-0.12815319148936172,0.09220932323133134,-0.3074,0.0754,0.38280000000000003,0.3074,0.0169,0.146,-0.1534,0.00018172043010752567,0.49133333333333196,-0.40650000000000164,0,3,1.0029255319148938,0.05599699096403173,0.8469,1.1487,0.30180000000000007,1.1487,-0.010600000000000054,0.1996,-0.2682,-0.0001139784946236565,0.3943333333333303,-0.35799999999999876,2,0,0.5831734042553192,1.562672743289008,-2.5988,5.32,7.918800000000001,5.32,3.4562,4.13,-5.7925,0.03716344086021505,19.658333333333314,-19.06050000000006,1,4,-0.21362446808510638,1.0715945462465795,-3.0712,2.4762,5.5474,3.0712,-0.36750000000000005,3.045,-2.7213000000000003,-0.003951612903225787,7.612333333333314,-8.837333333333373,2,3,16.098144680851064,9.178706406849685,0.6125,29.5575,28.945,29.5575,-0.245,1.4088000000000003,-1.636300000000002,-0.002634408602150541,18.448000000000008,-14.3063333333333,1,0
78,clean/left_turn.csv,11,left_turn,5.52,93,1.0163774878294027,1.1641106734327282,0.8474713918475361,0.31663928158519217,16.11167844420461,24.916676999351257,0.7519745274941166,24.16470247185714,0.0055537634408602135,0.04708616190868882,-0.1394,0.0968,0.2362,0.1394,-0.09570000000000001,0.0993,-0.0899,-0.0010402173913043476,0.26749999999999896,-0.22033333333333394,0,1,-0.10430000000000002,0.09028265517853891,-0.2523,0.1649,0.4172,0.2523,0.0859,0.193,-0.15309999999999999,0.000933695652173913,0.3774999999999984,-0.4506666666666666,0,1,1.0058881720430106,0.056415554148506984,0.8338,1.147,0.31320000000000003,1.147,-0.033299999999999996,0.1533,-0.17069999999999996,-0.0003619565217391304,0.6073333333333331,-0.5356944444444472,2,0,0.8960763440860214,1.2019102374063302,-2.695,4.0425,6.737500000000001,4.0425,-0.22749999999999998,3.5876,-3.6662,-0.002472826086956534,11.95849999999999,-12.512499999999989,2,4,0.09305053763440858,1.1657480687098714,-3.4213,2.5638,5.9851,3.4213,-0.18369999999999997,3.2287000000000003,-4.3051,-0.0019967391304347797,12.162499999999989,-11.34583333333332,2,1,15.96846021505376,8.079533557917106,0.35,24.9025,24.5525,24.9025,-0.49,1.4000999999999992,-1.5751,-0.005326086956521743,16.464499999999994,-21.04366666666664,1,0
79,clean/left_turn.csv,12,left_turn,7.62,128,1.0118628252919928,1.1519135080378216,0.8018105574261293,0.3501029506116923,11.106646406885783,23.16345929216964,1.1165732756966735,22.046886016472968,0.027548437500000002,0.04146657506875955,-0.0581,0.1254,0.1835,0.1254,-0.085,0.10110000000000001,-0.12229999999999999,-0.0006692913385826772,0.24550000000000072,-0.3309999999999997,2,2,-0.07625703125,0.09061472710917295,-0.2477,0.141,0.3887,0.2477,0.034600000000000006,0.1881,-0.1911,0.0002724409448818887,0.4086666666666674,-0.6149999999999998,0,9,1.00369921875,0.06626905489879963,0.8012,1.1402,0.3390000000000001,1.1402,-0.024800000000000044,0.19879999999999998,-0.21710000000000007,-0.00019527559055118146,0.6101666666666645,-0.5116666666666712,1,0,0.86720703125,1.4582909279633105,-2.275,4.2962,6.571199999999999,4.2962,-0.01760000000000006,4.908799999999999,-3.6311999999999998,-0.00013858267716538802,14.131166666666653,-13.591500000000018,2,4,0.0950890625,1.5548365475141521,-3.5875,4.8387,8.4262,4.8387,0.6825,5.0312,-6.6324000000000005,0.005374015748031532,17.718666666666735,-18.054,2,9,10.6778734375,7.536767718404133,0.8138,22.8638,22.05,22.8638,-0.18370000000000009,1.4699,-1.2599999999999998,-0.0014464566929133856,15.487333333333318,-10.90833333333336,1,0
80,clean/left_turn.csv,13,left_turn,5.22,88,1.0037946625626126,1.1140899425091315,0.9106378863192548,0.20345205618987672,18.047494682680057,30.60406949051057,1.6299171574040199,28.974152333106552,0.019254545454545455,0.06207835780557497,-0.0689,0.1279,0.19680000000000003,0.1279,-0.09540000000000001,0.051,-0.06150000000000001,-0.0010965517241379311,0.1615000000000001,-0.20900000000000066,1,1,-0.12671477272727272,0.08213452175739241,-0.2526,0.1124,0.365,0.2526,0.0685,0.10389999999999999,-0.0862,0.0007873563218390799,0.32766666666666744,-0.35399999999999987,0,1,0.9902806818181819,0.046018896313586063,0.8938,1.107,0.21319999999999995,1.107,0.10709999999999997,0.13859999999999995,-0.16600000000000004,0.0012310344827586204,0.38111111111111234,-0.35816666666666563,2,0,0.4237738636363636,0.9446160447862716,-1.4875,2.6163,4.1038,2.6163,0.4726,2.2138,-2.3712,0.005432183908045984,7.948000000000053,-8.677166666666658,1,0,0.07567045454545455,0.9169950416841708,-2.03,2.5463,4.5763,2.5463,-0.8225,3.4388,-2.1788,-0.009454022988505754,6.678999999999994,-9.40616666666666,1,1,17.915920454545457,9.882609955878891,0.7875,30.5987,29.8112,30.5987,-0.20120000000000005,2.1437,-1.9775,-0.0023126436781609177,19.36666666666666,-17.63133333333331,1,0
81,clean/left_turn.csv,14,left_turn,6.36,107,1.0061485484923294,1.109858950497765,0.8928026489656042,0.2170563015321607,14.162427843130686,25.967523466822936,0.5366629575441182,25.43086050927882,0.027150467289719628,0.04448046926467834,-0.072,0.1208,0.1928,0.1208,-0.0942,0.06470000000000001,-0.0684,-0.0008886792452830183,0.17333333333333323,-0.18916666666666682,0,1,-0.10835887850467288,0.08664334175473899,-0.2582,0.0717,0.32989999999999997,0.2582,-0.031,0.15189999999999998,-0.1106,-0.00029245283018867975,0.38983333333333303,-0.34150000000000125,0,2,0.9952448598130841,0.04557989716109516,0.8896,1.0882,0.1986000000000001,1.0882,0.011700000000000044,0.1664,-0.17300000000000004,0.00011037735849056645,0.432333333333335,-0.35799999999999876,2,0,0.5809317757009347,1.2986351547710366,-2.17,4.2962,6.4662,4.2962,0.2188,3.7712,-3.6925000000000003,0.002064150943396232,18.171000000000046,-13.445833333333319,1,2,-0.04121495327102805,0.8848366371773217,-2.0038,2.1875,4.1913,2.1875,-0.1663,2.4237,-3.5262000000000002,-0.0015688679245282936,7.43733333333338,-6.635333333333326,1,1,14.008177570093455,8.937117098078954,0.2013,25.935,25.7337,25.935,0.5687,1.2511999999999999,-1.2337000000000007,0.005365094339622643,15.166833333333315,-16.202000000000012,1,0
82,clean/left_turn.csv,15,left_turn,5.52,93,1.0061060186289794,1.1891393946884443,0.818303592806484,0.3708358018819603,16.239485982793052,26.410468686678016,1.589922777998982,24.820545908679033,0.011177419354838706,0.046843251866643454,-0.0851,0.1225,0.2076,0.1225,0.023100000000000002,0.1177,-0.11460000000000001,0.00025108695652173956,0.2868333333333331,-0.2245000000000006,0,1,-0.12341720430107524,0.09519832002497404,-0.3645,0.0969,0.4614,0.3645,0.0742,0.1636,-0.19590000000000002,0.0008065217391304357,0.4423333333333326,-0.5879999999999994,0,3,0.9928924731182797,0.06610310167780252,0.7506,1.1439,0.39329999999999987,1.1439,-0.025700000000000056,0.37859999999999994,-0.22929999999999995,-0.00027934782608695713,0.4599999999999991,-0.8081666666666658,1,0,0.9337096774193547,1.4083273662216493,-3.0975,4.445,7.5425,4.445,-3.5087,4.7687,-4.375,-0.03813804347826087,19.74583333333339,-14.46666666666665,1,3,0.03499892473118279,1.1783074386127483,-2.9838,3.8063,6.7901,3.8063,-0.42000000000000004,3.605,-5.0838,-0.004565217391304357,11.418833333333371,-11.78349999999999,1,5,16.029249462365595,8.706083267608166,0.98,26.39,25.41,26.39,0.008700000000000041,1.4087999999999994,-1.6538000000000004,9.456521739129514e-05,18.5208333333333,-20.183333333333323,1,0
83,clean/left_turn.csv,16,left_turn,5.7,96,1.0205664578491165,1.2446447726158656,0.8336859540618398,0.41095881855402583,14.070891967990667,27.445039468727316,1.1436091727509008,26.301430295976417,0.028698958333333333,0.03886418590774712,-0.0508,0.1398,0.1906,0.1398,-0.048799999999999996,0.09029999999999999,-0.12240000000000001,-0.0005136842105263156,0.2831666666666675,-0.49449999999999966,1,2,-0.115803125,0.106766341486173,-0.3243,0.1027,0.427,0.3243,0.08310000000000001,0.17350000000000002,-0.1633,0.0008747368421052632,0.5106666666666703,-0.5621666666666674,0,5,1.0073614583333335,0.06999135490945581,0.8267,1.2044,0.3776999999999999,1.2044,-0.06010000000000015,0.30159999999999987,-0.26980000000000004,-0.00063263157894737,0.5010000000000012,-0.6338333333333335,1,0,0.8152052083333333,1.2785195852086355,-1.5575,4.1475,5.705,4.1475,1.2249999999999999,4.0513,-3.1937999999999995,0.01289473684210527,10.412500000000032,-15.502166666666643,1,0,-0.22221979166666664,1.3407464190257912,-3.08,4.2962,7.3762,4.2962,1.9163000000000001,5.0312,-3.8325,0.020171578947368398,14.772833333333336,-13.474833333333306,2,5,13.79856875,8.831826358827875,0.3675,27.2738,26.9063,27.2738,0.5249999999999999,1.7325,-1.7325000000000017,0.005526315789473678,16.041666666666714,-17.325000000000003,1,0
84,clean/left_turn.csv,17,left_turn,8.4,141,1.0032917209495618,1.1375247206105017,0.8546255612840047,0.282899159326497,11.527180789003669,20.926961098544623,1.2738923384650682,19.653068760079556,0.015066666666666664,0.03557147666854656,-0.0669,0.0953,0.1622,0.0953,-0.062,0.093,-0.0905,-0.00044285714285714295,0.2611666666666684,-0.3186111111111111,2,3,-0.0961255319148936,0.07592992107788349,-0.2702,0.1086,0.3788,0.2702,0.08710000000000001,0.1797,-0.1284,0.0006221428571428575,0.31222222222221957,-0.35466666666666674,0,4,0.9951255319148936,0.047922882104265506,0.8545,1.1326,0.2781,1.1326,-0.014499999999999957,0.2078000000000001,-0.1664,-0.00010357142857142827,0.32683333333332953,-0.40583333333333305,2,0,0.38773829787234043,0.9193521288431928,-2.0563,2.8175,4.873799999999999,2.8175,1.0325,3.3512,-2.9225,0.007374999999999992,10.806333333333338,-8.61866666666668,2,2,0.1488744680851064,1.1974712384499653,-2.9488,3.8937,6.842499999999999,3.8937,-0.9013,3.0362999999999998,-3.2024999999999997,-0.00643785714285712,15.0500000000001,-12.016833333333352,1,3,11.362714893617023,6.556204260044027,0.9362,20.8687,19.9325,20.8687,-0.06130000000000002,1.1112000000000002,-0.8663000000000007,-0.0004378571428571121,11.754166666666663,-11.331166666666675,1,0
85,clean/left_turn.csv,18,left_turn,4.92,83,1.0142399430767317,1.183969159226709,0.881863538196245,0.302105621030464,18.496312752449747,28.850417156949394,1.0919731590107882,27.758443997938606,0.041944578313253024,0.05897982758291393,-0.0839,0.1357,0.2196,0.1357,-0.139,0.0935,-0.07440000000000001,-0.0016951219512195124,0.18333333333333413,-0.276333333333333,0,1,-0.15140722891566263,0.08510542498419028,-0.2928,0.0969,0.3897,0.2928,0.1154,0.1348,-0.11349999999999999,0.0014073170731707316,0.5853333333333329,-0.3343333333333335,0,3,0.9965963855421687,0.05544246511471047,0.8667,1.1624,0.2957000000000001,1.1624,0.011600000000000055,0.1471999999999999,-0.2621000000000001,0.00014146341463414701,0.40133333333333354,-0.6524999999999999,2,0,0.5804493975903614,1.4021378569339014,-2.2838,3.955,6.2387999999999995,3.955,1.9075,2.17,-4.0512999999999995,0.0232621951219512,9.683500000000018,-10.879333333333324,1,1,-0.04490843373493975,0.9673618192373774,-2.5638,2.5725,5.1363,2.5725,2.8611999999999997,2.9312,-2.8,0.034892682926829274,13.358500000000046,-11.30200000000007,1,1,18.311119277108432,8.667670673570697,0.4988,28.84,28.3412,28.84,0.3325,1.6188000000000002,-2.2574000000000005,0.0040548780487804975,21.379166666666677,-28.991499999999974,1,0
86,clean/left_turn.csv,19,left_turn,6.18,104,1.0114412610235368,1.1439126977177934,0.8181099864932587,0.32580271122453464,14.627758746178642,29.232088578991412,1.2710036900025115,27.9610848889889,0.022182692307692303,0.04787706231165115,-0.0896,0.1183,0.2079,0.1183,-0.1207,0.1068,-0.1125,-0.0011718446601941747,0.33483333333333226,-0.36027777777778014,0,2,-0.10292788461538462,0.11380074859133274,-0.4152,0.1484,0.5636,0.4152,-0.0009000000000000015,0.2169,-0.2776,-8.737864077668132e-06,0.4834999999999994,-0.3824999999999994,0,3,0.9984057692307693,0.06089804758284569,0.7835,1.1277,0.34419999999999995,1.1277,-0.07229999999999992,0.2106999999999999,-0.2600999999999999,-0.0007019417475728147,0.39649999999999963,-0.3714999999999993,2,0,1.0581576923076925,1.4180256186281985,-2.73,4.4012,7.1312,4.4012,-0.8399000000000001,4.0601,-3.675,-0.008154368932038835,16.333500000000036,-14.685333333333347,1,4,-0.01733461538461539,1.119118656937103,-3.8588,2.5025,6.3613,3.8588,-1.0063,3.8151,-4.1388,-0.009769902912621371,11.170833333333322,-8.44625000000005,2,1,14.359000961538461,10.392155311864878,0.7262,29.225,28.498800000000003,29.225,0.15760000000000007,1.7149999999999999,-1.8986999999999998,0.0015300970873786469,16.24583333333331,-23.799999999999983,1,0
87,clean/left_turn.csv,20,left_turn,6.9,116,1.009390155008871,1.2051099244467287,0.7521751790640263,0.4529347453827024,11.732344547109186,26.076623431149976,1.2928698697084715,24.783753561441504,0.02691896551724138,0.04595893992381178,-0.0594,0.1723,0.23170000000000002,0.1723,-0.019199999999999995,0.1145,-0.11320000000000001,-0.00016695652173913245,0.33033333333333065,-0.320833333333333,1,6,-0.07267586206896552,0.09647398353572002,-0.2768,0.1057,0.3825,0.2768,0.0732,0.2094,-0.197,0.0006365217391304355,0.40683333333333294,-0.36716666666666314,0,9,1.0008370689655173,0.06601392149641115,0.7505,1.191,0.4405000000000001,1.191,0.0037000000000000366,0.22560000000000002,-0.23120000000000007,3.2173913043478577e-05,0.6998333333333324,-0.5438333333333301,2,0,0.773619827586207,1.2047507834814222,-1.7413,5.18,6.9213,5.18,0.35,2.9838,-2.9487,0.003043478260869566,14.758333333333372,-17.937333333333314,1,0,-0.03469655172413793,1.4206015370062528,-4.5763,2.8175,7.3938,4.5763,-0.5075000000000001,3.325,-3.7012,-0.004413043478260907,9.858666666666656,-19.2501666666667,2,8,11.402839655172416,8.781279363538138,0.5775,26.0312,25.453699999999998,26.0312,0.09619999999999995,1.7675,-1.3561999999999976,0.0008365217391304334,19.57083333333334,-14.495833333333323,1,0
88,clean/left_turn.csv,21,left_turn,10.38,174,1.0025691081243766,1.121942217763464,0.8066413205384411,0.31530089722502286,9.460661967486736,18.839022861602988,1.1251213001272353,17.71390156147575,0.014636781609195404,0.026201897804197793,-0.1083,0.1091,0.21739999999999998,0.1091,-0.016800000000000002,0.1298,-0.108,-9.710982658959555e-05,0.28166666666667434,-0.25700000000000006,3,1,-0.07467471264367817,0.07209065779050983,-0.2376,0.0576,0.2952,0.2376,0.0154,0.1395,-0.121,8.901734104046161e-05,0.3669999999999992,-0.3644999999999994,0,4,0.9967333333333334,0.04732457394051479,0.7993,1.1209,0.3216,1.1209,-0.0696000000000001,0.21379999999999988,-0.24969999999999992,-0.00040231213872832434,0.4386666666666805,-0.470999999999993,3,0,0.31303505747126437,0.8372266144290793,-2.4588,2.45,4.9088,2.4588,-0.5774999999999999,4.4887999999999995,-3.4825,-0.0033381502890173533,7.700166666666715,-7.670999999999989,3,2,0.06205574712643679,1.1383973075181035,-3.6575,3.5525,7.210000000000001,3.6575,-1.1375000000000002,3.6837999999999997,-4.278700000000001,-0.006575144508670529,14.26250000000002,-13.839500000000017,2,4,9.232056896551724,6.231972821127822,0.8313,18.7862,17.954900000000002,18.7862,0.06999999999999995,1.1900000000000004,-0.8662999999999998,0.00040462427745664904,11.535499999999992,-10.325000000000045,1,0
89,clean/left_turn.csv,22,left_turn,7.02,118,1.0057543585964301,1.1274568772241358,0.913026538497102,0.21443033872703376,12.79412595860178,23.31493997032804,1.3652720900977944,21.949667880230248,0.016496610169491523,0.04336457834543653,-0.0888,0.1145,0.2033,0.1145,-0.013700000000000004,0.0787,-0.0646,-0.00011709401709401719,0.26150000000000007,-0.22066666666666648,0,2,-0.08888559322033898,0.06824398696209572,-0.227,0.0678,0.2948,0.227,0.0006000000000000001,0.13340000000000002,-0.09910000000000002,5.128205128205394e-06,0.5078333333333328,-0.3781666666666681,0,1,0.9984279661016952,0.04345939235495694,0.9069,1.1266,0.2197,1.1266,-0.04070000000000007,0.17349999999999988,-0.17280000000000006,-0.00034786324786324844,0.43900000000000183,-0.26283333333333303,2,0,0.399535593220339,1.078681939174742,-2.5375,4.5237,7.0611999999999995,4.5237,1.435,2.7474999999999996,-2.0300000000000002,0.012264957264957261,16.391666666666687,-21.62699999999995,2,1,-0.07111101694915255,0.8240609130028727,-2.3363,2.205,4.5413,2.3363,-1.4701,2.5813,-2.5812,-0.01256495726495726,7.378999999999978,-7.729166666666649,2,1,12.655097457627122,7.620812394974384,0.5863,23.3013,22.715,23.3013,-0.2536999999999999,1.373800000000001,-1.1988000000000003,-0.0021683760683760666,16.406333333333365,-10.864666666666679,1,0
90,clean/left_turn.csv,23,left_turn,5.76,97,1.0103389581782913,1.1269160660847817,0.908577294455458,0.2183387716293237,15.565708390465312,23.03885772862882,1.0803114458340244,21.958546282794796,-0.0072649484536082476,0.03050521144423903,-0.058,0.093,0.151,0.093,-0.012000000000000004,0.1333,-0.12259999999999999,-0.00012499999999999932,0.30149999999999966,-0.23233333333333483,1,3,-0.10000309278350514,0.0784721333946116,-0.2668,0.1054,0.3722,0.2668,-0.0735,0.1406,-0.19820000000000002,-0.0007656249999999997,0.4413333333333316,-0.46541666666666975,0,2,1.001898969072165,0.04670077732857112,0.8979,1.1014,0.2034999999999999,1.1014,-0.1391,0.1654,-0.17830000000000001,-0.0014489583333333333,0.3353333333333346,-0.3568333333333342,1,0,0.9276804123711342,1.2100070460916725,-2.1788,4.48,6.6588,4.48,-1.3126,3.3425,-3.9200000000000004,-0.013672916666666694,17.310500000000065,-13.795833333333324,2,2,0.04202886597938145,1.1153139731669324,-2.5988,2.5638,5.1626,2.5988,2.1962,2.94,-3.4825,0.022877083333333353,9.94599999999999,-7.56883333333335,1,5,15.395940206185568,7.660504112486927,0.8313,23.03,22.198700000000002,23.03,-0.03489999999999993,1.4525000000000006,-1.469899999999999,-0.0003635416666666602,18.724833333333336,-17.64583333333333,1,0
91,clean/left_turn.csv,24,left_turn,6.6,111,1.0132487222149793,1.1765686507807354,0.8293461400404538,0.34722251074028154,12.704299854524471,24.30989369063551,1.0568406360468923,23.253053054588616,0.024433333333333324,0.04416020078456769,-0.0651,0.1408,0.20590000000000003,0.1408,-0.10389999999999999,0.11249999999999999,-0.11100000000000002,-0.0009445454545454547,0.3705000000000023,-0.26066666666666677,1,2,-0.09345045045045043,0.0856195547692591,-0.2593,0.083,0.3423,0.2593,-0.023100000000000002,0.159,-0.2072,-0.000209999999999998,0.44366666666666954,-0.364000000000001,0,8,1.0040360360360363,0.06200452445777691,0.8281,1.1683,0.34019999999999995,1.1683,-0.07439999999999991,0.22399999999999987,-0.22859999999999991,-0.0006763636363636355,0.789333333333329,-0.6506666666666678,3,0,0.6171495495495494,1.234926132636271,-2.24,4.2175,6.4575000000000005,4.2175,-0.18380000000000002,3.3337,-2.9400000000000004,-0.0016709090909091037,12.191666666666606,-12.862500000000052,2,2,-0.08766486486486484,1.310931768257611,-5.04,3.01,8.05,5.04,1.6099999999999999,4.34,-4.9262,0.014636363636363649,12.43949999999998,-16.508333333333375,1,5,12.442026126126125,8.027823900701538,0.3675,24.255,23.8875,24.255,0.16619999999999996,1.4350000000000005,-1.4788000000000006,0.001510909090909089,14.160499999999985,-14.685666666666634,1,0
92,clean/left_turn.csv,25,left_turn,5.58,94,1.0088609082254207,1.1768048011458825,0.894424876666565,0.2823799244793175,17.002206567560112,30.320825874141356,1.2072907437730152,29.11353513036834,0.025069148936170207,0.056764938873299316,-0.0697,0.1402,0.20989999999999998,0.1402,-0.0662,0.063,-0.0805,-0.0007118279569892474,0.20516666666666672,-0.33066666666666633,1,1,-0.12369255319148939,0.09165733079265824,-0.2735,0.0598,0.33330000000000004,0.2735,0.0911,0.1081,-0.1567,0.0009795698924731182,0.3718333333333331,-0.4941666666666664,0,3,0.9951648936170212,0.05413272162000135,0.874,1.1635,0.2895,1.1635,0.01670000000000016,0.23060000000000014,-0.2895,0.00017956989247311998,0.383888888888886,-0.4943333333333335,2,0,0.43983085106382974,0.99412128692831,-2.3012,3.3688,5.67,3.3688,2.5987999999999998,4.033799999999999,-2.5288,0.027944086021505356,8.72083333333333,-8.181166666666659,1,1,-0.054275531914893614,1.0929022024035504,-2.625,2.7387,5.3637,2.7387,-0.595,2.9837,-2.8438,-0.006397849462365589,10.06249999999999,-9.683500000000002,1,3,16.839002127659576,10.269902924502505,0.8838,30.275,29.391199999999998,30.275,0.03489999999999993,1.6799999999999997,-1.303700000000001,0.000375268817204292,25.010333333333335,-15.92500000000004,1,0
93,clean/left_turn.csv,26,left_turn,6.3,106,1.001734083375604,1.1937694291612597,0.85798247651103,0.33578695265022973,13.231046590883114,21.90477116132465,1.1811162897869116,20.72365487153774,-0.01200566037735849,0.05669220628419106,-0.1435,0.1286,0.2721,0.1435,0.1815,0.1174,-0.10250000000000001,0.0017285714285714287,0.3024999999999987,-0.38366666666666616,1,1,-0.053528301886792445,0.07080777164060452,-0.1837,0.1806,0.3643,0.1837,0.0345,0.1801,-0.1406,0.0003285714285714299,0.6041666666666701,-0.3936666666666694,0,1,0.9961066037735848,0.047517131284397336,0.8566,1.1778,0.32119999999999993,1.1778,0.032400000000000095,0.24329999999999996,-0.16059999999999997,0.0003085714285714295,0.334500000000002,-0.5649999999999986,2,0,0.21669528301886795,0.9376649907775799,-1.9162,2.485,4.401199999999999,2.485,-0.36750000000000005,3.8587,-2.9924,-0.003499999999999993,9.49366666666668,-10.00416666666673,2,0,0.1036801886792453,1.103920238442012,-3.2987,3.4125,6.7112,3.4125,-1.9950999999999999,3.1675,-4.0075,-0.01900095238095238,12.395833333333403,-14.522638888888986,2,2,13.063166981132074,7.5727378858227725,0.3237,21.8487,21.525000000000002,21.8487,0.6738000000000001,1.3474999999999984,-1.5925000000000002,0.0064171428571428565,13.037499999999994,-15.735166666666636,1,0
94,clean/left_turn.csv,27,left_turn,6.0,101,1.0010260651095686,1.1874584834847912,0.8473738903223299,0.3400845931624613,16.649603535105793,34.08954248930308,1.0687316688486403,33.020810820454436,0.00025445544554455416,0.0508206011864332,-0.1208,0.1393,0.2601,0.1393,-0.0891,0.1427,-0.123,-0.0008910000000000004,0.31983333333333297,-0.3138333333333331,1,1,-0.10067227722772276,0.08522366351995422,-0.2889,0.0626,0.3515,0.2889,-0.0658,0.1273,-0.1439,-0.000658000000000001,0.4256666666666674,-0.48166666666666624,0,2,0.9909306930693069,0.0561430133544224,0.8325,1.1871,0.3546,1.1871,0.1925,0.22909999999999997,-0.2038000000000001,0.001925,0.46250000000000574,-0.4938333333333329,1,0,0.05674257425742575,1.0514238387393102,-2.3537,2.8788,5.2325,2.8788,0.30629999999999996,3.6136999999999997,-3.4912,0.003062999999999989,10.20816666666668,-11.24152777777785,2,1,0.27566534653465347,1.1003879306349778,-4.1825,3.0275,7.21,4.1825,2.1262,2.7038,-2.87,0.021261999999999986,11.710333333333338,-14.991666666666665,1,1,16.486646534653463,11.323430765334015,0.6388,34.0462,33.407399999999996,34.0462,-0.2187,1.7586999999999975,-1.6012000000000022,-0.002187000000000003,18.506333333333323,-19.979166666666686,1,0
95,clean/left_turn.csv,28,left_turn,5.04,85,1.003626360850387,1.1371867788538523,0.8937446783058347,0.24344210054801763,16.6267647176479,26.223935393071727,0.7105649653620703,25.513370427709656,0.03331176470588235,0.037694569558885956,-0.0834,0.1222,0.2056,0.1222,-0.1124,0.08199999999999999,-0.1144,-0.0013380952380952372,0.27616666666666717,-0.23783333333333315,1,1,-0.11507529411764708,0.0807311557046012,-0.2792,0.0618,0.341,0.2792,0.06709999999999999,0.1592,-0.14809999999999998,0.000798809523809524,0.3396666666666663,-0.288166666666666,0,1,0.9925058823529411,0.05141543763200656,0.8669,1.1195,0.25259999999999994,1.1195,-0.011199999999999988,0.18579999999999997,-0.1896,-0.00013333333333333318,0.39083333333333137,-0.4491666666666667,1,0,0.2492188235294118,1.1473758357447574,-2.87,4.1388,7.0088,4.1388,0.7701,5.949999999999999,-2.9749999999999996,0.00916785714285714,12.862499999999988,-10.047666666666656,1,1,0.11560235294117648,1.033625984094052,-2.73,3.0975,5.827500000000001,3.0975,1.0238,3.3163,-4.2438,0.012188095238095244,10.293333333333333,-9.202166666666656,1,2,16.522157647058823,8.623589267697458,0.5863,26.145,25.558699999999998,26.145,0.06989999999999996,1.3736999999999995,-1.959900000000001,0.0008321428571428514,17.07716666666667,-28.904166666666598,1,0
96,clean/left_turn.csv,29,left_turn,7.2,121,1.0157342224888846,1.1674847322342163,0.8740527100810339,0.2934320221531824,13.659679824549425,31.058045948352902,1.20598945683617,29.85205649151673,0.0017595041322314047,0.05136969693394541,-0.1595,0.0942,0.25370000000000004,0.1595,-0.0523,0.151,-0.1317,-0.00043583333333333413,0.3798333333333358,-0.3121666666666665,1,1,-0.0694404958677686,0.09172196626991122,-0.2633,0.088,0.35129999999999995,0.2633,-0.05940000000000001,0.1357,-0.1523,-0.0004950000000000004,0.31783333333333136,-0.2619999999999998,0,2,1.0078239669421487,0.06019971072022604,0.8331,1.163,0.3299000000000001,1.163,0.014100000000000001,0.23309999999999986,-0.20710000000000006,0.00011750000000000001,0.5031666666666688,-0.4223333333333308,2,0,0.3501421487603306,1.1323970711689477,-3.01,2.6425,5.6525,3.01,1.7588,2.8261999999999996,-3.6662,0.014656666666666651,10.981333333333351,-8.93949999999999,2,1,0.33987603305785125,1.2439906217508763,-2.7037,5.0925,7.796200000000001,5.0925,4.0688,4.996300000000001,-4.585,0.03390666666666671,8.750166666666672,-10.67499999999999,3,4,13.35785123966942,11.306887992267631,0.875,30.8525,29.9775,30.8525,-0.04369999999999996,1.522499999999999,-1.4787,-0.0003641666666666654,17.66033333333334,-18.929166666666674,1,0
97,clean/left_turn.csv,30,left_turn,6.0,101,1.0041837307269355,1.2066386120127268,0.8548718851383522,0.3517667268743746,13.85464493689973,28.692493179924256,1.2081349800415515,27.484358199882703,0.024493069306930692,0.04486365178499348,-0.1454,0.1485,0.2939,0.1485,0.002700000000000001,0.1377,-0.1786,2.6999999999999437e-05,0.41416666666666635,-0.3793333333333329,2,2,-0.08763663366336633,0.08935263143609401,-0.2854,0.1256,0.411,0.2854,0.11689999999999999,0.1652,-0.20129999999999998,0.0011690000000000001,0.4118333333333329,-0.3840000000000007,0,1,0.9950227722772277,0.06056749108422458,0.8547,1.1993,0.3446,1.1993,0.0351999999999999,0.24060000000000004,-0.28100000000000014,0.00035199999999999896,0.4573333333333345,-0.4793333333333347,2,0,0.27558316831683166,1.1698858202465152,-2.695,3.4388,6.1338,3.4388,1.0325,3.2024999999999997,-3.1325,0.010324999999999983,10.04799999999999,-14.962499999999984,1,3,0.15854257425742568,1.3759420685004538,-3.815,3.3338,7.1488,3.815,1.5050000000000003,4.3137,-3.8763,0.015050000000000013,18.199999999999967,-11.914500000000004,0,6,13.573679207920796,9.00310742166633,0.98,28.6562,27.676199999999998,28.6562,-0.01750000000000007,1.5838,-1.4175000000000004,-0.0001750000000000007,15.779166666666725,-15.691666666666663,1,0
98,clean/left_turn.csv,31,left_turn,6.0,101,1.000820726046531,1.1826418604125257,0.8412440846745967,0.34139777573792907,16.97052666805731,29.545272063732973,0.9307824020682816,28.61448966166469,0.007361386138613863,0.05475762041998727,-0.1149,0.1191,0.23399999999999999,0.1191,-0.1298,0.1303,-0.1263,-0.0012979999999999992,0.2636666666666674,-0.29466666666666635,1,1,-0.1013069306930693,0.07752651321635165,-0.2462,0.0815,0.3277,0.2462,-0.018,0.155,-0.15860000000000002,-0.00017999999999999906,0.2819999999999996,-0.34733333333333316,0,7,0.9909653465346534,0.06292122127810865,0.8223,1.1712,0.3489,1.1712,-0.021299999999999986,0.28379999999999994,-0.29710000000000003,-0.00021299999999999986,0.652166666666667,-0.6308333333333334,2,0,0.13531980198019802,0.9560320944424201,-3.0975,2.1437,5.2412,3.0975,0.49000000000000005,2.9050000000000002,-2.8087,0.004899999999999998,11.068833333333323,-8.837333333333323,1,1,0.2628445544554455,1.1924310477738533,-2.9575,2.94,5.8975,2.9575,0.40249999999999997,3.0888,-4.27,0.0040250000000000095,8.735499999999993,-12.891666666666653,1,4,16.840804950495052,9.585924501260964,0.7788,29.4788,28.7,29.4788,-0.15739999999999998,1.8111999999999995,-1.2774999999999999,-0.001574000000000002,17.164500000000032,-16.304166666666674,1,0
99,clean/left_turn.csv,32,left_turn,5.34,90,1.0063720947796302,1.1729403863794614,0.8874462744301764,0.285494111949285,16.464947080556588,28.610712482390227,1.0035967217961606,27.607115760594066,0.030858888888888894,0.053061664137103275,-0.0881,0.1725,0.2606,0.1725,-0.0273,0.0983,-0.10850000000000001,-0.000306741573033709,0.3371666666666666,-0.3839999999999995,1,1,-0.11297333333333336,0.07778234946078995,-0.2469,0.0465,0.2934,0.2469,0.0363,0.08930000000000002,-0.11280000000000001,0.0004078651685393254,0.30250000000000254,-0.23383333333333328,0,0,0.9951455555555556,0.05579767052668725,0.8538,1.1549,0.30110000000000003,1.1549,0.07100000000000006,0.2228,-0.2947000000000001,0.0007977528089887647,0.7503333333333346,-0.4830000000000023,1,0,0.32871,1.2266745944566526,-1.8987,5.1275,7.0262,5.1275,-0.14,4.2875,-3.0887000000000002,-0.0015730337078651662,19.293666666666645,-18.083166666666752,1,0,0.1447611111111111,1.0617036547422891,-2.625,4.5325,7.1575,4.5325,-0.3938,4.5325,-3.01,-0.0044247191011235875,11.50633333333332,-7.714833333333325,1,1,16.37776222222222,9.336583321279043,0.7613,28.2712,27.509900000000002,28.2712,-0.09620000000000006,1.443800000000003,-1.7412999999999998,-0.0010808988764044888,16.347833333333327,-18.71050000000001,1,0
100,clean/left_turn.csv,33,left_turn,5.04,85,1.0129262209887353,1.188308099778841,0.8723106327450102,0.3159974670338309,19.052567990031395,31.57549699244653,1.559855804233199,30.015641188213333,0.010156470588235296,0.05419171533735098,-0.1152,0.1204,0.23559999999999998,0.1204,-0.077,0.08099999999999999,-0.097,-0.0009166666666666665,0.1666666666666665,-0.24833333333333224,0,1,-0.11274823529411765,0.10573532951460937,-0.3092,0.1013,0.4105,0.3092,0.0758,0.17009999999999997,-0.1982,0.0009023809523809515,0.46766666666666873,-0.5869999999999991,0,1,0.9996047058823527,0.06611702630992433,0.8577,1.1815,0.3238,1.1815,-0.011099999999999888,0.23520000000000008,-0.22520000000000007,-0.0001321428571428558,0.5283333333333342,-0.7060000000000004,1,0,0.5588647058823529,1.2694662938102959,-1.8288,3.7188,5.5476,3.7188,1.0762,3.3775999999999997,-3.3425000000000002,0.012811904761904771,10.835500000000025,-14.072999999999988,1,0,0.3989035294117646,1.2499583623014787,-2.345,3.8325,6.1775,3.8325,-0.39380000000000004,5.18,-4.2787,-0.004688095238095252,10.150166666666655,-15.53116666666665,1,5,18.87549529411765,11.08484548254428,0.84,31.4562,30.6162,31.4562,0.09620000000000006,1.8200000000000003,-2.0037000000000003,0.0011452380952381026,20.343666666666664,-27.65000000000012,1,0
101,clean/left_turn.csv,34,left_turn,5.7,96,1.0083434336983228,1.16828702380879,0.8725421594398749,0.295744864368915,14.214717326587461,25.36948722028098,1.4733846476735124,23.896102572607468,0.03861354166666667,0.050246662355333385,-0.0773,0.1464,0.2237,0.1464,-0.006100000000000008,0.1006,-0.1176,-6.421052631578986e-05,0.33433333333333204,-0.32433333333333314,1,4,-0.08081666666666666,0.0777383935038627,-0.2442,0.092,0.3362,0.2442,-0.0926,0.1563,-0.133,-0.0009747368421052627,0.48666666666666814,-0.5854166666666666,0,4,1.000171875,0.06265730637972843,0.8614,1.1575,0.2960999999999999,1.1575,0.05590000000000006,0.20000000000000007,-0.21699999999999986,0.0005884210526315795,0.5669583333333321,-0.6184722222222216,2,0,0.2863770833333334,1.208664398022977,-2.695,3.3075,6.0024999999999995,3.3075,0.9974999999999999,3.325,-2.6599999999999997,0.010500000000000006,14.26233333333332,-13.299999999999986,1,3,-0.05678645833333334,1.3005855814427585,-3.4738,3.4475,6.9213000000000005,3.4738,3.0974999999999997,3.9638,-4.0163,0.03260526315789472,10.35416666666661,-15.09383333333332,2,2,13.982957291666667,8.044770811137862,0.4988,25.2787,24.7799,25.2787,0.40249999999999997,1.557500000000001,-1.163800000000002,0.004236842105263156,16.668666666666674,-13.329166666666652,1,0
102,clean/left_turn.csv,35,left_turn,5.7,96,1.011895427049993,1.1611766230853944,0.9076053217120313,0.25357130137336303,17.747484722566327,31.100121027738783,1.2671598675778837,29.8329611601609,0.017272916666666666,0.04386291678967834,-0.0706,0.1038,0.1744,0.1038,-0.0815,0.08149999999999999,-0.1061,-0.0008578947368421049,0.24033333333333332,-0.23902777777777784,1,1,-0.101425,0.09603972971750038,-0.3096,0.1482,0.4578,0.3096,-0.1397,0.2166,-0.20439999999999997,-0.0014705263157894736,0.38233333333333375,-0.6031666666666665,0,2,1.0010052083333334,0.05836250845911569,0.8621,1.1547,0.2926000000000001,1.1547,-0.05879999999999996,0.2701,-0.2926000000000001,-0.0006189473684210522,0.583833333333331,-0.5526666666666671,1,0,0.25328958333333335,1.217751223792547,-2.9488,2.975,5.9238,2.975,-0.2450000000000001,3.2201,-3.1676,-0.002578947368421096,15.035500000000006,-12.045999999999985,1,5,0.22987187500000003,1.2242288320410764,-3.4738,2.87,6.3438,3.4738,-0.6123999999999999,4.2613,-3.9899000000000004,-0.006446315789473694,15.779333333333357,-15.618833333333328,2,1,17.59551666666667,11.519554824290068,0.6825,31.0975,30.415,31.0975,-0.2713,2.0649999999999977,-2.2225,-0.002855789473684216,23.43516666666673,-30.02699999999996,1,0
103,clean/left_turn.csv,36,left_turn,5.58,94,1.0047177443766886,1.1478580443591446,0.887895145836489,0.25996289852265564,15.80638119685263,28.165479400855222,0.8856306735880369,27.279848727267186,0.04120106382978724,0.04937396139031409,-0.0571,0.1389,0.196,0.1389,-0.0493,0.0795,-0.0962,-0.0005301075268817204,0.2031666666666665,-0.31749999999999995,1,1,-0.11242978723404258,0.08954923176460904,-0.2772,0.1008,0.378,0.2772,0.0822,0.12890000000000001,-0.16699999999999998,0.0008838709677419367,0.33166666666666383,-0.3433333333333336,0,2,0.9924234042553192,0.0524607573263499,0.8727,1.1151,0.24239999999999995,1.1151,-0.004899999999999904,0.18789999999999996,-0.19419999999999993,-5.268817204300972e-05,0.45766666666666644,-0.4615277777777797,2,0,0.30773936170212773,1.2831096487828264,-2.5463,5.1013,7.647600000000001,5.1013,0.25370000000000004,5.7313,-7.35,0.0027279569892473218,16.90216666666665,-10.208333333333325,1,9,0.09727659574468087,0.9502482074649955,-2.6075,3.3338,5.9413,3.3338,0.40249999999999997,3.6138,-4.4625,0.0043279569892473255,8.555555555555486,-7.481166666666658,1,1,15.68892659574468,9.158498119247108,0.6125,27.8162,27.203699999999998,27.8162,0.2799999999999999,1.3038000000000007,-1.5312999999999999,0.0030107526881720395,16.376833333333337,-20.504166666666634,1,0
104,clean/left_turn.csv,37,left_turn,5.16,87,1.0086643727811835,1.1659647035824026,0.8639646173310571,0.30200008625134545,18.19827175266272,29.248827397521424,1.1000246042702864,28.14880279325114,0.006809195402298848,0.04272598096410536,-0.1137,0.1094,0.2231,0.1137,-0.017800000000000003,0.0833,-0.08729999999999999,-0.00020697674418604736,0.22611111111111115,-0.35733333333333206,1,1,-0.10396896551724141,0.09302242829122702,-0.2816,0.0917,0.3733,0.2816,0.1245,0.19030000000000002,-0.16399999999999998,0.0014476744186046524,0.49233333333333146,-0.3271666666666665,0,1,0.9980275862068965,0.055984419945767,0.8306,1.1312,0.3006,1.1312,0.14950000000000008,0.3006,-0.1705000000000001,0.0017383720930232568,0.5066666666666642,-0.5689999999999991,1,0,0.6006310344827588,1.227292238118775,-2.3537,4.2263,6.58,4.2263,0.9713,3.1501,-3.6925000000000003,0.011294186046511636,11.141666666666655,-12.614666666666654,1,1,0.2864402298850575,1.1498322249162094,-3.9375,4.1038,8.0413,4.1038,-0.7612,3.4387999999999996,-4.8388,-0.008851162790697675,12.264666666666654,-12.221000000000105,1,5,18.044213793103445,9.62744598021202,0.91,28.9975,28.0875,28.9975,0.0262,1.5399999999999991,-2.283800000000001,0.00030465116279070157,18.331333333333305,-22.560499999999976,1,0
105,clean/left_turn.csv,38,left_turn,5.58,94,1.003096142321232,1.1373128065752185,0.8532452754044407,0.28406753117077777,15.401570959233483,27.1702614153784,1.0743310150973022,26.095930400281095,0.03844893617021277,0.045715609307324864,-0.0561,0.1381,0.19419999999999998,0.1381,0.005499999999999998,0.1213,-0.1022,5.913978494623616e-05,0.3631250000000023,-0.24716666666666742,1,4,-0.09600851063829786,0.08090682768159858,-0.2603,0.06,0.3203,0.2603,0.0325,0.1584,-0.11540000000000002,0.0003494623655913988,0.40466666666666606,-0.4568333333333333,0,2,0.9934957446808509,0.062011195511732606,0.8521,1.1341,0.28200000000000014,1.1341,0.06459999999999999,0.16880000000000006,-0.2064999999999999,0.0006946236559139784,0.5566250000000039,-0.49233333333333373,1,0,0.26100425531914895,1.1834967891271064,-1.8463,3.2462,5.0925,3.2462,-0.017499999999999988,3.2637,-3.3775,-0.00018817204301071287,15.166500000000038,-13.985499999999966,2,0,-0.05734042553191489,1.239057088457078,-3.465,3.1675,6.6325,3.465,-0.31499999999999995,3.4825,-4.13,-0.0033870967741935635,10.747833333333308,-17.966666666666658,2,5,15.18226914893617,8.8443334291405,0.6388,27.1688,26.53,27.1688,-0.3323999999999999,1.706199999999999,-1.4962,-0.0035741935483870925,20.15399999999994,-17.529166666666626,1,0
106,clean/left_u_turn.csv,0,left_u_turn,9.84,165,1.012183381797957,1.177718922323998,0.8550609685864512,0.3226579537375469,18.912313020510716,36.929036799515906,0.36596166465901864,36.56307513485689,0.012795757575757575,0.052154660189220554,-0.1017,0.176,0.2777,0.176,-0.049800000000000004,0.13379999999999997,-0.1043,-0.0003036585365853662,0.4253333333333334,-0.3149999999999972,1,4,-0.09068787878787879,0.10948517762908833,-0.3321,0.1479,0.48,0.3321,-0.025900000000000003,0.1425,-0.1545,-0.00015792682926829324,0.45450000000000024,-0.42333333333333356,0,3,1.0007878787878788,0.0569636916750794,0.8337,1.1661,0.3323999999999999,1.1661,0.05470000000000008,0.20600000000000007,-0.1916,0.00033353658536585415,0.5728333333333353,-0.5856666666666612,3,0,0.29638606060606054,1.359790066647528,-3.9375,5.5738,9.5113,5.5738,-0.5599000000000001,3.8325,-4.5501000000000005,-0.003414024390243912,18.506333333333313,-22.268833333333404,2,5,0.2559824242424242,1.2448370357616467,-3.2462,4.2613,7.5075,4.2613,0.0,5.075,-5.3288,0.0,15.26899999999998,-9.77083333333327,2,6,18.625149696969697,13.971226559789022,-0.0875,36.6975,36.785,36.6975,0.05249999999999999,1.6538000000000022,-1.9601000000000006,0.00032012195121952435,15.998000000000019,-25.418666666666866,1,0
107,clean/left_u_turn.csv,1,left_u_turn,9.84,165,1.012183381797957,1.177718922323998,0.8550609685864512,0.3226579537375469,18.912313020510716,36.929036799515906,0.36596166465901864,36.56307513485689,0.012795757575757575,0.052154660189220554,-0.1017,0.176,0.2777,0.176,-0.049800000000000004,0.13379999999999997,-0.1043,-0.0003036585365853662,0.4253333333333334,-0.3149999999999972,1,4,-0.09068787878787879,0.10948517762908833,-0.3321,0.1479,0.48,0.3321,-0.025900000000000003,0.1425,-0.1545,-0.00015792682926829324,0.45450000000000024,-0.42333333333333356,0,3,1.0007878787878788,0.0569636916750794,0.8337,1.1661,0.3323999999999999,1.1661,0.05470000000000008,0.20600000000000007,-0.1916,0.00033353658536585415,0.5728333333333353,-0.5856666666666612,3,0,0.29638606060606054,1.359790066647528,-3.9375,5.5738,9.5113,5.5738,-0.5599000000000001,3.8325,-4.5501000000000005,-0.003414024390243912,18.506333333333313,-22.268833333333404,2,5,0.2559824242424242,1.2448370357616467,-3.2462,4.2613,7.5075,4.2613,0.0,5.075,-5.3288,0.0,15.26899999999998,-9.77083333333327,2,6,18.625149696969697,13.971226559789022,-0.0875,36.6975,36.785,36.6975,0.05249999999999999,1.6538000000000022,-1.9601000000000006,0.00032012195121952435,15.998000000000019,-25.418666666666866,1,0
108,clean/left_u_turn.csv,2,left_u_turn,8.94,150,1.0081188062864548,1.2014291822658547,0.8728214135778293,0.32860776868802544,20.48859583708463,33.7552637219738,0.5195235220853817,33.23574019988842,0.025786666666666666,0.052161932513849776,-0.0942,0.133,0.2272,0.133,-0.0319,0.1056,-0.1147,-0.00021409395973154296,0.37516666666666815,-0.26466666666666455,1,3,-0.11930200000000002,0.08604639880698672,-0.2921,0.0808,0.3729,0.2921,0.0996,0.1449,-0.1159,0.0006684563758389257,0.4153333333333342,-0.408166666666667,0,5,0.9955606666666665,0.06502132938290602,0.8433,1.1768,0.3335,1.1768,0.0826,0.2765000000000001,-0.29679999999999984,0.0005543624161073826,0.4746666666666659,-0.580000000000001,2,0,0.24750933333333336,1.0442269602966066,-2.6075,2.8263,5.4338,2.8263,0.22749999999999998,3.7888,-3.2201,0.0015268456375838772,8.648000000000007,-9.770833333333332,2,1,0.13188799999999998,1.135013490143643,-2.6862,2.66,5.3462,2.6862,1.1987,3.9375,-3.2112,0.008044966442953008,8.458500000000033,-9.829333333333363,3,3,20.292944,12.445559695819714,-0.2362,33.6613,33.897499999999994,33.6613,0.0174,1.3475000000000001,-1.6537000000000006,0.00011677852348999454,17.397833333333338,-19.541666666666714,1,0
109,clean/left_u_turn.csv,3,left_u_turn,11.52,193,1.0047613320340085,1.198816049275284,0.8612582249244416,0.33755782435084236,16.5631588264007,34.88738130227031,0.7591914712376582,34.12818983103266,0.02386632124352332,0.0546295560212946,-0.1273,0.1617,0.28900000000000003,0.1617,0.052000000000000005,0.12080000000000002,-0.1401,0.0002708333333333336,0.40287500000000004,-0.33416666666666683,2,3,-0.09010051813471502,0.11046820644487175,-0.3131,0.1498,0.4629,0.3131,-0.002999999999999999,0.3216,-0.24769999999999998,-1.562499999999799e-05,0.36233333333333706,-0.39283333333333287,0,12,0.9928979274611399,0.06288554911383758,0.8292,1.1846,0.35540000000000005,1.1846,0.03170000000000006,0.25659999999999994,-0.29789999999999994,0.000165104166666667,0.543000000000001,-0.548,3,0,0.18202849740932645,1.2838960170391855,-3.255,3.465,6.72,3.465,4.5938,3.8851,-4.2438,0.02392604166666665,14.787499999999998,-12.847833333333321,3,5,-0.06737150259067358,1.3623504155144586,-4.1825,3.6925,7.875,4.1825,1.3212000000000002,4.76,-4.856299999999999,0.006881250000000012,12.48333333333332,-16.872833333333332,3,13,16.22299896373057,13.689405120224324,-0.2275,34.79,35.0175,34.79,0.2275,1.723700000000001,-1.6449999999999996,0.0011848958333333288,16.187500000000057,-24.66033333333334,1,0
110,clean/left_u_turn.csv,4,left_u_turn,11.52,193,1.0047613320340085,1.198816049275284,0.8612582249244416,0.33755782435084236,16.5631588264007,34.88738130227031,0.7591914712376582,34.12818983103266,0.02386632124352332,0.0546295560212946,-0.1273,0.1617,0.28900000000000003,0.1617,0.052000000000000005,0.12080000000000002,-0.1401,0.0002708333333333336,0.40287500000000004,-0.33416666666666683,2,3,-0.09010051813471502,0.11046820644487175,-0.3131,0.1498,0.4629,0.3131,-0.002999999999999999,0.3216,-0.24769999999999998,-1.562499999999799e-05,0.36233333333333706,-0.39283333333333287,0,12,0.9928979274611399,0.06288554911383758,0.8292,1.1846,0.35540000000000005,1.1846,0.03170000000000006,0.25659999999999994,-0.29789999999999994,0.000165104166666667,0.543000000000001,-0.548,3,0,0.18202849740932645,1.2838960170391855,-3.255,3.465,6.72,3.465,4.5938,3.8851,-4.2438,0.02392604166666665,14.787499999999998,-12.847833333333321,3,5,-0.06737150259067358,1.3623504155144586,-4.1825,3.6925,7.875,4.1825,1.3212000000000002,4.76,-4.856299999999999,0.006881250000000012,12.48333333333332,-16.872833333333332,3,13,16.22299896373057,13.689405120224324,-0.2275,34.79,35.0175,34.79,0.2275,1.723700000000001,-1.6449999999999996,0.0011848958333333288,16.187500000000057,-24.66033333333334,1,0
111,clean/left_u_turn.csv,5,left_u_turn,12.0,201,1.008107732078762,1.1599649348148415,0.8801758290250875,0.279789105789754,15.668778957586564,36.10432150643466,0.6273147694738265,35.47700673696083,0.021126865671641796,0.05442238762335649,-0.1022,0.2042,0.3064,0.2042,-0.1666,0.1073,-0.11309999999999999,-0.000833000000000001,0.3771666666666657,-0.25849999999999884,1,3,-0.08587114427860697,0.09712816462377985,-0.2829,0.102,0.38489999999999996,0.2829,-0.0717,0.20840000000000003,-0.1416,-0.0003584999999999999,0.39916666666667033,-0.4163333333333381,1,12,0.9980308457711442,0.055716168602848976,0.8445,1.1461,0.30159999999999987,1.1461,-0.1269,0.2096,-0.22760000000000002,-0.0006345000000000001,0.44149999999999867,-0.46950000000000003,4,0,0.2554044776119403,1.0288694953830884,-2.5988,3.3512,5.95,3.3512,2.8874,3.2638,-4.34,0.014437,10.864833333333323,-11.60833333333332,2,3,0.0450542288557214,1.2299393269566299,-3.08,3.1762,6.2562,3.1762,2.1262999999999996,3.9637000000000002,-4.3663,0.010631500000000007,12.906333333333306,-8.983500000000012,3,8,15.269879104477612,14.237227470349037,-0.63,36.085,36.715,36.085,-0.5075000000000001,1.2337999999999996,-1.8287000000000013,-0.002537500000000037,17.208499999999972,-24.179166666666816,1,0
112,clean/left_u_turn.csv,6,left_u_turn,11.64,195,1.0032674943564577,1.1659118019816077,0.8180237038130375,0.34788809816857025,16.199861229646572,31.499388980264364,0.36853782709513005,31.130851153169232,0.009863076923076924,0.05359718575056577,-0.1729,0.1337,0.3066,0.1729,-0.0223,0.15639999999999998,-0.1256,-0.00011494845360824793,0.3768333333333335,-0.5569999999999954,2,4,-0.08193641025641027,0.10285291348226158,-0.2654,0.1627,0.42810000000000004,0.2654,-0.0017000000000000001,0.1789,-0.1554,-8.762886597938896e-06,0.47083333333333344,-0.591,1,9,0.9931435897435898,0.062961575562851,0.7991,1.1522,0.35309999999999986,1.1522,0.03979999999999995,0.25859999999999994,-0.275,0.00020515463917525746,0.4761666666666784,-0.539499999999995,3,0,0.23149230769230764,1.1298528032914164,-3.1412,4.5588,7.699999999999999,4.5588,-2.625,5.2238,-3.4562,-0.013530927835051524,11.666666666666558,-10.339666666666666,3,5,0.09091128205128206,1.222781929490518,-3.08,4.2263,7.3063,4.2263,-1.3738000000000001,5.0662,-4.5062999999999995,-0.007081443298969032,11.491833333333323,-10.135333333333563,3,8,15.834900000000003,13.017738629642658,-0.1925,31.4912,31.683699999999998,31.4912,-0.07,1.9774999999999991,-1.6188000000000002,-0.0003608247422680244,22.95416666666668,-22.10850000000002,1,0
113,clean/left_u_turn.csv,7,left_u_turn,11.64,195,1.0032674943564577,1.1659118019816077,0.8180237038130375,0.34788809816857025,16.199861229646572,31.499388980264364,0.36853782709513005,31.130851153169232,0.009863076923076924,0.05359718575056577,-0.1729,0.1337,0.3066,0.1729,-0.0223,0.15639999999999998,-0.1256,-0.00011494845360824793,0.3768333333333335,-0.5569999999999954,2,4,-0.08193641025641027,0.10285291348226158,-0.2654,0.1627,0.42810000000000004,0.2654,-0.0017000000000000001,0.1789,-0.1554,-8.762886597938896e-06,0.47083333333333344,-0.591,1,9,0.9931435897435898,0.062961575562851,0.7991,1.1522,0.35309999999999986,1.1522,0.03979999999999995,0.25859999999999994,-0.275,0.00020515463917525746,0.4761666666666784,-0.539499999999995,3,0,0.23149230769230764,1.1298528032914164,-3.1412,4.5588,7.699999999999999,4.5588,-2.625,5.2238,-3.4562,-0.013530927835051524,11.666666666666558,-10.339666666666666,3,5,0.09091128205128206,1.222781929490518,-3.08,4.2263,7.3063,4.2263,-1.3738000000000001,5.0662,-4.5062999999999995,-0.007081443298969032,11.491833333333323,-10.135333333333563,3,8,15.834900000000003,13.017738629642658,-0.1925,31.4912,31.683699999999998,31.4912,-0.07,1.9774999999999991,-1.6188000000000002,-0.0003608247422680244,22.95416666666668,-22.10850000000002,1,0
114,clean/left_u_turn.csv,8,left_u_turn,10.86,182,1.0107657737124782,1.143477651727396,0.840622549067059,0.3028551026603369,17.33117391030087,32.131831082121664,0.612150618720589,31.519680463401077,0.03802032967032967,0.04367425217050829,-0.0508,0.1454,0.19619999999999999,0.1454,-0.006999999999999999,0.11889999999999999,-0.11399999999999999,-3.867403314917054e-05,0.27133333333333304,-0.27283333333333337,2,2,-0.10179615384615386,0.09275192682568245,-0.2691,0.1066,0.37570000000000003,0.2691,-0.016599999999999997,0.1943,-0.1522,-9.171270718232123e-05,0.3733333333333334,-0.35683333333333334,0,8,0.9996554945054945,0.05723662281916242,0.8387,1.1287,0.29000000000000004,1.1287,-0.07599999999999996,0.22330000000000005,-0.22250000000000003,-0.0004198895027624307,0.46433333333333593,-0.4453333333333358,3,0,0.26422582417582413,1.0781585180774245,-2.8788,3.1412,6.02,3.1412,-1.645,3.9812,-3.0275,-0.009088397790055252,14.70000000000006,-11.272833333333322,3,3,0.006971428571428565,1.312850157303854,-2.8525,3.465,6.3175,3.465,-1.6713,4.8125,-4.48,-0.009233701657458564,11.535333333333249,-14.510166666666652,3,15,17.019471978021976,12.367518878479302,-0.1663,31.99,32.1563,31.99,-0.052500000000000005,1.924999999999999,-1.5749999999999993,-0.00029005524861881515,15.487333333333368,-20.737333333333282,1,0
115,clean/left_u_turn.csv,9,left_u_turn,8.94,150,1.0074700242178214,1.154102677407864,0.8898907404844709,0.26421193692339306,20.57841848342428,32.17765492356458,0.6635609467110011,31.51409397685358,0.023067999999999998,0.047463535024763796,-0.1,0.1466,0.2466,0.1466,-0.0196,0.1042,-0.11889999999999999,-0.00013154362416107395,0.2629999999999979,-0.34433333333333394,1,1,-0.111514,0.09374507989237006,-0.2781,0.1035,0.3816,0.2781,-0.0329,0.13940000000000002,-0.1468,-0.00022080536912751666,0.401,-0.3683333333333332,0,3,0.9954586666666667,0.055431115951782496,0.8857,1.1467,0.261,1.1467,0.03289999999999993,0.21040000000000003,-0.17769999999999997,0.0002208053691275163,0.5700000000000003,-0.5531666666666641,2,0,0.397308,1.3540325692513044,-3.0538,4.655,7.7088,4.655,0.47250000000000014,2.7912999999999997,-2.3625,0.0031711409395973017,17.091666666666647,-20.897833333333267,2,6,0.16088000000000002,1.1473751490325426,-2.7825,3.01,5.7925,3.01,-1.225,3.9638,-3.3512,-0.008221476510067103,9.668833333333323,-11.593833333333269,2,6,20.384990666666667,11.596028877402379,-0.4638,32.1562,32.62,32.1562,-0.23629999999999998,1.6538000000000004,-2.030000000000001,-0.0015859060402685038,16.274833333333305,-25.972833333333284,1,0
116,clean/left_u_turn.csv,10,left_u_turn,8.94,150,1.0074700242178214,1.154102677407864,0.8898907404844709,0.26421193692339306,20.57841848342428,32.17765492356458,0.6635609467110011,31.51409397685358,0.023067999999999998,0.047463535024763796,-0.1,0.1466,0.2466,0.1466,-0.0196,0.1042,-0.11889999999999999,-0.00013154362416107395,0.2629999999999979,-0.34433333333333394,1,1,-0.111514,0.09374507989237006,-0.2781,0.1035,0.3816,0.2781,-0.0329,0.13940000000000002,-0.1468,-0.00022080536912751666,0.401,-0.3683333333333332,0,3,0.9954586666666667,0.055431115951782496,0.8857,1.1467,0.261,1.1467,0.03289999999999993,0.21040000000000003,-0.17769999999999997,0.0002208053691275163,0.5700000000000003,-0.5531666666666641,2,0,0.397308,1.3540325692513044,-3.0538,4.655,7.7088,4.655,0.47250000000000014,2.7912999999999997,-2.3625,0.0031711409395973017,17.091666666666647,-20.897833333333267,2,6,0.16088000000000002,1.1473751490325426,-2.7825,3.01,5.7925,3.01,-1.225,3.9638,-3.3512,-0.008221476510067103,9.668833333333323,-11.593833333333269,2,6,20.384990666666667,11.596028877402379,-0.4638,32.1562,32.62,32.1562,-0.23629999999999998,1.6538000000000004,-2.030000000000001,-0.0015859060402685038,16.274833333333305,-25.972833333333284,1,0
117,clean/left_u_turn.csv,11,left_u_turn,12.06,202,1.008982409779705,1.154124057456563,0.8303708147568771,0.32375324269968586,15.417862821836794,32.6994186177675,0.40345214090397385,32.295966476863526,0.01871930693069307,0.05754897177840015,-0.1274,0.1509,0.2783,0.1509,-0.0759,0.1462,-0.1565,-0.000377611940298508,0.40616666666666335,-0.32116666666666605,3,8,-0.08629356435643565,0.09187298287990903,-0.291,0.1149,0.4059,0.291,-0.0313,0.1538,-0.1317,-0.0001557213930348262,0.44466666666666743,-0.37449999999999695,0,8,0.9992391089108912,0.0611232178993072,0.7976,1.1448,0.34720000000000006,1.1448,0.013900000000000023,0.2227,-0.2833,6.91542288557215e-05,0.502499999999996,-0.5106666666666637,4,0,0.2178831683168317,0.9503171464409986,-2.8525,2.8963,5.7488,2.8963,0.4112,5.7488,-3.3425000000000002,0.002045771144278616,9.187333333333324,-9.172833333333333,2,3,0.044056930693069304,1.2995463627481039,-3.36,4.0775,7.4375,4.0775,1.855,4.865,-5.3812,0.009228855721393033,13.460333333333319,-15.25433333333328,3,11,15.056586138613863,13.175274390409976,-0.1575,32.69,32.8475,32.69,0.10500000000000001,1.618699999999997,-1.7850000000000001,0.0005223880597015123,14.729166666666657,-23.143666666666803,1,0
118,clean/left_u_turn.csv,12,left_u_turn,12.06,202,1.008982409779705,1.154124057456563,0.8303708147568771,0.32375324269968586,15.417862821836794,32.6994186177675,0.40345214090397385,32.295966476863526,0.01871930693069307,0.05754897177840015,-0.1274,0.1509,0.2783,0.1509,-0.0759,0.1462,-0.1565,-0.000377611940298508,0.40616666666666335,-0.32116666666666605,3,8,-0.08629356435643565,0.09187298287990903,-0.291,0.1149,0.4059,0.291,-0.0313,0.1538,-0.1317,-0.0001557213930348262,0.44466666666666743,-0.37449999999999695,0,8,0.9992391089108912,0.0611232178993072,0.7976,1.1448,0.34720000000000006,1.1448,0.013900000000000023,0.2227,-0.2833,6.91542288557215e-05,0.502499999999996,-0.5106666666666637,4,0,0.2178831683168317,0.9503171464409986,-2.8525,2.8963,5.7488,2.8963,0.4112,5.7488,-3.3425000000000002,0.002045771144278616,9.187333333333324,-9.172833333333333,2,3,0.044056930693069304,1.2995463627481039,-3.36,4.0775,7.4375,4.0775,1.855,4.865,-5.3812,0.009228855721393033,13.460333333333319,-15.25433333333328,3,11,15.056586138613863,13.175274390409976,-0.1575,32.69,32.8475,32.69,0.10500000000000001,1.618699999999997,-1.7850000000000001,0.0005223880597015123,14.729166666666657,-23.143666666666803,1,0
119,clean/left_u_turn.csv,13,left_u_turn,7.92,133,1.0104877263895196,1.1668329529114267,0.841969417496859,0.3248635354145677,20.729910749080247,31.213196427953353,0.4499236046263854,30.763272823326968,0.03880827067669172,0.04836448428515085,-0.0807,0.1381,0.2188,0.1381,-0.175,0.11879999999999999,-0.11470000000000001,-0.001325757575757576,0.21966666666666645,-0.37933333333333313,1,1,-0.12039097744360902,0.0942727911987388,-0.2723,0.138,0.4103,0.2723,0.0268,0.21690000000000004,-0.25370000000000004,0.0002030303030303034,0.35300000000000065,-0.4009999999999996,0,4,0.9969135338345864,0.06180798195726445,0.8125,1.1627,0.35020000000000007,1.1627,-0.04589999999999983,0.19469999999999998,-0.2527999999999999,-0.0003477272727272714,0.594333333333334,-0.5573333333333332,3,0,0.33960676691729325,1.2438717306468328,-4.4012,3.0363,7.4375,4.4012,1.4175,6.4399,-5.2937,0.010738636363636355,10.835333333333402,-11.404333333333327,3,6,0.089996992481203,1.3905290595472761,-3.6837,3.6225,7.3062000000000005,3.6837,0.5075,4.0863,-5.0575,0.0038446969696969754,16.15833333333334,-14.087333333333332,2,10,20.51197518796993,11.068909180546326,-0.28,31.15,31.43,31.15,0.15750000000000003,1.6625000000000014,-1.6099999999999994,0.0011931818181818096,17.864666666666693,-20.489499999999964,1,0
120,clean/left_u_turn.csv,14,left_u_turn,7.92,133,1.0104877263895196,1.1668329529114267,0.841969417496859,0.3248635354145677,20.729910749080247,31.213196427953353,0.4499236046263854,30.763272823326968,0.03880827067669172,0.04836448428515085,-0.0807,0.1381,0.2188,0.1381,-0.175,0.11879999999999999,-0.11470000000000001,-0.001325757575757576,0.21966666666666645,-0.37933333333333313,1,1,-0.12039097744360902,0.0942727911987388,-0.2723,0.138,0.4103,0.2723,0.0268,0.21690000000000004,-0.25370000000000004,0.0002030303030303034,0.35300000000000065,-0.4009999999999996,0,4,0.9969135338345864,0.06180798195726445,0.8125,1.1627,0.35020000000000007,1.1627,-0.04589999999999983,0.19469999999999998,-0.2527999999999999,-0.0003477272727272714,0.594333333333334,-0.5573333333333332,3,0,0.33960676691729325,1.2438717306468328,-4.4012,3.0363,7.4375,4.4012,1.4175,6.4399,-5.2937,0.010738636363636355,10.835333333333402,-11.404333333333327,3,6,0.089996992481203,1.3905290595472761,-3.6837,3.6225,7.3062000000000005,3.6837,0.5075,4.0863,-5.0575,0.0038446969696969754,16.15833333333334,-14.087333333333332,2,10,20.51197518796993,11.068909180546326,-0.28,31.15,31.43,31.15,0.15750000000000003,1.6625000000000014,-1.6099999999999994,0.0011931818181818096,17.864666666666693,-20.489499999999964,1,0
121,clean/left_u_turn.csv,15,left_u_turn,5.76,97,1.0113776524050513,1.201262739786763,0.847651160560758,0.35361157922600506,5.3015667648687215,10.34553411525959,0.5532064533246155,9.792327661934973,-0.005851546391752577,0.041495863532310016,-0.1161,0.1113,0.2274,0.1161,0.015300000000000001,0.109,-0.1051,0.00015937500000000129,0.2934999999999984,-0.32766666666666633,2,3,-0.020520618556701033,0.052574437186209945,-0.1489,0.111,0.2599,0.1489,0.107,0.1452,-0.12059999999999998,0.001114583333333334,0.4063333333333328,-0.33066666666666644,0,9,1.0089319587628867,0.058109672793476896,0.8397,1.201,0.36130000000000007,1.201,-0.07320000000000004,0.28190000000000004,-0.20200000000000007,-0.0007625000000000005,0.6033333333333353,-0.38150000000000084,2,0,0.0646721649484536,1.2956321298840858,-2.5812,4.7863,7.3675,4.7863,0.4637,3.01,-3.5176,0.004830208333333318,14.437333333333319,-15.180999999999987,1,4,0.2109876288659794,1.1684798247667896,-3.675,3.99,7.665,3.99,1.19,4.4538,-3.4125,0.01239583333333333,9.726999999999965,-12.133333333333404,1,4,4.922829896907217,2.8484034193212575,-0.2625,10.1062,10.368699999999999,10.1062,-0.2363,1.3299999999999996,-0.936300000000001,-0.002461458333333335,12.527166666666663,-8.735333333333326,1,0
122,clean/left_u_turn.csv,16,left_u_turn,11.46,192,0.9962474124126938,1.1587321088154932,0.8293944899744632,0.32933761884102997,16.874653813981794,29.05624361372268,0.4977015370681509,28.55854207665453,0.029138020833333333,0.04494264480108888,-0.0944,0.1496,0.244,0.1496,-0.003999999999999997,0.11779999999999999,-0.11610000000000001,-2.0942408376962933e-05,0.28816666666667157,-0.29349999999999754,2,4,-0.10129322916666667,0.06974678739427038,-0.2392,0.0719,0.3111,0.2392,-0.0092,0.11299999999999999,-0.1455,-4.8167539267015775e-05,0.3489999999999971,-0.34116666666666684,0,1,0.9872109375,0.057661562098326034,0.8228,1.1455,0.3227,1.1455,0.07920000000000005,0.2156,-0.19579999999999997,0.0004146596858638746,0.5596666666666685,-0.5033333333333356,4,0,0.2850182291666667,1.1440653574541493,-2.6075,3.5175,6.125,3.5175,2.3801,3.7973999999999997,-4.5149,0.012461256544502612,10.922999999999977,-11.899833333333236,2,3,0.0669921875,1.1198719415344005,-2.6337,2.8175,5.4512,2.8175,2.7388,3.9726,-3.5,0.014339267015706803,8.808500000000057,-9.581333333333367,2,5,16.696686979166667,10.120709598509823,-0.2887,29.0325,29.321199999999997,29.0325,0.27990000000000004,1.3650000000000002,-1.4350000000000023,0.0014654450261780362,16.231333333333325,-17.820833333333297,1,0
123,clean/left_u_turn.csv,17,left_u_turn,11.46,192,0.9962474124126938,1.1587321088154932,0.8293944899744632,0.32933761884102997,16.874653813981794,29.05624361372268,0.4977015370681509,28.55854207665453,0.029138020833333333,0.04494264480108888,-0.0944,0.1496,0.244,0.1496,-0.003999999999999997,0.11779999999999999,-0.11610000000000001,-2.0942408376962933e-05,0.28816666666667157,-0.29349999999999754,2,4,-0.10129322916666667,0.06974678739427038,-0.2392,0.0719,0.3111,0.2392,-0.0092,0.11299999999999999,-0.1455,-4.8167539267015775e-05,0.3489999999999971,-0.34116666666666684,0,1,0.9872109375,0.057661562098326034,0.8228,1.1455,0.3227,1.1455,0.07920000000000005,0.2156,-0.19579999999999997,0.0004146596858638746,0.5596666666666685,-0.5033333333333356,4,0,0.2850182291666667,1.1440653574541493,-2.6075,3.5175,6.125,3.5175,2.3801,3.7973999999999997,-4.5149,0.012461256544502612,10.922999999999977,-11.899833333333236,2,3,0.0669921875,1.1198719415344005,-2.6337,2.8175,5.4512,2.8175,2.7388,3.9726,-3.5,0.014339267015706803,8.808500000000057,-9.581333333333367,2,5,16.696686979166667,10.120709598509823,-0.2887,29.0325,29.321199999999997,29.0325,0.27990000000000004,1.3650000000000002,-1.4350000000000023,0.0014654450261780362,16.231333333333325,-17.820833333333297,1,0
124,clean/left_u_turn.csv,18,left_u_turn,9.3,156,1.0110481397188715,1.1224370806419397,0.8763483439820036,0.24608873665993614,19.578346764031732,41.2145583350107,0.38005575906700845,40.834502575943695,0.011539102564102559,0.05804179203311369,-0.1061,0.152,0.2581,0.152,-0.0966,0.1027,-0.0964,-0.0006232258064516129,0.2321666666666664,-0.23633333333333242,1,1,-0.11703589743589746,0.10731955835860575,-0.3167,0.0953,0.412,0.3167,-0.0099,0.12969999999999998,-0.11080000000000004,-6.387096774193525e-05,0.36000000000000226,-0.39216666666666633,0,4,0.9967717948717948,0.047821003341927265,0.8611,1.1126,0.25150000000000006,1.1126,0.060599999999999876,0.1470999999999999,-0.18569999999999998,0.0003909677419354831,0.5015000000000107,-0.28850000000000087,3,0,0.4829307692307692,0.8587349454465082,-1.995,2.555,4.550000000000001,2.555,1.7412,3.6313000000000004,-2.9312,0.011233548387096778,14.546944444444323,-6.766666666666678,2,0,-0.05883910256410257,1.016232048213381,-3.0887,2.6425,5.731199999999999,3.0887,1.5312999999999999,3.325,-2.835,0.009879354838709675,10.755277777777687,-9.902166666666655,2,1,19.34108846153846,15.83866503439406,-0.2362,41.1775,41.4137,41.1775,-0.15749999999999997,1.6975000000000016,-1.977500000000001,-0.0010161290322580573,21.18950000000001,-23.624999999999943,1,0
125,clean/left_u_turn.csv,19,left_u_turn,8.46,142,1.0143097876054816,1.168461146123396,0.9149143074627263,0.25354683866066974,21.34564050629126,37.50559851302203,0.2953651468944838,37.21023336612755,0.03057676056338029,0.053305007103830564,-0.0853,0.129,0.2143,0.129,-0.08660000000000001,0.1008,-0.0784,-0.0006141843971631208,0.2616666666666674,-0.3250000000000024,1,1,-0.1462408450704225,0.10432832323519835,-0.3274,0.0574,0.38480000000000003,0.3274,0.0532,0.1744,-0.16249999999999998,0.00037730496453900706,0.44250000000000234,-0.3539999999999994,0,1,0.9964169014084509,0.05146225218798449,0.8938,1.1483,0.25450000000000006,1.1483,0.0633999999999999,0.17510000000000003,-0.2360000000000001,0.0004496453900709213,0.5531666666666677,-0.5343333333333335,2,0,0.8584232394366198,1.245251304988943,-1.8813,3.99,5.8713,3.99,1.8025,2.5288,-3.7100999999999997,0.012783687943262416,14.977166666666763,-12.235500000000076,2,0,-0.1504795774647887,1.1421732095010582,-5.6262,2.5463,8.1725,5.6262,1.295,5.3725,-3.2025,0.009184397163120563,20.533333333333466,-12.906333333333396,2,3,21.153498591549297,12.654978464788208,-0.28,37.3887,37.6687,37.3887,-0.07870000000000002,1.5312999999999999,-2.3713000000000015,-0.0005581560283688037,18.039666666666648,-31.456333333333305,1,0
126,clean/left_u_turn.csv,20,left_u_turn,10.26,172,1.010649501348406,1.136847122527915,0.8372171402927677,0.29962998223514736,17.92459628597593,36.24317994299065,0.4534111710136838,35.789768771976966,0.02619593023255814,0.05933960774784089,-0.1297,0.1415,0.2712,0.1415,-0.07999999999999999,0.0955,-0.1162,-0.0004678362573099416,0.26616666666666666,-0.26649999999999974,0,2,-0.12779767441860465,0.11863927682793733,-0.3362,0.0739,0.4101,0.3362,-0.0954,0.1153,-0.1328,-0.0005578947368421052,0.3610000000000023,-0.4543333333333346,0,3,0.9934982558139537,0.0553583440345714,0.8054,1.1231,0.3177,1.1231,-0.02100000000000002,0.3055,-0.21000000000000008,-0.00012280701754385976,0.650166666666669,-0.5088333333333317,4,0,0.5357308139534884,0.9651251797931077,-2.0738,3.0625,5.1363,3.0625,0.5075000000000001,3.465,-3.6487999999999996,0.002967836257309923,10.383166666666655,-9.3771666666667,2,2,0.019889534883720934,1.023582224664963,-2.7213,2.6688,5.3901,2.7213,-1.1375,3.6837999999999997,-3.6837999999999997,-0.006652046783625729,7.267499999999939,-6.781166666666617,3,3,17.68492034883721,14.266227060205027,-0.1138,36.2337,36.3475,36.2337,0.0963,1.522400000000001,-1.8811999999999998,0.0005631578947368385,17.689499999999967,-24.41233333333335,1,0
127,clean/left_u_turn.csv,21,left_u_turn,9.0,151,1.012882009085719,1.162580638063442,0.8734373532200235,0.28914328484341856,20.029500823282838,35.015163602787865,0.6628207751722935,34.35234282761557,0.03356556291390728,0.048336601792510016,-0.0844,0.1113,0.19569999999999999,0.1113,-0.1388,0.07300000000000001,-0.0752,-0.000925333333333333,0.21666666666666745,-0.1996666666666651,0,1,-0.135917880794702,0.10130549974283576,-0.3204,0.083,0.40340000000000004,0.3204,0.0967,0.11079999999999998,-0.1101,0.0006446666666666665,0.522833333333332,-0.3218333333333332,0,1,0.9969774834437087,0.045399006115678237,0.8725,1.1397,0.2671999999999999,1.1397,-0.07740000000000002,0.19869999999999988,-0.16400000000000003,-0.0005160000000000002,0.3366666666666678,-0.36733333333333107,2,0,0.7123423841059602,1.2222886999634244,-2.695,3.9462,6.6411999999999995,3.9462,-0.6825,2.8525,-3.4737,-0.004550000000000004,12.235499999999988,-14.247999999999937,2,2,-0.12070662251655633,0.9831011875128537,-3.3338,2.3012,5.635,3.3338,0.11370000000000002,2.45,-2.9749,0.0007580000000000223,14.568666666666664,-8.720833333333326,2,2,19.869976158940396,12.639008573764578,-0.28,35.0088,35.2888,35.0088,0.2363,1.3388000000000027,-1.8112999999999992,0.001575333333333333,15.224999999999966,-21.68550000000016,1,0
128,clean/left_u_turn.csv,22,left_u_turn,9.12,153,1.0139263423193652,1.1365104179020975,0.876941942205982,0.2595684756961155,19.847429388448482,34.9079354786272,0.38680882875136136,34.52112664987584,0.023184313725490194,0.05459439449445994,-0.1025,0.1271,0.22959999999999997,0.1271,-0.10999999999999999,0.0947,-0.1066,-0.0007236842105263158,0.21966666666666657,-0.2886666666666655,1,1,-0.14124640522875814,0.10581860598146729,-0.3084,0.0496,0.358,0.3084,0.045200000000000004,0.15710000000000002,-0.10550000000000001,0.0002973684210526319,0.45383333333333353,-0.2810000000000028,0,0,0.9966862745098038,0.04999427738149471,0.8406,1.1319,0.2912999999999999,1.1319,0.020100000000000007,0.15110000000000012,-0.18159999999999998,0.0001322368421052632,0.4678333333333313,-0.41949999999999754,3,0,0.6833019607843137,1.069380975419067,-2.0125,3.85,5.862500000000001,3.85,0.00869999999999993,4.6024,-3.8062,5.723684210528753e-05,11.885333333333403,-11.637499999999902,2,2,-0.10786143790849674,1.041751138589818,-2.9137,3.0013,5.915,3.0013,0.945,4.8301,-3.3163,0.0062171052631578745,11.389499999999988,-9.362333333333313,2,3,19.662560784313726,13.017260113192203,-0.14,34.8688,35.0088,34.8688,0.11380000000000001,1.6886999999999999,-2.030100000000001,0.0007486842105263005,19.293833333333325,-27.76666666666665,1,0
129,clean/left_u_turn.csv,23,left_u_turn,9.3,156,1.0118371599649136,1.1389577428508926,0.8795971180034642,0.2593606248474284,19.335865326409344,35.378799716496886,0.6267017871364338,34.75209792936045,0.02794935897435897,0.06678718970928373,-0.184,0.1452,0.3292,0.184,-0.11629999999999999,0.1176,-0.14229999999999998,-0.0007503225806451608,0.3896666666666674,-0.4583333333333342,0,1,-0.1381801282051282,0.10888283517668196,-0.3345,0.1022,0.43670000000000003,0.3345,-0.0388,0.1394,-0.1623,-0.00025032258064516095,0.5348333333333322,-0.32833333333333337,0,4,0.9938519230769233,0.05144628952563377,0.8581,1.1107,0.25260000000000005,1.1107,-0.03300000000000014,0.2124999999999999,-0.19569999999999999,-0.00021290322580645252,0.38600000000000456,-0.5054999999999996,2,0,0.822274358974359,1.2608679383852908,-1.995,4.235,6.23,4.235,1.1900000000000002,3.0362,-3.1413,0.007677419354838707,16.21650000000001,-16.960500000000014,3,0,-0.2151044871794872,1.0659105600282488,-3.2725,2.835,6.1075,3.2725,-1.26,3.1673999999999998,-3.6488,-0.008129032258064548,12.147833333333251,-8.283333333333363,3,3,19.147524999999998,12.315896306793652,-0.2013,35.3237,35.525000000000006,35.3237,-0.2013,1.4699999999999989,-1.5137999999999998,-0.0012987096774193308,14.247833333333318,-19.22099999999999,1,0
130,clean/left_u_turn.csv,24,left_u_turn,9.3,156,1.0118371599649136,1.1389577428508926,0.8795971180034642,0.2593606248474284,19.335865326409344,35.378799716496886,0.6267017871364338,34.75209792936045,0.02794935897435897,0.06678718970928373,-0.184,0.1452,0.3292,0.184,-0.11629999999999999,0.1176,-0.14229999999999998,-0.0007503225806451608,0.3896666666666674,-0.4583333333333342,0,1,-0.1381801282051282,0.10888283517668196,-0.3345,0.1022,0.43670000000000003,0.3345,-0.0388,0.1394,-0.1623,-0.00025032258064516095,0.5348333333333322,-0.32833333333333337,0,4,0.9938519230769233,0.05144628952563377,0.8581,1.1107,0.25260000000000005,1.1107,-0.03300000000000014,0.2124999999999999,-0.19569999999999999,-0.00021290322580645252,0.38600000000000456,-0.5054999999999996,2,0,0.822274358974359,1.2608679383852908,-1.995,4.235,6.23,4.235,1.1900000000000002,3.0362,-3.1413,0.007677419354838707,16.21650000000001,-16.960500000000014,3,0,-0.2151044871794872,1.0659105600282488,-3.2725,2.835,6.1075,3.2725,-1.26,3.1673999999999998,-3.6488,-0.008129032258064548,12.147833333333251,-8.283333333333363,3,3,19.147524999999998,12.315896306793652,-0.2013,35.3237,35.525000000000006,35.3237,-0.2013,1.4699999999999989,-1.5137999999999998,-0.0012987096774193308,14.247833333333318,-19.22099999999999,1,0
131,clean/left_u_turn.csv,25,left_u_turn,9.42,158,1.016076054660693,1.1420252667957922,0.9006004108371259,0.24142485595866625,19.050241792049746,36.38943957386538,0.058659526080594965,36.330780047784785,0.02326455696202532,0.06563692944136225,-0.1296,0.1749,0.3045,0.1749,-0.0649,0.0925,-0.10429999999999999,-0.0004133757961783452,0.23583333333333328,-0.27638888888888663,1,1,-0.1302873417721519,0.11440847633188322,-0.3245,0.0986,0.42310000000000003,0.3245,0.0026000000000000016,0.1215,-0.1582,1.6560509554139366e-05,0.3191666666666687,-0.46983333333333577,0,3,0.998832911392405,0.04734075881281362,0.8874,1.1312,0.24380000000000002,1.1312,-0.03610000000000002,0.2099000000000001,-0.16779999999999995,-0.0002299363057324842,0.5495000000000001,-0.3924999999999983,3,0,0.6236265822784811,0.9827981204999878,-2.2575,2.555,4.8125,2.555,-0.28,3.3075,-3.9375,-0.0017834394904458527,8.15200000000005,-9.843833333333322,3,1,-0.15489746835443036,1.0377450703081965,-3.1588,2.5988,5.7576,3.1588,-1.3037,3.8587,-4.48,-0.008303821656050972,11.618472222222225,-11.200166666666686,3,2,18.8053582278481,13.941392404146612,-0.28,36.3825,36.6625,36.3825,-0.2625,1.7675000000000018,-2.0386999999999986,-0.001671974522293057,23.420666666666648,-24.602166666666733,1,0
132,clean/left_u_turn.csv,26,left_u_turn,8.46,142,1.0215133302422479,1.178200640807838,0.8737775803944617,0.3044230604133763,21.386034357217028,37.06182610355296,0.8613304766464495,36.20049562690651,0.037164788732394365,0.04984040514899576,-0.0884,0.1605,0.2489,0.1605,-0.1287,0.09920000000000001,-0.0926,-0.0009127659574468087,0.23866666666666814,-0.24400000000000144,1,1,-0.15236267605633802,0.10276076300147878,-0.3423,0.0727,0.415,0.3423,0.06290000000000001,0.1837,-0.119,0.00044609929078014387,0.3561666666666672,-0.36999999999999944,0,2,1.0029732394366195,0.048444149191105276,0.8689,1.1583,0.2894000000000001,1.1583,-0.06010000000000004,0.20010000000000006,-0.17780000000000007,-0.0004262411347517733,0.42716666666667,-0.3097222222222207,2,0,0.8446809859154928,1.2227433374221954,-1.4787,5.285,6.7637,5.285,-0.3238,3.8325000000000005,-4.4013,-0.0022964539007092047,15.020833333333306,-17.150166666666664,2,0,0.009920422535211271,1.0893907451778966,-3.3425,3.395,6.7375,3.395,2.1,4.0425,-3.3512999999999997,0.014893617021276605,19.964666666666652,-11.302000000000074,2,4,21.223433098591553,12.712256318553878,-0.1312,36.925,37.0562,36.925,-0.10500000000000001,1.8024999999999984,-1.7062000000000026,-0.000744680851063858,17.893833333333447,-23.42083333333329,1,0
133,clean/left_u_turn.csv,27,left_u_turn,8.52,143,1.017485828003099,1.1589270986563394,0.885657936225945,0.27326916243039434,21.00077518828229,37.961324150377045,0.7906938029351186,37.17063034744193,0.02461818181818182,0.06702999185393461,-0.1157,0.1645,0.2802,0.1645,-0.1118,0.11500000000000002,-0.1189,-0.0007873239436619717,0.24616666666666626,-0.21949999999999903,1,1,-0.14693916083916087,0.09923832604914963,-0.3172,0.0369,0.35409999999999997,0.3172,-0.003500000000000003,0.11339999999999997,-0.12210000000000001,-2.4647887323944074e-05,0.3531666666666662,-0.29166666666666674,0,0,0.9995090909090909,0.04710356272086773,0.8799,1.1383,0.2584000000000001,1.1383,-0.09739999999999993,0.1914999999999999,-0.21300000000000008,-0.000685915492957746,0.45816666666666706,-0.354000000000001,2,0,0.7385496503496504,1.0316476010727562,-2.38,3.2025,5.5825,3.2025,-0.9887999999999999,2.765,-2.7738,-0.00696338028169013,10.412666666666658,-9.902166666666664,2,2,-0.15358251748251747,0.9338339239442476,-2.3712,2.275,4.6462,2.3712,0.56,3.0887000000000002,-2.7912,0.003943661971831018,11.265694444444685,-10.616666666666656,2,2,20.84911048951049,13.314174542149912,-0.1488,37.87,38.0188,37.87,0.07879999999999998,1.9425000000000026,-1.9863,0.0005549295774647464,19.293666666666667,-22.77916666666667,1,0
134,clean/left_u_turn.csv,28,left_u_turn,9.12,153,1.013197581835593,1.1305892490201734,0.8778869232423957,0.25270232577777774,19.844583561382592,36.047789726001234,0.21967107228763647,35.828118653713595,0.03138627450980392,0.057853091009200934,-0.0861,0.1335,0.21960000000000002,0.1335,-0.1658,0.0996,-0.0931,-0.001090789473684211,0.18500000000000041,-0.22983333333333406,1,1,-0.13897777777777778,0.1092860793262478,-0.3812,0.1052,0.4864,0.3812,0.031299999999999994,0.15040000000000003,-0.1356,0.00020592105263157818,0.44883333333333364,-0.4064999999999992,0,3,0.9954692810457517,0.05046135217466427,0.8774,1.13,0.25259999999999994,1.13,-0.03799999999999992,0.1927000000000001,-0.19719999999999993,-0.0002499999999999995,0.5141666666666662,-0.46899999999999675,2,0,0.79550522875817,1.282146301785801,-1.8375,5.3463,7.1838,5.3463,0.05249999999999999,3.8762000000000003,-4.0687999999999995,0.0003453947368421037,17.325166666666696,-16.129333333333435,2,0,-0.12136470588235294,0.9368580535120251,-2.1263,2.2137,4.34,2.2137,-0.56,3.15,-3.535,-0.0036842105263157608,8.85183333333334,-8.006166666666719,2,1,19.678235947712416,13.200000200097756,-0.1138,36.0412,36.155,36.0412,0.017600000000000005,1.6975000000000016,-1.8637999999999977,0.00011578947368426789,19.089666666666687,-25.433166666666637,1,0
135,clean/right_turn.csv,0,right_turn,6.84,115,0.9986310216033588,1.144597501307774,0.845831478487293,0.29876602282048104,14.54375310651336,30.922617239489934,0.4002108819110245,30.52240635757891,-0.014513043478260868,0.043491494473439064,-0.1357,0.1086,0.2443,0.1357,-0.060200000000000004,0.1723,-0.1741,-0.0005280701754385967,0.3410000000000022,-0.3744999999999996,2,8,0.10407043478260868,0.08112583032734108,-0.0671,0.2618,0.32889999999999997,0.2618,-0.1291,0.1241,-0.1381,-0.001132456140350878,0.26800000000000246,-0.450666666666667,1,3,0.9888721739130436,0.05814914663178279,0.8418,1.1414,0.2996,1.1414,-0.10160000000000002,0.27369999999999994,-0.27390000000000003,-0.0008912280701754388,0.5156666666666725,-0.6025,2,0,0.1337617391304348,1.034071575586306,-2.9662,2.275,5.2412,2.9662,-1.4787,2.6951,-3.3862,-0.01297105263157895,12.6875,-10.047999999999975,2,2,-0.01156000000000001,1.1956624596153105,-3.2725,2.8875,6.16,3.2725,0.3238,4.8037,-4.7688,0.0028403508771929925,13.635500000000018,-10.81625000000007,2,7,-14.224994782608697,10.946301742628616,-30.835,1.0063,31.8413,30.835,0.6738,1.741299999999999,-1.487400000000001,0.0059105263157894685,21.145833333333314,-16.056166666666627,0,0
136,clean/right_turn.csv,1,right_turn,7.56,127,1.008474209672717,1.1926377195108329,0.8074693183025594,0.38516840120827345,11.378624264580418,27.114633502962935,0.31790328718023664,26.7967302157827,-0.010297637795275589,0.05030921759805139,-0.2037,0.1208,0.3245,0.2037,-0.08499999999999999,0.1679,-0.1391,-0.0006746031746031745,0.5285000000000019,-0.5551666666666702,2,5,0.10016220472440945,0.09533733169198849,-0.131,0.2958,0.4268,0.2958,0.0299,0.21760000000000002,-0.2229,0.00023730158730158815,0.5313333333333341,-0.43555555555555836,1,11,0.9976889763779528,0.058700207171352936,0.7774,1.1553,0.3779,1.1553,-0.12639999999999996,0.20779999999999998,-0.23740000000000006,-0.0010031746031746028,0.5018333333333338,-0.5531944444444491,3,0,0.13765590551181098,1.0448635730535412,-2.5725,3.4125,5.984999999999999,3.4125,1.6623999999999999,3.4475000000000002,-3.3775,0.013193650793650806,9.333333333333336,-8.662500000000009,2,4,-0.043541732283464564,1.3489995789026454,-3.3163,3.7538,7.0701,3.7538,-1.7587,4.13,-4.2875,-0.01395793650793653,9.552166666666729,-12.993666666666712,2,3,-10.677549606299213,10.15933979604032,-27.055,0.735,27.79,27.055,-0.14,1.6625000000000005,-1.8201,-0.001111111111111123,19.833333333333357,-19.19150000000002,0,0
137,clean/right_turn.csv,2,right_turn,7.5,126,1.0009248159239643,1.1787924923412094,0.8577850255163003,0.3210074668249091,12.25720191044691,26.005429841669606,0.33417080961687845,25.671259032052728,0.024112698412698412,0.03776630876138569,-0.0732,0.1134,0.1866,0.1134,0.0724,0.099,-0.1363,0.0005792000000000019,0.22866666666666696,-0.29305555555555557,2,2,0.10495238095238094,0.09219656020853334,-0.0622,0.2914,0.35359999999999997,0.2914,0.025300000000000003,0.11199999999999999,-0.12219999999999999,0.00020240000000000153,0.3941666666666659,-0.3301666666666647,1,3,0.9901587301587301,0.058014653693481646,0.8441,1.1727,0.3286000000000001,1.1727,0.02080000000000004,0.2045999999999999,-0.2379000000000001,0.00016640000000000033,0.4139999999999997,-0.40983333333333327,2,0,0.2866682539682539,1.2105354950368565,-3.4475,4.445,7.8925,4.445,-0.026300000000000046,5.1537,-4.7862,-0.00021039999999999636,12.031166666666653,-14.97700000000004,2,3,-0.04305396825396829,1.008219411568795,-3.0975,2.8612,5.9587,3.0975,-2.4062,3.9288,-4.8124,-0.019249600000000044,8.166500000000044,-10.558166666666565,2,2,-11.732569841269841,10.028963979389056,-25.9525,0.875,26.8275,25.9525,-0.1138,1.8988000000000014,-1.6713000000000005,-0.0009104000000000041,22.60416666666663,-13.722833333333327,0,0
138,clean/right_turn.csv,3,right_turn,7.14,120,1.0043491688180985,1.1740783534330237,0.896149144953004,0.2779292084800197,12.726787253385718,30.408317980118532,0.40097537330863603,30.007342606809896,-0.0008974999999999978,0.05400007697240079,-0.1227,0.1337,0.2564,0.1337,-0.1336,0.1169,-0.0993,-0.0011226890756302517,0.3018333333333331,-0.34666666666666635,0,1,0.11480916666666666,0.10160472843148519,-0.0488,0.3411,0.3899,0.3411,-0.002700000000000001,0.1374,-0.11649999999999999,-2.2689075630252402e-05,0.3709999999999998,-0.5628333333333353,1,0,0.9912949999999999,0.048598919049430596,0.8767,1.1173,0.24059999999999993,1.1173,-0.15000000000000002,0.15739999999999987,-0.1452,-0.0012605042016806726,0.31966666666666654,-0.41933333333333245,2,0,0.08166583333333334,0.9676672569904391,-3.395,3.3338,6.7288,3.395,0.0262,2.8526000000000002,-6.1425,0.00022016806722688516,11.448000000000016,-12.22100000000001,2,3,0.030845000000000004,0.9043272403404913,-3.2113,2.415,5.6263000000000005,3.2113,0.20999999999999996,2.3537,-3.7801,0.0017647058823529857,9.683499999999992,-11.33133333333332,1,3,-12.381395833333332,11.408317960725311,-30.3713,0.5688,30.9401,30.3713,-0.8137000000000001,1.636300000000002,-1.4525000000000006,-0.006837815126050418,21.52499999999995,-17.733333333333334,0,0
139,clean/right_turn.csv,4,right_turn,7.32,123,0.9995177397568972,1.1746697450773134,0.8164989283520218,0.3581708167252916,13.537952855982178,28.143571531879175,0.42777287197764186,27.715798659901534,0.030447154471544717,0.041546524040759245,-0.07,0.1186,0.1886,0.1186,-0.0527,0.1074,-0.0982,-0.0004319672131147536,0.34449999999999864,-0.28616666666666696,1,6,0.1255479674796748,0.095372969629759,-0.0695,0.3014,0.3709,0.3014,0.054900000000000004,0.154,-0.15940000000000001,0.0004499999999999999,0.414833333333333,-0.45433333333333625,1,4,0.9857991869918697,0.0677087621711063,0.8009,1.1583,0.35740000000000016,1.1583,-0.09580000000000011,0.2743000000000001,-0.22009999999999985,-0.0007852459016393452,0.5886666666666676,-0.8576388888888861,2,0,0.08998617886178865,1.1791023822205728,-3.395,2.6425,6.0375,3.395,1.9075000000000002,4.4361999999999995,-4.3575,0.01563524590163937,10.981333333333406,-11.72516666666662,2,5,-0.2802113821138212,1.390973089226155,-4.6287,2.8263,7.455,4.6287,2.7738,4.7512,-4.1475,0.022736065573770482,20.24638888888872,-11.885333333333412,2,8,-13.059626829268293,10.643608808954074,-28.0088,0.5512,28.560000000000002,28.0088,-1.295,1.3912999999999993,-2.1788000000000025,-0.01061475409836066,20.95633333333332,-21.83133333333332,0,0
140,clean/right_turn.csv,5,right_turn,6.9,116,1.0033524670375427,1.1906526991528636,0.8703690136947662,0.3202836854580975,12.202296070148622,26.984682302002373,0.5521104418501791,26.432571860152194,-0.005010344827586209,0.04588458560782476,-0.1049,0.0993,0.2042,0.1049,-0.1345,0.13140000000000002,-0.10089999999999999,-0.0011695652173913046,0.3206666666666668,-0.3371666666666665,1,3,0.10823706896551724,0.08735728986297536,-0.0529,0.3023,0.3552,0.3023,-0.0249,0.17470000000000002,-0.1469,-0.0002165217391304358,0.38933333333333336,-0.4058333333333327,1,4,0.9926094827586206,0.05667477773255474,0.8586,1.1905,0.33189999999999986,1.1905,-0.11939999999999995,0.20939999999999992,-0.2376999999999999,-0.001038260869565217,0.514666666666658,-0.3928333333333338,2,0,0.09224655172413793,0.9869636319832515,-2.52,2.5725,5.092499999999999,2.5725,-0.15739999999999998,3.4125,-3.4212999999999996,-0.0013686956521739041,10.850000000000003,-12.308333333333334,2,1,0.20721034482758618,1.156056759504654,-2.1613,3.7538,5.915100000000001,3.7538,3.2463,3.465,-3.5524999999999998,0.028228695652173875,9.94111111111111,-11.14166666666666,2,2,-11.743705172413794,9.95827941192082,-26.8363,0.63,27.4663,26.8363,1.085,1.9075000000000006,-1.5399999999999991,0.009434782608695659,22.123166666666663,-16.858166666666662,0,0
141,clean/right_turn.csv,6,right_turn,6.36,107,1.007426756766928,1.1923320426793873,0.9176580953710374,0.27467394730834993,14.144557651735788,30.599055388851465,0.4804179222302182,30.118637466621248,0.020229906542056073,0.0454243622086943,-0.0806,0.1515,0.2321,0.1515,0.0345,0.10200000000000001,-0.1151,0.0003254716981132078,0.2175000000000013,-0.27033333333333304,2,2,0.10946542056074768,0.09476475451686779,-0.0729,0.3502,0.42310000000000003,0.3502,0.0632,0.15660000000000002,-0.1162,0.0005962264150943397,0.3310000000000001,-0.37099999999999966,1,1,0.9959196261682243,0.05003074609253706,0.8971,1.1531,0.256,1.1531,0.11430000000000007,0.1593,-0.17610000000000003,0.0010783018867924535,0.495000000000001,-0.44033333333333324,2,0,0.307311214953271,1.2487699427328631,-3.22,3.395,6.615,3.395,1.5662,3.8237,-3.6575,0.014775471698113218,16.58133333333336,-13.795833333333318,2,4,-0.010792523364485981,0.9370396621457059,-2.5988,2.31,4.9088,2.5988,-1.5751,2.5113,-2.3537,-0.014859433962264159,8.633166666666705,-10.397999999999989,2,2,-13.723921495327104,11.605724907415693,-30.5462,0.8838,31.43,30.5462,-0.9538,1.7063000000000006,-1.487499999999999,-0.008998113207547167,21.94799999999998,-20.591833333333312,0,0
142,clean/right_turn.csv,7,right_turn,9.3,156,1.0023782382579718,1.3048338170050622,0.8586519026939846,0.44618191431107757,10.348506480158202,30.15729035523583,0.26092947322983656,29.896360882005993,-0.004088461538461535,0.04862988854144486,-0.1034,0.1106,0.21400000000000002,0.1106,0.0219,0.13,-0.10980000000000001,0.000141290322580645,0.2633333333333331,-0.33749999999999963,1,2,0.10105576923076924,0.09776785687263981,-0.1034,0.3493,0.4527,0.3493,-0.024099999999999996,0.2832,-0.18309999999999998,-0.00015548387096774147,0.31849999999999956,-0.5513333333333328,1,8,0.9915384615384616,0.06044445326513503,0.8572,1.2864,0.4292,1.2864,0.10960000000000014,0.3023,-0.26770000000000005,0.0007070967741935493,0.8745833333333269,-0.4841666666666651,2,0,0.030064102564102583,1.1158060506082714,-4.2,2.8087,7.0087,4.2,0.5513000000000001,3.2726,-4.3838,0.0035567741935483878,16.199583333333198,-17.164499999999983,2,5,-0.10859423076923079,1.1359826381135996,-2.9575,4.2875,7.244999999999999,4.2875,0.6475000000000001,3.955,-4.856299999999999,0.004177419354838694,12.614666666666658,-10.135388888888805,3,7,-9.80089487179487,10.791952740204724,-30.1262,0.5863,30.712500000000002,30.1262,0.63,1.7850000000000001,-1.6537000000000006,0.004064516129032274,22.53116666666682,-17.89366666666666,0,0
143,clean/right_turn.csv,8,right_turn,7.38,124,1.0115650230824424,1.2149967160449449,0.8929312851502069,0.32206543089473794,13.289286326150993,30.580004044800255,0.3386342126838338,30.241369832116423,0.03685080645161291,0.04601132150527109,-0.0686,0.1566,0.22519999999999998,0.1566,-0.0729,0.09559999999999999,-0.1311,-0.0005926829268292691,0.38883333333333336,-0.5194444444444446,2,2,0.12443629032258066,0.10104647915057721,-0.0391,0.3426,0.38170000000000004,0.3426,-0.0443,0.192,-0.20950000000000002,-0.00036016260162601666,0.43683333333333296,-0.42566666666666797,1,0,0.9972379032258065,0.05936849865851559,0.8779,1.1911,0.31320000000000003,1.1911,-0.09829999999999994,0.18799999999999994,-0.2934,-0.0007991869918699182,0.5871666666666631,-0.6495833333333331,2,0,0.2589048387096774,1.2772032397973134,-4.8562,2.6688,7.525,4.8562,0.4112,4.1213,-4.6288,0.0033430894308943,15.093833333333336,-20.475166666666716,1,3,-0.07359596774193547,1.4501247774402761,-3.5175,4.6025,8.120000000000001,4.6025,0.315,7.7,-5.6088000000000005,0.002560975609756088,16.770666666666703,-12.483333333333377,2,9,-12.859539516129031,11.269768922193803,-30.2313,0.4112,30.642500000000002,30.2313,-1.1461999999999999,1.4700000000000024,-2.0913000000000004,-0.009318699186991866,20.373000000000047,-23.4645,0,0
144,clean/right_turn.csv,9,right_turn,7.2,121,0.9966675163935901,1.1611139349779591,0.8420302429248014,0.3190836920531577,11.629890286686695,27.86192139264627,0.3466931352074915,27.51522825743878,-0.011498347107438018,0.04809248032605353,-0.1434,0.1149,0.2583,0.1434,-0.0648,0.0861,-0.1046,-0.00054,0.303874999999999,-0.39966666666666756,0,3,0.09807355371900828,0.09242608016553466,-0.1638,0.2724,0.4362,0.2724,-0.101,0.2004,-0.2243,-0.0008416666666666666,0.44116666666666626,-0.6137499999999949,1,6,0.9862446280991736,0.055522457844271185,0.8375,1.1605,0.32300000000000006,1.1605,0.03610000000000002,0.20709999999999995,-0.21260000000000012,0.0003008333333333335,0.530999999999997,-0.6298333333333339,2,0,0.11439669421487603,0.8707749027861988,-2.73,2.7912,5.5212,2.7912,-1.505,3.2462,-2.8001,-0.012541666666666673,7.977166666666629,-7.40816666666666,2,1,-0.032178512396694225,1.088761044582833,-3.01,3.045,6.055,3.045,0.77,3.3512,-3.6225,0.006416666666666669,7.204166666666665,-12.24983333333334,2,2,-11.201088429752065,10.53744544147355,-27.79,0.7875,28.5775,27.79,0.665,1.4525000000000006,-1.7849999999999984,0.005541666666666662,19.847999999999985,-18.885333333333293,0,0
145,clean/right_turn.csv,10,right_turn,6.6,111,1.0036220559188584,1.1553780593381542,0.8833096908785729,0.27206836845958127,14.014915276028802,28.966560002527054,0.17257951790406648,28.79398048462299,0.023978378378378375,0.04032346351782929,-0.098,0.1061,0.2041,0.1061,-0.0668,0.127,-0.1462,-0.000607272727272727,0.3251388888888889,-0.2771666666666674,1,3,0.10334504504504503,0.08469087504645537,-0.0888,0.3345,0.4233,0.3345,0.0413,0.1509,-0.1794,0.0003754545454545447,0.38049999999999984,-0.30566666666666586,1,3,0.9936261261261263,0.04824301119750019,0.8804,1.1502,0.26979999999999993,1.1502,-0.012600000000000056,0.16510000000000002,-0.13829999999999998,-0.00011454545454545505,0.5306666666666651,-0.5489999999999977,2,0,0.2784243243243243,1.2009283797596089,-2.8875,3.605,6.4925,3.605,-1.2511999999999999,3.1149999999999998,-6.37,-0.011374545454545465,12.439666666666657,-17.529166666666647,1,1,0.02081531531531531,0.9311791941792943,-2.9137,2.0475,4.9612,2.9137,-1.1813,2.87,-2.8787,-0.010739090909090913,5.90616666666671,-7.9333333333333265,2,2,-13.709278378378377,10.554406276832314,-28.9538,1.155,30.108800000000002,28.9538,0.5513,1.4087999999999994,-1.5137,0.005011818181818181,19.818666666666672,-15.326999999999998,0,0
146,clean/right_turn.csv,11,right_turn,8.04,135,1.0065852185002684,1.1403135270617464,0.7758778963213219,0.3644356307404245,11.600975302549116,30.279591624392822,0.44421103093011993,29.835380593462702,-0.011657037037037037,0.04643086425358071,-0.1141,0.1033,0.21739999999999998,0.1141,0.0056,0.0691,-0.0735,4.1791044776119593e-05,0.3168333333333331,-0.2154999999999998,1,1,0.10926444444444446,0.08746788960208647,-0.0295,0.3074,0.3369,0.3074,-0.062200000000000005,0.1502,-0.10139999999999999,-0.00046417910447761303,0.44683333333333375,-0.28283333333333305,1,0,0.9957637037037039,0.047909330732695876,0.7757,1.1403,0.36460000000000015,1.1403,-0.23739999999999994,0.1484000000000001,-0.1995,-0.0017716417910447757,0.36750000000000327,-0.9083333333333544,2,0,0.18284074074074075,0.902296869296758,-2.5113,2.9925,5.5038,2.9925,-1.4962,3.9288,-4.7075,-0.011165671641791048,10.427166666666654,-8.837833333333325,1,4,-0.26171925925925926,1.1215891103528661,-4.41,2.765,7.175000000000001,4.41,-3.4037,3.0625,-6.615,-0.025400746268656727,7.90416666666672,-10.744333333333373,2,4,-11.080742962962962,11.207736506076191,-30.205,0.8925,31.097499999999997,30.205,-1.3388,1.2862999999999989,-1.3476,-0.00999104477611945,17.806166666666655,-19.949999999999967,0,0
147,clean/right_turn.csv,12,right_turn,7.08,119,1.0013726983010331,1.0863935612843074,0.909763755048529,0.1766298062357784,13.291629320367099,27.746622522029597,0.1497495909844164,27.59687293104518,0.018957142857142853,0.035227545008995095,-0.0723,0.105,0.1773,0.105,0.11069999999999999,0.0633,-0.0793,0.0009381355932203389,0.31433333333333335,-0.36283333333333234,2,3,0.1040453781512605,0.07084560169343572,-0.0383,0.2664,0.3047,0.2664,-0.0024999999999999988,0.09630000000000002,-0.07740000000000002,-2.1186440677966886e-05,0.27049999999999974,-0.25250000000000056,1,0,0.9926596638655463,0.0384353304967517,0.9077,1.0799,0.17220000000000013,1.0799,0.037699999999999845,0.11510000000000009,-0.11719999999999997,0.0003194915254237275,0.2583333333333311,-0.29100000000000037,2,0,0.07522100840336134,0.7858469725181383,-2.2575,2.8263,5.0838,2.8263,2.0826,2.3537999999999997,-2.0475,0.017649152542372863,7.685666666666632,-5.833500000000006,1,1,-0.18117899159663867,0.8329695536253238,-2.66,1.5838,4.2438,2.66,0.8225,2.3363,-2.5375,0.00697033898305083,6.868999999999948,-6.518666666666661,2,0,-12.97794201680672,10.341827926464088,-27.7375,0.5512,28.288700000000002,27.7375,-0.16620000000000001,1.2512000000000008,-1.4175000000000004,-0.001408474576271182,17.16449999999999,-17.74783333333332,0,0
148,clean/right_turn.csv,13,right_turn,7.32,123,1.0062130077821507,1.2108616518826583,0.9064280942247984,0.30443355765785984,12.158885743940525,28.091297858589588,0.28468119010570403,27.806616668483883,0.016978048780487802,0.03417476908573304,-0.0717,0.0825,0.1542,0.0825,0.009500000000000001,0.093,-0.06459999999999999,7.78688524590166e-05,0.23249999999999954,-0.1633333333333342,1,2,0.11701463414634147,0.08066069866221424,-0.02,0.2805,0.30050000000000004,0.2805,-0.050800000000000005,0.09580000000000002,-0.093,-0.0004163934426229507,0.2676666666666665,-0.27616666666666395,1,0,0.9954658536585366,0.0394833059332806,0.8959,1.1913,0.2954,1.1913,0.08620000000000005,0.26870000000000005,-0.23020000000000007,0.0007065573770491807,0.3411666666666626,-0.3343333333333369,2,0,0.32310975609756093,0.7576398618287631,-1.3212,2.8263,4.1475,2.8263,1.1199999999999999,2.3537999999999997,-2.0212999999999997,0.009180327868852445,7.539666666666697,-7.889500000000011,2,0,-0.32901300813008133,0.8292826868730797,-1.8112,1.575,3.3861999999999997,1.8112,-0.9625,2.3449999999999998,-1.9862,-0.007889344262295098,6.368055555555556,-8.968666666666662,2,0,-11.872539024390244,10.14643604032627,-28.0,0.3762,28.3762,28.0,-0.2188,1.6888000000000005,-1.3825000000000003,-0.0017934426229508137,21.51016666666662,-14.247833333333347,0,0
149,clean/right_turn.csv,14,right_turn,5.46,92,1.0135346175279185,1.1090192874788067,0.8828868670446968,0.22613242043410997,10.072550667623085,26.457227864045016,0.4202577423439097,26.036970121701106,0.03646630434782609,0.03481092817288851,-0.0729,0.0925,0.1654,0.0925,-0.08499999999999999,0.0696,-0.05770000000000001,-0.000934065934065934,0.2002777777777778,-0.20350000000000135,0,1,0.0908728260869565,0.08156782400434981,-0.0736,0.2694,0.34299999999999997,0.2694,-0.075,0.07740000000000001,-0.07170000000000001,-0.0008241758241758245,0.27133333333333287,-0.3480000000000001,1,1,1.0049380434782607,0.04385350197749773,0.8804,1.1065,0.22610000000000008,1.1065,-0.03770000000000007,0.15300000000000002,-0.17910000000000015,-0.000414285714285715,0.3285,-0.309333333333333,1,0,0.5197673913043479,0.9967694201504006,-1.6712,2.7037,4.3749,2.7037,-0.13119999999999998,2.45,-2.5987,-0.001441758241758238,9.377000000000022,-10.791666666666664,1,0,-0.4603304347826087,0.7749591654239172,-2.9925,1.6275,4.62,2.9925,0.805,2.6075,-2.4062,0.00884615384615384,6.358499999999994,-6.927000000000056,2,0,-9.653435869565216,9.61153600159818,-26.4075,1.365,27.772499999999997,26.4075,1.3825,1.8111999999999995,-1.6888000000000005,0.015192307692307698,22.429333333333318,-19.01649999999995,0,0
150,clean/right_turn.csv,15,right_turn,10.26,172,1.0098237960066392,1.1994031307279467,0.823262521921167,0.3761406088067797,7.829640240591574,17.831252323939562,0.7327289335081563,17.098523390431406,0.016152906976744187,0.033664273716113365,-0.0856,0.1245,0.2101,0.1245,-0.0194,0.094,-0.0885,-0.00011345029239766098,0.3703333333333357,-0.28850000000000275,2,5,0.08437616279069766,0.07393551055387548,-0.0891,0.2496,0.3387,0.2496,-0.052,0.1429,-0.1261,-0.00030409356725146256,0.31699999999999995,-0.35633333333333655,1,5,1.002945930232558,0.05886939191954984,0.8217,1.1979,0.3762,1.1979,0.0,0.35749999999999993,-0.27879999999999994,0.0,0.7435000000000018,-0.47966666666667557,3,0,0.4380063953488372,0.9544440211405926,-2.6075,2.8963,5.5038,2.8963,3.5088,3.7101,-3.8588,0.02051929824561404,8.837666666666728,-10.12083333333354,2,4,-0.33636802325581394,1.4460233841705326,-5.8362,3.815,9.6512,5.8362,0.91,4.7512,-4.0161999999999995,0.005321637426900573,24.64566666666646,-18.33116666666671,3,11,-7.33178953488372,6.067303273790354,-17.745,-0.2275,17.517500000000002,17.745,-0.07880000000000004,1.102500000000001,-1.084999999999999,-0.00046081871345028837,8.983333333333327,-8.4585,0,0
151,clean/right_turn.csv,16,right_turn,7.14,120,1.0009764978304372,1.1907288776207623,0.7866745070230762,0.4040543705976861,11.946092496267644,23.525914369902818,1.049898537954978,22.47601583194784,0.01445,0.04033637764282432,-0.0648,0.1279,0.1927,0.1279,-0.076,0.1284,-0.1386,-0.0006386554621848738,0.36433333333333323,-0.29833333333333334,2,8,0.1112625,0.08575344769755211,-0.1235,0.2864,0.4099,0.2864,-0.0742,0.14029999999999998,-0.1352,-0.0006235294117647049,0.35416666666666685,-0.372833333333334,1,1,0.9902333333333334,0.07250068482242004,0.7845,1.1826,0.3981000000000001,1.1826,-0.18130000000000013,0.2825000000000001,-0.2934000000000001,-0.001523529411764707,0.5353333333333312,-0.4983333333333331,2,0,0.41234833333333337,1.239673991298955,-3.1937,3.675,6.8687000000000005,3.675,1.9338,3.7101,-3.1063,0.016250420168067256,11.404166666666654,-10.835333333333322,2,3,-0.15232166666666666,1.4560867963546016,-3.3512,3.6925,7.043699999999999,3.6925,0.3237,5.25,-5.5038,0.002720168067226899,11.38950000000001,-10.908500000000005,1,6,-11.475404999999999,8.22334565250951,-23.5025,1.9425,25.445,23.5025,2.4675,1.5486999999999993,-1.3737999999999992,0.02073529411764706,15.63333333333334,-11.302166666666665,0,0
152,clean/right_turn.csv,17,right_turn,8.7,146,1.0015632097580507,1.1565078944823508,0.8684567346736394,0.28805115980871143,10.799141183763645,25.951655186904745,0.09781456946692553,25.853840617437818,0.02830273972602739,0.042273475739082834,-0.0769,0.2089,0.2858,0.2089,-0.038099999999999995,0.1386,-0.1157,-0.00026275862068965525,0.34650000000000003,-0.5031666666666665,2,2,0.09177808219178082,0.07902638624657715,-0.0913,0.2844,0.3757,0.2844,0.0854,0.1326,-0.13749999999999998,0.0005889655172413794,0.4053333333333331,-0.37016666666666664,1,2,0.9930301369863015,0.05039633315870485,0.8682,1.1363,0.2681000000000001,1.1363,0.03749999999999998,0.17769999999999986,-0.17930000000000001,0.00025862068965517226,0.3809999999999967,-0.40316666666666556,3,0,0.15294383561643837,1.161845249649949,-4.5062,3.3863,7.8925,4.5062,0.18380000000000002,3.9112,-4.27,0.0012675862068965346,16.49366666666662,-20.985500000000037,3,1,0.023369863013698634,1.0948166648832982,-3.2375,2.8612,6.0987,3.2375,0.6912,4.1301,-3.9812000000000003,0.0047668965517241564,10.310333333333405,-10.164500000000011,3,4,-10.356223287671234,9.766738763049867,-25.865,0.6388,26.5038,25.865,-0.11380000000000001,1.356300000000001,-1.4087999999999994,-0.000784827586206905,17.48533333333333,-16.799999999999983,0,0
153,clean/right_turn.csv,18,right_turn,9.36,157,1.0038565333184375,1.140847776874724,0.8603311804183317,0.2805165964563924,10.011855221386927,27.846130475166564,0.09781456946692553,27.748315905699638,0.017434394904458597,0.046447547909906406,-0.1464,0.0969,0.24330000000000002,0.1464,0.0419,0.1845,-0.1465,0.0002685897435897438,0.2649999999999978,-0.2556666666666749,1,2,0.10285286624203821,0.09452423279075431,-0.06,0.3232,0.3832,0.3232,0.0211,0.1359,-0.1495,0.0001352564102564096,0.40749999999999986,-0.3363333333333334,1,2,0.9930401273885352,0.05356166929747789,0.8535,1.1407,0.2872,1.1407,0.05609999999999993,0.21630000000000005,-0.2366999999999999,0.00035961538461538417,0.4247500000000013,-0.5728333333333371,2,0,0.410859872611465,0.823522851477184,-1.4525,2.6163,4.0687999999999995,2.6163,1.3824999999999998,2.31,-2.4937,0.008862179487179503,8.79366666666666,-8.589666666666702,3,0,-0.33517770700636945,1.1712854853338202,-3.5612,3.7013,7.262499999999999,3.7013,0.84,5.1188,-3.885,0.005384615384615398,11.535499999999903,-16.17283333333355,2,6,-9.558789808917197,10.179778856894687,-27.8162,0.1575,27.973699999999997,27.8162,-0.42,1.7149999999999999,-1.5748999999999995,-0.0026923076923076805,22.341833333333312,-15.837499999999949,0,0
154,clean/right_turn.csv,19,right_turn,7.8,131,1.012613299298904,1.148189448653836,0.8904586346372301,0.2577308140166059,13.127131017536922,26.38249104879977,0.3075529547899028,26.07493809400987,0.043494656488549624,0.03802983912055031,-0.0641,0.1333,0.19740000000000002,0.1333,0.01680000000000001,0.0942,-0.1017,0.0001292307692307695,0.385333333333334,-0.1871666666666675,1,2,0.13469770992366414,0.09564922892901546,-0.0347,0.295,0.3297,0.295,0.059800000000000006,0.07860000000000003,-0.09059999999999999,0.00046000000000000056,0.25833333333333286,-0.40650000000000275,1,0,0.9974671755725192,0.04952892308501414,0.8891,1.1438,0.2546999999999999,1.1438,0.010000000000000009,0.18040000000000012,-0.18130000000000013,7.6923076923077e-05,0.5463888888888861,-0.4134999999999991,2,0,0.32234503816793897,1.0536338408073376,-2.45,2.7387,5.188700000000001,2.7387,-1.6098999999999999,2.6425,-3.5437000000000003,-0.01238384615384615,11.404166666666733,-11.725000000000016,3,2,-0.5898572519083969,1.1397912043629566,-3.6137,2.8963,6.51,3.6137,0.8225,4.6987000000000005,-4.6637,0.006326923076923095,10.894000000000016,-9.887500000000065,2,2,-12.707468702290077,10.221725772453675,-26.3725,0.42,26.7925,26.3725,-1.6362999999999999,1.6275000000000013,-1.6012000000000004,-0.012586923076923065,22.72066666666666,-17.499833333333342,0,0
155,clean/right_turn.csv,20,right_turn,7.14,120,1.0165868815488872,1.1527610463578304,0.8420286752836865,0.31073237107414386,12.05609536758835,25.369311690110948,0.20874731135993105,25.160564378751015,0.01921,0.05386960509360706,-0.0991,0.1755,0.27459999999999996,0.1755,-0.0697,0.1679,-0.1871,-0.000585714285714286,0.29566666666666647,-0.37866666666666726,1,3,0.11555,0.08865878316293752,-0.063,0.3302,0.3932,0.3302,-0.09519999999999999,0.1374,-0.1815,-0.0008000000000000007,0.44866666666666644,-0.405,1,4,1.0046508333333333,0.05809450717585615,0.8308,1.1393,0.3085,1.1393,0.0030000000000000027,0.20389999999999997,-0.21240000000000003,2.5210084033613466e-05,0.40549999999999997,-0.5795000000000012,2,0,0.28153583333333326,1.11971245376898,-2.7475,4.55,7.297499999999999,4.55,-1.225,4.1913,-4.4361999999999995,-0.010294117647058813,13.314666666666756,-10.558499999999974,2,4,-0.15845666666666666,1.3404629965669572,-3.745,3.3688,7.1137999999999995,3.745,-0.3587,4.707599999999999,-4.865,-0.003014285714285705,12.658333333333445,-12.658166666666661,2,8,-11.5053725,9.438289395717034,-25.3487,1.0588,26.407500000000002,25.3487,2.6513,1.4962000000000018,-1.4962999999999997,0.022279831932773105,12.716499999999996,-16.756166666666644,0,0
156,clean/right_turn.csv,21,right_turn,6.66,112,1.0014509404379446,1.1515734105996023,0.8606250635439338,0.2909483470556685,14.112024255942389,28.040228328064664,0.895582910734679,27.144645417329986,0.038591964285714285,0.05166463083183411,-0.0783,0.146,0.2243,0.146,0.0647,0.09889999999999999,-0.1237,0.0005828828828828832,0.334499999999999,-0.2224999999999998,1,2,0.1320285714285714,0.09078238650113632,-0.0654,0.3309,0.39630000000000004,0.3309,-0.0142,0.1562,-0.13309999999999997,-0.00012792792792792684,0.3905000000000004,-0.3493333333333326,1,2,0.9865723214285715,0.061415054071737904,0.8545,1.1326,0.2781,1.1326,0.1521,0.22810000000000008,-0.24159999999999993,0.0013702702702702704,0.7043333333333317,-0.4888333333333348,2,0,-0.12390803571428573,1.1351018185181954,-3.3338,2.6075,5.9413,3.3338,2.555,5.1276,-3.3163,0.023018018018017984,11.477333333333322,-11.55016666666668,2,2,-0.34219285714285713,1.584024880009484,-4.5325,3.7013,8.233799999999999,4.5325,-2.7563,4.1912,-3.4562999999999997,-0.02483153153153152,16.624999999999982,-12.04600000000002,1,6,-13.678048214285715,10.211152806171679,-27.9825,1.015,28.997500000000002,27.9825,-2.3537999999999997,1.4613000000000014,-1.8111999999999995,-0.021205405405405404,19.818833333333316,-16.464666666666673,0,0
157,clean/right_turn.csv,22,right_turn,8.1,136,1.0053776114346498,1.1331741040105001,0.847156107219915,0.28601799679058515,11.352260548330921,28.37799697829288,0.3937961147599097,27.984200863532973,0.01813014705882353,0.04867860632816317,-0.078,0.1469,0.2249,0.1469,-0.1007,0.0919,-0.1015,-0.0007459259259259259,0.30366666666666575,-0.27116666666666667,2,1,0.11455661764705882,0.09958225760624444,-0.0454,0.3179,0.3633,0.3179,-0.022000000000000002,0.17359999999999998,-0.12919999999999998,-0.00016296296296296352,0.44033333333333313,-0.4026666666666687,1,0,0.9926757352941176,0.05542301500322705,0.8447,1.1251,0.2804,1.1251,-0.015900000000000025,0.23110000000000008,-0.23209999999999997,-0.00011777777777777797,0.4236666666666675,-0.4738333333333271,3,0,0.4917345588235294,0.9620677785762387,-1.75,2.7387,4.4887,2.7387,0.1925,3.3249999999999997,-2.5375,0.0014259259259259169,14.043666666666653,-11.039500000000007,2,0,-0.342664705882353,1.1451816158424901,-3.4913,2.4588,5.9501,3.4913,-1.3038,3.5175,-3.57,-0.009657777777777777,9.799833333333352,-9.449999999999942,2,2,-10.908541176470589,10.42848592002779,-28.1225,0.6388,28.7613,28.1225,2.0387,1.6975000000000016,-1.5313000000000017,0.015101481481481497,24.470999999999975,-15.239666666666658,0,0
158,clean/right_turn.csv,23,right_turn,8.88,149,1.0088928923706537,1.2216882908500022,0.8474438329470573,0.3742444579029449,11.993432371685303,27.368271476839745,0.2514838563407202,27.116787620499025,0.03315637583892617,0.03807384063672541,-0.07,0.1149,0.1849,0.1149,0.1142,0.1653,-0.1406,0.0007716216216216214,0.2738333333333333,-0.2631666666666631,2,8,0.12659060402684566,0.10057548284227627,-0.0769,0.3475,0.4244,0.3475,-0.06520000000000001,0.1411,-0.1623,-0.00044054054054054,0.3416666666666668,-0.359999999999999,1,5,0.9947073825503355,0.06195360959965925,0.847,1.2184,0.37139999999999995,1.2184,0.012699999999999934,0.25340000000000007,-0.3046,8.581081081081036e-05,0.5559999999999956,-0.4511666666666674,2,0,0.41806040268456374,1.0326542832716554,-2.8525,3.1588,6.0113,3.1588,2.8701,5.2675,-5.3637999999999995,0.01939256756756756,9.464666666666613,-11.59383333333336,2,2,-0.5363899328859061,1.45869864034485,-4.2175,4.8212,9.0387,4.8212,-2.2312,4.2088,-3.99,-0.015075675675675672,15.064499999999878,-27.781166666666437,2,6,-11.46126510067114,10.425682770693015,-27.2125,0.3675,27.58,27.2125,-1.8899999999999997,1.8375000000000021,-1.6888000000000005,-0.012770270270270273,22.852166666666648,-17.120833333333294,0,0
159,clean/right_turn.csv,24,right_turn,7.56,127,1.0060967324568901,1.2061934877953868,0.8737242471169036,0.33246924067848327,10.8174326831159,23.84828629335869,0.7689006372737638,23.079385656084927,0.018103149606299215,0.04225692755642779,-0.0956,0.1302,0.2258,0.1302,-0.020000000000000004,0.1076,-0.1254,-0.00015873015873015849,0.3983333333333332,-0.2943333333333352,1,4,0.10394803149606299,0.08730933317116017,-0.0585,0.2767,0.3352,0.2767,0.0452,0.1208,-0.13,0.00035873015873015833,0.4548333333333335,-0.432500000000003,1,4,0.9958511811023619,0.06344227831001464,0.8542,1.199,0.3448000000000001,1.199,-0.057700000000000085,0.22170000000000012,-0.2037000000000001,-0.0004579365079365086,0.511000000000001,-0.5200000000000049,2,0,0.40890472440944875,1.1874566186801705,-3.2638,3.5087,6.7725,3.5087,0.05259999999999998,2.9137,-5.3812999999999995,0.0004174603174602715,8.239500000000003,-8.823166666666655,2,3,-0.2668401574803149,1.4920789784651993,-3.6925,3.2987,6.9912,3.6925,4.375,4.7425,-6.9912,0.03472222222222224,11.57900000000009,-13.241666666666658,2,10,-10.274502362204723,9.193525078350754,-23.8088,0.2975,24.1063,23.8088,1.0325,1.9863,-2.0562000000000005,0.008194444444444438,20.431499999999943,-15.487499999999955,0,0
160,clean/right_turn.csv,25,right_turn,9.0,151,1.0033600697297629,1.1742508888648966,0.836508846336965,0.3377420425279316,10.574228894849574,29.157953384454128,0.3371808713435565,28.820772513110573,0.03225430463576159,0.041063172040323975,-0.0578,0.1508,0.20859999999999998,0.1508,-0.0499,0.1124,-0.0791,-0.00033266666666666677,0.20166666666666638,-0.23999999999999988,1,2,0.08739602649006623,0.0936932241454665,-0.0878,0.3045,0.3923,0.3045,0.0523,0.1543,-0.1286,0.000348666666666666,0.4384722222222222,-0.30566666666666853,1,3,0.993841059602649,0.05440157506484921,0.8319,1.1497,0.31779999999999997,1.1497,-0.13180000000000003,0.2038000000000001,-0.22719999999999996,-0.0008786666666666668,0.4236666666666622,-0.6048333333333336,2,0,0.23584370860927156,1.251107479559672,-4.6462,4.6813,9.3275,4.6813,-0.4812,3.0362,-6.4399999999999995,-0.0032080000000000095,19.8915,-24.10633333333331,3,5,0.04403973509933775,1.178271796832376,-3.1675,3.01,6.1775,3.1675,-0.5688000000000001,5.4688,-3.7188,-0.003791999999999976,11.710500000000076,-11.754166666666592,2,6,-10.018982781456954,10.691134565534577,-28.8487,1.12,29.968700000000002,28.8487,-0.6388,1.636300000000002,-1.7413000000000025,-0.004258666666666666,20.460499999999982,-15.82300000000005,0,0
161,clean/right_turn.csv,26,right_turn,9.0,151,1.007414909955818,1.1676096051334965,0.8467318229522262,0.3208777821812704,10.608514998979809,24.13836528619948,0.6587804566014387,23.479584829598043,0.015784768211920527,0.04420835629658624,-0.1091,0.1157,0.2248,0.1157,-0.07100000000000001,0.1208,-0.13520000000000001,-0.00047333333333333336,0.22222222222222227,-0.19650000000000084,1,2,0.11310132450331124,0.09079627597851869,-0.0634,0.2885,0.3519,0.2885,-0.0118,0.1333,-0.1598,-7.866666666666651e-05,0.3468333333333331,-0.2755000000000013,1,4,0.9958490066225165,0.06054683461866488,0.8423,1.1617,0.3193999999999999,1.1617,-0.0838000000000001,0.1988000000000001,-0.2610999999999999,-0.0005586666666666673,0.5599999999999934,-0.43866666666667076,3,0,0.5033218543046357,1.0642684191433438,-1.855,4.1125,5.967499999999999,4.1125,1.4612,2.7562,-2.4675000000000002,0.009741333333333331,14.36450000000001,-16.23133333333336,2,0,-0.22396225165562914,1.1054750649225713,-2.5812,2.8263,5.4075,2.8263,-1.6275,3.8499999999999996,-4.6201,-0.010850000000000014,14.0,-8.88133333333327,3,2,-10.117607947019868,9.33436471060581,-23.905,0.5688,24.4738,23.905,-0.9537,1.7325,-1.3474999999999993,-0.006357999999999985,21.350166666666652,-16.65399999999999,0,0
162,clean/right_turn.csv,27,right_turn,8.64,145,1.0106763882208842,1.1466401963998996,0.8419033554987176,0.3047368409011819,12.27454837693912,24.824976018518125,0.36676414764804915,24.458211870870077,0.028966206896551723,0.042079295550005044,-0.0619,0.1184,0.18030000000000002,0.1184,-0.0948,0.1481,-0.11,-0.0006583333333333333,0.23749999999999993,-0.5020833333333292,2,5,0.1281351724137931,0.0920288123142802,-0.084,0.2851,0.36910000000000004,0.2851,0.031700000000000006,0.18159999999999998,-0.1588,0.00022013888888888853,0.48216666666666935,-0.4438333333333354,1,6,0.9970896551724137,0.057173964213687735,0.8303,1.1297,0.2993999999999999,1.1297,0.03849999999999998,0.21099999999999985,-0.23449999999999993,0.00026736111111111096,0.4751666666666674,-0.6371666666666709,3,0,0.3714855172413793,1.0354354544223914,-2.625,3.045,5.67,3.045,-1.05,3.3863,-4.453799999999999,-0.00729166666666667,8.983333333333267,-9.566666666666697,2,2,-0.5344779310344828,1.4502875289858217,-5.2238,5.2587,10.4825,5.2587,1.8725,4.978700000000001,-6.8687000000000005,0.013003472222222237,15.093666666666543,-20.168833333333257,3,7,-11.671528275862068,9.483295841919912,-24.8062,1.5137,26.3199,24.8062,-2.4762,1.2336999999999998,-1.5225,-0.017195833333333323,10.849999999999994,-18.127333333333326,0,0
163,clean/right_turn.csv,28,right_turn,8.82,148,1.0100454450554883,1.2522460061824914,0.8295537294232364,0.422692276759255,9.656747859907481,21.619680962955954,0.2599055212957201,21.359775441660233,0.017568243243243246,0.04281597870266381,-0.0668,0.195,0.26180000000000003,0.195,0.0431,0.132,-0.1471,0.0002931972789115645,0.4943333333333333,-0.3296666666666681,2,4,0.09915743243243243,0.08437809391956425,-0.091,0.2749,0.3659,0.2749,0.0177,0.153,-0.1772,0.00012040816326530608,0.3798333333333323,-0.4096666666666666,1,10,1.000564189189189,0.06895887664431315,0.8025,1.2495,0.44700000000000006,1.2495,0.10009999999999986,0.29200000000000004,-0.3115,0.00068095238095238,0.49533333333333474,-0.49033333333333573,2,0,0.27254729729729726,1.200108771229409,-3.7188,3.7887,7.5075,3.7887,-0.27999999999999997,4.1126,-3.1763,-0.0019047619047619163,11.899833333333323,-10.704333333333262,2,2,-0.0742581081081081,1.5807385562233531,-5.8888,3.7625,9.651299999999999,5.8888,0.7525,4.585,-5.4163,0.005119047619047634,12.877333333333318,-16.37683333333332,2,15,-9.11832837837838,7.731931440356469,-21.385,0.0262,21.4112,21.385,1.4700000000000002,1.7586999999999997,-1.5925000000000011,0.010000000000000016,15.706499999999977,-12.57066666666664,0,0
164,clean/right_turn.csv,29,right_turn,9.0,151,1.0003070661912032,1.164289173702135,0.8524128459848549,0.31187632771728013,10.579705805758,27.356151147959395,0.2476331762910616,27.108517971668334,0.02838079470198676,0.045356742556804476,-0.0845,0.1504,0.2349,0.1504,0.055,0.0932,-0.0907,0.000366666666666667,0.2298333333333326,-0.2548333333333308,1,2,0.08998675496688742,0.08983212393162161,-0.1064,0.3055,0.4119,0.3055,-0.1023,0.1493,-0.1208,-0.0006820000000000002,0.31100000000000183,-0.4131666666666658,1,3,0.9908549668874173,0.052333143976823114,0.8502,1.1544,0.30420000000000014,1.1544,-0.04380000000000006,0.2509000000000001,-0.19110000000000005,-0.00029200000000000043,0.5361111111111132,-0.5801666666666669,2,0,0.16514834437086093,1.0982720207583248,-2.1525,3.3075,5.46,3.3075,0.09619999999999984,2.8613,-3.9287,0.0006413333333333256,13.44583333333332,-13.664666666666655,2,2,-0.15924370860927148,1.062460043708384,-2.8788,1.995,4.8738,2.8788,3.5437000000000003,3.5175,-3.3773999999999997,0.02362466666666667,9.464666666666588,-8.531333333333318,2,0,-10.094140397350992,10.355357378511401,-27.2213,0.4638,27.6851,27.2213,0.09620000000000001,1.6888000000000005,-1.9951000000000008,0.0006413333333333308,22.96866666666665,-18.054333333333318,0,0
165,clean/right_turn.csv,30,right_turn,7.8,131,1.0074925950526799,1.1547606765040104,0.8809879170567552,0.2737727594472552,11.986742846400801,30.30154773175786,0.19329381780077706,30.108253913957082,0.011489312977099238,0.05379507448414899,-0.0942,0.102,0.19619999999999999,0.102,-0.081,0.0957,-0.1348,-0.0006230769230769241,0.25333333333333197,-0.2491666666666659,0,3,0.1212793893129771,0.11128698708747942,-0.0697,0.3611,0.43079999999999996,0.3611,0.012899999999999998,0.1525,-0.1017,9.923076923076941e-05,0.39449999999999963,-0.3723333333333334,1,5,0.9926534351145038,0.0582712942889483,0.8757,1.1455,0.26979999999999993,1.1455,-0.13800000000000012,0.20490000000000008,-0.19620000000000004,-0.0010615384615384625,0.5811666666666699,-0.5523333333333369,2,0,0.32862595419847324,1.1243161313293302,-1.8813,3.325,5.206300000000001,3.325,-0.18369999999999997,3.7975,-3.5,-0.0014130769230769195,14.787333333333391,-11.43333333333329,2,0,-0.25167709923664117,1.3852528396019865,-4.2525,3.6225,7.875,4.2525,0.8838,6.4313,-5.3988000000000005,0.00679846153846149,10.937499999999865,-9.274999999999972,3,7,-11.262252671755727,11.301623586100215,-30.1175,0.9887,31.1062,30.1175,-0.665,1.75,-1.8725000000000023,-0.005115384615384636,22.035166666666633,-17.12083333333331,0,0
166,clean/right_turn.csv,31,right_turn,9.18,154,1.0120665508393374,1.1592239257365247,0.8327309349363695,0.32649299080015515,11.720110605209365,29.137325960526987,0.3693062821019973,28.768019678424988,0.035422077922077924,0.05064834840006157,-0.1039,0.2184,0.32230000000000003,0.2184,-0.0291,0.1942,-0.1455,-0.00019019607843137287,0.38216666666667076,-0.37783333333333297,2,4,0.11824220779220779,0.10225349557440713,-0.072,0.2929,0.3649,0.2929,-0.006400000000000003,0.1231,-0.1217,-4.1830065359477776e-05,0.3401666666666639,-0.42766666666666964,1,2,0.9980461038961038,0.06024269666159568,0.8269,1.158,0.33109999999999995,1.158,-0.043200000000000016,0.2702999999999999,-0.22199999999999998,-0.00028235294117647067,0.6139999999999946,-0.654833333333328,2,0,0.31323766233766237,1.0093198401640324,-2.1962,2.2662,4.462400000000001,2.2662,-0.035,3.6662,-3.9813,-0.0002287581699346371,9.027166666666671,-9.683166666666677,2,4,-0.5412512987012987,1.4288107836434532,-5.53,4.5413,10.0713,5.53,-0.2449,5.5125,-5.2675,-0.0016006535947712434,19.27916666666651,-17.83533333333331,3,8,-11.119375974025973,10.745221057961146,-28.9275,0.6562,29.583699999999997,28.9275,-0.6387,1.5224999999999973,-1.3213,-0.004174509803921569,18.024833333333305,-14.787333333333322,0,0
167,clean/right_turn.csv,32,right_turn,7.98,134,1.005463586799939,1.2354573606563684,0.8224099525175993,0.41304740813876906,10.670912072374238,27.30900747244396,0.4596873937797294,26.84932007866423,0.014694776119402985,0.05081904846405141,-0.0834,0.1581,0.2415,0.1581,-0.12990000000000002,0.1255,-0.1554,-0.0009766917293233081,0.47694444444444445,-0.24499999999999955,1,3,0.09815597014925374,0.09986810964963531,-0.112,0.2927,0.4047,0.2927,0.08829999999999999,0.1645,-0.153,0.0006639097744360902,0.38833333333333586,-0.5098333333333305,1,4,0.9944201492537312,0.07254491145091545,0.8191,1.2342,0.4150999999999999,1.2342,-0.06979999999999997,0.3044999999999999,-0.2734,-0.0005248120300751877,0.7131944444444446,-0.6141666666666641,2,0,0.17140970149253731,1.2071952205138525,-2.765,3.1063,5.8713,3.1063,-2.8175,3.9812000000000003,-3.29,-0.02118421052631581,7.831333333333325,-9.960500000000089,2,3,-0.12119626865671645,1.3631561334349453,-3.8763,3.4913,7.3675999999999995,3.8763,1.8199999999999998,4.6638,-3.9813,0.013684210526315806,14.758333333333365,-12.002166666666655,2,8,-9.906955970149253,10.261455848311378,-27.265,0.8225,28.087500000000002,27.265,0.1575,1.9688000000000017,-1.758799999999999,0.0011842105263158076,23.552166666666622,-17.44166666666665,0,0
168,clean/right_turn.csv,33,right_turn,7.74,130,1.000279527778967,1.1554918000574474,0.8408114414064547,0.31468035865099275,12.3956606000045,31.160453969254043,0.39365276577206976,30.766801203481972,0.03814076923076923,0.05385425594254021,-0.074,0.1468,0.2208,0.1468,0.0326,0.11560000000000001,-0.1056,0.0002527131782945741,0.2973333333333336,-0.31266666666666637,1,3,0.10116692307692307,0.10266080854256988,-0.0773,0.3318,0.40909999999999996,0.3318,0.006400000000000001,0.12490000000000001,-0.10590000000000002,4.961240310077511e-05,0.34883333333333233,-0.4488333333333334,1,4,0.9877507692307692,0.057840824409719,0.8128,1.1448,0.3320000000000001,1.1448,0.10399999999999987,0.2015,-0.23130000000000006,0.000806201550387596,0.4983333333333322,-0.5758333333333336,2,0,0.12317153846153846,1.3397190257450817,-5.495,3.4825,8.9775,5.495,1.3738,3.0188,-6.6850000000000005,0.010649612403100783,19.191666666666645,-22.429166666666646,2,2,-0.14202153846153848,1.238786748669756,-3.2987,3.2375,6.5362,3.2987,-3.8676,5.1713,-5.0225,-0.029981395348837193,11.462499999999997,-10.106166666666667,2,5,-11.742565384615386,11.793244937351144,-31.1588,0.6737,31.8325,31.1588,0.07880000000000001,1.9338000000000015,-1.6712000000000002,0.0006108527131783306,26.045833333333462,-16.09999999999998,0,0
169,clean/right_turn.csv,34,right_turn,7.44,125,1.0120010076276145,1.1243699391214619,0.896783413093708,0.22758652602775387,12.58422735380397,30.89571564262592,0.3237,30.57201564262592,0.019107199999999994,0.05270200794362889,-0.0725,0.1154,0.1879,0.1154,-0.0522,0.08510000000000001,-0.0843,-0.0004209677419354837,0.19149999999999995,-0.2431666666666656,1,1,0.11991360000000004,0.10231766579092402,-0.0777,0.3408,0.4185,0.3408,0.1245,0.08979999999999999,-0.1207,0.0010040322580645161,0.3801666666666668,-0.3383333333333337,1,4,0.9981535999999999,0.04711056922711957,0.8928,1.1178,0.22499999999999987,1.1178,-0.02200000000000002,0.1450999999999999,-0.20179999999999987,-0.00017741935483870982,0.5023333333333335,-0.38899999999999935,2,0,0.4667551999999999,1.1907168900163978,-3.3163,4.1038,7.4201,4.1038,-0.5163,2.6075,-2.6075,-0.004163709677419363,18.579333333333338,-20.722999999999978,2,3,-0.269292,1.0541092289456473,-3.4825,2.0912,5.5737000000000005,3.4825,-0.2538,3.0188,-3.9813,-0.0020467741935483856,11.535499999999978,-9.566666666666721,3,3,-11.9647448,11.556046963738856,-30.8787,0.9538,31.8325,30.8787,-0.6386999999999999,1.6449999999999996,-1.6099999999999994,-0.005150806451612911,21.787333333333294,-18.06866666666673,0,0
170,clean/right_turn.csv,35,right_turn,7.62,128,1.0128669154986496,1.1673599659059755,0.8761158941601276,0.2912440717458479,13.95313793207972,30.987077610190994,0.6019451303898056,30.38513247980119,0.030992968750000002,0.05524661272773906,-0.1337,0.1625,0.2962,0.1625,-0.0958,0.1069,-0.1285,-0.0007543307086614173,0.3021666666666665,-0.3678333333333327,1,2,0.13391874999999998,0.11315710335356803,-0.0532,0.3175,0.37070000000000003,0.3175,-0.0101,0.11900000000000001,-0.0986,-7.952755905511766e-05,0.4438333333333334,-0.35933333333333284,1,2,0.99563828125,0.050318996774505714,0.8755,1.1653,0.28980000000000006,1.1653,-0.032299999999999995,0.21009999999999995,-0.1845000000000001,-0.0002543307086614173,0.4387499999999952,-0.5846666666666653,2,0,0.34460234375,1.0800178114938985,-2.8525,3.185,6.0375,3.185,-1.4962,2.9137,-3.2199999999999998,-0.01178110236220471,13.05216666666664,-13.022999999999936,2,4,-0.47380078125,1.3072802114540047,-3.5175,3.7275,7.245,3.7275,-1.4088,3.01,-3.99,-0.011092913385826724,9.377000000000013,-19.87716666666663,3,4,-13.39597421875,11.983868665475994,-30.8612,0.6913,31.552500000000002,30.8612,-1.2338,1.7063000000000024,-1.5487000000000002,-0.00971496062992126,23.91666666666663,-17.966499999999996,0,0
171,clean/right_turn.csv,36,right_turn,8.88,149,1.0107308121554084,1.1965806115761697,0.8040213181253344,0.3925592934508353,9.838340707761994,26.17159655408894,0.3882211869540353,25.783375367134905,0.020657046979865774,0.049943200515257705,-0.1084,0.1473,0.2557,0.1473,0.0071,0.2157,-0.10139999999999999,4.7972972972973736e-05,0.32233333333333997,-0.4227777777777743,2,6,0.09877046979865771,0.09462375387687158,-0.0825,0.2938,0.3763,0.2938,-0.1048,0.1633,-0.15789999999999998,-0.0007081081081081087,0.37816666666666654,-0.4036666666666693,1,8,1.0001375838926174,0.060100410886428854,0.802,1.1812,0.3792,1.1812,-0.058499999999999996,0.23870000000000002,-0.25339999999999985,-0.0003952702702702702,0.591666666666665,-0.4538888888888851,2,0,0.17012281879194632,1.2317947851484954,-3.6575,2.6688,6.3263,3.6575,-1.1025,4.5237,-4.3137,-0.007449324324324343,11.229166666666655,-14.175166666666653,2,6,-0.23736644295302012,1.5488766696061051,-4.7075,4.305,9.0125,4.7075,-4.9787,6.807500000000001,-4.935,-0.033639864864864866,12.347222222222221,-14.802000000000014,2,11,-9.060180536912751,9.712988231261898,-26.0575,0.63,26.6875,26.0575,-0.315,1.8987999999999996,-2.135,-0.002128378378378363,24.36883333333327,-17.047833333333344,0,0
172,clean/right_turn.csv,37,right_turn,8.46,142,1.0024325958170537,1.146494395974093,0.8734192235118253,0.27307517246226765,11.4369106751991,30.139823989698417,0.39918033518699286,29.740643654511423,0.03440422535211268,0.05394987018203173,-0.0756,0.1747,0.25029999999999997,0.1747,0.017599999999999998,0.1444,-0.1164,0.0001248226950354608,0.35949999999999965,-0.31916666666666643,1,2,0.09302676056338026,0.09872169846025966,-0.063,0.3116,0.3746,0.3116,0.0063,0.1268,-0.1202,4.46808510638292e-05,0.38183333333333547,-0.4563333333333309,1,3,0.9913119718309861,0.05378223820592555,0.8713,1.1222,0.2509000000000001,1.1222,0.01969999999999994,0.24670000000000014,-0.18000000000000005,0.00013971631205673716,0.5729999999999986,-0.6043055555555548,3,0,0.1566401408450704,1.241778332056868,-4.2175,4.2,8.4175,4.2175,0.7875,3.4037,-3.1063,0.005585106382978731,15.297833333333395,-14.014499999999986,2,6,-0.04947957746478874,1.222994184008644,-2.7825,3.4825,6.265000000000001,3.4825,0.3412,4.7687,-3.6138000000000003,0.0024198581560283513,14.685499999999902,-13.97083333333331,2,5,-10.732302112676056,11.622443270663132,-29.9338,0.8925,30.8263,29.9338,0.0,1.7849000000000004,-1.3912999999999993,0.0,25.710166666666638,-19.454166666666694,0,0
173,clean/right_turn.csv,38,right_turn,7.14,120,1.0108662005631939,1.137883618829272,0.8568807910088777,0.2810028278203943,12.968642949418866,27.701339126114462,0.8186059430519669,26.882733183062495,0.017203333333333334,0.05738164133156843,-0.1015,0.1301,0.2316,0.1301,-0.1637,0.07790000000000001,-0.0675,-0.0013756302521008405,0.19183333333333352,-0.22866666666666646,1,1,0.12847999999999998,0.09851534590179978,-0.0526,0.3074,0.36,0.3074,-0.011200000000000002,0.1527,-0.1105,-9.411764705882389e-05,0.6296666666666659,-0.4388333333333334,1,1,0.9960424999999999,0.05264684092368409,0.8522,1.1363,0.28410000000000013,1.1363,-0.15520000000000012,0.18130000000000002,-0.18689999999999996,-0.00130420168067227,0.419333333333336,-0.5141666666666708,2,0,0.52478,1.5379454233850187,-3.8937,5.1363,9.030000000000001,5.1363,0.008800000000000141,4.1387,-3.6662,7.39495798319321e-05,25.695666666666654,-27.98550000000002,2,5,-0.30172916666666666,1.1504273350993697,-3.5262,2.7912,6.317399999999999,3.5262,-1.9863,4.3924,-3.2813,-0.016691596638655472,9.245666666666697,-10.51449999999999,2,2,-12.350990833333332,10.905899299542611,-27.6588,0.7875,28.4463,27.6588,-1.8813,1.8025000000000002,-1.5398999999999994,-0.015809243697479,23.683166666666637,-20.34383333333335,0,0
174,clean/right_turn.csv,39,right_turn,8.58,144,1.01478576029167,1.1980821465993055,0.8556498057032446,0.3424323408960609,11.978600357991537,29.24110556972838,0.5043861417604572,28.736719427967923,0.034470833333333326,0.051265374122462855,-0.0999,0.1293,0.22920000000000001,0.1293,-0.1374,0.1126,-0.1061,-0.000960839160839161,0.2670000000000018,-0.20266666666666644,1,3,0.11202638888888888,0.09837161594297576,-0.1035,0.2963,0.3998,0.2963,-0.0752,0.11280000000000001,-0.1177,-0.0005258741258741264,0.3796666666666666,-0.35716666666666697,1,4,1.0019972222222222,0.048808479637637604,0.8547,1.1961,0.3413999999999999,1.1961,-0.007099999999999995,0.15839999999999999,-0.2176999999999999,-4.9650349650349615e-05,0.434666666666665,-0.33933333333333593,2,0,0.2830402777777778,0.9628502668682778,-2.765,2.45,5.215,2.765,-1.0675,3.4037,-2.5463,-0.007465034965034977,7.539499999999962,-8.502166666666662,2,2,-0.4768708333333333,1.1899121501847698,-3.0538,5.6,8.6538,5.6,2.7737000000000003,4.3313,-3.5176,0.019396503496503504,15.487499999999871,-9.566666666666691,2,3,-11.505456944444445,10.983798667456727,-29.2162,0.0088,29.225,29.2162,-1.3651,1.3736999999999995,-1.5138000000000016,-0.009546153846153834,16.43533333333332,-17.73333333333332,0,0
175,clean/right_turn.csv,40,right_turn,8.22,138,1.0073786297993474,1.2227204790956927,0.8388994337821429,0.38382104531354977,10.471592479751347,27.7513571459127,0.12033989363465467,27.631017252278046,0.01356159420289855,0.051227875512817767,-0.1167,0.1606,0.2773,0.1606,0.09129999999999999,0.12129999999999999,-0.1139,0.000666423357664233,0.2671666666666666,-0.3135,1,2,0.09262391304347826,0.09838747290916784,-0.092,0.2946,0.38659999999999994,0.2946,0.0325,0.1508,-0.13070000000000004,0.00023722627737226258,0.3961666666666662,-0.38883333333333336,1,7,0.9969528985507246,0.0641693223109271,0.8367,1.1849,0.34820000000000007,1.1849,0.07089999999999996,0.2619,-0.22880000000000011,0.0005175182481751822,0.5343333333333362,-0.4745000000000008,2,0,0.2290224637681159,1.212065801014139,-2.73,3.0363,5.7663,3.0363,0.42869999999999986,5.0487,-3.8588,0.0031291970802919634,14.423000000000073,-13.956333333333319,2,3,-0.26953623188405795,1.5434062228087186,-4.0075,3.64,7.647500000000001,4.0075,4.27,5.0837,-5.0663,0.031167883211678824,12.964500000000001,-13.635500000000023,2,12,-9.81686304347826,9.708116332097044,-27.685,0.805,28.49,27.685,0.5511999999999999,1.9861999999999966,-2.0562000000000005,0.004023357664233561,19.92066666666659,-14.524833333333376,0,0
176,clean/right_turn.csv,41,right_turn,7.32,123,0.9932693886566081,1.1369933245186623,0.8699052879480617,0.26708803657060065,13.054354208622968,29.41683798337272,0.30670823269028824,29.110129750682432,0.02932926829268293,0.04365902293783549,-0.1196,0.1352,0.25479999999999997,0.1352,-0.1124,0.1493,-0.1298,-0.0009213114754098359,0.21533333333333315,-0.25766666666666654,1,1,0.10599837398373983,0.10124493266715635,-0.1089,0.3187,0.4276,0.3187,-0.0208,0.14719999999999997,-0.1373,-0.00017049180327868824,0.38899999999999985,-0.41233333333333144,1,2,0.9811260162601626,0.05082860921102998,0.8691,1.1297,0.26059999999999994,1.1297,-0.09079999999999999,0.2498999999999999,-0.2107000000000001,-0.0007442622950819672,0.47933333333333294,-0.3996666666666613,2,0,0.11083577235772356,1.1523703323897856,-4.4363,2.485,6.9213000000000005,4.4363,1.0588,3.6136999999999997,-5.6175,0.008678688524590162,12.454166666666692,-17.07716666666665,2,1,0.08038780487804878,1.1120193077980407,-3.01,3.0275,6.0375,3.0275,0.08739999999999992,4.3575,-5.635,0.0007163934426229757,14.350166666666677,-8.4581666666667,2,6,-12.671136585365854,10.607066765753798,-29.365,1.0588,30.4238,29.365,0.7175,1.8725000000000023,-1.4176000000000002,0.005881147540983609,20.82499999999996,-15.195833333333312,0,0
177,clean/right_turn.csv,42,right_turn,9.12,153,1.009595934843461,1.1604441304948723,0.8666968904986333,0.293747239996239,10.82134293839746,25.970219397802556,0.32739502134271986,25.642824376459835,0.026603921568627453,0.03907906776206033,-0.0428,0.1305,0.1733,0.1305,-0.0657,0.08299999999999999,-0.0786,-0.00043223684210526265,0.283833333333331,-0.23033333333333322,1,0,0.11445359477124184,0.09084966038964404,-0.0537,0.294,0.3477,0.294,0.0635,0.107,-0.12639999999999998,0.00041776315789473665,0.40933333333333327,-0.31916666666666726,1,2,0.997918300653595,0.05178662756408883,0.8479,1.1369,0.28900000000000003,1.1369,0.14710000000000012,0.16720000000000002,-0.15600000000000014,0.0009677631578947376,0.4643333333333324,-0.3961666666666659,2,0,0.3994124183006536,0.9083291697947581,-1.715,3.22,4.9350000000000005,3.22,3.045,3.4124000000000003,-2.7563,0.0200328947368421,12.8625,-10.864499999999998,2,0,-0.2541529411764706,1.1324923003141778,-3.8937,2.73,6.6236999999999995,3.8937,-1.0587,3.8499999999999996,-3.7012,-0.0069651315789473756,9.595833333333276,-9.741499999999991,2,1,-10.312131372549018,10.022484818721816,-25.9263,1.12,27.046300000000002,25.9263,0.6475000000000002,1.3125,-1.671199999999999,0.004259868421052614,18.871000000000024,-16.304333333333318,0,0
178,clean/right_turn.csv,43,right_turn,9.18,154,1.0072262435525947,1.2440684145174654,0.7731148750347518,0.47095353948271357,12.063527917227997,25.662010442286086,0.5309170745041074,25.13109336778198,0.026309090909090914,0.04657091067111292,-0.1247,0.125,0.2497,0.125,0.0344,0.2067,-0.1464,0.00022483660130718963,0.3323333333333306,-0.5338333333333348,2,6,0.11488246753246753,0.09308528532586816,-0.1176,0.2653,0.38289999999999996,0.2653,-0.15539999999999998,0.1337,-0.1266,-0.001015686274509804,0.3958333333333332,-0.4756666666666658,1,5,0.994929220779221,0.06662518113656692,0.7716,1.237,0.46540000000000015,1.237,0.014799999999999924,0.2762,-0.3319000000000001,9.673202614379036e-05,0.6088333333333331,-0.7254999999999967,3,0,0.35357987012987013,1.079394480965996,-2.695,2.94,5.635,2.94,-0.0525000000000001,4.6638,-3.8762,-0.0003431372549019252,10.164666666666733,-10.966833333333305,2,6,-0.4137506493506493,1.5169904436236004,-4.3925,4.025,8.4175,4.3925,4.3225,5.4075,-5.6875,0.028251633986928103,22.02066666666667,-18.87083333333334,3,6,-11.479148701298701,9.733507681135501,-25.55,0.9887,26.538700000000002,25.55,-1.2599,1.3388,-1.4087999999999994,-0.008234640522875805,15.050166666666627,-17.15016666666665,0,0
179,clean/right_turn.csv,44,right_turn,8.88,149,0.9981672472362457,1.2026470388272696,0.8141345220539417,0.388512516773328,9.363900031786741,23.074955637877185,0.3730257229736309,22.701929914903555,0.009870469798657718,0.04906299660221141,-0.1247,0.2104,0.3351,0.2104,0.034,0.2067,-0.1464,0.00022972972972972946,0.4714999999999995,-0.42666666666666747,1,7,0.08421208053691275,0.08956153849392537,-0.1176,0.296,0.41359999999999997,0.296,0.044700000000000004,0.16549999999999998,-0.1384,0.0003020270270270275,0.4768333333333328,-0.46183333333334275,2,10,0.9893677852348992,0.06781331714511415,0.8027,1.1949,0.3922000000000001,1.1949,-0.13080000000000003,0.2762,-0.3419000000000001,-0.0008837837837837839,0.38899999999999935,-0.5384999999999991,3,0,0.3345489932885906,1.1879227890107198,-2.4325,3.8238,6.2562999999999995,3.8238,1.0675000000000001,3.4124000000000003,-3.7187,0.007212837837837839,10.412500000000145,-11.418833333333342,2,2,-0.21446510067114094,1.453183267349145,-4.13,3.1237,7.2537,4.13,1.4875,5.109999999999999,-5.5912,0.010050675675675663,13.504000000000074,-16.537499999999984,2,8,-8.724334228187919,8.629449838291592,-23.0125,0.525,23.537499999999998,23.0125,-0.008699999999999986,1.4437999999999995,-1.4262000000000006,-5.878378378379081e-05,17.616666666666646,-12.833333333333336,0,0
180,clean/right_turn.csv,45,right_turn,8.1,136,1.0000104476500802,1.1464648315582995,0.8532367549514027,0.29322807660689676,11.600805124992398,24.886133105406312,0.0896657125104128,24.7964673928959,0.022777941176470588,0.044151848568617647,-0.0759,0.1257,0.2016,0.1257,0.021199999999999997,0.1218,-0.1362,0.0001570370370370366,0.26233333333333236,-0.2586666666666673,1,3,0.09947573529411766,0.08523639241572775,-0.0703,0.2538,0.32410000000000005,0.2538,0.0266,0.09030000000000002,-0.1084,0.00019703703703703693,0.4400000000000006,-0.36099999999999993,1,4,0.9902779411764705,0.05710511126008025,0.852,1.132,0.2799999999999999,1.132,0.05449999999999999,0.22960000000000003,-0.23399999999999999,0.00040370370370370365,0.4643333333333306,-0.4468333333333323,3,0,0.2524661764705882,1.0232449198303433,-3.9113,2.8438,6.7551000000000005,3.9113,-0.9886999999999999,5.0399,-3.2287999999999997,-0.007323703703703698,13.256166666666667,-12.89166666666667,2,3,-0.05867794117647057,1.1955475971869265,-2.7037,3.6662,6.3698999999999995,3.6662,-3.4475,3.8062,-6.1337,-0.025537037037037028,11.593833333333333,-8.706333333333344,2,8,-11.124466911764706,9.671229551085318,-24.8062,0.7175,25.5237,24.8062,-0.9274,1.8025000000000002,-1.1374999999999993,-0.0068696296296296465,21.087333333333277,-12.220833333333303,0,0
181,clean/right_turn.csv,46,right_turn,9.6,161,1.008457155432652,1.1128934989476755,0.847083378422691,0.26581012052498454,9.729971113036619,25.461687727642875,0.05603516752897237,25.405652560113904,0.02172111801242236,0.052928913896302804,-0.0953,0.121,0.2163,0.121,-0.039599999999999996,0.0997,-0.142,-0.0002474999999999996,0.2353333333333314,-0.23233333333333295,2,3,0.10419503105590062,0.08427124939832849,-0.0636,0.2925,0.35609999999999997,0.2925,0.0632,0.11019999999999999,-0.1086,0.00039499999999999984,0.33733333333333293,-0.30149999999999977,1,1,0.9979739130434783,0.05107619127555804,0.84,1.1068,0.26680000000000004,1.1068,0.13180000000000003,0.2420000000000001,-0.19180000000000008,0.0008237500000000002,0.39850000000000385,-0.403499999999994,2,0,0.31048819875776396,1.0000715103418156,-2.38,3.3512,5.731199999999999,3.3512,3.7974,3.9287,-2.6075,0.023733749999999987,12.381333333333322,-9.581333333333323,2,1,-0.20347950310559004,1.024504484563026,-2.7912,2.3275,5.1187000000000005,2.7912,1.1199999999999999,2.9924999999999997,-2.9313000000000002,0.007000000000000025,9.931333333333399,-10.748000000000005,2,2,-9.307337267080745,9.246207419003074,-25.4275,0.385,25.8125,25.4275,-0.44620000000000004,1.3125,-1.4787,-0.0027887499999999844,14.991999999999962,-16.625000000000057,0,0
182,clean/right_turn.csv,47,right_turn,8.22,138,1.0181593879796382,1.168162749791312,0.855930032187211,0.3122327176041011,13.232224189237403,24.64329262456622,0.1685602859513474,24.474732338614874,0.04455652173913044,0.03881647057388645,-0.0935,0.1141,0.2076,0.1141,0.045700000000000005,0.0784,-0.0967,0.00033357664233576637,0.2568333333333333,-0.27500000000000074,2,2,0.13325,0.08232623926509,-0.0864,0.2669,0.35330000000000006,0.2669,0.0923,0.1367,-0.15860000000000002,0.0006737226277372264,0.44708333333332956,-0.39666666666666495,1,4,1.004376086956522,0.055006650632204515,0.855,1.156,0.30099999999999993,1.156,0.057800000000000074,0.1703,-0.18320000000000003,0.0004218978102189786,0.6264999999999983,-0.4734999999999978,2,0,0.3763775362318841,0.9900740800284848,-2.4062,2.73,5.1362000000000005,2.73,1.2951000000000001,2.8612,-3.6662,0.009453284671532851,10.310333333333375,-10.062333333333322,2,2,-0.4963391304347826,1.018854171025126,-3.115,1.855,4.970000000000001,3.115,-1.7237,3.5875000000000004,-2.7386999999999997,-0.01258175182481753,9.960499999999977,-9.74166666666658,2,0,-12.864341304347827,8.956091245087071,-24.57,0.875,25.445,24.57,-0.7351000000000001,1.4875000000000007,-1.3125,-0.00536569343065698,15.91033333333332,-16.31866666666665,0,0
183,clean/right_turn.csv,48,right_turn,6.84,115,1.014868602629664,1.145257412113102,0.852187819673574,0.293069592439528,11.252694019413589,24.70432677447414,0.2657087315087707,24.43861804296537,0.0023843478260869564,0.04759715012717498,-0.1001,0.1233,0.2234,0.1233,-0.0954,0.1263,-0.1213,-0.0008368421052631573,0.2816666666666664,-0.3406666666666667,1,5,0.10156956521739129,0.08589534960137621,-0.1008,0.2963,0.3971,0.2963,0.004699999999999999,0.233,-0.1116,4.122807017544136e-05,0.4196666666666671,-0.44149999999999695,1,2,1.005175652173913,0.05506879683123065,0.8462,1.1351,0.28890000000000005,1.1351,-0.10050000000000003,0.28470000000000006,-0.2489,-0.0008815789473684214,0.33750000000000213,-0.40408333333333335,2,0,0.5053695652173913,1.1194113401478312,-3.5612,3.6312,7.1924,3.6312,-1.365,4.4799,-4.6899,-0.01197368421052634,12.83333333333333,-9.231166666666663,2,2,0.043368695652173904,1.421717409083867,-3.5175,4.795,8.3125,4.795,0.34119999999999995,4.55,-4.3662,0.0029929824561403234,14.277000000000017,-17.310333333333336,2,5,-10.675608695652173,9.627337129124463,-24.6225,0.6037,25.2262,24.6225,0.5862,1.6713000000000005,-1.715,0.005142105263157893,23.974999999999966,-16.187500000000043,0,0
184,clean/right_turn.csv,49,right_turn,6.3,106,1.0016558158036692,1.1398843844881814,0.851127187910244,0.2887571965779374,13.796538105155841,27.97801246068062,0.533391272894486,27.444621187786133,0.06421037735849057,0.03574445792339278,-0.031,0.1613,0.1923,0.1613,0.016099999999999996,0.0964,-0.11000000000000001,0.00015333333333333402,0.32533333333333386,-0.15933333333333316,1,0,0.10860283018867925,0.07793382474595222,-0.0927,0.2931,0.38580000000000003,0.2931,0.12469999999999999,0.1805,-0.1254,0.0011876190476190467,0.4516666666666673,-0.31816666666666515,1,3,0.9901386792452831,0.05567413107197943,0.8442,1.1231,0.27890000000000004,1.1231,0.026599999999999957,0.27890000000000004,-0.22349999999999992,0.00025333333333333295,0.41316666666666624,-0.3813333333333304,1,0,0.13859905660377364,1.2481776111782812,-3.7713,3.115,6.8863,3.7713,1.9862,4.3225,-4.1738,0.018916190476190486,15.516833333333318,-15.589833333333317,1,2,-0.14049811320754715,1.456930020215772,-5.635,3.4738,9.1088,5.635,-3.5875000000000004,4.637499999999999,-4.1387,-0.03416666666666667,14.349833333333319,-16.070833333333315,1,7,-13.296612264150943,9.90227585933757,-27.93,0.0787,28.0087,27.93,-12.2675,1.5225000000000009,-2.9138,-0.11683333333333333,19.2646666666667,-16.39166666666665,0,0
185,clean/right_turn.csv,50,right_turn,6.78,114,1.0094926172355734,1.1573458039842714,0.8968112621951176,0.2605345417891538,14.549750410819712,29.83804088960936,0.6444675631868527,29.193573326422506,0.0008394736842105268,0.04125809894946785,-0.0691,0.1091,0.1782,0.1091,-0.0562,0.0779,-0.0893,-0.0004973451327433633,0.20666666666666647,-0.2690000000000003,1,1,0.10834473684210527,0.0738275760793563,-0.0198,0.2618,0.28159999999999996,0.2618,-0.1111,0.10520000000000002,-0.1037,-0.0009831858407079639,0.22116666666666718,-0.28583333333333305,1,0,1.0001666666666666,0.041320439277249904,0.8962,1.1539,0.25769999999999993,1.1539,0.02210000000000001,0.20639999999999992,-0.2217999999999999,0.00019557522123893814,0.3740000000000041,-0.2674999999999983,2,0,0.3881447368421052,0.8426668544727041,-1.6975,3.29,4.9875,3.29,-0.7349000000000001,2.5987,-2.1875,-0.006503539823008847,11.287500000000051,-10.324999999999989,2,0,-0.20001666666666668,0.9671134926139073,-2.4325,2.0825,4.515000000000001,2.4325,-1.6537000000000002,2.8787,-2.3625,-0.014634513274336318,8.837499999999991,-7.7291666666666075,2,1,-14.309243859649122,10.925874659619033,-29.7938,0.0175,29.8113,29.7938,11.8912,1.4875000000000007,-1.4436999999999998,0.10523185840707963,16.814499999999995,-15.458333333333314,0,0
186,clean/right_turn.csv,51,right_turn,7.74,130,1.0091977329587762,1.1940777947855827,0.8437048180495357,0.35037297673604706,12.857122805520437,30.70544105496614,0.3238736327643854,30.381567422201755,0.03419615384615385,0.04539724474077328,-0.098,0.1244,0.2224,0.1244,-0.0945,0.1287,-0.1169,-0.0007325581395348837,0.35016666666666363,-0.39633333333333587,2,3,0.10507,0.09323457841596701,-0.052,0.3246,0.3766,0.3246,-0.0421,0.08779999999999999,-0.12390000000000001,-0.0003263565891472868,0.3116666666666671,-0.39583333333333504,1,2,0.9978823076923078,0.05681547374306385,0.8406,1.1529,0.3123,1.1529,-0.14950000000000008,0.2137,-0.24170000000000003,-0.001158914728682171,0.4851666666666681,-0.6310000000000029,3,0,0.39812230769230766,1.0600418600967718,-3.99,2.45,6.44,3.99,-0.8224,3.3513,-2.8175,-0.006375193798449605,16.814666666666593,-11.579166666666636,2,2,-0.38507153846153847,1.2190898596608237,-3.5787,2.7562,6.3349,3.5787,-3.5787000000000004,4.9787,-4.1563,-0.02774186046511626,10.762333333333402,-11.739333333333324,2,1,-12.378356153846154,11.473557740658197,-30.5987,0.56,31.1587,30.5987,-0.3849,1.793800000000001,-1.2774,-0.002983720930232572,21.42299999999993,-17.485499999999945,0,0
187,clean/right_turn.csv,52,right_turn,9.3,156,1.0080886736213195,1.1783302168747094,0.8768560315125854,0.301474185362124,9.789581726539899,26.919391709323595,0.3766532755731722,26.542738433750422,0.01380641025641026,0.044587269526231335,-0.089,0.1096,0.1986,0.1096,-0.0809,0.12390000000000001,-0.0878,-0.0005219354838709679,0.3861666666666664,-0.22550000000000212,2,7,0.07922307692307691,0.08447223467957851,-0.0814,0.286,0.36739999999999995,0.286,0.048799999999999996,0.1728,-0.17220000000000002,0.00031483870967742,0.3863333333333334,-0.34499999999999975,1,8,1.000426282051282,0.057060594970134514,0.8731,1.1741,0.30099999999999993,1.1741,0.050000000000000044,0.19099999999999995,-0.2378,0.0003225806451612906,0.6787499999999927,-0.4650000000000025,2,0,0.2759070512820513,1.0476370645324729,-2.415,2.5375,4.952500000000001,2.5375,-0.1838,3.01,-3.4737999999999998,-0.0011858064516129044,9.318833333333314,-9.056333333333324,2,1,-0.18924743589743587,1.161655465576201,-3.2025,2.8,6.0024999999999995,3.2025,1.5662,4.2525,-4.838699999999999,0.01010451612903228,8.604333333333347,-11.345666666666656,3,7,-9.176509615384616,9.833791872286872,-26.845,0.84,27.685,26.845,0.4025,1.566200000000002,-1.6100999999999992,0.002596774193548386,19.96449999999996,-15.23966666666665,0,0
188,clean/right_turn.csv,53,right_turn,6.24,105,1.0023320874546437,1.1226943217100547,0.86806132271862,0.25463299899143466,14.660030118335152,31.0135205394357,0.36957746143400033,30.643943078001698,0.041948571428571425,0.03456177054950286,-0.032,0.1193,0.1513,0.1193,-0.057699999999999994,0.07100000000000001,-0.0952,-0.0005548076923076923,0.1805,-0.34208333333333335,1,0,0.10935619047619045,0.0990590635039069,-0.1349,0.2868,0.42169999999999996,0.2868,-0.0378,0.08200000000000002,-0.1089,-0.0003634615384615383,0.39333333333333326,-0.40300000000000036,1,2,0.9901571428571428,0.048089959485288644,0.8678,1.1017,0.23389999999999989,1.1017,0.06140000000000001,0.16010000000000013,-0.1751999999999999,0.0005903846153846154,0.3831666666666642,-0.4251666666666658,2,0,0.14558761904761902,1.1303360132394293,-2.2487,2.6512,4.8999,2.6512,0.5075000000000001,2.765,-3.045,0.004879807692307668,12.133166666666655,-11.899833333333323,1,1,-0.021584761904761888,1.0096364521622614,-2.4675,2.1525,4.619999999999999,2.4675,-1.435,3.5787000000000004,-3.2724,-0.013798076923076923,11.753999999999998,-8.835,2,2,-14.30332761904762,11.605754086257049,-30.905,1.4438,32.348800000000004,30.905,0.7787999999999999,1.7413000000000025,-1.8550000000000004,0.007488461538461542,22.837500000000006,-22.42916666666666,0,0
189,clean/right_turn.csv,54,right_turn,6.54,110,1.0053114449241243,1.0991035028603995,0.9111109921409137,0.18799251071948575,15.516949461191857,31.625349906206573,0.29728669664147434,31.328063209565098,0.06835818181818182,0.04285366476533658,-0.0268,0.153,0.1798,0.153,-0.028800000000000003,0.059,-0.0624,-0.00026422018348623864,0.2174999999999997,-0.318333333333334,1,0,0.09042181818181819,0.07224268526740639,-0.0364,0.2463,0.2827,0.2463,-0.0297,0.10200000000000001,-0.08280000000000001,-0.0002724770642201837,0.24033333333333307,-0.3944999999999998,1,0,0.9954745454545455,0.03698493230602702,0.9098,1.0841,0.1743,1.0841,-0.0625,0.10909999999999997,-0.10990000000000011,-0.0005733944954128441,0.26099999999999923,-0.3051666666666666,2,0,0.1947318181818182,0.9487018724234623,-2.6512,3.885,6.536199999999999,3.885,-1.0413000000000001,2.9575,-2.8175,-0.00955321100917431,10.193833333333288,-11.98749999999994,2,1,-0.3189,0.7646063258814838,-2.345,1.3563,3.7013000000000003,2.345,-1.6626,2.6775,-2.03,-0.015253211009174306,5.031166666666662,-7.6443055555555555,2,0,-15.250697272727276,12.05680598302031,-31.6138,1.1025,32.716300000000004,31.6138,1.1375,2.0650000000000013,-1.8374999999999986,0.01043577981651377,26.075000000000017,-21.262499999999932,0,0
190,clean/right_u_turn.csv,0,right_u_turn,8.22,138,1.017193276261212,1.173679555926574,0.9013386156156852,0.27234094031088885,21.989752696114465,34.51883759181355,0.5869808940672601,33.93185669774629,0.02064420289855072,0.05848995174557257,-0.1032,0.1335,0.23670000000000002,0.1335,-0.0533,0.1461,-0.1254,-0.0003890510948905108,0.3319444444444445,-0.2801666666666664,2,5,0.16638985507246376,0.08292607497601552,-0.0456,0.3351,0.38070000000000004,0.3351,-0.0327,0.1615,-0.11649999999999999,-0.00023868613138686116,0.4649999999999994,-0.4133333333333338,1,0,0.9981884057971014,0.056195515150120404,0.8738,1.1424,0.26860000000000006,1.1424,0.05369999999999997,0.22870000000000001,-0.22110000000000007,0.00039197080291970783,0.4864999999999995,-0.5016666666666669,2,0,0.12148695652173913,1.231546185781044,-2.9662,4.0075,6.973700000000001,4.0075,-1.2951,3.1063,-3.3338,-0.009453284671532851,14.87483333333336,-16.187333333333317,2,7,-0.15901666666666667,1.2387205714953402,-4.4538,2.8438,7.2976,4.4538,-1.9076,3.8938,-4.2788,-0.01392408759124087,12.250166666666724,-10.89383333333338,2,5,-21.833657246376813,11.451524454032201,-34.3175,0.1138,34.4313,34.3175,0.0,1.9512,-1.4962,5.1864433267160596e-17,21.714499999999987,-17.179166666666646,0,0
191,clean/right_u_turn.csv,1,right_u_turn,8.82,148,1.0151849239409685,1.1467841688827067,0.8824503045497802,0.2643338643329265,20.492547025877155,36.83114193355943,0.38523573302589675,36.445906200533535,0.022017567567567568,0.06457989484764448,-0.1122,0.2049,0.3171,0.2049,-0.012199999999999999,0.1227,-0.1343,-8.299319727891214e-05,0.2984999999999996,-0.33166666666666755,1,1,0.16648513513513513,0.09548862407927472,-0.0798,0.356,0.43579999999999997,0.356,0.04869999999999999,0.157,-0.16490000000000002,0.0003312925170068029,0.5048333333333334,-0.5633333333333334,1,2,0.9946972972972972,0.05060168982409451,0.8667,1.1205,0.2538,1.1205,0.1489999999999999,0.22109999999999996,-0.20860000000000012,0.00101360544217687,0.6700000000000003,-0.48249999999999904,3,0,0.04825202702702704,1.3387265226239509,-5.8275,3.0275,8.855,5.8275,-1.2688000000000001,3.745,-6.125,-0.008631292517006828,17.412166666666682,-21.612500000000033,2,5,-0.26527837837837837,1.2524666853440343,-4.5588,2.8612,7.42,4.5588,2.485,3.15,-6.3526,0.01690476190476189,19.060333333333332,-15.852,2,5,-20.266064864864862,12.272148492962224,-36.7062,0.1575,36.8637,36.7062,0.035,2.2399999999999984,-1.8549000000000007,0.00023809523809526322,23.493666666666655,-18.229,0,0
192,clean/right_u_turn.csv,2,right_u_turn,8.82,148,1.0043185650457775,1.193683764654609,0.8555471933213269,0.3381365713332821,20.292078193472456,33.393310894548925,0.7292396313969778,32.664071263151946,0.016351351351351347,0.06878878199803855,-0.1511,0.1399,0.29100000000000004,0.1511,-0.1157,0.10039999999999999,-0.12660000000000002,-0.0007870748299319733,0.23616666666666647,-0.2978333333333339,1,1,0.15100135135135134,0.08619816907511971,-0.0581,0.2877,0.3458,0.2877,0.0606,0.1619,-0.1509,0.00041224489795918377,0.416333333333333,-0.4706666666666679,1,2,0.98669527027027,0.057494176379991144,0.853,1.1619,0.30889999999999995,1.1619,0.02279999999999993,0.2794,-0.21630000000000005,0.00015510204081632607,0.7023611111111029,-0.5718333333333332,2,0,0.12415337837837838,1.1611712602225135,-3.9462,3.3338,7.28,3.9462,3.2288,2.6775,-3.8587,0.021964625850340137,22.166666666666643,-15.29766666666668,2,6,-0.25771013513513513,1.3425961193495604,-3.7275,3.745,7.4725,3.745,-1.54,5.0137,-4.1825,-0.010476190476190488,13.373000000000062,-12.42500000000003,3,6,-20.086102702702703,11.979770325850522,-33.3725,0.2188,33.591300000000004,33.3725,0.043800000000000006,1.5837000000000003,-1.7761999999999993,0.0002979591836734517,19.32283333333332,-20.69399999999996,0,0
193,clean/right_u_turn.csv,3,right_u_turn,10.68,179,1.008345074962688,1.188887723883126,0.8478457170971615,0.3410420067859644,17.084688019273013,33.33669674232886,0.43605110938971364,32.900645632939145,0.012773184357541897,0.06498930384271094,-0.1447,0.2111,0.3558,0.2111,-0.10870000000000002,0.1638,-0.18330000000000002,-0.0006106741573033706,0.4481666666666677,-0.4690000000000011,1,5,0.13762346368715084,0.09627196324494788,-0.0647,0.3212,0.38589999999999997,0.3212,-0.052899999999999996,0.122,-0.1223,-0.0002971910112359554,0.4099999999999997,-0.3918333333333345,1,1,0.992036312849162,0.05446178713775976,0.8462,1.186,0.3398,1.186,-0.06509999999999994,0.1512,-0.28959999999999997,-0.0003657303370786513,0.5489999999999942,-0.5658333333333285,2,0,0.05758435754189942,1.1948375338203303,-3.9987,2.9662,6.9649,3.9987,0.4638,3.7275,-4.9,0.002605617977528121,17.251999999999978,-12.002166666666657,2,8,-0.2466150837988827,1.3270621643002516,-5.355,5.425,10.780000000000001,5.425,-2.4850999999999996,5.2237,-6.5975,-0.013961235955056208,19.08949999999999,-22.968833333333336,3,8,-16.780201117318434,13.085266858681946,-33.2938,0.315,33.608799999999995,33.2938,-0.2363,1.9075000000000024,-2.0825999999999993,-0.0013275280898876402,27.16883333333351,-22.239666666666665,0,0
194,clean/right_u_turn.csv,4,right_u_turn,8.4,141,1.0124372735142677,1.1079733345166751,0.9086935787161698,0.19927975580050528,21.55327489625938,30.267608324576955,0.23165910299403303,30.03594922158292,0.03902198581560284,0.04228982331517086,-0.0676,0.1359,0.2035,0.1359,-0.0495,0.09620000000000001,-0.0977,-0.0003535714285714288,0.2878333333333337,-0.3144999999999999,1,3,0.15453971631205676,0.0712305781844453,-0.0617,0.2806,0.3423,0.2806,-0.0659,0.1071,-0.1257,-0.00047071428571428525,0.40466666666666673,-0.3353333333333346,1,1,0.996486524822695,0.03537008465569689,0.9052,1.1031,0.19789999999999996,1.1031,0.03710000000000002,0.12259999999999993,-0.1348999999999999,0.00026500000000000015,0.3185000000000002,-0.3523333333333323,2,0,0.15607163120567377,1.0078575603956175,-2.485,3.1762,5.6612,3.1762,-0.0787,2.8875,-3.6311999999999998,-0.0005621428571428642,14.08733333333332,-11.754166666666706,2,4,-0.0710581560283688,0.9527266635561645,-3.3863,2.1175,5.5038,3.3863,0.9975,2.0563000000000002,-3.5613,0.007125000000000006,10.354000000000001,-10.062499999999991,2,1,-21.442529078014182,9.275066031482616,-30.2225,0.175,30.3975,30.2225,0.13129999999999997,1.8900000000000006,-1.6711999999999998,0.0009378571428571141,22.283333333333275,-19.556333333333313,0,0
195,clean/right_u_turn.csv,5,right_u_turn,8.34,140,1.009160861958922,1.1474354840251368,0.8812633431613958,0.2661721408637411,21.527906304763825,35.88278763655355,0.6251934740542322,35.257594162499316,0.023246428571428567,0.04931473054801819,-0.1193,0.1188,0.2381,0.1193,-0.0943,0.0737,-0.1142,-0.0006784172661870503,0.28950000000000015,-0.31333333333333535,1,1,0.15655428571428573,0.08567985028050902,-0.0407,0.3135,0.3542,0.3135,-0.0461,0.1345,-0.11130000000000001,-0.000331654676258993,0.4380000000000005,-0.5466666666666662,1,0,0.9919114285714287,0.038132627479889734,0.881,1.1063,0.22530000000000006,1.1063,-0.06670000000000009,0.1500999999999999,-0.14450000000000007,-0.0004798561151079143,0.33883333333333443,-0.4540000000000006,2,0,0.05843857142857143,1.2941347099766276,-4.0163,3.1675,7.1838,4.0163,-1.75,3.4212,-4.8563,-0.012589928057553955,15.983500000000026,-16.931500000000003,2,5,-0.2688107142857143,1.0430691660365465,-3.2812,2.4938,5.775,3.2812,-0.4200999999999999,3.5873999999999997,-3.8412,-0.003022302158273376,11.914500000000023,-9.814499999999992,1,1,-21.341492142857142,11.65382073987463,-35.8312,0.245,36.0762,35.8312,0.21,2.2575000000000003,-1.2338000000000022,0.001510791366906481,27.54783333333333,-16.98966666666672,0,0
196,clean/right_u_turn.csv,6,right_u_turn,8.22,138,1.0105181005183579,1.137749295758956,0.8232749601439363,0.3144743356150196,21.983146094648866,32.516795274749946,0.2215737800372598,32.295221494712685,0.02899057971014492,0.05095899580717895,-0.1069,0.1995,0.3064,0.1995,-0.10500000000000001,0.2025,-0.1364,-0.000766423357664234,0.39050000000000074,-0.29016666666666835,2,3,0.16067971014492755,0.08612981728027112,-0.0722,0.4056,0.4778,0.4056,0.007099999999999999,0.1525,-0.2048,5.1824817518247126e-05,0.5403333333333333,-0.47883333333333267,1,1,0.9923152173913042,0.05127619060485185,0.8054,1.1117,0.3062999999999999,1.1117,-0.07930000000000004,0.24480000000000002,-0.18079999999999996,-0.0005788321167883215,0.37600000000000033,-0.459833333333334,2,0,0.2538108695652174,1.0918316625606903,-2.8612,3.605,6.466200000000001,3.605,0.8313,3.5437,-5.7663,0.006067883211678836,12.979166666666654,-11.097833333333215,3,5,-0.35925507246376814,1.3819377285912737,-4.7337,2.5375,7.2712,4.7337,-2.0038,4.9526,-4.8649,-0.014626277372262738,12.585333333333322,-12.877166666666653,2,5,-21.814447826086955,11.39721186629174,-32.515,0.0613,32.5763,32.515,0.0,2.231200000000001,-2.3013,2.5932216633580298e-17,23.62499999999997,-20.4165,0,0
197,clean/right_u_turn.csv,7,right_u_turn,8.58,144,1.0116086307309824,1.1546870311907032,0.896977508079216,0.2577095231114872,21.184775889653785,34.09615137651169,0.7730521909935965,33.323099185518096,0.03287361111111111,0.05421339341924213,-0.116,0.1388,0.2548,0.1388,-0.186,0.1859,-0.1738,-0.0013006993006993012,0.29349999999999976,-0.3546666666666667,1,5,0.17251666666666668,0.09210390377670803,-0.0778,0.3462,0.424,0.3462,-0.0432,0.1254,-0.1779,-0.00030209790209790243,0.3831666666666662,-0.4780000000000033,1,2,0.9906916666666667,0.04506502140070672,0.8662,1.1031,0.2369,1.1031,-0.03869999999999996,0.20499999999999996,-0.2015,-0.00027062937062937033,0.39266666666666517,-0.4680000000000053,2,0,0.15032847222222223,1.2870537582929904,-3.2287,4.1213,7.35,4.1213,4.0075,4.6813,-3.8324999999999996,0.028024475524475526,17.09166666666667,-19.439499999999924,3,6,-0.3664104166666667,1.2519155188726718,-3.5438,3.8325,7.3763000000000005,3.8325,-3.9025,4.0075,-3.8062,-0.027290209790209765,11.389666666666667,-14.11666666666672,2,5,-20.918153472222222,11.551165453408407,-33.9675,0.3325,34.300000000000004,33.9675,-0.2538,2.598700000000001,-1.7850000000000001,-0.0017748251748251627,31.70416666666665,-18.316833333333307,0,0
198,clean/right_u_turn.csv,8,right_u_turn,9.18,154,1.013851818037475,1.157288231168018,0.870056429204451,0.2872318019635669,19.866140296822465,33.57276237800517,0.7780631850948868,32.79469919291029,0.03342727272727273,0.06579844672335494,-0.098,0.1598,0.25780000000000003,0.1598,-0.0788,0.0959,-0.0949,-0.0005150326797385624,0.3166666666666664,-0.36149999999999993,1,1,0.16611363636363635,0.1059134571292502,-0.047,0.3635,0.4105,0.3635,-0.057499999999999996,0.212,-0.1486,-0.00037581699346405116,0.41083333333333205,-0.5136666666666678,1,0,0.9920136363636365,0.05406479417973372,0.8481,1.1348,0.28670000000000007,1.1348,-0.04689999999999994,0.1765,-0.20960000000000012,-0.0003065359477124179,0.4648333333333312,-0.5487499999999952,2,0,0.27443051948051944,1.1782998584327908,-2.2487,3.1937,5.4424,3.1937,-2.52,3.7537000000000003,-3.5698999999999996,-0.016470588235294105,16.377000000000052,-13.285499999999999,3,6,-0.5344863636363637,1.2720527909703467,-4.5675,2.6775,7.245,4.5675,0.1926,4.742500000000001,-3.955,0.0012588235294117886,13.89783333333327,-12.818666666666651,3,4,-19.61659220779221,13.068868389253339,-33.495,0.4638,33.9588,33.495,0.3326,1.9075000000000024,-1.8548999999999989,0.0021738562091503225,23.683499999999995,-20.91250000000001,0,0
199,clean/right_u_turn.csv,9,right_u_turn,9.12,153,1.0107418648235675,1.1703902511555708,0.856446647491833,0.31394360366373786,19.948483613364267,35.411754814891616,0.3549783514525921,35.05677646343902,0.04322745098039215,0.05746981614553728,-0.1032,0.1517,0.2549,0.1517,-0.11710000000000001,0.1233,-0.11019999999999999,-0.0007703947368421057,0.2254999999999997,-0.36633333333333296,1,1,0.1641797385620915,0.08952636509598512,-0.0478,0.318,0.3658,0.318,0.016900000000000002,0.2328,-0.157,0.00011118421052631524,0.5099999999999992,-0.38733333333333364,1,0,0.9908013071895425,0.051352425232187256,0.8331,1.1483,0.31520000000000015,1.1483,-0.018000000000000016,0.23550000000000015,-0.2670000000000001,-0.00011842105263157905,0.5696666666666657,-0.34800000000000253,2,0,0.059303921568627446,1.253846034831816,-3.745,3.3775,7.1225000000000005,3.745,2.6862,3.7625,-5.0312,0.017672368421052645,12.264499999999895,-13.168999999999984,2,6,-0.32351960784313727,1.33399978976261,-4.6725,2.8788,7.5513,4.6725,-0.4988,4.952500000000001,-4.0512,-0.0032815789473683854,15.51683333333332,-13.081166666666673,2,5,-19.727817647058824,11.164321028687523,-35.3413,0.35,35.6913,35.3413,0.15749999999999997,1.8987000000000016,-1.4876000000000005,0.0010361842105263317,24.004166666666663,-12.99383333333337,0,0
200,clean/right_u_turn.csv,10,right_u_turn,9.54,160,1.0170457673909474,1.1560161287802173,0.8729504968782594,0.2830656319019579,19.207857769170527,33.024268911362746,0.7390667290576678,32.28520218230508,0.033023750000000004,0.06279661338412863,-0.1371,0.1566,0.29369999999999996,0.1566,-0.124,0.112,-0.10389999999999999,-0.0007798742138364779,0.20316666666666677,-0.3185,1,1,0.160765625,0.08533023165074136,-0.0432,0.3384,0.3816,0.3384,0.0332,0.12280000000000002,-0.12629999999999997,0.00020880503144654074,0.38366666666666704,-0.3504999999999978,1,0,0.9982187499999998,0.05227968830959522,0.8394,1.1448,0.3054,1.1448,0.19810000000000005,0.21319999999999995,-0.20540000000000003,0.001245911949685535,0.426499999999999,-0.4323333333333341,2,0,0.26053562500000005,1.0516968354779452,-4.4012,2.8875,7.2887,4.4012,-0.4637,2.7561999999999998,-5.0049,-0.0029163522012578377,17.456166666666707,-16.2021666666667,3,4,-0.35114875,1.17490389404836,-3.5262,2.275,5.8012,3.5262,2.135,4.5237,-4.5588,0.01342767295597484,11.433333333333346,-12.031166666666692,3,2,-19.002920625,11.4908149202946,-32.9437,0.21,33.1537,32.9437,-0.1487,1.8287000000000013,-1.9951000000000008,-0.000935220125786196,21.48133333333334,-16.085333333333296,0,0
201,clean/right_u_turn.csv,11,right_u_turn,9.96,167,1.0015273339356783,1.1414640861630294,0.9068762098544653,0.23458787630856415,18.079937714247496,32.065100215343165,0.3145135132232,31.750586702119964,0.0019209580838323351,0.0460406876529714,-0.1223,0.1225,0.24480000000000002,0.1225,0.048499999999999995,0.1308,-0.0868,0.0002921686746987953,0.2660000000000005,-0.30066666666666864,2,2,0.13681497005988025,0.07806201630117636,-0.0305,0.3554,0.3859,0.3554,0.0273,0.1756,-0.1091,0.0001644578313253013,0.32916666666666705,-0.3664999999999998,1,0,0.9880616766467066,0.04148231984620102,0.8958,1.1195,0.2236999999999999,1.1195,0.00550000000000006,0.16259999999999997,-0.14269999999999994,3.313253012048229e-05,0.5428333333333297,-0.3495000000000008,2,0,0.2185431137724551,0.8622280094607688,-2.5725,2.7213,5.293799999999999,2.7213,0.8925000000000001,2.3538,-2.9488,0.0053765060240963634,9.960500000000016,-11.447999999999986,2,2,-0.38788203592814374,0.9128749028369467,-2.9313,2.7037,5.635,2.9313,0.06130000000000002,2.9401,-3.0537,0.00036927710843374847,7.875000000000011,-11.258333333333368,2,3,-17.946616167664672,11.074263702236133,-31.9463,0.3762,32.3225,31.9463,-0.33249999999999996,2.1174999999999997,-1.4000000000000004,-0.0020030120481927256,21.933499999999825,-16.945833333333354,0,0
202,clean/right_u_turn.csv,12,right_u_turn,9.6,161,1.0137781591406037,1.149517437884263,0.8739080558044994,0.2756093820797636,19.185293755474085,33.562080230224105,0.5406460302268019,33.0214341999973,0.02281490683229814,0.05411837166247259,-0.0864,0.1574,0.24380000000000002,0.1574,-0.11510000000000001,0.10130000000000002,-0.1411,-0.0007193749999999992,0.29900000000000154,-0.3383333333333316,1,1,0.16061987577639752,0.09579292368168159,-0.0756,0.3672,0.4428,0.3672,-0.11330000000000001,0.18030000000000002,-0.14530000000000004,-0.0007081250000000001,0.3811666666666711,-0.3984999999999985,1,3,0.9949416149068323,0.05635041100006083,0.8593,1.1178,0.25849999999999995,1.1178,-0.05999999999999994,0.2227,-0.18569999999999998,-0.00037499999999999963,0.5726388888888897,-0.4913333333333316,3,0,0.42081677018633545,1.1263515943210196,-3.8675,4.5237,8.3912,4.5237,-0.8574999999999999,3.535,-4.602499999999999,-0.005359375000000007,14.218833333333247,-18.462500000000052,2,3,-0.4160844720496894,1.2566921776811042,-4.795,2.3012,7.0962,4.795,0.3588,5.5649999999999995,-5.0925,0.0022424999999999967,10.004166666666617,-13.722833333333408,3,3,-18.975763975155278,12.300024921974511,-33.4075,0.1925,33.6,33.4075,-0.1663,2.1962,-1.7761999999999993,-0.0010393750000000424,24.966666666666654,-17.296000000000006,0,0
203,clean/right_u_turn.csv,13,right_u_turn,8.82,148,1.008100237712819,1.134705697526896,0.8651250429851166,0.2695806545417795,20.65840115051002,33.217355685695395,0.7854214282791119,32.43193425741628,0.03178581081081081,0.05668698756506699,-0.096,0.1388,0.2348,0.1388,-0.1661,0.09259999999999999,-0.1258,-0.0011299319727891158,0.3278333333333329,-0.5156666666666655,2,3,0.17595945945945948,0.09583832108014481,-0.0419,0.3465,0.38839999999999997,0.3465,0.0364,0.13429999999999997,-0.12380000000000002,0.00024761904761904773,0.5535,-0.34233333333333316,1,0,0.985933108108108,0.049546114558307874,0.8647,1.1098,0.24509999999999987,1.1098,-0.07540000000000002,0.1957000000000001,-0.17399999999999993,-0.0005129251700680274,0.39333333333333265,-0.4711666666666696,2,0,0.09122297297297297,1.2883366058918364,-3.64,3.3512,6.9912,3.64,1.5224,3.5962,-4.952500000000001,0.010356462585034027,14.306333333333354,-16.406333333333272,2,5,-0.5676878378378379,1.3387376414010839,-3.815,2.9575,6.7725,3.815,-3.7625,4.27,-4.4975000000000005,-0.025595238095238074,14.62699999999991,-16.173000000000002,1,7,-20.423325675675677,11.549888355452529,-33.1888,0.245,33.4338,33.1888,0.1925,2.003700000000002,-2.266300000000001,0.0013095238095237787,24.64566666666667,-21.37916666666667,0,0
204,clean/right_u_turn.csv,14,right_u_turn,10.5,176,1.0195074600789957,1.1952273674912233,0.864669295164342,0.3305580723268813,17.608248166246018,33.36895110922727,0.19506137495670434,33.17388973427057,0.03138295454545455,0.06569914497654708,-0.1219,0.1828,0.30469999999999997,0.1828,-0.1105,0.1383,-0.1317,-0.0006314285714285724,0.2568333333333336,-0.4221666666666669,1,1,0.1548096590909091,0.11093544721605432,-0.0531,0.3916,0.4447,0.3916,0.0591,0.1826,-0.1805,0.000337714285714285,0.4531666666666665,-0.43180555555555566,1,2,0.9992755681818182,0.058589896981021856,0.8367,1.1306,0.29390000000000005,1.1306,-0.1109,0.20310000000000006,-0.26380000000000003,-0.0006337142857142857,0.6681666666666644,-0.4694999999999965,2,0,0.2714028409090909,1.1875726757395995,-4.4012,4.025,8.426200000000001,4.4012,-1.26,3.7187,-4.13,-0.007200000000000009,18.418666666666788,-14.364666666666558,3,10,-0.35238693181818187,1.3584967799950127,-4.8387,3.1762,8.0149,4.8387,-2.415,6.8512,-5.3112,-0.01379999999999999,13.912500000000088,-14.510333333333623,2,12,-17.22342613636364,13.066556008882213,-33.3638,0.1312,33.495,33.3638,0.11370000000000001,2.0563000000000002,-1.2774999999999999,0.000649714285714294,24.543666666666837,-15.064666666666653,0,0
205,clean/right_u_turn.csv,15,right_u_turn,8.88,149,1.0198716378486314,1.1241756980116586,0.8959268441117277,0.22824885389993088,20.288974660255867,32.10120169090248,0.26366408553308884,31.837537605369388,0.0426503355704698,0.05752849308628311,-0.0688,0.1774,0.2462,0.1774,-0.2302,0.10880000000000001,-0.09990000000000002,-0.0015554054054054062,0.1905000000000001,-0.3586666666666667,1,1,0.16582953020134228,0.08941761382756551,-0.0376,0.3231,0.3607,0.3231,0.021899999999999996,0.1168,-0.162,0.00014797297297297355,0.47050000000000003,-0.4131666666666649,1,0,0.999910067114094,0.04025719298656611,0.8865,1.099,0.21250000000000002,1.099,0.05380000000000007,0.14670000000000005,-0.1393000000000001,0.000363513513513514,0.3670000000000009,-0.40199999999999925,3,0,0.05790134228187918,1.12855686908323,-3.0887,2.66,5.7486999999999995,3.0887,-0.2625,2.7738,-3.4737999999999998,-0.0017736486486486446,10.135499999999944,-13.678999999999986,2,7,-0.16454228187919465,1.27459013545644,-4.3925,3.535,7.9275,4.3925,-3.5175,3.605,-3.0187,-0.02376689189189188,16.46466666666665,-10.966833333333334,1,5,-20.063754362416105,11.507124231820553,-31.99,0.0262,32.0162,31.99,-0.0087,1.6362000000000005,-1.6625000000000014,-5.878378378376681e-05,22.239500000000007,-20.008500000000026,0,0
206,clean/right_u_turn.csv,16,right_u_turn,9.24,155,1.0272285991092034,1.1856294277724384,0.8691696842389293,0.31645974353350914,19.616956998105643,33.12851964893693,0.5055540327205392,32.62296561621639,0.046979999999999994,0.06283823635376751,-0.1037,0.1672,0.2709,0.1672,-0.13640000000000002,0.1601,-0.112,-0.0008857142857142857,0.28600000000000014,-0.286666666666662,1,3,0.16502709677419355,0.09894952820062831,-0.048,0.4208,0.4688,0.4208,0.1074,0.1866,-0.1582,0.0006974025974025981,0.45333333333333004,-0.5655000000000008,1,0,1.0063038709677419,0.05559431074773488,0.8675,1.1803,0.31279999999999986,1.1803,-0.0998,0.19310000000000005,-0.2296999999999999,-0.000648051948051948,0.5303333333333295,-0.48199999999999754,2,0,0.33205032258064515,1.284527834642237,-3.9375,3.7887,7.7262,3.9375,-0.061299999999999966,4.4712,-6.2475000000000005,-0.0003980519480519489,13.387499999999992,-12.789500000000032,3,8,-0.3090187096774193,1.1581457917884455,-4.1737,3.0187,7.1924,4.1737,-0.0262,3.85,-4.3487,-0.00017012987012987303,8.82299999999993,-7.612500000000001,3,3,-19.371369032258063,12.399834566950322,-33.0137,0.5863,33.6,33.0137,-0.48130000000000006,1.7675,-1.9162,-0.0031253246753246582,17.77716666666663,-21.481333333333325,0,0
207,clean/right_u_turn.csv,17,right_u_turn,9.06,152,1.0058228362675632,1.138300325046075,0.8767440960736491,0.2615562289724259,19.432257240476527,33.21695524412194,0.6568347432954502,32.56012050082649,0.01370986842105263,0.044673339397930674,-0.0809,0.118,0.1989,0.118,0.1089,0.1086,-0.1498,0.0007211920529801325,0.3476666666666669,-0.2910000000000006,2,5,0.15001644736842107,0.08635302442318002,-0.0337,0.3155,0.3492,0.3155,-0.0521,0.1387,-0.1606,-0.0003450331125827815,0.39799999999999924,-0.2789999999999976,1,0,0.9898243421052633,0.04666877651654329,0.8706,1.1261,0.25550000000000006,1.1261,0.06540000000000012,0.16470000000000007,-0.20199999999999996,0.0004331125827814578,0.533000000000003,-0.48916666666666675,2,0,0.29893684210526317,1.046111059891371,-3.5175,3.0975,6.615,3.5175,0.2974,2.9575,-3.3688000000000002,0.0019695364238410708,14.67083333333332,-13.868666666666758,2,2,-0.40117697368421057,1.1591325643705115,-3.745,2.3888,6.1338,3.745,0.32380000000000003,3.7188,-4.1037,0.0021443708609271777,9.756333333333323,-11.38983333333332,3,4,-19.249766447368422,11.98149515665717,-33.215,0.4288,33.643800000000006,33.215,0.39380000000000004,1.3826,-1.6099999999999994,0.0026079470198674946,19.57099999999997,-21.40833333333333,0,0
208,clean/smooth_accel.csv,0,smooth_accel,14.58,244,1.010034304533867,1.3947142897382243,0.7589618501611264,0.6357524395770979,1.564202708645744,6.809621970418035,0.13151475202425011,6.678107218393785,-0.06950286885245902,0.08368442209888219,-0.294,0.1681,0.46209999999999996,0.294,0.0286,0.18679999999999997,-0.1986,0.00011769547325102932,0.6128333333333387,-0.8873333333333407,2,13,0.025409016393442622,0.05550953576049262,-0.1503,0.2372,0.38749999999999996,0.2372,0.08,0.24969999999999998,-0.2844,0.00032921810699588415,0.7609999999999983,-0.7843333333333309,3,26,1.0022024590163934,0.08255191304771695,0.7447,1.3915,0.6467999999999999,1.3915,-0.07409999999999994,0.6202,-0.4324,-0.0003049382716049376,0.9996666666666583,-1.1661666666666841,2,0,0.44109016393442624,1.3392003460028412,-3.7625,5.9938,9.7563,5.9938,1.4437,6.0462,-5.8538,0.005941152263374474,14.233166666666895,-15.473000000000347,2,16,-0.005414754098360638,1.5199067218060778,-6.37,5.7575,12.127500000000001,6.37,0.13119999999999998,7.6913,-9.0913,0.0005399176954732363,27.095666666666443,-20.4311666666665,3,20,0.19099672131147538,0.3845887544252408,-1.4175,1.3563,2.7738,1.4175,-0.14,1.5225,-1.6975,-0.000576131687242798,3.995666666666783,-5.29383333333329,2,0
209,clean/smooth_accel.csv,1,smooth_accel,10.26,172,1.0010919594140621,1.2820437629035912,0.7925995773402861,0.48944418556330516,1.9502336645794982,5.432904926464294,0.3293568581341521,5.103548068330142,-0.07369011627906978,0.07508098213495196,-0.2608,0.1532,0.414,0.2608,0.1532,0.1859,-0.14600000000000002,0.0008959064327485383,0.6023333333333308,-0.5186666666666662,0,8,0.004023837209302325,0.06689389399784981,-0.1735,0.214,0.38749999999999996,0.214,0.076,0.2049,-0.3738,0.0004444444444444455,0.5570000000000035,-0.6138333333333328,2,43,0.9930674418604651,0.09222113195674062,0.7569,1.2766,0.5196999999999999,1.2766,0.3037000000000001,0.4338000000000001,-0.30789999999999995,0.001776023391812866,0.9996666666666627,-0.9681666666666633,2,0,0.1650808139534884,1.4263552853476231,-4.2087,3.045,7.2537,4.2087,1.0150000000000001,4.6551,-6.44,0.0059356725146198705,21.68549999999995,-16.172833333333312,2,10,-0.15887151162790691,1.6332635746120179,-4.48,4.4713,8.9513,4.48,-0.9362000000000001,7.2887,-6.6850000000000005,-0.005474853801169629,15.268833333333319,-13.577333333333279,3,17,0.25094999999999995,0.39970757534661977,-0.8225,1.2162,2.0387,1.2162,-0.5513,1.2162,-1.1812,-0.0032239766081871455,4.258166666666673,-3.689499999999977,3,0
210,clean/smooth_accel.csv,2,smooth_accel,0.54,10,0.941445810849166,1.1053511930603774,0.7570075362900953,0.3483436567702821,4.178834750594734,7.3175077642596325,0.6983702957600645,6.619137468499568,-0.035930000000000004,0.14292451815167645,-0.2871,0.1415,0.4286,0.2871,0.0445,0.1903,-0.14490000000000003,0.004944444444444442,1.11,-0.9937916666666667,0,2,0.01828,0.11599798657256466,-0.1733,0.2054,0.37870000000000004,0.2054,-0.0776,0.2584,-0.2776,-0.008622222222222222,0.6971666666666667,-0.9040277777777779,0,3,0.9239499999999999,0.11364443819797487,0.7166,1.078,0.36140000000000005,1.078,-0.0726,0.3406999999999999,-0.17669999999999997,-0.008066666666666666,0.5033333333333339,-0.8677777777777766,0,0,-1.08851,2.6000107813665356,-7.2362,1.645,8.8812,7.2362,1.5663,7.4899000000000004,-4.6025,0.17403333333333337,33.67513888888886,-13.21216666666667,0,0,0.23362,4.218888066461747,-6.5975,7.1575,13.754999999999999,7.1575,2.6949,10.1937,-8.54,0.2994333333333333,13.314500000000002,-23.274833333333333,0,4,0.18986999999999996,0.9774391371219888,-1.61,1.75,3.3600000000000003,1.75,-2.2837,2.24,-2.24,-0.25374444444444444,5.425,-4.637499999999999,1,0
211,clean/smooth_accel.csv,3,smooth_accel,8.94,150,0.9963379865438817,1.0782777981577845,0.9364459834929083,0.14183181466487615,8.967581922329451,20.69902862914103,0.16509466981099055,20.53393395933004,-0.03523333333333333,0.0567231811882614,-0.153,0.0675,0.2205,0.153,0.009800000000000003,0.13069999999999998,-0.061500000000000006,6.577181208053675e-05,0.6608333333333326,-0.3059999999999997,1,4,0.011035999999999999,0.048829598626380526,-0.1059,0.0956,0.2015,0.1059,0.0829,0.07730000000000001,-0.0703,0.0005563758389261746,0.3566666666666644,-0.22866666666666607,2,2,0.9928539999999998,0.0226349098731681,0.9346,1.0774,0.14279999999999993,1.0774,-0.032200000000000006,0.1130000000000001,-0.11509999999999987,-0.00021610738255033562,0.1970833333333371,-0.24216666666666598,2,0,0.3224073333333334,0.8238521895427101,-1.6537,2.3975,4.0512,2.3975,1.0851,2.7737000000000003,-1.8375,0.007282550335570465,11.63733333333332,-7.233333333333327,2,0,0.2780186666666667,0.6739590790145421,-2.2662,1.8813,4.1475,2.2662,-0.7962,1.9249,-1.8287,-0.005343624161073816,7.539499999999987,-6.154000000000062,2,0,8.620903333333333,6.661056605277698,-1.575,20.5975,22.1725,20.5975,-4.9088,1.2074999999999996,-1.644899999999998,-0.03294496644295302,14.393833333333319,-20.577166666666642,2,0
212,clean/smooth_accel.csv,4,smooth_accel,22.56,377,0.9990821505387185,1.3887456318563165,0.6975204728178235,0.691225159038493,1.4656494306905825,7.249948250160134,0.19450997403732284,7.055438276122811,-0.05673103448275862,0.08414323064289095,-0.4783,0.1293,0.6076,0.4783,-0.0034000000000000002,0.2299,-0.3664,-9.042553191489694e-06,1.150000000000002,-1.1188333333333254,1,10,0.0017809018567639268,0.05207611303836425,-0.1785,0.1874,0.3659,0.1874,0.020200000000000003,0.2639,-0.2536,5.372340425531954e-05,0.5740000000000127,-0.6016666666666686,4,51,0.9923283819628649,0.08130647016848028,0.6544,1.3813,0.7269,1.3813,0.03320000000000001,0.5679,-0.6283,8.829787234042555e-05,1.255333333333323,-1.059999999999989,3,0,0.25059946949602124,1.274631436696354,-4.305,6.4138,10.7188,6.4138,1.2688000000000001,6.098699999999999,-6.5888,0.003374468085106381,26.964666666666886,-19.964500000000143,3,21,0.0743159151193634,1.541739920826285,-6.3875,6.475,12.8625,6.475,-1.5662,7.594900000000001,-11.06,-0.004165425531914893,25.083166666666074,-28.39383333333265,3,27,0.16685835543766578,0.3140485336364478,-0.9187,1.75,2.6687,1.75,-0.1925,1.7588,-1.5750000000000002,-0.0005119680851063835,4.185333333333352,-4.112499999999967,4,0
213,clean/smooth_accel.csv,5,smooth_accel,12.96,217,1.0025381162037663,1.4690239004182335,0.7738412111021228,0.6951826893161107,2.159204280409769,8.636227836850994,0.18623557662272802,8.449992260228266,-0.07787834101382489,0.0739004224980018,-0.2591,0.1074,0.3665,0.2591,0.0656,0.2284,-0.175,0.00030370370370370214,0.641833333333328,-0.5258333333333337,2,11,0.03447557603686636,0.06403607926009061,-0.1682,0.2889,0.45709999999999995,0.2889,-0.0166,0.288,-0.3006,-7.68518518518527e-05,0.7706666666666603,-0.7829999999999938,2,34,0.994,0.089677730110534,0.7587,1.4624,0.7036999999999999,1.4624,-0.05740000000000001,0.4665999999999999,-0.5156999999999999,-0.0002657407407407413,1.271333333333323,-1.1713333333333376,2,0,-0.06112903225806452,1.7114305744987588,-5.8275,4.83,10.657499999999999,5.8275,-0.37620000000000003,4.6025,-6.5625,-0.0017416666666666722,12.249833333333365,-14.0438333333337,3,19,0.0038723502304147507,2.0120151303114797,-6.6937,8.505,15.1987,8.505,-2.5025,15.1987,-5.9761999999999995,-0.011585648148148156,32.447833333333065,-35.116666666666895,2,17,0.23378617511520738,0.37620335282710876,-0.9013,1.5575,2.4588,1.5575,-0.09620000000000001,1.5137,-1.4700000000000002,-0.0004453703703703609,3.572833333333337,-3.645666666666678,3,0
214,clean/smooth_accel.csv,6,smooth_accel,8.34,140,0.9953278899009498,1.2999528953004411,0.7574496352893701,0.542503260011071,2.1683342946002533,6.057577089067872,0.15007208268029068,5.907505006387582,-0.0938192857142857,0.06916860007905463,-0.2969,0.0856,0.3825,0.2969,-0.16549999999999998,0.2457,-0.218,-0.0011906474820143876,0.6723333333333401,-0.43749999999999944,0,9,0.0004157142857142859,0.06986059219053861,-0.2691,0.2219,0.491,0.2691,-0.1293,0.33840000000000003,-0.29369999999999996,-0.0009302158273381291,0.568166666666659,-0.8288333333333258,3,17,0.9855214285714287,0.10183975194923245,0.7113,1.2988,0.5874999999999999,1.2988,-0.23670000000000002,0.3872,-0.4648,-0.0017028776978417267,1.0941666666666787,-0.8964999999999952,3,0,0.031122142857142876,1.6581748265503995,-5.18,5.74,10.92,5.74,2.275,6.2912,-7.0963,0.01636690647482016,13.489305555555442,-16.129000000000275,2,8,-0.09025214285714288,1.8579530287124724,-5.2325,5.6525,10.885,5.6525,-1.5663,5.9938,-9.66,-0.011268345323741007,14.656166666666651,-11.739499999999985,3,19,0.2586792857142858,0.37273818274652787,-0.9187,1.3825,2.3012,1.3825,-0.5338,1.5488,-1.5137,-0.0038402877697841643,4.097833333333313,-2.6833333333333345,1,0
215,clean/smooth_accel.csv,7,smooth_accel,13.02,218,0.9951771863698772,1.4769684763054358,0.48328071552670093,0.9936877607787349,2.1481626624340913,14.304984301983696,0.14794046099698352,14.157043840986713,-0.09574266055045871,0.07599849056398462,-0.3347,0.1805,0.5152,0.3347,0.1732,0.2397,-0.2561,0.0007981566820276508,0.6809999999999943,-0.7210000000000136,1,9,0.004069724770642203,0.0776206680687859,-0.2832,0.3899,0.6731,0.3899,-0.0774,0.5849,-0.4162,-0.0003566820276497689,1.501000000000013,-1.391833333333322,2,47,0.984147247706422,0.10666944123248608,0.4138,1.4628,1.0490000000000002,1.4628,0.08879999999999988,0.8083000000000001,-0.6549,0.0004092165898617501,2.4125000000000476,-1.592666666666653,3,0,0.16256100917431188,1.8676799809983555,-8.2338,6.6325,14.8663,8.2338,-0.6563,9.3976,-9.94,-0.0030244239631336462,37.77066666666635,-36.15216666666673,2,19,-0.10809082568807342,2.0923696385972863,-7.175,13.6412,20.8162,13.6412,0.3762,13.8162,-19.5474,0.0017336405529954054,31.631166666666402,-23.87283333333295,2,28,0.0400954128440367,0.4576550295384181,-1.3125,2.3625,3.675,2.3625,-0.05250000000000002,1.6625,-2.1612,-0.00024193548387096565,5.293833333333313,-7.860333333333268,3,0
216,clean/smooth_accel.csv,8,smooth_accel,9.18,154,1.0229879307641374,1.35871535282413,0.7631288357806957,0.5955865170434343,2.0156546795142,6.203249239713007,0.201701685664746,6.001547554048261,-0.08766298701298701,0.07587748893424946,-0.2752,0.1164,0.3916,0.2752,-0.028999999999999998,0.178,-0.2326,-0.00018954248366013178,0.467500000000004,-0.6831666666666609,2,4,0.01793181818181818,0.0710715737044669,-0.2243,0.3057,0.53,0.3057,-0.038099999999999995,0.264,-0.3489,-0.00024901960784313613,0.9368333333333434,-1.061166666666658,2,19,1.013485064935065,0.09867311768952533,0.7344,1.3522,0.6178,1.3522,0.09320000000000006,0.32519999999999993,-0.4169999999999999,0.0006091503267973861,1.3045000000000329,-1.0314999999999932,2,0,0.19677012987012987,1.4954292038331694,-3.9025,5.3812,9.2837,5.3812,-2.7737,7.9363,-6.903700000000001,-0.01812875816993467,14.524833333333426,-14.510499999999999,3,11,0.10738246753246755,1.7403688950527338,-6.0113,5.0837,11.095,6.0113,-1.7325000000000002,5.0138,-5.2238,-0.0113235294117647,25.229166666666572,-16.041666666666536,3,14,0.2681844155844156,0.36461528263459,-0.9712,1.47,2.4412,1.47,-0.09620000000000001,1.6625,-2.0825,-0.0006287581699346344,3.7770000000000064,-4.374999999999964,3,0
217,clean/smooth_accel.csv,9,smooth_accel,11.22,188,1.0098659302403197,1.5605518703330563,0.6409326719710894,0.9196191983619669,1.8402733939395914,13.808658142267118,0.08110104808200694,13.727557094185112,-0.09488244680851067,0.07127617117900155,-0.275,0.2667,0.5417000000000001,0.275,-0.0332,0.31529999999999997,-0.4212,-0.00017754010695187258,0.5863333333333509,-0.5306666666666666,1,5,0.03131436170212767,0.06256412117083694,-0.1383,0.3012,0.4395,0.3012,-0.031299999999999994,0.3825,-0.34140000000000004,-0.00016737967914438417,0.6238333333333281,-0.5942916666666618,3,16,1.0003792553191488,0.09006663870118123,0.6381,1.5154,0.8773000000000001,1.5154,-0.020299999999999985,0.5499999999999999,-0.8069000000000001,-0.00010855614973262023,1.5341666666666571,-1.7744999999999793,2,0,0.14432819148936168,1.9652301062975592,-13.79,5.8538,19.6438,13.79,3.1937,9.1087,-14.489999999999998,0.01707860962566845,25.81249999999979,-33.43966666666722,2,16,0.15149787234042555,1.4961158146696196,-4.6988,5.4163,10.1151,5.4163,1.19,6.387600000000001,-5.67,0.006363636363636367,25.435972222222013,-22.44399999999994,2,15,0.3170005319148936,0.3914604700673926,-0.98,2.03,3.01,2.03,-0.8138000000000001,1.5225,-1.4699,-0.004351871657754006,3.7769999999999726,-3.675000000000029,2,0
218,clean/smooth_accel.csv,10,smooth_accel,11.28,189,0.9987305614914327,1.3204015184783757,0.7164935798735395,0.6039079386048363,2.101508175993557,9.022975320258835,0.29348541701420194,8.729489903244634,-0.0843915343915344,0.08613619122407588,-0.3233,0.1059,0.42919999999999997,0.3233,0.053000000000000005,0.2647,-0.21760000000000002,0.0002819148936170218,0.6786111111111256,-0.5919999999999952,1,12,-0.00993862433862434,0.08448328640077997,-0.3128,0.3387,0.6515,0.3387,0.1621,0.6515,-0.3669,0.0008622340425531907,0.8836666666666595,-0.8756666666666677,2,52,0.9872396825396825,0.11176454525695717,0.6532,1.3156,0.6624000000000001,1.3156,0.04569999999999996,0.5576,-0.5151000000000001,0.00024308510638297852,1.4059999999999917,-0.9481666666666806,2,0,0.13722486772486772,1.6962803564337434,-6.9212,7.9975,14.9187,7.9975,-4.6899999999999995,12.5825,-9.8438,-0.024946808510638283,28.024166666667263,-15.03533333333321,3,17,0.11157566137566138,1.8789345988471515,-5.6,8.8725,14.4725,8.8725,1.3037999999999998,8.925,-9.4762,0.006935106382978735,18.462499999999885,-18.331333333333184,3,22,0.2451343915343915,0.32597213157914307,-0.665,1.4612,2.1262,1.4612,0.46380000000000005,1.2688000000000001,-1.2862,0.002467021276595745,2.945833333333309,-4.141666666666672,3,0
219,clean/smooth_accel.csv,11,smooth_accel,9.42,158,1.0069853911923112,1.4524325664208992,0.5331232033967382,0.919309363024161,2.555456524250768,11.12924329188647,0.20198995024505553,10.927253341641414,-0.07666012658227848,0.08750757123922304,-0.2732,0.2847,0.5579000000000001,0.2847,-0.031,0.3035,-0.4205,-0.00019745222929936306,1.0109999999999864,-0.7694999999999887,1,12,0.0005170886075949367,0.09498787196673672,-0.3211,0.2766,0.5977,0.3211,-0.011499999999999996,0.5977,-0.4293,-7.32484076433134e-05,0.7831666666666703,-0.7988333333333194,3,46,0.9952854430379748,0.12022261931262543,0.5055,1.4486,0.9431000000000002,1.4486,-0.05289999999999995,0.5478000000000001,-0.49240000000000006,-0.00033694267515923534,1.3323333333333576,-2.1156666666666526,2,0,0.035222151898734205,1.9618824605781058,-5.5388,6.6675,12.2063,6.6675,0.06119999999999992,8.4351,-6.4226,0.0003898089171973923,22.06449999999996,-16.362500000000107,3,22,-0.08623164556962039,2.235583847424379,-9.9575,5.6525,15.61,9.9575,2.6775,8.05,-15.61,0.01705414012738852,21.466500000000057,-20.985166666666604,2,26,0.22434620253164553,0.5481301574514765,-1.295,2.485,3.78,2.485,0.6912,2.17,-1.6713,0.004402547770700632,5.381499999999956,-4.797833333333341,2,0
220,clean/smooth_accel.csv,12,smooth_accel,12.18,204,0.9985269638501421,1.2086495521862406,0.7092820384022142,0.49936751378402644,1.8901178890936792,8.729481893560465,0.1622883236711748,8.56719356988929,-0.08678039215686274,0.07618679667778923,-0.2725,0.0849,0.35740000000000005,0.2725,0.0871,0.203,-0.189,0.00042906403940886733,0.5401666666666651,-0.3978333333333325,1,3,0.019613725490196077,0.05771120310123723,-0.1972,0.2264,0.4236,0.2264,0.009599999999999997,0.3687,-0.2363,4.729064039409016e-05,0.7035000000000106,-0.5823333333333284,2,24,0.9896828431372549,0.08438002208957604,0.6801,1.2033,0.5232,1.2033,0.045599999999999974,0.43810000000000004,-0.31910000000000016,0.00022463054187192105,1.1240277777777676,-0.9951666666666581,2,0,0.2034392156862745,1.7366399960535797,-6.055,7.4812,13.536200000000001,7.4812,1.3826,7.8925,-7.8137,0.006810837438423689,27.11050000000001,-29.23933333333329,3,17,0.014491176470588191,1.7144501552101439,-6.7725,6.7463,13.518799999999999,6.7725,-1.4263,8.5138,-7.84,-0.007026108374384269,23.82916666666675,-23.04166666666655,3,15,-0.0033401960784313726,0.4591545789185089,-1.4088,1.8375,3.2462999999999997,1.8375,-0.043800000000000006,1.6625,-1.365,-0.00021576354679802057,6.270833333333324,-6.971000000000094,2,0
221,clean/smooth_accel.csv,13,smooth_accel,9.96,167,1.000171680334395,1.240854649022197,0.7319798426186339,0.5088748064035631,1.723562776202342,7.034352302806563,0.1739305033626937,6.860421799443869,-0.07776047904191617,0.07786861498555844,-0.244,0.0707,0.3147,0.244,0.032100000000000004,0.1673,-0.1982,0.00019337349397590507,0.603166666666668,-0.4328333333333297,1,4,0.018174850299401198,0.05743280905939878,-0.1691,0.2155,0.3846,0.2155,0.05679999999999999,0.2475,-0.2222,0.00034216867469879543,0.5601666666666665,-0.48166666666666835,2,24,0.9920101796407185,0.09010358338670088,0.7138,1.2376,0.5238,1.2376,-0.0949000000000001,0.3173,-0.44409999999999994,-0.0005716867469879524,0.892666666666674,-1.3488888888888773,3,0,-0.030962275449101802,1.3929472714493412,-6.2387,4.585,10.823699999999999,6.2387,-2.0911999999999997,3.7275,-4.4013,-0.01259759036144576,18.22902777777762,-17.018833333333312,2,5,0.19234011976047904,1.402045688892539,-3.2462,6.9212,10.1674,6.9212,-1.2424,6.6499,-7.875,-0.007484337349397599,16.66899999999998,-14.364500000000039,3,12,0.25071137724550896,0.31648423749157223,-0.6562,1.2775,1.9337,1.2775,-0.1488,1.1113,-1.3124,-0.0008963855421686709,2.945833333333345,-3.120833333333315,3,0
222,clean/smooth_accel.csv,14,smooth_accel,8.7,146,1.0143745246310045,1.3751938117952685,0.6817811525702364,0.693412659225032,2.0017932311681124,6.125172391043374,0.34448531173331615,5.7806870793100575,-0.08563972602739726,0.08623057100864023,-0.2608,0.2264,0.48719999999999997,0.2608,-0.25670000000000004,0.34959999999999997,-0.305,-0.0017703448275862067,0.7453333333333334,-0.6153333333333346,1,15,0.02370821917808219,0.0724555440460818,-0.15,0.274,0.42400000000000004,0.274,0.028300000000000002,0.2852,-0.3603,0.00019517241379310622,0.6128333333333327,-0.6233333333333313,1,32,1.003922602739726,0.10128336880227497,0.6584,1.3535,0.6950999999999999,1.3535,-0.3527000000000001,0.49649999999999994,-0.5171,-0.0024324137931034493,0.8713333333333368,-1.41250000000003,1,0,0.12843082191780825,1.5867234234178207,-4.1475,4.445,8.592500000000001,4.445,2.2662,6.133800000000001,-6.8073999999999995,0.015628965517241338,16.421000000000024,-13.110333333333124,2,14,0.040215068493150694,1.5871694238635132,-5.9763,5.075,11.051300000000001,5.9763,-0.11379999999999998,7.227600000000001,-5.713699999999999,-0.000784827586206899,9.960499999999865,-13.355972222222507,3,8,0.23415205479452053,0.41938330672699164,-1.0063,1.2513,2.2576,1.2513,-1.575,1.3388,-1.8288,-0.010862068965517243,3.63133333333333,-3.4708333333333297,2,0
223,clean/smooth_accel.csv,15,smooth_accel,20.04,335,1.0050522085717606,1.3789039451680454,0.6935680355956436,0.6853359095724018,1.920212626424556,8.908978045769334,0.17810005614822247,8.730877989621112,-0.04964417910447761,0.07822824516607946,-0.3157,0.1879,0.5036,0.3157,0.0414,0.303,-0.24850000000000003,0.00012395209580838437,0.883333333333326,-0.7531666666666679,3,11,0.02300328358208955,0.06441434702733749,-0.1832,0.3709,0.5541,0.3709,-0.0471,0.3367,-0.4709,-0.00014101796407185526,0.6501666666666643,-0.8541666666666854,3,68,0.9982194029850746,0.10186412641916444,0.6242,1.3728,0.7486,1.3728,0.057399999999999896,0.4246000000000001,-0.4401999999999999,0.00017185628742514905,1.165666666666656,-1.454499999999995,3,0,0.15185850746268653,1.718804805404499,-6.37,7.0788,13.4488,7.0788,2.1962,7.3849,-7.805,0.00657544910179641,22.42916666666655,-19.206166666666668,3,24,0.21982000000000002,1.7165543836139279,-7.6213,5.8538,13.4751,7.6213,-1.7674999999999998,9.94,-7.8313,-0.005291916167664674,20.54799999999935,-19.074833333333338,5,29,0.11620865671641792,0.40313002354441524,-1.33,1.7325,3.0625,1.7325,0.5426000000000001,1.6713,-1.435,0.0016245508982035888,4.856333333333293,-4.695833333333295,4,0
224,clean/smooth_accel.csv,16,smooth_accel,8.52,143,1.0055117714651203,1.1211382341174525,0.9313791977492304,0.1897590363682221,2.7657015399509692,13.794867811617479,0.16155475851859022,13.633313053098888,-0.04989720279720279,0.06514024949903563,-0.1855,0.0952,0.2807,0.1855,-0.004200000000000009,0.07830000000000001,-0.0683,-2.957746478873236e-05,0.4501388888888985,-0.4359722222222222,0,2,0.004002097902097901,0.038807773775713636,-0.1937,0.1286,0.32230000000000003,0.1937,0.1354,0.1952,-0.17850000000000002,0.0009535211267605631,0.3423611111111184,-0.35999999999999927,0,1,1.0014265734265735,0.02666613601568279,0.9148,1.1193,0.20450000000000002,1.1193,0.04789999999999994,0.14229999999999998,-0.11109999999999987,0.0003373239436619714,0.33866666666666667,-0.28433333333333266,2,0,0.5913300699300699,0.9751932643439587,-3.2287,4.06,7.2886999999999995,4.06,0.2013,2.275,-3.1325,0.0014176056338028116,17.864666666666636,-13.256166666666637,1,1,-0.2423090909090909,0.6425542023401156,-2.5812,1.1287,3.7099,2.5812,-2.1613,2.5463,-3.045,-0.015220422535211272,8.078999999999997,-4.739833333333348,2,0,-2.1427685314685316,4.327423046653399,-13.58,0.9712,14.5512,13.58,-13.3088,0.7524,-1.5924999999999998,-0.09372394366197181,1.9541666666666677,-14.626999999999978,0,0
225,clean/smooth_accel.csv,17,smooth_accel,9.06,152,1.020169155217731,1.3132603930675744,0.8049770058827767,0.5082833871847977,2.0891208232662177,7.450582611447241,0.24762610928575363,7.202956502161488,-0.09476644736842106,0.06369082912356804,-0.2279,0.1403,0.36819999999999997,0.2279,0.007199999999999998,0.1529,-0.1401,4.768211920529754e-05,0.4390000000000016,-0.38633333333333286,1,2,0.02786315789473684,0.04957967256531162,-0.0859,0.2109,0.2968,0.2109,-0.006599999999999995,0.16670000000000001,-0.1905,-4.370860927152259e-05,0.5143333333333291,-0.4106666666666646,2,12,1.0120651315789473,0.08362859967395293,0.7935,1.2886,0.4951,1.2886,0.17569999999999997,0.4425,-0.34940000000000004,0.0011635761589403972,1.294027777777766,-0.767000000000003,2,0,0.7596960526315788,1.3027266523383914,-3.325,4.76,8.085,4.76,-3.2725,5.1188,-7.2887,-0.021672185430463575,14.495833333333564,-18.204583333333183,2,8,-0.1808157894736842,1.8167888382515451,-7.35,5.3463,12.6963,7.35,1.4787,6.1512,-9.24,0.009792715231788079,28.087666666666426,-24.45633333333313,2,20,-0.23487236842105264,0.4842976171868869,-1.6363,0.7175,2.3538,1.6363,-0.2188,1.1375000000000002,-1.1287,-0.0014490066225165497,3.7916666666666865,-4.054166666666668,2,0
226,clean/smooth_accel.csv,18,smooth_accel,12.84,215,0.9961913289268645,1.301183776412848,0.6438306376680129,0.6573531387448351,2.302051569560128,5.886196809485731,0.28767375618919433,5.598523053296536,-0.08035581395348838,0.0798221027360146,-0.3145,0.1101,0.4246,0.3145,-0.0121,0.221,-0.20629999999999998,-5.654205607476584e-05,0.53444444444444,-0.45083333333333303,1,12,0.020894418604651164,0.06243319170638628,-0.2157,0.1859,0.4016,0.2157,0.0819,0.30010000000000003,-0.3004,0.0003827102803738306,0.5471666666666621,-0.6113333333333378,4,30,0.9871874418604654,0.11004487139372218,0.641,1.2976,0.6566000000000001,1.2976,0.03370000000000006,0.5907,-0.5977,0.000157476635514019,1.3990277777777684,-0.8011666666666812,2,0,0.24101581395348837,1.63572115235251,-5.2413,5.0312,10.2725,5.2413,-3.3775,6.9738,-7.6301,-0.0157827102803738,15.939666666666533,-19.847999999999836,3,17,0.05368093023255812,1.840324341578065,-5.1013,5.6438,10.7451,5.6438,3.0012999999999996,8.75,-7.069999999999999,0.014024766355140198,19.526833333333173,-17.45616666666677,3,30,0.34405348837209304,0.8812365144852281,-1.1113,5.5388,6.6501,5.5388,-5.3375,1.3212,-1.4175,-0.02494158878504674,4.593833333333295,-8.064666666666664,1,0
227,clean/smooth_accel.csv,19,smooth_accel,19.14,320,1.0069840641497352,1.2753874117302553,0.6415992908350195,0.6337881208952357,3.920098153658985,19.112306614587364,0.28136076485537215,18.830945849731993,-0.06595999999999999,0.0701802731975411,-0.2281,0.1381,0.36619999999999997,0.2281,-0.1152,0.3096,-0.1713,-0.000361128526645768,0.9155555555555208,-0.2799999999999978,2,9,0.02411,0.04520640188247539,-0.1096,0.164,0.2736,0.164,-0.12390000000000001,0.1858,-0.2736,-0.00038840125391849487,0.42533333333334244,-0.41904166666667564,4,29,1.0009246875,0.07253926955009463,0.6257,1.2731,0.6473999999999999,1.2731,-0.13549999999999995,0.4509000000000001,-0.38129999999999986,-0.0004247648902821315,1.018833333333327,-0.8894999999999733,5,0,0.7138393749999999,1.229568982492675,-4.3225,4.3225,8.645,4.3225,-4.025,6.7462,-7.8312,-0.01261755485893416,12.76050000000021,-29.56777777777666,4,9,-0.1382775,1.4676852706640269,-4.41,6.3875,10.7975,6.3875,0.8924999999999998,7.77,-5.9063,0.0027978056426332053,23.712499999999665,-17.68950000000002,3,18,2.4953103125,5.395124027387736,-2.1,18.9088,21.0088,18.9088,-19.1101,2.6863,-1.7149999999999999,-0.059906269592476497,7.887083333333035,-17.42716666666672,0,1
228,clean/smooth_accel.csv,20,smooth_accel,12.78,214,1.0205457660437949,1.3835469851074809,0.73724978806372,0.6462971970437609,2.4145945028334355,8.986737328975405,0.22770087834701033,8.759036450628395,-0.07240654205607476,0.0826129311241615,-0.2338,0.1668,0.4006,0.2338,0.043899999999999995,0.3042,-0.2252,0.00020610328638497727,0.9254999999999923,-0.3994999999999971,2,12,0.03532710280373832,0.0694944562521559,-0.2386,0.2542,0.4928,0.2542,0.0040999999999999995,0.38029999999999997,-0.453,1.924882629107919e-05,0.4793333333333317,-0.4716666666666544,3,33,1.0113387850467288,0.11180562333284315,0.711,1.3776,0.6666,1.3776,-0.14360000000000006,0.4830000000000001,-0.42390000000000005,-0.0006741784037558693,1.1686666666666579,-0.9824999999999875,3,0,0.2365336448598131,1.837630723193632,-5.9938,6.6325,12.6263,6.6325,-0.11380000000000001,6.4399,-7.805,-0.0005342723004694727,18.17066666666676,-22.86650000000015,2,15,0.27108411214953265,2.114548704363811,-4.655,7.14,11.795,7.14,-2.0300000000000002,6.4225,-9.502500000000001,-0.009530516431924884,22.7791666666666,-29.152000000000204,3,27,0.1521855140186916,0.4904881736337963,-1.47,1.6013,3.0713,1.6013,-0.5424,1.4612,-1.7149999999999999,-0.002546478873239446,5.060499999999997,-3.9664999999999675,2,0
229,clean/smooth_accel.csv,21,smooth_accel,11.46,192,1.0083677015605634,1.3130341084678645,0.4574009510265583,0.8556331574413062,2.3883441146653914,10.083043247452625,0.25571738306184816,9.827325864390778,-0.07772499999999999,0.07273498045781653,-0.2562,0.1074,0.3636,0.2562,0.0366,0.1694,-0.1565,0.0001916230366492139,0.599166666666666,-0.32516666666666316,1,9,0.007291145833333334,0.07259276697083009,-0.1808,0.3199,0.5007,0.3199,-0.0016999999999999993,0.3382,-0.3357,-8.900523560208589e-06,0.4836666666666627,-0.6306666666666844,3,41,0.9996552083333334,0.11853399659884327,0.4429,1.3024,0.8594999999999999,1.3024,0.1059000000000001,0.5996999999999999,-0.706,0.0005544502617801047,1.1953333333333314,-1.417500000000028,3,0,0.6875125,1.7638081111127777,-4.8562,7.1137,11.969899999999999,7.1137,2.5025,8.3475,-8.9775,0.01310209424083774,17.981333333333186,-21.02900000000029,3,16,-0.3277145833333333,2.04794373498664,-9.065,5.8187,14.8837,9.065,0.6386999999999998,9.4675,-7.805,0.0033439790575916185,32.06866666666712,-20.810333333333162,3,24,-0.20822395833333332,0.40671812968518634,-1.5838,0.8838,2.4676,1.5838,0.4637,2.2663,-1.435,0.0024277486910994667,4.928999999999997,-3.7478333333333027,2,0
230,clean/smooth_accel.csv,22,smooth_accel,14.4,241,1.0089249837181817,1.3953837214185925,0.69592644007826,0.6994572813403325,3.8710921587138354,22.13914881222853,0.26744182544994716,21.871706986778584,-0.06086597510373445,0.07737018754543667,-0.2174,0.1395,0.3569,0.2174,-0.038700000000000005,0.2354,-0.1716,-0.0001612500000000005,0.5180000000000037,-0.529666666666669,0,10,0.02454439834024896,0.06913894027420918,-0.294,0.2865,0.5805,0.294,0.1252,0.5805,-0.3618,0.0005216666666666682,0.5705,-0.5751666666666638,4,33,1.001363070539419,0.0978778260836735,0.6856,1.3908,0.7052,1.3908,-0.07789999999999986,0.46429999999999993,-0.43799999999999994,-0.00032458333333333135,1.231166666666656,-1.1191666666666586,3,0,0.5951460580912863,1.7798472231003837,-4.5062,7.2712,11.7774,7.2712,-3.6575,6.405,-11.6375,-0.015239583333333322,19.454166666666655,-23.478999999999807,3,15,-0.25698381742738585,1.8370403279311442,-9.5288,5.53,15.058800000000002,9.5288,-1.8549,9.8438,-9.686300000000001,-0.007728750000000008,18.666666666666416,-20.039583333333166,4,21,1.4116526970954357,5.394737425206141,-2.4588,22.1375,24.5963,22.1375,-20.3788,1.6537,-2.0036999999999985,-0.08491166666666665,4.666666666666696,-23.02683333333333,0,1
231,clean/smooth_accel.csv,23,smooth_accel,8.58,144,0.9950001855183722,1.3826742711137716,0.6132872899384105,0.7693869811753611,3.179065967111154,9.96424859184073,0.2792129653150082,9.685035626525723,-0.025638194444444443,0.08040519326765828,-0.3872,0.1657,0.5529,0.3872,0.1163,0.4658,-0.3608,0.0008132867132867137,0.7556666666666696,-0.7746666666666646,1,34,0.003092361111111111,0.09135425633778388,-0.2277,0.2134,0.44110000000000005,0.2277,0.18760000000000002,0.37570000000000003,-0.357,0.0013118881118881136,0.8631666666666675,-0.9914999999999988,2,43,0.9868944444444444,0.14967568239025972,0.6124,1.3759,0.7634999999999998,1.3759,0.20409999999999995,0.5339999999999999,-0.5768,0.0014272727272727239,1.4333333333333318,-1.2074999999999907,2,0,0.191225,2.276834080717978,-5.3637,7.9887,13.3524,7.9887,-6.2388,10.185,-11.6112,-0.04362797202797196,17.981333333333314,-21.4666666666667,2,25,0.5349666666666667,2.711258374291877,-4.3225,8.6362,12.9587,8.6362,-1.8550000000000002,7.945,-12.3463,-0.012972027972027974,31.733499999999992,-26.00233333333336,2,29,0.16588472222222223,0.5532816692239343,-1.155,1.995,3.1500000000000004,1.995,-0.043699999999999996,2.0300000000000002,-2.4149,-0.00030559440559438123,5.206166666666661,-4.943666666666667,2,0
232,clean/smooth_accel.csv,24,smooth_accel,3.18,54,1.0085704977190548,1.276154265753165,0.8113488214079072,0.46480544434525783,1.8534088856187554,5.959800091446021,0.11102900521935698,5.848771086226664,-0.07136851851851851,0.0828337134538604,-0.222,0.1035,0.3255,0.222,-0.08199999999999999,0.1374,-0.1757,-0.0015471698113207562,0.705166666666666,-0.39816666666666645,0,2,0.015707407407407406,0.05654206265918689,-0.0981,0.2647,0.3628,0.2647,0.0436,0.3164,-0.3184,0.000822641509433962,0.2516666666666667,-0.2263888888888886,1,8,1.0010296296296295,0.08279975077355077,0.8101,1.2751,0.46499999999999986,1.2751,-0.08470000000000011,0.2549,-0.20710000000000006,-0.001598113207547172,0.6988888888888871,-0.7593333333333332,1,0,0.03564814814814816,1.2053876257055458,-2.52,2.415,4.9350000000000005,2.52,3.6662,4.471299999999999,-4.4013,0.06917358490566036,8.312499999999991,-9.595833333333323,1,5,0.03614074074074076,1.5001127661409535,-5.145,2.9925,8.1375,5.145,3.0625,7.7875,-6.895,0.057783018867924495,11.82472222222221,-12.13333333333332,1,4,-0.7236555555555557,0.8534864066224536,-2.5638,0.4725,3.0363,2.5638,-1.2163,0.8400000000000001,-0.9625000000000001,-0.022949056603773575,3.208333333333332,-5.395833333333328,0,0
233,clean/smooth_accel.csv,25,smooth_accel,5.46,92,1.0016696138014682,1.1546541300320197,0.8776574844436752,0.27699664558834447,11.087630218818202,26.364022708608033,0.3213859673352276,26.042636741272805,-0.08140543478260871,0.06197743716378812,-0.1647,0.0823,0.247,0.1647,-0.033,0.0949,-0.0707,-0.0003626373626373628,0.46566666666666723,-0.2781666666666664,1,2,0.010858695652173917,0.07255155067930863,-0.1657,0.1254,0.2911,0.1657,-0.1042,0.09910000000000001,-0.12329999999999999,-0.001145054945054945,0.3116666666666689,-0.34066666666666834,1,1,0.993754347826087,0.03799247008403743,0.8733,1.1486,0.2753000000000001,1.1486,-0.02510000000000001,0.26480000000000004,-0.18040000000000012,-0.00027582417582417595,0.48861111111111416,-0.36066666666667224,2,0,0.02501521739130434,1.0710913975771108,-3.5175,2.7125,6.23,3.5175,-2.0037,2.0913,-3.325,-0.022018681318681323,14.248000000000054,-10.383333333333335,2,3,0.15759891304347828,0.9797513596326888,-2.52,2.17,4.6899999999999995,2.52,-1.2687000000000002,2.5288,-3.8762999999999996,-0.013941758241758232,7.816666666666674,-7.976999999999958,2,1,10.857793478260872,8.797836361497824,-0.3938,26.1187,26.5125,26.1187,9.327499999999999,1.8111999999999995,-1.1900000000000013,0.10249999999999997,18.94399999999996,-14.145833333333336,0,0
234,clean/smooth_accel.csv,26,smooth_accel,11.28,189,1.0008846216408642,1.2790348001520522,0.6649738942244274,0.6140609059276247,2.242963878121865,6.915689137750482,0.21617788971122834,6.699511248039253,-0.07778042328042328,0.07741554483951273,-0.2601,0.094,0.35409999999999997,0.2601,-0.1053,0.18289999999999998,-0.2579,-0.0005601063829787246,0.5603333333333287,-0.6071666666666653,0,13,0.0366941798941799,0.06334999217442241,-0.1645,0.217,0.3815,0.217,-0.0058,0.2524,-0.2726,-3.085106382978738e-05,0.5253333333333352,-0.6766666666666613,3,22,0.9919148148148147,0.1037601002137869,0.619,1.27,0.651,1.27,-0.1834,0.34450000000000003,-0.3731,-0.0009755319148936171,1.2388333333333295,-1.237833333333331,3,0,0.20935079365079368,1.7022646462942543,-5.0312,6.6937,11.7249,6.6937,1.6800000000000002,11.094999999999999,-8.33,0.008936170212765906,19.97916666666653,-15.429000000000013,3,16,0.0724058201058201,1.9949325367513937,-5.5738,6.5012,12.075,6.5012,1.4613,7.91,-8.2426,0.0077728723404255394,18.929333333333542,-21.072833333333527,1,26,0.1614804232804233,0.4482325019876602,-0.7175,1.6013,2.3188,1.6013,0.3062,1.3562,-2.1263,0.0016287234042553157,4.6376666666667745,-4.127166666666632,3,0
235,clean/smooth_decel.csv,0,smooth_decel,5.4,91,1.0078524115943719,1.5534588794042794,0.6436401945186456,0.9098186848856338,2.930768863195258,9.889671863616103,0.6120358976399995,9.277635965976103,0.06892197802197801,0.0705917540072616,-0.0796,0.2968,0.3764,0.2968,-0.0358,0.2321,-0.311,-0.00039777777777777717,0.7738333333333346,-0.6348611111111058,1,2,0.04608131868131868,0.0791360500967064,-0.1206,0.3262,0.4468,0.3262,0.1043,0.3094,-0.303,0.0011588888888888896,0.5784999999999995,-0.6064999999999994,1,15,0.9993648351648352,0.12490262640564483,0.6401,1.5351,0.8949999999999999,1.5351,-0.2960999999999999,0.4512999999999999,-0.5730000000000001,-0.003289999999999999,1.0426666666666664,-1.2004999999999821,2,0,-0.25971648351648347,2.3404430678951815,-9.0212,5.0312,14.0524,9.0212,-3.8499999999999996,7.7963,-9.4762,-0.04277777777777783,22.458166666666735,-20.94166666666657,2,14,0.21817032967032968,2.5601122906576887,-5.5825,9.8612,15.4437,9.8612,-1.8025,9.065100000000001,-8.225,-0.020027777777777766,33.191666666666634,-38.8498333333333,2,11,0.09846923076923077,0.47904116772576905,-0.9625,1.5488,2.5113,1.5488,0.595,2.0213,-2.2487,0.006611111111111106,5.663333333333286,-3.0478333333333474,1,0
236,clean/smooth_decel.csv,1,smooth_decel,7.86,132,0.9982706963456862,1.2734593083408674,0.796109722337317,0.4773495860035504,1.6788033274171452,5.964625407349567,0.08838059741821164,5.876244809931356,0.043365909090909094,0.043245928775502034,-0.0669,0.1983,0.2652,0.1983,-0.06129999999999999,0.20240000000000002,-0.209,-0.0004679389312977103,0.7925000000000001,-0.2786666666666664,3,2,0.009336363636363636,0.05573879824165579,-0.1047,0.2711,0.3758,0.2711,-0.006999999999999996,0.3302,-0.224,-5.343511450381748e-05,0.5856666666666667,-0.42100000000000004,3,22,0.9949189393939393,0.07100117420013437,0.7878,1.2576,0.4698000000000001,1.2576,-0.17569999999999997,0.28470000000000006,-0.3558,-0.0013412213740458014,0.793333333333333,-0.551333333333333,2,0,0.027243181818181802,1.3140668100408242,-2.9838,4.55,7.533799999999999,4.55,1.3388,4.6025,-6.0812,0.010219847328244306,12.468833333333432,-12.118666666666682,2,7,0.21635984848484852,1.3354946422657739,-2.5812,4.97,7.5512,4.97,0.034899999999999994,3.8937,-5.7488,0.0002664122137404507,11.477166666666692,-16.873166666666698,2,5,0.20582954545454546,0.3364176384213723,-0.945,1.1375,2.0825,1.1375,0.42,1.3037,-1.0063,0.003206106870229008,3.8937222222222223,-4.520833333333329,2,0
237,clean/smooth_decel.csv,2,smooth_decel,3.78,64,1.0092028007163552,1.3045058451383038,0.7166359884906702,0.5878698566476336,2.7180951776923137,7.411399556089255,0.32874392770057365,7.0826556283886815,0.07439218750000001,0.06643017411714444,-0.0917,0.1974,0.2891,0.1974,-0.07880000000000001,0.2864,-0.1835,-0.001250793650793651,0.6458333333333339,-0.5128333333333329,1,4,0.012684375000000001,0.08789255745935508,-0.2394,0.2294,0.4688,0.2394,0.0703,0.3155,-0.2603,0.001115873015873018,0.7875000000000001,-0.6814999999999998,1,14,1.0007484375,0.1271227028693987,0.7113,1.3022,0.5909,1.3022,-0.27060000000000006,0.41070000000000007,-0.3414999999999999,-0.004295238095238096,1.0215000000000032,-1.0788333333333329,1,0,0.1732296875,2.2030163424218348,-5.9587,4.8738,10.8325,5.9587,0.40249999999999986,5.6175,-8.5225,0.006388888888888887,12.351999999999988,-21.087500000000013,1,9,-0.32921718749999995,2.2099841749454736,-7.2188,5.1975,12.4163,7.2188,1.8725,7.1925,-8.015,0.029722222222222146,21.189499999999985,-23.450166666666743,1,12,0.23692968749999999,0.4386336551045496,-0.7788,1.2425,2.0213,1.2425,-0.37629999999999997,1.1462999999999999,-1.3037999999999998,-0.005973015873015882,2.814666666666664,-3.7478333333333294,1,0
238,clean/smooth_decel.csv,3,smooth_decel,14.16,237,0.9993068641658948,1.3151170480227226,0.732007827826998,0.5831092201957245,11.395254420843928,32.153270066044605,0.49578461049128986,31.657485455553317,0.06711308016877637,0.05793747979911069,-0.088,0.244,0.33199999999999996,0.244,0.024600000000000004,0.2105,-0.2648,0.00010423728813559397,0.609791666666667,-0.654833333333336,4,10,-0.006840084388185652,0.0797928836191802,-0.2306,0.2054,0.436,0.2306,0.0222,0.2522,-0.2776,9.406779661016903e-05,0.5703333333333287,-0.7827777777777779,3,32,0.9922502109704641,0.07268117958922192,0.7261,1.2934,0.5673000000000001,1.2934,0.18109999999999993,0.32599999999999996,-0.27300000000000013,0.0007673728813559319,1.1081666666666674,-0.730833333333333,4,0,0.2388341772151898,2.572074821852647,-7.42,8.6625,16.0825,8.6625,0.08760000000000001,7.245100000000001,-6.4138,0.000371186440677997,28.335499999999964,-27.168833333333367,2,20,0.43107426160337553,1.9456946232001522,-6.5975,7.2537,13.8512,7.2537,7.5162,6.3175,-5.5825,0.03184830508474576,32.27279166666666,-26.10400000000001,4,20,7.537808438818564,12.915455874652585,-9.6337,31.3425,40.9762,31.3425,-2.0387,2.4412000000000003,-2.24,-0.008638559322033898,19.38133333333346,-20.125166666666793,1,1
239,clean/smooth_decel.csv,4,smooth_decel,2.76,47,0.9975364029942543,1.0571255554568721,0.9304149773085126,0.1267105781483595,2.164085583942063,9.708737694983833,0.5481867291352465,9.160550965848588,0.0729127659574468,0.04479669833049751,-0.0278,0.146,0.17379999999999998,0.146,-0.009999999999999998,0.0657,-0.053700000000000005,-0.00021739130434782582,0.29200000000000004,-0.39049999999999957,1,0,0.03965319148936171,0.023622859701199064,-0.0361,0.081,0.11710000000000001,0.081,0.057999999999999996,0.0558,-0.0687,0.0012608695652173915,0.22599999999999992,-0.1956666666666666,1,0,0.9928531914893618,0.02800578240807819,0.9273,1.0494,0.1221000000000001,1.0494,-0.009500000000000064,0.10379999999999989,-0.08649999999999991,-0.00020652173913043617,0.2596666666666696,-0.24500000000000455,1,0,0.3187170212765957,0.6421703235798011,-1.0588,1.7062,2.7649999999999997,1.7062,0.36749999999999994,1.2338,-2.1437999999999997,0.007989130434782622,8.137666666666666,-5.993833333333328,1,0,-0.142604255319149,0.8001951807982869,-2.0125,1.7587,3.7712000000000003,2.0125,2.0737,1.7500000000000002,-1.1112,0.04508043478260868,7.539666666666678,-4.491666666666669,1,0,1.7084765957446812,2.126428552067769,-0.455,9.6687,10.1237,9.6687,-10.1237,0.39369999999999994,-1.5574999999999992,-0.22008043478260864,0.8604999999999992,-16.87283333333334,0,0
240,clean/smooth_decel.csv,5,smooth_decel,14.34,240,0.9959967565749493,1.0777667372859492,0.9221706403914625,0.15559609689448672,1.241768343246012,10.139237246459913,0.19450997403732284,9.94472727242259,0.03165375,0.028670956586222193,-0.0247,0.1198,0.14450000000000002,0.1198,0.024,0.0693,-0.060399999999999995,0.00010041841004184115,0.23583333333333337,-0.20883333333333312,1,0,0.01333958333333333,0.021699180899483455,-0.0448,0.108,0.1528,0.108,-0.0313,0.0973,-0.129,-0.00013096234309623405,0.2966666666666671,-0.38449999999999945,2,0,0.9947666666666667,0.014309889685713657,0.9218,1.0707,0.14890000000000003,1.0707,0.012900000000000023,0.08000000000000007,-0.0855999999999999,5.3974895397489635e-05,0.1913333333333327,-0.19233333333333213,3,0,0.14485833333333334,0.7491170840533818,-3.4388,2.7738,6.2126,3.4388,-0.8750000000000001,2.2137000000000002,-3.0887000000000002,-0.0036610878661087853,16.872999999999987,-18.593833333333325,2,2,0.08800999999999999,0.45311917343995955,-2.2662,1.9338,4.2,2.2662,0.6825,2.275,-2.0913,0.002855648535564859,7.058499999999993,-8.326999999999993,2,0,-0.5195241666666668,2.0912159539626916,-10.0712,0.98,11.0512,10.0712,10.2637,1.3563,-0.8663000000000001,0.04294435146443514,8.224666666666664,-3.3686666666666687,0,0
241,clean/smooth_decel.csv,6,smooth_decel,6.66,112,1.0053223851127646,1.2732273520467583,0.7707665405296211,0.5024608115171372,2.1652248067488484,5.7456101016341155,0.10006532866083037,5.6455447729732855,0.05621964285714286,0.05032578340718578,-0.1154,0.1713,0.2867,0.1713,0.031999999999999994,0.1747,-0.1535,0.0002882882882882878,0.6227777777777778,-0.4046666666666665,2,3,0.021525892857142855,0.07586732343348743,-0.1169,0.2605,0.3774,0.2605,0.057100000000000005,0.2794,-0.2811,0.0005144144144144128,0.7229166666666667,-0.6588333333333339,2,25,0.9996464285714285,0.09002725005738958,0.7691,1.2607,0.4915999999999999,1.2607,-0.12169999999999992,0.2829999999999999,-0.3397,-0.0010963963963963967,0.8651388888888871,-0.9868055555555469,2,0,0.4279696428571428,1.8635967659118182,-4.4625,5.67,10.1325,5.67,-1.0062,9.345,-8.942499999999999,-0.009064864864864857,16.931333333333384,-15.166666666666675,2,13,0.09530892857142861,1.5618786986475397,-4.515,3.99,8.504999999999999,4.515,-1.4524,5.678800000000001,-5.88,-0.01308468468468466,16.1876666666667,-17.237333333333368,2,10,0.11781160714285714,0.39080046514526334,-0.8487,1.1988,2.0475000000000003,1.1988,-0.5162,1.1375,-1.3038,-0.004650450450450436,3.821000000000039,-3.5436666666666508,2,0
242,clean/smooth_decel.csv,7,smooth_decel,2.28,39,1.0155335322020425,1.2206105357565942,0.8497157524725548,0.37089478328403935,2.753746350090171,7.7972467095764,1.1310484383968706,6.666198271179529,0.043805128205128205,0.05891429970602682,-0.1003,0.1498,0.2501,0.1498,-0.1649,0.1483,-0.1676,-0.004339473684210526,0.5484722222222222,-0.4190416666666663,1,3,-0.01942051282051282,0.07315885807965819,-0.1398,0.1301,0.26990000000000003,0.1398,0.1039,0.245,-0.1828,0.002734210526315791,0.6256666666666668,-0.5606666666666669,1,12,1.0101564102564102,0.09110305845831324,0.8379,1.2196,0.38170000000000004,1.2196,-0.10560000000000003,0.25429999999999997,-0.24930000000000008,-0.002778947368421053,0.4876666666666658,-0.6951666666666689,1,0,0.7280487179487181,1.9203530324932987,-2.4675,7.14,9.6075,7.14,1.8899999999999997,5.5213,-8.6888,0.049736842105263065,13.574861111111199,-12.906166666666651,1,4,0.18128461538461538,2.144564880850691,-4.4887,4.8738,9.3625,4.8738,-2.8523999999999994,4.7776,-3.78,-0.07506315789473685,18.47733333333337,-14.991833333333345,1,6,0.6631974358974361,0.5334881419720886,-0.5688,1.5662,2.135,1.5662,-0.8574999999999999,1.295,-0.8663,-0.022565789473684202,4.039500000000002,-3.9375000000000018,1,0
243,clean/smooth_decel.csv,8,smooth_decel,32.64,86,1.0065691697279675,1.1849819829853954,0.8281232396207705,0.35685874336462486,3.441678190498412,8.184120779900551,0.2535990930583152,7.930521686842236,0.102096511627907,0.06848586019399645,-0.1013,0.2715,0.3728,0.2715,-0.028100000000000003,0.2545,-0.1851,-0.00033058823529411805,0.6448611111111111,-0.5646666666666667,1,2,-0.01860232558139535,0.07708731180672257,-0.2744,0.1357,0.41009999999999996,0.2744,0.079,0.3871,-0.352,0.0009294117647058851,0.6230000000000004,-1.318888888888889,1,12,0.9960534883720931,0.056612122371916096,0.8196,1.1522,0.3325999999999999,1.1522,0.06890000000000007,0.19109999999999994,-0.24280000000000002,0.0008105882352941185,0.5500000000000007,-0.5534999999999988,1,0,1.0201872093023254,2.229409590520562,-5.5738,6.2913,11.8651,6.2913,2.0825,6.5888,-5.4163,0.02449999999999999,29.35633333333334,-21.32083333333337,1,7,0.19025581395348842,1.7180147275685012,-4.2175,5.2325,9.45,5.2325,4.305000000000001,7.6038,-5.7225,0.05064705882352943,19.716499999999982,-14.860499999999984,1,5,1.074513953488372,2.698973025219377,-3.9813,8.0325,12.0138,8.0325,2.0213,1.855,-1.6974999999999998,0.023780000000000003,11.768833333333326,-11.331166666666654,1,1
244,clean/smooth_decel.csv,9,smooth_decel,1.56,27,0.9692760069570078,1.185677738679444,0.7286437950054883,0.45703394367395567,3.0599920979898125,5.788903717458082,0.8568336711404378,4.932070046317644,0.04909629629629629,0.058375610564960344,-0.0967,0.1952,0.2919,0.1952,-0.0647,0.0901,-0.12159999999999999,-0.002488461538461539,0.4580000000000011,-0.6203333333333326,1,1,0.022651851851851854,0.09753166495818509,-0.1949,0.18,0.3749,0.1949,-0.0412,0.3275,-0.35419999999999996,-0.0015846153846153824,0.6440000000000006,-0.6357916666666661,1,5,0.9614333333333334,0.1048083709222914,0.7151,1.1575,0.4424,1.1575,0.022499999999999964,0.2026,-0.2961999999999999,0.000865384615384614,0.5733333333333333,-0.9340000000000019,1,0,0.3866222222222221,2.7616651343170777,-5.32,5.67,10.99,5.67,-4.4799999999999995,5.6,-7.6387,-0.17230769230769222,16.420833333333338,-18.943833333333345,1,3,-0.8442074074074072,1.891731910166718,-4.935,3.2638,8.198799999999999,4.935,-1.7674999999999998,4.8474,-3.7624999999999997,-0.06798076923076922,9.391833333333334,-17.018666666666658,1,4,0.17046666666666666,0.45090647077261536,-0.7,1.3563,2.0563000000000002,1.3563,-0.7963,1.0938,-1.435,-0.030626923076923076,2.187666666666667,-2.8146666666666644,1,0
245,clean/smooth_decel.csv,10,smooth_decel,6.36,107,1.0030387535396188,1.4647124803182363,0.7977974304295545,0.6669150498886818,1.6893903149305072,5.856545819849785,0.31370358620838235,5.5428422336414025,0.054952336448598135,0.04850622474311035,-0.0624,0.2745,0.33690000000000003,0.2745,-0.017400000000000006,0.2097,-0.19860000000000003,-0.0001641509433962294,0.6772222222222222,-0.6193333333333331,2,2,0.009453271028037384,0.06321040832277158,-0.1139,0.3882,0.5021,0.3882,0.0927,0.4263,-0.4216,0.0008745283018867935,0.5898333333333334,-0.822666666666665,2,18,0.9987532710280376,0.07937534230234557,0.7937,1.3854,0.5917,1.3854,0.12739999999999996,0.5917,-0.3325,0.0012018867924528287,0.8341666666666674,-0.7928333333333324,2,0,0.2717392523364486,1.37277134910927,-5.005,5.355,10.36,5.355,1.645,6.37,-7.49,0.015518867924528267,15.458333333333334,-14.758333333333322,2,7,0.29807009345794394,1.3981615136823229,-4.34,4.5237,8.8637,4.5237,-2.8874999999999997,4.025,-8.1988,-0.027240566037735812,13.883333333333347,-12.6875,2,8,0.1877588785046729,0.3737176893216829,-1.085,1.54,2.625,1.54,0.47250000000000003,2.0388,-1.4525,0.004457547169811318,2.8873333333333324,-3.018666666666662,2,0
246,clean/smooth_decel.csv,11,smooth_decel,6.06,102,1.0033827715106904,1.259006707686659,0.6740576088139648,0.5849490988726941,2.9864478403672234,9.296303788603296,0.4010964721859318,8.895207316417364,0.06480686274509803,0.06643570294430357,-0.0866,0.2463,0.3329,0.2463,0.1038,0.2527,-0.2868,0.0010277227722772283,0.5339999999999996,-0.7883333333333385,2,16,0.009480392156862746,0.08887653137666694,-0.2605,0.2442,0.5047,0.2605,0.21489999999999998,0.3427,-0.2673,0.0021277227722772255,0.5523333333333369,-0.5841666666666667,1,29,0.9953019607843135,0.12702473835648354,0.6633,1.2432,0.5799000000000001,1.2432,0.11230000000000007,0.5414,-0.5486,0.0011118811881188125,1.0569999999999977,-1.0049999999999981,1,0,0.2039970588235294,2.301539745623424,-7.0525,5.3288,12.3813,7.0525,-0.5773999999999999,8.5225,-8.4438,-0.005716831683168369,20.67899999999999,-19.235499999999895,2,24,-0.0071156862745098,2.4799006270710815,-8.8725,6.0813,14.953800000000001,8.8725,9.065,8.7762,-8.2163,0.08975247524752476,30.435333333333304,-35.42299999999996,1,15,0.10113823529411764,0.5195048316500493,-1.3563,1.3825,2.7388000000000003,1.3825,-0.10500000000000001,1.8025,-2.1088,-0.0010396039603960477,3.8501666666666066,-3.150000000000016,2,0
247,clean/smooth_decel.csv,12,smooth_decel,12.48,209,1.0087623881416687,1.3986848465612258,0.615182932142952,0.7835019144182738,2.257303100341347,7.258279798271764,0.43335284699653237,6.8249269512752315,0.05812200956937799,0.05397588131054377,-0.151,0.2254,0.37639999999999996,0.2254,0.1205,0.2015,-0.1684,0.0005793269230769231,0.6953333333333334,-0.43766666666666687,3,9,0.012457894736842105,0.06836311243426828,-0.189,0.1541,0.34309999999999996,0.189,-0.0013000000000000095,0.2928,-0.2754,-6.2499999999994455e-06,0.6333333333333326,-0.8403333333333324,3,40,1.0034454545454545,0.1142971464366737,0.591,1.3825,0.7915000000000001,1.3825,0.4115,0.40759999999999985,-0.40689999999999993,0.0019783653846153822,1.0325833333333332,-1.0140000000000011,4,0,0.25182822966507173,1.4951885688309408,-4.8738,4.1213,8.9951,4.8738,3.7363,6.545,-5.407500000000001,0.01796298076923075,14.26249999999997,-15.035499999999985,3,19,0.39379425837320575,1.9809018065220345,-5.495,5.9587,11.453700000000001,5.9587,7.0262,6.6063,-8.6712,0.033779807692307706,19.264666666666667,-22.74999999999998,4,26,0.21921244019138755,0.4053448157460385,-0.8662,1.4525,2.3186999999999998,1.4525,1.1812,1.3476000000000001,-1.4525000000000001,0.005678846153846155,4.472222222222222,-3.893833333333335,3,0
248,clean/smooth_decel.csv,13,smooth_decel,5.52,93,0.9957267708829527,1.1780335521537577,0.7796502420957746,0.3983833100579831,1.227863277334138,3.362885805376091,0.201701685664746,3.1611841197113453,0.07098494623655914,0.04025042788386273,-0.0305,0.1635,0.194,0.1635,0.0102,0.12000000000000001,-0.1419,0.0001108695652173929,0.3523333333333334,-0.2633333333333333,1,0,0.01722258064516129,0.04425816586170054,-0.0886,0.1539,0.2425,0.1539,0.1192,0.2425,-0.21689999999999998,0.001295652173913043,0.3302916666666667,-0.24533333333333246,1,9,0.9913516129032258,0.055484309597405114,0.7793,1.167,0.38770000000000004,1.167,0.0048000000000001375,0.1917000000000001,-0.2603000000000001,5.2173913043479754e-05,0.5261666666666684,-0.41800000000000104,2,0,0.11836236559139787,0.824680081042495,-2.835,2.1088,4.9437999999999995,2.835,-1.4963,4.375,-3.2375,-0.01626413043478261,5.6435,-7.231111111111109,1,1,0.15693870967741932,1.151447644228046,-3.255,3.2638,6.5188,3.2638,-0.7261999999999998,4.1475,-5.4075,-0.00789347826086956,9.493833333333322,-14.012083333333335,1,5,0.2084924731182796,0.22912869282897078,-0.2537,0.7875,1.0412,0.7875,0.15749999999999997,0.6475,-0.7787,0.0017119565217391295,2.7706944444444446,-2.5664999999999996,2,0
249,clean/smooth_decel.csv,14,smooth_decel,3.54,60,1.0072868267583057,1.3920840024941024,0.7493028493206202,0.6427811531734822,2.760407257832698,7.318808817013873,0.5815257431962922,6.737283073817581,0.06146833333333333,0.0621084275830274,-0.0444,0.2193,0.2637,0.2193,0.026799999999999997,0.2191,-0.17400000000000002,0.000454237288135594,0.5298333333333329,-0.7713888888888883,1,0,0.01561,0.08544675951646385,-0.1735,0.195,0.3685,0.195,-0.0095,0.3614,-0.33399999999999996,-0.0001610169491525383,0.6964999999999993,-0.5791666666666667,1,17,1.0001966666666666,0.11803056910367692,0.7456,1.3747,0.6291,1.3747,0.15059999999999996,0.6291,-0.3196999999999999,0.0025525423728813552,1.3648333333333325,-1.1508333333333338,0,0,-0.256075,2.292564423405829,-4.7775,7.2975,12.075,7.2975,-4.0600000000000005,6.5187,-9.8262,-0.06881355932203391,11.433333333333321,-15.33694444444443,0,7,-0.03923666666666672,2.08883672995174,-3.92,4.9612,8.8812,4.9612,3.2987,4.637499999999999,-4.8388,0.05591016949152541,25.885333333333307,-15.85216666666665,1,7,0.09085499999999999,0.4804249977354973,-1.3475,1.3212,2.6687,1.3475,1.0412,2.2574,-1.4525,0.017647457627118647,2.5521666666666762,-2.8075000000000006,1,0
250,clean/smooth_decel.csv,15,smooth_decel,38.64,149,1.0066734808719147,1.3654425033665827,0.7770532092463166,0.5883892941202661,2.022136825659751,5.616983543682499,0.3186524438945981,5.298331099787902,0.0629496644295302,0.0475400210124018,-0.095,0.1723,0.2673,0.1723,0.1002,0.1811,-0.1813,0.0006770270270270267,0.8851388888888889,-0.42700000000000354,3,1,-0.006665771812080538,0.06141371531362725,-0.1388,0.1516,0.2904,0.1516,0.1603,0.2218,-0.2218,0.0010831081081081077,0.5458333333333357,-0.6634999999999993,2,32,1.0018389261744967,0.08697582353688978,0.7754,1.3545,0.5791000000000001,1.3545,0.123,0.32309999999999994,-0.517,0.0008310810810810826,1.7747222222222212,-0.7246666666666677,2,0,0.016619463087248352,1.6324662072028227,-5.32,4.8562,10.176200000000001,5.32,4.2787999999999995,7.42,-6.492500000000001,0.028910810810810803,17.062666666666647,-21.131333333333377,2,10,0.0910208053691275,1.5958927112584969,-3.8937,4.62,8.5137,4.62,1.4174,7.3237000000000005,-8.33,0.009577027027026976,21.12138888888889,-13.081166666666656,2,18,0.1709476510067114,0.4622297069323826,-0.9275,1.785,2.7125,1.785,0.4988,1.855,-1.6275,0.0033702702702702713,3.7186666666666675,-2.7124999999999986,2,0
251,clean/smooth_decel.csv,16,smooth_decel,3.48,59,0.9849128038543177,1.2623208704604387,0.48650642339027755,0.7758144470701611,3.0337620395634977,6.757185818815405,0.19678193514649664,6.560403883668908,0.06678813559322035,0.08467159089732958,-0.1835,0.2671,0.4506,0.2671,-0.145,0.24469999999999997,-0.35219999999999996,-0.0025000000000000005,0.6463888888888889,-0.7373333333333325,1,7,0.017871186440677967,0.08970162042677256,-0.1707,0.2433,0.414,0.2433,0.0464,0.3367,-0.3016,0.0008000000000000019,0.7263333333333326,-0.5174999999999995,1,19,0.9748796610169492,0.14494568873423497,0.4429,1.2351,0.7922,1.2351,-0.5698999999999999,0.37549999999999994,-0.4903,-0.009825862068965515,0.9771666666666654,-1.4012499999999992,1,0,-0.06970169491525424,2.1402135963731577,-6.2825,3.9462,10.2287,6.2825,1.3475000000000001,8.0412,-7.3237000000000005,0.02323275862068966,12.716666666666654,-13.37300000000005,1,4,-0.5675728813559321,2.7302200388039024,-6.6675,6.3787,13.0462,6.6675,-4.8213,6.8688,-7.4287,-0.0831258620689655,32.827166666666635,-33.74583333333331,1,7,0.16670338983050847,0.5066722847425562,-1.1287,1.05,2.1787,1.1287,0.23619999999999997,1.6362,-1.8987,0.004072413793103463,3.3978333333333404,-2.8291666666666835,1,0
252,clean/smooth_decel.csv,17,smooth_decel,3.48,59,1.0055188360754648,1.341718155947813,0.7218586565249461,0.619859499422867,4.015923008338261,9.464798597962876,0.7502168886395454,8.71458170932333,0.054469491525423734,0.06856919297759792,-0.0974,0.2066,0.304,0.2066,0.006900000000000003,0.304,-0.2248,0.00011896551724137733,0.5339999999999995,-0.415833333333333,1,14,-0.008338983050847454,0.10132263425681888,-0.2452,0.2119,0.4571,0.2452,0.0314,0.3179,-0.314,0.0005413793103448242,0.7514999999999998,-0.822333333333333,1,12,0.9968033898305085,0.14134370064650514,0.7172,1.3257,0.6085000000000002,1.3257,-0.16980000000000017,0.6085000000000002,-0.40370000000000006,-0.0029275862068965566,1.2396666666666647,-1.0996666666666677,0,0,0.14444915254237287,3.0277615453171003,-7.8137,7.98,15.793700000000001,7.98,-1.7238,9.205,-10.8063,-0.029720689655172418,31.806499999999964,-21.000166666666647,1,9,0.18464237288135593,3.565115999476778,-8.8375,8.8725,17.71,8.8725,-3.8500000000000005,12.5038,-9.4762,-0.06637931034482758,37.36249999999997,-44.0416666666668,1,10,0.12501694915254238,0.5740299145612723,-1.295,1.1988,2.4938000000000002,1.295,0.8401000000000001,1.4175,-1.9425,0.014484482758620689,6.183499999999995,-4.3459999999999965,1,0
253,clean/smooth_decel.csv,18,smooth_decel,9.12,153,0.9888682369656907,1.1902087589998656,0.7604451459507121,0.42976361304915345,2.091503208237141,8.162075792958554,0.20198995024505553,7.960085842713498,0.07031307189542484,0.05935882820521403,-0.0552,0.2383,0.2935,0.2383,-0.1824,0.193,-0.1701,-0.0012000000000000005,0.4856666666666662,-0.6494583333333335,3,2,0.006109150326797388,0.06954377962220437,-0.1981,0.2237,0.4218,0.2237,0.035500000000000004,0.2842,-0.2551,0.00023355263157894592,0.7579999999999991,-0.6924999999999993,3,27,0.9823477124183005,0.09212656703299638,0.7593,1.1841,0.42479999999999996,1.1841,-0.1309999999999999,0.28700000000000003,-0.27739999999999987,-0.0008618421052631572,0.8914999999999997,-0.9965000000000002,2,0,0.24929150326797378,1.4091510041019526,-3.71,3.2725,6.9825,3.71,2.8087999999999997,5.6788,-6.8774999999999995,0.018478947368421043,12.04600000000002,-10.004333333333259,2,11,0.08624313725490197,1.9139265970554902,-7.175,4.8913,12.0663,7.175,-3.9112,7.061299999999999,-8.1375,-0.02573157894736844,22.92516666666667,-25.083333333333332,2,14,0.2631862745098039,0.39407560256130514,-1.1725,1.785,2.9575,1.785,-1.855,2.2137000000000002,-1.75,-0.012203947368421052,3.7624999999999966,-4.144166666666755,3,0
254,clean/smooth_decel.csv,19,smooth_decel,2.88,49,1.057086134306796,1.3576754877363,0.8323570688112164,0.5253184189250836,3.139823975383352,10.241821737366845,0.549895162735589,9.691926574631255,0.09904081632653061,0.10330815537016617,-0.1584,0.4209,0.5793,0.4209,0.0601,0.3043,-0.3419,0.0012520833333333338,1.075999999999999,-0.9163333333333326,1,5,-0.016173469387755105,0.12108614663314127,-0.376,0.2952,0.6712,0.376,-0.028899999999999995,0.3662,-0.3355,-0.0006020833333333344,1.4766666666666652,-0.9853333333333338,1,13,1.041308163265306,0.11117804946109097,0.8318,1.3249,0.4931,1.3249,0.2179000000000001,0.32910000000000006,-0.3675999999999999,0.004539583333333336,1.0463888888888848,-0.6068055555555538,1,0,0.27339183673469386,2.2184995005856187,-4.4275,6.65,11.0775,6.65,1.6012000000000002,7.9187,-6.7462,0.03335833333333334,14.554166666666706,-19.629000000000048,1,6,0.7673163265306121,2.7705215446394247,-3.955,8.4525,12.4075,8.4525,3.0275999999999996,10.360000000000001,-9.8088,0.06307499999999995,23.831805555555526,-19.80433333333331,1,11,0.1508877551020408,0.6587684613582167,-1.75,1.6187,3.3687,1.75,1.8549,2.6512000000000002,-2.1875,0.03864375000000001,5.191666666666661,-5.468833333333336,0,0
255,clean/smooth_decel.csv,20,smooth_decel,11.94,200,1.0012513256408948,1.2914046732144033,0.7720177264804222,0.5193869467339811,2.2022309118255508,9.363308586712286,0.24072793772223447,9.122580648990052,0.060055,0.05145280000292213,-0.0756,0.2081,0.2837,0.2081,-0.137,0.23909999999999998,-0.1773,-0.0006884422110552767,0.545,-0.5401666666666711,3,9,0.007459500000000001,0.07205310722692863,-0.2214,0.2032,0.4246,0.2214,-0.026300000000000004,0.3198,-0.26780000000000004,-0.00013216080402009907,0.7815000000000027,-0.7779999999999996,3,43,0.99566,0.09681337691532478,0.7601,1.2767,0.5166,1.2767,-0.27560000000000007,0.4207000000000001,-0.40070000000000006,-0.0013849246231155783,1.084999999999999,-0.9216666666666689,3,0,0.29636799999999996,1.9100919684180329,-5.3025,8.6012,13.9037,8.6012,0.5863,6.5362,-7.175000000000001,0.0029462311557788834,39.156333333333336,-35.72900000000006,3,16,0.18812150000000002,1.7169871567282027,-4.4538,4.4363,8.8901,4.4538,-3.9987999999999997,6.2388,-6.6238,-0.02009447236180903,23.14383333333322,-19.73116666666671,3,24,0.2565485,0.4304845780716629,-0.9187,1.575,2.4937,1.575,0.49,1.4874999999999998,-1.3825,0.002462311557788943,5.089499999999998,-5.702166666666656,2,0
256,clean/smooth_decel.csv,21,smooth_decel,6.54,110,1.0063515184775136,1.135336196903807,0.8568170108021899,0.2785191861016171,31.098214586135885,38.048596765452466,2.754350457004337,35.29424630844813,0.06723181818181818,0.04172215421843878,-0.0435,0.1813,0.2248,0.1813,0.0144,0.0837,-0.10629999999999999,0.00013211009174311948,0.28066666666666745,-0.6051666666666704,2,0,-0.14572272727272725,0.07621661989656224,-0.2602,0.091,0.35119999999999996,0.2602,0.1169,0.1627,-0.2197,0.0010724770642201844,0.5701666666666689,-0.44483333333333613,0,5,0.9896863636363636,0.046537374695359436,0.8289,1.1222,0.2933000000000001,1.1222,-0.028900000000000037,0.23199999999999998,-0.21200000000000008,-0.0002651376146788994,0.29766666666666897,-0.3138333333333323,1,0,0.7000763636363637,1.2882118827464064,-3.9637,4.1213,8.084999999999999,4.1213,0.008700000000000041,4.2262,-5.0924,7.98165137614866e-05,11.462499999999999,-21.845833333333246,1,3,-0.47735272727272726,1.177892625027176,-3.465,2.9838,6.4488,3.465,2.4062,2.2575,-2.3625,0.02207522935779814,8.852166666666609,-5.673000000000076,1,1,30.994889999999998,10.03529472252214,1.855,37.9837,36.1287,37.9837,-29.898699999999998,0.980000000000004,-2.6424999999999983,-0.2743,7.40833333333336,-33.35199999999995,0,0
257,clean/smooth_decel.csv,22,smooth_decel,9.24,155,1.0050102748529854,1.4384460921424898,0.8074286903498042,0.6310174017926855,1.5528039986660092,6.4708065818721545,0.12912447482952255,6.341682107042632,0.07497483870967743,0.05236171223568837,-0.0884,0.3182,0.40659999999999996,0.3182,0.009600000000000001,0.256,-0.2704,6.233766233766214e-05,0.8276388888888889,-0.5121666666666671,3,2,0.03519870967741935,0.048989106908851214,-0.1244,0.177,0.3014,0.177,0.020800000000000003,0.2672,-0.19990000000000002,0.0001350649350649337,0.4701666666666671,-0.47316666666666674,2,13,0.9992987096774194,0.08400793019701529,0.8029,1.3986,0.5957000000000001,1.3986,0.0857,0.4151,-0.5883,0.0005564935064935065,0.9423333333333321,-0.8365000000000027,3,0,0.009829032258064535,1.0857035724076198,-2.5287,3.7538,6.282500000000001,3.7538,-1.2512,4.296200000000001,-4.3488,-0.00812467532467531,11.812500000000014,-12.468472222222223,2,3,0.06322774193548386,1.4327729269948133,-6.3263,3.535,9.8613,6.3263,-0.7525,5.0926,-7.6562,-0.004886363636363635,21.379333333333328,-19.71650000000001,1,13,0.27012580645161294,0.29957392423732293,-0.4812,1.33,1.8112000000000001,1.33,0.3325,0.9012,-1.3125,0.002159090909090899,3.762499999999997,-3.500166666666664,3,0
258,clean/smooth_decel.csv,23,smooth_decel,0.54,10,0.9625994990541556,1.3512344652205996,0.6058415799530436,0.7453928852675561,5.235064323986142,10.08289943121521,2.0124254346434802,8.07047399657173,0.04934,0.0702345309184402,-0.0229,0.1676,0.1905,0.1676,0.0616,0.1786,-0.1603,0.006844444444444444,0.53525,-0.4549583333333335,1,0,0.02493,0.13838302762020108,-0.1696,0.2721,0.4417,0.2721,0.2144,0.3882,-0.3399,0.023822222222222227,0.7940833333333335,-0.6450000000000002,1,2,0.9513499999999999,0.20696663848177185,0.6056,1.3129,0.7072999999999999,1.3129,0.08750000000000002,0.484,-0.5883999999999999,0.009722222222222224,1.1880555555555514,-1.6609722222222216,1,0,0.18637999999999993,3.304269975787222,-8.0938,3.4125,11.5063,8.0938,1.7673999999999999,9.2313,-11.4363,0.1963777777777777,11.681333333333335,-40.54194444444444,0,2,-2.98811,3.929128857774965,-7.4725,6.9738,14.4463,7.4725,2.1174999999999997,12.372499999999999,-12.8713,0.23527777777777764,15.618833333333331,-21.92375,0,2,0.22923999999999997,0.6732918290838759,-1.1725,1.4,2.5725,1.4,-0.7613,1.7850000000000001,-1.6363,-0.08458888888888888,1.1228333333333336,-8.519166666666667,0,0
259,clean/smooth_decel.csv,24,smooth_decel,9.66,162,1.0079866688486505,1.2237577211196666,0.7595303878055176,0.464227333314149,1.5757133814474054,5.078621682110216,0.26667759560938,4.811944086500836,0.07568518518518517,0.05139364489584076,-0.0991,0.1979,0.297,0.1979,0.0039000000000000007,0.20129999999999998,-0.1799,2.422360248447171e-05,0.6402777777777778,-0.4999999999999995,2,3,0.018094444444444444,0.05166607696851746,-0.1371,0.1708,0.3079,0.1708,-0.0314,0.2155,-0.21550000000000002,-0.00019503105590062118,0.5610000000000018,-0.5464999999999994,3,17,1.0025358024691358,0.08023597698132101,0.7586,1.2166,0.45799999999999985,1.2166,0.06430000000000002,0.29459999999999986,-0.25659999999999994,0.0003993788819875778,1.2674999999999992,-0.8470000000000031,2,0,0.20605864197530863,1.127299885073881,-3.3163,3.5175,6.8338,3.5175,0.20129999999999998,3.6574999999999998,-4.97,0.0012503105590061935,9.902166666666535,-12.6875,3,8,0.14804567901234567,1.3862104934179218,-3.5262,4.8475,8.3737,4.8475,0.5688,7.393800000000001,-5.9938,0.0035329192546583823,19.002166666666657,-14.40850000000009,2,6,0.26174444444444445,0.3306931416177897,-1.0412,1.0237,2.0648999999999997,1.0412,-0.5076,0.8136999999999999,-1.1374,-0.0031527950310558973,2.872833333333326,-2.9894999999999765,3,0
260,clean/smooth_decel.csv,25,smooth_decel,4.86,82,1.017934858504439,1.2750138312975274,0.8130901917991632,0.46192363949836424,2.8029640608882813,7.740174202819985,0.2503260473862039,7.489848155433782,0.07327073170731707,0.06096731665976912,-0.043,0.318,0.361,0.318,-0.0693,0.2967,-0.1433,-0.0008555555555555545,0.6634999999999995,-0.7724999999999991,1,0,0.0028865853658536582,0.08665793084490181,-0.284,0.3228,0.6068,0.3228,0.11140000000000001,0.3579,-0.32599999999999996,0.0013753086419753095,1.0226666666666657,-0.6743333333333326,1,14,1.010021951219512,0.10350431257716591,0.8115,1.2695,0.4580000000000001,1.2695,0.07009999999999994,0.34430000000000005,-0.2850999999999999,0.0008654320987654313,1.0731666666666655,-0.9418333333333324,1,0,-0.24563780487804876,2.348232774896125,-5.6,6.7638,12.3638,6.7638,3.395,9.695,-11.2263,0.041913580246913607,26.176944444444445,-11.40416666666665,2,13,-0.314039024390244,2.112804377064343,-6.4662,5.3288,11.795,6.4662,-0.8050999999999999,5.0837,-7.4988,-0.009939506172839533,16.785333333333366,-24.660333333333305,1,13,0.3076439024390244,0.47678123929905836,-1.0938,2.7037,3.7975000000000003,2.7037,-0.35,3.7975000000000003,-2.5287,-0.0043209876543209794,5.468999999999996,-5.191500000000023,1,0
261,clean/smooth_decel.csv,26,smooth_decel,3.0,51,1.0097886262750198,1.436733454750741,0.7010199212575916,0.7357135334931495,3.1269670404999865,10.547065391851897,0.2506989030690003,10.296366488782896,0.05144313725490196,0.07708204526321796,-0.0819,0.2394,0.32130000000000003,0.2394,-0.128,0.2854,-0.2774,-0.0025600000000000006,0.5978333333333343,-0.898999999999999,1,4,0.02203137254901961,0.0711085634510952,-0.0937,0.2025,0.2962,0.2025,0.0286,0.2253,-0.21639999999999998,0.0005720000000000002,0.7126666666666677,-0.4490000000000006,1,12,1.003476470588235,0.1398266649652137,0.6957,1.4021,0.7063999999999999,1.4021,0.017099999999999893,0.5179000000000001,-0.4192999999999999,0.00034199999999999785,1.1884999999999994,-1.1140000000000008,1,0,0.4544862745098039,2.179771183130891,-5.9675,6.8162,12.7837,6.8162,4.7163,6.9387,-6.7725,0.09432600000000005,14.130999999999984,-19.483166666666648,0,9,0.133478431372549,2.924332252348473,-4.865,10.4913,15.356300000000001,10.4913,-3.0975,6.606199999999999,-7.866199999999999,-0.06195000000000004,29.356333333333303,-28.45216666666664,1,8,0.17552156862745102,0.5191855811995265,-1.155,1.295,2.45,1.295,-1.9163000000000001,1.4874999999999998,-1.9601,-0.03832599999999999,4.929166666666662,-4.185499999999999,1,0
262,clean/smooth_decel.csv,27,smooth_decel,16.5,276,1.001519522017172,1.2634403270435846,0.7008440482732232,0.5625962787703613,11.25818823940325,30.440806866605886,0.36733747426583097,30.073469392340055,0.07621847826086955,0.045735698241919184,-0.0653,0.2426,0.3079,0.2426,0.0533,0.1927,-0.1862,0.00019381818181818142,0.49049999999999955,-0.5394999999999996,4,3,-0.03606449275362319,0.07629613482474921,-0.2542,0.171,0.4252,0.2542,0.0747,0.2349,-0.2355,0.00027163636363636414,0.6343333333333327,-0.5751666666666632,3,42,0.9940608695652173,0.08968764944651582,0.6955,1.2571,0.5616000000000001,1.2571,0.2024999999999999,0.3961999999999999,-0.4367000000000001,0.000736363636363636,1.1993333333333318,-0.8655000000000008,4,0,0.5890713768115942,1.78039909548789,-8.4,7.6125,16.0125,8.4,1.4438,8.4175,-5.3637,0.005250181818181836,35.78766666666637,-47.76033333333381,4,19,0.24766086956521743,1.7548800503711113,-4.3488,7.0788,11.4276,7.0788,2.8524999999999996,6.5013000000000005,-7.5162,0.01037272727272725,18.885333333333175,-23.537333333333137,3,30,10.059202173913043,11.916378741122916,-1.2337,30.3363,31.57,30.3363,19.88,2.5025000000000013,-1.8462,0.07229090909090909,24.368666666666797,-8.516500000000036,0,0
263,clean/smooth_decel.csv,28,smooth_decel,3.72,63,1.0087676853960477,1.0900292748362312,0.9201813408236444,0.1698479340125868,10.172273545234543,25.35694303223478,0.1718746054540926,25.18506842678069,0.061431746031746046,0.05580239278427574,-0.0583,0.153,0.2113,0.153,0.006399999999999996,0.0857,-0.07370000000000002,0.00010322580645161228,0.35083333333333294,-0.43166666666666625,1,2,-0.009293650793650791,0.03989724654181067,-0.1288,0.072,0.20079999999999998,0.1288,0.0706,0.1519,-0.10830000000000001,0.0011387096774193555,0.3539999999999996,-0.30549999999999966,1,5,1.0045650793650793,0.03172213106949742,0.914,1.0821,0.16810000000000003,1.0821,0.08179999999999998,0.11420000000000008,-0.07439999999999991,0.0013193548387096772,0.291666666666666,-0.3164999999999978,1,0,0.3155571428571428,1.7596453495973121,-4.5938,5.18,9.7738,5.18,-1.2599,2.2487000000000004,-3.1237,-0.020320967741935505,19.48316666666666,-19.191666666666666,1,3,0.22013968253968252,1.224595394345214,-3.4037,3.5262,6.9299,3.5262,2.7561999999999998,2.7562,-2.0386999999999995,0.044454838709677424,11.214500000000005,-10.82099999999999,1,2,9.868196825396824,8.451181906080782,0.0175,25.2875,25.270000000000003,25.2875,-25.0425,0.8313000000000006,-2.0913000000000004,-0.4039112903225807,1.3706666666666651,-14.918833333333296,0,0
264,clean/smooth_decel.csv,29,smooth_decel,26.4,441,1.007876819853106,1.4097899311599582,0.6701699485951307,0.7396199825648275,5.160568266698332,31.946499560828254,0.3932519167149729,31.55324764411328,0.06570816326530612,0.053144189595430866,-0.1108,0.2494,0.3602,0.2494,-0.1367,0.2675,-0.24209999999999998,-0.0003106818181818171,0.5651666666666659,-0.6215277777777909,7,13,-0.018919727891156462,0.07782428077475312,-0.2718,0.2128,0.4846,0.2718,-0.3923,0.36,-0.3033,-0.0008915909090909098,0.791999999999998,-0.5613333333333284,5,101,1.0012539682539683,0.10477424275290394,0.651,1.3976,0.7465999999999999,1.3976,-0.10880000000000012,0.4689,-0.4365,-0.00024727272727272803,1.4643333333333342,-1.547499999999986,6,0,0.22402879818594107,2.2922580902623784,-13.7725,7.245,21.017500000000002,13.7725,0.15749999999999975,7.175000000000001,-8.1287,0.00035795454545454086,20.591833333333774,-38.33966666666748,3,48,0.17779614512471653,2.383741632155522,-10.4475,12.5125,22.96,12.5125,6.5888,10.9725,-10.8499,0.014974545454545473,41.69383333333314,-44.26049999999963,6,45,1.5309505668934245,6.938246483783394,-9.8175,28.1225,37.94,28.1225,28.1138,2.1262999999999996,-1.7325000000000002,0.06389500000000001,13.06666666666694,-11.768666666666576,0,2
265,clean/smooth_decel.csv,30,smooth_decel,26.4,441,1.007876819853106,1.4097899311599582,0.6701699485951307,0.7396199825648275,5.160568266698332,31.946499560828254,0.3932519167149729,31.55324764411328,0.06570816326530612,0.053144189595430866,-0.1108,0.2494,0.3602,0.2494,-0.1367,0.2675,-0.24209999999999998,-0.0003106818181818171,0.5651666666666659,-0.6215277777777909,7,13,-0.018919727891156462,0.07782428077475312,-0.2718,0.2128,0.4846,0.2718,-0.3923,0.36,-0.3033,-0.0008915909090909098,0.791999999999998,-0.5613333333333284,5,101,1.0012539682539683,0.10477424275290394,0.651,1.3976,0.7465999999999999,1.3976,-0.10880000000000012,0.4689,-0.4365,-0.00024727272727272803,1.4643333333333342,-1.547499999999986,6,0,0.22402879818594107,2.2922580902623784,-13.7725,7.245,21.017500000000002,13.7725,0.15749999999999975,7.175000000000001,-8.1287,0.00035795454545454086,20.591833333333774,-38.33966666666748,3,48,0.17779614512471653,2.383741632155522,-10.4475,12.5125,22.96,12.5125,6.5888,10.9725,-10.8499,0.014974545454545473,41.69383333333314,-44.26049999999963,6,45,1.5309505668934245,6.938246483783394,-9.8175,28.1225,37.94,28.1225,28.1138,2.1262999999999996,-1.7325000000000002,0.06389500000000001,13.06666666666694,-11.768666666666576,0,2
266,clean/smooth_decel.csv,31,smooth_decel,5.22,88,0.997394800934133,1.193856381647307,0.8746856521059437,0.31917072954136316,8.302032122327994,28.26226927159247,0.17259472761356298,28.089674543978905,0.08927954545454544,0.06425174474860033,-0.0419,0.2297,0.2716,0.2297,0.020699999999999996,0.0919,-0.0803,0.00023793103448275921,0.43066666666666664,-0.6443333333333328,2,0,0.0053852272727272716,0.04444990604123016,-0.1686,0.0827,0.25129999999999997,0.1686,0.0744,0.0725,-0.07379999999999999,0.0008551724137931037,0.41566666666666674,-0.4002777777777777,1,1,0.9902988636363635,0.040981569993761895,0.8659,1.1909,0.32500000000000007,1.1909,0.0007999999999999119,0.2885000000000001,-0.23860000000000003,9.195402298849562e-06,0.23816666666666553,-0.38233333333333075,1,0,0.44385681818181816,1.3282992268479765,-2.9488,2.6775,5.6263000000000005,2.9488,3.2901,2.6337,-2.0911999999999997,0.037817241379310335,16.522833333333335,-8.72066666666668,2,3,-0.014017045454545428,1.348428917762385,-5.2325,2.7562,7.9887,5.2325,1.4524000000000001,2.8613,-3.1762,0.016694252873563208,8.925166666666666,-14.164041666666668,0,1,7.636661363636364,9.534310166722692,-0.7175,28.1925,28.91,28.1925,-16.9838,0.8838000000000001,-1.6448999999999998,-0.19521609195402298,10.981166666666638,-21.422833333333315,0,0
267,clean/smooth_decel.csv,32,smooth_decel,5.28,89,1.0214338678209338,1.402037264126742,0.5159997093022436,0.8860375548244984,3.102470490277779,7.831191284855708,0.6023934096585054,7.228797875197203,0.07712696629213482,0.06239858274185427,-0.1445,0.2257,0.3702,0.2257,-0.07360000000000001,0.2653,-0.2909,-0.0008363636363636361,0.5726666666666661,-0.6523611111111056,1,5,0.017040449438202248,0.07661982552467783,-0.2018,0.2376,0.4394,0.2376,-0.10149999999999999,0.3315,-0.26389999999999997,-0.0011534090909090895,0.6478333333333338,-0.5670000000000022,1,23,1.0138696629213482,0.1523812618256159,0.5105,1.3632,0.8527,1.3632,-0.011499999999999955,0.517,-0.7384999999999999,-0.00013068181818181893,1.4018333333333324,-1.1743333333333306,1,0,0.1680269662921349,2.173635842355763,-3.78,5.1275,8.9075,5.1275,5.2675,6.6675,-6.545,0.05985795454545455,16.552000000000064,-15.677166666666686,2,19,-0.021824719101123612,2.619240952906399,-6.685,5.53,12.215,6.685,-5.9324,8.1724,-7.6037,-0.0674136363636364,22.37083333333331,-26.480972222222,2,17,0.19584494382022474,0.5873168809415554,-1.505,2.1263,3.6313,2.1263,-0.4287,2.7038,-1.855,-0.0048715909090909,4.958499999999966,-5.220999999999999,1,0
268,clean/smooth_decel.csv,33,smooth_decel,19.98,334,1.0016351268689245,1.3009419433625775,0.7459425849219228,0.5549993584406547,9.583230896358716,30.61897530029377,0.10313980802774456,30.515835492266024,0.08343862275449102,0.06150257085294014,-0.1108,0.2525,0.3633,0.2525,-0.0595,0.2089,-0.1722,-0.00017867867867867783,0.47783333333333666,-0.6539999999999947,4,12,-0.013455389221556887,0.07353230715878768,-0.232,0.1781,0.4101,0.232,0.0337,0.2882,-0.2992,0.00010120120120120231,0.5705000000000038,-0.6495,3,37,0.9935299401197605,0.07983672641510978,0.7244,1.2964,0.572,1.2964,0.18140000000000012,0.3872,-0.37950000000000006,0.0005447447447447447,1.2315277777777764,-1.2368333333333332,4,0,0.7884425149700599,1.849116583844705,-4.6813,7.4812,12.162500000000001,7.4812,0.1662999999999999,6.16,-7.0,0.0004993993993993997,20.970666666666926,-28.539499999999766,4,21,-0.09525299401197604,1.5880816798004238,-7.5862,5.0487,12.6349,7.5862,8.05,6.0463000000000005,-5.8362,0.02417417417417419,21.96,-24.558166666666644,5,19,8.228431736526945,10.129785758674634,-2.0387,30.485,32.5237,30.485,14.3063,2.4499999999999993,-2.2225,0.04296186186186187,23.027000000000115,-26.84800000000017,1,1
269,clean/smooth_decel.csv,34,smooth_decel,23.7,396,1.011622429891147,1.418482936097576,0.6432220922822848,0.7752608438152911,5.7201115164298475,27.426096110821167,0.31790328718023664,27.10819282364093,0.06666666666666667,0.05217114290389597,-0.1616,0.2905,0.45209999999999995,0.2905,-0.021,0.2677,-0.2641,-5.3164556962025085e-05,0.6656666666666686,-0.6888333333333376,6,14,-0.020016161616161616,0.07441018061157514,-0.2482,0.2728,0.521,0.2728,-0.153,0.44020000000000004,-0.3815,-0.0003873417721518993,0.7816666666666655,-0.8023333333333353,6,69,1.0052378787878786,0.10286141385524115,0.6359,1.4098,0.7738999999999999,1.4098,-0.21120000000000005,0.6593,-0.5155,-0.0005346835443037968,1.2708333333333304,-1.3986666666666663,5,0,0.5672050505050505,2.228332398658498,-7.7438,13.3787,21.122500000000002,13.3787,-1.435,8.4263,-11.9087,-0.003632911392405066,36.41449999999982,-46.301999999999325,6,33,-0.045143434343434354,2.2069138491343714,-7.0175,8.7063,15.7238,8.7063,2.8525,11.9088,-10.9638,0.007221518987341768,34.13933333333333,-37.20216666666663,5,52,0.9542755050505052,8.053697043808459,-17.0275,27.3612,44.3887,27.3612,27.3351,2.5988,-1.7412,0.06920278481012658,22.83750000000049,-16.406333333333173,0,1
270,clean/smooth_decel.csv,35,smooth_decel,4.86,82,1.0024945369108802,1.0753290008178893,0.9521541681891647,0.12317483262872464,9.332146110225302,24.66027439162022,0.2276701341854043,24.432604257434814,0.0819829268292683,0.05586736454279496,-0.0268,0.2009,0.22769999999999999,0.2009,-0.018500000000000003,0.05600000000000001,-0.0852,-0.00022839506172839526,0.30466666666666636,-0.6016666666666661,1,0,0.012423170731707317,0.03935196137292799,-0.0995,0.0944,0.19390000000000002,0.0995,0.0947,0.11460000000000001,-0.1061,0.0011691358024691352,0.32366666666666677,-0.23449999999999996,1,1,0.9967695121951218,0.025537900611842454,0.9492,1.0659,0.11670000000000003,1.0659,0.030000000000000027,0.11580000000000013,-0.11670000000000003,0.0003703703703703707,0.21516666666666673,-0.25133333333333496,2,0,0.4636402439024391,1.0206730005439775,-1.715,3.8675,5.5825000000000005,3.8675,2.0563000000000002,4.1125,-2.5813,0.025386419753086416,10.237499999999997,-13.168666666666656,1,0,0.07437073170731708,0.857496172757223,-2.17,2.0475,4.217499999999999,2.17,-0.9976,1.6624999999999999,-2.5987,-0.012316049382716044,5.497999999999995,-11.25347222222222,2,1,8.98475975609756,8.548234010541458,-0.5163,24.5613,25.0776,24.5613,-12.0663,1.0061999999999998,-2.1788000000000025,-0.1489666666666667,11.229333333333336,-24.12100000000001,0,0
271,clean/smooth_decel.csv,36,smooth_decel,1.98,34,1.0048070621939724,1.3037010201729535,0.6288049459093018,0.6748960742636517,3.5372682668303654,11.166880895755984,0.5445385110348028,10.62234238472118,0.06528529411764705,0.09227363171847597,-0.2333,0.194,0.4273,0.2333,-0.0818,0.2381,-0.3997,-0.0024787878787878815,0.64375,-0.8224999999999991,1,7,0.042855882352941174,0.11359206169227183,-0.1634,0.2737,0.4371,0.2737,-0.1759,0.35009999999999997,-0.3258,-0.005330303030303036,0.7318055555555556,-0.8955000000000009,1,14,0.9915529411764706,0.16141304110750218,0.6099,1.2811,0.6711999999999999,1.2811,0.22309999999999997,0.4344,-0.4958,0.00676060606060606,2.250277777777776,-0.7089999999999996,1,0,0.12610294117647058,2.275492042625439,-4.3488,5.2937,9.6425,5.2937,2.4325,9.467600000000001,-6.8338,0.07371212121212121,11.55,-18.362499999999976,1,7,0.17551176470588228,3.6510944665255867,-8.715,10.7975,19.5125,10.7975,-3.7975000000000003,10.167499999999999,-7.6387,-0.11507575757575766,36.15216666666667,-25.01050000000002,1,6,0.1423235294117647,0.5806975700951732,-1.1113,1.6625,2.7738,1.6625,0.5774999999999999,1.8813,-2.59,0.017500000000000005,7.267361111111112,-4.068833333333332,1,0
272,clean/smooth_decel.csv,37,smooth_decel,22.56,377,0.9977075865593966,1.289048734532562,0.6925791290531357,0.5964696054794264,7.649519651707174,31.049857990818573,0.2533004737461026,30.796557517072472,0.06774403183023872,0.05043376499713479,-0.1254,0.3829,0.5083,0.3829,-0.09109999999999999,0.4157,-0.2562,-0.0002422872340425529,0.7173333333333333,-0.9343333333333343,6,8,-0.021226259946949606,0.07951144555015209,-0.3077,0.2011,0.5087999999999999,0.3077,-0.1152,0.364,-0.2991,-0.0003063829787234038,0.6493333333333472,-0.9751666666666584,4,77,0.9908679045092839,0.09019106494472276,0.6875,1.2708,0.5832999999999999,1.2708,-0.2556999999999999,0.3979999999999999,-0.45410000000000006,-0.0006800531914893612,0.9319999999999986,-1.0029999999999992,6,0,0.4366673740053051,2.124949146142879,-9.73,11.8387,21.5687,11.8387,0.07879999999999998,9.8437,-8.3825,0.00020957446808511046,51.98966666666648,-64.15199999999925,5,28,-0.08534297082228114,1.8028111861578384,-5.0662,10.9637,16.029899999999998,10.9637,3.0625,6.3175,-8.1899,0.008144946808510623,29.64799999999965,-40.4396666666659,5,39,6.12383872679045,10.890336319100705,-1.4,29.435,30.834999999999997,29.435,24.596300000000003,1.9863000000000017,-1.8725,0.0654156914893617,24.776833333333116,-10.689499999999953,0,0
273,clean/smooth_decel.csv,38,smooth_decel,2.76,47,1.0105282002185516,1.0977843640715603,0.9187447632503817,0.17903960082117865,5.497828378575828,16.45378804804535,0.26034196741977655,16.193446080625574,0.04448297872340425,0.027665386623383314,-0.001,0.1052,0.1062,0.1052,-0.0173,0.06989999999999999,-0.075,-0.0003760869565217392,0.16883333333333317,-0.22083333333333321,1,0,0.01278510638297872,0.04441750525815247,-0.052,0.1288,0.1808,0.1288,-0.09140000000000001,0.0884,-0.094,-0.0019869565217391313,0.2863333333333332,-0.4330000000000001,0,1,1.0081702127659573,0.04152455488803462,0.9157,1.0943,0.1786000000000001,1.0943,-0.07840000000000003,0.13560000000000005,-0.11850000000000005,-0.001704347826086957,0.42900000000000205,-0.3118333333333334,0,0,0.610640425531915,0.9246276413072346,-1.2162,2.2137,3.4299,2.2137,0.17499999999999993,1.9775,-2.1612,0.0038043478260869285,8.370833333333334,-9.041500000000001,1,0,-0.5486404255319149,1.0665063200570142,-3.29,1.7413,5.0313,3.29,0.595,3.4824,-2.1349,0.012934782608695666,6.926999999999991,-7.474166666666667,1,0,-5.0245510638297874,5.5682741130237625,-15.9688,0.2625,16.2313,15.9688,15.295,1.9512,-0.5863,0.3325000000000001,19.92083333333335,-1.4826388888889024,0,0
274,clean/smooth_decel.csv,39,smooth_decel,25.74,430,1.0131355686421317,1.5382258969345173,0.7324687160555051,0.8057571808790122,5.668131605295634,30.41255471330878,0.15286085175740713,30.259693861551373,0.06666023255813953,0.05289050416834029,-0.0642,0.2586,0.3228,0.2586,-0.0671,0.2778,-0.2777,-0.00015641025641025626,0.5649999999999973,-0.5444999999999995,6,12,-0.021229302325581394,0.07948542272697266,-0.2987,0.2333,0.532,0.2987,-0.21810000000000002,0.3699,-0.4566,-0.0005083916083916081,0.9195833333333334,-0.734166666666666,5,75,1.0063123255813953,0.111405655829299,0.7285,1.5301,0.8016,1.5301,-0.10949999999999993,0.5631,-0.4967999999999999,-0.0002552447552447556,1.413166666666669,-1.297833333333335,5,0,0.4303188372093022,2.4161172281342687,-11.27,8.33,19.6,11.27,-1.6363000000000003,9.7825,-9.703700000000001,-0.00381421911421909,30.202166666667313,-38.80633333333299,4,42,0.1374572093023256,2.383480677405061,-8.2075,13.2212,21.4287,13.2212,3.7275,10.8412,-11.7949,0.008688811188811204,45.047666666666615,-55.32899999999993,6,49,1.7370155813953487,8.048984830356794,-10.0625,30.3625,40.425,30.3625,27.2649,1.6975,-2.1701,0.06355454545454545,16.785333333333174,-14.437500000000291,0,1
275,clean/smooth_decel.csv,40,smooth_decel,25.74,430,1.0131355686421317,1.5382258969345173,0.7324687160555051,0.8057571808790122,5.668131605295634,30.41255471330878,0.15286085175740713,30.259693861551373,0.06666023255813953,0.05289050416834029,-0.0642,0.2586,0.3228,0.2586,-0.0671,0.2778,-0.2777,-0.00015641025641025626,0.5649999999999973,-0.5444999999999995,6,12,-0.021229302325581394,0.07948542272697266,-0.2987,0.2333,0.532,0.2987,-0.21810000000000002,0.3699,-0.4566,-0.0005083916083916081,0.9195833333333334,-0.734166666666666,5,75,1.0063123255813953,0.111405655829299,0.7285,1.5301,0.8016,1.5301,-0.10949999999999993,0.5631,-0.4967999999999999,-0.0002552447552447556,1.413166666666669,-1.297833333333335,5,0,0.4303188372093022,2.4161172281342687,-11.27,8.33,19.6,11.27,-1.6363000000000003,9.7825,-9.703700000000001,-0.00381421911421909,30.202166666667313,-38.80633333333299,4,42,0.1374572093023256,2.383480677405061,-8.2075,13.2212,21.4287,13.2212,3.7275,10.8412,-11.7949,0.008688811188811204,45.047666666666615,-55.32899999999993,6,49,1.7370155813953487,8.048984830356794,-10.0625,30.3625,40.425,30.3625,27.2649,1.6975,-2.1701,0.06355454545454545,16.785333333333174,-14.437500000000291,0,1
276,clean/smooth_decel.csv,41,smooth_decel,5.76,97,1.0156019932073486,1.404059945301482,0.5969521505112448,0.8071077947902371,3.0910565248211346,7.238373237820774,0.714992265692434,6.52338097212834,0.07570309278350515,0.06857247147727519,-0.1183,0.2638,0.3821,0.2638,-0.0214,0.2463,-0.264,-0.0002229166666666687,0.5860000000000016,-0.4759999999999924,1,4,0.021155670103092786,0.09042330886017923,-0.1747,0.2161,0.3908,0.2161,0.05510000000000001,0.3416,-0.2825,0.0005739583333333343,0.5656666666666661,-0.594666666666666,2,34,1.0066608247422681,0.16391570722268417,0.5961,1.3684,0.7723000000000001,1.3684,0.0042999999999999705,0.45220000000000005,-0.582,4.47916666666733e-05,1.9218333333333426,-1.5199999999999996,2,0,0.13205773195876294,2.2050113576727073,-4.83,4.3575,9.1875,4.83,1.8725,6.9475999999999996,-8.268799999999999,0.019505208333333347,13.081333333333319,-21.131166666666626,1,13,-0.04952577319587633,2.5944897670061557,-6.7375,6.0025,12.74,6.7375,3.6137,9.8,-10.106300000000001,0.03764270833333339,21.204166666666595,-16.843666666666522,1,26,0.15434020618556704,0.5527800509432214,-1.0412,2.0038,3.045,2.0038,0.9273999999999999,1.7238,-1.8463,0.009660416666666664,3.675,-3.850166666666691,2,0
277,clean/smooth_decel.csv,42,smooth_decel,16.62,278,1.0016710613220163,1.6819436078537235,0.6993599716884003,0.9825836361653233,11.168243599740354,32.961401831384535,0.2696768992702193,32.69172493211432,0.08957122302158274,0.06798876552407748,-0.0837,0.2867,0.3704,0.2867,0.011799999999999998,0.1977,-0.22089999999999999,4.259927797834027e-05,0.6804999999999991,-0.6259722222221986,3,9,-0.056453956834532366,0.1023911895931901,-0.279,0.3182,0.5972,0.3182,-0.12390000000000004,0.41680000000000006,-0.4014,-0.0004472924187725628,0.7308333333333391,-0.8683333333333308,3,56,0.9886071942446044,0.12751546470397115,0.6569,1.6405,0.9836,1.6405,0.15060000000000007,0.8293,-0.5360000000000001,0.0005436823104693152,1.433999999999985,-1.4328333333333312,4,0,0.35462913669064755,2.595066985129061,-12.985,11.1038,24.0888,12.985,-0.7701,12.7925,-24.0888,-0.0027801444043321307,41.69366666666649,-41.54800000000009,3,42,-0.11400791366906478,2.3604176384290945,-7.735,8.4525,16.1875,8.4525,-1.5487,10.4388,-8.1462,-0.005590974729241878,26.672833333333458,-29.662333333333414,4,36,9.012089928057554,13.23542535914564,-1.9688,32.7337,34.7025,32.7337,32.410000000000004,2.1526,-2.2751,0.11700361010830326,16.697999999999894,-6.970666666666688,0,0
278,clean/smooth_decel.csv,43,smooth_decel,4.02,68,0.987308173739977,1.2946592640536738,0.7275939114643551,0.5670653525893187,2.3199947145340105,6.503327427555836,0.8459213202183758,5.65740610733746,0.06505294117647056,0.048730552096588026,-0.0342,0.2308,0.265,0.2308,0.0149,0.1528,-0.1991,0.0002223880597014929,0.37066666666666664,-0.38083333333333325,1,0,-0.020152941176470585,0.061137240942214094,-0.1566,0.154,0.3106,0.1566,-0.1275,0.2138,-0.2834,-0.0019029850746268666,0.33866666666666645,-0.4951666666666664,2,10,0.9820029411764705,0.10195658861186765,0.7151,1.2714,0.5563000000000001,1.2714,-0.19020000000000015,0.3536,-0.4657000000000001,-0.002838805970149256,0.90111111111111,-1.171833333333331,1,0,-0.06253382352941178,1.5787890079188736,-4.375,5.7225,10.0975,5.7225,-0.8574999999999999,4.6463,-5.390000000000001,-0.012798507462686567,19.906166666666646,-12.935333333333322,1,5,-0.29568970588235294,1.7241095728364195,-4.2962,4.1038,8.399999999999999,4.2962,0.07,4.3312,-6.895,0.0010447761194030424,15.924999999999985,-14.947999999999983,1,7,0.40546029411764706,0.965422967105526,-2.2225,1.89,4.1125,2.2225,2.205,0.9537,-0.9625000000000001,0.03291044776119401,5.541499999999996,-2.654333333333334,1,0
279,clean/smooth_decel.csv,44,smooth_decel,3.9,66,0.9970260726437156,1.339637495742785,0.603575289421295,0.73606220632149,3.6148211825533965,10.738175947990422,0.5186081757936332,10.21956777219679,0.07782727272727273,0.07526450700021899,-0.1061,0.2233,0.3294,0.2233,-0.1296,0.23170000000000002,-0.31789999999999996,-0.001993846153846154,0.7194999999999991,-0.5756666666666661,1,8,-0.0009742424242424246,0.09439544368177304,-0.2115,0.2943,0.5058,0.2943,0.0906,0.2977,-0.3546,0.0013938461538461505,0.7215,-0.8486666666666658,1,19,0.9869666666666665,0.14399507185299337,0.5855,1.2963,0.7108,1.2963,-0.19820000000000015,0.5035999999999999,-0.3368,-0.0030492307692307715,0.9130000000000003,-1.1868333333333352,1,0,0.2741681818181818,2.4328851100104356,-5.2238,5.425,10.6488,5.425,-4.9525,5.2587,-9.8525,-0.07619230769230773,15.458333333333318,-15.837500000000002,1,10,-0.08365000000000002,3.4017947796036228,-8.5925,10.7275,19.32,10.7275,-3.7624999999999997,9.1875,-12.530000000000001,-0.057884615384615416,36.41466666666663,-37.245833333333294,2,13,-0.1894484848484849,0.6230203889100814,-2.0213,0.9712,2.9925,2.0213,-0.05249999999999999,2.1263,-2.0037,-0.0008076923076923179,4.929166666666667,-5.930416666666661,1,0
280,clean/smooth_decel.csv,45,smooth_decel,2.82,48,0.990108631603888,1.1083890381991335,0.9156328685668728,0.19275616963226072,15.781239696775108,30.12815356323716,0.2902928521338409,29.837860711103318,0.07367916666666667,0.05024802720096235,-0.0345,0.1455,0.18,0.1455,-0.012500000000000004,0.07759999999999999,-0.0792,-0.00026595744680851026,0.28683333333333333,-0.5118055555555552,1,0,-0.005422916666666667,0.06197425079438091,-0.1423,0.113,0.2553,0.1423,0.027500000000000004,0.0941,-0.16740000000000002,0.0005851063829787228,0.3026666666666668,-0.53625,1,1,0.9842354166666668,0.038321770322804226,0.9149,1.1011,0.18619999999999992,1.1011,-0.018199999999999994,0.17799999999999994,-0.1532,-0.00038723404255319136,0.23399999999999999,-0.3650000000000002,1,0,0.3917541666666667,1.4819016870882613,-3.0363,3.255,6.2913,3.255,-1.1375,1.9512999999999998,-2.8787000000000003,-0.024202127659574454,15.151999999999983,-18.973000000000003,1,3,-0.73555,1.0942998573847758,-3.7275,1.9075,5.635,3.7275,0.7174999999999999,1.9162,-2.7299999999999995,0.015265957446808516,11.214333333333325,-9.202000000000002,0,0,15.612727083333334,9.869440665837397,-0.3063,30.1262,30.4325,30.1262,-30.4325,0.7174999999999976,-1.8025000000000002,-0.6475000000000001,-1.832722222222227,-23.828833333333378,0,0
281,clean/smooth_decel.csv,46,smooth_decel,8.58,144,0.9993263356575236,1.359200106680396,0.601733429352234,0.7574666773281621,2.6147644372233594,9.168265699683882,0.3716433101779178,8.796622389505965,0.05565625,0.06009498043889397,-0.1709,0.2298,0.4007,0.2298,0.0466,0.2106,-0.2478,0.0003258741258741259,0.509666666666666,-0.5813333333333359,2,16,-0.0007090277777777784,0.08070552005210263,-0.1991,0.2236,0.42269999999999996,0.2236,0.0542,0.33299999999999996,-0.2825,0.0003790209790209778,0.6959722222222223,-0.7251666666666631,2,37,0.9928013888888887,0.1299278266497121,0.591,1.3571,0.7661,1.3571,0.020000000000000018,0.5295,-0.552,0.0001398601398601392,1.2620000000000093,-1.2673333333333368,2,0,0.1872736111111111,1.9154541397633407,-4.55,7.0175,11.567499999999999,7.0175,-0.6124999999999999,6.4225,-7.385,-0.004283216783216751,15.70633333333355,-20.650166666666777,3,19,0.19911944444444443,2.237700670136593,-6.6413,8.8813,15.5226,8.8813,-1.645,6.6762999999999995,-8.846300000000001,-0.011503496503496519,37.26066666666636,-14.787666666666736,3,26,0.13307430555555555,0.46394838071120514,-0.945,1.3212,2.2662,1.3212,1.2075,1.3912,-1.3999,0.008444055944055943,3.9958333333333633,-3.3833333333333355,3,0
282,clean/smooth_decel.csv,47,smooth_decel,14.34,240,1.0052900009191799,1.1839996494931913,0.8101872993326914,0.37381235016049985,14.34642886363399,32.5743489373157,0.19366241246044621,32.38068652485525,0.07864874999999999,0.05076559881982645,-0.0273,0.2369,0.2642,0.2369,0.0246,0.1292,-0.132,0.00010292887029288679,0.4329999999999995,-0.46116666666666933,3,0,-0.057946666666666674,0.0772183649686005,-0.288,0.0888,0.37679999999999997,0.288,0.0956,0.2264,-0.25739999999999996,0.00039999999999999986,0.4744999999999993,-0.4918333333333391,2,16,0.9963091666666666,0.06416214357982998,0.8013,1.1672,0.3659,1.1672,-0.03390000000000004,0.2945000000000001,-0.23729999999999996,-0.0001418410041841006,0.660333333333333,-0.7281666666666666,4,0,0.6808599999999999,1.9704686832150824,-4.2787,6.6238,10.9025,6.6238,1.2163,6.5801,-6.055,0.005089121338912136,24.791666666666643,-20.708333333333314,3,17,-0.05643958333333332,1.4701052828747427,-6.5887,3.4037,9.9924,6.5887,0.4549,6.4487000000000005,-8.8024,0.001903347280334722,18.696166666666787,-18.90033333333329,3,12,13.549959166666667,13.214946695197188,-1.26,32.3838,33.6438,32.3838,-0.3238,2.598700000000001,-2.3975,-0.0013548117154811655,24.09183333333337,-21.758333333333155,1,0
