label,duration,num_samples,accel_mag_mean,accel_mag_max,accel_mag_min,accel_mag_range,dps_mag_mean,dps_mag_max,dps_mag_min,dps_mag_range,a_x_mean,a_x_std,a_x_min,a_x_max,a_x_range,a_x_abs_max,a_x_delta,a_x_max_neighbor_diff,a_x_min_neighbor_diff,a_x_avg_neighbor_diff,a_x_max_gradient,a_x_min_gradient,a_x_num_peaks,a_x_zero_crossings,a_y_mean,a_y_std,a_y_min,a_y_max,a_y_range,a_y_abs_max,a_y_delta,a_y_max_neighbor_diff,a_y_min_neighbor_diff,a_y_avg_neighbor_diff,a_y_max_gradient,a_y_min_gradient,a_y_num_peaks,a_y_zero_crossings,a_z_mean,a_z_std,a_z_min,a_z_max,a_z_range,a_z_abs_max,a_z_delta,a_z_max_neighbor_diff,a_z_min_neighbor_diff,a_z_avg_neighbor_diff,a_z_max_gradient,a_z_min_gradient,a_z_num_peaks,a_z_zero_crossings,dps_x_mean,dps_x_std,dps_x_min,dps_x_max,dps_x_range,dps_x_abs_max,dps_x_delta,dps_x_max_neighbor_diff,dps_x_min_neighbor_diff,dps_x_avg_neighbor_diff,dps_x_max_gradient,dps_x_min_gradient,dps_x_num_peaks,dps_x_zero_crossings,dps_y_mean,dps_y_std,dps_y_min,dps_y_max,dps_y_range,dps_y_abs_max,dps_y_delta,dps_y_max_neighbor_diff,dps_y_min_neighbor_diff,dps_y_avg_neighbor_diff,dps_y_max_gradient,dps_y_min_gradient,dps_y_num_peaks,dps_y_zero_crossings,dps_z_mean,dps_z_std,dps_z_min,dps_z_max,dps_z_range,dps_z_abs_max,dps_z_delta,dps_z_max_neighbor_diff,dps_z_min_neighbor_diff,dps_z_avg_neighbor_diff,dps_z_max_gradient,dps_z_min_gradient,dps_z_num_peaks,dps_z_zero_crossings
bumps,1.8,31,0.9992392918511844,1.2762380224707304,0.8216820370435269,0.4545559854272034,3.384960697817181,11.471129995776352,0.3464823227814083,11.124647672994945,0.0456548387096774,0.0578957502108152,-0.0625,0.1374,0.1999,0.1374,0.1276,0.0722,-0.0556,0.0042533333333333,0.3558333333333338,-0.2838333333333333,0,2,0.0388645161290322,0.0226359971194422,-0.0076,0.0972,0.1047999999999999,0.0972,-0.0278999999999999,0.0604999999999999,-0.0484999999999999,-0.0009299999999999,0.1706666666666668,-0.214833333333333,1,0,0.9956225806451612,0.1029580455320755,0.819,1.2739,0.4549000000000001,1.2739,0.0131999999999998,0.1735000000000001,-0.1257999999999999,0.0004399999999999,1.3554999999999993,-1.0939999999999976,1,0,0.1281322580645161,0.8460454016135291,-1.5225,1.9162,3.4387,1.9162,1.9163,1.9074,-1.5924999999999998,0.0638766666666666,8.501999999999999,-8.750166666666665,1,0,0.1205290322580645,4.757920758846491,-8.1987,11.3488,19.5475,11.3488,-0.4463,4.6637,-6.0287,-0.0148766666666666,56.9915,-54.8625,1,2,0.1978709677419354,0.1927590312515402,-0.14,0.6562,0.7962,0.6562,-0.2275,0.5337000000000001,-0.4024999999999999,-0.0075833333333333,1.7497222222222224,-2.347833333333333,1,0
bumps,1.8,31,0.9955515783361932,1.2189288166254828,0.8374802326025375,0.3814485840229453,3.177734435363051,9.070910235472512,0.1752111297834701,8.895699105689042,-0.0172419354838709,0.0546692221406374,-0.1315,0.0912,0.2227,0.1315,-0.0709,0.1239,-0.1014,-0.0023633333333333,0.416,-0.5409722222222222,1,2,0.0431096774193548,0.0237076549499482,0.0007,0.123,0.1222999999999999,0.123,0.0191,0.0708,-0.0807,0.0006366666666666,0.262,-0.2426666666666665,1,0,0.9928064516129032,0.0903780686357181,0.8373,1.2164,0.3790999999999999,1.2164,0.0111000000000001,0.1207,-0.1305999999999999,0.00037,1.0668333333333333,-0.922000000000004,1,0,0.3138645161290322,1.0787169472876523,-1.9863,2.695,4.6813,2.695,-0.1136999999999999,1.155,-2.0475,-0.0037899999999999,13.008166666666662,-12.104000000000005,1,0,-0.0076258064516128,4.162000019939753,-9.0475,7.6825,16.73,9.0475,0.2713,4.8213,-3.2548999999999997,0.0090433333333333,46.564499999999995,-43.51666666666664,1,2,0.2819709677419355,0.2482098603917638,-0.2275,0.7262,0.9537,0.7262,-0.1225,0.8662,-0.455,-0.0040833333333333,1.6625000000000003,-1.939499999999999,1,0
bumps,1.8,31,0.998113112894102,1.247081095999775,0.850688227260728,0.3963928687390469,3.1970905486749133,10.695646120735296,0.347124444544028,10.348521676191268,0.0217612903225806,0.0397889069751805,-0.0431,0.1291,0.1722,0.1291,0.0404,0.1543999999999999,-0.1074,0.0013466666666666,0.2972222222222223,-0.274166666666667,1,0,0.0375064516129032,0.0214163478910211,0.0052,0.0878,0.0826,0.0878,0.0136999999999999,0.0558999999999999,-0.0635,0.0004566666666666,0.1984999999999999,-0.1683333333333332,1,0,0.9962645161290324,0.0969648477486802,0.8494,1.2446,0.3951999999999999,1.2446,-0.0240999999999999,0.1997,-0.141,-0.0008033333333333,1.198666666666666,-0.971166666666667,1,0,0.0059193548387096,0.7637337670590691,-1.505,1.5925,3.0975,1.5925,0.5163,1.6275,-1.26,0.01721,7.612500000000002,-7.874999999999999,1,0,0.1185451612903225,4.371903600632773,-8.015,10.6313,18.6463,10.6313,-0.4462,4.0425,-5.3111999999999995,-0.0148733333333333,52.19383333333333,-50.32716666666668,1,2,0.2602290322580645,0.2263511596223124,-0.2013,0.7,0.9013,0.7,0.2187,0.385,-0.5775,0.00729,1.5603333333333338,-1.6768333333333325,1,0
bumps,1.8,31,0.999024130686449,1.193137284640791,0.8269317565555213,0.3662055280852697,4.591901973615152,10.151767389474603,0.69533256791265,9.456434821561952,0.0103258064516129,0.0417657113570604,-0.0905,0.0813,0.1718,0.0905,-0.0731,0.0702,-0.0635,-0.0024366666666666,0.3511666666666671,-0.3397222222222219,1,1,0.0390903225806451,0.068038745602971,-0.1266,0.2065,0.3330999999999999,0.2065,0.0122,0.1026999999999999,-0.1389,0.0004066666666666,0.6175000000000002,-0.7204999999999993,1,3,0.9952548387096772,0.0907565969639293,0.8269,1.1843,0.3573999999999999,1.1843,-0.0662,0.121,-0.1245999999999999,-0.0022066666666666,0.9771666666666654,-0.9774999999999974,1,0,0.3197935483870968,3.756208664325904,-7.6562,6.9037,14.5599,7.6562,2.3363,4.8825,-6.5712,0.0778766666666667,36.74999999999996,-47.67283333333338,1,4,0.030483870967742,4.040822622610135,-8.8025,8.4875,17.29,8.8025,5.2763,4.4801,-3.5088000000000004,0.1758766666666666,41.50416666666663,-43.96883333333337,1,3,0.6686645161290322,0.550012945028501,-0.3413,1.5925,1.9338,1.5925,1.4,1.4874999999999998,-1.0237,0.0466666666666666,2.887500000000001,-3.208500000000001,1,0
bumps,1.8,31,1.0019929899842184,1.1713190001020215,0.8607641140289249,0.3105548860730968,4.345407569592826,12.16730849202074,0.4291493096813742,11.738159182339365,0.0033709677419354,0.0380308926492519,-0.1067,0.0644,0.1711,0.1067,-0.0109,0.0475,-0.0528,-0.0003633333333333,0.3029999999999997,-0.3563333333333335,0,1,0.0323354838709677,0.0648408644214798,-0.1283,0.1721,0.3004,0.1721,0.0195,0.1475,-0.0856,0.0006499999999999,0.7346666666666662,-0.7190000000000001,1,3,0.998809677419355,0.0760207969564412,0.8606,1.168,0.3073999999999999,1.168,-0.0304999999999998,0.1363000000000001,-0.0988999999999999,-0.0010166666666666,0.97866666666667,-0.7168333333333345,1,0,-0.0855322580645161,3.5068303242279537,-6.58,9.17,15.75,9.17,0.735,6.203799999999999,-4.1563,0.0244999999999999,46.63750000000001,-34.64983333333334,1,4,0.2246709677419354,4.070101422503175,-6.3088,9.5112,15.82,9.5112,-1.2512,3.6051,-6.772500000000001,-0.0417066666666666,45.952,-44.26016666666667,1,2,0.4600741935483871,1.0401840462045622,-1.6013,2.9137,4.515,2.9137,0.385,2.5112,-2.1875,0.0128333333333333,6.65,-6.591500000000007,1,0
bumps,1.8,31,0.9953724909107988,1.1708688483344325,0.8397116469360182,0.3311572013984143,5.2852634647591605,12.2299393244611,0.6203207879798968,11.609618536481204,-0.0117096774193548,0.0441087622046437,-0.1045,0.0878,0.1923,0.1045,-0.0568,0.1100999999999999,-0.0575,-0.0018933333333333,0.3991666666666667,-0.307333333333333,1,1,0.0375032258064516,0.0871088800826145,-0.1435,0.2139,0.3574,0.2139,0.0066999999999999,0.0924,-0.2021,0.0002233333333333,0.7970000000000009,-0.9276666666666668,1,4,0.9900483870967745,0.0724359803365139,0.8395,1.1625,0.323,1.1625,-0.0471,0.104,-0.0982999999999999,-0.00157,0.8431666666666686,-0.7734999999999985,1,0,0.148174193548387,5.339950995403593,-11.1562,9.2137,20.3699,11.1562,-0.2887,6.16,-7.6824,-0.0096233333333333,59.397666666666666,-63.379166666666656,1,4,0.0299354838709676,3.5302904036871516,-7.7087,8.0588,15.7675,8.0588,-0.3675,3.9987,-3.9287,-0.01225,35.74366666666667,-38.95216666666666,1,2,0.3093516129032258,0.7885735779963582,-1.4262,1.6712,3.0974,1.6712,0.3062,2.275,-1.6974999999999998,0.0102066666666666,8.385416666666666,-5.512333333333335,1,0
bumps,1.8,31,1.007057063098899,1.2309659702851252,0.8605779511467859,0.3703880191383393,3.164376363181,10.29277031172852,0.4856052923929063,9.807165019335612,0.0051548387096774,0.0657262496455801,-0.1322,0.1476,0.2798,0.1476,0.1377,0.1689,-0.0959,0.0045899999999999,0.5108333333333333,-0.71,0,2,0.0435612903225806,0.0213650755115188,0.0159,0.0937,0.0778,0.0937,0.0116999999999999,0.0741,-0.0477999999999999,0.0003899999999999,0.2201666666666666,-0.2011666666666664,1,0,1.0038451612903223,0.0971458691477569,0.855,1.2268,0.3717999999999999,1.2268,0.1534999999999998,0.1254999999999999,-0.1546999999999999,0.0051166666666666,1.121833333333333,-0.910333333333332,1,0,0.1625870967741935,1.0066151541153272,-1.5838,2.8788,4.4626,2.8788,0.7436999999999999,1.6538,-1.6887,0.02479,11.185333333333332,-10.908333333333331,1,0,-0.0358483870967741,4.180698639451783,-9.835,6.9387,16.7737,9.835,-0.665,5.0925,-3.6488,-0.0221666666666666,45.79166666666666,-45.19366666666666,1,2,0.4109677419354838,0.2408471069469824,-0.1925,0.9625,1.155,0.9625,-0.2624999999999999,0.5775,-0.4025,-0.00875,2.9165,-2.6688333333333323,1,0
bumps,1.8,31,0.9952112829309554,1.198700967714634,0.8631957657449439,0.3355052019696901,3.098847027468298,9.155318997173174,0.2459641843846376,8.909354812788536,-0.0073999999999999,0.0587382839381608,-0.1862,0.0863,0.2725,0.1862,-0.1083,0.0962,-0.2165,-0.0036099999999999,0.4808333333333334,-0.3111111111111111,1,2,0.0440129032258064,0.0255788159999048,-0.0054,0.1132,0.1186,0.1132,-0.0125,0.0566999999999999,-0.057,-0.0004166666666666,0.3040277777777777,-0.2745000000000001,1,0,0.9923193548387096,0.0899620528124862,0.8625,1.1958,0.3332999999999999,1.1958,-0.0951999999999999,0.1031999999999999,-0.1709999999999999,-0.0031733333333333,1.043166666666668,-0.8635000000000002,1,0,0.2026645161290322,0.95935744035557,-1.3825,2.3625,3.745,2.3625,0.63,1.4087,-1.8988,0.021,10.966833333333332,-11.098,1,0,0.1061354838709677,4.119184345599534,-9.1175,8.225,17.3425,9.1175,-1.9162,6.0024999999999995,-3.6225,-0.0638733333333333,43.34166666666666,-42.947833333333335,1,2,0.0889096774193548,0.2108741620885762,-0.56,0.525,1.085,0.56,0.2887,0.4288,-0.7613000000000001,0.0096233333333333,1.8373333333333337,-2.783055555555556,1,0
bumps,1.8,31,0.9976515529364164,1.225979061811416,0.8316409682068339,0.3943380936045823,3.020995283610323,10.526702234793191,0.3289853796143531,10.19771685517884,0.0316290322580645,0.0454604604284381,-0.0503,0.1204,0.1707,0.1204,0.102,0.1535,-0.0903,0.0033999999999999,0.2603333333333331,-0.2623333333333334,1,4,0.0394354838709677,0.0190212784075641,-0.0045,0.0893,0.0938,0.0893,-0.0025999999999999,0.054,-0.0614,-8.66666666666666e-05,0.1553333333333335,-0.1246666666666667,1,0,0.9952290322580644,0.0971707369995322,0.8306,1.2249,0.3943000000000001,1.2249,-0.0068,0.1541,-0.1378999999999999,-0.0002266666666666,1.2048333333333323,-0.9748333333333336,1,0,0.0939903225806451,0.4824070075187815,-0.945,1.26,2.205,1.26,0.21,1.1375,-1.1813,0.007,4.462499999999995,-5.235333333333335,1,0,0.122516129032258,4.292291214265933,-8.505,10.4475,18.9525,10.4475,-0.9799,3.9287,-5.2326,-0.0326633333333332,51.79983333333333,-47.92083333333334,1,2,0.3545290322580645,0.1813913966970289,0.0262,0.7788,0.7526,0.7788,-0.1312,0.35,-0.5338,-0.0043733333333333,1.866666666666667,-1.4584722222222208,1,0
bumps,1.8,31,1.0032232322486083,1.3837568102813442,0.799122087043025,0.5846347232383192,5.681921449154423,10.206476497792956,1.9803870530782617,8.226089444714695,0.0004258064516129,0.0714687949049184,-0.1089,0.1471,0.256,0.1471,0.0697,0.1251,-0.1001,0.0023233333333333,0.7836666666666665,-0.6946666666666668,1,2,0.0092548387096774,0.0530833045863428,-0.131,0.1405,0.2715,0.1405,0.0818,0.0779,-0.1115,0.0027266666666666,0.4536666666666676,-0.6841666666666666,1,2,0.9995516129032258,0.140556332410337,0.7991,1.3735,0.5743999999999999,1.3735,0.1115999999999999,0.2253,-0.2375,0.0037199999999999,1.3498333333333328,-1.750499999999998,1,0,0.1603258064516128,2.904743593844127,-7.6912,4.2962,11.9874,7.6912,-0.7612999999999999,3.1937000000000006,-4.9,-0.0253766666666667,34.08116666666666,-37.624833333333335,1,3,-0.107258064516129,5.183486052183684,-8.3912,8.3912,16.7824,8.3912,-8.3912,2.7037,-4.3575,-0.2797066666666666,24.51466666666665,-40.23533333333334,0,3,-0.8606064516129032,1.4843527356922237,-4.7075,0.945,5.6525,4.7075,-4.3488,0.9187,-1.1638,-0.14496,2.727166666666665,-9.552166666666658,0,0
bumps,1.8,31,1.0063909627035836,1.3285937038839224,0.7714012380078217,0.5571924658761007,7.126191077137207,12.252862987073676,3.325391688207571,8.927471298866104,0.0092967741935483,0.0714785678082177,-0.1288,0.1401,0.2689,0.1401,0.0770999999999999,0.0814999999999999,-0.0657,0.00257,0.8305,-0.6295000000000001,1,2,0.0256322580645161,0.0687691083122684,-0.1356,0.2023,0.3379,0.2023,0.0941,0.1159,-0.1472,0.0031366666666666,0.6345000000000005,-0.6758333333333331,1,4,1.0013451612903224,0.1555884075345582,0.7663,1.3211,0.5548,1.3211,-0.0190999999999998,0.1652000000000001,-0.2065000000000001,-0.0006366666666666,1.6666666666666643,-1.7355000000000018,1,0,0.5769322580645159,4.248586496972618,-7.8925,7.1137,15.0062,7.8925,-1.1725,5.285,-5.8363,-0.0390833333333333,45.13549999999995,-45.4706666666667,1,4,-0.2568516129032259,6.198668103599405,-8.8462,11.5588,20.405,11.5588,-10.0537,4.5675,-6.2912,-0.3351233333333333,49.583333333333286,-56.90416666666661,1,3,0.2187483870967742,1.080101267126056,-2.065,2.52,4.585,2.52,1.1287,2.4499,-2.3363,0.0376233333333333,7.814444444444438,-7.279444444444445,1,2
bumps,1.8,31,1.0004994333638573,1.281940252117859,0.745320213062815,0.5366200390550439,8.17131471450365,14.1769430304985,4.089611839771593,10.087331190726909,0.0121967741935483,0.0654966843123679,-0.1154,0.1301,0.2455,0.1301,0.0542,0.1129999999999999,-0.0660999999999999,0.0018066666666666,0.7765,-0.5501666666666667,1,2,0.016774193548387,0.1042711528267907,-0.213,0.1986,0.4115999999999999,0.213,0.2741,0.1618,-0.1688,0.0091366666666666,1.030999999999999,-1.0459999999999996,1,5,0.9931193548387096,0.1497302717541442,0.7415,1.2752,0.5336999999999998,1.2752,-0.0529999999999999,0.1795999999999999,-0.2022999999999999,-0.0017666666666666,1.5290000000000008,-1.7361666666666666,1,0,0.4233806451612902,5.975422832314567,-11.375,9.835,21.21,11.375,1.4875,7.2712,-7.2451,0.0495833333333332,67.43333333333327,-64.77916666666675,1,3,-0.1668064516129031,6.2621096919454375,-9.4675,10.64,20.1075,10.64,-11.0076,3.8849,-5.512499999999999,-0.3669200000000001,45.66049999999996,-54.30833333333328,1,3,0.3110419354838709,1.542569040869634,-2.4062,3.5612,5.9674,3.5612,4.2174,2.975,-2.8962,0.14058,14.194166666666652,-8.123,1,4
bumps,1.8,31,1.0032063655561876,1.318568348626646,0.7633510201735503,0.5552173284530957,8.22298082505618,15.115106355232834,4.366114627446238,10.748991727786596,0.0136354838709677,0.0663413724528271,-0.1143,0.1307,0.245,0.1307,0.0465999999999999,0.0753,-0.0613999999999999,0.0015533333333333,0.804,-0.5988333333333333,1,2,0.0191677419354838,0.1099406215102703,-0.2313,0.2105,0.4417999999999999,0.2313,0.1809,0.1412,-0.1792,0.0060299999999999,1.112499999999999,-1.1381666666666663,1,4,0.9950903225806452,0.1441853075151064,0.7535,1.312,0.5585000000000001,1.312,-0.0488,0.1601999999999999,-0.1727999999999999,-0.0016266666666666,1.5043333333333306,-1.6758333333333368,1,0,0.395725806451613,6.419668792960571,-12.0837,11.3488,23.4325,12.0837,-0.5075,8.015,-7.3238,-0.0169166666666666,72.49383333333327,-72.26066666666675,1,4,-0.2235516129032257,6.001286076771154,-9.2575,10.2812,19.5387,10.2812,-10.3162,3.6575,-5.4337,-0.3438733333333333,42.18949999999995,-51.07083333333328,1,3,0.3389967741935484,1.489267667117829,-2.66,3.3338,5.9938,3.3338,2.9663,2.9311999999999996,-2.8175000000000003,0.0988766666666666,14.607777777777766,-8.93477777777778,1,3
bumps,1.8,31,1.0051221044731495,1.2863874416364611,0.7558411142561642,0.530546327380297,7.965056289099282,14.301138674245488,3.804201288049832,10.496937386195656,0.0115354838709677,0.0673479004789661,-0.1276,0.1185,0.2460999999999999,0.1276,0.0317999999999999,0.1376,-0.0607,0.00106,0.7721666666666664,-0.5706666666666667,1,2,0.0249903225806451,0.103300575522239,-0.2027,0.2076,0.4103,0.2076,0.0673999999999999,0.1173,-0.1754,0.0022466666666666,1.0018333333333345,-1.0509999999999995,1,6,0.997583870967742,0.1385498107704089,0.7535,1.279,0.5255,1.279,0.0362,0.1765000000000001,-0.1621999999999999,0.0012066666666666,1.3726666666666691,-1.629833333333333,1,0,0.2811290322580645,6.295401124429036,-11.3313,9.9487,21.28,11.3313,-3.0887,6.9388,-7.1049999999999995,-0.1029566666666666,67.54999999999995,-66.70416666666674,1,3,-0.4225322580645161,5.694532522363716,-8.8112,9.5725,18.383699999999997,9.5725,-8.6975,3.4299999999999997,-5.5038,-0.2899166666666666,41.314666666666625,-47.20633333333328,1,3,-0.0824193548387096,1.4213412206830924,-3.3075,3.185,6.4925,3.3075,2.0212000000000003,3.0101,-3.4036999999999997,0.0673733333333333,16.187499999999986,-9.418194444444447,1,2
bumps,1.8,31,1.007432385104011,1.291366632680278,0.7591690259751118,0.5321976067051661,7.972960037944912,13.780947218896094,3.877690026291426,9.903257192604668,0.0100967741935483,0.069970262654316,-0.1086,0.1377,0.2463,0.1377,0.0754,0.1036,-0.0763,0.0025133333333333,0.7663333333333331,-0.5966666666666668,1,4,0.0271483870967742,0.0918956396171502,-0.1944,0.2225,0.4169,0.2225,0.1076,0.1435,-0.1969,0.0035866666666666,0.9189999999999988,-0.9705,1,4,1.000790322580645,0.1448962602573273,0.7584,1.2844,0.526,1.2844,-0.0395999999999998,0.1601000000000001,-0.2579,-0.0013199999999999,1.4861666666666702,-1.6504999999999992,1,0,0.2718193548387097,5.699972845339959,-11.76,9.5112,21.2712,11.76,-1.8551,6.203800000000001,-7.2624,-0.0618366666666666,61.06033333333328,-62.970833333333424,1,3,-0.1383,6.239204645999894,-9.2575,10.6488,19.9063,10.6488,-11.585,3.8588,-6.6675,-0.3861666666666667,43.40016666666663,-51.81466666666661,1,3,-0.3471741935483871,1.559157097273554,-3.4913,3.0275,6.5188,3.4913,3.3249999999999997,3.325,-3.4212,0.1108333333333333,18.703333333333315,-8.934555555555558,1,3
bumps,1.8,31,0.9976709540312,1.1941190727896442,0.8652892984430121,0.3288297743466322,6.4588595352088305,16.80014722614061,0.8840892941326685,15.91605793200794,0.0059741935483871,0.0560961850618615,-0.1113,0.1105,0.2218,0.1113,0.001,0.0552,-0.0735,3.333333333333313e-05,0.4303333333333333,-0.3041666666666667,1,2,0.0293451612903225,0.1166970460600429,-0.1678,0.2645,0.4323,0.2645,-0.0127,0.1788,-0.1553999999999999,-0.0004233333333333,1.3068333333333335,-1.217666666666667,1,3,0.9893129032258065,0.069226573616088,0.8616,1.17,0.3083999999999999,1.17,-0.0048000000000001,0.1236999999999999,-0.0798999999999999,-0.00016,0.8391666666666673,-0.7306666666666644,1,0,0.368074193548387,6.887417735308725,-12.3112,15.2863,27.5975,15.2863,-1.3475,8.0938,-7.9975,-0.0449166666666666,86.31883333333332,-66.79166666666666,1,4,0.2486645161290322,3.922543775795531,-8.1112,5.8275,13.9387,8.1112,-2.2399,4.0249999999999995,-3.7713,-0.0746633333333333,36.414666666666655,-37.91666666666664,0,2,0.142816129032258,0.7967213453049417,-1.3563,1.82,3.1763000000000003,1.82,-0.4813,1.47,-1.6887,-0.0160433333333333,6.475000000000002,-4.623000000000002,1,0
bumps,1.8,31,1.009588961976198,1.290540282207417,0.7254749823391569,0.5650652998682602,9.26213072112638,19.228402179588404,3.601600338738322,15.626801840850082,0.0275774193548387,0.0774949620284115,-0.1196,0.1623,0.2819,0.1623,0.0250999999999999,0.1197999999999999,-0.1423,0.0008366666666666,0.7359999999999999,-0.6870000000000002,0,2,-0.0005645161290322,0.1729942668575794,-0.3914,0.2796,0.671,0.3914,0.1881,0.5202,-0.2764,0.0062699999999999,1.9208333333333336,-1.771666666666666,1,7,0.9920032258064516,0.1477911803500037,0.7141,1.2701,0.556,1.2701,-0.0257999999999998,0.2337,-0.3918000000000001,-0.0008599999999999,1.5721666666666678,-1.700666666666666,1,0,0.5930193548387096,7.778757466348951,-15.7413,14.1925,29.9338,15.7413,4.0425,8.9425,-11.3574,0.1347500000000002,89.55633333333331,-84.20416666666672,1,4,-0.8140451612903226,6.261865469269186,-10.815,9.9312,20.7462,10.815,-10.8676,4.856199999999999,-5.145,-0.3622533333333333,46.15616666666662,-51.40599999999995,1,3,0.3500129032258064,1.7519973271939155,-3.115,3.7713,6.8863,3.7713,2.5025,3.115,-3.5698999999999996,0.0834166666666666,14.194499999999987,-8.88133333333333,1,6
hard_accel,8.4,141,1.0324310666864078,1.3458862842008608,0.7665667420388129,0.5793195421620478,2.224837628927732,12.961147043761214,0.2301765626644033,12.73097048109681,-0.2255602836879432,0.1523564940148281,-0.4529,0.0742,0.5271,0.4529,-0.0051,0.2593,-0.2331,-3.642857142857098e-05,0.5439999999999993,-0.6561666666666675,0,1,0.0107446808510638,0.0686954328129731,-0.1381,0.2364,0.3745,0.2364,0.0092,0.2732,-0.2244,6.5714285714287e-05,1.072499999999997,-0.722666666666661,1,22,0.992527659574468,0.0983050319206084,0.6307,1.3381,0.7074,1.3381,-0.0203999999999999,0.4926,-0.4740999999999999,-0.0001457142857142,1.139333333333342,-0.9703333333333396,1,0,0.2874418439716312,1.928917889578656,-4.7075,10.22,14.9275,10.22,-0.9188,9.4237,-10.6488,-0.0065628571428571,25.7103333333335,-15.910333333333169,2,14,-0.1644517730496453,2.0047115200947005,-5.25,7.9625,13.2125,7.9625,0.8749999999999999,7.6912,-6.4925,0.0062499999999999,27.154000000000178,-30.78533333333337,2,11,0.3286517730496454,0.5206894998259295,-1.225,1.6537,2.8787000000000003,1.6537,0.2537,1.5049,-1.4525,0.0018121428571428,4.972833333333366,-6.752000000000042,2,0
hard_accel,8.1,136,1.027549568784139,1.4573982571692614,0.510618536678801,0.9467797204904604,3.1023309809157618,11.729261893657249,0.5169660337004743,11.212295859956775,-0.2467095588235294,0.1472953826832461,-0.5476,0.145,0.6926,0.5476,-0.0546,0.2763,-0.2739,-0.0004044444444444,1.0335000000000063,-0.8594999999999999,0,6,0.0438257352941176,0.0854997786406695,-0.2779,0.2528,0.5307,0.2779,0.0189,0.2933,-0.3913999999999999,0.0001399999999999,0.6973611111111053,-0.7885000000000028,2,28,0.9800625,0.158954994300157,0.4653,1.405,0.9397,1.405,0.0276,0.8306,-0.6138999999999999,0.0002044444444444,2.3073333333333492,-1.840666666666662,2,0,-0.0165985294117647,2.233719579402309,-6.4662,6.0025,12.4687,6.4662,3.0187,10.482500000000002,-6.1425,0.0223607407407408,33.96450000000008,-27.766666666666712,3,10,0.2567764705882353,2.796046286223017,-7.7087,11.7163,19.425,11.7163,1.5749999999999995,15.7501,-9.8699,0.0116666666666666,27.649999999999896,-31.966499999999893,2,26,0.2415875,0.6174070719624608,-1.505,2.3012,3.8062,2.3012,-0.2362999999999999,2.3013,-2.345,-0.0017503703703703,4.229333333333343,-5.745833333333333,2,0
hard_accel,6.78,114,1.037068822359189,1.2626246037520417,0.7251646778491075,0.5374599259029341,3.040458918838144,7.5296273566492,0.3004318891196472,7.229195467529553,-0.2686938596491228,0.1344074226808063,-0.5239,0.114,0.6379,0.5239,0.0867,0.3199999999999999,-0.3206,0.0007672566371681,0.7515000000000034,-0.9014999999999994,0,2,0.0151956140350877,0.0802757684930001,-0.1953,0.1923,0.3876,0.1953,0.028,0.3624,-0.3257,0.0002477876106194,0.6265000000000044,-0.5309999999999933,2,38,0.9877061403508772,0.1142936346334066,0.5836,1.2432,0.6596000000000001,1.2432,0.1205,0.5100000000000001,-0.3855,0.0010663716814159,1.2093333333333334,-0.8763333333333314,2,0,0.4017315789473684,1.9475363659488003,-4.5237,4.725,9.2487,4.725,1.4175,6.133699999999999,-6.422499999999999,0.0125442477876106,19.410333333333313,-14.641833333333317,2,12,0.2766201754385964,2.747518689482999,-7.2362,6.6413,13.8775,7.2362,-3.6313,10.5612,-12.3637,-0.0321353982300884,24.689666666666643,-20.34366666666665,2,25,0.4028815789473684,0.4607120749767074,-0.4025,1.7675,2.17,1.7675,0.8312,1.575,-1.5225,0.0073557522123893,4.229166666666672,-4.3605000000000125,2,0
hard_accel,6.54,110,1.0484181076379118,1.4399255605759629,0.7263386331457249,0.7135869274302378,3.8378609926792904,13.720331278070512,0.7256009164823319,12.99473036158818,-0.2422909090909091,0.1217765192906338,-0.4787,0.0991,0.5778,0.4787,-0.1649999999999999,0.2912,-0.3447,-0.0015137614678899,0.8306666666666703,-1.3611666666666669,1,3,0.0215272727272727,0.1390468008526486,-0.4441,0.4111,0.8552,0.4441,-0.1515,0.4769,-0.5243,-0.0013899082568807,0.9635000000000064,-1.5271666666666557,2,34,0.9999690909090908,0.1671239499060308,0.619,1.4349,0.8159000000000001,1.4349,-0.3276000000000001,0.6747000000000001,-0.4563999999999999,-0.0030055045871559,1.657499999999997,-1.6848750000000088,2,0,0.0176554545454545,2.7238073260876723,-9.3888,7.3063,16.6951,9.3888,5.9063,9.4151,-12.7226,0.05418623853211,25.8418333333335,-21.393999999999835,1,25,0.1111254545454544,3.594756025979872,-11.83,11.3837,23.2137,11.83,-0.5337,15.1288,-15.7938,-0.0048963302752293,35.991666666666276,-34.57716666666663,2,25,0.2695790909090909,0.63942934322069,-0.9887,1.855,2.8437,1.855,0.4463,1.8812,-2.7213,0.004094495412844,5.877166666666664,-5.396000000000001,1,0
hard_accel,7.14,120,1.032543331073948,1.3810193373012558,0.3844399693060022,0.9965793679952536,3.2725574384865683,17.776695091608,0.278101384390657,17.498593707217346,-0.256185,0.1468536038018128,-0.5233,0.1359,0.6592,0.5233,0.0023,0.2435,-0.1987999999999999,1.932773109243718e-05,0.7480555555555604,-0.7584999999999993,0,2,0.0280833333333333,0.0833674092794779,-0.1968,0.3054,0.5022,0.3054,-0.1674,0.3696,-0.4996,-0.0014067226890756,0.8830000000000042,-0.8756666666666658,1,23,0.984575,0.1314813794849312,0.3714,1.3759,1.0045,1.3759,-0.0837999999999999,0.6289999999999999,-0.9884,-0.0007042016806722,0.9046250000000136,-0.8623333333333356,1,0,0.0893266666666666,2.175460695099217,-5.2587,6.4138,11.6725,6.4138,2.3975,7.2537,-11.34,0.0201470588235294,24.558166666666697,-20.066666666666823,2,21,0.2673849999999999,3.4474497842461984,-17.4825,12.425,29.9075,17.4825,1.8987,21.98,-18.838800000000003,0.0159554621848739,47.23533333333372,-48.33166666666698,2,22,0.4205149999999999,0.7226787908407803,-1.4438,2.1175,3.5613,2.1175,-0.1574999999999999,1.6538,-1.2862,-0.0013235294117647,4.987499999999995,-5.512500000000015,2,0
hard_accel,6.54,110,1.0507801206099503,1.5204369832387,0.5129246630841608,1.0075123201545393,3.712348920183989,10.564554019455814,0.33843389310174,10.226120126354074,-0.2184072727272727,0.1334060221114962,-0.4854,0.185,0.6704,0.4854,0.1086999999999999,0.4705,-0.4924,0.000997247706422,1.0496666666666736,-0.8931666666666662,0,4,0.0298599999999999,0.1121679492726719,-0.3216,0.3417,0.6633,0.3417,-0.0015,0.4609,-0.4128,-1.3761467889906868e-05,1.0604999999999989,-0.8753333333333301,2,34,1.008501818181818,0.2062500984628369,0.3152,1.5151,1.1999,1.5151,0.3521000000000001,1.1425,-1.1999,0.0032302752293577,2.554861111111127,-1.4841666666666526,2,0,0.2637672727272727,2.619883129479273,-8.4613,5.7225,14.1838,8.4613,-1.4875,9.8174,-9.3187,-0.0136467889908257,21.303888888889027,-26.031499999999696,2,23,0.21485,3.208014057192828,-8.1987,8.9163,17.115000000000002,8.9163,1.61,12.1275,-11.48,0.0147706422018348,49.88680555555589,-40.81883333333338,2,26,0.1953590909090909,0.6512593107042559,-1.365,1.8725,3.2375,1.8725,1.3562,2.0911999999999997,-2.0125,0.0124422018348623,5.701999999999995,-8.998000000000005,2,0
hard_accel,5.94,100,1.0373065662721035,1.4229831306097764,0.7236861819877453,0.6992969486220312,2.4571728460397892,8.051535315702218,0.3836510523900592,7.667884263312159,-0.261481,0.1312128525170326,-0.4414,0.0742,0.5156000000000001,0.4414,0.0006999999999999,0.2292,-0.205,7.070707070706012e-06,0.6599999999999955,-0.6943333333333332,0,2,0.026672,0.0639732600072842,-0.1343,0.1986,0.3329,0.1986,0.0568,0.2455,-0.261,0.0005737373737373,0.5516666666666661,-0.506666666666667,2,20,0.991671,0.1240411729420859,0.6849,1.3867,0.7018000000000001,1.3867,0.2737,0.5477999999999998,-0.4729000000000001,0.0027646464646464,1.300555555555544,-1.2261666666666589,2,0,0.2324919999999999,1.7209918227803316,-3.6488,4.1213,7.770099999999999,4.1213,4.8213,6.4925,-5.3113,0.0487,17.029708333333204,-12.833333333333462,1,16,-0.0596779999999999,2.241564687308822,-7.6825,5.1188,12.8013,7.6825,3.3512999999999997,9.765,-10.3687,0.033851515151515,23.18741666666667,-24.00399999999984,2,18,0.296451,0.4011041824146253,-0.455,1.6187,2.0737,1.6187,-0.2799999999999999,1.7412,-1.4962,-0.0028282828282828,2.9894999999999943,-3.2228333333333774,2,0
hard_accel,5.7,96,1.0180973402270446,2.0956528457738415,0.5007242554540373,1.594928590319804,4.297082605643773,21.530971671756944,0.4084055949665724,21.12256607679037,-0.2204895833333333,0.1656154229273454,-0.5719,0.4331,1.005,0.5719,0.1444,0.6789,-0.7132000000000001,0.00152,2.79800000000001,-2.742499999999997,1,6,0.0170114583333333,0.1198454591457301,-0.4468,0.5292,0.976,0.5292,-0.2944,0.4895,-0.5354,-0.003098947368421,2.263666666666671,-1.6028333333333316,1,21,0.9688572916666668,0.2053564176305707,0.2713,1.9986,1.7273,1.9986,0.0930999999999998,1.2049,-1.189,0.0009799999999999,1.678000000000014,-3.275166666666663,1,0,-0.1550395833333333,3.45656924038483,-8.7937,13.3,22.0937,13.3,-1.8638,20.2475,-18.8125,-0.019618947368421,44.75633333333329,-37.55200000000016,1,22,-0.0843052083333334,4.134213179729158,-13.5013,15.9513,29.4526,15.9513,3.5963000000000003,24.2725,-27.1338,0.037855789473684,37.77055555555524,-52.368833333333285,1,20,0.3778031249999999,1.858997133400192,-6.72,10.1237,16.8437,10.1237,-0.3063,11.6901,-9.1788,-0.0032242105263157,25.41883333333331,-35.729166666666636,1,3
hard_accel,5.52,93,1.0461457737379718,1.5655917060332174,0.7756583590731168,0.7899333469601006,4.00330930536687,15.17301560567312,0.2790272208943063,14.893988384778812,-0.2712838709677419,0.1432502426512267,-0.5893,0.0978,0.6871,0.5893,-0.1313,0.4175999999999999,-0.4095000000000001,-0.0014271739130434,1.0503333333333322,-0.9026666666666712,1,3,0.0094548387096774,0.101285631965431,-0.2582,0.3499,0.6081,0.3499,0.0810999999999999,0.3594,-0.3991,0.0008815217391304,0.8228333333333303,-0.9915000000000064,1,26,0.9915806451612904,0.1658178081235052,0.6076,1.5589,0.9513,1.5589,-0.2907,0.4504,-0.7481,-0.0031597826086956,1.1493333333333489,-1.2043333333333468,1,0,0.5403408602150537,3.0166866296606227,-5.985,8.3562,14.3412,8.3562,-0.3326,9.415,-11.6024,-0.0036152173913043,25.272666666666677,-30.449999999999967,1,18,-0.0084752688172042,3.5528335576555596,-9.5463,15.1462,24.692500000000003,15.1462,-6.2036999999999995,11.1913,-18.7425,-0.0674315217391304,46.89999999999995,-47.23533333333329,2,19,0.4395645161290323,0.9199893252742192,-1.3212,5.0662,6.3874,5.0662,0.175,5.0137,-5.2587,0.0019021739130435,8.458499999999992,-8.006500000000017,1,0
hard_accel,6.66,112,1.0445384076911943,1.3297375004112657,0.659386631650961,0.6703508687603045,3.0543661636299384,13.030009677279596,0.3006837042475032,12.729325973032092,-0.2484187499999999,0.1418366974529842,-0.4624,0.0817,0.5441,0.4624,0.0771,0.2437,-0.1893999999999999,0.0006945945945945,0.8841666666666593,-0.7520000000000001,0,1,0.0340982142857142,0.0788168146213279,-0.2177,0.2796,0.4973,0.2796,-0.0458999999999999,0.3614,-0.4125,-0.0004135135135135,0.8333333333333309,-0.6076666666666679,2,25,1.0002714285714285,0.1171578887144646,0.546,1.325,0.7789999999999999,1.325,0.1341000000000001,0.5234999999999999,-0.4162999999999999,0.0012081081081081,1.0328333333333433,-1.1603333333333363,2,0,0.2579741071428571,2.5321094284077907,-6.9563,9.7563,16.7126,9.7563,-2.135,14.7001,-8.6451,-0.0192342342342342,21.335166666666503,-32.56483333333343,2,12,0.0823437499999999,2.84449708206398,-8.7413,8.6275,17.3688,8.7413,-2.8438,12.1712,-9.45,-0.0256198198198197,39.09799999999987,-39.22933333333346,2,15,0.2419508928571428,0.5754604623977041,-1.435,2.6075,4.0425,2.6075,-0.0788,2.2838,-2.345,-0.0007099099099098,7.481166666666634,-7.291500000000024,2,0
hard_accel,6.36,107,1.0374483892669102,1.3764369655018711,0.7470814881925532,0.6293554773093182,3.5258163209007907,8.767866758796007,0.4484285115823926,8.319438247213615,-0.2413130841121495,0.1206984876522096,-0.5073,0.1588,0.6660999999999999,0.5073,0.1076,0.3063,-0.2395999999999999,0.0010150943396226,0.8491666666666611,-0.8806666666666667,1,2,0.0503121495327102,0.0922173915475084,-0.1257,0.2854,0.4111,0.2854,-0.0286,0.2801,-0.3287,-0.0002698113207547,0.803000000000003,-0.7421666666666735,2,22,0.9943280373831774,0.1343740335950453,0.6303,1.3733,0.743,1.3733,0.4091,0.5571999999999999,-0.3843999999999998,0.0038594339622641,1.0489999999999906,-0.709833333333326,1,0,0.1410635514018691,2.5014159717366016,-5.9675,6.5012,12.4687,6.5012,4.0075,7.699999999999999,-8.907399999999999,0.0378066037735849,20.402000000000093,-21.539666666666648,2,20,-0.177122429906542,2.932632705817079,-8.12,8.1025,16.222499999999997,8.12,7.9625,9.1262,-10.2112,0.0751179245283019,25.27283333333339,-25.214499999999923,2,26,0.2169476635514018,0.7513532778782905,-3.255,2.45,5.705,3.255,-1.5488,3.5437,-2.52,-0.0146113207547169,10.966666666666669,-8.847499999999929,1,1
hard_accel,6.42,108,1.072256500048213,1.7285610952465638,0.5446646674789912,1.1838964277675723,5.593699163205111,39.28896260643695,0.5046306867403131,38.78433191969663,-0.2401046296296296,0.1447083321037022,-0.6104,0.1076,0.7180000000000001,0.6104,0.01,0.4902999999999999,-0.4948000000000001,9.345794392523684e-05,1.468888888888899,-1.0931666666666668,1,6,0.02835,0.160372507665601,-0.504,0.6895,1.1935,0.6895,-0.0421,0.7446,-1.1935,-0.0003934579439252,1.8996666666666648,-1.4954999999999985,1,28,1.0192824074074072,0.1828239768466873,0.4417,1.6795,1.2378,1.6795,-0.0043999999999999,0.7637,-0.8915,-4.11214953271045e-05,2.4060000000000112,-1.884999999999998,2,0,-0.0208222222222223,4.717684635067307,-24.4387,20.72,45.1587,24.4387,1.1726,45.1587,-33.7137,0.0109588785046728,29.22499999999997,-51.97499999999994,2,27,0.6939222222222222,5.028585808878931,-15.6888,17.9638,33.6526,17.9638,-0.9275,32.935100000000006,-18.6901,-0.0086682242990655,69.05216666666661,-55.80569444444481,2,31,-0.2252287037037037,4.114304818171832,-25.725,13.195,38.92,25.725,-0.4726,34.8688,-35.1663,-0.0044168224299064,49.68566666666704,-51.2021666666668,1,6
hard_accel,6.06,102,1.0351266700651405,1.6785801678799854,0.6761609941426672,1.0024191737373185,3.0458572918997695,10.79467750792028,0.1615547585185902,10.63312274940169,-0.2481558823529412,0.1226297466646471,-0.4577,0.1247,0.5824,0.4577,-0.0516999999999999,0.2535,-0.2157,-0.0005118811881188,0.8358333333333317,-0.977,0,2,0.0600813725490196,0.0786796320598142,-0.1344,0.2949,0.4293,0.2949,0.0456,0.2351,-0.3209999999999999,0.0004514851485148,0.4821666666666697,-0.8744999999999945,2,11,0.9913509803921569,0.1442719858119324,0.652,1.6604,1.0084,1.6604,0.0464999999999999,0.6100000000000001,-0.7835000000000001,0.0004603960396039,1.256833333333346,-1.6468333333333414,2,0,0.1449794117647058,2.483898901553017,-8.05,6.1687,14.218700000000002,8.05,-0.6125,8.2775,-8.120000000000001,-0.0060643564356435,23.53749999999983,-31.601999999999776,2,13,0.0007735294117646,2.573597401639972,-7.7875,8.575,16.362499999999997,8.575,-1.8725,6.2476,-7.7788,-0.018539603960396,19.0166666666667,-32.2291666666666,2,15,0.0919578431372549,0.5820400793311206,-1.4963,1.6975,3.1938,1.6975,0.6912,1.4262,-1.6274,0.0068435643564356,5.950166666666646,-5.279,2,0
hard_accel,5.94,100,1.033998605206888,1.3938909031914943,0.5411842384992379,0.8527066646922564,3.59465259109562,11.054786251664932,0.493856699863432,10.5609295518015,-0.2434269999999999,0.1471914707502311,-0.4687,0.1403,0.609,0.4687,0.0764999999999999,0.3086,-0.2979,0.0007727272727272,1.1780000000000024,-1.0886666666666662,0,4,0.012652,0.0932862613765615,-0.2196,0.3007,0.5203,0.3007,0.0878,0.3276,-0.3295,0.0008868686868686,0.716166666666666,-0.5634999999999923,2,33,0.986844,0.1625568446464625,0.3251,1.3804,1.0553,1.3804,0.2442000000000002,0.6633,-0.5113000000000001,0.0024666666666666,2.247333333333316,-1.8549999999999909,1,0,-0.074555,2.611160233405871,-6.3787,6.7812,13.1599,6.7812,0.84,8.82,-7.3063,0.0084848484848485,20.970666666666652,-20.781166666666447,1,22,-0.0636099999999999,3.2804193138756643,-9.0562,8.4438,17.5,9.0562,-2.1088,10.5525,-11.4537,-0.02130101010101,32.022222222221956,-30.056166666666613,1,15,0.206587,0.724619057516542,-1.5575,2.1088,3.6663,2.1088,0.1049999999999999,2.5813,-2.8,0.001060606060606,8.020833333333325,-4.929166666666666,2,0
hard_accel,7.2,121,1.0539918274330409,1.6805079946254349,0.6527320889921071,1.0277759056333275,3.639409272373338,19.549872349455377,0.1120546741550748,19.437817675300305,-0.2540776859504132,0.1438264697981583,-0.5888,0.1548,0.7436,0.5888,0.1115999999999999,0.2968,-0.244,0.00093,1.2123333333333413,-0.7933333333333277,0,1,0.0501611570247933,0.101219147045656,-0.2788,0.3524,0.6312,0.3524,0.0342,0.3775,-0.5155,0.000285,0.8385000000000054,-0.8553333333333324,2,24,1.00529173553719,0.1481806305306561,0.5541,1.631,1.0769,1.631,0.1692,0.6434,-0.6165,0.00141,1.673333333333325,-1.9944999999999755,2,0,0.3411793388429752,2.736131626369528,-8.5487,9.1088,17.6575,9.1088,2.4238,17.0363,-12.5562,0.0201983333333332,32.01050000000021,-31.31049999999987,2,16,-0.2816595041322314,3.951826957087454,-18.2262,16.5112,34.737399999999994,18.2262,-0.0787999999999999,15.5225,-21.647499999999997,-0.0006566666666666,52.660166666666086,-51.97499999999974,2,21,0.2788413223140496,1.0177921814454904,-3.4388,3.255,6.6937999999999995,3.4388,-0.9275,4.1737,-3.4038,-0.0077291666666666,7.262666666666602,-10.6311666666667,1,2
hard_accel,6.84,115,1.0134987829332425,1.6904300074241465,0.2005497195211202,1.4898802879030262,4.5463101299153035,13.55916894577245,0.6647937198861011,12.89437522588635,-0.2376147826086957,0.1398015135848329,-0.4895,0.0783,0.5678,0.4895,-0.1321,0.3773999999999999,-0.3489,-0.0011587719298245,0.7753333333333384,-0.9285000000000004,0,5,0.038275652173913,0.0996993802364241,-0.2274,0.311,0.5384,0.311,0.011,0.4664,-0.3591,9.649122807017454e-05,0.9068333333333228,-0.7009999999999993,2,28,0.966735652173913,0.2172422950771885,0.1743,1.6856,1.5113,1.6856,-0.1645999999999999,0.9119,-0.9567,-0.0014438596491228,1.7211666666666643,-2.207499999999997,2,0,0.344751304347826,3.367953817956629,-8.6975,9.8962,18.5937,9.8962,5.915100000000001,10.4212,-13.0812,0.0518868421052631,47.96694444444475,-35.23350000000018,1,21,-0.0868930434782608,4.08954185442257,-10.5612,12.95,23.5112,12.95,2.9224,18.366300000000003,-14.2012,0.0256350877192982,41.76650000000012,-36.545833333333505,1,36,0.3155347826086956,0.8080817113933031,-2.0563,3.2812,5.3375,3.2812,0.3062999999999999,3.2550999999999997,-3.8587,0.0026868421052631,9.420666666666676,-5.42483333333332,1,3
hard_accel,6.72,113,1.0416843277073409,1.6331158379000554,0.3697303882560913,1.263385449643964,4.0737323309468545,17.42081710913699,0.2396943470338839,17.181122762103108,-0.2494026548672566,0.1388971230676149,-0.4821,0.2206,0.7027,0.4821,0.1331999999999999,0.3183,-0.3458,0.0011892857142857,1.5873611111111214,-0.8758333333333335,0,4,0.0199672566371681,0.1192614193712387,-0.4107,0.3087,0.7194,0.4107,-0.0988,0.4283,-0.643,-0.0008821428571428,1.1901666666666588,-1.094666666666679,1,25,0.9877221238938052,0.1963889047702985,-0.0792,1.6323,1.7115,1.6323,0.3146,1.2223,-0.9408,0.0028089285714285,4.049305555555583,-2.6788333333333574,2,2,0.1111159292035399,3.043326286130217,-7.8663,16.2925,24.1588,16.2925,-7.7525,21.5775,-16.2837,-0.06921875,40.658500000000274,-29.662666666667164,2,23,-0.0582300884955752,4.113343741234239,-13.8775,13.7025,27.58,13.8775,-0.945,13.2475,-15.8113,-0.0084374999999999,46.54999999999985,-44.71233333333383,2,22,0.2836362831858408,0.9638325964292936,-2.4675,7.1487,9.6162,7.1487,0.595,4.8475,-6.5275,0.0053124999999999,14.641500000000116,-16.347833333333472,2,2
hard_accel,6.42,108,1.0492450563665778,1.4382192391982522,0.6308882943913288,0.8073309448069235,4.161692515930044,15.52539830632374,0.5773431648508537,14.948055141472883,-0.2294055555555555,0.1312013490309415,-0.4778,0.1249,0.6027,0.4778,-0.0018,0.3003,-0.2372,-1.682242990654189e-05,0.790138888888894,-1.0579999999999998,1,2,0.0353416666666666,0.1054814437549823,-0.1774,0.3174,0.4948,0.3174,0.2401,0.3359999999999999,-0.4395,0.0022439252336448,1.084861111111118,-1.0093333333333363,1,31,1.0076027777777778,0.1614827570774457,0.5817,1.4079,0.8261999999999999,1.4079,0.3110999999999999,0.5481,-0.6107,0.002907476635514,1.534666666666677,-1.3118333333333387,2,0,-0.0064824074074074,2.7976265356641323,-8.6888,5.4862,14.175,8.6888,-0.1663,11.5326,-12.0313,-0.0015542056074766,24.820833333333333,-30.02716666666664,1,24,0.3617462962962963,3.9624819267355376,-8.8725,15.1287,24.0012,15.1287,4.76,18.5063,-10.22,0.0444859813084112,68.36649999999977,-49.83833333333366,2,18,0.0234907407407407,0.8246870476989661,-3.815,2.45,6.265000000000001,3.815,-0.9626,5.18,-4.375,-0.008996261682243,7.102000000000046,-7.8459999999999885,1,1
hard_accel,8.58,144,1.0199856131499436,1.501999337549787,0.7231801020492751,0.7788192355005122,3.645407102044094,14.69298948920879,0.286815498186552,14.406173991022238,-0.1841881944444444,0.1102443202136714,-0.5446,0.1391,0.6837,0.5446,-0.0776,0.243,-0.3112999999999999,-0.0005426573426573,0.5833333333333285,-0.5098333333333329,1,2,0.0209006944444444,0.0860720599846656,-0.2605,0.3382,0.5987,0.3382,-0.0052999999999999,0.503,-0.4533,-3.706293706293686e-05,1.4129999999999985,-1.0445000000000009,2,30,0.9920284722222222,0.1399942674466683,0.5566,1.4942,0.9376,1.4942,-0.0350999999999999,0.7002999999999999,-0.7886,-0.0002454545454545,1.4451666666666556,-1.6816666666666649,2,0,0.4512361111111111,2.060107434146416,-5.6962,5.6788,11.375,5.6962,-0.0436999999999998,5.81,-9.9924,-0.0003055944055943,20.139666666666805,-25.43333333333331,2,18,0.0002472222222222,2.3491291510651005,-8.1812,6.0025,14.183700000000002,8.1812,5.6263000000000005,11.0512,-6.9125,0.0393447552447552,30.172666666666416,-23.041666666666725,2,23,-1.539997222222222,2.92313609679943,-14.6213,0.665,15.2863,14.6213,14.3063,1.7412,-2.1088,0.1000440559440559,14.889500000000028,-4.7978333333333625,0,0
hard_accel,9.36,157,1.0181169838628907,1.3879456797728071,0.7457128535837371,0.6422328261890701,3.466302581993954,20.42439139705269,0.669247622334215,19.755143774718476,-0.1606796178343949,0.1083380675921285,-0.426,0.093,0.519,0.426,-0.0503,0.1964,-0.1766999999999999,-0.0003224358974358,0.7346666666666606,-0.6093333333333342,0,2,0.0273012738853503,0.0668913920598169,-0.1356,0.2842,0.4198,0.2842,0.1643,0.3332,-0.2988,0.0010532051282051,0.4616666666666636,-0.6211666666666641,2,21,0.9963662420382168,0.1119657190863828,0.7254,1.382,0.6565999999999999,1.382,-0.035,0.4606999999999999,-0.5,-0.0002243589743589,0.9369999999999924,-0.8118333333333361,3,0,0.5181477707006369,2.058517670794342,-5.5475,9.03,14.5775,9.03,-6.098699999999999,7.1313,-10.3775,-0.0390942307692308,15.735499999999975,-21.77308333333334,2,20,0.3129980891719745,2.2608525445932472,-6.0725,8.5312,14.6037,8.5312,-2.3275,8.61,-11.1037,-0.0149198717948717,15.939500000000091,-30.727166666666513,2,29,0.5278407643312102,3.3653983674538366,-2.345,18.3137,20.6587,18.3137,-18.4975,1.2338,-1.811300000000001,-0.1185737179487179,5.964499999999983,-22.443666666666655,0,1
hard_accel,10.14,170,1.029145065252389,1.3446053287117374,0.7362167887246256,0.6083885399871118,3.443765917493099,12.087908498991874,0.4504770471400291,11.637431451851844,-0.1679694117647059,0.1056753267329952,-0.4798,0.0715,0.5513,0.4798,-0.0025,0.2856,-0.3449,-1.4792899408284035e-05,0.7839999999999991,-1.505166666666665,1,4,0.0078758823529411,0.0754973705846314,-0.1487,0.327,0.4757,0.327,-0.0591,0.2835,-0.319,-0.0003497041420118,0.6719999999999992,-0.998499999999999,2,39,1.0066123529411766,0.1235293320713945,0.7186,1.3092,0.5905999999999999,1.3092,0.1966000000000001,0.4337999999999999,-0.4109,0.0011633136094674,1.797638888888875,-1.1566666666666698,3,0,0.1844117647058823,2.1775474285644747,-8.5925,10.045,18.6375,10.045,1.2775,9.3187,-9.59,0.0075591715976331,25.214666666666645,-25.14150000000015,2,25,0.2265205882352941,2.494959209468342,-10.9462,6.86,17.8062,10.9462,3.1413,11.13,-14.3762,0.018587573964497,37.93116666666663,-24.51466666666664,2,28,-0.8605899999999997,2.3731857779958268,-11.9788,1.0325,13.0113,11.9788,11.97,1.6974,-1.6362,0.0708284023668639,13.85416666666666,-4.112166666666695,0,0
hard_accel,10.2,171,1.0168190891831976,1.4082528324132708,0.6626668318242585,0.7455860005890124,4.356565950861865,18.074763829715728,0.4418117585578727,17.632952071157856,-0.1632859649122807,0.1237354275749338,-0.3962,0.0994,0.4956,0.3962,0.0158999999999999,0.2851,-0.2442,9.352941176470734e-05,0.8378333333333416,-0.8573333333333264,0,6,0.046798245614035,0.079999446669913,-0.1513,0.2763,0.4276,0.2763,0.2213,0.3563,-0.3339,0.0013017647058823,0.8461666666666633,-0.854000000000015,3,33,0.9908836257309942,0.1309041668808779,0.6336,1.3796,0.7459999999999999,1.3796,0.2673999999999998,0.4365000000000001,-0.7041999999999999,0.0015729411764705,1.3075000000000108,-1.489666666666671,2,0,0.4862672514619882,2.336803866642753,-9.8612,8.2425,18.1037,9.8612,-0.7700000000000005,13.8599,-11.3575,-0.0045294117647058,19.5126666666665,-28.4085,2,16,0.1189684210526315,2.673062498630576,-11.5763,9.31,20.8863,11.5763,-4.6638,11.935,-13.23,-0.0274341176470588,38.791833333332875,-40.58566666666725,2,19,1.5693175438596492,4.641393559917468,-1.8463,15.7675,17.6138,15.7675,-15.6275,1.7063,-2.2225,-0.0919264705882353,4.0539999999999745,-18.92916666666664,0,0
hard_accel,8.88,149,1.0126004315597077,1.47221540203871,0.610522276415857,0.8616931256228529,2.6639395827508094,7.268073795029878,0.2251513490965577,7.04292244593332,-0.2099577181208053,0.1145788322870824,-0.4573,0.1116,0.5689,0.4573,-0.0026,0.219,-0.2096,-1.7567567567567695e-05,0.6531666666666631,-1.0396666666666663,0,2,0.0111134228187919,0.0729522962031577,-0.1566,0.3599,0.5165,0.3599,-0.0123,0.4433,-0.3056999999999999,-8.310810810810665e-05,0.5364999999999974,-0.775833333333334,2,33,0.9803959731543624,0.1223936437799324,0.516,1.4513,0.9353,1.4513,-0.0342,0.488,-0.5844,-0.000231081081081,1.1908333333333294,-2.1323333333333236,2,0,0.3868154362416107,1.70828091618781,-4.7775,5.2063,9.9838,5.2063,-0.77,8.12,-5.223800000000001,-0.0052027027027026,13.91250000000006,-18.44783333333331,1,15,-0.1445872483221477,2.437886044337211,-6.2038,5.6438,11.8476,6.2038,-6.3788,7.1488,-7.3238,-0.0431,26.293833333333325,-25.185333333333283,2,25,0.0764610738255033,0.4757750024265401,-1.3388,2.9488,4.287599999999999,2.9488,-0.6212,2.94,-3.7801,-0.0041972972972972,6.445999999999908,-5.906499999999911,2,0
hard_accel,7.56,127,1.0001564042803237,1.343301075708644,0.2940438912815568,1.0492571844270873,2.654728078607482,10.14576939862128,0.3033238862997769,9.842445512321502,-0.2256984251968503,0.1026718899291685,-0.4388,0.05,0.4888,0.4388,-0.0051,0.2162,-0.1839,-4.0476190476189377e-05,0.859666666666666,-0.7100000000000001,0,0,0.0473984251968504,0.0722444406432046,-0.1606,0.2108,0.3713999999999999,0.2108,0.0132,0.3324,-0.2899,0.0001047619047619,0.6817916666666674,-0.6001666666666642,1,16,0.9620307086614172,0.1562791506835851,0.0024,1.3159,1.3135,1.3159,0.0789999999999999,0.9677,-0.7198,0.0006269841269841,2.20729166666668,-2.538833333333308,2,0,0.5125291338582675,1.869417271615495,-4.8212,7.4288,12.25,7.4288,1.7587000000000002,5.5388,-8.47,0.0139579365079364,15.26883333333322,-21.72916666666637,2,8,-0.0099220472440945,2.466972572952633,-9.1,6.5188,15.6188,9.1,0.1399999999999999,10.6838,-10.3163,0.001111111111111,35.24800000000023,-20.88333333333325,2,17,-0.1632881889763779,0.4929387810301798,-1.2775,1.505,2.7825,1.505,-0.2712,1.9775,-2.6775,-0.0021523809523809,2.7998333333333196,-4.097666666666681,1,0
hard_accel,8.46,142,1.034942338370474,1.3297237946280422,0.7074144824641351,0.6223093121639072,4.5395682362263665,16.75290575004826,0.398160306911676,16.354745443136583,-0.1797971830985915,0.1581881122501214,-0.3994,0.2944,0.6938,0.3994,0.2727,0.351,-0.1694,0.0019340425531914,1.2928333333333226,-0.8923333333333322,0,2,6.338028169014095e-05,0.0699537694135157,-0.2065,0.176,0.3824999999999999,0.2065,-0.0875,0.2054,-0.3736,-0.0006205673758865,0.6215000000000018,-0.7574999999999987,2,31,1.0039225352112675,0.1058437463315558,0.589,1.2962,0.7072,1.2962,0.1129,0.4268,-0.4861,0.0008007092198581,1.918333333333317,-1.3360000000000003,2,0,0.1838732394366197,1.9694009613364252,-5.8012,6.02,11.8212,6.02,-0.0788,6.1163,-7.4549,-0.0005588652482269,19.93550000000006,-14.816499999999982,3,12,0.1029035211267605,2.150167378951054,-8.1637,9.38,17.5437,9.38,-7.157400000000001,10.2287,-12.4075,-0.0507617021276595,30.68333333333339,-44.13262499999964,2,18,-2.4144471830985914,4.904445511991992,-16.5637,1.9338,18.4975,16.5637,15.2512,1.82,-2.3626,0.1081645390070921,14.174833333333318,-4.403999999999989,0,0
hard_accel,7.32,123,1.0285695271717878,1.4342477122171051,0.7017764957591555,0.7324712164579497,2.728827601472843,7.695795585253029,0.4840260840078765,7.211769501245152,-0.2309130081300812,0.1161669149305581,-0.429,0.0837,0.5126999999999999,0.429,-0.0227999999999999,0.2751,-0.2289,-0.0001868852459016,0.7811666666666681,-0.6706666666666665,0,4,0.0446430894308943,0.0702464619974847,-0.1304,0.2555,0.3859,0.2555,-0.0272999999999999,0.3530999999999999,-0.2182,-0.0002237704918032,0.7546666666666685,-0.740458333333331,2,14,0.9915024390243902,0.1224900454057822,0.689,1.3959,0.7069,1.3959,-0.144,0.5560999999999999,-0.5751,-0.0011803278688524,1.127166666666672,-1.2226388888888782,2,0,0.5564471544715447,1.9905106210086885,-6.16,5.9412,12.1012,6.16,-1.0675,6.5624,-6.6587000000000005,-0.00875,20.125166666666647,-20.577166666666667,2,11,0.0814617886178861,2.204052519625072,-5.9587,7.3063,13.265,7.3063,-4.7425,6.4925,-11.3925,-0.0388729508196721,20.53333333333331,-29.04499999999976,2,17,-0.3496430894308943,0.7397688082674607,-1.7763,1.8463,3.6226,1.8463,-0.0613,1.8463,-1.5488,-0.0005024590163934,3.9228333333333296,-4.331333333333328,1,0
hard_decel,5.1,86,1.0803870571907417,1.5080180469742397,0.7432203778153557,0.7647976691588838,3.331053360165523,18.302005527263944,0.6116472676306173,17.690358259633328,0.3527034883720931,0.1238232948222153,0.0197,0.6288,0.6091,0.6288,-0.1187999999999999,0.2576,-0.3017,-0.0013976470588235,0.9501666666666668,-0.7010000000000001,1,0,0.0445325581395348,0.075878445272082,-0.1411,0.2483,0.3893999999999999,0.2483,-0.052,0.313,-0.2935,-0.0006117647058823,0.5464999999999994,-0.7089999999999992,1,20,1.0112848837209305,0.1184841230539715,0.6664,1.4445,0.7780999999999999,1.4445,-0.1107,0.521,-0.6125999999999999,-0.0013023529411764,0.972999999999999,-1.448333333333334,1,0,0.5530767441860466,2.0586345288692707,-7.1575,6.6762,13.8337,7.1575,0.49,10.1325,-10.0013,0.0057647058823529,17.60216666666665,-18.243666666666662,1,10,0.0792546511627906,3.824563382467013,-12.2063,18.2262,30.432499999999997,18.2262,-1.2688,25.305,-24.3949,-0.0149270588235291,55.817638888888894,-42.510666666666665,2,19,0.4800348837209302,0.8187117895194997,-0.735,4.9963,5.7313,4.9963,0.0524999999999999,4.9001,-4.935,0.0006176470588235,9.231333333333332,-8.22516666666668,1,0
hard_decel,6.06,102,1.0438601632526,1.5813925698573394,0.4972649394437536,1.0841276304135858,3.8904097702437266,20.410809400413303,0.4505527937989065,19.960256606614397,0.3124343137254902,0.1591270073069774,-0.2201,0.5735,0.7936,0.5735,0.0608,0.6339,-0.7238,0.0006019801980198,1.0661666666666676,-1.3493333333333326,1,4,0.0294656862745098,0.1303508901138951,-0.4738,0.6215,1.0953,0.6215,0.0404,0.6194999999999999,-0.7202,0.0003999999999999,1.2545000000000022,-1.8231666666666628,1,25,0.9763598039215684,0.168754554473077,0.3421,1.4679,1.1258,1.4679,-0.0908999999999999,0.7065999999999999,-0.9066999999999998,-0.0008999999999999,1.9963333333333289,-1.6828333333333294,2,0,-0.2691078431372548,3.0184188341831786,-10.325,14.1925,24.5175,14.1925,-1.1462,17.552500000000002,-21.2013,-0.011348514851485,27.329166666666826,-42.49583333333329,2,21,0.0773813725490195,3.97297715523085,-10.8062,16.555,27.3612,16.555,-3.3863000000000003,15.61,-19.3113,-0.0335277227722772,55.97083333333336,-50.50216666666661,1,20,0.1331392156862745,1.1178926884112532,-5.2587,3.8412,9.0999,5.2587,0.1488,5.7663,-6.0462,0.0014732673267326,23.552000000000017,-14.131000000000036,1,4
hard_decel,5.22,88,1.0456681045626264,1.4054473842872952,0.7474919999571902,0.657955384330105,2.9686184031611034,6.856584768673104,0.7508703283523727,6.105714440320731,0.3386363636363636,0.1655455545054289,0.0206,0.6271,0.6065,0.6271,-0.041,0.1403,-0.2471999999999999,-0.000471264367816,1.3201666666666656,-0.7871666666666608,1,0,0.0324340909090909,0.0895070072211823,-0.1671,0.2494,0.4165,0.2494,-0.1039,0.2572,-0.3047999999999999,-0.0011942528735632,0.8539999999999991,-0.8841666666666661,1,26,0.970656818181818,0.1258077604786613,0.6428,1.2654,0.6226,1.2654,0.1535999999999998,0.3542,-0.4714999999999999,0.0017655172413793,0.625166666666666,-1.1776666666666653,1,0,-0.1208147727272726,2.0211621429118884,-5.3375,5.0575,10.395,5.3375,0.0350999999999999,5.8537,-7.4813,0.000403448275862,21.364666666666647,-18.44783333333332,2,8,0.4654420454545454,2.55323448035235,-6.7812,6.4837,13.2649,6.7812,0.3587000000000002,11.97,-12.0487,0.004122988505747,17.48549999999998,-22.939500000000013,2,14,0.2696590909090908,0.6426588561854936,-1.4088,2.1175,3.5263,2.1175,-1.1813,1.9863,-2.205,-0.0135781609195402,4.506333333333329,-6.285666666666661,1,0
hard_decel,6.24,105,1.0700414537829503,1.5578400720227994,0.5725044453975882,0.9853356266252112,3.860805695223133,14.44864432014298,0.4670617625111266,13.981582557631851,0.2975371428571429,0.1978820692197282,-0.0659,0.7354,0.8013,0.7354,0.0263,0.3211,-0.2775999999999999,0.0002528846153846,1.4168333333333338,-1.138833333333333,1,1,-0.0035028571428571,0.1128693172665617,-0.3296,0.3455,0.6751,0.3455,0.2709,0.427,-0.4392,0.0026048076923076,1.0808333333333322,-1.0606666666666655,2,24,1.0055495238095238,0.1580077493984499,0.5314,1.3964,0.8650000000000001,1.3964,0.0862999999999999,0.5252,-0.6857000000000001,0.0008298076923076,1.5530000000000062,-1.3798333333333312,2,0,-0.3359171428571428,3.2976870972306873,-9.3538,9.9312,19.285,9.9312,-0.6475000000000004,10.6925,-13.5538,-0.0062259615384615,33.42499999999997,-29.76222222222222,2,16,-0.0069219047619047,3.2039274248112855,-7.0262,14.0525,21.0787,14.0525,-0.9975,11.6375,-17.7362,-0.0095913461538461,46.05400000000003,-38.42700000000003,1,18,0.3617504761904762,0.7587178918721282,-1.0938,4.1737,5.2675,4.1737,-0.1138,3.0975,-3.7362,-0.0010942307692307,7.729000000000031,-8.443666666666662,1,0
hard_decel,4.74,80,1.0511495007871416,1.282685160123091,0.713232332413499,0.569452827709592,3.4829454036524004,13.796779123766532,0.6627808385884432,13.13399828517809,0.33936,0.1245952328567707,0.022,0.5455,0.5235,0.5455,0.0104999999999999,0.2779,-0.3522999999999999,0.000132911392405,0.7046666666666668,-0.7255000000000009,1,0,0.0146262499999999,0.0941482936698768,-0.1968,0.286,0.4828,0.286,0.2372,0.306,-0.2409,0.0030025316455696,1.1452777777777776,-0.7366666666666666,2,17,0.98334875,0.0908834557555075,0.6776,1.2207,0.5430999999999999,1.2207,0.0668999999999999,0.4394,-0.3367999999999999,0.0008468354430379,0.8108333333333322,-0.7050000000000045,1,0,0.12578125,2.7668162332142994,-8.2863,13.5013,21.7876,13.5013,-1.2599999999999998,10.010000000000002,-11.9525,-0.0159493670886076,30.88766666666669,-39.34616666666666,2,12,-0.0036125,2.894770886907956,-6.65,7.35,14.0,7.35,-3.9988,8.9688,-6.9037,-0.0506177215189872,26.468833333333304,-36.45850000000005,2,12,0.212625,0.6966316674732654,-3.885,1.5925,5.4775,3.885,-0.6738,3.64,-5.4075,-0.0085291139240506,5.5706666666666464,-7.991666666666652,1,0
hard_decel,4.74,80,1.0962539333411578,1.5813328365654082,0.7146157638899383,0.8667170726754699,3.295870536408853,10.065217415932953,0.694289204870708,9.370928211062244,0.36881875,0.1447284354359369,-0.0653,0.6181,0.6834,0.6181,-0.2486999999999999,0.3117999999999999,-0.3209999999999999,-0.0031481012658227,0.913,-0.7850000000000017,1,2,0.00204625,0.0896011046831624,-0.2323,0.2243,0.4566,0.2323,-0.0794,0.3347,-0.289,-0.0010050632911392,1.005999999999999,-0.7763333333333333,1,21,1.0197962500000002,0.1484219928462188,0.7106,1.5477,0.8371000000000001,1.5477,-0.5032,0.6193000000000001,-0.7432,-0.0063696202531645,1.1158333333333346,-0.8924999999999965,2,0,0.21853625,2.515773444310851,-9.5463,8.015,17.561300000000003,9.5463,-0.805,10.5962,-15.531300000000002,-0.0101898734177214,26.410500000000003,-19.527166666666663,1,16,0.2645862500000001,2.9001200370069258,-8.6975,7.3063,16.0038,8.6975,-1.7413000000000003,8.9251,-9.485,-0.0220417721518987,31.470999999999965,-25.841999999999977,1,14,0.186265,0.5428302313111498,-1.1725,1.19,2.3625,1.19,-0.0524999999999999,1.8375,-1.9862,-0.0006645569620253,4.0688333333333295,-4.491666666666667,1,0
hard_decel,5.64,95,1.0417654052330918,1.5194551293144527,0.5230708747387871,0.9963842545756656,4.349749467259289,19.311464724872632,0.691946804313742,18.61951792055889,0.2761126315789473,0.1741355886744611,-0.0483,0.7295,0.7778,0.7295,0.0941,0.5976,-0.2845,0.0010010638297872,1.5181666666666649,-1.3576666666666657,1,0,0.0013052631578947,0.0991589883571049,-0.2813,0.1745,0.4558,0.2813,-0.0571,0.3994,-0.3749,-0.0006074468085106,0.6796666666666662,-1.1450000000000051,1,29,0.9871347368421052,0.1761637383705436,0.5073,1.331,0.8237,1.331,0.1236999999999999,0.8064,-0.7371,0.0013159574468085,1.333833333333338,-1.6116666666666664,2,0,0.0973526315789473,3.570229512791714,-19.0487,9.4062,28.4549,19.0487,3.4212,12.355,-13.6675,0.0363957446808511,65.85816666666662,-40.62899999999996,1,19,0.4980147368421052,4.027022014584813,-9.7475,14.2975,24.045,14.2975,0.6388,17.5175,-10.5,0.0067957446808511,50.45833333333346,-60.666666666666615,1,20,0.2473978947368421,0.5633418392662319,-1.0412,1.82,2.8612,1.82,0.2625,1.54,-2.5286999999999997,0.0027925531914893,3.937333333333329,-5.818833333333328,2,0
hard_decel,4.38,74,1.071393278665527,1.3798912747024672,0.7479470101551313,0.6319442645473359,3.2281497727262853,9.372063736979172,0.221546135150221,9.15051760182895,0.3560472972972973,0.1534587769580875,0.0313,0.6296,0.5983,0.6296,-0.0419,0.2415,-0.2448,-0.0005739726027397,1.049333333333333,-0.7954999999999992,1,0,-0.0131067567567567,0.1041202983527386,-0.2703,0.2386,0.5089,0.2703,0.009,0.4059,-0.3855,0.0001232876712328,1.1310000000000002,-0.6540000000000005,1,20,0.9946283783783784,0.1274449669253148,0.62,1.279,0.6589999999999999,1.279,-0.1536999999999999,0.3842999999999998,-0.4321,-0.0021054794520547,1.0918333333333337,-0.8156666666666652,1,0,-0.8403472972972974,2.6175335833160034,-8.855,3.7625,12.6175,8.855,2.7038,8.8025,-9.8963,0.0370383561643835,24.00400000000003,-23.4355,1,16,-0.141777027027027,2.698575637970627,-7.7525,8.7238,16.476300000000002,8.7238,-8.426300000000001,6.6675,-7.577500000000001,-0.1154287671232876,20.92683333333332,-21.583333333333332,1,10,0.3040054054054054,0.6384616633650134,-0.9275,2.6425,3.5700000000000003,2.6425,0.6212,2.5988,-2.7038,0.0085095890410958,4.433416666666666,-7.233500000000001,2,0
hard_decel,6.0,101,1.0370858933774896,1.5108639581378598,0.318855296333619,1.1920086618042407,2.9265206023458425,10.424058899488244,0.556751910638841,9.867306988849402,0.2821455445544554,0.1487017051178314,-0.1745,0.5663,0.7408,0.5663,0.0342,0.3923999999999999,-0.3624,0.000342,1.5678333333333336,-0.7399999999999989,1,2,-0.0135831683168316,0.0871420140567188,-0.2528,0.1864,0.4392,0.2528,-0.1305,0.3263,-0.4162,-0.0013049999999999,0.6804166666666669,-0.8363750000000001,1,22,0.9842346534653466,0.1505370209853002,0.2663,1.4045,1.1382,1.4045,0.032,0.6338,-0.9154,0.0003199999999999,1.356166666666665,-1.395333333333335,2,0,0.3515534653465346,2.37093348179844,-6.055,6.6675,12.7225,6.6675,-2.9488,8.8375,-12.1975,-0.0294879999999998,14.087499999999988,-17.456166666666682,2,20,-0.0705148514851485,2.400253917500652,-9.7475,8.2425,17.990000000000002,9.7475,-0.9712999999999998,11.9,-13.23,-0.009713,32.65216666666667,-33.104,2,15,0.2703821782178218,0.6519440950566299,-2.4675,1.5925,4.06,2.4675,0.7962,3.1763,-2.8262,0.0079619999999999,7.422999999999992,-5.104166666666667,1,0
hard_decel,5.16,87,1.0285837112590968,1.355477941539441,0.6454529959648495,0.7100249455745912,3.524857921142141,23.231974310850124,0.208747311359931,23.02322699949019,0.308764367816092,0.1537230755226495,-0.0117,0.5615,0.5732,0.5615,0.0387,0.139,-0.2983,0.0004499999999999,0.7508333333333335,-0.8108333333333312,1,0,0.0207045977011494,0.0920577471798253,-0.2208,0.3497,0.5705,0.3497,-0.1008,0.4532,-0.3961,-0.0011720930232558,0.6826666666666661,-0.6721666666666659,1,32,0.9654804597701148,0.1164376535828474,0.5285,1.2346,0.7061,1.2346,0.1831999999999999,0.4038,-0.4330999999999999,0.0021302325581395,1.3106666666666742,-1.021166666666665,2,0,0.2394758620689654,2.317899292059842,-7.105,7.1225,14.2275,7.1225,-0.0263000000000002,10.6488,-10.71,-0.0003058139534882,21.014499999999977,-16.960499999999982,1,14,0.0984597701149425,3.8336772544173767,-9.7037,22.9163,32.62,22.9163,1.4088,28.3938,-20.0813,0.0163813953488371,58.158333333333275,-34.2708333333333,2,21,0.1266137931034482,1.3344467659681625,-2.8788,6.6675,9.5463,6.6675,0.3937,8.435,-8.9425,0.0045779069767441,14.88983333333332,-11.84183333333332,1,4
hard_decel,4.86,82,1.075778903661451,1.4212856327986998,0.7391841854368909,0.6821014473618089,3.977128527771198,12.867443216894332,0.4487464540249872,12.418696762869343,0.3677158536585366,0.1549316523698511,0.0085,0.6515,0.643,0.6515,-0.0492,0.1851,-0.2411999999999999,-0.0006074074074074,0.9455000000000005,-0.9018333333333332,1,0,0.0190878048780487,0.0973437886193889,-0.3087,0.283,0.5916999999999999,0.3087,-0.1835,0.4030999999999999,-0.3946,-0.0022654320987654,0.6101666666666665,-0.7835000000000001,2,23,0.9950719512195122,0.1423337733312569,0.629,1.3555,0.7264999999999999,1.3555,0.0889999999999998,0.5381,-0.3985000000000001,0.0010987654320987,1.0590277777777788,-1.5645000000000016,2,0,0.4180853658536586,3.0494077162267423,-7.875,7.2888,15.1638,7.875,0.2361999999999999,12.1187,-12.0488,0.002916049382716,29.89599999999998,-28.267361111111107,1,12,0.2728487804878048,3.4818830694318303,-8.54,12.0662,20.6062,12.0662,1.1286999999999998,11.4363,-17.045,0.0139345679012345,38.42700000000001,-30.712166666666658,1,20,0.2995231707317072,0.8071560568277816,-2.1613,4.165,6.3263,4.165,0.5425,3.3512,-4.0425,0.0066975308641975,7.612499999999999,-8.035499999999992,1,1
hard_decel,5.22,88,1.0735955823623904,1.4506533424633192,0.7556555299870437,0.6949978124762756,2.66558853311324,7.415199302109149,0.4769154851753086,6.93828381693384,0.3567181818181819,0.1681679692227931,0.0139,0.633,0.6191,0.633,-0.0525,0.182,-0.2796,-0.000603448275862,0.983166666666667,-0.7188333333333319,1,0,0.0170306818181818,0.0786741488132143,-0.2274,0.2113,0.4387,0.2274,-0.0059,0.2945,-0.3752999999999999,-6.781609195402572e-05,0.713000000000001,-0.6813333333333327,2,14,0.9972727272727272,0.1163116480733291,0.6927,1.3044,0.6117,1.3044,-0.0981,0.4568,-0.4062000000000001,-0.0011275862068965,0.791999999999998,-1.5428333333333333,2,0,0.225903409090909,1.8542111061877729,-4.0163,5.5212,9.5375,5.5212,-1.7675,5.6,-7.4551,-0.020316091954023,17.2375,-15.64800000000003,2,13,0.1486522727272727,2.256924894832417,-6.6675,4.7775,11.445,6.6675,2.5900999999999996,10.5087,-8.7676,0.0297712643678161,21.889500000000016,-18.46250000000004,1,15,0.2419113636363636,0.771654923685901,-1.6712,4.9088,6.58,4.9088,-0.2712,5.3638,-6.58,-0.0031172413793103,6.533333333333327,-6.081333333333383,2,0
hard_decel,4.98,84,1.0337088414523972,1.3817351301895744,0.6185359245832048,0.7631992056063696,3.6308675129730146,13.55229645226225,0.2690133639803049,13.283283088281946,0.3352892857142857,0.1572685991972318,-0.0996,0.5563,0.6559,0.5563,0.0052999999999999,0.3157,-0.1826,6.385542168674849e-05,1.2990277777777777,-0.8254999999999988,1,1,0.0042166666666666,0.0896046172343751,-0.195,0.2636,0.4586,0.2636,-0.1825999999999999,0.3471,-0.4091,-0.0022,0.8683333333333334,-0.6988333333333334,2,23,0.9634214285714284,0.1361673952724513,0.6066,1.2723,0.6657,1.2723,0.2259999999999999,0.6534,-0.4382,0.002722891566265,1.5836111111111106,-1.1649999999999991,2,0,0.216245238095238,2.264036355098117,-4.3925,7.875,12.2675,7.875,-0.5512,6.895,-9.4238,-0.0066409638554216,20.037333333333333,-17.325166666666693,2,15,-0.0248928571428571,3.802597013576275,-10.92,13.5275,24.4475,13.5275,-2.9049,17.115,-17.535,-0.0349987951807227,49.4813333333333,-36.8958333333333,2,13,0.4191690476190475,0.8217674759763713,-1.3212,4.2087,5.5299000000000005,4.2087,0.0612,2.5725,-3.5174000000000003,0.0007373493975903,10.878999999999998,-7.991500000000009,2,0
hard_decel,7.86,132,1.0476054540669082,1.5140701998256223,0.7854870845532725,0.7285831152723498,4.755225049713269,11.589719223950166,0.7965200123035201,10.793199211646645,0.2534136363636364,0.1759372801034145,-0.0218,0.692,0.7138,0.692,-0.0954,0.3651999999999999,-0.3969,-0.0007282442748091,1.2508333333333337,-0.5039999999999991,1,0,-0.0096469696969696,0.0759950494966552,-0.2188,0.1598,0.3786,0.2188,-0.0705,0.1924999999999999,-0.2764,-0.0005381679389312,0.644333333333334,-0.8920000000000017,1,18,0.999130303030303,0.1170841068734361,0.6998,1.4376,0.7378,1.4376,-0.0124000000000001,0.6241,-0.4908999999999999,-9.465648854961976e-05,1.113000000000004,-1.0255,2,0,0.2464583333333333,2.354712615454465,-6.4575,9.31,15.7675,9.31,-2.6775,9.0475,-8.0063,-0.0204389312977099,20.781333333333315,-24.324999999999974,2,19,0.3364772727272727,2.463908713567226,-6.3787,7.5862,13.9649,7.5862,1.0151,10.0099,-7.875,0.0077488549618321,35.13116666666663,-30.53749999999997,1,22,-1.937659848484849,4.036787718767339,-11.4975,3.5525,15.05,11.4975,-8.321299999999999,2.4325,-3.4036999999999997,-0.0635213740458015,7.714499999999991,-8.239499999999992,0,1
hard_decel,4.44,75,1.0864398758570473,1.382512220560817,0.6003035648736396,0.7822086556871771,4.31588046687023,14.092358199747832,0.4115291605706696,13.680829039177162,0.4050493333333333,0.1785356125980633,-0.0203,0.6902,0.7105,0.6902,-0.0209,0.2318,-0.1946999999999999,-0.0002824324324324,1.585666666666667,-0.823000000000002,1,0,0.0316719999999999,0.0972379563305983,-0.2277,0.2622,0.4899,0.2622,-0.0361999999999999,0.4394,-0.3312,-0.0004891891891891,0.7131666666666661,-0.7144999999999991,1,18,0.9887613333333336,0.1338135955332998,0.398,1.2312,0.8332,1.2312,0.0529,0.6766,-0.6558,0.0007148648648648,1.4363888888888898,-0.9448333333333352,2,0,0.3346026666666667,3.0985466759815052,-8.8725,7.2888,16.1613,8.8725,1.7325,9.7738,-11.41,0.0234121621621622,41.4605,-25.885499999999976,1,10,0.1325319999999999,3.903092435844423,-13.1687,9.0737,22.2424,13.1687,-2.5112,13.4575,-15.6537,-0.033935135135135,37.47899999999998,-49.30616666666667,1,15,0.24792,1.0254872864129492,-5.39,3.5787,8.9687,5.39,-0.28,6.7112,-8.9687,-0.0037837837837837,8.88150000000002,-7.510333333333333,1,2
hard_decel,6.42,108,1.0699125489646473,1.957433899267099,0.5857956981747134,1.3716382010923855,3.2619732738289104,14.364161990523495,0.2509125943431298,14.113249396180368,0.3187037037037037,0.15147869837347,-0.0572,0.5844,0.6416000000000001,0.5844,0.0092,0.4438,-0.241,8.598130841121378e-05,1.5666666666666669,-0.9199999999999992,1,1,0.0060879629629629,0.0847023338980356,-0.1764,0.278,0.4544,0.278,-0.2714,0.264,-0.3015,-0.0025364485981308,0.8230000000000004,-0.8816666666666657,2,26,1.0085148148148146,0.1628841098339982,0.5766,1.9069,1.3303,1.9069,-0.299,1.0148,-0.8185,-0.0027943925233644,2.4108333333333327,-1.7330000000000003,2,0,0.3952888888888888,2.333212660101639,-4.9262,8.0675,12.9937,8.0675,-2.5025,10.1237,-12.9937,-0.0233878504672897,20.752,-20.183333333333316,2,20,-0.1515907407407407,3.240178381369,-14.245,9.59,23.835,14.245,1.715,13.4662,-13.5187,0.0160280373831776,36.9835,-50.117916666666666,2,23,0.1755629629629629,0.6184926041750024,-2.695,1.365,4.06,2.695,0.5075000000000001,3.1938,-2.3625,0.0047429906542056,8.399833333333325,-5.993666666666661,1,0
hard_decel,5.4,91,1.0497213304908433,1.753775624189138,0.6294953137236209,1.124280310465517,4.228766298033837,35.66904960452408,0.4723828637874155,35.19666674073667,0.3310406593406593,0.1716202396624088,-0.2725,0.8154,1.0879,0.8154,0.2723,0.6277,-0.4185,0.0030255555555555,1.581833333333332,-0.8320000000000012,1,1,-0.0127747252747252,0.1484933822643709,-0.679,0.3387,1.0177,0.679,0.1226,0.5165,-0.8193,0.0013622222222222,1.6469999999999982,-1.7785000000000022,1,23,0.9714153846153846,0.158732229397727,0.4968,1.5153,1.0185,1.5153,0.4485,0.8345000000000001,-0.5342999999999999,0.0049833333333333,1.7293333333333347,-0.9110000000000024,1,0,0.3044252747252746,4.184767468054519,-14.6213,23.24,37.8613,23.24,0.0175,25.5937,-29.8375,0.0001944444444444,47.10433333333358,-31.149999999999977,1,23,0.4466318681318681,4.642412781419189,-13.1337,26.88,40.0137,26.88,-9.6688,35.2362,-31.7538,-0.1074311111111112,40.876833333333295,-59.441666666666606,2,22,0.6379791208791208,2.936156191558257,-8.3387,18.69,27.0287,18.69,1.6713,18.6549,-16.143700000000003,0.0185699999999999,38.48549999999996,-45.35416666666662,1,3
hard_decel,4.98,84,1.0572859804085455,1.80857323600677,0.405782466353587,1.4027907696531832,4.858735550450726,17.584214743058617,0.5111699228241036,17.073044820234514,0.3051511904761905,0.1494774460112146,-0.1681,0.6198,0.7879,0.6198,-0.0723999999999999,0.5068,-0.528,-0.0008722891566265,1.3128333333333329,-0.9703333333333332,1,2,-0.0430904761904761,0.1404236040803078,-0.3888,0.3148,0.7036,0.3888,0.0030999999999999,0.4811,-0.5173,3.734939759036101e-05,1.240666666666665,-1.2773333333333323,1,29,0.991425,0.2251338845975343,0.3596,1.7857,1.4261,1.7857,-0.158,0.7323,-0.8778,-0.0019036144578313,1.8203333333333287,-2.043749999999996,1,0,0.7343761904761905,3.63466654958267,-8.855,11.4537,20.3087,11.4537,0.4812,16.6337,-13.79,0.0057975903614458,24.120666666666644,-30.245833333333408,1,24,0.7395821428571429,4.292103151674834,-10.6225,15.9163,26.5388,15.9163,-3.4912,12.0751,-23.03,-0.0420626506024096,28.13133333333331,-48.08133333333328,1,15,0.6366642857142858,1.9645036105381828,-1.2687,15.75,17.0187,15.75,0.5425,12.355,-13.0812,0.0065361445783132,28.59800000000008,-31.01866666666661,1,0
hard_decel,9.48,159,1.0081418528644126,1.2492484700811124,0.749271499524705,0.4999769705564074,3.3130431290890945,18.670220163136804,0.4269964168467928,18.24322374629001,0.1847433962264151,0.0885620268428813,-0.0336,0.4202,0.4538,0.4202,-0.0075,0.1345,-0.1967,-4.746835443037891e-05,0.6113333333333326,-0.5779999999999996,1,0,0.029751572327044,0.0752954180657054,-0.2445,0.2425,0.487,0.2445,0.1462,0.2989,-0.225,0.0009253164556962,0.8218333333333325,-0.696666666666666,3,33,0.9842603773584908,0.0956597603447959,0.7221,1.2207,0.4985999999999999,1.2207,-0.1141,0.3683,-0.4210999999999999,-0.0007221518987341,1.0906666666666665,-1.009999999999999,2,0,0.6482150943396227,1.5323193098173349,-4.0338,5.04,9.0738,5.04,-2.4062,7.28,-4.8736999999999995,-0.0152291139240506,16.945833333333315,-15.852000000000102,2,7,-0.056903144654088,1.6319430865999711,-4.2,3.3338,7.5338,4.2,0.4638,6.7987,-5.2676,0.0029354430379746,14.670999999999967,-13.839333333333318,2,17,-1.5671308176100631,4.035728558133009,-18.655,0.9362,19.5912,18.655,-18.5588,1.4611999999999998,-2.6775,-0.1174607594936709,3.64583333333333,-23.639666666666862,0,0
hard_decel,9.42,158,1.027142235140176,1.9983134839158745,0.5813854573344607,1.416928026581414,3.280518946444616,12.80173440671224,0.362734586164595,12.438999820547645,0.1518379746835443,0.0856780223679974,-0.0525,0.4694,0.5219,0.4694,-0.0892,0.284,-0.3814999999999999,-0.000568152866242,0.5878333333333328,-0.7853333333333301,2,2,-0.0039240506329113,0.0896874803484776,-0.3767,0.2796,0.6563,0.3767,0.0209999999999999,0.5657,-0.4082,0.0001337579617834,0.7421666666666669,-0.7941666666666658,2,46,1.0094613924050633,0.155981010490757,0.5788,1.9419,1.3631,1.9419,-0.0041999999999999,0.7221,-0.7114,-2.6751592356687073e-05,1.7213333333333285,-1.899166666666671,3,0,0.043026582278481,2.537358054701823,-6.335,7.6125,13.9475,7.6125,0.6912,10.0975,-12.3113,0.0044025477707006,18.126833333333337,-23.63966666666664,2,21,0.352103164556962,3.105128501262545,-8.7325,11.9263,20.6588,11.9263,-0.7699999999999999,13.3875,-12.3463,-0.004904458598726,36.85233333333333,-43.983500000000014,3,21,0.0708303797468354,0.5535146220093908,-1.0412,2.0738,3.115,2.0738,0.1837999999999999,2.3975,-2.0738,0.0011707006369426,5.643666666666661,-4.09783333333333,2,0
hard_decel,7.86,132,1.0381977716818047,1.4342247836374882,0.7241259973236701,0.7100987863138181,2.523311123353866,17.89072470779202,0.3822057691872272,17.508518938604794,0.2038174242424242,0.1041657358912845,-0.0051,0.4499,0.455,0.4499,0.0185,0.2203999999999999,-0.2028,0.0001412213740458,0.4778333333333334,-0.6013333333333319,1,0,-0.008140909090909,0.0806728829214743,-0.3031,0.295,0.5981,0.3031,-0.2164,0.347,-0.4614,-0.0016519083969465,0.6208333333333327,-0.6373333333333326,1,33,1.009946212121212,0.1149726143332017,0.6939,1.3888,0.6949000000000001,1.3888,0.1445,0.5582,-0.4457999999999998,0.0011030534351145,0.9126666666666664,-1.2591666666666643,2,0,-0.2833166666666667,2.0948761994125427,-5.5825,12.3287,17.9112,12.3287,2.695,13.09,-11.1037,0.0205725190839694,19.818833333333313,-29.137499999999974,2,13,0.1162022727272727,2.381789022917322,-7.7175,12.9412,20.6587,12.9412,-0.2011999999999998,14.0087,-10.0887,-0.0015358778625953,24.36866666666667,-46.87066666666662,2,17,0.0655590909090909,0.5058295654724401,-1.4,2.2225,3.6225,2.2225,-1.0588,2.0475000000000003,-3.01,-0.0080824427480916,6.9124999999999925,-3.7624999999999966,2,0
hard_decel,5.94,100,1.0693536205624234,1.6825166715370163,0.823700758771048,0.8588159127659684,2.695411209694501,9.285872142130753,0.4100962569934039,8.87577588513735,0.311628,0.1109562431544502,0.0022,0.6135,0.6113000000000001,0.6135,-0.0168,0.2085999999999999,-0.2279,-0.0001696969696969,0.7063333333333333,-0.6563333333333325,1,0,0.027755,0.0952162338410246,-0.2559,0.2994,0.5553,0.2994,-0.1402999999999999,0.4172,-0.3429999999999999,-0.0014171717171717,1.0071666666666657,-0.8664999999999979,1,22,1.012605,0.1293577401017906,0.7527,1.5651,0.8123999999999999,1.5651,-0.1119000000000001,0.6869,-0.6103,-0.001130303030303,1.08566666666667,-1.2353333333333332,1,0,0.455873,2.2391645617770437,-5.5738,8.8112,14.385,8.8112,1.3388,12.3462,-11.4975,0.0135232323232323,14.291666666666666,-26.30816666666664,1,16,-0.04655,2.264647556876939,-5.0662,8.26,13.3262,8.26,-0.6912,7.1137,-9.0913,-0.0069818181818182,16.52283333333332,-28.0293333333333,1,11,-0.006121,0.6734092063905238,-1.3038,1.6187,2.9225000000000003,1.6187,-0.3938,1.9687,-2.5637,-0.0039777777777777,4.914666666666664,-8.035499999999994,1,0
hard_decel,7.44,125,1.0456945359208882,1.4555765661757545,0.7194750377879694,0.7361015283877849,2.700357333231374,7.208044850720617,0.458857690357261,6.7491871603633555,0.2488928,0.0818051502598232,-0.019,0.4324,0.4514,0.4324,0.0815,0.17,-0.1906,0.0006572580645161,0.9251666666666672,-0.6889999999999987,1,0,-0.0088487999999999,0.0870287416521024,-0.2225,0.3848,0.6073,0.3848,0.1089,0.4068,-0.3562999999999999,0.0008782258064516,1.2504999999999995,-0.8603333333333326,2,29,1.0092743999999998,0.118767013656584,0.6758,1.3786,0.7028000000000001,1.3786,0.1977999999999999,0.3887999999999999,-0.5457000000000001,0.0015951612903225,1.326666666666668,-1.1931666666666665,2,0,0.3535015999999999,1.6806073637606291,-3.885,4.3663,8.2513,4.3663,1.0675,5.6875,-7.3325,0.0086088709677419,13.372999999999989,-14.422999999999984,2,15,0.376592,2.1619393016754733,-6.6413,6.4837,13.125,6.6413,0.4112,5.3376,-6.2562999999999995,0.003316129032258,30.420999999999992,-31.47066666666663,1,16,-0.3672192,1.2729966358757463,-6.8075,0.9975,7.805,6.8075,-7.0088,1.4875,-1.5924999999999998,-0.0565225806451613,3.820833333333342,-9.872999999999962,0,0
hard_decel,6.78,114,1.0159090310532333,1.4113504915505573,0.6797602077203402,0.7315902838302171,2.788436297859569,12.686110079137734,0.2880370115106737,12.39807306762706,0.2524219298245614,0.1045000188497861,-0.0676,0.4778,0.5454,0.4778,0.1084,0.2318,-0.3695,0.0009592920353982,0.91,-0.7691666666666659,1,1,0.0109991228070175,0.076600888989058,-0.1556,0.2869,0.4425,0.2869,-0.3467,0.3006,-0.2362,-0.0030681415929203,0.4826666666666661,-0.6109166666666668,2,31,0.9767184210526316,0.1154746990376629,0.6495,1.3276,0.6780999999999999,1.3276,0.01,0.3443,-0.3951,8.849557522124099e-05,1.16,-1.3491666666666615,2,0,-0.0769859649122807,2.1252287265088112,-5.2762,10.2375,15.5137,10.2375,-6.2912,6.8687000000000005,-10.4038,-0.0556743362831857,23.566666666666656,-29.589499999999973,2,13,-0.0430552631578947,2.5349267250617387,-11.0775,7.3762,18.4537,11.0775,-3.3424999999999994,18.4537,-11.7863,-0.0295796460176991,30.945833333333297,-31.46361111111111,2,18,-0.0547280701754385,0.7753757534435167,-1.61,3.2812,4.8912,3.2812,2.6862000000000004,1.6626,-2.1175,0.0237716814159292,8.399833333333314,-4.768666666666648,1,0
left_turn,7.68,129,1.0038525099572508,1.0858989363656268,0.9347759731614844,0.1511229632041425,11.650186241315712,25.726375992160264,0.9071103185390408,24.819265673621224,-0.0155170542635658,0.0442282363923754,-0.1057,0.0918,0.1975,0.1057,0.1318,0.0489,-0.1003,0.0010296875,0.2508333333333327,-0.2528333333333349,2,1,-0.060937984496124,0.0574502858372437,-0.1754,0.0837,0.2591,0.1754,0.0305,0.0974,-0.0925,0.00023828125,0.357916666666669,-0.2094999999999999,0,3,0.9992643410852714,0.0331298505845974,0.9334,1.0835,0.1500999999999999,1.0835,0.0728999999999999,0.1287,-0.1329,0.0005695312499999,0.3979166666666671,-0.2530000000000019,2,0,0.2835945736434108,0.6709650018012859,-1.6013,1.96,3.5613,1.96,-0.4201,2.7038,-2.0738,-0.0032820312499999,7.802166666666611,-8.58966666666667,2,0,-0.0807813953488372,0.8791084283031659,-2.0912,2.0387,4.1299,2.0912,2.0037,2.1613,-2.3274,0.0156539062499999,8.006166666666616,-7.787499999999999,1,1,11.516762790697674,8.44369146355607,0.7175,25.725,25.0075,25.725,-0.1663,0.997399999999999,-1.0236999999999998,-0.00129921875,12.93549999999999,-11.156166666666763,1,0
left_turn,5.46,92,1.0148259147442085,1.1294171107257054,0.9007995781526544,0.228617532573051,16.93999287966875,29.46538982654056,0.7933281603472803,28.672061666193283,0.0250597826086956,0.0339794154228658,-0.0417,0.0974,0.1391,0.0974,-0.0994,0.1074,-0.062,-0.0010923076923076,0.1883333333333331,-0.227166666666667,0,0,-0.0975891304347826,0.0805027382737085,-0.2721,0.0837,0.3558,0.2721,0.0174,0.0911,-0.1119999999999999,0.0001912087912087,0.408999999999997,-0.4565,0,1,1.0060858695652173,0.044533056203678,0.8792,1.1124,0.2332,1.1124,0.0642999999999999,0.2236,-0.1708,0.0007065934065934,0.3379999999999992,-0.3873333333333342,1,0,0.7417532608695652,1.403495798405929,-2.1,4.3488,6.4488,4.3488,0.8575,3.4738,-2.6599999999999997,0.0094230769230769,18.05433333333331,-15.050166666666676,1,3,-0.0755108695652174,0.9865947747433512,-3.01,3.605,6.615,3.605,0.1924,4.2087,-3.2725,0.0021142857142857,9.72699999999999,-8.385499999999992,2,2,16.783457608695652,9.440463312005724,0.6388,29.4263,28.7875,29.4263,-0.0086999999999999,1.4699999999999998,-1.6013000000000002,-9.560439560439484e-05,15.10833333333332,-21.04383333333334,1,0
left_turn,6.66,112,1.004690458047364,1.1316619371526109,0.8773081898626046,0.2543537472900062,13.553201639889782,26.68757493441471,1.4562248933458046,25.231350041068904,0.0201375,0.0443562098905649,-0.0841,0.1174,0.2015,0.1174,-0.0486999999999999,0.1153,-0.0946,-0.0004387387387387,0.2318333333333323,-0.2654999999999997,1,3,-0.0985830357142857,0.082507551266091,-0.2557,0.0922,0.3479,0.2557,-0.0141999999999999,0.1807,-0.1704999999999999,-0.0001279279279279,0.4169999999999982,-0.3084999999999983,0,4,0.9952419642857144,0.0479649189341447,0.8591,1.1006,0.2415,1.1006,-0.0134,0.1934,-0.1813,-0.0001207207207207,0.4310000000000009,-0.4276666666666662,2,0,0.7435133928571428,1.429956905511777,-2.17,5.1712,7.3412,5.1712,2.4325,3.9549,-3.7537,0.0219144144144144,17.295833333333317,-15.312499999999964,1,2,-0.1843767857142857,0.9154686076148728,-2.17,1.9512,4.1212,2.17,-0.525,3.0538,-2.9663,-0.0047297297297297,8.691666666666658,-10.835166666666655,2,0,13.269529464285714,9.195124632026117,0.6737,26.67,25.9963,26.67,-0.0963,1.4525000000000006,-1.233700000000001,-0.0008675675675675,19.93533333333336,-12.060333333333332,1,0
left_turn,5.82,98,1.0146072270106434,1.142809966704876,0.8819942290060633,0.2608157376988128,14.45033712885813,24.700257126799308,1.221050957167636,23.47920616963167,0.0062163265306122,0.0368445038323922,-0.0866,0.0681,0.1547,0.0866,-0.144,0.0984,-0.0993,-0.0014845360824742,0.180166666666667,-0.1700000000000012,0,1,-0.0888173469387755,0.06942782653982,-0.1989,0.1218,0.3207,0.1989,0.0148,0.2245,-0.1294,0.0001525773195876,0.3186666666666639,-0.2803333333333329,0,3,1.007661224489796,0.0426165778513892,0.8782,1.1385,0.2603000000000001,1.1385,-0.0604,0.1317999999999999,-0.1587999999999999,-0.0006226804123711,0.3159999999999954,-0.3116666666666674,2,0,1.3549091836734697,1.022114817938186,-1.8987,3.7013,5.6,3.7013,0.035,2.9574,-3.1937,0.000360824742268,11.404333333333357,-10.48533333333332,1,0,0.2368663265306123,1.1407312239740144,-2.59,3.78,6.369999999999999,3.78,3.4299999999999997,4.7074,-3.7975,0.035360824742268,12.439499999999988,-14.58333333333342,1,2,14.227505102040816,7.921001743770737,0.7,24.535,23.835,24.535,0.2275,1.2074999999999996,-1.5312,0.0023453608247422,15.531166666666664,-14.248166666666762,1,0
left_turn,7.26,122,1.0057720963356156,1.197742084089893,0.8129665983298453,0.3847754857600476,11.071482986795177,24.333355129944575,1.0184830337320303,23.314872096212547,0.0288754098360655,0.0425312530911101,-0.0747,0.1481,0.2228,0.1481,-0.187,0.1161,-0.1789,-0.0015454545454545,0.3244999999999997,-0.4150000000000003,1,5,-0.0749639344262295,0.0886554991610774,-0.268,0.0691,0.3371,0.268,0.0499,0.2365,-0.1759,0.0004123966942148,0.3988333333333355,-0.410333333333333,0,7,0.9978303278688524,0.0611714524372279,0.8092,1.1856,0.3763999999999999,1.1856,-0.3105999999999999,0.2168999999999999,-0.2087,-0.0025669421487603,0.4484722222222247,-0.5071666666666683,2,0,0.9249245901639344,1.2190104171997735,-2.4325,4.4887,6.9212,4.4887,-1.9862,3.7625,-3.8325,-0.0164148760330578,12.497833333333304,-13.737500000000091,3,2,0.0087549180327868,1.199769415318748,-3.71,3.3863,7.096299999999999,3.71,-3.3338,5.2938,-4.2963,-0.0275520661157025,10.587666666666667,-18.75416666666671,2,5,10.717819672131146,8.59656817187297,0.4812,24.185,23.7038,24.185,-0.3062999999999999,1.3738,-1.3475,-0.0025314049586776,14.903999999999982,-14.510500000000008,1,0
left_turn,9.06,152,0.9986020789430315,1.1213376877640382,0.8388195038266576,0.2825181839373806,10.716923934785296,18.228788745553008,1.2897925724704729,16.938996173082536,0.0131203947368421,0.0231694716326719,-0.0689,0.0694,0.1383,0.0694,-0.0301,0.0649,-0.0675,-0.0001993377483443,0.260666666666668,-0.2081666666666664,2,2,-0.0828427631578947,0.0625179154211477,-0.2059,0.0786,0.2845,0.2059,0.0807,0.1444,-0.1286,0.0005344370860927,0.3168333333333383,-0.2073333333333329,0,3,0.9928710526315788,0.0449467832963155,0.8388,1.1012,0.2623999999999999,1.1012,-0.0674999999999999,0.1597999999999999,-0.1452000000000001,-0.0004470198675496,0.513333333333339,-0.4678333333333331,2,0,0.3597822368421052,0.8856609384489649,-1.5575,3.2812,4.8387,3.2812,1.995,2.2663,-2.2312000000000003,0.0132119205298013,10.43930555555547,-8.735499999999929,2,0,0.0553184210526315,1.0162038014829915,-2.4325,3.22,5.6525,3.22,-1.19,3.5175,-4.585,-0.0078807947019867,10.995833333333334,-12.27933333333332,2,3,10.54311644736842,5.840533152095027,0.84,18.2262,17.3862,18.2262,0.1225,0.875,-0.9188,0.0008112582781456,9.945833333333333,-7.772999999999932,1,0
left_turn,4.98,84,1.011073756387621,1.1261006615751543,0.8882914442906675,0.2378092172844867,17.972394086183073,29.627972065094163,1.2540576900605491,28.373914375033618,0.0396821428571428,0.0484235732713405,-0.0953,0.1164,0.2117,0.1164,-0.063,0.0675,-0.0844999999999999,-0.0007590361445783,0.1698333333333344,-0.2071666666666664,0,1,-0.1354904761904762,0.0882023626422451,-0.2721,0.0459,0.318,0.2721,0.0457,0.0996,-0.1301999999999999,0.0005506024096385,0.2978333333333353,-0.4155000000000004,0,0,0.9961738095238094,0.0502548591885368,0.8857,1.1183,0.2326,1.1183,0.0292999999999999,0.1946999999999999,-0.208,0.0003530120481927,0.3315000000000001,-0.3678333333333246,2,0,0.6552059523809524,1.3181258282579733,-1.6013,3.5612,5.1625,3.5612,1.715,2.7562,-2.485,0.0206626506024096,10.908166666666656,-10.80616666666673,2,0,-0.2776035714285714,1.022540072852649,-3.0712,1.7763,4.8475,3.0712,-2.3537,2.765,-3.64,-0.0283578313253012,9.172999999999991,-9.42066666666663,1,0,17.796664285714286,9.632861326312248,0.8487,29.575,28.7263,29.575,-0.0088,1.7324999999999982,-1.977500000000001,-0.0001060240963855,18.22933333333333,-21.262333333333487,1,0
left_turn,5.34,90,1.0229369106423147,1.1795702437752489,0.9047586750067664,0.2748115687684821,16.261555545068404,27.70855772374304,1.14789347937864,26.5606642443644,0.0289133333333333,0.0459365859918243,-0.0795,0.1171,0.1966,0.1171,-0.1244,0.1464,-0.0977,-0.0013977528089887,0.3059999999999997,-0.3009999999999997,0,1,-0.1156333333333333,0.102127710311566,-0.3526,0.1433,0.4959,0.3526,-0.0062999999999999,0.1689,-0.1462,-7.078651685393242e-05,0.3458333333333352,-0.3210000000000002,0,1,1.009811111111111,0.058560563952518,0.8799,1.1614,0.2815,1.1614,-0.1016,0.2678999999999999,-0.1977000000000001,-0.0011415730337078,0.6553333333333349,-0.5056666666666665,1,0,1.1417799999999998,1.260623035565253,-2.5463,4.6725,7.2188,4.6725,1.6187,2.7126,-2.555,0.0181876404494381,14.627166666666666,-10.791666666666655,1,1,-0.0314022222222221,1.033105898394921,-3.0625,2.66,5.7225,3.0625,0.7875,3.3337,-3.0012,0.0088483146067415,9.10016666666675,-11.46249999999999,2,3,16.068212222222222,9.471383782159291,0.385,27.6413,27.2563,27.6413,-0.5688,1.1288,-1.6361999999999988,-0.006391011235955,14.977333333333306,-21.277333333333388,1,0
left_turn,6.84,115,1.0237610594016835,1.1742396731502474,0.83234328254633,0.3418963906039173,12.187344158698616,22.84457697835528,1.3035437775540952,21.54103320080118,0.0341626086956521,0.0441750494412288,-0.0623,0.1279,0.1902,0.1279,-0.0305,0.1354,-0.1088,-0.0002675438596491,0.3179999999999996,-0.2700555555555548,2,3,-0.0907243478260869,0.0907049937611556,-0.3006,0.1517,0.4523,0.3006,0.1061,0.1921,-0.196,0.0009307017543859,0.4880000000000032,-0.5121666666666667,0,3,1.014273913043478,0.0656360113060491,0.8311,1.1561,0.3249999999999999,1.1561,-0.0569,0.3249999999999999,-0.2947999999999999,-0.0004991228070175,0.6276666666666681,-0.5461666666666645,1,0,0.9038356521739128,1.3857306897155477,-2.03,4.9088,6.9388000000000005,4.9088,1.1637000000000002,3.7975,-5.0576,0.0102078947368421,15.968666666666648,-14.568666666666653,2,2,-0.2169173913043478,1.4070856539634062,-4.2525,3.325,7.577500000000001,4.2525,-1.3126000000000002,4.7862,-5.180000000000001,-0.0115140350877192,11.841666666666688,-16.537666666666592,2,4,11.818281739130434,7.4458125908457395,0.3063,22.6712,22.3649,22.6712,0.525,1.6363000000000003,-1.1288,0.0046052631578947,17.252166666666646,-11.36049999999998,1,0
left_turn,8.7,146,1.003703226773811,1.16017726662782,0.8959320956411819,0.2642451709866381,10.893557902919536,20.20525296500888,1.1310480493772137,19.074204915631665,0.0157664383561643,0.0304056239747875,-0.0443,0.0983,0.1426,0.0983,0.0331,0.0834,-0.0841,0.0002282758620689,0.195166666666665,-0.2061666666666666,1,0,-0.0857732876712328,0.0718591776982001,-0.2494,0.0771,0.3265,0.2494,0.0005,0.104,-0.1011999999999999,3.448275862068586e-06,0.3619999999999999,-0.3845000000000007,0,3,0.9968650684931508,0.0472307126735395,0.885,1.1582,0.2731999999999999,1.1582,0.0777999999999999,0.1738999999999999,-0.1432,0.0005365517241379,0.3673333333333346,-0.4808333333333436,3,0,0.3065520547945206,0.9384128867195216,-1.6888,2.695,4.3838,2.695,0.6826000000000001,2.6075,-2.3187,0.0047075862068965,8.997999999999992,-8.560333333333366,2,0,-0.0302657534246575,1.0647525976804937,-2.6775,2.0125,4.69,2.6775,-1.0675,3.4737,-3.4825,-0.0073620689655172,9.82916666666666,-11.856166666666654,2,2,10.70071095890411,6.723264857145474,0.98,20.1425,19.1625,20.1425,-0.0087,1.3475,-1.1024999999999991,-6.000000000001942e-05,14.991666666666674,-8.779166666666676,1,0
left_turn,5.58,94,1.016772602060105,1.180883647951821,0.8595615742923831,0.3213220736594379,16.35163443376271,29.577272316594716,1.240281294706971,28.336991021887744,0.0291361702127659,0.0491551195138647,-0.0879,0.1537,0.2416,0.1537,-0.104,0.0668,-0.1015,-0.0011182795698924,0.2573333333333334,-0.2338333333333325,1,1,-0.1281531914893617,0.0922093232313313,-0.3074,0.0754,0.3828,0.3074,0.0169,0.146,-0.1534,0.0001817204301075,0.4913333333333319,-0.4065000000000016,0,3,1.0029255319148938,0.0559969909640317,0.8469,1.1487,0.3018,1.1487,-0.0106,0.1996,-0.2682,-0.0001139784946236,0.3943333333333303,-0.3579999999999987,2,0,0.5831734042553192,1.562672743289008,-2.5988,5.32,7.918800000000001,5.32,3.4562,4.13,-5.7925,0.037163440860215,19.658333333333314,-19.06050000000006,1,4,-0.2136244680851063,1.0715945462465797,-3.0712,2.4762,5.5474,3.0712,-0.3675,3.045,-2.7213000000000003,-0.0039516129032257,7.612333333333314,-8.837333333333373,2,3,16.098144680851064,9.178706406849685,0.6125,29.5575,28.945,29.5575,-0.245,1.4088000000000005,-1.636300000000002,-0.0026344086021505,18.448000000000008,-14.3063333333333,1,0
left_turn,5.52,93,1.0163774878294027,1.1641106734327282,0.8474713918475361,0.3166392815851921,16.11167844420461,24.916676999351257,0.7519745274941166,24.16470247185714,0.0055537634408602,0.0470861619086888,-0.1394,0.0968,0.2362,0.1394,-0.0957,0.0993,-0.0899,-0.0010402173913043,0.2674999999999989,-0.2203333333333339,0,1,-0.1043,0.0902826551785389,-0.2523,0.1649,0.4172,0.2523,0.0859,0.193,-0.1530999999999999,0.0009336956521739,0.3774999999999984,-0.4506666666666666,0,1,1.0058881720430106,0.0564155541485069,0.8338,1.147,0.3132,1.147,-0.0332999999999999,0.1533,-0.1706999999999999,-0.0003619565217391,0.6073333333333331,-0.5356944444444472,2,0,0.8960763440860214,1.2019102374063302,-2.695,4.0425,6.737500000000001,4.0425,-0.2274999999999999,3.5876,-3.6662,-0.0024728260869565,11.95849999999999,-12.512499999999989,2,4,0.0930505376344085,1.1657480687098714,-3.4213,2.5638,5.9851,3.4213,-0.1836999999999999,3.2287000000000003,-4.3051,-0.0019967391304347,12.162499999999987,-11.34583333333332,2,1,15.96846021505376,8.079533557917106,0.35,24.9025,24.5525,24.9025,-0.49,1.4000999999999992,-1.5751,-0.0053260869565217,16.464499999999994,-21.04366666666664,1,0
left_turn,7.62,128,1.0118628252919928,1.1519135080378216,0.8018105574261293,0.3501029506116923,11.106646406885783,23.16345929216964,1.1165732756966735,22.046886016472968,0.0275484375,0.0414665750687595,-0.0581,0.1254,0.1835,0.1254,-0.085,0.1011,-0.1222999999999999,-0.0006692913385826,0.2455000000000007,-0.3309999999999997,2,2,-0.07625703125,0.0906147271091729,-0.2477,0.141,0.3887,0.2477,0.0346,0.1881,-0.1911,0.0002724409448818,0.4086666666666674,-0.6149999999999998,0,9,1.00369921875,0.0662690548987996,0.8012,1.1402,0.3390000000000001,1.1402,-0.0248,0.1987999999999999,-0.2171,-0.0001952755905511,0.6101666666666645,-0.5116666666666712,1,0,0.86720703125,1.4582909279633105,-2.275,4.2962,6.571199999999999,4.2962,-0.0176,4.908799999999999,-3.6312,-0.0001385826771653,14.131166666666653,-13.591500000000018,2,4,0.0950890625,1.554836547514152,-3.5875,4.8387,8.4262,4.8387,0.6825,5.0312,-6.6324000000000005,0.0053740157480315,17.718666666666735,-18.054,2,9,10.6778734375,7.536767718404133,0.8138,22.8638,22.05,22.8638,-0.1837,1.4699,-1.2599999999999998,-0.0014464566929133,15.487333333333318,-10.90833333333336,1,0
left_turn,5.22,88,1.0037946625626126,1.1140899425091315,0.9106378863192548,0.2034520561898767,18.047494682680057,30.60406949051057,1.62991715740402,28.974152333106552,0.0192545454545454,0.0620783578055749,-0.0689,0.1279,0.1968,0.1279,-0.0954,0.051,-0.0615,-0.0010965517241379,0.1615000000000001,-0.2090000000000006,1,1,-0.1267147727272727,0.0821345217573924,-0.2526,0.1124,0.365,0.2526,0.0685,0.1038999999999999,-0.0862,0.000787356321839,0.3276666666666674,-0.3539999999999998,0,1,0.990280681818182,0.046018896313586,0.8938,1.107,0.2131999999999999,1.107,0.1070999999999999,0.1385999999999999,-0.166,0.0012310344827586,0.3811111111111123,-0.3581666666666656,2,0,0.4237738636363636,0.9446160447862716,-1.4875,2.6163,4.1038,2.6163,0.4726,2.2138,-2.3712,0.0054321839080459,7.948000000000053,-8.677166666666658,1,0,0.0756704545454545,0.9169950416841708,-2.03,2.5463,4.5763,2.5463,-0.8225,3.4388,-2.1788,-0.0094540229885057,6.678999999999994,-9.40616666666666,1,1,17.915920454545457,9.882609955878891,0.7875,30.5987,29.8112,30.5987,-0.2012,2.1437,-1.9775,-0.0023126436781609,19.36666666666666,-17.63133333333331,1,0
left_turn,6.36,107,1.0061485484923294,1.109858950497765,0.8928026489656042,0.2170563015321607,14.162427843130686,25.967523466822936,0.5366629575441182,25.43086050927882,0.0271504672897196,0.0444804692646783,-0.072,0.1208,0.1928,0.1208,-0.0942,0.0647,-0.0684,-0.000888679245283,0.1733333333333332,-0.1891666666666668,0,1,-0.1083588785046728,0.0866433417547389,-0.2582,0.0717,0.3298999999999999,0.2582,-0.031,0.1518999999999999,-0.1106,-0.0002924528301886,0.389833333333333,-0.3415000000000012,0,2,0.995244859813084,0.0455798971610951,0.8896,1.0882,0.1986000000000001,1.0882,0.0117,0.1664,-0.173,0.0001103773584905,0.432333333333335,-0.3579999999999987,2,0,0.5809317757009347,1.2986351547710366,-2.17,4.2962,6.4662,4.2962,0.2188,3.7712,-3.6925,0.0020641509433962,18.17100000000005,-13.44583333333332,1,2,-0.041214953271028,0.8848366371773217,-2.0038,2.1875,4.1913,2.1875,-0.1663,2.4237,-3.5262,-0.0015688679245282,7.43733333333338,-6.635333333333326,1,1,14.008177570093457,8.937117098078954,0.2013,25.935,25.7337,25.935,0.5687,1.2512,-1.233700000000001,0.0053650943396226,15.166833333333315,-16.202000000000012,1,0
left_turn,5.52,93,1.0061060186289794,1.1891393946884443,0.818303592806484,0.3708358018819603,16.239485982793052,26.410468686678016,1.589922777998982,24.820545908679033,0.0111774193548387,0.0468432518666434,-0.0851,0.1225,0.2076,0.1225,0.0231,0.1177,-0.1146,0.0002510869565217,0.2868333333333331,-0.2245000000000006,0,1,-0.1234172043010752,0.095198320024974,-0.3645,0.0969,0.4614,0.3645,0.0742,0.1636,-0.1959,0.0008065217391304,0.4423333333333326,-0.5879999999999994,0,3,0.9928924731182796,0.0661031016778025,0.7506,1.1439,0.3932999999999998,1.1439,-0.0257,0.3785999999999999,-0.2292999999999999,-0.0002793478260869,0.4599999999999991,-0.8081666666666658,1,0,0.9337096774193548,1.4083273662216491,-3.0975,4.445,7.5425,4.445,-3.5087,4.7687,-4.375,-0.0381380434782608,19.74583333333339,-14.46666666666665,1,3,0.0349989247311827,1.1783074386127483,-2.9838,3.8063,6.7901,3.8063,-0.42,3.605,-5.0838,-0.0045652173913043,11.418833333333373,-11.78349999999999,1,5,16.029249462365595,8.706083267608166,0.98,26.39,25.41,26.39,0.0087,1.4087999999999994,-1.6538000000000004,9.456521739129514e-05,18.5208333333333,-20.183333333333323,1,0
left_turn,5.7,96,1.0205664578491165,1.2446447726158656,0.8336859540618398,0.4109588185540258,14.070891967990669,27.445039468727316,1.1436091727509008,26.301430295976417,0.0286989583333333,0.0388641859077471,-0.0508,0.1398,0.1906,0.1398,-0.0487999999999999,0.0902999999999999,-0.1224,-0.0005136842105263,0.2831666666666675,-0.4944999999999996,1,2,-0.115803125,0.106766341486173,-0.3243,0.1027,0.427,0.3243,0.0831,0.1735,-0.1633,0.0008747368421052,0.5106666666666703,-0.5621666666666674,0,5,1.0073614583333337,0.0699913549094558,0.8267,1.2044,0.3776999999999999,1.2044,-0.0601000000000001,0.3015999999999998,-0.2698,-0.0006326315789473,0.5010000000000012,-0.6338333333333335,1,0,0.8152052083333333,1.2785195852086355,-1.5575,4.1475,5.705,4.1475,1.225,4.0513,-3.1937999999999995,0.0128947368421052,10.412500000000032,-15.502166666666644,1,0,-0.2222197916666666,1.3407464190257912,-3.08,4.2962,7.3762,4.2962,1.9163,5.0312,-3.8325,0.0201715789473683,14.772833333333336,-13.474833333333306,2,5,13.79856875,8.831826358827875,0.3675,27.2738,26.9063,27.2738,0.5249999999999999,1.7325,-1.7325000000000017,0.0055263157894736,16.041666666666714,-17.325000000000003,1,0
left_turn,8.4,141,1.0032917209495618,1.1375247206105017,0.8546255612840047,0.282899159326497,11.527180789003667,20.926961098544623,1.2738923384650682,19.653068760079556,0.0150666666666666,0.0355714766685465,-0.0669,0.0953,0.1622,0.0953,-0.062,0.093,-0.0905,-0.0004428571428571,0.2611666666666684,-0.3186111111111111,2,3,-0.0961255319148936,0.0759299210778834,-0.2702,0.1086,0.3788,0.2702,0.0871,0.1797,-0.1284,0.0006221428571428,0.3122222222222195,-0.3546666666666667,0,4,0.9951255319148936,0.0479228821042655,0.8545,1.1326,0.2781,1.1326,-0.0144999999999999,0.2078000000000001,-0.1664,-0.0001035714285714,0.3268333333333295,-0.405833333333333,2,0,0.3877382978723404,0.9193521288431928,-2.0563,2.8175,4.873799999999999,2.8175,1.0325,3.3512,-2.9225,0.0073749999999999,10.806333333333338,-8.61866666666668,2,2,0.1488744680851064,1.1974712384499653,-2.9488,3.8937,6.842499999999999,3.8937,-0.9013,3.0363,-3.2024999999999997,-0.0064378571428571,15.0500000000001,-12.016833333333352,1,3,11.362714893617024,6.556204260044027,0.9362,20.8687,19.9325,20.8687,-0.0613,1.1112000000000002,-0.8663000000000007,-0.0004378571428571,11.754166666666665,-11.331166666666675,1,0
left_turn,4.92,83,1.0142399430767317,1.183969159226709,0.881863538196245,0.302105621030464,18.496312752449747,28.85041715694939,1.0919731590107882,27.75844399793861,0.041944578313253,0.0589798275829139,-0.0839,0.1357,0.2196,0.1357,-0.139,0.0935,-0.0744,-0.0016951219512195,0.1833333333333341,-0.276333333333333,0,1,-0.1514072289156626,0.0851054249841902,-0.2928,0.0969,0.3897,0.2928,0.1154,0.1348,-0.1134999999999999,0.0014073170731707,0.5853333333333329,-0.3343333333333335,0,3,0.9965963855421688,0.0554424651147104,0.8667,1.1624,0.2957000000000001,1.1624,0.0116,0.1471999999999999,-0.2621000000000001,0.0001414634146341,0.4013333333333335,-0.6524999999999999,2,0,0.5804493975903614,1.4021378569339014,-2.2838,3.955,6.2387999999999995,3.955,1.9075,2.17,-4.0512999999999995,0.0232621951219512,9.683500000000018,-10.879333333333324,1,1,-0.0449084337349397,0.9673618192373774,-2.5638,2.5725,5.1363,2.5725,2.8611999999999997,2.9312,-2.8,0.0348926829268292,13.358500000000046,-11.30200000000007,1,1,18.311119277108432,8.667670673570697,0.4988,28.84,28.3412,28.84,0.3325,1.6188000000000002,-2.2574000000000005,0.0040548780487804,21.379166666666677,-28.991499999999977,1,0
left_turn,6.18,104,1.0114412610235368,1.1439126977177934,0.8181099864932587,0.3258027112245346,14.627758746178642,29.232088578991412,1.2710036900025117,27.9610848889889,0.0221826923076923,0.0478770623116511,-0.0896,0.1183,0.2079,0.1183,-0.1207,0.1068,-0.1125,-0.0011718446601941,0.3348333333333322,-0.3602777777777801,0,2,-0.1029278846153846,0.1138007485913327,-0.4152,0.1484,0.5636,0.4152,-0.0009,0.2169,-0.2776,-8.737864077668132e-06,0.4834999999999994,-0.3824999999999994,0,3,0.9984057692307692,0.0608980475828456,0.7835,1.1277,0.3441999999999999,1.1277,-0.0722999999999999,0.2106999999999999,-0.2600999999999999,-0.0007019417475728,0.3964999999999996,-0.3714999999999993,2,0,1.0581576923076923,1.4180256186281983,-2.73,4.4012,7.1312,4.4012,-0.8399000000000001,4.0601,-3.675,-0.0081543689320388,16.333500000000036,-14.685333333333348,1,4,-0.0173346153846153,1.119118656937103,-3.8588,2.5025,6.3613,3.8588,-1.0063,3.8151,-4.1388,-0.0097699029126213,11.170833333333322,-8.44625000000005,2,1,14.35900096153846,10.392155311864878,0.7262,29.225,28.498800000000003,29.225,0.1576,1.715,-1.8987,0.0015300970873786,16.24583333333331,-23.799999999999983,1,0
left_turn,6.9,116,1.009390155008871,1.2051099244467287,0.7521751790640263,0.4529347453827024,11.732344547109186,26.076623431149976,1.2928698697084715,24.783753561441504,0.0269189655172413,0.0459589399238117,-0.0594,0.1723,0.2317,0.1723,-0.0191999999999999,0.1145,-0.1132,-0.0001669565217391,0.3303333333333306,-0.320833333333333,1,6,-0.0726758620689655,0.09647398353572,-0.2768,0.1057,0.3825,0.2768,0.0732,0.2094,-0.197,0.0006365217391304,0.4068333333333329,-0.3671666666666631,0,9,1.0008370689655173,0.0660139214964111,0.7505,1.191,0.4405000000000001,1.191,0.0037,0.2256,-0.2312,3.2173913043478577e-05,0.6998333333333324,-0.5438333333333301,2,0,0.773619827586207,1.2047507834814222,-1.7413,5.18,6.9213,5.18,0.35,2.9838,-2.9487,0.0030434782608695,14.758333333333372,-17.937333333333314,1,0,-0.0346965517241379,1.4206015370062528,-4.5763,2.8175,7.3938,4.5763,-0.5075000000000001,3.325,-3.7012,-0.0044130434782609,9.858666666666656,-19.2501666666667,2,8,11.402839655172416,8.781279363538138,0.5775,26.0312,25.4537,26.0312,0.0961999999999999,1.7675,-1.3561999999999976,0.0008365217391304,19.57083333333334,-14.495833333333325,1,0
left_turn,10.38,174,1.0025691081243766,1.121942217763464,0.8066413205384411,0.3153008972250228,9.460661967486736,18.839022861602988,1.125121300127235,17.71390156147575,0.0146367816091954,0.0262018978041977,-0.1083,0.1091,0.2173999999999999,0.1091,-0.0168,0.1298,-0.108,-9.710982658959557e-05,0.2816666666666743,-0.257,3,1,-0.0746747126436781,0.0720906577905098,-0.2376,0.0576,0.2952,0.2376,0.0154,0.1395,-0.121,8.901734104046161e-05,0.3669999999999992,-0.3644999999999994,0,4,0.9967333333333334,0.0473245739405147,0.7993,1.1209,0.3216,1.1209,-0.0696000000000001,0.2137999999999998,-0.2496999999999999,-0.0004023121387283,0.4386666666666805,-0.470999999999993,3,0,0.3130350574712643,0.8372266144290793,-2.4588,2.45,4.9088,2.4588,-0.5774999999999999,4.4887999999999995,-3.4825,-0.0033381502890173,7.700166666666715,-7.670999999999989,3,2,0.0620557471264367,1.1383973075181035,-3.6575,3.5525,7.210000000000001,3.6575,-1.1375000000000002,3.6838,-4.278700000000001,-0.0065751445086705,14.26250000000002,-13.839500000000015,2,4,9.232056896551724,6.231972821127822,0.8313,18.7862,17.954900000000002,18.7862,0.0699999999999999,1.1900000000000004,-0.8662999999999998,0.0004046242774566,11.535499999999992,-10.325000000000044,1,0
left_turn,7.02,118,1.00575435859643,1.1274568772241358,0.913026538497102,0.2144303387270337,12.79412595860178,23.31493997032804,1.3652720900977944,21.949667880230248,0.0164966101694915,0.0433645783454365,-0.0888,0.1145,0.2033,0.1145,-0.0137,0.0787,-0.0646,-0.000117094017094,0.2615,-0.2206666666666664,0,2,-0.0888855932203389,0.0682439869620957,-0.227,0.0678,0.2948,0.227,0.0006,0.1334,-0.0991,5.128205128205394e-06,0.5078333333333328,-0.3781666666666681,0,1,0.9984279661016952,0.0434593923549569,0.9069,1.1266,0.2197,1.1266,-0.0407,0.1734999999999998,-0.1728,-0.0003478632478632,0.4390000000000018,-0.262833333333333,2,0,0.399535593220339,1.078681939174742,-2.5375,4.5237,7.0611999999999995,4.5237,1.435,2.7474999999999996,-2.03,0.0122649572649572,16.391666666666687,-21.62699999999995,2,1,-0.0711110169491525,0.8240609130028727,-2.3363,2.205,4.5413,2.3363,-1.4701,2.5813,-2.5812,-0.0125649572649572,7.378999999999978,-7.729166666666649,2,1,12.655097457627122,7.620812394974384,0.5863,23.3013,22.715,23.3013,-0.2536999999999999,1.373800000000001,-1.1988000000000003,-0.002168376068376,16.406333333333365,-10.86466666666668,1,0
left_turn,5.76,97,1.0103389581782911,1.1269160660847817,0.908577294455458,0.2183387716293237,15.565708390465312,23.03885772862882,1.0803114458340244,21.958546282794796,-0.0072649484536082,0.030505211444239,-0.058,0.093,0.151,0.093,-0.012,0.1333,-0.1225999999999999,-0.0001249999999999,0.3014999999999996,-0.2323333333333348,1,3,-0.1000030927835051,0.0784721333946116,-0.2668,0.1054,0.3722,0.2668,-0.0735,0.1406,-0.1982,-0.0007656249999999,0.4413333333333316,-0.4654166666666697,0,2,1.001898969072165,0.0467007773285711,0.8979,1.1014,0.2034999999999999,1.1014,-0.1391,0.1654,-0.1783,-0.0014489583333333,0.3353333333333346,-0.3568333333333342,1,0,0.9276804123711342,1.2100070460916723,-2.1788,4.48,6.6588,4.48,-1.3126,3.3425,-3.92,-0.0136729166666666,17.310500000000065,-13.795833333333324,2,2,0.0420288659793814,1.1153139731669324,-2.5988,2.5638,5.1626,2.5988,2.1962,2.94,-3.4825,0.0228770833333333,9.94599999999999,-7.56883333333335,1,5,15.395940206185568,7.660504112486927,0.8313,23.03,22.1987,23.03,-0.0348999999999999,1.4525000000000006,-1.469899999999999,-0.0003635416666666,18.724833333333336,-17.64583333333333,1,0
left_turn,6.6,111,1.0132487222149793,1.1765686507807354,0.8293461400404538,0.3472225107402815,12.704299854524471,24.30989369063551,1.0568406360468925,23.253053054588616,0.0244333333333333,0.0441602007845676,-0.0651,0.1408,0.2059,0.1408,-0.1038999999999999,0.1124999999999999,-0.111,-0.0009445454545454,0.3705000000000023,-0.2606666666666667,1,2,-0.0934504504504504,0.0856195547692591,-0.2593,0.083,0.3423,0.2593,-0.0231,0.159,-0.2072,-0.0002099999999999,0.4436666666666695,-0.364000000000001,0,8,1.0040360360360363,0.0620045244577769,0.8281,1.1683,0.3401999999999999,1.1683,-0.0743999999999999,0.2239999999999998,-0.2285999999999999,-0.0006763636363636,0.789333333333329,-0.6506666666666678,3,0,0.6171495495495494,1.234926132636271,-2.24,4.2175,6.4575000000000005,4.2175,-0.1838,3.3337,-2.9400000000000004,-0.0016709090909091,12.191666666666606,-12.862500000000052,2,2,-0.0876648648648648,1.310931768257611,-5.04,3.01,8.05,5.04,1.61,4.34,-4.9262,0.0146363636363636,12.43949999999998,-16.508333333333375,1,5,12.442026126126123,8.027823900701538,0.3675,24.255,23.8875,24.255,0.1661999999999999,1.4350000000000005,-1.4788000000000006,0.001510909090909,14.160499999999985,-14.685666666666634,1,0
left_turn,5.58,94,1.0088609082254207,1.1768048011458825,0.894424876666565,0.2823799244793175,17.002206567560112,30.320825874141356,1.2072907437730152,29.11353513036834,0.0250691489361702,0.0567649388732993,-0.0697,0.1402,0.2098999999999999,0.1402,-0.0662,0.063,-0.0805,-0.0007118279569892,0.2051666666666667,-0.3306666666666663,1,1,-0.1236925531914893,0.0916573307926582,-0.2735,0.0598,0.3333,0.2735,0.0911,0.1081,-0.1567,0.0009795698924731,0.3718333333333331,-0.4941666666666664,0,3,0.9951648936170212,0.0541327216200013,0.874,1.1635,0.2895,1.1635,0.0167000000000001,0.2306000000000001,-0.2895,0.0001795698924731,0.383888888888886,-0.4943333333333335,2,0,0.4398308510638297,0.99412128692831,-2.3012,3.3688,5.67,3.3688,2.5988,4.033799999999999,-2.5288,0.0279440860215053,8.72083333333333,-8.181166666666659,1,1,-0.0542755319148936,1.0929022024035504,-2.625,2.7387,5.3637,2.7387,-0.595,2.9837,-2.8438,-0.0063978494623655,10.06249999999999,-9.683500000000002,1,3,16.839002127659576,10.269902924502505,0.8838,30.275,29.3912,30.275,0.0348999999999999,1.6799999999999995,-1.303700000000001,0.0003752688172042,25.010333333333335,-15.92500000000004,1,0
left_turn,6.3,106,1.001734083375604,1.1937694291612595,0.85798247651103,0.3357869526502297,13.231046590883114,21.90477116132465,1.1811162897869116,20.72365487153774,-0.0120056603773584,0.056692206284191,-0.1435,0.1286,0.2721,0.1435,0.1815,0.1174,-0.1025,0.0017285714285714,0.3024999999999987,-0.3836666666666661,1,1,-0.0535283018867924,0.0708077716406045,-0.1837,0.1806,0.3643,0.1837,0.0345,0.1801,-0.1406,0.0003285714285714,0.6041666666666701,-0.3936666666666694,0,1,0.9961066037735848,0.0475171312843973,0.8566,1.1778,0.3211999999999999,1.1778,0.0324,0.2432999999999999,-0.1605999999999999,0.0003085714285714,0.334500000000002,-0.5649999999999986,2,0,0.2166952830188679,0.93766499077758,-1.9162,2.485,4.401199999999999,2.485,-0.3675,3.8587,-2.9924,-0.0034999999999999,9.49366666666668,-10.00416666666673,2,0,0.1036801886792453,1.103920238442012,-3.2987,3.4125,6.7112,3.4125,-1.9951,3.1675,-4.0075,-0.0190009523809523,12.395833333333403,-14.522638888888986,2,2,13.063166981132074,7.5727378858227725,0.3237,21.8487,21.525,21.8487,0.6738000000000001,1.3474999999999984,-1.5925000000000002,0.0064171428571428,13.037499999999994,-15.735166666666636,1,0
left_turn,6.0,101,1.0010260651095686,1.1874584834847912,0.8473738903223299,0.3400845931624613,16.649603535105793,34.08954248930308,1.0687316688486403,33.020810820454436,0.0002544554455445,0.0508206011864332,-0.1208,0.1393,0.2601,0.1393,-0.0891,0.1427,-0.123,-0.000891,0.3198333333333329,-0.3138333333333331,1,1,-0.1006722772277227,0.0852236635199542,-0.2889,0.0626,0.3515,0.2889,-0.0658,0.1273,-0.1439,-0.000658,0.4256666666666674,-0.4816666666666662,0,2,0.9909306930693068,0.0561430133544224,0.8325,1.1871,0.3546,1.1871,0.1925,0.2290999999999999,-0.2038000000000001,0.001925,0.4625000000000057,-0.4938333333333329,1,0,0.0567425742574257,1.0514238387393102,-2.3537,2.8788,5.2325,2.8788,0.3062999999999999,3.6137,-3.4912,0.0030629999999999,10.20816666666668,-11.24152777777785,2,1,0.2756653465346534,1.1003879306349778,-4.1825,3.0275,7.21,4.1825,2.1262,2.7038,-2.87,0.0212619999999999,11.710333333333338,-14.991666666666664,1,1,16.486646534653463,11.323430765334017,0.6388,34.0462,33.407399999999996,34.0462,-0.2187,1.7586999999999977,-1.6012000000000022,-0.002187,18.506333333333323,-19.97916666666669,1,0
left_turn,5.04,85,1.003626360850387,1.1371867788538523,0.8937446783058347,0.2434421005480176,16.6267647176479,26.223935393071727,0.7105649653620703,25.513370427709656,0.0333117647058823,0.0376945695588859,-0.0834,0.1222,0.2056,0.1222,-0.1124,0.0819999999999999,-0.1144,-0.0013380952380952,0.2761666666666671,-0.2378333333333331,1,1,-0.115075294117647,0.0807311557046012,-0.2792,0.0618,0.341,0.2792,0.0670999999999999,0.1592,-0.1480999999999999,0.0007988095238095,0.3396666666666663,-0.288166666666666,0,1,0.9925058823529412,0.0514154376320065,0.8669,1.1195,0.2525999999999999,1.1195,-0.0111999999999999,0.1857999999999999,-0.1896,-0.0001333333333333,0.3908333333333313,-0.4491666666666667,1,0,0.2492188235294118,1.1473758357447574,-2.87,4.1388,7.0088,4.1388,0.7701,5.949999999999999,-2.9749999999999996,0.0091678571428571,12.862499999999988,-10.047666666666656,1,1,0.1156023529411764,1.033625984094052,-2.73,3.0975,5.827500000000001,3.0975,1.0238,3.3163,-4.2438,0.0121880952380952,10.293333333333331,-9.202166666666656,1,2,16.522157647058823,8.623589267697458,0.5863,26.145,25.5587,26.145,0.0698999999999999,1.3736999999999997,-1.959900000000001,0.0008321428571428,17.07716666666667,-28.9041666666666,1,0
left_turn,7.2,121,1.0157342224888846,1.1674847322342163,0.8740527100810339,0.2934320221531824,13.659679824549425,31.058045948352905,1.20598945683617,29.85205649151673,0.0017595041322314,0.0513696969339454,-0.1595,0.0942,0.2537,0.1595,-0.0523,0.151,-0.1317,-0.0004358333333333,0.3798333333333358,-0.3121666666666665,1,1,-0.0694404958677686,0.0917219662699112,-0.2633,0.088,0.3512999999999999,0.2633,-0.0594,0.1357,-0.1523,-0.000495,0.3178333333333313,-0.2619999999999998,0,2,1.0078239669421487,0.060199710720226,0.8331,1.163,0.3299000000000001,1.163,0.0141,0.2330999999999998,-0.2071,0.0001175,0.5031666666666688,-0.4223333333333308,2,0,0.3501421487603306,1.1323970711689475,-3.01,2.6425,5.6525,3.01,1.7588,2.8261999999999996,-3.6662,0.0146566666666666,10.981333333333351,-8.93949999999999,2,1,0.3398760330578512,1.2439906217508765,-2.7037,5.0925,7.796200000000001,5.0925,4.0688,4.996300000000001,-4.585,0.0339066666666667,8.750166666666672,-10.67499999999999,3,4,13.35785123966942,11.306887992267631,0.875,30.8525,29.9775,30.8525,-0.0436999999999999,1.522499999999999,-1.4787,-0.0003641666666666,17.66033333333334,-18.92916666666667,1,0
left_turn,6.0,101,1.0041837307269357,1.2066386120127268,0.8548718851383522,0.3517667268743746,13.85464493689973,28.692493179924256,1.2081349800415515,27.484358199882703,0.0244930693069306,0.0448636517849934,-0.1454,0.1485,0.2939,0.1485,0.0027,0.1377,-0.1786,2.6999999999999437e-05,0.4141666666666663,-0.3793333333333329,2,2,-0.0876366336633663,0.089352631436094,-0.2854,0.1256,0.411,0.2854,0.1168999999999999,0.1652,-0.2012999999999999,0.001169,0.4118333333333329,-0.3840000000000007,0,1,0.9950227722772276,0.0605674910842245,0.8547,1.1993,0.3446,1.1993,0.0351999999999999,0.2406,-0.2810000000000001,0.0003519999999999,0.4573333333333345,-0.4793333333333347,2,0,0.2755831683168316,1.1698858202465152,-2.695,3.4388,6.1338,3.4388,1.0325,3.2024999999999997,-3.1325,0.0103249999999999,10.04799999999999,-14.962499999999984,1,3,0.1585425742574256,1.3759420685004538,-3.815,3.3338,7.1488,3.815,1.5050000000000003,4.3137,-3.8763,0.01505,18.199999999999967,-11.914500000000004,0,6,13.573679207920796,9.00310742166633,0.98,28.6562,27.6762,28.6562,-0.0175,1.5838,-1.4175000000000004,-0.000175,15.779166666666724,-15.691666666666665,1,0
left_turn,6.0,101,1.000820726046531,1.1826418604125255,0.8412440846745967,0.341397775737929,16.97052666805731,29.545272063732973,0.9307824020682816,28.61448966166469,0.0073613861386138,0.0547576204199872,-0.1149,0.1191,0.2339999999999999,0.1191,-0.1298,0.1303,-0.1263,-0.0012979999999999,0.2636666666666674,-0.2946666666666663,1,1,-0.1013069306930693,0.0775265132163516,-0.2462,0.0815,0.3277,0.2462,-0.018,0.155,-0.1586,-0.0001799999999999,0.2819999999999996,-0.3473333333333331,0,7,0.9909653465346534,0.0629212212781086,0.8223,1.1712,0.3489,1.1712,-0.0212999999999999,0.2837999999999999,-0.2971,-0.0002129999999999,0.652166666666667,-0.6308333333333334,2,0,0.135319801980198,0.95603209444242,-3.0975,2.1437,5.2412,3.0975,0.49,2.905,-2.8087,0.0048999999999999,11.068833333333323,-8.837333333333323,1,1,0.2628445544554455,1.1924310477738531,-2.9575,2.94,5.8975,2.9575,0.4024999999999999,3.0888,-4.27,0.004025,8.735499999999993,-12.891666666666652,1,4,16.840804950495052,9.585924501260964,0.7788,29.4788,28.7,29.4788,-0.1573999999999999,1.8111999999999997,-1.2775,-0.001574,17.164500000000032,-16.304166666666674,1,0
left_turn,5.34,90,1.0063720947796302,1.1729403863794614,0.8874462744301764,0.285494111949285,16.464947080556588,28.610712482390227,1.0035967217961606,27.607115760594063,0.0308588888888888,0.0530616641371032,-0.0881,0.1725,0.2606,0.1725,-0.0273,0.0983,-0.1085,-0.0003067415730337,0.3371666666666666,-0.3839999999999995,1,1,-0.1129733333333333,0.0777823494607899,-0.2469,0.0465,0.2934,0.2469,0.0363,0.0893,-0.1128,0.0004078651685393,0.3025000000000025,-0.2338333333333332,0,0,0.9951455555555556,0.0557976705266872,0.8538,1.1549,0.3011,1.1549,0.071,0.2228,-0.2947000000000001,0.0007977528089887,0.7503333333333346,-0.4830000000000023,1,0,0.32871,1.2266745944566526,-1.8987,5.1275,7.0262,5.1275,-0.14,4.2875,-3.0887,-0.0015730337078651,19.293666666666645,-18.083166666666752,1,0,0.1447611111111111,1.0617036547422891,-2.625,4.5325,7.1575,4.5325,-0.3938,4.5325,-3.01,-0.0044247191011235,11.50633333333332,-7.714833333333325,1,1,16.37776222222222,9.336583321279043,0.7613,28.2712,27.5099,28.2712,-0.0962,1.443800000000003,-1.7412999999999998,-0.0010808988764044,16.347833333333327,-18.71050000000001,1,0
left_turn,5.04,85,1.0129262209887353,1.188308099778841,0.8723106327450102,0.3159974670338309,19.052567990031395,31.57549699244653,1.559855804233199,30.015641188213333,0.0101564705882352,0.0541917153373509,-0.1152,0.1204,0.2355999999999999,0.1204,-0.077,0.0809999999999999,-0.097,-0.0009166666666666,0.1666666666666665,-0.2483333333333322,0,1,-0.1127482352941176,0.1057353295146093,-0.3092,0.1013,0.4105,0.3092,0.0758,0.1700999999999999,-0.1982,0.0009023809523809,0.4676666666666687,-0.5869999999999991,0,1,0.9996047058823528,0.0661170263099243,0.8577,1.1815,0.3238,1.1815,-0.0110999999999998,0.2352,-0.2252,-0.0001321428571428,0.5283333333333342,-0.7060000000000004,1,0,0.5588647058823529,1.269466293810296,-1.8288,3.7188,5.5476,3.7188,1.0762,3.3775999999999997,-3.3425,0.0128119047619047,10.835500000000025,-14.072999999999988,1,0,0.3989035294117646,1.2499583623014787,-2.345,3.8325,6.1775,3.8325,-0.3938,5.18,-4.2787,-0.0046880952380952,10.150166666666657,-15.53116666666665,1,5,18.87549529411765,11.08484548254428,0.84,31.4562,30.6162,31.4562,0.0962,1.8200000000000005,-2.0037000000000003,0.0011452380952381,20.343666666666664,-27.65000000000012,1,0
left_turn,5.7,96,1.0083434336983228,1.16828702380879,0.8725421594398749,0.295744864368915,14.21471732658746,25.36948722028098,1.4733846476735124,23.896102572607468,0.0386135416666666,0.0502466623553333,-0.0773,0.1464,0.2237,0.1464,-0.0061,0.1006,-0.1176,-6.421052631578986e-05,0.334333333333332,-0.3243333333333331,1,4,-0.0808166666666666,0.0777383935038627,-0.2442,0.092,0.3362,0.2442,-0.0926,0.1563,-0.133,-0.0009747368421052,0.4866666666666681,-0.5854166666666666,0,4,1.000171875,0.0626573063797284,0.8614,1.1575,0.2960999999999999,1.1575,0.0559,0.2,-0.2169999999999998,0.0005884210526315,0.5669583333333321,-0.6184722222222216,2,0,0.2863770833333334,1.208664398022977,-2.695,3.3075,6.0024999999999995,3.3075,0.9975,3.325,-2.6599999999999997,0.0105,14.26233333333332,-13.299999999999986,1,3,-0.0567864583333333,1.3005855814427585,-3.4738,3.4475,6.9213000000000005,3.4738,3.0974999999999997,3.9638,-4.0163,0.0326052631578947,10.35416666666661,-15.09383333333332,2,2,13.982957291666668,8.044770811137862,0.4988,25.2787,24.7799,25.2787,0.4024999999999999,1.557500000000001,-1.163800000000002,0.0042368421052631,16.668666666666674,-13.329166666666652,1,0
left_turn,5.7,96,1.011895427049993,1.1611766230853944,0.9076053217120312,0.253571301373363,17.747484722566327,31.100121027738783,1.2671598675778837,29.8329611601609,0.0172729166666666,0.0438629167896783,-0.0706,0.1038,0.1744,0.1038,-0.0815,0.0814999999999999,-0.1061,-0.0008578947368421,0.2403333333333333,-0.2390277777777778,1,1,-0.101425,0.0960397297175003,-0.3096,0.1482,0.4578,0.3096,-0.1397,0.2166,-0.2043999999999999,-0.0014705263157894,0.3823333333333337,-0.6031666666666665,0,2,1.0010052083333334,0.0583625084591156,0.8621,1.1547,0.2926000000000001,1.1547,-0.0587999999999999,0.2701,-0.2926000000000001,-0.000618947368421,0.583833333333331,-0.5526666666666671,1,0,0.2532895833333333,1.217751223792547,-2.9488,2.975,5.9238,2.975,-0.2450000000000001,3.2201,-3.1676,-0.002578947368421,15.035500000000006,-12.045999999999983,1,5,0.229871875,1.2242288320410764,-3.4738,2.87,6.3438,3.4738,-0.6123999999999999,4.2613,-3.9899,-0.0064463157894736,15.779333333333357,-15.618833333333328,2,1,17.59551666666667,11.519554824290068,0.6825,31.0975,30.415,31.0975,-0.2713,2.0649999999999977,-2.2225,-0.0028557894736842,23.43516666666673,-30.02699999999996,1,0
left_turn,5.58,94,1.0047177443766886,1.1478580443591446,0.887895145836489,0.2599628985226556,15.80638119685263,28.165479400855222,0.8856306735880369,27.279848727267183,0.0412010638297872,0.049373961390314,-0.0571,0.1389,0.196,0.1389,-0.0493,0.0795,-0.0962,-0.0005301075268817,0.2031666666666665,-0.3174999999999999,1,1,-0.1124297872340425,0.089549231764609,-0.2772,0.1008,0.378,0.2772,0.0822,0.1289,-0.1669999999999999,0.0008838709677419,0.3316666666666638,-0.3433333333333336,0,2,0.9924234042553192,0.0524607573263499,0.8727,1.1151,0.2423999999999999,1.1151,-0.0048999999999999,0.1878999999999999,-0.1941999999999999,-5.268817204300972e-05,0.4576666666666664,-0.4615277777777797,2,0,0.3077393617021277,1.2831096487828264,-2.5463,5.1013,7.647600000000001,5.1013,0.2537,5.7313,-7.35,0.0027279569892473,16.90216666666665,-10.208333333333323,1,9,0.0972765957446808,0.9502482074649956,-2.6075,3.3338,5.9413,3.3338,0.4024999999999999,3.6138,-4.4625,0.0043279569892473,8.555555555555486,-7.481166666666658,1,1,15.68892659574468,9.158498119247108,0.6125,27.8162,27.2037,27.8162,0.2799999999999999,1.3038000000000007,-1.5313,0.003010752688172,16.376833333333337,-20.50416666666663,1,0
left_turn,5.16,87,1.0086643727811837,1.1659647035824026,0.8639646173310571,0.3020000862513454,18.19827175266272,29.248827397521424,1.1000246042702864,28.14880279325114,0.0068091954022988,0.0427259809641053,-0.1137,0.1094,0.2231,0.1137,-0.0178,0.0833,-0.0872999999999999,-0.000206976744186,0.2261111111111111,-0.357333333333332,1,1,-0.1039689655172414,0.093022428291227,-0.2816,0.0917,0.3733,0.2816,0.1245,0.1903,-0.1639999999999999,0.0014476744186046,0.4923333333333314,-0.3271666666666665,0,1,0.9980275862068964,0.055984419945767,0.8306,1.1312,0.3006,1.1312,0.1495,0.3006,-0.1705000000000001,0.0017383720930232,0.5066666666666642,-0.5689999999999991,1,0,0.6006310344827588,1.227292238118775,-2.3537,4.2263,6.58,4.2263,0.9713,3.1501,-3.6925,0.0112941860465116,11.141666666666657,-12.614666666666654,1,1,0.2864402298850575,1.1498322249162094,-3.9375,4.1038,8.0413,4.1038,-0.7612,3.4387999999999996,-4.8388,-0.0088511627906976,12.264666666666654,-12.221000000000103,1,5,18.044213793103445,9.62744598021202,0.91,28.9975,28.0875,28.9975,0.0262,1.5399999999999991,-2.283800000000001,0.0003046511627907,18.331333333333305,-22.560499999999976,1,0
left_turn,5.58,94,1.003096142321232,1.1373128065752185,0.8532452754044407,0.2840675311707777,15.401570959233483,27.1702614153784,1.0743310150973022,26.095930400281095,0.0384489361702127,0.0457156093073248,-0.0561,0.1381,0.1941999999999999,0.1381,0.0054999999999999,0.1213,-0.1022,5.913978494623616e-05,0.3631250000000023,-0.2471666666666674,1,4,-0.0960085106382978,0.0809068276815985,-0.2603,0.06,0.3203,0.2603,0.0325,0.1584,-0.1154,0.0003494623655913,0.404666666666666,-0.4568333333333333,0,2,0.9934957446808508,0.0620111955117326,0.8521,1.1341,0.2820000000000001,1.1341,0.0645999999999999,0.1688,-0.2064999999999999,0.0006946236559139,0.5566250000000039,-0.4923333333333337,1,0,0.2610042553191489,1.1834967891271064,-1.8463,3.2462,5.0925,3.2462,-0.0174999999999999,3.2637,-3.3775,-0.0001881720430107,15.166500000000038,-13.985499999999966,2,0,-0.0573404255319148,1.239057088457078,-3.465,3.1675,6.6325,3.465,-0.3149999999999999,3.4825,-4.13,-0.0033870967741935,10.747833333333308,-17.966666666666658,2,5,15.18226914893617,8.8443334291405,0.6388,27.1688,26.53,27.1688,-0.3323999999999999,1.706199999999999,-1.4962,-0.003574193548387,20.15399999999994,-17.529166666666626,1,0
left_u_turn,9.84,165,1.012183381797957,1.177718922323998,0.8550609685864512,0.3226579537375469,18.912313020510716,36.929036799515906,0.3659616646590186,36.56307513485689,0.0127957575757575,0.0521546601892205,-0.1017,0.176,0.2777,0.176,-0.0498,0.1337999999999999,-0.1043,-0.0003036585365853,0.4253333333333334,-0.3149999999999972,1,4,-0.0906878787878787,0.1094851776290883,-0.3321,0.1479,0.48,0.3321,-0.0259,0.1425,-0.1545,-0.0001579268292682,0.4545000000000002,-0.4233333333333335,0,3,1.0007878787878788,0.0569636916750794,0.8337,1.1661,0.3323999999999999,1.1661,0.0547,0.206,-0.1916,0.0003335365853658,0.5728333333333353,-0.5856666666666612,3,0,0.2963860606060605,1.359790066647528,-3.9375,5.5738,9.5113,5.5738,-0.5599000000000001,3.8325,-4.5501000000000005,-0.0034140243902439,18.506333333333313,-22.268833333333404,2,5,0.2559824242424242,1.2448370357616467,-3.2462,4.2613,7.5075,4.2613,0.0,5.075,-5.3288,0.0,15.26899999999998,-9.77083333333327,2,6,18.625149696969697,13.971226559789022,-0.0875,36.6975,36.785,36.6975,0.0524999999999999,1.6538000000000022,-1.9601000000000008,0.0003201219512195,15.99800000000002,-25.418666666666866,1,0
left_u_turn,9.84,165,1.012183381797957,1.177718922323998,0.8550609685864512,0.3226579537375469,18.912313020510716,36.929036799515906,0.3659616646590186,36.56307513485689,0.0127957575757575,0.0521546601892205,-0.1017,0.176,0.2777,0.176,-0.0498,0.1337999999999999,-0.1043,-0.0003036585365853,0.4253333333333334,-0.3149999999999972,1,4,-0.0906878787878787,0.1094851776290883,-0.3321,0.1479,0.48,0.3321,-0.0259,0.1425,-0.1545,-0.0001579268292682,0.4545000000000002,-0.4233333333333335,0,3,1.0007878787878788,0.0569636916750794,0.8337,1.1661,0.3323999999999999,1.1661,0.0547,0.206,-0.1916,0.0003335365853658,0.5728333333333353,-0.5856666666666612,3,0,0.2963860606060605,1.359790066647528,-3.9375,5.5738,9.5113,5.5738,-0.5599000000000001,3.8325,-4.5501000000000005,-0.0034140243902439,18.506333333333313,-22.268833333333404,2,5,0.2559824242424242,1.2448370357616467,-3.2462,4.2613,7.5075,4.2613,0.0,5.075,-5.3288,0.0,15.26899999999998,-9.77083333333327,2,6,18.625149696969697,13.971226559789022,-0.0875,36.6975,36.785,36.6975,0.0524999999999999,1.6538000000000022,-1.9601000000000008,0.0003201219512195,15.99800000000002,-25.418666666666866,1,0
left_u_turn,8.94,150,1.0081188062864548,1.2014291822658547,0.8728214135778293,0.3286077686880254,20.48859583708463,33.7552637219738,0.5195235220853817,33.23574019988842,0.0257866666666666,0.0521619325138497,-0.0942,0.133,0.2272,0.133,-0.0319,0.1056,-0.1147,-0.0002140939597315,0.3751666666666681,-0.2646666666666645,1,3,-0.119302,0.0860463988069867,-0.2921,0.0808,0.3729,0.2921,0.0996,0.1449,-0.1159,0.0006684563758389,0.4153333333333342,-0.408166666666667,0,5,0.9955606666666664,0.065021329382906,0.8433,1.1768,0.3335,1.1768,0.0826,0.2765000000000001,-0.2967999999999998,0.0005543624161073,0.4746666666666659,-0.580000000000001,2,0,0.2475093333333333,1.0442269602966066,-2.6075,2.8263,5.4338,2.8263,0.2274999999999999,3.7888,-3.2201,0.0015268456375838,8.648000000000007,-9.770833333333332,2,1,0.1318879999999999,1.135013490143643,-2.6862,2.66,5.3462,2.6862,1.1987,3.9375,-3.2112,0.008044966442953,8.458500000000033,-9.829333333333365,3,3,20.292944,12.445559695819714,-0.2362,33.6613,33.897499999999994,33.6613,0.0174,1.3475,-1.6537000000000006,0.0001167785234899,17.397833333333338,-19.54166666666671,1,0
left_u_turn,11.52,193,1.0047613320340083,1.198816049275284,0.8612582249244416,0.3375578243508423,16.5631588264007,34.88738130227031,0.7591914712376582,34.12818983103266,0.0238663212435233,0.0546295560212946,-0.1273,0.1617,0.289,0.1617,0.052,0.1208,-0.1401,0.0002708333333333,0.402875,-0.3341666666666668,2,3,-0.090100518134715,0.1104682064448717,-0.3131,0.1498,0.4629,0.3131,-0.0029999999999999,0.3216,-0.2476999999999999,-1.562499999999799e-05,0.362333333333337,-0.3928333333333328,0,12,0.99289792746114,0.0628855491138375,0.8292,1.1846,0.3554,1.1846,0.0317,0.2565999999999999,-0.2978999999999999,0.0001651041666666,0.543000000000001,-0.548,3,0,0.1820284974093264,1.2838960170391855,-3.255,3.465,6.72,3.465,4.5938,3.8851,-4.2438,0.0239260416666666,14.787499999999998,-12.84783333333332,3,5,-0.0673715025906735,1.3623504155144586,-4.1825,3.6925,7.875,4.1825,1.3212000000000002,4.76,-4.856299999999999,0.00688125,12.48333333333332,-16.872833333333332,3,13,16.22299896373057,13.689405120224324,-0.2275,34.79,35.0175,34.79,0.2275,1.723700000000001,-1.6449999999999996,0.0011848958333333,16.187500000000057,-24.66033333333334,1,0
left_u_turn,11.52,193,1.0047613320340083,1.198816049275284,0.8612582249244416,0.3375578243508423,16.5631588264007,34.88738130227031,0.7591914712376582,34.12818983103266,0.0238663212435233,0.0546295560212946,-0.1273,0.1617,0.289,0.1617,0.052,0.1208,-0.1401,0.0002708333333333,0.402875,-0.3341666666666668,2,3,-0.090100518134715,0.1104682064448717,-0.3131,0.1498,0.4629,0.3131,-0.0029999999999999,0.3216,-0.2476999999999999,-1.562499999999799e-05,0.362333333333337,-0.3928333333333328,0,12,0.99289792746114,0.0628855491138375,0.8292,1.1846,0.3554,1.1846,0.0317,0.2565999999999999,-0.2978999999999999,0.0001651041666666,0.543000000000001,-0.548,3,0,0.1820284974093264,1.2838960170391855,-3.255,3.465,6.72,3.465,4.5938,3.8851,-4.2438,0.0239260416666666,14.787499999999998,-12.84783333333332,3,5,-0.0673715025906735,1.3623504155144586,-4.1825,3.6925,7.875,4.1825,1.3212000000000002,4.76,-4.856299999999999,0.00688125,12.48333333333332,-16.872833333333332,3,13,16.22299896373057,13.689405120224324,-0.2275,34.79,35.0175,34.79,0.2275,1.723700000000001,-1.6449999999999996,0.0011848958333333,16.187500000000057,-24.66033333333334,1,0
left_u_turn,12.0,201,1.008107732078762,1.1599649348148415,0.8801758290250875,0.279789105789754,15.668778957586564,36.10432150643466,0.6273147694738265,35.47700673696083,0.0211268656716417,0.0544223876233564,-0.1022,0.2042,0.3064,0.2042,-0.1666,0.1073,-0.1130999999999999,-0.000833,0.3771666666666657,-0.2584999999999988,1,3,-0.0858711442786069,0.0971281646237798,-0.2829,0.102,0.3848999999999999,0.2829,-0.0717,0.2084,-0.1416,-0.0003584999999999,0.3991666666666703,-0.4163333333333381,1,12,0.9980308457711442,0.0557161686028489,0.8445,1.1461,0.3015999999999998,1.1461,-0.1269,0.2096,-0.2276,-0.0006345,0.4414999999999986,-0.4695,4,0,0.2554044776119403,1.0288694953830884,-2.5988,3.3512,5.95,3.3512,2.8874,3.2638,-4.34,0.014437,10.864833333333324,-11.60833333333332,2,3,0.0450542288557214,1.22993932695663,-3.08,3.1762,6.2562,3.1762,2.1262999999999996,3.9637,-4.3663,0.0106315,12.906333333333306,-8.983500000000012,3,8,15.269879104477612,14.237227470349035,-0.63,36.085,36.715,36.085,-0.5075000000000001,1.2337999999999996,-1.828700000000001,-0.0025375,17.208499999999972,-24.179166666666816,1,0
left_u_turn,11.64,195,1.0032674943564577,1.1659118019816077,0.8180237038130375,0.3478880981685702,16.199861229646572,31.499388980264364,0.36853782709513,31.130851153169232,0.0098630769230769,0.0535971857505657,-0.1729,0.1337,0.3066,0.1729,-0.0223,0.1563999999999999,-0.1256,-0.0001149484536082,0.3768333333333335,-0.5569999999999954,2,4,-0.0819364102564102,0.1028529134822615,-0.2654,0.1627,0.4281,0.2654,-0.0017,0.1789,-0.1554,-8.762886597938896e-06,0.4708333333333334,-0.591,1,9,0.9931435897435898,0.062961575562851,0.7991,1.1522,0.3530999999999998,1.1522,0.0397999999999999,0.2585999999999999,-0.275,0.0002051546391752,0.4761666666666784,-0.539499999999995,3,0,0.2314923076923076,1.1298528032914164,-3.1412,4.5588,7.699999999999999,4.5588,-2.625,5.2238,-3.4562,-0.0135309278350515,11.666666666666558,-10.339666666666666,3,5,0.090911282051282,1.222781929490518,-3.08,4.2263,7.3063,4.2263,-1.3738,5.0662,-4.5062999999999995,-0.007081443298969,11.491833333333323,-10.135333333333564,3,8,15.834900000000005,13.017738629642658,-0.1925,31.4912,31.6837,31.4912,-0.07,1.9774999999999991,-1.6188000000000002,-0.000360824742268,22.95416666666668,-22.10850000000002,1,0
left_u_turn,11.64,195,1.0032674943564577,1.1659118019816077,0.8180237038130375,0.3478880981685702,16.199861229646572,31.499388980264364,0.36853782709513,31.130851153169232,0.0098630769230769,0.0535971857505657,-0.1729,0.1337,0.3066,0.1729,-0.0223,0.1563999999999999,-0.1256,-0.0001149484536082,0.3768333333333335,-0.5569999999999954,2,4,-0.0819364102564102,0.1028529134822615,-0.2654,0.1627,0.4281,0.2654,-0.0017,0.1789,-0.1554,-8.762886597938896e-06,0.4708333333333334,-0.591,1,9,0.9931435897435898,0.062961575562851,0.7991,1.1522,0.3530999999999998,1.1522,0.0397999999999999,0.2585999999999999,-0.275,0.0002051546391752,0.4761666666666784,-0.539499999999995,3,0,0.2314923076923076,1.1298528032914164,-3.1412,4.5588,7.699999999999999,4.5588,-2.625,5.2238,-3.4562,-0.0135309278350515,11.666666666666558,-10.339666666666666,3,5,0.090911282051282,1.222781929490518,-3.08,4.2263,7.3063,4.2263,-1.3738,5.0662,-4.5062999999999995,-0.007081443298969,11.491833333333323,-10.135333333333564,3,8,15.834900000000005,13.017738629642658,-0.1925,31.4912,31.6837,31.4912,-0.07,1.9774999999999991,-1.6188000000000002,-0.000360824742268,22.95416666666668,-22.10850000000002,1,0
left_u_turn,10.86,182,1.0107657737124782,1.143477651727396,0.840622549067059,0.3028551026603369,17.33117391030087,32.131831082121664,0.612150618720589,31.519680463401077,0.0380203296703296,0.0436742521705082,-0.0508,0.1454,0.1961999999999999,0.1454,-0.0069999999999999,0.1188999999999999,-0.1139999999999999,-3.867403314917054e-05,0.271333333333333,-0.2728333333333333,2,2,-0.1017961538461538,0.0927519268256824,-0.2691,0.1066,0.3757,0.2691,-0.0165999999999999,0.1943,-0.1522,-9.171270718232124e-05,0.3733333333333334,-0.3568333333333333,0,8,0.9996554945054944,0.0572366228191624,0.8387,1.1287,0.29,1.1287,-0.0759999999999999,0.2233,-0.2225,-0.0004198895027624,0.4643333333333359,-0.4453333333333358,3,0,0.2642258241758241,1.0781585180774245,-2.8788,3.1412,6.02,3.1412,-1.645,3.9812,-3.0275,-0.0090883977900552,14.70000000000006,-11.272833333333322,3,3,0.0069714285714285,1.312850157303854,-2.8525,3.465,6.3175,3.465,-1.6713,4.8125,-4.48,-0.0092337016574585,11.535333333333249,-14.510166666666652,3,15,17.019471978021976,12.367518878479302,-0.1663,31.99,32.1563,31.99,-0.0525,1.924999999999999,-1.5749999999999993,-0.0002900552486188,15.487333333333368,-20.73733333333328,1,0
left_u_turn,8.94,150,1.0074700242178214,1.154102677407864,0.8898907404844709,0.264211936923393,20.57841848342428,32.17765492356458,0.6635609467110011,31.51409397685358,0.0230679999999999,0.0474635350247637,-0.1,0.1466,0.2466,0.1466,-0.0196,0.1042,-0.1188999999999999,-0.000131543624161,0.2629999999999979,-0.3443333333333339,1,1,-0.111514,0.09374507989237,-0.2781,0.1035,0.3816,0.2781,-0.0329,0.1394,-0.1468,-0.0002208053691275,0.401,-0.3683333333333332,0,3,0.9954586666666668,0.0554311159517824,0.8857,1.1467,0.261,1.1467,0.0328999999999999,0.2104,-0.1776999999999999,0.0002208053691275,0.5700000000000003,-0.5531666666666641,2,0,0.397308,1.3540325692513044,-3.0538,4.655,7.7088,4.655,0.4725000000000001,2.7912999999999997,-2.3625,0.0031711409395973,17.091666666666647,-20.897833333333267,2,6,0.16088,1.1473751490325426,-2.7825,3.01,5.7925,3.01,-1.225,3.9638,-3.3512,-0.0082214765100671,9.668833333333325,-11.593833333333269,2,6,20.384990666666667,11.59602887740238,-0.4638,32.1562,32.62,32.1562,-0.2362999999999999,1.6538000000000004,-2.030000000000001,-0.0015859060402685,16.274833333333305,-25.972833333333284,1,0
left_u_turn,8.94,150,1.0074700242178214,1.154102677407864,0.8898907404844709,0.264211936923393,20.57841848342428,32.17765492356458,0.6635609467110011,31.51409397685358,0.0230679999999999,0.0474635350247637,-0.1,0.1466,0.2466,0.1466,-0.0196,0.1042,-0.1188999999999999,-0.000131543624161,0.2629999999999979,-0.3443333333333339,1,1,-0.111514,0.09374507989237,-0.2781,0.1035,0.3816,0.2781,-0.0329,0.1394,-0.1468,-0.0002208053691275,0.401,-0.3683333333333332,0,3,0.9954586666666668,0.0554311159517824,0.8857,1.1467,0.261,1.1467,0.0328999999999999,0.2104,-0.1776999999999999,0.0002208053691275,0.5700000000000003,-0.5531666666666641,2,0,0.397308,1.3540325692513044,-3.0538,4.655,7.7088,4.655,0.4725000000000001,2.7912999999999997,-2.3625,0.0031711409395973,17.091666666666647,-20.897833333333267,2,6,0.16088,1.1473751490325426,-2.7825,3.01,5.7925,3.01,-1.225,3.9638,-3.3512,-0.0082214765100671,9.668833333333325,-11.593833333333269,2,6,20.384990666666667,11.59602887740238,-0.4638,32.1562,32.62,32.1562,-0.2362999999999999,1.6538000000000004,-2.030000000000001,-0.0015859060402685,16.274833333333305,-25.972833333333284,1,0
left_u_turn,12.06,202,1.008982409779705,1.154124057456563,0.8303708147568771,0.3237532426996858,15.417862821836794,32.6994186177675,0.4034521409039738,32.295966476863526,0.018719306930693,0.0575489717784001,-0.1274,0.1509,0.2783,0.1509,-0.0759,0.1462,-0.1565,-0.0003776119402985,0.4061666666666633,-0.321166666666666,3,8,-0.0862935643564356,0.091872982879909,-0.291,0.1149,0.4059,0.291,-0.0313,0.1538,-0.1317,-0.0001557213930348,0.4446666666666674,-0.3744999999999969,0,8,0.9992391089108912,0.0611232178993072,0.7976,1.1448,0.3472,1.1448,0.0139,0.2227,-0.2833,6.91542288557215e-05,0.502499999999996,-0.5106666666666637,4,0,0.2178831683168317,0.9503171464409986,-2.8525,2.8963,5.7488,2.8963,0.4112,5.7488,-3.3425,0.0020457711442786,9.187333333333324,-9.172833333333331,2,3,0.0440569306930693,1.299546362748104,-3.36,4.0775,7.4375,4.0775,1.855,4.865,-5.3812,0.009228855721393,13.46033333333332,-15.25433333333328,3,11,15.056586138613865,13.175274390409976,-0.1575,32.69,32.8475,32.69,0.105,1.618699999999997,-1.785,0.0005223880597015,14.729166666666655,-23.143666666666803,1,0
left_u_turn,12.06,202,1.008982409779705,1.154124057456563,0.8303708147568771,0.3237532426996858,15.417862821836794,32.6994186177675,0.4034521409039738,32.295966476863526,0.018719306930693,0.0575489717784001,-0.1274,0.1509,0.2783,0.1509,-0.0759,0.1462,-0.1565,-0.0003776119402985,0.4061666666666633,-0.321166666666666,3,8,-0.0862935643564356,0.091872982879909,-0.291,0.1149,0.4059,0.291,-0.0313,0.1538,-0.1317,-0.0001557213930348,0.4446666666666674,-0.3744999999999969,0,8,0.9992391089108912,0.0611232178993072,0.7976,1.1448,0.3472,1.1448,0.0139,0.2227,-0.2833,6.91542288557215e-05,0.502499999999996,-0.5106666666666637,4,0,0.2178831683168317,0.9503171464409986,-2.8525,2.8963,5.7488,2.8963,0.4112,5.7488,-3.3425,0.0020457711442786,9.187333333333324,-9.172833333333331,2,3,0.0440569306930693,1.299546362748104,-3.36,4.0775,7.4375,4.0775,1.855,4.865,-5.3812,0.009228855721393,13.46033333333332,-15.25433333333328,3,11,15.056586138613865,13.175274390409976,-0.1575,32.69,32.8475,32.69,0.105,1.618699999999997,-1.785,0.0005223880597015,14.729166666666655,-23.143666666666803,1,0
left_u_turn,7.92,133,1.0104877263895196,1.1668329529114267,0.841969417496859,0.3248635354145677,20.729910749080247,31.213196427953353,0.4499236046263854,30.763272823326968,0.0388082706766917,0.0483644842851508,-0.0807,0.1381,0.2188,0.1381,-0.175,0.1187999999999999,-0.1147,-0.0013257575757575,0.2196666666666664,-0.3793333333333331,1,1,-0.120390977443609,0.0942727911987388,-0.2723,0.138,0.4103,0.2723,0.0268,0.2169,-0.2537,0.0002030303030303,0.3530000000000006,-0.4009999999999996,0,4,0.9969135338345864,0.0618079819572644,0.8125,1.1627,0.3502,1.1627,-0.0458999999999998,0.1946999999999999,-0.2527999999999999,-0.0003477272727272,0.594333333333334,-0.5573333333333332,3,0,0.3396067669172932,1.2438717306468328,-4.4012,3.0363,7.4375,4.4012,1.4175,6.4399,-5.2937,0.0107386363636363,10.835333333333402,-11.404333333333328,3,6,0.089996992481203,1.390529059547276,-3.6837,3.6225,7.3062,3.6837,0.5075,4.0863,-5.0575,0.0038446969696969,16.15833333333334,-14.087333333333332,2,10,20.51197518796993,11.068909180546326,-0.28,31.15,31.43,31.15,0.1575,1.6625000000000014,-1.6099999999999994,0.0011931818181818,17.864666666666693,-20.489499999999964,1,0
left_u_turn,7.92,133,1.0104877263895196,1.1668329529114267,0.841969417496859,0.3248635354145677,20.729910749080247,31.213196427953353,0.4499236046263854,30.763272823326968,0.0388082706766917,0.0483644842851508,-0.0807,0.1381,0.2188,0.1381,-0.175,0.1187999999999999,-0.1147,-0.0013257575757575,0.2196666666666664,-0.3793333333333331,1,1,-0.120390977443609,0.0942727911987388,-0.2723,0.138,0.4103,0.2723,0.0268,0.2169,-0.2537,0.0002030303030303,0.3530000000000006,-0.4009999999999996,0,4,0.9969135338345864,0.0618079819572644,0.8125,1.1627,0.3502,1.1627,-0.0458999999999998,0.1946999999999999,-0.2527999999999999,-0.0003477272727272,0.594333333333334,-0.5573333333333332,3,0,0.3396067669172932,1.2438717306468328,-4.4012,3.0363,7.4375,4.4012,1.4175,6.4399,-5.2937,0.0107386363636363,10.835333333333402,-11.404333333333328,3,6,0.089996992481203,1.390529059547276,-3.6837,3.6225,7.3062,3.6837,0.5075,4.0863,-5.0575,0.0038446969696969,16.15833333333334,-14.087333333333332,2,10,20.51197518796993,11.068909180546326,-0.28,31.15,31.43,31.15,0.1575,1.6625000000000014,-1.6099999999999994,0.0011931818181818,17.864666666666693,-20.489499999999964,1,0
left_u_turn,5.76,97,1.0113776524050513,1.201262739786763,0.847651160560758,0.353611579226005,5.3015667648687215,10.34553411525959,0.5532064533246155,9.792327661934973,-0.0058515463917525,0.04149586353231,-0.1161,0.1113,0.2274,0.1161,0.0153,0.109,-0.1051,0.000159375,0.2934999999999984,-0.3276666666666663,2,3,-0.020520618556701,0.0525744371862099,-0.1489,0.111,0.2599,0.1489,0.107,0.1452,-0.1205999999999999,0.0011145833333333,0.4063333333333328,-0.3306666666666664,0,9,1.0089319587628869,0.0581096727934768,0.8397,1.201,0.3613,1.201,-0.0732,0.2819,-0.202,-0.0007625,0.6033333333333353,-0.3815000000000008,2,0,0.0646721649484536,1.2956321298840858,-2.5812,4.7863,7.3675,4.7863,0.4637,3.01,-3.5176,0.0048302083333333,14.43733333333332,-15.180999999999989,1,4,0.2109876288659794,1.1684798247667896,-3.675,3.99,7.665,3.99,1.19,4.4538,-3.4125,0.0123958333333333,9.726999999999965,-12.133333333333404,1,4,4.922829896907217,2.8484034193212575,-0.2625,10.1062,10.3687,10.1062,-0.2363,1.3299999999999996,-0.936300000000001,-0.0024614583333333,12.527166666666664,-8.735333333333326,1,0
left_u_turn,11.46,192,0.9962474124126938,1.1587321088154932,0.8293944899744632,0.3293376188410299,16.874653813981794,29.05624361372268,0.4977015370681509,28.55854207665453,0.0291380208333333,0.0449426448010888,-0.0944,0.1496,0.244,0.1496,-0.0039999999999999,0.1177999999999999,-0.1161,-2.0942408376962933e-05,0.2881666666666715,-0.2934999999999975,2,4,-0.1012932291666666,0.0697467873942703,-0.2392,0.0719,0.3111,0.2392,-0.0092,0.1129999999999999,-0.1455,-4.8167539267015775e-05,0.3489999999999971,-0.3411666666666668,0,1,0.9872109375,0.057661562098326,0.8228,1.1455,0.3227,1.1455,0.0792,0.2156,-0.1957999999999999,0.0004146596858638,0.5596666666666685,-0.5033333333333356,4,0,0.2850182291666667,1.1440653574541493,-2.6075,3.5175,6.125,3.5175,2.3801,3.7974,-4.5149,0.0124612565445026,10.922999999999975,-11.899833333333236,2,3,0.0669921875,1.1198719415344005,-2.6337,2.8175,5.4512,2.8175,2.7388,3.9726,-3.5,0.0143392670157068,8.808500000000057,-9.581333333333369,2,5,16.696686979166667,10.120709598509825,-0.2887,29.0325,29.321199999999997,29.0325,0.2799,1.3650000000000002,-1.4350000000000025,0.001465445026178,16.231333333333325,-17.820833333333297,1,0
left_u_turn,11.46,192,0.9962474124126938,1.1587321088154932,0.8293944899744632,0.3293376188410299,16.874653813981794,29.05624361372268,0.4977015370681509,28.55854207665453,0.0291380208333333,0.0449426448010888,-0.0944,0.1496,0.244,0.1496,-0.0039999999999999,0.1177999999999999,-0.1161,-2.0942408376962933e-05,0.2881666666666715,-0.2934999999999975,2,4,-0.1012932291666666,0.0697467873942703,-0.2392,0.0719,0.3111,0.2392,-0.0092,0.1129999999999999,-0.1455,-4.8167539267015775e-05,0.3489999999999971,-0.3411666666666668,0,1,0.9872109375,0.057661562098326,0.8228,1.1455,0.3227,1.1455,0.0792,0.2156,-0.1957999999999999,0.0004146596858638,0.5596666666666685,-0.5033333333333356,4,0,0.2850182291666667,1.1440653574541493,-2.6075,3.5175,6.125,3.5175,2.3801,3.7974,-4.5149,0.0124612565445026,10.922999999999975,-11.899833333333236,2,3,0.0669921875,1.1198719415344005,-2.6337,2.8175,5.4512,2.8175,2.7388,3.9726,-3.5,0.0143392670157068,8.808500000000057,-9.581333333333369,2,5,16.696686979166667,10.120709598509825,-0.2887,29.0325,29.321199999999997,29.0325,0.2799,1.3650000000000002,-1.4350000000000025,0.001465445026178,16.231333333333325,-17.820833333333297,1,0
left_u_turn,9.3,156,1.0110481397188715,1.1224370806419397,0.8763483439820036,0.2460887366599361,19.578346764031732,41.2145583350107,0.3800557590670084,40.834502575943695,0.0115391025641025,0.0580417920331136,-0.1061,0.152,0.2581,0.152,-0.0966,0.1027,-0.0964,-0.0006232258064516,0.2321666666666664,-0.2363333333333324,1,1,-0.1170358974358974,0.1073195583586057,-0.3167,0.0953,0.412,0.3167,-0.0099,0.1296999999999999,-0.1108,-6.387096774193525e-05,0.3600000000000022,-0.3921666666666663,0,4,0.9967717948717948,0.0478210033419272,0.8611,1.1126,0.2515,1.1126,0.0605999999999998,0.1470999999999999,-0.1856999999999999,0.0003909677419354,0.5015000000000107,-0.2885000000000008,3,0,0.4829307692307692,0.8587349454465082,-1.995,2.555,4.550000000000001,2.555,1.7412,3.6313,-2.9312,0.0112335483870967,14.546944444444325,-6.766666666666678,2,0,-0.0588391025641025,1.016232048213381,-3.0887,2.6425,5.731199999999999,3.0887,1.5313,3.325,-2.835,0.0098793548387096,10.755277777777687,-9.902166666666655,2,1,19.34108846153846,15.83866503439406,-0.2362,41.1775,41.4137,41.1775,-0.1574999999999999,1.6975000000000016,-1.977500000000001,-0.001016129032258,21.18950000000001,-23.624999999999943,1,0
left_u_turn,8.46,142,1.0143097876054816,1.168461146123396,0.9149143074627264,0.2535468386606697,21.34564050629126,37.50559851302203,0.2953651468944838,37.21023336612755,0.0305767605633802,0.0533050071038305,-0.0853,0.129,0.2143,0.129,-0.0866,0.1008,-0.0784,-0.0006141843971631,0.2616666666666674,-0.3250000000000024,1,1,-0.1462408450704225,0.1043283232351983,-0.3274,0.0574,0.3848,0.3274,0.0532,0.1744,-0.1624999999999999,0.000377304964539,0.4425000000000023,-0.3539999999999994,0,1,0.9964169014084509,0.0514622521879844,0.8938,1.1483,0.2545,1.1483,0.0633999999999999,0.1751,-0.2360000000000001,0.0004496453900709,0.5531666666666677,-0.5343333333333335,2,0,0.8584232394366198,1.245251304988943,-1.8813,3.99,5.8713,3.99,1.8025,2.5288,-3.7101,0.0127836879432624,14.977166666666765,-12.235500000000076,2,0,-0.1504795774647887,1.1421732095010582,-5.6262,2.5463,8.1725,5.6262,1.295,5.3725,-3.2025,0.0091843971631205,20.533333333333463,-12.906333333333396,2,3,21.153498591549297,12.654978464788208,-0.28,37.3887,37.6687,37.3887,-0.0787,1.5313,-2.3713000000000015,-0.0005581560283688,18.039666666666648,-31.456333333333305,1,0
left_u_turn,10.26,172,1.010649501348406,1.136847122527915,0.8372171402927677,0.2996299822351473,17.92459628597593,36.24317994299065,0.4534111710136838,35.789768771976966,0.0261959302325581,0.0593396077478408,-0.1297,0.1415,0.2712,0.1415,-0.0799999999999999,0.0955,-0.1162,-0.0004678362573099,0.2661666666666666,-0.2664999999999997,0,2,-0.1277976744186046,0.1186392768279373,-0.3362,0.0739,0.4101,0.3362,-0.0954,0.1153,-0.1328,-0.0005578947368421,0.3610000000000023,-0.4543333333333346,0,3,0.9934982558139536,0.0553583440345714,0.8054,1.1231,0.3177,1.1231,-0.021,0.3055,-0.21,-0.0001228070175438,0.650166666666669,-0.5088333333333317,4,0,0.5357308139534884,0.9651251797931076,-2.0738,3.0625,5.1363,3.0625,0.5075000000000001,3.465,-3.6488,0.0029678362573099,10.383166666666655,-9.3771666666667,2,2,0.0198895348837209,1.023582224664963,-2.7213,2.6688,5.3901,2.7213,-1.1375,3.6838,-3.6838,-0.0066520467836257,7.267499999999939,-6.781166666666617,3,3,17.68492034883721,14.266227060205027,-0.1138,36.2337,36.3475,36.2337,0.0963,1.522400000000001,-1.8812,0.0005631578947368,17.689499999999967,-24.41233333333335,1,0
left_u_turn,9.0,151,1.012882009085719,1.162580638063442,0.8734373532200235,0.2891432848434185,20.02950082328284,35.015163602787865,0.6628207751722935,34.35234282761557,0.0335655629139072,0.04833660179251,-0.0844,0.1113,0.1956999999999999,0.1113,-0.1388,0.073,-0.0752,-0.0009253333333333,0.2166666666666674,-0.1996666666666651,0,1,-0.135917880794702,0.1013054997428357,-0.3204,0.083,0.4034,0.3204,0.0967,0.1107999999999999,-0.1101,0.0006446666666666,0.522833333333332,-0.3218333333333332,0,1,0.9969774834437088,0.0453990061156782,0.8725,1.1397,0.2671999999999999,1.1397,-0.0774,0.1986999999999998,-0.164,-0.000516,0.3366666666666678,-0.367333333333331,2,0,0.7123423841059602,1.2222886999634244,-2.695,3.9462,6.6411999999999995,3.9462,-0.6825,2.8525,-3.4737,-0.00455,12.235499999999988,-14.247999999999935,2,2,-0.1207066225165563,0.9831011875128536,-3.3338,2.3012,5.635,3.3338,0.1137,2.45,-2.9749,0.000758,14.568666666666664,-8.720833333333326,2,2,19.869976158940396,12.639008573764578,-0.28,35.0088,35.2888,35.0088,0.2363,1.3388000000000029,-1.8112999999999992,0.0015753333333333,15.224999999999966,-21.68550000000016,1,0
left_u_turn,9.12,153,1.0139263423193652,1.1365104179020975,0.876941942205982,0.2595684756961155,19.84742938844848,34.9079354786272,0.3868088287513613,34.52112664987584,0.0231843137254901,0.0545943944944599,-0.1025,0.1271,0.2295999999999999,0.1271,-0.1099999999999999,0.0947,-0.1066,-0.0007236842105263,0.2196666666666665,-0.2886666666666655,1,1,-0.1412464052287581,0.1058186059814672,-0.3084,0.0496,0.358,0.3084,0.0452,0.1571,-0.1055,0.0002973684210526,0.4538333333333335,-0.2810000000000028,0,0,0.9966862745098038,0.0499942773814947,0.8406,1.1319,0.2912999999999999,1.1319,0.0201,0.1511000000000001,-0.1815999999999999,0.0001322368421052,0.4678333333333313,-0.4194999999999975,3,0,0.6833019607843137,1.069380975419067,-2.0125,3.85,5.862500000000001,3.85,0.0086999999999999,4.6024,-3.8062,5.723684210528753e-05,11.885333333333405,-11.637499999999902,2,2,-0.1078614379084967,1.041751138589818,-2.9137,3.0013,5.915,3.0013,0.945,4.8301,-3.3163,0.0062171052631578,11.389499999999988,-9.362333333333313,2,3,19.66256078431373,13.017260113192204,-0.14,34.8688,35.0088,34.8688,0.1138,1.6887,-2.030100000000001,0.0007486842105263,19.293833333333325,-27.76666666666665,1,0
left_u_turn,9.3,156,1.0118371599649136,1.1389577428508926,0.8795971180034642,0.2593606248474284,19.335865326409344,35.378799716496886,0.6267017871364338,34.75209792936045,0.0279493589743589,0.0667871897092837,-0.184,0.1452,0.3292,0.184,-0.1162999999999999,0.1176,-0.1422999999999999,-0.0007503225806451,0.3896666666666674,-0.4583333333333342,0,1,-0.1381801282051282,0.1088828351766819,-0.3345,0.1022,0.4367,0.3345,-0.0388,0.1394,-0.1623,-0.0002503225806451,0.5348333333333322,-0.3283333333333333,0,4,0.9938519230769232,0.0514462895256337,0.8581,1.1107,0.2526,1.1107,-0.0330000000000001,0.2124999999999999,-0.1956999999999999,-0.0002129032258064,0.3860000000000045,-0.5054999999999996,2,0,0.822274358974359,1.2608679383852908,-1.995,4.235,6.23,4.235,1.1900000000000002,3.0362,-3.1413,0.0076774193548387,16.21650000000001,-16.960500000000014,3,0,-0.2151044871794872,1.0659105600282488,-3.2725,2.835,6.1075,3.2725,-1.26,3.1674,-3.6488,-0.0081290322580645,12.147833333333253,-8.283333333333363,3,3,19.147525,12.315896306793652,-0.2013,35.3237,35.525000000000006,35.3237,-0.2013,1.4699999999999989,-1.5137999999999998,-0.0012987096774193,14.247833333333318,-19.22099999999999,1,0
left_u_turn,9.3,156,1.0118371599649136,1.1389577428508926,0.8795971180034642,0.2593606248474284,19.335865326409344,35.378799716496886,0.6267017871364338,34.75209792936045,0.0279493589743589,0.0667871897092837,-0.184,0.1452,0.3292,0.184,-0.1162999999999999,0.1176,-0.1422999999999999,-0.0007503225806451,0.3896666666666674,-0.4583333333333342,0,1,-0.1381801282051282,0.1088828351766819,-0.3345,0.1022,0.4367,0.3345,-0.0388,0.1394,-0.1623,-0.0002503225806451,0.5348333333333322,-0.3283333333333333,0,4,0.9938519230769232,0.0514462895256337,0.8581,1.1107,0.2526,1.1107,-0.0330000000000001,0.2124999999999999,-0.1956999999999999,-0.0002129032258064,0.3860000000000045,-0.5054999999999996,2,0,0.822274358974359,1.2608679383852908,-1.995,4.235,6.23,4.235,1.1900000000000002,3.0362,-3.1413,0.0076774193548387,16.21650000000001,-16.960500000000014,3,0,-0.2151044871794872,1.0659105600282488,-3.2725,2.835,6.1075,3.2725,-1.26,3.1674,-3.6488,-0.0081290322580645,12.147833333333253,-8.283333333333363,3,3,19.147525,12.315896306793652,-0.2013,35.3237,35.525000000000006,35.3237,-0.2013,1.4699999999999989,-1.5137999999999998,-0.0012987096774193,14.247833333333318,-19.22099999999999,1,0
left_u_turn,9.42,158,1.016076054660693,1.1420252667957922,0.9006004108371259,0.2414248559586662,19.050241792049743,36.38943957386538,0.0586595260805949,36.330780047784785,0.0232645569620253,0.0656369294413622,-0.1296,0.1749,0.3045,0.1749,-0.0649,0.0925,-0.1042999999999999,-0.0004133757961783,0.2358333333333332,-0.2763888888888866,1,1,-0.1302873417721519,0.1144084763318832,-0.3245,0.0986,0.4231,0.3245,0.0026,0.1215,-0.1582,1.6560509554139366e-05,0.3191666666666687,-0.4698333333333357,0,3,0.998832911392405,0.0473407588128136,0.8874,1.1312,0.2438,1.1312,-0.0361,0.2099000000000001,-0.1677999999999999,-0.0002299363057324,0.5495000000000001,-0.3924999999999983,3,0,0.6236265822784811,0.9827981204999878,-2.2575,2.555,4.8125,2.555,-0.28,3.3075,-3.9375,-0.0017834394904458,8.15200000000005,-9.843833333333322,3,1,-0.1548974683544303,1.0377450703081963,-3.1588,2.5988,5.7576,3.1588,-1.3037,3.8587,-4.48,-0.0083038216560509,11.618472222222223,-11.200166666666686,3,2,18.8053582278481,13.941392404146612,-0.28,36.3825,36.6625,36.3825,-0.2625,1.7675000000000018,-2.038699999999998,-0.001671974522293,23.420666666666648,-24.602166666666733,1,0
left_u_turn,8.46,142,1.021513330242248,1.178200640807838,0.8737775803944617,0.3044230604133763,21.386034357217028,37.06182610355296,0.8613304766464495,36.20049562690651,0.0371647887323943,0.0498404051489957,-0.0884,0.1605,0.2489,0.1605,-0.1287,0.0992,-0.0926,-0.0009127659574468,0.2386666666666681,-0.2440000000000014,1,1,-0.152362676056338,0.1027607630014787,-0.3423,0.0727,0.415,0.3423,0.0629,0.1837,-0.119,0.0004460992907801,0.3561666666666672,-0.3699999999999994,0,2,1.0029732394366195,0.0484441491911052,0.8689,1.1583,0.2894000000000001,1.1583,-0.0601,0.2001,-0.1778,-0.0004262411347517,0.42716666666667,-0.3097222222222207,2,0,0.8446809859154928,1.2227433374221954,-1.4787,5.285,6.7637,5.285,-0.3238,3.832500000000001,-4.4013,-0.0022964539007092,15.020833333333306,-17.150166666666664,2,0,0.0099204225352112,1.0893907451778966,-3.3425,3.395,6.7375,3.395,2.1,4.0425,-3.3512999999999997,0.0148936170212766,19.964666666666652,-11.302000000000074,2,4,21.223433098591553,12.712256318553878,-0.1312,36.925,37.0562,36.925,-0.105,1.8024999999999984,-1.7062000000000026,-0.0007446808510638,17.893833333333447,-23.42083333333329,1,0
left_u_turn,8.52,143,1.017485828003099,1.1589270986563394,0.885657936225945,0.2732691624303943,21.00077518828229,37.961324150377045,0.7906938029351186,37.17063034744193,0.0246181818181818,0.0670299918539346,-0.1157,0.1645,0.2802,0.1645,-0.1118,0.115,-0.1189,-0.0007873239436619,0.2461666666666662,-0.219499999999999,1,1,-0.1469391608391608,0.0992383260491496,-0.3172,0.0369,0.3540999999999999,0.3172,-0.0035,0.1133999999999999,-0.1221,-2.464788732394407e-05,0.3531666666666662,-0.2916666666666667,0,0,0.9995090909090908,0.0471035627208677,0.8799,1.1383,0.2584000000000001,1.1383,-0.0973999999999999,0.1914999999999999,-0.213,-0.0006859154929577,0.458166666666667,-0.354000000000001,2,0,0.7385496503496504,1.0316476010727562,-2.38,3.2025,5.5825,3.2025,-0.9888,2.765,-2.7738,-0.0069633802816901,10.412666666666658,-9.902166666666664,2,2,-0.1535825174825174,0.9338339239442476,-2.3712,2.275,4.6462,2.3712,0.56,3.0887,-2.7912,0.003943661971831,11.265694444444684,-10.616666666666656,2,2,20.84911048951049,13.314174542149912,-0.1488,37.87,38.0188,37.87,0.0787999999999999,1.9425000000000023,-1.9863,0.0005549295774647,19.293666666666667,-22.77916666666667,1,0
left_u_turn,9.12,153,1.013197581835593,1.1305892490201734,0.8778869232423957,0.2527023257777777,19.844583561382592,36.047789726001234,0.2196710722876364,35.828118653713595,0.0313862745098039,0.0578530910092009,-0.0861,0.1335,0.2196,0.1335,-0.1658,0.0996,-0.0931,-0.0010907894736842,0.1850000000000004,-0.229833333333334,1,1,-0.1389777777777777,0.1092860793262478,-0.3812,0.1052,0.4864,0.3812,0.0312999999999999,0.1504,-0.1356,0.0002059210526315,0.4488333333333336,-0.4064999999999992,0,3,0.9954692810457516,0.0504613521746642,0.8774,1.13,0.2525999999999999,1.13,-0.0379999999999999,0.1927000000000001,-0.1971999999999999,-0.0002499999999999,0.5141666666666662,-0.4689999999999967,2,0,0.79550522875817,1.282146301785801,-1.8375,5.3463,7.1838,5.3463,0.0524999999999999,3.8762,-4.0687999999999995,0.0003453947368421,17.325166666666696,-16.129333333333435,2,0,-0.1213647058823529,0.9368580535120252,-2.1263,2.2137,4.34,2.2137,-0.56,3.15,-3.535,-0.0036842105263157,8.85183333333334,-8.006166666666719,2,1,19.678235947712416,13.200000200097756,-0.1138,36.0412,36.155,36.0412,0.0176,1.6975000000000016,-1.8637999999999977,0.0001157894736842,19.089666666666687,-25.433166666666637,1,0
right_turn,6.84,115,0.9986310216033588,1.144597501307774,0.845831478487293,0.298766022820481,14.54375310651336,30.922617239489934,0.4002108819110245,30.52240635757891,-0.0145130434782608,0.043491494473439,-0.1357,0.1086,0.2443,0.1357,-0.0602,0.1723,-0.1741,-0.0005280701754385,0.3410000000000022,-0.3744999999999996,2,8,0.1040704347826086,0.081125830327341,-0.0671,0.2618,0.3288999999999999,0.2618,-0.1291,0.1241,-0.1381,-0.0011324561403508,0.2680000000000024,-0.450666666666667,1,3,0.9888721739130436,0.0581491466317827,0.8418,1.1414,0.2996,1.1414,-0.1016,0.2736999999999999,-0.2739,-0.0008912280701754,0.5156666666666725,-0.6025,2,0,0.1337617391304348,1.034071575586306,-2.9662,2.275,5.2412,2.9662,-1.4787,2.6951,-3.3862,-0.0129710526315789,12.6875,-10.047999999999975,2,2,-0.01156,1.1956624596153105,-3.2725,2.8875,6.16,3.2725,0.3238,4.8037,-4.7688,0.0028403508771929,13.635500000000018,-10.81625000000007,2,7,-14.224994782608697,10.946301742628616,-30.835,1.0063,31.8413,30.835,0.6738,1.741299999999999,-1.487400000000001,0.0059105263157894,21.14583333333331,-16.056166666666627,0,0
right_turn,7.56,127,1.008474209672717,1.1926377195108329,0.8074693183025594,0.3851684012082734,11.378624264580418,27.114633502962935,0.3179032871802366,26.7967302157827,-0.0102976377952755,0.0503092175980513,-0.2037,0.1208,0.3245,0.2037,-0.0849999999999999,0.1679,-0.1391,-0.0006746031746031,0.5285000000000019,-0.5551666666666702,2,5,0.1001622047244094,0.0953373316919884,-0.131,0.2958,0.4268,0.2958,0.0299,0.2176,-0.2229,0.0002373015873015,0.5313333333333341,-0.4355555555555583,1,11,0.9976889763779528,0.0587002071713529,0.7774,1.1553,0.3779,1.1553,-0.1263999999999999,0.2077999999999999,-0.2374,-0.0010031746031746,0.5018333333333338,-0.5531944444444491,3,0,0.1376559055118109,1.0448635730535412,-2.5725,3.4125,5.984999999999999,3.4125,1.6624,3.4475,-3.3775,0.0131936507936508,9.333333333333336,-8.662500000000009,2,4,-0.0435417322834645,1.3489995789026454,-3.3163,3.7538,7.0701,3.7538,-1.7587,4.13,-4.2875,-0.0139579365079365,9.552166666666729,-12.993666666666712,2,3,-10.677549606299213,10.15933979604032,-27.055,0.735,27.79,27.055,-0.14,1.6625000000000003,-1.8201,-0.0011111111111111,19.833333333333357,-19.19150000000002,0,0
right_turn,7.5,126,1.0009248159239643,1.1787924923412094,0.8577850255163003,0.3210074668249091,12.25720191044691,26.005429841669606,0.3341708096168784,25.671259032052728,0.0241126984126984,0.0377663087613856,-0.0732,0.1134,0.1866,0.1134,0.0724,0.099,-0.1363,0.0005792,0.2286666666666669,-0.2930555555555555,2,2,0.1049523809523809,0.0921965602085333,-0.0622,0.2914,0.3535999999999999,0.2914,0.0253,0.1119999999999999,-0.1221999999999999,0.0002024,0.3941666666666659,-0.3301666666666647,1,3,0.99015873015873,0.0580146536934816,0.8441,1.1727,0.3286000000000001,1.1727,0.0208,0.2045999999999999,-0.2379000000000001,0.0001664,0.4139999999999997,-0.4098333333333332,2,0,0.2866682539682539,1.2105354950368563,-3.4475,4.445,7.8925,4.445,-0.0263,5.1537,-4.7862,-0.0002103999999999,12.031166666666651,-14.97700000000004,2,3,-0.0430539682539682,1.008219411568795,-3.0975,2.8612,5.9587,3.0975,-2.4062,3.9288,-4.8124,-0.0192496,8.166500000000044,-10.558166666666564,2,2,-11.73256984126984,10.028963979389056,-25.9525,0.875,26.8275,25.9525,-0.1138,1.8988000000000016,-1.6713000000000005,-0.0009104,22.60416666666663,-13.722833333333329,0,0
right_turn,7.14,120,1.0043491688180983,1.1740783534330237,0.896149144953004,0.2779292084800197,12.726787253385718,30.408317980118532,0.400975373308636,30.007342606809896,-0.0008974999999999,0.0540000769724007,-0.1227,0.1337,0.2564,0.1337,-0.1336,0.1169,-0.0993,-0.0011226890756302,0.3018333333333331,-0.3466666666666663,0,1,0.1148091666666666,0.1016047284314851,-0.0488,0.3411,0.3899,0.3411,-0.0027,0.1374,-0.1164999999999999,-2.26890756302524e-05,0.3709999999999998,-0.5628333333333353,1,0,0.991295,0.0485989190494305,0.8767,1.1173,0.2405999999999999,1.1173,-0.15,0.1573999999999998,-0.1452,-0.0012605042016806,0.3196666666666665,-0.4193333333333324,2,0,0.0816658333333333,0.9676672569904392,-3.395,3.3338,6.7288,3.395,0.0262,2.8526,-6.1425,0.0002201680672268,11.448000000000016,-12.22100000000001,2,3,0.030845,0.9043272403404912,-3.2113,2.415,5.6263000000000005,3.2113,0.2099999999999999,2.3537,-3.7801,0.0017647058823529,9.683499999999992,-11.33133333333332,1,3,-12.381395833333332,11.408317960725311,-30.3713,0.5688,30.9401,30.3713,-0.8137000000000001,1.636300000000002,-1.4525000000000006,-0.0068378151260504,21.52499999999995,-17.733333333333334,0,0
right_turn,7.32,123,0.9995177397568972,1.1746697450773134,0.8164989283520218,0.3581708167252916,13.537952855982178,28.143571531879175,0.4277728719776418,27.715798659901537,0.0304471544715447,0.0415465240407592,-0.07,0.1186,0.1886,0.1186,-0.0527,0.1074,-0.0982,-0.0004319672131147,0.3444999999999986,-0.2861666666666669,1,6,0.1255479674796748,0.095372969629759,-0.0695,0.3014,0.3709,0.3014,0.0549,0.154,-0.1594,0.0004499999999999,0.414833333333333,-0.4543333333333362,1,4,0.9857991869918696,0.0677087621711063,0.8009,1.1583,0.3574000000000001,1.1583,-0.0958000000000001,0.2743000000000001,-0.2200999999999998,-0.0007852459016393,0.5886666666666676,-0.8576388888888861,2,0,0.0899861788617886,1.1791023822205728,-3.395,2.6425,6.0375,3.395,1.9075,4.4361999999999995,-4.3575,0.0156352459016393,10.981333333333406,-11.72516666666662,2,5,-0.2802113821138212,1.390973089226155,-4.6287,2.8263,7.455,4.6287,2.7738,4.7512,-4.1475,0.0227360655737704,20.24638888888872,-11.885333333333412,2,8,-13.059626829268293,10.643608808954074,-28.0088,0.5512,28.56,28.0088,-1.295,1.391299999999999,-2.1788000000000025,-0.0106147540983606,20.95633333333332,-21.83133333333332,0,0
right_turn,6.9,116,1.0033524670375429,1.1906526991528636,0.8703690136947662,0.3202836854580975,12.202296070148622,26.984682302002373,0.5521104418501791,26.43257186015219,-0.0050103448275862,0.0458845856078247,-0.1049,0.0993,0.2042,0.1049,-0.1345,0.1314,-0.1008999999999999,-0.0011695652173913,0.3206666666666668,-0.3371666666666665,1,3,0.1082370689655172,0.0873572898629753,-0.0529,0.3023,0.3552,0.3023,-0.0249,0.1747,-0.1469,-0.0002165217391304,0.3893333333333333,-0.4058333333333327,1,4,0.9926094827586206,0.0566747777325547,0.8586,1.1905,0.3318999999999998,1.1905,-0.1193999999999999,0.2093999999999999,-0.2376999999999999,-0.0010382608695652,0.514666666666658,-0.3928333333333338,2,0,0.0922465517241379,0.9869636319832517,-2.52,2.5725,5.092499999999999,2.5725,-0.1573999999999999,3.4125,-3.4212999999999996,-0.0013686956521739,10.850000000000003,-12.308333333333334,2,1,0.2072103448275861,1.156056759504654,-2.1613,3.7538,5.915100000000001,3.7538,3.2463,3.465,-3.5525,0.0282286956521738,9.94111111111111,-11.14166666666666,2,2,-11.743705172413794,9.95827941192082,-26.8363,0.63,27.4663,26.8363,1.085,1.9075000000000009,-1.5399999999999991,0.0094347826086956,22.123166666666663,-16.858166666666662,0,0
right_turn,6.36,107,1.007426756766928,1.1923320426793873,0.9176580953710374,0.2746739473083499,14.144557651735788,30.599055388851465,0.4804179222302182,30.118637466621248,0.020229906542056,0.0454243622086943,-0.0806,0.1515,0.2321,0.1515,0.0345,0.102,-0.1151,0.0003254716981132,0.2175000000000013,-0.270333333333333,2,2,0.1094654205607476,0.0947647545168677,-0.0729,0.3502,0.4231,0.3502,0.0632,0.1566,-0.1162,0.0005962264150943,0.3310000000000001,-0.3709999999999996,1,1,0.9959196261682244,0.050030746092537,0.8971,1.1531,0.256,1.1531,0.1143,0.1593,-0.1761,0.0010783018867924,0.495000000000001,-0.4403333333333332,2,0,0.307311214953271,1.2487699427328631,-3.22,3.395,6.615,3.395,1.5662,3.8237,-3.6575,0.0147754716981132,16.58133333333336,-13.795833333333318,2,4,-0.0107925233644859,0.937039662145706,-2.5988,2.31,4.9088,2.5988,-1.5751,2.5113,-2.3537,-0.0148594339622641,8.633166666666705,-10.397999999999987,2,2,-13.723921495327104,11.605724907415691,-30.5462,0.8838,31.43,30.5462,-0.9538,1.7063000000000006,-1.487499999999999,-0.0089981132075471,21.94799999999998,-20.591833333333312,0,0
right_turn,9.3,156,1.0023782382579718,1.3048338170050622,0.8586519026939846,0.4461819143110775,10.348506480158202,30.15729035523583,0.2609294732298365,29.896360882005993,-0.0040884615384615,0.0486298885414448,-0.1034,0.1106,0.214,0.1106,0.0219,0.13,-0.1098,0.0001412903225806,0.2633333333333331,-0.3374999999999996,1,2,0.1010557692307692,0.0977678568726398,-0.1034,0.3493,0.4527,0.3493,-0.0240999999999999,0.2832,-0.1830999999999999,-0.0001554838709677,0.3184999999999995,-0.5513333333333328,1,8,0.9915384615384616,0.060444453265135,0.8572,1.2864,0.4292,1.2864,0.1096000000000001,0.3023,-0.2677,0.0007070967741935,0.8745833333333269,-0.4841666666666651,2,0,0.0300641025641025,1.1158060506082714,-4.2,2.8087,7.0087,4.2,0.5513000000000001,3.2726,-4.3838,0.0035567741935483,16.199583333333198,-17.164499999999983,2,5,-0.1085942307692307,1.1359826381135996,-2.9575,4.2875,7.244999999999999,4.2875,0.6475000000000001,3.955,-4.856299999999999,0.0041774193548386,12.614666666666658,-10.135388888888803,3,7,-9.80089487179487,10.791952740204724,-30.1262,0.5863,30.7125,30.1262,0.63,1.785,-1.6537000000000006,0.0040645161290322,22.53116666666682,-17.89366666666666,0,0
right_turn,7.38,124,1.0115650230824424,1.2149967160449449,0.8929312851502069,0.3220654308947379,13.289286326150991,30.580004044800255,0.3386342126838338,30.241369832116423,0.0368508064516129,0.046011321505271,-0.0686,0.1566,0.2251999999999999,0.1566,-0.0729,0.0955999999999999,-0.1311,-0.0005926829268292,0.3888333333333333,-0.5194444444444446,2,2,0.1244362903225806,0.1010464791505772,-0.0391,0.3426,0.3817,0.3426,-0.0443,0.192,-0.2095,-0.000360162601626,0.4368333333333329,-0.4256666666666679,1,0,0.9972379032258064,0.0593684986585155,0.8779,1.1911,0.3132,1.1911,-0.0982999999999999,0.1879999999999999,-0.2934,-0.0007991869918699,0.5871666666666631,-0.6495833333333331,2,0,0.2589048387096774,1.2772032397973134,-4.8562,2.6688,7.525,4.8562,0.4112,4.1213,-4.6288,0.0033430894308943,15.093833333333336,-20.475166666666716,1,3,-0.0735959677419354,1.450124777440276,-3.5175,4.6025,8.120000000000001,4.6025,0.315,7.7,-5.6088000000000005,0.002560975609756,16.770666666666703,-12.483333333333375,2,9,-12.859539516129033,11.269768922193805,-30.2313,0.4112,30.6425,30.2313,-1.1462,1.4700000000000024,-2.0913000000000004,-0.0093186991869918,20.373000000000047,-23.4645,0,0
right_turn,7.2,121,0.99666751639359,1.1611139349779591,0.8420302429248014,0.3190836920531577,11.629890286686695,27.86192139264627,0.3466931352074915,27.51522825743878,-0.011498347107438,0.0480924803260535,-0.1434,0.1149,0.2583,0.1434,-0.0648,0.0861,-0.1046,-0.00054,0.303874999999999,-0.3996666666666675,0,3,0.0980735537190082,0.0924260801655346,-0.1638,0.2724,0.4362,0.2724,-0.101,0.2004,-0.2243,-0.0008416666666666,0.4411666666666662,-0.6137499999999949,1,6,0.9862446280991736,0.0555224578442711,0.8375,1.1605,0.323,1.1605,0.0361,0.2070999999999999,-0.2126000000000001,0.0003008333333333,0.530999999999997,-0.6298333333333339,2,0,0.114396694214876,0.8707749027861988,-2.73,2.7912,5.5212,2.7912,-1.505,3.2462,-2.8001,-0.0125416666666666,7.977166666666629,-7.40816666666666,2,1,-0.0321785123966942,1.088761044582833,-3.01,3.045,6.055,3.045,0.77,3.3512,-3.6225,0.0064166666666666,7.204166666666665,-12.24983333333334,2,2,-11.201088429752064,10.53744544147355,-27.79,0.7875,28.5775,27.79,0.665,1.4525000000000006,-1.7849999999999984,0.0055416666666666,19.847999999999985,-18.885333333333293,0,0
right_turn,6.6,111,1.0036220559188584,1.1553780593381542,0.8833096908785729,0.2720683684595812,14.014915276028802,28.966560002527057,0.1725795179040664,28.79398048462299,0.0239783783783783,0.0403234635178292,-0.098,0.1061,0.2041,0.1061,-0.0668,0.127,-0.1462,-0.0006072727272727,0.3251388888888889,-0.2771666666666674,1,3,0.103345045045045,0.0846908750464553,-0.0888,0.3345,0.4233,0.3345,0.0413,0.1509,-0.1794,0.0003754545454545,0.3804999999999998,-0.3056666666666658,1,3,0.9936261261261264,0.0482430111975001,0.8804,1.1502,0.2697999999999999,1.1502,-0.0126,0.1651,-0.1382999999999999,-0.0001145454545454,0.5306666666666651,-0.5489999999999977,2,0,0.2784243243243243,1.2009283797596089,-2.8875,3.605,6.4925,3.605,-1.2512,3.115,-6.37,-0.0113745454545454,12.439666666666657,-17.529166666666647,1,1,0.0208153153153153,0.9311791941792944,-2.9137,2.0475,4.9612,2.9137,-1.1813,2.87,-2.8787,-0.0107390909090909,5.90616666666671,-7.9333333333333265,2,2,-13.709278378378375,10.554406276832314,-28.9538,1.155,30.1088,28.9538,0.5513,1.4087999999999994,-1.5137,0.0050118181818181,19.818666666666672,-15.326999999999998,0,0
right_turn,8.04,135,1.0065852185002684,1.1403135270617464,0.7758778963213219,0.3644356307404245,11.600975302549116,30.279591624392825,0.4442110309301199,29.835380593462705,-0.011657037037037,0.0464308642535807,-0.1141,0.1033,0.2173999999999999,0.1141,0.0056,0.0691,-0.0735,4.1791044776119593e-05,0.3168333333333331,-0.2154999999999998,1,1,0.1092644444444444,0.0874678896020864,-0.0295,0.3074,0.3369,0.3074,-0.0622,0.1502,-0.1013999999999999,-0.0004641791044776,0.4468333333333337,-0.282833333333333,1,0,0.995763703703704,0.0479093307326958,0.7757,1.1403,0.3646000000000001,1.1403,-0.2373999999999999,0.1484000000000001,-0.1995,-0.0017716417910447,0.3675000000000032,-0.9083333333333544,2,0,0.1828407407407407,0.902296869296758,-2.5113,2.9925,5.5038,2.9925,-1.4962,3.9288,-4.7075,-0.011165671641791,10.427166666666654,-8.837833333333325,1,4,-0.2617192592592592,1.121589110352866,-4.41,2.765,7.175000000000001,4.41,-3.4037,3.0625,-6.615,-0.0254007462686567,7.90416666666672,-10.744333333333373,2,4,-11.080742962962962,11.207736506076191,-30.205,0.8925,31.097499999999997,30.205,-1.3388,1.2862999999999989,-1.3476,-0.0099910447761194,17.806166666666655,-19.949999999999967,0,0
right_turn,7.08,119,1.0013726983010331,1.0863935612843074,0.909763755048529,0.1766298062357784,13.2916293203671,27.746622522029597,0.1497495909844164,27.59687293104518,0.0189571428571428,0.035227545008995,-0.0723,0.105,0.1773,0.105,0.1106999999999999,0.0633,-0.0793,0.0009381355932203,0.3143333333333333,-0.3628333333333323,2,3,0.1040453781512605,0.0708456016934357,-0.0383,0.2664,0.3047,0.2664,-0.0024999999999999,0.0963,-0.0774,-2.118644067796689e-05,0.2704999999999997,-0.2525000000000005,1,0,0.9926596638655464,0.0384353304967517,0.9077,1.0799,0.1722000000000001,1.0799,0.0376999999999998,0.1151,-0.1171999999999999,0.0003194915254237,0.2583333333333311,-0.2910000000000003,2,0,0.0752210084033613,0.7858469725181383,-2.2575,2.8263,5.0838,2.8263,2.0826,2.3537999999999997,-2.0475,0.0176491525423728,7.685666666666632,-5.833500000000006,1,1,-0.1811789915966386,0.8329695536253238,-2.66,1.5838,4.2438,2.66,0.8225,2.3363,-2.5375,0.0069703389830508,6.868999999999948,-6.518666666666661,2,0,-12.97794201680672,10.341827926464088,-27.7375,0.5512,28.2887,27.7375,-0.1662,1.2512000000000008,-1.4175000000000004,-0.0014084745762711,17.16449999999999,-17.74783333333332,0,0
right_turn,7.32,123,1.0062130077821507,1.2108616518826585,0.9064280942247984,0.3044335576578598,12.158885743940523,28.091297858589588,0.284681190105704,27.806616668483883,0.0169780487804878,0.034174769085733,-0.0717,0.0825,0.1542,0.0825,0.0095,0.093,-0.0645999999999999,7.78688524590166e-05,0.2324999999999995,-0.1633333333333342,1,2,0.1170146341463414,0.0806606986622142,-0.02,0.2805,0.3005,0.2805,-0.0508,0.0958,-0.093,-0.0004163934426229,0.2676666666666665,-0.2761666666666639,1,0,0.9954658536585366,0.0394833059332806,0.8959,1.1913,0.2954,1.1913,0.0862,0.2687,-0.2302,0.0007065573770491,0.3411666666666626,-0.3343333333333369,2,0,0.3231097560975609,0.7576398618287631,-1.3212,2.8263,4.1475,2.8263,1.12,2.3537999999999997,-2.0212999999999997,0.0091803278688524,7.539666666666697,-7.889500000000011,2,0,-0.3290130081300813,0.8292826868730797,-1.8112,1.575,3.3861999999999997,1.8112,-0.9625,2.345,-1.9862,-0.007889344262295,6.368055555555556,-8.968666666666662,2,0,-11.872539024390244,10.14643604032627,-28.0,0.3762,28.3762,28.0,-0.2188,1.6888000000000003,-1.3825000000000005,-0.0017934426229508,21.51016666666662,-14.247833333333348,0,0
right_turn,5.46,92,1.0135346175279183,1.1090192874788067,0.8828868670446968,0.2261324204341099,10.072550667623084,26.457227864045016,0.4202577423439097,26.036970121701103,0.036466304347826,0.0348109281728885,-0.0729,0.0925,0.1654,0.0925,-0.0849999999999999,0.0696,-0.0577,-0.0009340659340659,0.2002777777777778,-0.2035000000000013,0,1,0.0908728260869565,0.0815678240043498,-0.0736,0.2694,0.3429999999999999,0.2694,-0.075,0.0774,-0.0717,-0.0008241758241758,0.2713333333333328,-0.3480000000000001,1,1,1.0049380434782609,0.0438535019774977,0.8804,1.1065,0.2261,1.1065,-0.0377,0.153,-0.1791000000000001,-0.0004142857142857,0.3285,-0.309333333333333,1,0,0.5197673913043479,0.9967694201504006,-1.6712,2.7037,4.3749,2.7037,-0.1311999999999999,2.45,-2.5987,-0.0014417582417582,9.377000000000022,-10.791666666666664,1,0,-0.4603304347826087,0.7749591654239172,-2.9925,1.6275,4.62,2.9925,0.805,2.6075,-2.4062,0.0088461538461538,6.358499999999994,-6.927000000000056,2,0,-9.653435869565216,9.61153600159818,-26.4075,1.365,27.772499999999997,26.4075,1.3825,1.8111999999999997,-1.6888000000000003,0.0151923076923076,22.42933333333332,-19.01649999999995,0,0
right_turn,10.26,172,1.0098237960066392,1.199403130727947,0.823262521921167,0.3761406088067797,7.829640240591574,17.831252323939562,0.7327289335081563,17.098523390431406,0.0161529069767441,0.0336642737161133,-0.0856,0.1245,0.2101,0.1245,-0.0194,0.094,-0.0885,-0.0001134502923976,0.3703333333333357,-0.2885000000000027,2,5,0.0843761627906976,0.0739355105538754,-0.0891,0.2496,0.3387,0.2496,-0.052,0.1429,-0.1261,-0.0003040935672514,0.3169999999999999,-0.3563333333333365,1,5,1.002945930232558,0.0588693919195498,0.8217,1.1979,0.3762,1.1979,0.0,0.3574999999999999,-0.2787999999999999,0.0,0.7435000000000018,-0.4796666666666755,3,0,0.4380063953488372,0.9544440211405926,-2.6075,2.8963,5.5038,2.8963,3.5088,3.7101,-3.8588,0.020519298245614,8.837666666666728,-10.12083333333354,2,4,-0.3363680232558139,1.4460233841705326,-5.8362,3.815,9.6512,5.8362,0.91,4.7512,-4.0161999999999995,0.0053216374269005,24.64566666666646,-18.33116666666671,3,11,-7.33178953488372,6.067303273790354,-17.745,-0.2275,17.517500000000002,17.745,-0.0788,1.102500000000001,-1.084999999999999,-0.0004608187134502,8.983333333333327,-8.4585,0,0
right_turn,7.14,120,1.0009764978304372,1.1907288776207623,0.7866745070230762,0.4040543705976861,11.946092496267644,23.525914369902814,1.049898537954978,22.47601583194784,0.01445,0.0403363776428243,-0.0648,0.1279,0.1927,0.1279,-0.076,0.1284,-0.1386,-0.0006386554621848,0.3643333333333332,-0.2983333333333333,2,8,0.1112625,0.0857534476975521,-0.1235,0.2864,0.4099,0.2864,-0.0742,0.1402999999999999,-0.1352,-0.0006235294117647,0.3541666666666668,-0.372833333333334,1,1,0.9902333333333334,0.07250068482242,0.7845,1.1826,0.3981000000000001,1.1826,-0.1813000000000001,0.2825000000000001,-0.2934000000000001,-0.0015235294117647,0.5353333333333312,-0.4983333333333331,2,0,0.4123483333333333,1.239673991298955,-3.1937,3.675,6.8687000000000005,3.675,1.9338,3.7101,-3.1063,0.0162504201680672,11.404166666666654,-10.835333333333322,2,3,-0.1523216666666666,1.4560867963546016,-3.3512,3.6925,7.043699999999999,3.6925,0.3237,5.25,-5.5038,0.0027201680672268,11.38950000000001,-10.908500000000004,1,6,-11.475405,8.22334565250951,-23.5025,1.9425,25.445,23.5025,2.4675,1.5486999999999993,-1.3737999999999992,0.020735294117647,15.63333333333334,-11.302166666666665,0,0
right_turn,8.7,146,1.001563209758051,1.1565078944823508,0.8684567346736394,0.2880511598087114,10.799141183763645,25.951655186904745,0.0978145694669255,25.853840617437815,0.0283027397260273,0.0422734757390828,-0.0769,0.2089,0.2858,0.2089,-0.0380999999999999,0.1386,-0.1157,-0.0002627586206896,0.3465,-0.5031666666666665,2,2,0.0917780821917808,0.0790263862465771,-0.0913,0.2844,0.3757,0.2844,0.0854,0.1326,-0.1374999999999999,0.0005889655172413,0.4053333333333331,-0.3701666666666666,1,2,0.9930301369863016,0.0503963331587048,0.8682,1.1363,0.2681000000000001,1.1363,0.0374999999999999,0.1776999999999998,-0.1793,0.0002586206896551,0.3809999999999967,-0.4031666666666655,3,0,0.1529438356164383,1.161845249649949,-4.5062,3.3863,7.8925,4.5062,0.1838,3.9112,-4.27,0.0012675862068965,16.49366666666662,-20.985500000000037,3,1,0.0233698630136986,1.0948166648832982,-3.2375,2.8612,6.0987,3.2375,0.6912,4.1301,-3.9812,0.0047668965517241,10.310333333333404,-10.164500000000013,3,4,-10.356223287671234,9.766738763049869,-25.865,0.6388,26.5038,25.865,-0.1138,1.356300000000001,-1.4087999999999994,-0.0007848275862069,17.48533333333333,-16.799999999999983,0,0
right_turn,9.36,157,1.0038565333184375,1.140847776874724,0.8603311804183317,0.2805165964563924,10.011855221386927,27.846130475166564,0.0978145694669255,27.74831590569964,0.0174343949044585,0.0464475479099064,-0.1464,0.0969,0.2433,0.1464,0.0419,0.1845,-0.1465,0.0002685897435897,0.2649999999999978,-0.2556666666666749,1,2,0.1028528662420382,0.0945242327907543,-0.06,0.3232,0.3832,0.3232,0.0211,0.1359,-0.1495,0.0001352564102564,0.4074999999999998,-0.3363333333333334,1,2,0.9930401273885352,0.0535616692974778,0.8535,1.1407,0.2872,1.1407,0.0560999999999999,0.2163,-0.2366999999999999,0.0003596153846153,0.4247500000000013,-0.5728333333333371,2,0,0.410859872611465,0.823522851477184,-1.4525,2.6163,4.0687999999999995,2.6163,1.3824999999999998,2.31,-2.4937,0.0088621794871795,8.79366666666666,-8.589666666666702,3,0,-0.3351777070063694,1.1712854853338202,-3.5612,3.7013,7.262499999999999,3.7013,0.84,5.1188,-3.885,0.0053846153846153,11.535499999999905,-16.17283333333355,2,6,-9.558789808917195,10.179778856894687,-27.8162,0.1575,27.973699999999997,27.8162,-0.42,1.715,-1.5748999999999995,-0.0026923076923076,22.341833333333312,-15.837499999999949,0,0
right_turn,7.8,131,1.012613299298904,1.148189448653836,0.8904586346372301,0.2577308140166059,13.127131017536922,26.38249104879977,0.3075529547899028,26.07493809400987,0.0434946564885496,0.0380298391205503,-0.0641,0.1333,0.1974,0.1333,0.0168,0.0942,-0.1017,0.0001292307692307,0.385333333333334,-0.1871666666666675,1,2,0.1346977099236641,0.0956492289290154,-0.0347,0.295,0.3297,0.295,0.0598,0.0786,-0.0905999999999999,0.00046,0.2583333333333328,-0.4065000000000027,1,0,0.9974671755725192,0.0495289230850141,0.8891,1.1438,0.2546999999999999,1.1438,0.01,0.1804000000000001,-0.1813000000000001,7.6923076923077e-05,0.5463888888888861,-0.4134999999999991,2,0,0.3223450381679389,1.0536338408073376,-2.45,2.7387,5.188700000000001,2.7387,-1.6099,2.6425,-3.5437000000000003,-0.0123838461538461,11.404166666666733,-11.725000000000016,3,2,-0.5898572519083969,1.1397912043629566,-3.6137,2.8963,6.51,3.6137,0.8225,4.6987000000000005,-4.6637,0.006326923076923,10.894000000000016,-9.887500000000063,2,2,-12.707468702290075,10.221725772453675,-26.3725,0.42,26.7925,26.3725,-1.6363,1.6275000000000013,-1.6012000000000004,-0.012586923076923,22.72066666666666,-17.499833333333342,0,0
right_turn,7.14,120,1.0165868815488872,1.1527610463578304,0.8420286752836865,0.3107323710741438,12.05609536758835,25.369311690110948,0.208747311359931,25.160564378751015,0.01921,0.053869605093607,-0.0991,0.1755,0.2745999999999999,0.1755,-0.0697,0.1679,-0.1871,-0.0005857142857142,0.2956666666666664,-0.3786666666666672,1,3,0.11555,0.0886587831629375,-0.063,0.3302,0.3932,0.3302,-0.0951999999999999,0.1374,-0.1815,-0.0008,0.4486666666666664,-0.405,1,4,1.0046508333333333,0.0580945071758561,0.8308,1.1393,0.3085,1.1393,0.003,0.2038999999999999,-0.2124,2.5210084033613463e-05,0.4054999999999999,-0.5795000000000012,2,0,0.2815358333333332,1.11971245376898,-2.7475,4.55,7.297499999999999,4.55,-1.225,4.1913,-4.4361999999999995,-0.0102941176470588,13.314666666666756,-10.558499999999974,2,4,-0.1584566666666666,1.3404629965669572,-3.745,3.3688,7.1137999999999995,3.745,-0.3587,4.707599999999999,-4.865,-0.0030142857142857,12.658333333333443,-12.65816666666666,2,8,-11.5053725,9.438289395717034,-25.3487,1.0588,26.4075,25.3487,2.6513,1.4962000000000018,-1.4962999999999995,0.0222798319327731,12.716499999999996,-16.756166666666644,0,0
right_turn,6.66,112,1.0014509404379446,1.1515734105996025,0.8606250635439338,0.2909483470556685,14.112024255942387,28.040228328064664,0.895582910734679,27.144645417329983,0.0385919642857142,0.0516646308318341,-0.0783,0.146,0.2243,0.146,0.0647,0.0988999999999999,-0.1237,0.0005828828828828,0.334499999999999,-0.2224999999999998,1,2,0.1320285714285714,0.0907823865011363,-0.0654,0.3309,0.3963,0.3309,-0.0142,0.1562,-0.1330999999999999,-0.0001279279279279,0.3905000000000004,-0.3493333333333326,1,2,0.9865723214285717,0.0614150540717379,0.8545,1.1326,0.2781,1.1326,0.1521,0.2281,-0.2415999999999999,0.0013702702702702,0.7043333333333317,-0.4888333333333348,2,0,-0.1239080357142857,1.1351018185181954,-3.3338,2.6075,5.9413,3.3338,2.555,5.1276,-3.3163,0.0230180180180179,11.477333333333322,-11.55016666666668,2,2,-0.3421928571428571,1.584024880009484,-4.5325,3.7013,8.233799999999999,4.5325,-2.7563,4.1912,-3.4562999999999997,-0.0248315315315315,16.624999999999982,-12.04600000000002,1,6,-13.678048214285717,10.21115280617168,-27.9825,1.015,28.9975,27.9825,-2.3537999999999997,1.4613000000000014,-1.8111999999999997,-0.0212054054054054,19.818833333333316,-16.464666666666673,0,0
right_turn,8.1,136,1.0053776114346498,1.1331741040105,0.847156107219915,0.2860179967905851,11.35226054833092,28.37799697829288,0.3937961147599097,27.984200863532973,0.0181301470588235,0.0486786063281631,-0.078,0.1469,0.2249,0.1469,-0.1007,0.0919,-0.1015,-0.0007459259259259,0.3036666666666657,-0.2711666666666666,2,1,0.1145566176470588,0.0995822576062444,-0.0454,0.3179,0.3633,0.3179,-0.022,0.1735999999999999,-0.1291999999999999,-0.0001629629629629,0.4403333333333331,-0.4026666666666687,1,0,0.9926757352941176,0.055423015003227,0.8447,1.1251,0.2804,1.1251,-0.0159,0.2311,-0.2320999999999999,-0.0001177777777777,0.4236666666666675,-0.4738333333333271,3,0,0.4917345588235294,0.9620677785762388,-1.75,2.7387,4.4887,2.7387,0.1925,3.3249999999999997,-2.5375,0.0014259259259259,14.043666666666653,-11.039500000000007,2,0,-0.342664705882353,1.14518161584249,-3.4913,2.4588,5.9501,3.4913,-1.3038,3.5175,-3.57,-0.0096577777777777,9.799833333333352,-9.449999999999942,2,2,-10.908541176470589,10.42848592002779,-28.1225,0.6388,28.7613,28.1225,2.0387,1.6975000000000016,-1.5313000000000017,0.0151014814814814,24.470999999999975,-15.239666666666658,0,0
right_turn,8.88,149,1.0088928923706535,1.2216882908500022,0.8474438329470573,0.3742444579029449,11.993432371685303,27.368271476839745,0.2514838563407202,27.116787620499025,0.0331563758389261,0.0380738406367254,-0.07,0.1149,0.1849,0.1149,0.1142,0.1653,-0.1406,0.0007716216216216,0.2738333333333333,-0.2631666666666631,2,8,0.1265906040268456,0.1005754828422762,-0.0769,0.3475,0.4244,0.3475,-0.0652,0.1411,-0.1623,-0.0004405405405405,0.3416666666666668,-0.359999999999999,1,5,0.9947073825503356,0.0619536095996592,0.847,1.2184,0.3713999999999999,1.2184,0.0126999999999999,0.2534,-0.3046,8.581081081081036e-05,0.5559999999999956,-0.4511666666666674,2,0,0.4180604026845637,1.0326542832716554,-2.8525,3.1588,6.0113,3.1588,2.8701,5.2675,-5.3637999999999995,0.0193925675675675,9.464666666666613,-11.59383333333336,2,2,-0.5363899328859061,1.45869864034485,-4.2175,4.8212,9.0387,4.8212,-2.2312,4.2088,-3.99,-0.0150756756756756,15.064499999999878,-27.781166666666437,2,6,-11.46126510067114,10.425682770693015,-27.2125,0.3675,27.58,27.2125,-1.8899999999999997,1.837500000000002,-1.6888000000000003,-0.0127702702702702,22.852166666666648,-17.120833333333294,0,0
right_turn,7.56,127,1.00609673245689,1.2061934877953868,0.8737242471169036,0.3324692406784832,10.8174326831159,23.84828629335869,0.7689006372737638,23.079385656084927,0.0181031496062992,0.0422569275564277,-0.0956,0.1302,0.2258,0.1302,-0.02,0.1076,-0.1254,-0.0001587301587301,0.3983333333333332,-0.2943333333333352,1,4,0.1039480314960629,0.0873093331711601,-0.0585,0.2767,0.3352,0.2767,0.0452,0.1208,-0.13,0.0003587301587301,0.4548333333333335,-0.432500000000003,1,4,0.995851181102362,0.0634422783100146,0.8542,1.199,0.3448000000000001,1.199,-0.0577,0.2217000000000001,-0.2037000000000001,-0.0004579365079365,0.511000000000001,-0.5200000000000049,2,0,0.4089047244094487,1.1874566186801705,-3.2638,3.5087,6.7725,3.5087,0.0525999999999999,2.9137,-5.3812999999999995,0.0004174603174602,8.239500000000003,-8.823166666666655,2,3,-0.2668401574803149,1.492078978465199,-3.6925,3.2987,6.9912,3.6925,4.375,4.7425,-6.9912,0.0347222222222222,11.57900000000009,-13.241666666666658,2,10,-10.274502362204723,9.193525078350754,-23.8088,0.2975,24.1063,23.8088,1.0325,1.9863,-2.0562000000000005,0.0081944444444444,20.431499999999943,-15.487499999999956,0,0
right_turn,9.0,151,1.0033600697297629,1.1742508888648966,0.836508846336965,0.3377420425279316,10.574228894849574,29.157953384454128,0.3371808713435565,28.820772513110573,0.0322543046357615,0.0410631720403239,-0.0578,0.1508,0.2085999999999999,0.1508,-0.0499,0.1124,-0.0791,-0.0003326666666666,0.2016666666666663,-0.2399999999999998,1,2,0.0873960264900662,0.0936932241454665,-0.0878,0.3045,0.3923,0.3045,0.0523,0.1543,-0.1286,0.0003486666666666,0.4384722222222222,-0.3056666666666685,1,3,0.993841059602649,0.0544015750648492,0.8319,1.1497,0.3177999999999999,1.1497,-0.1318,0.2038000000000001,-0.2271999999999999,-0.0008786666666666,0.4236666666666622,-0.6048333333333336,2,0,0.2358437086092715,1.251107479559672,-4.6462,4.6813,9.3275,4.6813,-0.4812,3.0362,-6.4399999999999995,-0.003208,19.8915,-24.10633333333331,3,5,0.0440397350993377,1.178271796832376,-3.1675,3.01,6.1775,3.1675,-0.5688000000000001,5.4688,-3.7188,-0.0037919999999999,11.710500000000076,-11.754166666666592,2,6,-10.018982781456954,10.691134565534576,-28.8487,1.12,29.9687,28.8487,-0.6388,1.636300000000002,-1.7413000000000023,-0.0042586666666666,20.460499999999985,-15.82300000000005,0,0
right_turn,9.0,151,1.007414909955818,1.1676096051334963,0.8467318229522262,0.3208777821812704,10.608514998979809,24.13836528619948,0.6587804566014387,23.479584829598043,0.0157847682119205,0.0442083562965862,-0.1091,0.1157,0.2248,0.1157,-0.071,0.1208,-0.1352,-0.0004733333333333,0.2222222222222222,-0.1965000000000008,1,2,0.1131013245033112,0.0907962759785186,-0.0634,0.2885,0.3519,0.2885,-0.0118,0.1333,-0.1598,-7.866666666666651e-05,0.3468333333333331,-0.2755000000000013,1,4,0.9958490066225164,0.0605468346186648,0.8423,1.1617,0.3193999999999999,1.1617,-0.0838000000000001,0.1988000000000001,-0.2610999999999999,-0.0005586666666666,0.5599999999999934,-0.4386666666666707,3,0,0.5033218543046357,1.0642684191433438,-1.855,4.1125,5.967499999999999,4.1125,1.4612,2.7562,-2.4675,0.0097413333333333,14.36450000000001,-16.23133333333336,2,0,-0.2239622516556291,1.1054750649225713,-2.5812,2.8263,5.4075,2.8263,-1.6275,3.85,-4.6201,-0.01085,14.0,-8.88133333333327,3,2,-10.117607947019868,9.33436471060581,-23.905,0.5688,24.4738,23.905,-0.9537,1.7325,-1.3474999999999993,-0.0063579999999999,21.350166666666652,-16.65399999999999,0,0
right_turn,8.64,145,1.0106763882208842,1.1466401963998996,0.8419033554987176,0.3047368409011819,12.27454837693912,24.824976018518125,0.3667641476480491,24.458211870870077,0.0289662068965517,0.042079295550005,-0.0619,0.1184,0.1803,0.1184,-0.0948,0.1481,-0.11,-0.0006583333333333,0.2374999999999999,-0.5020833333333292,2,5,0.1281351724137931,0.0920288123142802,-0.084,0.2851,0.3691,0.2851,0.0317,0.1815999999999999,-0.1588,0.0002201388888888,0.4821666666666693,-0.4438333333333354,1,6,0.9970896551724135,0.0571739642136877,0.8303,1.1297,0.2993999999999999,1.1297,0.0384999999999999,0.2109999999999998,-0.2344999999999999,0.0002673611111111,0.4751666666666674,-0.6371666666666709,3,0,0.3714855172413793,1.0354354544223914,-2.625,3.045,5.67,3.045,-1.05,3.3863,-4.453799999999999,-0.0072916666666666,8.983333333333267,-9.566666666666697,2,2,-0.5344779310344828,1.4502875289858217,-5.2238,5.2587,10.4825,5.2587,1.8725,4.978700000000001,-6.8687000000000005,0.0130034722222222,15.093666666666545,-20.168833333333257,3,7,-11.671528275862068,9.483295841919912,-24.8062,1.5137,26.3199,24.8062,-2.4762,1.2336999999999998,-1.5225,-0.0171958333333333,10.849999999999994,-18.12733333333333,0,0
right_turn,8.82,148,1.0100454450554883,1.2522460061824914,0.8295537294232364,0.422692276759255,9.65674785990748,21.61968096295595,0.2599055212957201,21.359775441660233,0.0175682432432432,0.0428159787026638,-0.0668,0.195,0.2618,0.195,0.0431,0.132,-0.1471,0.0002931972789115,0.4943333333333333,-0.3296666666666681,2,4,0.0991574324324324,0.0843780939195642,-0.091,0.2749,0.3659,0.2749,0.0177,0.153,-0.1772,0.0001204081632653,0.3798333333333323,-0.4096666666666666,1,10,1.000564189189189,0.0689588766443131,0.8025,1.2495,0.447,1.2495,0.1000999999999998,0.292,-0.3115,0.0006809523809523,0.4953333333333347,-0.4903333333333357,2,0,0.2725472972972972,1.200108771229409,-3.7188,3.7887,7.5075,3.7887,-0.2799999999999999,4.1126,-3.1763,-0.0019047619047619,11.899833333333325,-10.704333333333262,2,2,-0.0742581081081081,1.5807385562233531,-5.8888,3.7625,9.6513,5.8888,0.7525,4.585,-5.4163,0.0051190476190476,12.877333333333318,-16.37683333333332,2,15,-9.11832837837838,7.731931440356469,-21.385,0.0262,21.4112,21.385,1.4700000000000002,1.7586999999999997,-1.5925000000000011,0.01,15.706499999999975,-12.57066666666664,0,0
right_turn,9.0,151,1.0003070661912032,1.164289173702135,0.8524128459848549,0.3118763277172801,10.579705805758,27.356151147959395,0.2476331762910616,27.108517971668338,0.0283807947019867,0.0453567425568044,-0.0845,0.1504,0.2349,0.1504,0.055,0.0932,-0.0907,0.0003666666666666,0.2298333333333326,-0.2548333333333308,1,2,0.0899867549668874,0.0898321239316216,-0.1064,0.3055,0.4119,0.3055,-0.1023,0.1493,-0.1208,-0.000682,0.3110000000000018,-0.4131666666666658,1,3,0.9908549668874173,0.0523331439768231,0.8502,1.1544,0.3042000000000001,1.1544,-0.0438,0.2509000000000001,-0.1911,-0.000292,0.5361111111111132,-0.5801666666666669,2,0,0.1651483443708609,1.0982720207583248,-2.1525,3.3075,5.46,3.3075,0.0961999999999998,2.8613,-3.9287,0.0006413333333333,13.44583333333332,-13.664666666666657,2,2,-0.1592437086092714,1.062460043708384,-2.8788,1.995,4.8738,2.8788,3.5437000000000003,3.5175,-3.3773999999999997,0.0236246666666666,9.464666666666588,-8.531333333333318,2,0,-10.094140397350992,10.3553573785114,-27.2213,0.4638,27.6851,27.2213,0.0962,1.6888000000000003,-1.9951000000000008,0.0006413333333333,22.96866666666665,-18.05433333333332,0,0
right_turn,7.8,131,1.00749259505268,1.1547606765040104,0.8809879170567552,0.2737727594472552,11.9867428464008,30.30154773175786,0.193293817800777,30.10825391395708,0.0114893129770992,0.0537950744841489,-0.0942,0.102,0.1961999999999999,0.102,-0.081,0.0957,-0.1348,-0.0006230769230769,0.2533333333333319,-0.2491666666666659,0,3,0.1212793893129771,0.1112869870874794,-0.0697,0.3611,0.4307999999999999,0.3611,0.0128999999999999,0.1525,-0.1017,9.92307692307694e-05,0.3944999999999996,-0.3723333333333334,1,5,0.9926534351145038,0.0582712942889483,0.8757,1.1455,0.2697999999999999,1.1455,-0.1380000000000001,0.2049,-0.1962,-0.0010615384615384,0.5811666666666699,-0.5523333333333369,2,0,0.3286259541984732,1.1243161313293302,-1.8813,3.325,5.206300000000001,3.325,-0.1836999999999999,3.7975,-3.5,-0.0014130769230769,14.787333333333391,-11.43333333333329,2,0,-0.2516770992366411,1.3852528396019863,-4.2525,3.6225,7.875,4.2525,0.8838,6.4313,-5.3988000000000005,0.0067984615384614,10.937499999999863,-9.274999999999972,3,7,-11.262252671755729,11.301623586100217,-30.1175,0.9887,31.1062,30.1175,-0.665,1.75,-1.8725000000000025,-0.0051153846153846,22.035166666666633,-17.12083333333331,0,0
right_turn,9.18,154,1.0120665508393374,1.1592239257365249,0.8327309349363695,0.3264929908001551,11.720110605209364,29.137325960526987,0.3693062821019973,28.768019678424988,0.0354220779220779,0.0506483484000615,-0.1039,0.2184,0.3223,0.2184,-0.0291,0.1942,-0.1455,-0.0001901960784313,0.3821666666666707,-0.3778333333333329,2,4,0.1182422077922077,0.1022534955744071,-0.072,0.2929,0.3649,0.2929,-0.0064,0.1231,-0.1217,-4.1830065359477776e-05,0.3401666666666639,-0.4276666666666696,1,2,0.9980461038961038,0.0602426966615956,0.8269,1.158,0.3310999999999999,1.158,-0.0432,0.2702999999999999,-0.2219999999999999,-0.0002823529411764,0.6139999999999946,-0.654833333333328,2,0,0.3132376623376623,1.0093198401640324,-2.1962,2.2662,4.462400000000001,2.2662,-0.035,3.6662,-3.9813,-0.0002287581699346,9.027166666666671,-9.683166666666676,2,4,-0.5412512987012987,1.4288107836434532,-5.53,4.5413,10.0713,5.53,-0.2449,5.5125,-5.2675,-0.0016006535947712,19.27916666666651,-17.83533333333331,3,8,-11.119375974025973,10.745221057961146,-28.9275,0.6562,29.583699999999997,28.9275,-0.6387,1.5224999999999973,-1.3213,-0.0041745098039215,18.024833333333305,-14.787333333333322,0,0
right_turn,7.98,134,1.005463586799939,1.2354573606563684,0.8224099525175993,0.413047408138769,10.670912072374238,27.30900747244396,0.4596873937797294,26.84932007866423,0.0146947761194029,0.0508190484640514,-0.0834,0.1581,0.2415,0.1581,-0.1299,0.1255,-0.1554,-0.0009766917293233,0.4769444444444444,-0.2449999999999995,1,3,0.0981559701492537,0.0998681096496353,-0.112,0.2927,0.4047,0.2927,0.0882999999999999,0.1645,-0.153,0.000663909774436,0.3883333333333358,-0.5098333333333305,1,4,0.9944201492537312,0.0725449114509154,0.8191,1.2342,0.4150999999999999,1.2342,-0.0697999999999999,0.3044999999999999,-0.2734,-0.0005248120300751,0.7131944444444446,-0.6141666666666641,2,0,0.1714097014925373,1.2071952205138523,-2.765,3.1063,5.8713,3.1063,-2.8175,3.9812,-3.29,-0.0211842105263158,7.831333333333325,-9.960500000000089,2,3,-0.1211962686567164,1.3631561334349451,-3.8763,3.4913,7.3676,3.8763,1.82,4.6638,-3.9813,0.0136842105263158,14.758333333333365,-12.002166666666657,2,8,-9.906955970149252,10.261455848311378,-27.265,0.8225,28.0875,27.265,0.1575,1.9688000000000017,-1.758799999999999,0.0011842105263158,23.552166666666626,-17.44166666666665,0,0
right_turn,7.74,130,1.000279527778967,1.1554918000574474,0.8408114414064547,0.3146803586509927,12.3956606000045,31.160453969254043,0.3936527657720697,30.766801203481972,0.0381407692307692,0.0538542559425402,-0.074,0.1468,0.2208,0.1468,0.0326,0.1156,-0.1056,0.0002527131782945,0.2973333333333336,-0.3126666666666663,1,3,0.101166923076923,0.1026608085425698,-0.0773,0.3318,0.4090999999999999,0.3318,0.0064,0.1249,-0.1059,4.961240310077511e-05,0.3488333333333323,-0.4488333333333334,1,4,0.9877507692307692,0.057840824409719,0.8128,1.1448,0.3320000000000001,1.1448,0.1039999999999998,0.2015,-0.2313,0.0008062015503875,0.4983333333333322,-0.5758333333333336,2,0,0.1231715384615384,1.3397190257450815,-5.495,3.4825,8.9775,5.495,1.3738,3.0188,-6.6850000000000005,0.0106496124031007,19.191666666666645,-22.42916666666665,2,2,-0.1420215384615384,1.238786748669756,-3.2987,3.2375,6.5362,3.2987,-3.8676,5.1713,-5.0225,-0.0299813953488371,11.462499999999997,-10.106166666666669,2,5,-11.742565384615386,11.793244937351144,-31.1588,0.6737,31.8325,31.1588,0.0788,1.9338000000000015,-1.6712000000000002,0.0006108527131783,26.045833333333466,-16.09999999999998,0,0
right_turn,7.44,125,1.0120010076276145,1.124369939121462,0.896783413093708,0.2275865260277538,12.58422735380397,30.89571564262592,0.3237,30.57201564262592,0.0191071999999999,0.0527020079436288,-0.0725,0.1154,0.1879,0.1154,-0.0522,0.0851,-0.0843,-0.0004209677419354,0.1914999999999999,-0.2431666666666656,1,1,0.1199136,0.102317665790924,-0.0777,0.3408,0.4185,0.3408,0.1245,0.0897999999999999,-0.1207,0.0010040322580645,0.3801666666666668,-0.3383333333333337,1,4,0.9981536,0.0471105692271195,0.8928,1.1178,0.2249999999999998,1.1178,-0.022,0.1450999999999999,-0.2017999999999998,-0.0001774193548387,0.5023333333333335,-0.3889999999999993,2,0,0.4667551999999999,1.1907168900163978,-3.3163,4.1038,7.4201,4.1038,-0.5163,2.6075,-2.6075,-0.0041637096774193,18.579333333333334,-20.722999999999978,2,3,-0.269292,1.0541092289456473,-3.4825,2.0912,5.5737000000000005,3.4825,-0.2538,3.0188,-3.9813,-0.0020467741935483,11.535499999999978,-9.56666666666672,3,3,-11.9647448,11.556046963738856,-30.8787,0.9538,31.8325,30.8787,-0.6386999999999999,1.6449999999999996,-1.6099999999999994,-0.0051508064516129,21.787333333333297,-18.06866666666673,0,0
right_turn,7.62,128,1.0128669154986496,1.1673599659059757,0.8761158941601276,0.2912440717458479,13.95313793207972,30.98707761019099,0.6019451303898056,30.38513247980119,0.03099296875,0.055246612727739,-0.1337,0.1625,0.2962,0.1625,-0.0958,0.1069,-0.1285,-0.0007543307086614,0.3021666666666665,-0.3678333333333327,1,2,0.1339187499999999,0.113157103353568,-0.0532,0.3175,0.3707,0.3175,-0.0101,0.119,-0.0986,-7.952755905511766e-05,0.4438333333333334,-0.3593333333333328,1,2,0.99563828125,0.0503189967745057,0.8755,1.1653,0.2898,1.1653,-0.0322999999999999,0.2100999999999999,-0.1845000000000001,-0.0002543307086614,0.4387499999999952,-0.5846666666666653,2,0,0.34460234375,1.0800178114938983,-2.8525,3.185,6.0375,3.185,-1.4962,2.9137,-3.22,-0.0117811023622047,13.05216666666664,-13.022999999999936,2,4,-0.47380078125,1.3072802114540047,-3.5175,3.7275,7.245,3.7275,-1.4088,3.01,-3.99,-0.0110929133858267,9.377000000000011,-19.87716666666663,3,4,-13.39597421875,11.983868665475994,-30.8612,0.6913,31.5525,30.8612,-1.2338,1.7063000000000024,-1.5487000000000002,-0.0097149606299212,23.91666666666663,-17.966499999999996,0,0
right_turn,8.88,149,1.0107308121554084,1.1965806115761697,0.8040213181253344,0.3925592934508353,9.838340707761994,26.17159655408894,0.3882211869540353,25.783375367134905,0.0206570469798657,0.0499432005152577,-0.1084,0.1473,0.2557,0.1473,0.0071,0.2157,-0.1013999999999999,4.7972972972973736e-05,0.3223333333333399,-0.4227777777777743,2,6,0.0987704697986577,0.0946237538768715,-0.0825,0.2938,0.3763,0.2938,-0.1048,0.1633,-0.1578999999999999,-0.0007081081081081,0.3781666666666665,-0.4036666666666693,1,8,1.0001375838926174,0.0601004108864288,0.802,1.1812,0.3792,1.1812,-0.0584999999999999,0.2387,-0.2533999999999998,-0.0003952702702702,0.591666666666665,-0.4538888888888851,2,0,0.1701228187919463,1.2317947851484954,-3.6575,2.6688,6.3263,3.6575,-1.1025,4.5237,-4.3137,-0.0074493243243243,11.229166666666655,-14.175166666666652,2,6,-0.2373664429530201,1.5488766696061051,-4.7075,4.305,9.0125,4.7075,-4.9787,6.807500000000001,-4.935,-0.0336398648648648,12.34722222222222,-14.802000000000014,2,11,-9.060180536912751,9.712988231261898,-26.0575,0.63,26.6875,26.0575,-0.315,1.8987999999999996,-2.135,-0.0021283783783783,24.36883333333327,-17.047833333333344,0,0
right_turn,8.46,142,1.0024325958170537,1.146494395974093,0.8734192235118253,0.2730751724622676,11.4369106751991,30.139823989698417,0.3991803351869928,29.740643654511423,0.0344042253521126,0.0539498701820317,-0.0756,0.1747,0.2502999999999999,0.1747,0.0175999999999999,0.1444,-0.1164,0.0001248226950354,0.3594999999999996,-0.3191666666666664,1,2,0.0930267605633802,0.0987216984602596,-0.063,0.3116,0.3746,0.3116,0.0063,0.1268,-0.1202,4.46808510638292e-05,0.3818333333333354,-0.4563333333333309,1,3,0.991311971830986,0.0537822382059255,0.8713,1.1222,0.2509000000000001,1.1222,0.0196999999999999,0.2467000000000001,-0.18,0.0001397163120567,0.5729999999999986,-0.6043055555555548,3,0,0.1566401408450704,1.241778332056868,-4.2175,4.2,8.4175,4.2175,0.7875,3.4037,-3.1063,0.0055851063829787,15.297833333333395,-14.014499999999986,2,6,-0.0494795774647887,1.222994184008644,-2.7825,3.4825,6.265000000000001,3.4825,0.3412,4.7687,-3.6138,0.0024198581560283,14.685499999999902,-13.97083333333331,2,5,-10.732302112676056,11.622443270663132,-29.9338,0.8925,30.8263,29.9338,0.0,1.7849000000000004,-1.391299999999999,0.0,25.71016666666664,-19.454166666666698,0,0
right_turn,7.14,120,1.010866200563194,1.137883618829272,0.8568807910088777,0.2810028278203943,12.968642949418866,27.701339126114465,0.8186059430519669,26.882733183062495,0.0172033333333333,0.0573816413315684,-0.1015,0.1301,0.2316,0.1301,-0.1637,0.0779,-0.0675,-0.0013756302521008,0.1918333333333335,-0.2286666666666664,1,1,0.1284799999999999,0.0985153459017997,-0.0526,0.3074,0.36,0.3074,-0.0112,0.1527,-0.1105,-9.411764705882387e-05,0.6296666666666659,-0.4388333333333334,1,1,0.9960425,0.052646840923684,0.8522,1.1363,0.2841000000000001,1.1363,-0.1552000000000001,0.1813,-0.1868999999999999,-0.0013042016806722,0.419333333333336,-0.5141666666666708,2,0,0.52478,1.5379454233850187,-3.8937,5.1363,9.03,5.1363,0.0088000000000001,4.1387,-3.6662,7.39495798319321e-05,25.695666666666657,-27.98550000000002,2,5,-0.3017291666666666,1.1504273350993697,-3.5262,2.7912,6.317399999999999,3.5262,-1.9863,4.3924,-3.2813,-0.0166915966386554,9.245666666666695,-10.51449999999999,2,2,-12.350990833333332,10.905899299542613,-27.6588,0.7875,28.4463,27.6588,-1.8813,1.8025,-1.5398999999999994,-0.015809243697479,23.683166666666637,-20.34383333333335,0,0
right_turn,8.58,144,1.01478576029167,1.1980821465993057,0.8556498057032446,0.3424323408960609,11.978600357991535,29.24110556972838,0.5043861417604572,28.736719427967923,0.0344708333333333,0.0512653741224628,-0.0999,0.1293,0.2292,0.1293,-0.1374,0.1126,-0.1061,-0.0009608391608391,0.2670000000000018,-0.2026666666666664,1,3,0.1120263888888888,0.0983716159429757,-0.1035,0.2963,0.3998,0.2963,-0.0752,0.1128,-0.1177,-0.0005258741258741,0.3796666666666666,-0.3571666666666669,1,4,1.0019972222222222,0.0488084796376376,0.8547,1.1961,0.3413999999999999,1.1961,-0.0070999999999999,0.1583999999999999,-0.2176999999999999,-4.9650349650349615e-05,0.434666666666665,-0.3393333333333359,2,0,0.2830402777777778,0.9628502668682778,-2.765,2.45,5.215,2.765,-1.0675,3.4037,-2.5463,-0.0074650349650349,7.539499999999962,-8.502166666666662,2,2,-0.4768708333333333,1.1899121501847698,-3.0538,5.6,8.6538,5.6,2.7737000000000003,4.3313,-3.5176,0.0193965034965035,15.487499999999873,-9.566666666666691,2,3,-11.505456944444443,10.983798667456728,-29.2162,0.0088,29.225,29.2162,-1.3651,1.3736999999999997,-1.5138000000000016,-0.0095461538461538,16.43533333333332,-17.73333333333332,0,0
right_turn,8.22,138,1.0073786297993474,1.2227204790956927,0.8388994337821429,0.3838210453135497,10.471592479751347,27.7513571459127,0.1203398936346546,27.63101725227805,0.0135615942028985,0.0512278755128177,-0.1167,0.1606,0.2773,0.1606,0.0912999999999999,0.1212999999999999,-0.1139,0.0006664233576642,0.2671666666666666,-0.3135,1,2,0.0926239130434782,0.0983874729091678,-0.092,0.2946,0.3865999999999999,0.2946,0.0325,0.1508,-0.1307,0.0002372262773722,0.3961666666666662,-0.3888333333333333,1,7,0.9969528985507246,0.0641693223109271,0.8367,1.1849,0.3482,1.1849,0.0708999999999999,0.2619,-0.2288000000000001,0.0005175182481751,0.5343333333333362,-0.4745000000000008,2,0,0.2290224637681159,1.212065801014139,-2.73,3.0363,5.7663,3.0363,0.4286999999999998,5.0487,-3.8588,0.0031291970802919,14.423000000000073,-13.95633333333332,2,3,-0.2695362318840579,1.5434062228087186,-4.0075,3.64,7.647500000000001,4.0075,4.27,5.0837,-5.0663,0.0311678832116788,12.9645,-13.635500000000023,2,12,-9.81686304347826,9.708116332097044,-27.685,0.805,28.49,27.685,0.5511999999999999,1.9861999999999969,-2.0562000000000005,0.0040233576642335,19.92066666666659,-14.524833333333376,0,0
right_turn,7.32,123,0.993269388656608,1.1369933245186623,0.8699052879480617,0.2670880365706006,13.054354208622968,29.41683798337272,0.3067082326902882,29.110129750682432,0.0293292682926829,0.0436590229378354,-0.1196,0.1352,0.2547999999999999,0.1352,-0.1124,0.1493,-0.1298,-0.0009213114754098,0.2153333333333331,-0.2576666666666665,1,1,0.1059983739837398,0.1012449326671563,-0.1089,0.3187,0.4276,0.3187,-0.0208,0.1471999999999999,-0.1373,-0.0001704918032786,0.3889999999999998,-0.4123333333333314,1,2,0.9811260162601626,0.0508286092110299,0.8691,1.1297,0.2605999999999999,1.1297,-0.0907999999999999,0.2498999999999999,-0.2107000000000001,-0.0007442622950819,0.4793333333333329,-0.3996666666666613,2,0,0.1108357723577235,1.1523703323897856,-4.4363,2.485,6.9213000000000005,4.4363,1.0588,3.6137,-5.6175,0.0086786885245901,12.454166666666692,-17.07716666666665,2,1,0.0803878048780487,1.1120193077980407,-3.01,3.0275,6.0375,3.0275,0.0873999999999999,4.3575,-5.635,0.0007163934426229,14.350166666666675,-8.4581666666667,2,6,-12.671136585365854,10.607066765753798,-29.365,1.0588,30.4238,29.365,0.7175,1.8725000000000025,-1.4176000000000002,0.0058811475409836,20.82499999999996,-15.195833333333312,0,0
right_turn,9.12,153,1.009595934843461,1.1604441304948725,0.8666968904986333,0.293747239996239,10.82134293839746,25.970219397802556,0.3273950213427198,25.642824376459835,0.0266039215686274,0.0390790677620603,-0.0428,0.1305,0.1733,0.1305,-0.0657,0.0829999999999999,-0.0786,-0.0004322368421052,0.283833333333331,-0.2303333333333332,1,0,0.1144535947712418,0.090849660389644,-0.0537,0.294,0.3477,0.294,0.0635,0.107,-0.1263999999999999,0.0004177631578947,0.4093333333333332,-0.3191666666666672,1,2,0.997918300653595,0.0517866275640888,0.8479,1.1369,0.289,1.1369,0.1471000000000001,0.1672,-0.1560000000000001,0.0009677631578947,0.4643333333333324,-0.3961666666666659,2,0,0.3994124183006536,0.908329169794758,-1.715,3.22,4.9350000000000005,3.22,3.045,3.4124000000000003,-2.7563,0.0200328947368421,12.8625,-10.864499999999998,2,0,-0.2541529411764706,1.1324923003141778,-3.8937,2.73,6.6236999999999995,3.8937,-1.0587,3.85,-3.7012,-0.0069651315789473,9.595833333333276,-9.741499999999991,2,1,-10.312131372549018,10.022484818721816,-25.9263,1.12,27.0463,25.9263,0.6475000000000002,1.3125,-1.671199999999999,0.0042598684210526,18.871000000000024,-16.304333333333318,0,0
right_turn,9.18,154,1.0072262435525947,1.2440684145174654,0.7731148750347518,0.4709535394827135,12.063527917227995,25.66201044228609,0.5309170745041074,25.13109336778198,0.0263090909090909,0.0465709106711129,-0.1247,0.125,0.2497,0.125,0.0344,0.2067,-0.1464,0.0002248366013071,0.3323333333333306,-0.5338333333333348,2,6,0.1148824675324675,0.0930852853258681,-0.1176,0.2653,0.3828999999999999,0.2653,-0.1553999999999999,0.1337,-0.1266,-0.0010156862745098,0.3958333333333332,-0.4756666666666658,1,5,0.994929220779221,0.0666251811365669,0.7716,1.237,0.4654000000000001,1.237,0.0147999999999999,0.2762,-0.3319000000000001,9.673202614379036e-05,0.6088333333333331,-0.7254999999999967,3,0,0.3535798701298701,1.079394480965996,-2.695,2.94,5.635,2.94,-0.0525000000000001,4.6638,-3.8762,-0.0003431372549019,10.164666666666731,-10.966833333333303,2,6,-0.4137506493506493,1.5169904436236004,-4.3925,4.025,8.4175,4.3925,4.3225,5.4075,-5.6875,0.0282516339869281,22.02066666666667,-18.87083333333334,3,6,-11.4791487012987,9.7335076811355,-25.55,0.9887,26.5387,25.55,-1.2599,1.3388,-1.4087999999999994,-0.0082346405228758,15.050166666666629,-17.15016666666665,0,0
right_turn,8.88,149,0.9981672472362456,1.2026470388272696,0.8141345220539417,0.388512516773328,9.36390003178674,23.074955637877185,0.3730257229736309,22.701929914903555,0.0098704697986577,0.0490629966022114,-0.1247,0.2104,0.3351,0.2104,0.034,0.2067,-0.1464,0.0002297297297297,0.4714999999999995,-0.4266666666666674,1,7,0.0842120805369127,0.0895615384939253,-0.1176,0.296,0.4135999999999999,0.296,0.0447,0.1654999999999999,-0.1384,0.000302027027027,0.4768333333333328,-0.4618333333333427,2,10,0.9893677852348992,0.0678133171451141,0.8027,1.1949,0.3922000000000001,1.1949,-0.1308,0.2762,-0.3419000000000001,-0.0008837837837837,0.3889999999999993,-0.5384999999999991,3,0,0.3345489932885906,1.1879227890107198,-2.4325,3.8238,6.2562999999999995,3.8238,1.0675,3.4124000000000003,-3.7187,0.0072128378378378,10.412500000000144,-11.418833333333342,2,2,-0.2144651006711409,1.453183267349145,-4.13,3.1237,7.2537,4.13,1.4875,5.109999999999999,-5.5912,0.0100506756756756,13.504000000000074,-16.537499999999984,2,8,-8.724334228187919,8.629449838291592,-23.0125,0.525,23.5375,23.0125,-0.0086999999999999,1.4437999999999995,-1.4262000000000006,-5.878378378379081e-05,17.616666666666646,-12.833333333333336,0,0
right_turn,8.1,136,1.0000104476500802,1.1464648315582997,0.8532367549514027,0.2932280766068967,11.600805124992398,24.886133105406312,0.0896657125104128,24.7964673928959,0.0227779411764705,0.0441518485686176,-0.0759,0.1257,0.2016,0.1257,0.0211999999999999,0.1218,-0.1362,0.000157037037037,0.2623333333333323,-0.2586666666666673,1,3,0.0994757352941176,0.0852363924157277,-0.0703,0.2538,0.3241,0.2538,0.0266,0.0903,-0.1084,0.000197037037037,0.4400000000000006,-0.3609999999999999,1,4,0.9902779411764704,0.0571051112600802,0.852,1.132,0.2799999999999999,1.132,0.0544999999999999,0.2296,-0.2339999999999999,0.0004037037037037,0.4643333333333306,-0.4468333333333323,3,0,0.2524661764705882,1.0232449198303433,-3.9113,2.8438,6.7551000000000005,3.9113,-0.9887,5.0399,-3.2287999999999997,-0.0073237037037036,13.256166666666669,-12.89166666666667,2,3,-0.0586779411764705,1.1955475971869265,-2.7037,3.6662,6.3698999999999995,3.6662,-3.4475,3.8062,-6.1337,-0.025537037037037,11.593833333333333,-8.706333333333344,2,8,-11.124466911764706,9.671229551085318,-24.8062,0.7175,25.5237,24.8062,-0.9274,1.8025,-1.1374999999999993,-0.0068696296296296,21.087333333333277,-12.220833333333305,0,0
right_turn,9.6,161,1.008457155432652,1.1128934989476755,0.847083378422691,0.2658101205249845,9.72997111303662,25.461687727642875,0.0560351675289723,25.405652560113904,0.0217211180124223,0.0529289138963028,-0.0953,0.121,0.2163,0.121,-0.0395999999999999,0.0997,-0.142,-0.0002474999999999,0.2353333333333314,-0.2323333333333329,2,3,0.1041950310559006,0.0842712493983284,-0.0636,0.2925,0.3560999999999999,0.2925,0.0632,0.1101999999999999,-0.1086,0.0003949999999999,0.3373333333333329,-0.3014999999999997,1,1,0.9979739130434784,0.051076191275558,0.84,1.1068,0.2668,1.1068,0.1318,0.2420000000000001,-0.1918,0.00082375,0.3985000000000038,-0.403499999999994,2,0,0.3104881987577639,1.0000715103418156,-2.38,3.3512,5.731199999999999,3.3512,3.7974,3.9287,-2.6075,0.0237337499999999,12.381333333333322,-9.581333333333324,2,1,-0.20347950310559,1.024504484563026,-2.7912,2.3275,5.1187000000000005,2.7912,1.12,2.9924999999999997,-2.9313,0.007,9.9313333333334,-10.748000000000005,2,2,-9.307337267080744,9.246207419003074,-25.4275,0.385,25.8125,25.4275,-0.4462,1.3125,-1.4787,-0.0027887499999999,14.991999999999962,-16.625000000000057,0,0
right_turn,8.22,138,1.0181593879796382,1.168162749791312,0.855930032187211,0.3122327176041011,13.232224189237405,24.64329262456622,0.1685602859513474,24.47473233861487,0.0445565217391304,0.0388164705738864,-0.0935,0.1141,0.2076,0.1141,0.0457,0.0784,-0.0967,0.0003335766423357,0.2568333333333333,-0.2750000000000007,2,2,0.13325,0.08232623926509,-0.0864,0.2669,0.3533,0.2669,0.0923,0.1367,-0.1586,0.0006737226277372,0.4470833333333295,-0.3966666666666649,1,4,1.004376086956522,0.0550066506322045,0.855,1.156,0.3009999999999999,1.156,0.0578,0.1703,-0.1832,0.0004218978102189,0.6264999999999983,-0.4734999999999978,2,0,0.3763775362318841,0.9900740800284848,-2.4062,2.73,5.1362000000000005,2.73,1.2951,2.8612,-3.6662,0.0094532846715328,10.310333333333377,-10.062333333333322,2,2,-0.4963391304347826,1.018854171025126,-3.115,1.855,4.970000000000001,3.115,-1.7237,3.5875000000000004,-2.7386999999999997,-0.0125817518248175,9.960499999999977,-9.74166666666658,2,0,-12.864341304347828,8.956091245087071,-24.57,0.875,25.445,24.57,-0.7351000000000001,1.4875000000000007,-1.3125,-0.0053656934306569,15.91033333333332,-16.31866666666665,0,0
right_turn,6.84,115,1.014868602629664,1.145257412113102,0.852187819673574,0.293069592439528,11.252694019413587,24.70432677447414,0.2657087315087707,24.43861804296537,0.0023843478260869,0.0475971501271749,-0.1001,0.1233,0.2234,0.1233,-0.0954,0.1263,-0.1213,-0.0008368421052631,0.2816666666666664,-0.3406666666666667,1,5,0.1015695652173912,0.0858953496013762,-0.1008,0.2963,0.3971,0.2963,0.0046999999999999,0.233,-0.1116,4.122807017544136e-05,0.4196666666666671,-0.4414999999999969,1,2,1.005175652173913,0.0550687968312306,0.8462,1.1351,0.2889,1.1351,-0.1005,0.2847,-0.2489,-0.0008815789473684,0.3375000000000021,-0.4040833333333333,2,0,0.5053695652173913,1.1194113401478312,-3.5612,3.6312,7.1924,3.6312,-1.365,4.4799,-4.6899,-0.0119736842105263,12.83333333333333,-9.231166666666663,2,2,0.0433686956521739,1.421717409083867,-3.5175,4.795,8.3125,4.795,0.3411999999999999,4.55,-4.3662,0.0029929824561403,14.277000000000015,-17.310333333333336,2,5,-10.675608695652173,9.627337129124465,-24.6225,0.6037,25.2262,24.6225,0.5862,1.6713000000000005,-1.715,0.0051421052631578,23.97499999999997,-16.187500000000043,0,0
right_turn,6.3,106,1.0016558158036692,1.1398843844881814,0.851127187910244,0.2887571965779374,13.79653810515584,27.97801246068062,0.533391272894486,27.444621187786133,0.0642103773584905,0.0357444579233927,-0.031,0.1613,0.1923,0.1613,0.0160999999999999,0.0964,-0.11,0.0001533333333333,0.3253333333333338,-0.1593333333333331,1,0,0.1086028301886792,0.0779338247459522,-0.0927,0.2931,0.3858,0.2931,0.1246999999999999,0.1805,-0.1254,0.001187619047619,0.4516666666666673,-0.3181666666666651,1,3,0.9901386792452832,0.0556741310719794,0.8442,1.1231,0.2789,1.1231,0.0265999999999999,0.2789,-0.2234999999999999,0.0002533333333333,0.4131666666666662,-0.3813333333333304,1,0,0.1385990566037736,1.2481776111782812,-3.7713,3.115,6.8863,3.7713,1.9862,4.3225,-4.1738,0.0189161904761904,15.516833333333318,-15.589833333333315,1,2,-0.1404981132075471,1.456930020215772,-5.635,3.4738,9.1088,5.635,-3.5875000000000004,4.637499999999999,-4.1387,-0.0341666666666666,14.34983333333332,-16.070833333333315,1,7,-13.296612264150944,9.90227585933757,-27.93,0.0787,28.0087,27.93,-12.2675,1.5225000000000009,-2.9138,-0.1168333333333333,19.2646666666667,-16.39166666666665,0,0
right_turn,6.78,114,1.0094926172355734,1.1573458039842714,0.8968112621951176,0.2605345417891538,14.549750410819712,29.83804088960936,0.6444675631868527,29.193573326422506,0.0008394736842105,0.0412580989494678,-0.0691,0.1091,0.1782,0.1091,-0.0562,0.0779,-0.0893,-0.0004973451327433,0.2066666666666664,-0.2690000000000003,1,1,0.1083447368421052,0.0738275760793563,-0.0198,0.2618,0.2815999999999999,0.2618,-0.1111,0.1052,-0.1037,-0.0009831858407079,0.2211666666666671,-0.285833333333333,1,0,1.0001666666666666,0.0413204392772499,0.8962,1.1539,0.2576999999999999,1.1539,0.0221,0.2063999999999999,-0.2217999999999999,0.0001955752212389,0.3740000000000041,-0.2674999999999983,2,0,0.3881447368421052,0.8426668544727041,-1.6975,3.29,4.9875,3.29,-0.7349000000000001,2.5987,-2.1875,-0.0065035398230088,11.287500000000051,-10.324999999999989,2,0,-0.2000166666666666,0.9671134926139072,-2.4325,2.0825,4.515000000000001,2.4325,-1.6537000000000002,2.8787,-2.3625,-0.0146345132743363,8.837499999999991,-7.729166666666608,2,1,-14.309243859649122,10.925874659619032,-29.7938,0.0175,29.8113,29.7938,11.8912,1.4875000000000007,-1.4436999999999998,0.1052318584070796,16.814499999999995,-15.458333333333314,0,0
right_turn,7.74,130,1.0091977329587762,1.1940777947855827,0.8437048180495357,0.350372976736047,12.857122805520437,30.70544105496614,0.3238736327643854,30.381567422201755,0.0341961538461538,0.0453972447407732,-0.098,0.1244,0.2224,0.1244,-0.0945,0.1287,-0.1169,-0.0007325581395348,0.3501666666666636,-0.3963333333333358,2,3,0.10507,0.093234578415967,-0.052,0.3246,0.3766,0.3246,-0.0421,0.0877999999999999,-0.1239,-0.0003263565891472,0.3116666666666671,-0.395833333333335,1,2,0.9978823076923078,0.0568154737430638,0.8406,1.1529,0.3123,1.1529,-0.1495,0.2137,-0.2417,-0.0011589147286821,0.4851666666666681,-0.6310000000000029,3,0,0.3981223076923076,1.0600418600967718,-3.99,2.45,6.44,3.99,-0.8224,3.3513,-2.8175,-0.0063751937984496,16.814666666666593,-11.579166666666636,2,2,-0.3850715384615384,1.2190898596608235,-3.5787,2.7562,6.3349,3.5787,-3.5787000000000004,4.9787,-4.1563,-0.0277418604651162,10.762333333333402,-11.739333333333324,2,1,-12.378356153846154,11.473557740658196,-30.5987,0.56,31.1587,30.5987,-0.3849,1.793800000000001,-1.2774,-0.0029837209302325,21.42299999999993,-17.485499999999945,0,0
right_turn,9.3,156,1.0080886736213197,1.1783302168747094,0.8768560315125854,0.301474185362124,9.7895817265399,26.919391709323595,0.3766532755731722,26.542738433750426,0.0138064102564102,0.0445872695262313,-0.089,0.1096,0.1986,0.1096,-0.0809,0.1239,-0.0878,-0.0005219354838709,0.3861666666666664,-0.2255000000000021,2,7,0.0792230769230769,0.0844722346795785,-0.0814,0.286,0.3673999999999999,0.286,0.0487999999999999,0.1728,-0.1722,0.0003148387096774,0.3863333333333334,-0.3449999999999997,1,8,1.000426282051282,0.0570605949701345,0.8731,1.1741,0.3009999999999999,1.1741,0.05,0.1909999999999999,-0.2378,0.0003225806451612,0.6787499999999927,-0.4650000000000025,2,0,0.2759070512820513,1.0476370645324729,-2.415,2.5375,4.952500000000001,2.5375,-0.1838,3.01,-3.4738,-0.0011858064516129,9.318833333333314,-9.056333333333324,2,1,-0.1892474358974358,1.161655465576201,-3.2025,2.8,6.0024999999999995,3.2025,1.5662,4.2525,-4.838699999999999,0.0101045161290322,8.604333333333347,-11.345666666666656,3,7,-9.176509615384616,9.833791872286872,-26.845,0.84,27.685,26.845,0.4025,1.566200000000002,-1.6100999999999992,0.0025967741935483,19.96449999999996,-15.23966666666665,0,0
right_turn,6.24,105,1.0023320874546435,1.122694321710055,0.86806132271862,0.2546329989914346,14.660030118335152,31.0135205394357,0.3695774614340003,30.643943078001698,0.0419485714285714,0.0345617705495028,-0.032,0.1193,0.1513,0.1193,-0.0576999999999999,0.071,-0.0952,-0.0005548076923076,0.1805,-0.3420833333333333,1,0,0.1093561904761904,0.0990590635039069,-0.1349,0.2868,0.4216999999999999,0.2868,-0.0378,0.082,-0.1089,-0.0003634615384615,0.3933333333333332,-0.4030000000000003,1,2,0.9901571428571428,0.0480899594852886,0.8678,1.1017,0.2338999999999998,1.1017,0.0614,0.1601000000000001,-0.1751999999999999,0.0005903846153846,0.3831666666666642,-0.4251666666666658,2,0,0.145587619047619,1.1303360132394291,-2.2487,2.6512,4.8999,2.6512,0.5075000000000001,2.765,-3.045,0.0048798076923076,12.133166666666655,-11.899833333333325,1,1,-0.0215847619047618,1.0096364521622614,-2.4675,2.1525,4.619999999999999,2.4675,-1.435,3.5787000000000004,-3.2724,-0.0137980769230769,11.753999999999998,-8.835,2,2,-14.30332761904762,11.605754086257049,-30.905,1.4438,32.348800000000004,30.905,0.7787999999999999,1.7413000000000023,-1.8550000000000004,0.0074884615384615,22.83750000000001,-22.42916666666666,0,0
right_turn,6.54,110,1.0053114449241245,1.0991035028603997,0.9111109921409136,0.1879925107194857,15.516949461191857,31.625349906206573,0.2972866966414743,31.328063209565094,0.0683581818181818,0.0428536647653365,-0.0268,0.153,0.1798,0.153,-0.0288,0.059,-0.0624,-0.0002642201834862,0.2174999999999997,-0.318333333333334,1,0,0.0904218181818181,0.0722426852674063,-0.0364,0.2463,0.2827,0.2463,-0.0297,0.102,-0.0828,-0.0002724770642201,0.240333333333333,-0.3944999999999998,1,0,0.9954745454545456,0.036984932306027,0.9098,1.0841,0.1743,1.0841,-0.0625,0.1090999999999999,-0.1099000000000001,-0.0005733944954128,0.2609999999999992,-0.3051666666666666,2,0,0.1947318181818182,0.9487018724234624,-2.6512,3.885,6.536199999999999,3.885,-1.0413,2.9575,-2.8175,-0.0095532110091743,10.193833333333288,-11.98749999999994,2,1,-0.3189,0.7646063258814838,-2.345,1.3563,3.7013,2.345,-1.6626,2.6775,-2.03,-0.0152532110091743,5.031166666666662,-7.6443055555555555,2,0,-15.250697272727276,12.05680598302031,-31.6138,1.1025,32.716300000000004,31.6138,1.1375,2.0650000000000013,-1.8374999999999984,0.0104357798165137,26.075000000000017,-21.262499999999932,0,0
right_u_turn,8.22,138,1.017193276261212,1.173679555926574,0.9013386156156852,0.2723409403108888,21.989752696114465,34.51883759181355,0.5869808940672601,33.93185669774629,0.0206442028985507,0.0584899517455725,-0.1032,0.1335,0.2367,0.1335,-0.0533,0.1461,-0.1254,-0.0003890510948905,0.3319444444444445,-0.2801666666666664,2,5,0.1663898550724637,0.0829260749760155,-0.0456,0.3351,0.3807,0.3351,-0.0327,0.1615,-0.1164999999999999,-0.0002386861313868,0.4649999999999994,-0.4133333333333338,1,0,0.9981884057971014,0.0561955151501204,0.8738,1.1424,0.2686,1.1424,0.0536999999999999,0.2287,-0.2211,0.0003919708029197,0.4864999999999995,-0.5016666666666669,2,0,0.1214869565217391,1.231546185781044,-2.9662,4.0075,6.973700000000001,4.0075,-1.2951,3.1063,-3.3338,-0.0094532846715328,14.87483333333336,-16.187333333333317,2,7,-0.1590166666666666,1.2387205714953402,-4.4538,2.8438,7.2976,4.4538,-1.9076,3.8938,-4.2788,-0.0139240875912408,12.250166666666724,-10.89383333333338,2,5,-21.833657246376813,11.4515244540322,-34.3175,0.1138,34.4313,34.3175,0.0,1.9512,-1.4962,5.1864433267160596e-17,21.714499999999987,-17.179166666666646,0,0
right_u_turn,8.82,148,1.0151849239409685,1.1467841688827067,0.8824503045497802,0.2643338643329265,20.492547025877155,36.83114193355943,0.3852357330258967,36.445906200533535,0.0220175675675675,0.0645798948476444,-0.1122,0.2049,0.3171,0.2049,-0.0121999999999999,0.1227,-0.1343,-8.299319727891214e-05,0.2984999999999996,-0.3316666666666675,1,1,0.1664851351351351,0.0954886240792747,-0.0798,0.356,0.4357999999999999,0.356,0.0486999999999999,0.157,-0.1649,0.0003312925170068,0.5048333333333334,-0.5633333333333334,1,2,0.9946972972972972,0.0506016898240945,0.8667,1.1205,0.2538,1.1205,0.1489999999999999,0.2210999999999999,-0.2086000000000001,0.0010136054421768,0.6700000000000003,-0.482499999999999,3,0,0.048252027027027,1.3387265226239509,-5.8275,3.0275,8.855,5.8275,-1.2688,3.745,-6.125,-0.0086312925170068,17.412166666666682,-21.612500000000033,2,5,-0.2652783783783783,1.2524666853440345,-4.5588,2.8612,7.42,4.5588,2.485,3.15,-6.3526,0.0169047619047618,19.060333333333332,-15.852,2,5,-20.266064864864862,12.272148492962224,-36.7062,0.1575,36.8637,36.7062,0.035,2.2399999999999984,-1.8549000000000009,0.0002380952380952,23.493666666666655,-18.229,0,0
right_u_turn,8.82,148,1.0043185650457775,1.193683764654609,0.8555471933213269,0.3381365713332821,20.292078193472456,33.393310894548925,0.7292396313969778,32.664071263151946,0.0163513513513513,0.0687887819980385,-0.1511,0.1399,0.291,0.1511,-0.1157,0.1003999999999999,-0.1266,-0.0007870748299319,0.2361666666666664,-0.2978333333333339,1,1,0.1510013513513513,0.0861981690751197,-0.0581,0.2877,0.3458,0.2877,0.0606,0.1619,-0.1509,0.0004122448979591,0.416333333333333,-0.4706666666666679,1,2,0.98669527027027,0.0574941763799911,0.853,1.1619,0.3088999999999999,1.1619,0.0227999999999999,0.2794,-0.2163,0.0001551020408163,0.7023611111111029,-0.5718333333333332,2,0,0.1241533783783783,1.1611712602225135,-3.9462,3.3338,7.28,3.9462,3.2288,2.6775,-3.8587,0.0219646258503401,22.166666666666643,-15.29766666666668,2,6,-0.2577101351351351,1.3425961193495604,-3.7275,3.745,7.4725,3.745,-1.54,5.0137,-4.1825,-0.0104761904761904,13.373000000000062,-12.42500000000003,3,6,-20.086102702702703,11.979770325850522,-33.3725,0.2188,33.591300000000004,33.3725,0.0438,1.5837000000000003,-1.7761999999999991,0.0002979591836734,19.32283333333332,-20.69399999999996,0,0
right_u_turn,10.68,179,1.008345074962688,1.188887723883126,0.8478457170971615,0.3410420067859644,17.084688019273013,33.33669674232886,0.4360511093897136,32.900645632939145,0.0127731843575418,0.0649893038427109,-0.1447,0.2111,0.3558,0.2111,-0.1087,0.1638,-0.1833,-0.0006106741573033,0.4481666666666677,-0.4690000000000011,1,5,0.1376234636871508,0.0962719632449478,-0.0647,0.3212,0.3858999999999999,0.3212,-0.0528999999999999,0.122,-0.1223,-0.0002971910112359,0.4099999999999997,-0.3918333333333345,1,1,0.992036312849162,0.0544617871377597,0.8462,1.186,0.3398,1.186,-0.0650999999999999,0.1512,-0.2895999999999999,-0.0003657303370786,0.5489999999999942,-0.5658333333333285,2,0,0.0575843575418994,1.1948375338203303,-3.9987,2.9662,6.9649,3.9987,0.4638,3.7275,-4.9,0.0026056179775281,17.251999999999978,-12.002166666666657,2,8,-0.2466150837988827,1.3270621643002516,-5.355,5.425,10.78,5.425,-2.4850999999999996,5.2237,-6.5975,-0.0139612359550562,19.08949999999999,-22.968833333333336,3,8,-16.780201117318434,13.085266858681946,-33.2938,0.315,33.608799999999995,33.2938,-0.2363,1.9075000000000024,-2.0825999999999993,-0.0013275280898876,27.16883333333351,-22.239666666666665,0,0
right_u_turn,8.4,141,1.0124372735142677,1.1079733345166751,0.9086935787161698,0.1992797558005052,21.55327489625938,30.267608324576955,0.231659102994033,30.03594922158292,0.0390219858156028,0.0422898233151708,-0.0676,0.1359,0.2035,0.1359,-0.0495,0.0962,-0.0977,-0.0003535714285714,0.2878333333333337,-0.3144999999999999,1,3,0.1545397163120567,0.0712305781844453,-0.0617,0.2806,0.3423,0.2806,-0.0659,0.1071,-0.1257,-0.0004707142857142,0.4046666666666667,-0.3353333333333346,1,1,0.996486524822695,0.0353700846556968,0.9052,1.1031,0.1978999999999999,1.1031,0.0371,0.1225999999999999,-0.1348999999999999,0.000265,0.3185000000000002,-0.3523333333333323,2,0,0.1560716312056737,1.0078575603956177,-2.485,3.1762,5.6612,3.1762,-0.0787,2.8875,-3.6312,-0.0005621428571428,14.08733333333332,-11.754166666666706,2,4,-0.0710581560283688,0.9527266635561644,-3.3863,2.1175,5.5038,3.3863,0.9975,2.0563,-3.5613,0.007125,10.354,-10.062499999999991,2,1,-21.442529078014186,9.275066031482616,-30.2225,0.175,30.3975,30.2225,0.1312999999999999,1.8900000000000008,-1.6711999999999998,0.0009378571428571,22.283333333333275,-19.556333333333313,0,0
right_u_turn,8.34,140,1.009160861958922,1.1474354840251368,0.8812633431613958,0.2661721408637411,21.527906304763825,35.88278763655355,0.6251934740542322,35.257594162499316,0.0232464285714285,0.0493147305480181,-0.1193,0.1188,0.2381,0.1193,-0.0943,0.0737,-0.1142,-0.000678417266187,0.2895000000000001,-0.3133333333333353,1,1,0.1565542857142857,0.085679850280509,-0.0407,0.3135,0.3542,0.3135,-0.0461,0.1345,-0.1113,-0.0003316546762589,0.4380000000000005,-0.5466666666666662,1,0,0.9919114285714288,0.0381326274798897,0.881,1.1063,0.2253,1.1063,-0.0667,0.1500999999999999,-0.1445,-0.0004798561151079,0.3388333333333344,-0.4540000000000006,2,0,0.0584385714285714,1.2941347099766276,-4.0163,3.1675,7.1838,4.0163,-1.75,3.4212,-4.8563,-0.0125899280575539,15.983500000000026,-16.931500000000003,2,5,-0.2688107142857143,1.0430691660365463,-3.2812,2.4938,5.775,3.2812,-0.4200999999999999,3.5873999999999997,-3.8412,-0.0030223021582733,11.914500000000023,-9.814499999999992,1,1,-21.341492142857145,11.65382073987463,-35.8312,0.245,36.0762,35.8312,0.21,2.2575000000000003,-1.2338000000000022,0.0015107913669064,27.54783333333333,-16.98966666666672,0,0
right_u_turn,8.22,138,1.010518100518358,1.137749295758956,0.8232749601439363,0.3144743356150196,21.983146094648863,32.516795274749946,0.2215737800372598,32.295221494712685,0.0289905797101449,0.0509589958071789,-0.1069,0.1995,0.3064,0.1995,-0.105,0.2025,-0.1364,-0.0007664233576642,0.3905000000000007,-0.2901666666666683,2,3,0.1606797101449275,0.0861298172802711,-0.0722,0.4056,0.4778,0.4056,0.0070999999999999,0.1525,-0.2048,5.1824817518247126e-05,0.5403333333333333,-0.4788333333333326,1,1,0.9923152173913042,0.0512761906048518,0.8054,1.1117,0.3062999999999999,1.1117,-0.0793,0.2448,-0.1807999999999999,-0.0005788321167883,0.3760000000000003,-0.459833333333334,2,0,0.2538108695652174,1.0918316625606903,-2.8612,3.605,6.466200000000001,3.605,0.8313,3.5437,-5.7663,0.0060678832116788,12.979166666666654,-11.097833333333217,3,5,-0.3592550724637681,1.3819377285912735,-4.7337,2.5375,7.2712,4.7337,-2.0038,4.9526,-4.8649,-0.0146262773722627,12.585333333333322,-12.877166666666652,2,5,-21.814447826086955,11.39721186629174,-32.515,0.0613,32.5763,32.515,0.0,2.231200000000001,-2.3013,2.5932216633580298e-17,23.62499999999997,-20.4165,0,0
right_u_turn,8.58,144,1.0116086307309824,1.1546870311907032,0.896977508079216,0.2577095231114872,21.184775889653785,34.09615137651169,0.7730521909935965,33.323099185518096,0.0328736111111111,0.0542133934192421,-0.116,0.1388,0.2548,0.1388,-0.186,0.1859,-0.1738,-0.0013006993006993,0.2934999999999997,-0.3546666666666667,1,5,0.1725166666666666,0.092103903776708,-0.0778,0.3462,0.424,0.3462,-0.0432,0.1254,-0.1779,-0.0003020979020979,0.3831666666666662,-0.4780000000000033,1,2,0.9906916666666667,0.0450650214007067,0.8662,1.1031,0.2369,1.1031,-0.0386999999999999,0.2049999999999999,-0.2015,-0.0002706293706293,0.3926666666666651,-0.4680000000000053,2,0,0.1503284722222222,1.2870537582929904,-3.2287,4.1213,7.35,4.1213,4.0075,4.6813,-3.8325,0.0280244755244755,17.09166666666667,-19.439499999999924,3,6,-0.3664104166666667,1.2519155188726718,-3.5438,3.8325,7.3763,3.8325,-3.9025,4.0075,-3.8062,-0.0272902097902097,11.389666666666669,-14.11666666666672,2,5,-20.918153472222222,11.551165453408409,-33.9675,0.3325,34.300000000000004,33.9675,-0.2538,2.598700000000001,-1.785,-0.0017748251748251,31.70416666666665,-18.316833333333307,0,0
right_u_turn,9.18,154,1.013851818037475,1.157288231168018,0.870056429204451,0.2872318019635669,19.866140296822465,33.57276237800517,0.7780631850948868,32.79469919291029,0.0334272727272727,0.0657984467233549,-0.098,0.1598,0.2578,0.1598,-0.0788,0.0959,-0.0949,-0.0005150326797385,0.3166666666666664,-0.3614999999999999,1,1,0.1661136363636363,0.1059134571292502,-0.047,0.3635,0.4105,0.3635,-0.0574999999999999,0.212,-0.1486,-0.000375816993464,0.410833333333332,-0.5136666666666678,1,0,0.9920136363636364,0.0540647941797337,0.8481,1.1348,0.2867,1.1348,-0.0468999999999999,0.1765,-0.2096000000000001,-0.0003065359477124,0.4648333333333312,-0.5487499999999952,2,0,0.2744305194805194,1.1782998584327908,-2.2487,3.1937,5.4424,3.1937,-2.52,3.7537,-3.5698999999999996,-0.0164705882352941,16.377000000000052,-13.2855,3,6,-0.5344863636363637,1.2720527909703467,-4.5675,2.6775,7.245,4.5675,0.1926,4.742500000000001,-3.955,0.0012588235294117,13.89783333333327,-12.818666666666653,3,4,-19.61659220779221,13.06886838925334,-33.495,0.4638,33.9588,33.495,0.3326,1.9075000000000024,-1.8548999999999989,0.0021738562091503,23.683499999999995,-20.91250000000001,0,0
right_u_turn,9.12,153,1.0107418648235675,1.1703902511555708,0.856446647491833,0.3139436036637378,19.948483613364267,35.411754814891616,0.3549783514525921,35.05677646343902,0.0432274509803921,0.0574698161455372,-0.1032,0.1517,0.2549,0.1517,-0.1171,0.1233,-0.1101999999999999,-0.0007703947368421,0.2254999999999997,-0.3663333333333329,1,1,0.1641797385620915,0.0895263650959851,-0.0478,0.318,0.3658,0.318,0.0169,0.2328,-0.157,0.0001111842105263,0.5099999999999992,-0.3873333333333336,1,0,0.9908013071895424,0.0513524252321872,0.8331,1.1483,0.3152000000000001,1.1483,-0.018,0.2355000000000001,-0.2670000000000001,-0.0001184210526315,0.5696666666666657,-0.3480000000000025,2,0,0.0593039215686274,1.253846034831816,-3.745,3.3775,7.1225000000000005,3.745,2.6862,3.7625,-5.0312,0.0176723684210526,12.264499999999895,-13.168999999999984,2,6,-0.3235196078431372,1.33399978976261,-4.6725,2.8788,7.5513,4.6725,-0.4988,4.952500000000001,-4.0512,-0.0032815789473683,15.51683333333332,-13.081166666666672,2,5,-19.727817647058824,11.164321028687525,-35.3413,0.35,35.6913,35.3413,0.1574999999999999,1.8987000000000016,-1.4876000000000005,0.0010361842105263,24.004166666666663,-12.99383333333337,0,0
right_u_turn,9.54,160,1.0170457673909474,1.156016128780217,0.8729504968782594,0.2830656319019579,19.207857769170527,33.024268911362746,0.7390667290576678,32.28520218230508,0.03302375,0.0627966133841286,-0.1371,0.1566,0.2936999999999999,0.1566,-0.124,0.112,-0.1038999999999999,-0.0007798742138364,0.2031666666666667,-0.3185,1,1,0.160765625,0.0853302316507413,-0.0432,0.3384,0.3816,0.3384,0.0332,0.1228,-0.1262999999999999,0.0002088050314465,0.383666666666667,-0.3504999999999978,1,0,0.9982187499999998,0.0522796883095952,0.8394,1.1448,0.3054,1.1448,0.1981,0.2131999999999999,-0.2054,0.0012459119496855,0.426499999999999,-0.4323333333333341,2,0,0.260535625,1.0516968354779452,-4.4012,2.8875,7.2887,4.4012,-0.4637,2.7562,-5.0049,-0.0029163522012578,17.456166666666707,-16.2021666666667,3,4,-0.35114875,1.17490389404836,-3.5262,2.275,5.8012,3.5262,2.135,4.5237,-4.5588,0.0134276729559748,11.433333333333346,-12.031166666666692,3,2,-19.002920625,11.4908149202946,-32.9437,0.21,33.1537,32.9437,-0.1487,1.828700000000001,-1.9951000000000008,-0.0009352201257861,21.48133333333334,-16.085333333333296,0,0
right_u_turn,9.96,167,1.0015273339356785,1.1414640861630294,0.9068762098544652,0.2345878763085641,18.079937714247496,32.065100215343165,0.3145135132232,31.750586702119964,0.0019209580838323,0.0460406876529714,-0.1223,0.1225,0.2448,0.1225,0.0484999999999999,0.1308,-0.0868,0.0002921686746987,0.2660000000000005,-0.3006666666666686,2,2,0.1368149700598802,0.0780620163011763,-0.0305,0.3554,0.3859,0.3554,0.0273,0.1756,-0.1091,0.0001644578313253,0.329166666666667,-0.3664999999999998,1,0,0.9880616766467066,0.041482319846201,0.8958,1.1195,0.2236999999999999,1.1195,0.0055,0.1625999999999999,-0.1426999999999999,3.313253012048229e-05,0.5428333333333297,-0.3495000000000008,2,0,0.2185431137724551,0.8622280094607688,-2.5725,2.7213,5.293799999999999,2.7213,0.8925000000000001,2.3538,-2.9488,0.0053765060240963,9.960500000000016,-11.447999999999986,2,2,-0.3878820359281437,0.9128749028369468,-2.9313,2.7037,5.635,2.9313,0.0613,2.9401,-3.0537,0.0003692771084337,7.875000000000011,-11.258333333333368,2,3,-17.946616167664672,11.074263702236133,-31.9463,0.3762,32.3225,31.9463,-0.3324999999999999,2.1174999999999997,-1.4000000000000004,-0.0020030120481927,21.933499999999825,-16.945833333333354,0,0
right_u_turn,9.6,161,1.0137781591406037,1.149517437884263,0.8739080558044994,0.2756093820797636,19.185293755474085,33.562080230224105,0.5406460302268019,33.0214341999973,0.0228149068322981,0.0541183716624725,-0.0864,0.1574,0.2438,0.1574,-0.1151,0.1013,-0.1411,-0.0007193749999999,0.2990000000000015,-0.3383333333333316,1,1,0.1606198757763975,0.0957929236816815,-0.0756,0.3672,0.4428,0.3672,-0.1133,0.1803,-0.1453,-0.000708125,0.3811666666666711,-0.3984999999999985,1,3,0.9949416149068324,0.0563504110000608,0.8593,1.1178,0.2584999999999999,1.1178,-0.0599999999999999,0.2227,-0.1856999999999999,-0.0003749999999999,0.5726388888888897,-0.4913333333333316,3,0,0.4208167701863354,1.1263515943210196,-3.8675,4.5237,8.3912,4.5237,-0.8574999999999999,3.535,-4.602499999999999,-0.005359375,14.218833333333247,-18.462500000000052,2,3,-0.4160844720496894,1.2566921776811042,-4.795,2.3012,7.0962,4.795,0.3588,5.5649999999999995,-5.0925,0.0022424999999999,10.004166666666617,-13.722833333333408,3,3,-18.97576397515528,12.300024921974511,-33.4075,0.1925,33.6,33.4075,-0.1663,2.1962,-1.7761999999999991,-0.001039375,24.966666666666654,-17.296000000000006,0,0
right_u_turn,8.82,148,1.008100237712819,1.134705697526896,0.8651250429851166,0.2695806545417795,20.65840115051002,33.217355685695395,0.7854214282791119,32.43193425741628,0.0317858108108108,0.0566869875650669,-0.096,0.1388,0.2348,0.1388,-0.1661,0.0925999999999999,-0.1258,-0.0011299319727891,0.3278333333333329,-0.5156666666666655,2,3,0.1759594594594594,0.0958383210801448,-0.0419,0.3465,0.3883999999999999,0.3465,0.0364,0.1342999999999999,-0.1238,0.000247619047619,0.5535,-0.3423333333333331,1,0,0.985933108108108,0.0495461145583078,0.8647,1.1098,0.2450999999999998,1.1098,-0.0754,0.1957000000000001,-0.1739999999999999,-0.000512925170068,0.3933333333333326,-0.4711666666666696,2,0,0.0912229729729729,1.2883366058918364,-3.64,3.3512,6.9912,3.64,1.5224,3.5962,-4.952500000000001,0.010356462585034,14.306333333333354,-16.406333333333272,2,5,-0.5676878378378379,1.338737641401084,-3.815,2.9575,6.7725,3.815,-3.7625,4.27,-4.4975000000000005,-0.025595238095238,14.62699999999991,-16.173000000000002,1,7,-20.423325675675677,11.549888355452527,-33.1888,0.245,33.4338,33.1888,0.1925,2.003700000000002,-2.266300000000001,0.0013095238095237,24.64566666666667,-21.37916666666667,0,0
right_u_turn,10.5,176,1.0195074600789955,1.1952273674912233,0.864669295164342,0.3305580723268813,17.608248166246018,33.36895110922727,0.1950613749567043,33.17388973427057,0.0313829545454545,0.065699144976547,-0.1219,0.1828,0.3046999999999999,0.1828,-0.1105,0.1383,-0.1317,-0.0006314285714285,0.2568333333333336,-0.4221666666666669,1,1,0.1548096590909091,0.1109354472160543,-0.0531,0.3916,0.4447,0.3916,0.0591,0.1826,-0.1805,0.0003377142857142,0.4531666666666665,-0.4318055555555556,1,2,0.9992755681818182,0.0585898969810218,0.8367,1.1306,0.2939,1.1306,-0.1109,0.2031,-0.2638,-0.0006337142857142,0.6681666666666644,-0.4694999999999965,2,0,0.2714028409090909,1.1875726757395997,-4.4012,4.025,8.426200000000001,4.4012,-1.26,3.7187,-4.13,-0.0072,18.418666666666788,-14.364666666666558,3,10,-0.3523869318181818,1.3584967799950127,-4.8387,3.1762,8.0149,4.8387,-2.415,6.8512,-5.3112,-0.0137999999999999,13.912500000000088,-14.510333333333625,2,12,-17.22342613636364,13.066556008882213,-33.3638,0.1312,33.495,33.3638,0.1137,2.0563,-1.2775,0.0006497142857142,24.543666666666837,-15.064666666666652,0,0
right_u_turn,8.88,149,1.0198716378486314,1.1241756980116586,0.8959268441117277,0.2282488538999308,20.288974660255867,32.10120169090248,0.2636640855330888,31.837537605369388,0.0426503355704698,0.0575284930862831,-0.0688,0.1774,0.2462,0.1774,-0.2302,0.1088,-0.0999,-0.0015554054054054,0.1905000000000001,-0.3586666666666667,1,1,0.1658295302013422,0.0894176138275655,-0.0376,0.3231,0.3607,0.3231,0.0218999999999999,0.1168,-0.162,0.0001479729729729,0.4705,-0.4131666666666649,1,0,0.999910067114094,0.0402571929865661,0.8865,1.099,0.2125,1.099,0.0538,0.1467,-0.1393000000000001,0.0003635135135135,0.3670000000000009,-0.4019999999999992,3,0,0.0579013422818791,1.12855686908323,-3.0887,2.66,5.7486999999999995,3.0887,-0.2625,2.7738,-3.4738,-0.0017736486486486,10.135499999999944,-13.678999999999986,2,7,-0.1645422818791946,1.27459013545644,-4.3925,3.535,7.9275,4.3925,-3.5175,3.605,-3.0187,-0.0237668918918918,16.46466666666665,-10.966833333333334,1,5,-20.063754362416105,11.507124231820551,-31.99,0.0262,32.0162,31.99,-0.0087,1.6362000000000003,-1.6625000000000014,-5.878378378376681e-05,22.239500000000007,-20.008500000000023,0,0
right_u_turn,9.24,155,1.0272285991092034,1.1856294277724384,0.8691696842389293,0.3164597435335091,19.616956998105643,33.12851964893693,0.5055540327205392,32.62296561621639,0.0469799999999999,0.0628382363537675,-0.1037,0.1672,0.2709,0.1672,-0.1364,0.1601,-0.112,-0.0008857142857142,0.2860000000000001,-0.286666666666662,1,3,0.1650270967741935,0.0989495282006283,-0.048,0.4208,0.4688,0.4208,0.1074,0.1866,-0.1582,0.0006974025974025,0.45333333333333,-0.5655000000000008,1,0,1.006303870967742,0.0555943107477348,0.8675,1.1803,0.3127999999999998,1.1803,-0.0998,0.1931,-0.2296999999999999,-0.0006480519480519,0.5303333333333295,-0.4819999999999975,2,0,0.3320503225806451,1.284527834642237,-3.9375,3.7887,7.7262,3.9375,-0.0612999999999999,4.4712,-6.2475000000000005,-0.0003980519480519,13.387499999999992,-12.789500000000032,3,8,-0.3090187096774193,1.1581457917884457,-4.1737,3.0187,7.1924,4.1737,-0.0262,3.85,-4.3487,-0.0001701298701298,8.82299999999993,-7.612500000000001,3,3,-19.371369032258063,12.399834566950322,-33.0137,0.5863,33.6,33.0137,-0.4813,1.7675,-1.9162,-0.0031253246753246,17.77716666666663,-21.481333333333325,0,0
right_u_turn,9.06,152,1.0058228362675632,1.138300325046075,0.8767440960736491,0.2615562289724259,19.432257240476527,33.21695524412194,0.6568347432954502,32.56012050082649,0.0137098684210526,0.0446733393979306,-0.0809,0.118,0.1989,0.118,0.1089,0.1086,-0.1498,0.0007211920529801,0.3476666666666669,-0.2910000000000006,2,5,0.150016447368421,0.08635302442318,-0.0337,0.3155,0.3492,0.3155,-0.0521,0.1387,-0.1606,-0.0003450331125827,0.3979999999999992,-0.2789999999999976,1,0,0.9898243421052632,0.0466687765165432,0.8706,1.1261,0.2555,1.1261,0.0654000000000001,0.1647,-0.2019999999999999,0.0004331125827814,0.533000000000003,-0.4891666666666667,2,0,0.2989368421052631,1.046111059891371,-3.5175,3.0975,6.615,3.5175,0.2974,2.9575,-3.3688,0.001969536423841,14.67083333333332,-13.868666666666758,2,2,-0.4011769736842105,1.1591325643705117,-3.745,2.3888,6.1338,3.745,0.3238,3.7188,-4.1037,0.0021443708609271,9.756333333333323,-11.38983333333332,3,4,-19.249766447368422,11.98149515665717,-33.215,0.4288,33.643800000000006,33.215,0.3938,1.3826,-1.6099999999999994,0.0026079470198674,19.57099999999997,-21.40833333333333,0,0
smooth_accel,14.58,244,1.010034304533867,1.3947142897382243,0.7589618501611264,0.6357524395770979,1.564202708645744,6.809621970418035,0.1315147520242501,6.678107218393785,-0.069502868852459,0.0836844220988821,-0.294,0.1681,0.4620999999999999,0.294,0.0286,0.1867999999999999,-0.1986,0.000117695473251,0.6128333333333387,-0.8873333333333407,2,13,0.0254090163934426,0.0555095357604926,-0.1503,0.2372,0.3874999999999999,0.2372,0.08,0.2496999999999999,-0.2844,0.0003292181069958,0.7609999999999983,-0.7843333333333309,3,26,1.0022024590163934,0.0825519130477169,0.7447,1.3915,0.6467999999999999,1.3915,-0.0740999999999999,0.6202,-0.4324,-0.0003049382716049,0.9996666666666584,-1.166166666666684,2,0,0.4410901639344262,1.3392003460028412,-3.7625,5.9938,9.7563,5.9938,1.4437,6.0462,-5.8538,0.0059411522633744,14.233166666666897,-15.473000000000347,2,16,-0.0054147540983606,1.5199067218060778,-6.37,5.7575,12.1275,6.37,0.1311999999999999,7.6913,-9.0913,0.0005399176954732,27.095666666666443,-20.4311666666665,3,20,0.1909967213114753,0.3845887544252408,-1.4175,1.3563,2.7738,1.4175,-0.14,1.5225,-1.6975,-0.0005761316872427,3.995666666666783,-5.29383333333329,2,0
smooth_accel,10.26,172,1.001091959414062,1.2820437629035912,0.7925995773402861,0.4894441855633051,1.9502336645794984,5.432904926464294,0.3293568581341521,5.103548068330142,-0.0736901162790697,0.0750809821349519,-0.2608,0.1532,0.414,0.2608,0.1532,0.1859,-0.146,0.0008959064327485,0.6023333333333308,-0.5186666666666662,0,8,0.0040238372093023,0.0668938939978498,-0.1735,0.214,0.3874999999999999,0.214,0.076,0.2049,-0.3738,0.0004444444444444,0.5570000000000035,-0.6138333333333328,2,43,0.9930674418604652,0.0922211319567406,0.7569,1.2766,0.5196999999999999,1.2766,0.3037000000000001,0.4338000000000001,-0.3078999999999999,0.0017760233918128,0.9996666666666628,-0.9681666666666632,2,0,0.1650808139534884,1.4263552853476231,-4.2087,3.045,7.2537,4.2087,1.015,4.6551,-6.44,0.0059356725146198,21.68549999999995,-16.172833333333312,2,10,-0.1588715116279069,1.633263574612018,-4.48,4.4713,8.9513,4.48,-0.9362,7.2887,-6.6850000000000005,-0.0054748538011696,15.26883333333332,-13.57733333333328,3,17,0.2509499999999999,0.3997075753466197,-0.8225,1.2162,2.0387,1.2162,-0.5513,1.2162,-1.1812,-0.0032239766081871,4.258166666666673,-3.689499999999977,3,0
smooth_accel,0.54,10,0.941445810849166,1.1053511930603774,0.7570075362900953,0.3483436567702821,4.178834750594734,7.317507764259632,0.6983702957600645,6.619137468499568,-0.03593,0.1429245181516764,-0.2871,0.1415,0.4286,0.2871,0.0445,0.1903,-0.1449,0.0049444444444444,1.11,-0.9937916666666669,0,2,0.01828,0.1159979865725646,-0.1733,0.2054,0.3787,0.2054,-0.0776,0.2584,-0.2776,-0.0086222222222222,0.6971666666666667,-0.904027777777778,0,3,0.92395,0.1136444381979748,0.7166,1.078,0.3614,1.078,-0.0726,0.3406999999999999,-0.1766999999999999,-0.0080666666666666,0.5033333333333339,-0.8677777777777766,0,0,-1.08851,2.6000107813665356,-7.2362,1.645,8.8812,7.2362,1.5663,7.4899,-4.6025,0.1740333333333333,33.67513888888886,-13.21216666666667,0,0,0.23362,4.218888066461747,-6.5975,7.1575,13.755,7.1575,2.6949,10.1937,-8.54,0.2994333333333333,13.314500000000002,-23.274833333333333,0,4,0.1898699999999999,0.9774391371219888,-1.61,1.75,3.3600000000000003,1.75,-2.2837,2.24,-2.24,-0.2537444444444444,5.425,-4.637499999999999,1,0
smooth_accel,8.94,150,0.9963379865438816,1.0782777981577845,0.9364459834929084,0.1418318146648761,8.967581922329451,20.69902862914103,0.1650946698109905,20.53393395933004,-0.0352333333333333,0.0567231811882614,-0.153,0.0675,0.2205,0.153,0.0098,0.1306999999999999,-0.0615,6.577181208053675e-05,0.6608333333333326,-0.3059999999999997,1,4,0.0110359999999999,0.0488295986263805,-0.1059,0.0956,0.2015,0.1059,0.0829,0.0773,-0.0703,0.0005563758389261,0.3566666666666644,-0.228666666666666,2,2,0.9928539999999998,0.0226349098731681,0.9346,1.0774,0.1427999999999999,1.0774,-0.0322,0.1130000000000001,-0.1150999999999998,-0.0002161073825503,0.1970833333333371,-0.2421666666666659,2,0,0.3224073333333334,0.8238521895427101,-1.6537,2.3975,4.0512,2.3975,1.0851,2.7737000000000003,-1.8375,0.0072825503355704,11.63733333333332,-7.233333333333327,2,0,0.2780186666666667,0.6739590790145421,-2.2662,1.8813,4.1475,2.2662,-0.7962,1.9249,-1.8287,-0.0053436241610738,7.539499999999987,-6.154000000000062,2,0,8.620903333333333,6.661056605277698,-1.575,20.5975,22.1725,20.5975,-4.9088,1.2074999999999996,-1.644899999999998,-0.032944966442953,14.39383333333332,-20.57716666666664,2,0
smooth_accel,22.56,377,0.9990821505387184,1.3887456318563165,0.6975204728178235,0.691225159038493,1.4656494306905825,7.249948250160134,0.1945099740373228,7.055438276122811,-0.0567310344827586,0.0841432306428909,-0.4783,0.1293,0.6076,0.4783,-0.0034,0.2299,-0.3664,-9.042553191489694e-06,1.150000000000002,-1.1188333333333254,1,10,0.0017809018567639,0.0520761130383642,-0.1785,0.1874,0.3659,0.1874,0.0202,0.2639,-0.2536,5.372340425531954e-05,0.5740000000000127,-0.6016666666666686,4,51,0.9923283819628648,0.0813064701684802,0.6544,1.3813,0.7269,1.3813,0.0332,0.5679,-0.6283,8.829787234042555e-05,1.255333333333323,-1.059999999999989,3,0,0.2505994694960212,1.274631436696354,-4.305,6.4138,10.7188,6.4138,1.2688,6.098699999999999,-6.5888,0.0033744680851063,26.964666666666886,-19.964500000000143,3,21,0.0743159151193634,1.541739920826285,-6.3875,6.475,12.8625,6.475,-1.5662,7.594900000000001,-11.06,-0.0041654255319148,25.083166666666074,-28.39383333333265,3,27,0.1668583554376657,0.3140485336364478,-0.9187,1.75,2.6687,1.75,-0.1925,1.7588,-1.5750000000000002,-0.0005119680851063,4.185333333333352,-4.112499999999967,4,0
smooth_accel,12.96,217,1.0025381162037663,1.4690239004182335,0.7738412111021228,0.6951826893161107,2.159204280409769,8.636227836850994,0.186235576622728,8.449992260228266,-0.0778783410138248,0.0739004224980018,-0.2591,0.1074,0.3665,0.2591,0.0656,0.2284,-0.175,0.0003037037037037,0.641833333333328,-0.5258333333333337,2,11,0.0344755760368663,0.0640360792600906,-0.1682,0.2889,0.4570999999999999,0.2889,-0.0166,0.288,-0.3006,-7.68518518518527e-05,0.7706666666666603,-0.7829999999999938,2,34,0.994,0.089677730110534,0.7587,1.4624,0.7036999999999999,1.4624,-0.0574,0.4665999999999999,-0.5156999999999999,-0.0002657407407407,1.271333333333323,-1.1713333333333376,2,0,-0.0611290322580645,1.7114305744987588,-5.8275,4.83,10.6575,5.8275,-0.3762,4.6025,-6.5625,-0.0017416666666666,12.249833333333363,-14.0438333333337,3,19,0.0038723502304147,2.0120151303114797,-6.6937,8.505,15.1987,8.505,-2.5025,15.1987,-5.9761999999999995,-0.0115856481481481,32.447833333333065,-35.116666666666895,2,17,0.2337861751152073,0.3762033528271087,-0.9013,1.5575,2.4588,1.5575,-0.0962,1.5137,-1.4700000000000002,-0.0004453703703703,3.572833333333337,-3.645666666666678,3,0
smooth_accel,8.34,140,0.9953278899009498,1.2999528953004411,0.7574496352893701,0.542503260011071,2.1683342946002533,6.057577089067872,0.1500720826802906,5.907505006387582,-0.0938192857142857,0.0691686000790546,-0.2969,0.0856,0.3825,0.2969,-0.1654999999999999,0.2457,-0.218,-0.0011906474820143,0.6723333333333401,-0.4374999999999994,0,9,0.0004157142857142,0.0698605921905386,-0.2691,0.2219,0.491,0.2691,-0.1293,0.3384,-0.2936999999999999,-0.0009302158273381,0.568166666666659,-0.8288333333333258,3,17,0.9855214285714288,0.1018397519492324,0.7113,1.2988,0.5874999999999999,1.2988,-0.2367,0.3872,-0.4648,-0.0017028776978417,1.0941666666666787,-0.8964999999999952,3,0,0.0311221428571428,1.6581748265503995,-5.18,5.74,10.92,5.74,2.275,6.2912,-7.0963,0.0163669064748201,13.489305555555442,-16.129000000000275,2,8,-0.0902521428571428,1.8579530287124724,-5.2325,5.6525,10.885,5.6525,-1.5663,5.9938,-9.66,-0.011268345323741,14.656166666666651,-11.739499999999984,3,19,0.2586792857142858,0.3727381827465278,-0.9187,1.3825,2.3012,1.3825,-0.5338,1.5488,-1.5137,-0.0038402877697841,4.097833333333313,-2.6833333333333345,1,0
smooth_accel,13.02,218,0.9951771863698772,1.4769684763054358,0.4832807155267009,0.9936877607787348,2.1481626624340913,14.304984301983696,0.1479404609969835,14.157043840986711,-0.0957426605504587,0.0759984905639846,-0.3347,0.1805,0.5152,0.3347,0.1732,0.2397,-0.2561,0.0007981566820276,0.6809999999999943,-0.7210000000000136,1,9,0.0040697247706422,0.0776206680687859,-0.2832,0.3899,0.6731,0.3899,-0.0774,0.5849,-0.4162,-0.0003566820276497,1.501000000000013,-1.391833333333322,2,47,0.984147247706422,0.106669441232486,0.4138,1.4628,1.0490000000000002,1.4628,0.0887999999999998,0.8083000000000001,-0.6549,0.0004092165898617,2.4125000000000476,-1.592666666666653,3,0,0.1625610091743118,1.8676799809983555,-8.2338,6.6325,14.8663,8.2338,-0.6563,9.3976,-9.94,-0.0030244239631336,37.77066666666635,-36.15216666666673,2,19,-0.1080908256880734,2.0923696385972863,-7.175,13.6412,20.8162,13.6412,0.3762,13.8162,-19.5474,0.0017336405529954,31.6311666666664,-23.87283333333295,2,28,0.0400954128440367,0.4576550295384181,-1.3125,2.3625,3.675,2.3625,-0.0525,1.6625,-2.1612,-0.0002419354838709,5.293833333333313,-7.860333333333268,3,0
smooth_accel,9.18,154,1.0229879307641374,1.35871535282413,0.7631288357806957,0.5955865170434343,2.0156546795142,6.203249239713007,0.201701685664746,6.001547554048261,-0.087662987012987,0.0758774889342494,-0.2752,0.1164,0.3916,0.2752,-0.0289999999999999,0.178,-0.2326,-0.0001895424836601,0.467500000000004,-0.6831666666666609,2,4,0.0179318181818181,0.0710715737044669,-0.2243,0.3057,0.53,0.3057,-0.0380999999999999,0.264,-0.3489,-0.0002490196078431,0.9368333333333434,-1.061166666666658,2,19,1.013485064935065,0.0986731176895253,0.7344,1.3522,0.6178,1.3522,0.0932,0.3251999999999999,-0.4169999999999999,0.0006091503267973,1.3045000000000329,-1.0314999999999932,2,0,0.1967701298701298,1.4954292038331694,-3.9025,5.3812,9.2837,5.3812,-2.7737,7.9363,-6.903700000000001,-0.0181287581699346,14.524833333333426,-14.5105,3,11,0.1073824675324675,1.7403688950527338,-6.0113,5.0837,11.095,6.0113,-1.7325000000000002,5.0138,-5.2238,-0.0113235294117647,25.229166666666572,-16.041666666666536,3,14,0.2681844155844156,0.36461528263459,-0.9712,1.47,2.4412,1.47,-0.0962,1.6625,-2.0825,-0.0006287581699346,3.7770000000000064,-4.374999999999964,3,0
smooth_accel,11.22,188,1.0098659302403197,1.5605518703330563,0.6409326719710894,0.9196191983619668,1.8402733939395912,13.808658142267118,0.0811010480820069,13.727557094185112,-0.0948824468085106,0.0712761711790015,-0.275,0.2667,0.5417000000000001,0.275,-0.0332,0.3152999999999999,-0.4212,-0.0001775401069518,0.5863333333333509,-0.5306666666666666,1,5,0.0313143617021276,0.0625641211708369,-0.1383,0.3012,0.4395,0.3012,-0.0312999999999999,0.3825,-0.3414,-0.0001673796791443,0.6238333333333281,-0.5942916666666618,3,16,1.0003792553191488,0.0900666387011812,0.6381,1.5154,0.8773000000000001,1.5154,-0.0202999999999999,0.5499999999999999,-0.8069000000000001,-0.0001085561497326,1.5341666666666571,-1.774499999999979,2,0,0.1443281914893616,1.9652301062975592,-13.79,5.8538,19.6438,13.79,3.1937,9.1087,-14.489999999999998,0.0170786096256684,25.81249999999979,-33.43966666666722,2,16,0.1514978723404255,1.4961158146696196,-4.6988,5.4163,10.1151,5.4163,1.19,6.387600000000001,-5.67,0.0063636363636363,25.435972222222013,-22.44399999999994,2,15,0.3170005319148936,0.3914604700673926,-0.98,2.03,3.01,2.03,-0.8138000000000001,1.5225,-1.4699,-0.004351871657754,3.7769999999999726,-3.675000000000029,2,0
smooth_accel,11.28,189,0.9987305614914328,1.3204015184783755,0.7164935798735395,0.6039079386048363,2.101508175993557,9.022975320258835,0.2934854170142019,8.729489903244634,-0.0843915343915344,0.0861361912240758,-0.3233,0.1059,0.4291999999999999,0.3233,0.053,0.2647,-0.2176,0.000281914893617,0.6786111111111256,-0.5919999999999952,1,12,-0.0099386243386243,0.0844832864007799,-0.3128,0.3387,0.6515,0.3387,0.1621,0.6515,-0.3669,0.0008622340425531,0.8836666666666595,-0.8756666666666677,2,52,0.9872396825396824,0.1117645452569571,0.6532,1.3156,0.6624000000000001,1.3156,0.0456999999999999,0.5576,-0.5151000000000001,0.0002430851063829,1.4059999999999917,-0.9481666666666806,2,0,0.1372248677248677,1.6962803564337434,-6.9212,7.9975,14.9187,7.9975,-4.6899999999999995,12.5825,-9.8438,-0.0249468085106382,28.024166666667263,-15.03533333333321,3,17,0.1115756613756613,1.8789345988471515,-5.6,8.8725,14.4725,8.8725,1.3037999999999998,8.925,-9.4762,0.0069351063829787,18.462499999999885,-18.331333333333184,3,22,0.2451343915343915,0.325972131579143,-0.665,1.4612,2.1262,1.4612,0.4638,1.2688,-1.2862,0.0024670212765957,2.945833333333309,-4.141666666666672,3,0
smooth_accel,9.42,158,1.0069853911923112,1.4524325664208992,0.5331232033967382,0.919309363024161,2.555456524250768,11.12924329188647,0.2019899502450555,10.927253341641414,-0.0766601265822784,0.087507571239223,-0.2732,0.2847,0.5579000000000001,0.2847,-0.031,0.3035,-0.4205,-0.0001974522292993,1.0109999999999864,-0.7694999999999887,1,12,0.0005170886075949,0.0949878719667367,-0.3211,0.2766,0.5977,0.3211,-0.0114999999999999,0.5977,-0.4293,-7.32484076433134e-05,0.7831666666666703,-0.7988333333333194,3,46,0.9952854430379748,0.1202226193126254,0.5055,1.4486,0.9431000000000002,1.4486,-0.0528999999999999,0.5478000000000001,-0.4924,-0.0003369426751592,1.3323333333333576,-2.1156666666666526,2,0,0.0352221518987342,1.9618824605781056,-5.5388,6.6675,12.2063,6.6675,0.0611999999999999,8.4351,-6.4226,0.0003898089171973,22.06449999999996,-16.362500000000107,3,22,-0.0862316455696203,2.235583847424379,-9.9575,5.6525,15.61,9.9575,2.6775,8.05,-15.61,0.0170541401273885,21.466500000000057,-20.985166666666604,2,26,0.2243462025316455,0.5481301574514765,-1.295,2.485,3.78,2.485,0.6912,2.17,-1.6713,0.0044025477707006,5.381499999999956,-4.797833333333341,2,0
smooth_accel,12.18,204,0.998526963850142,1.2086495521862406,0.7092820384022142,0.4993675137840264,1.8901178890936792,8.729481893560465,0.1622883236711748,8.56719356988929,-0.0867803921568627,0.0761867966777892,-0.2725,0.0849,0.3574,0.2725,0.0871,0.203,-0.189,0.0004290640394088,0.5401666666666651,-0.3978333333333325,1,3,0.019613725490196,0.0577112031012372,-0.1972,0.2264,0.4236,0.2264,0.0095999999999999,0.3687,-0.2363,4.729064039409016e-05,0.7035000000000106,-0.5823333333333284,2,24,0.9896828431372549,0.084380022089576,0.6801,1.2033,0.5232,1.2033,0.0455999999999999,0.4381,-0.3191000000000001,0.0002246305418719,1.1240277777777676,-0.995166666666658,2,0,0.2034392156862745,1.7366399960535797,-6.055,7.4812,13.5362,7.4812,1.3826,7.8925,-7.8137,0.0068108374384236,27.11050000000001,-29.23933333333329,3,17,0.0144911764705881,1.714450155210144,-6.7725,6.7463,13.5188,6.7725,-1.4263,8.5138,-7.84,-0.0070261083743842,23.82916666666675,-23.04166666666655,3,15,-0.0033401960784313,0.4591545789185089,-1.4088,1.8375,3.2462999999999997,1.8375,-0.0438,1.6625,-1.365,-0.000215763546798,6.270833333333324,-6.971000000000094,2,0
smooth_accel,9.96,167,1.000171680334395,1.240854649022197,0.7319798426186339,0.5088748064035631,1.723562776202342,7.034352302806563,0.1739305033626937,6.860421799443869,-0.0777604790419161,0.0778686149855584,-0.244,0.0707,0.3147,0.244,0.0321,0.1673,-0.1982,0.0001933734939759,0.603166666666668,-0.4328333333333297,1,4,0.0181748502994011,0.0574328090593987,-0.1691,0.2155,0.3846,0.2155,0.0567999999999999,0.2475,-0.2222,0.0003421686746987,0.5601666666666665,-0.4816666666666683,2,24,0.9920101796407184,0.0901035833867008,0.7138,1.2376,0.5238,1.2376,-0.0949000000000001,0.3173,-0.4440999999999999,-0.0005716867469879,0.892666666666674,-1.3488888888888773,3,0,-0.0309622754491018,1.3929472714493412,-6.2387,4.585,10.8237,6.2387,-2.0911999999999997,3.7275,-4.4013,-0.0125975903614457,18.22902777777762,-17.018833333333312,2,5,0.192340119760479,1.402045688892539,-3.2462,6.9212,10.1674,6.9212,-1.2424,6.6499,-7.875,-0.0074843373493975,16.66899999999998,-14.36450000000004,3,12,0.2507113772455089,0.3164842374915722,-0.6562,1.2775,1.9337,1.2775,-0.1488,1.1113,-1.3124,-0.0008963855421686,2.945833333333345,-3.120833333333315,3,0
smooth_accel,8.7,146,1.0143745246310043,1.3751938117952685,0.6817811525702364,0.693412659225032,2.0017932311681124,6.125172391043374,0.3444853117333161,5.7806870793100575,-0.0856397260273972,0.0862305710086402,-0.2608,0.2264,0.4871999999999999,0.2608,-0.2567,0.3495999999999999,-0.305,-0.0017703448275862,0.7453333333333334,-0.6153333333333346,1,15,0.0237082191780821,0.0724555440460818,-0.15,0.274,0.424,0.274,0.0283,0.2852,-0.3603,0.0001951724137931,0.6128333333333327,-0.6233333333333313,1,32,1.003922602739726,0.1012833688022749,0.6584,1.3535,0.6950999999999999,1.3535,-0.3527000000000001,0.4964999999999999,-0.5171,-0.0024324137931034,0.8713333333333368,-1.41250000000003,1,0,0.1284308219178082,1.586723423417821,-4.1475,4.445,8.592500000000001,4.445,2.2662,6.133800000000001,-6.8073999999999995,0.0156289655172413,16.421000000000024,-13.110333333333124,2,14,0.0402150684931506,1.5871694238635132,-5.9763,5.075,11.0513,5.9763,-0.1137999999999999,7.227600000000001,-5.713699999999999,-0.0007848275862068,9.960499999999865,-13.355972222222508,3,8,0.2341520547945205,0.4193833067269916,-1.0063,1.2513,2.2576,1.2513,-1.575,1.3388,-1.8288,-0.0108620689655172,3.63133333333333,-3.4708333333333297,2,0
smooth_accel,20.04,335,1.0050522085717606,1.3789039451680454,0.6935680355956436,0.6853359095724018,1.920212626424556,8.908978045769334,0.1781000561482224,8.730877989621112,-0.0496441791044776,0.0782282451660794,-0.3157,0.1879,0.5036,0.3157,0.0414,0.303,-0.2485,0.0001239520958083,0.883333333333326,-0.7531666666666679,3,11,0.0230032835820895,0.0644143470273374,-0.1832,0.3709,0.5541,0.3709,-0.0471,0.3367,-0.4709,-0.0001410179640718,0.6501666666666643,-0.8541666666666854,3,68,0.9982194029850746,0.1018641264191644,0.6242,1.3728,0.7486,1.3728,0.0573999999999998,0.4246000000000001,-0.4401999999999999,0.0001718562874251,1.165666666666656,-1.454499999999995,3,0,0.1518585074626865,1.718804805404499,-6.37,7.0788,13.4488,7.0788,2.1962,7.3849,-7.805,0.0065754491017964,22.42916666666655,-19.206166666666668,3,24,0.21982,1.716554383613928,-7.6213,5.8538,13.4751,7.6213,-1.7674999999999998,9.94,-7.8313,-0.0052919161676646,20.54799999999935,-19.074833333333338,5,29,0.1162086567164179,0.4031300235444152,-1.33,1.7325,3.0625,1.7325,0.5426000000000001,1.6713,-1.435,0.0016245508982035,4.856333333333293,-4.695833333333295,4,0
smooth_accel,8.52,143,1.0055117714651205,1.1211382341174525,0.9313791977492304,0.1897590363682221,2.7657015399509692,13.79486781161748,0.1615547585185902,13.633313053098888,-0.0498972027972027,0.0651402494990356,-0.1855,0.0952,0.2807,0.1855,-0.0042,0.0783,-0.0683,-2.957746478873236e-05,0.4501388888888985,-0.4359722222222222,0,2,0.0040020979020979,0.0388077737757136,-0.1937,0.1286,0.3223,0.1937,0.1354,0.1952,-0.1785,0.0009535211267605,0.3423611111111184,-0.3599999999999992,0,1,1.0014265734265737,0.0266661360156827,0.9148,1.1193,0.2045,1.1193,0.0478999999999999,0.1422999999999999,-0.1110999999999998,0.0003373239436619,0.3386666666666666,-0.2843333333333326,2,0,0.5913300699300699,0.9751932643439588,-3.2287,4.06,7.2887,4.06,0.2013,2.275,-3.1325,0.0014176056338028,17.864666666666636,-13.256166666666635,1,1,-0.2423090909090909,0.6425542023401156,-2.5812,1.1287,3.7099,2.5812,-2.1613,2.5463,-3.045,-0.0152204225352112,8.078999999999997,-4.739833333333348,2,0,-2.1427685314685316,4.327423046653399,-13.58,0.9712,14.5512,13.58,-13.3088,0.7524,-1.5924999999999998,-0.0937239436619718,1.9541666666666675,-14.626999999999978,0,0
smooth_accel,9.06,152,1.020169155217731,1.3132603930675744,0.8049770058827767,0.5082833871847977,2.0891208232662177,7.450582611447241,0.2476261092857536,7.202956502161488,-0.094766447368421,0.063690829123568,-0.2279,0.1403,0.3681999999999999,0.2279,0.0071999999999999,0.1529,-0.1401,4.768211920529754e-05,0.4390000000000016,-0.3863333333333328,1,2,0.0278631578947368,0.0495796725653116,-0.0859,0.2109,0.2968,0.2109,-0.0065999999999999,0.1667,-0.1905,-4.370860927152259e-05,0.5143333333333291,-0.4106666666666646,2,12,1.0120651315789473,0.0836285996739529,0.7935,1.2886,0.4951,1.2886,0.1756999999999999,0.4425,-0.3494,0.0011635761589403,1.294027777777766,-0.767000000000003,2,0,0.7596960526315788,1.3027266523383914,-3.325,4.76,8.085,4.76,-3.2725,5.1188,-7.2887,-0.0216721854304635,14.495833333333564,-18.204583333333183,2,8,-0.1808157894736842,1.8167888382515451,-7.35,5.3463,12.6963,7.35,1.4787,6.1512,-9.24,0.009792715231788,28.087666666666426,-24.45633333333313,2,20,-0.2348723684210526,0.4842976171868869,-1.6363,0.7175,2.3538,1.6363,-0.2188,1.1375000000000002,-1.1287,-0.0014490066225165,3.7916666666666865,-4.054166666666668,2,0
smooth_accel,12.84,215,0.9961913289268644,1.301183776412848,0.6438306376680129,0.6573531387448351,2.302051569560128,5.886196809485731,0.2876737561891943,5.598523053296536,-0.0803558139534883,0.0798221027360146,-0.3145,0.1101,0.4246,0.3145,-0.0121,0.221,-0.2062999999999999,-5.654205607476584e-05,0.53444444444444,-0.450833333333333,1,12,0.0208944186046511,0.0624331917063862,-0.2157,0.1859,0.4016,0.2157,0.0819,0.3001,-0.3004,0.0003827102803738,0.5471666666666621,-0.6113333333333378,4,30,0.9871874418604654,0.1100448713937221,0.641,1.2976,0.6566000000000001,1.2976,0.0337,0.5907,-0.5977,0.000157476635514,1.3990277777777684,-0.8011666666666812,2,0,0.2410158139534883,1.63572115235251,-5.2413,5.0312,10.2725,5.2413,-3.3775,6.9738,-7.6301,-0.0157827102803738,15.939666666666533,-19.847999999999836,3,17,0.0536809302325581,1.840324341578065,-5.1013,5.6438,10.7451,5.6438,3.0012999999999996,8.75,-7.069999999999999,0.0140247663551401,19.526833333333173,-17.45616666666677,3,30,0.344053488372093,0.8812365144852281,-1.1113,5.5388,6.6501,5.5388,-5.3375,1.3212,-1.4175,-0.0249415887850467,4.593833333333295,-8.064666666666664,1,0
smooth_accel,19.14,320,1.0069840641497352,1.2753874117302553,0.6415992908350195,0.6337881208952357,3.920098153658985,19.112306614587364,0.2813607648553721,18.830945849731993,-0.0659599999999999,0.0701802731975411,-0.2281,0.1381,0.3661999999999999,0.2281,-0.1152,0.3096,-0.1713,-0.0003611285266457,0.9155555555555208,-0.2799999999999978,2,9,0.02411,0.0452064018824753,-0.1096,0.164,0.2736,0.164,-0.1239,0.1858,-0.2736,-0.0003884012539184,0.4253333333333424,-0.4190416666666756,4,29,1.0009246875,0.0725392695500946,0.6257,1.2731,0.6473999999999999,1.2731,-0.1354999999999999,0.4509000000000001,-0.3812999999999998,-0.0004247648902821,1.018833333333327,-0.8894999999999733,5,0,0.7138393749999999,1.229568982492675,-4.3225,4.3225,8.645,4.3225,-4.025,6.7462,-7.8312,-0.0126175548589341,12.76050000000021,-29.56777777777666,4,9,-0.1382775,1.4676852706640269,-4.41,6.3875,10.7975,6.3875,0.8924999999999998,7.77,-5.9063,0.0027978056426332,23.712499999999665,-17.68950000000002,3,18,2.4953103125,5.395124027387736,-2.1,18.9088,21.0088,18.9088,-19.1101,2.6863,-1.715,-0.0599062695924764,7.887083333333035,-17.42716666666672,0,1
smooth_accel,12.78,214,1.0205457660437949,1.3835469851074809,0.73724978806372,0.6462971970437609,2.4145945028334355,8.986737328975405,0.2277008783470103,8.759036450628395,-0.0724065420560747,0.0826129311241615,-0.2338,0.1668,0.4006,0.2338,0.0438999999999999,0.3042,-0.2252,0.0002061032863849,0.9254999999999924,-0.3994999999999971,2,12,0.0353271028037383,0.0694944562521559,-0.2386,0.2542,0.4928,0.2542,0.0040999999999999,0.3802999999999999,-0.453,1.924882629107919e-05,0.4793333333333317,-0.4716666666666544,3,33,1.0113387850467288,0.1118056233328431,0.711,1.3776,0.6666,1.3776,-0.1436,0.4830000000000001,-0.4239,-0.0006741784037558,1.168666666666658,-0.9824999999999876,3,0,0.2365336448598131,1.837630723193632,-5.9938,6.6325,12.6263,6.6325,-0.1138,6.4399,-7.805,-0.0005342723004694,18.17066666666676,-22.86650000000015,2,15,0.2710841121495326,2.114548704363811,-4.655,7.14,11.795,7.14,-2.03,6.4225,-9.5025,-0.0095305164319248,22.7791666666666,-29.152000000000204,3,27,0.1521855140186916,0.4904881736337963,-1.47,1.6013,3.0713,1.6013,-0.5424,1.4612,-1.715,-0.0025464788732394,5.060499999999997,-3.966499999999967,2,0
smooth_accel,11.46,192,1.0083677015605634,1.3130341084678645,0.4574009510265583,0.8556331574413062,2.388344114665391,10.083043247452624,0.2557173830618481,9.827325864390778,-0.0777249999999999,0.0727349804578165,-0.2562,0.1074,0.3636,0.2562,0.0366,0.1694,-0.1565,0.0001916230366492,0.599166666666666,-0.3251666666666631,1,9,0.0072911458333333,0.07259276697083,-0.1808,0.3199,0.5007,0.3199,-0.0016999999999999,0.3382,-0.3357,-8.900523560208589e-06,0.4836666666666627,-0.6306666666666844,3,41,0.9996552083333334,0.1185339965988432,0.4429,1.3024,0.8594999999999999,1.3024,0.1059000000000001,0.5996999999999999,-0.706,0.0005544502617801,1.1953333333333314,-1.417500000000028,3,0,0.6875125,1.7638081111127777,-4.8562,7.1137,11.9699,7.1137,2.5025,8.3475,-8.9775,0.0131020942408377,17.981333333333186,-21.02900000000029,3,16,-0.3277145833333333,2.04794373498664,-9.065,5.8187,14.8837,9.065,0.6386999999999998,9.4675,-7.805,0.0033439790575916,32.06866666666712,-20.81033333333316,3,24,-0.2082239583333333,0.4067181296851863,-1.5838,0.8838,2.4676,1.5838,0.4637,2.2663,-1.435,0.0024277486910994,4.928999999999997,-3.7478333333333023,2,0
smooth_accel,14.4,241,1.0089249837181815,1.3953837214185925,0.69592644007826,0.6994572813403325,3.8710921587138354,22.13914881222853,0.2674418254499471,21.871706986778584,-0.0608659751037344,0.0773701875454366,-0.2174,0.1395,0.3569,0.2174,-0.0387,0.2354,-0.1716,-0.00016125,0.5180000000000037,-0.529666666666669,0,10,0.0245443983402489,0.0691389402742091,-0.294,0.2865,0.5805,0.294,0.1252,0.5805,-0.3618,0.0005216666666666,0.5705,-0.5751666666666638,4,33,1.001363070539419,0.0978778260836735,0.6856,1.3908,0.7052,1.3908,-0.0778999999999998,0.4642999999999999,-0.4379999999999999,-0.0003245833333333,1.231166666666656,-1.1191666666666586,3,0,0.5951460580912863,1.7798472231003837,-4.5062,7.2712,11.7774,7.2712,-3.6575,6.405,-11.6375,-0.0152395833333333,19.454166666666655,-23.478999999999807,3,15,-0.2569838174273858,1.837040327931144,-9.5288,5.53,15.058800000000002,9.5288,-1.8549,9.8438,-9.6863,-0.00772875,18.666666666666416,-20.03958333333317,4,21,1.4116526970954355,5.394737425206141,-2.4588,22.1375,24.5963,22.1375,-20.3788,1.6537,-2.0036999999999985,-0.0849116666666666,4.666666666666696,-23.02683333333333,0,1
smooth_accel,8.58,144,0.9950001855183722,1.3826742711137716,0.6132872899384105,0.7693869811753611,3.179065967111154,9.96424859184073,0.2792129653150082,9.685035626525725,-0.0256381944444444,0.0804051932676582,-0.3872,0.1657,0.5529,0.3872,0.1163,0.4658,-0.3608,0.0008132867132867,0.7556666666666696,-0.7746666666666646,1,34,0.0030923611111111,0.0913542563377838,-0.2277,0.2134,0.4411,0.2277,0.1876,0.3757,-0.357,0.0013118881118881,0.8631666666666675,-0.9914999999999988,2,43,0.9868944444444444,0.1496756823902597,0.6124,1.3759,0.7634999999999998,1.3759,0.2040999999999999,0.5339999999999999,-0.5768,0.0014272727272727,1.4333333333333318,-1.2074999999999907,2,0,0.191225,2.276834080717978,-5.3637,7.9887,13.3524,7.9887,-6.2388,10.185,-11.6112,-0.0436279720279719,17.981333333333314,-21.4666666666667,2,25,0.5349666666666667,2.711258374291877,-4.3225,8.6362,12.9587,8.6362,-1.855,7.945,-12.3463,-0.0129720279720279,31.733499999999992,-26.00233333333336,2,29,0.1658847222222222,0.5532816692239343,-1.155,1.995,3.1500000000000004,1.995,-0.0436999999999999,2.03,-2.4149,-0.0003055944055943,5.206166666666661,-4.943666666666667,2,0
smooth_accel,3.18,54,1.0085704977190548,1.276154265753165,0.8113488214079072,0.4648054443452578,1.8534088856187552,5.959800091446021,0.1110290052193569,5.848771086226664,-0.0713685185185185,0.0828337134538604,-0.222,0.1035,0.3255,0.222,-0.0819999999999999,0.1374,-0.1757,-0.0015471698113207,0.705166666666666,-0.3981666666666664,0,2,0.0157074074074074,0.0565420626591868,-0.0981,0.2647,0.3628,0.2647,0.0436,0.3164,-0.3184,0.0008226415094339,0.2516666666666667,-0.2263888888888886,1,8,1.0010296296296295,0.0827997507735507,0.8101,1.2751,0.4649999999999998,1.2751,-0.0847000000000001,0.2549,-0.2071,-0.0015981132075471,0.6988888888888871,-0.7593333333333332,1,0,0.0356481481481481,1.2053876257055458,-2.52,2.415,4.9350000000000005,2.52,3.6662,4.471299999999999,-4.4013,0.0691735849056603,8.312499999999991,-9.595833333333324,1,5,0.0361407407407407,1.5001127661409537,-5.145,2.9925,8.1375,5.145,3.0625,7.7875,-6.895,0.0577830188679244,11.82472222222221,-12.13333333333332,1,4,-0.7236555555555557,0.8534864066224536,-2.5638,0.4725,3.0363,2.5638,-1.2163,0.8400000000000001,-0.9625,-0.0229490566037735,3.208333333333332,-5.395833333333328,0,0
smooth_accel,5.46,92,1.0016696138014682,1.1546541300320197,0.8776574844436752,0.2769966455883444,11.087630218818202,26.364022708608033,0.3213859673352276,26.042636741272805,-0.0814054347826087,0.0619774371637881,-0.1647,0.0823,0.247,0.1647,-0.033,0.0949,-0.0707,-0.0003626373626373,0.4656666666666672,-0.2781666666666664,1,2,0.0108586956521739,0.0725515506793086,-0.1657,0.1254,0.2911,0.1657,-0.1042,0.0991,-0.1232999999999999,-0.0011450549450549,0.3116666666666689,-0.3406666666666683,1,1,0.993754347826087,0.0379924700840374,0.8733,1.1486,0.2753000000000001,1.1486,-0.0251,0.2648,-0.1804000000000001,-0.0002758241758241,0.4886111111111141,-0.3606666666666722,2,0,0.0250152173913043,1.0710913975771108,-3.5175,2.7125,6.23,3.5175,-2.0037,2.0913,-3.325,-0.0220186813186813,14.248000000000054,-10.383333333333336,2,3,0.1575989130434782,0.9797513596326888,-2.52,2.17,4.6899999999999995,2.52,-1.2687000000000002,2.5288,-3.8763,-0.0139417582417582,7.816666666666674,-7.976999999999958,2,1,10.857793478260872,8.797836361497824,-0.3938,26.1187,26.5125,26.1187,9.3275,1.8111999999999997,-1.1900000000000013,0.1024999999999999,18.94399999999996,-14.145833333333336,0,0
smooth_accel,11.28,189,1.0008846216408642,1.2790348001520522,0.6649738942244274,0.6140609059276247,2.242963878121865,6.915689137750482,0.2161778897112283,6.699511248039253,-0.0777804232804232,0.0774155448395127,-0.2601,0.094,0.3540999999999999,0.2601,-0.1053,0.1828999999999999,-0.2579,-0.0005601063829787,0.5603333333333287,-0.6071666666666653,0,13,0.0366941798941799,0.0633499921744224,-0.1645,0.217,0.3815,0.217,-0.0058,0.2524,-0.2726,-3.085106382978738e-05,0.5253333333333352,-0.6766666666666613,3,22,0.9919148148148148,0.1037601002137869,0.619,1.27,0.651,1.27,-0.1834,0.3445,-0.3731,-0.0009755319148936,1.2388333333333297,-1.237833333333331,3,0,0.2093507936507936,1.7022646462942543,-5.0312,6.6937,11.7249,6.6937,1.6800000000000002,11.095,-8.33,0.0089361702127659,19.97916666666653,-15.429000000000013,3,16,0.0724058201058201,1.9949325367513937,-5.5738,6.5012,12.075,6.5012,1.4613,7.91,-8.2426,0.0077728723404255,18.929333333333545,-21.072833333333527,1,26,0.1614804232804233,0.4482325019876602,-0.7175,1.6013,2.3188,1.6013,0.3062,1.3562,-2.1263,0.0016287234042553,4.6376666666667745,-4.127166666666632,3,0
smooth_decel,5.4,91,1.007852411594372,1.5534588794042794,0.6436401945186456,0.9098186848856338,2.930768863195258,9.889671863616105,0.6120358976399995,9.277635965976105,0.068921978021978,0.0705917540072616,-0.0796,0.2968,0.3764,0.2968,-0.0358,0.2321,-0.311,-0.0003977777777777,0.7738333333333346,-0.6348611111111058,1,2,0.0460813186813186,0.0791360500967064,-0.1206,0.3262,0.4468,0.3262,0.1043,0.3094,-0.303,0.0011588888888888,0.5784999999999995,-0.6064999999999994,1,15,0.9993648351648352,0.1249026264056448,0.6401,1.5351,0.8949999999999999,1.5351,-0.2960999999999999,0.4512999999999999,-0.5730000000000001,-0.0032899999999999,1.0426666666666664,-1.200499999999982,2,0,-0.2597164835164834,2.3404430678951815,-9.0212,5.0312,14.0524,9.0212,-3.85,7.7963,-9.4762,-0.0427777777777778,22.458166666666735,-20.94166666666657,2,14,0.2181703296703296,2.5601122906576887,-5.5825,9.8612,15.4437,9.8612,-1.8025,9.0651,-8.225,-0.0200277777777777,33.191666666666634,-38.8498333333333,2,11,0.0984692307692307,0.479041167725769,-0.9625,1.5488,2.5113,1.5488,0.595,2.0213,-2.2487,0.0066111111111111,5.663333333333286,-3.0478333333333474,1,0
smooth_decel,7.86,132,0.9982706963456862,1.2734593083408674,0.796109722337317,0.4773495860035504,1.6788033274171452,5.964625407349567,0.0883805974182116,5.876244809931356,0.043365909090909,0.043245928775502,-0.0669,0.1983,0.2652,0.1983,-0.0612999999999999,0.2024,-0.209,-0.0004679389312977,0.7925000000000001,-0.2786666666666664,3,2,0.0093363636363636,0.0557387982416557,-0.1047,0.2711,0.3758,0.2711,-0.0069999999999999,0.3302,-0.224,-5.343511450381748e-05,0.5856666666666667,-0.421,3,22,0.9949189393939392,0.0710011742001343,0.7878,1.2576,0.4698000000000001,1.2576,-0.1756999999999999,0.2847,-0.3558,-0.0013412213740458,0.793333333333333,-0.551333333333333,2,0,0.0272431818181818,1.3140668100408242,-2.9838,4.55,7.533799999999999,4.55,1.3388,4.6025,-6.0812,0.0102198473282443,12.468833333333432,-12.118666666666682,2,7,0.2163598484848485,1.335494642265774,-2.5812,4.97,7.5512,4.97,0.0348999999999999,3.8937,-5.7488,0.0002664122137404,11.477166666666692,-16.873166666666698,2,5,0.2058295454545454,0.3364176384213723,-0.945,1.1375,2.0825,1.1375,0.42,1.3037,-1.0063,0.003206106870229,3.8937222222222223,-4.520833333333329,2,0
smooth_decel,3.78,64,1.0092028007163552,1.3045058451383038,0.7166359884906702,0.5878698566476336,2.7180951776923137,7.411399556089255,0.3287439277005736,7.0826556283886815,0.0743921875,0.0664301741171444,-0.0917,0.1974,0.2891,0.1974,-0.0788,0.2864,-0.1835,-0.0012507936507936,0.6458333333333339,-0.5128333333333329,1,4,0.012684375,0.087892557459355,-0.2394,0.2294,0.4688,0.2394,0.0703,0.3155,-0.2603,0.001115873015873,0.7875000000000001,-0.6814999999999998,1,14,1.0007484375,0.1271227028693987,0.7113,1.3022,0.5909,1.3022,-0.2706,0.4107,-0.3414999999999999,-0.004295238095238,1.0215000000000032,-1.0788333333333329,1,0,0.1732296875,2.2030163424218348,-5.9587,4.8738,10.8325,5.9587,0.4024999999999998,5.6175,-8.5225,0.0063888888888888,12.351999999999988,-21.087500000000013,1,9,-0.3292171874999999,2.2099841749454736,-7.2188,5.1975,12.4163,7.2188,1.8725,7.1925,-8.015,0.0297222222222221,21.189499999999985,-23.450166666666743,1,12,0.2369296874999999,0.4386336551045496,-0.7788,1.2425,2.0213,1.2425,-0.3762999999999999,1.1463,-1.3037999999999998,-0.0059730158730158,2.814666666666664,-3.74783333333333,1,0
smooth_decel,14.16,237,0.9993068641658948,1.3151170480227226,0.732007827826998,0.5831092201957245,11.395254420843928,32.153270066044605,0.4957846104912898,31.657485455553317,0.0671130801687763,0.0579374797991106,-0.088,0.244,0.3319999999999999,0.244,0.0246,0.2105,-0.2648,0.0001042372881355,0.609791666666667,-0.654833333333336,4,10,-0.0068400843881856,0.0797928836191802,-0.2306,0.2054,0.436,0.2306,0.0222,0.2522,-0.2776,9.406779661016904e-05,0.5703333333333287,-0.7827777777777779,3,32,0.992250210970464,0.0726811795892219,0.7261,1.2934,0.5673000000000001,1.2934,0.1810999999999999,0.3259999999999999,-0.2730000000000001,0.0007673728813559,1.1081666666666674,-0.730833333333333,4,0,0.2388341772151898,2.572074821852647,-7.42,8.6625,16.0825,8.6625,0.0876,7.245100000000001,-6.4138,0.0003711864406779,28.335499999999964,-27.168833333333367,2,20,0.4310742616033755,1.945694623200152,-6.5975,7.2537,13.8512,7.2537,7.5162,6.3175,-5.5825,0.0318483050847457,32.27279166666666,-26.10400000000001,4,20,7.537808438818564,12.915455874652585,-9.6337,31.3425,40.9762,31.3425,-2.0387,2.4412000000000003,-2.24,-0.0086385593220338,19.38133333333346,-20.125166666666793,1,1
smooth_decel,2.76,47,0.9975364029942544,1.057125555456872,0.9304149773085126,0.1267105781483595,2.164085583942063,9.708737694983832,0.5481867291352465,9.160550965848588,0.0729127659574468,0.0447966983304975,-0.0278,0.146,0.1737999999999999,0.146,-0.0099999999999999,0.0657,-0.0537,-0.0002173913043478,0.292,-0.3904999999999995,1,0,0.0396531914893617,0.023622859701199,-0.0361,0.081,0.1171,0.081,0.0579999999999999,0.0558,-0.0687,0.0012608695652173,0.2259999999999999,-0.1956666666666666,1,0,0.9928531914893618,0.0280057824080781,0.9273,1.0494,0.1221000000000001,1.0494,-0.0095,0.1037999999999998,-0.0864999999999999,-0.0002065217391304,0.2596666666666696,-0.2450000000000045,1,0,0.3187170212765957,0.6421703235798011,-1.0588,1.7062,2.7649999999999997,1.7062,0.3674999999999999,1.2338,-2.1437999999999997,0.0079891304347826,8.137666666666666,-5.993833333333328,1,0,-0.142604255319149,0.8001951807982869,-2.0125,1.7587,3.7712,2.0125,2.0737,1.7500000000000002,-1.1112,0.0450804347826086,7.539666666666678,-4.491666666666669,1,0,1.7084765957446812,2.126428552067769,-0.455,9.6687,10.1237,9.6687,-10.1237,0.3936999999999999,-1.5574999999999992,-0.2200804347826086,0.8604999999999992,-16.87283333333334,0,0
smooth_decel,14.34,240,0.9959967565749492,1.0777667372859492,0.9221706403914623,0.1555960968944867,1.241768343246012,10.139237246459912,0.1945099740373228,9.94472727242259,0.03165375,0.0286709565862221,-0.0247,0.1198,0.1445,0.1198,0.024,0.0693,-0.0603999999999999,0.0001004184100418,0.2358333333333333,-0.2088333333333331,1,0,0.0133395833333333,0.0216991808994834,-0.0448,0.108,0.1528,0.108,-0.0313,0.0973,-0.129,-0.0001309623430962,0.2966666666666671,-0.3844999999999994,2,0,0.9947666666666668,0.0143098896857136,0.9218,1.0707,0.1489,1.0707,0.0129,0.08,-0.0855999999999999,5.3974895397489635e-05,0.1913333333333327,-0.1923333333333321,3,0,0.1448583333333333,0.7491170840533818,-3.4388,2.7738,6.2126,3.4388,-0.8750000000000001,2.2137,-3.0887,-0.0036610878661087,16.872999999999987,-18.593833333333325,2,2,0.0880099999999999,0.4531191734399595,-2.2662,1.9338,4.2,2.2662,0.6825,2.275,-2.0913,0.0028556485355648,7.058499999999993,-8.326999999999993,2,0,-0.5195241666666668,2.0912159539626916,-10.0712,0.98,11.0512,10.0712,10.2637,1.3563,-0.8663000000000001,0.0429443514644351,8.224666666666664,-3.3686666666666687,0,0
smooth_decel,6.66,112,1.0053223851127646,1.2732273520467583,0.7707665405296211,0.5024608115171372,2.1652248067488484,5.7456101016341155,0.1000653286608303,5.6455447729732855,0.0562196428571428,0.0503257834071857,-0.1154,0.1713,0.2867,0.1713,0.0319999999999999,0.1747,-0.1535,0.0002882882882882,0.6227777777777778,-0.4046666666666665,2,3,0.0215258928571428,0.0758673234334874,-0.1169,0.2605,0.3774,0.2605,0.0571,0.2794,-0.2811,0.0005144144144144,0.7229166666666667,-0.6588333333333339,2,25,0.9996464285714284,0.0900272500573895,0.7691,1.2607,0.4915999999999999,1.2607,-0.1216999999999999,0.2829999999999999,-0.3397,-0.0010963963963963,0.8651388888888871,-0.9868055555555468,2,0,0.4279696428571428,1.8635967659118184,-4.4625,5.67,10.1325,5.67,-1.0062,9.345,-8.942499999999999,-0.0090648648648648,16.931333333333384,-15.166666666666677,2,13,0.0953089285714286,1.5618786986475397,-4.515,3.99,8.504999999999999,4.515,-1.4524,5.678800000000001,-5.88,-0.0130846846846846,16.1876666666667,-17.237333333333368,2,10,0.1178116071428571,0.3908004651452633,-0.8487,1.1988,2.0475000000000003,1.1988,-0.5162,1.1375,-1.3038,-0.0046504504504504,3.821000000000039,-3.5436666666666508,2,0
smooth_decel,2.28,39,1.0155335322020425,1.2206105357565942,0.8497157524725548,0.3708947832840393,2.753746350090171,7.7972467095764,1.1310484383968706,6.666198271179529,0.0438051282051282,0.0589142997060268,-0.1003,0.1498,0.2501,0.1498,-0.1649,0.1483,-0.1676,-0.0043394736842105,0.5484722222222222,-0.4190416666666663,1,3,-0.0194205128205128,0.0731588580796581,-0.1398,0.1301,0.2699,0.1398,0.1039,0.245,-0.1828,0.0027342105263157,0.6256666666666668,-0.5606666666666669,1,12,1.0101564102564102,0.0911030584583132,0.8379,1.2196,0.3817,1.2196,-0.1056,0.2542999999999999,-0.2493,-0.002778947368421,0.4876666666666658,-0.6951666666666689,1,0,0.7280487179487181,1.9203530324932987,-2.4675,7.14,9.6075,7.14,1.8899999999999997,5.5213,-8.6888,0.049736842105263,13.5748611111112,-12.906166666666651,1,4,0.1812846153846153,2.144564880850691,-4.4887,4.8738,9.3625,4.8738,-2.8523999999999994,4.7776,-3.78,-0.0750631578947368,18.47733333333337,-14.991833333333345,1,6,0.6631974358974361,0.5334881419720886,-0.5688,1.5662,2.135,1.5662,-0.8574999999999999,1.295,-0.8663,-0.0225657894736842,4.039500000000002,-3.9375000000000018,1,0
smooth_decel,32.64,86,1.0065691697279675,1.1849819829853954,0.8281232396207705,0.3568587433646248,3.441678190498412,8.184120779900551,0.2535990930583152,7.930521686842236,0.102096511627907,0.0684858601939964,-0.1013,0.2715,0.3728,0.2715,-0.0281,0.2545,-0.1851,-0.0003305882352941,0.6448611111111111,-0.5646666666666667,1,2,-0.0186023255813953,0.0770873118067225,-0.2744,0.1357,0.4100999999999999,0.2744,0.079,0.3871,-0.352,0.0009294117647058,0.6230000000000004,-1.318888888888889,1,12,0.9960534883720932,0.056612122371916,0.8196,1.1522,0.3325999999999999,1.1522,0.0689,0.1910999999999999,-0.2428,0.0008105882352941,0.5500000000000007,-0.5534999999999988,1,0,1.0201872093023254,2.229409590520562,-5.5738,6.2913,11.8651,6.2913,2.0825,6.5888,-5.4163,0.0244999999999999,29.35633333333334,-21.32083333333337,1,7,0.1902558139534884,1.7180147275685012,-4.2175,5.2325,9.45,5.2325,4.305000000000001,7.6038,-5.7225,0.0506470588235294,19.716499999999986,-14.860499999999984,1,5,1.074513953488372,2.698973025219377,-3.9813,8.0325,12.0138,8.0325,2.0213,1.855,-1.6974999999999998,0.02378,11.768833333333326,-11.331166666666654,1,1
smooth_decel,1.56,27,0.9692760069570078,1.185677738679444,0.7286437950054883,0.4570339436739556,3.0599920979898125,5.788903717458082,0.8568336711404378,4.932070046317644,0.0490962962962962,0.0583756105649603,-0.0967,0.1952,0.2919,0.1952,-0.0647,0.0901,-0.1215999999999999,-0.0024884615384615,0.4580000000000011,-0.6203333333333326,1,1,0.0226518518518518,0.097531664958185,-0.1949,0.18,0.3749,0.1949,-0.0412,0.3275,-0.3541999999999999,-0.0015846153846153,0.6440000000000006,-0.6357916666666661,1,5,0.9614333333333334,0.1048083709222914,0.7151,1.1575,0.4424,1.1575,0.0224999999999999,0.2026,-0.2961999999999999,0.0008653846153846,0.5733333333333333,-0.934000000000002,1,0,0.3866222222222221,2.7616651343170777,-5.32,5.67,10.99,5.67,-4.4799999999999995,5.6,-7.6387,-0.1723076923076922,16.420833333333338,-18.943833333333345,1,3,-0.8442074074074072,1.891731910166718,-4.935,3.2638,8.198799999999999,4.935,-1.7674999999999998,4.8474,-3.7625,-0.0679807692307692,9.391833333333334,-17.018666666666658,1,4,0.1704666666666666,0.4509064707726153,-0.7,1.3563,2.0563,1.3563,-0.7963,1.0938,-1.435,-0.030626923076923,2.187666666666667,-2.8146666666666644,1,0
smooth_decel,6.36,107,1.0030387535396188,1.4647124803182363,0.7977974304295545,0.6669150498886818,1.6893903149305072,5.856545819849785,0.3137035862083823,5.5428422336414025,0.0549523364485981,0.0485062247431103,-0.0624,0.2745,0.3369,0.2745,-0.0174,0.2097,-0.1986,-0.0001641509433962,0.6772222222222222,-0.6193333333333331,2,2,0.0094532710280373,0.0632104083227715,-0.1139,0.3882,0.5021,0.3882,0.0927,0.4263,-0.4216,0.0008745283018867,0.5898333333333334,-0.822666666666665,2,18,0.9987532710280376,0.0793753423023455,0.7937,1.3854,0.5917,1.3854,0.1273999999999999,0.5917,-0.3325,0.0012018867924528,0.8341666666666674,-0.7928333333333324,2,0,0.2717392523364486,1.37277134910927,-5.005,5.355,10.36,5.355,1.645,6.37,-7.49,0.0155188679245282,15.458333333333334,-14.758333333333322,2,7,0.2980700934579439,1.3981615136823229,-4.34,4.5237,8.8637,4.5237,-2.8874999999999997,4.025,-8.1988,-0.0272405660377358,13.883333333333349,-12.6875,2,8,0.1877588785046729,0.3737176893216829,-1.085,1.54,2.625,1.54,0.4725,2.0388,-1.4525,0.0044575471698113,2.8873333333333324,-3.018666666666662,2,0
smooth_decel,6.06,102,1.0033827715106904,1.259006707686659,0.6740576088139648,0.5849490988726941,2.986447840367223,9.296303788603296,0.4010964721859318,8.895207316417364,0.064806862745098,0.0664357029443035,-0.0866,0.2463,0.3329,0.2463,0.1038,0.2527,-0.2868,0.0010277227722772,0.5339999999999996,-0.7883333333333385,2,16,0.0094803921568627,0.0888765313766669,-0.2605,0.2442,0.5047,0.2605,0.2148999999999999,0.3427,-0.2673,0.0021277227722772,0.5523333333333369,-0.5841666666666667,1,29,0.9953019607843137,0.1270247383564835,0.6633,1.2432,0.5799000000000001,1.2432,0.1123,0.5414,-0.5486,0.0011118811881188,1.0569999999999975,-1.004999999999998,1,0,0.2039970588235294,2.301539745623424,-7.0525,5.3288,12.3813,7.0525,-0.5773999999999999,8.5225,-8.4438,-0.0057168316831683,20.67899999999999,-19.235499999999895,2,24,-0.0071156862745098,2.4799006270710815,-8.8725,6.0813,14.9538,8.8725,9.065,8.7762,-8.2163,0.0897524752475247,30.435333333333304,-35.42299999999996,1,15,0.1011382352941176,0.5195048316500493,-1.3563,1.3825,2.7388000000000003,1.3825,-0.105,1.8025,-2.1088,-0.001039603960396,3.8501666666666066,-3.150000000000016,2,0
smooth_decel,12.48,209,1.0087623881416687,1.3986848465612258,0.615182932142952,0.7835019144182738,2.257303100341347,7.258279798271764,0.4333528469965323,6.8249269512752315,0.0581220095693779,0.0539758813105437,-0.151,0.2254,0.3763999999999999,0.2254,0.1205,0.2015,-0.1684,0.0005793269230769,0.6953333333333334,-0.4376666666666668,3,9,0.0124578947368421,0.0683631124342682,-0.189,0.1541,0.3430999999999999,0.189,-0.0013,0.2928,-0.2754,-6.2499999999994455e-06,0.6333333333333326,-0.8403333333333324,3,40,1.0034454545454543,0.1142971464366737,0.591,1.3825,0.7915000000000001,1.3825,0.4115,0.4075999999999998,-0.4068999999999999,0.0019783653846153,1.0325833333333332,-1.0140000000000011,4,0,0.2518282296650717,1.4951885688309408,-4.8738,4.1213,8.9951,4.8738,3.7363,6.545,-5.407500000000001,0.0179629807692307,14.26249999999997,-15.035499999999985,3,19,0.3937942583732057,1.9809018065220343,-5.495,5.9587,11.4537,5.9587,7.0262,6.6063,-8.6712,0.0337798076923077,19.264666666666667,-22.74999999999998,4,26,0.2192124401913875,0.4053448157460385,-0.8662,1.4525,2.3187,1.4525,1.1812,1.3476,-1.4525,0.0056788461538461,4.472222222222222,-3.893833333333335,3,0
smooth_decel,5.52,93,0.9957267708829528,1.1780335521537575,0.7796502420957746,0.3983833100579831,1.227863277334138,3.362885805376091,0.201701685664746,3.1611841197113453,0.0709849462365591,0.0402504278838627,-0.0305,0.1635,0.194,0.1635,0.0102,0.12,-0.1419,0.0001108695652173,0.3523333333333334,-0.2633333333333333,1,0,0.0172225806451612,0.0442581658617005,-0.0886,0.1539,0.2425,0.1539,0.1192,0.2425,-0.2168999999999999,0.001295652173913,0.3302916666666667,-0.2453333333333324,1,9,0.9913516129032258,0.0554843095974051,0.7793,1.167,0.3877,1.167,0.0048000000000001,0.1917000000000001,-0.2603000000000001,5.2173913043479754e-05,0.5261666666666684,-0.418000000000001,2,0,0.1183623655913978,0.824680081042495,-2.835,2.1088,4.9437999999999995,2.835,-1.4963,4.375,-3.2375,-0.0162641304347826,5.6435,-7.231111111111109,1,1,0.1569387096774193,1.151447644228046,-3.255,3.2638,6.5188,3.2638,-0.7261999999999998,4.1475,-5.4075,-0.0078934782608695,9.493833333333322,-14.012083333333337,1,5,0.2084924731182796,0.2291286928289707,-0.2537,0.7875,1.0412,0.7875,0.1574999999999999,0.6475,-0.7787,0.0017119565217391,2.770694444444445,-2.5664999999999996,2,0
smooth_decel,3.54,60,1.0072868267583055,1.3920840024941024,0.7493028493206202,0.6427811531734822,2.760407257832698,7.318808817013873,0.5815257431962922,6.737283073817581,0.0614683333333333,0.0621084275830274,-0.0444,0.2193,0.2637,0.2193,0.0267999999999999,0.2191,-0.174,0.0004542372881355,0.5298333333333329,-0.7713888888888883,1,0,0.01561,0.0854467595164638,-0.1735,0.195,0.3685,0.195,-0.0095,0.3614,-0.3339999999999999,-0.0001610169491525,0.6964999999999993,-0.5791666666666667,1,17,1.0001966666666666,0.1180305691036769,0.7456,1.3747,0.6291,1.3747,0.1505999999999999,0.6291,-0.3196999999999999,0.0025525423728813,1.3648333333333325,-1.1508333333333338,0,0,-0.256075,2.292564423405829,-4.7775,7.2975,12.075,7.2975,-4.0600000000000005,6.5187,-9.8262,-0.0688135593220339,11.43333333333332,-15.33694444444443,0,7,-0.0392366666666667,2.08883672995174,-3.92,4.9612,8.8812,4.9612,3.2987,4.637499999999999,-4.8388,0.0559101694915254,25.885333333333307,-15.85216666666665,1,7,0.0908549999999999,0.4804249977354973,-1.3475,1.3212,2.6687,1.3475,1.0412,2.2574,-1.4525,0.0176474576271186,2.552166666666676,-2.807500000000001,1,0
smooth_decel,38.64,149,1.0066734808719149,1.365442503366583,0.7770532092463166,0.5883892941202661,2.022136825659751,5.616983543682499,0.3186524438945981,5.298331099787902,0.0629496644295302,0.0475400210124018,-0.095,0.1723,0.2673,0.1723,0.1002,0.1811,-0.1813,0.000677027027027,0.8851388888888889,-0.4270000000000035,3,1,-0.0066657718120805,0.0614137153136272,-0.1388,0.1516,0.2904,0.1516,0.1603,0.2218,-0.2218,0.0010831081081081,0.5458333333333357,-0.6634999999999993,2,32,1.0018389261744969,0.0869758235368897,0.7754,1.3545,0.5791000000000001,1.3545,0.123,0.3230999999999999,-0.517,0.000831081081081,1.7747222222222212,-0.7246666666666677,2,0,0.0166194630872483,1.6324662072028229,-5.32,4.8562,10.1762,5.32,4.2787999999999995,7.42,-6.492500000000001,0.0289108108108108,17.062666666666647,-21.131333333333377,2,10,0.0910208053691275,1.5958927112584969,-3.8937,4.62,8.5137,4.62,1.4174,7.3237,-8.33,0.0095770270270269,21.12138888888889,-13.081166666666656,2,18,0.1709476510067114,0.4622297069323826,-0.9275,1.785,2.7125,1.785,0.4988,1.855,-1.6275,0.0033702702702702,3.718666666666667,-2.7124999999999986,2,0
smooth_decel,3.48,59,0.9849128038543176,1.2623208704604387,0.4865064233902775,0.7758144470701611,3.0337620395634977,6.757185818815405,0.1967819351464966,6.560403883668908,0.0667881355932203,0.0846715908973295,-0.1835,0.2671,0.4506,0.2671,-0.145,0.2446999999999999,-0.3521999999999999,-0.0025,0.6463888888888889,-0.7373333333333325,1,7,0.0178711864406779,0.0897016204267725,-0.1707,0.2433,0.414,0.2433,0.0464,0.3367,-0.3016,0.0008,0.7263333333333326,-0.5174999999999995,1,19,0.9748796610169492,0.1449456887342349,0.4429,1.2351,0.7922,1.2351,-0.5698999999999999,0.3754999999999999,-0.4903,-0.0098258620689655,0.9771666666666654,-1.4012499999999992,1,0,-0.0697016949152542,2.1402135963731577,-6.2825,3.9462,10.2287,6.2825,1.3475,8.0412,-7.3237,0.0232327586206896,12.716666666666654,-13.37300000000005,1,4,-0.5675728813559321,2.7302200388039024,-6.6675,6.3787,13.0462,6.6675,-4.8213,6.8688,-7.4287,-0.0831258620689655,32.827166666666635,-33.74583333333331,1,7,0.1667033898305084,0.5066722847425562,-1.1287,1.05,2.1787,1.1287,0.2361999999999999,1.6362,-1.8987,0.0040724137931034,3.3978333333333404,-2.8291666666666835,1,0
smooth_decel,3.48,59,1.0055188360754648,1.341718155947813,0.7218586565249461,0.619859499422867,4.015923008338261,9.464798597962876,0.7502168886395454,8.71458170932333,0.0544694915254237,0.0685691929775979,-0.0974,0.2066,0.304,0.2066,0.0069,0.304,-0.2248,0.0001189655172413,0.5339999999999995,-0.415833333333333,1,14,-0.0083389830508474,0.1013226342568188,-0.2452,0.2119,0.4571,0.2452,0.0314,0.3179,-0.314,0.0005413793103448,0.7514999999999998,-0.822333333333333,1,12,0.9968033898305084,0.1413437006465051,0.7172,1.3257,0.6085000000000002,1.3257,-0.1698000000000001,0.6085000000000002,-0.4037,-0.0029275862068965,1.2396666666666647,-1.0996666666666677,0,0,0.1444491525423728,3.0277615453171003,-7.8137,7.98,15.7937,7.98,-1.7238,9.205,-10.8063,-0.0297206896551724,31.806499999999964,-21.000166666666647,1,9,0.1846423728813559,3.565115999476778,-8.8375,8.8725,17.71,8.8725,-3.850000000000001,12.5038,-9.4762,-0.0663793103448275,37.36249999999997,-44.0416666666668,1,10,0.1250169491525423,0.5740299145612723,-1.295,1.1988,2.4938,1.295,0.8401000000000001,1.4175,-1.9425,0.0144844827586206,6.183499999999995,-4.3459999999999965,1,0
smooth_decel,9.12,153,0.9888682369656908,1.1902087589998656,0.7604451459507121,0.4297636130491534,2.091503208237141,8.162075792958554,0.2019899502450555,7.960085842713498,0.0703130718954248,0.059358828205214,-0.0552,0.2383,0.2935,0.2383,-0.1824,0.193,-0.1701,-0.0012,0.4856666666666662,-0.6494583333333335,3,2,0.0061091503267973,0.0695437796222043,-0.1981,0.2237,0.4218,0.2237,0.0355,0.2842,-0.2551,0.0002335526315789,0.7579999999999991,-0.6924999999999993,3,27,0.9823477124183004,0.0921265670329963,0.7593,1.1841,0.4247999999999999,1.1841,-0.1309999999999999,0.287,-0.2773999999999998,-0.0008618421052631,0.8914999999999997,-0.9965000000000002,2,0,0.2492915032679737,1.4091510041019526,-3.71,3.2725,6.9825,3.71,2.8087999999999997,5.6788,-6.8774999999999995,0.018478947368421,12.04600000000002,-10.00433333333326,2,11,0.0862431372549019,1.9139265970554904,-7.175,4.8913,12.0663,7.175,-3.9112,7.061299999999999,-8.1375,-0.0257315789473684,22.92516666666667,-25.083333333333332,2,14,0.2631862745098039,0.3940756025613051,-1.1725,1.785,2.9575,1.785,-1.855,2.2137,-1.75,-0.012203947368421,3.7624999999999966,-4.144166666666755,3,0
smooth_decel,2.88,49,1.057086134306796,1.3576754877363,0.8323570688112164,0.5253184189250836,3.139823975383352,10.241821737366845,0.549895162735589,9.691926574631257,0.0990408163265306,0.1033081553701661,-0.1584,0.4209,0.5793,0.4209,0.0601,0.3043,-0.3419,0.0012520833333333,1.075999999999999,-0.9163333333333326,1,5,-0.0161734693877551,0.1210861466331412,-0.376,0.2952,0.6712,0.376,-0.0288999999999999,0.3662,-0.3355,-0.0006020833333333,1.4766666666666652,-0.9853333333333338,1,13,1.041308163265306,0.1111780494610909,0.8318,1.3249,0.4931,1.3249,0.2179000000000001,0.3291,-0.3675999999999999,0.0045395833333333,1.0463888888888848,-0.6068055555555538,1,0,0.2733918367346938,2.2184995005856187,-4.4275,6.65,11.0775,6.65,1.6012000000000002,7.9187,-6.7462,0.0333583333333333,14.554166666666706,-19.629000000000048,1,6,0.7673163265306121,2.7705215446394247,-3.955,8.4525,12.4075,8.4525,3.0275999999999996,10.36,-9.8088,0.0630749999999999,23.83180555555553,-19.80433333333331,1,11,0.1508877551020408,0.6587684613582167,-1.75,1.6187,3.3687,1.75,1.8549,2.6512,-2.1875,0.03864375,5.191666666666661,-5.468833333333336,0,0
smooth_decel,11.94,200,1.0012513256408948,1.291404673214403,0.7720177264804222,0.5193869467339811,2.2022309118255508,9.363308586712286,0.2407279377222344,9.122580648990052,0.060055,0.0514528000029221,-0.0756,0.2081,0.2837,0.2081,-0.137,0.2390999999999999,-0.1773,-0.0006884422110552,0.545,-0.5401666666666711,3,9,0.0074595,0.0720531072269286,-0.2214,0.2032,0.4246,0.2214,-0.0263,0.3198,-0.2678,-0.00013216080402,0.7815000000000027,-0.7779999999999996,3,43,0.99566,0.0968133769153247,0.7601,1.2767,0.5166,1.2767,-0.2756,0.4207000000000001,-0.4007,-0.0013849246231155,1.084999999999999,-0.9216666666666689,3,0,0.2963679999999999,1.9100919684180329,-5.3025,8.6012,13.9037,8.6012,0.5863,6.5362,-7.175000000000001,0.0029462311557788,39.156333333333336,-35.72900000000006,3,16,0.1881215,1.716987156728203,-4.4538,4.4363,8.8901,4.4538,-3.9988,6.2388,-6.6238,-0.020094472361809,23.14383333333322,-19.73116666666671,3,24,0.2565485,0.4304845780716629,-0.9187,1.575,2.4937,1.575,0.49,1.4874999999999998,-1.3825,0.0024623115577889,5.089499999999998,-5.702166666666656,2,0
smooth_decel,6.54,110,1.0063515184775136,1.135336196903807,0.8568170108021899,0.2785191861016171,31.098214586135885,38.048596765452466,2.754350457004337,35.29424630844813,0.0672318181818181,0.0417221542184387,-0.0435,0.1813,0.2248,0.1813,0.0144,0.0837,-0.1062999999999999,0.0001321100917431,0.2806666666666674,-0.6051666666666704,2,0,-0.1457227272727272,0.0762166198965622,-0.2602,0.091,0.3511999999999999,0.2602,0.1169,0.1627,-0.2197,0.0010724770642201,0.5701666666666689,-0.4448333333333361,0,5,0.9896863636363636,0.0465373746953594,0.8289,1.1222,0.2933000000000001,1.1222,-0.0289,0.2319999999999999,-0.212,-0.0002651376146788,0.2976666666666689,-0.3138333333333323,1,0,0.7000763636363637,1.2882118827464064,-3.9637,4.1213,8.084999999999999,4.1213,0.0087,4.2262,-5.0924,7.98165137614866e-05,11.4625,-21.84583333333325,1,3,-0.4773527272727272,1.177892625027176,-3.465,2.9838,6.4488,3.465,2.4062,2.2575,-2.3625,0.0220752293577981,8.852166666666609,-5.673000000000076,1,1,30.99489,10.03529472252214,1.855,37.9837,36.1287,37.9837,-29.8987,0.980000000000004,-2.6424999999999983,-0.2743,7.40833333333336,-33.35199999999995,0,0
smooth_decel,9.24,155,1.0050102748529854,1.4384460921424898,0.8074286903498042,0.6310174017926855,1.5528039986660092,6.4708065818721545,0.1291244748295225,6.341682107042632,0.0749748387096774,0.0523617122356883,-0.0884,0.3182,0.4065999999999999,0.3182,0.0096,0.256,-0.2704,6.233766233766214e-05,0.8276388888888889,-0.5121666666666671,3,2,0.0351987096774193,0.0489891069088512,-0.1244,0.177,0.3014,0.177,0.0208,0.2672,-0.1999,0.0001350649350649,0.4701666666666671,-0.4731666666666667,2,13,0.9992987096774194,0.0840079301970152,0.8029,1.3986,0.5957000000000001,1.3986,0.0857,0.4151,-0.5883,0.0005564935064935,0.942333333333332,-0.8365000000000027,3,0,0.0098290322580645,1.0857035724076198,-2.5287,3.7538,6.282500000000001,3.7538,-1.2512,4.296200000000001,-4.3488,-0.0081246753246753,11.812500000000014,-12.468472222222225,2,3,0.0632277419354838,1.4327729269948133,-6.3263,3.535,9.8613,6.3263,-0.7525,5.0926,-7.6562,-0.0048863636363636,21.379333333333328,-19.71650000000001,1,13,0.2701258064516129,0.2995739242373229,-0.4812,1.33,1.8112,1.33,0.3325,0.9012,-1.3125,0.0021590909090908,3.762499999999997,-3.500166666666664,3,0
smooth_decel,0.54,10,0.9625994990541556,1.3512344652205996,0.6058415799530436,0.7453928852675561,5.235064323986142,10.08289943121521,2.01242543464348,8.07047399657173,0.04934,0.0702345309184402,-0.0229,0.1676,0.1905,0.1676,0.0616,0.1786,-0.1603,0.0068444444444444,0.53525,-0.4549583333333335,1,0,0.02493,0.138383027620201,-0.1696,0.2721,0.4417,0.2721,0.2144,0.3882,-0.3399,0.0238222222222222,0.7940833333333335,-0.6450000000000002,1,2,0.95135,0.2069666384817718,0.6056,1.3129,0.7072999999999999,1.3129,0.0875,0.484,-0.5883999999999999,0.0097222222222222,1.1880555555555514,-1.6609722222222216,1,0,0.1863799999999999,3.304269975787222,-8.0938,3.4125,11.5063,8.0938,1.7674,9.2313,-11.4363,0.1963777777777777,11.681333333333336,-40.54194444444444,0,2,-2.98811,3.929128857774965,-7.4725,6.9738,14.4463,7.4725,2.1174999999999997,12.3725,-12.8713,0.2352777777777776,15.618833333333331,-21.92375,0,2,0.2292399999999999,0.6732918290838759,-1.1725,1.4,2.5725,1.4,-0.7613,1.785,-1.6363,-0.0845888888888888,1.1228333333333336,-8.519166666666667,0,0
smooth_decel,9.66,162,1.0079866688486503,1.2237577211196666,0.7595303878055176,0.464227333314149,1.5757133814474054,5.078621682110216,0.26667759560938,4.811944086500836,0.0756851851851851,0.0513936448958407,-0.0991,0.1979,0.297,0.1979,0.0039,0.2012999999999999,-0.1799,2.422360248447171e-05,0.6402777777777778,-0.4999999999999995,2,3,0.0180944444444444,0.0516660769685174,-0.1371,0.1708,0.3079,0.1708,-0.0314,0.2155,-0.2155,-0.0001950310559006,0.5610000000000018,-0.5464999999999994,3,17,1.0025358024691358,0.080235976981321,0.7586,1.2166,0.4579999999999998,1.2166,0.0643,0.2945999999999998,-0.2565999999999999,0.0003993788819875,1.2674999999999992,-0.8470000000000031,2,0,0.2060586419753086,1.127299885073881,-3.3163,3.5175,6.8338,3.5175,0.2012999999999999,3.6575,-4.97,0.0012503105590061,9.902166666666536,-12.6875,3,8,0.1480456790123456,1.3862104934179218,-3.5262,4.8475,8.3737,4.8475,0.5688,7.393800000000001,-5.9938,0.0035329192546583,19.002166666666657,-14.40850000000009,2,6,0.2617444444444444,0.3306931416177897,-1.0412,1.0237,2.0648999999999997,1.0412,-0.5076,0.8136999999999999,-1.1374,-0.0031527950310558,2.872833333333326,-2.9894999999999765,3,0
smooth_decel,4.86,82,1.017934858504439,1.2750138312975274,0.8130901917991632,0.4619236394983642,2.8029640608882813,7.740174202819985,0.2503260473862039,7.489848155433782,0.073270731707317,0.0609673166597691,-0.043,0.318,0.361,0.318,-0.0693,0.2967,-0.1433,-0.0008555555555555,0.6634999999999995,-0.7724999999999991,1,0,0.0028865853658536,0.0866579308449018,-0.284,0.3228,0.6068,0.3228,0.1114,0.3579,-0.3259999999999999,0.0013753086419753,1.0226666666666655,-0.6743333333333326,1,14,1.010021951219512,0.1035043125771659,0.8115,1.2695,0.4580000000000001,1.2695,0.0700999999999999,0.3443,-0.2850999999999999,0.0008654320987654,1.0731666666666655,-0.9418333333333324,1,0,-0.2456378048780487,2.348232774896125,-5.6,6.7638,12.3638,6.7638,3.395,9.695,-11.2263,0.0419135802469136,26.176944444444445,-11.40416666666665,2,13,-0.314039024390244,2.112804377064343,-6.4662,5.3288,11.795,6.4662,-0.8050999999999999,5.0837,-7.4988,-0.0099395061728395,16.785333333333366,-24.660333333333305,1,13,0.3076439024390244,0.4767812392990583,-1.0938,2.7037,3.7975,2.7037,-0.35,3.7975,-2.5287,-0.0043209876543209,5.468999999999996,-5.191500000000023,1,0
smooth_decel,3.0,51,1.0097886262750198,1.436733454750741,0.7010199212575916,0.7357135334931495,3.1269670404999865,10.547065391851897,0.2506989030690003,10.296366488782896,0.0514431372549019,0.0770820452632179,-0.0819,0.2394,0.3213,0.2394,-0.128,0.2854,-0.2774,-0.00256,0.5978333333333343,-0.898999999999999,1,4,0.0220313725490196,0.0711085634510952,-0.0937,0.2025,0.2962,0.2025,0.0286,0.2253,-0.2163999999999999,0.000572,0.7126666666666677,-0.4490000000000006,1,12,1.003476470588235,0.1398266649652137,0.6957,1.4021,0.7063999999999999,1.4021,0.0170999999999998,0.5179000000000001,-0.4192999999999999,0.0003419999999999,1.1884999999999994,-1.1140000000000008,1,0,0.4544862745098039,2.179771183130891,-5.9675,6.8162,12.7837,6.8162,4.7163,6.9387,-6.7725,0.094326,14.130999999999984,-19.483166666666648,0,9,0.133478431372549,2.924332252348473,-4.865,10.4913,15.3563,10.4913,-3.0975,6.606199999999999,-7.866199999999999,-0.06195,29.356333333333303,-28.45216666666664,1,8,0.175521568627451,0.5191855811995265,-1.155,1.295,2.45,1.295,-1.9163,1.4874999999999998,-1.9601,-0.0383259999999999,4.929166666666662,-4.185499999999999,1,0
smooth_decel,16.5,276,1.001519522017172,1.2634403270435846,0.7008440482732232,0.5625962787703613,11.25818823940325,30.44080686660589,0.3673374742658309,30.073469392340055,0.0762184782608695,0.0457356982419191,-0.0653,0.2426,0.3079,0.2426,0.0533,0.1927,-0.1862,0.0001938181818181,0.4904999999999995,-0.5394999999999996,4,3,-0.0360644927536231,0.0762961348247492,-0.2542,0.171,0.4252,0.2542,0.0747,0.2349,-0.2355,0.0002716363636363,0.6343333333333327,-0.5751666666666632,3,42,0.9940608695652172,0.0896876494465158,0.6955,1.2571,0.5616000000000001,1.2571,0.2024999999999999,0.3961999999999999,-0.4367000000000001,0.0007363636363636,1.1993333333333318,-0.8655000000000008,4,0,0.5890713768115942,1.78039909548789,-8.4,7.6125,16.0125,8.4,1.4438,8.4175,-5.3637,0.0052501818181818,35.78766666666637,-47.76033333333381,4,19,0.2476608695652174,1.7548800503711113,-4.3488,7.0788,11.4276,7.0788,2.8524999999999996,6.5013000000000005,-7.5162,0.0103727272727272,18.885333333333175,-23.537333333333137,3,30,10.059202173913045,11.916378741122916,-1.2337,30.3363,31.57,30.3363,19.88,2.5025000000000013,-1.8462,0.072290909090909,24.368666666666797,-8.516500000000036,0,0
smooth_decel,3.72,63,1.0087676853960477,1.0900292748362312,0.9201813408236444,0.1698479340125868,10.172273545234544,25.35694303223478,0.1718746054540926,25.18506842678069,0.061431746031746,0.0558023927842757,-0.0583,0.153,0.2113,0.153,0.0063999999999999,0.0857,-0.0737,0.0001032258064516,0.3508333333333329,-0.4316666666666662,1,2,-0.0092936507936507,0.0398972465418106,-0.1288,0.072,0.2007999999999999,0.1288,0.0706,0.1519,-0.1083,0.0011387096774193,0.3539999999999996,-0.3054999999999996,1,5,1.004565079365079,0.0317221310694974,0.914,1.0821,0.1681,1.0821,0.0817999999999999,0.1142,-0.0743999999999999,0.0013193548387096,0.291666666666666,-0.3164999999999978,1,0,0.3155571428571428,1.759645349597312,-4.5938,5.18,9.7738,5.18,-1.2599,2.2487000000000004,-3.1237,-0.0203209677419355,19.48316666666666,-19.191666666666663,1,3,0.2201396825396825,1.224595394345214,-3.4037,3.5262,6.9299,3.5262,2.7562,2.7562,-2.0386999999999995,0.0444548387096774,11.214500000000005,-10.82099999999999,1,2,9.868196825396824,8.451181906080782,0.0175,25.2875,25.270000000000003,25.2875,-25.0425,0.8313000000000006,-2.0913000000000004,-0.4039112903225807,1.3706666666666651,-14.918833333333296,0,0
smooth_decel,26.4,441,1.007876819853106,1.4097899311599582,0.6701699485951307,0.7396199825648275,5.160568266698332,31.946499560828254,0.3932519167149729,31.55324764411328,0.0657081632653061,0.0531441895954308,-0.1108,0.2494,0.3602,0.2494,-0.1367,0.2675,-0.2420999999999999,-0.0003106818181818,0.5651666666666659,-0.6215277777777909,7,13,-0.0189197278911564,0.0778242807747531,-0.2718,0.2128,0.4846,0.2718,-0.3923,0.36,-0.3033,-0.0008915909090909,0.791999999999998,-0.5613333333333284,5,101,1.0012539682539685,0.1047742427529039,0.651,1.3976,0.7465999999999999,1.3976,-0.1088000000000001,0.4689,-0.4365,-0.0002472727272727,1.4643333333333342,-1.547499999999986,6,0,0.224028798185941,2.2922580902623784,-13.7725,7.245,21.0175,13.7725,0.1574999999999997,7.175000000000001,-8.1287,0.0003579545454545,20.591833333333778,-38.33966666666748,3,48,0.1777961451247165,2.383741632155522,-10.4475,12.5125,22.96,12.5125,6.5888,10.9725,-10.8499,0.0149745454545454,41.69383333333314,-44.26049999999963,6,45,1.5309505668934245,6.938246483783394,-9.8175,28.1225,37.94,28.1225,28.1138,2.1262999999999996,-1.7325000000000002,0.063895,13.06666666666694,-11.768666666666576,0,2
smooth_decel,26.4,441,1.007876819853106,1.4097899311599582,0.6701699485951307,0.7396199825648275,5.160568266698332,31.946499560828254,0.3932519167149729,31.55324764411328,0.0657081632653061,0.0531441895954308,-0.1108,0.2494,0.3602,0.2494,-0.1367,0.2675,-0.2420999999999999,-0.0003106818181818,0.5651666666666659,-0.6215277777777909,7,13,-0.0189197278911564,0.0778242807747531,-0.2718,0.2128,0.4846,0.2718,-0.3923,0.36,-0.3033,-0.0008915909090909,0.791999999999998,-0.5613333333333284,5,101,1.0012539682539685,0.1047742427529039,0.651,1.3976,0.7465999999999999,1.3976,-0.1088000000000001,0.4689,-0.4365,-0.0002472727272727,1.4643333333333342,-1.547499999999986,6,0,0.224028798185941,2.2922580902623784,-13.7725,7.245,21.0175,13.7725,0.1574999999999997,7.175000000000001,-8.1287,0.0003579545454545,20.591833333333778,-38.33966666666748,3,48,0.1777961451247165,2.383741632155522,-10.4475,12.5125,22.96,12.5125,6.5888,10.9725,-10.8499,0.0149745454545454,41.69383333333314,-44.26049999999963,6,45,1.5309505668934245,6.938246483783394,-9.8175,28.1225,37.94,28.1225,28.1138,2.1262999999999996,-1.7325000000000002,0.063895,13.06666666666694,-11.768666666666576,0,2
smooth_decel,5.22,88,0.997394800934133,1.193856381647307,0.8746856521059437,0.3191707295413631,8.302032122327994,28.26226927159247,0.1725947276135629,28.089674543978905,0.0892795454545454,0.0642517447486003,-0.0419,0.2297,0.2716,0.2297,0.0206999999999999,0.0919,-0.0803,0.0002379310344827,0.4306666666666666,-0.6443333333333328,2,0,0.0053852272727272,0.0444499060412301,-0.1686,0.0827,0.2512999999999999,0.1686,0.0744,0.0725,-0.0737999999999999,0.0008551724137931,0.4156666666666667,-0.4002777777777777,1,1,0.9902988636363635,0.0409815699937618,0.8659,1.1909,0.325,1.1909,0.0007999999999999,0.2885000000000001,-0.2386,9.195402298849562e-06,0.2381666666666655,-0.3823333333333307,1,0,0.4438568181818181,1.3282992268479763,-2.9488,2.6775,5.6263000000000005,2.9488,3.2901,2.6337,-2.0911999999999997,0.0378172413793103,16.522833333333335,-8.72066666666668,2,3,-0.0140170454545454,1.348428917762385,-5.2325,2.7562,7.9887,5.2325,1.4524,2.8613,-3.1762,0.0166942528735632,8.925166666666666,-14.164041666666668,0,1,7.636661363636364,9.534310166722692,-0.7175,28.1925,28.91,28.1925,-16.9838,0.8838000000000001,-1.6448999999999998,-0.1952160919540229,10.981166666666638,-21.422833333333315,0,0
smooth_decel,5.28,89,1.0214338678209338,1.402037264126742,0.5159997093022436,0.8860375548244984,3.102470490277779,7.831191284855708,0.6023934096585054,7.228797875197203,0.0771269662921348,0.0623985827418542,-0.1445,0.2257,0.3702,0.2257,-0.0736,0.2653,-0.2909,-0.0008363636363636,0.5726666666666661,-0.6523611111111056,1,5,0.0170404494382022,0.0766198255246778,-0.2018,0.2376,0.4394,0.2376,-0.1014999999999999,0.3315,-0.2638999999999999,-0.001153409090909,0.6478333333333338,-0.5670000000000022,1,23,1.0138696629213482,0.1523812618256159,0.5105,1.3632,0.8527,1.3632,-0.0114999999999999,0.517,-0.7384999999999999,-0.0001306818181818,1.4018333333333324,-1.1743333333333306,1,0,0.1680269662921349,2.173635842355763,-3.78,5.1275,8.9075,5.1275,5.2675,6.6675,-6.545,0.0598579545454545,16.552000000000064,-15.677166666666686,2,19,-0.0218247191011236,2.619240952906399,-6.685,5.53,12.215,6.685,-5.9324,8.1724,-7.6037,-0.0674136363636364,22.37083333333331,-26.480972222222,2,17,0.1958449438202247,0.5873168809415554,-1.505,2.1263,3.6313,2.1263,-0.4287,2.7038,-1.855,-0.0048715909090909,4.958499999999966,-5.220999999999999,1,0
smooth_decel,19.98,334,1.0016351268689243,1.3009419433625775,0.7459425849219228,0.5549993584406547,9.583230896358716,30.61897530029377,0.1031398080277445,30.515835492266024,0.083438622754491,0.0615025708529401,-0.1108,0.2525,0.3633,0.2525,-0.0595,0.2089,-0.1722,-0.0001786786786786,0.4778333333333366,-0.6539999999999947,4,12,-0.0134553892215568,0.0735323071587876,-0.232,0.1781,0.4101,0.232,0.0337,0.2882,-0.2992,0.0001012012012012,0.5705000000000038,-0.6495,3,37,0.9935299401197604,0.0798367264151097,0.7244,1.2964,0.572,1.2964,0.1814000000000001,0.3872,-0.3795,0.0005447447447447,1.2315277777777764,-1.2368333333333332,4,0,0.7884425149700599,1.849116583844705,-4.6813,7.4812,12.1625,7.4812,0.1662999999999999,6.16,-7.0,0.0004993993993993,20.97066666666693,-28.53949999999977,4,21,-0.095252994011976,1.5880816798004238,-7.5862,5.0487,12.6349,7.5862,8.05,6.0463000000000005,-5.8362,0.0241741741741741,21.96,-24.558166666666644,5,19,8.228431736526945,10.129785758674634,-2.0387,30.485,32.5237,30.485,14.3063,2.4499999999999993,-2.2225,0.0429618618618618,23.027000000000115,-26.84800000000017,1,1
smooth_decel,23.7,396,1.011622429891147,1.418482936097576,0.6432220922822848,0.7752608438152911,5.7201115164298475,27.426096110821167,0.3179032871802366,27.10819282364093,0.0666666666666666,0.0521711429038959,-0.1616,0.2905,0.4520999999999999,0.2905,-0.021,0.2677,-0.2641,-5.3164556962025085e-05,0.6656666666666686,-0.6888333333333376,6,14,-0.0200161616161616,0.0744101806115751,-0.2482,0.2728,0.521,0.2728,-0.153,0.4402,-0.3815,-0.0003873417721518,0.7816666666666655,-0.8023333333333353,6,69,1.0052378787878786,0.1028614138552411,0.6359,1.4098,0.7738999999999999,1.4098,-0.2112,0.6593,-0.5155,-0.0005346835443037,1.2708333333333304,-1.3986666666666665,5,0,0.5672050505050505,2.228332398658498,-7.7438,13.3787,21.1225,13.3787,-1.435,8.4263,-11.9087,-0.003632911392405,36.41449999999982,-46.301999999999325,6,33,-0.0451434343434343,2.2069138491343714,-7.0175,8.7063,15.7238,8.7063,2.8525,11.9088,-10.9638,0.0072215189873417,34.13933333333333,-37.20216666666663,5,52,0.9542755050505052,8.053697043808459,-17.0275,27.3612,44.3887,27.3612,27.3351,2.5988,-1.7412,0.0692027848101265,22.83750000000049,-16.406333333333173,0,1
smooth_decel,4.86,82,1.0024945369108802,1.0753290008178893,0.9521541681891648,0.1231748326287246,9.332146110225302,24.66027439162022,0.2276701341854043,24.432604257434814,0.0819829268292683,0.0558673645427949,-0.0268,0.2009,0.2276999999999999,0.2009,-0.0185,0.056,-0.0852,-0.0002283950617283,0.3046666666666663,-0.6016666666666661,1,0,0.0124231707317073,0.0393519613729279,-0.0995,0.0944,0.1939,0.0995,0.0947,0.1146,-0.1061,0.0011691358024691,0.3236666666666667,-0.2344999999999999,1,1,0.9967695121951218,0.0255379006118424,0.9492,1.0659,0.1167,1.0659,0.03,0.1158000000000001,-0.1167,0.0003703703703703,0.2151666666666667,-0.2513333333333349,2,0,0.4636402439024391,1.0206730005439777,-1.715,3.8675,5.5825000000000005,3.8675,2.0563,4.1125,-2.5813,0.0253864197530864,10.237499999999995,-13.168666666666656,1,0,0.074370731707317,0.857496172757223,-2.17,2.0475,4.217499999999999,2.17,-0.9976,1.6625,-2.5987,-0.012316049382716,5.497999999999995,-11.25347222222222,2,1,8.98475975609756,8.548234010541458,-0.5163,24.5613,25.0776,24.5613,-12.0663,1.0061999999999998,-2.1788000000000025,-0.1489666666666667,11.229333333333336,-24.12100000000001,0,0
smooth_decel,1.98,34,1.0048070621939724,1.3037010201729535,0.6288049459093018,0.6748960742636517,3.5372682668303654,11.166880895755984,0.5445385110348028,10.62234238472118,0.065285294117647,0.0922736317184759,-0.2333,0.194,0.4273,0.2333,-0.0818,0.2381,-0.3997,-0.0024787878787878,0.64375,-0.8224999999999991,1,7,0.0428558823529411,0.1135920616922718,-0.1634,0.2737,0.4371,0.2737,-0.1759,0.3500999999999999,-0.3258,-0.005330303030303,0.7318055555555556,-0.8955000000000009,1,14,0.9915529411764706,0.1614130411075021,0.6099,1.2811,0.6711999999999999,1.2811,0.2230999999999999,0.4344,-0.4958,0.006760606060606,2.250277777777776,-0.7089999999999996,1,0,0.1261029411764705,2.275492042625439,-4.3488,5.2937,9.6425,5.2937,2.4325,9.4676,-6.8338,0.0737121212121212,11.55,-18.362499999999976,1,7,0.1755117647058822,3.6510944665255862,-8.715,10.7975,19.5125,10.7975,-3.7975,10.1675,-7.6387,-0.1150757575757576,36.15216666666667,-25.01050000000002,1,6,0.1423235294117647,0.5806975700951732,-1.1113,1.6625,2.7738,1.6625,0.5774999999999999,1.8813,-2.59,0.0175,7.267361111111112,-4.068833333333332,1,0
smooth_decel,22.56,377,0.9977075865593966,1.289048734532562,0.6925791290531357,0.5964696054794264,7.649519651707174,31.049857990818573,0.2533004737461026,30.796557517072472,0.0677440318302387,0.0504337649971347,-0.1254,0.3829,0.5083,0.3829,-0.0910999999999999,0.4157,-0.2562,-0.0002422872340425,0.7173333333333333,-0.9343333333333343,6,8,-0.0212262599469496,0.079511445550152,-0.3077,0.2011,0.5087999999999999,0.3077,-0.1152,0.364,-0.2991,-0.0003063829787234,0.6493333333333472,-0.9751666666666584,4,77,0.990867904509284,0.0901910649447227,0.6875,1.2708,0.5832999999999999,1.2708,-0.2556999999999999,0.3979999999999999,-0.4541,-0.0006800531914893,0.9319999999999986,-1.0029999999999992,6,0,0.4366673740053051,2.124949146142879,-9.73,11.8387,21.5687,11.8387,0.0787999999999999,9.8437,-8.3825,0.0002095744680851,51.98966666666648,-64.15199999999925,5,28,-0.0853429708222811,1.8028111861578384,-5.0662,10.9637,16.029899999999998,10.9637,3.0625,6.3175,-8.1899,0.0081449468085106,29.64799999999965,-40.4396666666659,5,39,6.12383872679045,10.890336319100705,-1.4,29.435,30.834999999999997,29.435,24.596300000000003,1.9863000000000015,-1.8725,0.0654156914893617,24.776833333333116,-10.689499999999953,0,0
smooth_decel,2.76,47,1.0105282002185516,1.0977843640715603,0.9187447632503816,0.1790396008211786,5.497828378575828,16.45378804804535,0.2603419674197765,16.193446080625574,0.0444829787234042,0.0276653866233833,-0.001,0.1052,0.1062,0.1052,-0.0173,0.0698999999999999,-0.075,-0.0003760869565217,0.1688333333333331,-0.2208333333333332,1,0,0.0127851063829787,0.0444175052581524,-0.052,0.1288,0.1808,0.1288,-0.0914,0.0884,-0.094,-0.0019869565217391,0.2863333333333332,-0.4330000000000001,0,1,1.0081702127659573,0.0415245548880346,0.9157,1.0943,0.1786000000000001,1.0943,-0.0784,0.1356,-0.1185,-0.0017043478260869,0.429000000000002,-0.3118333333333334,0,0,0.610640425531915,0.9246276413072346,-1.2162,2.2137,3.4299,2.2137,0.1749999999999999,1.9775,-2.1612,0.0038043478260869,8.370833333333334,-9.0415,1,0,-0.5486404255319149,1.0665063200570142,-3.29,1.7413,5.0313,3.29,0.595,3.4824,-2.1349,0.0129347826086956,6.926999999999991,-7.474166666666667,1,0,-5.0245510638297874,5.5682741130237625,-15.9688,0.2625,16.2313,15.9688,15.295,1.9512,-0.5863,0.3325000000000001,19.92083333333335,-1.4826388888889024,0,0
smooth_decel,25.74,430,1.0131355686421315,1.5382258969345173,0.7324687160555051,0.8057571808790122,5.668131605295634,30.41255471330878,0.1528608517574071,30.259693861551373,0.0666602325581395,0.0528905041683402,-0.0642,0.2586,0.3228,0.2586,-0.0671,0.2778,-0.2777,-0.0001564102564102,0.5649999999999973,-0.5444999999999995,6,12,-0.0212293023255813,0.0794854227269726,-0.2987,0.2333,0.532,0.2987,-0.2181,0.3699,-0.4566,-0.0005083916083916,0.9195833333333334,-0.734166666666666,5,75,1.0063123255813953,0.111405655829299,0.7285,1.5301,0.8016,1.5301,-0.1094999999999999,0.5631,-0.4967999999999999,-0.0002552447552447,1.413166666666669,-1.297833333333335,5,0,0.4303188372093022,2.4161172281342687,-11.27,8.33,19.6,11.27,-1.6363000000000003,9.7825,-9.7037,-0.003814219114219,30.202166666667313,-38.80633333333299,4,42,0.1374572093023256,2.383480677405061,-8.2075,13.2212,21.4287,13.2212,3.7275,10.8412,-11.7949,0.0086888111888112,45.047666666666615,-55.32899999999993,6,49,1.7370155813953487,8.048984830356794,-10.0625,30.3625,40.425,30.3625,27.2649,1.6975,-2.1701,0.0635545454545454,16.785333333333174,-14.437500000000291,0,1
smooth_decel,25.74,430,1.0131355686421315,1.5382258969345173,0.7324687160555051,0.8057571808790122,5.668131605295634,30.41255471330878,0.1528608517574071,30.259693861551373,0.0666602325581395,0.0528905041683402,-0.0642,0.2586,0.3228,0.2586,-0.0671,0.2778,-0.2777,-0.0001564102564102,0.5649999999999973,-0.5444999999999995,6,12,-0.0212293023255813,0.0794854227269726,-0.2987,0.2333,0.532,0.2987,-0.2181,0.3699,-0.4566,-0.0005083916083916,0.9195833333333334,-0.734166666666666,5,75,1.0063123255813953,0.111405655829299,0.7285,1.5301,0.8016,1.5301,-0.1094999999999999,0.5631,-0.4967999999999999,-0.0002552447552447,1.413166666666669,-1.297833333333335,5,0,0.4303188372093022,2.4161172281342687,-11.27,8.33,19.6,11.27,-1.6363000000000003,9.7825,-9.7037,-0.003814219114219,30.202166666667313,-38.80633333333299,4,42,0.1374572093023256,2.383480677405061,-8.2075,13.2212,21.4287,13.2212,3.7275,10.8412,-11.7949,0.0086888111888112,45.047666666666615,-55.32899999999993,6,49,1.7370155813953487,8.048984830356794,-10.0625,30.3625,40.425,30.3625,27.2649,1.6975,-2.1701,0.0635545454545454,16.785333333333174,-14.437500000000291,0,1
smooth_decel,5.76,97,1.0156019932073486,1.404059945301482,0.5969521505112448,0.8071077947902371,3.0910565248211346,7.238373237820774,0.714992265692434,6.52338097212834,0.0757030927835051,0.0685724714772751,-0.1183,0.2638,0.3821,0.2638,-0.0214,0.2463,-0.264,-0.0002229166666666,0.5860000000000016,-0.4759999999999924,1,4,0.0211556701030927,0.0904233088601792,-0.1747,0.2161,0.3908,0.2161,0.0551,0.3416,-0.2825,0.0005739583333333,0.5656666666666661,-0.594666666666666,2,34,1.006660824742268,0.1639157072226841,0.5961,1.3684,0.7723000000000001,1.3684,0.0042999999999999,0.4522,-0.582,4.47916666666733e-05,1.9218333333333424,-1.5199999999999996,2,0,0.1320577319587629,2.2050113576727073,-4.83,4.3575,9.1875,4.83,1.8725,6.9476,-8.268799999999999,0.0195052083333333,13.08133333333332,-21.131166666666623,1,13,-0.0495257731958763,2.5944897670061557,-6.7375,6.0025,12.74,6.7375,3.6137,9.8,-10.1063,0.0376427083333333,21.204166666666595,-16.843666666666522,1,26,0.154340206185567,0.5527800509432214,-1.0412,2.0038,3.045,2.0038,0.9274,1.7238,-1.8463,0.0096604166666666,3.675,-3.850166666666691,2,0
smooth_decel,16.62,278,1.0016710613220163,1.6819436078537235,0.6993599716884003,0.9825836361653232,11.168243599740354,32.961401831384535,0.2696768992702193,32.69172493211432,0.0895712230215827,0.0679887655240774,-0.0837,0.2867,0.3704,0.2867,0.0117999999999999,0.1977,-0.2208999999999999,4.259927797834027e-05,0.6804999999999991,-0.6259722222221986,3,9,-0.0564539568345323,0.1023911895931901,-0.279,0.3182,0.5972,0.3182,-0.1239,0.4168,-0.4014,-0.0004472924187725,0.7308333333333391,-0.8683333333333308,3,56,0.9886071942446044,0.1275154647039711,0.6569,1.6405,0.9836,1.6405,0.1506,0.8293,-0.5360000000000001,0.0005436823104693,1.433999999999985,-1.4328333333333312,4,0,0.3546291366906475,2.595066985129061,-12.985,11.1038,24.0888,12.985,-0.7701,12.7925,-24.0888,-0.0027801444043321,41.69366666666649,-41.54800000000009,3,42,-0.1140079136690647,2.3604176384290945,-7.735,8.4525,16.1875,8.4525,-1.5487,10.4388,-8.1462,-0.0055909747292418,26.672833333333458,-29.662333333333414,4,36,9.012089928057554,13.23542535914564,-1.9688,32.7337,34.7025,32.7337,32.410000000000004,2.1526,-2.2751,0.1170036101083032,16.697999999999894,-6.970666666666688,0,0
smooth_decel,4.02,68,0.987308173739977,1.2946592640536738,0.7275939114643551,0.5670653525893187,2.3199947145340105,6.503327427555836,0.8459213202183758,5.65740610733746,0.0650529411764705,0.048730552096588,-0.0342,0.2308,0.265,0.2308,0.0149,0.1528,-0.1991,0.0002223880597014,0.3706666666666666,-0.3808333333333332,1,0,-0.0201529411764705,0.061137240942214,-0.1566,0.154,0.3106,0.1566,-0.1275,0.2138,-0.2834,-0.0019029850746268,0.3386666666666664,-0.4951666666666664,2,10,0.9820029411764704,0.1019565886118676,0.7151,1.2714,0.5563000000000001,1.2714,-0.1902000000000001,0.3536,-0.4657000000000001,-0.0028388059701492,0.90111111111111,-1.171833333333331,1,0,-0.0625338235294117,1.5787890079188736,-4.375,5.7225,10.0975,5.7225,-0.8574999999999999,4.6463,-5.390000000000001,-0.0127985074626865,19.90616666666665,-12.935333333333322,1,5,-0.2956897058823529,1.7241095728364195,-4.2962,4.1038,8.399999999999999,4.2962,0.07,4.3312,-6.895,0.001044776119403,15.924999999999985,-14.947999999999984,1,7,0.405460294117647,0.965422967105526,-2.2225,1.89,4.1125,2.2225,2.205,0.9537,-0.9625,0.032910447761194,5.541499999999996,-2.654333333333334,1,0
smooth_decel,3.9,66,0.9970260726437156,1.339637495742785,0.603575289421295,0.73606220632149,3.614821182553397,10.738175947990422,0.5186081757936332,10.21956777219679,0.0778272727272727,0.0752645070002189,-0.1061,0.2233,0.3294,0.2233,-0.1296,0.2317,-0.3178999999999999,-0.0019938461538461,0.7194999999999991,-0.5756666666666661,1,8,-0.0009742424242424,0.094395443681773,-0.2115,0.2943,0.5058,0.2943,0.0906,0.2977,-0.3546,0.0013938461538461,0.7215,-0.8486666666666658,1,19,0.9869666666666664,0.1439950718529933,0.5855,1.2963,0.7108,1.2963,-0.1982000000000001,0.5035999999999999,-0.3368,-0.0030492307692307,0.9130000000000004,-1.1868333333333352,1,0,0.2741681818181818,2.4328851100104356,-5.2238,5.425,10.6488,5.425,-4.9525,5.2587,-9.8525,-0.0761923076923077,15.458333333333318,-15.837500000000002,1,10,-0.08365,3.4017947796036228,-8.5925,10.7275,19.32,10.7275,-3.7625,9.1875,-12.53,-0.0578846153846154,36.41466666666663,-37.245833333333294,2,13,-0.1894484848484849,0.6230203889100814,-2.0213,0.9712,2.9925,2.0213,-0.0524999999999999,2.1263,-2.0037,-0.0008076923076923,4.929166666666667,-5.930416666666661,1,0
smooth_decel,2.82,48,0.990108631603888,1.1083890381991337,0.9156328685668728,0.1927561696322607,15.781239696775108,30.12815356323716,0.2902928521338409,29.83786071110332,0.0736791666666666,0.0502480272009623,-0.0345,0.1455,0.18,0.1455,-0.0125,0.0775999999999999,-0.0792,-0.0002659574468085,0.2868333333333333,-0.5118055555555552,1,0,-0.0054229166666666,0.0619742507943809,-0.1423,0.113,0.2553,0.1423,0.0275,0.0941,-0.1674,0.0005851063829787,0.3026666666666668,-0.53625,1,1,0.9842354166666668,0.0383217703228042,0.9149,1.1011,0.1861999999999999,1.1011,-0.0181999999999999,0.1779999999999999,-0.1532,-0.0003872340425531,0.2339999999999999,-0.3650000000000002,1,0,0.3917541666666667,1.4819016870882613,-3.0363,3.255,6.2913,3.255,-1.1375,1.9513,-2.8787000000000003,-0.0242021276595744,15.151999999999983,-18.973000000000003,1,3,-0.73555,1.0942998573847758,-3.7275,1.9075,5.635,3.7275,0.7174999999999999,1.9162,-2.7299999999999995,0.0152659574468085,11.214333333333323,-9.202000000000002,0,0,15.612727083333334,9.869440665837397,-0.3063,30.1262,30.4325,30.1262,-30.4325,0.7174999999999976,-1.8025,-0.6475000000000001,-1.832722222222227,-23.828833333333375,0,0
smooth_decel,8.58,144,0.9993263356575236,1.359200106680396,0.601733429352234,0.7574666773281621,2.6147644372233594,9.168265699683882,0.3716433101779178,8.796622389505965,0.05565625,0.0600949804388939,-0.1709,0.2298,0.4007,0.2298,0.0466,0.2106,-0.2478,0.0003258741258741,0.509666666666666,-0.5813333333333359,2,16,-0.0007090277777777,0.0807055200521026,-0.1991,0.2236,0.4226999999999999,0.2236,0.0542,0.3329999999999999,-0.2825,0.0003790209790209,0.6959722222222223,-0.7251666666666631,2,37,0.9928013888888888,0.1299278266497121,0.591,1.3571,0.7661,1.3571,0.02,0.5295,-0.552,0.0001398601398601,1.2620000000000091,-1.2673333333333368,2,0,0.1872736111111111,1.915454139763341,-4.55,7.0175,11.5675,7.0175,-0.6124999999999999,6.4225,-7.385,-0.0042832167832167,15.70633333333355,-20.650166666666777,3,19,0.1991194444444444,2.237700670136593,-6.6413,8.8813,15.5226,8.8813,-1.645,6.6762999999999995,-8.846300000000001,-0.0115034965034965,37.26066666666636,-14.787666666666736,3,26,0.1330743055555555,0.4639483807112051,-0.945,1.3212,2.2662,1.3212,1.2075,1.3912,-1.3999,0.0084440559440559,3.9958333333333633,-3.3833333333333355,3,0
smooth_decel,14.34,240,1.00529000091918,1.1839996494931913,0.8101872993326914,0.3738123501604998,14.34642886363399,32.5743489373157,0.1936624124604462,32.38068652485525,0.0786487499999999,0.0507655988198264,-0.0273,0.2369,0.2642,0.2369,0.0246,0.1292,-0.132,0.0001029288702928,0.4329999999999995,-0.4611666666666693,3,0,-0.0579466666666666,0.0772183649686005,-0.288,0.0888,0.3767999999999999,0.288,0.0956,0.2264,-0.2573999999999999,0.0003999999999999,0.4744999999999993,-0.4918333333333391,2,16,0.9963091666666666,0.0641621435798299,0.8013,1.1672,0.3659,1.1672,-0.0339,0.2945000000000001,-0.2372999999999999,-0.0001418410041841,0.660333333333333,-0.7281666666666666,4,0,0.6808599999999999,1.9704686832150824,-4.2787,6.6238,10.9025,6.6238,1.2163,6.5801,-6.055,0.0050891213389121,24.791666666666643,-20.70833333333331,3,17,-0.0564395833333333,1.4701052828747427,-6.5887,3.4037,9.9924,6.5887,0.4549,6.4487000000000005,-8.8024,0.0019033472803347,18.696166666666787,-18.90033333333329,3,12,13.549959166666667,13.214946695197188,-1.26,32.3838,33.6438,32.3838,-0.3238,2.598700000000001,-2.3975,-0.0013548117154811,24.09183333333337,-21.758333333333155,1,0
clockwise_circle,2.34,40,0.9980865400961044,1.013523132444445,0.9866159435160168,0.0269071889284281,1.2163055442621653,5.509443954701781,0.2704391243884657,5.239004830313315,-0.0425475,0.0689497103524903,-0.1479,0.0251,0.173,0.1479,-0.1336,0.0170999999999999,-0.0361999999999999,-0.003425641025641,0.0651666666666666,-0.3373333333333337,0,0,0.032095,0.0143055296821606,0.0178,0.0763,0.0585,0.0763,0.0556,0.0122,-0.009,0.001425641025641,0.0762499999999999,-0.0214999999999999,0,0,0.9942425,0.0052087149603776,0.9784,1.0044,0.0259999999999999,1.0044,0.0055999999999999,0.0218999999999999,-0.0154,0.0001435897435897,0.0326666666666657,-0.0641666666666669,1,0,0.3257299999999999,0.1492813918367522,0.0,0.7262,0.7262,0.7262,0.1224999999999999,0.4461999999999999,-0.5863,0.0031410256410256,1.0938333333333357,-0.8458749999999999,0,0,0.190525,0.2916318787312315,-0.3237,0.9275,1.2512,0.9275,0.0875,0.5337,-0.3237,0.0022435897435897,2.756333333333331,-2.274999999999998,1,0,-0.7964625,1.577518986303314,-5.46,0.385,5.845,5.46,-5.845,0.1049999999999999,-0.7174000000000005,-0.1498717948717948,0.1166666666666667,-8.020666666666667,0,0
clockwise_circle,2.34,40,1.001965843055037,1.0331700198902405,0.976018078726004,0.0571519411642366,7.267598359741081,17.8664756440659,0.5147299680414965,17.351745676024404,-0.0888675,0.0411662071239792,-0.1479,0.022,0.1699,0.1479,-0.0424,0.0462,-0.0472999999999999,-0.0010871794871794,0.1609999999999999,-0.322166666666667,0,0,0.07062,0.0347055541258094,0.0219,0.1371,0.1152,0.1371,0.1122,0.0322,-0.028,0.002876923076923,0.1399583333333335,-0.0774999999999999,0,0,0.9940875,0.0125577065417911,0.9661,1.0268,0.0606999999999999,1.0268,-0.0092999999999999,0.0575999999999999,-0.0606999999999999,-0.0002384615384615,0.0596666666666685,-0.0651666666666663,1,0,0.4709724999999999,0.42307819365019,-0.2975,1.6187,1.9162,1.6187,0.77,0.9712,-0.8049000000000001,0.0197435897435897,4.214833333333329,-4.797999999999996,1,0,0.0612425,0.5044892359338076,-1.1463,1.0762,2.2225,1.1463,-0.525,1.645,-1.7675,-0.0134615384615384,2.6736111111111085,-2.274999999999998,0,0,-7.112655000000001,6.201089408588437,-17.85,0.1925,18.0425,17.85,-17.8675,0.1750000000000007,-1.0151000000000003,-0.4581410256410256,-0.2549999999999999,-14.043666666666669,0,0
clockwise_circle,2.3400000000000003,40,1.0005424451386475,1.044050927876605,0.949304087213365,0.09474684066324,16.51096728741632,24.55917377234014,5.641910747255755,18.917263025084388,-0.0422,0.0469320130204729,-0.1332,0.0447,0.1779,0.1332,0.1543,0.0747,-0.0569,0.0039564102564102,0.1773333333333319,-0.0399999999999997,0,0,0.1225674999999999,0.037659230403918,0.0483,0.2092,0.1609,0.2092,0.1609,0.0519999999999999,-0.0402,0.004125641025641,0.2193333333333333,-0.0823333333333329,0,0,0.9903325,0.0223838699651196,0.9404,1.0302,0.0897999999999999,1.0302,0.0161999999999999,0.0774,-0.0625999999999999,0.0004153846153846,0.1201666666666678,-0.142000000000003,1,0,0.4469149999999999,0.7722878503976318,-1.015,2.345,3.3600000000000003,2.345,-0.6824,0.9712,-1.6975000000000002,-0.0174974358974358,6.256333333333327,-8.70633333333339,1,0,-0.3780075,0.6425046021535267,-1.89,1.19,3.08,1.89,-0.5075000000000001,3.08,-2.5812999999999997,-0.0130128205128204,2.1874999999999813,-3.9811666666666983,1,0,-16.4701225,5.187560053281682,-24.5525,-5.635,18.917499999999997,24.5525,-18.917499999999997,0.2800000000000011,-1.1724999999999994,-0.4850641025641026,-1.3565000000000111,-14.043666666666638,0,0
clockwise_circle,2.3400000000000003,40,1.0034500814414176,1.0841904030196912,0.9426251959289016,0.1415652070907895,23.695163610880307,27.552849278795104,17.562740905963395,9.99010837283171,0.0131,0.0380573858191102,-0.0847,0.0891,0.1738,0.0891,0.0761,0.0811,-0.0569,0.001951282051282,0.1773333333333319,-0.1065000000000009,0,1,0.17006,0.0403395193391396,0.0969,0.2596,0.1627,0.2596,0.1332999999999999,0.0591999999999999,-0.0681,0.0034179487179487,0.2193333333333333,-0.2433333333333329,1,0,0.9873999999999998,0.0321194645036308,0.9264,1.0599,0.1335,1.0599,0.0194,0.1320000000000001,-0.0786999999999999,0.0004974358974358,0.1653333333333329,-0.2059722222222224,1,0,0.0444125,1.0255372301153012,-2.6775,2.345,5.022500000000001,2.6775,0.4637,1.8987000000000005,-1.8637,0.0118897435897436,6.314666666666616,-10.675000000000042,1,1,-0.6796575,0.8609030356929778,-2.5025,1.19,3.6925,2.5025,-0.7000000000000001,3.08,-2.5812999999999997,-0.0179487179487179,4.703472222222184,-7.466500000000024,1,0,-23.64906,3.586865202716927,-27.5187,-17.5525,9.9662,27.5187,-9.485000000000005,0.3324999999999996,-1.1724999999999994,-0.2432051282051282,1.1373333333334017,-9.37700000000001,0,0
clockwise_circle,2.34,40,1.0061034992147757,1.0841904030196912,0.8975301109155057,0.1866602921041854,27.035176163232528,27.797340702484473,25.0984863426064,2.698854359878073,0.03683,0.0295982691801655,-0.0198,0.1271,0.1469,0.1271,-0.0083999999999999,0.0868999999999999,-0.0559,-0.0002153846153846,0.1604583333333334,-0.2986666666666682,1,0,0.1905875,0.023959668970574,0.1401,0.2596,0.1195,0.2596,-0.0121999999999999,0.0591999999999999,-0.0781999999999999,-0.0003128205128205,0.1841666666666666,-0.2433333333333327,1,0,0.9865375,0.043874785045861,0.8762,1.0637,0.1875000000000001,1.0637,-0.0836,0.1402999999999999,-0.1381,-0.0021435897435897,0.2689999999999983,-0.4086666666666696,1,0,-0.42504,0.9157587549859044,-2.6775,1.7938,4.4713,2.6775,-1.155,1.8987000000000005,-1.9775,-0.0296153846153846,6.299833333333307,-10.675000000000043,0,0,-0.7450525000000001,1.0060057452523663,-3.1762,1.1025,4.278700000000001,3.1762,-2.8699999999999997,1.3912,-1.9162,-0.0735897435897435,5.629166666666673,-7.714666666666712,1,0,-26.988054999999996,0.5688821323325063,-27.7812,-25.0425,2.738699999999998,27.7812,-1.715,1.0938000000000017,-1.1724999999999994,-0.0439743589743589,3.171944444444484,-6.100694444444411,0,0
clockwise_circle,2.34,40,1.0053419064831637,1.099003598720223,0.8975301109155057,0.2014734878047169,26.946435161780528,27.797340702484473,25.804563296827947,1.9927774056565255,0.03095,0.0338364240093954,-0.0553,0.1271,0.1824,0.1271,-0.0926999999999999,0.0975999999999999,-0.0871,-0.002376923076923,0.2744999999999967,-0.3286111111111131,0,2,0.1904725,0.0268848826790571,0.1108,0.256,0.1452,0.256,0.0248,0.0776,-0.0942,0.0006358974358974,0.3054999999999985,-0.2164999999999988,1,0,0.9857775,0.0453784795232955,0.8762,1.0721,0.1959,1.0721,-0.1100000000000001,0.152,-0.1381,-0.0028205128205128,0.3696666666666646,-0.5408333333333346,1,0,-0.1817875,0.9930463722969092,-1.9075,2.3187,4.2262,2.3187,0.5075,3.2637,-2.0213,0.0130128205128205,9.756333333333396,-6.766666666666682,1,0,-0.5256449999999999,0.9560092277609576,-3.1762,1.4438,4.62,3.1762,0.8837,2.4675,-1.9162,0.0226589743589743,10.120833333333298,-7.714666666666716,0,0,-26.906245,0.4758902598935369,-27.7812,-25.795,1.9861999999999969,27.7812,-0.4112000000000009,1.0938000000000017,-0.8399999999999999,-0.0105435897435897,3.864500000000021,-3.266666666666623,1,0
clockwise_circle,2.339999999999999,40,1.0134888648879947,1.1228252134682404,0.9092718900306992,0.2135533234375412,26.814006258288657,27.68996463865564,25.804563296827947,1.885401341827695,0.0338724999999999,0.0317690785601991,-0.0553,0.0913,0.1466,0.0913,0.0482,0.0975999999999999,-0.0871,0.0012358974358974,0.2744999999999967,-0.1955000000000023,1,1,0.2011025,0.0363450732914944,0.1108,0.2913,0.1805,0.2913,0.0574,0.1378,-0.0942,0.0014717948717948,0.3054999999999985,-0.2703333333333326,1,0,0.9917325,0.0446703158909232,0.9008,1.0834,0.1825999999999998,1.0834,0.0458999999999999,0.152,-0.1294999999999999,0.001176923076923,0.3696666666666637,-0.2824999999999971,1,0,0.3117149999999999,0.9878568321345312,-1.82,2.3187,4.1387,2.3187,-0.8838,3.2637,-2.8263,-0.0226615384615384,9.756333333333398,-6.766666666666681,1,0,-0.5433675,0.8904879991380986,-2.6775,1.4438,4.1213,2.6775,-2.0475,2.7300000000000004,-1.995,-0.0524999999999999,8.254333333333264,-7.918833333333409,1,0,-26.7745625,0.3833564069003389,-27.65,-25.795,1.8549999999999969,27.65,0.0700000000000002,0.7524999999999977,-0.6911999999999985,0.0017948717948718,2.6127777777777847,-3.266666666666623,1,0
clockwise_circle,2.34,40,1.018103775417233,1.18944945247791,0.8880305231240647,0.3014189293538453,27.142721597562225,28.42880790237255,26.11901075251511,2.3097971498574417,0.05497,0.0326898259088163,-0.0107,0.1466,0.1573,0.1466,0.0786,0.1037,-0.0665999999999999,0.0020153846153846,0.2009999999999984,-0.1955000000000023,1,0,0.2001625,0.0374706017244151,0.1427,0.2913,0.1486,0.2913,-0.0372,0.1378,-0.079,-0.0009538461538461,0.2381666666666648,-0.2703333333333326,1,0,0.9956599999999998,0.0604303532154461,0.8674,1.17,0.3026,1.17,-0.004,0.2761999999999999,-0.2029999999999999,-0.0001025641025641,0.3456666666666645,-0.5015000000000072,1,0,0.23887,0.982303454132174,-2.4237,2.2575,4.6812000000000005,2.4237,0.0,2.4412000000000003,-2.8263,3.416070845000482e-17,8.341666666666596,-5.745833333333286,1,1,-0.63503,0.9850724828726162,-2.6775,1.225,3.9025,2.6775,-0.4638,2.7300000000000004,-3.2813,-0.0118923076923076,6.635333333333279,-8.356166666666597,1,0,-27.099402499999997,0.5019276546539452,-28.4025,-26.1012,2.3013000000000012,28.4025,-1.1201000000000008,0.8661999999999992,-0.875,-0.0287205128205128,2.537500000000051,-3.631499999999989,1,0
clockwise_circle,2.34,40,1.0159139859985775,1.18944945247791,0.8880305231240647,0.3014189293538453,28.670934400845272,31.106181828376172,26.11901075251511,4.987171075861063,0.0686949999999999,0.0285427430266815,0.0088,0.1466,0.1378,0.1466,-0.0014999999999999,0.1037,-0.0665999999999999,-3.846153846153921e-05,0.1286666666666656,-0.1740000000000016,1,0,0.20436,0.0350559757516095,0.1427,0.2762,0.1335,0.2762,0.048,0.0945,-0.079,0.0012307692307692,0.2008333333333318,-0.2715000000000045,1,0,0.9918375,0.0573206173473116,0.8674,1.17,0.3026,1.17,0.0185999999999999,0.2761999999999999,-0.2029999999999999,0.000476923076923,0.3456666666666645,-0.5015000000000054,1,0,0.3683675,1.0076418816907025,-2.4237,1.9775,4.4012,2.4237,2.0037,2.4412000000000003,-2.03,0.0513769230769231,9.965277777777988,-7.68533333333342,1,0,-0.7468074999999998,0.9464242200521296,-2.485,1.225,3.71,2.485,1.6538,2.5988,-3.2813,0.0424051282051281,5.262222222222334,-8.356166666666597,0,0,-28.626502500000004,1.5173994348441628,-31.0888,-26.1012,4.9876000000000005,31.0888,-3.675100000000001,0.8661999999999992,-0.875,-0.0942333333333333,1.954166666666623,-4.039666666666619,0,0
clockwise_circle,2.34,40,1.018798949241715,1.1141246833276786,0.9407980867327485,0.1733265965949301,29.639908575467548,31.106181828376172,27.02099216128083,4.085189667095342,0.0659275,0.0246640711125749,0.0151,0.1166,0.1014999999999999,0.1166,-0.0464,0.0650999999999999,-0.0576,-0.0011897435897435,0.1751666666666652,-0.1511666666666664,1,0,0.20975,0.0354295979409364,0.1318,0.2762,0.1444,0.2762,-0.0038999999999999,0.1178999999999999,-0.0754,-9.999999999999968e-05,0.1556666666666655,-0.2820833333333309,1,0,0.993845,0.0408146086842846,0.9062,1.0785,0.1723,1.0785,-0.0084999999999999,0.1307999999999999,-0.1498,-0.0002179487179487,0.2646666666666633,-0.1964999999999985,1,0,0.358305,0.8879565474902301,-1.7325,1.9775,3.71,1.9775,-3.2112,1.7938,-2.03,-0.0823384615384615,6.883333333333277,-8.871805555555483,1,0,-0.932525,0.8825423551250918,-2.7738,0.3325,3.1063,2.7738,-0.2974999999999999,2.7826,-2.6075,-0.0076282051282051,6.4458333333332805,-8.196000000000076,0,0,-29.59753,0.961592228519302,-31.0888,-26.9937,4.095099999999999,31.0888,0.8049999999999997,1.198800000000002,-0.8399999999999999,0.0206410256410256,5.420277777777781,-3.383500000000055,0,0
clockwise_circle,2.34,40,1.0186721994147798,1.113146270711985,0.9407980867327485,0.1723481839792365,28.38812279779952,30.795816342321565,26.907981245162187,3.8878350971593783,0.0531274999999999,0.026710028727341,-0.009,0.1023,0.1113,0.1023,-0.0166,0.058,-0.0602,-0.000425641025641,0.195833333333334,-0.1873333333333349,0,0,0.204895,0.0347599530110921,0.1318,0.265,0.1332,0.265,-0.0308,0.1178999999999999,-0.0959999999999999,-0.0007897435897435,0.2398333333333311,-0.1558333333333335,0,0,0.9955575,0.0425694418357244,0.9062,1.0787,0.1725,1.0787,-0.0955,0.1307999999999999,-0.1498,-0.0024487179487179,0.2253333333333333,-0.3348333333333348,1,0,0.0958125,0.6900368095672087,-1.7325,1.19,2.9225,1.7325,-0.6213,2.7825,-2.4413,-0.0159307692307692,4.243833333333298,-7.043833333333417,1,0,-0.6621575,0.9555656874434276,-2.9838,1.05,4.0338,2.9838,-2.8963,2.7826,-2.8612,-0.0742641025641025,6.4458333333332805,-8.356333333333264,1,0,-28.35677500000001,1.1473568715273488,-30.7825,-26.9062,3.876300000000001,30.7825,2.6336999999999975,1.198800000000002,-0.6738,0.0675307692307691,5.293833333333282,-2.0271666666666306,0,0
clockwise_circle,2.339999999999998,40,1.003547173307232,1.0931119521805623,0.907088099359704,0.1860238528208584,27.579018564630637,29.011215962623833,26.032515986166224,2.9786999764576088,0.04833,0.024307867250263,-0.0075,0.0905,0.098,0.0905,-0.0165999999999999,0.0612,-0.0561,-0.000425641025641,0.1495833333333321,-0.2118333333333338,1,0,0.20564,0.0298671056515357,0.1554,0.2893,0.1339,0.2893,0.0193,0.1078999999999999,-0.0995,0.0004948717948717,0.1571666666666655,-0.1836666666666651,0,0,0.9804425,0.0402977882417817,0.8913,1.0675,0.1761999999999999,1.0675,0.0213999999999999,0.1232999999999999,-0.1315999999999999,0.0005487179487179,0.3083333333333319,-0.4168333333333303,1,0,-0.0960375,0.924923119656786,-1.8725,2.0387,3.9112,2.0387,-0.3587999999999999,2.0124,-2.4937,-0.0091999999999999,7.160333333333309,-7.138583333333232,1,0,-0.5090325,0.5669852444095923,-1.925,0.3938,2.3188,1.925,2.3012,1.645,-1.2951,0.0590051282051281,5.481111111111067,-2.0999999999999863,0,0,-27.553315,0.8562672119325656,-29.0063,-26.0138,2.9924999999999997,29.0063,1.566200000000002,0.6999999999999993,-0.8399999999999999,0.0401589743589744,4.360333333333358,-2.9166666666666856,0,0
clockwise_circle,2.3400000000000016,40,1.003915776753924,1.1041469874975884,0.907088099359704,0.1970588881378845,26.71073804904868,28.046353490783787,25.16161951405354,2.884733976730246,0.05021,0.0260032128192474,-0.0075,0.1081,0.1156,0.1081,0.0267999999999999,0.0637,-0.0561,0.0006871794871794,0.1962499999999983,-0.0526666666666668,0,0,0.20692,0.0293090534713186,0.1554,0.266,0.1106,0.266,0.0486,0.0821,-0.0933,0.0012461538461538,0.1951250000000002,-0.169833333333333,0,0,0.980415,0.0369299235906365,0.8913,1.0756,0.1842999999999999,1.0756,0.0107999999999999,0.1164,-0.1057999999999999,0.000276923076923,0.2598333333333311,-0.280277777777776,1,0,0.2117525,0.988493785303344,-2.1263,2.1788,4.3050999999999995,2.1788,1.4611999999999998,2.3188,-2.4937,0.0374666666666666,7.043833333333336,-8.326999999999959,1,1,-0.5339824999999999,0.6106454911319199,-1.9688,0.6212,2.59,1.9688,0.8225,1.8813,-1.6626,0.0210897435897436,4.418666666666784,-4.564499999999823,1,0,-26.67985,0.7773497747524551,-28.0,-25.1562,2.8438000000000017,28.0,-1.0325000000000024,0.4813000000000009,-0.6738,-0.026474358974359,4.360333333333358,-5.439666666666653,1,0
clockwise_circle,2.34,40,1.0177928347042038,1.1063869757006362,0.9478338725747252,0.1585531031259111,27.59896761654435,29.167443300536306,25.16161951405354,4.005823786482761,0.0640725,0.0238353754280244,0.0182,0.1261,0.1079,0.1261,-0.0279999999999999,0.0637,-0.1076999999999999,-0.0007179487179487,0.1470000000000037,-0.1319999999999977,1,0,0.2151774999999999,0.0377098809570498,0.1139,0.2815,0.1675999999999999,0.2815,-0.0593,0.1621,-0.1028,-0.0015205128205128,0.2291666666666709,-0.2891666666666628,1,0,0.99178,0.0394767779840249,0.917,1.0878,0.1708,1.0878,-0.0411999999999999,0.1084,-0.1057999999999999,-0.0010564102564102,0.2568333333333328,-0.318041666666673,1,0,-0.0459349999999999,1.1676303756447095,-2.1263,3.4388,5.5651,3.4388,-0.0174999999999999,3.2463,-2.6163,-0.0004487179487179,9.843833333333496,-10.441833333333555,1,2,-0.7794175,0.9405923706019604,-2.6775,1.5225,4.2,2.6775,2.2575,1.8813,-1.6626,0.0578846153846153,11.532916666666228,-6.256333333333465,1,0,-27.548722499999997,1.275463199820424,-29.1287,-25.1562,3.9725,29.1287,-2.3187,0.8838000000000008,-1.0501000000000005,-0.0594538461538461,3.398000000000053,-5.439666666666653,0,0
clockwise_circle,2.34,40,1.0163884424698173,1.1063869757006362,0.947185947953199,0.1592010277474371,28.27815609530141,29.167443300536306,25.458385904844793,3.7090573956915094,0.04832,0.0256060409539103,-0.0017,0.1261,0.1278,0.1261,-0.0390999999999999,0.0576,-0.1076999999999999,-0.0010025641025641,0.1470000000000037,-0.1934999999999925,1,0,0.2147625,0.0387662335723321,0.1139,0.2815,0.1675999999999999,0.2815,0.0050999999999999,0.1621,-0.1028,0.0001307692307692,0.2291666666666709,-0.2891666666666628,1,0,0.99124,0.0438336587684126,0.917,1.0878,0.1708,1.0878,0.0471,0.1084,-0.1053999999999999,0.0012076923076923,0.3826388888888984,-0.3543333333333383,1,0,-0.2550675,1.1285839194652922,-1.8375,3.4388,5.2763,3.4388,-3.8326,2.0387,-2.6163,-0.0982717948717948,7.335333333333292,-11.70319444444469,1,0,-0.6313124999999999,0.9545196118084338,-2.6775,1.5225,4.2,2.6775,-1.3125,1.5663,-2.205,-0.0336538461538461,8.968666666666707,-6.256333333333465,1,0,-28.232750000000003,0.927191471111854,-29.1287,-25.4538,3.6748999999999974,29.1287,2.8962000000000003,1.2598999999999982,-1.0501000000000005,0.0742615384615384,7.160166666666839,-3.5000000000000284,0,0
clockwise_circle,2.34,40,1.013739625309442,1.0928960563566874,0.9467712395293808,0.1461248168273067,26.228275031406497,29.083175770194018,23.74222259899018,5.340953171203836,0.03699,0.0212992452015052,-0.0124,0.0777,0.0901,0.0777,0.0032,0.0613,-0.0581,8.205128205128244e-05,0.1543749999999952,-0.1538333333333288,1,0,0.2009,0.0353629532355325,0.1232,0.2777,0.1545,0.2777,-0.0187999999999999,0.1337,-0.1086,-0.0004820512820512,0.1719999999999906,-0.233333333333338,0,0,0.9921125,0.0392675777233127,0.9292,1.0787,0.1494999999999999,1.0787,-0.001,0.1056999999999999,-0.1188,-2.5641025641025663e-05,0.2688333333333403,-0.2626666666666697,1,0,-0.3077925,0.8799479816756944,-1.9775,2.4237,4.4012,2.4237,-2.3712999999999997,1.4087,-2.8175,-0.0608025641025641,4.812666666666737,-9.52266666666639,1,0,-0.2137124999999999,0.8831698527543286,-1.7062,1.8463,3.5525,1.8463,0.49,2.3101000000000003,-3.5525,0.0125641025641025,5.512500000000048,-6.183166666666468,1,0,-26.196619999999996,1.922128929238459,-29.0238,-23.6775,5.346300000000003,29.0238,3.412399999999998,1.2598999999999982,-0.831199999999999,0.0874974358974358,7.160166666666839,-3.951999999999998,0,0
clockwise_circle,2.34,40,1.0164127467781925,1.1128206594056382,0.9200418360052982,0.19277882340034,27.89080637720442,28.98119489548352,25.680926650531905,3.3002682449516136,0.0454225,0.030009387313357,-0.0275,0.1039,0.1314,0.1039,-0.017,0.0715,-0.1072999999999999,-0.0004358974358974,0.2131666666666656,-0.1945000000000015,1,0,0.206005,0.0340485019814306,0.1188,0.2853,0.1664999999999999,0.2853,-0.0251,0.1266999999999999,-0.1230999999999999,-0.0006435897435897,0.2311666666666565,-0.1639999999999994,1,0,0.99332,0.0475157744387358,0.9079,1.0873,0.1793999999999999,1.0873,-0.0339,0.1113,-0.1386999999999999,-0.0008692307692307,0.3218333333333394,-0.2811666666666657,0,0,0.4799325,0.9431513341840094,-1.2162,2.66,3.8762,2.66,-0.0351000000000001,2.6512,-2.5462,-0.0008999999999999,7.277166666666401,-9.814499999999937,0,0,-0.74134,1.0021013646461323,-3.1237,1.4963,4.62,3.1237,1.0937,2.0388,-2.4499999999999997,0.0280435897435897,7.335333333333411,-10.23749999999961,1,0,-27.8435975,0.8837882196392282,-28.9363,-25.5763,3.359999999999999,28.9363,-2.808799999999998,0.6649999999999991,-1.1023999999999994,-0.0720205128205127,1.4584999999999582,-4.725166666666809,0,0
clockwise_circle,2.34,40,1.0230028740024375,1.1154292581782137,0.9200418360052982,0.1953874221729155,28.593734603842087,29.08072998138114,27.86525475731381,1.2154752240673297,0.0559374999999999,0.0266123326673931,0.0044,0.1039,0.0995,0.1039,0.034,0.0539,-0.0973,0.0008717948717948,0.2131666666666656,-0.1945000000000016,1,0,0.211735,0.0358261224706505,0.1188,0.2755,0.1567,0.2755,-0.0393,0.1266999999999999,-0.1292,-0.0010076923076923,0.270000000000004,-0.2570000000000061,1,0,0.9984099999999998,0.0467193519449258,0.9109,1.082,0.1711,1.082,0.0292999999999999,0.1553000000000001,-0.1113,0.000751282051282,0.3411666666666644,-0.305000000000005,1,0,0.5615224999999999,0.9813343204306716,-1.3563,2.3975,3.7538,2.3975,-0.2276,2.5462,-2.3012,-0.0058358974358974,10.106166666666711,-9.114499999999971,1,0,-0.7964724999999999,0.8837199129865606,-2.485,1.2862,3.7712,2.485,0.4725,1.8638,-1.8113,0.0121153846153846,7.204166666666764,-6.57700000000014,1,0,-28.5475275,0.2839366731378039,-28.9363,-27.8512,1.0851000000000006,28.9363,-0.490000000000002,0.4725000000000001,-0.7437000000000005,-0.0125641025641026,1.4584999999999582,-1.8669999999999616,0,0
clockwise_circle,2.34,40,1.025625465033201,1.1154292581782137,0.96114741845359,0.1542818397246238,28.74395609469019,29.277161227994764,27.942946560804927,1.334214667189837,0.0681025,0.0176506916767209,0.03,0.0993,0.0693,0.0993,-0.0146,0.0428999999999999,-0.0406999999999999,-0.0003743589743589,0.1728333333333345,-0.1570000000000033,1,0,0.2243325,0.0354573878418039,0.1393,0.3016,0.1622999999999999,0.3016,0.0195,0.1249999999999999,-0.1292,0.0005,0.270000000000004,-0.2570000000000061,1,0,0.997735,0.043769135302496,0.9267,1.082,0.1553000000000001,1.082,-0.0443999999999999,0.1553000000000001,-0.1047,-0.0011384615384615,0.3411666666666644,-0.305000000000005,1,0,0.4127675,0.928562082866396,-1.3563,2.3975,3.7538,2.3975,-2.7387,1.6275,-1.4087,-0.0702230769230769,10.106166666666711,-7.590625000000075,1,0,-0.96754,0.7808856460488489,-2.485,0.56,3.045,2.485,-0.9975,1.855,-1.8113,-0.025576923076923,6.635499999999908,-6.985499999999945,1,0,-28.69977,0.2571195224414371,-29.1987,-27.93,1.268699999999999,29.1987,-0.1400000000000005,0.6650999999999989,-0.7437000000000005,-0.0035897435897436,2.0416666666667425,-2.0998333333332937,1,0
clockwise_circle,2.34,40,1.0202597274386591,1.1108834547332136,0.9485154136860402,0.1623680410471734,27.70428335047085,29.277161227994764,23.34535419521409,5.931807032780675,0.0575499999999999,0.0228497433077653,0.0082,0.093,0.0848,0.093,-0.04,0.0473999999999999,-0.0522999999999999,-0.001025641025641,0.1143333333333357,-0.1952777777777818,1,0,0.2124725,0.0365665462039013,0.1222,0.3016,0.1793999999999999,0.3016,-0.0635,0.1087999999999999,-0.1359999999999999,-0.0016282051282051,0.1958333333333377,-0.2501666666666715,1,0,0.9953,0.0407026175684448,0.9248,1.0816,0.1567999999999999,1.0816,0.0181,0.1333999999999998,-0.1065999999999999,0.0004641025641025,0.2941666666666656,-0.3878333333333223,1,0,0.0043649999999999,0.7917274856692185,-1.6537,1.6187,3.2724,1.6537,-0.9013,1.7762,-1.4525,-0.0231102564102564,6.533166666666553,-6.737500000000022,1,0,-0.5810074999999999,0.918347948244494,-2.2313,2.0387,4.27,2.2313,0.0874999999999999,1.855,-1.7937,0.0022435897435897,7.597666666666829,-7.466500000000012,1,1,-27.672299999999996,1.7339488295765086,-29.1987,-23.31,5.8887,29.1987,4.873800000000003,0.8924999999999983,-0.7261999999999986,0.1249692307692308,7.772833333333324,-2.0998333333332937,0,0
clockwise_circle,2.34,40,1.0043420674873809,1.0729431345602618,0.8890905240750235,0.1838526104852382,22.876983836371146,24.068867866603114,20.83213014504278,3.236737721560335,0.0398125,0.0188324894864277,-0.0024,0.0793,0.0817,0.0793,0.0036999999999999,0.0716,-0.0583,9.487179487179476e-05,0.1119166666666691,-0.1105000000000023,0,0,0.1847325,0.0266774887095122,0.1376,0.2491,0.1114999999999999,0.2491,0.0211999999999999,0.0744,-0.0723999999999999,0.0005435897435897,0.1744999999999892,-0.2743333333333322,1,0,0.98593,0.0389935050476029,0.8728,1.0568,0.1839999999999999,1.0568,-0.0135999999999998,0.1529000000000001,-0.1273,-0.0003487179487179,0.3318750000000063,-0.2558333333333387,0,0,0.0164024999999999,0.7445130776649277,-1.435,1.8987,3.3337000000000003,1.8987,-2.3362,2.0126,-1.5137,-0.0599025641025641,7.714666666666568,-7.83116666666645,1,0,-0.3745,0.6631065328031038,-1.9512,0.7437,2.6949,1.9512,-1.3212000000000002,2.2749,-2.1,-0.033876923076923,5.002000000000106,-5.775166666666584,1,0,-22.8528075,0.8604810337418756,-24.0537,-20.8075,3.246199999999998,24.0537,0.1836999999999982,0.8924999999999983,-0.8661999999999992,0.0047102564102563,6.57700000000014,-6.299833333333339,1,0
clockwise_circle,2.34,40,0.9997670895984944,1.0653694429633318,0.8890905240750235,0.1762789188883082,23.55864255209973,25.805366649981934,20.83213014504278,4.973236504939155,0.0491825,0.0209864411356109,-0.0024,0.0903,0.0927,0.0903,0.0006,0.0716,-0.0564999999999999,1.5384615384615824e-05,0.1476666666666723,-0.1145000000000017,1,0,0.190955,0.0293709951989094,0.1261,0.2494,0.1233,0.2494,0.0635,0.0931,-0.0768,0.0016282051282051,0.2196666666666713,-0.1844444444444375,1,0,0.979565,0.0351430523461626,0.8728,1.0345,0.1616999999999999,1.0345,-0.0185999999999999,0.1028,-0.0981999999999999,-0.000476923076923,0.3611666666666737,-0.3222222222222097,1,0,0.0485599999999999,0.7473213336944636,-1.785,1.5838,3.3688,1.785,2.3451,2.0126,-1.5137,0.0601307692307692,7.714666666666607,-5.833333333333458,0,0,-0.5547449999999999,0.5760123351376855,-1.8025,0.595,2.3975,1.8025,-0.875,1.3912,-1.3387,-0.0224358974358974,3.4415000000000737,-5.9794444444442165,1,0,-23.5339975,1.2333209542318802,-25.7075,-20.8075,4.899999999999999,25.7075,-4.427499999999998,0.621299999999998,-0.8661999999999992,-0.1135256410256409,1.545666666666648,-6.299833333333339,0,0
clockwise_circle,2.3400000000000034,40,1.0145117757180802,1.1008465560649223,0.931654447743368,0.1691921083215544,26.16594447550806,29.223964338022313,23.740567337365803,5.48339700065651,0.0636775,0.0239121092325356,0.0215,0.1144,0.0929,0.1144,0.0272,0.0647,-0.0622,0.0006974358974358,0.160249999999994,-0.1145000000000017,0,0,0.2107125,0.0337000356653543,0.1261,0.2655,0.1394,0.2655,-0.0025,0.0984,-0.0849,-6.410256410256416e-05,0.2196666666666715,-0.1213333333333324,0,0,0.9895824999999998,0.0418884776244292,0.9187,1.0733,0.1545999999999999,1.0733,0.0421,0.1211999999999998,-0.1370999999999999,0.0010794871794871,0.155833333333323,-0.208666666666673,0,0,0.07109,0.908257382700944,-2.135,1.5838,3.7188,2.135,-1.715,1.3562,-2.5374999999999996,-0.0439743589743589,7.714666666666606,-8.997999999999953,1,0,-0.6575625,1.0057620870450323,-3.0275,2.2137,5.241199999999999,3.0275,-1.5926,2.4237,-2.905,-0.0408358974358974,6.401999999999819,-10.295999999999715,1,1,-26.1246475,1.861303040950076,-29.1987,-23.7125,5.4862,29.1987,-4.462599999999998,0.6123999999999974,-0.7525000000000013,-0.1144256410256409,2.357361111111059,-4.710166666666765,0,0
clockwise_circle,2.34,40,1.0149303942046843,1.1008465560649223,0.9469088762916946,0.1539376797732277,27.819000184744187,29.223964338022313,25.716624844252017,3.5073394937702993,0.0607725,0.0243481793927921,0.012,0.1144,0.1024,0.1144,-0.0175,0.0647,-0.0622,-0.0004487179487179,0.1241666666666622,-0.2069999999999922,1,0,0.2121,0.0367201125633714,0.1356,0.2655,0.1299,0.2655,-0.0252999999999999,0.0984,-0.0978999999999999,-0.0006487179487179,0.220972222222214,-0.2173333333333253,1,0,0.9897625,0.0405365975037309,0.9226,1.0733,0.1506999999999999,1.0733,-0.0229999999999999,0.1211999999999998,-0.1370999999999999,-0.0005897435897435,0.1949999999999914,-0.2636666666666567,1,0,-0.0669374999999999,1.115778948029306,-2.1613,1.9688,4.1301000000000005,2.1613,1.3038,2.1263,-2.5374999999999996,0.0334307692307692,9.858333333333343,-9.595999999999638,1,0,-0.6420375,1.1250285901067991,-3.0275,2.2137,5.241199999999999,3.0275,-2.0037000000000003,2.0999,-2.905,-0.051376923076923,6.401999999999819,-10.295999999999715,1,1,-27.768115,0.9412514096560424,-29.1987,-25.7075,3.491199999999999,29.1987,-0.682500000000001,1.0151000000000003,-0.7525000000000013,-0.0175,4.491833333333204,-4.710166666666822,0,0
clockwise_circle,2.3399999999999963,40,1.018832457105344,1.114210186634461,0.9236085155519084,0.1906016710825524,24.848589593696335,26.506508283438617,23.290509522550163,3.2159987608884535,0.03549,0.0276585851650682,-0.0239,0.0903,0.1142,0.0903,-0.0206,0.0919,-0.0895,-0.0005282051282051,0.1913333333333376,-0.2160000000000166,1,0,0.1846425,0.0367255789258099,0.0954,0.2923,0.1969,0.2923,-0.0268999999999999,0.1027,-0.1231,-0.0006897435897435,0.3506666666666531,-0.2683333333333519,1,0,1.00041,0.0449892397391608,0.9084,1.0953,0.1868999999999999,1.0953,-0.0080999999999999,0.1778,-0.1258999999999999,-0.0002076923076923,0.3801666666666499,-0.37472222222225,1,0,0.0347874999999999,1.3109318023270944,-2.94,2.5812,5.5212,2.94,0.2012,2.4763,-3.1675,0.0051589743589743,14.17500000000009,-15.19583333333396,1,3,-0.680095,0.7082996772517066,-2.8875,0.7875,3.675,2.8875,-1.05,2.3363,-2.835,-0.0269230769230768,5.833333333333113,-5.599833333333644,1,0,-24.7959725,0.9027499267515898,-26.4688,-23.2838,3.1850000000000023,26.4688,2.450000000000003,1.0762999999999998,-0.5862000000000016,0.0628205128205128,5.22083333333336,-2.58116666666686,0,0
clockwise_circle,2.3400000000000034,40,1.0119092577812352,1.0855117641002332,0.91815655527802,0.1673552088222131,23.821218420800164,25.30815748805116,22.8138787708272,2.49427871722396,0.050565,0.0277860742653028,-0.0138,0.1103,0.1240999999999999,0.1103,0.0063,0.0634,-0.0692,0.0001615384615384,0.2793333333333228,-0.1348333333333282,1,0,0.1769649999999999,0.0400811647688882,0.08,0.2508,0.1708,0.2508,0.0388999999999999,0.1246999999999999,-0.1455,0.0009974358974358,0.1773333333333286,-0.2441666666666573,1,0,0.99391,0.0343544032933338,0.9033,1.0617,0.1584000000000001,1.0617,0.014,0.1584000000000001,-0.0974999999999999,0.0003589743589743,0.2463333333333253,-0.2555000000000049,1,0,0.506845,0.8630016855169682,-1.2862,2.8087,4.0949,2.8087,-0.8575,2.0999999999999996,-2.485,-0.0219871794871794,7.116499999999989,-7.45183333333368,1,0,-0.6369999999999999,0.8684134670441205,-2.7213,0.8662,3.5875,2.7213,0.3412,2.1963,-1.8987,0.0087487179487179,8.822999999999665,-7.437666666666547,0,0,-23.7763825,0.5984412598415731,-25.27,-22.7588,2.5111999999999988,25.27,-1.9162,1.0412,-0.9450000000000004,-0.0491333333333333,2.5664999999999054,-3.5000000000000853,1,0
clockwise_circle,2.3399999999999963,40,1.0198217417965432,1.1543161871861627,0.91815655527802,0.2361596319081426,24.89121085183649,26.284212463378086,22.8138787708272,3.4703336925508843,0.057965,0.0240890500712114,0.0058,0.1103,0.1045,0.1103,0.0312,0.0634,-0.0638,0.0007999999999999,0.1418333333333393,-0.1718333333333319,0,0,0.180725,0.0344981288976068,0.12,0.2386,0.1186,0.2386,0.0272,0.1093,-0.1042,0.0006974358974358,0.2478333333333235,-0.2691666666666858,0,0,1.001215,0.0361537567647558,0.9033,1.1367,0.2334,1.1367,0.0791,0.1584000000000001,-0.1168,0.0020282051282051,0.2369999999999841,-0.1971666666666749,1,0,0.6475025000000001,0.9896495630706345,-1.3038,2.8525,4.1563,2.8525,-0.315,1.8113,-1.9162,-0.008076923076923,10.38333333333377,-11.06883333333387,1,0,-0.6348149999999999,0.8041932439503484,-2.7213,0.8662,3.5875,2.7213,0.0875,2.205,-1.8638,0.0022435897435897,7.889666666667315,-4.593833333333525,1,0,-24.842999999999996,0.9966270927740636,-26.2237,-22.7588,3.4649,26.2237,-1.601300000000002,1.0412,-0.8223999999999982,-0.0410589743589744,4.678611111111489,-3.5000000000001137,0,0
clockwise_circle,2.3400000000000034,40,1.02147238543103,1.1543161871861627,0.9551128990857574,0.1992032881004053,25.79002173126644,26.284212463378086,25.156628623287343,1.1275838400907432,0.05582,0.0249258099166305,0.0058,0.1015,0.0957,0.1015,0.0093,0.058,-0.0717,0.0002384615384615,0.1754999999999966,-0.1718333333333319,1,0,0.1866275,0.0312493937377088,0.1235,0.2386,0.1151,0.2386,-0.0022,0.1093,-0.1042,-5.641025641025661e-05,0.2478333333333235,-0.2691666666666858,1,0,1.0020025,0.0382339927122181,0.9409,1.1367,0.1958,1.1367,-0.0147,0.147,-0.1168,-0.000376923076923,0.2448333333333234,-0.2053333333333427,0,0,0.5285,1.0323267677361734,-1.96,2.8525,4.8125,2.8525,1.33,2.485,-1.9338,0.034102564102564,10.38333333333377,-11.06883333333387,1,0,-0.8157225,0.7605540906900604,-2.205,1.225,3.43,2.205,-0.5776,3.36,-2.6425,-0.0148102564102564,5.395999999999794,-4.5938333333335235,1,0,-25.7405325,0.263476883029661,-26.2237,-25.1213,1.1023999999999994,26.2237,0.0524999999999984,0.7261999999999986,-0.875,0.0013461538461538,1.7866666666665798,-1.735500000000087,1,0
clockwise_circle,2.3399999999999963,40,1.0260942727302886,1.0928695713579002,0.9551128990857574,0.1377566722721428,25.91681566785928,26.47275620104563,25.156628623287343,1.3161275777582908,0.0599499999999999,0.027669978176856,0.01,0.1418,0.1318,0.1418,-0.012,0.0944,-0.0954,-0.0003076923076923,0.1754999999999967,-0.2584999999999903,1,0,0.1916625,0.0282046158024551,0.1426,0.2437,0.1011,0.2437,-0.0277,0.0809999999999999,-0.0713,-0.0007102564102564,0.2352777777777962,-0.2048333333333314,1,0,1.005575,0.0334258977594565,0.9409,1.0718,0.1309000000000001,1.0718,-0.0169,0.1157,-0.0882,-0.0004333333333333,0.2732083333333222,-0.2143055555555741,1,0,0.1800399999999999,0.6897498787836438,-1.96,1.4525,3.4124999999999996,1.96,-0.6123999999999999,2.485,-2.4412,-0.015702564102564,3.1791666666670486,-5.541666666667133,0,0,-0.512535,0.7980259868366861,-2.135,1.2513,3.3863,2.135,0.8575,3.36,-2.6425,0.0219871794871795,5.220999999999924,-4.360500000000251,1,0,-25.8901525,0.2983917069270198,-26.46,-25.1213,1.3386999999999991,26.46,-0.2713000000000001,0.7261999999999986,-0.875,-0.0069564102564102,1.6626666666665812,-2.1731666666665888,1,0
clockwise_circle,2.3400000000000034,40,1.0128011958093956,1.0881829855313856,0.9389623794380688,0.1492206060933166,25.437036897570692,26.45724306914838,23.52530537272577,2.931937696422608,0.0494774999999999,0.017082897242714,0.009,0.0798,0.0708,0.0798,-0.0294,0.0559,-0.0655999999999999,-0.0007538461538461,0.1249999999999937,-0.0816666666666636,1,0,0.1874825,0.0273996433394342,0.1303,0.2596,0.1293,0.2596,-0.0116999999999999,0.1239,-0.0847,-0.0002999999999999,0.1138333333333379,-0.3061111111110991,1,0,0.99358,0.0352778873139156,0.9182,1.0712,0.1529999999999999,1.0712,-0.0554,0.1057,-0.0914999999999999,-0.0014205128205128,0.2123333333333263,-0.2795000000000129,0,0,-0.03304,0.847401803039663,-1.3125,1.9425,3.255,1.9425,-2.4412000000000003,1.61,-1.785,-0.0625948717948717,8.458333333333533,-6.465138888888644,1,0,-0.4385849999999999,0.7212019218477742,-1.6888,1.3563,3.0451,1.6888,2.4325,3.0451,-2.0563,0.0623717948717948,5.118666666666472,-4.15633333333305,1,0,-25.4091275,1.018568861004976,-26.4513,-23.4762,2.975100000000001,26.4513,2.3888,0.9187000000000012,-0.4987999999999992,0.061251282051282,7.087499999999693,-2.0659722222221006,0,0
clockwise_circle,2.3399999999999963,40,1.0029787528810854,1.065790237335659,0.9212383404960954,0.1445518968395635,24.40443794500549,26.45724306914838,23.08282856107544,3.3744145080729417,0.0454049999999999,0.0188585007697338,0.0,0.0798,0.0798,0.0798,0.0063,0.0559,-0.0655999999999999,0.0001615384615384,0.1249999999999937,-0.1183333333333397,1,0,0.18296,0.028842941633115,0.1303,0.2581,0.1278,0.2581,0.0406,0.0940999999999999,-0.0723999999999999,0.0010410256410256,0.1634999999999937,-0.2583333333333408,1,0,0.98455,0.0371349030649202,0.9062,1.0409,0.1346999999999999,1.0409,0.0601000000000001,0.1257,-0.1113999999999999,0.0015410256410256,0.2123333333333263,-0.196499999999995,1,0,-0.02714,0.8599953860341345,-1.6187,1.9425,3.5612,1.9425,0.6212,1.7499,-1.785,0.0159282051282051,8.458333333333533,-7.364499999999721,1,0,-0.48605,0.7588462980752848,-1.7237,1.3563,3.08,1.7237,-1.0937,3.0451,-2.0563,-0.0280435897435897,3.937499999999873,-6.270972222221989,1,0,-24.37313,1.0018982772972924,-26.4513,-23.0387,3.412600000000001,26.4513,1.2775,0.9187000000000012,-0.5775000000000006,0.0327564102564102,7.08749999999975,-3.776999999999816,1,0
clockwise_circle,2.3400000000000034,40,1.0047344924323265,1.1030990572020267,0.9212383404960954,0.1818607167059313,25.118273665115417,27.383345531545267,23.08282856107544,4.300516970469829,0.0524699999999999,0.0225467741737266,0.0,0.1071,0.1071,0.1071,0.0612,0.06,-0.0578,0.0015692307692307,0.1533333333333275,-0.2004999999999919,1,0,0.1952675,0.0319772225626384,0.1303,0.2638,0.1334999999999999,0.2638,0.0316,0.0940999999999999,-0.0781,0.0008102564102564,0.2191666666666776,-0.2113333333333256,1,0,0.9834775,0.0440305807918973,0.8941,1.0746,0.1805,1.0746,0.0228999999999999,0.1257,-0.1113999999999999,0.0005871794871794,0.3121666666666538,-0.3384999999999873,1,0,0.0824574999999999,0.84782902330766,-1.6187,2.2225,3.8412,2.2225,1.4874999999999998,1.7499,-1.7762,0.0381410256410256,7.641666666667039,-8.808333333333186,1,0,-0.5742125,0.9461170806790056,-2.9313,1.5488,4.4801,2.9313,0.2362,3.3163,-2.3537999999999997,0.0060564102564102,7.539666666666694,-7.84566666666637,1,0,-25.0807875,1.3221373229014357,-27.37,-23.0387,4.331300000000002,27.37,-3.0275,1.3825000000000005,-1.0673999999999992,-0.0776282051282051,2.872833333333432,-5.439499999999782,0,0
clockwise_circle,2.3399999999999963,40,1.0126927512531414,1.1030990572020267,0.9342434425780038,0.1688556146240228,26.222866888119547,27.383345531545267,24.66069746844156,2.7226480631037084,0.0537725,0.0241143854023554,0.0105,0.1102,0.0997,0.1102,-0.0366,0.06,-0.0578,-0.0009384615384615,0.1236666666666619,-0.2004999999999919,1,0,0.2026424999999999,0.0301957790181478,0.1408,0.2638,0.1229999999999999,0.2638,-0.0317999999999999,0.0586999999999999,-0.0869,-0.0008153846153846,0.2213333333333402,-0.2845833333333564,1,0,0.99005,0.0436121542691942,0.8941,1.0746,0.1805,1.0746,-0.0201999999999999,0.1175,-0.1303,-0.0005179487179487,0.3121666666666538,-0.3384999999999873,1,0,-0.022975,0.980386442057024,-1.96,2.2225,4.1825,2.2225,-1.1113,3.5,-2.2575,-0.0284948717948718,7.641666666667039,-8.808333333333186,1,0,-0.4950324999999999,1.0814012669674091,-3.22,1.5488,4.768800000000001,3.22,0.2538,3.3163,-2.3537999999999997,0.0065076923076922,9.508166666666307,-7.84566666666637,1,0,-26.1786875,0.5561281475581059,-27.37,-24.6313,2.7387000000000015,27.37,-1.6625000000000014,1.3825000000000005,-1.0673999999999992,-0.0426282051282051,2.872833333333432,-5.439499999999782,1,0
clockwise_circle,2.3400000000000034,40,1.0116305214217085,1.1214153467828056,0.9416606660575771,0.1797546807252285,25.315333131691133,27.004306412496508,23.879706759924836,3.1245996525716713,0.03363,0.0251973869219073,-0.0292,0.0801,0.1093,0.0801,0.0155,0.0887,-0.0745,0.0003974358974358,0.1521666666666609,-0.1285000000000091,1,0,0.191175,0.0395531434129596,0.1143,0.2826,0.1683,0.2826,-0.0593,0.1413999999999999,-0.1574999999999999,-0.0015205128205128,0.2256666666666433,-0.2300000000000186,1,0,0.9918375,0.0431063484378,0.9198,1.0865,0.1667,1.0865,0.0293999999999998,0.1586,-0.1489000000000001,0.0007538461538461,0.2429999999999754,-0.271166666666657,1,0,0.152465,0.8178402187218322,-1.2687,1.9338,3.2024999999999997,1.9338,-2.0038,1.9249,-2.5813,-0.0513794871794871,7.000000000000584,-7.218666666666394,1,0,-0.6033225,0.8760236410834924,-2.3625,1.2775,3.64,2.3625,-0.2276,2.3975,-2.5025,-0.0058358974358974,5.381166666666604,-5.600166666667266,1,0,-25.279835,0.9811633062927828,-26.9587,-23.8787,3.080000000000002,26.9587,2.336300000000002,0.8225000000000016,-0.5248999999999988,0.0599051282051282,3.8061666666667975,-1.7938333333333103,0,0
clockwise_circle,2.3399999999999963,40,1.016490946839474,1.1214153467828056,0.9041581498830832,0.2172571968997223,24.579384780217623,25.107715171436848,23.879706759924836,1.2280084115120111,0.04262,0.0292494067439289,-0.0292,0.0991,0.1283,0.0991,-0.0025999999999999,0.0812,-0.0743,-6.666666666666573e-05,0.1871666666666648,-0.1787500000000143,1,0,0.178345,0.0430159657300903,0.1094,0.2718,0.1624,0.2718,-0.0023999999999999,0.1413999999999999,-0.1574999999999999,-6.153846153846117e-05,0.2256666666666433,-0.2878333333333223,1,0,0.9985475,0.04564743364876,0.8918,1.0865,0.1946999999999999,1.0865,-0.0902999999999999,0.1586,-0.1533999999999998,-0.0023153846153846,0.2893333333333228,-0.3218333333333216,1,0,-0.004155,0.9920068648826776,-1.8288,1.9338,3.7626,1.9338,1.0325,2.8263,-2.5813,0.0264743589743589,7.765833333333957,-6.271000000000099,1,0,-0.5007225,0.9968054789246008,-2.1788,2.0738,4.252599999999999,2.1788,-1.5663,3.4038,-2.9575,-0.0401615384615384,7.466666666666424,-13.100972222221726,1,1,-24.5350025,0.2967894250375219,-25.0163,-23.8787,1.1376000000000026,25.0163,0.0874999999999985,0.7000999999999991,-0.7787000000000006,0.0022435897435897,2.041833333333358,-1.7938333333333103,1,0
clockwise_circle,2.3400000000000034,40,1.0182034519294167,1.0887327312063324,0.9041581498830832,0.1845745813232491,25.068353935846556,26.597398803830423,24.03193153785189,2.565467265978537,0.0606149999999999,0.0263476126491128,0.0057,0.1127,0.107,0.1127,0.0141,0.0812,-0.0693,0.0003615384615384,0.2238888888888803,-0.1714999999999935,1,0,0.1771174999999999,0.036584218872525,0.1094,0.2639,0.1545,0.2639,-0.0041,0.1091,-0.1395,-0.0001051282051282,0.2071666666666589,-0.2878333333333223,1,0,0.9998675,0.0402339083138231,0.8918,1.0824,0.1906,1.0824,-0.0411000000000001,0.1024,-0.1533999999999998,-0.0010538461538461,0.2893333333333228,-0.4173333333333193,1,0,0.1148375,0.9783347402307186,-1.8288,2.4237,4.2525,2.4237,1.4875,2.8263,-2.0126,0.0381410256410256,9.163194444444096,-7.743833333333041,1,0,-0.619065,1.0593717425908622,-2.7125,2.0738,4.7863,2.7125,-0.7963,3.4038,-4.2,-0.0204179487179487,7.510333333333048,-6.241833333333096,1,1,-25.0197575,0.6496030408730694,-26.5562,-23.9312,2.625,26.5562,-1.9600000000000009,0.7000999999999991,-0.7787000000000006,-0.0502564102564102,1.3365277777777456,-3.1208333333333655,0,0
clockwise_circle,2.3399999999999963,40,1.0192547703528332,1.1223286996241342,0.9363506768300004,0.1859780227941336,25.48933726317908,26.597398803830423,24.55703000812598,2.040368795704442,0.06231,0.0240394312830036,0.0057,0.1127,0.107,0.1127,0.0255,0.0587,-0.0609999999999999,0.0006538461538461,0.1983333333333307,-0.1714999999999934,1,0,0.1734125,0.0306579741373289,0.0944,0.2406,0.1462,0.2406,0.0632,0.1059,-0.0857,0.0016205128205128,0.2658333333333236,-0.2171666666666583,0,0,1.0017575,0.0412289037740546,0.9165,1.0935,0.1769999999999999,1.0935,0.1333999999999999,0.1024,-0.1378,0.0034205128205128,0.2701666666666646,-0.4173333333333193,1,0,0.59412,0.9358782410943456,-1.2075,2.4938,3.7013,2.4938,-1.2512,1.855,-2.5463,-0.0320820512820512,10.63133333333336,-7.743833333333041,1,0,-0.6125,0.9516290645047872,-2.7125,1.4875,4.2,2.7125,-1.26,2.1613,-4.2,-0.0323076923076923,7.510333333333048,-6.526250000000527,1,0,-25.4408475,0.4983576231045435,-26.5562,-24.4737,2.0824999999999996,26.5562,-0.1750000000000007,0.7175000000000011,-0.5863000000000014,-0.0044871794871795,3.397833333333324,-3.120833333333337,0,0
clockwise_circle,2.3400000000000034,40,1.0233391939603909,1.123067526910114,0.949031506326318,0.174036020583796,24.928544836396703,26.478959287328493,22.51731146540368,3.9616478219248137,0.04959,0.0230417102285487,0.0002,0.1042,0.104,0.1042,-0.0149,0.0559,-0.0679,-0.0003820512820512,0.1633333333333271,-0.1636666666666605,1,0,0.1792225,0.0380524906526733,0.1156,0.2933,0.1777,0.2933,0.031,0.1777,-0.1413,0.0007948717948717,0.274500000000013,-0.2406666666666574,1,0,1.005455,0.0380250925924798,0.9372,1.1051,0.1678999999999999,1.1051,0.0363999999999999,0.1209,-0.1008,0.0009333333333333,0.3036666666666789,-0.2838333333333214,1,0,0.0231875,0.7218291115284836,-1.2687,1.7413,3.01,1.7413,1.715,2.4675,-1.9249,0.0439743589743589,7.789861111110816,-4.6811666666668685,1,0,-0.4790549999999999,0.8612047104537297,-2.0912,1.4525,3.5437000000000003,2.0912,0.8575,2.3011999999999997,-2.4413,0.0219871794871794,7.765555555555261,-7.160500000000182,1,0,-24.8994425,1.1444645441265624,-26.4075,-22.4875,3.919999999999998,26.4075,1.863699999999998,1.2949999999999982,-0.5863000000000014,0.0477871794871794,6.970833333333729,-3.0916666666667254,0,0
clockwise_circle,2.3399999999999963,40,1.013204134186782,1.1150597921187904,0.937114966266146,0.1779448258526442,24.15815038754369,26.24902581525646,22.51731146540368,3.73171434985278,0.039795,0.020566115398006,-0.0124,0.1042,0.1166,0.1042,-0.0276,0.0559,-0.0637,-0.0007076923076923,0.1197083333333287,-0.1435000000000031,1,0,0.173845,0.0336482250836808,0.1156,0.2933,0.1777,0.2933,-0.0127,0.1777,-0.1413,-0.000325641025641,0.196333333333347,-0.2547222222222424,1,0,0.9966575,0.0373101889397246,0.9171,1.0951,0.1779999999999999,1.0951,-0.0312999999999999,0.1209,-0.1094,-0.0008025641025641,0.3036666666666789,-0.2791666666666632,1,0,-0.0546949999999999,0.638364237298377,-1.2687,1.2075,2.4762,1.2687,0.4637,2.4675,-1.9249,0.0118897435897435,5.392124999999796,-4.696000000000369,1,0,-0.30231,0.8187465284483066,-1.7062,1.7675,3.4737,1.7675,-0.07,2.3011999999999997,-3.0362,-0.0017948717948718,6.168833333333722,-7.160500000000182,1,0,-24.1346925,0.9669238811786528,-26.18,-22.4875,3.692499999999999,26.18,2.3187,1.2949999999999982,-0.559899999999999,0.0594538461538461,6.970833333333758,-4.010333333333193,1,0
clockwise_circle,2.3400000000000034,40,1.011447273502814,1.0805800109200614,0.9261683918165208,0.1544116191035407,23.383036906314725,24.980652751279337,21.831882445863435,3.1487703054159013,0.0392725,0.0199465180754269,-0.0124,0.0837,0.0960999999999999,0.0837,0.0324999999999999,0.037,-0.0555,0.0008333333333333,0.1375000000000116,-0.1435000000000031,1,0,0.1747599999999999,0.0293738048311145,0.1067,0.243,0.1362999999999999,0.243,0.0046999999999999,0.1123999999999999,-0.1067999999999999,0.0001205128205128,0.2641666666666571,-0.1834999999999991,1,0,0.9948625,0.0380688154732776,0.9111,1.0658,0.1547,1.0658,-0.0454999999999998,0.1071,-0.1094,-0.0011666666666666,0.2855000000000061,-0.234166666666665,1,0,0.00853,0.7177336446885771,-1.575,1.5925,3.1675,1.5925,-0.91,1.9075,-1.33,-0.0233333333333333,7.802000000000355,-6.29983333333326,1,0,-0.3090875,0.7788573103205385,-1.9338,1.9863,3.9201,1.9863,-0.3237,2.59,-3.0362,-0.0082999999999999,5.6730000000007195,-5.673166666666276,1,0,-23.357475,0.8618847762689064,-24.9638,-21.7962,3.1676,24.9638,0.4288000000000025,0.5950999999999986,-0.621299999999998,0.0109948717948718,3.6749999999998697,-4.010333333333165,0,0
clockwise_circle,2.3399999999999963,40,1.008822067309638,1.0805800109200614,0.9261683918165208,0.1544116191035407,22.551203783361107,23.30836327780224,21.831882445863435,1.4764808319388043,0.0439,0.0184381850155232,-0.0105,0.0837,0.0941999999999999,0.0837,0.0023999999999999,0.0401999999999999,-0.0603,6.153846153846135e-05,0.1375000000000116,-0.1449999999999999,1,0,0.173825,0.031297388684386,0.1047,0.2191,0.1143999999999999,0.2191,0.0567999999999999,0.1123999999999999,-0.1067999999999999,0.0014564102564102,0.2641666666666571,-0.2068333333333254,1,0,0.9921975,0.0335042399727832,0.9111,1.0658,0.1547,1.0658,0.0931999999999999,0.1071,-0.0579,0.0023897435897435,0.2855000000000061,-0.224166666666667,1,0,-0.0093974999999999,0.9092947141455716,-1.7325,1.5925,3.325,1.7325,2.0387,1.9075,-1.5137,0.0522743589743589,9.406333333333652,-8.73550000000016,1,0,-0.3233074999999999,0.760303989267552,-1.9338,1.9863,3.9201,1.9863,-3.465,1.9426,-2.0563,-0.0888461538461538,4.725166666666488,-7.262500000000044,1,0,-22.51834,0.44708963066275,-23.2838,-21.7962,1.4876000000000005,23.2838,1.3300000000000018,0.5950999999999986,-0.621299999999998,0.0341025641025641,3.223000000000127,-3.0041666666667197,1,0
clockwise_circle,2.3400000000000034,40,1.0137317174659466,1.090577122444809,0.9276958014349316,0.1628813210098775,25.056025402848217,26.56950671597047,22.165113144082977,4.404393571887493,0.0511549999999999,0.0235060379586356,0.0062,0.1135,0.1073,0.1135,-0.0392,0.0606,-0.0883999999999999,-0.0010051282051282,0.2024999999999961,-0.2404999999999953,1,0,0.1920375,0.0309515559237748,0.1252,0.2445,0.1192999999999999,0.2445,0.0100999999999999,0.0579,-0.0824999999999999,0.0002589743589743,0.2946666666666802,-0.2860000000000022,1,0,0.99333,0.0378174169615142,0.905,1.0691,0.1640999999999999,1.0691,0.0721,0.1400999999999999,-0.0939999999999998,0.0018487179487179,0.2666666666666621,-0.2809999999999899,0,0,-0.0109375,1.1524831582700694,-2.5988,2.8788,5.477600000000001,2.8788,-0.0787999999999999,2.4938,-2.0912,-0.0020205128205128,10.033333333333292,-12.424999999999532,1,1,-0.3653125,1.1435994585669476,-3.2113,1.5137,4.725,3.2113,1.2075,2.1174999999999997,-3.5088,0.0309615384615384,6.62083333333303,-10.514666666666267,1,0,-25.0029025,1.2812388849273972,-26.5562,-22.1375,4.418700000000001,26.5562,-4.077500000000001,0.7349999999999994,-0.7963000000000022,-0.104551282051282,1.8811666666666156,-4.914833333333121,0,0
clockwise_circle,2.3399999999999963,40,1.0033536137223922,1.0934066078088245,0.9234952355047644,0.1699113723040599,25.923929726184575,26.56950671597047,23.8565677659214,2.712938950049068,0.041615,0.0252686240023939,-0.0008,0.1088,0.1095999999999999,0.1088,-0.0584999999999999,0.0606,-0.0883999999999999,-0.0014999999999999,0.1886666666666667,-0.280833333333356,0,0,0.186165,0.0351341352752342,0.1242,0.2445,0.1202999999999999,0.2445,-0.0239,0.0939,-0.0824999999999999,-0.0006128205128205,0.2946666666666802,-0.3023333333333402,1,0,0.9842225,0.0360674047568914,0.9109,1.0706,0.1596999999999999,1.0706,-0.0805,0.0804999999999999,-0.0939999999999998,-0.0020641025641025,0.2358333333333409,-0.3130000000000112,1,0,-0.2767225,1.250524004934198,-2.8438,2.0738,4.9176,2.8438,3.5263,2.4938,-2.9749,0.0904179487179487,13.664666666666148,-9.84383333333321,1,1,-0.5630675,1.0061328294291605,-3.2113,1.5137,4.725,3.2113,-0.4462000000000001,2.1174999999999997,-3.5088,-0.0114410256410256,5.818666666666896,-10.00399999999962,1,0,-25.867835000000003,0.5843263820801453,-26.5562,-23.7213,2.834900000000001,26.5562,2.1700000000000017,0.7349999999999994,-0.4813000000000009,0.0556410256410256,6.285166666666413,-2.78550000000007,0,0
clockwise_circle,2.3399999999999963,40,1.0052447888533376,1.109009147843245,0.9234952355047644,0.1855139123384805,24.578750261997943,26.508289748303262,21.933000966124084,4.575288782179182,0.0316575,0.0264205425855113,-0.0205,0.1088,0.1293,0.1088,0.0482999999999999,0.0626999999999999,-0.0896,0.0012384615384615,0.1589999999999939,-0.2421666666666571,1,0,0.1784899999999999,0.0392201727267735,0.1093,0.2601,0.1508,0.2601,0.0232,0.0951,-0.0939,0.0005948717948717,0.328333333333344,-0.3079999999999836,0,0,0.9877575,0.0412079211174321,0.9109,1.0863,0.1754,1.0863,0.052,0.0867,-0.1166,0.0013333333333333,0.3135000000000216,-0.3285000000000035,1,0,-0.0629975,1.3336097644512594,-2.8438,2.275,5.1188,2.8438,-2.5987,2.2838000000000003,-2.9749,-0.0666333333333333,13.854166666667972,-11.331166666666237,1,3,-0.7441800000000001,0.8315889607190222,-3.1325,0.7962,3.9287,3.1325,1.4612,2.2662,-2.8175,0.0374666666666666,4.783333333333151,-7.043666666666399,0,0,-24.518369999999997,1.411651788835716,-26.4163,-21.9013,4.515000000000001,26.4163,3.1237999999999992,1.1987000000000023,-0.5425000000000004,0.0800974358974358,6.8103333333330625,-3.4416666666665208,0,0
clockwise_circle,2.3399999999999963,40,1.001335247269309,1.109009147843245,0.9035183340696524,0.2054908137735924,23.389547769473555,24.650667967623107,21.53564035802047,3.115027609602638,0.0214175,0.0298341474247899,-0.0329,0.1042,0.1371,0.1042,0.0213,0.1112,-0.0896,0.0005461538461538,0.1708888888888824,-0.1618333333333272,1,0,0.16682,0.0416483089815858,0.0664,0.2601,0.1936999999999999,0.2601,0.0766,0.0951,-0.1132,0.0019641025641025,0.3620833333333624,-0.3281666666666544,1,0,0.98591,0.0450265836009043,0.8919,1.0863,0.1944,1.0863,-0.0445999999999999,0.19,-0.1166,-0.0011435897435897,0.4934722222222056,-0.3833333333333701,1,0,0.2649074999999999,1.2375455446449286,-2.3275,2.4762,4.8037,2.4762,-0.7087000000000001,2.2838000000000003,-2.4937,-0.0181717948717948,13.854166666667972,-11.812333333332884,1,3,-0.7032774999999999,0.8680715244333563,-2.3712,1.2687,3.6399,2.3712,-1.7413,2.9488,-3.6399,-0.0446487179487179,5.7362499999997825,-5.877166666667869,1,0,-23.3296825,0.6987317561996127,-24.605,-21.3937,3.211300000000002,24.605,-0.3149999999999977,1.4263000000000012,-1.5838,-0.008076923076923,6.8103333333330625,-4.024999999999807,1,0
clockwise_circle,2.3400000000000034,40,1.022120548064379,1.1483439075468638,0.9151747647307588,0.2331691428161049,24.887693931928357,26.299139855326064,23.77468577478996,2.524454080536106,0.0526175,0.0261382997063401,-0.0088,0.1366,0.1454,0.1366,-0.0049999999999999,0.0948,-0.0776,-0.0001282051282051,0.1796666666666598,-0.1754999999999933,1,0,0.1766175,0.032786910204672,0.0913,0.2369,0.1456,0.2369,0.0045999999999999,0.1069,-0.0811,0.0001179487179487,0.2554999999999903,-0.2768333333333255,1,0,1.0046025,0.0462373114264737,0.9065,1.1244,0.2179000000000001,1.1244,-0.0014,0.1667999999999999,-0.1030999999999999,-3.589743589743764e-05,0.2571666666667127,-0.3518333333333192,1,0,0.1975249999999999,1.390724555992676,-2.4588,3.5612,6.02,3.5612,-0.3938000000000001,2.8175,-4.1913,-0.0100974358974359,12.133333333332876,-10.325000000000786,1,2,-0.421755,1.304848124367992,-3.1412,2.1437,5.2849,3.1412,3.3337,3.6313,-3.7887,0.0854794871794871,10.99591666666625,-9.697833333332966,1,2,-24.812165,0.6340728064440194,-26.1362,-23.695,2.4411999999999985,26.1362,-1.5576000000000008,0.7613000000000021,-1.0850000000000009,-0.0399384615384615,1.808333333333252,-4.214333333333144,0,0
clockwise_circle,2.3400000000000034,40,1.0153236939517307,1.0964807203047393,0.9151747647307588,0.1813059555739804,25.38599156646506,26.40499402461587,24.298116169365887,2.106877855249987,0.054965,0.0253935843906512,-0.0088,0.1015,0.1103,0.1015,-0.0249,0.0644,-0.0769,-0.0006384615384615,0.1796666666666598,-0.154027777777772,1,0,0.1881824999999999,0.0320499040960203,0.0913,0.2395,0.1482,0.2395,0.0245999999999999,0.0865999999999999,-0.0811,0.0006307692307692,0.2554999999999903,-0.2768333333333252,1,0,0.9954725,0.0419461497728841,0.9065,1.0753,0.1687999999999999,1.0753,-0.0544,0.1667999999999999,-0.1098000000000001,-0.0013948717948717,0.2473333333333229,-0.4266666666666516,1,0,0.63656,1.1483251747988996,-1.82,3.5612,5.3812,3.5612,-4.375,2.0563,-3.115,-0.1121794871794871,10.456166666666268,-10.193666666666282,1,0,-0.497,1.1390033758757745,-2.975,1.5488,4.5238,2.975,2.0212,2.8436999999999997,-2.94,0.051825641025641,7.320666666666442,-8.16649999999969,1,0,-25.322944999999997,0.5098847818317287,-26.3288,-24.2725,2.0563,26.3288,0.1138000000000012,0.7348999999999997,-0.8049999999999997,0.0029179487179487,2.1875000000003695,-4.214333333333144,0,0
clockwise_circle,2.339999999999989,40,1.0168209191236235,1.1237334781877772,0.9225314574582268,0.2012020207295505,24.722630729926504,26.40499402461587,22.90290729361668,3.5020867309991957,0.0496225,0.0263236900957371,-0.0083,0.0967,0.105,0.0967,-0.0124,0.0662,-0.0681,-0.0003179487179487,0.1334999999999949,-0.1529999999999942,0,0,0.192915,0.0287782374150667,0.1293,0.2395,0.1101999999999999,0.2395,-0.016,0.0566,-0.0915999999999999,-0.0004102564102564,0.2668333333333235,-0.2704999999999897,1,0,0.996435,0.0440109342474496,0.9134,1.101,0.1876,1.101,0.0349,0.1244999999999999,-0.1512000000000001,0.0008948717948717,0.4173333333333193,-0.3263333333333555,1,0,0.3377475,0.8813792236551902,-1.82,2.3012,4.1212,2.3012,-1.33,2.3274999999999997,-3.115,-0.0341025641025641,4.258333333333172,-8.326999999999684,1,0,-0.5661149999999999,1.076866991655863,-2.485,1.6013,4.0863,2.485,-1.4175,3.0976,-2.94,-0.0363461538461538,5.570833333333123,-6.576999999999751,1,0,-24.6758775,0.9180110259902892,-26.3288,-22.8725,3.4563000000000024,26.3288,3.4563000000000024,0.7437000000000005,-0.621299999999998,0.0886230769230769,4.097666666666498,-2.654166666666953,0,0
clockwise_circle,2.3400000000000034,40,1.011874856315193,1.1227558728414648,0.924175356737021,0.1985805161044438,22.750877964838697,23.0748429396605,22.131925484015166,0.9429174556453326,0.0576249999999999,0.0196190612441718,0.0212,0.1069,0.0857,0.1069,-0.0229,0.0529,-0.0441999999999999,-0.0005871794871794,0.110833333333329,-0.2455555555555462,1,0,0.1880399999999999,0.0295675220296588,0.1308,0.2452,0.1144,0.2452,-0.0156,0.1051,-0.0895,-0.0004,0.3515277777777646,-0.1626666666666607,1,0,0.991995,0.0419630725941089,0.8908,1.1073,0.2164999999999999,1.1073,0.0507,0.0991999999999999,-0.1582999999999998,0.0013,0.2433333333333234,-0.2399999999999913,1,0,0.0227525,0.8610707034871447,-1.5575,1.33,2.8875,1.5575,0.4987000000000001,2.1175,-1.8025,0.0127871794871794,7.700000000000765,-6.825000000000592,1,0,-0.4057824999999999,0.8568309137829369,-2.1263,2.0563,4.1826,2.1263,0.8487,2.7126,-2.9575,0.0217615384615384,8.998000000000044,-4.258499999999838,1,1,-22.7156575,0.2533289731954409,-23.0387,-22.1025,0.9361999999999996,23.0387,0.3412000000000006,0.6475000000000009,-0.8488000000000007,0.0087487179487179,2.0855000000003088,-1.866666666666532,1,0
clockwise_circle,2.3400000000000034,40,1.001741966561276,1.076287308296442,0.924175356737021,0.1521119515594209,22.733155040455006,24.30358692415587,21.88624188137379,2.417345042782081,0.05099,0.0208337842002494,0.0039,0.1069,0.103,0.1069,0.016,0.0652,-0.0561,0.0004102564102564,0.1059999999999959,-0.2093333333333254,1,0,0.1867575,0.0280143908760095,0.103,0.2408,0.1377999999999999,0.2408,-0.0402,0.0781,-0.0633999999999999,-0.0010307692307692,0.2071666666666589,-0.2931666666666566,0,0,0.982245,0.0390405440141793,0.8908,1.0501,0.1593,1.0501,0.0825,0.097,-0.1582999999999998,0.0021153846153846,0.2839999999999882,-0.2894999999999879,1,0,0.0794024999999999,1.0216284678902825,-1.8463,1.7675,3.6138,1.8463,0.2450000000000001,3.2462999999999997,-2.0737,0.0062820512820512,8.297833333333019,-9.026999999999656,1,0,-0.43532,0.6641092346046541,-1.8025,1.6888,3.4913,1.8025,-0.4549999999999999,2.4063,-1.8113,-0.0116666666666666,4.31683333333317,-3.5581666666665304,1,0,-22.6970725,0.5207999453441916,-24.2463,-21.8838,2.3625000000000007,24.2463,-1.9776000000000025,0.6475000000000009,-0.8488000000000007,-0.0507076923076923,2.1874999999999147,-3.7333333333332064,1,0
clockwise_circle,2.339999999999989,40,0.997395962231374,1.0881491671641348,0.920108569680774,0.1680405974833606,23.57152114449044,25.049641024174377,21.88624188137379,3.163399142800589,0.0440575,0.0193941292663527,-0.011,0.0813,0.0923,0.0813,0.0502,0.0857,-0.0779,0.0012871794871794,0.107833333333345,-0.1078333333333292,1,0,0.187765,0.0281111853821524,0.103,0.243,0.14,0.243,-0.0136999999999999,0.0791,-0.0823,-0.000351282051282,0.2071666666666587,-0.1942499999999927,1,0,0.9780225,0.0384309536535062,0.9041,1.0644,0.1603,1.0644,0.0374999999999999,0.1257,-0.1592,0.0009615384615384,0.2839999999999882,-0.2229999999999936,1,0,-0.0691225,0.975807743907842,-1.8463,1.7675,3.6138,1.8463,-0.1925000000000001,3.2462999999999997,-2.0737,-0.0049358974358974,8.297833333333019,-9.026999999999656,0,0,-0.4267825,1.1929227924137658,-3.7362,2.8963,6.6325,3.7362,-2.5813,3.6138,-5.1275,-0.0661871794871794,10.682083333335456,-7.116500000000464,1,1,-23.5189075,0.9642222470660896,-24.9112,-21.8838,3.0274,24.9112,-2.178699999999999,0.5950000000000024,-0.7261999999999986,-0.0558641025641025,1.8956666666666135,-3.7333333333332064,0,0
clockwise_circle,2.3400000000000034,40,1.0153594761549771,1.1432817850381418,0.9183853711814012,0.2248964138567406,24.80606985015591,25.28612114757817,24.18872571716005,1.0973954304181213,0.041915,0.0231093226831033,-0.0107,0.0939,0.1046,0.0939,-0.0934,0.0613999999999999,-0.0527,-0.0023948717948717,0.0953333333333297,-0.1856944444444373,0,0,0.20214,0.0358101174644891,0.1035,0.2636,0.1601,0.2636,0.0819999999999999,0.1028,-0.1214,0.0021025641025641,0.309277777777766,-0.3463333333333198,1,0,0.993375,0.0427135044399129,0.9026,1.1126,0.21,1.1126,0.0422999999999998,0.1533,-0.1142999999999999,0.0010846153846153,0.2663333333333213,-0.3693333333333193,1,0,0.252665,1.2361156465169845,-2.6163,2.5375,5.1538,2.6163,1.0937,2.7651000000000003,-2.2313,0.0280435897435897,11.316833333332903,-10.32499999999961,0,1,-0.440125,0.7087475557774523,-2.0738,1.085,3.1588,2.0738,1.4524,2.4587000000000003,-2.3362,0.0372410256410256,6.617124999999748,-6.752333333333078,1,0,-24.7609825,0.2508762918022778,-25.2525,-24.1763,1.0762,25.2525,0.0438000000000009,0.8049999999999997,-0.6213000000000015,0.0011230769230769,2.114666666666579,-1.662499999999966,1,0
clockwise_circle,2.3400000000000034,40,1.0083881637320429,1.1532219560865116,0.8956860052496076,0.2575359508369039,23.842263114912345,25.22545519054116,21.592759132172063,3.632696058369099,0.02768,0.0340285340296217,-0.0801,0.1044,0.1845,0.1044,-0.0035,0.1171,-0.1379,-8.974358974358911e-05,0.224666666666658,-0.200166666666659,1,4,0.1815574999999999,0.0441068683964707,0.0711,0.2636,0.1925,0.2636,-0.1819,0.1028,-0.1214,-0.0046641025641025,0.1978333333333259,-0.3463333333333198,1,0,0.9901175,0.0546259583615983,0.8733,1.1348,0.2615,1.1348,-0.0323999999999999,0.1613,-0.2615,-0.0008307692307692,0.2663333333333213,-0.4318055555555388,1,0,0.1034725,1.3609862494807363,-3.36,2.5375,5.8975,3.36,-0.3237,2.7651000000000003,-3.3338,-0.0082999999999999,15.166499999999424,-13.066499999999504,1,1,-0.253745,0.8464189581967501,-3.2025,1.085,4.2875,3.2025,0.4025000000000001,4.025,-3.3163,0.0103205128205128,6.853999999999741,-6.752333333333078,1,0,-23.7881925,1.147350550323189,-25.165,-21.5775,3.5874999999999986,25.165,2.8262,0.866299999999999,-1.058799999999998,0.0724666666666666,5.5710000000007085,-1.7745833333332603,0,0
clockwise_circle,2.3400000000000034,40,1.00433278998014,1.1532219560865116,0.8953506910702644,0.2578712650162471,22.639671559639535,24.461442311114855,21.592759132172063,2.868683178942792,0.0388975,0.0423374507638271,-0.0801,0.1098,0.1899,0.1098,-0.1056999999999999,0.1171,-0.1379,-0.0027102564102564,0.2364999999999998,-0.3393055555555427,1,4,0.165645,0.0387981955039016,0.0614,0.2287,0.1672999999999999,0.2287,0.0143,0.1173,-0.1309,0.0003666666666666,0.2619999999999782,-0.2588333333333235,1,0,0.98821,0.0573372962255941,0.8733,1.1348,0.2615,1.1348,-0.0506999999999999,0.1720999999999999,-0.2615,-0.0012999999999999,0.2879166666666564,-0.7120833333333048,1,0,0.0584149999999999,1.2697631025873717,-3.36,1.9338,5.2938,3.36,-0.9099999999999996,2.7213000000000003,-2.7038,-0.0233333333333332,15.166499999999424,-10.441666666666272,1,0,-0.5991500000000001,1.080538378867279,-3.2025,0.8225,4.025,3.2025,-0.4024999999999999,4.025,-3.4824,-0.0103205128205128,7.060694444444176,-5.891833333332986,1,0,-22.5723725,0.5705681779021814,-24.43,-21.5775,2.852499999999999,24.43,2.038699999999998,0.866299999999999,-1.058799999999998,0.0522743589743589,3.5581666666665512,-2.304333333333261,1,0
clockwise_circle,2.339999999999989,40,1.00863938142944,1.1118116252315406,0.8953506910702644,0.2164609341612762,22.70787600896894,23.5395514441121,21.727616721122455,1.811934722989644,0.05654,0.0321781324058467,-0.0381,0.1116,0.1497,0.1116,0.0378,0.0859,-0.0822,0.0009692307692307,0.2500000000000398,-0.2288333333333245,1,0,0.1633625,0.0375987498939757,0.0614,0.2445,0.1830999999999999,0.2445,-0.0633,0.1139999999999999,-0.1309,-0.0016230769230769,0.1874999999999924,-0.287833333333364,1,0,0.99255,0.0506925069059546,0.8889,1.0933,0.2043999999999999,1.0933,-0.01,0.1720999999999999,-0.1315999999999999,-0.0002564102564102,0.2851666666666572,-0.4433333333333173,1,0,0.3600725000000001,0.9681783561019937,-2.0563,2.4237,4.48,2.4237,-2.2488,2.7213000000000003,-2.3624,-0.0576615384615384,6.1398333333331,-8.95399999999966,1,1,-0.7765650000000001,0.9703907530553784,-3.1937,1.1638,4.3575,3.1937,0.77,2.3099000000000003,-3.4824,0.0197435897435897,9.55199999999964,-5.454000000000046,1,0,-22.6513425,0.4436201313826376,-23.5375,-21.7087,1.828800000000001,23.5375,-1.2250000000000014,0.8138000000000005,-0.6562000000000019,-0.0314102564102564,1.983166666666591,-2.8876666666665756,1,0
clockwise_circle,2.3400000000000034,40,1.01532896006754,1.0902495540012844,0.9225624856886387,0.1676870683126456,24.80582269801681,25.47956721826334,23.42275469495422,2.0568125233091195,0.0471225,0.0230788224325201,-0.0175,0.1054,0.1229,0.1054,0.0092,0.0593,-0.0932,0.0002358974358974,0.2087499999999921,-0.1326666666666617,1,0,0.1784575,0.0316663688582487,0.1022,0.2623,0.1600999999999999,0.2623,-0.001,0.0827,-0.0954,-2.5641025641025663e-05,0.1743333333333268,-0.2751388888888787,1,0,0.99761,0.0418242770869521,0.9077,1.0752,0.1674999999999999,1.0752,0.1052999999999999,0.1303,-0.1455999999999999,0.0026999999999999,0.2186111111111046,-0.2351666666666574,1,0,0.534185,0.9859383885025864,-1.4438,2.4762,3.92,2.4762,0.7525,1.8112,-1.8638,0.0192948717948717,6.810333333333077,-8.137499999999692,1,0,-0.8813425,0.9691237768283794,-2.8612,1.8025,4.6637,2.8612,1.995,2.3274,-3.0362,0.0511538461538461,9.52299999999964,-6.139500000000654,1,0,-24.7467475,0.4718096204427245,-25.4013,-23.415,1.9863,25.4013,0.7788000000000004,0.9800000000000004,-0.6387,0.0199692307692307,4.90000000000029,-2.50850000000014,0,0
clockwise_circle,2.3400000000000034,40,1.011437421881731,1.1132978532270688,0.9186544181573396,0.1946434350697292,24.003438028398723,25.405667752294956,22.595214883465925,2.8104528688290316,0.0331375,0.0271910212131759,-0.0249,0.0757,0.1006,0.0757,0.0158,0.0622,-0.0932,0.0004051282051282,0.2133333333333253,-0.1473333333333277,0,0,0.1758125,0.0307825557285207,0.1022,0.2409,0.1387,0.2409,-0.0068999999999999,0.0827,-0.0954,-0.000176923076923,0.2096666666666589,-0.226333333333407,1,0,0.9946750000000002,0.045212692511092,0.9052,1.0973,0.1920999999999999,1.0973,0.0373999999999999,0.1556999999999999,-0.1920999999999999,0.0009589743589743,0.3214999999999879,-0.2499999999999911,0,0,0.0794025,0.7612081273019311,-1.4438,1.6888,3.1326,1.6888,0.2537999999999999,1.7063,-2.0213,0.0065076923076922,5.920833333333109,-8.050166666666364,1,0,-0.531785,1.0290997800044115,-2.8612,1.8025,4.6637,2.8612,0.2538,3.5437000000000003,-3.0362,0.0065076923076922,8.604166666666343,-6.081499999999771,1,0,-23.9644975,0.9742451985597194,-25.3575,-22.5925,2.765000000000001,25.3575,1.9162,0.9800000000000004,-0.5512999999999977,0.0491333333333333,5.016666666666453,-2.173000000000286,0,0
clockwise_circle,2.3400000000000034,40,1.0238497548836432,1.1381274313538006,0.9186544181573396,0.219473013196461,23.298920381053716,23.993374345848064,22.595214883465925,1.3981594623821394,0.0354325,0.0278992729204038,-0.0249,0.0922,0.1171,0.0922,0.0377,0.0622,-0.0856,0.0009666666666666,0.1858333333333263,-0.1524166666666608,1,0,0.1841799999999999,0.0293117216423912,0.1293,0.253,0.1237,0.253,0.0459999999999999,0.0689999999999999,-0.0816,0.0011794871794871,0.2550000000000214,-0.2043055555555475,1,0,1.0058075,0.0459906812606696,0.9052,1.1189,0.2137,1.1189,0.0147,0.1556999999999999,-0.1920999999999999,0.000376923076923,0.3214999999999879,-0.4874999999999815,1,0,0.14218,0.7922485721682079,-1.3212,2.275,3.5961999999999996,2.275,-1.7238,1.7325,-2.2575,-0.0442,5.0894999999998065,-7.568833333333046,1,0,-0.53222,0.8861373827619536,-2.4237,1.12,3.5437000000000003,2.4237,0.28,3.5437000000000003,-2.2312,0.0071794871794871,4.010333333333182,-3.2083333333332114,1,0,-23.262965,0.3656554820648837,-23.9487,-22.5925,1.3561999999999976,23.9487,0.8488000000000007,0.8138000000000005,-0.9274999999999984,0.0217641025641025,2.5399999999999054,-2.4206666666665626,1,0
clockwise_circle,2.339999999999989,40,1.013255998465504,1.1381274313538006,0.8883538934456245,0.249773537908176,22.84112856143705,23.975698904098707,20.62759697904727,3.348101925051438,0.0426925,0.0241587525945168,-0.0085,0.0925,0.101,0.0925,-0.0037999999999999,0.101,-0.0499,-9.74358974358964e-05,0.1504999999999943,-0.2176666666666584,1,0,0.18635,0.035238360507862,0.0581,0.253,0.1949,0.253,-0.001,0.1197,-0.1268,-2.5641025641024952e-05,0.2550000000000216,-0.2386666666666574,1,0,0.9941775,0.0460729103759771,0.8708,1.1189,0.2481,1.1189,-0.1517999999999999,0.0977,-0.1275,-0.0038923076923076,0.1583333333333261,-0.2333333333333485,0,0,0.0721825,0.7490492328783476,-0.9625,2.275,3.2375,2.275,-1.435,1.7325,-2.2575,-0.0367948717948718,5.0894999999998065,-7.568833333333046,0,0,-0.47819,0.6795343027510713,-2.345,0.7437,3.0887,2.345,1.12,1.7237,-2.2312,0.0287179487179487,6.283055555556806,-4.083499999999845,1,0,-22.814525000000003,0.917036543116062,-23.9487,-20.615,3.3337000000000003,23.9487,1.7238000000000009,0.7524000000000015,-0.9274999999999984,0.0442,6.358333333333093,-2.4206666666665626,0,0
clockwise_circle,2.3400000000000034,40,1.0155795084947978,1.1101014187901932,0.9378496734551864,0.1722517453350067,22.132191818136683,23.50834997931586,21.205983190363987,2.302366788951872,0.0526275,0.0209623592758605,0.0063,0.1061,0.0998,0.1061,-0.0042,0.0584999999999999,-0.0818,-0.0001076923076923,0.1478333333333277,-0.1541666666666607,0,0,0.1865699999999999,0.0358611152886185,0.113,0.2586,0.1456,0.2586,0.0249,0.1198,-0.1190999999999999,0.0006384615384615,0.2214999999999609,-0.1824999999999933,1,0,0.9961950000000002,0.0423061427921374,0.9226,1.0848,0.1622,1.0848,-0.0419,0.1007,-0.1184,-0.0010743589743589,0.3858333333333187,-0.3820833333333165,0,0,-0.0166174999999999,0.9264630929003108,-1.8025,1.6888,3.4913,1.8025,2.0212,1.925,-1.8988,0.051825641025641,7.204166666666902,-6.5625000000009575,1,0,-0.4436175,1.0308861383289225,-3.1412,1.435,4.5762,3.1412,-0.9449,2.7388,-1.9162,-0.0242282051282051,6.24166666666643,-10.441666666666984,1,0,-22.085655,0.4782428290775539,-23.3625,-21.2013,2.161200000000001,23.3625,-1.0061999999999998,0.7175000000000011,-0.7175000000000011,-0.0257999999999999,3.8646666666665226,-4.2001666666669735,1,0
clockwise_circle,2.3400000000000034,40,1.006447784480122,1.0953192274401105,0.8945042425835665,0.2008149848565439,23.132380512235738,25.436598423924533,21.277857756127613,4.15874066779692,0.05273,0.023795099689448,0.0063,0.1061,0.0998,0.1061,0.0667,0.0591,-0.0818,0.0017102564102564,0.1926666666666592,-0.1259999999999832,1,0,0.1963349999999999,0.0377820643244302,0.113,0.2681,0.1551,0.2681,0.0308,0.1198,-0.1190999999999999,0.0007897435897435,0.2214999999999609,-0.2871666666667203,0,0,0.9848275,0.0410403303049385,0.8796,1.0719,0.1923,1.0719,-0.0141,0.1825999999999999,-0.1387,-0.0003615384615384,0.2480000000000606,-0.3196666666666568,1,0,-0.07109,1.0138496160673929,-2.8963,1.54,4.4363,2.8963,-3.2813,1.925,-1.8988,-0.0841358974358974,8.968833333332993,-8.502166666667094,1,0,-0.71051,1.166544302476775,-3.1412,1.1638,4.305,3.1412,1.3387,2.7388,-1.9162999999999997,0.034325641025641,8.470555555555235,-10.441666666666986,0,0,-23.071775,1.0678726464811072,-25.2525,-21.2712,3.981300000000001,25.2525,-3.981300000000001,0.7175000000000011,-0.7175000000000011,-0.1020846153846154,2.8583333333332064,-4.433333333333167,0,0
clockwise_circle,2.3400000000000034,40,1.007811625709533,1.1095554875714868,0.8945042425835665,0.2150512449879202,24.7166357489054,26.6288539723361,22.77807404347435,3.850779928861748,0.0474599999999999,0.0273292254574212,-0.0045,0.1051,0.1096,0.1051,0.0022,0.0601,-0.0602999999999999,5.641025641025696e-05,0.1926666666666592,-0.2269999999999914,1,0,0.2017325,0.0371493547412644,0.1191,0.2723,0.1532,0.2723,-0.0241,0.0567,-0.0924,-0.0006179487179487,0.3773333333333577,-0.3358333333333205,1,0,0.9853325,0.0426770423331759,0.8796,1.0831,0.2034999999999999,1.0831,-0.0060999999999999,0.1825999999999999,-0.1387,-0.0001564102564102,0.3434999999999881,-0.3196666666666568,1,0,-0.2430275,1.4064943256901956,-2.8963,2.5113,5.4076,2.8963,-4.0863000000000005,2.6338,-2.2925000000000004,-0.104776923076923,13.460666666667729,-14.335333333332793,1,2,-0.6208199999999999,1.1618417080056724,-2.5725,2.9925,5.5649999999999995,2.9925,-2.0563,2.6775,-4.9087,-0.052725641025641,9.668999999999636,-7.670833333333043,1,1,-24.6426225,1.1167438008156825,-26.5212,-22.7062,3.8150000000000017,26.5212,-0.9800000000000004,0.7699999999999996,-0.6563000000000017,-0.0251282051282051,4.914666666666477,-4.433333333333167,0,0
clockwise_circle,2.339999999999989,40,1.0139865175793392,1.1095554875714868,0.9074923746236108,0.202063112947876,24.632660246124015,26.6288539723361,22.79317958030428,3.835674392031819,0.036545,0.0245748876409252,-0.0045,0.1051,0.1096,0.1051,-0.0259,0.0601,-0.0569,-0.0006641025641025,0.186499999999995,-0.2269999999999914,1,0,0.19374,0.0360446005771909,0.1171,0.2723,0.1552,0.2723,-0.0267999999999999,0.0583,-0.1049,-0.0006871794871794,0.3773333333333577,-0.3358333333333205,1,0,0.99386,0.0422540594317461,0.8996,1.0831,0.1835,1.0831,0.0281000000000001,0.1037000000000001,-0.1396,0.0007205128205128,0.3434999999999881,-0.2883333333333207,1,0,0.0463774999999999,1.3991341830937023,-2.8875,2.5113,5.3988,2.8875,1.1812,2.17,-2.2925000000000004,0.0302871794871794,12.08966666666621,-14.335333333332793,0,2,-0.44144,1.0422631130480022,-2.2313,2.9925,5.223800000000001,2.9925,-2.7475,2.6775,-4.9087,-0.0704487179487179,9.46466666666912,-7.670833333333043,1,1,-24.5691275,1.071786876534481,-26.5212,-22.7588,3.762399999999999,26.5212,2.651299999999999,0.7699999999999996,-0.9538000000000012,0.0679820512820512,5.746166666666454,-3.5148333333332005,0,0
clockwise_circle,2.3400000000000034,40,1.008721188897412,1.1082097093961951,0.8912972848606687,0.2169124245355266,23.09900976907018,24.055852709268073,21.810533005866684,2.245319703401389,0.0384275,0.0395617918983092,-0.0285,0.1574,0.1859,0.1574,0.1347,0.0907,-0.0761999999999999,0.0034538461538461,0.4875000000000595,-0.2530000000000395,1,0,0.183145,0.0448172468519053,0.0842,0.2908,0.2066,0.2908,-0.0176,0.1316,-0.1376,-0.000451282051282,0.2984999999999884,-0.5037499999999805,1,0,0.98952,0.0423944977078091,0.8811,1.0738,0.1927000000000001,1.0738,0.0486,0.1241999999999999,-0.1212,0.0012461538461538,0.2394999999999925,-0.3274999999999881,1,0,0.1760875,1.2827221985128707,-2.7125,2.4325,5.145,2.7125,-4.9875,4.768800000000001,-2.8787000000000003,-0.1278846153846153,10.499833333332935,-11.05399999999958,1,3,-0.764315,0.9771670086766918,-2.6512,1.4612,4.1124,2.6512,0.4199999999999999,3.4125,-3.6313,0.0107692307692307,8.735500000001206,-7.175166666666396,1,0,-23.0310925,0.6535137741618235,-24.0362,-21.805,2.231200000000001,24.0362,0.6648999999999994,0.8925000000000018,-0.875,0.0170487179487179,5.424999999999812,-3.266666666666538,1,0
clockwise_circle,2.3400000000000034,40,1.0098605150751243,1.1572058892003618,0.8912972848606687,0.2659086043396931,23.687862205541137,24.7607324546347,22.45093125863602,2.309801195998677,0.0476474999999999,0.0402736472182047,-0.0215,0.1574,0.1789,0.1574,0.043,0.0907,-0.0761999999999999,0.0011025641025641,0.4875000000000595,-0.2868333333333225,1,0,0.1824825,0.0456797766368197,0.0842,0.2908,0.2066,0.2908,-0.0622,0.1142,-0.1376,-0.0015948717948717,0.306666666666655,-0.3976666666666513,1,0,0.9903525,0.0499318663344464,0.8811,1.1453,0.2642,1.1453,0.0294999999999999,0.1361,-0.2190999999999999,0.0007564102564102,0.3241666666666543,-0.4033333333333182,1,0,0.4926175,1.2197625476964034,-2.7125,2.45,5.1625,2.7125,1.5838,4.768800000000001,-2.38,0.0406102564102564,10.587500000002423,-9.143666666666322,1,3,-0.6256275,0.9555498138036846,-2.6075,1.4612,4.0687,2.6075,0.5775,2.7125,-3.6313,0.0148076923076923,8.735500000001204,-7.175166666666395,1,0,-23.6245625,0.5581963204352354,-24.7362,-22.2862,2.4499999999999993,24.7362,-2.4499999999999993,0.8925000000000018,-0.7261999999999986,-0.0628205128205128,2.4063333333332366,-4.127166666666511,0,0
clockwise_circle,2.3400000000000034,40,1.0089668785690735,1.1572058892003618,0.9293983107365756,0.2278075784637863,24.1494608875551,24.864907940308164,23.041213360628387,1.8236945796797777,0.0467825,0.0294277898270081,-0.0215,0.0974,0.1189,0.0974,-0.0194,0.0587999999999999,-0.0818,-0.0004974358974358,0.1563333333333326,-0.2362499999999909,0,0,0.1781025,0.0379849598272385,0.0997,0.2572,0.1574999999999999,0.2572,0.039,0.0963999999999999,-0.0956999999999999,0.001,0.2783333333333757,-0.3480000000000562,0,0,0.99095,0.0469574821322984,0.9111,1.1453,0.2341999999999999,1.1453,0.0544,0.1361,-0.2190999999999999,0.0013948717948717,0.2171666666666585,-0.5219444444444209,0,0,0.614465,1.0069818579961276,-1.085,2.52,3.605,2.52,0.5337999999999999,2.6950000000000003,-2.0124000000000004,0.0136871794871794,10.718833333334508,-9.946000000000607,1,0,-0.7017525,0.979067008520396,-2.6688,1.1988,3.8676,2.6688,-1.9863,2.7125,-2.8962,-0.0509307692307692,8.166499999999688,-7.335333333333834,0,0,-24.0916,0.4206404902660728,-24.78,-23.0387,1.7413000000000023,24.78,-0.5076,0.7699999999999996,-0.6476000000000006,-0.0130153846153846,2.4063333333332366,-4.127166666666511,0,0
clockwise_circle,2.339999999999989,40,1.0128255335634295,1.123455820226145,0.9048421851350652,0.2186136350910797,24.05318604721537,24.864907940308164,22.870370578108265,1.9945373621998996,0.052605,0.0288200157476068,-0.0451,0.1,0.1451,0.1,0.0761999999999999,0.0757,-0.121,0.0019538461538461,0.194722222222261,-0.1928333333333717,0,0,0.1851925,0.0340069252939562,0.1122,0.2716,0.1594,0.2716,0.0743,0.0963999999999999,-0.0956999999999999,0.0019051282051282,0.2673333333333232,-0.2238888888889337,1,0,0.9935525000000002,0.0480233596337534,0.8933,1.0941,0.2008000000000001,1.0941,0.1461000000000001,0.1976,-0.1404999999999999,0.0037461538461538,0.3577777777778466,-0.3293333333333192,1,0,0.3399425,1.0252401319434563,-1.3038,2.52,3.8238,2.52,2.5113000000000003,2.8263000000000003,-2.0124000000000004,0.0643923076923076,6.756805555556903,-9.946000000000607,1,0,-0.63154,0.9303523889310672,-2.6688,0.8662,3.535,2.6688,-0.0525999999999999,2.5199000000000003,-2.5987,-0.0013487179487179,10.414583333335406,-7.335333333333834,1,0,-24.00389,0.3863959672242704,-24.78,-22.8638,1.9162,24.78,0.9274999999999984,0.7699999999999996,-1.1548999999999978,0.0237820512820512,2.685833333333855,-3.237499999999841,1,0
clockwise_circle,2.3400000000000034,40,1.0215625375739887,1.1052955894239331,0.9171839401123418,0.1881116493115913,24.27785305378404,25.92977800849826,23.441314790983885,2.4884632175143757,0.0454475,0.028684320629919,-0.0022,0.12,0.1221999999999999,0.12,0.0119,0.0833,-0.0944,0.0003051282051282,0.2330555555555467,-0.2666666666666565,1,0,0.1927374999999999,0.0356658616312214,0.1237,0.2754,0.1516999999999999,0.2754,-0.0196,0.1274999999999999,-0.1005,-0.0005025641025641,0.1331666666666682,-0.2124999999999919,1,0,1.0011925000000002,0.0449251764689826,0.9042,1.0956,0.1913999999999999,1.0956,0.0043999999999999,0.1239999999999998,-0.1730999999999999,0.0001128205128205,0.3421666666666514,-0.3416666666666543,1,0,0.1566325,0.8981025469366527,-1.4963,2.0475,3.5438,2.0475,1.4438,2.3011999999999997,-3.4212,0.0370205128205128,5.716499999999783,-11.034583333332916,0,0,-0.517775,0.8668187042430736,-1.96,2.1613,4.1213,2.1613,-0.1925,2.8175,-2.0825,-0.0049358974358974,5.818666666666446,-6.125055555555325,0,0,-24.240564999999997,0.7200817313119608,-25.8913,-23.4062,2.4851000000000028,25.8913,-1.4962000000000018,0.5775000000000006,-0.4986999999999995,-0.0383641025641026,1.4585000000001855,-3.64583333333357,0,0
clockwise_circle,2.3400000000000034,40,1.0107987785714632,1.104140720198291,0.9171839401123418,0.1869567800859488,24.922379639494203,25.92977800849826,23.45243264439747,2.477345364100792,0.0532575,0.0238006128718762,-0.0022,0.0963,0.0984999999999999,0.0963,-0.0139999999999999,0.0603,-0.0745,-0.0003589743589743,0.1526666666666669,-0.1556666666666608,1,0,0.1974,0.0325561841775894,0.1466,0.2754,0.1287999999999999,0.2754,-0.063,0.1274999999999999,-0.0955999999999999,-0.0016153846153846,0.1346666666666611,-0.2281666666666582,1,0,0.9891749999999998,0.0467119308868675,0.9035,1.0773,0.1737999999999999,1.0773,-0.0504999999999999,0.1241000000000001,-0.1730999999999999,-0.0012948717948717,0.2434999999999894,-0.3080000000000611,1,0,-0.0785275,0.8610737578186006,-1.75,1.4612,3.2112,1.75,1.0675,1.75,-1.8113,0.0273717948717948,5.716499999999784,-6.9416666666664035,1,0,-0.7850975,0.6630244728002515,-1.8112,0.455,2.2662,1.8112,-1.19,1.8812,-1.6625,-0.0305128205128205,5.818666666666448,-5.189027777777582,1,0,-24.88675,0.6152718611125679,-25.8913,-23.4325,2.4588,25.8913,-0.9975999999999984,0.6913000000000018,-0.5686999999999998,-0.0255794871794871,1.8085000000004356,-3.64583333333357,0,0
clockwise_circle,2.3400000000000034,40,1.0043933564911096,1.0906477203937115,0.9233124877309956,0.1673352326627161,24.402258072388697,25.609538506189445,22.74448469695455,2.8650538092348903,0.048545,0.0226647806530591,-0.0045,0.0963,0.1008,0.0963,-0.0039,0.0455999999999999,-0.0633,-9.999999999999968e-05,0.1454999999999867,-0.1556666666666608,0,0,0.1891925,0.0296349273099609,0.1281,0.2613,0.1331999999999999,0.2613,0.0388,0.1146999999999999,-0.0826,0.0009948717948717,0.191000000000038,-0.2063333333333257,1,0,0.984565,0.0409668443174884,0.9035,1.0685,0.165,1.0685,-0.0435999999999998,0.1241000000000001,-0.1370000000000001,-0.0011179487179487,0.2768055555555451,-0.3080000000000611,1,0,-0.1023675,0.8913889169292823,-1.82,1.7938,3.6138,1.82,-3.01,1.7412999999999998,-2.0911999999999997,-0.0771794871794871,8.750166666666335,-9.79999999999963,1,0,-0.5359375,0.709965115317611,-1.8025,0.7875,2.59,1.8025,0.7875000000000001,1.8812,-1.6625,0.0201923076923076,5.54149999999979,-3.135333333334218,1,0,-24.37027,0.8395118634185659,-25.5675,-22.6712,2.8963,25.5675,2.0037999999999982,0.6913000000000018,-0.5686999999999998,0.0513794871794871,3.733166666666534,-2.4717499999999006,0,0
clockwise_circle,2.339999999999989,40,1.0028622165322305,1.0830025392398672,0.916187235230878,0.1668153040089893,23.431545997076324,24.412516290419553,22.41889305786528,1.993623232554274,0.04664,0.0273128297081548,-0.0263,0.096,0.1223,0.096,-0.0104,0.0671,-0.0633,-0.0002666666666666,0.2951666666666554,-0.2088333333333363,1,0,0.1798475,0.0299302607140374,0.0935,0.2613,0.1677999999999999,0.2613,0.0348,0.1146999999999999,-0.0827,0.0008923076923076,0.4415277777778655,-0.2063333333333254,1,0,0.9847475,0.0401951712082625,0.9006,1.0612,0.1605999999999999,1.0612,0.0418999999999999,0.1176999999999999,-0.1605999999999999,0.0010743589743589,0.3463333333333196,-0.2329999999999898,1,0,0.1144099999999999,0.9835484709810852,-1.82,1.8463,3.6663,1.8463,1.0938,2.03,-2.0911999999999997,0.0280461538461538,11.301833333332905,-9.79999999999963,1,0,-0.3003425,1.0048298638709554,-2.9925,1.9688,4.9613000000000005,2.9925,-1.0937,2.3976,-2.8787000000000003,-0.0280435897435897,8.006166666666363,-6.547833333333444,1,0,-23.3883025,0.5396357163900907,-24.3687,-22.4,1.968700000000002,24.3687,1.4087999999999994,0.6036999999999999,-0.6124000000000009,0.0361230769230769,3.733166666666534,-2.9894999999999072,0,0
clockwise_circle,2.3400000000000034,40,1.0064996671589423,1.1005016492491049,0.9173536886065264,0.1831479606425784,22.41252969555716,22.8473923881917,22.041334735900183,0.8060576522915177,0.0421775,0.0207048301994907,-0.0087,0.0811,0.0898,0.0811,0.0119,0.0528,-0.0704,0.0003051282051282,0.1526666666666609,-0.1334999999999949,1,0,0.18182,0.0311796136552765,0.1321,0.2594,0.1273,0.2594,-0.0307999999999999,0.1202999999999999,-0.0977,-0.0007897435897435,0.17916666666666,-0.2434999999999907,1,0,0.9883625,0.0373419039212188,0.9011,1.0806,0.1795,1.0806,0.0272999999999999,0.1232999999999999,-0.0925999999999999,0.0006999999999999,0.2331666666666834,-0.240666666666657,1,0,-0.040685,1.1215510255205303,-2.555,2.3537,4.9087,2.555,0.8838,2.0387,-2.5113,0.0226615384615384,9.012666666667675,-8.74999999999967,0,1,-0.627815,0.921387633715638,-3.4213,1.1988,4.6201,3.4213,-1.2687000000000002,2.2663,-3.2288,-0.0325307692307692,6.168666666666432,-5.738541666666451,1,0,-22.3577875,0.2453045947362541,-22.8113,-21.9275,0.8838000000000008,22.8113,0.1925000000000025,0.5949999999999989,-0.7349999999999994,0.0049358974358975,1.9396666666669944,-2.260499999999894,1,0
clockwise_circle,2.3400000000000034,40,1.0069344131239886,1.1005016492491049,0.9173536886065264,0.1831479606425784,22.507114028364313,22.8473923881917,22.043691488496204,0.803700899695496,0.0400575,0.020329893204154,-0.0087,0.0811,0.0898,0.0811,0.0492,0.0483,-0.0484,0.0012615384615384,0.1697222222222158,-0.1758333333333578,1,0,0.1718375,0.0341825993182766,0.0844,0.2552,0.1707999999999999,0.2552,0.0095999999999999,0.1202999999999999,-0.1099,0.0002461538461538,0.1668333333333271,-0.2071666666666256,1,0,0.990615,0.0467220617190856,0.9011,1.087,0.1858999999999999,1.087,0.1036999999999999,0.1232999999999999,-0.1471,0.0026589743589743,0.3183333333333396,-0.2794999999999898,0,0,0.15618,1.0244571841486818,-1.6187,2.3537,3.9724,2.3537,1.4962,2.9575,-1.4175,0.0383641025641025,9.012666666667675,-10.52916666666627,1,0,-0.4617825,0.8726884414496067,-2.0825,1.715,3.7975,2.0825,0.5861999999999999,2.065,-2.8962000000000003,0.0150307692307691,8.006333333333032,-6.051999999999772,1,0,-22.462560000000003,0.2172379586229499,-22.8113,-21.98,0.8312999999999988,22.8113,0.5250999999999983,0.5949999999999989,-0.4725000000000001,0.0134641025641025,1.9396666666669944,-2.0416666666666003,1,0
clockwise_circle,2.3400000000000034,40,1.0093026676950685,1.0973970338942964,0.9192061411892328,0.1781908927050635,21.79186034132403,22.81328376056371,19.403130425784394,3.4101533347793165,0.0550449999999999,0.0262560854972904,0.0027,0.1057,0.103,0.1057,0.0452,0.044,-0.0484,0.0011589743589743,0.2303333333333572,-0.1758333333333578,1,0,0.1522975,0.0322177088387817,0.0844,0.2342,0.1498,0.2342,-0.1381,0.0857,-0.1099,-0.0035410256410256,0.1406666666666614,-0.3145833333333214,1,0,0.9954125,0.0408805024525045,0.9108,1.087,0.1761999999999999,1.087,0.0069000000000001,0.1157,-0.1471,0.000176923076923,0.3183333333333396,-0.3286666666666544,1,0,0.087495,0.7408884250924004,-1.7062,1.4612,3.1674,1.7062,-0.5163,2.9575,-1.6712,-0.0132384615384615,7.379166666666387,-5.352166666666465,1,0,-0.33863,0.8067155391637161,-1.7938,1.715,3.5088,1.7938,0.2187,1.435,-2.8962000000000003,0.0056076923076922,8.355999999999682,-6.270666666666336,1,0,-21.7625525,0.9092366434761326,-22.8025,-19.3988,3.403699999999997,22.8025,2.6511999999999993,0.5075000000000003,-0.4725000000000001,0.0679794871794871,4.27266666666651,-2.0854166666667595,0,0
clockwise_circle,2.339999999999989,40,1.009813440035471,1.0845013278000168,0.9587614614699528,0.1257398663300639,19.7811644669102,22.28070268618115,17.03554392498226,5.245158761198891,0.0773225,0.0224713890741777,0.0337,0.1244,0.0907,0.1244,0.0786999999999999,0.0529,-0.0582,0.0020179487179487,0.229166666666658,-0.2194999999999916,1,0,0.118655,0.0323972612802616,0.0446,0.1774,0.1328,0.1774,-0.031,0.0649,-0.0674,-0.0007948717948717,0.2315000000000543,-0.1751666666666695,0,0,0.9990825,0.0322118539058416,0.9411,1.0709,0.1297999999999999,1.0709,0.0056,0.1144,-0.0861999999999999,0.0001435897435897,0.3504166666667376,-0.2244999999999937,1,0,0.0225299999999999,0.743995712766804,-1.7062,1.7237,3.4299,1.7237,-1.6625,1.7763,-1.6712,-0.0426282051282051,6.2563333333342825,-5.541833333333123,1,0,-0.43576,0.7624119361672248,-1.7587,1.1287,2.8874,1.7587,-0.9537,1.5049,-2.2925,-0.0244538461538461,8.355999999999682,-5.570833333333122,1,0,-19.747652499999997,1.5860542028419344,-22.2687,-16.9837,5.285,22.2687,5.2413000000000025,0.5425000000000004,-0.5251000000000019,0.1343923076923077,4.666833333333159,-0.146000000000015,0,0
clockwise_circle,2.3400000000000034,40,1.0103503838720234,1.067893782171242,0.9788405437046424,0.0890532384665996,9.913114437512885,16.770773340546942,3.441476083020192,13.32929725752675,0.1071925,0.0214548349401176,0.0644,0.1527,0.0883,0.1527,-0.0203,0.0521999999999999,-0.0355999999999999,-0.0005205128205128,0.1325000000000117,-0.1543333333333276,1,0,0.0235925,0.0279898735122324,-0.0195,0.0941,0.1136,0.0941,-0.0343,0.0824,-0.0866,-0.0008794871794871,0.0908333333332989,-0.1601666666666982,0,0,1.00378,0.0189199962053446,0.9731,1.0612,0.0880999999999999,1.0612,0.019,0.0768999999999999,-0.0814999999999999,0.0004871794871794,0.287499999999987,-0.1229999999999744,1,0,0.4164949999999999,0.6216472360818515,-1.1638,1.6187,2.7825,1.6187,0.49,1.0675,-1.0238,0.0125641025641025,5.148166666666469,-6.883333333333074,1,0,-0.1445825,0.4753989088191203,-1.3212,0.7437,2.0648999999999997,1.3212,-0.4024999999999999,1.75,-1.3387,-0.0103205128205128,3.354166666667303,-2.6105000000001244,1,0,-9.8562175,4.517691534735326,-16.765,-3.4125,13.3525,16.765,13.2125,0.9625000000000004,-0.1400000000000005,0.3387820512820512,9.756333333332948,1.1812777777777512,0,0
ctr_clockwise_circle,2.34,40,0.9934102166909352,1.041933745494405,0.915531026235594,0.1264027192588113,10.445377570500153,19.354790878229608,0.6082714772204924,18.746519401009117,-0.02249,0.034721439471519,-0.1005,0.0505,0.151,0.1005,0.084,0.0587,-0.0651,0.0021538461538461,0.2011111111111111,-0.0744999999999999,0,1,-0.0421324999999999,0.0454717009065345,-0.1125,0.0401,0.1526,0.1125,-0.112,0.0548,-0.0649,-0.0028717948717948,0.1239999999999998,-0.2151666666666667,0,0,0.99065,0.0243103438995177,0.9116,1.0385,0.1269,1.0385,0.0125,0.1029999999999999,-0.1269,0.0003205128205128,0.1731666666666704,-0.118333333333334,1,0,0.1189925,0.5874722458856226,-1.05,1.33,2.38,1.33,-1.4175,1.4174,-1.61,-0.0363461538461538,4.7978333333333305,-4.6081666666666665,0,0,0.107405,0.69132258044329,-1.3388,1.8288,3.1676,1.8288,-0.2274999999999999,3.1676,-2.205,-0.0058333333333333,3.952166666666666,-4.637500000000001,1,0,10.1200275,7.205792248476133,-1.8813,19.3463,21.2276,19.3463,21.2276,1.3475,-0.4288000000000025,0.544297435897436,14.59783333333334,-0.2066666666666585,0,0
ctr_clockwise_circle,2.34,40,1.0016343431081842,1.1293732509671015,0.8525070087688429,0.2768662421982588,18.528474545743197,22.74794842683621,11.148409558766668,11.599538868069542,0.0086825,0.0268706673311347,-0.0546,0.059,0.1136,0.059,0.017,0.1005,-0.0846,0.0004358974358974,0.1679999999999998,-0.1905555555555554,0,2,-0.0889649999999999,0.0330512620496846,-0.1883,-0.0398,0.1485,0.1883,-0.0395,0.0993,-0.0959,-0.0010128205128205,0.2636666666666665,-0.2783333333333332,0,0,0.99669,0.0486899020753026,0.8348,1.1223,0.2875000000000001,1.1223,0.0353999999999999,0.2117,-0.2136,0.0009076923076923,0.3576666666666668,-0.2298333333333317,1,0,0.02888,0.7328450377353546,-1.5662,1.7413,3.3075,1.7413,-0.1487,1.6800000000000002,-1.6188,-0.0038128205128205,5.293666666666688,-8.939666666666659,1,0,0.493055,0.965218252707114,-1.3388,3.4125,4.7513000000000005,3.4125,1.3388,3.1676,-2.205,0.0343282051282051,8.370833333333326,-6.110333333333328,0,0,18.484595,2.8201530801286254,11.1475,22.4613,11.3138,22.4613,10.954999999999998,0.9536999999999995,-0.4288000000000025,0.2808974358974359,11.33116666666669,0.4956666666666649,0,0
ctr_clockwise_circle,2.3400000000000003,40,1.0147073482961528,1.1293732509671015,0.8525070087688429,0.2768662421982588,22.25244738713575,24.45559100185477,19.40907793404931,5.046513067805456,0.032445,0.0290411110015634,-0.0546,0.0808,0.1354,0.0808,-0.0132,0.1005,-0.0846,-0.0003384615384615,0.1679999999999998,-0.1048333333333328,1,1,-0.1254125,0.0426177836210334,-0.2022,-0.0542,0.148,0.2022,-0.0881,0.0993,-0.0959,-0.0022589743589743,0.2710000000000003,-0.2836666666666667,0,0,1.00505,0.0504628068164551,0.8348,1.1223,0.2875000000000001,1.1223,-0.0386999999999999,0.2117,-0.2136,-0.0009923076923076,0.224166666666667,-0.3261666666666656,1,0,0.2555074999999999,1.0568899570079937,-1.6013,2.8087,4.41,2.8087,-1.2863,1.6974999999999998,-1.6975,-0.0329820512820512,12.1916666666667,-8.939666666666659,1,0,0.3088725,1.1126427993601309,-1.6975,3.4125,5.11,3.4125,-1.0938,2.625,-3.1062000000000003,-0.0280461538461538,8.370833333333326,-8.560333333333388,1,0,22.197875,1.8230853658438069,19.39,24.395,5.004999999999999,24.395,4.672499999999999,0.7699999999999996,-0.3588000000000022,0.1198076923076923,5.322833333333307,-0.5980000000000416,0,0
ctr_clockwise_circle,2.3400000000000003,40,1.0211738383737106,1.0959213703546438,0.93867433117136,0.1572470391832838,24.023460218013053,24.7844744989681,22.713552592670307,2.070921906297791,0.0411275,0.0229994758858901,-0.0193,0.0808,0.1001,0.0808,0.0128999999999999,0.0739,-0.0571,0.0003307692307692,0.1936666666666669,-0.1381666666666675,1,0,-0.1441199999999999,0.0341441228940666,-0.2022,-0.0734,0.1287999999999999,0.2022,0.0082,0.0851999999999999,-0.1035,0.0002102564102564,0.2710000000000001,-0.2423333333333324,1,0,1.009235,0.0441110460612235,0.9185,1.0899,0.1714000000000001,1.0899,-0.0281,0.1282999999999999,-0.1526999999999999,-0.0007205128205128,0.4751666666666683,-0.3606944444444396,1,0,0.6945375,1.0979734354564088,-1.7675,2.8087,4.5762,2.8087,1.015,1.9687,-2.5988,0.026025641025641,12.1916666666667,-8.953999999999946,1,0,-0.3661925,1.0997937371622382,-2.8175,1.6187,4.4361999999999995,2.8175,-2.2313,2.3013,-3.1062000000000003,-0.0572128205128204,5.585499999999994,-9.829333333333317,1,0,23.9616475,0.4184479920430634,22.6537,24.6225,1.968799999999998,24.6225,0.8138000000000005,0.6123999999999974,-0.6037999999999997,0.0208666666666666,3.670138888888863,-2.7561666666666724,1,0
ctr_clockwise_circle,2.34,40,1.015499057999405,1.1265358671609174,0.8851406272451853,0.241395239915732,24.17782044859286,25.106160637182263,23.473529706458717,1.632630930723547,0.049865,0.0296060852199557,-0.0193,0.1074,0.1267,0.1074,0.0035999999999999,0.0561,-0.0745,9.23076923076921e-05,0.1936666666666669,-0.1571666666666674,1,0,-0.1455675,0.0323525482490194,-0.2023,-0.0734,0.1289,0.2023,-0.0438999999999999,0.0851999999999999,-0.1035,-0.001125641025641,0.2448333333333339,-0.2180000000000013,1,0,1.002795,0.0554223640410388,0.877,1.1136,0.2365999999999999,1.1136,-0.0489,0.2365999999999999,-0.1797999999999999,-0.0012538461538461,0.4751666666666683,-0.2788333333333312,1,0,1.0567825000000002,1.0174370676405369,-1.7675,2.8,4.5675,2.8,0.2362,2.5375,-3.2374,0.0060564102564102,8.516333333333291,-8.953999999999946,1,0,-0.2102224999999999,1.1930329779196576,-2.8175,2.415,5.2325,2.8175,-0.7787999999999999,2.2662,-2.7825,-0.0199692307692308,8.749999999999924,-9.829333333333317,1,1,24.1040575,0.4011260354957831,23.4062,25.0775,1.6713000000000022,25.0775,0.9975000000000024,0.6123999999999974,-0.6037999999999997,0.0255769230769231,3.2668333333333237,-2.7561666666666724,0,0
ctr_clockwise_circle,2.34,40,1.0154746105763448,1.1265358671609174,0.8851406272451853,0.241395239915732,24.81531096548994,26.085400451018575,23.473529706458717,2.611870744559859,0.0609575,0.0251054993209425,0.0037,0.1074,0.1037,0.1074,0.0579999999999999,0.0561,-0.1029,0.0014871794871794,0.1458333333333332,-0.1571666666666675,1,0,-0.1439725,0.0289934297375925,-0.2023,-0.0878,0.1145,0.2023,0.0846,0.073,-0.0766,0.0021692307692307,0.2251666666666669,-0.1338333333333348,1,0,1.0026475,0.0470060933720572,0.877,1.1136,0.2365999999999999,1.1136,0.0073,0.2365999999999999,-0.1797999999999999,0.0001871794871794,0.2624999999999975,-0.2788333333333312,1,0,1.21515,0.8912343494508197,-0.8138,2.8,3.6138,2.8,-1.1287,2.5375,-3.2374,-0.0289410256410256,8.516333333333291,-7.933333333333358,1,0,0.1244725,0.9935075037429713,-2.4762,2.415,4.8911999999999995,2.4762,0.525,2.2662,-2.7825,0.0134615384615384,8.749999999999922,-8.00633333333339,1,1,24.749815,0.7363789901980696,23.4062,26.0225,2.6163000000000025,26.0225,1.391200000000001,0.5686999999999998,-0.682500000000001,0.0356717948717949,3.266833333333381,-2.8001666666666836,1,0
ctr_clockwise_circle,2.339999999999999,40,1.0229824355762804,1.1024655550174798,0.9321675010425968,0.1702980539748828,25.334688981199623,26.085400451018575,24.632263531596116,1.4531369194224588,0.0516125,0.0225295269220934,-0.0088,0.1066,0.1154,0.1066,-0.0197999999999999,0.0613,-0.1029,-0.0005076923076923,0.1213333333333315,-0.1510000000000037,0,0,-0.1391399999999999,0.0252844210674863,-0.1901,-0.0878,0.1022999999999999,0.1901,-0.0055999999999999,0.0748,-0.0663,-0.0001435897435897,0.1924999999999984,-0.2316666666666686,1,0,1.011585,0.0390837860670295,0.9195,1.0907,0.1712,1.0907,-0.0145999999999999,0.1224,-0.0985,-0.0003743589743589,0.3754166666666694,-0.2845000000000031,1,0,1.1075325,0.8040498403953225,-0.91,2.5638,3.4738,2.5638,-1.7937,1.7149,-3.4038,-0.0459923076923077,6.00833333333339,-6.854333333333276,1,0,-0.073725,0.8010954812806055,-1.2687,1.8112,3.0799,1.8112,0.1925,2.0124,-2.4762,0.0049358974358974,4.024833333333385,-4.6958333333334,1,0,25.285535,0.354419280564556,24.5788,26.0225,1.4436999999999998,26.0225,0.6300000000000026,0.5163000000000011,-0.682500000000001,0.0161538461538462,2.464499999999987,-2.800166666666655,1,0
ctr_clockwise_circle,2.34,40,1.0173837835937718,1.1401205681856634,0.9173489030897676,0.2227716650958957,25.38286328710292,25.965890493684206,24.632263531596116,1.3336269620880898,0.03502,0.0258530283897859,-0.0359,0.0796,0.1155,0.0796,0.0077999999999999,0.0712,-0.0525,0.0002,0.1653333333333343,-0.2553333333333357,1,0,-0.14364,0.0253780624020442,-0.1915,-0.0791,0.1124,0.1915,-0.0095999999999999,0.0748,-0.0663,-0.0002461538461538,0.1613333333333324,-0.2316666666666686,0,0,1.0059175,0.0496320765154025,0.9092,1.1325,0.2233,1.1325,0.0089000000000001,0.1224,-0.196,0.0002282051282051,0.3525000000000009,-0.2921666666666649,1,0,0.7113750000000001,0.7659681749263476,-0.91,2.4938,3.4038,2.4938,-1.5924,1.7062,-3.4038,-0.0408307692307692,4.141666666666711,-6.854333333333276,0,0,-0.071315,0.7443284853666459,-1.2513,1.8112,3.0625,1.8112,-0.8838,1.925,-2.4762,-0.0226615384615384,6.052000000000078,-6.679166666666709,1,0,25.3507225,0.331226498140642,24.5788,25.9438,1.3649999999999984,25.9438,0.4899999999999984,0.4461999999999975,-0.4636999999999993,0.0125641025641025,2.464666666666659,-1.210333333333324,1,0
ctr_clockwise_circle,2.34,40,1.0168488852064688,1.183192554067173,0.8888200099007673,0.2943725441664058,25.87226929885159,27.5116338653305,25.16583766001045,2.3457962053200525,0.0319575,0.0300299157465283,-0.0359,0.0892,0.1251,0.0892,0.0794,0.1077999999999999,-0.0888,0.0020358974358974,0.2028333333333317,-0.1805000000000001,1,0,-0.1514275,0.0265944469574826,-0.2003,-0.0791,0.1212,0.2003,0.0206999999999999,0.0713,-0.0614,0.0005307692307692,0.1613333333333324,-0.2151666666666647,1,0,1.0042025,0.0574336428143216,0.8737,1.1707,0.297,1.1707,0.0625999999999999,0.2025000000000001,-0.2354,0.0016051282051282,0.5970833333333302,-0.2921666666666649,1,0,0.707435,0.6855953806167869,-0.8925,2.45,3.3425,2.45,0.7787999999999999,1.225,-2.0125,0.0199692307692307,7.335499999999967,-4.768666666666698,0,0,-0.0021775,0.817998268284638,-1.4525,1.8112,3.2637,1.8112,-0.9449999999999998,2.5463,-2.0387,-0.0242307692307692,5.337499999999956,-6.679166666666709,0,0,25.841375000000006,0.6595032278648092,25.1475,27.3875,2.2399999999999984,27.3875,1.400000000000002,0.6211999999999982,-0.5512999999999977,0.0358974358974359,4.200166666666661,-1.210333333333324,0,0
ctr_clockwise_circle,2.34,40,1.0189705981348287,1.183192554067173,0.8852737712143063,0.2979187828528667,26.947343321586622,28.456279407013135,25.215962149598813,3.2403172574143255,0.0367925,0.0325717227329914,-0.04,0.0922,0.1322,0.0922,0.0552,0.1077999999999999,-0.0929,0.0014153846153846,0.2342083333333399,-0.1876388888888928,1,0,-0.1564825,0.0244745591353918,-0.2049,-0.113,0.0919,0.2049,0.0201999999999999,0.08,-0.0762999999999999,0.0005179487179487,0.1909722222222265,-0.120499999999998,0,0,1.00538,0.0627274822198454,0.8703,1.1707,0.3004000000000001,1.1707,-0.0031999999999998,0.2169999999999998,-0.2354,-8.205128205127871e-05,0.3319999999999972,-0.3611666666666648,1,0,0.9627199999999998,0.7876153239774494,-0.8925,2.7912,3.6837,2.7912,0.2800000000000001,1.6973999999999998,-2.6336999999999997,0.0071794871794871,7.335499999999967,-5.964499999999953,1,0,0.1907599999999999,0.8747148592688025,-1.4525,1.8637,3.3162,1.8637,-0.3063,2.5463,-2.1174,-0.0078538461538461,6.015833333333461,-4.849027777777738,1,0,26.904499999999995,0.9330913836577908,25.1562,28.35,3.193800000000003,28.35,1.995000000000001,1.172500000000003,-0.9538000000000012,0.0511538461538461,4.200166666666661,-2.1000000000000227,0,0
ctr_clockwise_circle,2.34,40,1.0128780339619383,1.1175466970109122,0.8852737712143063,0.2322729257966059,27.3825242243528,28.456279407013135,26.34173260019166,2.1145468068214797,0.034905,0.0351040062729349,-0.0461,0.0966,0.1427,0.0966,-0.0544,0.1027,-0.0929,-0.0013948717948717,0.2653333333333392,-0.2838888888888864,1,0,-0.14345,0.0330407285571874,-0.2049,-0.0553,0.1496,0.2049,-0.0068,0.0886,-0.1006,-0.0001743589743589,0.3213333333333351,-0.2779999999999977,1,0,1.0008575,0.0657084738222649,0.8703,1.1017,0.2313999999999999,1.1017,0.0444999999999999,0.2169999999999998,-0.1678999999999999,0.0011410256410256,0.3855000000000057,-0.4176666666666655,1,0,0.8174775000000001,0.9264818357878756,-1.4875,2.9925,4.48,2.9925,0.8226,3.2987,-2.6336999999999997,0.0210923076923077,7.539666666666747,-10.310333333333247,1,0,0.413875,0.8747393978956071,-1.0325,2.03,3.0625,2.03,1.4437,2.2575,-2.4587,0.0370179487179487,6.431166666666613,-4.885499999999928,1,0,27.3382875,0.554123119331981,26.2763,28.35,2.0737000000000023,28.35,-0.1050000000000004,1.172500000000003,-0.9538000000000012,-0.0026923076923077,2.6103333333333296,-4.608333333333263,1,0
ctr_clockwise_circle,2.339999999999998,40,1.003511271487502,1.1075058555149944,0.8614758383146912,0.2460300172003031,27.005768881999582,27.918046259364218,26.26888958692392,1.649156672440295,0.0368724999999999,0.0338599982393565,-0.0195,0.1157,0.1352,0.1157,0.0708999999999999,0.1013,-0.0899,0.0018179487179487,0.2013333333333393,-0.2715000000000045,0,0,-0.1515675,0.0334609561030962,-0.23,-0.0703,0.1597,0.23,0.0746,0.1112,-0.1015,0.0019128205128205,0.2908333333333355,-0.2003333333333379,1,0,0.9901775,0.0578064298060611,0.8486,1.0992,0.2505999999999999,1.0992,-0.0639,0.2374999999999999,-0.2089999999999999,-0.0016384615384615,0.3798333333333339,-0.385666666666669,1,0,0.128185,0.7530135935538768,-1.5312,1.9512,3.4824,1.9512,0.245,1.8462,-1.4613,0.0062820512820512,5.789499999999907,-4.856333333333293,1,0,0.271035,0.9635067512836798,-1.3388,2.59,3.9288,2.59,-0.4813,2.2224999999999997,-2.6163,-0.0123410256410256,8.720666666666755,-8.837666666666626,1,0,26.977125,0.3622332636681678,26.2675,27.9125,1.6450000000000031,27.9125,0.7262999999999984,1.0062999999999995,-0.752600000000001,0.0186230769230768,2.449999999999932,-2.595833333333331,0,0
ctr_clockwise_circle,2.3400000000000016,40,1.0023168775724138,1.1075058555149944,0.8614758383146912,0.2460300172003031,27.52373822569848,28.33877469898796,26.49778899625401,1.8409857027339491,0.049245,0.0317943145215844,-0.0195,0.1157,0.1352,0.1157,-0.0593,0.1013,-0.0899,-0.0015205128205128,0.2013333333333393,-0.2715000000000045,1,0,-0.1569725,0.0344717943973672,-0.23,-0.0703,0.1597,0.23,0.0319,0.1112,-0.1078,0.0008179487179487,0.2908333333333355,-0.1961666666666708,1,0,0.987615,0.0633391382629842,0.8486,1.0992,0.2505999999999999,1.0992,-0.0104999999999999,0.2374999999999999,-0.2089999999999999,-0.0002692307692307,0.3798333333333339,-0.385666666666669,1,0,0.30056,0.9570507048700752,-2.31,1.995,4.305,2.31,1.925,2.7475,-1.6888,0.0493589743589743,10.237333333333492,-7.393666666666824,1,0,0.2395274999999999,1.0454492139592189,-1.3388,2.7387,4.077500000000001,2.7387,-0.9887,3.2113000000000005,-2.6163,-0.025351282051282,7.904166666666835,-8.837666666666626,1,0,27.4855,0.4936466882503246,26.4862,28.28,1.793800000000001,28.28,1.2075000000000031,1.0062999999999995,-0.752600000000001,0.0309615384615385,2.449999999999932,-1.1960000000000264,0,0
ctr_clockwise_circle,2.34,40,1.0188375003991166,1.135411343963059,0.9081113422923424,0.2273000016707166,27.783004160786824,28.33877469898796,27.101567733804625,1.2372069651833328,0.05563,0.0244277815779598,0.0098,0.1032,0.0934,0.1032,0.0226999999999999,0.0727,-0.0695,0.0005820512820512,0.1822222222222261,-0.1291666666666682,1,0,-0.156215,0.0376632824665329,-0.2287,-0.0745,0.1542,0.2287,0.0788,0.1083,-0.1078,0.0020205128205128,0.3099999999999881,-0.2695000000000056,0,0,1.004235,0.053642097656837,0.8808,1.1168,0.236,1.1168,-0.0295,0.1623,-0.1559,-0.0007564102564102,0.4346666666666792,-0.391458333333329,1,0,0.6776800000000001,1.26834696967635,-2.31,3.4037,5.7137,3.4037,-1.7151,2.7475,-3.5962,-0.043976923076923,10.237333333333492,-12.453999999999976,1,1,-0.18792,1.1526614986018118,-2.4413,2.7387,5.18,2.7387,-2.1,3.2113000000000005,-2.1263,-0.0538461538461538,7.9041666666668355,-11.289861111110682,1,1,27.722407499999996,0.3329623844062377,26.9937,28.28,1.2863000000000009,28.28,-0.1401000000000003,0.5951000000000022,-0.6738,-0.0035923076923077,2.3185,-2.027333333333331,1,0
ctr_clockwise_circle,2.34,40,1.021266093149254,1.135411343963059,0.9327255116056384,0.2026858323574205,27.052729581672395,28.18284103634692,25.79975734633952,2.3830836900073997,0.0566374999999999,0.0266275034937128,-0.0018,0.1171,0.1188999999999999,0.1171,-0.0491,0.0917999999999999,-0.0754,-0.0012589743589743,0.1661666666666702,-0.1245000000000033,1,0,-0.15784,0.0408656322285107,-0.2479,-0.0745,0.1734,0.2479,0.0480999999999999,0.1096,-0.1154,0.0012333333333333,0.4047222222222307,-0.291833333333336,1,0,1.0062675,0.045874798329746,0.913,1.1168,0.2037999999999999,1.1168,-0.1307,0.1306,-0.1541999999999999,-0.003351282051282,0.3119999999999958,-0.2854999999999918,0,0,0.994,1.169318675609094,-1.1025,3.4037,4.5062,3.4037,-0.7001,2.3099,-3.5962,-0.017951282051282,9.056166666666403,-12.453999999999976,1,0,-0.6118499999999999,1.2765644206227902,-2.8612,2.5025,5.3637,2.8612,-0.6737,2.4938,-2.6687,-0.0172743589743589,10.558333333333238,-8.399999999999926,1,2,26.9734075,0.7154730156310256,25.7512,28.0788,2.3276000000000003,28.0788,-0.9624999999999986,0.822499999999998,-0.6998999999999995,-0.0246794871794871,2.4793333333334147,-3.5583333333333087,0,0
ctr_clockwise_circle,2.34,40,1.0273264607811687,1.136768371305254,0.9327255116056384,0.2040428596996155,26.757446123272757,27.493498947569407,25.79975734633952,1.6937416012298847,0.0576375,0.0255697606609137,-0.0018,0.1171,0.1188999999999999,0.1171,0.0513,0.0917999999999999,-0.0786,0.0013153846153846,0.1661666666666702,-0.2270833333333248,1,0,-0.161605,0.03256920009567,-0.2479,-0.0956,0.1523,0.2479,0.0058,0.1096,-0.105,0.0001487179487179,0.3346666666666578,-0.2508333333333257,1,0,1.0121025,0.0449871975378294,0.913,1.1178,0.2047999999999998,1.1178,0.0653000000000001,0.1714999999999999,-0.1541999999999999,0.0016743589743589,0.3476666666666741,-0.5076388888888683,1,0,1.252565,0.8352466743116779,-0.42,3.1063,3.5263,3.1063,1.2687,2.4326,-1.9776,0.0325307692307692,8.79399999999982,-5.70233333333308,1,0,-0.4508474999999999,1.1980010273501651,-2.8612,2.5025,5.3637,2.8612,1.1024999999999998,2.7037,-2.835,0.0282692307692307,10.55833333333324,-5.643833333333139,1,2,26.685315000000003,0.4831974192015897,25.7512,27.4662,1.715,27.4662,0.5075000000000003,0.822499999999998,-0.6998999999999995,0.0130128205128205,2.4793333333333862,-2.406166666666735,0,0
ctr_clockwise_circle,2.34,40,1.012242017779812,1.143211485246715,0.8801340182040459,0.2630774670426691,27.184811621750164,27.9003501535375,26.38224338110768,1.5181067724298174,0.03324,0.0296507257661855,-0.0413,0.0876,0.1289,0.0876,-0.0756,0.0805999999999999,-0.0923,-0.0019384615384615,0.1223333333333314,-0.1274999999999967,1,0,-0.16261,0.0307808032083934,-0.246,-0.072,0.174,0.246,0.0245999999999999,0.1103,-0.1098,0.0006307692307692,0.2240416666666591,-0.2666666666666726,1,0,0.9976025,0.0530992128364079,0.8583,1.1305,0.2722000000000001,1.1305,-0.0616999999999999,0.1652,-0.1337,-0.0015820512820512,0.4483333333333217,-0.3028333333333393,1,0,0.9264075,0.7758865028642546,-0.6825,2.6425,3.325,2.6425,-0.7262,1.4088,-1.6888,-0.0186205128205128,5.237916666666468,-4.754333333333137,0,0,-0.1030325,0.9798363828322536,-2.4325,3.3075,5.74,3.3075,-1.1374,5.74,-3.4037,-0.0291641025641025,4.447833333333285,-5.512500000000202,1,1,27.1407525,0.3672007771816675,26.3813,27.86,1.4787,27.86,-0.927500000000002,0.6912999999999982,-0.6826000000000008,-0.0237820512820513,3.295666666666619,-3.36866666666657,1,0
ctr_clockwise_circle,2.34,40,1.0086485703293817,1.090259537908291,0.9314475025464398,0.1588120353618513,27.054285554103313,28.152348433478867,26.173797702855428,1.9785507306234391,0.0302649999999999,0.0344479209301556,-0.0541,0.1102,0.1643,0.1102,0.0206,0.0615999999999999,-0.0923,0.0005282051282051,0.2740000000000008,-0.2086666666666733,0,2,-0.16815,0.0308508488018542,-0.246,-0.1069,0.1391,0.246,0.0418,0.1103,-0.1098,0.0010717948717948,0.2419444444444354,-0.1931666666666698,0,0,0.9929749999999998,0.0412580543807151,0.9154,1.0716,0.1562000000000001,1.0716,-0.0765000000000001,0.0912999999999999,-0.1119000000000001,-0.0019615384615384,0.2471666666666703,-0.3863888888888971,0,0,0.6765950000000001,0.6726820047106497,-0.6825,2.1525,2.835,2.1525,0.1487,1.645,-1.925,0.0038128205128205,6.897999999999794,-4.578999999999956,1,0,-0.0579724999999999,1.14928346885721,-2.4325,3.3075,5.74,3.3075,0.7087,5.74,-3.4037,0.0181717948717948,7.74366666666693,-9.100000000000202,1,2,27.013660000000005,0.4729996182575572,26.1537,28.1488,1.9951000000000008,28.1488,1.0762999999999998,0.4988000000000028,-0.8138000000000005,0.0275974358974358,4.856333333333339,-3.368666666666627,1,0
ctr_clockwise_circle,2.34,40,1.0123772472460195,1.1589176372805792,0.9004601823512243,0.2584574549293549,27.565683554812995,28.66568508809793,26.173797702855428,2.491887385242503,0.0401475,0.0334756473865512,-0.0541,0.1102,0.1643,0.1102,0.0013999999999999,0.0588,-0.092,3.589743589743479e-05,0.2740000000000008,-0.205666666666667,1,2,-0.1665074999999999,0.0309542125669677,-0.2327,-0.1069,0.1258,0.2327,0.0369,0.1121,-0.0679999999999999,0.0009461538461538,0.2705555555555611,-0.19316666666667,0,0,0.9967075,0.0521714058017735,0.8867,1.1488,0.2621,1.1488,-0.0473000000000001,0.1736000000000001,-0.1676999999999999,-0.0012128205128205,0.4549999999999876,-0.438666666666677,1,0,0.9850275,0.7719598614474055,-0.63,2.625,3.255,2.625,-1.1199,2.205,-2.2225,-0.0287153846153846,4.754166666666707,-5.148000000000108,1,0,0.2253175,1.12061496850373,-2.345,2.0912,4.4362,2.345,0.4201,3.3162000000000003,-2.9137000000000004,0.0107717948717948,7.74366666666693,-5.417583333333451,1,2,27.5143825,0.6785831732508778,26.1537,28.6213,2.467600000000001,28.6213,1.5137,0.8226000000000013,-0.8138000000000005,0.0388128205128205,4.856333333333339,-3.0384722222221976,0,0
ctr_clockwise_circle,2.34,40,1.0208608269108637,1.1589176372805792,0.9004601823512243,0.2584574549293549,27.943359457858794,29.099748065919748,26.261342990982012,2.838405074937736,0.0404649999999999,0.0272833616057996,-0.0264,0.0908,0.1172,0.0908,-0.0663999999999999,0.0588,-0.092,-0.0017025641025641,0.1853333333333366,-0.205666666666667,1,0,-0.14976,0.0363664596106822,-0.2273,-0.0549,0.1724,0.2273,0.123,0.1121,-0.0942,0.0031538461538461,0.2694444444444341,-0.1959999999999913,0,0,1.0079725,0.0556807336172382,0.8867,1.1488,0.2621,1.1488,-0.0414999999999999,0.1736000000000001,-0.1676999999999999,-0.0010641025641025,0.4549999999999876,-0.438666666666677,1,0,1.15872,0.9095674878613236,-0.63,3.745,4.375,3.745,-0.2361999999999999,2.345,-2.4062,-0.0060564102564102,6.518833333333474,-9.272500000000196,1,0,0.571155,0.8082165275215388,-1.4088,2.03,3.4387999999999996,2.03,0.0262,2.7476000000000003,-2.3626,0.0006717948717948,5.8478333333334565,-5.4103333333332815,0,0,27.8877875,0.6972477862860301,26.11,28.9713,2.8613,28.9713,-1.2600000000000016,0.8226000000000013,-0.6912999999999982,-0.0323076923076923,3.159722222222258,-5.760333333333477,1,0
ctr_clockwise_circle,2.34,40,0.9917318706389662,1.0858726398616,0.8917986600124492,0.1940739798491508,26.928232084199895,28.05886936424916,25.770378904470924,2.2884904597782345,0.0312224999999999,0.0311265447562291,-0.0351,0.1052,0.1403,0.1052,0.0761999999999999,0.1403,-0.1007,0.0019538461538461,0.2180555555555473,-0.1661666666666701,1,0,-0.1570275,0.0393013210941259,-0.2865,-0.0814,0.2050999999999999,0.2865,-0.062,0.1871,-0.1314999999999999,-0.0015897435897435,0.2523333333333339,-0.2294999999999845,0,0,0.97736,0.0572676791648053,0.8652,1.0767,0.2115,1.0767,0.1161999999999999,0.1668999999999999,-0.1724,0.0029794871794871,0.358833333333342,-0.3733333333333224,1,0,0.32046,0.9068061893401704,-1.7062,2.1962,3.9024,2.1962,2.2662,2.4937,-2.9225,0.0581076923076922,7.291500000000062,-6.737333333333478,1,0,0.1360575,1.0993808187146492,-1.785,2.2137,3.998699999999999,2.2137,-0.0348999999999999,2.8438,-2.8612,-0.0008948717948717,8.944722222221884,-6.737500000000205,1,0,26.889410000000005,0.5479676014192153,25.7512,28.035,2.2837999999999994,28.035,1.75,0.8049999999999997,-0.7088000000000001,0.0448717948717948,2.6250000000000284,-1.312333333333271,0,0
ctr_clockwise_circle,2.34,40,1.0040212822409431,1.14368336090021,0.8917986600124492,0.2518847008877607,27.725354481555787,28.9008832553609,26.50510622974373,2.395777025617168,0.0523775,0.0404819332130602,-0.0351,0.1461,0.1812,0.1461,-0.0084999999999999,0.1403,-0.1216,-0.0002179487179487,0.3631944444444521,-0.1661666666666701,1,0,-0.1616525,0.0442147207618829,-0.2865,-0.0783,0.2082,0.2865,-0.0306,0.1871,-0.1314999999999999,-0.0007846153846153,0.4287500000000091,-0.3258333333333383,1,0,0.98767,0.0589515107133363,0.8652,1.1231,0.2579,1.1231,-0.0100999999999999,0.2396,-0.1914,-0.0002589743589743,0.4195000000000011,-0.3383333333333267,1,0,0.4344324999999999,1.057334393746235,-1.7062,2.1962,3.9024,2.1962,0.3325,2.5725,-2.9225,0.008525641025641,11.581388888889135,-7.0584999999999365,1,0,0.1174724999999999,1.317307870093007,-3.3075,2.765,6.0725,3.3075,0.2275,2.8438,-3.1938,0.0058333333333332,8.881499999999992,-10.835333333333342,1,1,27.671430000000004,0.5091801546075354,26.46,28.8925,2.4324999999999974,28.8925,0.7875000000000014,0.7699999999999996,-1.0762999999999998,0.0201923076923077,2.6250000000000284,-2.4208333333334338,0,0
ctr_clockwise_circle,2.3400000000000034,40,1.0134635350999583,1.14368336090021,0.8922690905775006,0.2514142703227093,27.816531422411018,28.9008832553609,26.706963214300497,2.1939200410604016,0.0574475,0.0318071350445712,-0.0156,0.1461,0.1617,0.1461,-0.0436999999999999,0.0949,-0.1216,-0.0011205128205128,0.1823333333333405,-0.2154999999999959,1,0,-0.1583375,0.0350546144407514,-0.2155,-0.0783,0.1372,0.2155,-0.0358,0.0771999999999999,-0.1271999999999999,-0.0009179487179487,0.2814999999999952,-0.3258333333333383,1,0,0.998305,0.0512728195600849,0.8835,1.1231,0.2396,1.1231,-0.0223999999999999,0.2396,-0.1914,-0.0005743589743589,0.3169444444444362,-0.3091666666666732,1,0,0.7962575000000001,1.100605281229612,-1.295,3.7538,5.0488,3.7538,0.0524999999999999,2.5725,-2.52,0.0013461538461538,8.487333333333108,-8.968833333333446,1,0,0.0260375,1.1632152713629802,-3.3075,2.765,6.0725,3.3075,-1.4088,2.52,-3.1938,-0.0361230769230769,8.881499999999992,-10.835333333333342,1,1,27.7600225,0.4289496632279052,26.705,28.8925,2.1875,28.8925,-0.5250000000000021,0.6387999999999998,-1.0762999999999998,-0.0134615384615385,1.7498333333331857,-2.420833333333377,0,0
ctr_clockwise_circle,2.34,40,1.0131092327274742,1.0746557495309834,0.9165193778638834,0.1581363716671,27.346096547962823,27.96018723453046,26.611286256962476,1.3489009775679826,0.0450725,0.0228214247909103,-0.0143,0.101,0.1153,0.101,0.0083,0.0824,-0.0812,0.0002128205128205,0.1904999999999928,-0.1346666666666545,1,0,-0.1674725,0.0305241811456979,-0.2379,-0.1078,0.1301,0.2379,0.0706,0.0834999999999999,-0.1252,0.0018102564102564,0.2294444444444354,-0.2509999999999908,1,0,0.9974525,0.0345178808178289,0.9052,1.0592,0.1539999999999999,1.0592,0.0282999999999998,0.1347,-0.1036000000000001,0.000725641025641,0.2573333333333227,-0.3091666666666732,1,0,1.09966,1.0587094964371264,-0.9538,3.7538,4.7076,3.7538,0.0524999999999999,2.2837,-2.52,0.0013461538461538,9.056333333333724,-8.968833333333446,1,0,-0.331845,1.221400452811528,-3.4738,1.5225,4.9963,3.4738,1.1112,2.2574,-3.2463,0.0284923076923077,10.018666666666286,-7.743833333333077,1,0,27.275282500000003,0.356625941279641,26.5825,27.9387,1.3562000000000012,27.9387,-0.2273999999999993,0.5337999999999994,-0.6999999999999993,-0.0058307692307692,2.012499999999875,-1.8081666666665797,0,0
ctr_clockwise_circle,2.3399999999999963,40,1.0245461746605025,1.1852274296522167,0.916997366408432,0.2682300632437847,27.550988879994396,28.131550262827677,26.850481073530133,1.2810691892975434,0.0457725,0.0243855567540527,-0.0159,0.0908,0.1067,0.0908,0.0281999999999999,0.0706,-0.062,0.0007230769230769,0.1373333333333268,-0.1973333333333259,0,0,-0.170905,0.0311797349538906,-0.2223,-0.1116,0.1106999999999999,0.2223,-0.0615,0.1013999999999999,-0.079,-0.001576923076923,0.2211666666666756,-0.2626666666666724,1,0,1.0083925,0.0582787967226151,0.902,1.1709,0.2689,1.1709,0.1682000000000001,0.2689,-0.1519,0.0043128205128205,0.3936666666666539,-0.4326666666666536,0,0,1.305285,0.7965963368430682,-0.4375,2.625,3.0625,2.625,0.6212,2.135,-1.7062,0.0159282051282051,6.241500000000276,-5.8479999999997805,1,0,0.0588399999999999,0.93036092439495,-1.89,2.8263,4.7162999999999995,2.8263,-0.1224999999999999,2.8263,-2.5288,-0.0031410256410256,7.481333333333049,-8.020999999999598,1,0,27.493385,0.2753439904965499,26.7138,28.0613,1.3475,28.0613,0.7175000000000011,0.5336999999999996,-0.6738,0.0183974358974359,2.0269999999999015,-2.376999999999896,0,0
ctr_clockwise_circle,2.3400000000000034,40,1.0222229411700876,1.1116525986116348,0.8888251234072989,0.2228274752043358,26.96835614890342,28.087907201142627,25.65737540162672,2.430531799515908,0.0471724999999999,0.0244529269130585,-0.0024,0.113,0.1154,0.113,0.049,0.1077,-0.0549,0.0012564102564102,0.2448333333333465,-0.123500000000004,1,0,-0.1798125,0.0308787470476178,-0.2335,-0.0974,0.1361,0.2335,0.0089999999999999,0.0748,-0.0954,0.0002307692307692,0.1724999999999934,-0.3285000000000053,1,0,1.0043925000000002,0.0497161965431583,0.8747,1.1043,0.2296,1.1043,0.0836,0.1258999999999999,-0.1386,0.0021435897435897,0.3154999999999877,-0.3116666666666532,0,0,0.761685,0.6048455668757363,-0.6388,2.2925,2.9313,2.2925,0.2537,1.9425,-2.4326,0.0065051282051282,4.141833333333785,-4.841833333333151,1,0,-0.173035,0.9192168477038288,-1.6975,1.715,3.4125,1.715,2.3537,2.0738,-3.22,0.060351282051282,9.296944444444096,-6.416666666666935,1,0,26.9351275,0.6953958916670675,25.6375,28.0525,2.414999999999999,28.0525,0.5426000000000002,0.6475000000000009,-0.6474999999999973,0.0139128205128205,4.448166666666793,-3.5875000000000625,0,0
ctr_clockwise_circle,2.3399999999999963,40,1.0252386354674816,1.1053638948328284,0.9206348679036656,0.1847290269291627,27.59409609599421,28.967697705893023,25.65737540162672,3.310322304266304,0.0531675,0.0214034790785672,0.009,0.1108,0.1018,0.1108,0.0285999999999999,0.0583,-0.0589,0.0007333333333333,0.111333333333329,-0.1548333333333381,1,0,-0.1842875,0.030242881658758,-0.2335,-0.121,0.1125,0.2335,0.0470999999999999,0.1003,-0.0849,0.0012076923076923,0.2251666666666694,-0.141999999999995,1,0,1.0064375,0.0494283095853129,0.903,1.0926,0.1896,1.0926,0.1614,0.1299999999999999,-0.1240999999999999,0.0041384615384615,0.405916666666652,-0.2444999999999879,1,0,0.8354050000000001,0.5595026307538803,-0.385,2.24,2.625,2.24,1.8025,1.3738,-1.7238,0.0462179487179487,3.9813333333336214,-3.1061666666665486,1,0,0.10369,1.012434463292088,-1.6537,2.1875,3.8412,2.1875,0.4725,2.5637,-3.22,0.0121153846153846,7.160333333333825,-6.8396666666664085,1,0,27.557687499999997,0.9916822167763788,25.6375,28.945,3.307500000000001,28.945,2.5375000000000014,0.6913000000000018,-0.4725000000000001,0.0650641025641026,4.448166666666793,-0.9916666666666174,0,0
ctr_clockwise_circle,2.3400000000000034,40,1.0118722665879498,1.1053638948328284,0.8885279680460262,0.2168359267868022,28.281069240971995,28.967697705893023,27.271102157411978,1.696595548481049,0.0471674999999999,0.0275437124613557,-0.0209,0.1108,0.1316999999999999,0.1108,-0.0102999999999999,0.0757999999999999,-0.0589,-0.0002641025641025,0.1753333333333266,-0.2504999999999905,1,0,-0.1587625,0.0338596324779,-0.2272,-0.1003,0.1269,0.2272,0.0809,0.1003,-0.0849,0.0020743589743589,0.2251666666666694,-0.141999999999995,0,0,0.997295,0.056361238498885,0.8725,1.0926,0.2200999999999999,1.0926,-0.0458,0.1386999999999999,-0.157,-0.0011743589743589,0.3060000000000116,-0.4641666666666479,1,0,0.992475,0.6604379660886267,-0.0875,2.485,2.5725,2.485,0.1137,1.3738,-1.7238,0.0029153846153845,4.360499999999833,-5.27933333333343,1,0,0.285035,0.8984565890088031,-1.575,2.1875,3.7625,2.1875,0.0087,2.5637,-2.6949,0.0002230769230769,5.614833333333317,-6.839666666666408,1,0,28.240834999999997,0.357688173571367,27.265,28.945,1.6799999999999995,28.945,-0.6125000000000007,0.6913000000000018,-0.7873999999999981,-0.0157051282051282,2.7706666666667275,-3.9980555555553727,1,0
ctr_clockwise_circle,2.3399999999999963,40,1.0026333149068063,1.1250288262973531,0.875289192210209,0.2497396340871441,27.748742147856483,28.8123317674915,26.8132267966763,1.9991049708152,0.03959,0.0244220665246275,-0.0209,0.0837,0.1046,0.0837,-0.0418,0.0757999999999999,-0.0605,-0.0010717948717948,0.1753333333333266,-0.2504999999999905,1,0,-0.14169,0.0288510036265016,-0.2013,-0.0952,0.1061,0.2013,0.0022999999999999,0.095,-0.0907,5.897435897435924e-05,0.2833333333333559,-0.2101666666666755,1,0,0.9910150000000002,0.05955074780473,0.8518,1.1176,0.2657999999999999,1.1176,-0.0686,0.1517999999999999,-0.1586,-0.0017589743589743,0.6234999999999777,-0.4328333333333152,1,0,0.8459199999999999,0.8181291316167638,-0.9187,2.485,3.4036999999999997,2.485,-0.8225,2.7563,-3.1412,-0.0210897435897435,5.599833333333599,-6.197916666667167,0,0,0.0885975,0.9628496044361344,-1.9512,2.1613,4.112500000000001,2.1613,0.98,2.6512,-2.7125,0.0251282051282051,7.860499999999702,-7.612500000000176,0,0,27.707737499999997,0.5332981600681287,26.81,28.7962,1.9862,28.7962,-1.4436999999999998,0.6387,-0.7873999999999981,-0.0370179487179487,2.7706666666667275,-3.13533333333325,0,0
ctr_clockwise_circle,2.3400000000000034,40,1.008825173911312,1.1676709039793705,0.9089766718678758,0.2586942321114946,27.42802246847932,28.407337596473205,26.83905630103264,1.5682812954405634,0.0520475,0.0248155967033555,-0.013,0.1074,0.1204,0.1074,-0.0474,0.0825999999999999,-0.0904,-0.0012153846153846,0.1731666666666759,-0.1864583333333263,1,0,-0.16249,0.0400654579791236,-0.2499,-0.0666,0.1833,0.2499,-0.1619999999999999,0.1115,-0.1021999999999999,-0.0041538461538461,0.312833333333343,-0.2856666666666809,0,0,0.9929625000000002,0.0659374905517067,0.8733,1.1583,0.2850000000000001,1.1583,-0.0746,0.1796000000000001,-0.2599000000000001,-0.0019128205128205,0.4890000000000043,-0.3916666666666497,1,0,0.283495,1.0896756953332492,-2.1525,2.1962,4.3487,2.1962,2.625,2.4325,-2.5551,0.0673076923076923,9.49400000000028,-9.945833333333342,1,2,0.3491225,1.033843463697231,-2.275,2.485,4.76,2.485,-0.7788,2.5025,-2.345,-0.0199692307692307,8.779166666666992,-8.720833333333687,1,1,27.3842175,0.3364686565868872,26.7838,28.3412,1.5574000000000012,28.3412,0.2276000000000024,0.6387,-0.8137000000000008,0.0058358974358974,2.2604999999999507,-3.295666666666534,1,0
ctr_clockwise_circle,2.3399999999999963,40,0.9950211803348514,1.0932092983505033,0.8889965916695068,0.2042127066809964,27.227584153840255,27.696364339566305,26.742822985803127,0.9535413537631784,0.0494175,0.0242669331575251,0.0032,0.1062,0.103,0.1062,-0.0246,0.0556,-0.0795,-0.0006307692307692,0.1579166666666793,-0.1634999999999938,1,0,-0.16711,0.0370899585553964,-0.2499,-0.101,0.1489,0.2499,0.0325,0.1115,-0.0905,0.0008333333333333,0.3906944444444754,-0.3247222222222093,1,0,0.9784325,0.0597582024731376,0.8694,1.0811,0.2117,1.0811,-0.041,0.1796000000000001,-0.1886000000000001,-0.001051282051282,0.4890000000000043,-0.3699999999999814,1,0,0.6107549999999999,1.3761444864790422,-2.1525,3.605,5.7575,3.605,0.3413,1.925,-2.2225,0.008751282051282,12.337500000000505,-15.88133333333376,1,2,-0.17763,1.1527366504240113,-2.4675,2.485,4.9525,2.485,-2.0124999999999997,2.5025,-2.3974,-0.051602564102564,8.779166666666992,-8.720833333333688,0,1,27.162415,0.26505749598811,26.67,27.6413,0.9712999999999994,27.6413,-0.1400000000000005,0.7524999999999977,-0.6911999999999985,-0.0035897435897436,1.3562222222221578,-1.793833333333282,1,0
ctr_clockwise_circle,2.3400000000000034,40,1.0118607878721084,1.1190273276377125,0.8889965916695068,0.2300307359682054,27.23138299211948,27.92147396503272,26.68791507068321,1.2335588943495104,0.05033,0.0255889419225951,0.0054,0.116,0.1106,0.116,-0.0341999999999999,0.0762,-0.0795,-0.000876923076923,0.1331666666666753,-0.1441666666666612,1,0,-0.1604074999999999,0.0325729428970481,-0.2218,-0.0867,0.1351,0.2218,0.0111999999999999,0.0985,-0.1031,0.0002871794871794,0.2646666666666568,-0.2939999999999978,1,0,0.9968975,0.0557864034877904,0.8694,1.107,0.2376,1.107,-0.0044999999999999,0.1844,-0.1886000000000001,-0.0001153846153846,0.2458333333333211,-0.3086666666666708,1,0,1.0357850000000002,1.2036865576220412,-1.75,3.605,5.355,3.605,-0.4549999999999999,1.925,-1.8025,-0.0116666666666666,12.337500000000505,-15.88133333333376,1,0,-0.46703,1.0228610786692445,-2.4675,1.4438,3.9113,2.4675,1.9249,2.4325,-2.3974,0.0493564102564102,5.731166666666448,-9.289333333333342,0,0,27.162852499999996,0.3082729559630638,26.6437,27.9037,1.2600000000000016,27.9037,1.032399999999999,0.7524999999999977,-0.6911999999999985,0.0264717948717948,2.187333333333413,-1.793833333333282,0,0
ctr_clockwise_circle,2.3399999999999963,40,1.02688265059113,1.1297922198351342,0.942261158066064,0.1875310617690703,27.111602066584645,27.92147396503272,26.228559577300462,1.6929143877322552,0.04861,0.0232272916398592,0.0142,0.116,0.1018,0.116,-0.039,0.0762,-0.0597,-0.0009999999999999,0.1480555555555675,-0.1164999999999955,1,0,-0.1609025,0.0314537143662858,-0.2108,-0.0867,0.1240999999999999,0.2108,-0.0214999999999999,0.0985,-0.1031,-0.000551282051282,0.2039583333333259,-0.1795000000000095,1,0,1.012295,0.0465127164856213,0.9226,1.1161,0.1935000000000001,1.1161,-0.0469,0.1844,-0.1239999999999998,-0.0012025641025641,0.2458333333333211,-0.3086666666666708,1,0,1.2615275,0.7019678091777392,-0.3413,2.59,2.9313,2.59,1.3388,1.8813,-1.2950000000000002,0.0343282051282051,6.460166666666898,-6.212499999999921,1,0,-0.28984,0.9878875493465064,-2.2838,1.4438,3.7276,2.2838,2.2924,3.1413,-2.6251,0.0587794871794871,5.672833333333438,-4.681166666666489,1,0,27.054125,0.3785554166321471,26.1975,27.9037,1.706199999999999,27.9037,-0.1574999999999988,0.6301000000000023,-0.5076,-0.0040384615384615,2.187333333333413,-4.170666666666506,1,0
ctr_clockwise_circle,2.3400000000000034,40,1.002032420621196,1.1072114296736644,0.8440257460528086,0.2631856836208558,27.099209014996575,27.973301662120615,25.708420618349933,2.264881043770682,0.0410499999999999,0.0275120113628714,-0.0071,0.1071,0.1142,0.1071,0.0359,0.0625,-0.087,0.0009205128205128,0.200666666666659,-0.2378888888888798,1,0,-0.1639025,0.0299139748449723,-0.2284,-0.09,0.1384,0.2284,-0.014,0.0829,-0.1109999999999999,-0.0003589743589743,0.238499999999991,-0.2109999999999987,1,0,0.9868375,0.0567808955208866,0.8276,1.096,0.2684000000000001,1.096,0.0098999999999999,0.1407,-0.1747,0.0002538461538461,0.4046666666666834,-0.5130000000000123,1,0,0.8332274999999999,0.749617448756877,-0.6037,2.6512,3.2548999999999997,2.6512,-1.295,1.8636999999999997,-1.8899,-0.0332051282051282,5.483166666666493,-5.920666666666898,0,0,-0.25244,0.7243564612636233,-1.7938,1.3737,3.1675,1.7938,0.1137,1.7762,-2.5726,0.0029153846153846,5.81866666666674,-4.8855000000001905,0,0,27.0655075,0.5560843038777761,25.69,27.965,2.2749999999999986,27.965,1.0588000000000015,0.6737000000000002,-0.7524999999999977,0.0271487179487179,2.712500000000091,-3.558500000000265,0,0
ctr_clockwise_circle,2.3399999999999963,40,1.017458308317322,1.1195807295590614,0.8857966640262311,0.2337840655328302,27.599914348124077,28.193746263666345,26.85051052475539,1.3432357389109555,0.0442975,0.0278563484225032,-0.0059,0.1171,0.123,0.1171,0.0167,0.0642,-0.1043999999999999,0.0004282051282051,0.1828333333333264,-0.2216666666666582,1,0,-0.1751275,0.0348765293755277,-0.2511,-0.1005,0.1505999999999999,0.2511,0.0169,0.1028999999999999,-0.1109999999999999,0.0004333333333333,0.238499999999991,-0.2766666666666562,1,0,1.00026,0.0552809272993581,0.8694,1.1031,0.2337,1.1031,0.1308,0.1437,-0.1395999999999999,0.0033538461538461,0.4647222222222071,-0.5130000000000141,0,0,0.7765625,0.6477686607026165,-1.0938,1.8813,2.9751000000000003,1.8813,-0.0173999999999999,1.8988,-1.8375,-0.0004461538461538,4.253666666667025,-6.82516666666641,1,0,-0.2918199999999999,0.7964702245307747,-2.17,1.4963,3.6663,2.17,0.8662,2.0475,-3.6663,0.0222102564102564,4.754166666666489,-5.089833333333567,0,0,27.5688525,0.2784725480071417,26.845,28.1838,1.3388000000000029,28.1838,0.3062000000000004,0.7175000000000011,-0.9711999999999996,0.007851282051282,2.795000000000165,-2.1729999999999734,1,0
ctr_clockwise_circle,2.3400000000000034,40,1.0246449923910197,1.1195807295590614,0.8668751063446222,0.2527056232144392,27.59444481430264,28.193746263666345,26.85051052475539,1.3432357389109555,0.0451975,0.0240944986539379,0.0085,0.1171,0.1086,0.1171,0.0134,0.0642,-0.1043999999999999,0.0003435897435897,0.1323333333333283,-0.1989999999999966,1,0,-0.1707199999999999,0.0336900213484874,-0.2511,-0.1005,0.1505999999999999,0.2511,0.0529999999999999,0.1028999999999999,-0.0865999999999999,0.0013589743589743,0.1815000000000119,-0.1523333333333338,1,0,1.0084,0.0651271497996468,0.852,1.1031,0.2511,1.1031,-0.01,0.2084,-0.2380000000000001,-0.0002564102564102,0.5434722222222019,-0.4620000000000051,1,0,0.9454275,0.7654751770372809,-1.0938,2.765,3.858800000000001,2.765,0.7963,3.1938,-2.5637000000000003,0.0204179487179486,8.859722222221885,-6.82516666666641,1,0,0.0196849999999999,1.0048169318019562,-2.17,1.7325,3.9025,2.17,-0.8051,3.0975,-3.6663,-0.0206435897435897,9.406388888888532,-5.993999999999992,1,0,27.5500375,0.2876399794681915,26.845,28.1838,1.3388000000000029,28.1838,-0.5511999999999979,0.7175000000000011,-0.9711999999999996,-0.0141333333333332,1.9686666666666497,-2.220208333333346,1,0
ctr_clockwise_circle,2.3399999999999963,40,1.0127764575635672,1.1177185423889149,0.8668751063446222,0.2508434360442925,27.43372912525304,28.05990602496737,26.821296233217367,1.238609791750001,0.0479224999999999,0.0266143732855879,-0.006,0.1181,0.1241,0.1181,-0.0081,0.0696,-0.0785,-0.0002076923076923,0.2244999999999914,-0.1989999999999966,1,0,-0.1483324999999999,0.0299786025187025,-0.2239,-0.0922,0.1316999999999999,0.2239,0.0395999999999999,0.0953999999999999,-0.0865999999999999,0.0010153846153846,0.1798333333333264,-0.1523333333333336,0,0,0.9998525,0.0622926961496269,0.852,1.1012,0.2491999999999999,1.1012,0.0919999999999999,0.2084,-0.1634999999999998,0.0023589743589743,0.367833333333321,-0.4595000000000286,1,0,0.9165474999999998,0.9286816288082248,-1.4438,2.765,4.2088,2.765,-0.1488,3.1938,-2.5637000000000003,-0.0038153846153846,6.883499999999739,-7.743833333333363,1,0,0.1717149999999999,0.8721283681537149,-1.6013,1.7325,3.3338,1.7325,0.9012,3.0975,-2.9313,0.0231076923076923,5.760333333333115,-5.993999999999992,1,0,27.38904,0.2796913012590845,26.8013,28.035,1.233699999999999,28.035,-0.4813000000000009,0.4549999999999983,-0.6563000000000017,-0.0123410256410256,2.566500000000076,-2.21666666666664,1,0
ctr_clockwise_circle,2.3400000000000034,40,1.002497183396994,1.1548271558982324,0.8859669971279969,0.2688601587702355,26.80636429924104,27.928522125776723,26.15531454007005,1.7732075857066718,0.0412149999999999,0.0275353157850898,-0.031,0.0927,0.1237,0.0927,-0.0107999999999999,0.1118,-0.072,-0.000276923076923,0.2361666666666741,-0.2905555555555444,1,0,-0.1409425,0.0387788925371813,-0.244,-0.0513,0.1926999999999999,0.244,0.15,0.1186,-0.0978,0.0038461538461538,0.3358333333333494,-0.3903333333333187,1,0,0.9905225000000002,0.0486527385452116,0.8718,1.1424,0.2706,1.1424,0.0028000000000001,0.215,-0.1550999999999999,7.179487179487527e-05,0.434333333333349,-0.4179166666666501,1,0,0.3211199999999999,1.1296381156858404,-1.995,2.7825,4.7775,2.7825,-0.7,1.4875,-2.3537000000000003,-0.0179487179487179,14.612500000000258,-11.885499999999553,1,0,0.0275675,1.064525128844927,-2.4938,2.4237,4.9175,2.4938,0.9363,2.7213,-2.0738,0.0240076923076923,10.193666666666282,-7.233333333333619,1,1,26.76057,0.3839302795948027,26.145,27.9212,1.7761999999999991,27.9212,-0.918800000000001,0.6649999999999991,-0.8924999999999983,-0.0235589743589743,1.1083333333332916,-3.1061666666668657,0,0
ctr_clockwise_circle,2.3399999999999963,40,1.0104675431060066,1.1548271558982324,0.8883024428650413,0.266524713033191,26.4978869975824,26.96268446631381,25.6864280299928,1.2762564363210096,0.0502075,0.0285849197062959,-0.0188,0.1183,0.1371,0.1183,0.0054,0.1062,-0.0997,0.0001384615384615,0.2328333333333245,-0.2570833333333235,1,0,-0.144225,0.0390677042174289,-0.244,-0.0513,0.1926999999999999,0.244,-0.0360999999999999,0.1186,-0.0978,-0.000925641025641,0.3358333333333494,-0.3542499999999866,1,0,0.9976925,0.0529253532745013,0.8713,1.1424,0.2711000000000001,1.1424,-0.0033,0.215,-0.1475999999999999,-8.461538461538669e-05,0.434333333333349,-0.4451388888888701,1,0,0.3296475,1.2923465590589618,-1.995,3.1412,5.1362000000000005,3.1412,0.9275,1.9162,-2.03,0.0237820512820512,14.612500000000258,-10.222833333333591,1,0,0.1942475,1.0508243394122931,-2.4938,2.7738,5.2676,2.7738,-0.7876,2.7213,-2.3888,-0.0201948717948718,7.729166666666934,-9.289666666666314,1,1,26.44404,0.313236127693323,25.6375,26.9325,1.2950000000000017,26.9325,-0.0875000000000021,0.6125000000000007,-0.6649999999999991,-0.0022435897435897,2.114666666666551,-2.9311666666665985,0,0
ctr_clockwise_circle,2.3400000000000034,40,1.0159903802462882,1.109599089761703,0.8883024428650413,0.2212966468966616,26.313043082934552,26.96268446631381,25.6864280299928,1.2762564363210096,0.0470425,0.031390982597898,-0.0188,0.1183,0.1371,0.1183,0.0385,0.1062,-0.0997,0.0009871794871794,0.2328333333333245,-0.2013333333333331,1,0,-0.1520099999999999,0.0333831817014618,-0.2463,-0.0766,0.1697,0.2463,0.0514999999999999,0.0688999999999999,-0.0996999999999999,0.0013205128205128,0.2186666666666583,-0.235333333333324,0,0,1.0024025,0.0489135736365422,0.8713,1.097,0.2257,1.097,0.0682,0.2126000000000001,-0.1475999999999999,0.0017487179487179,0.2656666666666556,-0.3835000000000264,1,0,0.8478750000000002,1.1469820481795492,-1.7062,3.1412,4.8474,3.1412,-1.3213,1.9162,-2.0212,-0.0338794871794871,8.647666666666492,-12.079583333332875,1,0,0.2482749999999999,1.1518261097280622,-2.3187,2.7738,5.0925,2.7738,-3.2112,2.7213,-4.165,-0.0823384615384615,7.962333333333678,-9.454722222221864,0,1,26.249129999999997,0.3209442856034961,25.6375,26.9325,1.2950000000000017,26.9325,0.1311999999999997,0.577499999999997,-0.5600999999999985,0.0033641025641025,2.114666666666551,-1.7208333333333314,1,0
ctr_clockwise_circle,2.3399999999999963,40,1.0146914775622666,1.1379355561717897,0.9171724156340508,0.2207631405377388,26.16488899838314,26.766334398456586,25.66539211428495,1.1009422841716336,0.044085,0.0301386075767721,-0.0142,0.1005,0.1147,0.1005,-0.0018,0.0756,-0.1078,-4.615384615384641e-05,0.247361111111131,-0.2013333333333199,1,0,-0.164155,0.0356196499356529,-0.2463,-0.0781,0.1682,0.2463,0.0518,0.0875999999999999,-0.0996999999999999,0.0013282051282051,0.2445833333333534,-0.3976666666666515,1,0,0.9992325,0.0519780495460861,0.9038,1.1222,0.2184,1.1222,0.0113,0.1293,-0.1811999999999999,0.0002897435897435,0.3677777777778076,-0.2926666666666566,1,0,1.0524125,1.140798801377508,-1.0762,3.3688,4.445,3.3688,-1.1988,2.4325,-2.0825,-0.0307384615384615,12.745833333333431,-11.27300000000018,1,0,-0.304495,1.454546127984911,-4.3575,1.8463,6.2038,4.3575,1.4962,3.0625,-4.165,0.0383641025641025,10.821000000000272,-11.739666666666622,0,0,26.0780575,0.291141387704695,25.5063,26.7225,1.2162000000000006,26.7225,0.3413000000000004,0.5163000000000011,-0.5336999999999996,0.008751282051282,1.944444444444668,-1.7208333333333314,1,0
ctr_clockwise_circle,2.3400000000000034,40,1.021342171810249,1.1205323511617145,0.9160000109170304,0.2045323402446839,25.948983707134182,26.66394206133069,25.371525098424808,1.2924169629058824,0.0438324999999999,0.0201938983866731,0.0034,0.083,0.0796,0.083,0.0238,0.0543,-0.0681,0.0006102564102564,0.140833333333328,-0.1216666666666717,1,0,-0.1544525,0.0252104982965227,-0.2159,-0.0852,0.1307,0.2159,0.0353999999999999,0.0649,-0.0776,0.0009076923076923,0.1940000000000019,-0.147666666666661,1,0,1.0081025,0.0497958472550287,0.9023,1.1073,0.2049999999999999,1.1073,-0.0050999999999999,0.1366999999999999,-0.1719,-0.0001307692307692,0.3398333333333188,-0.3342499999999866,1,0,1.21056,0.8113063185144921,-0.2275,3.3863,3.6138,3.3863,1.3824,1.5051,-1.7587000000000002,0.0354461538461538,6.956166666666403,-7.364666666666389,1,0,0.1050025,0.7147578314967228,-1.365,1.505,2.87,1.505,-0.5601,2.205,-2.2225,-0.0143615384615384,5.16249999999974,-4.958333333333687,1,0,25.898685,0.3509442073781923,25.3137,26.565,1.2513000000000003,26.565,-1.0325999999999986,0.6650000000000027,-0.4113000000000006,-0.026476923076923,0.8020000000000778,-1.779166666666697,0,0
ctr_clockwise_circle,2.3399999999999963,40,1.0162159694844282,1.144372360728797,0.9053530747724888,0.239019285956308,25.681618409024168,26.137761498070184,25.076220675771697,1.061540822298486,0.04212,0.0211629599015561,-0.0093,0.0839,0.0932,0.0839,0.0008999999999999,0.0456999999999999,-0.0455,2.307692307692338e-05,0.1913888888888816,-0.1281666666666617,1,0,-0.14809,0.0282816312589402,-0.2252,-0.0852,0.14,0.2252,-0.0085999999999999,0.0688999999999999,-0.1093,-0.0002205128205128,0.2843333333333222,-0.2656666666666698,1,0,1.0037975,0.0567517603364164,0.8899,1.1373,0.2473999999999999,1.1373,-0.0043999999999999,0.1631000000000001,-0.1974,-0.0001128205128205,0.5294999999999872,-0.4473333333333169,1,0,1.021995,0.8194375372230982,-0.525,2.6512,3.1761999999999997,2.6512,-0.4638,1.7762,-2.3625,-0.0118923076923076,4.914666666666479,-6.24166666666643,1,0,-0.050755,0.757459326470016,-1.6013,1.3825,2.9838,1.6013,0.0174999999999999,2.9838,-2.2925,0.0004487179487179,3.660666666667143,-5.468999999999793,1,0,25.6377275,0.2183957487464277,25.0688,26.0837,1.0149000000000008,26.0837,-0.1574999999999988,0.6387999999999998,-0.7174000000000014,-0.0040384615384615,1.5895000000000152,-1.866666666666703,0,0
ctr_clockwise_circle,2.3399999999999963,40,1.0125242647400186,1.172299198157194,0.9053530747724888,0.266946123384705,25.83193074499267,26.675356253478604,25.076220675771697,1.5991355777069067,0.0402449999999999,0.0248515897443305,-0.0098,0.0847,0.0945,0.0847,0.0359,0.0746,-0.0742,0.0009205128205128,0.2355555555556023,-0.1350000000000101,1,0,-0.15741,0.0323245465195152,-0.254,-0.1028,0.1512,0.254,0.0448999999999999,0.0974,-0.1093,0.001151282051282,0.3934722222223006,-0.2656666666666696,1,0,0.99847,0.0656178767074167,0.8899,1.1644,0.2745000000000001,1.1644,0.0555999999999999,0.188,-0.1974,0.001425641025641,0.5294999999999872,-0.5760000000000467,1,0,0.652975,0.7539562419289263,-0.525,2.5463,3.0713,2.5463,-1.4525,1.7762,-2.3625,-0.0372435897435897,4.849027777778743,-5.862333333333492,1,0,-0.214815,0.8460537891459414,-2.2662,1.4175,3.6837,2.2662,0.5601,2.9838,-2.3012,0.0143615384615384,4.0248333333344375,-5.67283333333358,1,0,25.798505,0.3850102695600039,25.0688,26.635,1.566200000000002,26.635,-0.3500000000000014,0.4813000000000009,-0.7613000000000021,-0.008974358974359,2.8000000000003524,-2.1982916666666483,1,0
ctr_clockwise_circle,2.3399999999999963,40,1.021877015625709,1.172299198157194,0.919701978904036,0.2525972192531579,25.95135867560784,26.675356253478604,25.40003255785315,1.2753236956254526,0.04922,0.0268259556667772,-0.0098,0.1134,0.1232,0.1134,-0.0092,0.0746,-0.0917,-0.0002358974358974,0.2140000000000066,-0.1350000000000101,1,0,-0.15614,0.0371419508483401,-0.254,-0.0669,0.1871,0.254,0.0322999999999999,0.1,-0.1634,0.0008282051282051,0.1899999999999928,-0.1956666666666593,1,0,1.0076275,0.0612015584999313,0.9026,1.1644,0.2618000000000001,1.1644,0.0872,0.188,-0.1402999999999999,0.0022358974358974,0.4406666666666492,-0.5760000000000467,1,0,0.563725,0.7498401746799798,-1.8288,1.9775,3.8063,1.9775,-0.2361999999999999,2.2663,-3.3163,-0.0060564102564102,4.141833333333176,-4.812666666666663,0,0,0.05469,0.8612210969583558,-2.2662,1.8288,4.095,2.2662,1.5137,2.0125,-2.3012,0.0388128205128204,4.0248333333344375,-5.67283333333358,1,0,25.92056,0.3596730308602596,25.3225,26.635,1.3125,26.635,0.6387,0.6738,-0.7613000000000021,0.016376923076923,2.8000000000003524,-2.814499999999867,1,0
ctr_clockwise_circle,2.3400000000000034,40,1.0042825475378083,1.0954545221048655,0.917872638223844,0.1775818838810215,25.448359626664313,26.177739123728777,24.84710459369461,1.330634530034164,0.0359925,0.026869603334127,-0.0376,0.0903,0.1279,0.0903,0.0538,0.0991,-0.1001,0.0013794871794871,0.1913333333333564,-0.1499999999999943,1,0,-0.130195,0.0325639485257814,-0.1862,-0.0583,0.1279,0.1862,0.0032999999999999,0.0673,-0.0964,8.46153846153842e-05,0.2405000000000153,-0.1839999999999931,1,0,0.9942025,0.0531993613201492,0.9004,1.0846,0.1842,1.0846,0.1586999999999998,0.1571000000000001,-0.1842,0.0040692307692307,0.3719444444444282,-0.1844999999999936,1,0,0.8362825,1.10877042452497,-1.4963,3.9025,5.3988,3.9025,0.0438,2.2488,-3.8238,0.0011230769230769,8.939499999999661,-10.937666666666251,1,0,0.2714775,0.9644602206276196,-1.4787,2.5025,3.9812,2.5025,0.1399999999999999,3.185,-2.9837,0.0035897435897435,4.97027777777759,-7.0143333333330675,1,0,25.3918325,0.3684759383213443,24.815,26.1625,1.3475,26.1625,-0.2449000000000012,0.6037999999999997,-0.8663000000000025,-0.0062794871794872,1.9978333333333185,-2.94583333333361,1,0
ctr_clockwise_circle,2.3400000000000034,40,1.0091760822260598,1.1668435070736778,0.9178245311605044,0.2490189759131733,25.41195599992336,26.177739123728777,24.59718848262947,1.580550641099304,0.0375475,0.0291494820070966,-0.0376,0.1029,0.1405,0.1029,-0.029,0.1068,-0.1001,-0.0007435897435897,0.2461666666666573,-0.1505555555555497,1,0,-0.1248124999999999,0.0309721644052965,-0.1839,-0.0583,0.1256,0.1839,0.0030999999999999,0.0746,-0.1178,7.94871794871782e-05,0.1696666666666602,-0.1839999999999931,1,0,0.999785,0.0606379273291001,0.9057,1.1592,0.2535,1.1592,-0.0707999999999999,0.2535,-0.2431999999999999,-0.0018153846153846,0.4005555555555425,-0.3669444444444327,1,0,0.406435,1.0305633967112482,-1.4963,3.9025,5.3988,3.9025,-0.0086999999999999,2.2488,-3.8238,-0.0002230769230769,10.90097222222181,-10.937666666666251,1,0,0.412785,1.0121134335307154,-1.33,2.7825,4.112500000000001,2.7825,-3.2812,3.9375,-3.5175,-0.0841333333333333,7.028999999999732,-9.391666666666312,1,0,25.3653725,0.3662850445209902,24.57,26.1625,1.5925000000000011,26.1625,0.0874999999999985,0.4024999999999998,-0.8663000000000025,0.0022435897435897,1.852166666666534,-2.9458333333335815,0,0
ctr_clockwise_circle,2.339999999999989,40,1.0120922314465393,1.1668435070736778,0.9019000221754072,0.2649434848982706,25.592768230071467,26.465053832932213,24.59718848262947,1.8678653503027431,0.0394949999999999,0.0315778236855858,-0.0229,0.1029,0.1258,0.1029,0.0501999999999999,0.1068,-0.0934,0.0012871794871794,0.2502777777778275,-0.1484999999999943,1,0,-0.1345525,0.0320678366503869,-0.2034,-0.0603,0.1431,0.2034,-0.0199999999999999,0.078,-0.1178,-0.0005128205128205,0.1696666666666602,-0.2040000000000199,0,0,1.001285,0.0623713590993288,0.8842,1.1592,0.275,1.1592,-0.0292999999999999,0.2535,-0.2431999999999999,-0.000751282051282,0.3631666666666522,-0.3070833333333948,1,0,0.0494349999999999,0.809287156906208,-1.6975,1.8725,3.5700000000000003,1.8725,-0.5163,1.9338,-2.345,-0.0132384615384615,5.4396666666664615,-7.204333333333459,1,0,0.30362,1.156955084384027,-1.7413,2.7825,4.5238000000000005,2.7825,2.4762,3.9375,-3.5175,0.0634923076923076,8.862958333332998,-9.391666666666312,1,0,25.5528475,0.3609279230464377,24.57,26.4513,1.8812999999999995,26.4513,0.5336999999999996,0.6561999999999983,-0.5511999999999979,0.0136846153846153,2.2166666666666117,-2.977638888889445,1,0
ctr_clockwise_circle,2.3400000000000034,40,1.0263270029063372,1.1460158943051355,0.897378376160246,0.2486375181448897,25.32252722271259,25.918334676055093,24.378464311559902,1.5398703644951863,0.05763,0.0215525975589593,0.0063,0.12,0.1137,0.12,-0.0184,0.0919,-0.071,-0.0004717948717948,0.1401666666666614,-0.1826388888888818,1,0,-0.148025,0.0280009134466387,-0.1945,-0.0837,0.1108,0.1945,-0.0163,0.1108,-0.1042,-0.0004179487179487,0.1746666666666825,-0.1731666666666869,1,0,1.013315,0.0544825238976353,0.8764,1.1409,0.2645,1.1409,-0.0126999999999999,0.1704,-0.177,-0.000325641025641,0.589166666666646,-0.4996666666666485,1,0,1.05525,1.1284258781878864,-0.9275,3.4913,4.4188,3.4913,0.6038,2.6599999999999997,-1.6975,0.0154820512820512,10.179000000000013,-11.37499999999957,1,0,-0.2876599999999999,1.3136821193373482,-2.6688,2.7825,5.4513,2.7825,1.0937,3.4563,-2.8350000000000004,0.0280435897435897,13.06683333333376,-6.270999999999763,1,1,25.240905,0.3570987968946266,24.3075,25.8913,1.5838,25.8913,-0.2712000000000003,0.629999999999999,-0.5950000000000024,-0.0069538461538461,3.616833333333176,-2.522999999999854,0,0
ctr_clockwise_circle,2.3400000000000034,40,1.0284649730156832,1.1460158943051355,0.8976009024059635,0.2484149918991722,25.427492471365817,26.15074485076859,24.378464311559902,1.7722805392086831,0.054435,0.0259273793507944,0.0027,0.12,0.1173,0.12,-0.026,0.0919,-0.0958,-0.0006666666666666,0.1073333333333713,-0.1631944444444383,1,0,-0.147855,0.0305698103967346,-0.1972,-0.0837,0.1134999999999999,0.1972,-0.0361,0.1108,-0.1042,-0.000925641025641,0.1851666666666596,-0.2163888888888809,1,0,1.0154475,0.0594526745101535,0.8764,1.1409,0.2645,1.1409,0.0111999999999998,0.2022999999999999,-0.2057,0.0002871794871794,0.589166666666646,-0.4683333333333158,1,0,1.2519025,0.7219432634456917,-0.455,2.73,3.185,2.73,0.1226,2.3712,-1.645,0.0031435897435897,4.827000000000644,-4.433333333333167,0,0,0.0840025,0.994426651582813,-2.03,2.7825,4.8125,2.7825,1.4,3.4563,-2.8350000000000004,0.0358974358974358,15.847222222221625,-6.270999999999763,1,1,25.367345,0.401529507776682,24.3075,26.04,1.7324999999999982,26.04,-0.0961999999999996,0.629999999999999,-0.6999999999999993,-0.0024666666666666,3.616833333333176,-2.3041666666666742,1,0
ctr_clockwise_circle,2.339999999999989,40,1.0224654943727831,1.1178574014604905,0.9057323721718245,0.2121250292886659,25.20529825179277,26.15074485076859,24.357858194430804,1.7928866563377852,0.053025,0.0270502073550041,0.0027,0.1303,0.1276,0.1303,0.0664,0.0633,-0.0958,0.0017025641025641,0.2508333333333832,-0.2348611111111576,1,0,-0.1391874999999999,0.0275131314801887,-0.1972,-0.0952,0.1019999999999999,0.1972,0.0980999999999999,0.0676999999999999,-0.0712999999999999,0.0025153846153846,0.1976388888889282,-0.1486666666666611,0,0,1.0107849999999998,0.0492002217526793,0.884,1.1068,0.2228,1.1068,-0.0068999999999999,0.2022999999999999,-0.2057,-0.000176923076923,0.2901388888889489,-0.3013333333333214,1,0,1.3468449999999998,0.6335881959330059,0.0875,2.73,2.6425,2.73,-0.9187999999999998,1.925,-2.345,-0.0235589743589743,4.331499999999835,-4.433333333333168,1,0,-0.0805025,0.7374860528842007,-2.03,1.225,3.255,2.03,2.2138,2.3888,-2.275,0.0567641025641025,5.862499999999988,-3.368666666666538,1,0,25.1510025,0.4618947346431062,24.3337,26.04,1.7062999999999988,26.04,-1.3299999999999983,0.4375,-0.6999999999999993,-0.034102564102564,2.3043333333332328,-2.6253333333332307,0,0
ctr_clockwise_circle,2.3400000000000034,40,1.0217800425473336,1.1925641953370898,0.9302274184305686,0.2623367769065212,26.659584179121975,28.51175919686472,24.41134809120545,4.100411105659269,0.0443475,0.0303995697295798,-0.0113,0.1132,0.1245,0.1132,0.0574999999999999,0.0923,-0.0778,0.0014743589743589,0.1754999999999933,-0.1613333333333387,0,0,-0.14622,0.0328332398801221,-0.2444,-0.0927,0.1517,0.2444,0.0231,0.1093,-0.1478,0.0005923076923076,0.2058333333333881,-0.249166666666657,1,0,1.00927,0.0592208435239849,0.9133,1.1826,0.2693000000000001,1.1826,0.1143999999999999,0.1863000000000001,-0.2276000000000001,0.0029333333333333,0.2921666666666542,-0.2894444444444346,1,0,0.708745,0.7243632666180976,-0.875,1.8025,2.6775,1.8025,0.2013,1.9688,-2.1875,0.0051615384615384,6.8250000000006885,-3.5291666666665344,1,0,0.0415649999999999,0.9614229733137152,-2.0387,2.3187,4.3574,2.3187,1.8375,3.0887,-2.8524000000000003,0.0471153846153846,6.766499999999744,-9.012166666666326,0,1,26.62362000000001,1.0796177386654155,24.4037,28.49,4.086299999999998,28.49,3.8325,0.8136999999999972,-0.4024999999999998,0.0982692307692307,5.585166666666453,-1.2638888888888165,0,0
ctr_clockwise_circle,2.3400000000000034,40,1.0167755890723282,1.1925641953370898,0.9199236761818884,0.2726405191552012,26.93760637934056,28.51175919686472,24.306552618378443,4.205206578486276,0.0581425,0.0279742820306117,0.0054,0.1132,0.1077999999999999,0.1132,0.0518,0.0923,-0.0778,0.0013282051282051,0.1663333333333096,-0.1341666666666616,0,0,-0.134435,0.0333250083193865,-0.2419,-0.0439,0.198,0.2419,0.0166,0.0931,-0.1125,0.000425641025641,0.2428333333333917,-0.249166666666657,0,0,1.00521,0.0525658405216124,0.9048,1.1826,0.2778,1.1826,-0.0322,0.1863000000000001,-0.2276000000000001,-0.000825641025641,0.2660000000000639,-0.2533333333333196,1,0,1.012375,0.649668165691394,-0.875,2.2225,3.0975,2.2225,-0.1836999999999999,1.6275,-1.6625,-0.0047102564102564,4.72499999999982,-4.22899999999984,1,0,0.098875,0.9399288322077288,-2.0387,2.3187,4.3574,2.3187,0.7,3.0887,-2.8524000000000003,0.0179487179487179,9.989444444444066,-9.012166666666326,1,1,26.8946575,1.051901421453136,24.2725,28.49,4.217499999999998,28.49,-2.5988000000000007,0.8136999999999972,-0.5949999999999989,-0.0666358974358974,3.5439999999998975,-4.754333333333221,1,0
ctr_clockwise_circle,2.3400000000000034,40,1.0049094753482053,1.080923332156356,0.9199236761818884,0.1609996559744675,24.562345728655067,28.469626115037055,21.062656185058906,7.406969929978153,0.0704025,0.019030589242666,0.028,0.1083,0.0803,0.1083,-0.0036999999999999,0.0559,-0.0623999999999999,-9.48717948717951e-05,0.1598333333333273,-0.1870833333333263,1,0,-0.0978475,0.0370491979739483,-0.1801,-0.0124,0.1677,0.1801,0.048,0.0756999999999999,-0.1018,0.0012307692307692,0.2428333333333917,-0.2297222222222136,1,0,0.9968025,0.0411452367402383,0.9048,1.0731,0.1682999999999999,1.0731,-0.1105,0.1281,-0.0934999999999999,-0.0028333333333333,0.2804999999999893,-0.2986111111111002,1,0,0.9073775000000002,0.7528193369568518,-1.0237,2.2225,3.2462,2.2225,-0.3938,1.3912,-1.5137,-0.0100974358974358,8.254166666666356,-7.305999999999722,1,0,0.226845,0.7529514289337217,-1.1375,2.205,3.3425,2.205,0.3324999999999999,1.9688,-1.855,0.008525641025641,5.0166666666664765,-9.201999999999652,1,0,24.521875,2.3326420982082383,21.035,28.455,7.419999999999998,28.455,-7.07,0.3763000000000005,-0.6648999999999994,-0.1812820512820513,-0.101888888888908,-4.754333333333221,0,0
ctr_clockwise_circle,2.339999999999989,40,1.0054806797623557,1.0789362075674354,0.9430244270431176,0.1359117805243178,20.72553445886151,24.571188406139417,15.054323506886652,9.516864899252765,0.0711325,0.0211023438666577,0.031,0.1122,0.0812,0.1122,0.0321999999999999,0.0559,-0.0536,0.000825641025641,0.154999999999994,-0.1759722222222572,0,0,-0.05582,0.0374426686535219,-0.1371,0.0262,0.1633,0.1371,0.1229,0.0628,-0.1109,0.003151282051282,0.2343333333333566,-0.3004999999999886,1,0,1.0004975,0.0356365807987472,0.9379,1.0741,0.1362000000000001,1.0741,0.069,0.1281,-0.0769999999999998,0.0017692307692307,0.2804999999999893,-0.2816666666667231,1,0,0.6009025,0.7127023291624559,-1.0237,1.7675,2.7912,1.7675,0.4112,1.1988,-1.6713,0.0105435897435897,8.254166666666356,-7.305999999999722,1,0,0.3206875,0.775974379430179,-0.9712,2.205,3.1762,2.205,1.2075,1.8637,-1.855,0.0309615384615384,4.870666666666483,-9.201999999999652,0,0,20.6880625,2.35674463872254,14.875,24.4125,9.5375,24.4125,-9.1612,0.3763000000000005,-1.1986999999999988,-0.2349025641025641,-0.8993333333335443,-9.143833333332992,0,0
ctr_clockwise_circle,2.3400000000000034,40,0.9955427379723564,1.058836427405102,0.928497630583945,0.1303387968211571,3.626847197211179,14.227780163468932,0.3185309090182615,13.909249254450671,0.0920275,0.0234598072816531,0.0398,0.1357,0.0958999999999999,0.1357,-0.0718999999999999,0.0378999999999999,-0.0329,-0.0018435897435897,0.0726666666666637,-0.0713333333333305,0,0,0.0330675,0.0164467031611747,-0.0261,0.071,0.0970999999999999,0.071,0.0483,0.069,-0.0351,0.0012384615384615,0.1753333333333267,-0.1114999999999957,1,0,0.99034,0.0259160755971843,0.9225,1.0499,0.1274,1.0499,-0.0127,0.0780999999999999,-0.1274,-0.000325641025641,0.1562499999999944,-0.0784166666666639,1,0,0.3668425,0.5103228258749303,-0.245,2.1788,2.4238,2.1788,-1.5398999999999998,1.0325,-1.3388,-0.0394846153846153,1.7016666666666016,-3.9668333333335504,0,0,0.1968674999999999,0.4535516906551599,-0.7962,1.5312,2.3274,1.5312,0.0087999999999999,1.3649,-2.3274,0.000225641025641,1.9445833333332596,-2.610500000000262,1,0,3.483155,4.274303259158902,0.07,14.1225,14.0525,14.1225,-14.0525,0.455,-1.4174000000000009,-0.3603205128205128,0.4228333333333172,-15.385499999999425,0,0
constant_speed,2.34,40,1.0056703423113114,1.3737518298440952,0.3752942312373053,0.9984575986067898,4.021535648544066,17.852624807013676,0.2066969520820275,17.64592785493165,0.0027375,0.1177971565707502,-0.2647,0.2881,0.5528,0.2881,0.0612,0.3269,-0.324,0.0015692307692307,1.0830000000000013,-0.6775000000000002,0,16,0.0630975,0.0820143936319748,-0.111,0.2547,0.3656999999999999,0.2547,-0.1035,0.2014,-0.2964,-0.0026538461538461,0.5189999999999995,-0.4901666666666667,1,6,0.9935525,0.1907311707109491,0.3576,1.3516,0.994,1.3516,0.05,0.6587,-0.6809000000000001,0.0012820512820512,1.7971666666666666,-1.3681944444444434,1,0,0.5394399999999999,2.4864058682033185,-7.2888,6.335,13.6238,7.2888,0.9275,10.9288,-8.0676,0.0237820512820512,15.560499999999998,-14.72933333333332,1,4,0.4948125,4.4090198883063305,-8.3912,17.78,26.1712,17.78,2.0387000000000004,21.6388,-17.115000000000002,0.052274358974359,35.889666666666635,-42.3938333333333,1,9,-0.1435,0.8162531608294712,-1.9863,2.0563,4.0426,2.0563,-0.0437,3.29,-3.29,-0.0011205128205128,5.060666666666662,-7.058499999999992,1,0
constant_speed,2.34,40,1.0315163098559514,1.3737518298440952,0.731923807510044,0.6418280223340511,4.192923195822189,17.852624807013676,0.2545375807223758,17.5980872262913,0.0261974999999999,0.1037977952621444,-0.2647,0.2881,0.5528,0.2881,0.0881,0.3269,-0.324,0.0022589743589743,0.8286666666666658,-0.6775000000000002,1,6,0.0602924999999999,0.0781949056885487,-0.111,0.2547,0.3656999999999999,0.2547,0.0598,0.1803,-0.2964,0.0015333333333333,0.5240277777777773,-0.4569999999999995,1,8,1.0218125,0.1382897148176934,0.7319,1.3516,0.6196999999999999,1.3516,-0.348,0.5628,-0.5424,-0.0089230769230769,0.7129999999999992,-2.123333333333331,0,0,-0.6927925,2.858146153463411,-7.2888,6.335,13.6238,7.2888,-1.6537000000000002,10.9288,-8.0676,-0.0424025641025641,18.38949999999998,-22.22499999999999,1,4,1.069255,4.077161874546608,-8.3912,17.78,26.1712,17.78,-5.5562000000000005,21.6388,-17.115000000000002,-0.1424666666666667,20.431333333333292,-42.3938333333333,1,6,-0.0435249999999999,0.7085037360341573,-1.9863,1.2075,3.1938,1.9863,-0.0175,1.8112,-1.7063,-0.0004487179487179,5.060666666666662,-7.058499999999993,0,0
constant_speed,2.3400000000000003,40,0.9798255277887888,1.2996362491097269,0.6331600271653288,0.666476221944398,3.895032840098496,10.67042453185439,0.2545375807223758,10.415886951132014,0.0093375,0.0705050923329073,-0.1795,0.1024,0.2819,0.1795,-0.096,0.196,-0.2329999999999999,-0.0024615384615384,0.51366666666666,-0.4573333333333328,0,5,0.0102299999999999,0.1147797717370094,-0.3035,0.2589,0.5624,0.3035,-0.1493999999999999,0.5624,-0.2284,-0.0038307692307692,1.0938333333333337,-0.68933333333333,0,12,0.9703275,0.1282198352340069,0.6184,1.2941,0.6757000000000001,1.2941,-0.2088999999999998,0.4547,-0.4467,-0.0053564102564102,1.2629999999999937,-0.8503333333333369,1,0,-0.4486675000000001,2.8030426192491125,-5.1188,6.1687,11.2875,6.1687,3.1237999999999997,8.0062,-5.8187,0.0800974358974358,16.916666666666682,-22.22499999999999,0,4,0.1249075,3.5652032839072914,-10.5,7.9275,18.4275,10.5,-7.4462,9.0825,-18.4275,-0.1909282051282052,37.1875,-29.166666666666643,1,9,0.096685,0.5069474536822054,-1.8375,1.0063,2.8438,1.8375,0.2975,2.66,-1.9337,0.0076282051282051,2.187500000000046,-3.558333333333323,1,0
constant_speed,2.3400000000000003,40,0.9690104842259238,1.3775486125723475,0.6331600271653288,0.7443885854070189,4.157122886146922,10.67042453185439,0.4664168629027042,10.204007668951686,0.004635,0.0804499734665539,-0.1795,0.1731,0.3526,0.1795,0.1224,0.196,-0.2849,0.0031384615384615,0.51366666666666,-0.4573333333333328,0,10,0.0033749999999999,0.1241181214687165,-0.3035,0.2589,0.5624,0.3035,0.0516999999999999,0.5624,-0.3075,0.001325641025641,1.0938333333333337,-0.6893333333333301,1,12,0.9578925,0.1573385593235173,0.6184,1.3564,0.7380000000000001,1.3564,0.2436999999999999,0.4848,-0.6916000000000001,0.0062487179487179,1.2629999999999937,-0.8503333333333378,1,0,0.6356824999999999,2.54595806065398,-3.4913,6.1687,9.66,6.1687,4.4275,8.0238,-5.425,0.113525641025641,18.958333333333176,-14.04366666666651,1,5,0.0548974999999999,4.082302670627078,-10.5,7.9275,18.4275,10.5,1.5925,9.0825,-18.4275,0.0408333333333333,37.1875,-29.137500000000077,1,13,0.0365325,0.6134399966007166,-1.8375,1.6712,3.5087,1.8375,0.0438,2.66,-1.9337,0.0011230769230769,6.3291666666667075,-3.558333333333323,1,0
constant_speed,2.34,40,0.9917420956515284,1.3775486125723475,0.4658558682682874,0.9116927443040604,4.450855729007545,11.99583834085805,0.4664168629027042,11.529421477955346,0.0240475,0.0797979145910275,-0.1752,0.1876,0.3628,0.1876,0.1508999999999999,0.214,-0.2849,0.0038692307692307,0.6020000000000014,-0.3274999999999972,1,8,0.0326225,0.1017838672610516,-0.1737,0.2604,0.4341,0.2604,0.049,0.334,-0.3075,0.0012564102564102,0.5198333333333367,-0.6366666666666604,0,12,0.98244,0.1717084213098412,0.4131,1.3564,0.9433,1.3564,0.2362,0.4848,-0.6916000000000001,0.0060564102564102,1.6955000000000109,-1.3691666666666586,1,0,0.1141824999999999,2.9164780676214024,-6.6325,5.5125,12.145,6.6325,3.1763000000000003,9.9312,-8.5313,0.0814435897435898,28.93333333333352,-26.614666666666608,1,7,-0.0144425,4.518395822713138,-9.9925,11.0075,21.0,11.0075,-0.7175,8.671199999999999,-13.5099,-0.0183974358974358,62.358333333333334,-49.04383333333321,1,9,0.2283875,0.5959205368587326,-1.19,1.785,2.9749999999999996,1.785,-0.2012,2.2924,-1.3738,-0.0051589743589743,6.3291666666667075,-3.5581666666666982,1,0
constant_speed,2.34,40,1.036065025988885,1.5404438775885343,0.4658558682682874,1.0745880093202471,4.92097806769443,11.99583834085805,0.9288313571364823,11.067006983721567,0.0387674999999999,0.0862773832784966,-0.1752,0.2361,0.4113,0.2361,0.1577,0.214,-0.203,0.0040435897435897,0.8004166666666598,-0.8621666666666773,1,10,0.05172,0.1088225283048811,-0.2428,0.274,0.5168,0.274,0.0063999999999999,0.3477,-0.4295,0.0001641025641025,0.7218333333333475,-0.6366666666666604,1,8,1.0245625,0.1672951432885865,0.4131,1.5318,1.1187,1.5318,0.4589000000000001,0.4977,-0.6459999999999999,0.0117666666666666,1.6955000000000109,-1.3691666666666586,1,0,0.4685524999999998,3.8566967186951047,-9.275,9.4675,18.7425,9.4675,6.4751,11.2263,-11.4713,0.166028205128205,36.14249999999971,-36.85200000000006,1,7,-0.2609749999999999,4.288366038227207,-9.9925,11.0075,21.0,11.0075,-2.1,7.9275,-8.8638,-0.0538461538461539,62.358333333333334,-49.04383333333321,1,10,0.2491625,0.6215730287714822,-1.1375,1.785,2.9225,1.785,-0.8312999999999999,1.8988,-1.8637,-0.0213153846153846,3.106333333333352,-4.30233333333332,1,0
constant_speed,2.339999999999999,40,1.0423590690114517,1.5404438775885343,0.7505385133355916,0.7899053642529429,3.978597767746647,9.71401339560534,0.7409518000517983,8.973061595553542,0.04976,0.0922973533526148,-0.2045,0.2361,0.4406,0.2361,-0.0751,0.1972999999999999,-0.22,-0.001925641025641,0.7103333333333377,-0.8621666666666772,1,10,0.0371725,0.1174477232044003,-0.2726,0.274,0.5466,0.274,-0.0098999999999999,0.3477,-0.4295,-0.0002538461538461,0.7669999999999937,-0.8781666666666562,1,10,1.0300825,0.1623956167898755,0.7454,1.5318,0.7864000000000001,1.5318,-0.1351,0.4977,-0.7864000000000001,-0.0034641025641025,1.160333333333326,-1.717833333333366,1,0,0.3499925,3.4805343990938575,-9.275,9.4675,18.7425,9.4675,-4.9787,11.2263,-11.4713,-0.1276589743589743,18.929333333333133,-36.85200000000006,0,7,-0.3016624999999999,2.9111771577735195,-6.23,4.9612,11.1912,6.23,-1.5138000000000005,8.0675,-7.2012,-0.0388153846153846,20.11033333333325,-20.416666666666547,1,11,0.0855275,0.6078105406513802,-1.1375,1.1113,2.2488,1.1375,1.0675,1.8988,-1.8637,0.0273717948717949,3.1063333333333523,-2.975166666666642,0,0
constant_speed,2.34,40,0.9715388793269988,1.295347860615055,0.6420054049616717,0.6533424556533833,2.9819130402784624,7.67843471613844,0.6475597964667046,7.030874919671736,0.0255449999999999,0.0891633705118062,-0.2045,0.222,0.4265,0.222,-0.0661,0.1761,-0.2498,-0.0016948717948717,0.7103333333333377,-0.8841666666666592,1,10,-0.0030074999999999,0.0978408319866821,-0.2726,0.12,0.3926,0.2726,0.0060999999999999,0.2603,-0.2897,0.0001564102564102,0.7669999999999937,-1.2056944444444344,1,14,0.9622575,0.1561888106033601,0.6237,1.2781,0.6544,1.2781,0.1315,0.4619999999999999,-0.5175,0.0033717948717948,0.7816666666666592,-1.279166666666657,1,0,-0.6070325,2.2634043786350593,-4.8212,4.3925,9.2137,4.8212,-4.4888,5.985,-7.6125,-0.1150974358974359,12.08933333333323,-18.168472222222075,1,6,-0.3123725,2.477114948005969,-6.23,4.1038,10.3338,6.23,5.3899,8.0675,-7.2012,0.1382025641025641,15.895833333333494,-16.0708333333332,1,7,0.120305,0.4750000053711201,-1.1375,1.0325,2.17,1.1375,-0.77,1.5925,-1.6625,-0.0197435897435897,3.004166666666665,-3.893833333333301,1,0
constant_speed,2.34,40,0.955165281367218,1.1573096862983565,0.6420054049616717,0.5153042813366846,2.481292797843618,5.061390588563581,0.6475597964667046,4.413830792096877,4.249999999999983e-05,0.0576648623735815,-0.1337,0.1293,0.263,0.1337,-0.0248,0.1761,-0.2498,-0.0006358974358974,0.4838333333333384,-0.5818055555555508,1,9,-0.0035524999999999,0.0714651070946604,-0.164,0.1128,0.2768,0.164,-0.1072,0.2574,-0.2400999999999999,-0.0027487179487179,0.5111666666666582,-0.3925000000000033,1,14,0.9506,0.1126208365290935,0.6237,1.1539,0.5301999999999999,1.1539,0.1575999999999999,0.3155,-0.5175,0.0040410256410256,0.7613333333333454,-0.964833333333326,1,0,0.4175925,2.171816958499118,-4.6287,4.4887,9.1174,4.6287,0.4374,5.7575,-7.6125,0.0112153846153846,13.095833333333225,-12.991249999999898,1,3,-0.036315,1.7602422519103036,-4.5763,3.5,8.0763,4.5763,-2.1875,5.145099999999999,-6.7638,-0.0560897435897436,14.393833333333614,-14.539666666666546,1,5,0.1214099999999999,0.3492435817371815,-0.77,1.0325,1.8025,1.0325,0.6038,0.7438,-1.3125,0.0154820512820512,3.658055555555525,-3.8938333333333017,1,0
constant_speed,2.34,40,0.9880173719657168,1.1980933728220018,0.8080042388502675,0.3900891339717343,2.1586071332602232,4.648028849953494,0.8294920915837594,3.818536758369735,0.01248,0.0484209649444726,-0.0978,0.1398,0.2376,0.1398,-0.1054,0.1283,-0.1376,-0.0027025641025641,0.3071666666666743,-0.3178333333333307,1,2,0.0175775,0.0553950126770197,-0.1203,0.1128,0.2331,0.1203,0.1022,0.174,-0.1800999999999999,0.0026205128205128,0.2786666666666688,-0.4180555555555643,1,6,0.9851275000000002,0.0888681477577733,0.802,1.1895,0.3874999999999999,1.1895,-0.2381999999999999,0.2665999999999999,-0.3306,-0.0061076923076923,0.6200000000000019,-0.5801388888889012,1,0,0.9924675,1.6074048119342828,-1.8987,4.4975,6.396199999999999,4.4975,-1.1725,3.85,-5.67,-0.0300641025641025,13.095833333333225,-14.131166666666548,1,0,0.0194549999999999,1.4879873774192356,-4.5763,3.1412,7.717499999999999,4.5763,0.4375,4.7338,-4.1912,0.0112179487179487,14.393833333333614,-13.092333333333226,1,3,0.183105,0.2603065864489755,-0.5863,0.63,1.2163,0.63,0.245,0.6388,-0.5688,0.0062820512820512,1.7061666666666522,-1.370833333333323,1,0
constant_speed,2.34,40,1.0046167752086546,1.1980933728220018,0.8463078695132168,0.351785503308785,2.0737691522016397,4.648028849953494,0.6235818951829823,4.024446954770512,0.02751,0.0576055232394629,-0.0731,0.1398,0.2129,0.1398,0.0292999999999999,0.1898,-0.1783,0.000751282051282,0.3318055555555528,-0.3200000000000064,1,5,0.0262,0.0639491544820911,-0.1032,0.1625,0.2657,0.1625,0.0769,0.2594,-0.163,0.0019717948717948,0.5395833333333289,-0.3918333333333301,1,4,1.00037,0.0925574781918282,0.8441,1.1895,0.3454,1.1895,0.0121999999999999,0.2875999999999999,-0.3018999999999999,0.0003128205128205,0.5433333333333277,-0.601333333333331,1,0,0.2021224999999999,1.675220781237812,-3.8063,4.4975,8.303799999999999,4.4975,-0.245,3.3425,-5.67,-0.0062820512820512,10.99599999999991,-14.379333333333404,1,1,0.3366475,1.543952541283954,-2.6775,4.0862,6.7637,4.0862,0.4988,3.788699999999999,-4.0512,0.0127897435897436,10.747666666666746,-13.401999999999893,1,1,0.2819775,0.2970428161207982,-0.315,1.085,1.4,1.085,-0.3937,0.7962,-0.6299999999999999,-0.0100948717948717,2.202166666666648,-2.172833333333315,1,0
constant_speed,2.339999999999998,40,0.997828514870221,1.2833565248986738,0.7792620291018933,0.5040944957967805,2.3623134549794034,4.945512650878572,0.320120883417499,4.625391767461073,0.0194725,0.0597593077719664,-0.1105,0.1578,0.2683,0.1578,-0.1137999999999999,0.146,-0.2252,-0.0029179487179487,0.5044999999999958,-0.3894166666666737,1,7,0.0281999999999999,0.0782657569946698,-0.1698,0.1632,0.333,0.1698,-0.0036,0.2975,-0.2218,-9.230769230769068e-05,0.4431666666666503,-0.4562500000000097,1,9,0.9926750000000002,0.1126180013619902,0.7776,1.2672,0.4896000000000001,1.2672,-0.1032,0.3187000000000001,-0.3179,-0.0026461538461538,0.950972222222214,-0.7148611111111263,1,0,0.3959325000000001,1.8337729864516337,-3.5963,3.9637,7.56,3.9637,0.5074999999999998,5.7051,-5.731299999999999,0.0130128205128204,12.821111111111003,-9.91650000000021,1,8,0.1986224999999999,1.7654196468490908,-2.9488,3.4213,6.3701,3.4213,4.6287,4.3488,-5.1975,0.1186846153846153,10.923000000000084,-10.70416666666658,1,7,0.0971224999999999,0.3587454582844828,-0.63,0.7962,1.4262,0.7962,-1.0325,0.8836999999999999,-1.0938,-0.0264743589743589,1.9541666666666504,-3.5729166666667433,1,0
constant_speed,2.3400000000000016,40,1.0025891610802855,1.2833565248986738,0.7792620291018933,0.5040944957967805,2.9115210652351644,6.981612381105099,0.320120883417499,6.661491497687599,0.03367,0.0683964956367255,-0.0929,0.1578,0.2507,0.1578,-0.161,0.1180999999999999,-0.2261,-0.0041282051282051,0.623666666666652,-0.6738333333333362,1,8,0.0521974999999999,0.0920392711264446,-0.1235,0.225,0.3485,0.225,-0.0879,0.2811,-0.2601,-0.0022538461538461,0.5336666666666509,-0.8451388888888818,1,10,0.994455,0.1116896201820485,0.7776,1.2672,0.4896000000000001,1.2672,-0.2375,0.2419,-0.3534999999999999,-0.0060897435897435,0.4634999999999989,-0.7135000000000034,1,0,0.65231,2.338352985658594,-4.0862,6.2387,10.3249,6.2387,1.1113,7.0437,-7.446199999999999,0.0284948717948718,13.314500000000285,-17.074722222221574,1,10,0.260965,2.1563823121560537,-3.4037,6.9738,10.3775,6.9738,0.2536999999999998,6.0550999999999995,-10.3775,0.0065051282051282,12.877333333332752,-15.954166666667009,1,8,0.0896775,0.464239287043455,-0.6475,1.3825,2.03,1.3825,-0.1401,1.3038,-1.2251,-0.0035923076923076,4.404166666666494,-2.9166666666666874,1,0
constant_speed,2.34,40,0.9886716247641192,1.254928340583637,0.7732416569223363,0.4816866836613004,3.147755500355351,6.981612381105099,0.8024380474528859,6.179174333652213,0.0295,0.0757474345846369,-0.1832,0.1684,0.3516,0.1832,-0.0238,0.266,-0.2261,-0.0006102564102564,0.623666666666652,-0.6738333333333362,1,8,0.048815,0.0957206152272705,-0.2106,0.225,0.4356,0.225,-0.0374,0.2992,-0.3565,-0.0009589743589743,0.5756666666666644,-0.5918333333333556,1,8,0.979575,0.1129403353942884,0.7721,1.2517,0.4796,1.2517,-0.0157999999999999,0.4147,-0.3534999999999999,-0.0004051282051282,0.8743333333333654,-0.7135000000000034,1,0,0.249595,2.4259755303424875,-4.0862,6.2387,10.3249,6.2387,-1.8637,7.0437,-7.446199999999999,-0.0477871794871793,14.349833333333638,-16.916666666666817,1,6,-0.14415,2.5216986852069296,-4.8913,6.9738,11.8651,6.9738,0.4201,7.0525,-10.5875,0.0107717948717949,12.877333333332752,-15.954166666667009,0,7,0.254835,0.6318968016807482,-1.0063,2.3712,3.3775,2.3712,0.7088,3.3775,-2.5725,0.0181743589743589,5.920833333333236,-3.179166666666747,1,0
constant_speed,2.34,40,0.9843562535023016,1.3360093936795503,0.747896550332999,0.5881128433465516,3.19405487755728,8.827936929996724,0.8024380474528859,8.025498882543838,0.0136824999999999,0.0690103109631507,-0.1832,0.1684,0.3516,0.1832,0.1003,0.266,-0.2264,0.0025717948717948,0.4988888888888995,-0.2843333333333409,1,12,0.0234225,0.0854843680041966,-0.2106,0.1671,0.3777,0.2106,0.1833,0.3062,-0.3565,0.0046999999999999,1.0045833333333547,-0.5340000000000042,1,11,0.9777175,0.1284969796861449,0.734,1.3342,0.6002000000000001,1.3342,0.1922999999999999,0.4147,-0.3168999999999999,0.0049307692307692,1.537222222222256,-0.6849999999999721,1,0,0.3790925,2.107852291617143,-3.3512,5.6875,9.0387,5.6875,6.0025,7.035,-6.23,0.1539102564102564,20.67183333333346,-17.354333333333706,1,5,0.0037224999999999,2.997456201299952,-4.8913,8.8112,13.7025,8.8112,3.6575,7.0525,-10.5875,0.0937820512820513,30.041500000000024,-12.59999999999966,1,5,0.3136925,0.5856851164092641,-1.0063,2.3712,3.3775,2.3712,0.6738,3.3775,-2.5725,0.017276923076923,5.920833333333236,-4.043333333333356,1,0
constant_speed,2.34,40,0.9777849738393756,1.3360093936795503,0.677382617137464,0.6586267765420866,3.727442180236879,9.457455415702473,0.6764947375996357,8.780960678102835,0.0219325,0.0595813616851479,-0.1154,0.1459,0.2613,0.1459,-0.0956,0.215,-0.2264,-0.002451282051282,0.2918333333333363,-0.4221250000000062,1,9,0.0405475,0.0828297264472926,-0.1391,0.1784,0.3175,0.1784,-0.0108,0.3062,-0.2063,-0.000276923076923,0.4665000000000047,-0.4812777777777879,1,8,0.9715,0.1277362406660192,0.671,1.3342,0.6632,1.3342,-0.1524999999999999,0.3492,-0.4806999999999999,-0.0039102564102564,1.2374999999999696,-1.856166666666649,1,0,0.58231,2.827176207291813,-9.3013,5.6875,14.9888,9.3013,3.8238,6.7113,-7.279999999999999,0.0980461538461539,22.341666666666683,-22.83766666666715,1,6,0.215465,3.218772289804823,-7.2275,8.8112,16.0387,8.8112,-0.8137000000000001,7.2888,-5.6262,-0.0208641025641025,30.04150000000002,-42.80183333333235,1,8,0.2226874999999999,0.4078798297057225,-0.665,1.1638,1.8288,1.1638,-0.315,1.3037999999999998,-1.3738,-0.008076923076923,2.216833333333323,-2.7710000000000594,1,0
constant_speed,2.34,40,1.0263108383448238,1.7470419828956605,0.5668228118204136,1.1802191710752463,5.347261593498851,23.153592283488106,0.4991967347649622,22.654395548723144,0.03449,0.1432980143724152,-0.2508,0.4563,0.7071000000000001,0.4563,-0.0625999999999999,0.4261,-0.4221,-0.0016051282051282,1.3488333333333624,-1.3415000000000288,1,8,0.0723175,0.2322430622048971,-0.6696,0.64,1.3096,0.6696,-0.1444,0.7998999999999999,-0.994,-0.0037025641025641,2.0326666666665605,-2.505833333333302,1,8,0.9834075,0.2651499424732914,0.2281,1.6507,1.4226,1.6507,-0.1028,1.4226,-1.1205,-0.0026358974358974,1.7319999999999736,-2.3355000000000485,1,0,-0.7032774999999999,4.604467224810333,-11.3663,10.7275,22.0938,11.3663,-4.5675,16.8613,-17.412499999999998,-0.1171153846153844,30.727000000000658,-47.32300000000102,1,7,-1.03316,5.0213011850694125,-17.6313,9.4325,27.0638,17.6313,6.6587,18.6813,-18.2263,0.1707358974358974,41.34366666666641,-45.864499999999694,0,11,0.2506899999999999,3.083699428284151,-6.5712,15.0063,21.5775,15.0063,-0.2362999999999999,16.1526,-12.88,-0.0060589743589743,28.291666666667275,-34.2854999999994,1,4
constant_speed,2.34,40,1.0146828599889752,1.7470419828956605,0.5668228118204136,1.1802191710752463,5.553290764788033,23.153592283488106,0.3117337646133316,22.841858518874773,0.0344924999999999,0.1411006449084827,-0.2508,0.4563,0.7071000000000001,0.4563,-0.2062999999999999,0.4261,-0.4221,-0.0052897435897435,1.3488333333333624,-1.381944444444474,1,11,0.0518125,0.2338257637397161,-0.6696,0.64,1.3096,0.6696,-0.0634,0.7998999999999999,-0.994,-0.001625641025641,2.0326666666665605,-2.505833333333302,1,9,0.97299,0.2708274233359119,0.2281,1.6507,1.4226,1.6507,-0.0657,1.4226,-1.1205,-0.0016846153846153,1.7319999999999736,-2.3355000000000485,1,0,-0.6540725000000001,4.567978134180653,-11.3663,10.7275,22.0938,11.3663,1.155,16.8613,-17.412499999999998,0.0296153846153847,30.727000000000658,-47.32300000000102,1,7,-0.561315,5.140946864176097,-17.6313,9.4325,27.0638,17.6313,6.7549,18.6813,-18.2263,0.1732025641025639,41.34366666666641,-45.864499999999694,1,11,0.2469699999999999,3.075822914711877,-6.5712,15.0063,21.5775,15.0063,-0.7612,16.1526,-12.88,-0.0195179487179485,28.291666666667275,-34.2854999999994,1,4
constant_speed,2.34,40,0.9564804800268084,1.2061314770786808,0.659322690342142,0.5468087867365389,2.961957591167947,7.29538113740468,0.3117337646133316,6.9836473727913475,0.0088549999999999,0.0672963745356391,-0.206,0.1967,0.4027,0.206,0.1488,0.1655,-0.2532999999999999,0.0038153846153846,0.6688333333333195,-0.5416666666666782,1,12,-0.009715,0.0742082846643183,-0.2233,0.1138,0.3371,0.2233,0.055,0.2493,-0.2746,0.0014102564102564,0.6971666666666816,-0.4278333333333425,0,10,0.95124,0.1144605335632756,0.6532,1.1871,0.5339,1.1871,0.1352,0.3517,-0.2527999999999999,0.0034666666666666,0.8227777777777973,-0.940277777777798,1,0,-0.1903275,2.446963916931106,-4.7425,4.7512,9.4937,4.7512,6.9037,8.2863,-7.1225,0.1770179487179488,15.73533333333367,-14.904166666666988,1,7,0.0494275,2.253507538515777,-3.5175,6.7812,10.2987,6.7812,-1.9425,6.4837,-5.495,-0.0498076923076923,15.76433333333367,-17.791500000000383,1,3,0.30559,0.3930531188737856,-0.4725,0.98,1.4525,0.98,0.1750999999999999,1.1025,-1.155,0.0044897435897435,3.2666666666667363,-2.7855000000000603,1,0
constant_speed,2.34,40,0.9906397059742572,1.2808128864123751,0.6909967583136697,0.5898161280987054,3.384019148978814,8.22330567655125,0.8781010078572965,7.345204668693954,0.0285125,0.081215721566007,-0.206,0.2506,0.4566,0.2506,-0.0944,0.1692,-0.2887,-0.0024205128205128,0.6651666666666514,-0.5416666666666782,1,8,0.006645,0.0913022816857587,-0.2233,0.179,0.4023,0.2233,0.1858999999999999,0.2672,-0.2746,0.0047666666666666,0.6971666666666816,-0.3065000000000061,1,15,0.9831875,0.142744076508292,0.6844,1.263,0.5785999999999999,1.263,0.0935999999999999,0.3627,-0.3339999999999999,0.0023999999999999,1.291111111111137,-0.9484999999999504,0,0,0.6595349999999999,2.718964803343455,-4.7425,7.0175,11.76,7.0175,1.1637999999999995,6.7725,-7.1225,0.0298410256410257,15.73533333333367,-19.523208333332985,1,8,-0.14001,2.5661577542889753,-4.8738,6.7812,11.655,6.7812,1.4088000000000005,7.7,-5.53,0.0361230769230769,28.449861111111712,-17.791500000000383,0,4,0.353725,0.3518204012611971,-0.49,1.015,1.505,1.015,0.6125,1.1725,-1.505,0.0157051282051282,2.4064999999999843,-2.7855000000000603,1,0
constant_speed,2.34,40,0.9981964089505582,1.3004138956501503,0.6725323709681194,0.627881524682031,3.5338805802603885,9.155905055208908,0.8780143108173123,8.277890744391595,0.01958,0.0802383698737704,-0.1757,0.1795,0.3551999999999999,0.1795,0.1331999999999999,0.3231,-0.173,0.0034153846153846,0.6482916666666413,-0.5695000000000121,1,9,0.0078225,0.102977828052998,-0.2136,0.2295,0.4431,0.2295,-0.0296,0.2655,-0.3654,-0.0007589743589743,0.7643333333333244,-0.9351666666666802,1,18,0.9895925,0.1455282761977098,0.6447,1.2866,0.6418999999999999,1.2866,0.3183999999999999,0.6021999999999998,-0.4694,0.0081641025641025,0.9001666666666166,-0.9325000000000204,1,0,-0.62213,2.991325409280162,-6.9563,6.5887,13.545,6.9563,1.1463,12.3987,-8.225,0.0293923076923076,41.45291666666755,-29.64799999999932,1,6,-0.0242824999999999,2.6591040816157205,-9.0037,5.1188,14.1225,9.0037,-0.42,11.4625,-10.9112,-0.0107692307692307,14.102333333333023,-21.71483333333345,1,8,0.2130599999999999,0.6054776380295528,-1.1375,1.6625,2.8,1.6625,-0.9801,1.6711999999999998,-1.68,-0.0251307692307692,5.760333333333244,-4.982777777777883,1,0
constant_speed,2.34,40,0.9881708901908548,1.3004138956501503,0.7664193173452768,0.5339945783048735,3.1430284580739283,7.222837449368496,0.9289846607990898,6.293852788569406,0.01511,0.0737082530257132,-0.2223,0.1795,0.4018,0.2223,-0.103,0.2445,-0.2604,-0.0026410256410256,0.537499999999974,-0.6236111111111245,0,9,0.0020949999999999,0.0985274449595462,-0.2136,0.2295,0.4431,0.2295,-0.2002,0.2655,-0.3654,-0.0051333333333333,0.7643333333333242,-1.1433333333333329,0,17,0.980595,0.1274202836769236,0.7581,1.2866,0.5285,1.2866,-0.2705999999999999,0.4748,-0.4694,-0.0069384615384615,0.9001666666666184,-0.953333333333356,1,0,-0.7623425000000001,2.579618373970639,-6.9563,4.9963,11.9526,6.9563,1.6801,6.098800000000001,-6.6237,0.0430794871794871,18.783500000000434,-29.64799999999932,0,4,-0.0231849999999999,2.2298763650388724,-3.955,5.1188,9.0738,5.1188,-4.3399,5.985,-7.3413,-0.111279487179487,15.866666666666578,-21.71483333333345,1,8,0.1585925,0.4962020496177659,-0.7613,1.3737,2.135,1.3737,-0.2799999999999999,1.225,-1.68,-0.0071794871794871,3.150000000000014,-3.879166666666695,1,0
constant_speed,2.3400000000000034,40,1.018829130139681,1.2890578962948096,0.6879530943312924,0.6011048019635172,3.681083260401131,7.040923190889104,0.9289846607990898,6.111938530090014,0.0048175,0.0884232649728652,-0.2223,0.181,0.4033,0.2223,0.0019,0.3001,-0.2604,4.871794871794335e-05,0.5801666666666568,-0.6445000000000044,0,10,-0.0406325,0.1255921877929331,-0.4798,0.2148,0.6946,0.4798,0.04,0.5485,-0.4580999999999999,0.001025641025641,1.0110000000000228,-0.7069999999999748,1,15,1.0057525,0.1459053662173726,0.6781,1.2781,0.6,1.2781,0.2377,0.5162999999999999,-0.5028,0.0060948717948717,1.0113888888888485,-0.670999999999994,0,0,-0.0258125,2.615882054620563,-4.5413,6.3875,10.9288,6.3875,1.4262,7.1838,-8.12,0.0365692307692308,17.208333333333705,-15.494861111110522,1,5,0.4716275,2.9900127099453297,-5.53,6.405,11.935,6.405,-4.4013,9.03,-9.345,-0.1128538461538462,23.38180555555467,-20.037500000000275,1,10,0.3493425,0.7049341769189954,-1.89,2.205,4.095,2.205,0.4286999999999999,2.4675,-1.89,0.0109923076923076,5.570666666666257,-3.405291666666538,1,0
constant_speed,2.34,40,1.023102404755477,1.3058129766547737,0.597697666048647,0.7081153106061266,4.348869930344326,9.423349875707684,1.2413977525354232,8.18195212317226,-0.0096225,0.122931147056662,-0.3814,0.181,0.5624,0.3814,0.1609,0.4014999999999999,-0.2351,0.004125641025641,1.130166666666624,-1.481166666666725,1,13,-0.0534725,0.1410246823050162,-0.4798,0.2148,0.6946,0.4798,0.0741,0.5485,-0.4580999999999999,0.0018999999999999,1.0110000000000228,-0.7590277777777491,1,16,1.0023325,0.1947754859891451,0.5383,1.2934,0.7551000000000001,1.2934,0.1640999999999999,0.7124999999999999,-0.5028,0.0042076923076923,1.6429999999999385,-1.9415000000000049,1,0,0.22816,2.860678070130066,-4.9088,6.3875,11.2963,6.3875,-3.815,8.2512,-8.12,-0.0978205128205127,17.208333333333705,-14.24783333333342,1,9,0.6442174999999999,3.785131316482855,-7.91,6.6937,14.6037,7.91,0.7350000000000001,9.5024,-9.345,0.0188461538461537,38.55816666666813,-25.05399999999952,0,10,0.4003124999999999,0.8837303731364257,-2.24,2.205,4.445,2.24,1.4263,3.5262,-3.7888,0.0365717948717948,6.7205555555553005,-4.068666666665891,1,1
constant_speed,2869.26,40,1.0167892446617144,1.3494100414625645,0.681763382706933,0.6676466587556315,2.714844028534871,6.092111702849842,0.7013989164519717,5.390712786397871,0.024985,0.0676144937807772,-0.2033,0.1576,0.3609,0.2033,0.0632,0.2999,-0.2343,0.0016205128205128,0.5513217954353055,-0.6595000000000725,1,4,-0.0208025,0.0691183766706781,-0.1781,0.1557,0.3338,0.1781,-0.0259,0.2731,-0.19,-0.0006641025641025,0.3540555555555575,-0.9279805791902934,0,9,1.01156,0.1239452377008408,0.6259,1.3311,0.7051999999999999,1.3311,0.1403999999999999,0.3882,-0.4012999999999999,0.0035999999999999,1.060666666666556,-1.011978821352105,1,0,0.45719,1.6417543391609617,-3.9113,2.7387,6.65,3.9113,-2.8787000000000003,5.495100000000001,-6.65,-0.0738128205128205,17.245000000015686,-17.02597222222359,1,3,-0.0317275,2.4977064002890477,-5.53,4.8825,10.4125,5.53,-1.1025,7.805,-6.86,-0.0282692307692307,22.51666666666829,-18.491279688541724,1,10,0.368815,0.5376596929380669,-1.9775,1.4088,3.3863000000000003,1.9775,0.2013,2.8788,-2.4763,0.0051615384615384,4.185333333333174,-3.018666666667182,1,0
constant_speed,2.3400000000001455,40,0.9935799494156796,1.367213154559303,0.7975775573572766,0.5696355972020263,2.073372169593168,4.051593290299509,0.5026296549150279,3.5489636353844816,0.01803,0.0422762599320961,-0.0739,0.1003,0.1742,0.1003,-0.1015,0.1054,-0.0967,-0.0026025641025641,0.2541666666668978,-0.2937500000002671,1,4,-0.000275,0.0552077834999229,-0.088,0.1408,0.2288,0.1408,-0.0883999999999999,0.1813,-0.1806,-0.0022666666666666,0.3965000000003607,-0.3381666666669742,1,6,0.991125,0.1211899922880154,0.7964,1.3581,0.5617000000000001,1.3581,-0.3661000000000001,0.4051000000000001,-0.3758000000000001,-0.0093871794871794,0.6374999999997062,-0.7245833333339948,1,0,0.3303225,1.2559587820869291,-3.3163,2.6163,5.9326,3.3163,-0.7175,5.0488,-3.6751,-0.0183974358974358,11.287833333310772,-9.61291666667541,1,1,-0.1592549999999999,1.864075725317496,-3.3863,3.0625,6.4488,3.3863,-1.2162000000000002,4.5587,-4.5325,-0.0311846153846153,9.070833333341582,-11.185333333343506,1,6,0.203215,0.4246646420774506,-0.7175,1.1725,1.89,1.1725,-0.07,1.1900000000000002,-1.3037999999999998,-0.0017948717948717,2.727166666669147,-2.7853333333358665,1,0
constant_speed,2.3399999999996908,40,1.0192095924422155,1.367213154559303,0.7967529165305892,0.5704602380287137,2.010532004085627,4.960465061866679,0.5026296549150279,4.457835406951651,0.023385,0.0420065046855535,-0.0739,0.1003,0.1742,0.1003,-0.0075999999999999,0.1054,-0.0963,-0.0001948717948717,0.2541666666668978,-0.2993333333336055,1,4,0.0062274999999999,0.0562967639799605,-0.0969,0.1408,0.2377,0.1408,-0.0889,0.1813,-0.1806,-0.0022794871794871,0.3965000000003607,-0.3381666666669742,1,10,1.01663,0.1231633066402656,0.7952,1.3581,0.5629000000000001,1.3581,-0.1722999999999999,0.4051000000000001,-0.3758000000000001,-0.0044179487179487,0.9071666666674912,-0.8970833333341499,1,0,0.3677249999999999,0.990600160935861,-1.3038,2.0387,3.3425,2.0387,-0.6738,3.0275,-2.7388,-0.017276923076923,8.910333333310877,-5.614666666639332,1,0,0.07875,1.968308871034948,-4.6375,4.095,8.7325,4.6375,2.1787,4.9875,-5.7313,0.0558641025641024,13.392222222234404,-11.435833333343735,1,4,0.036535,0.3700901349325039,-0.7175,0.7613,1.4788,0.7613,-0.42,1.1375,-1.3037999999999998,-0.0107692307692307,2.727166666669147,-2.7853333333358665,0,0
constant_speed,2.3400000000001455,40,1.009289743609759,1.305059481403051,0.7967529165305892,0.5083065648724617,1.9470409280083605,4.960465061866679,0.5807808364607083,4.3796842254059705,0.0209875,0.0360239890692513,-0.0578,0.1175,0.1752999999999999,0.1175,0.0113,0.1389999999999999,-0.1295,0.0002897435897435,0.2691666666669114,-0.1546666666668072,1,2,0.0042425,0.0526724950726609,-0.1241,0.0902,0.2143,0.1241,-0.0907999999999999,0.1578,-0.1830999999999999,-0.0023282051282051,0.3141666666657833,-0.3196666666669573,1,10,1.007095,0.0958702861643313,0.7952,1.3039,0.5087,1.3039,0.0744,0.2615,-0.2837,0.0019076923076923,0.9071666666674912,-0.6865000000006223,1,0,0.3727475,1.061413610380648,-1.5925,2.0387,3.6312,2.0387,0.8576000000000001,3.2462,-2.7388,0.0219897435897436,8.910333333310877,-5.643833333338465,1,0,0.0374099999999999,1.875532890263868,-4.6375,4.095,8.7325,4.6375,2.0213,6.2737,-5.7313,0.0518282051282051,25.751805555578976,-12.804000000011644,1,5,0.0971325,0.3446800317704552,-0.7,0.7,1.4,0.7,-0.2274999999999999,1.155,-0.9975,-0.0058333333333333,2.318833333335442,-2.5395833333356435,1,0
constant_speed,2.3399999999996908,40,0.9756708113997886,1.1883843401862884,0.6864305573035047,0.5019537828827837,2.4108693010458357,5.158422712418981,0.5167963235163346,4.641626388902647,0.0063599999999999,0.0398089978232598,-0.1041,0.0941,0.1982,0.1041,0.0989,0.138,-0.1056,0.0025358974358974,0.1804166666668306,-0.2446666666668892,1,3,-0.00242,0.0542039179206514,-0.1237,0.1049,0.2286,0.1237,-0.1146,0.1654,-0.2171,-0.0029384615384615,0.2673333333333187,-0.3466666666669819,1,9,0.9732675,0.1157226290117218,0.6783,1.1871,0.5088,1.1871,0.2310999999999999,0.3807999999999999,-0.2423,0.005925641025641,0.5048333333337904,-0.5366666666671547,1,0,-0.127745,1.1514057853504391,-2.3275,2.065,4.3925,2.3275,1.3912,4.0076,-3.64,0.0356717948717949,7.918833333340535,-7.276999999966329,1,1,0.3403625,2.4399177945050337,-5.1013,3.22,8.3213,5.1013,4.978800000000001,6.2738000000000005,-6.8162,0.1276615384615385,13.89069444445708,-15.137500000013766,1,9,0.0505199999999999,0.3089881195956926,-0.4462,0.6562,1.1024,0.6562,0.2362,0.7787,-0.875,0.0060564102564102,2.005138888890712,-1.793833333328057,1,0
constant_speed,2.3400000000001455,40,0.9941998877968798,1.2468759080197194,0.7777053298004328,0.4691705782192865,2.2575864347959445,5.30106684451347,0.5167963235163346,4.7842705209971355,0.0122675,0.0459309927625546,-0.0644,0.1078,0.1722,0.1078,0.1253,0.1379,-0.1536,0.0032128205128205,0.4615277777781975,-0.2446666666668892,0,6,-0.01022,0.0571919045732693,-0.1569,0.121,0.2779,0.1569,0.1043999999999999,0.1515,-0.2125,0.002676923076923,0.3920000000003564,-0.4000000000002122,1,8,0.9914775,0.1048397983922283,0.7749,1.2363,0.4613999999999999,1.2363,0.3225,0.2359,-0.2270999999999999,0.0082692307692307,0.5755555555560785,-0.5098333333334004,1,0,0.1712874999999999,1.2144133058938589,-2.3275,2.1175,4.445,2.3275,1.3299999999999998,4.0076,-3.64,0.0341025641025641,7.3791666666733775,-6.256166666633284,0,1,0.325275,2.1985713584810784,-4.2438,5.285,9.5288,5.285,1.0063,6.9825,-6.965,0.0258025641025641,13.835958333283177,-17.660333333349396,1,6,0.172805,0.3017725556755855,-0.3938,0.7613,1.1551,0.7613,0.3238,0.8663,-0.7787,0.0083025641025641,1.9105000000017376,-1.531333333334726,1,0
constant_speed,2.3399999999996908,40,1.0093652040365575,1.2468759080197194,0.7777053298004328,0.4691705782192865,2.1087014103529698,5.30106684451347,0.5904391416564454,4.710627702857025,0.01588,0.0464969102916168,-0.0528,0.1078,0.1606,0.1078,0.06,0.1342,-0.1536,0.0015384615384615,0.3026666666669418,-0.2679166666669103,1,3,-0.0185674999999999,0.0610807468406811,-0.1569,0.121,0.2779,0.1569,-0.0022,0.1515,-0.2125,-5.641025641025767e-05,0.3920000000003564,-0.4488333333337415,1,14,1.006305,0.1081895154643473,0.7749,1.2363,0.4613999999999999,1.2363,-0.0489999999999999,0.2717999999999999,-0.3216,-0.0012564102564102,0.6835000000006204,-0.7778333333340406,0,0,0.3804075,1.0653643769074193,-1.7675,2.1175,3.885,2.1175,-0.7612,3.4737,-2.7211999999999996,-0.0195179487179487,6.941500000006312,-6.1396666666272095,1,0,-0.17281,2.116158521860077,-4.0425,5.285,9.3275,5.285,-3.2200000000000006,6.9825,-7.0175,-0.0825641025641025,12.17680555556663,-17.660333333349392,1,5,0.3845675,0.2852619555349802,-0.1138,1.1463,1.2601,1.1463,0.5599,0.8663,-0.5688,0.0143564102564102,2.0270000000018435,-1.6478333333344448,1,0
constant_speed,2.3400000000001455,40,1.016716103234213,1.3259562813305723,0.7514153644955631,0.5745409168350092,2.450644421161102,6.218683542358463,0.6131575083125053,5.605526034045958,0.024075,0.0493739147884635,-0.0781,0.1271,0.2052,0.1271,0.0321,0.132,-0.1708,0.0008230769230769,0.4146666666670437,-0.3515000000003196,0,4,-0.0195125,0.0780356466458496,-0.2457,0.1833,0.429,0.2457,0.1594,0.2498,-0.2293,0.0040871794871794,0.6443055555561414,-0.6408333333339162,1,9,1.0121425,0.1402332523708725,0.743,1.3215,0.5784999999999999,1.3215,0.1259000000000001,0.392,-0.5704999999999999,0.0032282051282051,1.0944999999919114,-0.8060000000007328,1,0,0.25769,1.2465975627632118,-2.6862,2.6512,5.3374,2.6862,-0.1136999999999999,2.625,-4.2437000000000005,-0.0029153846153845,12.803999999955389,-8.035500000007307,0,1,0.1765324999999999,2.49078614100021,-4.9,5.95,10.85,5.95,-0.665,5.9763,-8.2512,-0.017051282051282,20.285500000047573,-17.514833333349262,1,6,0.4547800000000001,0.4138396866618887,-0.3762,1.4875,1.8637,1.4875,-0.105,0.9276,-1.0413,-0.0026923076923076,2.7100000000024647,-3.4416666666697964,1,0
constant_speed,2.3399999999996908,40,0.9844022047323732,1.226843918353105,0.6249808477065517,0.6018630706465533,2.283766212888499,6.040809853819271,0.511407371867086,5.529402481952185,0.022855,0.0495554491298539,-0.0996,0.1179,0.2175,0.1179,0.0734,0.1563999999999999,-0.1324,0.0018820512820512,0.4095000000003724,-0.274166666666916,1,5,-0.02203,0.0707169990081447,-0.1884,0.1471,0.3355,0.1884,0.0283,0.2137,-0.2248,0.000725641025641,0.5431666666689513,-0.5879999999965078,1,8,0.9801525000000002,0.1282043960754736,0.6171,1.221,0.6039000000000001,1.221,0.2409000000000001,0.3718,-0.3999,0.006176923076923,1.2628333333344814,-0.8905000000008103,1,0,0.1717199999999999,1.37507185494301,-3.08,2.66,5.74,3.08,3.3074999999999997,3.0274,-3.5525,0.0848076923076923,14.49600000001318,-9.87300000000898,1,3,-0.0010925,2.195757087866658,-5.9675,5.5825,11.55,5.9675,-3.7712,6.755,-7.0,-0.0966974358974358,12.644000000011498,-11.827166666677424,1,7,0.2360399999999999,0.3833811404748476,-0.4638,1.0938,1.5576,1.0938,0.1663,1.1900000000000002,-1.1812999999999998,0.0042641025641025,2.8146666666692264,-3.397833333325869,1,0
constant_speed,2.3400000000001455,40,1.022152784906107,1.226843918353105,0.6249808477065517,0.6018630706465533,2.2936354245894357,6.040809853819271,0.2316628800649771,5.809146973754293,0.0251849999999999,0.0479938860956695,-0.0996,0.1037,0.2032999999999999,0.1037,-0.0436,0.174,-0.1324,-0.0011179487179487,0.3001666666669396,-0.2781666666669196,1,7,-0.0127925,0.0656965767655967,-0.1356,0.1471,0.2827,0.1471,0.0069,0.2137,-0.2248,0.000176923076923,0.3955000000003597,-0.5879999999965078,1,7,1.0185375,0.1147690986005803,0.6171,1.221,0.6039000000000001,1.221,0.1127,0.3718,-0.3999,0.0028897435897435,1.2628333333344832,-0.4267500000003856,1,0,0.37625,1.1729510045071614,-3.08,2.66,5.74,3.08,1.225,2.7037,-3.5525,0.0314102564102564,14.49600000001318,-9.87300000000898,1,1,0.2250874999999999,2.308942986068878,-5.9675,5.7137,11.6812,5.9675,2.2576,6.5975,-7.0,0.0578871794871794,12.644000000011498,-11.827166666677424,1,5,0.19185,0.3669126333513477,-0.4638,0.875,1.3388,0.875,-1.12,1.0938,-1.1463,-0.0287179487179487,2.75633333333584,-3.3978333333258677,0,0
constant_speed,2.3399999999996908,40,1.0365787325992044,1.433222289109404,0.8060802255358954,0.6271420635735085,2.1221258056098877,5.720515673433646,0.2316628800649771,5.488852793368669,0.02218,0.0518244136112879,-0.0946,0.1235,0.2181,0.1235,0.0232,0.174,-0.1475,0.0005948717948717,0.3677777777781121,-0.2965000000002696,1,5,-0.01037,0.0476520465296249,-0.1236,0.0995,0.2231,0.1236,-0.1392999999999999,0.1478,-0.2231,-0.0035717948717948,0.3206944444447361,-0.4441250000004039,0,3,1.0339775,0.1229830997092794,0.805,1.4264,0.6213999999999998,1.4264,-0.0050999999999999,0.4906999999999999,-0.3651999999999999,-0.0001307692307692,0.9453333333341902,-0.579666666667193,1,0,0.1553175,1.195350568230069,-2.7037,2.555,5.2587,2.7037,-1.2338,2.9487,-3.6313,-0.0316358974358974,7.525000000006844,-7.860333333340481,1,2,0.7343425,2.0152107539955297,-4.0862,5.7137,9.7999,5.7137,0.385,5.4775,-6.6324000000000005,0.0098717948717948,11.141666666676802,-11.18533333334351,1,3,0.1439375,0.3219415464442623,-0.5863,0.8313,1.4176000000000002,0.8313,-0.7,1.0763,-1.19,-0.0179487179487179,3.317916666669684,-2.256625000002052,1,0
constant_speed,2.3400000000001455,40,0.999422571257074,1.433222289109404,0.7338003406922077,0.6994219484171963,1.9553531516999496,4.575170858011753,0.3946866731978671,4.180484184813886,0.0104224999999999,0.0506544223776192,-0.0946,0.1235,0.2181,0.1235,-0.0692,0.1619,-0.1475,-0.0017743589743589,0.5145833333338014,-0.2923333333335992,1,4,-0.0118925,0.0534522043271921,-0.1332,0.0891,0.2223,0.1332,0.0022,0.1639999999999999,-0.1800999999999999,5.641025641025661e-05,0.5270000000004793,-0.3266666666669637,1,5,0.9967525,0.1368677238787274,0.7325,1.4264,0.6938999999999999,1.4264,0.0131999999999998,0.4906999999999999,-0.4332999999999999,0.0003384615384615,1.4193055555568463,-0.7205000000006532,1,0,-0.0142149999999999,1.1481823869121943,-2.7037,2.555,5.2587,2.7037,0.0787000000000001,2.9487,-3.6313,0.0020179487179487,7.831333333319067,-7.860333333340481,1,2,0.2349425,1.934438207970244,-4.0862,4.5062,8.5924,4.5062,1.2251,6.0987,-6.195,0.0314128205128205,12.556333333344751,-12.279166666677831,1,6,0.2471874999999999,0.3206305295919436,-0.5863,0.8487,1.435,0.8487,0.2361999999999999,0.9713,-1.19,0.0060564102564102,1.881333333335044,-2.1291666666695974,0,0
constant_speed,2.3399999999996908,40,0.9498174314344516,1.1620554763005078,0.6611519416896543,0.5009035346108535,2.136189431201384,6.014228519935038,0.856348719856578,5.15787980007846,0.0093274999999999,0.038911253315916,-0.0751,0.0784,0.1535,0.0784,0.0307999999999999,0.1240999999999999,-0.094,0.0007897435897435,0.1866666666668364,-0.2461666666668905,1,4,0.0050699999999999,0.0451340010555462,-0.0949,0.1014,0.1963,0.1014,-0.0576,0.1232,-0.1417999999999999,-0.001476923076923,0.2148333333335287,-0.2435000000004848,0,1,0.9479175000000002,0.107327337515682,0.6592,1.16,0.5007999999999999,1.16,0.139,0.3726,-0.4146000000000001,0.0035641025641025,0.6884583333339593,-0.9048333333341558,1,0,0.1246774999999999,1.2121137357752896,-2.2838,2.7825,5.0663,2.7825,-0.8575,2.4238,-4.2788,-0.0219871794871794,12.87716666667838,-12.293833333303784,1,2,0.35547,1.982837904232602,-3.1325,5.9938,9.1263,5.9938,2.8525,7.0001,-3.9899,0.0731410256410255,12.556166666678086,-16.129166666654697,1,7,-0.14152,0.3987040327656465,-1.015,0.5688,1.5838,1.015,-0.3586999999999999,0.9976,-0.9188,-0.0091974358974359,1.618833333334805,-2.7563333333199784,0,0
constant_speed,2.3400000000001455,40,0.973026020781117,1.1882416042202866,0.6611519416896543,0.5270896625306323,2.048670441345805,6.014228519935038,0.5775594687995341,5.436669051135504,0.0138074999999999,0.0345949854636588,-0.0676,0.0673,0.1349,0.0676,-0.0213,0.0728999999999999,-0.1127,-0.0005461538461538,0.1560000000001418,-0.2123333333335264,1,2,0.0296925,0.0372690796945947,-0.0689,0.1014,0.1703,0.1014,0.0542,0.0857999999999999,-0.1240999999999999,0.0013897435897435,0.2887500000002626,-0.2905555555558198,1,1,0.9711725,0.1157088255116352,0.6592,1.1873,0.5281,1.1873,0.0070999999999999,0.3003,-0.4146000000000001,0.0001820512820512,0.6721666666623536,-0.9048333333341558,1,0,0.2049599999999999,1.1550344239070351,-2.2838,2.7825,5.0663,2.7825,-3.535,2.5725999999999996,-4.2788,-0.0906410256410256,5.789666666671931,-12.293833333303784,1,2,0.4604625,1.8959133721537855,-3.6137,5.9938,9.6075,5.9938,5.0224,7.0001,-6.1162,0.1287794871794871,29.798888888915993,-15.093666666680392,1,6,-0.2944349999999999,0.3175476605051715,-1.015,0.3413,1.3562999999999998,1.015,-0.14,0.7438,-0.9188,-0.0035897435897435,1.618833333334805,-2.7563333333199784,0,0
constant_speed,2.3399999999996908,40,1.0003167624869576,1.2593263913696084,0.754751144417814,0.5045752469517945,1.7617297703541268,4.697703096194991,0.1608450496596025,4.5368580465353885,0.0140499999999999,0.029097026017738,-0.0676,0.0601,0.1276999999999999,0.0676,0.0507,0.0728999999999999,-0.1127,0.0013,0.2306666666668764,-0.1426666666666043,1,1,0.0205975,0.0482961191173252,-0.075,0.1064,0.1814,0.1064,-0.1079,0.1558999999999999,-0.1441,-0.0027666666666666,0.321833333333626,-0.3426666666669783,1,5,0.998425,0.1113192561728284,0.7542,1.2578,0.5036,1.2578,0.1127,0.2828,-0.3983000000000001,0.0028897435897435,1.1778333333344042,-0.7278333333339955,1,0,0.1918375,0.8352223842317655,-1.33,2.0563,3.3863,2.0563,0.5251,2.5725999999999996,-2.4413,0.0134641025641025,6.839333333339553,-6.985499999975792,1,0,0.58734,1.7085077945388485,-3.6137,4.6813,8.295,4.6813,2.8788,3.9988,-6.1162,0.0738153846153846,14.124041666679512,-10.281166666676018,1,4,-0.0695625,0.3539331029703284,-0.7613,0.6825,1.4438,0.7613,0.2888,0.9275,-0.8837999999999999,0.0074051282051282,1.7208333333348982,-1.8959722222239463,1,0
constant_speed,2.3400000000001455,40,1.008088222800288,1.2593263913696084,0.754751144417814,0.5045752469517945,1.5656383198436008,4.697703096194991,0.1608450496596025,4.5368580465353885,0.0150774999999999,0.0249167381441389,-0.0411,0.0623,0.1033999999999999,0.0623,-0.0397,0.0615,-0.069,-0.0010179487179487,0.2306666666668764,-0.1854166666668353,1,0,0.0039174999999999,0.0501324700936659,-0.1066,0.1064,0.213,0.1066,0.0328,0.1558999999999999,-0.1441,0.0008410256410256,0.321833333333626,-0.1933333333335091,1,9,1.0064575000000002,0.0964972615195334,0.7542,1.2578,0.5036,1.2578,-0.0804000000000001,0.2828,-0.3213999999999999,-0.0020615384615384,1.177833333334405,-0.8040833333340647,1,0,0.127525,0.6818779914738488,-1.4088,1.6537,3.0625,1.6537,-0.0175999999999999,1.6713,-2.1262,-0.000451282051282,5.891833333331397,-4.739666666670977,1,0,0.3066949999999999,1.6272382475634393,-2.4762,4.6813,7.157500000000001,4.6813,2.94,5.4249,-4.2087,0.0753846153846153,12.663333333344852,-10.281166666676018,1,4,0.0700025,0.3232501535784036,-0.6475,0.6825,1.33,0.6825,-0.1575,1.1026,-0.77,-0.0040384615384615,1.8230000000016575,-1.6335000000014857,1,0
constant_speed,2.3399999999996908,40,1.0173176948494524,1.3567921985329956,0.8134137508058246,0.543378447727171,2.228026076840679,6.085513649643717,0.4743348711617142,5.611178778482003,0.0168574999999999,0.0395278926997386,-0.0736,0.1069,0.1805,0.1069,0.0205,0.1644,-0.1805,0.000525641025641,0.2043333333335191,-0.2621666666669051,1,5,0.0142824999999999,0.0664476654969909,-0.1474,0.1716,0.319,0.1716,-0.0509,0.2518,-0.2638,-0.0013051282051282,0.3461666666659438,-0.3955000000003597,1,11,1.0142025,0.1327885546649258,0.8108,1.3515,0.5407,1.3515,0.0040999999999999,0.5162999999999999,-0.5202999999999999,0.0001051282051282,1.2001388888899804,-0.838333333334095,1,0,0.123155,1.3003963529809492,-2.59,3.1325,5.7225,3.1325,-1.5925,4.0863,-5.39,-0.0408333333333333,13.314499999955132,-11.71050000001065,1,1,0.4328975,2.161326458152849,-4.5763,5.9062,10.4825,5.9062,-5.04,10.4825,-6.6762,-0.1292307692307692,13.4749999999088,-14.131333333346184,1,5,0.0043725,0.3868108939596937,-0.8138,0.91,1.7238,0.91,-0.4813,1.155,-1.365,-0.0123410256410256,2.5521666666598684,-2.4063333333216503,1,0
constant_speed,2.3400000000001455,40,1.0008636970354767,1.317869800094076,0.5889748211935719,0.7288949789005041,2.4886891212481723,6.085513649643717,0.5061611699844231,5.579352479659294,0.02122,0.040169041529963,-0.0559,0.1252,0.1811,0.1252,0.0314,0.1581,-0.1263999999999999,0.0008051282051282,0.2254999999978663,-0.4338888888892834,1,2,0.0112475,0.0713998850372557,-0.1474,0.1716,0.319,0.1716,-0.0797,0.2518,-0.2638,-0.0020435897435897,0.3518333333336533,-0.3955000000003597,1,12,0.99726,0.1402028069509418,0.5866,1.3134,0.7267999999999999,1.3134,-0.0973,0.4455,-0.4891000000000001,-0.0024948717948717,0.7933333333340542,-0.7376666666673364,1,0,-0.0640899999999999,1.5657888400714537,-3.2725,3.5,6.7725,3.5,-5.04,4.0863,-5.39,-0.1292307692307693,13.314499999955132,-11.71050000001065,0,3,0.2178774999999999,2.3269803799033477,-4.5763,5.9062,10.4825,5.9062,-3.4912,10.4825,-6.6762,-0.0895179487179486,14.558888888902128,-13.65000000000114,1,11,0.0450599999999999,0.3854294107442589,-0.63,0.91,1.54,0.91,0.5863,1.155,-1.365,0.0150333333333333,2.5521666666598684,-1.9833333333351373,1,0
constant_speed,2.3399999999996908,40,1.008588632614542,1.2631772401369494,0.5889748211935719,0.6742024189433775,2.5468778440836575,4.869759407814723,0.3380516824392389,4.531707725375484,0.02609,0.044460393206792,-0.0559,0.1288,0.1847,0.1288,-0.0377,0.1656,-0.1263999999999999,-0.0009666666666666,0.2685000000002442,-0.493472222222671,0,2,0.012055,0.0559471680729651,-0.1205,0.1167,0.2372,0.1205,-0.0349,0.236,-0.1866,-0.0008948717948717,0.3518333333336533,-0.4700000000004274,1,8,1.0057225,0.1481503212480399,0.5866,1.2598,0.6732,1.2598,-0.2887,0.4455,-0.4891000000000001,-0.0074025641025641,0.587666666667201,-0.7376666666673364,1,0,0.2250975,1.4959455395077312,-3.2725,3.5,6.7725,3.5,1.5225000000000002,4.8475,-4.0600000000000005,0.0390384615384615,9.902000000009004,-8.983333333341504,1,3,-0.0621174999999999,2.377147893513278,-3.9375,4.585,8.5225,4.585,-5.5737000000000005,7.516299999999999,-6.7113,-0.1429153846153846,11.290138888899156,-13.65000000000114,1,13,-0.0783224999999999,0.3496994126737404,-0.7525,0.7088,1.4613,0.7525,-0.98,0.9887,-1.0762999999999998,-0.0251282051282051,2.435333333335548,-1.8376666666683377,1,0
constant_speed,2.3400000000001455,40,1.0110923419839732,1.3193561839018304,0.651388332717128,0.6679678511847024,2.624956753792824,4.939066853161638,0.2981001341831298,4.6409667189785075,0.02173,0.0549660277364865,-0.1134,0.1288,0.2422,0.1288,0.0791,0.1656,-0.1948,0.0020282051282051,0.360458333333138,-0.310000000000201,1,8,0.0153175,0.0676990091489054,-0.1195,0.1603,0.2798,0.1603,0.0147,0.2334999999999999,-0.2054,0.000376923076923,0.5061666666671271,-0.332833333333636,1,14,1.0070725,0.1615337084572403,0.6412,1.3156,0.6744000000000001,1.3156,-0.1646,0.5082000000000001,-0.5719000000000001,-0.0042205128205128,0.8166666666674107,-0.8913333333341438,1,0,0.3815,1.3801917037043654,-2.205,2.94,5.145,2.94,-3.4825,4.5413,-3.9462,-0.0892948717948717,9.814500000008923,-8.983333333341504,1,2,5.000000000077165e-06,2.555344453669101,-4.9088,4.585,9.4938,4.9088,-5.6176,7.516299999999999,-6.7113,-0.1440410256410257,24.16466666668864,-16.953055555570977,1,12,-0.0400349999999999,0.3477308379575597,-0.7525,0.7788,1.5313,0.7788,0.6476000000000001,0.9188,-1.1025,0.0166051282051282,2.3188333333354425,-2.102083333335245,0,0
constant_speed,2.3399999999996908,40,0.9747424107319838,1.3093869596112526,0.6326349105131648,0.6767520490980878,2.998547658012436,6.510609817060151,0.2739183272437242,6.236691489816426,0.0057749999999999,0.0583998188880226,-0.1181,0.1106,0.2287,0.1181,-0.0552,0.1926,-0.1987,-0.0014153846153846,0.4450000000004047,-0.3131666666653137,0,7,-0.0233799999999999,0.0565492079792186,-0.1489,0.0742,0.2231,0.1489,-0.0915,0.1432,-0.1486,-0.0023461538461538,0.3645000000003315,-0.4918333333322642,1,6,0.9709025,0.1539551108194719,0.6198,1.3061,0.6863,1.3061,-0.1436,0.5959,-0.455,-0.0036820512820512,1.337777777778997,-0.7994999999999202,1,0,0.12994,1.388121859130124,-2.765,2.7912,5.5562000000000005,2.7912,-3.3162,2.8087,-4.0601,-0.0850307692307692,9.1290000000083,-11.003166666676671,1,2,-0.2336325,3.009612567653552,-5.7925,6.4225,12.215,6.4225,-6.7813,8.7062,-10.465,-0.1738794871794871,23.099999999879092,-17.71866666668278,1,15,0.476215,0.3450074250780326,-0.1488,1.0762,1.225,1.0762,0.2713,0.9713,-0.8838,0.0069564102564102,2.216875000002016,-2.825541666669237,1,0
constant_speed,2.3400000000001455,40,1.020387869314901,1.4014106428880866,0.6326349105131648,0.7687757323749218,2.7437357626608465,6.805523781458706,0.2739183272437242,6.531605454214981,0.0235375,0.0621019331112474,-0.1181,0.1854,0.3035,0.1854,-0.0126,0.1926,-0.1987,-0.0003230769230769,0.4734722222226528,-0.4285000000003898,1,4,-0.0233375,0.0703834650144186,-0.1732,0.1464,0.3196,0.1732,-0.0639,0.1827,-0.2256999999999999,-0.0016384615384615,0.3645000000003315,-0.7066666666673094,1,8,1.0155325000000002,0.1677968298155654,0.6198,1.3967,0.7769,1.3967,-0.2078999999999999,0.5959,-0.5024,-0.0053307692307692,1.1009722222232234,-0.8596666666674508,1,0,0.196215,1.2671486192862202,-1.9863,2.4062,4.3925,2.4062,-0.6913,2.6512,-4.0601,-0.017725641025641,9.129000000008304,-8.18100000000744,0,0,0.3742725,2.9281599567478005,-5.7925,6.65,12.4425,6.65,-4.0162,8.7062,-11.165,-0.1029794871794872,23.09999999987909,-34.064166666697645,1,11,0.4915225,0.374788787348014,-0.1663,1.0762,1.2425000000000002,1.0762,-0.3587,0.9713,-1.2163,-0.0091974358974358,2.4186111111133117,-3.1063333333361585,1,0
constant_speed,2.3399999999996908,40,1.0214982425971928,1.4014106428880866,0.691614965135949,0.7097956777521376,2.456214937380166,6.805523781458706,0.3256296823079861,6.4798940991507195,0.0274725,0.0513942428557708,-0.052,0.1854,0.2374,0.1854,-0.0701999999999999,0.1025,-0.1781,-0.0017999999999999,0.2228333333326372,-0.4285000000003898,1,1,-0.0146399999999999,0.0728742218149065,-0.1732,0.1464,0.3196,0.1732,0.0002999999999999,0.1827,-0.2256999999999999,7.692307692305778e-06,0.3578333333336587,-0.7066666666673094,1,12,1.017205,0.1541096145855031,0.6795,1.3967,0.7172000000000001,1.3967,-0.1695999999999998,0.4253,-0.5024,-0.0043487179487179,0.6173333333350204,-1.0268055555564883,1,0,0.481465,1.179588536595141,-2.24,2.24,4.48,2.24,-1.4613,2.6512,-3.8238,-0.0374692307692307,9.070666666624849,-9.698000000008822,1,1,0.25309,2.531226819791298,-4.9,6.65,11.55,6.65,-3.5176,7.971299999999999,-11.165,-0.0901948717948717,15.99800000001455,-21.04861111113026,1,12,0.33775,0.3486161440573799,-0.4812,1.05,1.5312,1.05,0.0612999999999999,1.0412,-1.2163,0.0015717948717948,3.90083333333688,-2.537499999992471,1,0
constant_speed,2.3400000000001455,40,0.989264981770902,1.2593966730145034,0.7433310164388406,0.5160656565756628,2.382831763104489,5.896531003903905,0.6527372672063393,5.243793736697566,0.00793,0.0396022739569851,-0.0602,0.0845,0.1447,0.0845,0.0579,0.1147,-0.1179,0.0014846153846153,0.2483333333335591,-0.280500000000255,0,4,-0.0025875,0.0596574116335976,-0.1394,0.1174,0.2568,0.1394,0.022,0.2168,-0.1955,0.0005641025641025,0.355833333334874,-0.4605000000004187,1,11,0.9866575,0.1104041314897227,0.74,1.2583,0.5183,1.2583,0.0589999999999999,0.3719,-0.3598,0.0015128205128205,1.0133333333342545,-0.7506666666673505,1,0,0.240845,1.492486614113404,-3.2287,2.7912,6.0199,3.2287,1.0413,4.2174,-3.8238,0.0267,14.94766666668026,-15.22466666668051,1,6,-0.0850874999999999,2.2216688304974364,-5.075,3.5612,8.6362,5.075,0.9801,5.8712,-7.883800000000001,0.0251307692307692,15.99800000001455,-20.387500000018544,1,11,0.2233474999999999,0.3027897103792307,-0.4812,0.8225,1.3037,0.8225,-0.6651,1.0412,-0.9275,-0.0170538461538461,1.6333333333348186,-2.537499999992471,0,0
constant_speed,2.3399999999996908,40,1.016221066522446,1.4783173069405635,0.6061136774566303,0.8722036294839333,2.75836834975872,5.89630058341669,0.8523637017142389,5.043936881702451,0.0246575,0.0679719432597952,-0.1969,0.1872,0.3841,0.1969,-0.0133999999999999,0.2983,-0.3841,-0.0003435897435897,0.3190555555558456,-0.3371666666669733,1,6,-0.0110499999999999,0.074394099573031,-0.1344,0.2033,0.3377,0.2033,-0.0756,0.245,-0.2752,-0.0019384615384615,0.4371666666684026,-0.4943333333337829,1,12,1.010885,0.2042367009761982,0.5683,1.4549,0.8866,1.4549,-0.2434999999999999,0.762,-0.6548,-0.0062435897435897,1.1266666666694718,-1.1426666666677043,1,0,0.2889625,1.3828308878728188,-2.59,3.0275,5.6175,3.0275,1.0149,3.9462,-4.445,0.0260230769230769,8.19566666667412,-9.041666666637312,1,3,0.0128999999999999,2.697791562247412,-5.8888,5.2762,11.165,5.8888,-2.3188000000000004,7.6475,-7.1575,-0.0594564102564101,14.996666666680303,-16.33316666668152,1,12,0.2559475,0.3098900094264216,-0.4375,0.91,1.3475,0.91,0.4901,0.7962,-1.0238,0.0125666666666666,1.9105000000017376,-2.5959999999863337,0,0
constant_speed,2.3400000000001455,40,1.0222674256882711,1.4603898280938552,0.6162774212966106,0.8441124067972446,2.4188351422932675,6.541091747560189,0.2535990930583152,6.2874926545018734,0.031755,0.0583427228340631,-0.1969,0.1872,0.3841,0.1969,-0.0109,0.2983,-0.3841,-0.0002794871794871,0.2506666666680542,-0.391999999998492,1,2,-0.0097725,0.0624967937126295,-0.1344,0.1408,0.2752,0.1408,0.2046,0.1581,-0.2752,0.0052461538461538,0.3360000000003056,-0.4023333333336992,1,11,1.017975,0.1774093191984613,0.5683,1.4553,0.887,1.4553,-0.1658999999999999,0.6247,-0.6548,-0.0042538461538461,1.1266666666694718,-1.506166666668035,1,0,0.4543375,1.2442712590080949,-2.59,2.8087,5.3987,2.8087,2.4238,3.4825,-4.445,0.0621487179487179,8.210500000007467,-8.720666666674598,0,1,0.0006549999999999,2.475258238685307,-3.8588,6.51,10.3688,6.51,1.1287,6.9125000000000005,-6.7725,0.0289410256410256,11.608166666530442,-19.116388888906275,0,8,0.3296675,0.278323981468102,-0.315,0.91,1.225,0.91,-0.5687,0.7,-0.8138000000000001,-0.0145820512820512,1.910500000001738,-2.6855555555579973,1,0
constant_speed,2.3399999999996908,40,1.0264785447775502,1.4603898280938552,0.7393502891052387,0.7210395389886165,2.003525248129954,6.541091747560189,0.2535990930583152,6.2874926545018734,0.0227025,0.0352881216849421,-0.0392,0.109,0.1482,0.109,-0.05,0.0968,-0.1217,-0.0012820512820512,0.1837777777779449,-0.1956666666668446,1,0,-0.0084,0.0448784455144657,-0.0983,0.0974,0.1956999999999999,0.0983,-0.0208,0.1432,-0.1296,-0.0005333333333333,0.271166666664083,-0.2605000000002369,1,7,1.0247025,0.1317182005364638,0.7388,1.4553,0.7165,1.4553,-0.0891999999999999,0.3374,-0.4891000000000001,-0.0022871794871794,0.7491666666602121,-1.506166666668035,1,0,0.5676574999999999,1.0442194834831886,-2.1613,2.7387,4.9,2.7387,-1.8988000000000005,3.4825,-2.6775,-0.0486871794871794,8.210500000007467,-7.899027777784963,1,1,0.3023124999999999,2.0006535071023093,-3.9288,6.51,10.4388,6.51,-0.0786999999999999,6.3175,-6.4662999999999995,-0.0020179487179487,11.997444444455354,-10.281166666676018,1,6,0.3714375,0.2402642708347281,-0.2013,0.875,1.0763,0.875,0.455,0.5775,-0.6038,0.0116666666666666,1.9870416666684745,-1.8813333333255935,1,0
constant_speed,2.3400000000001455,40,1.0101328317630642,1.2235978873796731,0.8365841499813393,0.387013737398334,2.0948494752363978,4.083957655265294,0.589964727759211,3.493992927506083,0.01089,0.0351377421454043,-0.0403,0.102,0.1422999999999999,0.102,-0.0353,0.0968,-0.1161,-0.0009051282051282,0.1825000000007261,-0.2420000000002201,1,0,-0.0113975,0.0437736104056852,-0.0961,0.0974,0.1935,0.0974,-0.0907,0.1432,-0.1296,-0.002325641025641,0.2313333333335437,-0.3073333333336128,1,4,1.0085075,0.1049164683303964,0.8352,1.2215,0.3863,1.2215,-0.2089999999999999,0.2805000000000001,-0.348,-0.0053589743589743,0.5528333333338367,-0.7238333333339906,1,0,0.3521849999999999,1.080869399722469,-2.1788,3.1063,5.2851,3.1063,-1.7412,2.8963,-2.8176,-0.0446461538461538,9.464666666675274,-7.641833333340282,1,2,-0.1166025,1.9376044836657955,-3.9288,4.0338,7.9626,4.0338,3.5437000000000003,7.0963,-5.3812999999999995,0.0908641025641026,9.43550000000858,-15.883888888903334,1,8,0.3744975,0.2762142976001024,-0.4288,0.9975,1.4263,0.9975,-0.4113,0.6563,-1.4263,-0.0105461538461538,1.5019999999975533,-1.8303333333369591,1,0
constant_speed,2.3399999999996908,40,1.0143555774484063,1.2176222074190337,0.7381193738142903,0.4795028336047434,2.0519007958045963,5.2993781654077114,0.5198148131786935,4.779563352229018,0.027955,0.0428398984293368,-0.0816,0.1204,0.202,0.1204,0.0666,0.1058,-0.1386,0.0017076923076923,0.2770000000002519,-0.2888333333335958,1,2,-0.00661,0.052225658297578,-0.1152,0.1266,0.2418,0.1266,0.0684,0.1341999999999999,-0.2418,0.0017538461538461,0.4995833333337877,-0.3213333333336255,1,8,1.0118275,0.1204742317112263,0.7366,1.2163,0.4796999999999999,1.2163,0.0953999999999999,0.2806,-0.3479000000000001,0.0024461538461538,0.6880000000006232,-0.8285000000007532,1,0,0.0595024999999999,0.9145031265420192,-1.7062,1.9162,3.6224,1.9162,1.8287,1.9425,-2.4501,0.0468897435897435,6.270833333339037,-5.541833333338373,1,0,0.58495,1.9617892577427556,-3.1412,5.1363,8.2775,5.1363,-0.4637,7.2188,-5.3375,-0.0118897435897436,14.087500000012811,-18.608333333350256,1,4,0.255725,0.3801331148426825,-0.91,1.05,1.96,1.05,-0.3063,0.7525000000000001,-0.91,-0.0078538461538461,2.4451666666688903,-3.4416666666697973,1,0
constant_speed,2.3400000000001455,40,0.9871046118039604,1.2176222074190337,0.7381193738142903,0.4795028336047434,2.409235973883311,5.568701206744711,0.8450941900167105,4.723607016728001,0.02711,0.0421789946506977,-0.0816,0.1204,0.202,0.1204,-0.0107,0.0988,-0.1209,-0.0002743589743589,0.2770000000002519,-0.2888333333335958,0,4,0.0063925,0.064889841121467,-0.1642,0.1266,0.2908,0.1642,0.0196,0.1377,-0.2469,0.0005025641025641,0.3723333333336719,-0.4703333333337611,1,14,0.983785,0.1260817064141649,0.7366,1.2125,0.4758999999999999,1.2125,0.1563000000000001,0.3524,-0.3479000000000001,0.0040076923076923,0.8788333333341312,-0.8285000000007532,1,0,0.209555,1.2755743741847918,-2.8525,3.535,6.3875,3.535,-1.6888,2.5113000000000003,-3.3775,-0.043302564102564,13.139666666678616,-14.029166666679425,1,2,0.2432549999999999,2.3139106847277913,-5.565,5.1363,10.7013,5.565,-0.4025000000000001,8.977500000000001,-5.3375,-0.0103205128205128,12.264833333344484,-18.608333333350256,1,9,0.08795,0.4118902349425459,-0.91,1.05,1.96,1.05,-0.4725,1.0325,-1.0237,-0.0121153846153846,2.8145000000025595,-3.4416666666697973,1,0
constant_speed,2.3399999999996908,40,0.955888486410034,1.1575103887222784,0.7448573957476693,0.4126529929746091,2.1775327629953143,5.568701206744711,0.4739191703233791,5.094782036421332,0.0120175,0.0448858431653752,-0.0917,0.1061,0.1978,0.1061,0.0749,0.0987,-0.1478,0.0019205128205128,0.2562916666668997,-0.2853333333335928,1,7,-0.0022075,0.0643321883284581,-0.1642,0.1283,0.2925,0.1642,-0.0568,0.1552,-0.2469,-0.0014564102564102,0.3623333333278787,-0.4703333333337611,1,12,0.952655,0.1054283836399054,0.7443,1.1525,0.4082000000000001,1.1525,0.0555000000000001,0.3524,-0.279,0.0014230769230769,0.8788333333341312,-0.8755555555563517,1,0,0.202335,1.207365346858552,-2.8525,3.535,6.3875,3.535,-2.0124,2.625,-3.3775,-0.0516,13.139666666678616,-12.21712500001111,1,2,-0.2537449999999999,2.1582234624386127,-5.565,4.13,9.695,5.565,0.9363,8.977500000000001,-5.215,0.0240076923076924,13.679250000012438,-22.409722222242603,1,8,0.00963,0.3472441712419928,-0.4725,0.7875,1.26,0.7875,-0.3586999999999999,1.0325,-1.0237,-0.0091974358974358,1.9396666666684304,-2.466944444446688,1,0
constant_speed,2.3400000000001455,40,0.9656344005462868,1.1575103887222784,0.7843437830441445,0.3731666056781338,1.936276170961019,4.201913574789467,0.3553004925411728,3.846613082248294,0.00756,0.0448602205145648,-0.0969,0.1061,0.203,0.1061,-0.0491,0.097,-0.1679999999999999,-0.0012589743589743,0.2541666666668978,-0.3369444444447509,1,7,-0.0033349999999999,0.0526445290215178,-0.1035,0.1283,0.2318,0.1283,0.0728,0.1552,-0.2061,0.0018666666666666,0.3198333333316883,-0.4055555555559244,1,11,0.9632124999999998,0.1003199476227217,0.7792,1.1525,0.3733000000000001,1.1525,0.2157000000000001,0.2775999999999999,-0.279,0.0055307692307692,0.5144166666671355,-0.5993333333338775,0,0,-0.0089624999999999,1.1168856690765,-3.15,2.0825,5.2325,3.15,1.6451,2.625,-3.4737,0.0421820512820513,7.2480000000065905,-11.360333333343664,1,1,-0.3364349999999999,1.8532625098831683,-3.5,4.13,7.63,4.13,1.1812,6.265,-5.285,0.0302871794871795,11.039666666676704,-17.815972222238425,1,5,-0.0374074999999999,0.3430750044236048,-0.875,0.77,1.645,0.875,-0.595,1.1113,-0.9975,-0.0152564102564102,2.245833333341234,-2.934958333339112,1,0
constant_speed,2.3399999999996908,40,0.9631461794863586,1.230453802464765,0.5936315102822626,0.6368222921825027,2.296145256980132,6.946339481338354,0.5198892959082732,6.426450185430081,0.010525,0.0498984186070779,-0.1115,0.1157,0.2272,0.1157,0.0124,0.1343,-0.2054,0.0003179487179487,0.3085000000003987,-0.3305000000003005,1,4,0.00901,0.0542978717059414,-0.0717,0.1386,0.2103,0.1386,-0.0133,0.1357,-0.1903,-0.0003410256410256,0.4098333333340288,-0.4915000000004469,1,6,0.9602,0.1378167996160492,0.5866,1.2266,0.6399999999999999,1.2266,-0.0001999999999999,0.4954,-0.3548000000000001,-5.128205128204564e-06,1.198333333334424,-1.0378333333283054,1,0,-0.1380349999999999,1.4518021032319517,-3.36,2.415,5.775,3.36,-2.835,3.85,-5.6875,-0.0726923076923077,10.004000000009096,-9.668666666675458,1,4,-0.31456,2.1743191930419896,-6.8075,3.2113,10.0188,6.8075,-1.2512,7.6913,-6.6937,-0.0320820512820512,19.92100000001812,-22.12300000002012,1,7,-0.2281625,0.4905135015719332,-1.2687,0.6825,1.9512,1.2687,-0.2975,1.1813,-1.0763,-0.0076282051282051,3.718666666670048,-4.243666666670526,0,0
constant_speed,2.3400000000001455,40,0.9819787070958133,1.230453802464765,0.5936315102822626,0.6368222921825027,2.181872573044246,6.946339481338354,0.3937444475798992,6.552595033758455,0.0135474999999999,0.0462373641089496,-0.0703,0.0972,0.1674999999999999,0.0972,-0.0261999999999999,0.159,-0.1168,-0.0006717948717948,0.259500000000236,-0.2908333333335977,1,4,-0.0008375,0.0516825005720951,-0.1059,0.1179,0.2238,0.1179,0.0229999999999999,0.1659999999999999,-0.173,0.0005897435897435,0.3693055555558914,-0.3541666666626769,1,12,0.97945,0.1376424818888152,0.5866,1.2266,0.6399999999999999,1.2266,-0.1192999999999999,0.4954,-0.3274,-0.0030589743589743,1.198333333334424,-1.1749999999956158,1,0,0.0538074999999999,1.240870300953513,-2.7738,2.2487,5.0225,2.7738,-1.19,2.6687,-3.6837,-0.0305128205128205,8.793666666674664,-10.499958333316576,1,3,-0.40359,2.099301530460756,-6.8075,3.1237,9.9312,6.8075,-2.2488,7.6913,-6.09,-0.0576615384615384,19.92100000001812,-16.544791666580387,1,5,-0.17785,0.3857710879623981,-0.8662,0.7613,1.6275,0.8662,-0.0438,1.0237,-1.05,-0.0011230769230769,2.5956666666690267,-2.318833333326103,1,0
constant_speed,2.3399999999996908,40,0.97669883858371,1.2548931030171455,0.7539827650550112,0.5009103379621344,2.187065119333894,4.576079538207351,0.2957255991624668,4.2803539390448835,0.0099875,0.0402141331674606,-0.0703,0.096,0.1663,0.096,-0.0133,0.159,-0.1168,-0.0003410256410256,0.259500000000236,-0.2371666666668823,1,4,4.499999999999955e-05,0.0495154000908186,-0.1059,0.0839,0.1898,0.1059,-0.0407,0.1659999999999999,-0.173,-0.0010435897435897,0.3250000000002955,-0.2868333333316571,1,9,0.974615,0.1250465975710757,0.7508,1.2515,0.5007,1.2515,0.0986,0.3037999999999999,-0.3274,0.0025282051282051,0.5571666666671753,-0.7679999999982279,1,0,-0.1638399999999999,1.383382889467625,-3.5612,2.03,5.5912,3.5612,-0.77,4.41,-4.13,-0.0197435897435897,6.752000000006141,-7.75833333334039,1,2,-0.156185,1.965991226673958,-4.0775,4.5325,8.61,4.5325,-2.3362,7.2012,-4.7425,-0.0599025641025641,15.312500000013928,-13.65016666667908,1,4,-0.0094125,0.3477716397716858,-0.7175,0.7613,1.4788,0.7613,0.4988,0.8663000000000001,-0.9625,0.0127897435897435,1.7646666666682718,-2.318833333326103,1,0
constant_speed,2.3400000000001455,40,0.9863679284242916,1.2548931030171455,0.7539827650550112,0.5009103379621344,2.1808561092355,4.72018184925115,0.2957255991624668,4.424456250088682,0.0109275,0.032213741195255,-0.04,0.0922,0.1322,0.0922,-0.0049,0.066,-0.0967,-0.000125641025641,0.2575000000002342,-0.2173888888890866,1,0,0.0044574999999999,0.0505290618966337,-0.1161,0.1037,0.2198,0.1161,0.1146,0.2198,-0.1404999999999999,0.0029384615384615,0.2644999999991561,-0.2868333333316571,1,6,0.98452,0.1115864347053727,0.7508,1.2515,0.5007,1.2515,0.1298,0.3037999999999999,-0.2786,0.0033282051282051,0.6668333333339405,-0.6425000000005845,1,0,0.04923,1.4252509891783434,-3.5612,3.29,6.8512,3.5612,3.395,4.41,-4.13,0.0870512820512821,8.983166666674837,-7.772833333340402,1,1,0.0509725,1.9468452375491865,-4.69,4.5325,9.2225,4.69,3.4475,5.390000000000001,-4.7338000000000005,0.0883974358974359,17.29347222223795,-14.670833333339491,1,4,0.159245,0.3248513955720803,-0.525,0.7962,1.3212000000000002,0.7962,0.1662,0.8663000000000001,-0.9625,0.0042615384615384,1.761805555557158,-2.0708333333352167,1,0
constant_speed,2.3399999999996908,40,1.0067714548432969,1.189603333048458,0.796233998269353,0.3933693347791048,2.112102992436731,5.165643110978535,0.2747109935914469,4.890932117387088,0.0073799999999999,0.0446690864250801,-0.0942,0.1022,0.1964,0.1022,-0.0676,0.1244,-0.1293,-0.0017333333333333,0.3415000000003105,-0.3325833333336358,1,9,-0.0125875,0.0813789306427904,-0.2247,0.1576,0.3823,0.2247,-0.102,0.2279,-0.2447,-0.0026153846153846,0.6153333333338928,-0.5063888888893494,1,13,1.0024975,0.0937319896888231,0.7945,1.1872,0.3927,1.1872,-0.0885999999999999,0.2968999999999999,-0.2788,-0.0022717948717948,0.5909722222227621,-0.6688750000006092,1,0,0.325505,1.4344718951318205,-2.5988,3.0275,5.6263000000000005,3.0275,2.4236999999999997,4.0513,-3.605,0.0621461538461538,15.983166666681202,-8.735500000007942,1,3,0.2309899999999999,1.885226505441856,-4.1825,4.9,9.0825,4.9,-0.2363,5.775,-4.8213,-0.0060589743589743,16.712500000015197,-11.88549999994687,1,6,0.2406225,0.3118170761327043,-0.3762,0.77,1.1462,0.77,0.4375,1.015,-1.0587,0.0112179487179487,2.624999999991778,-2.1730000000019767,1,0
constant_speed,2.3400000000001455,40,0.9991776674277963,1.2006979345364095,0.8111005363085393,0.3895973982278702,2.0018673823929034,5.152651156443643,0.4127594699095346,4.739891686534108,0.0071874999999999,0.0343180687064932,-0.0607,0.0964,0.1571,0.0964,-0.1212,0.0827,-0.1003,-0.0031076923076923,0.1966666666668455,-0.4758333333337661,1,2,-0.010445,0.0675547487370286,-0.1212,0.1252,0.2464,0.1252,-0.0122,0.2158,-0.1866999999999999,-0.0003128205128205,0.3770000000003428,-0.3400000000008902,1,14,0.9962975,0.0942137871327622,0.8082,1.1944,0.3861999999999999,1.1944,-0.1565,0.2532999999999998,-0.2794,-0.0040128205128205,0.4628333333337533,-1.0150000000009225,1,0,0.0511825,1.3041956406816722,-2.5988,2.4762,5.075,2.5988,-0.5163000000000001,4.0513,-3.6837,-0.0132384615384615,10.193666666675938,-9.216833333341716,1,4,0.3112749999999999,1.830048641745308,-3.6925,4.9,8.592500000000001,4.9,1.9162,5.775,-5.4512,0.0491333333333333,11.11233333334344,-13.902500000012648,1,6,0.29662,0.2549628904118783,-0.07,0.77,0.8400000000000001,0.77,0.315,0.7875,-0.7525000000000001,0.008076923076923,1.9105000000017376,-1.0500000000009553,1,0
constant_speed,2.3399999999996908,40,1.0142763004589423,1.4105386630645755,0.7616389827208164,0.6488996803437591,2.146486943840047,6.234212691270646,0.5639730224044409,5.670239668866206,0.0140575,0.0444155602642783,-0.0873,0.1466,0.2339,0.1466,0.0639,0.1249,-0.1415,0.0016384615384615,0.1835000000001668,-0.3550000000003228,1,4,-0.01194,0.0631802784873855,-0.1405,0.1013,0.2418,0.1405,-0.0746999999999999,0.1691,-0.2418,-0.0019153846153846,0.2910000000002646,-0.4912500000004468,1,14,1.011205,0.1189252597653518,0.7537,1.4026,0.6489,1.4026,0.2068000000000001,0.3886,-0.3297999999999998,0.0053025641025641,0.6536666666637938,-0.9701111111119936,1,0,0.0621224999999999,1.2971838850109307,-3.2462,3.36,6.606199999999999,3.36,1.2774,4.2612,-4.1124,0.0327538461538461,7.3791666666733775,-8.264305555563071,1,3,0.4046925,2.0394047413824157,-3.7275,5.81,9.5375,5.81,1.7587000000000002,4.8125,-7.971299999999999,0.0450948717948718,20.97083333335241,-12.177166666677742,1,5,0.391995,0.3239673123349614,-0.8138,0.9275,1.7412999999999998,0.9275,0.4375,1.7412999999999998,-1.5663,0.0112179487179487,1.980972222224024,-2.1511111111130674,1,0
constant_speed,2.3400000000001455,40,1.0206292151922087,1.4105386630645755,0.7616389827208164,0.6488996803437591,2.2604310227662743,6.234212691270646,0.6310536348045228,5.603159056466124,0.013375,0.0487808902789837,-0.1086,0.1466,0.2552,0.1466,0.0857,0.1249,-0.1561,0.0021974358974358,0.4520833333337445,-0.3550000000003228,1,4,-0.00619,0.0655289476060693,-0.1405,0.085,0.2255,0.1405,0.0563,0.1874,-0.1981,0.0014435897435897,0.4222083333337173,-0.4745000000004316,1,14,1.0172025,0.1291762987062096,0.7537,1.4026,0.6489,1.4026,0.0866,0.3886,-0.4019,0.0022205128205128,0.6536666666637938,-0.7096666666673119,1,0,0.2846025,1.4526134893634883,-3.2462,3.36,6.606199999999999,3.36,-0.9975,4.2612,-4.1124,-0.0255769230769231,9.1388888888972,-11.520833333343813,1,1,0.4541275000000001,1.9761399580595864,-3.7275,5.81,9.5375,5.81,0.7350000000000001,4.8125,-7.971299999999999,0.0188461538461538,20.97083333335241,-13.183333333345322,1,6,0.3725325,0.3642058338762398,-0.8138,0.9275,1.7412999999999998,0.9275,0.2712999999999999,1.7412999999999998,-1.5663,0.0069564102564102,1.9251666666684168,-3.4126666666697703,1,0
constant_speed,2.3399999999996908,40,1.0199915510460091,1.2185678397200543,0.6947517614227401,0.5238160782973142,2.4115146316278895,6.488593771380668,0.4894483527401027,5.999145418640565,0.0215125,0.0367523045675457,-0.0938,0.1021,0.1959,0.1021,-0.0341999999999999,0.0946999999999999,-0.1777,-0.000876923076923,0.3054166666669444,-0.2988333333336051,1,2,-0.0067875,0.061116199487072,-0.1027,0.1579,0.2606,0.1579,-0.0837,0.1631,-0.2526,-0.0021461538461538,0.3612500000003285,-0.4564583333337484,1,12,1.0173124999999998,0.1186021991137406,0.6939,1.2171,0.5232000000000001,1.2171,0.0448999999999999,0.3195999999999999,-0.4226999999999999,0.001151282051282,0.9778333333342228,-0.8253333333340862,0,0,0.5654625,1.8322318711296703,-4.0075,4.2263,8.2338,4.2263,2.4063,5.495,-5.705,0.0617,12.512333333344714,-9.829000000028724,1,6,0.1883449999999999,1.9552496482940092,-3.465,5.4163,8.8813,5.4163,0.385,5.04,-5.67,0.0098717948717948,11.399388888899257,-12.425166666677963,1,6,0.1938125,0.3034493851154143,-0.455,0.875,1.33,0.875,0.2188,1.0762,-0.7437,0.0056102564102564,2.537666666658474,-1.9103333333350705,1,0
constant_speed,2.3400000000001455,40,1.033394339653393,1.2711363184175015,0.6947517614227401,0.5763845569947614,2.5931700964695947,6.045997281673223,0.4894483527401027,5.556548928933121,0.0314374999999999,0.0461328665725979,-0.068,0.1584,0.2264,0.1584,-0.0424999999999999,0.1234,-0.1591,-0.0010897435897435,0.3548611111114336,-0.2515277777780066,1,2,-0.0006749999999999,0.0547172674662611,-0.1222,0.1434,0.2656,0.1434,0.1212,0.2656,-0.1537,0.0031076923076923,0.3496666666669847,-0.2313333333335436,1,7,1.0305275,0.105548355639513,0.6939,1.2647,0.5708,1.2647,-0.1871,0.2865,-0.3591999999999999,-0.0047974358974358,0.7069444444450854,-1.5448611111125152,1,0,0.6604050000000001,1.8718072306443063,-4.0075,4.2263,8.2338,4.2263,-1.1725,5.495,-5.705,-0.0300641025641025,13.372833333345495,-22.154444444464595,1,5,0.0080925,2.1036473443591936,-4.9,5.5563,10.4563,5.5563,-0.2975,7.3588,-7.0001,-0.0076282051282051,23.02958333335428,-19.77250000001799,1,7,0.2093499999999999,0.2675944635508681,-0.3413,0.6737,1.015,0.6737,-0.805,0.9449,-0.7437,-0.0206410256410256,1.3125000000011935,-2.1291666666686027,1,0
constant_speed,2.3399999999996908,40,1.0293893856223253,1.3069148939391575,0.6666873405127773,0.6402275534263804,2.3636756445927753,6.045997281673223,0.5991301528048809,5.446867128868343,0.0264175,0.0510844845103903,-0.068,0.1584,0.2264,0.1584,-0.0363,0.1234,-0.1591,-0.0009307692307692,0.309000000000281,-0.3705000000003369,1,4,0.002885,0.0540994457054878,-0.1222,0.1434,0.2656,0.1434,-0.0955,0.2656,-0.1537,-0.0024487179487179,0.2700000000002455,-0.2397222222224402,0,7,1.0265,0.1265481260435262,0.6645,1.3025,0.638,1.3025,0.0108999999999999,0.3771000000000001,-0.3591999999999999,0.0002794871794871,0.7461666666673459,-1.1449999999952958,1,0,0.1850625,1.456765233657637,-2.52,2.6775,5.1975,2.6775,-1.6537000000000002,4.1037,-4.2875,-0.0424025641025641,7.102166666673125,-9.916666666675685,1,1,-0.056655,2.3016717116434062,-4.9,5.5563,10.4563,5.5563,-0.455,7.6825,-7.0001,-0.0116666666666666,19.045833333350657,-15.822999999985926,0,10,0.0813825,0.345120838657478,-0.7088,0.7525,1.4613,0.7525,-0.7436999999999999,1.4613,-0.8926,-0.0190692307692307,1.9978333333351503,-2.3916666666688418,1,0
constant_speed,2.3400000000001455,40,1.0056182953106256,1.3069148939391575,0.6666873405127773,0.6402275534263804,2.1724017472028576,4.917560409390005,0.5991301528048809,4.318430256585124,0.0129975,0.0471811864259908,-0.0971,0.0998,0.1969,0.0998,0.0612,0.1541,-0.1081999999999999,0.0015692307692307,0.3076666666669465,-0.2891666666650165,1,7,-0.0056725,0.0445542595592362,-0.0903,0.0875,0.1778,0.0903,0.0841,0.125,-0.1397,0.0021564102564102,0.2238333333335369,-0.2371666666657777,0,5,1.0034375,0.1357150723589116,0.6645,1.3025,0.638,1.3025,0.1398,0.3771000000000001,-0.4155,0.0035846153846153,0.7370000000006698,-1.1449999999952958,1,0,-0.1253375,1.059643890517724,-2.5113,1.9512,4.4625,2.5113,1.26,3.8238,-2.5726,0.0323076923076923,7.790277777784864,-5.891666666672025,1,0,-0.4784124999999999,2.223459491502502,-4.5325,3.9725,8.504999999999999,4.5325,-0.5513,7.6825,-5.1713000000000005,-0.0141358974358974,19.045833333350657,-16.974999999981396,1,11,-0.038275,0.3651950990698196,-0.7088,0.7525,1.4613,0.7525,-0.0349999999999999,1.4613,-0.9625,-0.0008974358974358,1.895750000001724,-2.3916666666688418,1,0
constant_speed,2.3399999999996908,40,1.034752094087126,1.2621778044316894,0.6719709889571127,0.5902068154745767,2.0986765681939588,4.227521962095525,0.5927830041423252,3.6347389579532,0.0171075,0.0401749978858519,-0.0986,0.0863,0.1849,0.0986,-0.074,0.1467,-0.0929,-0.0018974358974358,0.2626666666655717,-0.3280000000002983,1,3,-0.0140774999999999,0.0541095730072382,-0.1037,0.0971,0.2008,0.1037,-0.0081999999999999,0.1062,-0.1871,-0.0002102564102564,0.2908333333304708,-0.3993333333336964,1,6,1.0322875,0.1252843989049488,0.6612,1.259,0.5977999999999999,1.259,-0.3799000000000001,0.5407,-0.3000999999999999,-0.0097410256410256,0.8348333333280387,-1.1662500000010627,1,0,0.1999374999999999,1.4389059201418386,-3.3425,2.6163,5.9588,3.3425,-0.735,4.9788,-3.4038,-0.0188461538461538,11.272833333343586,-12.658333333242274,1,3,0.06213,1.8101104811443745,-3.1063,3.9375,7.0438,3.9375,-5.661199999999999,3.6575,-4.7775,-0.1451589743589743,8.83733333334137,-15.883611111125555,1,9,0.3222225,0.2471535342267418,-0.2887,0.805,1.0937,0.805,-0.1138,0.9099,-0.7000000000000001,-0.0029179487179487,1.3855000000012594,-1.8083333333349776,1,0
constant_speed,2.3400000000001455,40,0.9756218553198696,1.2621778044316894,0.7565846284454899,0.5055931759861995,2.103807199420376,4.227521962095525,0.454506952642091,3.7730150094534345,0.0066424999999999,0.0366557784824418,-0.0712,0.0642,0.1354,0.0712,-0.0838,0.0907,-0.0811,-0.0021487179487179,0.1850000000001682,-0.2538333333335642,0,2,-0.0174474999999999,0.0510728187405254,-0.1071,0.0971,0.2042,0.1071,-0.0909,0.1986,-0.1871,-0.0023307692307692,0.3725000000003388,-0.3993333333336966,1,5,0.9734675,0.1292205734740964,0.753,1.259,0.5059999999999999,1.259,-0.398,0.2767,-0.2563000000000001,-0.0102051282051282,0.6646666666672711,-0.8683333333341245,1,0,-0.0037175,1.3319936205066871,-3.3425,2.6163,5.9588,3.3425,-2.9924999999999997,3.36,-3.3425,-0.0767307692307692,11.272833333343586,-12.658333333242274,0,2,-0.2992525,1.8310868284510495,-3.3338,3.6925,7.0263,3.6925,-2.5376000000000003,4.8388,-4.7775,-0.0650666666666667,12.833333333283992,-16.82916666668197,1,6,0.3419075,0.3010193718849336,-0.2887,1.1375,1.4262,1.1375,0.1049,0.9099,-0.6737,0.0026897435897435,1.8226666666683244,-1.5460416666680723,1,0
constant_speed,2.3399999999996908,40,0.964444299672347,1.1755743192159311,0.7509706652060385,0.4246036540098926,2.311533442850228,5.327381639229539,0.454506952642091,4.872874686587448,0.0145449999999999,0.0394049778841618,-0.0712,0.0968,0.1679999999999999,0.0968,0.0963,0.109,-0.0907,0.0024692307692307,0.2316666666668773,-0.3597222222225494,1,3,-0.025665,0.0680357995884595,-0.1749,0.1125,0.2874,0.1749,0.1024,0.2683999999999999,-0.1998,0.002625641025641,0.4307916666670584,-0.3550000000003229,0,11,0.9608799999999998,0.1240605026093813,0.7382,1.1676,0.4294,1.1676,0.1063999999999999,0.4025999999999999,-0.3578000000000001,0.0027282051282051,0.961833333334206,-0.8683333333341245,1,0,0.039595,1.149600943014352,-1.9688,2.5025,4.4713,2.5025,2.3451,2.9838,-4.025,0.0601307692307691,7.48116666667347,-7.74152777778482,1,0,-0.049665,2.28333405516178,-4.9175,4.9175,9.835,4.9175,1.9425,7.0174,-8.8463,0.0498076923076922,17.09183333334888,-12.527166666586266,0,9,0.5409649999999999,0.3111027734795475,-0.1225,1.2162,1.3387,1.2162,-0.2626,0.8487,-0.8487,-0.0067333333333333,1.9101666666684023,-1.8228333333349904,1,0
constant_speed,2.3400000000001455,40,1.0019363639029764,1.1755743192159311,0.7509706652060385,0.4246036540098926,2.3661334051522536,5.327381639229539,0.5470346789738288,4.780346960255709,0.0258475,0.0368549407848718,-0.0581,0.1035,0.1616,0.1035,-0.017,0.109,-0.0907,-0.0004358974358974,0.2316666666668773,-0.3288333333336324,1,4,-0.019865,0.0721722211991602,-0.1749,0.1125,0.2874,0.1749,0.1262,0.2683999999999999,-0.1998,0.0032358974358974,0.4663333333337574,-0.3550000000003228,1,14,0.9981375,0.0997774978164556,0.7382,1.1663,0.4280999999999999,1.1663,-0.0784,0.308,-0.3578000000000001,-0.0020102564102564,0.7518333333340177,-0.7766666666639566,1,0,-0.0229725,1.3116545951265777,-3.1588,2.5025,5.6613,3.1588,-1.1462,4.2875,-4.025,-0.0293897435897435,14.34041666667971,-7.364666666673365,1,3,0.4217549999999999,2.2072456526758435,-4.9175,4.9175,9.835,4.9175,-0.2012,7.0174,-8.8463,-0.0051589743589743,17.09183333334888,-13.766666666679184,1,9,0.4576225,0.374169116081869,-0.3325,1.2162,1.5487,1.2162,0.0963,0.8487,-1.05,0.0024692307692307,2.8436666666692525,-1.8228333333349904,1,0
constant_speed,2.3399999999996908,40,0.9644521628847408,1.1973714043687531,0.5983586382764102,0.5990127660923429,2.4928615740203544,5.512972201997758,0.2216616340280834,5.291310567969674,0.006605,0.0408981909824997,-0.0708,0.0878,0.1586,0.0878,0.0139,0.102,-0.1163,0.0003564102564102,0.3330555555558586,-0.2881666666655954,0,6,-0.015925,0.073457071887303,-0.1889,0.1143,0.3032,0.1889,0.0196,0.3032,-0.1957,0.0005025641025641,0.4213333333346386,-0.3833333333311732,1,11,0.96053,0.1219945000862008,0.5829,1.194,0.6111,1.194,-0.0267999999999999,0.3753000000000001,-0.3807,-0.0006871794871794,0.7930000000007196,-0.9961666666627867,1,0,0.458285,1.499257314866093,-3.29,3.2025,6.4925,3.29,-0.2624999999999999,5.0926,-4.6025,-0.0067307692307692,12.517083333344718,-9.17300000000834,1,4,-0.0398074999999999,2.300531646736166,-5.25,4.7512,10.0012,5.25,2.52,6.79,-6.8163,0.0646153846153847,17.89366666668294,-13.81016666651581,1,11,0.229915,0.4228855719325476,-0.7613,0.8925,1.6538,0.8925,-0.4375,1.0675,-1.1988,-0.0112179487179487,2.2458333333353755,-1.8668333333343672,0,0
constant_speed,2.3400000000001455,40,0.9774336180978842,1.331525884089378,0.5983586382764102,0.7331672458129678,2.7261489718984375,5.590070963771391,0.2216616340280834,5.368409329743307,0.008935,0.0387032003579641,-0.0708,0.0895,0.1603,0.0895,0.0198,0.102,-0.1432,0.0005076923076923,0.2704999999979893,-0.2791666666669205,1,5,-0.0083175,0.0643525939847346,-0.1249,0.1562,0.2811,0.1562,-0.0904,0.2304999999999999,-0.2433,-0.0023179487179487,0.4213333333346385,-0.3833333333311732,1,8,0.9744725,0.1270714032819787,0.5829,1.3193,0.7363999999999999,1.3193,0.1528,0.3753000000000001,-0.4516999999999999,0.0039179487179487,0.7930000000007222,-1.020666666667596,1,0,0.33425,1.7172453254245033,-3.29,3.5875,6.8774999999999995,3.5875,3.2287999999999997,5.0926,-4.6025,0.0827897435897436,13.51883333334563,-9.027000000014349,1,7,0.2546199999999999,2.445441025946979,-5.5388,4.7337,10.2725,5.5388,1.1463,6.3175,-7.787599999999999,0.0293923076923077,12.60016666667702,-28.048611111136623,1,11,0.0811575,0.3381542387329736,-0.7613,0.8487,1.61,0.8487,-0.6038,0.9537,-1.2338,-0.0154820512820512,2.0563333333352034,-2.1546666666500425,1,0
constant_speed,2.3399999999996908,40,1.0264209022071449,1.331525884089378,0.8712536599636181,0.4602722241257598,2.5615177037243493,5.590070963771391,0.6781015336953604,4.91196943007603,0.010945,0.0391894213224658,-0.0819,0.0895,0.1714,0.0895,-0.0074,0.0927,-0.1432,-0.0001897435897435,0.3347222222225267,-0.2836666666669246,1,5,0.0084275,0.0584883507467677,-0.1023,0.1562,0.2585,0.1562,0.0545999999999999,0.1577,-0.2433,0.0013999999999999,0.4093333333337056,-0.318166666666956,1,8,1.024025,0.1067641775849213,0.8676,1.3193,0.4516999999999999,1.3193,-0.0156,0.2926999999999998,-0.4516999999999999,-0.0004,0.7835000000007133,-1.020666666667596,1,0,0.4819124999999999,1.5804890780189464,-2.6425,3.5875,6.23,3.5875,1.925,4.305,-3.9375,0.0493589743589743,13.51883333334563,-8.798472222230224,1,3,0.4151924999999999,2.3216962752603307,-5.5388,4.725,10.2638,5.5388,1.1550000000000002,5.5388,-7.787599999999999,0.0296153846153846,17.67516666668274,-20.154166666580323,0,8,-0.0028449999999999,0.3463946859232939,-0.8838,0.6388,1.5226000000000002,0.8838,-0.2887,1.26,-1.2338,-0.0074025641025641,2.0126666666684967,-1.9686666666684571,0,0
constant_speed,2.3400000000001455,40,1.030774680850984,1.2324909979387273,0.7903913271285307,0.4420996708101966,2.422180870380714,5.687914331281722,0.6781015336953604,5.0098127975863616,0.0113999999999999,0.0415722848998569,-0.083,0.079,0.162,0.083,-0.0845,0.0806,-0.1399,-0.0021666666666666,0.2938333333336005,-0.5962500000005422,1,8,0.0092124999999999,0.0583706731224613,-0.101,0.0894,0.1904,0.101,-0.0055,0.1578999999999999,-0.1681,-0.0001410256410256,0.429305555555946,-0.3116666666669501,1,12,1.028235,0.1041075911663579,0.7876,1.2291,0.4415000000000001,1.2291,-0.1353999999999999,0.2672000000000001,-0.3691000000000001,-0.0034717948717948,0.5783333333338607,-1.1256944444454673,1,0,0.5521275,1.3535116221428027,-2.2313,3.0887,5.32,3.0887,0.6475,3.8587,-3.1851,0.0166025641025641,9.187333333341687,-8.341833333276812,1,2,-0.0391474999999999,2.3272405252912067,-5.18,4.725,9.905,5.18,-1.155,6.9475,-5.4162,-0.0296153846153845,15.18116666655806,-23.406250000021295,1,10,0.0660625,0.3867963140435703,-0.8838,0.6737,1.5575,0.8838,-0.1838,1.26,-0.9363,-0.0047128205128205,2.3623333333354815,-1.96850000000179,0,0
constant_speed,2.3399999999996908,40,1.0163090329630535,1.2294309456004433,0.8085388982603124,0.4208920473401308,2.3860858737101713,5.5012866113301175,0.1487529495505887,5.352533661779529,0.0172925,0.0439557025704462,-0.0628,0.1301,0.1929,0.1301,-0.048,0.1533,-0.096,-0.0012307692307692,0.3798333333336788,-0.4158750000003782,1,4,0.0038699999999999,0.0719538463183171,-0.1244,0.1364,0.2608,0.1364,-0.1017,0.2124999999999999,-0.2039,-0.0026076923076923,0.3978333333336952,-0.4613333333337529,1,15,1.0126125,0.1129008918397243,0.8039,1.2276,0.4237000000000001,1.2276,-0.2026,0.2751,-0.2562000000000001,-0.0051948717948717,0.640500000000582,-0.7165000000006518,1,0,0.48279,1.5889265072804537,-2.2137,4.2875,6.501199999999999,4.2875,-1.435,6.2036999999999995,-3.9025,-0.0367948717948717,10.452666666676173,-10.96666666667664,1,1,0.5129699999999999,2.1607737367991646,-5.4862,4.305,9.7912,5.4862,-1.5313,6.545,-6.09,-0.0392641025641025,17.35400000001578,-12.599833333342806,1,5,0.0406949999999999,0.3539352294432212,-0.5075,0.9625,1.47,0.9625,0.2713,0.9712,-1.1725,0.0069564102564102,1.7061666666682185,-3.621527777781072,1,0
constant_speed,2.3400000000001455,40,0.9726630829690934,1.1316750416970411,0.7229238272459969,0.4087512144510442,1.9635938193747215,5.900088045105767,0.1487529495505887,5.751335095555179,0.01242,0.0480780199259495,-0.1347,0.1135,0.2481999999999999,0.1347,-0.0356999999999999,0.1929999999999999,-0.13,-0.0009153846153846,0.3531666666669878,-0.3163333333304062,1,4,-0.0090975,0.0765917398220876,-0.1579,0.1354,0.2933,0.1579,0.0231,0.2124999999999999,-0.2255,0.0005923076923076,0.3978333333336951,-0.4990277777782317,1,21,0.96825,0.0906547013220763,0.7081,1.128,0.4198999999999999,1.128,-0.0981999999999999,0.3423,-0.2562000000000001,-0.0025179487179487,0.6761666666672816,-0.82791666666742,1,0,0.23145,1.335691330072472,-2.2137,3.885,6.098699999999999,3.885,2.9661999999999997,4.4975,-3.604999999999999,0.0760564102564102,11.301833333343613,-10.451250000009503,1,1,-0.0518425,1.9440190052473303,-5.4862,4.4363,9.9225,5.4862,-1.6012000000000002,6.1075,-4.5588,-0.0410564102564103,15.618666666680872,-12.599833333342806,1,3,0.1911975,0.3599587202027477,-0.4375,0.9625,1.4,0.9625,0.6037,0.9712,-1.3562,0.0154794871794871,1.8811666666683773,-2.4355000000022153,1,0
constant_speed,2.3399999999996908,40,1.0229119209306183,1.230753630910752,0.7229238272459969,0.5078298036647552,2.4423732905695923,5.900088045105767,0.3096066052266973,5.59048143987907,0.0193875,0.0556064338073323,-0.1347,0.1269,0.2616,0.1347,-0.1292,0.1929999999999999,-0.13,-0.0033128205128205,0.3531666666669878,-0.3778888888892325,1,4,-0.0004825,0.0670621330252582,-0.1579,0.1152,0.2731,0.1579,-0.1694999999999999,0.1979,-0.2255,-0.0043461538461538,0.3287500000002989,-0.4619999999997607,1,15,1.0190449999999998,0.1035079730609168,0.7081,1.2295,0.5214000000000001,1.2295,-0.0577,0.3423,-0.2569,-0.0014794871794871,0.6761666666672816,-0.5634999999944821,1,0,0.432905,1.8495069148774457,-3.7188,3.885,7.6038,3.885,-2.3537,6.2913,-3.57,-0.060351282051282,14.729166666680062,-14.102333333346158,1,5,-0.1071799999999999,1.9974273177880977,-4.6375,4.4363,9.0738,4.6375,2.7387,6.1075,-5.3375,0.0702230769230769,12.599999999971669,-10.529333333225196,1,8,0.2485025,0.3573976306634476,-0.4375,1.0063,1.4438,1.0063,0.7088,0.9275,-1.3562,0.0181743589743589,1.9906250000018104,-2.8000000000027696,1,0
constant_speed,2.3400000000001455,40,1.047840781727719,1.3298950672891452,0.7920721494914462,0.537822917797699,2.492552606604588,5.210008097882382,0.5796173306587717,4.630390767223611,0.0254225,0.0522735383736605,-0.0822,0.1269,0.2091,0.1269,-0.0547,0.175,-0.0993,-0.0014025641025641,0.3734722222225619,-0.3634999999996743,1,5,0.0122825,0.0657346331364961,-0.1042,0.1591,0.2633,0.1591,-0.1043999999999999,0.2384,-0.1594,-0.002676923076923,0.3385000000006457,-0.3415000000003105,1,14,1.0441975,0.124401907577715,0.786,1.3291,0.5430999999999999,1.3291,-0.0594999999999998,0.3198,-0.3184,-0.001525641025641,1.056333333334294,-0.9550000000008678,1,0,0.26687,1.7930855963952197,-3.7188,3.36,7.078799999999999,3.7188,2.2225,6.2913,-3.57,0.0569871794871794,14.729166666680062,-10.923000000009932,1,4,0.237775,2.0470364653911335,-3.465,4.7162,8.1812,4.7162,2.8875,7.6212,-5.6437,0.0740384615384615,10.835333333343188,-10.076833333329622,1,9,0.1218325,0.3741061671521629,-0.5775,1.0063,1.5838,1.0063,-1.0763,0.9275,-1.3213,-0.0275974358974359,2.7104166666691314,-2.8000000000027696,0,0
constant_speed,2.3399999999996908,40,0.9940594372005872,1.1987834082935915,0.7166028537481552,0.4821805545454363,2.0704365613210216,5.5311845648106885,0.4638834767482023,5.067301088062486,0.009625,0.0424194666850746,-0.0952,0.0989,0.1941,0.0989,-0.0832,0.1181,-0.1326,-0.0021333333333333,0.3223333333336264,-0.3028333333336087,1,7,-0.011405,0.0690016683187387,-0.1603,0.155,0.3153,0.1603,-0.032,0.3153,-0.3063,-0.0008205128205128,0.4416666666670683,-0.3408333333336433,1,8,0.990685,0.1061434697920092,0.7139,1.1885,0.4745999999999999,1.1885,-0.1643,0.349,-0.3382,-0.0042128205128205,0.6151666666672284,-0.7408333333307429,1,0,0.3427749999999999,1.137485860323502,-1.9338,2.2575,4.1913,2.2575,-0.4113,3.99,-4.1913,-0.0105461538461538,9.795277777786689,-8.117777777785161,1,0,-0.1677924999999999,2.0658357435123147,-5.32,3.4213,8.7413,5.32,1.2076,6.3875,-6.0112,0.0309641025641025,16.304166666681496,-18.09783333334979,1,5,0.2764975,0.364311819446558,-0.6475,1.015,1.6625,1.015,-0.2713,1.015,-1.26,-0.0069564102564102,3.864500000003514,-2.4500000000022277,0,0
constant_speed,2.3400000000001455,40,0.9965526826836812,1.3032698377542542,0.7166028537481552,0.586666984006099,2.5091384306080147,9.173427818432977,0.4138175201704249,8.759610298262551,0.0163275,0.0489866019752026,-0.0952,0.0989,0.1941,0.0989,-0.0540999999999999,0.125,-0.1326,-0.0013871794871794,0.4301666666670578,-0.3028333333336087,0,6,-0.0082525,0.0761335735351413,-0.1603,0.155,0.3153,0.1603,-0.0136,0.3153,-0.3063,-0.0003487179487179,0.4685000000004261,-0.465833333333757,1,11,0.9924475,0.1282036920695204,0.7139,1.2979,0.5840000000000001,1.2979,-0.2245,0.3939,-0.3382,-0.0057564102564102,0.9830000000008948,-0.8788333333341312,1,0,0.4556525,1.3291013333649786,-1.9338,4.9,6.8338,4.9,-0.9538000000000002,3.3513,-5.845000000000001,-0.0244564102564103,9.829166666675604,-11.885499999934268,1,0,-0.1714975,2.6241828995911107,-5.32,7.7525,13.072500000000002,7.7525,2.9313,7.6912,-9.8962,0.0751615384615383,16.304166666681496,-17.85016666656265,1,9,0.2889575,0.3743571377828589,-0.6475,1.015,1.6625,1.015,-0.035,1.015,-1.26,-0.0008974358974359,3.864500000003514,-2.4500000000022277,1,0
constant_speed,2.3399999999996908,40,0.9880226315779256,1.3297246707495505,0.407884456678604,0.9218402140709462,2.742550351869963,9.173427818432977,0.4138175201704249,8.759610298262551,0.0115975,0.0575095197805077,-0.1405,0.1134,0.2539,0.1405,-0.1698,0.1307,-0.2539,-0.0043538461538461,0.4301666666670578,-0.3995000000003633,1,7,-0.00868,0.0689234848889024,-0.1664,0.156,0.3224,0.1664,0.0105999999999999,0.2390999999999999,-0.2124,0.0002717948717948,0.6508333333339252,-0.4658333333337569,1,8,0.983665,0.1579919318777435,0.3798,1.3191,0.9393,1.3191,-0.3416000000000001,0.6391999999999999,-0.6758000000000001,-0.0087589743589743,1.0925000000009923,-1.1065277777787834,1,0,0.4042475,1.264628832339091,-2.135,4.9,7.035,4.9,-0.0962999999999999,3.3513,-5.845000000000001,-0.0024692307692307,9.829166666675604,-11.885499999934268,1,2,0.4105975,2.872323883645034,-6.5188,7.7525,14.2713,7.7525,2.6163,7.6912,-9.8962,0.0670846153846152,18.593666666633123,-17.850166666562643,1,13,0.20978,0.389505062802421,-0.4025,0.9362,1.3387,0.9362,-0.4199,1.2162,-1.2425,-0.0107666666666666,2.143666666668616,-2.114500000001923,0,0
constant_speed,2.3400000000001455,40,0.9979835348459322,1.3341297875394282,0.407884456678604,0.9262453308608242,2.684999373195871,6.556859743047734,0.7092248444604856,5.847634898587248,0.02064,0.0573603088000842,-0.1405,0.1644,0.3049,0.1644,-0.0441,0.1291,-0.2539,-0.0011307692307692,0.3870000000003518,-0.3081666666669469,1,6,-0.0159349999999999,0.0670554517946498,-0.1664,0.156,0.3224,0.1664,-0.0174,0.2103,-0.2548,-0.0004461538461538,0.3727777777781168,-0.3799999999982916,1,8,0.9934925,0.1533314800124896,0.3798,1.3238,0.944,1.3238,-0.1367,0.6391999999999999,-0.6758000000000001,-0.0035051282051282,1.0925000000009923,-0.6004999999987923,1,0,0.1509349999999999,1.2015177603710985,-2.135,3.9462,6.0812,3.9462,0.3237999999999998,4.13,-3.115,0.008302564102564,9.989500000009084,-9.158166666674996,1,1,0.271455,2.7822551563158537,-6.5188,6.5012,13.02,6.5188,-3.6488,6.518800000000001,-7.455,-0.0935589743589743,18.593666666633123,-16.74179166657291,1,10,0.2292575,0.4842230625458499,-0.4025,1.155,1.5575,1.155,0.4461999999999999,1.4876,-1.4175,0.0114410256410256,3.5120833333365273,-2.5277777777800767,1,0
constant_speed,2.3399999999996908,40,1.008280380276498,1.559940861058521,0.6621102098593556,0.8978306511991654,2.824942496259746,14.357030290070435,0.4360977528031989,13.920932537267236,0.0343625,0.082138206505552,-0.1992,0.3291,0.5283,0.3291,-0.1715999999999999,0.1781,-0.5283,-0.0043999999999999,0.7523333333340174,-0.5485000000004987,1,5,0.00474,0.0764629617057861,-0.1517,0.2804,0.4321,0.2804,-0.078,0.2270999999999999,-0.3828,-0.0019999999999999,0.7754166666673719,-0.3623333333336628,1,8,1.002285,0.1647147068146182,0.6544,1.5462,0.8918,1.5462,-0.1733,0.5061000000000001,-0.5335,-0.0044435897435897,1.5046666666680348,-1.045666666667616,0,0,0.3782125,1.6492760876910473,-2.9225,3.3075,6.23,3.3075,-1.9513,4.2787,-4.2525,-0.0500333333333333,7.97716666667392,-11.994583333344243,1,1,0.4283075,3.2668913548358605,-3.99,14.0525,18.0425,14.0525,12.9937,10.3863,-6.5537,0.3331717948717948,33.169750000030156,-15.239666666680524,0,5,0.0590575,0.8597675186328883,-3.1237,3.4738,6.5975,3.4738,0.2013,3.9376,-3.1762,0.0051615384615384,17.657777777793836,-5.075000000004615,1,1
constant_speed,2.3400000000001455,40,1.02057707828108,1.559940861058521,0.6621102098593556,0.8978306511991654,2.427552460219436,14.357030290070435,0.5957910204090021,13.761239269661434,0.027385,0.0860327860879286,-0.1992,0.3291,0.5283,0.3291,-0.0888,0.2412,-0.5283,-0.002276923076923,0.7523333333340174,-0.8001666666649419,1,6,0.0090025,0.0778030270569903,-0.109,0.2804,0.3893999999999999,0.2804,0.0145,0.2270999999999999,-0.3828,0.0003717948717948,0.4480000000004074,-0.4916666666659882,1,11,1.014425,0.1544302161711453,0.6544,1.5462,0.8918,1.5462,0.0221999999999999,0.5061000000000001,-0.5335,0.0005692307692307,1.5046666666680348,-1.6638333333256805,1,0,0.09581,1.467271117834318,-3.395,3.255,6.65,3.395,-0.77,4.217499999999999,-3.8325,-0.0197435897435897,7.977166666673922,-11.287333333272748,1,1,0.4996300000000001,3.0299249168322677,-3.9462,14.0525,17.9987,14.0525,-0.1487,10.3863,-12.46,-0.0038128205128205,29.09366666669313,-30.15816666669409,1,4,0.1653775,0.8752837777155769,-3.1237,3.4738,6.5975,3.4738,-0.875,3.9376,-3.1762,-0.0224358974358974,6.927166666675783,-5.570833333338399,1,1
constant_speed,2.3399999999996908,40,1.009885113992381,1.2882268006837927,0.8009360024371486,0.4872907982466441,1.6455337324058394,5.34967872867147,0.2959518541925358,5.053726874478934,0.0154924999999999,0.0514212037851891,-0.0689,0.1278,0.1966999999999999,0.1278,-0.0117,0.1245,-0.1461,-0.0002999999999999,0.3338888888891925,-0.3311666666669678,1,6,-0.0039275,0.0622396154967195,-0.1059,0.1257,0.2316,0.1257,0.1364999999999999,0.1687,-0.1735,0.0035,0.6598611111117112,-0.465972222222646,1,16,1.0066625,0.121123638226316,0.7978,1.2844,0.4866,1.2844,-0.1656999999999999,0.4801000000000001,-0.3394,-0.0042487179487179,0.9705000000008832,-0.9326666666623122,1,0,0.0472474999999999,1.2043675818873911,-3.395,2.9225,6.3175,3.395,-1.8813,2.8787000000000003,-3.3337,-0.0482384615384615,10.923000000009932,-9.902166666636711,1,2,-0.2253124999999999,1.4679365577340362,-4.7075,3.1237,7.831199999999999,4.7075,-3.7975,4.6113,-6.754999999999999,-0.0973717948717948,9.712333333342166,-9.98966666667575,1,4,0.1312475,0.4573019689032844,-0.8487,1.085,1.9337,1.085,-1.1813,1.1462,-1.225,-0.0302897435897435,2.377000000002162,-3.879166666661463,1,0
constant_speed,2.3400000000001455,40,1.0216628033888049,1.2882268006837927,0.6704882773024446,0.617738523381348,1.8991767786175893,5.34967872867147,0.2494813419877326,5.100197386683737,0.02337,0.0460579078095702,-0.0689,0.0957,0.1646,0.0957,0.0524,0.1145,-0.1452999999999999,0.0013435897435897,0.3318333333334349,-0.3376666666669737,1,6,-0.0021349999999999,0.0584053542944173,-0.1205,0.1227,0.2432,0.1227,0.0642,0.2432,-0.1495,0.0016461538461538,0.3848333333327592,-0.3072222222225017,1,12,1.0187375,0.1368762583363303,0.6664,1.2844,0.618,1.2844,0.1641999999999999,0.4801000000000001,-0.3519,0.0042102564102564,0.6703333333320405,-0.9326666666623122,1,0,0.2388725,1.1173425971835,-2.5375,2.9225,5.46,2.9225,-1.6099,2.5287,-3.1413,-0.0412794871794871,5.891500000005358,-9.902166666636711,0,1,0.3281299999999999,1.8643215059475289,-4.7075,4.0775,8.785,4.7075,2.0738,4.6113,-6.754999999999999,0.0531743589743589,16.357500000014877,-11.681333333343956,1,4,0.07809,0.4029506292848115,-0.8487,0.7525,1.6012,0.8487,-0.0524999999999999,1.1462,-1.3212000000000002,-0.0013461538461538,2.5518055555578765,-2.8679166666692755,1,0
constant_speed,2.3399999999996908,40,1.0291544587639705,1.311124406759328,0.8257020649120359,0.485422341847292,2.4699594866815735,6.079908413783879,0.3471042782795971,5.732804135504281,0.0245975,0.0380770978175218,-0.0773,0.0978,0.1750999999999999,0.0978,0.1446,0.1185,-0.1113,0.0037076923076923,0.2855555555558153,-0.2166666666668637,1,1,0.011665,0.0638588609999045,-0.0958,0.1415,0.2372999999999999,0.1415,0.0151,0.2102,-0.1759,0.0003871794871794,0.5561666666644294,-0.3863333333336846,1,12,1.0261525,0.1187513886288579,0.8215,1.3074,0.4858999999999999,1.3074,0.1593999999999998,0.4346,-0.4806999999999999,0.0040871794871794,0.9438333333341902,-0.8766666666674645,1,0,0.2345049999999999,1.1611223405472606,-2.2925,2.1875,4.48,2.2925,0.2538,3.2637,-4.0600000000000005,0.0065076923076923,5.716833333338533,-7.6418333333402835,1,1,0.853345,2.477358788953495,-5.1188,6.0462,11.165,6.0462,-0.2012,7.9275,-5.7138,-0.0051589743589743,20.40233333335189,-16.931333333348732,1,6,0.1345299999999999,0.2627782610139934,-0.3325,0.63,0.9625,0.63,0.4376,0.6476,-0.7087,0.0112205128205128,1.8085000000016445,-1.750000000000927,0,0
constant_speed,2.3400000000001455,40,1.015347493216793,1.2592246900374848,0.5481116218435803,0.7111130681939045,2.5129010438202704,7.0085196596713635,0.3471042782795971,6.661415381391766,0.02454,0.0464437006851664,-0.1557,0.0978,0.2535,0.1557,0.0037,0.121,-0.1716,9.48717948717958e-05,0.3786666666665361,-0.3945000000003588,1,2,0.0064925,0.0578342742293964,-0.1093,0.1415,0.2507999999999999,0.1415,-0.0689,0.2102,-0.1357,-0.0017666666666666,0.5561666666644294,-0.4463888888892949,1,11,1.0121375,0.1373002954177261,0.5231,1.2567,0.7335999999999999,1.2567,-0.3409,0.5334,-0.5465000000000001,-0.0087410256410256,0.9106666666701432,-0.7836666666673793,1,0,0.0199075,1.3318705266225757,-2.6775,2.4675,5.145,2.6775,-4.1475,3.1938,-4.3487,-0.1063461538461538,6.475000000005889,-9.070999999973214,1,2,0.965785,2.442517884830723,-5.1188,6.6413,11.7601,6.6413,-3.4387,7.6037,-5.7138,-0.0881717948717949,15.327333333254815,-15.63333333334755,1,7,0.1205324999999999,0.2330766027786155,-0.3325,0.5688,0.9013,0.5688,-0.2713,0.63,-0.5425,-0.0069564102564102,2.2844444444465224,-1.487499999992842,1,0
constant_speed,2.3399999999996908,40,0.9878550410994276,1.2592246900374848,0.5481116218435803,0.7111130681939045,2.4554080163231893,7.0085196596713635,0.2394925677343662,6.769027091936997,0.0063525,0.0541098881313733,-0.1557,0.091,0.2467,0.1557,0.0044999999999999,0.1913,-0.1716,0.0001153846153846,0.3786666666665361,-0.3945000000003588,1,7,-0.00422,0.0490163876311816,-0.1093,0.0852,0.1945,0.1093,0.0119999999999999,0.1406,-0.1567,0.0003076923076923,0.3494999999976102,-0.3193333333336237,1,7,0.9847575,0.149943529348851,0.5231,1.2567,0.7335999999999999,1.2567,0.0759,0.5699,-0.5465000000000001,0.0019461538461538,0.9106666666701432,-0.865166666667454,1,0,0.134965,1.5240382786009758,-2.6775,2.4675,5.145,2.6775,-0.3325,4.8213,-4.3487,-0.008525641025641,7.340138888895565,-10.135333333342553,1,6,0.6934400000000001,2.275728871440465,-3.2025,6.6413,9.8438,6.6413,-1.3563,7.8925,-4.7075,-0.0347769230769231,15.250666666680535,-15.633333333347553,1,7,0.1104575,0.2553375401884478,-0.3938,0.7437,1.1375,0.7437,0.2713,1.1375,-0.8312,0.0069564102564102,2.965416666669363,-1.487499999992842,1,0
constant_speed,2.3400000000001455,40,0.9840919387343044,1.233384007517529,0.6370730962770285,0.5963109112405006,2.5454370611330654,5.194314133742779,0.2394925677343662,4.9548215660084125,0.0009974999999999,0.0521913023871966,-0.1296,0.1066,0.2362,0.1296,-0.0085999999999999,0.1913,-0.1489,-0.0002205128205128,0.2949999999987209,-0.3516666666672303,1,10,-0.0024375,0.0469629624251238,-0.0974,0.082,0.1794,0.0974,-0.0148,0.1406,-0.1567,-0.0003794871794871,0.2816666666669228,-0.3565000000003241,1,6,0.9814174999999998,0.1432253592491612,0.6161,1.2315,0.6154000000000001,1.2315,-0.1303,0.5699,-0.4839000000000001,-0.0033410256410256,1.4441666666679804,-1.0643055555565255,0,0,0.1203049999999999,1.4097906278356844,-2.5638,2.31,4.8738,2.5638,-0.9188,4.8213,-4.3137,-0.0235589743589743,6.897833333339607,-10.135333333342553,1,5,0.6166699999999999,2.386647003987189,-3.9637,5.1363,9.1,5.1363,-2.2487,8.645,-7.647600000000001,-0.0576589743589744,18.33133333335001,-17.36866666668246,1,9,0.148515,0.2898144150207959,-0.5163,0.7437,1.26,0.7437,-0.5688000000000001,1.1375,-0.8312,-0.0145846153846153,2.333166666668789,-2.84383333333592,1,0
constant_speed,2.3399999999996908,40,0.992565902100659,1.3081181024662871,0.7471480843848829,0.5609700180814045,2.363592282293381,6.995722724636819,0.6125039346812394,6.3832187899555795,0.0144275,0.0499156518667446,-0.0834,0.1312,0.2146,0.1312,-0.0988,0.1536,-0.1421,-0.0025333333333333,0.3593333333336601,-0.3711666666670042,1,8,-0.0197199999999999,0.0695185907620289,-0.2045,0.1308,0.3353,0.2045,-0.0241,0.2698,-0.3132999999999999,-0.0006179487179487,0.359500000000327,-0.4180000000003801,1,6,0.98869,0.1452184328202492,0.7425,1.3059,0.5634,1.3059,-0.2915999999999999,0.441,-0.509,-0.007476923076923,0.6396666666672477,-0.6402777777783599,1,0,-0.0164124999999999,1.176367268262656,-2.7475,2.7475,5.495,2.7475,-2.2925,5.495,-4.0075,-0.0587820512820512,5.512499999967103,-6.21250000000565,1,2,0.1920699999999999,2.484494389691845,-3.815,6.9738,10.7888,6.9738,0.1137,7.1399,-9.6775,0.0029153846153846,18.710500000017017,-13.956166666679358,1,8,0.28044,0.3056005829636002,-0.3237,0.9013,1.225,0.9013,0.0262999999999999,0.9451,-0.7263,0.0006743589743589,2.1729999999925265,-1.7355000000015783,0,0
constant_speed,2.3400000000001455,40,1.0076630125207473,1.3081181024662871,0.5391986739597938,0.7689194285064935,2.7597382494559657,6.995722724636819,0.7638146502915482,6.23190807434527,0.019575,0.0534543119078195,-0.0952,0.1479,0.2431,0.1479,-0.0170999999999999,0.1826,-0.1479,-0.0004384615384615,0.3593333333336601,-0.4270000000003883,1,6,-0.0183125,0.0551900780171441,-0.1439,0.1308,0.2747,0.1439,0.0088,0.1372,-0.1916,0.000225641025641,0.3205000000002914,-0.6423611111116954,0,3,1.0043725,0.1609410992552467,0.5324,1.3059,0.7735000000000001,1.3059,-0.0129000000000001,0.4463,-0.509,-0.0003307692307692,1.1594999999919668,-1.3196666666678665,0,0,-0.0785375,1.107894023832998,-2.6425,1.6013,4.2438,2.6425,1.9425,3.1325000000000003,-3.0188,0.0498076923076923,8.221375000007479,-9.274833333341768,1,0,-0.0317124999999998,2.92607297516545,-6.7375,6.9738,13.7113,6.9738,-0.4463000000000001,7.1488,-9.6775,-0.0114435897435897,18.418833333350083,-13.314500000012108,1,9,0.297935,0.3844903210078479,-0.5863,1.3038,1.8901,1.3038,0.3762999999999999,1.1463,-0.735,0.0096487179487179,2.3625000000021488,-3.427166666669783,1,0
constant_speed,2.3399999999996908,40,0.978834442486499,1.263693495274863,0.5391986739597938,0.7244948213150693,2.615580792013712,6.781495995722478,0.721604420718166,6.059891575004312,0.01979,0.046692566805347,-0.0952,0.1479,0.2431,0.1479,0.012,0.1826,-0.1479,0.0003076923076923,0.3984722222225847,-0.4270000000003883,1,3,-0.016745,0.0579413140323454,-0.1212,0.1335,0.2547,0.1335,-0.0248,0.2368,-0.1473,-0.0006358974358974,0.3700000000003364,-0.4642500000004222,1,6,0.97564,0.1512967754329557,0.5324,1.2571,0.7247000000000001,1.2571,-0.0789999999999999,0.4463,-0.3785,-0.002025641025641,1.1594999999919668,-1.3196666666678674,1,0,0.1430625,1.2865524310297118,-2.8263,3.6225,6.4488,3.6225,3.5438,2.975,-4.1826,0.0908666666666665,7.700000000007003,-10.602333333342976,1,2,-0.4554450000000001,2.5523184030883743,-6.7375,4.165,10.9025,6.7375,-4.9438,7.1488,-6.2301,-0.1267641025641026,18.418833333350086,-28.8870833333596,1,13,0.15182,0.3924350896514525,-0.63,1.3038,1.9338,1.3038,-1.085,1.2163,-0.735,-0.0278205128205128,2.3625000000021488,-4.043333333337012,1,0
constant_speed,2.3400000000001455,40,0.969057025219702,1.2055381205088456,0.7562130586018733,0.4493250619069723,2.269755074574197,5.522712761858976,0.2648230541323772,5.257889707726599,0.014435,0.0393191905256166,-0.0757,0.093,0.1687,0.093,-0.0619,0.1068,-0.1189,-0.0015871794871794,0.1584999999991279,-0.3168333333336214,1,3,-0.02328,0.0573893191170443,-0.1212,0.1335,0.2547,0.1335,0.0906,0.2368,-0.1575,0.0023230769230769,0.3700000000003364,-0.3189999999994753,1,6,0.9662575,0.122650681554965,0.7557,1.2054,0.4497,1.2054,0.1692,0.3656999999999999,-0.3701,0.0043384615384615,0.7240000000006575,-0.7991666666673929,1,0,0.2749675,1.2740543697667674,-2.8263,3.6225,6.4488,3.6225,0.4375,3.4999,-4.1826,0.0112179487179487,9.260333333341752,-10.602333333342976,0,4,-0.09757,2.2027038176540423,-4.0075,4.6462,8.6537,4.6462,6.405,6.2562,-6.3962,0.1642307692307692,15.378166666647305,-15.735333333347644,1,15,0.1682325,0.3489554577317415,-0.63,0.9362,1.5662,0.9362,0.4375,1.2163,-1.1375,0.0112179487179487,2.9896666666491027,-2.289500000002082,1,0
constant_speed,2.3399999999996908,40,0.99127020340227,1.2604623159777526,0.766062902117052,0.4943994138607006,2.2913827191462737,5.343715152400996,0.6531510162282533,4.690564136172743,0.0123975,0.0409518759940969,-0.0856,0.1132,0.1987999999999999,0.1132,0.0497,0.1481,-0.1244,0.0012743589743589,0.190250000000173,-0.3702777777781145,1,6,-0.002185,0.0486501142381455,-0.103,0.114,0.217,0.114,0.033,0.126,-0.2136,0.0008461538461538,0.4264999999993691,-0.2793333333335873,1,8,0.9891475,0.107042431048962,0.765,1.259,0.4939999999999999,1.259,-0.0349999999999999,0.3110999999999999,-0.4022999999999999,-0.0008974358974358,0.9361666666675186,-0.7881666666673821,0,0,0.3222125,1.32871545162168,-2.205,2.8963,5.1013,2.8963,0.9187,4.077500000000001,-4.2175,0.0235564102564102,9.7126666666755,-9.726999999959716,1,2,0.1225024999999999,2.1297342062991733,-5.0487,3.8325,8.8812,5.0487,0.8487000000000001,6.8162,-5.337400000000001,0.0217615384615384,27.75666666669191,-17.48566666668257,1,10,0.1944675,0.2958634702345505,-0.2887,1.0762,1.3649,1.0762,-0.805,0.6476000000000001,-1.0149,-0.0206410256410256,2.72700000000248,-1.9251666666684173,1,0
constant_speed,2.3400000000001455,40,0.9912090515010414,1.2604623159777526,0.7160259632164184,0.5444363527613342,2.239104582809463,5.869700988125375,0.4790390172000606,5.390661970925315,0.0109175,0.0555795197822972,-0.1132,0.1545,0.2677,0.1545,-0.039,0.2113,-0.1677,-0.0009999999999999,0.5011111111115669,-0.4633333333337547,1,6,-0.0100699999999999,0.0657790715684727,-0.1818,0.114,0.2958,0.1818,0.0559,0.1898999999999999,-0.2136,0.0014333333333333,0.4496666666670756,-0.5902777777783146,1,10,0.98737,0.1248995497928697,0.7108,1.259,0.5481999999999999,1.259,-0.1273999999999999,0.4194,-0.4022999999999999,-0.0032666666666666,1.2448611111122423,-1.0793333333343131,1,0,0.277595,1.309957906927958,-2.7825,2.8087,5.591200000000001,2.8087,0.1926,3.4649,-4.9262,0.0049384615384615,6.613666666672682,-8.662500000007878,1,3,0.0616849999999999,2.2001808672214156,-5.74,3.8325,9.5725,5.74,-0.665,7.1313,-7.0175,-0.017051282051282,12.570833333344764,-11.60583333334389,1,9,0.18987,0.3126508868140966,-0.2887,1.0762,1.3649,1.0762,0.0,0.7874,-1.0149,1.4233628520835342e-18,3.0626388888916747,-1.5896666666681123,1,0
constant_speed,2.3399999999996908,40,0.9949401326755348,1.4091064757497924,0.7160259632164184,0.693080512533374,2.3171676475504386,6.580037533327602,0.4650547709678936,6.114982762359709,0.0039124999999999,0.0534358766809965,-0.1132,0.1545,0.2677,0.1545,-0.0254,0.2113,-0.1677,-0.000651282051282,0.2829999999973912,-0.4633333333337547,0,7,-0.0311824999999999,0.060268833156118,-0.1818,0.0947,0.2764999999999999,0.1818,-0.0957,0.1898999999999999,-0.1643,-0.0024538461538461,0.4496666666670756,-0.4956666666671173,0,5,0.9912675,0.1501543981228689,0.7108,1.4071,0.6963,1.4071,0.4265,0.4521,-0.3637999999999999,0.0109358974358974,0.9544166666675356,-1.079333333334315,0,0,0.172815,1.2522485105109622,-2.7825,2.8087,5.591200000000001,2.8087,2.2575000000000003,3.8675,-4.9262,0.0578846153846154,6.898000000006274,-8.662500000007878,1,2,0.0041549999999999,2.322249221474953,-5.74,6.2825,12.0225,6.2825,7.463699999999999,9.1525,-7.0175,0.191376923076923,17.02597222223771,-13.246527777789826,1,12,0.3106225,0.3227560478191634,-0.2975,1.1113,1.4087999999999998,1.1113,0.9713,1.2687,-0.8225,0.0249051282051282,2.2456666666687095,-1.574833333334765,0,0
constant_speed,2.3400000000001455,40,0.9862370687185962,1.4091064757497924,0.6628656424947668,0.7462408332550257,2.568636754068431,6.580037533327602,0.4650547709678936,6.114982762359709,0.0023524999999999,0.0409713720410127,-0.0806,0.092,0.1726,0.092,0.0136,0.1065,-0.1409,0.0003487179487179,0.2646666666669073,-0.3784722222225664,1,5,-0.0241224999999999,0.0531500415490587,-0.1273,0.093,0.2203,0.1273,0.061,0.1595,-0.1507,0.0015641025641025,0.3110000000002829,-0.392638888889246,1,6,0.9837175,0.155804734610098,0.6614,1.4071,0.7457,1.4071,0.3549000000000001,0.4521,-0.5650000000000001,0.0091,0.9106249999991648,-1.1536666666701034,1,0,0.2036575,1.3882929070767969,-2.9488,3.3075,6.2562999999999995,3.3075,2.5725,4.2,-3.7188,0.0659615384615384,13.037666666678524,-13.623194444456836,1,2,0.0444049999999999,2.5740797649615708,-4.8212,6.2825,11.1037,6.2825,6.6850000000000005,9.1525,-10.1149,0.1714102564102563,15.064499999976174,-15.822833333347724,1,13,0.2614025,0.3280139173778907,-0.4988,1.1113,1.6101,1.1113,-0.5426,1.2687,-0.7788,-0.0139128205128205,2.2456666666687095,-1.6918333333333253,1,0
constant_speed,2.3399999999996908,40,1.0059053528502877,1.1699546102306704,0.7348937678331474,0.4350608423975229,2.1333784538275538,5.144326912240318,0.5740426813399854,4.570284230900333,0.02012,0.0380945396181388,-0.0566,0.1028,0.1594,0.1028,-0.0123,0.1594,-0.1245,-0.0003153846153846,0.2881944444447065,-0.2151666666668623,1,2,-0.0025674999999999,0.0369257007815035,-0.0666,0.0871,0.1537,0.0871,-0.0145999999999999,0.0998,-0.1032,-0.0003743589743589,0.324500000000295,-0.2601666666669032,1,1,1.004375,0.1179310179723722,0.733,1.1663,0.4332999999999999,1.1663,-0.0302999999999999,0.4006999999999999,-0.4323,-0.000776923076923,0.5705000000005187,-0.642583333333917,1,0,0.0535924999999999,1.077407262803768,-1.9775,2.8612,4.8387,2.8612,-3.2374,2.9225,-4.8387,-0.0830102564102564,9.467222222230832,-6.548000000005954,1,0,0.0824649999999999,2.1039263968492277,-5.1275,4.095,9.2225,5.1275,-0.5075000000000001,5.9937000000000005,-6.133800000000001,-0.0130128205128205,14.279583333346322,-9.537333333342009,1,8,0.1959949999999999,0.3104742781781711,-0.7525,0.8662,1.6187,0.8662,-0.1137,0.8225,-1.3125,-0.0029153846153846,1.8083333333413885,-1.8958333333350583,1,0
constant_speed,2.3400000000001455,40,0.990552497802164,1.193435871758512,0.7659374256425913,0.4274984461159208,1.8924030634110975,5.144326912240318,0.5740426813399854,4.570284230900333,0.0154425,0.0347171788371442,-0.0566,0.1028,0.1594,0.1028,-0.0075,0.1594,-0.1245,-0.0001923076923076,0.2153333333335292,-0.1916666666651724,1,2,-0.01487,0.043607822163531,-0.1042,0.0688,0.173,0.1042,0.0028999999999999,0.1317,-0.1457,7.435897435897329e-05,0.324500000000295,-0.305499999997737,1,2,0.9887625,0.1080973438026091,0.7642,1.1921,0.4278999999999999,1.1921,-0.2241,0.4006,-0.3033,-0.0057461538461538,0.6553333333281293,-0.5630000000005104,1,0,-0.0745975,1.172460181924622,-1.68,3.3425,5.0225,3.3425,1.5488,3.0187,-3.3337,0.0397128205128205,10.893833333258964,-6.096000000005544,1,0,-0.4110299999999999,1.7213003147144013,-5.1275,2.555,7.682500000000001,5.1275,1.8025,5.9937000000000005,-6.133800000000001,0.0462179487179486,12.731166666678243,-6.547999999853923,1,3,0.20081,0.2827629783912985,-0.455,0.8662,1.3212,0.8662,-0.0875,0.7175,-0.7088,-0.0022435897435897,1.8083333333413885,-1.8958333333350588,1,0
constant_speed,2.3399999999996908,40,0.9955858125764544,1.2118921074089064,0.7996252309676077,0.4122668764412986,2.1925744077301017,4.859391596691914,0.7028177715453701,4.156573825146544,0.0221975,0.033170596243182,-0.0622,0.1068,0.169,0.1068,-0.0266999999999999,0.1076,-0.0975,-0.0006846153846153,0.2153333333335292,-0.2293333333314223,1,2,-0.0223974999999999,0.0460129774754236,-0.1042,0.0688,0.173,0.1042,0.0361,0.1317,-0.1457,0.000925641025641,0.3105000000002823,-0.305499999997737,0,2,0.993485,0.1046836958627616,0.7975,1.209,0.4115000000000001,1.209,-0.1518999999999999,0.3261999999999999,-0.3033,-0.0038948717948717,0.5159999999978329,-0.6999583333339672,1,0,0.2150224999999999,1.2634838800403412,-1.68,3.3425,5.0225,3.3425,3.0275,3.5088,-3.3337,0.077628205128205,10.893833333258964,-8.79383333334133,1,0,-0.5293724999999999,1.9717490863395295,-4.725,3.535,8.26,4.725,-3.5787,6.7025,-5.661300000000001,-0.0917615384615384,18.69583333326335,-10.354333333342751,1,4,0.2163475,0.3528992955704255,-0.455,0.9887,1.4437,0.9887,0.21,0.7175,-0.7262,0.0053846153846153,2.741500000002494,-2.6396666666690676,1,0
constant_speed,2.3400000000001455,40,1.0035720805369164,1.232345235719277,0.7996252309676077,0.4327200047516693,2.0984943227595654,4.859391596691914,0.6532263696453168,4.206165227046597,0.022325,0.0352247418144893,-0.0622,0.1068,0.169,0.1068,0.0055999999999999,0.09,-0.101,0.0001435897435897,0.3368333333336396,-0.2620000000002382,1,2,-0.015315,0.0499069675522006,-0.1149,0.132,0.2469,0.132,0.0251,0.2057,-0.1732,0.0006435897435897,0.3824999999983817,-0.2259999999987099,1,1,1.00137,0.0996129720725579,0.7975,1.2314,0.4339,1.2314,0.2302999999999999,0.2638999999999999,-0.2448000000000001,0.0059051282051282,0.7963888888896161,-0.6568333333335303,1,0,0.1063025,1.1264330422672884,-2.3363,2.2225,4.5588,2.3363,1.33,3.5088,-3.605,0.034102564102564,7.335499999954779,-10.06266666667582,1,1,-0.4891199999999999,1.9429943737728168,-4.725,3.535,8.26,4.725,4.2,6.7025,-5.661300000000001,0.1076923076923077,21.000138888907987,-10.354333333342751,1,3,0.18112,0.4050354047202825,-0.5075,0.9887,1.4962,0.9887,0.6737,0.9888,-0.84,0.0172743589743589,2.741500000002494,-2.8729999999867513,1,0
constant_speed,2.3399999999996908,40,0.962930969833362,1.1904093791633197,0.6808133077430258,0.5095960714202936,2.2792926164760217,7.42279183932838,0.3018317080758746,7.120960131252506,0.0119675,0.0420028594112109,-0.0579,0.1272,0.1851,0.1272,-0.0574999999999999,0.1492,-0.095,-0.0014743589743589,0.2166666666668636,-0.3128333333335225,1,3,-0.00957,0.060979984946723,-0.1632,0.1164,0.2796,0.1632,-0.0476999999999999,0.2574,-0.1731,-0.0012230769230769,0.3863333333336846,-0.3586666666615611,1,11,0.9599975,0.1193692063703499,0.6654,1.1841,0.5186999999999999,1.1841,-0.1398,0.3964,-0.3551999999999999,-0.0035846153846153,0.8675000000007893,-0.908666666667493,1,0,0.1577199999999999,1.5458423512681878,-4.6988,4.5588,9.2576,4.6988,-0.6475,4.0863,-6.8688,-0.0166025641025641,12.293833333259572,-12.147833333344382,1,1,0.2627174999999999,2.290624308011929,-5.3463,7.42,12.7663,7.42,-1.96,6.3875,-9.0913,-0.0502564102564103,21.32791666668606,-24.923000000022668,1,6,0.2211574999999999,0.3940554684939671,-0.525,1.015,1.54,1.015,0.21,1.54,-1.0412,0.0053846153846153,2.5811666666690134,-2.989666666650429,0,0
constant_speed,2.3400000000001455,40,0.953692318734112,1.101788269133412,0.8124557526413362,0.2893325164920758,1.7036609251661257,5.023355633438668,0.3312271727983681,4.6921284606403,-0.0005975,0.0258719082136471,-0.0579,0.059,0.1169,0.059,-0.0872999999999999,0.0566,-0.093,-0.0022384615384615,0.1315000000001196,-0.1260000000003394,1,1,-0.0207275,0.042551416786199,-0.0998,0.0625,0.1623,0.0998,-0.0179,0.1605,-0.1525,-0.0004589743589743,0.2741666666669159,-0.3015277777780519,1,6,0.9521975,0.0799713201396087,0.8123,1.1009,0.2885999999999999,1.1009,-0.1791,0.2074,-0.2685999999999999,-0.0045923076923076,0.4706666666670962,-0.4521250000004126,1,0,0.0393824999999999,1.001286908058824,-3.2113,1.75,4.9613,3.2113,0.7788,3.0012,-2.485,0.0199692307692308,6.198000000005636,-4.418833333337353,1,0,-0.1465624999999999,1.7352718457965317,-4.9437,3.2725,8.2162,4.9437,1.54,6.3875,-5.8975,0.0394871794871795,10.802708333256325,-12.60263888890035,1,4,0.3534899999999999,0.3246132205785201,-0.3063,0.9362,1.2425000000000002,0.9362,-0.5163,1.0937,-0.8488,-0.0132384615384615,1.983500000001804,-2.380708333314234,1,0
constant_speed,2.3399999999996908,40,0.9883722069823044,1.167042929801642,0.8124557526413362,0.3545871771603058,1.5559955505319771,5.023355633438668,0.3312271727983681,4.6921284606403,0.00634,0.0283289088551443,-0.0558,0.0758,0.1316,0.0758,0.0629,0.0922,-0.0801,0.0016128205128205,0.3801388888892347,-0.1181666666667741,0,1,-0.0135,0.0344388272232493,-0.0881,0.053,0.1411,0.0881,0.033,0.1238,-0.0991,0.0008461538461538,0.1726666666668236,-0.1938333333332184,1,2,0.9872824999999998,0.0835305314594456,0.8123,1.1666,0.3543,1.1666,0.2210999999999999,0.2074,-0.2402999999999999,0.0056692307692307,0.4780000000004349,-0.4798333333337705,1,0,0.1695299999999999,0.8146938314955644,-1.2862,2.1263,3.4125,2.1263,2.2488,2.4674,-1.82,0.0576615384615384,7.328291666673331,-4.418833333337352,1,0,-0.2264025,1.5594183267122064,-4.9437,2.94,7.883699999999999,4.9437,1.19,6.3,-6.0812,0.0305128205128205,7.77300000000707,-13.586666666679022,1,3,0.34497,0.2625112795622997,-0.175,0.9362,1.1112,0.9362,0.1575,1.0937,-0.6125,0.0040384615384615,1.4109583333346172,-1.720833333318652,1,0
constant_speed,2.3400000000001455,40,1.0232347292725912,1.1994214813817534,0.8097396927408215,0.3896817886409319,1.9088331038395745,4.617016081843337,0.3832722661503177,4.233743815693019,0.0212,0.0351521819726158,-0.0558,0.0892,0.145,0.0892,0.0137,0.114,-0.0954,0.000351282051282,0.1886666666668382,-0.1284444444445612,1,1,-0.01127,0.0376072565283582,-0.0866,0.0708,0.1573999999999999,0.0866,-0.039,0.1048,-0.1284,-0.001,0.2963333333336028,-0.2666666666669091,1,2,1.02172,0.0967468602816596,0.8086,1.196,0.3873999999999999,1.196,0.0050999999999999,0.1977000000000001,-0.3322,0.0001307692307692,0.4888333333337744,-0.5673333333338508,1,0,0.0056875,1.140203486604643,-2.135,2.4413,4.5763,2.4413,-0.3763000000000001,3.5876,-3.5963000000000003,-0.0096487179487179,10.048166666675804,-9.3480000000085,1,2,-0.2668675,1.8343014471926573,-4.2175,3.4388,7.6563,4.2175,-0.8661999999999999,5.9326,-6.0812,-0.0222102564102563,16.10000000001464,-8.61883333334117,1,7,0.296855,0.2040945594696933,-0.1312,0.7525,0.8836999999999999,0.7525,-0.0612,0.7,-0.5163,-0.0015692307692307,1.3270000000012074,-1.0791666666676485,1,0
constant_speed,2.3399999999996908,40,0.988583702436102,1.157391744397721,0.6986914698205496,0.4587002745771714,2.0862968847802823,5.04117581819956,0.3308287018987318,4.710347116300828,0.011535,0.0433523462234389,-0.0808,0.0842,0.1649999999999999,0.0842,-0.06,0.1197999999999999,-0.1111,-0.0015384615384615,0.301666666666941,-0.228333333333541,1,4,-0.0062125,0.0661114722481697,-0.1122,0.1326,0.2448,0.1326,-0.0965,0.2239,-0.2219,-0.0024743589743589,0.3626666666669965,-0.4506666666670765,1,11,0.9853625,0.1204076381585615,0.6913,1.1573,0.4659999999999999,1.1573,-0.0044999999999999,0.4659999999999999,-0.4041,-0.0001153846153846,0.7398333333303304,-0.7293333333339982,1,0,0.0695599999999999,1.3925902325504338,-3.5087,3.57,7.0786999999999995,3.57,3.2725999999999997,3.1674999999999995,-3.7275,0.0839128205128205,7.0731666666730995,-9.989666666699904,1,2,0.0516225,1.991821449299868,-3.9637,4.27,8.233699999999999,4.27,1.89,5.3987,-4.4975,0.0484615384615384,15.75016666668099,-17.54383333331055,0,6,0.2113225,0.3324870141960049,-0.4112,0.9538,1.365,0.9538,0.1575,0.9713,-1.2163,0.0040384615384615,3.0041666666693985,-2.6543333333357473,1,0
constant_speed,2.3400000000001455,40,0.9727226582802524,1.230550957904629,0.6818031534101321,0.5487478044944969,2.1425428270907885,5.04117581819956,0.3308287018987318,4.710347116300828,0.0131624999999999,0.0480617374735283,-0.0935,0.1005,0.194,0.1005,0.0044,0.1513,-0.194,0.0001128205128205,0.3016666666669411,-0.2811111111113668,1,6,0.0012549999999999,0.061474292938656,-0.1197,0.1057,0.2254,0.1197,0.0197,0.1964,-0.2072999999999999,0.0005051282051282,0.4265277777781657,-0.5715277777782976,1,8,0.969455,0.127410310233694,0.672,1.2291,0.5571,1.2291,0.0544,0.5571,-0.3517999999999999,0.0013948717948717,0.7510000000046011,-0.7978333333340597,1,0,0.32244,1.6178411800915442,-3.5087,4.0338,7.5425,4.0338,-0.9975,3.29,-4.558800000000001,-0.025576923076923,11.52083333334381,-12.16250000001106,1,2,-0.168,1.7780966879770268,-3.9637,3.0975,7.0611999999999995,3.9637,-0.5775,5.3987,-4.1387,-0.0148076923076923,12.07500000001098,-10.38316666667611,1,7,0.13169,0.3791776884056014,-0.7525,0.875,1.6275,0.875,-1.3737,0.9713,-1.2163,-0.0352230769230769,1.9447222222239915,-3.077000000003406,0,0
constant_speed,2.3399999999996908,40,0.98021985313375,1.230550957904629,0.6818031534101321,0.5487478044944969,2.279995765391565,5.0504310895209725,0.5956048438352395,4.454826245685733,0.007745,0.0479469522573565,-0.0935,0.1005,0.194,0.1005,-0.0647,0.1513,-0.194,-0.0016589743589743,0.2486666666668928,-0.2323333333335446,1,7,0.009725,0.0513844022527439,-0.1197,0.0999,0.2196,0.1197,-0.0929,0.1324,-0.159,-0.0023820512820512,0.2541666666668978,-0.5256944444449226,1,6,0.9775975,0.1240514295487034,0.672,1.2291,0.5571,1.2291,-0.1352,0.5571,-0.3950999999999999,-0.0034666666666666,0.7893333333302204,-0.7978333333340597,1,0,0.3432175,1.4704877822991342,-1.89,4.0338,5.9238,4.0338,1.4262,4.095,-4.558800000000001,0.0365692307692308,11.520833333343813,-12.16250000001106,1,0,-0.4256899999999999,1.9639891183050155,-4.7075,4.025,8.7325,4.7075,-3.1938,7.717499999999999,-6.5013000000000005,-0.0818923076923076,15.473000000014068,-20.008333333351526,1,8,-0.1579425,0.4308434398779879,-1.3125,0.875,2.1875,1.3125,-0.455,0.8488,-0.6913,-0.0116666666666666,3.0186666666694135,-3.6023333333366097,0,0
constant_speed,2.3400000000001455,40,1.0165972238005314,1.243765476285622,0.7768777638727987,0.4668877124128233,2.0822654007855417,5.0504310895209725,0.3862779957491754,4.664153093771797,0.013495,0.04284992265798,-0.0852,0.0966,0.1818,0.0966,0.0359,0.1187999999999999,-0.1518,0.0009205128205128,0.2486666666668928,-0.2215000000002014,1,4,0.0073875,0.0553943864021598,-0.1098,0.1441,0.2539,0.1441,-0.1395,0.2006,-0.1507,-0.003576923076923,0.2868333333335942,-0.3895000000003542,1,9,1.0141625,0.1205100904116565,0.7713,1.239,0.4677000000000001,1.239,0.0587999999999999,0.3255,-0.3950999999999999,0.0015076923076923,0.7893333333302204,-0.6308333333339053,1,0,0.11571,1.300660678625704,-2.7475,2.205,4.952500000000001,2.7475,0.3412,4.095,-4.0161999999999995,0.0087487179487179,11.200000000010183,-11.404333333297616,1,1,0.3095275,1.9223666399662491,-4.7075,4.025,8.7325,4.7075,-1.8288,7.717499999999999,-6.5013000000000005,-0.0468923076923076,15.473000000014071,-20.00833333335153,1,6,-0.157495,0.4181320923356943,-1.3125,0.9625,2.275,1.3125,2.275,1.1375,-0.8487,0.0583333333333333,3.2155416666695915,-2.0123333333277573,0,0
constant_speed,2.3399999999996908,40,0.9807685240569016,1.2823227401867283,0.690187880218133,0.5921348599685955,2.294062804378104,4.84797953481654,0.313173178928209,4.534806355888331,0.01076,0.0473592749424748,-0.0849,0.134,0.2189,0.134,-0.0368,0.1276,-0.1532,-0.0009435897435897,0.3268333333336305,-0.3981666666670287,1,4,-0.0134174999999999,0.061257057730476,-0.1367,0.1456,0.2823,0.1456,-0.0945999999999999,0.1474,-0.1865,-0.002425641025641,0.4471666666670733,-0.5455000000004961,1,10,0.97758,0.1334539605622238,0.6791,1.281,0.6018999999999999,1.281,0.1439999999999999,0.3611,-0.4733999999999999,0.0036923076923076,0.8595000000003532,-0.8200000000007455,1,0,0.0286475,1.3277063876431647,-2.3975,2.6862,5.0837,2.6862,-2.3274999999999997,2.8,-3.85,-0.0596794871794871,7.568833333340217,-8.779166666674652,1,1,0.173685,2.128639822425434,-4.2263,4.8038,9.0301,4.8038,5.18,6.903700000000001,-6.6762999999999995,0.1328205128205128,16.02716666653396,-12.687638888900429,1,7,0.34234,0.2891224386186941,-0.3413,1.1463,1.4876,1.1463,0.8137,1.1375,-0.7437,0.0208641025641025,2.143666666652866,-2.172833333335309,1,0
constant_speed,2.3400000000001455,40,0.9863196182517132,1.3224884914433093,0.6942294145309604,0.6282590769123488,2.111497879227118,5.233478378669391,0.3014669467785813,4.9320114318908095,0.0131674999999999,0.0487628346681342,-0.0872,0.134,0.2212,0.134,-0.0261,0.1207,-0.1684999999999999,-0.0006692307692307,0.3131666666669515,-0.5323611111115953,1,7,-0.012695,0.059314239004795,-0.133,0.1456,0.2786,0.1456,0.0476,0.2022,-0.1865,0.0012205128205128,0.4471666666670734,-0.5768333333290054,1,11,0.9832325,0.1454758899532575,0.6924,1.3181,0.6257,1.3181,0.0053999999999999,0.2851999999999999,-0.4733999999999999,0.0001384615384615,0.6320000000005743,-1.3977777777790488,1,0,-0.20738,1.062674932615923,-2.3975,1.6013,3.9988,2.3975,0.1575,2.8,-3.6574,0.0040384615384615,7.568833333340217,-12.772500000011616,1,0,-0.17237,2.122401240515938,-3.4475,5.1975,8.645,5.1975,0.8837000000000002,6.903700000000001,-6.6762999999999995,0.0226589743589743,18.34566666668335,-9.843833333342284,1,6,0.2471874999999999,0.3281622356650238,-0.3587,1.0063,1.365,1.0063,0.0613,1.2338,-1.365,0.0015717948717948,2.0273333333351773,-2.172833333335309,1,0
constant_speed,2.3399999999996908,40,1.0083919001643742,1.3224884914433093,0.6942294145309604,0.6282590769123488,2.174681507012083,5.233478378669391,0.3014669467785813,4.9320114318908095,0.0201375,0.0481972373264011,-0.0872,0.1169,0.2041,0.1169,0.1252,0.1207,-0.1684999999999999,0.0032102564102564,0.3183333333336228,-0.2887500000002626,0,5,-0.01177,0.053829894468237,-0.133,0.0807,0.2137,0.133,0.051,0.2022,-0.1739,0.0013076923076923,0.602083333333881,-0.2945000000002678,0,5,1.0056275,0.1353004007944108,0.6924,1.3181,0.6257,1.3181,0.0923999999999999,0.2860000000000001,-0.4045000000000001,0.0023692307692307,0.8055000000007322,-0.7979166666673924,1,0,-0.0629924999999999,1.0353947606855698,-2.0912,2.5988,4.69,2.5988,-1.7762,3.4124,-4.69,-0.0455435897435897,7.2478333333399245,-5.231833333338091,1,2,-0.2751849999999999,2.275546666193783,-4.7425,5.1975,9.94,5.1975,-4.2088,8.19,-6.5888,-0.1079179487179488,18.34566666668335,-10.68966666667512,1,10,0.07613,0.38463267071924,-0.8838,1.0063,1.8901,1.0063,-0.35,1.2338,-1.365,-0.0089743589743589,2.0273333333351773,-3.244583333336284,1,0
constant_speed,2.3400000000001455,40,1.011810056109481,1.1980991778646708,0.7556116330496772,0.4424875448149936,2.2774353818274755,5.002879927601701,0.5767635477385857,4.426116379863116,0.02619,0.0375537754597597,-0.0373,0.1169,0.1542,0.1169,-0.0284999999999999,0.1130999999999999,-0.1217,-0.0007307692307692,0.204777777777964,-0.2426666666666852,1,0,-0.0089574999999999,0.0483364537675294,-0.1232,0.0969,0.2201,0.1232,0.0582,0.171,-0.1455,0.0014923076923076,0.3875000000003524,-0.3846666666670165,1,4,1.0096825,0.1174112908725518,0.7551,1.196,0.4408999999999999,1.196,-0.2817,0.2860000000000001,-0.3614,-0.0072230769230769,0.7963333333326688,-0.9609583333311082,1,0,-0.0065499999999999,1.4194573760997906,-3.3775,2.5988,5.9763,3.3775,1.085,3.9463,-5.827500000000001,0.0278205128205128,12.177166666677742,-10.252166666666872,1,3,-0.1034649999999998,2.1952093732921565,-4.7425,4.3837,9.1262,4.7425,1.295,8.19,-5.7924999999999995,0.0332051282051281,17.12100000001557,-10.68966666667512,1,11,-0.003715,0.3934085744310835,-0.91,0.6562,1.5662,0.91,-0.2975,0.9275,-0.6912,-0.0076282051282051,2.0271666666651367,-2.0565000000018703,0,0
constant_speed,2.3399999999996908,40,1.002317026894343,1.1907139916873406,0.8110894093748234,0.3796245823125171,1.897781754958596,4.035352664885685,0.2380257339028702,3.7973269309828144,0.0310575,0.0344684760287366,-0.0232,0.1066,0.1298,0.1066,0.0592999999999999,0.0922,-0.1025,0.0015205128205128,0.1988333333335141,-0.2103333333335246,0,0,-0.0157399999999999,0.0442599998841345,-0.1118,0.0763,0.1881,0.1118,0.0252999999999999,0.1417999999999999,-0.1583999999999999,0.0006487179487179,0.2868333333335942,-0.3500000000003183,1,3,1.0002400000000002,0.0959843491515741,0.8089,1.1859,0.377,1.1859,0.1591000000000001,0.3198000000000001,-0.2966999999999999,0.0040794871794871,0.6470000000005864,-0.5466666666652387,1,0,0.2178699999999999,0.9394358111012626,-2.0912,2.3712,4.462400000000001,2.3712,2.4062,3.1587,-3.1149,0.0616974358974359,5.862500000005332,-8.093750000007361,0,1,0.27453,1.883184903867341,-3.955,4.025,7.98,4.025,2.7036999999999995,5.4862,-3.6224,0.069325641025641,14.758333333346757,-18.739666666605952,1,7,0.3228775,0.3009583406621298,-0.35,1.0063,1.3563,1.0063,-0.7262,0.8925,-0.9451,-0.0186205128205128,2.5520833333356547,-3.142791666669525,1,0
constant_speed,2.3400000000001455,40,1.00060388491941,1.1907139916873406,0.7791873843947937,0.4115266072925468,1.8222268283482148,4.016714788231796,0.3242921213967431,3.6924226668350526,0.0382,0.0401102199394336,-0.0464,0.123,0.1694,0.123,0.0847,0.1238,-0.1694,0.0021717948717948,0.3028750000002754,-0.1770000000001609,1,0,-0.011675,0.0449517904152711,-0.1118,0.072,0.1838,0.1118,0.0296999999999999,0.1417999999999999,-0.1583999999999999,0.0007615384615384,0.3465000000003151,-0.2385000000002169,1,2,0.9980925,0.0916616783374656,0.7771,1.1859,0.4087999999999999,1.1859,0.0621999999999999,0.3198000000000001,-0.3621,0.0015948717948717,0.6470000000005864,-0.5778333333338566,1,0,0.3036225,0.8239668653057566,-1.2513,1.75,3.0013,1.75,-0.1838,2.3537,-2.6163,-0.0047128205128205,4.316833333337259,-5.002166666671215,1,0,0.2725625,1.7896329789448235,-3.955,3.885,7.84,3.955,-3.1763,5.5737000000000005,-4.6812,-0.0814435897435897,14.758333333346757,-18.739666666605952,0,6,0.1942575,0.3386391695031673,-0.5337,1.0063,1.54,1.0063,-0.5162,0.8049999999999999,-0.8663000000000001,-0.0132358974358974,2.581000000002347,-2.785500000002533,0,0
constant_speed,2.3399999999996908,40,1.0036668539957594,1.1480934108338048,0.7791873843947937,0.368906026439011,1.6334059692748408,3.9042652958015034,0.4334018112560213,3.470863484545482,0.049025,0.0357866523606146,-0.0464,0.123,0.1694,0.123,0.0107,0.1238,-0.1694,0.0002743589743589,0.1955000000001777,-0.1770000000001609,1,0,-0.0021925,0.04694171720445,-0.0756,0.091,0.1666,0.091,-0.0299,0.1086,-0.1506,-0.0007666666666666,0.4031666666670332,-0.475138888889321,1,7,1.0008425,0.076475395364482,0.7771,1.1392,0.3621,1.1392,-0.0609,0.2506,-0.3621,-0.0015615384615384,0.4530000000004133,-0.5778333333338566,0,0,0.206055,0.9363573279551908,-1.4963,1.9162,3.4124999999999996,1.9162,1.4087,2.6512,-2.6163,0.0361205128205127,6.38750000000581,-5.002166666671215,1,0,-0.0271199999999999,1.525736711702218,-3.3425,3.885,7.227499999999999,3.885,0.6649,5.5737000000000005,-4.6812,0.0170487179487179,10.55816666667627,-14.83133333334682,1,3,0.2408425,0.3308610211658712,-0.5337,0.9362,1.4699,0.9362,-0.105,0.8400000000000001,-0.8663000000000001,-0.0026923076923077,2.581000000002347,-1.764500000001605,1,0
constant_speed,2.3400000000001455,40,1.0113459054185563,1.1382384196643514,0.85796691078386,0.2802715088804913,1.5498024591208297,3.833014692118985,0.4334018112560213,3.399612880862964,0.0434575,0.0288670061639892,-0.0183,0.0971,0.1154,0.0971,-0.0104,0.0804,-0.0978,-0.0002666666666666,0.2098611111113021,-0.2166666666668638,1,0,-0.01755,0.0488917905121829,-0.1086,0.091,0.1996,0.1086,-0.0221999999999999,0.1086,-0.1506,-0.0005692307692307,0.4031666666670332,-0.4050000000003683,1,5,1.0087375,0.0696621174597381,0.8549,1.1371,0.2822,1.1371,0.0006,0.1273999999999999,-0.2075,1.5384615384616536e-05,0.5690000000005195,-0.5014999999979519,0,0,0.0474499999999999,1.025474257262313,-1.61,1.9162,3.5262,1.9162,0.0088,2.6512,-3.0012,0.000225641025641,7.699833333340337,-10.383333333304977,1,0,-0.06343,1.2491584663079052,-3.3425,2.2838,5.6263,3.3425,-1.3300999999999998,3.6925,-4.1563,-0.0341051282051282,9.931333333318324,-8.327000000007573,0,1,0.46659,0.2754628736676338,-0.0525,1.0412,1.0937,1.0412,0.14,0.8400000000000001,-0.56,0.0035897435897435,1.910333333335071,-1.6039999999933898,1,0
weave,2.34,40,0.9927693153247258,1.020165383651102,0.9414324457973604,0.0787329378537415,0.4017601421582816,1.6756878259389485,0.1144784695914476,1.561209356347501,0.0179574999999999,0.0065802302001662,-0.0008,0.0326,0.0334,0.0326,-0.0115,0.0265,-0.0249,-0.0002948717948717,0.0486666666666666,-0.0476388888888888,1,0,0.01633,0.0077789393516016,-0.0016,0.0432,0.0448,0.0432,-0.0004999999999999,0.0303,-0.0354,-1.2820512820512698e-05,0.0676666666666666,-0.0669999999999999,1,0,0.9924225,0.0138722095831179,0.9414,1.0192,0.0778,1.0192,-0.0037,0.0558999999999999,-0.0584999999999999,-9.48717948717958e-05,0.0934999999999988,-0.113333333333335,1,0,0.250035,0.214753133823885,-0.6475,0.7,1.3475,0.7,0.3062,0.9275,-0.5337,0.007851282051282,1.6769999999999985,-2.362666666666666,1,0,0.1185624999999999,0.2652441736110623,-0.2537,1.5312,1.7849,1.5312,0.3413,1.5224,-1.4349999999999998,0.008751282051282,2.2748333333333313,-2.828833333333327,1,0,0.1734825,0.0546508727380052,0.0088,0.3237,0.3149,0.3237,0.1573999999999999,0.2187,-0.1575,0.0040358974358974,0.441125,-0.4229999999999994,1,0
weave,2.34,40,0.9969925839614452,1.01294466778793,0.9492351921415472,0.0637094756463828,1.4943314502659242,6.7955524337613635,0.1824981369767921,6.613054296784571,-0.0349125,0.0570657793522258,-0.121,0.0257,0.1467,0.121,-0.1101999999999999,0.0265,-0.0401,-0.002825641025641,0.0635416666666666,-0.3081666666666663,0,0,0.028345,0.0189893080577682,-0.001,0.0788,0.0798,0.0788,0.0634,0.0378,-0.0186,0.001625641025641,0.1116666666666667,-0.0288333333333336,0,0,0.994215,0.0091471601309662,0.9491,1.0058,0.0566999999999999,1.0058,0.0082,0.0466999999999999,-0.0485999999999999,0.0002102564102564,0.0679999999999996,-0.0649999999999995,1,0,0.297275,0.202431744432157,-0.0613,0.7262,0.7875,0.7262,0.4461999999999999,0.4988,-0.5513,0.0114410256410256,1.254166666666668,-2.1874999999999982,1,0,0.252445,0.2925930620748875,-0.2537,1.1463,1.4,1.1463,0.0525999999999999,0.4375,-0.6124,0.0013487179487179,3.3541666666666625,-3.0480000000000103,1,0,-1.076465,2.028375739676378,-6.755,0.3237,7.0786999999999995,6.755,-6.965,0.2187,-0.6563000000000003,-0.1785897435897435,0.5250000000000008,-9.551999999999992,0,0
weave,2.3400000000000003,40,1.0004819789158437,1.039153646002361,0.9665658229008516,0.0725878231015094,8.342053428578433,19.060535008755657,0.4663905981042071,18.594144410651445,-0.075075,0.0287311922874149,-0.121,-0.008,0.1129999999999999,0.121,-0.0447,0.0489999999999999,-0.0401,-0.0011461538461538,0.1283333333333322,-0.2129999999999997,0,0,0.0677075,0.0342775727493902,-0.001,0.1383,0.1393,0.1383,0.0957,0.0461,-0.0458999999999999,0.0024538461538461,0.1485000000000006,-0.0656666666666664,0,0,0.9943725,0.0128572435435617,0.9592,1.0345,0.0752999999999999,1.0345,0.0017,0.0752999999999999,-0.0563,4.3589743589744485e-05,0.1121666666666652,-0.2018055555555529,1,0,0.1701899999999999,0.5452938482351299,-1.1287,1.0325,2.1612,1.1287,-0.945,1.0937,-1.085,-0.0242307692307692,5.3373333333333415,-4.695666666666678,1,0,0.143065,0.4426959554818634,-0.7875,1.1463,1.9338,1.1463,-0.7262,1.0849,-1.2073999999999998,-0.0186205128205128,1.6626666666666792,-3.04800000000001,0,0,-8.191307499999999,6.693629572246669,-19.0312,0.2275,19.258699999999997,19.0312,-19.258699999999997,0.061300000000001,-1.2599999999999998,-0.4938128205128204,-0.6613333333333327,-13.18349999999998,0,0
weave,2.3400000000000003,40,0.995668326415931,1.039153646002361,0.8906610634803791,0.1484925825219818,12.363757470365243,19.060535008755657,1.0435738785538855,18.016961130201768,-0.0600375,0.021874346144074,-0.0928,-0.0059,0.0868999999999999,0.0928,0.0815,0.0574999999999999,-0.0606,0.0020897435897435,0.1294999999999995,-0.1491666666666657,1,0,0.05558,0.0557227946728611,-0.0629,0.1383,0.2012,0.1383,-0.08,0.0461,-0.0934,-0.002051282051282,0.1680000000000006,-0.3549999999999999,0,1,0.990525,0.0278488755930086,0.8854,1.035,0.1495999999999999,1.035,0.0396999999999999,0.0962,-0.1195999999999999,0.0010179487179487,0.2650416666666633,-0.2733333333333334,1,0,-0.24084,0.9201672701338822,-2.5988,1.1113,3.7101,2.5988,-1.8463,1.1463000000000003,-1.6538000000000004,-0.0473410256410256,7.670833333333261,-9.377333333333311,1,0,-0.1085,0.5193577162572031,-1.155,1.155,2.31,1.155,-0.1488,1.7063,-2.31,-0.0038153846153846,5.103888888888847,-3.0186666666666717,1,0,-12.22134,5.6376420805701555,-19.0312,0.98,20.0112,19.0312,8.4,1.7236999999999991,-1.2599999999999998,0.2153846153846153,24.733333333333302,-13.18349999999998,0,0
weave,2.34,40,0.9943982027571684,1.0725830270892789,0.8906610634803791,0.1819219636088995,12.710842406369665,23.781104870884366,1.0435738785538855,22.73753099233048,-0.0376725,0.0297539395150737,-0.0842,0.0209,0.1051,0.0842,0.0597999999999999,0.0679,-0.068,0.0015333333333333,0.1506666666666669,-0.1022222222222215,0,0,-0.0601325,0.0928459556511172,-0.2094,0.1169,0.3263,0.2094,-0.2345,0.0703,-0.0934,-0.0060128205128205,0.1881944444444457,-0.3549999999999998,0,1,0.987085,0.0384151115431387,0.8854,1.0699,0.1845000000000001,1.0699,0.024,0.1275999999999999,-0.1195999999999999,0.0006153846153846,0.3108333333333344,-0.2733333333333334,1,0,-0.2371224999999999,0.93313589179588,-2.5988,1.1638,3.7626,2.5988,1.4962,2.1088,-2.1875,0.0383641025641025,7.670833333333261,-9.377333333333311,1,0,-0.16362,0.6979335502864041,-1.5225,1.155,2.6775,1.5225,-0.2538,1.7851,-2.31,-0.0065076923076923,5.454166666666656,-3.7333333333332903,1,0,2.15906,14.360750429659808,-18.9263,23.7738,42.700100000000006,23.7738,42.700100000000006,1.8200000000000005,0.2187999999999981,1.094874358974359,25.476999999999975,4.897916666666756,0,1
weave,2.34,40,0.9972472644572662,1.0725830270892789,0.9247445701381544,0.1478384569511242,19.542906824606156,25.5435256010207,2.4729549631968633,23.07057063782384,-0.0043174999999999,0.0266883138499577,-0.0622,0.049,0.1112,0.0622,0.0534,0.0679,-0.068,0.0013692307692307,0.1513333333333319,-0.1333333333333348,1,0,-0.1432875,0.0454602231739533,-0.2389,-0.0149,0.224,0.2389,-0.0698,0.0803,-0.0945,-0.0017897435897435,0.304305555555553,-0.2644999999999997,0,0,0.9854500000000002,0.0387729683790534,0.9035,1.0699,0.1664000000000001,1.0699,-0.0431,0.1275999999999999,-0.1205,-0.0011051282051282,0.3377777777777816,-0.2283333333333352,1,0,0.4530325,0.8392212548295547,-1.2775,2.2575,3.535,2.2575,0.665,2.1088,-2.1875,0.017051282051282,6.43116666666665,-3.718833333333357,0,0,-0.223995,0.7684165750391331,-2.1437,1.155,3.2987,2.1437,-2.1088,2.5199,-3.15,-0.0540717948717948,5.454166666666656,-6.149166666666709,1,0,19.4943425,6.907194406276412,2.135,25.5325,23.3975,25.5325,18.4975,1.8200000000000005,-1.3299999999999983,0.4742948717948718,25.476999999999975,-8.166666666666572,0,0
weave,2.339999999999999,40,0.9982772173807476,1.1223182703671897,0.8977971318733425,0.2245211384938469,19.05013983577386,25.5435256010207,5.61278092303628,19.93074467798442,0.0157975,0.0254941973035796,-0.0303,0.0744,0.1046999999999999,0.0744,-0.0476,0.0637,-0.0572,-0.0012205128205128,0.2175000000000037,-0.2136111111111125,1,0,-0.0991075,0.0646068559809529,-0.2389,0.0259,0.2648,0.2389,0.1705,0.0803,-0.0945,0.0043717948717948,0.2778333333333351,-0.1776666666666664,0,0,0.9908875,0.0498433967413733,0.8948,1.117,0.2221999999999999,1.117,-0.118,0.1607,-0.1565999999999999,-0.003025641025641,0.6228333333333396,-0.3868055555555647,1,0,0.6081300000000001,0.7027554588719741,-0.8575,2.2575,3.115,2.2575,-0.385,1.3825,-1.715,-0.0098717948717948,6.431166666666652,-5.891666666666619,1,0,0.0304074999999999,0.8308063307252039,-2.1437,1.435,3.5787,2.1437,-0.4374999999999999,2.5199,-3.15,-0.0112179487179486,6.766666666666764,-4.086874999999966,1,0,19.006305,6.185891112596263,5.53,25.5325,20.0025,25.5325,-18.8475,0.4638000000000026,-1.33,-0.4832692307692308,3.0771666666666704,-18.447833333333463,0,0
weave,2.34,40,0.9959420007833272,1.1223182703671897,0.8977971318733425,0.2245211384938469,10.764165100515385,20.204816721514696,1.1938485582350886,19.010968163279607,0.0232724999999999,0.0354172418354502,-0.0654,0.089,0.1543999999999999,0.089,0.0104999999999999,0.0606,-0.0806,0.0002692307692307,0.2551666666666674,-0.2074999999999983,0,2,0.033095,0.0985242413226568,-0.1296,0.2577,0.3873,0.2577,0.2133,0.1092999999999999,-0.0834999999999999,0.0054692307692307,0.3453333333333361,-0.4020833333333297,0,1,0.98976,0.0519398705605448,0.8948,1.117,0.2221999999999999,1.117,-0.0582000000000001,0.1607,-0.1565999999999999,-0.0014923076923076,0.6228333333333396,-0.3196666666666665,1,0,0.7148774999999999,0.7439347153902824,-0.8575,2.5375,3.395,2.5375,-1.645,2.4938,-1.9601,-0.0421794871794871,3.9228333333333065,-4.039666666666633,1,0,0.12534,0.8746143615536491,-2.17,1.8637,4.0337,2.17,0.4988,2.6074,-1.9162,0.0127897435897435,6.912499999999904,-5.848000000000004,1,0,3.6817725,11.631013053018243,-16.3363,20.1775,36.5138,20.1775,-36.5138,0.2275000000000009,-2.0038,-0.9362512820512822,-4.350694444444419,-24.791666666666828,0,1
weave,2.34,40,0.991927118638856,1.0623960702111055,0.9173865379435214,0.145009532267584,14.006679134388046,21.4107332896377,1.1938485582350886,20.21688473140261,0.0281625,0.0331512825099012,-0.0654,0.089,0.1543999999999999,0.089,0.0194,0.0606,-0.0806,0.0004974358974358,0.2551666666666674,-0.2043333333333352,1,1,0.1416275,0.0569956093113253,0.0371,0.2577,0.2206,0.2577,0.0578,0.1092999999999999,-0.0912,0.0014820512820512,0.3453333333333361,-0.2321666666666648,0,0,0.9792175,0.0401968610045036,0.9062,1.0492,0.1429999999999999,1.0492,-0.0190999999999998,0.1108999999999998,-0.1348999999999999,-0.0004897435897435,0.3693333333333317,-0.3735000000000026,1,0,0.519315,0.9165804312490629,-1.0237,2.5375,3.5612000000000004,2.5375,-1.5224,2.4938,-2.2312000000000003,-0.0390358974358974,3.9228333333333065,-5.3228333333333495,1,0,-0.2309949999999999,0.9855376356367168,-2.6512,1.8637,4.5149,2.6512,-1.5312,2.7125,-2.3625,-0.0392615384615384,6.912499999999904,-6.5915000000001385,1,0,-13.298907500000002,8.515070230596667,-21.35,4.4538,25.803800000000003,21.35,-24.6051,0.5950000000000024,-2.0038,-0.6309,2.8777222222222463,-24.791666666666828,0,1
weave,2.34,40,0.9969736240640434,1.090740106533174,0.9190738980082068,0.1716662085249671,17.605557419361993,21.4107332896377,7.424518082003707,13.986215207633991,0.0229625,0.0228359106256475,-0.0249,0.0712,0.0960999999999999,0.0712,0.0358,0.066,-0.0666,0.0009179487179487,0.1588333333333371,-0.2043333333333352,1,0,0.1431975,0.0496728914744843,0.0073,0.2283,0.221,0.2283,-0.0661,0.1207999999999999,-0.1074,-0.0016948717948717,0.1746666666666687,-0.3070833333333307,1,0,0.9849125,0.0397342336898936,0.9062,1.0687,0.1624999999999999,1.0687,0.1364,0.1040999999999998,-0.1229000000000001,0.0034974358974358,0.3334999999999972,-0.254999999999999,1,0,-0.2054025,0.816881523433431,-1.9162,1.61,3.5262,1.9162,-1.2163,2.1612,-2.2312000000000003,-0.0311871794871795,8.414666666666713,-7.71104166666679,1,0,-0.3434325,0.930268344353612,-2.6512,1.05,3.7012,2.6512,0.3938,2.7125,-2.3625,0.0100974358974359,6.533333333333369,-6.5915000000001385,1,0,-17.5557825,3.9576668935045944,-21.35,-7.1925,14.157500000000002,21.35,10.211200000000002,1.2775000000000007,-0.8136999999999972,0.261825641025641,16.201999999999842,-8.356333333333367,0,0
weave,2.34,40,0.9957200110759996,1.090740106533174,0.9155463123184976,0.1751937942146765,11.360406059827454,19.599919888356684,0.9217840419534286,18.678135846403254,0.0113075,0.0234457845699939,-0.0284,0.0509,0.0793,0.0509,0.0141999999999999,0.0751999999999999,-0.0733,0.0003641025641025,0.1288333333333323,-0.1408333333333348,1,0,0.022975,0.1147233120744573,-0.1826,0.2145,0.3971,0.2145,-0.3649,0.1207999999999999,-0.1074,-0.0093564102564102,0.1426388888888877,-0.4125000000000043,0,1,0.9886725000000002,0.0395532940538815,0.9026,1.0687,0.1661,1.0687,0.0231000000000001,0.1040999999999998,-0.1229000000000001,0.0005923076923076,0.2076666666666682,-0.2494999999999985,1,0,-0.30362,0.8873830292581578,-2.205,1.68,3.885,2.205,-0.525,2.0825,-2.0737,-0.0134615384615384,8.414666666666713,-8.327000000000014,1,0,-0.15225,0.8281020629527901,-1.8813,1.7237,3.605,1.8813,0.6124999999999998,2.485,-2.1,0.0157051282051281,6.533333333333369,-5.060166666666625,1,0,-4.891040000000001,11.810470229718922,-19.5037,17.08,36.58369999999999,19.5037,36.4875,2.1263,-0.1488000000000013,0.935576923076923,26.80416666666645,2.6491666666666447,0,1
weave,2.339999999999998,40,1.0242778400132693,1.1477806149260408,0.9307822570290004,0.2169983578970404,19.42230311380139,22.3878282653767,8.897523883081181,13.49030438229552,0.049655,0.0300086051761054,-0.0029,0.1083,0.1112,0.1083,-0.0295,0.0798,-0.0944,-0.0007564102564102,0.1553333333333321,-0.1564999999999986,1,0,-0.1245725,0.0604610024238977,-0.2181,0.0691,0.2872,0.2181,0.1473,0.1066999999999999,-0.1062999999999999,0.003776923076923,0.3741666666666735,-0.2149999999999983,0,1,1.0132249999999998,0.0520742455661342,0.9066,1.1349,0.2283,1.1349,0.0199,0.2013,-0.1412999999999999,0.0005102564102564,0.2899999999999991,-0.3098333333333318,1,0,0.734565,0.9874263082013792,-2.065,2.695,4.76,2.695,-0.4287999999999999,2.2925,-2.415,-0.0109948717948717,10.354166666666451,-8.560333333333102,0,2,0.3900349999999999,1.0962995327054812,-2.0563,2.0563,4.1126,2.0563,1.2075,3.7713,-3.2025,0.0309615384615384,6.504166666666658,-6.319305555555503,0,1,19.34318,3.3891636696373553,8.855,22.365,13.509999999999998,22.365,-9.4237,1.1201000000000008,-1.8462999999999992,-0.2416333333333333,7.524833333333277,-21.233166666666477,0,0
weave,2.3400000000000016,40,1.011734430857609,1.1532151273721654,0.9073554209900332,0.2458597063821322,12.206012904438689,21.42828672432773,1.4767553114852847,19.95153141284245,0.038095,0.0252646702749623,-0.0185,0.0986,0.1171,0.0986,0.0029,0.0659,-0.0693,7.435897435897542e-05,0.155333333333332,-0.1293055555555545,0,0,0.000805,0.1128921267496156,-0.1851,0.1892,0.3742999999999999,0.1892,0.331,0.1066999999999999,-0.0932,0.0084871794871794,0.3741666666666735,-0.1224999999999993,0,1,1.00458,0.051669726294849,0.9069,1.1438,0.2368999999999999,1.1438,-0.0292999999999998,0.1542000000000001,-0.2051999999999999,-0.000751282051282,0.3505000000000233,-0.4036666666666484,1,0,0.9920325,0.9830631383816972,-2.065,2.695,4.76,2.695,0.6912,2.695,-2.415,0.0177230769230769,10.354166666666451,-8.560333333333102,1,2,0.19512,1.0032260220830675,-2.0563,1.82,3.8763,2.0563,0.2799999999999999,3.7713,-3.1325,0.0071794871794871,8.835416666666331,-6.416833333333082,1,0,6.8847200000000015,12.126312520516317,-14.5513,21.42,35.9713,21.42,-35.9013,0.2712000000000003,-1.9337,-0.920546153846154,-0.0366666666666401,-22.531333333333805,0,1
weave,2.34,40,1.007356482543183,1.1532151273721654,0.9073554209900332,0.2458597063821322,13.386102175031477,21.55513790561313,1.4767553114852847,20.078382594127845,0.0556824999999999,0.0340886843959422,-0.0185,0.1239,0.1424,0.1239,0.111,0.1347,-0.0693,0.0028461538461538,0.3023333333333302,-0.1641666666666701,1,0,0.137405,0.0643754529981572,-0.022,0.2535,0.2755,0.2535,0.2082,0.0937,-0.0932,0.0053384615384615,0.2762916666666773,-0.2608333333333354,1,0,0.9938625,0.0471410849580876,0.9069,1.1438,0.2368999999999999,1.1438,0.145,0.1542000000000001,-0.2051999999999999,0.0037179487179487,0.4317083333333507,-0.4036666666666484,1,0,0.7297524999999999,0.8979163980807499,-1.3388,2.5725,3.9113,2.5725,-0.2625,2.695,-2.1175,-0.0067307692307692,4.520833333333568,-6.62099999999976,1,0,-0.3467175,0.7637323584390824,-2.0563,1.47,3.5263,2.0563,-0.9275,2.1874,-2.1,-0.0237820512820512,6.737666666666729,-6.416833333333082,1,0,-11.854945,9.591421651127533,-21.5513,7.7962,29.3475,21.5513,-28.1312,0.4287999999999989,-1.9337,-0.7213128205128205,1.8374999999999488,-22.516666666667145,0,1
weave,2.34,40,1.004632629661868,1.083216331117658,0.9330712834505196,0.1501450476671384,19.48204124962627,21.55513790561313,15.17886951093526,6.37626839467787,0.067135,0.0262111010931021,-0.0108,0.1239,0.1347,0.1239,0.0795,0.1347,-0.0695,0.0020384615384615,0.1619166666666794,-0.1625000000000016,1,0,0.155005,0.0405452387416251,0.0688,0.2535,0.1847,0.2535,-0.1262,0.0752,-0.0873999999999999,-0.0032358974358974,0.1301666666666614,-0.2608333333333354,0,0,0.989265,0.0371402093942152,0.9265,1.0632,0.1366999999999999,1.0632,-0.0065000000000001,0.0886,-0.1115,-0.0001666666666666,0.186666666666655,-0.2613333333333401,0,0,-0.1485275,0.7791001775511648,-1.4963,1.9425,3.4387999999999996,1.9425,-1.5661999999999998,2.3451,-1.9863,-0.0401589743589743,4.520833333333568,-5.0749999999997915,1,0,-0.46134,0.6548775829232396,-1.6888,1.47,3.1588000000000003,1.6888,-2.2925,1.2776,-2.1,-0.0587820512820512,2.3625000000000593,-4.302166666666585,0,0,-19.4490675,1.6983915403408256,-21.5513,-15.1287,6.422600000000001,21.5513,0.6126000000000005,0.8487999999999989,-1.4787999999999997,0.0157076923076923,9.275166666666848,-11.826833333333582,0,0
weave,2.34,40,0.9932832713218748,1.08045452472559,0.9330712834505196,0.1473832412750702,12.061120151889508,20.525005016808155,0.5846803656699958,19.94032465113816,0.0463825,0.026807135363747,-0.0207,0.0993,0.12,0.0993,-0.058,0.0613999999999999,-0.0821,-0.0014871794871794,0.1080000000000034,-0.1753333333333276,1,0,0.0676124999999999,0.0688159946654473,-0.0362,0.1805,0.2167,0.1805,-0.1198,0.0511,-0.0873999999999999,-0.0030717948717948,0.1301666666666612,-0.3488333333333304,0,0,0.98725,0.0341038835295171,0.9265,1.0618,0.1353000000000001,1.0618,0.0125000000000001,0.0956,-0.1115,0.0003205128205128,0.186666666666655,-0.2298333333333211,1,0,-0.352405,0.7810616604406188,-1.7062,1.435,3.1412,1.7062,1.4875,1.4437,-1.1286999999999998,0.0381410256410256,5.643666666666581,-3.966499999999971,0,0,-0.2826225,0.6315939889807903,-1.6888,1.2862,2.975,1.6888,1.2775,1.5575,-1.6187,0.0327564102564102,3.8061666666666136,-3.973611111111196,0,0,-11.36559,8.667266776603828,-20.5187,2.3012,22.8199,20.5187,22.3125,1.5663,-0.3412000000000006,0.5721153846153846,21.97716666666649,-0.765555555555569,0,1
weave,2.34,40,1.0052404598604614,1.0654239531754484,0.9376464792233798,0.1277774739520685,9.234633797568694,23.162615874076057,0.532650100910532,22.629965773165523,0.04801,0.028315401263587,-0.0066,0.1035,0.1100999999999999,0.1035,-0.0084999999999999,0.046,-0.0398,-0.0002179487179487,0.1463333333333353,-0.188611111111104,1,0,0.09997,0.0500173621137751,0.0149,0.2345,0.2196,0.2345,0.1676,0.0732999999999999,-0.0694999999999999,0.0042974358974358,0.3124999999999884,-0.0933333333333353,0,0,0.997485,0.0275985000521442,0.9374,1.063,0.1255999999999999,1.063,-0.0625999999999999,0.073,-0.0815999999999999,-0.0016051282051282,0.2068333333333338,-0.1791666666666653,1,0,0.5381325,0.6786379561911737,-0.8925,1.75,2.6425,1.75,-1.1288,1.1637,-1.4,-0.0289435897435897,6.89783333333348,-6.416666666666803,1,0,-0.0315025,0.5366339565541144,-1.0938,0.9625,2.0563,1.0938,-1.0587,1.5313,-1.4438,-0.0271461538461538,4.025166666666667,-4.389666666666761,0,0,-8.4912125,7.458121491202195,-23.1612,2.205,25.3662,23.1612,-25.1212,0.5861999999999998,-1.5748999999999995,-0.6441333333333333,-0.2550000000000033,-20.241666666666617,0,1
weave,2.34,40,1.0088255225392908,1.0597719660379774,0.9515327845113905,0.108239181526587,21.227070829325513,29.14622387428601,9.87489047736733,19.27133339691868,0.059315,0.0236544520664525,0.0084,0.1035,0.0950999999999999,0.1035,-0.0448,0.047,-0.0871,-0.0011487179487179,0.1831666666666644,-0.1990000000000042,1,0,0.1606475,0.0429301220380879,0.0687,0.2408,0.1720999999999999,0.2408,0.0878999999999999,0.0808999999999999,-0.0712,0.0022538461538461,0.335416666666654,-0.1983333333333334,1,0,0.9930125,0.0293426633253636,0.9362,1.0386,0.1023999999999999,1.0386,-0.0671,0.097,-0.0757999999999999,-0.0017205128205128,0.1620000000000079,-0.1633333333333375,1,0,0.07175,0.7598645594564526,-1.75,1.7062,3.4562,1.75,-0.4988,1.2775,-1.6976,-0.0127897435897436,4.243666666666731,-7.626833333333193,1,0,-0.275615,0.6845427852935388,-1.8987,0.9538,2.8525,1.8987,-0.5338,2.8,-2.5462,-0.0136871794871794,4.418666666666714,-4.7541666666665,0,0,-21.1992825,7.0802885496352586,-29.1287,-9.87,19.258699999999997,29.1287,-19.2325,0.6473999999999975,-1.5748999999999995,-0.4931410256410257,0.5539999999999452,-20.40200000000047,0,0
weave,2.34,40,1.0040506485086675,1.0597719660379774,0.8928567018284626,0.1669152642095148,24.787590460531018,29.14622387428601,16.073052175924772,13.07317169836124,0.021055,0.0385190392483429,-0.0498,0.0955,0.1452999999999999,0.0955,-0.0467,0.0652,-0.0871,-0.0011974358974358,0.1831666666666644,-0.2575000000000055,1,0,0.1546025,0.0409542051157957,0.0822,0.2408,0.1586,0.2408,-0.0979999999999999,0.0808999999999999,-0.0712,-0.0025128205128205,0.2229999999999996,-0.2254999999999998,0,0,0.990345,0.0354635670758539,0.888,1.0446,0.1565999999999999,1.0446,0.0478999999999999,0.1565999999999999,-0.1082999999999999,0.0012282051282051,0.270416666666675,-0.2036111111111152,0,0,-0.3587475,0.6304204266618937,-1.75,0.7875,2.5375,1.75,-0.3937,1.3037,-1.6976,-0.0100948717948717,5.517361111111229,-3.908500000000083,1,0,-0.6391775,0.8215985336564386,-1.96,1.0675,3.0275,1.96,-0.4199999999999999,2.8,-2.5462,-0.0107692307692307,5.877333333333296,-5.512666666666637,1,0,-24.753097500000003,4.372782966726813,-29.1287,-16.065,13.063699999999995,29.1287,7.446199999999997,1.2337000000000025,-1.0150000000000006,0.190928205128205,15.85199999999989,-9.989666666666864,0,0
weave,2.34,40,0.9966331058754492,1.054403760425768,0.8928567018284626,0.1615470585973053,17.978910571975455,28.720470397958316,10.75085538782845,17.969615010129864,-0.0014724999999999,0.0257125828470549,-0.0498,0.0503,0.1001,0.0503,-0.0132,0.0652,-0.0493,-0.0003384615384615,0.1531666666666624,-0.2357916666666717,0,0,0.12604,0.0357225907120338,0.0475,0.2108,0.1633,0.2108,0.0428,0.0669,-0.0537999999999999,0.0010974358974358,0.3124999999999932,-0.1346666666666653,0,0,0.987705,0.0359790818856364,0.888,1.0446,0.1565999999999999,1.0446,-0.0643999999999999,0.1565999999999999,-0.1082999999999999,-0.001651282051282,0.2081666666666493,-0.2979999999999947,1,0,-0.0102749999999999,0.6704696990227764,-1.3737,1.505,2.8787,1.505,1.7324000000000002,1.3037,-1.3912,0.0444205128205128,4.549833333333252,-3.2958333333334116,0,0,-0.3768924999999999,0.8778147635880117,-1.96,1.3125,3.2725,1.96,-0.6913,1.6275,-2.1963,-0.017725641025641,5.147999999999903,-5.512666666666637,0,0,-17.941435,5.3517502062912525,-28.7,-10.6925,18.0075,28.7,9.537499999999998,1.2337000000000025,-1.2513000000000003,0.244551282051282,15.851999999999862,-13.795833333333093,1,0
weave,2.34,40,1.0195130016970488,1.125116833933259,0.9207051971179484,0.2044116368153103,29.97739774074794,33.67823963629928,20.46682073820944,13.211418898089844,0.0596274999999999,0.0313448722956525,-0.0276,0.1271,0.1547,0.1271,-0.0759,0.0592999999999999,-0.0706999999999999,-0.0019461538461538,0.306805555555562,-0.2253333333333297,1,0,0.2412249999999999,0.046272574532288,0.1152,0.305,0.1898,0.305,-0.1596,0.1094999999999999,-0.1166,-0.0040923076923076,0.220166666666667,-0.3152777777777658,0,0,0.9873275,0.0472944295928476,0.8933,1.0898,0.1965000000000001,1.0898,-0.0344999999999999,0.1051999999999999,-0.1313999999999999,-0.0008846153846153,0.2705000000000037,-0.3359999999999958,1,0,0.158155,0.9645507863568088,-1.9338,1.8987,3.8325,1.9338,-2.7825,2.2225,-2.3975,-0.0713461538461538,5.862333333333352,-7.26249999999996,0,0,-0.9767175,0.8111977965148283,-2.625,0.91,3.535,2.625,0.3762,3.2025,-2.0913,0.0096461538461538,5.716666666666622,-6.431333333333472,0,0,-29.9357175,3.577302644694349,-33.6,-20.3962,13.2038,33.6,-4.908799999999999,1.9513,-1.8374999999999984,-0.1258666666666666,13.897833333333296,-18.739666666666498,0,0
weave,2.34,40,1.0117128245870477,1.121269387792247,0.9252949691855026,0.1959744186067444,20.793107233376464,33.67823963629928,1.665536700286127,32.012702936013156,0.02242,0.0351073240952398,-0.0288,0.0944,0.1232,0.0944,-0.0489999999999999,0.0538,-0.0689,-0.0012564102564102,0.1413333333333324,-0.2253333333333297,1,0,0.1078824999999999,0.1322133297277256,-0.139,0.3033,0.4423,0.3033,-0.3579,0.1008,-0.1166,-0.009176923076923,0.1723333333333367,-0.4176666666666599,0,1,0.9965375000000002,0.0408815843908683,0.9221,1.0898,0.1677,1.0898,0.0046999999999999,0.1025000000000001,-0.1407999999999999,0.0001205128205128,0.2705000000000037,-0.2223611111111013,1,0,-0.1725975,0.8653399152748871,-1.9338,1.6275,3.5613,1.9338,-0.14,2.2225,-2.0737,-0.0035897435897435,4.6376666666664885,-6.781111111110854,1,0,-0.8480975000000001,0.7526317281371534,-2.625,0.56,3.185,2.625,2.2925,2.1,-2.0913,0.0587820512820512,5.716666666666622,-3.2081944444445103,0,0,-19.0476575,14.603836464451906,-33.6,9.2312,42.8312,33.6,42.8312,2.9925,-0.3325000000000031,1.0982358974358974,30.26033333333399,-0.9188333333333958,0,1
weave,2.3400000000000034,40,1.0101398419048142,1.140225420695399,0.9252949691855026,0.2149304515098964,15.209383618092255,25.91143418222928,1.665536700286127,24.245897481943157,0.0090875,0.025013577723165,-0.0695,0.0772,0.1467,0.0772,-0.0095,0.1068,-0.0698,-0.0002435897435897,0.1504999999999919,-0.2023333333333384,0,1,-0.0891625,0.1049148902621451,-0.2455,0.1213,0.3668,0.2455,-0.3102,0.0807,-0.0910999999999999,-0.0079538461538461,0.305138888888877,-0.4438333333333253,0,1,1.0004875,0.0398614278405475,0.9221,1.1219,0.1997999999999998,1.1219,-0.0592,0.1192999999999999,-0.1407999999999999,-0.0015179487179487,0.2898333333333145,-0.2213333333333391,1,0,0.2839275,0.923519310804862,-1.5225,2.2487,3.7712,2.2487,1.1462,1.82,-2.2225,0.0293897435897435,7.206805555555285,-6.547833333333359,1,0,-0.5291625,0.6405545112564782,-1.6888,1.5137,3.2025,1.6888,1.8987,2.1,-1.7675,0.0486846153846153,6.132291666666434,-3.048166666666516,1,0,6.847095,15.74038822760963,-23.4937,25.8213,49.315,25.8213,49.315,2.9925,-0.3063000000000002,1.2644871794871797,30.26033333333399,1.1716666666666526,0,1
weave,2.34,40,1.015030910169439,1.140225420695399,0.93468021269309,0.205545208002309,19.951426884414385,25.91143418222928,10.717460636736671,15.19397354549261,0.01389,0.0276866051108492,-0.0795,0.0772,0.1567,0.0795,-0.0139,0.1068,-0.0783,-0.0003564102564102,0.2166666666666584,-0.2023333333333384,1,2,-0.1449125,0.0474504015681043,-0.2455,-0.0307,0.2148,0.2455,0.0536999999999999,0.0846,-0.0776,0.001376923076923,0.3576388888888753,-0.2559999999999962,0,0,1.00306,0.0414592960718007,0.9238,1.1219,0.1980999999999999,1.1219,-0.0139,0.1193999999999999,-0.1404999999999998,-0.0003564102564102,0.2898333333333145,-0.2926666666666939,1,0,0.8185549999999999,0.9031221296148156,-1.1025,2.4413,3.5438,2.4413,2.03,1.7937,-2.3451,0.052051282051282,7.043666666666647,-6.5478333333333625,1,0,0.0371774999999999,0.8241503670019732,-1.6888,1.7413,3.4301000000000004,1.7413,-0.0262999999999999,2.2663,-1.96,-0.0006743589743589,7.845833333333878,-5.498000000000431,1,0,19.8994725,4.042741633581229,10.6925,25.8213,15.1288,25.8213,3.403699999999999,1.8899000000000008,-1.3211999999999977,0.0872743589743589,22.501999999999924,-14.583499999999418,1,0
weave,2.3399999999999963,40,1.015776794127147,1.079206106357817,0.9236643654488356,0.1555417409089816,14.761757242526931,26.551316947187384,1.6993852947463093,24.85193165244107,0.0490075,0.0220423181281265,0.0093,0.0991,0.0897999999999999,0.0991,0.0278,0.0511,-0.0549,0.0007128205128205,0.1313333333333423,-0.1353333333333283,1,0,0.1461049999999999,0.0893270767518205,-0.0459,0.2666,0.3125,0.2666,0.2339999999999999,0.072,-0.0584,0.0059999999999999,0.3950000000000142,-0.1928333333333312,0,0,0.9998625,0.039143009904183,0.9148,1.0746,0.1598,1.0746,-0.0756999999999999,0.1211000000000001,-0.1256,-0.0019410256410256,0.2059999999999906,-0.4338888888889241,1,0,1.175125,1.0312701505723605,-0.9187,3.0187,3.9374,3.0187,-1.3037999999999998,2.2487,-2.2138,-0.0334307692307692,9.100000000000282,-10.864333333333686,1,0,-0.8583749999999999,0.8384885849260454,-3.4037,0.4812,3.8849,3.4037,-2.2575,1.6274000000000002,-2.7125,-0.0578846153846153,4.710666666666489,-7.838750000000633,1,0,-10.8578675,12.65636587698039,-26.3025,13.23,39.5325,26.3025,-38.7625,0.7699999999999996,-2.1612,-0.9939102564102564,-1.0329166666666962,-29.29783333333409,0,1
weave,2.3400000000000034,40,1.0139172399686829,1.1076685876199617,0.9300067687925716,0.1776618188273897,13.451222116683216,25.82503752310923,1.0128064671989412,24.812231055910292,0.0247725,0.0295250088473466,-0.0232,0.0903,0.1135,0.0903,-0.0627,0.0694,-0.0627,-0.0016076923076923,0.2005000000000007,-0.1775000000000109,0,0,0.03703,0.1167810293691266,-0.1565,0.2384,0.3949,0.2384,-0.3946,0.0668,-0.0776,-0.0101179487179487,0.0722222222222194,-0.3589999999999863,0,1,1.00598,0.041112323936834,0.9274,1.079,0.1515999999999999,1.079,-0.1320000000000001,0.1484000000000001,-0.1491000000000001,-0.0033846153846153,0.2619999999999933,-0.2838333333333196,1,0,0.022315,1.0010056841842765,-1.9775,2.905,4.8825,2.905,-0.8311999999999999,1.8112,-2.24,-0.0213128205128204,9.68333333333394,-7.320666666666391,1,0,-0.45959,0.7457102815437106,-2.0387,1.4262,3.4649,2.0387,-0.2713,1.7149,-2.3362,-0.0069564102564102,6.0083333333331055,-5.308333333333132,1,0,-7.8979725,13.590787675574866,-25.8213,15.4613,41.2826,25.8213,41.2826,1.8987,0.0962999999999993,1.0585282051282052,24.514833333333954,3.0625555555556048,0,1
weave,2.3399999999999963,40,1.012971948906113,1.1418812066060111,0.932831088675758,0.2090501179302529,13.501486108758106,21.146765235846356,1.0128064671989412,20.133958768647418,0.01703,0.0246979621291582,-0.0232,0.0769,0.1001,0.0769,-0.0427,0.069,-0.0627,-0.0010948717948717,0.2005000000000007,-0.1888333333333426,1,0,-0.1018625,0.066250719154297,-0.2423,0.0747,0.317,0.2423,-0.1779,0.0748,-0.1231999999999999,-0.0045615384615384,0.2683333333333659,-0.26249999999999,0,1,1.00527,0.0432464209279441,0.9274,1.1312,0.2037999999999999,1.1312,-0.091,0.1484000000000001,-0.1627999999999999,-0.0023333333333333,0.2814999999999887,-0.2838333333333196,1,0,0.575975,0.983491790209891,-1.2075,2.905,4.1125,2.905,0.1137999999999999,3.3075,-2.3625000000000003,0.0029179487179487,10.38316666666713,-7.320666666666391,1,0,-0.3686,0.8348455401434662,-2.8525,1.4262,4.2787,2.8525,-0.3412999999999999,2.5462,-2.2225,-0.008751282051282,6.008333333333106,-5.308333333333132,1,0,11.81601,9.653660576462094,-7.9625,21.0963,29.0588,21.0963,28.28,1.8987,-0.7788000000000004,0.7251282051282052,22.70616666666722,-1.6159722222221595,0,1
weave,2.3400000000000034,40,1.0145583612713982,1.1418812066060111,0.9393060949445606,0.2025751116614504,15.111627154653217,21.146765235846356,1.971231437452234,19.17553379839412,0.03357,0.0276810145063826,-0.0167,0.1013,0.118,0.1013,0.0244,0.0688,-0.054,0.000625641025641,0.1974999999999925,-0.2099166666666739,0,0,-0.06307,0.1016003740150596,-0.2423,0.1198,0.3621,0.2423,0.2258,0.0748,-0.1231999999999999,0.0057897435897435,0.3284999999999876,-0.2108333333333252,0,1,1.0067075,0.0432247696528097,0.9317,1.1312,0.1995,1.1312,0.0075999999999998,0.1361000000000001,-0.1627999999999999,0.0001948717948717,0.2814999999999905,-0.3350000000000293,1,0,1.08544,1.0278943258067148,-1.2075,3.2462,4.4536999999999995,3.2462,0.6561999999999999,3.3075,-2.3625000000000003,0.016825641025641,10.38316666666713,-10.383333333332942,1,0,-0.5258825,0.8904714435270676,-2.8525,0.7962,3.6487,2.8525,2.3887,2.6775,-2.1963,0.0612487179487179,7.7897222222219265,-6.591500000000583,1,0,14.143295,8.298231185603228,-5.2325,21.0963,26.3288,21.0963,-21.175,1.1637000000000022,-2.555,-0.542948717948718,10.310500000000305,-32.287499999998786,0,1
weave,2.3399999999999963,40,1.0143692956906438,1.099163195344531,0.9401491371053852,0.1590140582391462,10.9348316688646,19.97058071113607,1.971231437452234,17.999349273683833,0.0425675,0.0251003155307575,-0.0024,0.1013,0.1037,0.1013,0.0217,0.0688,-0.054,0.0005564102564102,0.1480000000000176,-0.1909999999999985,1,0,0.083845,0.0885749717210489,-0.1166,0.2366,0.3532,0.2366,0.3206,0.0574999999999999,-0.0493,0.0082205128205128,0.3284999999999876,-0.0973333333333298,0,1,1.0059175,0.0340984914885522,0.9328,1.0959,0.1631000000000001,1.0959,-0.0231,0.1361000000000001,-0.0861,-0.0005923076923076,0.1966666666666512,-0.3350000000000293,1,0,1.332195,0.7350796935515189,-0.455,3.2462,3.7012,3.2462,0.0437,1.7587,-1.8899,0.0011205128205127,5.381333333333707,-10.383333333332942,1,0,-0.284165,0.926914868037914,-2.6688,1.0412,3.71,2.6688,0.1138,2.6775,-2.275,0.0029179487179487,6.404305555556072,-9.741666666666298,1,0,-1.41793,11.917144249555678,-18.4538,19.8975,38.3513,19.8975,-38.3513,-0.0787999999999993,-2.555,-0.9833666666666668,-4.433166666666494,-32.28749999999877,0,1
weave,2.3400000000000034,40,1.0177687156547013,1.1309361918340044,0.9252086089093638,0.2057275829246405,23.201764816146703,31.606068593547032,5.547085946693092,26.05898264685394,0.0266325,0.033640492903947,-0.0409,0.1003,0.1412,0.1003,-0.0219,0.0909,-0.0874,-0.0005615384615384,0.2613333333333234,-0.2199999999999916,1,0,0.1836725,0.0966189793626331,-0.0232,0.3309,0.3541,0.3309,-0.2548,0.0899999999999999,-0.1386,-0.0065333333333333,0.2211666666666762,-0.3706666666666824,0,0,0.9955725,0.053141644240314,0.8936,1.1171,0.2235,1.1171,0.0112999999999999,0.1513999999999999,-0.1138000000000001,0.0002897435897435,0.4739999999999815,-0.2775000000000229,1,0,-0.3007824999999999,1.1511819176979003,-2.17,2.4413,4.6113,2.4413,-1.6975,3.9112,-2.1001000000000003,-0.043525641025641,8.9543333333332,-9.668833333332966,1,1,-0.9539625,0.9287643715111286,-2.9137,0.5163,3.4299999999999997,2.9137,1.3387,2.3625000000000003,-3.0712,0.034325641025641,8.516499999999677,-5.599833333333205,0,0,-23.13172,7.294480979065524,-31.5788,-5.4075,26.1713,31.5788,13.790000000000004,2.0737000000000005,-1.5398999999999994,0.3535897435897436,26.264666666667026,-14.71466666666609,0,0
weave,2.3399999999999963,40,1.019214745749092,1.1309361918340044,0.9284189302249282,0.2025172616090762,13.9927879542509,31.156057262272448,1.2248083809314827,29.931248881340967,0.0160525,0.0198219638280368,-0.0245,0.0801,0.1046,0.0801,-0.001,0.0614,-0.0547,-2.5641025641026375e-05,0.0945000000000078,-0.11900000000001,1,0,0.0124974999999999,0.1125265267586224,-0.139,0.2013,0.3403,0.2013,-0.3177,0.0679999999999999,-0.0704,-0.0081461538461538,0.0740277777777749,-0.3661666666666527,0,1,1.0127525,0.0464206684045825,0.9233,1.1171,0.1937999999999999,1.1171,0.0254999999999998,0.1513999999999999,-0.1214999999999999,0.0006538461538461,0.3006666666666611,-0.2775000000000229,1,0,0.0404674999999999,0.958080389108132,-2.17,1.8375,4.0075,2.17,1.9513,2.625,-2.1001000000000003,0.0500333333333333,8.9543333333332,-9.566666666666304,1,0,-0.1518024999999999,0.9068311208755804,-2.9137,1.2513,4.165,2.9137,0.56,2.1525000000000003,-3.0712,0.0143589743589743,8.516499999999677,-5.599833333333205,0,0,-5.941905,15.426625901475571,-31.15,14.8663,46.0163,31.15,46.0163,2.0737000000000005,-0.1224000000000007,1.1799051282051285,28.043666666665587,0.6444444444444378,0,1
weave,2.3400000000000034,40,1.0151671230167687,1.1036984597253,0.9460054703858748,0.1576929893394254,8.413407125125383,15.349986885336415,0.6949760355580615,14.655010849778357,0.0302325,0.0216344263581485,-0.0245,0.082,0.1065,0.082,0.0687,0.0614,-0.0547,0.0017615384615384,0.146666666666665,-0.1165000000000054,1,0,-0.0366975,0.0791189480611799,-0.139,0.1157,0.2547,0.139,0.1366,0.0847,-0.1033,0.0035025641025641,0.4551666666666802,-0.2660000000000096,0,1,1.0108125,0.0411289416316976,0.9411,1.1014,0.1602999999999999,1.1014,0.0525000000000001,0.1209000000000001,-0.1214999999999999,0.0013461538461538,0.3606666666666918,-0.2509999999999888,1,0,0.7568725,0.9289249824773328,-0.735,2.485,3.22,2.485,0.1312999999999999,1.89,-1.7325000000000002,0.0033666666666666,5.293666666666594,-7.466833333333637,1,0,0.076125,0.671629239047549,-1.5137,1.2513,2.765,1.5137,-1.2338,1.8026,-1.9249,-0.0316358974358974,4.520666666666496,-5.045999999999808,1,0,7.3451875,6.390354706867478,-3.9987,15.1637,19.1624,15.1637,-0.3586999999999998,1.8988,-2.24,-0.0091974358974358,23.39183333333384,-25.331333333332378,1,2
weave,2.3399999999999963,40,1.0171860360412357,1.1036984597253,0.933934403478103,0.1697640562471971,8.276461864122334,15.349986885336415,0.6949760355580615,14.655010849778357,0.0406,0.0169213262497737,0.0122,0.082,0.0698,0.082,0.0327,0.0491,-0.0506999999999999,0.0008384615384615,0.0808333333333405,-0.1165000000000054,1,0,0.0576175,0.0781452850998275,-0.1291,0.1618,0.2909,0.1618,0.2603999999999999,0.0868,-0.1033,0.006676923076923,0.4551666666666802,-0.2187500000000175,0,1,1.011695,0.0403133874181791,0.9293,1.1014,0.1720999999999999,1.1014,0.0412000000000001,0.1265,-0.1193999999999999,0.0010564102564102,0.3606666666666918,-0.2976666666666663,1,0,1.14319,0.8711122477055205,-0.6125,2.485,3.0975,2.485,0.5601,1.6537000000000002,-1.4961999999999998,0.0143615384615384,8.808333333333465,-7.466833333333637,0,0,-0.276505,0.6881667876806222,-1.5137,1.0938,2.6075,1.5137,-0.6387,1.8026,-2.4763,-0.016376923076923,3.3978333333336552,-5.045999999999809,0,0,-0.45106,9.094679483104958,-10.3512,15.1637,25.5149,15.1637,-24.99,0.2713000000000001,-2.24,-0.6407692307692309,1.4823611111112347,-25.331333333332378,0,1
weave,2.3400000000000034,40,1.016493116347406,1.091896684673051,0.9294533500934836,0.1624433345795671,16.185655823628473,22.841756069094163,10.46489820208491,12.376857867009251,0.049085,0.0207858994365078,0.011,0.09,0.079,0.09,-0.0134999999999999,0.0457999999999999,-0.0774,-0.0003461538461538,0.1124999999999958,-0.0847499999999967,1,0,0.1537375,0.0370910915249581,0.077,0.2088,0.1318,0.2088,0.0514999999999999,0.0938999999999999,-0.0916,0.0013205128205128,0.2580000000000043,-0.1731666666666681,1,0,1.0027325,0.0342263085756841,0.9243,1.0799,0.1556,1.0799,-0.0253999999999999,0.1529999999999999,-0.1308999999999999,-0.000651282051282,0.1844999999999963,-0.2586666666666737,1,0,0.25419,0.9585869198848684,-1.1463,2.8788,4.0251,2.8788,-0.5075,2.31,-1.7937999999999998,-0.0130128205128204,11.03983333333342,-8.881333333332996,1,0,-0.6081099999999999,0.7754154558223644,-2.1525,1.925,4.0775,2.1525,-0.6475,3.29,-2.3537,-0.016602564102564,6.824999999999735,-9.017083333332993,1,0,-16.119909999999997,4.687034953111861,-22.7588,-10.4563,12.3025,22.7588,-11.7687,0.9712999999999994,-1.3300000000000018,-0.3017615384615384,1.2541666666666629,-11.914666666666932,0,0
weave,2.3399999999999963,40,1.0102974263187257,1.0920616557685745,0.9235239953569157,0.1685376604116587,21.229126808104184,22.841756069094163,16.170343029447462,6.671413039646701,0.0407525,0.0269815700394708,-0.0192,0.09,0.1091999999999999,0.09,-0.0302,0.0621999999999999,-0.0774,-0.0007743589743589,0.1008333333333269,-0.2088333333333329,0,0,0.16121,0.032284788829162,0.077,0.2088,0.1318,0.2088,-0.0631999999999999,0.0772,-0.0916,-0.0016205128205128,0.1938333333333455,-0.1538333333333348,1,0,0.99568,0.0386545330210691,0.9143,1.0773,0.1629999999999999,1.0773,0.0752,0.1529999999999999,-0.1395,0.0019282051282051,0.2115000000000009,-0.3286111111110976,1,0,0.08903,0.7192956976205158,-1.1463,1.6187,2.765,1.6187,-0.6036999999999999,1.7588,-1.7412999999999998,-0.0154794871794871,4.6083333333334515,-6.591499999999751,1,0,-0.7039225,0.9116820463206092,-2.835,1.6625,4.4975000000000005,2.835,0.35,2.9837,-2.3537,0.0089743589743589,9.872833333333324,-6.55027777777753,0,0,-21.187475,1.7272247468194868,-22.7588,-16.17,6.588799999999999,22.7588,-4.243699999999997,1.2162000000000006,-1.163800000000002,-0.1088128205128204,5.716833333333113,-11.520666666666957,0,0
weave,2.3400000000000034,40,1.0060511686500742,1.1122527095943615,0.9235239953569157,0.1887287142374462,18.287021995595573,22.58766092648816,10.328460288929806,12.259200637558353,0.0094875,0.0266907569471204,-0.0596,0.0559,0.1154999999999999,0.0596,-0.0149,0.0761,-0.0646,-0.0003820512820512,0.1648333333333308,-0.1721666666666601,1,2,0.12639,0.0418010415770118,0.0358,0.1947,0.1589,0.1947,0.0009,0.096,-0.081,2.307692307692267e-05,0.3371250000000071,-0.2356666666666578,0,0,0.9968675,0.0388999992584536,0.9143,1.1036,0.1892999999999999,1.1036,0.0411,0.1439,-0.1395,0.0010538461538461,0.453333333333318,-0.2639999999999869,1,0,0.2377799999999999,1.054374727869191,-1.8813,3.6925,5.5738,3.6925,2.4762,1.7588,-1.6012999999999995,0.0634923076923076,11.083166666666248,-6.591499999999751,1,0,-0.6735275,1.0635324049618076,-2.9575,1.6625,4.62,2.9575,-0.6562999999999999,2.9837,-2.1962,-0.0168282051282051,9.872833333333324,-7.364666666666468,1,0,-18.197592500000003,4.400815985373826,-22.54,-10.1587,12.3813,22.54,9.17,1.2162000000000006,-1.295,0.2351282051282051,13.868833333333612,-7.449444444444159,0,0
weave,2.3399999999999963,40,1.011347276430398,1.1122527095943615,0.9502547500539,0.1619979595404617,19.36579420912624,30.7846936398594,10.328460288929806,20.45623335092959,0.0335725,0.0460191598197187,-0.0596,0.1217,0.1813,0.1217,0.0487,0.0761,-0.0528,0.0012487179487179,0.2181944444444618,-0.1594999999999939,0,1,0.167015,0.0758695728004519,0.0358,0.2982,0.2624,0.2982,0.0769,0.096,-0.0666,0.0019717948717948,0.3630000000000045,-0.2534583333333238,0,0,0.9931175,0.0402686611462663,0.9182,1.1036,0.1853999999999999,1.1036,0.0624,0.1269,-0.0983,0.0016,0.4437500000000377,-0.3143333333333196,1,0,0.4350925,1.1940044294870165,-1.8813,3.6925,5.5738,3.6925,0.455,2.0738000000000003,-1.8812,0.0116666666666666,11.083166666666248,-9.20216666666632,1,0,-0.9358225,1.0623057813410002,-3.1588,1.3212,4.4799999999999995,3.1588,-1.54,2.5812999999999997,-2.8000000000000003,-0.0394871794871794,7.174833333333418,-7.3646666666664675,0,0,-19.2600575,6.5977345566446,-30.66,-10.1587,20.5013,30.66,-11.0513,0.9801000000000002,-2.205000000000002,-0.2833666666666667,13.868833333333612,-22.28349999999918,1,0
weave,2.3400000000000034,40,1.009584326118269,1.147922214263667,0.9095082957290712,0.2384139185345956,20.500101535137834,32.21153243218956,1.453998476615433,30.757533955574125,0.02569,0.0357412840370262,-0.034,0.1542,0.1882,0.1542,0.0124,0.1296,-0.102,0.0003179487179487,0.2048333333333256,-0.2781666666666563,0,0,0.11732,0.1243626421769446,-0.1257,0.2937,0.4194,0.2937,-0.3649,0.0685,-0.1358,-0.0093564102564102,0.1208333333333289,-0.4363333333333168,0,1,0.9944325,0.04906283458158,0.9065,1.1104,0.2039,1.1104,-0.0842999999999999,0.1225,-0.155,-0.0021615384615384,0.2775000000000016,-0.6737499999999752,1,0,-0.7028425,0.847411893881025,-2.345,1.6363,3.9813,2.345,-0.8225,1.7501,-2.6075,-0.0210897435897435,6.664666666666798,-8.501999999999677,1,0,-0.2747425,0.7965944165996222,-2.3363,1.7587,4.095,2.3363,-0.7174,1.6275,-3.3162000000000003,-0.0183948717948718,3.791500000000039,-11.569166666666227,1,0,-18.921437500000003,13.525145391089003,-32.1387,10.0712,42.2099,32.1387,40.425,3.1326,-0.5862000000000016,1.0365384615384614,34.781166666667346,-3.893833333333248,0,1
weave,2.3399999999999963,40,0.9990893145829514,1.1041756427308111,0.9095082957290712,0.1946673470017398,14.711669130993744,22.297805141538035,1.453998476615433,20.843806664922603,0.0140375,0.0252049922558088,-0.034,0.0913,0.1253,0.0913,-0.0107,0.0775,-0.0635,-0.0002743589743589,0.177638888888882,-0.181999999999993,1,0,-0.0689,0.1085932306526965,-0.2603,0.1435,0.4037999999999999,0.2603,-0.2471,0.0809999999999999,-0.1358,-0.0063358974358974,0.3265000000000031,-0.4363333333333168,0,1,0.9905375,0.0516135724919774,0.9065,1.0968,0.1903,1.0968,-0.036,0.1866999999999999,-0.155,-0.0009230769230769,0.3773333333333539,-0.3141666666666527,1,0,-0.235365,0.8073190576190258,-2.345,1.1988,3.5438,2.345,1.5926,2.065,-1.6976,0.0408358974358974,5.512333333333592,-6.373000000000258,1,0,-0.11593,0.7142552148199102,-1.5575,1.7587,3.3162000000000003,1.7587,0.2187,1.6275,-3.3162000000000003,0.0056076923076923,3.791500000000039,-5.541666666666684,1,0,5.380814999999999,15.30630694426572,-22.2862,21.6475,43.9337,22.2862,43.8812,3.1326,-0.0525000000000019,1.1251589743589745,34.781166666667346,0.3158333333333254,0,1
weave,2.3400000000000034,40,1.007627466822718,1.1084004240345635,0.9189814960052244,0.1894189280293392,19.129666899528576,21.649682731624495,11.770572721409948,9.87911001021455,0.0218575,0.0293037486662958,-0.0307,0.1047,0.1354,0.1047,-0.0244,0.1212,-0.0646,-0.000625641025641,0.1734999999999933,-0.3297222222222097,1,0,-0.1398174999999999,0.0400609336367258,-0.2603,-0.0642,0.1961,0.2603,-0.0383999999999999,0.0932,-0.1253999999999999,-0.0009846153846153,0.3265000000000033,-0.2844166666666758,1,0,0.996445,0.0514468854804741,0.9089,1.0968,0.1878999999999999,1.0968,0.0475999999999999,0.1866999999999999,-0.1575,0.0012205128205128,0.274916666666698,-0.3141666666666527,1,0,0.318075,0.9546341975614776,-1.9863,3.325,5.3113,3.325,3.0187,2.6775,-3.0450999999999997,0.0774025641025641,12.1043055555551,-8.73566666666702,1,0,-0.06868,0.6710051129768131,-1.3825,1.3475,2.73,1.3825,1.3824999999999998,1.8375,-2.6863,0.0354487179487179,3.981333333333182,-4.185499999999877,1,0,19.091410000000003,2.564460537443024,11.7425,21.6475,9.905,21.6475,4.585000000000001,1.3825000000000005,-1.172500000000003,0.1175641025641025,17.091666666667095,-8.035333333333568,1,0
weave,2.3399999999999963,40,1.0064974000427782,1.1100560391259533,0.8983971616161753,0.2116588775097779,13.558819844009095,21.60973239376185,0.9911256882958892,20.618606705465957,0.0152225,0.0286829395151677,-0.031,0.1047,0.1357,0.1047,-0.0306999999999999,0.1212,-0.0646,-0.0007871794871794,0.2055000000000027,-0.2071666666666655,1,0,-0.0391075,0.1053277604518147,-0.1938,0.1986,0.3923999999999999,0.1986,0.2001,0.1347999999999999,-0.103,0.0051307692307692,0.4084999999999846,-0.2561666666666788,0,1,0.9998025,0.0560046082696406,0.8907,1.1071,0.2163999999999999,1.1071,0.0302999999999999,0.1531,-0.1575,0.000776923076923,0.4287500000000363,-0.2978333333333154,1,0,0.9045275,1.0253256885916286,-1.9863,3.325,5.3113,3.325,0.3763000000000001,2.6775,-3.0450999999999997,0.0096487179487179,10.004166666666288,-8.735666666667022,1,0,0.14285,0.7497283217341175,-1.2075,2.59,3.7975,2.59,1.0236999999999998,1.8375,-3.15,0.0262487179487179,7.335333333333056,-4.848888888889279,1,0,11.944412500000002,9.511001423862345,-8.0063,21.6038,29.6101,21.6038,-29.3563,0.8487000000000009,-1.8463,-0.7527256410256411,-0.675666666666757,-23.43533333333391,0,1
weave,2.3400000000000034,40,1.0125369362311465,1.101092893447233,0.9321563924578322,0.1689365009894008,18.69508730763588,21.203039833712523,9.67418326992,11.528856563792525,0.027475,0.0345988272366831,-0.0617,0.0809,0.1426,0.0809,-0.0457,0.0783,-0.0869,-0.0011717948717948,0.3188333333333543,-0.3243333333333256,1,2,0.1817175,0.039640699672342,0.0817,0.2527,0.1709999999999999,0.2527,0.0244,0.1062,-0.0934,0.000625641025641,0.3122083333333232,-0.26599999999999,1,0,0.9944425,0.0425532480154766,0.9048,1.0782,0.1734,1.0782,0.0332,0.1139,-0.1124,0.000851282051282,0.3743333333333378,-0.4236666666666764,1,0,0.113095,0.9885916758261828,-2.3975,2.8525,5.25,2.8525,0.4549999999999999,3.5525,-4.2875,0.0116666666666667,7.959999999999698,-7.102166666666397,1,1,-0.3239675,1.135651865306035,-3.115,3.1325,6.2475000000000005,3.1325,-0.6563,4.515000000000001,-4.1562,-0.0168282051282051,9.40616666666782,-6.586888888888637,1,1,-18.63377,2.909349075070811,-21.1925,-9.66,11.5325,21.1925,-6.623799999999999,0.9538000000000012,-1.7588000000000008,-0.1698410256410256,9.887333333333572,-21.087333333332523,0,0
weave,2.3399999999999963,40,1.002105129885944,1.1023860077123622,0.8569192610742274,0.2454667466381347,14.080530155359062,21.203039833712523,1.4630041865968806,19.740035647115644,0.0155175,0.0297844296571211,-0.0542,0.0798,0.134,0.0798,0.0733,0.0788,-0.0872999999999999,0.0018794871794871,0.2687500000000216,-0.2730000000000183,1,1,0.1122,0.0845637886980849,-0.1142,0.2296,0.3438,0.2296,-0.1999999999999999,0.092,-0.1266,-0.0051282051282051,0.2532777777777854,-0.5306666666666466,0,1,0.991695,0.0499246866122696,0.8467,1.0943,0.2476,1.0943,0.0623,0.1182999999999999,-0.2476,0.0015974358974358,0.4184999999999839,-0.2619999999999916,1,0,-0.327245,1.1642679216175684,-3.0013,2.8525,5.8538,3.0013,-1.715,3.5525,-4.2875,-0.0439743589743589,6.9272916666669735,-7.102166666666397,1,2,-0.006125,1.023362566963214,-2.1,3.1325,5.2325,3.1325,-0.6562,3.9113,-4.1562,-0.016825641025641,9.40616666666782,-6.533333333333147,1,1,-13.5432475,7.7093951273251236,-21.1925,3.4125,24.605,21.1925,24.0975,1.5925,-0.8138000000000005,0.6178846153846153,21.466666666665844,-1.3015833333332694,0,1
weave,2.3399999999999963,40,0.9923092115778795,1.1023860077123622,0.8569192610742274,0.2454667466381347,10.29290749141156,18.68350747504333,1.4630041865968806,17.22050328844645,0.0263525,0.0379218290934769,-0.0542,0.143,0.1972,0.143,0.0389,0.1251999999999999,-0.0872999999999999,0.0009974358974358,0.3363333333333206,-0.3500000000000697,0,1,-0.031865,0.1032523782553438,-0.1959,0.1379,0.3338,0.1959,-0.2445,0.0989999999999999,-0.1266,-0.0062692307692307,0.1708333333333513,-0.5306666666666466,0,1,0.98539,0.0535256267403635,0.8467,1.0943,0.2476,1.0943,0.0154999999999999,0.1182999999999999,-0.2476,0.0003974358974358,0.4948611111110924,-0.3911666666666811,1,0,-0.3556825,0.9518915249790404,-3.0013,1.3475,4.3488,3.0013,0.1574999999999999,1.9338,-2.1438,0.0040384615384615,7.189833333333676,-5.629166666666649,0,0,-0.2789075,1.2354720977429163,-3.36,2.135,5.494999999999999,3.36,0.4462,3.8412,-4.6287,0.0114410256410256,7.247999999999725,-6.533333333333148,0,1,2.434245,11.201451552433408,-16.065,18.6462,34.711200000000005,18.6462,34.711200000000005,1.5925,-0.315100000000001,0.8900307692307694,21.466666666665844,5.566000000000571,0,1
weave,2.3399999999999963,40,0.9872201053652268,1.0790275344030846,0.9005853263294933,0.1784422080735913,15.111366905829613,18.80368976265031,4.460268560299928,14.343421202350385,0.04216,0.0326320339700981,-0.0412,0.143,0.1841999999999999,0.143,0.0127,0.1251999999999999,-0.0866,0.000325641025641,0.3363333333333206,-0.3015000000000334,1,0,-0.1277225,0.042926248544481,-0.1959,-0.0267,0.1692,0.1959,-0.1098,0.0989999999999999,-0.0705,-0.0028153846153846,0.1555000000000657,-0.3535000000000048,0,0,0.9764775,0.0487290282964676,0.8808,1.0673,0.1864999999999999,1.0673,0.0857999999999999,0.1091999999999999,-0.1617999999999999,0.0021999999999999,0.3571666666666528,-0.4116666666666519,1,0,0.24456,0.7614752496272429,-1.6888,1.7938,3.4826,1.7938,0.8049,1.9338,-2.1438,0.0206384615384615,7.087500000000212,-5.4979999999997915,1,0,-0.5779375000000001,1.1162247700511043,-3.36,1.6975,5.0575,3.36,2.905,3.8412,-4.6287,0.0744871794871795,7.247999999999725,-6.299999999999761,0,0,15.027247499999998,4.324984957020675,4.2787,18.76,14.4813,18.76,12.810099999999998,1.5401000000000025,-0.7875000000000014,0.3284641025641025,14.96266666666702,-2.3574999999998933,0,0
weave,2.3400000000000034,40,0.9927613447810864,1.0843848440475363,0.8919998934977516,0.192384950549785,8.172145043008204,16.941624844742606,1.2649406626399518,15.676684182102656,0.0388924999999999,0.0250167880811553,-0.0206,0.0915,0.1121,0.0915,-0.0145999999999999,0.0646,-0.0728999999999999,-0.0003743589743589,0.1936666666666593,-0.2123333333333253,0,0,0.0333599999999999,0.07884171679823,-0.1366,0.1362,0.2728,0.1366,0.2138,0.1167,-0.0866,0.0054820512820512,0.2271666666667006,-0.1127777777777735,0,1,0.9880775,0.0402927205202512,0.8909,1.0822,0.1913,1.0822,0.0151999999999999,0.1182999999999998,-0.1433999999999999,0.0003897435897435,0.313166666666719,-0.2473333333333229,1,0,0.721015,0.9524536679087444,-1.1025,2.8875,3.99,2.8875,0.84,1.1637999999999995,-1.4087999999999998,0.0215384615384615,5.031000000000651,-8.735499999999668,1,0,0.1631925,0.809682614104646,-1.3125,1.6712,2.9837,1.6712,-0.4987,2.1962,-1.82,-0.0127871794871794,7.131166666666396,-6.620833333333083,1,0,2.2929475000000004,9.187918678993,-9.8787,16.9137,26.7924,16.9137,-26.7137,0.0786999999999995,-1.6188000000000002,-0.6849666666666666,-1.5699999999999363,-19.526999999999255,0,1
weave,2.3400000000000034,40,1.001468943791629,1.0670095688418169,0.906106445181801,0.1609031236600159,9.503342233282318,14.890814799063214,1.2649406626399518,13.625874136423263,0.0446925,0.0215375091707943,-0.0024,0.0915,0.0939,0.0915,-0.022,0.0553,-0.0537,-0.0005641025641025,0.188166666666683,-0.1264999999999952,1,0,0.1095825,0.0281273011594219,0.0339,0.1615,0.1276,0.1615,0.0442,0.0531,-0.0754,0.0011333333333333,0.1333333333333459,-0.1376666666666823,0,0,0.9938475,0.0366935331932634,0.9028,1.0589,0.1560999999999999,1.0589,-0.0212999999999998,0.1182999999999998,-0.0996999999999999,-0.0005461538461538,0.2721666666666689,-0.30799999999999,1,0,0.1498499999999999,0.7937407310987186,-1.435,2.0038,3.4388,2.0038,-0.5863,1.6012,-1.5225,-0.0150333333333333,4.958333333333146,-8.735499999999668,1,0,0.06934,0.6581391805105338,-1.3825,1.6712,3.0537,1.6712,0.7,2.1962,-1.82,0.0179487179487179,5.104166666666474,-5.148000000000639,1,0,-9.35681,4.552929779136022,-14.8663,0.1663,15.0326,14.8663,-14.9713,0.2975000000000012,-0.9888,-0.3838794871794871,-1.1791666666666272,-11.141666666667554,0,0
weave,2.339999999999989,40,1.0067698093912774,1.0788120967063726,0.9246957878134842,0.1541163088928884,13.942578744469548,15.234251068890783,10.57818184992109,4.656069218969694,0.048455,0.0251510202678305,-0.0258,0.1139,0.1397,0.1139,0.0119,0.0963,-0.0597,0.0003051282051282,0.220000000000037,-0.1908333333333262,1,0,0.1258999999999999,0.0320286730514377,0.0432,0.2237,0.1805,0.2237,0.0413,0.1805,-0.1283,0.0010589743589743,0.1966666666666594,-0.1386666666666945,1,0,0.99693,0.0316389260409648,0.9099,1.0589,0.1489999999999999,1.0589,-0.004,0.0950999999999998,-0.0996999999999999,-0.0001025641025641,0.2168055555555998,-0.30799999999999,1,0,0.0723999999999999,0.7073350665775424,-1.435,1.3825,2.8175,1.435,-1.5487,1.6012,-1.8287,-0.0397102564102564,6.737499999999745,-4.900166666666482,1,0,-0.291155,0.6308791789525927,-1.8987,0.8662,2.7649,1.8987,-0.9012,1.5926,-1.7762,-0.0231076923076923,3.893833333334266,-3.4708333333332027,0,0,-13.908342499999998,1.3201843715231985,-15.1812,-10.57,4.6112,15.1812,-3.2812,0.446299999999999,-0.6125000000000007,-0.0841333333333333,1.735499999999945,-5.570999999999799,0,0
weave,2.3400000000000034,40,1.0057668848788888,1.0607336234889513,0.9336800040699168,0.1270536194190343,21.4655501361747,24.033207379374065,16.696706176069576,7.336501203304486,0.0559799999999999,0.0200456683728136,0.0195,0.1143,0.0948,0.1143,0.0393,0.0613,-0.0454,0.0010076923076923,0.1656666666666602,-0.1619999999999938,1,0,0.1584975,0.0266651649016234,0.1035,0.2173,0.1138,0.2173,0.0052999999999999,0.0766,-0.0788,0.0001358974358974,0.2153333333333251,-0.1389999999999944,1,0,0.9910625,0.0335662123120014,0.9167,1.0526,0.1359,1.0526,0.0217,0.1023,-0.1049999999999999,0.0005564102564102,0.2541666666666575,-0.334333333333344,1,0,-0.060815,1.0683880440129154,-2.835,1.7237,4.5587,2.835,-1.5838,2.1349,-2.4324,-0.0406102564102564,12.395666666666198,-11.18533333333291,1,0,-0.33535,1.1669953085837192,-1.7587,3.0187,4.7774,3.0187,-2.3712,2.3538,-2.6163,-0.0608,5.789666666666448,-10.5145000000015,0,0,-21.4027225,2.1720747953650807,-23.975,-16.345,7.630000000000003,23.975,-6.063700000000001,0.5249999999999986,-1.0324999999999989,-0.1554794871794872,2.902166666667142,-7.729166666666373,0,0
weave,2.3400000000000034,40,0.99575096626641,1.071349504130188,0.9358358509909736,0.1355136531392142,20.136245401278583,24.033207379374065,13.343460242755626,10.689747136618436,0.04202,0.0291344469657482,-0.0051,0.1143,0.1194,0.1143,-0.0358,0.0613,-0.0607,-0.0009179487179487,0.1656666666666603,-0.2143333333333515,1,0,0.1298675,0.0378819379699478,0.0398,0.2173,0.1775,0.2173,-0.0931999999999999,0.0766,-0.0671999999999999,-0.0023897435897435,0.2697222222222123,-0.2073333333333789,0,0,0.9851949999999998,0.0313241690089707,0.9167,1.0632,0.1464999999999999,1.0632,0.0121,0.1120999999999999,-0.1047000000000001,0.0003102564102564,0.2541666666666557,-0.2583333333333228,1,0,-0.0608174999999999,0.7898617080799814,-1.7763,1.47,3.2462999999999997,1.7763,-0.6475,1.295,-1.9162,-0.0166025641025641,8.575166666667068,-7.461527777777492,1,0,-0.421535,0.8613547559900431,-1.7587,1.4963,3.255,1.7587,1.0237,2.3187,-2.1875,0.0262487179487179,5.662916666666451,-5.140694444444249,0,0,-20.098532499999997,3.6915565613067503,-23.975,-13.265,10.71,23.975,7.918800000000001,1.3911999999999978,-0.9187000000000012,0.2030461538461538,11.360333333332903,-5.419999999999775,0,0
weave,2.339999999999989,40,0.9990614742719142,1.0742970445831077,0.9091991640999236,0.165097880483184,16.725001120221787,22.10564483768795,13.343460242755626,8.762184594932325,0.0145499999999999,0.0192081179419482,-0.03,0.0581,0.0881,0.0581,-0.0393,0.0485,-0.0881,-0.0010076923076923,0.06133333333332,-0.1575000000000312,1,0,0.1236475,0.0385186800336987,0.0398,0.2377,0.1979,0.2377,0.0484,0.0951,-0.0854,0.0012410256410256,0.3956666666666517,-0.2399999999999909,1,0,0.990375,0.0398812387612045,0.8954,1.0674,0.1719999999999999,1.0674,-0.0425,0.1120999999999999,-0.1119999999999999,-0.0010897435897435,0.2008333333333247,-0.3809999999999851,1,0,0.1056499999999999,1.3592682194135537,-2.835,3.5875,6.422499999999999,3.5875,2.0388,2.765,-2.2049,0.052276923076923,13.620833333332818,-17.339500000001664,1,2,0.00044,0.8585819862289932,-1.9863,1.82,3.8063,1.9863,-0.6912,2.0387,-2.0213,-0.0177230769230769,5.935333333333109,-6.198000000001464,1,0,-16.64863,2.506689563916153,-22.085,-13.265,8.82,22.085,1.5225000000000009,1.3911999999999978,-0.9012999999999992,0.0390384615384615,11.360333333332877,-9.14366666666632,1,0
weave,2.3400000000000034,40,1.0099362750689604,1.125873767346944,0.8544388333871535,0.2714349339597903,27.77024146293013,32.22667673496602,20.802051336827336,11.424625398138684,0.03761,0.0267992709430111,-0.0358,0.0993,0.1351,0.0993,0.0157,0.0671,-0.0659,0.0004025641025641,0.2140000000000177,-0.1739999999999933,1,0,0.22006,0.0360449206919963,0.1344,0.2925,0.1581,0.2925,0.0518,0.1040999999999999,-0.0892,0.0013282051282051,0.2161111111111027,-0.2609999999999901,1,0,0.9839,0.0588447849681577,0.8098,1.1099,0.3001000000000001,1.1099,0.1519000000000001,0.2592,-0.1931999999999999,0.0038948717948717,0.5332499999999811,-0.2954999999999899,0,0,0.2789025,0.9820406922707636,-1.575,3.0187,4.5937,3.0187,-3.1762,2.1088,-2.3011999999999997,-0.0814410256410256,5.031500000000092,-9.541166666666308,1,0,-0.947615,1.2532807704233,-4.62,0.8838,5.5038,4.62,1.3825,5.5038,-2.9661999999999997,0.0354487179487179,14.652749999999449,-15.224999999999424,1,0,-27.707535,3.597659618778539,-31.8937,-20.5537,11.34,31.8937,-8.233800000000002,1.7236999999999971,-1.3300000000000018,-0.2111230769230769,7.222333333332983,-9.989666666666295,0,0
weave,2.3400000000000034,40,1.0095925621071948,1.125873767346944,0.8544388333871535,0.2714349339597903,22.340842943898743,32.22667673496602,1.357135358024394,30.869541376941623,0.0122925,0.0326386383223697,-0.0423,0.0993,0.1416,0.0993,-0.0243999999999999,0.0625,-0.0607,-0.000625641025641,0.1793055555555487,-0.1739999999999933,0,0,0.143785,0.1089112307316705,-0.1057,0.2925,0.3982,0.2925,-0.327,0.1040999999999999,-0.0997,-0.0083846153846153,0.1953333333333258,-0.4063333333333179,0,1,0.99288,0.0555789491601234,0.8098,1.1099,0.3001000000000001,1.1099,0.0377999999999998,0.2592,-0.1931999999999999,0.0009692307692307,0.4519999999999839,-0.2954999999999899,1,0,-0.2469725,0.7797359674710079,-1.8112,1.3475,3.1586999999999996,1.8112,-2.3188,1.7149,-2.3011999999999997,-0.0594564102564102,5.833166666666445,-5.818666666666338,1,0,-0.79996,1.2160709868365585,-4.62,1.3475,5.9675,4.62,0.5863,5.5038,-2.9661999999999997,0.0150333333333332,13.69383333333282,-15.224999999999424,1,0,-22.04125,10.992128997255612,-31.8937,2.7912,34.6849,31.8937,31.9549,2.3712,-0.8486999999999973,0.8193564102564102,30.23133333333611,-3.4710000000002026,0,1
weave,2.3400000000000034,40,0.9988431610809784,1.0924168252091322,0.895752136475264,0.1966646887338682,15.148060137315744,27.700796481148338,1.357135358024394,26.34366112312394,0.0023875,0.0241594509563611,-0.0423,0.0467,0.089,0.0467,0.0056,0.0501,-0.0545,0.0001435897435897,0.1556944444444385,-0.1727777777777712,1,0,-0.0527425,0.1285261439781705,-0.2323,0.1932,0.4255,0.2323,-0.3335,0.0804,-0.0997,-0.008551282051282,0.1054999999999961,-0.4658333333333768,0,1,0.98902,0.0453892238425117,0.8842,1.079,0.1947999999999999,1.079,0.0081999999999999,0.1336999999999999,-0.1543999999999999,0.0002102564102564,0.3840000000000589,-0.466999999999981,1,0,0.17915,1.1035117382294837,-1.8112,2.5463,4.3575,2.5463,3.8675,1.7237,-2.2662,0.0991666666666666,9.901999999999624,-5.818666666666338,0,0,-0.3117125,0.9995218541979114,-2.17,1.6013,3.7713,2.17,0.84,2.45,-2.8,0.0215384615384615,5.774999999999781,-5.366666666666463,0,0,1.340055,16.838907465533353,-27.65,21.4375,49.0875,27.65,49.0875,2.4237,0.0,1.258653846153846,34.06649999999871,0.4736111111110651,0,1
weave,2.339999999999989,40,1.017759645568662,1.1646886708472783,0.8868456235444814,0.2778430473027969,18.942819613125252,22.626377070136527,5.008365390024973,17.618011680111554,0.0165974999999999,0.0211070226191699,-0.019,0.0608,0.0798,0.0608,0.0549,0.0581,-0.0525999999999999,0.0014076923076923,0.1600000000000318,-0.1509999999999943,1,0,-0.1635825,0.0414564206619742,-0.2445,-0.0754,0.1691,0.2445,-0.0878,0.1331999999999999,-0.1188999999999999,-0.002251282051282,0.1633333333333269,-0.2670833333333867,0,0,1.0032450000000002,0.0637625762356347,0.8718,1.1611,0.2893,1.1611,0.1209,0.2156,-0.2457,0.0031,0.4338333333333786,-0.466999999999981,1,0,0.7678050000000001,0.9373884800542738,-1.3212,2.5463,3.8675,2.5463,3.0537,2.205,-2.3975,0.0783,9.901999999999624,-4.812499999999817,1,0,-0.0877174999999999,0.9606377368606592,-1.82,1.6013,3.4213,1.82,-0.5074,1.7237,-2.8,-0.0130102564102563,5.774999999999781,-5.9644999999997745,1,0,18.87637,4.498682589848403,4.83,22.54,17.71,22.54,14.6125,2.4237,-0.7787000000000006,0.3746794871794871,26.20616666666568,-5.29366666666715,0,0
weave,2.3400000000000034,40,1.015307151390451,1.2352456678733992,0.9304486122296062,0.304797055643793,10.61098609443558,18.78525084687453,1.610694552048898,17.174556294825628,0.0094325,0.0298325187182866,-0.0581,0.0727,0.1308,0.0727,0.0101,0.0894,-0.091,0.0002589743589743,0.26399999999999,-0.1961666666666777,1,1,0.0782175,0.1033236138212215,-0.1423,0.2416,0.3839,0.2416,0.2665,0.1008,-0.0922,0.0068333333333333,0.4698333333333155,-0.1840277777777708,0,1,1.0066324999999998,0.0551535868954676,0.9125,1.2296,0.3171,1.2296,-0.0312999999999999,0.284,-0.2085000000000001,-0.0008025641025641,0.2944999999999869,-0.3233333333333714,1,0,1.397595,1.2058824833142334,-1.435,3.5787,5.0137,3.5787,0.0262,2.5112,-1.6188000000000002,0.0006717948717948,8.63316666666634,-12.541499999999523,1,0,0.0538175,0.9450497815913708,-1.7675,2.1263,3.8938,2.1263,-1.6275,2.275,-2.3624,-0.0417307692307692,4.1851666666665075,-6.927166666666404,0,0,-1.5953375,11.794960528812718,-17.08,18.7512,35.831199999999995,18.7512,-35.831199999999995,0.0525000000000002,-1.9512,-0.9187487179487178,-1.808499999999924,-24.995833333332385,0,1
weave,2.3400000000000034,40,1.0118274603430824,1.1142408716251615,0.9304486122296062,0.1837922593955555,16.750885070950357,23.855652038667905,5.099978958780124,18.755673079887774,0.030775,0.0297771358681929,-0.0364,0.0886,0.125,0.0886,0.0027,0.0904,-0.0715,6.923076923076962e-05,0.2639999999999899,-0.1695000000000322,0,0,0.1818125,0.0539364307096076,0.0388,0.2784,0.2395999999999999,0.2784,0.0841,0.0881,-0.0983,0.0021564102564102,0.4698333333333155,-0.1961666666666852,1,0,0.9929825,0.0410196131168543,0.9125,1.1026,0.1901,1.1026,-0.056,0.1498,-0.1323,-0.0014358974358974,0.2944999999999869,-0.2838333333333196,1,0,0.4499674999999999,1.35379535748292,-2.8087,3.2462,6.0549,3.2462,-4.4712,1.7849999999999997,-1.4611999999999998,-0.1146461538461538,8.63316666666634,-12.541499999999523,1,1,-0.5969599999999999,0.9007071235765478,-3.2375,1.7062,4.9437,3.2375,-0.1838,3.6313,-3.4737,-0.0047128205128205,5.235499999999802,-7.340277777777501,1,0,-16.6326475,6.14814015655214,-23.8263,-4.8212,19.0051,23.8263,-14.481299999999996,2.0213,-1.6449999999999996,-0.3713153846153845,11.91449999999955,-17.98116666666803,0,0
weave,2.3400000000000034,40,1.009471883015166,1.1142408716251615,0.9260534163859016,0.18818745523926,16.296386701513786,23.855652038667905,3.0137486839482817,20.84190335471962,0.0267799999999999,0.0315724417320402,-0.0256,0.0886,0.1142,0.0886,-0.0390999999999999,0.1025,-0.0715,-0.0010025641025641,0.2363333333333244,-0.2413333333333241,0,0,0.1499425,0.0733331452940479,-0.0373,0.2784,0.3157,0.2784,-0.2061,0.0881,-0.1159,-0.0052846153846153,0.2546666666666569,-0.3538333333333199,0,0,0.9947700000000002,0.0410689176872242,0.9187,1.1026,0.1839,1.1026,-0.0664999999999998,0.1498,-0.1311999999999999,-0.0017051282051282,0.2493333333333254,-0.3356944444444327,1,0,0.1448149999999999,1.2426517802460664,-3.43,2.3363,5.7663,3.43,-2.17,3.9725,-2.0125,-0.0556410256410256,15.604166666666078,-11.462333333332897,1,2,-0.5158075,1.0803487887376573,-3.2375,2.24,5.4775,3.2375,-0.2013,3.6313,-3.4737,-0.0051615384615384,7.48133333333305,-5.092083333333143,1,1,-16.191657499999998,6.5001831455416195,-23.8263,-2.6512,21.1751,23.8263,15.435100000000002,2.0213,-1.496299999999998,0.3957717948717949,21.291666666665833,-12.497999999999507,0,0
weave,2.339999999999989,40,1.0161768113766771,1.1118173411131886,0.9260534163859016,0.1857639247272869,10.103261816272004,18.41963437313564,1.488475122398759,16.931159250736883,0.0174325,0.027862817678303,-0.0256,0.0852,0.1108,0.0852,0.021,0.1025,-0.0967,0.0005384615384615,0.2363333333333244,-0.2695833333333871,1,0,-0.004935,0.1078252564248141,-0.1873,0.1613,0.3486,0.1873,-0.2216,0.0764,-0.1159,-0.0056820512820512,0.2546666666666569,-0.4316666666667065,0,1,1.01008,0.0491928606452352,0.922,1.1,0.178,1.1,0.1356999999999999,0.1647,-0.1362,0.0034794871794871,0.320999999999989,-0.271499999999989,0,0,0.1992949999999999,1.174964830231974,-3.43,2.2838,5.7138,3.43,3.185,3.9725,-2.1787,0.0816666666666666,13.028055555558147,-10.79166666666626,1,2,-0.251345,1.0618608318081073,-1.7938,2.24,4.0338,2.24,1.3651,3.2812,-2.8962000000000003,0.035002564102564,7.48133333333305,-6.4458333333330895,1,0,-0.8187850000000001,11.02512199019782,-18.06,15.1637,33.2237,18.06,33.2237,1.8812,-0.2187000000000001,0.8518897435897435,24.51449999999907,1.9080555555559489,0,1
weave,2.3400000000000034,40,1.0005373320102957,1.106122059268325,0.9056555912707656,0.2004664679975594,13.605104723473962,16.946044544081666,3.9870505000564016,12.958994044025264,0.0194775,0.0282393296163256,-0.0605,0.0666,0.1271,0.0666,0.1075,0.1106,-0.0573,0.0027564102564102,0.2423333333333241,-0.0968333333333355,0,1,-0.0865899999999999,0.0725371091588864,-0.1923,0.0573,0.2496,0.1923,0.2193999999999999,0.092,-0.1167999999999999,0.005625641025641,0.341999999999987,-0.2013333333333258,0,1,0.993555,0.0509736782250886,0.896,1.1009,0.2048999999999999,1.1009,0.0467999999999999,0.2023,-0.1111999999999999,0.0011999999999999,0.3419999999999881,-0.3334722222222126,1,0,1.0506475000000002,1.040018317882936,-0.91,4.13,5.04,4.13,1.295,3.0275,-2.5638,0.0332051282051281,9.07083333333299,-8.035499999999699,1,0,-0.1283975,0.9635277448635274,-2.31,2.1788,4.4887999999999995,2.31,0.7000000000000001,2.275,-2.9663000000000004,0.0179487179487179,8.73549999999967,-10.135499999999617,1,1,13.4570625,4.052279599453552,3.745,16.8787,13.133699999999996,16.8787,-11.1475,0.6736999999999984,-1.504999999999999,-0.2858333333333333,3.981333333333197,-16.595833333332706,0,0
weave,2.3400000000000034,40,1.0025959651117269,1.106122059268325,0.904076827487576,0.202045231780749,8.3934084318447,15.973264430604033,1.8493041096585492,14.123960320945484,0.04172,0.0303032299200884,-0.019,0.096,0.115,0.096,0.0405,0.0787,-0.0439,0.0010384615384615,0.2423333333333241,-0.1341666666666616,0,0,0.032865,0.0938478734920209,-0.1627,0.1674,0.3301,0.1674,0.2115999999999999,0.092,-0.08,0.005425641025641,0.341999999999987,-0.0897222222222191,0,1,0.9964525,0.0527839718654956,0.8986,1.1009,0.2023,1.1009,0.1136000000000001,0.2023,-0.1573999999999999,0.0029128205128205,0.3419999999999881,-0.3309999999999871,1,0,1.0970325,1.0176770729529592,-1.0412,4.13,5.1712,4.13,-0.4375,2.2836999999999996,-2.625,-0.0112179487179487,9.07083333333299,-8.035499999999699,1,0,-0.290935,1.0087467054056072,-2.8263,1.4,4.2263,2.8263,-1.1375,2.275,-3.2725,-0.0291666666666666,9.639666666666304,-5.993833333335084,0,0,2.9811324999999997,9.02693174349608,-12.1888,15.8638,28.0526,15.8638,-28.0526,0.0262000000000002,-1.8726000000000005,-0.7192974358974359,-2.0659722222221597,-16.683499999999363,0,1
weave,2.3400000000000034,40,1.0062716951718205,1.0890660861490455,0.903617939175623,0.1854481469734225,10.310690082066715,18.570547417348795,1.8493041096585492,16.721243307690244,0.06715,0.025690974170828,0.0008,0.1149,0.1141,0.1149,0.0581999999999999,0.0881,-0.0735,0.0014923076923076,0.2027777777777701,-0.08633333333333,1,0,0.1339075,0.0436031367226175,0.0524,0.2316,0.1792,0.2316,0.1535,0.0744999999999999,-0.0943999999999999,0.0039358974358974,0.2741666666666562,-0.0953333333333295,0,0,0.9938375,0.0449039926698318,0.8933,1.0812,0.1878999999999999,1.0812,-0.0294999999999999,0.1576999999999999,-0.1724000000000001,-0.0007564102564102,0.3763888888888739,-0.2573333333333298,1,0,0.5967475,0.7476776979378144,-1.0412,2.1263,3.1675,2.1263,1.5749,2.2836999999999996,-2.625,0.0403820512820512,7.4254166666663854,-5.541805555555345,1,0,-0.424595,0.8631518394367684,-2.8263,1.0063,3.8326,2.8263,-0.3151,2.065,-3.2725,-0.0080794871794871,9.6396666666663,-5.891833333334238,1,0,-9.7835875,6.154860453340608,-18.55,2.6425,21.192500000000003,18.55,-21.192500000000003,0.3236999999999987,-1.8726000000000005,-0.5433974358974359,-1.9396666666665825,-16.683499999999363,0,1
weave,2.339999999999989,40,1.0127908889017618,1.0917747798882331,0.903617939175623,0.18815684071261,17.900749479273667,21.92685935833037,12.65485583205119,9.272003526279178,0.06688,0.0228706418014505,0.0266,0.1149,0.0883,0.1149,0.0165999999999999,0.0881,-0.0735,0.000425641025641,0.121166666666641,-0.1745000000000182,1,0,0.1766575,0.0342760055679232,0.1174,0.2455,0.1281,0.2455,-0.0158,0.0744999999999999,-0.0943999999999999,-0.0004051282051282,0.2741666666666564,-0.2320833333333793,1,0,0.9942075,0.0381113105729748,0.8933,1.0692,0.1758999999999999,1.0692,-0.0182999999999999,0.1576999999999999,-0.1724000000000001,-0.0004692307692307,0.1748333333333249,-0.2440277777778244,1,0,0.4243749999999999,0.7262900447497295,-1.855,2.03,3.885,2.03,-2.1963,1.5837,-1.4613,-0.0563153846153846,6.052000000000885,-7.422999999999719,1,0,-0.771745,0.7146551145796634,-2.1437,0.6388,2.7825,2.1437,0.945,1.9513,-2.0476,0.0242307692307692,5.286805555556609,-5.5416666666664565,1,0,-17.8510925,3.385734902490493,-21.8838,-12.6438,9.24,21.8838,-8.8988,0.3236999999999987,-0.9711999999999996,-0.2281743589743589,0.5225000000001296,-11.535333333332886,0,0
weave,2.3400000000000034,40,1.0206145272726128,1.0774323598258966,0.93526858709143,0.1421637727344664,22.90577583521801,24.51272952345373,21.101301147796548,3.411428375657181,0.0647075,0.0300978607937337,0.0046,0.1225,0.1179,0.1225,-0.0319,0.0659,-0.0738,-0.0008179487179487,0.1751666666666599,-0.2581666666666568,1,0,0.1791525,0.0323214859672046,0.0974,0.2419,0.1445,0.2419,-0.0109,0.0673,-0.1238,-0.0002794871794871,0.2843333333333564,-0.2400000000000566,1,0,1.0017900000000002,0.0304645889433483,0.918,1.0558,0.1378,1.0558,0.0042999999999999,0.1138,-0.1137,0.0001102564102564,0.1369999999999951,-0.1634999999999937,1,0,0.060155,0.7249942224172973,-1.26,1.4175,2.6775,1.4175,1.1813,1.1288,-2.0474,0.0302897435897435,6.226999999999765,-6.8833333333330735,1,0,-0.7264649999999999,0.8411723051484268,-2.835,1.5137,4.3487,2.835,1.6538,2.7913,-1.8812,0.0424051282051282,6.576999999999751,-3.645833333334368,0,0,-22.867685,0.9112414019291174,-24.5088,-21.035,3.4738000000000007,24.5088,-2.4238,1.0148999999999972,-1.032399999999999,-0.0621487179487179,3.733333333333178,-3.9228333333335,1,0
weave,2.3400000000000034,40,1.0132267852754215,1.0931034077341448,0.9205186201267196,0.1725847876074251,24.120507807408263,25.492311740601323,22.373527472662865,3.1187842679384588,0.0311,0.0363525402068023,-0.0281,0.0986,0.1266999999999999,0.0986,-0.0733999999999999,0.0818,-0.0738,-0.0018820512820512,0.1161666666666622,-0.2581666666666568,0,0,0.1735975,0.0315252482248915,0.0974,0.233,0.1356,0.233,-0.0766,0.0673,-0.1238,-0.0019641025641025,0.2843333333333568,-0.2036111111111031,1,0,0.99665,0.03818239626602,0.9094,1.0804,0.171,1.0804,0.0724,0.1354,-0.1137,0.0018564102564102,0.2203333333333628,-0.2948333333333224,1,0,0.1380275,0.8166769966863685,-1.4875,2.5725,4.06,2.5725,0.8574999999999999,2.5111999999999997,-2.0474,0.0219871794871794,6.547833333333086,-6.67933333333437,1,0,-0.6835899999999999,1.0495344293347286,-3.885,1.6275,5.512499999999999,3.885,1.1725,3.4124999999999996,-2.3975,0.0300641025641025,9.10000000000253,-6.766833333333079,1,0,-24.075192500000004,0.7892257944072106,-25.4538,-22.3388,3.115000000000002,25.4538,-1.4524000000000008,1.0148999999999972,-1.0326000000000022,-0.0372410256410256,2.46449999999993,-3.70400000000032,0,0
weave,2.3400000000000034,40,1.0090823761285743,1.0931034077341448,0.9205186201267196,0.1725847876074251,20.041757212300716,25.492311740601323,10.704414495431312,14.787897245170011,0.0030724999999999,0.0246932149665574,-0.0609,0.0537,0.1146,0.0609,0.0319,0.0818,-0.0691,0.0008179487179487,0.1758333333333266,-0.1616666666666605,0,2,0.13684,0.0558765984685025,0.0009,0.2255,0.2246,0.2255,0.0256,0.1684999999999999,-0.0886,0.0006564102564102,0.4674999999999822,-0.297333333333322,0,0,0.99792,0.0437071384183173,0.9094,1.0804,0.171,1.0804,0.0294999999999998,0.1354,-0.1632,0.0007564102564102,0.3679999999999861,-0.2948333333333224,1,0,0.3670625,1.3260463782521488,-2.0387,3.6225,5.6612,3.6225,1.8025,3.1763000000000003,-2.6599,0.0462179487179487,12.789666666667005,-6.67933333333437,1,2,-0.6512225,1.227996025736386,-3.885,2.0038,5.8888,3.885,0.7263000000000001,4.0076,-2.6426,0.0186230769230769,9.10000000000253,-9.347999999999644,1,2,-19.9279175,5.460947373425872,-25.4538,-10.4388,15.015,25.4538,9.45,1.4263000000000012,-1.33,0.2423076923076923,17.63116666666602,-13.839666666666162,0,0
weave,2.339999999999989,40,1.0126697593653904,1.0849635846423602,0.923094718866921,0.1618688657754392,19.63860442617231,31.176113331202785,10.704414495431312,20.471698835771473,0.0274725,0.0414155550333198,-0.0609,0.1144,0.1753,0.1144,0.1139,0.0518,-0.0739,0.0029205128205128,0.25949999999999,-0.1803333333333266,1,1,0.15804,0.075306058597821,0.0009,0.2716,0.2707,0.2716,0.0905,0.1684999999999999,-0.0886,0.0023205128205128,0.467499999999982,-0.2973333333333221,0,0,0.9962950000000002,0.0417563871975877,0.8896,1.0663,0.1767,1.0663,0.0827999999999999,0.1104,-0.1418000000000001,0.0021230769230769,0.3679999999999861,-0.3089999999999868,1,0,0.4289725000000001,1.2964447960574177,-2.0387,3.6225,5.6612,3.6225,0.2538,3.1763000000000003,-2.6599,0.0065076923076923,12.789666666667005,-8.166666666668167,1,1,-0.693655,1.1974490942448002,-3.3425,2.2575,5.6,3.3425,-0.9013,4.0076,-3.6312,-0.0231102564102564,9.916833333332956,-9.347999999999644,1,3,-19.5245375,5.99413809337121,-31.1588,-10.4388,20.72,31.1588,-8.3825,1.4263000000000012,-1.5313000000000017,-0.2149358974358974,17.63116666666602,-17.558166666668384,1,0
weave,2.3400000000000034,40,1.010971205511844,1.155464291962326,0.9161086070985252,0.239355684863801,20.14625189397796,31.982583775236172,1.094358232024596,30.888225543211576,0.0257699999999999,0.0367680756175161,-0.0532,0.1254,0.1786,0.1254,-0.0915,0.0718999999999999,-0.1154,-0.0023461538461538,0.1628333333333272,-0.2626666666667206,0,1,0.1099225,0.1337960684859898,-0.1298,0.2859,0.4156999999999999,0.2859,-0.3594,0.0774,-0.0741,-0.0092153846153846,0.1048333333333291,-0.4206666666667157,0,1,0.9953325,0.0515620581410749,0.8966,1.1219,0.2252999999999999,1.1219,-0.0014,0.1860999999999999,-0.1549999999999999,-3.589743589743764e-05,0.3063333333333222,-0.2439999999999909,1,0,-0.8973099999999998,0.9586807839622434,-2.8263,0.945,3.7713,2.8263,-1.2249,2.7388,-3.3599,-0.0314076923076922,6.9998333333330685,-6.883333333333072,1,0,-0.0715325,1.2141694036301272,-2.6775,4.0775,6.755,4.0775,1.4963,4.375,-5.529999999999999,0.0383666666666667,5.410166666667293,-9.274999999999649,1,2,-18.329724999999996,13.99122732615618,-31.9287,9.3975,41.3262,31.9287,40.0838,2.432500000000001,-0.629999999999999,1.0277897435897434,34.35816666666538,-1.7059999999999036,0,1
weave,2.3400000000000034,40,1.002459708630934,1.1221975806425537,0.9161086070985252,0.2060889735440283,13.4178549201375,23.73669706382925,1.094358232024596,22.642338831804658,0.0119525,0.0245989262586179,-0.0532,0.0666,0.1198,0.0666,-0.0185,0.0779,-0.0815,-0.0004743589743589,0.1743333333333267,-0.2119444444444364,1,1,-0.0656275,0.089252482512339,-0.1886,0.1562,0.3448,0.1886,-0.2821,0.0960999999999999,-0.0972999999999999,-0.0072333333333333,0.2494999999999904,-0.4206666666667157,0,1,0.996075,0.0492715070832668,0.9126,1.1084,0.1958,1.1084,-0.0350999999999999,0.1666,-0.1878,-0.0008999999999999,0.1783333333333256,-0.1851666666666602,0,0,-0.3745075,1.0367192393432076,-2.8263,1.4262,4.2524999999999995,2.8263,2.5375,2.7388,-3.2901,0.0650641025641026,10.237499999999612,-6.883333333333072,1,0,0.1537874999999999,1.1349796189715342,-2.0475,4.0775,6.125,4.0775,-0.8925,4.375,-5.529999999999999,-0.0228846153846154,9.588472222221858,-9.274999999999649,1,1,5.0614325,13.878868546590246,-23.6075,18.5588,42.16630000000001,23.6075,42.0963,2.432500000000001,-0.3500000000000014,1.0793923076923078,34.358166666665355,-0.3354999999999677,0,1
weave,2.3400000000000034,40,0.993797326411768,1.1221975806425537,0.9180915259384546,0.2041060547040989,17.083397839256197,18.781197143153573,10.510335788165856,8.270861354987717,0.0050699999999999,0.0355876757693821,-0.131,0.0666,0.1976,0.131,-0.0196,0.093,-0.1359,-0.0005025641025641,0.2936666666666555,-0.3293333333333208,1,1,-0.1204075,0.035169606542567,-0.1886,-0.0444,0.1442,0.1886,0.0078,0.0960999999999999,-0.1085,0.0001999999999999,0.3588888888888751,-0.2856666666666561,1,0,0.9852,0.0497663360629271,0.9004,1.1084,0.208,1.1084,0.0062999999999999,0.1666,-0.1878,0.0001615384615384,0.3872222222222093,-0.2079999999999913,1,0,0.342345,0.7624117754592818,-1.0237,1.7325,2.7562,1.7325,1.0763,2.5638,-1.9862,0.0275974358974359,6.420416666666424,-5.0313333333331425,0,0,-0.1308075,1.019991144603968,-2.6075,1.9863,4.5938,2.6075,-0.0613,3.0363,-4.5938,-0.0015717948717948,6.679333333334163,-7.043666666667327,1,0,17.0320975,1.923549834255766,10.5087,18.7337,8.225,18.7337,4.891300000000001,1.6713000000000005,-0.7173999999999978,0.1254179487179487,15.07933333333277,-4.622999999999848,1,0
weave,2.339999999999989,40,0.9951028068658712,1.0866920953057493,0.9193408617047324,0.1673512336010169,13.024354081307838,18.781197143153573,1.708741004365495,17.072456138788077,0.0066325,0.0382762856723558,-0.131,0.08,0.211,0.131,0.056,0.093,-0.1359,0.0014358974358974,0.3019999999999885,-0.2440000000000237,1,1,-0.0575125,0.0841511496866783,-0.1715,0.1078,0.2793,0.1715,0.2429,0.1141,-0.1085,0.0062282051282051,0.3406666666666538,-0.2595000000000106,0,1,0.9891525,0.0459013098941631,0.9004,1.0841,0.1837,1.0841,0.0263000000000001,0.1198000000000001,-0.1313999999999999,0.0006743589743589,0.3193333333333203,-0.3303333333333196,1,0,0.9299174999999998,0.9108062426977428,-0.9625,2.8525,3.815,2.8525,1.5312,2.7387,-2.2225,0.0392615384615384,7.947833333333032,-5.0313333333331425,0,0,-0.2688425,1.0671665683283431,-2.6075,1.9863,4.5938,2.6075,-1.3038,3.4824,-4.5938,-0.0334307692307692,6.358333333333315,-8.154722222223844,1,0,12.2751525,6.950591260700555,-4.4975,18.7337,23.2312,18.7337,-23.2312,0.4636999999999993,-1.7412,-0.5956717948717949,-0.0327499999999929,-23.668833333332444,0,1
weave,2.3400000000000034,40,1.0071625534368365,1.082145618666915,0.8959125013080239,0.186233117358891,16.172080369741057,20.787206357036048,5.8073937304095375,14.979812626626511,0.029345,0.0299047200630817,-0.0346,0.1001,0.1347,0.1001,-0.0176999999999999,0.0993,-0.0853,-0.0004538461538461,0.1758333333333133,-0.2243333333333248,1,0,0.16863,0.0561901177551118,0.0283,0.2675,0.2392,0.2675,0.0037,0.1336,-0.1372,9.48717948717958e-05,0.4160000000000412,-0.3949999999999849,1,0,0.9905550000000002,0.0427095734779295,0.8885,1.0675,0.1789999999999999,1.0675,-0.1386999999999999,0.0974,-0.1320999999999998,-0.0035564102564102,0.2653333333333236,-0.3179999999999863,1,0,0.2016899999999999,0.9437005453980704,-1.1463,3.7275,4.8738,3.7275,-3.36,2.2576,-4.0862,-0.0861538461538461,5.337500000000293,-7.178583333333061,0,0,-0.2145874999999999,1.2111646590691971,-2.2225,2.2225,4.445,2.2225,-2.5463,2.7912999999999997,-3.2112,-0.0652897435897436,9.97500000000126,-8.516666666666344,1,1,-16.0776975,4.252321304977179,-20.6938,-5.0487,15.6451,20.6938,-8.1813,1.4612999999999978,-1.8025,-0.209776923076923,13.3438333333345,-21.04366666666587,0,0
weave,2.3400000000000034,40,0.9970955871839192,1.0720255733889932,0.8687288299578875,0.2032967434311057,13.079418569384558,20.787206357036048,1.2551005457731266,19.532105811262923,0.0214325,0.0250080642121901,-0.0224,0.0768,0.0992,0.0768,0.0049,0.0688,-0.0853,0.000125641025641,0.1758333333333133,-0.1731666666666864,1,0,0.113725,0.0782312376129991,-0.0444,0.2369,0.2813,0.2369,-0.2246,0.1336,-0.1372,-0.0057589743589743,0.1513333333333277,-0.3949999999999849,0,0,0.9870774999999998,0.0436801749755817,0.8597,1.0675,0.2077999999999998,1.0675,-0.0465999999999999,0.1172,-0.1320999999999998,-0.0011948717948717,0.3625000000000131,-0.3801666666666534,1,0,-0.3239625,0.8149974446042997,-1.925,1.155,3.08,1.925,-0.9888,1.6013000000000002,-2.0037000000000003,-0.0253538461538461,5.220833333333136,-6.781166666667418,1,0,-0.194465,1.1144817184659743,-2.0475,2.2225,4.27,2.2225,1.4086999999999998,2.7912999999999997,-3.2112,0.0361205128205128,9.97500000000126,-8.516666666666344,1,1,-12.932725,6.19818232266525,-20.6938,0.1663,20.8601,20.6938,19.4513,1.4612999999999978,-0.822499999999998,0.498751282051282,17.179166666668014,-4.666805555555343,0,0
weave,2.3400000000000034,40,0.9900042448886516,1.1141201595878245,0.8663071626161244,0.2478129969717001,8.51178034845452,13.755420683861326,1.2551005457731266,12.5003201380882,0.017185,0.0240344683042223,-0.0281,0.0691,0.0972,0.0691,-0.0608,0.0754,-0.0764,-0.0015589743589743,0.0999999999999962,-0.1346666666666615,1,0,-0.0153649999999999,0.0915598432580347,-0.1505,0.1529,0.3034,0.1529,-0.2394,0.0554,-0.0986,-0.0061384615384615,0.1303333333333283,-0.3314999999999874,0,1,0.98527,0.0518110680186267,0.8597,1.1098,0.2500999999999999,1.1098,-0.1015,0.1299999999999999,-0.2008999999999998,-0.0026025641025641,0.3625000000000131,-0.3801666666666516,1,0,-0.3572075,0.8801860261964731,-1.925,1.4875,3.4125,1.925,0.9275,1.8376,-1.7413,0.0237820512820512,7.23333333333324,-5.699444444444229,1,0,-0.1419625,0.9435683421194248,-3.0625,1.4088,4.4713,3.0625,-0.7436999999999999,3.9025,-3.2025,-0.0190692307692307,6.795999999999744,-4.593666666667821,1,0,0.5654649999999999,9.247180709776163,-12.425,13.6587,26.0837,13.6587,26.0837,2.5376,-0.209999999999999,0.6688128205128205,20.60616666666588,2.1998611111110176,0,1
weave,2.339999999999989,40,0.9986566119661138,1.1141201595878245,0.8663071626161244,0.2478129969717001,12.605998483383,17.19928632240303,1.276238935309529,15.9230473870935,0.0281825,0.0371874247251985,-0.05,0.1454,0.1954,0.1454,0.0545,0.1476,-0.1147,0.0013974358974358,0.1966666666666873,-0.2393333333333425,0,0,-0.112535,0.0353674959423305,-0.1625,-0.0131,0.1494,0.1625,-0.0850999999999999,0.0729,-0.0661,-0.0021820512820512,0.1303333333333283,-0.3058333333333217,0,0,0.9906299999999998,0.0546268141164466,0.8597,1.1098,0.2500999999999999,1.1098,-0.0131,0.1821,-0.2008999999999998,-0.0003358974358974,0.297499999999987,-0.3380000000000525,0,0,0.351755,0.8667926395478672,-1.5575,1.9425,3.5,1.9425,1.5313,1.8376,-1.7413,0.0392641025641025,7.233333333333241,-6.295138888890142,1,0,-0.2064925,1.0597026669070906,-3.0625,2.0038,5.0663,3.0625,0.875,3.9025,-3.2025,0.0224358974358974,6.795999999999744,-5.83333333333281,1,1,12.508785,4.449730005669892,0.8487,17.185,16.336299999999998,17.185,15.8113,2.5376,-0.5600000000000023,0.4054179487179487,18.27283333333264,-2.2480555555560233,0,0
weave,2.3400000000000034,40,0.991498704984344,1.1563230214779951,0.8625826221296138,0.2937403993483813,7.997911026452494,16.620286621475575,1.037766023725965,15.58252059774961,0.0552825,0.0230672138014997,0.018,0.1144,0.0964,0.1144,0.0203999999999999,0.0723,-0.0876,0.0005230769230769,0.2039444444444367,-0.2483333333333239,1,0,-0.0089425,0.0800802222373898,-0.1793,0.1112,0.2905,0.1793,0.2493,0.1176,-0.0877999999999999,0.0063923076923076,0.4801666666666485,-0.2370000000000287,0,1,0.9864475,0.0563069836152333,0.8435,1.1492,0.3056999999999999,1.1492,0.1275999999999999,0.2088999999999999,-0.1959999999999999,0.0032717948717948,0.49749999999998,-0.2971666666666532,1,0,0.8712724999999999,0.5609475833584107,-0.3325,2.345,2.6775,2.345,1.0325,1.4087,-2.1175,0.0264743589743589,4.637666666666491,-4.287499999999837,1,0,0.29618,0.7515530478231778,-1.5225,2.0213,3.5438,2.0213,-0.1138,1.6363,-2.555,-0.0029179487179487,5.075166666666474,-5.14069444444425,1,0,5.075442499999999,7.887880894517624,-8.4087,16.5987,25.0074,16.5987,-25.0074,-0.0962999999999993,-1.3387000000000002,-0.6412153846153845,-1.886111111111035,-15.64783333333473,0,1
weave,2.3400000000000034,40,1.0064866136131674,1.0916606111791338,0.9367231020958116,0.1549375090833222,8.283667582167514,14.920553776586177,1.037766023725965,13.882787752860212,0.06531,0.0209349027665798,0.0229,0.1056,0.0827,0.1056,-0.0322,0.0466,-0.0639,-0.000825641025641,0.1161666666666623,-0.1556944444444385,1,0,0.0883549999999999,0.0468975476369391,-0.0323,0.1672,0.1994999999999999,0.1672,0.1256,0.0775,-0.0629999999999999,0.0032205128205128,0.2418333333333241,-0.1096666666666625,0,0,0.9992375,0.0305591875269564,0.934,1.0748,0.1407999999999999,1.0748,-0.0619999999999999,0.0883999999999999,-0.1018,-0.0015897435897435,0.1523333333333489,-0.3415277777777651,1,0,0.6026499999999999,0.6644448803131521,-0.98,2.345,3.325,2.345,-1.3213,1.1987,-2.1175,-0.0338794871794871,3.952166666668038,-4.976541666666478,1,0,0.0468125,0.734191226465715,-1.5225,2.0213,3.5438,2.0213,-1.4088,1.6363,-2.555,-0.0361230769230769,4.92916666666648,-6.903194444444182,1,0,-7.2128325,6.240325938783166,-14.875,4.9088,19.7838,14.875,-19.7838,0.6562999999999999,-1.1201000000000003,-0.5072769230769231,-0.8021666666666505,-12.7750000000009,0,1
weave,2.3400000000000034,40,1.0069783683627862,1.0916606111791338,0.9572343600184856,0.1344262511606481,14.314009415956772,16.675862786974474,8.637366493324224,8.03849629365025,0.059685,0.0258430722750872,0.0085,0.1056,0.0970999999999999,0.1056,-0.0279999999999999,0.0542,-0.0639,-0.0007179487179487,0.1161666666666623,-0.164166666666687,1,0,0.1276775,0.0213608134808602,0.0829,0.1894,0.1065,0.1894,0.0266,0.0550999999999999,-0.0779,0.0006820512820512,0.1909999999999929,-0.1606666666666605,1,0,0.996585,0.0364180115341648,0.9465,1.0748,0.1282999999999999,1.0748,0.0256999999999998,0.1090999999999999,-0.1018,0.0006589743589743,0.194166666666657,-0.3300000000000462,1,0,-0.0008775,0.6968029212189275,-2.1962,1.0237,3.2199,2.1962,-0.5775,1.9774000000000005,-2.1700000000000004,-0.0148076923076923,3.864833333333187,-4.9873333333331455,1,0,-0.3060299999999999,0.569252240606831,-1.3913,0.9712,2.3625,1.3913,-1.645,1.3476,-1.2862,-0.0421794871794871,4.107916666666511,-3.645999999999862,0,0,-14.28415,2.159869754145327,-16.6688,-8.61,8.058800000000002,16.6688,-7.883700000000001,0.6562999999999999,-0.8925000000000001,-0.2021461538461538,0.0873333333334187,-9.537499999999625,0,0
weave,2.339999999999989,40,0.9959970498128342,1.0862061774819731,0.929316662930349,0.1568895145516241,16.489123355951943,17.83628348003025,14.895135445507032,2.941148034523218,0.0305475,0.0286935799796972,-0.019,0.0903,0.1093,0.0903,-0.0362,0.0783,-0.0561,-0.0009282051282051,0.1555000000000221,-0.1874999999999971,0,0,0.1262625,0.023868944392458,0.0712,0.1894,0.1182,0.1894,-0.0095,0.0505,-0.0779,-0.0002435897435897,0.1909999999999929,-0.1736666666666821,1,0,0.9868475,0.0354294820554569,0.9216,1.0712,0.1495999999999999,1.0712,0.0125999999999999,0.1090999999999999,-0.0876,0.0003230769230769,0.2265000000000157,-0.3300000000000462,1,0,-0.1194375,1.1042420843571326,-2.1962,3.15,5.3462,3.15,-1.3037999999999998,2.7825,-2.7038,-0.0334307692307692,10.193500000001563,-11.85616666666622,1,1,-0.4858375,0.9603167954024606,-2.1962,1.8375,4.0337,2.1962,-0.1487,2.0913,-2.4412000000000003,-0.0038128205128205,9.304166666666314,-10.36883333333294,1,0,-16.41937,0.6510692870292843,-17.8062,-14.8925,2.9137000000000004,17.8062,-2.9137000000000004,0.4725000000000001,-0.5599000000000007,-0.0747102564102564,0.5249999999999773,-2.770833333333229,0,0
weave,2.3400000000000034,40,0.9903590255943262,1.0617774672689189,0.9119812114292706,0.1497962558396482,18.910000603122025,20.43590075553314,17.334798996527187,3.101101759005953,0.0309425,0.0235761275119884,-0.0245,0.0859,0.1104,0.0859,-0.0104,0.0681,-0.0471,-0.0002666666666666,0.1416666666666683,-0.1143333333333467,1,0,0.135945,0.0279486429192123,0.0854,0.1993,0.1139,0.1993,-0.0379999999999999,0.0739,-0.0839999999999999,-0.0009743589743589,0.2878333333333225,-0.2199999999999919,1,0,0.97986,0.0414217817096271,0.9054,1.0504,0.145,1.0504,-0.0496999999999999,0.1131999999999999,-0.1202999999999999,-0.0012743589743589,0.4063333333333663,-0.3155000000000072,0,0,-0.1769775,1.0275531408024974,-2.205,2.0825,4.2875,2.205,0.9887,1.8025,-2.1351,0.025351282051282,10.733333333333798,-11.506333333332895,1,1,-0.3454125,0.90833220546272,-1.925,1.1812,3.1062000000000003,1.925,-1.6625,2.8,-1.995,-0.0426282051282051,3.018666666666562,-6.708333333333079,0,0,-18.8571275,1.0508936887819793,-20.37,-17.1938,3.1762000000000015,20.37,-2.0212000000000003,0.7525000000000013,-0.8488000000000007,-0.051825641025641,1.2155555555555384,-4.141666666666509,0,0
weave,2.3400000000000034,40,0.9908603472117792,1.0802820974171514,0.9276227897157336,0.1526593077014179,19.612089074901697,20.43590075553314,18.566778002119808,1.8691227534133328,0.0503775,0.0242172590235844,0.0053,0.1021,0.0968,0.1021,0.0478,0.0681,-0.0776,0.001225641025641,0.1551666666666759,-0.2511111111111015,1,0,0.1396575,0.0247443014677764,0.0754,0.1869,0.1115,0.1869,0.0448999999999999,0.0739,-0.0678,0.001151282051282,0.2834722222222117,-0.1320000000000123,1,0,0.9790875,0.0411311921532639,0.9138,1.0728,0.159,1.0728,-0.0818999999999999,0.1131999999999999,-0.1202999999999999,-0.0020999999999999,0.3494999999999884,-0.4063888888888731,1,0,0.1653674999999999,0.8489957477431188,-1.9162,2.0825,3.9987,2.0825,-0.42,2.4062,-2.1351,-0.0107692307692307,5.162333333334799,-7.073166666666399,0,0,-0.48432,0.8547361947798084,-1.9512,1.0675,3.0187,1.9512,0.3675,2.8,-1.995,0.0094230769230769,5.877166666666444,-6.708333333333079,0,0,-19.5693675,0.5013778177144995,-20.37,-18.5588,1.8111999999999997,20.37,0.2012,0.875,-0.6474999999999973,0.0051589743589743,2.4499999999999034,-4.141666666666509,0,0
weave,2.3400000000000034,40,0.9982722548179724,1.089614730076645,0.9366072495982508,0.1530074804783942,21.620228440341528,29.2379749491992,18.566778002119808,10.671196947079396,0.0412924999999999,0.0304532713707326,-0.0418,0.1021,0.1439,0.1021,-0.0145,0.1013,-0.0776,-0.0003717948717948,0.1618333333333271,-0.1904999999999928,1,0,0.165955,0.0442722634127995,0.0754,0.2779,0.2024999999999999,0.2779,0.1136,0.1467999999999999,-0.0942,0.0029128205128205,0.5668055555555341,-0.1320000000000123,0,0,0.982055,0.0393977023279016,0.9094,1.0728,0.1634,1.0728,0.0524999999999999,0.1120999999999999,-0.1080999999999999,0.0013461538461538,0.3494999999999884,-0.3084999999999889,1,0,0.4731574999999999,0.9139113893778846,-1.9162,2.205,4.1212,2.205,0.7262,2.4062,-1.6887,0.0186205128205128,8.298166666666352,-8.662666666666338,0,0,-0.26797,0.9184611419833356,-1.9512,1.8463,3.7975,1.9512,0.0176,2.2487,-2.5025,0.000451282051282,4.9584999999998125,-7.3648333333330545,1,0,-21.576614999999997,3.123860081205417,-29.2075,-18.5588,10.648699999999998,29.2075,-10.114999999999998,0.6387,-1.2513000000000003,-0.2593589743589743,2.0271666666665453,-11.47716666666767,0,0
weave,2.339999999999989,40,1.0105571155414657,1.101398978572252,0.9264105839205422,0.1749883946517098,28.66711243816052,35.509669561684184,19.199194490134214,16.31047507154997,0.0334875,0.0278124412992754,-0.0418,0.092,0.1338,0.092,0.0020999999999999,0.1013,-0.0693999999999999,5.384615384615468e-05,0.1671666666666684,-0.2069999999999921,1,0,0.2212425,0.0477861415781089,0.116,0.3079,0.1919,0.3079,0.0581,0.1467999999999999,-0.0995,0.0014897435897435,0.2503333333333237,-0.1329999999999951,1,0,0.983925,0.0434231815083567,0.8881,1.0731,0.1849999999999999,1.0731,-0.0867,0.1468999999999999,-0.0910999999999999,-0.0022230769230769,0.3134999999999888,-0.3255000000000088,1,0,0.4186875,0.9164747261577362,-1.855,2.205,4.0600000000000005,2.205,0.4461999999999999,1.6887,-1.82,0.0114410256410256,8.298166666666352,-8.662666666666336,1,0,-0.7605925,0.9593406516142968,-2.3012,1.8463,4.1475,2.3012,-3.2113,1.6974999999999998,-2.5025,-0.0823410256410256,5.774833333333116,-7.3648333333330545,1,0,-28.623435,5.456554058901823,-35.4375,-19.0837,16.3538,35.4375,-16.0563,0.3937999999999988,-1.2513000000000003,-0.4117,-1.1420833333335785,-11.4771666666677,0,0
weave,2.3400000000000034,40,1.010165796856566,1.130004862821395,0.900720705879464,0.229284156941931,17.489368820415386,35.43403472567018,1.8380312347726848,33.596003490897495,0.006205,0.0265117579140333,-0.0487,0.0539,0.1026,0.0539,-0.0008,0.0766,-0.0759,-2.051282051281968e-05,0.1661666666666962,-0.2876666666666918,0,0,0.026485,0.1462691978195314,-0.1942,0.2918,0.486,0.2918,-0.4663,0.0907999999999999,-0.0985,-0.0119564102564102,0.0570833333333313,-0.4538333333333161,0,1,0.9992,0.051486602688566,0.8935,1.0917,0.1981999999999999,1.0917,-0.0817000000000001,0.1434999999999999,-0.1524999999999999,-0.0020948717948717,0.4173333333333175,-0.5131666666667147,1,0,-0.35962,0.8776387447329398,-2.1525,1.3125,3.465,2.1525,-0.6386999999999999,1.4962999999999995,-1.2862,-0.016376923076923,7.102166666666397,-5.6145416666664545,0,0,-0.8069624999999998,0.8292719110182415,-2.8525,0.6388,3.4913,2.8525,-0.98,3.4475,-2.3887,-0.0251282051282051,6.183333333333097,-6.372666666666425,1,0,-9.0269425,18.53834052400713,-35.315,16.7825,52.0975,35.315,51.8,3.0363,-0.2974999999999994,1.328205128205128,35.62699999999865,2.66166666666658,0,1
weave,2.3400000000000034,40,1.0134352361909096,1.1595556519632857,0.900720705879464,0.2588349460838215,14.35611028067004,20.507467911226875,1.8380312347726848,18.66943667645419,0.0108399999999999,0.0216814087913928,-0.0487,0.0631,0.1118,0.0631,0.006,0.0633,-0.0695,0.0001538461538461,0.1710000000000269,-0.2083333333333255,1,0,-0.1230824999999999,0.0443690287423385,-0.2167,-0.0391,0.1776,0.2167,-0.0018999999999999,0.103,-0.0985,-4.871794871794833e-05,0.3399166666666537,-0.1894999999999929,0,0,1.0046125,0.0524174182612944,0.8935,1.1503,0.2568000000000001,1.1503,-0.0161,0.2383,-0.1524999999999999,-0.0004128205128205,0.4173333333333175,-0.5748611111110917,1,0,0.516035,1.0513006734151162,-1.5925,2.5375,4.13,2.5375,2.6512,2.7213000000000003,-1.5750000000000002,0.0679794871794871,7.656166666666376,-6.270833333333096,0,0,-0.4757725,0.7491790162939217,-2.3363,1.0588,3.3951,2.3363,1.4612,1.8725,-1.0062,0.0374666666666666,5.383611111110906,-8.210333333334054,1,0,13.378742499999998,7.947372534975688,-7.3325,20.5012,27.8337,20.5012,26.8975,3.0363,-0.5075000000000003,0.6896794871794872,34.21233333333606,-1.88474999999994,0,1
weave,2.339999999999989,40,1.01348527999413,1.1595556519632857,0.9087104379283866,0.2508452140348989,17.43879259345701,20.507467911226875,9.540774667185053,10.966693244041824,0.01583,0.0319373762228521,-0.0381,0.1404,0.1785,0.1404,0.0223,0.1245,-0.0946,0.0005717948717948,0.3004999999999886,-0.3943333333333184,1,0,-0.1185149999999999,0.0540592673333202,-0.2167,-0.0175,0.1992,0.2167,0.1374,0.103,-0.1543999999999999,0.0035230769230769,0.3509999999999866,-0.1766666666666394,0,0,1.004475,0.0542473336222915,0.9048,1.1503,0.2455,1.1503,0.0550999999999999,0.2383,-0.1503000000000001,0.0014128205128205,0.3843333333333181,-0.397333333333318,1,0,1.2965325,0.8703307365409708,-1.0412,3.2287,4.2699,3.2287,1.225,2.7213000000000003,-2.2748999999999997,0.0314102564102564,7.656166666666376,-7.072999999999736,1,0,-0.4302749999999999,0.8475688150717033,-2.03,1.1638,3.1937999999999995,2.03,-0.0524999999999999,2.5201,-2.9313,-0.0013461538461538,6.416666666666424,-8.210333333334054,1,0,17.3348375,2.9530512036933283,9.3275,20.5012,11.1737,20.5012,-7.4375,0.6826000000000008,-1.0325000000000006,-0.1907051282051282,8.677166666666324,-14.01466666666957,0,0
weave,2.3400000000000034,40,1.0044203683254644,1.1004864787901758,0.9087104379283866,0.1917760408617892,11.260683806417976,19.270789785060707,1.442443198188407,17.8283465868723,0.0286725,0.0355259167766366,-0.0381,0.1404,0.1785,0.1404,0.0136,0.1245,-0.0946,0.0003487179487179,0.3004999999999885,-0.3943333333333184,0,0,0.0060149999999999,0.1134856650836887,-0.1976,0.1974,0.395,0.1976,0.3525,0.0915,-0.1543999999999999,0.0090384615384615,0.3509999999999866,-0.0633333333333308,0,1,0.9971725,0.0492947024120993,0.9048,1.0824,0.1775999999999999,1.0824,0.0554,0.1409999999999999,-0.1117,0.0014205128205128,0.3843333333333163,-0.3973333333333197,1,0,1.305715,0.8914739458781099,-0.9013,3.2287,4.13,3.2287,-1.7238,1.9513,-2.4762,-0.0441999999999999,5.672833333333118,-8.006333333333032,1,0,-0.30757,1.0022108891128705,-2.03,1.4875,3.5175,2.03,2.1087,2.8,-2.9313,0.0540692307692307,7.612499999999711,-6.679166666666413,1,0,5.830125,11.018028311648235,-13.335,19.2325,32.5675,19.2325,-32.523700000000005,0.245000000000001,-2.4149000000000003,-0.8339410256410258,-2.882611111111032,-27.008333333332317,0,1
weave,2.339999999999975,40,1.013524620255377,1.1037812237939182,0.895553242414989,0.2082279813789291,18.41447825367477,23.00027546987209,9.966903271327558,13.033372198544532,0.017885,0.0356011203367361,-0.0595,0.0838,0.1432999999999999,0.0838,-0.1201,0.072,-0.0788,-0.0030794871794871,0.1468333333333277,-0.2175000000000834,0,1,0.16814,0.0541807270114307,0.0673,0.2616,0.1943,0.2616,-0.093,0.079,-0.1222,-0.0023846153846153,0.1733333333333266,-0.232499999999991,0,0,0.99728,0.0498825554009949,0.8776,1.0929,0.2152999999999999,1.0929,-0.0847000000000001,0.1523,-0.1650000000000001,-0.0021717948717948,0.2398333333333226,-0.3540000000000933,1,0,0.2397475,1.037138449573312,-1.5225,2.5988,4.1213,2.5988,0.7962999999999998,1.5838,-1.9949,0.0204179487179487,7.085138888891978,-6.08099999999977,0,0,-0.7888025000000001,0.9671643798682298,-3.2638,1.155,4.4188,3.2638,1.5488,2.7212,-3.1675999999999997,0.0397128205128205,5.731333333333119,-6.9853333333330685,1,0,-18.3380375,3.9304710695484952,-22.7675,-9.7388,13.0287,22.7675,4.6287,1.3125,-1.461199999999998,0.1186846153846153,14.437499999999488,-15.793499999999398,0,0
weave,2.3400000000000034,40,1.0055817853283908,1.1419143575592698,0.9192162150440994,0.2226981425151704,10.885671750500077,21.629006702574205,0.7444176448741661,20.88458905770004,0.0022825,0.0278261442043638,-0.0595,0.0498,0.1093,0.0595,0.0326,0.072,-0.0788,0.0008358974358974,0.1674999999999936,-0.2630555555555456,0,0,0.0516125,0.1059642784209945,-0.1706,0.2023,0.3729,0.2023,-0.2813,0.0668,-0.1427,-0.0072128205128205,0.1702777777777715,-0.5801666666666445,0,1,0.99846,0.0545096359394961,0.9152,1.128,0.2127999999999998,1.128,-0.0596000000000001,0.1631999999999999,-0.1486999999999999,-0.0015282051282051,0.3951666666666504,-0.5268055555555378,1,0,-0.04834,1.1533866202600374,-2.38,2.3012,4.6812000000000005,2.38,3.6575,1.6711999999999998,-2.4325,0.0937820512820512,11.947249999999547,-12.862499999999512,1,2,-0.3815,0.9021524554200986,-2.1263,1.2775,3.4038000000000004,2.1263,1.6363,2.8,-2.8,0.0419564102564102,7.233499999999727,-6.9853333333330685,1,0,-8.143189999999999,9.771651257009502,-21.525,10.1412,31.666199999999996,21.525,31.666199999999996,2.1788,-0.0263000000000026,0.8119538461538461,23.82916666666575,0.6802777777777159,0,1
weave,2.3400000000000034,40,0.9953966495229712,1.1106984604292922,0.8822040863655076,0.2284943740637846,13.690942784462052,14.464345541364809,11.907704803613498,2.5566407377513087,0.005735,0.0267370726012039,-0.0398,0.0523,0.0921,0.0523,-0.0831,0.0839999999999999,-0.0693999999999999,-0.0021307692307692,0.1968333333333259,-0.2641666666666567,0,0,-0.09663,0.0303801655943225,-0.1547,-0.0262,0.1285,0.1547,-0.0296,0.0922,-0.0869,-0.0007589743589743,0.2101666666666586,-0.1880555555555485,0,0,0.9898625,0.0483146348667532,0.875,1.1073,0.2322999999999999,1.1073,-0.0998,0.1394999999999999,-0.1115999999999999,-0.0025589743589743,0.2871666666666534,-0.4468055555555384,1,0,0.97978,0.8237402180112555,-0.4725,3.045,3.5175,3.045,0.0699999999999998,1.54,-2.4587000000000003,0.0017948717948717,7.218666666666394,-7.087666666666019,0,0,-0.3384025,0.8924396899791045,-3.2287,1.1812,4.4099,3.2287,-1.4437,2.6512,-2.1962,-0.0370179487179487,5.381333333334176,-7.174833333333062,1,0,13.5957525,0.7582675581463177,11.4975,14.35,2.852499999999999,14.35,0.6562999999999999,0.7963000000000005,-0.4725000000000001,0.0168282051282051,4.695666666667236,-4.98766666666647,1,0
weave,2.339999999999975,40,1.0098025978190968,1.096168759817575,0.940315069537865,0.1558536902797098,7.039811842024382,11.828909879612745,0.8006734290583146,11.02823645055443,0.0516125,0.031893043912427,-0.0012,0.1037,0.1049,0.1037,0.032,0.0726,-0.053,0.0008205128205128,0.2331666666667371,-0.1251666666666617,1,0,0.0620774999999999,0.0710111962551662,-0.0846,0.1667,0.2512999999999999,0.1667,0.1796,0.0744,-0.0848,0.0046051282051282,0.2530000000000372,-0.0584999999999977,0,1,1.0036725,0.0388436114108343,0.934,1.0921,0.1581,1.0921,0.0281,0.0822999999999999,-0.1060000000000001,0.0007205128205128,0.2984999999999882,-0.4061666666666514,1,0,0.9775925,0.8162775754599154,-0.42,2.6425,3.0625,2.6425,-2.5549999999999997,2.59,-2.59,-0.0655128205128205,4.229166666666505,-4.316499999999835,0,0,-0.1907524999999999,0.8532440493117414,-1.8112,1.4262,3.2374,1.8112,1.3649,2.415,-2.5026,0.0349974358974358,7.0146666666664,-7.102000000002235,1,0,-0.9528825,7.625320935991178,-11.7425,11.3138,23.0563,11.7425,-23.0563,-0.0700000000000002,-1.1374999999999993,-0.5911871794871795,-2.7805000000007,-14.59783333333278,0,1
weave,2.3400000000000034,40,1.0107913334289371,1.075543346406829,0.9375457855486312,0.1379975608581977,11.539841573411843,17.79333054658402,2.006567452143087,15.786763094440932,0.0629675,0.0264109669091633,0.0054,0.1037,0.0983,0.1037,-0.0453,0.0629,-0.0518999999999999,-0.0011615384615384,0.2331666666667371,-0.211499999999992,1,0,0.1394825,0.0353198635730733,0.0452,0.2128,0.1676,0.2128,0.0713,0.0875999999999999,-0.0902999999999999,0.0018282051282051,0.1533333333333275,-0.1241666666666621,1,0,0.9981875,0.035802178615131,0.9189,1.0607,0.1417999999999999,1.0607,-0.0124999999999999,0.0862,-0.0907000000000001,-0.0003205128205128,0.2516666666666598,-0.2676388888888798,1,0,0.4683425,0.7697572663983608,-0.9538,2.6425,3.5963000000000003,2.6425,-1.925,2.59,-2.59,-0.0493589743589743,2.90199999999989,-6.008166666666439,0,0,-0.0334674999999999,1.0048010379372343,-1.8987,2.5025,4.4012,2.5025,-0.6562,3.5875,-2.5026,-0.016825641025641,8.662499999999673,-7.913888888888589,0,0,-11.4366925,4.524807466049147,-17.7712,-1.645,16.1262,17.7712,-16.1262,0.3063000000000002,-1.1374999999999993,-0.4134923076923077,-1.7618055555554732,-14.393666666666114,0,0
weave,2.3400000000000034,40,1.0179483716389908,1.1059147435494294,0.9343631467475588,0.1715515968018707,20.353175202604156,22.543892326969623,17.73429877046172,4.809593556507906,0.0342325,0.0248034570326241,-0.0154,0.0801,0.0955,0.0801,-0.069,0.0564,-0.0532,-0.0017692307692307,0.094166666666663,-0.1404999999999946,0,0,0.1909025,0.0252392702513466,0.1368,0.246,0.1091999999999999,0.246,-0.0145,0.0554,-0.0678,-0.0003717948717948,0.1446666666666827,-0.1788333333333265,1,0,0.9987175,0.0406323534567701,0.9085,1.0831,0.1745999999999999,1.0831,-0.12,0.1427,-0.1321999999999999,-0.003076923076923,0.2511666666666556,-0.3161666666666551,1,0,0.378215,0.910867868081076,-1.5662,1.925,3.4912,1.925,0.8311999999999999,1.8988,-1.505,0.0213128205128205,7.729166666666373,-7.422999999999718,1,0,-0.70985,0.7254430600214833,-2.275,0.7788,3.0538,2.275,-0.0087,2.2663,-1.5225,-0.0002230769230769,5.1041666666664725,-4.447833333333165,0,0,-20.3054725,1.4319861996161225,-22.47,-17.7188,4.751199999999997,22.47,-1.8373999999999988,1.0498999999999974,-0.8487000000000009,-0.0471128205128204,8.297833333332989,-4.695666666666483,0,0
weave,2.339999999999975,40,1.009627711057557,1.1071485266214285,0.8902205400910496,0.2169279865303789,13.699671661650797,19.798276853807252,11.42735937913917,8.370917474668081,0.0025925,0.031579175120355,-0.0685,0.0658,0.1343,0.0685,-0.0049,0.0878,-0.0731,-0.000125641025641,0.2901666666667328,-0.2421666666666574,0,1,0.125505,0.0451347836187091,0.0274,0.2106,0.1832,0.2106,-0.0559,0.1415,-0.1797,-0.0014333333333333,0.1491666666666612,-0.2421666666666577,0,0,1.0003975,0.044626205291487,0.8872,1.0876,0.2003999999999999,1.0876,-0.0063999999999999,0.1296,-0.1183999999999999,-0.0001641025641025,0.3514999999999855,-0.4961666666666477,1,0,0.3289924999999999,1.135915599380811,-2.1613,2.4325,4.5938,2.4325,0.5774999999999999,3.1938,-2.4237,0.0148076923076923,7.74383333333304,-9.394027777777422,0,1,-0.619285,1.0183244192526044,-3.1325,2.3625,5.494999999999999,3.1325,-0.3762,2.5637,-3.0888,-0.0096461538461538,6.620833333335148,-10.485166666666268,1,1,-13.5909325,2.7709632599316483,-19.7225,-11.2525,8.47,19.7225,8.3475,1.0500000000000007,-0.5250000000000004,0.2140384615384615,10.602166666666278,-2.5813333333332196,0,0
weave,2.3400000000000034,40,1.0153294344787365,1.1447319555249604,0.8740201141850226,0.2707118413399378,11.222512936006115,12.449878350409692,9.766820103800418,2.6830582466092743,0.01581,0.0330005656517177,-0.0685,0.0658,0.1343,0.0685,-0.0043999999999999,0.0786,-0.0731,-0.0001128205128205,0.2901666666667328,-0.1627777777777716,1,1,0.109975,0.0400992790394937,0.0274,0.2071,0.1797,0.2071,0.0253999999999999,0.1415,-0.1797,0.000651282051282,0.2390277777777689,-0.2881944444444335,1,0,1.00794,0.0593526609258115,0.867,1.138,0.2709999999999999,1.138,-0.0387999999999999,0.2709999999999999,-0.2359,-0.0009948717948717,0.3514999999999855,-0.4961666666666477,0,0,0.617085,1.0398897497158546,-1.4088,2.4325,3.8413,2.4325,-0.6125,3.8063,-2.4237,-0.0157051282051281,8.866666666666333,-9.552166666666304,1,0,-0.724055,1.3142513854194422,-5.3987,1.9863,7.385,5.3987,1.2863,3.1761999999999997,-4.0687,0.0329820512820513,15.326999999999416,-9.566666666666302,1,0,-11.0582525,0.8164509208442574,-12.285,-9.6163,2.6686999999999994,12.285,1.1986999999999988,0.7176000000000009,-0.7088000000000001,0.0307358974358974,4.564666666666497,-2.581333333333234,0,0
weave,2.3400000000000034,40,1.0088324948102028,1.268052025746578,0.8834396923389847,0.3846123334075932,10.274807283243614,11.840773977236454,9.172767473887038,2.6680065033494156,0.0423875,0.0416091347681473,-0.0563,0.1313,0.1876,0.1313,0.0458,0.1272,-0.1303,0.0011743589743589,0.2779999999999896,-0.2186666666667734,1,2,0.1025825,0.0414510455004083,0.0149,0.1751,0.1602,0.1751,0.0439,0.1162,-0.1427,0.001125641025641,0.2730555555555454,-0.2314999999999911,1,0,1.0010974999999998,0.0777430167941559,0.8762,1.2576,0.3814000000000001,1.2576,-0.1019999999999999,0.2894000000000001,-0.2972,-0.0026153846153846,0.4865277777777603,-0.3786666666668932,1,0,0.2187449999999999,1.3585328228436695,-2.2313,3.1588,5.3901,3.1588,-2.0913,4.2788,-2.9576,-0.0536230769230769,14.802166666666109,-13.504333333335438,1,2,-0.1850649999999999,1.4305182203465951,-2.9662,2.7213,5.6875,2.9662,-0.3938,4.1825,-2.9488,-0.0100974358974358,9.843833333332965,-13.227166666666164,1,4,-10.087215,0.4502296243485382,-11.1562,-9.1525,2.0037000000000003,11.1562,-1.4963000000000015,1.0850000000000009,-0.9011999999999992,-0.0383666666666667,2.7856666666665575,-3.820833333333198,0,0
weave,2.339999999999975,40,1.0197572513203588,1.155436099487981,0.8625147534970055,0.2929213459909758,24.01905796607272,28.30101708207675,12.031845676370688,16.26917140570606,0.05369,0.0334131158034133,-0.0232,0.1363,0.1595,0.1363,0.0095999999999999,0.09,-0.1018,0.0002461538461538,0.2229999999999915,-0.3334999999999873,1,0,0.2058799999999999,0.0507277459101841,0.1054,0.3009,0.1955,0.3009,0.0659,0.1051,-0.1324999999999999,0.0016897435897435,0.3056666666666552,-0.2386666666666619,1,0,0.9955475,0.0595267790955228,0.8415,1.1309,0.2894,1.1309,-0.003,0.2218000000000001,-0.203,-7.6923076923077e-05,0.4531666666666485,-0.4184999999999821,1,0,0.2699275,0.7994374300775354,-1.1025,2.1613,3.2638000000000003,2.1613,-2.1176000000000004,1.785,-1.6975,-0.0542974358974358,5.5124999999997915,-5.2644999999998,0,0,-0.6127225,1.0112945657480508,-3.0363,0.91,3.9463,3.0363,1.5575,3.8938,-3.0888000000000004,0.0399358974358974,8.225000000002714,-6.547833333334188,1,0,-23.97041,4.8797805275784,-28.28,-11.7863,16.4937,28.28,-14.7437,1.0324999999999989,-2.003800000000002,-0.3780435897435897,3.733333333333235,-20.46049999999923,0,0
weave,2.3400000000000034,40,1.0126058422195712,1.155436099487981,0.8202615680379033,0.335174531450078,20.39628288372907,28.30101708207675,2.125685625862865,26.17533145621389,0.0310775,0.0374180505426225,-0.0401,0.1147,0.1548,0.1147,-0.019,0.09,-0.1018,-0.0004871794871794,0.2229999999999915,-0.255166666666657,0,0,0.1343325,0.1168601232407623,-0.0815,0.3009,0.3824,0.3009,-0.3232,0.1051,-0.1324999999999999,-0.0082871794871794,0.0980555555555518,-0.4021666666666515,0,1,0.9959775,0.0618042007015621,0.8158,1.1309,0.3151,1.1309,-0.0834999999999999,0.2218000000000001,-0.2763000000000001,-0.0021410256410256,0.6768055555555303,-0.4184999999999821,1,0,-0.4460325,0.9117620934599732,-2.345,1.2862,3.6312,2.345,-1.1199,2.9487,-1.7326,-0.0287153846153846,9.394166666666312,-6.387499999999758,1,0,-0.2038724999999999,1.0993682897027028,-2.485,2.275,4.76,2.485,0.6562,3.4475,-3.6838,0.016825641025641,8.373194444444126,-7.729166666666374,1,1,-19.9327225,10.43460805140298,-28.28,3.6837,31.963700000000003,28.28,30.380000000000003,2.3887,-0.6911999999999985,0.7789743589743591,33.04583333334007,-4.112333333333169,0,1
weave,2.3400000000000034,40,0.9919727802991452,1.1143193662500892,0.8024843986022407,0.3118349676478484,16.358674367412597,19.84871986753806,6.004137714110161,13.844582153427895,0.0139324999999999,0.0311515928514014,-0.0356,0.1071,0.1427,0.1071,-0.0268,0.1016,-0.0821,-0.0006871794871794,0.216833333333325,-0.2694999999999898,1,0,-0.1315725,0.0437544605052166,-0.2619,-0.055,0.2069,0.2619,0.0423999999999999,0.0945999999999999,-0.1599,0.0010871794871794,0.3703333333335107,-0.3001666666666556,1,0,0.9816775,0.0556733029400664,0.7896,1.097,0.3074,1.097,-0.0208999999999999,0.3064000000000001,-0.1972,-0.0005358974358974,0.3563888888888731,-0.3524999999999867,0,0,0.485185,0.9636147414945668,-1.5575,3.4825,5.04,3.4825,0.0525,3.045,-2.9312,0.0013461538461538,7.393833333333055,-12.055555555555095,1,0,0.2189749999999999,1.2343958550851029,-2.9137,3.36,6.2737,3.36,-0.245,3.6137,-2.3187,-0.0062820512820513,7.991499999999697,-8.749833333333001,1,2,16.27325,3.930646945250251,5.88,19.6262,13.746200000000002,19.6262,10.823800000000002,1.6274999999999995,-0.5686999999999998,0.2775333333333334,16.464333333332718,-5.672833333333131,0,0
weave,2.3400000000000034,40,0.9942751204386406,1.1143193662500892,0.8024843986022407,0.3118349676478484,13.252962050915691,19.84871986753806,1.3302917461970514,18.518428121341007,0.0223699999999999,0.0391846463914185,-0.0356,0.1115,0.1471,0.1115,-0.0051,0.1327,-0.0929,-0.0001307692307692,0.3049999999999884,-0.2363333333333243,1,0,-0.0596199999999999,0.0968941801856342,-0.2619,0.1103,0.3722,0.2619,0.2495,0.1408,-0.172,0.0063974358974358,0.3703333333335107,-0.3001666666666556,0,1,0.9868,0.0655689498122944,0.7896,1.097,0.3074,1.097,0.0802,0.3064000000000001,-0.1972,0.0020564102564102,0.4783333333333157,-0.3113333333333195,0,0,0.58231,1.1676018373857873,-1.5575,3.4825,5.04,3.4825,1.1287999999999998,3.9463,-2.7563000000000004,0.0289435897435897,8.079166666668025,-9.741666666666298,1,0,-0.0682474999999999,1.1230223309850191,-2.9137,2.7912,5.7049,2.9137,-0.5601,3.6137,-2.3187,-0.0143615384615384,7.991499999999697,-8.749833333333001,1,1,12.011345,8.536593279551697,-6.1512,19.6262,25.7774,19.6262,-24.9549,0.6387999999999998,-1.828800000000001,-0.6398692307692307,2.248333333333278,-24.995833333332374,0,1
weave,2.339999999999975,40,1.0122869751495691,1.106462082495374,0.8532201122805299,0.2532419702148443,12.484531052030912,24.648636625582355,1.3302917461970514,23.318344879385304,0.0445775,0.0385498643949858,-0.0244,0.1322,0.1566,0.1322,-0.0122999999999999,0.1327,-0.0963,-0.0003153846153846,0.3049999999999884,-0.2668333333333233,1,0,0.1030649999999999,0.1075321575038643,-0.1774,0.2835,0.4609,0.2835,0.3696,0.1570999999999999,-0.172,0.009476923076923,0.3628333333333196,-0.0959999999999963,0,1,0.999695,0.0606144095164313,0.8438,1.0879,0.2441000000000001,1.0879,-0.0929000000000001,0.1778,-0.1744,-0.0023820512820512,0.4751666666666505,-0.4128333333333192,1,0,0.65144,1.0815572179939772,-1.2162,3.185,4.4012,3.185,1.6012,3.9463,-1.96,0.0410564102564102,16.51555555555493,-7.597833333333046,1,0,-0.278035,1.146433206604348,-2.87,1.8112,4.6812000000000005,2.87,-1.8463,2.7476000000000003,-2.7387,-0.0473410256410256,8.57500000000042,-7.539499999999714,1,0,-5.8771474999999995,13.047206988313286,-24.6225,16.2925,40.915,24.6225,-40.915,-0.1312999999999995,-2.0212000000000003,-1.049102564102564,-3.986250000001729,-24.995833333332374,0,1
weave,2.3400000000000034,40,1.0107508775708929,1.117896802034964,0.8532201122805299,0.2646766897544341,19.67448322308004,24.648636625582355,8.10657427277392,16.542062352808436,0.03868,0.0381484092486846,-0.0529,0.1322,0.1851,0.1322,-0.0193999999999999,0.1132,-0.0963,-0.0004974358974358,0.1872222222222151,-0.2668333333333232,1,1,0.1792325,0.0588469086720484,0.0454,0.2835,0.2380999999999999,0.2835,-0.0789999999999999,0.1570999999999999,-0.1677999999999999,-0.002025641025641,0.3406666666666538,-0.5624999999999786,1,0,0.99166,0.0650779524680663,0.8438,1.0993,0.2554999999999999,1.0993,0.0817999999999999,0.1778,-0.2403999999999999,0.0020974358974358,0.4751666666666487,-0.4128333333333174,1,0,-0.0551199999999999,1.4120952537784377,-4.06,2.5463,6.606299999999999,4.06,-1.0587,2.0999,-3.0974999999999997,-0.0271461538461538,10.99958333333292,-12.702000000004483,1,1,-0.4521575,1.098833577816577,-2.87,2.135,5.005,2.87,2.4938,2.7476000000000003,-2.7387,0.0639435897435897,8.57500000000042,-7.218666666666393,1,1,-19.5704625,4.771372668572834,-24.6225,-7.3238,17.298699999999997,24.6225,-9.6512,1.959900000000001,-2.0212000000000003,-0.2474666666666667,15.399999999999435,-20.270833333332547,0,0
weave,2.3400000000000034,40,1.008709262236989,1.1393159087803522,0.8877175508009291,0.2515983579794231,9.53230897643498,19.37097095372351,1.335315367244757,18.035655586478757,0.0124575,0.02750208278826,-0.0473,0.0899,0.1372,0.0899,0.0036,0.0826,-0.0858,9.230769230769264e-05,0.1594999999999939,-0.2198611111111027,0,0,-0.048815,0.0936535091132776,-0.2208,0.1532,0.374,0.2208,-0.3531999999999999,0.0956,-0.0995,-0.0090564102564102,0.1086666666666622,-0.4059999999999846,0,1,1.002805,0.0630926057271048,0.8808,1.138,0.2571999999999999,1.138,-0.1349,0.2257,-0.2138,-0.0034589743589743,0.3898333333333212,-0.5124999999999797,1,0,-0.1159424999999999,0.8965653678994446,-2.6425,1.75,4.3925,2.6425,0.2888,3.4825,-2.205,0.0074051282051281,7.83116666666637,-7.378999999999721,1,0,0.1231525,1.1519165532427318,-2.065,2.3712,4.4361999999999995,2.3712,0.1312,2.8613,-2.9401,0.0033641025641025,10.164666666666282,-11.593666666666229,1,2,2.959465,10.448452090204926,-15.5225,19.3288,34.8513,19.3288,34.8513,2.598699999999999,0.0087000000000001,0.893623076923077,20.13949999999926,5.796944444444224,0,1
weave,2.3400000000000034,40,1.0060753513549163,1.1370517842209298,0.8877175508009291,0.2493342334200007,15.905939537928427,21.0851625779836,4.392939669515164,16.692222908468434,0.03456,0.0327279602880378,-0.0473,0.1176,0.1649,0.1176,0.0844,0.102,-0.0742999999999999,0.0021641025641025,0.2184722222222139,-0.1967499999999925,1,0,-0.1331425,0.0480382373739919,-0.2484,-0.0207,0.2277,0.2484,-0.0209,0.1171,-0.0766,-0.0005358974358974,0.3148333333333213,-0.3688333333333193,0,0,0.9949575,0.062307862151557,0.8808,1.119,0.2381999999999999,1.119,0.0640999999999999,0.2264,-0.2138,0.0016435897435897,0.5208333333333136,-0.5124999999999797,1,0,0.4070875,0.9444704890633367,-1.5488,2.3187,3.8675,2.3187,-0.4724999999999999,2.87,-2.205,-0.0121153846153846,5.848000000001627,-6.4894999999997545,0,0,-0.1187949999999999,1.0087216415992912,-2.0038,1.7938,3.7976,2.0038,2.6951,2.8613,-2.5288,0.0691051282051282,9.508333333335033,-6.358333333333091,1,0,15.8261325,5.275318343457019,4.095,21.0438,16.948800000000002,21.0438,13.265,1.7151000000000003,-0.6999999999999993,0.3401282051282051,16.172999999999405,-7.233333333333007,0,0
weave,2.339999999999975,40,0.9981660814875684,1.1370517842209298,0.902123140153272,0.2349286440676579,13.62762483515898,21.0851625779836,1.0634608032268984,20.0217017747567,0.036265,0.0307897298061944,-0.0195,0.1176,0.1371,0.1176,0.0815,0.102,-0.0637,0.0020897435897435,0.2026666666666914,-0.2968333333333221,1,0,-0.055695,0.1064035543796135,-0.2484,0.153,0.4014,0.2484,0.3465,0.1171,-0.0701,0.0088846153846153,0.4034999999999846,-0.1293333333333282,0,1,0.9899975,0.0463126691837457,0.8926,1.119,0.2264,1.119,0.078,0.2264,-0.1528,0.002,0.3384166666666548,-0.3474999999999877,1,0,1.072085,0.9139702044602032,-0.8313,2.8612,3.6925,2.8612,-0.5424,2.87,-2.5812,-0.0139076923076923,6.168833333333101,-8.020666666666365,1,0,0.0308325,1.0154573526596342,-2.345,1.7938,4.1388,2.345,0.4988000000000001,3.6838,-3.0976,0.0127897435897435,6.285499999999763,-6.227333333333098,1,0,12.4527825,8.95489439519937,-5.0925,21.0438,26.1363,21.0438,-24.815,0.5863000000000014,-2.0913000000000004,-0.6362820512820513,2.88391666666692,-23.8144999999991,0,1
weave,2.3400000000000034,40,0.9921719012924451,1.1309117472199146,0.8838846870491647,0.2470270601707499,10.166001701299797,16.782349673689914,1.0634608032268984,15.718888870463015,0.034955,0.0303315689822184,-0.0195,0.1151,0.1346,0.1151,0.1095,0.0642,-0.1098,0.0028076923076923,0.2889999999999889,-0.1139999999999956,1,0,0.08234,0.0730156210894417,-0.0781,0.1937,0.2718,0.1937,0.2274999999999999,0.1066999999999999,-0.0755999999999999,0.0058333333333333,0.4034999999999846,-0.2469999999999907,0,1,0.9851575,0.0489989528276383,0.8723,1.1117,0.2393999999999999,1.1117,0.1829999999999999,0.1410999999999999,-0.1666999999999999,0.0046923076923076,0.490833333333315,-0.3474999999999877,1,0,0.1765325,1.6409143766451584,-3.57,2.8612,6.4312000000000005,3.57,-0.1924,2.0212,-2.5812,-0.0049333333333333,10.718833333332928,-11.258333333335656,0,1,0.325275,1.068660605198191,-2.345,2.3537,4.6987000000000005,2.3537,0.5598999999999998,3.6838,-3.0976,0.0143564102564102,7.741249999999706,-7.393833333333053,1,1,-3.8412525,10.546338827362415,-16.6162,15.7937,32.4099,16.6162,-32.4099,0.5861999999999998,-2.0913000000000004,-0.831023076923077,-0.9574444444444056,-23.8144999999991,0,1
weave,2.3400000000000034,40,1.0004954897216052,1.1170375956072385,0.8872686459015668,0.2297689497056714,11.309635124204515,17.574291619863374,0.7552505014894065,16.819041118373967,0.04461,0.0261641249786312,-0.0009,0.0919,0.0928,0.0919,0.0092,0.0622,-0.0757,0.0002358974358974,0.2028333333333256,-0.1621666666666348,1,0,0.0161425,0.0953633910500465,-0.1222,0.1756,0.2978,0.1756,-0.2512,0.0707,-0.0775,-0.0064410256410256,0.1246666666666618,-0.3064999999999882,0,1,0.9946175,0.0452889123664206,0.8872,1.1131,0.2259,1.1131,0.0246,0.1545999999999999,-0.1446999999999999,0.0006307692307692,0.2899999999999885,-0.2758333333333223,1,0,0.1144,0.9776845154725892,-1.6275,2.7738,4.4013,2.7738,0.2886999999999999,3.64,-2.2488,0.0074025641025641,8.26883333333302,-7.904166666666368,1,0,0.1281949999999999,1.5647058704433878,-3.745,3.3425,7.0875,3.745,0.6826,3.2375,-3.8587,0.017502564102564,14.0583333333328,-11.958333333334638,1,3,-4.363630000000001,11.739643759440236,-17.36,14.9625,32.3225,17.36,31.9987,1.9249,-0.7349999999999994,0.8204794871794872,24.441833333332404,-1.7791666666666115,0,1
weave,2.3400000000000034,40,0.9999565668189576,1.1170375956072385,0.8913190730596984,0.2257185225475398,14.75043529786193,27.07191175831511,0.7552505014894065,26.316661256825704,0.0398349999999999,0.0371035940618653,-0.0847,0.1017,0.1864,0.1017,-0.0414,0.0785,-0.0769,-0.0010615384615384,0.326833333333321,-0.3048333333333218,1,2,-0.1089,0.0634920628998779,-0.2572,0.0068,0.2639999999999999,0.2572,-0.2481,0.1815999999999999,-0.1942999999999999,-0.0063615384615384,0.1563333333333276,-0.2736666666666563,0,0,0.9905125,0.0487445312514447,0.8862,1.1131,0.2269,1.1131,-0.1018999999999999,0.1545999999999999,-0.1446999999999999,-0.0026128205128205,0.337666666666653,-0.4416666666666504,1,0,0.2651175,1.1479587024394258,-2.8788,3.5262,6.404999999999999,3.5262,0.9274999999999998,5.1887,-2.73,0.0237820512820512,12.13333333333648,-7.495666666666384,1,1,0.2555024999999999,1.1991190910868588,-2.3625,2.7475,5.109999999999999,2.7475,3.3600000000000003,2.4938,-2.7387,0.0861538461538461,10.5729999999996,-11.360499999999568,1,2,13.922565,9.561295397257393,-5.6962,26.775,32.471199999999996,26.775,32.471199999999996,1.9249,-0.1573999999999991,0.8325948717948717,24.13533333333242,1.9929166666665503,0,1
weave,2.339999999999975,40,1.009015699150035,1.1254762591898595,0.8849004972311858,0.2405757619586739,24.085263030427445,28.089794657134824,15.857662442176022,12.232132214958805,0.0312249999999999,0.0346177644481069,-0.0847,0.1017,0.1864,0.1017,0.0233999999999999,0.0902,-0.0769,0.0006,0.326833333333321,-0.2911666666666557,1,1,-0.1435925,0.0456329918185044,-0.2572,-0.0629,0.1942999999999999,0.2572,0.0142999999999999,0.1815999999999999,-0.1942999999999999,0.0003666666666666,0.2716666666666564,-0.2731666666666561,0,0,0.9965825,0.0582104664458734,0.8775,1.1164,0.2389000000000001,1.1164,0.0469999999999999,0.1146999999999999,-0.2389000000000001,0.0012051282051282,0.4333333333333158,-0.4416666666666504,1,0,0.4878124999999998,1.199954605378032,-2.8788,3.5262,6.404999999999999,3.5262,1.2688,5.1887,-2.73,0.0325333333333333,13.580791666670786,-7.656333333333044,1,1,-0.0767724999999999,1.1367663095630924,-2.3625,2.7475,5.109999999999999,2.7475,-1.4612,2.4938,-2.7387,-0.0374666666666666,10.5729999999996,-11.360499999999568,1,2,24.0185375,3.6099848362269418,15.7937,28.0788,12.285100000000002,28.0788,7.568800000000001,1.3125,-0.9888000000000012,0.1940717948717949,15.44383333333272,-8.443666666666331,1,0
weave,2.3400000000000034,40,1.0133758535161494,1.1254762591898595,0.8849004972311858,0.2405757619586739,24.164997552231434,28.089794657134824,21.265541295015275,6.824253362119549,0.0240725,0.0214614859272401,-0.0226,0.0773,0.0998999999999999,0.0773,-0.0705,0.0405,-0.0332,-0.0018076923076923,0.1088333333333292,-0.1842499999999931,1,0,-0.1351425,0.0314237611183084,-0.211,-0.0649,0.1461,0.211,0.0171,0.0976999999999999,-0.0878999999999999,0.0004384615384615,0.2716666666666564,-0.1956666666666588,1,0,1.0032525,0.0522731582221011,0.8775,1.1164,0.2389000000000001,1.1164,-0.0934999999999999,0.1231999999999999,-0.2389000000000001,-0.0023974358974358,0.2091666666667961,-0.5098749999999814,0,0,0.5941275,0.7796665414720743,-0.9975,2.3975,3.395,2.3975,-0.5688000000000002,1.3386999999999998,-1.89,-0.0145846153846153,7.77283333333304,-6.853999999999742,0,0,-0.1657975,0.7349654861903555,-1.575,1.4088,2.9838,1.575,-0.9188,1.8463,-1.4087,-0.0235589743589743,5.118499999999806,-4.848749999999817,1,0,24.134035,2.4360448292315233,21.2362,28.0788,6.842600000000001,28.0788,-4.733799999999999,0.7348999999999997,-0.9888000000000012,-0.1213794871794871,3.512083333333201,-8.443666666666331,0,0
weave,2.3400000000000034,40,1.008176976396197,1.1087954319891475,0.9105080449946612,0.1982873869944863,21.165035454886016,22.299831796002408,19.074907121399047,3.2249246746033613,0.0001424999999999,0.0244454587833447,-0.0488,0.0566,0.1054,0.0566,-0.0133,0.0533999999999999,-0.0844,-0.0003410256410256,0.2086111111111032,-0.1793333333333265,1,0,-0.12694,0.0303097411776545,-0.2116,-0.059,0.1526,0.2116,-0.053,0.0919,-0.1135,-0.0013589743589743,0.2393333333333241,-0.3081666666666549,1,0,0.999385,0.0472229602456154,0.8977,1.0929,0.1951999999999999,1.0929,0.0382,0.1287,-0.1496,0.0009794871794871,0.3752777777777648,-0.274833333333321,1,0,1.0714375,1.1546021585183046,-3.4738,3.2725,6.7463,3.4738,-0.8837,2.8701000000000003,-3.0275,-0.0226589743589743,4.399444444444281,-10.820999999999591,1,1,0.114405,0.9950983226642636,-2.1,2.59,4.6899999999999995,2.59,0.315,2.3363,-1.9162,0.008076923076923,7.160333333333062,-6.350999999999758,1,1,21.083995,0.7955321779338689,18.9263,22.1812,3.2548999999999992,22.1812,-1.181199999999997,0.5512000000000015,-0.9013000000000028,-0.0302871794871794,3.8523611111109526,-7.714499999999703,1,0
weave,2.3400000000000034,40,1.0163052227940312,1.1287002303534803,0.8640614908674035,0.2646387394860771,22.96143654511788,29.07232128898551,19.074907121399047,9.997414167586465,0.0209825,0.0364919020697286,-0.0488,0.122,0.1708,0.122,0.06,0.0629,-0.0844,0.0015384615384615,0.2879166666666557,-0.1793333333333265,0,0,-0.1507325,0.0501757955106663,-0.2822,-0.059,0.2232,0.2822,-0.0928999999999999,0.0919,-0.1135,-0.0023820512820512,0.3674999999999858,-0.4181666666666508,1,0,1.0029025,0.0573914381513211,0.8408,1.1114,0.2705999999999999,1.1114,-0.0403,0.1898999999999999,-0.1669,-0.0010333333333333,0.4045833333333187,-0.3131666666666532,1,0,0.716625,1.6258663571012983,-3.4738,5.565,9.0388,5.565,-0.8400000000000001,3.5350000000000006,-3.0975,-0.0215384615384615,22.50216666666753,-21.204166666665863,1,3,0.109595,1.2560359148772533,-3.64,2.59,6.23,3.64,2.2838000000000003,4.585,-5.2937,0.0585589743589743,7.160333333333062,-10.378194444444052,1,2,22.8576225,3.040676744721646,18.9263,29.0413,10.114999999999998,29.0413,7.5425,1.5749999999999993,-0.9013000000000028,0.1933974358974359,12.760333333332852,-7.714499999999703,0,0
weave,2.339999999999975,40,1.012559078148708,1.1287002303534803,0.8640614908674035,0.2646387394860771,27.86176650151636,31.854031269683905,19.976669334250893,11.877361935433012,0.0364675,0.0313089434875674,-0.0066,0.122,0.1286,0.122,0.0518,0.0848,-0.0776,0.0013282051282051,0.2060833333333604,-0.1979999999999925,1,0,-0.1871499999999999,0.0521641491978778,-0.3116,-0.0814,0.2302,0.3116,0.1127,0.1609999999999999,-0.1571,0.0028897435897435,0.3276666666666541,-0.2794999999999894,1,0,0.9923300000000002,0.0670274157456369,0.8408,1.1114,0.2705999999999999,1.1114,0.1439,0.1898999999999999,-0.1669,0.0036897435897435,0.3490000000000171,-0.6555555555555307,0,0,1.1178075,1.6196077200561203,-2.7475,5.565,8.3125,5.565,3.5088,3.5350000000000006,-3.0975,0.0899692307692307,18.72749999999929,-21.204166666665863,1,2,-0.1196525,1.2687702069099462,-3.64,2.2487,5.8887,3.64,2.87,4.585,-5.2937,0.0735897435897435,7.287916666666391,-7.597833333333045,1,4,27.7585,3.527813226566631,19.81,31.815,12.005000000000004,31.815,7.936300000000003,1.5749999999999993,-1.0151000000000003,0.2034948717948718,12.760333333332852,-7.554166666666362,0,0
weave,2.3400000000000034,40,1.0040356993771131,1.122590481876628,0.8994027184748776,0.2231877634017505,21.15220357093032,31.854031269683905,1.131145521142174,30.72288574854173,0.03745,0.0327813971636353,-0.0046,0.1146,0.1192,0.1146,-0.0457,0.1175,-0.1022999999999999,-0.0011717948717948,0.2093333333333254,-0.1979999999999925,0,0,-0.0792425,0.1401991457004222,-0.3116,0.1586,0.4701999999999999,0.3116,0.3774,0.1609999999999999,-0.1571,0.009676923076923,0.4929166666666483,-0.1159999999999954,0,1,0.9898625,0.0637959997439756,0.8437,1.1039,0.2602000000000001,1.1039,0.1205999999999999,0.2033000000000001,-0.1733,0.0030923076923076,0.5359722222222012,-0.4451666666667169,1,0,1.541305,1.1917978425094822,-1.3913,3.3338,4.7251,3.3338,-1.2862,2.5375,-2.1262999999999996,-0.0329794871794871,8.487666666666346,-9.099833333332988,1,0,-0.0918749999999999,1.1236507016679935,-2.1,2.2487,4.3487,2.2487,2.6949,4.3487,-2.6687000000000003,0.0691,7.991666666666364,-7.597833333333046,1,2,20.1626125,12.844644478280802,-5.2675,31.815,37.0825,31.815,-35.2625,0.9361999999999996,-2.2836999999999996,-0.9041666666666668,3.565624999999841,-34.28533333334044,0,1
weave,2.3400000000000034,40,1.0286127596489536,1.214802271976802,0.8902975513838056,0.3245047205929963,18.069551048227684,22.31417788806032,5.841124838590594,16.473053049469723,0.01722,0.0446198828855248,-0.1029,0.1528,0.2557,0.1528,-0.1444,0.0842,-0.1427999999999999,-0.0037025641025641,0.3536666666666532,-0.3459999999999868,1,3,0.1985549999999999,0.0530455728112327,0.0899,0.2986,0.2087,0.2986,0.0305,0.1172,-0.1732,0.0007820512820512,0.3911666666667555,-0.3958333333333181,1,0,1.0070125,0.0748906320097548,0.8699,1.1861,0.3161999999999999,1.1861,-0.0814999999999999,0.2894000000000001,-0.2834999999999998,-0.0020897435897435,0.4923333333333168,-0.3466666666666542,1,0,0.3981225,1.0938687275311023,-2.4675,3.1937,5.6612,3.1937,-2.3275,3.045,-3.5175,-0.0596794871794871,6.679166666666413,-9.435333333335272,0,1,-0.0371775,1.3652070462843204,-2.6688,3.5787,6.2475000000000005,3.5787,0.7787999999999999,5.3812,-3.8587,0.0199692307692308,9.974999999999625,-10.412500000000469,1,4,-17.970102500000003,4.643914600381301,-22.2337,-5.6087,16.625,22.2337,-11.6551,1.3475,-2.729999999999998,-0.298848717948718,8.064499999999697,-22.662333333332494,0,0
weave,2.3400000000000034,40,1.0353024891942186,1.214802271976802,0.9058332407236996,0.3089690312531022,14.14191107049815,22.06812713235992,1.610950806201108,20.457176326158812,-0.0016925,0.0399366831403962,-0.1029,0.1528,0.2557,0.1528,-0.0348,0.0934,-0.1427999999999999,-0.0008923076923076,0.3536666666666532,-0.3459999999999868,1,1,0.1222225,0.0997257713972132,-0.0793,0.2876,0.3669,0.2876,-0.3328,0.1172,-0.1732,-0.0085333333333333,0.3138333333333216,-0.3958333333333181,0,1,1.0228075,0.0691909486725332,0.8967,1.1861,0.2893999999999999,1.1861,-0.1678,0.2151999999999999,-0.2834999999999998,-0.0043025641025641,0.4923333333333151,-0.3871666666666531,1,0,-0.086185,1.0991664500417742,-2.4762,1.9512,4.4274,2.4762,-0.9975,3.7012,-3.5175,-0.025576923076923,8.705999999999671,-8.85183333333343,0,0,-0.223995,1.2499320561944816,-2.1613,2.4762,4.6375,2.4762,0.1924,4.2175,-3.832500000000001,0.0049333333333333,8.925166666666328,-7.699999999999707,1,2,-13.326037500000002,8.59734318241688,-22.0413,4.4887,26.53,22.0413,25.908700000000003,1.7762,-0.5425000000000004,0.6643256410256411,22.85200000000428,-0.5686249999999688,0,1
weave,2.339999999999975,40,1.016638474166766,1.1280020700335618,0.8941026674828791,0.2338994025506826,11.093567226083843,20.186726489948786,1.610950806201108,18.575775683747676,-0.005235,0.031854449031131,-0.0825,0.0532,0.1357,0.0825,0.0158,0.1223,-0.1281,0.0004051282051282,0.2929999999999879,-0.1573333333333273,1,1,-0.05588,0.1151061343015486,-0.2962,0.1452,0.4414,0.2962,-0.4414,0.0644,-0.1122,-0.0113179487179487,0.0751666666666641,-0.3564999999999865,0,1,1.00814,0.0625156505533019,0.8913,1.1161,0.2248000000000001,1.1161,-0.1172999999999998,0.2033,-0.1883,-0.0030076923076923,0.4538888888888735,-0.3994999999999855,1,0,-0.2668725,1.1003276223033964,-2.4762,1.9512,4.4274,2.4762,0.945,3.7012,-2.5812,0.0242307692307692,8.705999999999671,-8.85183333333343,1,0,-0.27103,1.1827338908278653,-2.8875,2.4762,5.3637,2.8875,2.2663,4.2175,-3.1762,0.0581102564102564,8.925166666666327,-8.385333333333016,1,2,3.97119,11.8249449957153,-17.2025,20.1863,37.3888,20.1863,37.3888,1.7762,0.1224999999999987,0.9586871794871796,22.85200000000428,3.295722222223162,0,1
weave,2.3400000000000034,40,1.013210863316752,1.170878875033622,0.8941026674828791,0.2767762075507427,17.04651379853915,21.363709665926468,5.704322621486271,15.659387044440198,0.0180099999999999,0.0423481891962941,-0.0825,0.1283,0.2108,0.1283,0.038,0.1223,-0.1281,0.0009743589743589,0.2929999999999879,-0.2752777777777674,1,1,-0.1546325,0.050990614458158,-0.2962,-0.0676,0.2286,0.2962,0.036,0.0712,-0.1173,0.0009230769230769,0.3386666666666538,-0.3499999999999872,0,0,0.9989574999999998,0.0720405615359171,0.8913,1.1669,0.2756,1.1669,-0.0418999999999999,0.2033,-0.2148000000000001,-0.0010743589743589,0.3533333333333228,-0.398333333333321,1,0,0.55759,1.2639807670153116,-2.38,3.2113,5.5913,3.2113,2.1351,2.7125,-3.3251,0.0547461538461538,8.502333333334935,-10.293333333332944,0,1,-0.0958024999999999,1.060668260201425,-2.8875,1.8463,4.7338000000000005,2.8875,-1.3037,3.7625,-3.3162000000000003,-0.033428205128205,8.774166666666336,-8.385333333333016,1,0,16.945684999999997,4.2849622463435715,5.6962,21.2975,15.601299999999998,21.2975,11.2963,1.505,-0.9536999999999978,0.2896487179487179,16.245999999999384,-6.2124999999997215,0,0
weave,2.3400000000000034,40,1.0045864775391482,1.1156062477415587,0.8826585919822001,0.2329476557593586,11.41257309791778,19.19898784128997,0.9142470617945676,18.2847407794954,0.0291425,0.0371873488792447,-0.0532,0.0895,0.1427,0.0895,-0.1343,0.1156,-0.0996,-0.0034435897435897,0.3261666666667115,-0.3616666666666529,1,1,0.13107,0.0777140854473825,-0.1047,0.2564,0.3611,0.2564,0.3063,0.1099999999999999,-0.0675,0.0078538461538461,0.4560000000000785,-0.1289999999999953,0,1,0.9920125,0.0561579603120542,0.8623,1.1009,0.2386,1.1009,0.0047,0.1858999999999999,-0.1345,0.0001205128205128,0.5648611111110914,-0.4218333333333159,1,0,0.8351849999999998,1.205475255262953,-1.5312,4.2263,5.7575,4.2263,-2.5987,5.5912,-3.2899999999999996,-0.0666333333333333,11.62299999999956,-9.77100000000262,1,0,-0.4924025,1.0165696824243575,-3.115,1.75,4.865,3.115,0.5863,2.6163,-3.5,0.0150333333333333,9.831805555555182,-7.539666666666379,1,0,-7.441215,10.20369267520468,-19.1975,15.6187,34.8162,19.1975,-34.8162,0.883700000000001,-2.2313,-0.892723076923077,0.5588888888888875,-30.960333333339648,0,1
weave,2.3400000000000034,40,1.0003273516459594,1.127023287248316,0.8826585919822001,0.2443646952661158,15.119616155895136,19.50352271078228,5.057984405867618,14.44553830491466,0.03272,0.0358900971985738,-0.0532,0.0871,0.1402999999999999,0.0871,0.0103,0.1156,-0.0996,0.0002641025641025,0.2731666666666563,-0.2990277777777664,0,2,0.1548,0.062485144901275,-0.0115,0.2564,0.2679,0.2564,-0.126,0.111,-0.155,-0.0032307692307692,0.276833333333323,-0.2921666666666558,1,0,0.985265,0.0547444953326886,0.8623,1.1212,0.2589,1.1212,0.039,0.1418,-0.1345,0.001,0.5813333333333812,-0.3913333333333195,1,0,-0.2286025,1.3474764066223373,-3.92,4.06,7.98,4.06,0.8838,5.5912,-4.6899999999999995,0.0226615384615384,11.309458333332904,-11.156333333332912,1,1,-0.5471,1.1267164025587235,-3.115,1.5662,4.6812000000000005,3.115,0.7961999999999999,3.01,-3.5,0.0204153846153846,6.8833333333330735,-10.803611111110705,1,0,-14.99947,3.977784393687856,-19.425,-5.005,14.420000000000002,19.425,6.580000000000001,1.9162,-1.2775,0.1687179487179487,23.770833333337848,-10.485333333332932,0,0
weave,2.339999999999975,40,0.9943983497460028,1.155072006413453,0.8974271836756451,0.2576448227378078,10.85090398547054,19.50352271078228,0.8293865986378126,18.674136112144467,0.0420874999999999,0.0277372672336289,-0.0197,0.0925,0.1122,0.0925,0.0306,0.0694999999999999,-0.0607999999999999,0.0007846153846153,0.1684999999999936,-0.2326666666666578,1,0,0.0299025,0.1188013478458893,-0.1732,0.2467,0.4199,0.2467,-0.2537,0.1197999999999999,-0.155,-0.0065051282051282,0.180666666666715,-0.4234999999999839,0,1,0.9857675,0.0529980569914765,0.8959,1.1478,0.2518999999999999,1.1478,0.0155999999999999,0.2232999999999999,-0.1287999999999999,0.0003999999999999,0.5813333333333812,-0.4748333333333132,1,0,-0.38785,1.1721212766516471,-3.92,1.785,5.705,3.92,2.8438,3.5263,-4.6899999999999995,0.0729179487179487,8.881166666666331,-6.183499999999767,1,0,-0.3858799999999999,1.23393421222631,-2.7738,2.9488,5.7226,2.9488,0.5951,4.5675,-3.2375,0.0152589743589743,7.452333333333051,-10.03349999999962,1,2,-4.3537824999999994,11.572815756362472,-19.425,14.0612,33.4862,19.425,33.4862,1.9162,-0.1051000000000002,0.8586205128205128,23.770833333337865,1.1084444444445296,0,1
weave,2.3400000000000034,40,0.99975874751977,1.1878159832229906,0.8974271836756451,0.2903887995473455,12.347319771678055,18.82042448219487,0.8293865986378126,17.991037883557055,0.0255774999999999,0.0277546714709711,-0.0288,0.0925,0.1212999999999999,0.0925,-0.019,0.1078,-0.0688999999999999,-0.0004871794871794,0.1684999999999936,-0.251805555555546,1,0,-0.1006275,0.056391588695842,-0.1998,0.0666,0.2664,0.1998,-0.191,0.1197999999999999,-0.0939,-0.0048974358974358,0.200166666666659,-0.4234999999999839,0,1,0.9924025,0.0662493095755025,0.8959,1.1815,0.2855999999999999,1.1815,0.0584999999999999,0.2774999999999999,-0.1835,0.0014999999999999,0.5811666666666433,-0.4748333333333132,1,0,0.371655,0.9798923169383826,-2.5638,2.765,5.3288,2.765,0.98,2.7474999999999996,-2.7125000000000004,0.0251282051282051,7.758499999999706,-6.4749999999997545,1,1,-0.2445625,1.2473437845128426,-2.7738,2.9488,5.7226,2.9488,3.3249,4.5675,-3.6575,0.0852538461538462,10.925277777777366,-10.03349999999962,1,3,11.698535,7.193835945626626,-4.3137,18.7425,23.0562,18.7425,23.0562,1.715,-0.446200000000001,0.5911846153846154,20.022833333332574,0.1166666666667026,0,1
weave,2.3400000000000034,40,1.009418182028182,1.119615335729196,0.8739658174093539,0.2456495183198421,18.07506131435712,19.151661318277327,17.05913368081744,2.092527637459888,0.0430975,0.0299098259088453,-0.0365,0.0988,0.1353,0.0988,0.0632,0.0712999999999999,-0.0829,0.0016205128205128,0.1724999999999934,-0.1676666666666603,1,0,-0.1176299999999999,0.0422426276377735,-0.2325,-0.0353,0.1972,0.2325,0.0271,0.1178,-0.1116,0.0006948717948717,0.3541666666666533,-0.3004999999999885,1,0,1.0002400000000002,0.0571439199718009,0.8552,1.114,0.2588000000000001,1.114,-0.0309000000000001,0.1061,-0.1997,-0.0007923076923076,0.3366666666666535,-0.3241666666666543,1,0,1.1757775,1.175256475552006,-1.7675,4.375,6.1425,4.375,0.665,3.255,-2.2313,0.017051282051282,14.816499999999438,-9.391499999999644,1,0,-0.2894124999999999,1.1141839725608775,-2.3537,3.01,5.3637,3.01,-2.6599999999999997,2.7649999999999997,-3.955,-0.0682051282051281,7.145833333333063,-10.179166666668984,1,1,17.9628775,0.6209747087989564,16.8525,18.935,2.0824999999999996,18.935,-0.91,0.8049,-0.6651000000000025,-0.0233333333333333,1.516666666666623,-2.7999999999998977,0,0
weave,2.3400000000000034,40,1.012741114669136,1.188024027534797,0.9214256345468146,0.2665983929879825,20.81540456918047,28.91794911901603,17.05913368081744,11.85881543819859,0.0658899999999999,0.0292017544256926,0.0062,0.1305,0.1243,0.1305,0.043,0.0789999999999999,-0.0729,0.0011025641025641,0.1508333333333276,-0.1676666666666603,0,0,-0.1288975,0.0420432529877847,-0.2266,-0.0408,0.1858,0.2266,-0.0417,0.0857999999999999,-0.1120999999999999,-0.0010692307692307,0.214499999999992,-0.3348333333333205,1,0,1.001095,0.0558576439228811,0.9148,1.1678,0.253,1.1678,0.051,0.2265999999999999,-0.1684,0.0013076923076923,0.3291666666666533,-0.3398333333333205,1,0,1.1079599999999998,1.2553852435173138,-1.5925,4.375,5.9675,4.375,-0.2362,3.255,-3.3425,-0.0060564102564103,9.158500000002457,-9.39149999999964,0,0,-0.0498824999999999,1.141900893559305,-2.6688,2.5725,5.2413,2.6688,1.7849,2.4324,-3.1498999999999997,0.0457666666666667,8.808333333333,-8.750138888888557,1,1,20.7108175,3.944388667844388,16.8525,28.8925,12.04,28.8925,10.71,1.566200000000002,-0.629999999999999,0.2746153846153846,10.937500000002188,-1.9251666666666267,0,0
weave,2.339999999999975,40,1.0290988928872211,1.188024027534797,0.8522503740098916,0.3357736535249055,26.03321871613132,29.60438837199647,18.791277389789126,10.813110982207345,0.0447925,0.0485086002816206,-0.1077,0.1305,0.2382,0.1305,-0.0768,0.1448,-0.1267,-0.0019692307692307,0.1588333333333273,-0.2652777777778933,1,1,-0.1522325,0.038866638436239,-0.2476,-0.0702,0.1774,0.2476,0.0351999999999999,0.1124999999999999,-0.1284,0.0009025641025641,0.2301388888888802,-0.2368333333333243,1,0,1.0147525,0.0740523445758436,0.8121,1.1678,0.3556999999999999,1.1678,0.1602000000000001,0.3029999999999999,-0.2734999999999998,0.0041076923076923,0.5384999999999796,-0.4579999999999842,0,0,0.6247499999999999,1.0319586266801044,-1.6625,2.2575,3.92,2.2575,2.345,2.1,-2.5463,0.0601282051282051,10.120999999999617,-10.325166666666275,1,0,0.2957525,1.0708465038769024,-2.6688,2.5725,5.2413,2.6688,1.4001,2.9661999999999997,-2.7912999999999997,0.0359,8.808333333332998,-7.699999999999708,1,1,25.9807225,3.0908717641308385,18.5325,29.6012,11.0687,29.6012,6.588800000000003,1.566200000000002,-1.286200000000001,0.1689435897435898,10.55816666666621,-7.641666666666396,1,0
weave,2.3400000000000034,40,1.0253038591631678,1.1224217879211007,0.8522503740098916,0.2701714139112091,24.67235103061226,29.60438837199647,18.633169567467583,10.971218804528888,0.021225,0.0459917592953011,-0.1077,0.1462,0.2539,0.1462,-0.0096,0.1448,-0.1284,-0.0002461538461538,0.3556666666666532,-0.2474999999999906,0,2,-0.145525,0.0450847108657264,-0.2476,-0.0656,0.182,0.2476,-0.0882999999999999,0.1124999999999999,-0.1284,-0.0022641025641025,0.229666666666658,-0.3306666666666541,1,0,1.012465,0.0683637463902675,0.8121,1.1151,0.3029999999999999,1.1151,0.0484,0.3029999999999999,-0.2734999999999998,0.0012410256410256,0.5384999999999796,-0.4579999999999842,1,0,0.73085,1.036188384268183,-1.6625,3.0975,4.76,3.0975,2.4938,2.3275,-2.1437,0.0639435897435897,10.23029166666628,-12.031333333332878,1,0,0.0743849999999999,1.1298267828549695,-2.1613,3.6837,5.845000000000001,3.6837,-1.575,2.9661999999999997,-4.6724,-0.0403846153846153,7.291499999999725,-21.48583333333252,1,1,24.612885,3.748709575002836,18.5588,29.6012,11.042399999999995,29.6012,-4.2788,0.883700000000001,-1.5751000000000026,-0.1097128205128205,10.237666666666286,-15.881166666666076,0,0
weave,2.3400000000000034,40,1.0042391801416908,1.1478567506444346,0.8559164153116822,0.2919403353327524,25.385539243753815,30.349727861218128,10.15961359403004,20.19011426718809,0.023565,0.0398208974257847,-0.0447,0.1517,0.1964,0.1517,-0.0027,0.1064,-0.1127,-6.923076923076872e-05,0.1914999999999927,-0.2590000000000545,0,0,-0.1848875,0.0811963532953391,-0.2918,0.0137,0.3055,0.2918,0.1471,0.1651999999999999,-0.1106999999999999,0.0037717948717948,0.4914999999999813,-0.3565277777777643,0,0,0.9826625,0.0717625060574184,0.8391,1.1378,0.2986999999999999,1.1378,0.1046,0.2215,-0.2137999999999998,0.0026820512820512,0.5944999999999752,-0.5274999999999785,1,0,1.010625,1.2837850492556406,-1.6625,4.2962,5.9587,4.2962,3.8063,4.4887,-4.2349,0.0975974358974358,8.779333333333003,-7.772833333333039,1,0,0.1102474999999999,1.2667032008201244,-2.0213,3.4825,5.5038,3.4825,1.2425,4.733700000000001,-4.2787,0.0318589743589743,10.815972222221813,-13.05216666666617,1,1,25.292097500000004,5.482173404234506,9.8263,30.345,20.5187,30.345,-14.6737,1.1987000000000023,-2.327400000000001,-0.3762487179487179,8.822666666666322,-29.924833333332217,1,0
weave,2.3400000000000034,40,1.001046892452231,1.1478567506444346,0.8559164153116822,0.2919403353327524,14.46676803741716,30.02122043138819,1.2977533240180894,28.723467107370105,0.01187,0.0267285615026323,-0.0447,0.0587,0.1033999999999999,0.0587,0.0183,0.0649,-0.0643,0.0004692307692307,0.1499999999999943,-0.1621666666666605,1,0,-0.0302275,0.1330539797678043,-0.2694,0.1942,0.4636,0.2694,0.415,0.1798,-0.1361,0.0106410256410256,0.4914999999999813,-0.2358333333333243,0,3,0.99146,0.0637267958775624,0.8391,1.1378,0.2986999999999999,1.1378,0.0731999999999999,0.1563999999999999,-0.2137999999999998,0.001876923076923,0.4700416666666474,-0.5274999999999785,1,0,0.9651275,1.1516200492967756,-0.945,3.43,4.375,3.43,-1.1725,2.3011999999999997,-3.01,-0.0300641025641025,8.779333333333003,-6.795666666666411,1,0,0.1327799999999999,1.152302420285088,-2.45,3.4825,5.9325,3.4825,0.6737,3.045,-4.2787,0.0172743589743589,6.197666666666432,-8.866499999999665,1,1,9.9198825,14.243517702177718,-13.5887,30.0037,43.5924,30.0037,-43.5924,0.3412999999999995,-2.327400000000001,-1.117753846153846,-4.35049999999984,-29.9248333333322,0,1
weave,2.339999999999975,40,1.00860742487484,1.107046078535126,0.8808194082784507,0.2262266702566752,12.946730821855994,21.879131779849033,1.2977533240180894,20.581378455830944,0.0272374999999999,0.0299321942062388,-0.0146,0.1078,0.1224,0.1078,0.0097,0.1055,-0.1139,0.0002487179487179,0.1668055555556282,-0.1509999999999942,1,0,0.13227,0.0811086646862065,-0.063,0.2569,0.3199,0.2569,0.1091,0.1798,-0.1361,0.0027974358974358,0.4193333333333173,-0.2083333333333252,0,2,0.9957975,0.0545516527165086,0.8535,1.0887,0.2351999999999999,1.0887,-0.0421,0.1997999999999998,-0.1915,-0.0010794871794871,0.3298333333333101,-0.2641666666666573,1,0,0.1673474999999999,0.8933762979490667,-1.3125,1.8463,3.1588000000000003,1.8463,-0.2363,2.1525,-2.6775,-0.0060589743589743,5.847999999999779,-4.127333333333176,1,0,-0.2981574999999999,1.189674208772818,-2.7912,1.8025,4.5937,2.7912,0.6738,3.0975,-2.415,0.017276923076923,9.435333333333102,-8.866499999999665,1,0,-11.005747499999998,9.92717513053443,-21.84,8.2863,30.1263,21.84,-28.0963,0.7699999999999996,-2.1437,-0.7204179487179487,3.1793333333332043,-22.764666666665804,0,1
weave,2.3400000000000034,40,1.0120974592973493,1.107046078535126,0.8808194082784507,0.2262266702566752,15.943015200770173,21.879131779849033,2.858949305251844,19.02018247459719,0.0268824999999999,0.0307718393365402,-0.0307,0.1078,0.1385,0.1078,-0.0023,0.1055,-0.1139,-5.897435897435853e-05,0.2454166666666573,-0.2101666666666586,1,0,0.137265,0.0695802563729329,-0.0162,0.2569,0.2731,0.2569,-0.1702999999999999,0.1222,-0.1294,-0.0043666666666666,0.2469999999999907,-0.3399999999999872,0,0,0.999465,0.0550443483207066,0.8535,1.0917,0.2381999999999998,1.0917,0.0931999999999999,0.1997999999999998,-0.1915,0.0023897435897435,0.3554166666666501,-0.3115555555555449,1,0,-0.0997474999999999,1.011200224406494,-1.8637,2.0912,3.9549,2.0912,-0.1838,3.1850000000000005,-2.7125,-0.0047128205128205,8.40000000000167,-7.378999999999721,1,0,-0.3408175,1.2466306341057989,-2.7912,1.9162,4.7074,2.7912,3.22,3.0975,-3.8412,0.0825641025641026,9.435333333333102,-10.366111111110715,1,0,-15.8455925,5.548713562914888,-21.84,-2.7825,19.0575,21.84,11.34,1.9075000000000009,-2.0650000000000013,0.2907692307692308,19.59999999999927,-13.97083333333282,0,0
weave,2.3400000000000034,40,1.0164903643654897,1.1715307806455622,0.8975849207735166,0.2739458598720455,13.01463561614624,17.127271942431463,0.6954027178549133,16.43186922457655,0.0258124999999999,0.0384121320812271,-0.0375,0.1554,0.1929,0.1554,0.0005,0.1012,-0.1402999999999999,1.2820512820511764e-05,0.3988333333333183,-0.4211666666666507,1,0,-0.1171375,0.0445008308046905,-0.2408,-0.0242,0.2166,0.2408,-0.0299,0.1144999999999999,-0.1578,-0.0007666666666666,0.1701666666666599,-0.4461666666666497,0,0,1.0077825,0.0565743435893347,0.8952,1.16,0.2647999999999999,1.16,0.0607999999999999,0.1463999999999998,-0.1480999999999999,0.0015589743589743,0.3540000000000383,-0.3171666666666546,1,0,0.4742575,1.1086210103356748,-1.5925,3.4562,5.0487,3.4562,2.7388000000000003,3.5525,-2.2225,0.0702256410256409,8.691666666666338,-8.501999999999677,1,0,-0.0448424999999999,1.010239066118282,-1.8288,2.3712,4.2,2.3712,0.4286999999999999,2.3538,-2.8524,0.0109923076923076,6.970833333333069,-9.297083333332983,1,0,12.801037499999998,5.501202549312077,-1.2862,17.0625,18.3487,17.0625,15.566199999999998,1.8375000000000004,-0.7086999999999986,0.3991333333333333,21.65633333333253,-6.737499999999756,0,0
weave,2.3400000000000034,40,1.0037137832218397,1.0816344715290835,0.912771345956916,0.1688631255721675,11.40422830747082,17.127271942431463,0.4255698415066556,16.70170210092481,0.027985,0.033766639203168,-0.0375,0.1118,0.1493,0.1118,0.0602999999999999,0.093,-0.0827,0.0015461538461538,0.2105000000000993,-0.1759722222222156,0,0,-0.0484175,0.1034400529664032,-0.2408,0.1791,0.4199,0.2408,0.3416,0.1144999999999999,-0.0896,0.0087589743589743,0.4114999999999844,-0.100166666666663,0,1,0.996435,0.0442295153222486,0.9069,1.0798,0.1729,1.0798,-0.0325999999999999,0.1431000000000001,-0.1480999999999999,-0.0008358974358974,0.2705000000000712,-0.311666666666655,0,0,0.9362525,0.907152906283282,-0.7175,3.4562,4.1737,3.4562,-0.4286999999999999,2.3624,-2.8788,-0.0109923076923076,7.670833333336284,-8.50199999999968,1,0,-0.1297125,0.9765526073734832,-2.24,2.3712,4.6112,2.3712,-0.0787999999999999,2.3538,-2.87,-0.0020205128205128,6.970833333333069,-9.129000000003654,1,1,9.9708425,7.925633937821792,-7.1225,17.0625,24.185,17.0625,-23.6162,0.5687999999999995,-1.7675,-0.6055435897435897,0.3645833333333144,-20.766833333332528,0,1
weave,2.339999999999975,40,0.9992256872123344,1.081223219321524,0.8731833885272899,0.2080398307942339,8.922587474703068,13.898461769922598,0.4255698415066556,13.472891928415942,0.033935,0.0326630548762076,-0.0344,0.1118,0.1462,0.1118,0.0663,0.093,-0.0868,0.0017,0.2105000000000994,-0.2416666666666574,1,0,0.0829324999999999,0.0831404230342117,-0.139,0.2284,0.3674,0.2284,0.3159,0.1276,-0.1161,0.0081,0.4114999999999844,-0.2138333333333251,0,1,0.9913675,0.047686349105647,0.8715,1.0798,0.2083,1.0798,0.0721,0.1431000000000001,-0.1266,0.0018487179487179,0.3328333333333217,-0.3554999999999868,1,0,0.6369975,0.9607470243853916,-1.2075,2.695,3.9025,2.695,-0.3237000000000001,1.7325,-2.8788,-0.0082999999999999,7.014499999999734,-5.439499999999795,0,0,-0.0826874999999999,0.9916129280472864,-2.24,1.7325,3.9725,2.24,0.525,2.9313,-2.87,0.0134615384615384,5.5125000000018005,-7.262666666666391,1,0,-3.88435,8.950408310353852,-13.7463,13.4137,27.16,13.7463,-27.0637,0.9538000000000012,-1.7675,-0.6939410256410257,-1.5894999999999442,-20.766833333332528,0,1
weave,2.3400000000000034,40,0.9886905167112804,1.1424693475100327,0.8043212666590385,0.3381480808509942,12.37065299420117,14.554592159864873,7.9221462887275695,6.632445871137303,0.01449,0.0402765555016429,-0.1125,0.0976,0.2101,0.1125,0.0636,0.1174,-0.1051999999999999,0.0016307692307692,0.335166666666654,-0.2928333333333223,1,2,0.1333475,0.0522472229049741,0.0159,0.2284,0.2125,0.2284,-0.0269,0.1292,-0.1249,-0.0006897435897435,0.3393333333334362,-0.509722222222203,1,0,0.977265,0.0678592644318428,0.7803,1.1326,0.3523,1.1326,0.1773,0.2391000000000001,-0.1718,0.0045461538461538,0.6802777777777529,-0.5771666666666464,1,0,-0.012035,1.150172684593325,-2.9662,2.695,5.6612,2.9662,-0.4813,5.2412,-4.3399,-0.0123410256410256,7.014499999999734,-6.693833333333112,1,3,-0.06366,1.2000045516580344,-3.185,1.75,4.9350000000000005,3.185,-1.0763,4.4888,-3.22,-0.0275974358974359,9.129166666666322,-9.158499999999654,1,0,-12.2620325,1.8812276713573952,-14.4025,-7.7438,6.6587,14.4025,-1.469899999999999,1.1373999999999995,-0.9275000000000002,-0.0376897435897435,11.827333333332874,-8.370999999999697,0,0
weave,2.3400000000000034,40,0.9989453685083266,1.1182285544556625,0.776504874421275,0.3417236800343872,10.201598817234387,21.232917909227645,0.9321111789910044,20.30080673023664,0.04154,0.0458851900580859,-0.1186,0.1329,0.2515,0.1329,0.0039,0.1324,-0.1083,0.0001,0.5454999999999792,-0.5453333333333127,1,2,-0.066385,0.0872825225551469,-0.2267,0.1144,0.3411,0.2267,-0.1612,0.131,-0.154,-0.0041333333333333,0.1988333333333256,-0.3319999999999876,0,1,0.9911825,0.0666361874717426,0.7709,1.1158,0.3448999999999999,1.1158,-0.0487999999999999,0.1965,-0.1704999999999999,-0.001251282051282,0.7603333333333051,-0.4566666666666492,1,0,-0.0487849999999999,1.6215054866879033,-5.67,4.5588,10.2288,5.67,-0.6562,7.9976,-4.882499999999999,-0.016825641025641,15.662499999999408,-11.02499999999958,1,1,0.009405,1.8072818320580717,-5.8713,4.305,10.1763,5.8713,2.1437999999999997,5.1713,-6.448799999999999,0.0549692307692307,14.714499999999443,-10.922833333335404,1,3,6.984914999999999,9.556645509601132,-8.9075,21.2013,30.1088,21.2013,30.1088,1.6013000000000002,-0.0962999999999993,0.7720205128205129,18.4769999999993,2.7220833333332366,0,1
weave,2.3400000000000034,40,1.0053440531385565,1.1500777451981234,0.8969617048681622,0.2531160403299612,20.35940513938186,26.879939176456485,7.4166700668157,19.463269109640784,0.042995,0.0509927745007275,-0.1186,0.1329,0.2515,0.1329,-0.0958,0.1324,-0.1083,-0.0024564102564102,0.5454999999999792,-0.4989166666666478,1,2,-0.1652374999999999,0.0585945770112576,-0.2833,-0.0458,0.2375,0.2833,-0.1303,0.131,-0.154,-0.0033410256410256,0.3168333333333215,-0.3348333333333204,0,0,0.9878225,0.0529887820130899,0.8743,1.1249,0.2506,1.1249,0.0299,0.1322999999999999,-0.1505999999999999,0.0007666666666666,0.4153333333333178,-0.3778333333333172,1,0,0.4068699999999999,1.584621778411298,-1.8112,4.4275,6.2387,4.4275,2.4063,4.654999999999999,-2.3275,0.0616999999999999,18.08333333333265,-18.126999999999313,1,0,0.0078775,1.8246959526828517,-5.8713,4.095,9.9663,5.8713,1.0763000000000005,5.1713,-6.448799999999999,0.0275974358974358,14.714499999999443,-11.476999999999563,1,3,20.1985025,5.968557882878882,7.2188,26.8713,19.652500000000003,26.8713,18.8474,1.3475,-1.1550000000000011,0.4832666666666667,15.44399999999942,-0.8168333333333635,0,0
weave,2.339999999999975,40,1.005014296687582,1.1500777451981234,0.8969617048681622,0.2531160403299612,24.53277388355944,26.879939176456485,21.338363632200103,5.541575544256382,0.0338525,0.0374048535689263,-0.0378,0.122,0.1598,0.122,0.0198,0.0922,-0.0796,0.0005076923076923,0.2651388888890045,-0.3256944444444322,1,0,-0.1716425,0.0463182186423995,-0.2833,-0.0816,0.2017,0.2833,-0.0747,0.1059999999999999,-0.142,-0.0019153846153846,0.5564999999999789,-0.3348333333333204,1,0,0.987905,0.0514780508367276,0.8743,1.1249,0.2506,1.1249,0.0161,0.1139,-0.1505999999999999,0.0004128205128205,0.4153333333333178,-0.3811111111110991,1,0,0.4703099999999999,1.6080943835994526,-1.7675,4.4275,6.195,4.4275,0.9625,4.654999999999999,-2.24,0.0246794871794871,18.08333333333265,-18.126999999999313,1,0,0.0829049999999999,1.6200612903806273,-3.325,4.095,7.42,4.095,-2.4413,2.52,-3.8413,-0.0625974358974359,12.935333333332844,-11.476999999999563,1,2,24.426505,1.427369791259434,21.2625,26.8713,5.608800000000002,26.8713,1.9075000000000024,1.3386999999999991,-1.1550000000000011,0.0489102564102564,8.600416666666746,-5.614666666666437,1,0
weave,2.3400000000000034,40,1.0069893223596649,1.0951241116878032,0.8993282103881765,0.1957959012996267,23.734506946591377,25.756513469994346,22.862208338872257,2.894305131122092,0.037855,0.0355682150673452,-0.0378,0.1333,0.1711,0.1333,0.0182999999999999,0.0922,-0.0545999999999999,0.0004692307692307,0.2734999999999896,-0.2844999999999893,1,0,-0.1614175,0.0313230879662843,-0.2318,-0.0816,0.1502,0.2318,0.0107,0.1059999999999999,-0.0658,0.0002743589743589,0.2673611111111011,-0.2121666666666588,0,0,0.99214,0.0489152369947893,0.8799,1.0843,0.2044,1.0843,0.0161,0.1224999999999999,-0.1325,0.0004128205128205,0.4104166666666494,-0.3418333333334811,1,0,0.7170675,1.160789737886812,-1.3038,3.255,4.5588,3.255,-0.0525000000000002,2.0125,-1.8374,-0.0013461538461538,8.70649999999967,-12.17699999999954,0,0,-0.0695625,1.2534799458752974,-3.1762,2.7912,5.9674,3.1762,-2.835,2.345,-3.8413,-0.0726923076923077,5.891666666665406,-16.12694444444384,0,1,23.6641625,0.6953362343601135,22.6975,25.5938,2.8963,25.5938,-2.8000000000000007,0.9011999999999992,-1.0148999999999972,-0.0717948717948718,3.3248333333331743,-5.118666666666456,1,0
weave,2.3400000000000034,40,1.017427116575599,1.15217889669964,0.8857254258516011,0.2664534708480389,25.84820739275991,27.79163718423224,23.178367805563877,4.613269378668363,0.0538325,0.031369635714681,-0.0032,0.1288,0.132,0.1288,0.0092999999999999,0.0670999999999999,-0.1002,0.0002384615384615,0.2713333333333231,-0.316333333333413,1,0,-0.1429075,0.0368257949415477,-0.2148,-0.0698,0.145,0.2148,0.0088,0.0817,-0.1009999999999999,0.000225641025641,0.3241666666666545,-0.23133333333335,1,0,1.0047150000000002,0.0539557347062599,0.8747,1.1424,0.2677,1.1424,-0.0261999999999998,0.1374,-0.2214,-0.0006717948717948,0.3183333333333209,-0.3856666666668999,1,0,0.99662,0.8541279677137198,-0.8313,2.8612,3.6925,2.8612,1.1550000000000002,2.31,-2.0124999999999997,0.0296153846153846,8.336944444444127,-6.475166666666422,1,0,0.1594725,0.8901529810864981,-1.2337,2.1088,3.3425,2.1088,-0.6737,2.6425,-3.2988,-0.0172743589743589,5.10433333333314,-4.987499999999811,1,0,25.798922499999996,1.4528492375042454,23.1087,27.79,4.6813,27.79,0.1051000000000002,1.2513000000000003,-0.6563000000000017,0.0026948717948717,9.114499999999651,-5.089499999999788,1,0
weave,2.3400000000000034,40,1.015390282140992,1.15217889669964,0.8857254258516011,0.2664534708480389,21.75369693588694,27.690433427088134,10.653149645996718,17.037283781091418,0.08413,0.0354720272602048,0.012,0.1584,0.1464,0.1584,0.107,0.0670999999999999,-0.1002,0.0027435897435897,0.2713333333333231,-0.316333333333413,0,0,-0.0812975,0.0650510942673881,-0.1815,0.0466,0.2281,0.1815,0.1844,0.1017,-0.1009999999999999,0.0047282051282051,0.3830000000000789,-0.23133333333335,0,0,1.00598,0.0497555109690863,0.8747,1.1424,0.2677,1.1424,-0.1547,0.1284,-0.2214,-0.0039666666666666,0.28222222222221,-0.3856666666668982,1,0,1.1219575000000002,0.9786864524708616,-0.9538,2.9137,3.8675,2.9137,3.4650000000000003,2.31,-2.0126,0.0888461538461539,7.991499999999696,-7.656166666669441,1,0,0.1172575,0.9423242824397772,-1.3388,2.1088,3.4476,2.1088,-2.8087999999999997,2.3099,-3.2988,-0.0720205128205128,5.279166666669388,-8.166527777777468,1,0,21.6709025,4.753696301825937,10.2987,27.5975,17.2988,27.5975,-17.2988,0.3324999999999996,-1.3125,-0.4435589743589743,-1.210499999999996,-16.070666666666057,0,0
weave,2.339999999999975,40,1.0148571780846938,1.0860954792282305,0.962070298886729,0.1240251803415014,10.797599737935872,23.01661099228121,0.4128188222453041,22.603792170035906,0.1285725,0.0349693051301001,0.0647,0.1846,0.1198999999999999,0.1846,0.07,0.0666,-0.0595,0.0017948717948717,0.1636666666666603,-0.1169999999999957,1,0,0.012475,0.0660324230771209,-0.126,0.0851,0.2111,0.126,0.1342,0.1017,-0.0946999999999999,0.0034410256410256,0.3830000000000789,-0.2593055555555456,0,1,1.00391,0.0267676689789025,0.9559,1.0795,0.1235999999999999,1.0795,-0.0329999999999999,0.082,-0.0900999999999999,-0.0008461538461538,0.1788333333333263,-0.2563888888888824,1,0,1.10139,0.7825825991630663,-0.9538,2.9137,3.8675,2.9137,-1.0587999999999995,1.225,-2.0126,-0.0271487179487179,7.991499999999696,-9.904722222221844,1,0,0.108285,0.6663060259986031,-1.3388,1.505,2.8438,1.505,0.0175,1.9338,-2.38,0.0004487179487179,3.879333333334423,-6.752166666666412,1,0,10.4886325,8.48565651387568,-0.6562,22.9862,23.6424,22.9862,-23.3363,0.1837,-1.3125,-0.5983666666666667,0.2915277777779051,-16.464499999999376,0,0
weave,2.3400000000000034,40,1.0130649486514611,1.0422388689739028,0.9750782840367228,0.0671605849371799,2.1173214945737566,9.867191533055392,0.4115291605706697,9.455662372484722,0.1308349999999999,0.0547094261319958,-0.0275,0.1846,0.2120999999999999,0.1846,-0.1066,0.0398,-0.0749,-0.0027333333333333,0.1838888888888819,-0.5164999999999805,0,0,0.054145,0.0163914134807659,0.0199,0.0851,0.0652,0.0851,0.0329,0.0418,-0.0297,0.0008435897435897,0.1358333333333282,-0.153999999999994,1,0,1.0015625,0.0132803631302685,0.9665,1.0263,0.0597999999999999,1.0263,-0.0347999999999999,0.0432,-0.0306999999999999,-0.0008923076923076,0.1028333333333417,-0.1143055555555525,1,0,0.7695449999999999,0.3949831713065566,0.0962,1.9075,1.8113,1.9075,-1.19,0.7174,-1.0938,-0.0305128205128205,1.8666666666665952,-4.265833333333173,1,0,0.1879125,0.2849073760306438,-0.4112,0.9187,1.3299,0.9187,-0.385,1.0324,-1.3299,-0.0098717948717948,3.645694444444307,-1.078999999999959,1,0,1.31053,2.8613154805223635,-0.6562,9.6775,10.3337,9.6775,-10.01,0.1837,-1.2512,-0.2566666666666667,0.8601666666668724,-14.30616666666613,0,0
