,label,accel_mag_mean,accel_mag_max,accel_mag_min,accel_mag_range,dps_mag_mean,dps_mag_max,dps_mag_min,dps_mag_range,a_x_mean,a_x_std,a_x_min,a_x_max,a_x_range,a_x_abs_max,a_x_delta,a_x_max_neighbor_diff,a_x_min_neighbor_diff,a_x_avg_neighbor_diff,a_x_max_gradient,a_x_min_gradient,a_x_zero_crossings,a_y_mean,a_y_std,a_y_min,a_y_max,a_y_range,a_y_abs_max,a_y_delta,a_y_max_neighbor_diff,a_y_min_neighbor_diff,a_y_avg_neighbor_diff,a_y_max_gradient,a_y_min_gradient,a_y_zero_crossings,a_z_mean,a_z_std,a_z_min,a_z_max,a_z_range,a_z_abs_max,a_z_delta,a_z_max_neighbor_diff,a_z_min_neighbor_diff,a_z_avg_neighbor_diff,a_z_max_gradient,a_z_min_gradient,a_z_zero_crossings,dps_x_mean,dps_x_std,dps_x_min,dps_x_max,dps_x_range,dps_x_abs_max,dps_x_delta,dps_x_max_neighbor_diff,dps_x_min_neighbor_diff,dps_x_avg_neighbor_diff,dps_x_max_gradient,dps_x_min_gradient,dps_x_zero_crossings,dps_y_mean,dps_y_std,dps_y_min,dps_y_max,dps_y_range,dps_y_abs_max,dps_y_delta,dps_y_max_neighbor_diff,dps_y_min_neighbor_diff,dps_y_avg_neighbor_diff,dps_y_max_gradient,dps_y_min_gradient,dps_y_zero_crossings,dps_z_mean,dps_z_std,dps_z_min,dps_z_max,dps_z_range,dps_z_abs_max,dps_z_delta,dps_z_max_neighbor_diff,dps_z_min_neighbor_diff,dps_z_avg_neighbor_diff,dps_z_max_gradient,dps_z_min_gradient,dps_z_zero_crossings
0,weave,0.9937861815783374,1.020165383651102,0.9414324457973604,0.07873293785374158,0.3893304828569116,1.6756878259389485,0.11447846959144763,1.561209356347501,0.018426666666666668,0.005622058362369165,-0.0005,0.0326,0.0331,0.0326,0.003799999999999998,0.0168,-0.016499999999999997,0.0001310344827586206,0.0089,-0.0145,0,0.016849999999999997,0.008426262312064831,-0.0016,0.0432,0.0448,0.0432,0.0005000000000000004,0.0303,-0.0354,1.7241379310344903e-05,0.021500000000000002,-0.013900000000000001,0,0.9934233333333334,0.013190165702688045,0.9414,1.0192,0.07780000000000009,1.0192,0.0036000000000000476,0.05589999999999995,-0.058499999999999996,0.0001241379310344844,0.02560000000000001,-0.019650000000000056,0,0.22255,0.22144702604647365,-0.6475,0.7,1.3475,0.7,0.12250000000000003,0.9275,-0.5337,0.004224137931034483,0.4069,-0.3675,0,0.13299999999999998,0.2876970113588731,-0.14,1.5312,1.6711999999999998,1.5312,0.2888,1.5224,-1.4349999999999998,0.009958620689655176,0.8093499999999999,-0.73935,0,0.17005999999999993,0.045871444050850904,0.0088,0.28,0.27120000000000005,0.28,-0.008800000000000002,0.2012,-0.1575,-0.00030344827586206854,0.1006,-0.09185,0
1,weave,0.9950440351599383,1.0084727512431857,0.9492351921415473,0.059237559101638415,0.5843886966217604,1.6229579107296652,0.18249813697679215,1.440459773752873,-0.01022,0.04275360359887404,-0.0929,0.0257,0.1186,0.0929,-0.0914,0.0265,-0.040100000000000004,-0.0031517241379310345,0.0092,-0.034100000000000005,0,0.019933333333333334,0.01184938040962286,-0.001,0.0598,0.0608,0.0598,0.044399999999999995,0.0378,-0.018,0.0015310344827586207,0.015599999999999996,-0.00915,0,0.9938400000000001,0.010027534506341128,0.9491,1.0058,0.05669999999999997,1.0058,0.0019000000000000128,0.046699999999999964,-0.04859999999999998,6.551724137931079e-05,0.024899999999999978,-0.01589999999999997,0,0.31149,0.18667419774422034,-0.0613,0.6825,0.7438,0.6825,0.3237,0.4988,-0.5513,0.011162068965517245,0.23184999999999997,-0.1794,0,0.23129333333333332,0.3206774369591859,-0.2537,1.1463,1.4000000000000001,1.1463,0.0788,0.4375,-0.6124,0.0027172413793103414,0.34124999999999994,-0.3631500000000001,0,-0.03878333333333333,0.4507525485867731,-1.4963,0.3237,1.8199999999999998,1.4963,-1.7063,0.2187,-0.4112999999999999,-0.05883793103448277,0.1006,-0.35,0
2,weave,1.0009827278248689,1.0129446677879301,0.9869899746198033,0.02595469316812682,5.361057109382164,14.472400891697271,0.4663905981042071,14.006010293593064,-0.08458,0.025176650375654246,-0.121,-0.008,0.11299999999999999,0.121,-0.06589999999999999,0.048999999999999995,-0.040100000000000004,-0.0022724137931034484,0.0241,-0.034100000000000005,0,0.05500333333333334,0.028583362454326508,-0.001,0.1149,0.1159,0.1149,0.1023,0.0378,-0.045899999999999996,0.003527586206896552,0.0378,-0.01865,0,0.9951800000000001,0.006537341018044495,0.978,1.0055,0.02750000000000008,1.0055,-0.005199999999999982,0.026499999999999968,-0.023400000000000087,-0.0001793103448275856,0.00830000000000003,-0.019299999999999984,0,0.2925433333333334,0.41762255247212565,-0.9887,1.0325,2.0212,1.0325,0.735,1.0937,-1.0325,0.025344827586206892,1.0937,-0.84875,0,0.24967333333333339,0.4044240084054267,-0.7875,1.1463,1.9338000000000002,1.1463,-0.9537,0.4112,-0.4901000000000001,-0.03288620689655173,0.4025,-0.3631500000000001,0,-5.166873333333333,4.653313551759489,-14.4462,0.2275,14.673699999999998,14.4462,-14.673699999999998,0.0,-1.2599999999999998,-0.5059896551724138,-0.030649999999999997,-1.2599999999999998,0
3,weave,0.9963380558629995,1.039153646002361,0.9456238469920267,0.0935297990103342,14.731263144873465,19.060535008755654,7.49396507197625,11.566569936779404,-0.06355000000000001,0.020552418265297252,-0.0928,-0.022,0.0708,0.0928,0.03760000000000001,0.048999999999999995,-0.0349,0.0012965517241379314,0.0241,-0.0255,0,0.08082333333333332,0.032486237758136305,0.0066,0.1383,0.1317,0.1383,0.014700000000000005,0.0461,-0.09340000000000001,0.0005068965517241381,0.03175,-0.033100000000000004,0,0.9902899999999999,0.020992680990583677,0.9406,1.0345,0.09389999999999998,1.0345,0.0047000000000000375,0.08449999999999991,-0.05630000000000002,0.00016206896551724268,0.030299999999999994,-0.027849999999999986,0,-0.11520000000000001,0.8625531523852051,-1.8375,1.1113,2.9488,1.8375,-0.12249999999999994,1.0937,-1.085,-0.004224137931034496,0.88375,-0.84875,0,-0.15079333333333336,0.4511049261943186,-0.9887,0.945,1.9337,0.9887,-0.4812,1.7063,-1.3212,-0.016593103448275873,0.88815,-0.96685,0,-14.698829999999997,3.4414074035697704,-19.0312,-7.42,11.611199999999998,19.0312,-5.223800000000001,1.0326000000000004,-1.2599999999999998,-0.18013103448275863,0.9711999999999996,-0.9756499999999999,0
4,weave,0.9942432637383138,1.0725830270892787,0.8906610634803791,0.18192196360889956,10.087949511105794,18.949569972165598,1.0435738785538857,17.905996093611712,-0.04726333333333334,0.026856290386673535,-0.0842,0.0182,0.10239999999999999,0.0842,0.0911,0.0679,-0.068,0.0031413793103448277,0.0679,-0.028149999999999998,0,-0.024153333333333336,0.07618375577298721,-0.1602,0.1169,0.2771,0.1602,-0.2027,0.0703,-0.09340000000000001,-0.006989655172413792,0.03140000000000001,-0.062450000000000006,1,0.9896066666666667,0.03519770695247977,0.8854,1.0699,0.1845000000000001,1.0699,0.06419999999999992,0.09620000000000006,-0.11959999999999993,0.0022137931034482733,0.08449999999999991,-0.07089999999999996,0,-0.3459166666666667,0.9216862257179289,-2.5988,1.1113,3.7101,2.5988,0.47240000000000004,1.2863,-1.6538000000000004,0.016289655172413806,0.88375,-1.5138,0,-0.09828333333333332,0.6678951451276297,-1.155,1.155,2.31,1.155,-0.4025,1.7063,-2.31,-0.013879310344827596,0.88815,-0.96685,0,-3.9690100000000017,10.948776094231752,-18.9263,15.4087,34.335,18.9263,34.335,1.8200000000000003,0.29739999999999966,1.1839655172413794,1.8200000000000003,0.45500000000000185,1
5,weave,1.0001249085421795,1.0725830270892787,0.9247445701381545,0.1478384569511242,18.2088797225829,25.5435256010207,2.4729549631968633,23.070570637823838,-0.00846333333333333,0.02719269023651118,-0.0622,0.0449,0.1071,0.0622,0.0503,0.0679,-0.068,0.00173448275862069,0.03315,-0.0239,0,-0.14473333333333335,0.04468317073716274,-0.2094,-0.0149,0.1945,0.2094,-0.1295,0.0703,-0.09040000000000001,-0.004465517241379311,0.0408,-0.08850000000000001,0,0.9880833333333334,0.03920724847950101,0.9035,1.0699,0.1664000000000001,1.0699,0.011900000000000022,0.12759999999999994,-0.12050000000000005,0.00041034482758620767,0.05545,-0.06595000000000006,0,0.15313000000000002,0.6739842918204323,-1.2775,1.1638,2.4413,1.2775,0.026300000000000046,2.1088,-2.1875,0.0009068965517241452,1.0806,-1.3738,0,-0.2595766666666667,0.7155859044714065,-1.5225,1.155,2.6775,1.5225,-0.6387,2.1351,-2.2487,-0.022024137931034467,1.0063,-1.0194,0,18.165296666666666,7.496965445799103,2.135,25.5325,23.3975,25.5325,23.248800000000003,1.8200000000000003,-0.2801000000000009,0.8016827586206897,1.6100000000000003,-0.14869999999999806,0
6,weave,1.0035853432840411,1.1223182703671895,0.8990169965022908,0.22330127386489862,21.955643500992952,25.5435256010207,14.56258692471911,10.98093867630159,0.014580000000000003,0.024076693552350436,-0.0236,0.0739,0.09749999999999999,0.0739,-0.0342,0.0637,-0.0572,-0.001179310344827586,0.0312,-0.03295,0,-0.12636666666666665,0.048053822793379,-0.2389,-0.0584,0.1805,0.2389,0.0862,0.0803,-0.0945,0.0029724137931034494,0.0454,-0.0445,0,0.9940966666666665,0.051247314367535976,0.8948,1.117,0.22219999999999995,1.117,-0.008199999999999985,0.16070000000000007,-0.15659999999999996,-0.00028275862068965465,0.0806,-0.07124999999999998,0,0.6527466666666668,0.7644842655214592,-0.8575,2.2575,3.1149999999999998,2.2575,-0.7875000000000001,1.3825,-1.715,-0.0271551724137931,0.9581,-0.6825,0,-0.09216333333333336,0.8609056304097821,-2.1437,1.435,3.5787,2.1437,1.0412000000000001,2.5199,-3.15,0.035903448275862074,1.5006,-1.33,0,21.916410000000003,3.6958865264106047,14.5513,25.5325,10.9812,25.5325,-9.826200000000002,0.46380000000000265,-1.3299999999999983,-0.33883448275862077,0.26250000000000107,-1.0193499999999993,0
7,weave,0.9959727779072909,1.1223182703671895,0.8977971318733425,0.22452113849384692,10.261459619825802,20.204816721514696,1.1938485582350886,19.010968163279607,0.011283333333333333,0.03180036958507127,-0.0654,0.0744,0.13979999999999998,0.0744,-0.006999999999999999,0.0606,-0.0806,-0.00024137931034482827,0.0606,-0.0404,1,-0.012453333333333328,0.06306948949965527,-0.1296,0.1074,0.237,0.1296,0.18919999999999998,0.0493,-0.06269999999999999,0.006524137931034482,0.033549999999999996,-0.0182,1,0.9934399999999999,0.056260346787854534,0.8948,1.117,0.22219999999999995,1.117,-0.0757000000000001,0.16070000000000007,-0.15659999999999996,-0.00261034482758621,0.0806,-0.07759999999999989,0,0.6407966666666666,0.7643312476900328,-0.8575,2.5375,3.395,2.5375,0.7525,2.4938000000000002,-1.9601,0.02594827586206897,0.8706499999999999,-0.7525000000000002,0,0.23099,0.7967471529654943,-1.75,1.8637,3.6136999999999997,1.8637,-0.245,2.6074,-1.9162,-0.00844827586206897,1.33875,-1.9162,0,8.957953333333334,7.911037080919173,-5.5563,20.1775,25.7338,20.1775,-25.7338,0.09619999999999962,-2.0038,-0.8873724137931033,-0.10940000000000083,-1.5881,1
8,weave,0.9975541043334425,1.0623960702111055,0.9173865379435214,0.14500953226758406,11.716446260409795,21.008948728815536,1.1938485582350886,19.815100170580447,0.029610000000000004,0.036762090199852195,-0.0654,0.089,0.15439999999999998,0.089,0.0802,0.0606,-0.0806,0.00276551724137931,0.034199999999999994,-0.0282,1,0.13491999999999998,0.06242688081488504,0.0371,0.2577,0.2206,0.2577,0.09559999999999999,0.10929999999999998,-0.0912,0.0032965517241379315,0.033949999999999994,-0.0912,0,0.98542,0.04155265375981128,0.9071,1.0492,0.1420999999999999,1.0492,-0.0341999999999999,0.11089999999999989,-0.1348999999999999,-0.0011793103448275828,0.05345,-0.05624999999999997,0,0.7037866666666666,0.8618066367384488,-0.8138,2.5375,3.3513,2.5375,-1.1374,2.4938000000000002,-1.9601,-0.03922068965517239,0.8706499999999999,-1.2073999999999998,0,-0.043746666666666635,0.8718641228893464,-2.17,1.8637,4.0337,2.17,-1.8024,2.6074,-2.1437999999999997,-0.06215172413793102,1.1856499999999999,-1.7936999999999999,0,-10.792833333333336,8.453996253979467,-20.93,4.4538,25.3838,20.93,-25.3138,0.22750000000000092,-2.0038,-0.8728896551724138,0.03500000000000014,-1.5881,1
9,weave,0.9954588498450738,1.090740106533174,0.9190738980082069,0.17166620852496717,19.603307022587625,21.4107332896377,16.31058723467675,5.100146054960952,0.02801666666666667,0.019643233165530623,-0.019,0.0712,0.0902,0.0712,-0.0034000000000000002,0.057499999999999996,-0.0588,-0.00011724137931034538,0.03145,-0.025750000000000002,0,0.16463333333333335,0.03151547330235205,0.0993,0.2283,0.129,0.2283,0.001899999999999985,0.08299999999999999,-0.1074,6.551724137930983e-05,0.033949999999999994,-0.04845,0,0.9807200000000001,0.038786403590024644,0.9062,1.0687,0.16249999999999998,1.0687,0.029900000000000038,0.10060000000000002,-0.08050000000000002,0.001031034482758622,0.10060000000000002,-0.049800000000000066,0,-0.1327033333333333,0.7598610124650217,-1.9162,1.61,3.5262000000000002,1.9162,-0.7787999999999999,2.1612,-2.2312000000000003,-0.026855172413793118,0.70435,-1.31685,0,-0.47278666666666663,0.9944181933494417,-2.6512,1.05,3.7012,2.6512,1.0588,2.7125,-2.3625,0.036510344827586215,1.1288,-1.2906,0,-19.558583333333335,1.4259193383104865,-21.35,-16.2313,5.1187000000000005,21.35,1.1723999999999997,0.9362999999999992,-0.8136999999999972,0.04042758620689654,0.8574999999999999,-0.6562999999999981,0
10,weave,0.9981219930456106,1.090740106533174,0.9196726047893348,0.17106750174383933,11.177185870703974,19.599919888356684,0.9217840419534286,18.678135846403254,0.008060000000000001,0.023546353403885913,-0.0284,0.0509,0.07930000000000001,0.0509,-0.0324,0.07519999999999999,-0.0666,-0.0011172413793103452,0.029400000000000003,-0.039099999999999996,0,0.07435333333333331,0.08015054255127889,-0.1042,0.2145,0.3187,0.2145,-0.2865,0.12079999999999999,-0.1074,-0.009879310344827584,0.027450000000000002,-0.04845,1,0.99198,0.03813678105144059,0.9187,1.0687,0.15000000000000002,1.0687,0.03190000000000004,0.10409999999999986,-0.12290000000000012,0.0011000000000000014,0.09640000000000004,-0.05674999999999997,0,-0.3009966666666667,0.8690895697989554,-1.9162,1.68,3.5961999999999996,1.9162,-0.3587,2.0825,-2.0737,-0.012368965517241395,1.2425,-1.03685,0,-0.10995666666666665,0.8995850655310129,-1.8813,1.7237,3.605,1.8813,2.7386999999999997,2.485,-2.1,0.09443793103448278,2.1699,-1.07185,0,-10.466759999999999,7.404121271925476,-19.5037,4.5325,24.036199999999997,19.5037,23.939999999999998,2.1263,-0.14880000000000138,0.8255172413793104,1.8418999999999999,-0.09619999999999962,1
11,weave,1.0287292121762373,1.1477806149260408,0.9307822570290003,0.21699835789704047,21.009535000125958,22.3878282653767,18.29648862842267,4.091339636954032,0.05435666666666667,0.031020768163784473,-0.0029,0.1083,0.1112,0.1083,-0.038500000000000006,0.0798,-0.0944,-0.001327586206896551,0.0556,-0.035,0,-0.15118666666666666,0.0343002637300943,-0.2181,-0.0851,0.133,0.2181,0.03270000000000001,0.1015,-0.10629999999999999,0.001127586206896552,0.061750000000000006,-0.0452,0,1.0149933333333332,0.057669820789430726,0.9066,1.1349,0.22830000000000006,1.1349,-0.01529999999999998,0.20130000000000003,-0.14129999999999998,-0.000527586206896551,0.0923,-0.09705000000000003,0,0.7000033333333332,0.8448330438953434,-1.085,2.2313,3.3163,2.2313,0.0,1.9775,-1.7238,-3.828355257328126e-18,1.3912499999999999,-0.9974999999999999,0,0.20417,1.1461444044995017,-2.0563,2.0563,4.1126,2.0563,1.3212000000000002,3.7713,-3.2025,0.04555862068965519,1.6975,-1.52255,1,20.950696666666666,1.0345470238086152,18.2787,22.365,4.086299999999998,22.365,0.7438000000000002,1.1201000000000008,-1.093799999999998,0.025648275862068973,1.1201000000000008,-0.8705999999999996,0
12,weave,1.0178510081245915,1.1532151273721654,0.9073554209900331,0.24585970638213228,13.02989204923305,21.42828672432773,1.4767553114852847,19.951531412842446,0.03333333333333333,0.02357151017550685,-0.0185,0.0764,0.0949,0.0764,-0.0229,0.0659,-0.0687,-0.0007896551724137927,0.02905,-0.02635,0,-0.044860000000000004,0.08915618067035026,-0.1851,0.1262,0.3113,0.1851,0.1957,0.10669999999999999,-0.07930000000000001,0.006748275862068966,0.0509,-0.04554999999999999,1,1.0123166666666665,0.05162139414364292,0.9069,1.1438,0.2368999999999999,1.1438,-0.05369999999999986,0.14329999999999998,-0.20519999999999994,-0.0018517241379310296,0.09105000000000002,-0.06469999999999998,0,0.9234166666666667,0.9784356874829484,-2.065,2.695,4.76,2.695,1.9862000000000002,2.2925,-2.415,0.06848965517241377,1.61875,-1.3869,2,0.3380366666666667,0.9762615659550056,-2.0563,1.82,3.8762999999999996,2.0563,-1.3913,3.7713,-3.1325,-0.04797586206896553,1.15065,-1.0937000000000001,0,12.35558333333333,8.360542536886705,-3.4125,21.42,24.832500000000003,21.42,-24.762500000000003,0.27120000000000033,-1.8462999999999994,-0.8538793103448277,0.07874999999999943,-1.6581000000000001,1
13,weave,1.008942033216387,1.1532151273721654,0.9073554209900331,0.24585970638213228,10.848180582945055,21.052972771083898,1.4767553114852847,19.576217459598613,0.05178,0.03767634765225781,-0.0185,0.1239,0.1424,0.1239,0.06999999999999999,0.1347,-0.0693,0.002413793103448275,0.0615,-0.04945,0,0.12965,0.07229971502781632,-0.022,0.2535,0.2755,0.2535,0.2206,0.0937,-0.0932,0.007606896551724139,0.053899999999999997,-0.0242,0,0.9961133333333334,0.04961795929960714,0.9069,1.1438,0.2368999999999999,1.1438,0.08079999999999998,0.15420000000000011,-0.20519999999999994,0.0027862068965517238,0.14329999999999998,-0.06469999999999998,0,0.9540433333333332,0.9203181375287396,-1.3388,2.5725,3.9112999999999998,2.5725,-0.7,2.695,-2.1175,-0.024137931034482748,0.94065,-1.1156,0,-0.27037666666666665,0.8009191614825337,-2.0563,1.47,3.5263,2.0563,-0.8225,2.1874,-2.1,-0.02836206896551725,0.9625499999999999,-1.2337500000000001,0,-8.812713333333333,9.240328256511884,-21.0525,7.7962,28.848699999999997,21.0525,-28.7349,0.12259999999999849,-1.9337,-0.9908586206896551,0.11379999999999768,-1.6187999999999998,1
14,weave,1.0065363658859199,1.0832163311176581,0.9330712834505197,0.15014504766713843,20.034758883347543,21.55513790561313,15.823042752264813,5.732095153348316,0.06754,0.02852790043883839,-0.0108,0.1239,0.1347,0.1239,0.1004,0.1347,-0.0695,0.00346206896551724,0.1347,-0.03465,0,0.16793666666666668,0.03328653536764692,0.0931,0.2535,0.1604,0.2535,-0.0393,0.07520000000000002,-0.08739999999999999,-0.0013551724137931035,0.04345,-0.03219999999999999,0,0.9892500000000001,0.037495992889355796,0.9265,1.0632,0.13669999999999993,1.0632,0.012699999999999934,0.08860000000000001,-0.09589999999999987,0.00043793103448275635,0.08860000000000001,-0.05880000000000002,0,0.12571333333333334,0.6563040442026711,-1.3388,1.9425,3.2813,1.9425,-1.0413,2.3451,-1.9863,-0.035906896551724125,0.94065,-1.9863,0,-0.51187,0.7005953459195529,-1.6888,1.47,3.1588000000000003,1.6888,-2.3625,1.225,-2.1,-0.08146551724137932,0.7963000000000001,-2.1,0,-20.004843333333334,1.389060728962966,-21.5513,-15.7413,5.8100000000000005,21.5513,-3.9986999999999977,0.5513000000000012,-1.4787999999999997,-0.13788620689655165,0.40249999999999986,-1.0587499999999999,0
15,weave,0.9969639478368099,1.08045452472559,0.9330712834505197,0.1473832412750702,15.493998198413838,20.525005016808155,2.7845334564339503,17.740471560374203,0.05459000000000001,0.02243376995698134,0.0144,0.0993,0.0849,0.0993,-0.0391,0.061399999999999996,-0.0695,-0.001348275862068967,0.0305,-0.0695,0,0.09176333333333334,0.06200535840767608,-0.0151,0.1805,0.1956,0.1805,-0.12760000000000002,0.051100000000000007,-0.08739999999999999,-0.004399999999999999,0.0346,-0.048249999999999994,0,0.9891433333333333,0.03458113581163852,0.9265,1.0618,0.1353000000000001,1.0618,0.030299999999999994,0.08860000000000001,-0.11150000000000004,0.0010448275862068963,0.049799999999999844,-0.08849999999999991,0,-0.6445833333333333,0.6051399513725122,-1.7062,0.3938,2.1,1.7062,0.4463,1.3387,-1.1286999999999998,0.015389655172413794,0.735,-0.58625,0,-0.47045666666666663,0.505292744567586,-1.6888,0.5863,2.2751,1.6888,0.40249999999999997,1.2776,-1.2163000000000002,0.01387931034482757,0.77,-0.7044,0,-15.447533333333334,5.606190928098939,-20.5187,-2.7562,17.7625,20.5187,17.4913,1.5663,-0.3412000000000006,0.6031482758620688,1.4962999999999997,-0.1750000000000007,0
16,weave,1.0044303181557028,1.0654239531754484,0.9376464792233798,0.1277774739520685,6.386964291729675,13.819915742507261,0.532650100910532,13.28726564159673,0.03979999999999999,0.025091611457163154,-0.0066,0.0776,0.0842,0.0776,0.0322,0.046,-0.0246,0.0011103448275862071,0.0196,-0.0189,0,0.08089666666666669,0.03527178694116572,0.0149,0.1371,0.1222,0.1371,0.0377,0.0472,-0.0662,0.0013,0.026149999999999996,-0.0662,0,0.99948,0.02866057486730052,0.9374,1.063,0.12559999999999993,1.063,-0.02519999999999989,0.07300000000000006,-0.0815999999999999,-0.0008689655172413755,0.04489999999999994,-0.04444999999999999,0,0.48418000000000005,0.7232882524539791,-0.8925,1.75,2.6425,1.75,-1.9338000000000002,1.0588,-1.4000000000000001,-0.06668275862068963,0.80935,-1.1025,0,0.021576666666666675,0.5505736066443191,-0.8838,0.9625,1.8463,0.9625,-1.1637,1.5312999999999999,-1.4438,-0.04012758620689656,0.65625,-0.875,0,-5.40545,5.680021307011396,-13.8162,2.205,16.0212,13.8162,-15.190000000000001,0.5861999999999998,-1.2687999999999997,-0.5237931034482759,0.5861999999999998,-1.1025,1
17,weave,1.0071302351501485,1.0597719660379774,0.9515327845113903,0.10823918152658707,18.655787810598678,28.78963289970888,9.87489047736733,18.91474242234155,0.06634,0.021708390241944514,0.0084,0.1035,0.09509999999999999,0.1035,-0.0029000000000000067,0.047,-0.0871,-0.00010000000000000047,0.0364,-0.03565,0,0.15441,0.04564220936657284,0.0687,0.2408,0.17209999999999998,0.2408,0.0883,0.07329999999999999,-0.06949999999999999,0.0030448275862068968,0.05499999999999999,-0.03369999999999998,0,0.9917566666666667,0.028247962188733062,0.9362,1.0386,0.10239999999999994,1.0386,-0.039000000000000035,0.09239999999999993,-0.06819999999999993,-0.0013448275862068977,0.03744999999999998,-0.05589999999999995,0,0.30129666666666666,0.6677703484465058,-0.98,1.7062,2.6862,1.7062,0.2012,1.1637,-1.4000000000000001,0.006937931034482758,0.80065,-0.8094,0,-0.2549033333333333,0.7093163325651526,-1.8987,0.9538,2.8525,1.8987,-1.26,2.8,-2.5462,-0.04344827586206896,0.7962,-0.8225,0,-18.62554,6.324156749982152,-28.77,-9.87,18.9,28.77,-18.9,0.5861999999999998,-1.5748999999999995,-0.6517241379310345,0.12249999999999961,-1.3956,0
18,weave,1.0067387130662564,1.0597719660379774,0.9515327845113903,0.10823918152658707,26.973499870342025,29.14622387428601,21.597150308316138,7.549073565969874,0.028950000000000007,0.04057585276474429,-0.0498,0.0955,0.14529999999999998,0.0955,-0.0667,0.047,-0.0871,-0.0023,0.046900000000000004,-0.03565,0,0.16932666666666665,0.034442615277101664,0.1075,0.2408,0.13329999999999997,0.2408,-0.0894,0.08089999999999999,-0.0712,-0.0030827586206896547,0.039,-0.029050000000000006,0,0.9906366666666667,0.03096700672889011,0.9362,1.0386,0.10239999999999994,1.0386,0.06910000000000005,0.09700000000000009,-0.07579999999999998,0.002382758620689657,0.09239999999999993,-0.05119999999999997,0,-0.4339966666666666,0.6172003449857872,-1.75,0.6388,2.3888,1.75,0.6913,1.3036999999999999,-1.6976,0.023837931034482767,1.00185,-1.1944,0,-0.4701566666666667,0.7966446024045039,-1.96,1.0675,3.0275,1.96,-2.6075,2.8,-2.5462,-0.08991379310344824,0.84875,-2.5462,0,-26.946803333333328,2.230025618761662,-29.1287,-21.4988,7.629899999999999,29.1287,2.0123999999999995,1.2337000000000025,-1.0150000000000006,0.06939310344827584,1.2337000000000025,-0.7088000000000001,0
19,weave,0.9955603086284699,1.0544037604257679,0.8928567018284626,0.16154705859730534,18.849198559195127,28.720470397958316,10.75085538782845,17.969615010129864,-0.009680000000000001,0.021857964696870912,-0.0498,0.0396,0.08940000000000001,0.0498,-0.0323,0.0652,-0.0455,-0.0011137931034482763,0.02515,-0.044500000000000005,0,0.11355333333333334,0.029555823667150236,0.0475,0.1618,0.1143,0.1618,-0.005499999999999977,0.0669,-0.05379999999999999,-0.00018965517241379185,0.0375,-0.0348,0,0.9883833333333334,0.03823851717054805,0.888,1.0446,0.15659999999999996,1.0446,-0.008099999999999996,0.15659999999999996,-0.10829999999999995,-0.0002793103448275861,0.041700000000000015,-0.044399999999999995,0,-0.1274466666666667,0.6987901306634515,-1.3737,1.505,2.8787,1.505,1.6712,1.3036999999999999,-1.3912,0.057627586206896536,1.00185,-0.9099999999999999,0,-0.5468600000000001,0.8774221783351972,-1.96,1.3125,3.2725,1.96,-0.8138,1.1986999999999999,-2.1963,-0.028062068965517238,1.1986999999999999,-0.8006,0,-18.806660000000004,5.824873270759956,-28.7,-10.6925,18.0075,28.7,16.799999999999997,1.2337000000000025,-0.6037999999999997,0.5793103448275861,1.1856000000000009,-0.5819000000000001,0
20,weave,1.0189022902101492,1.1251168339332587,0.9207051971179483,0.20441163681531038,30.083255793431714,33.67823963629928,20.46682073820944,13.211418898089843,0.06919999999999998,0.02278487096359306,0.0221,0.1271,0.10499999999999998,0.1271,-0.02509999999999999,0.05929999999999999,-0.07069999999999999,-0.0008655172413793098,0.05249999999999999,-0.04839999999999999,0,0.25654666666666665,0.03325821374651975,0.1637,0.305,0.14129999999999998,0.305,-0.06599999999999998,0.10949999999999999,-0.0945,-0.0022758620689655165,0.06709999999999999,-0.0945,0,0.98302,0.047741367878356304,0.8933,1.0792,0.18589999999999995,1.0792,-0.07419999999999993,0.10519999999999996,-0.13139999999999996,-0.00255862068965517,0.06980000000000003,-0.08525000000000005,0,0.4684166666666666,0.7906186020140019,-1.12,1.8987,3.0187,1.8987,-2.2662,1.7499,-2.3975,-0.07814482758620685,0.7656000000000001,-1.1506,0,-1.1407033333333334,0.823921418869096,-2.625,0.91,3.535,2.625,-1.4438,3.2025,-2.0913,-0.04978620689655172,1.26435,-0.9231499999999999,0,-30.037580000000002,3.9230458460144244,-33.6,-20.3962,13.203800000000001,33.6,-12.958799999999997,0.384999999999998,-1.8374999999999986,-0.44685517241379297,0.22749999999999915,-1.4699999999999989,0
21,weave,1.0145670497849275,1.121269387792247,0.9602511650604753,0.1610182227317718,26.14247800022082,33.67823963629928,7.5413598037754435,26.13687983252384,0.02890333333333334,0.0367775370285322,-0.0276,0.0944,0.122,0.0944,-0.0693,0.0538,-0.0689,-0.002389655172413793,0.0293,-0.032049999999999995,0,0.16643999999999998,0.09319003424593546,-0.055,0.3033,0.3583,0.3033,-0.2944,0.1008,-0.11660000000000001,-0.010151724137931034,0.03564999999999999,-0.08929999999999999,1,0.99548,0.03969134709836338,0.9353,1.0898,0.15450000000000008,1.0898,-0.022499999999999964,0.08529999999999993,-0.10000000000000009,-0.000775862068965516,0.06760000000000005,-0.07289999999999996,0,-0.3138399999999999,0.8776347726742011,-1.9338,1.5225,3.4562999999999997,1.9338,-1.645,2.2225,-1.7938,-0.05672413793103447,1.18125,-0.95815,0,-0.9992533333333334,0.7321900647035403,-2.625,0.3325,2.9575,2.625,0.7874999999999999,1.2687999999999997,-2.0913,0.027155172413793113,1.2687999999999997,-0.9231499999999999,0,-26.092499999999998,8.554880714781355,-33.6,-7.3762,26.2238,33.6,26.2238,2.4324000000000012,-0.3325000000000031,0.9042689655172415,2.06935,-0.16625000000000156,0
22,weave,1.0053382786176894,1.0631956075906257,0.9252949691855026,0.13790063840512312,12.254610421788167,23.500154108643628,1.665536700286127,21.834617408357502,0.0044933333333333336,0.02402725368285418,-0.0695,0.0424,0.1119,0.0695,0.033,0.1068,-0.0698,0.0011379310344827589,0.0509,-0.052450000000000004,0,-0.05457666666666665,0.09630417573692128,-0.1965,0.1213,0.3178,0.1965,-0.2371,0.08070000000000001,-0.09109999999999999,-0.008175862068965516,0.08070000000000001,-0.04934999999999999,1,0.99904,0.03566945568642052,0.9221,1.0629,0.14079999999999993,1.0629,0.02739999999999987,0.10250000000000015,-0.14079999999999993,0.000944827586206892,0.07329999999999992,-0.0509,0,0.14028333333333334,0.873312679748322,-1.5225,2.2487,3.7712,2.2487,0.35869999999999996,1.8199999999999998,-2.0737,0.012368965517241369,1.23375,-0.95815,0,-0.5538799999999999,0.550620299987769,-1.54,0.56,2.1,1.54,0.2538,2.1,-1.2688,0.008751724137931034,0.6738000000000001,-0.6124999999999999,0,1.120583333333333,14.023229192506793,-23.4937,20.7025,44.196200000000005,23.4937,44.196200000000005,2.9925,-0.30630000000000024,1.5240068965517244,2.274899999999999,0.1706000000000003,1
23,weave,1.0197678830773191,1.140225420695399,0.9385653626679391,0.2016600580274599,21.044599179580835,25.911434182229282,10.717460636736671,15.19397354549261,0.01762666666666667,0.02529259034651812,-0.0695,0.0772,0.1467,0.0772,-0.0345,0.1068,-0.0698,-0.0011896551724137933,0.0509,-0.052450000000000004,1,-0.1596733333333333,0.04167252409403366,-0.2455,-0.0728,0.1727,0.2455,0.053299999999999986,0.08460000000000001,-0.07760000000000002,0.0018379310344827581,0.08460000000000001,-0.05015,0,1.0058666666666667,0.044280293221884724,0.9245,1.1219,0.1973999999999999,1.1219,0.03200000000000003,0.11939999999999995,-0.14049999999999985,0.0011034482758620699,0.08534999999999993,-0.08384999999999992,0,0.87237,0.9135605474715683,-1.1025,2.2487,3.3512,2.2487,2.0388,1.7936999999999999,-2.2225,0.07030344827586205,1.23375,-0.73495,0,0.002326666666666651,0.8696027757201734,-1.6888,1.7413,3.4301000000000004,1.7413,1.0499999999999998,2.2663,-1.7675,0.03620689655172416,1.5399500000000002,-0.8794,0,20.99213,4.042164947252042,10.6925,25.8213,15.1288,25.8213,8.365,1.8899000000000008,-1.3211999999999975,0.28844827586206895,1.7980999999999998,-1.0456000000000003,0
24,weave,1.013560884301693,1.076101300993545,0.9236643654488355,0.1524369355447095,11.345218961855773,22.34651800907694,1.6993852947463093,20.64713271433063,0.04692333333333334,0.02189012820071363,0.0093,0.0864,0.0771,0.0864,0.046099999999999995,0.0511,-0.054900000000000004,0.0015896551724137924,0.03425,-0.0296,0,0.12002666666666667,0.08729149318008712,-0.0459,0.2569,0.3028,0.2569,0.29860000000000003,0.07200000000000001,-0.05409999999999998,0.01029655172413793,0.0632,-0.031400000000000004,0,1.0013733333333332,0.04200952218275029,0.9148,1.0746,0.15980000000000005,1.0746,-0.06610000000000005,0.1211000000000001,-0.12560000000000004,-0.002279310344827588,0.049300000000000066,-0.07515,0,1.4525066666666668,0.9690962536918303,-0.7262,3.0187,3.7449,3.0187,0.8311999999999999,2.2487,-2.2138,0.028662068965517238,2.2487,-1.06315,0,-0.7968333333333334,0.7841644951171272,-2.2575,0.4812,2.7386999999999997,2.2575,-1.1024,1.5401000000000002,-2.7125,-0.03801379310344827,1.5401000000000002,-0.8356,0,-6.15708,11.115311927290458,-22.26,13.23,35.49,22.26,-35.49,-0.32369999999999877,-2.1612,-1.223793103448276,-0.5556000000000001,-1.9162499999999998,1
25,weave,1.0192254729919417,1.1076685876199615,0.9300067687925717,0.17766181882738974,14.488449166870915,25.825037523109234,1.0128064671989412,24.812231055910292,0.02807,0.029148704945503152,-0.0171,0.0903,0.10740000000000001,0.0903,-0.038400000000000004,0.0694,-0.059500000000000004,-0.001324137931034483,0.069,-0.03760000000000001,0,0.08507666666666668,0.09254812236897617,-0.0791,0.2384,0.3175,0.2384,-0.2623,0.0668,-0.0776,-0.009044827586206897,0.054900000000000004,-0.036250000000000004,1,1.0108466666666667,0.039184046131868114,0.9289,1.079,0.1501,1.079,-0.01980000000000004,0.10880000000000012,-0.14910000000000012,-0.0006827586206896566,0.09050000000000002,-0.06740000000000013,0,-0.23975,0.8563715137034619,-1.9775,1.995,3.9725,1.995,0.38510000000000005,1.8112,-1.2075,0.013279310344827601,1.4701,-0.875,0,-0.5655366666666667,0.749348020285466,-2.0387,0.7175,2.7561999999999998,2.0387,0.08740000000000003,1.6975,-2.3362,0.003013793103448277,1.3212,-1.3475,0,-13.932923333333331,9.661314617325845,-25.8213,3.7975,29.6188,25.8213,29.6188,1.8812999999999995,0.09629999999999939,1.0213379310344828,1.8637999999999995,0.09629999999999939,1
26,weave,1.0069828889043608,1.0802897944533216,0.9328310886757581,0.14745870577756348,11.076679282865776,20.8226448773925,1.0128064671989412,19.809838410193557,0.018106666666666667,0.024987775401988665,-0.0232,0.0769,0.1001,0.0769,-0.003700000000000002,0.069,-0.0627,-0.00012758620689655166,0.04235,-0.0399,0,-0.09112333333333335,0.07091286388496672,-0.2423,0.0747,0.317,0.2423,-0.2006,0.06219999999999998,-0.12319999999999999,-0.006917241379310344,0.05199999999999999,-0.0776,1,0.9999233333333334,0.03831941691419219,0.9274,1.0758,0.1484000000000001,1.0758,-0.07950000000000002,0.1484000000000001,-0.12309999999999999,-0.002741379310344828,0.07035000000000002,-0.06540000000000001,0,0.3666333333333334,0.9683777082043589,-1.2075,2.905,4.1125,2.905,-1.9600000000000002,3.3075,-2.3625000000000003,-0.06758620689655172,1.5356,-1.5093999999999999,0,-0.35846333333333325,0.8586574827875935,-2.8525,1.4262,4.2787,2.8525,-0.7001,2.5462,-2.2225,-0.02414137931034484,1.3474,-1.9076,0,8.851216666666664,9.430609828823679,-7.9625,20.7725,28.735,20.7725,28.735,1.8986999999999998,-0.07880000000000109,0.9908620689655172,1.6056500000000002,0.2143499999999996,1
27,weave,1.0190300069862142,1.1418812066060111,0.9393060949445606,0.20257511166145048,18.531815856424494,21.146765235846356,10.897962538933596,10.24880269691276,0.02662666666666667,0.026252171448227408,-0.0167,0.0834,0.1001,0.0834,-0.033499999999999995,0.0517,-0.054,-0.0011551724137931025,0.0408,-0.03175,0,-0.11184333333333332,0.06124096940229909,-0.2423,0.0297,0.27199999999999996,0.2423,0.1113,0.0748,-0.12319999999999999,0.003837931034482759,0.05199999999999999,-0.0351,0,1.0104066666666667,0.04633165249576693,0.9317,1.1312,0.1995,1.1312,-0.06070000000000009,0.1361000000000001,-0.16279999999999994,-0.002093103448275865,0.06895000000000001,-0.07734999999999997,0,0.9922500000000001,0.9792093336656524,-1.2075,2.555,3.7625,2.555,0.4025,3.3075,-2.3625000000000003,0.013879310344827558,1.5356,-1.0325,0,-0.6139666666666668,0.8879147902319477,-2.8525,0.63,3.4825,2.8525,2.4675000000000002,2.6775,-2.1963,0.08508620689655172,2.5462,-1.0369,0,18.447349999999997,2.7916865629999514,10.8675,21.0963,10.2288,21.0963,-5.075000000000001,1.1637000000000022,-1.5838,-0.17500000000000004,1.0149999999999988,-1.5838,0
28,weave,1.0129264897625763,1.0991631953445313,0.9401491371053851,0.15901405823914627,9.93698037574155,19.97058071113607,1.971231437452234,17.999349273683833,0.05125333333333334,0.02128883037770217,0.0018,0.1013,0.0995,0.1013,0.0085,0.0688,-0.054,0.0002931034482758621,0.0471,-0.051000000000000004,0,0.05389000000000001,0.07993061797368499,-0.1166,0.1484,0.265,0.1484,0.1943,0.057499999999999996,-0.0493,0.0067,0.03765,-0.019700000000000002,1,1.0069366666666666,0.03560407263931681,0.9328,1.0959,0.16310000000000013,1.0959,0.0240999999999999,0.1361000000000001,-0.08519999999999994,0.0008310344827586172,0.057150000000000034,-0.05349999999999999,0,1.3343800000000001,0.8162430348860565,-0.455,3.2462,3.7012,3.2462,-0.8312999999999999,1.7587,-1.8899,-0.028665517241379314,1.2687,-1.01065,0,-0.30071666666666663,0.867149207653062,-2.3012,1.0412,3.3424,2.3012,1.645,2.6775,-2.1524,0.056724137931034486,1.1287500000000001,-0.98435,0,2.716013333333333,10.880627560144438,-10.675,19.8975,30.5725,19.8975,-30.5725,-0.07879999999999932,-2.555,-1.0542241379310349,-0.16190000000000015,-2.3625000000000003,1
29,weave,1.0167041506452084,1.1309361918340044,0.9252086089093638,0.20572758292464055,26.68725518372316,31.606068593547032,19.30033919235618,12.305729401190852,0.03152333333333334,0.03688654257298325,-0.0409,0.1003,0.1412,0.1003,-0.0507,0.09090000000000001,-0.0874,-0.0017482758620689653,0.0387,-0.0479,0,0.22739666666666664,0.061220705779106745,0.0971,0.3309,0.2338,0.3309,-0.1335,0.08999999999999997,-0.13860000000000003,-0.004603448275862069,0.04075000000000001,-0.06890000000000002,0,0.9880166666666667,0.05411250784936073,0.8936,1.1171,0.22350000000000003,1.1171,0.02069999999999994,0.15139999999999998,-0.11380000000000012,0.0007137931034482738,0.09665000000000001,-0.07355,0,-0.38004666666666675,1.142098203922193,-2.0038,2.4413,4.4451,2.4413,-0.5513,3.9112,-2.1001000000000003,-0.019010344827586213,1.19435,-1.13315,1,-1.2527033333333335,0.8278829379532006,-2.9137,0.1575,3.0712,2.9137,1.7324000000000002,2.3625000000000003,-3.0712,0.05973793103448278,1.15065,-1.1856,0,-26.61808666666667,3.845555707722279,-31.5788,-19.1975,12.3813,31.5788,-1.5574999999999974,1.8375000000000021,-1.5398999999999994,-0.05370689655172405,1.6012500000000003,-1.259999999999998,0
30,weave,1.0181081228400586,1.1309361918340044,0.9284189302249282,0.20251726160907624,14.405759619287114,31.156057262272448,1.2248083809314827,29.931248881340967,0.013283333333333336,0.018432151133340322,-0.0245,0.0459,0.0704,0.0459,0.0046,0.0566,-0.0469,0.00015862068965517194,0.03315,-0.02685,0,0.05343666666666666,0.09938663784236387,-0.1083,0.2013,0.3096,0.2013,-0.3014,0.061500000000000006,-0.0704,-0.010393103448275862,0.01714999999999999,-0.04934999999999999,1,1.0117566666666666,0.04904457988495725,0.9233,1.1171,0.19379999999999997,1.1171,0.05139999999999989,0.15139999999999998,-0.1109,0.0017724137931034445,0.09665000000000001,-0.06489999999999996,0,-0.032953333333333314,1.032764517918419,-2.17,1.82,3.99,2.17,1.7763,2.625,-2.1001000000000003,0.061251724137931,1.4525000000000001,-1.04565,0,-0.3660266666666667,0.9072024158931119,-2.9137,0.8925,3.8062,2.9137,1.1025,2.1525000000000003,-3.0712,0.03801724137931031,1.12875,-1.1856,0,-12.161333333333335,12.609885748787388,-31.15,8.4263,39.576299999999996,31.15,39.576299999999996,2.0737000000000005,0.5512999999999977,1.3646999999999998,1.9206,0.5512999999999977,1
31,weave,1.0171284395974887,1.0889017632458862,0.9460054703858747,0.1428962928600115,9.991923124383039,15.349986885336417,1.2248083809314827,14.125178504404934,0.025606666666666666,0.02114627110412603,-0.0245,0.082,0.10650000000000001,0.082,0.0505,0.0614,-0.054700000000000006,0.0017413793103448272,0.0565,-0.028050000000000002,0,-0.07404999999999999,0.04776930734412978,-0.139,0.0369,0.1759,0.139,-0.011099999999999999,0.075,-0.1033,-0.00038275862068965513,0.0601,-0.1033,0,1.01281,0.041339864287517264,0.9411,1.0848,0.14369999999999994,1.0848,0.05779999999999996,0.12090000000000012,-0.12149999999999994,0.001993103448275861,0.12090000000000012,-0.06774999999999998,0,0.7557066666666665,0.8790343373048175,-0.735,2.485,3.2199999999999998,2.485,1.4438,1.89,-1.7325000000000002,0.049786206896551735,1.575,-1.0237500000000002,0,0.22371,0.5932937263772647,-1.365,1.2513,2.6163,1.365,-2.0825,1.2511999999999999,-1.3037,-0.07181034482758622,0.5862499999999999,-1.3037,0,9.39662,5.715882974381787,-3.64,15.1637,18.8037,15.1637,12.731300000000001,1.8987999999999998,-1.741200000000001,0.4390103448275862,1.5181499999999999,-1.4306,1
32,weave,1.0174496105431414,1.1036984597253001,0.9516642002303123,0.15203425949498783,7.835182804752823,15.349986885336417,0.6949760355580615,14.655010849778355,0.04388,0.01665593815616728,0.0146,0.082,0.0674,0.082,0.022,0.049100000000000005,-0.050699999999999995,0.0007586206896551719,0.0337,-0.018799999999999997,0,0.041043333333333334,0.08246695339527738,-0.1291,0.1555,0.28459999999999996,0.1555,0.2338,0.0868,-0.1033,0.008062068965517243,0.05215,-0.04455,1,1.0123166666666665,0.04135835055849714,0.9475,1.1014,0.15389999999999993,1.1014,0.021200000000000108,0.11270000000000002,-0.10659999999999992,0.0007310344827586244,0.05949999999999994,-0.05389999999999995,0,1.08471,0.9060390862201368,-0.6125,2.485,3.0975,2.485,-0.5774,1.6537000000000002,-1.2163000000000002,-0.0199103448275862,1.4963000000000002,-1.1023999999999998,0,-0.28700333333333333,0.7421364027814115,-1.5137,1.0938,2.6075,1.5137,-0.875,1.8026,-2.4763,-0.03017241379310345,1.00625,-1.0456500000000002,0,2.554413333333334,8.584847874808801,-8.3038,15.1637,23.4675,15.1637,-22.9251,0.20120000000000005,-2.2399999999999998,-0.7905206896551724,0.18369999999999997,-1.7368499999999998,1
33,weave,1.0177568687758352,1.0895863940046242,0.9367377327726262,0.15284866123199803,14.226618964402316,21.232848975820463,10.46489820208491,10.767950773735553,0.04684666666666666,0.020322295100724218,0.011,0.09,0.079,0.09,0.024600000000000004,0.045799999999999993,-0.047999999999999994,0.0008482758620689654,0.026649999999999997,-0.020249999999999997,0,0.1505866666666667,0.036770956805171874,0.0853,0.2088,0.12350000000000001,0.2088,0.06029999999999999,0.09389999999999998,-0.056599999999999984,0.0020793103448275858,0.040249999999999994,-0.025499999999999995,0,1.004603333333333,0.030647714471047433,0.9284,1.0799,0.15150000000000008,1.0799,0.05010000000000003,0.09879999999999989,-0.09409999999999996,0.001727586206896553,0.043299999999999894,-0.07390000000000002,0,0.4567533333333333,0.9639045652192829,-0.8138,2.8788,3.6926,2.8788,0.9101,2.31,-1.7937999999999998,0.03138275862068965,1.2425,-0.73505,0,-0.5465699999999999,0.7170411925598041,-1.8112,1.925,3.7362,1.925,-1.085,3.29,-2.0037000000000003,-0.03741379310344826,1.2337500000000001,-1.12435,0,-14.153713333333334,3.6747417147550547,-21.2013,-10.4563,10.745,21.2013,-10.5438,0.42879999999999896,-1.3300000000000018,-0.36357931034482754,0.14000000000000057,-0.8793500000000005,0
34,weave,1.0104912757467701,1.0920616557685743,0.9294533500934837,0.16260830567509055,21.066357044317467,22.841756069094163,16.170343029447462,6.671413039646701,0.046799999999999994,0.025903534574422,-0.0192,0.09,0.10919999999999999,0.09,-0.021800000000000003,0.06219999999999999,-0.0774,-0.000751724137931035,0.045799999999999993,-0.027200000000000002,0,0.16604666666666662,0.031777293273910094,0.077,0.2088,0.13180000000000003,0.2088,-0.027200000000000002,0.0772,-0.0916,-0.0009379310344827591,0.0575,-0.06359999999999999,0,0.9948600000000002,0.036818338758905424,0.9243,1.0773,0.1529999999999999,1.0773,0.04930000000000001,0.1529999999999999,-0.1308999999999999,0.0017000000000000003,0.07659999999999989,-0.06565000000000004,0,-0.0017500000000000146,0.6875060229203263,-1.1463,1.3825,2.5288000000000004,1.3825,0.8049999999999999,1.7588,-1.7412999999999998,0.027758620689655164,1.0894,-0.9275500000000001,0,-0.9041499999999999,0.7801570822155205,-2.835,0.9362,3.7712,2.835,-1.4525,2.0124999999999997,-2.3537,-0.05008620689655175,1.3737,-0.91435,0,-21.02363,1.9271813518353866,-22.7588,-16.17,6.588799999999999,22.7588,-6.212499999999999,0.9712999999999994,-1.163800000000002,-0.21422413793103443,0.31065000000000076,-0.8793500000000005,0
35,weave,1.0106026779927062,1.1122527095943617,0.9235239953569155,0.1887287142374462,20.38687799412968,22.58766092648816,14.48542912515884,8.102231801329319,0.010793333333333337,0.02839718214934342,-0.0596,0.0535,0.1131,0.0596,-0.078,0.06219999999999999,-0.0646,-0.002689655172413794,0.03005,-0.03395,1,0.13499333333333335,0.037812467687836485,0.0358,0.1947,0.1589,0.1947,-0.1202,0.096,-0.08100000000000002,-0.004144827586206897,0.03515,-0.051250000000000004,0,1.0004366666666664,0.04216208039208342,0.9143,1.1036,0.1892999999999999,1.1036,0.01319999999999999,0.14390000000000003,-0.13950000000000007,0.0004551724137931031,0.054299999999999904,-0.07129999999999997,0,0.02303666666666667,0.7859587316898643,-1.8813,1.6187,3.5,1.8813,1.5137,1.7588,-1.2863,0.05219655172413793,0.8356,-0.76125,0,-0.4027833333333333,1.041330687839738,-2.835,1.6625,4.4975000000000005,2.835,1.1112,2.9837,-2.1962,0.03831724137931033,1.2556500000000002,-1.15065,0,-20.343166666666665,2.5532675596702292,-22.54,-14.4462,8.0938,22.54,7.6038000000000014,1.2162000000000006,-0.3150000000000013,0.26220000000000004,0.9801000000000002,-0.29749999999999943,0
36,weave,1.0053429855599185,1.1122527095943617,0.9620608608606838,0.15019184873367797,16.236902472366932,25.339867057662318,10.328460288929806,15.011406768732511,0.01824333333333333,0.04137136843804882,-0.0596,0.1217,0.18130000000000002,0.1217,0.0927,0.0761,-0.0528,0.0031965517241379303,0.054599999999999996,-0.03395,1,0.13845333333333334,0.06435446951942372,0.0358,0.263,0.2272,0.263,0.0809,0.096,-0.0599,0.002789655172413793,0.05525000000000001,-0.051250000000000004,0,0.9928133333333335,0.03977563570079425,0.9477,1.1036,0.15589999999999993,1.1036,0.07879999999999998,0.1269,-0.0936999999999999,0.002717241379310344,0.1269,-0.06624999999999998,0,0.5897533333333335,1.2798093232798482,-1.8813,3.6925,5.5738,3.6925,2.1263,2.0738000000000003,-1.8375000000000001,0.0733206896551724,1.52685,-0.9668500000000001,0,-0.8607166666666667,1.1118996509805077,-3.1588,1.3212,4.4799999999999995,3.1588,-3.0275,2.5812999999999997,-1.9599999999999997,-0.10439655172413792,1.0675,-1.8113,0,-16.111076666666666,4.0897728037970715,-25.06,-10.1587,14.901299999999999,25.06,-5.4513,0.9801000000000002,-2.205000000000002,-0.18797586206896552,0.9012500000000001,-1.9731500000000004,0
37,weave,1.0184322685247469,1.147922214263667,0.9437038359570231,0.2042183783066438,25.63807129050713,32.21153243218956,9.857912944939207,22.35361948725035,0.03190333333333333,0.037745403769825096,-0.0267,0.1542,0.1809,0.1542,0.0072,0.1296,-0.10200000000000001,0.0002482758620689642,0.08510000000000001,-0.0656,0,0.17764999999999997,0.07224712260109693,0.0341,0.2937,0.2596,0.2937,-0.1975,0.059599999999999986,-0.07900000000000001,-0.0068103448275862065,0.03230000000000001,-0.058499999999999996,0,0.9992833333333332,0.04313828672547387,0.9387,1.1104,0.17170000000000007,1.1104,-0.038999999999999924,0.12169999999999992,-0.12039999999999995,-0.0013448275862068938,0.059150000000000036,-0.04870000000000002,0,-0.6329133333333333,0.8496263258687289,-2.0825,1.6363,3.7188,2.0825,0.2012,1.6013000000000002,-2.6075,0.006937931034482764,1.1244,-1.2994,0,-0.37391000000000013,0.720894542170375,-2.3363,0.9975,3.3338,2.3363,-0.40240000000000004,1.6275,-1.5399,-0.013875862068965511,1.01935,-1.35625,0,-25.606289999999998,7.113412291184823,-32.1387,-9.8525,22.2862,32.1387,20.5013,2.1438000000000006,-0.5862000000000016,0.7069413793103448,2.1438000000000006,-0.5424000000000007,0
38,weave,0.9917209535032433,1.1041756427308111,0.9095082957290713,0.19466734700173982,12.585633377339057,22.297805141538035,1.453998476615433,20.843806664922603,0.008703333333333334,0.021836800374018,-0.034,0.0569,0.09090000000000001,0.0569,0.003599999999999999,0.0632,-0.046400000000000004,0.0001241379310344827,0.0375,-0.02745,0,-0.04105,0.11137070360148424,-0.2603,0.1435,0.40379999999999994,0.2603,-0.2859,0.08099999999999999,-0.1358,-0.009858620689655173,0.08099999999999999,-0.07999999999999999,1,0.9845066666666664,0.054646569336325994,0.9065,1.0968,0.19030000000000002,1.0968,-0.05569999999999997,0.18669999999999998,-0.15500000000000003,-0.0019206896551724128,0.0922,-0.0842,0,-0.43632333333333334,0.7713117665126855,-2.345,0.8313,3.1763000000000003,2.345,1.5401,2.065,-1.4613,0.053106896551724146,2.065,-1.3343500000000001,0,-0.10470000000000004,0.6744080745620434,-1.5575,1.7587,3.3162000000000003,1.7587,-0.06129999999999999,1.6275,-3.3162000000000003,-0.0021137931034482652,1.0062,-1.4481,0,0.15371333333333345,14.209586087197307,-22.2862,19.3725,41.658699999999996,22.2862,41.658699999999996,3.1326,0.4549999999999983,1.436506896551724,2.3625,0.4812499999999993,1
39,weave,1.0109299467244048,1.1084004240345635,0.9189814960052243,0.18941892802933924,19.326660946512938,21.649682731624498,11.770572721409948,9.87911001021455,0.027353333333333334,0.027652158777525335,-0.0237,0.1047,0.12840000000000001,0.1047,0.0347,0.1212,-0.0646,0.0011965517241379316,0.0632,-0.04365,0,-0.14699666666666664,0.03820400307002805,-0.2603,-0.0642,0.1961,0.2603,-0.008899999999999991,0.08099999999999999,-0.12539999999999998,-0.00030689655172413857,0.04374999999999998,-0.07999999999999999,0,0.9987533333333333,0.055279451400375136,0.9089,1.0968,0.18789999999999996,1.0968,0.14370000000000005,0.18669999999999998,-0.15750000000000008,0.0049551724137931056,0.18669999999999998,-0.0842,0,0.15722333333333338,0.7572732521370994,-1.9863,1.1988,3.1851000000000003,1.9863,0.3587,2.1438,-3.0450999999999997,0.012368965517241395,1.5663,-1.11125,0,-0.14145,0.6390200648460596,-1.3825,1.3038,2.6863,1.3825,1.1112,1.5838,-2.6863,0.03831724137931033,1.3038,-0.83125,0,19.301339999999996,2.8601675765470516,11.7425,21.6475,9.905000000000001,21.6475,8.557500000000001,1.3825000000000003,-0.918800000000001,0.29508620689655174,1.2819000000000003,-0.7437000000000005,0
40,weave,1.0133568869213248,1.1100560391259533,0.9284802367309711,0.18157580239498217,16.78769643465962,21.609732393761846,5.694784374320068,15.914948019441777,0.01536,0.030969758330256354,-0.031,0.1047,0.1357,0.1047,-0.0183,0.1212,-0.0646,-0.0006310344827586208,0.052450000000000004,-0.04645,0,-0.08589666666666668,0.0717409154807979,-0.1938,0.0718,0.2656,0.1938,0.1406,0.13479999999999998,-0.103,0.004848275862068964,0.06369999999999999,-0.103,1,1.0066333333333333,0.05409130424941054,0.9089,1.1071,0.19819999999999993,1.1071,0.04410000000000003,0.1381,-0.15750000000000008,0.0015206896551724148,0.07800000000000001,-0.09539999999999993,0,0.9432499999999998,1.1611039472757427,-1.9863,3.325,5.3113,3.325,1.2162,2.6775,-3.0450999999999997,0.04193793103448275,1.6144,-1.4043999999999999,0,0.09188333333333332,0.7815032746785732,-1.2075,2.59,3.7975,2.59,0.9274,1.8375,-3.15,0.031979310344827594,1.2162499999999998,-1.16815,0,16.67518,4.909240740115909,5.3113,21.6038,16.2925,21.6038,-16.038700000000002,0.8487000000000009,-1.54,-0.5530586206896553,0.25379999999999825,-1.3737499999999998,0
41,weave,1.0132098955425364,1.101092893447233,0.9321563924578322,0.16893650098940083,18.61667434753546,21.203039833712523,9.674183269919999,11.528856563792525,0.030793333333333332,0.03545857158502827,-0.0617,0.0809,0.1426,0.0809,0.0051,0.0783,-0.0869,0.00017586206896551702,0.0398,-0.043800000000000006,2,0.1911033333333333,0.03640803703743913,0.0817,0.2527,0.17099999999999999,0.2527,0.09920000000000001,0.10620000000000002,-0.0688,0.0034206896551724143,0.10620000000000002,-0.04434999999999999,0,0.9934033333333333,0.045006325098263404,0.9048,1.0782,0.1734,1.0782,0.027599999999999958,0.1139,-0.11240000000000006,0.0009517241379310331,0.07739999999999991,-0.05559999999999998,0,0.15225333333333332,0.8138997958883676,-1.2775,1.9075,3.185,1.9075,-0.7788,2.4412,-2.7651,-0.02685517241379307,1.06315,-1.365,0,-0.27708333333333335,1.0407526756062695,-3.115,1.4,4.515000000000001,3.115,-1.7063,4.515000000000001,-3.9025000000000003,-0.05883793103448273,1.5662500000000001,-1.1638,0,-18.569529999999997,3.2587791106221955,-21.1925,-9.66,11.532499999999999,21.1925,-11.024999999999999,0.9538000000000011,-1.7588000000000008,-0.3801724137931034,0.5381499999999999,-1.5093500000000004,0
42,weave,1.002890190496656,1.1023860077123622,0.8569192610742274,0.24546674663813473,17.416178999241318,21.203039833712523,8.944990406926102,12.258049426786421,0.017253333333333336,0.031322237702830935,-0.0542,0.0798,0.134,0.0798,0.042300000000000004,0.0788,-0.08729999999999999,0.001458620689655172,0.0529,-0.04525,1,0.15077666666666667,0.04827332156287408,0.0611,0.2296,0.16849999999999998,0.2296,-0.10429999999999999,0.07549999999999998,-0.0934,-0.0035965517241379305,0.044899999999999995,-0.0515,0,0.9896966666666667,0.047763075359696976,0.8467,1.0943,0.24760000000000004,1.0943,0.03859999999999997,0.11829999999999996,-0.24760000000000004,0.0013310344827586196,0.08784999999999998,-0.08194999999999997,0,-0.007286666666666673,1.0413624340864407,-2.3975,2.8525,5.25,2.8525,-2.0476,3.5525,-4.2875,-0.07060689655172417,1.6975,-2.7651,1,-0.1379566666666667,1.062390362922163,-2.1,3.1325,5.2325,3.1325,-1.5225,3.9112999999999998,-4.1562,-0.05250000000000005,2.0256,-2.485,1,-17.355620000000002,3.928739932713357,-21.1925,-8.8988,12.2937,21.1925,11.7862,1.233699999999999,-0.8138000000000005,0.40642068965517236,0.9624999999999995,-0.27999999999999936,0
43,weave,0.9885953746385199,1.1023860077123622,0.8569192610742274,0.24546674663813473,8.378986658530009,16.07757804179473,1.4630041865968806,14.61457385519785,0.013066666666666666,0.028562228896573005,-0.0542,0.062,0.1162,0.062,0.0304,0.0788,-0.08729999999999999,0.0010482758620689648,0.044649999999999995,-0.044649999999999995,1,0.004579999999999995,0.09201054812094775,-0.1959,0.1379,0.3338,0.1959,-0.2701,0.092,-0.1266,-0.009313793103448275,0.06584999999999999,-0.0764,1,0.9838566666666664,0.056855483363574946,0.8467,1.0943,0.24760000000000004,1.0943,-0.02400000000000002,0.11829999999999996,-0.24760000000000004,-0.0008275862068965525,0.08784999999999998,-0.08194999999999997,0,-0.5731166666666666,0.9102953397522766,-3.0013,0.7525,3.7538,3.0013,-1.0675,1.6538000000000002,-2.1438,-0.03681034482758619,1.1463,-1.06315,0,-0.1965866666666667,1.2383367409368191,-3.36,2.135,5.494999999999999,3.36,-1.68,2.9837,-4.6287,-0.057931034482758645,1.84185,-1.6537,1,-2.074923333333333,9.113182318456973,-16.065,12.1187,28.1837,16.065,28.1837,1.5925,0.28880000000000017,0.9718517241379311,1.47875,0.5031500000000007,1
44,weave,0.985997676760208,1.0790275344030846,0.9005853263294933,0.17844220807359135,14.267109727346659,18.80368976265031,4.460268560299928,14.343421202350383,0.04589,0.03430874373321943,-0.0412,0.143,0.18419999999999997,0.143,0.015099999999999999,0.12519999999999998,-0.08660000000000001,0.0005206896551724129,0.045849999999999995,-0.0632,0,-0.12593666666666667,0.04743109327430059,-0.1959,-0.0267,0.1692,0.1959,-0.1565,0.09899999999999999,-0.07050000000000001,-0.005396551724137932,0.04645,-0.07050000000000001,0,0.9750733333333333,0.04936137631047546,0.8815,1.0673,0.18579999999999997,1.0673,-0.041200000000000014,0.10919999999999996,-0.14439999999999986,-0.0014206896551724143,0.07700000000000007,-0.08300000000000007,0,0.2881666666666666,0.8475877195304627,-1.6888,1.7938,3.4826,1.7938,0.1574,1.9338,-2.1438,0.005427586206896543,0.83565,-1.06315,0,-0.7670800000000001,1.1372008452093356,-3.36,1.645,5.005,3.36,1.9075,3.8412,-4.6287,0.0657758620689655,2.065,-1.8594,0,14.163039999999999,4.692004683729326,4.2787,18.76,14.481300000000001,18.76,13.825099999999999,1.5401000000000025,-0.4988000000000028,0.47672758620689654,1.19435,-0.3238000000000003,0
45,weave,0.9883361190938423,1.0843848440475365,0.8919998934977516,0.192384950549785,8.05033918707795,16.941624844742606,1.2649406626399518,15.676684182102655,0.03165,0.023841469955838974,-0.0206,0.0656,0.0862,0.0656,-0.0419,0.0646,-0.07289999999999999,-0.0014448275862068963,0.028949999999999997,-0.032600000000000004,0,0.006556666666666666,0.07303249481464107,-0.1366,0.1304,0.267,0.1366,0.21559999999999999,0.1167,-0.0866,0.0074344827586206915,0.049699999999999994,-0.023649999999999997,1,0.9849133333333334,0.04293933758971693,0.8909,1.0822,0.19130000000000003,1.0822,-0.03060000000000007,0.11829999999999985,-0.14339999999999997,-0.001055172413793106,0.08294999999999997,-0.07109999999999994,0,1.0648933333333332,0.8045217392460816,-0.6562,2.8875,3.5437000000000003,2.8875,0.5162,1.1637999999999997,-1.4087999999999998,0.0178,1.0543500000000001,-1.225,0,0.19717666666666664,0.8621156069702074,-1.3125,1.6712,2.9837,1.6712,-0.875,2.1962,-1.82,-0.03017241379310344,1.49185,-1.5836999999999999,0,5.887886666666665,7.719117539063975,-5.5037,16.9137,22.4174,16.9137,-22.4174,-0.1048999999999971,-1.6188000000000002,-0.7730137931034483,-0.1048999999999971,-1.5444,1
46,weave,1.0004811899052264,1.0670095688418169,0.906106445181801,0.1609031236600159,7.895900852509244,13.336016906857909,1.2649406626399518,12.071076244217958,0.04286333333333334,0.0233604806772306,-0.0024,0.0915,0.0939,0.0915,-0.030299999999999997,0.0553,-0.0537,-0.0010448275862068965,0.026550000000000004,-0.044199999999999996,0,0.10323333333333333,0.02663429644511822,0.0339,0.1362,0.10229999999999999,0.1362,0.0567,0.0531,-0.044800000000000006,0.0019551724137931033,0.026549999999999997,-0.040999999999999995,0,0.99363,0.036594489409915436,0.9028,1.0589,0.1560999999999999,1.0589,-0.06659999999999988,0.11829999999999985,-0.0996999999999999,-0.002296551724137927,0.047150000000000025,-0.08269999999999988,0,0.1758866666666667,0.8117444526252188,-1.3475,2.0038,3.3513,2.0038,-0.4025000000000001,1.6012,-1.3562999999999998,-0.013879310344827596,0.7263,-1.0719,0,0.17528666666666667,0.623412874610306,-0.98,1.6712,2.6512000000000002,1.6712,-0.1925,2.1962,-1.82,-0.006637931034482751,2.1962,-0.8969,0,-7.712533333333334,4.077842544383195,-13.2825,0.1663,13.4488,13.2825,-13.4488,0.07869999999999955,-0.9888,-0.4637517241379311,-0.1225000000000005,-0.9888,0
47,weave,1.0058813687553245,1.0670095688418169,0.9246957878134842,0.1423137810283327,13.768007693121,15.234251068890785,10.57818184992109,4.656069218969694,0.042656666666666676,0.022686828676619804,-0.0258,0.08,0.1058,0.08,-0.008700000000000003,0.0963,-0.0597,-0.00030000000000000035,0.0362,-0.0529,0,0.12695666666666666,0.027183763959181692,0.082,0.1898,0.10779999999999999,0.1898,0.05660000000000001,0.09149999999999998,-0.10779999999999999,0.0019517241379310348,0.050799999999999984,-0.0343,0,0.9963433333333334,0.033998881151300106,0.9099,1.0589,0.1489999999999999,1.0589,0.009399999999999964,0.09509999999999985,-0.0996999999999999,0.0003241379310344815,0.05239999999999989,-0.060799999999999965,0,0.13124,0.7020052321251136,-1.435,1.3737,2.8087,1.435,-0.28879999999999995,1.6012,-1.7936999999999999,-0.009958620689655175,0.75685,-1.2293500000000002,0,-0.12746000000000002,0.547729330713755,-1.3825,0.8662,2.2487,1.3825,-1.1288,1.4788000000000001,-1.7762,-0.03892413793103446,0.8356,-0.48129999999999995,0,-13.73925,1.4808416806923899,-15.1812,-10.57,4.6112,15.1812,-4.147500000000001,0.40249999999999986,-0.6125000000000007,-0.14301724137931038,0.32369999999999877,-0.43315000000000037,0
48,weave,1.0082373020153428,1.0607336234889513,0.9336800040699169,0.12705361941903437,20.86166075143861,24.033207379374062,16.696706176069576,7.336501203304486,0.05294666666666667,0.02052874743534948,0.0195,0.1143,0.0948,0.1143,0.06,0.0613,-0.031799999999999995,0.0020689655172413794,0.0191,-0.030649999999999997,0,0.16178333333333333,0.027207479744051792,0.1035,0.2173,0.1138,0.2173,0.0788,0.0766,-0.0788,0.002717241379310345,0.0639,-0.0371,0,0.9931766666666667,0.03658769986770411,0.9167,1.0526,0.13590000000000002,1.0526,0.03850000000000009,0.10230000000000006,-0.10499999999999998,0.0013275862068965548,0.048900000000000055,-0.03500000000000003,0,0.09216333333333333,1.1846003948613841,-2.835,1.7237,4.5587,2.835,-1.8112,2.1349,-2.4324,-0.0624551724137931,2.05185,-1.6931,0,-0.09246333333333333,1.2277670464438004,-1.7587,3.0187,4.7774,3.0187,-0.5248999999999999,2.3538,-2.6163,-0.01809999999999999,2.1525,-1.81125,0,-20.790293333333334,2.178565960147327,-23.9575,-16.345,7.612500000000001,23.9575,-6.877500000000001,0.48130000000000095,-1.0324999999999989,-0.23715517241379314,0.48130000000000095,-0.7613000000000003,0
49,weave,0.991834683360241,1.0343421774248598,0.9358358509909737,0.09850632643388613,21.92068823573976,24.033207379374062,16.828334361427455,7.204873017946607,0.04940666666666666,0.02862382578026303,-0.0018,0.1143,0.1161,0.1143,-0.0415,0.0613,-0.04540000000000001,-0.001431034482758621,0.023700000000000006,-0.02005,0,0.13955666666666666,0.03697250314092552,0.0398,0.2173,0.1775,0.2173,-0.052199999999999996,0.0766,-0.06719999999999998,-0.0018,0.06709999999999999,-0.036449999999999996,0,0.9796366666666666,0.027486654860173498,0.9167,1.0202,0.10350000000000004,1.0202,-0.032200000000000006,0.07069999999999999,-0.07540000000000002,-0.0011103448275862071,0.043450000000000044,-0.07540000000000002,0,-0.21496333333333334,0.7764764843046832,-1.7763,1.47,3.2462999999999997,1.7763,-0.7699999999999999,1.1113,-1.9162,-0.026551724137931044,1.00625,-0.8663,0,-0.7134233333333333,0.6812798385408884,-1.7587,0.8662,2.6249,1.7587,0.9187,2.3186999999999998,-2.1875,0.0316793103448276,1.07185,-0.66935,0,-21.884916666666662,2.179151873152573,-23.975,-16.8175,7.157500000000002,23.975,4.935000000000002,1.3911999999999978,-0.9187000000000012,0.17017241379310352,0.8530999999999995,-0.6387499999999999,0
50,weave,1.003518375186689,1.0742970445831077,0.9389315417004586,0.13536550288264915,16.19529590497665,22.10564483768795,13.343460242755626,8.762184594932325,0.01794,0.019606923478094722,-0.03,0.0581,0.0881,0.0581,-0.0282,0.0485,-0.0881,-0.0009724137931034484,0.028650000000000002,-0.04190000000000001,0,0.10979666666666668,0.02960202093908727,0.0398,0.1645,0.1247,0.1645,0.04450000000000001,0.09510000000000002,-0.0854,0.0015344827586206901,0.04490000000000001,-0.03855,0,0.9967533333333336,0.036376477178996086,0.9358,1.0674,0.13159999999999994,1.0674,0.01739999999999986,0.11209999999999998,-0.11199999999999999,0.0005999999999999952,0.037949999999999984,-0.04379999999999995,0,0.11870333333333333,1.1316752502628442,-1.7763,3.5875,5.3637999999999995,3.5875,3.185,2.4237,-1.5575999999999999,0.10982758620689656,2.4237,-1.1725,0,0.21933666666666665,0.7879871719082449,-1.015,1.82,2.835,1.82,0.22760000000000014,2.0387,-1.7151,0.007848275862068944,1.5663,-1.1987,0,-16.134419999999995,2.6000826143903915,-22.085,-13.265,8.82,22.085,6.536300000000001,1.3911999999999978,-0.6998999999999995,0.22538965517241383,0.8530999999999995,-0.6998999999999995,0
51,weave,1.0050803421903332,1.1177413654329877,0.8981549142547738,0.21958645117821396,26.66028852161685,30.90948456995037,20.802051336827336,10.107433233123032,0.04251333333333333,0.02595884984080518,-0.0054,0.0993,0.1047,0.0993,0.018,0.0671,-0.0659,0.0006206896551724138,0.03555,-0.03015,0,0.21469,0.03367472550639477,0.1344,0.2871,0.15270000000000003,0.2871,0.12329999999999999,0.08739999999999998,-0.06349999999999997,0.004251724137931034,0.049100000000000005,-0.04865000000000001,0,0.9801533333333334,0.04855511431802814,0.8677,1.0804,0.2127,1.0804,-0.0026999999999999247,0.13870000000000005,-0.15049999999999997,-9.310344827585947e-05,0.07014999999999999,-0.06754999999999994,0,0.3794533333333333,1.042037925953963,-1.575,3.0187,4.5937,3.0187,-3.0362,2.1088,-2.3011999999999997,-0.1046965517241379,1.5574999999999999,-1.0762,0,-0.91524,0.9048479093386262,-2.625,0.6212,3.2462,2.625,0.8312,3.2462,-2.7388000000000003,0.028662068965517217,1.33,-1.4306,0,-26.60467,3.482124084337624,-30.8787,-20.5537,10.325,30.8787,-10.2988,0.752600000000001,-1.3300000000000018,-0.3551310344827586,0.12255000000000038,-0.875,0
52,weave,1.0112925841887743,1.1258737673469439,0.8544388333871535,0.27143493395979035,27.6903638803319,32.22667673496602,14.698968713824792,17.52770802114123,0.01876666666666666,0.03322774425846189,-0.0358,0.0993,0.1351,0.0993,-0.0922,0.0625,-0.0607,-0.0031793103448275865,0.02145,-0.0353,0,0.19675,0.05870862446188717,0.082,0.2925,0.21049999999999996,0.2925,-0.1041,0.10409999999999997,-0.0892,-0.0035896551724137926,0.04089999999999999,-0.055749999999999994,0,0.9895599999999999,0.057196199536151966,0.8098,1.1099,0.30010000000000014,1.1099,-0.028100000000000125,0.2592,-0.19319999999999993,-0.0009689655172413836,0.08940000000000003,-0.06855000000000006,0,-0.07496000000000001,0.7493451318455934,-1.575,1.3475,2.9225,1.575,-0.8049999999999999,1.7148999999999999,-2.3011999999999997,-0.02775862068965517,1.1199999999999999,-1.3825,0,-0.8507833333333331,1.3463366986992398,-4.62,1.3475,5.9675,4.62,1.5924999999999998,5.5038,-2.9661999999999997,0.05491379310344825,2.60315,-2.49375,0,-27.63774666666666,4.883337952581864,-31.8937,-14.63,17.2637,31.8937,14.533699999999998,2.3186999999999998,-0.8486999999999973,0.5011620689655172,2.2224999999999984,-0.5075000000000003,0
53,weave,1.0013098440293782,1.0595897460810009,0.9211150308186269,0.13847471526237398,13.479926163159531,27.700796481148334,1.357135358024394,26.34366112312394,0.001953333333333333,0.026360913245303864,-0.0423,0.0467,0.089,0.0467,0.0499,0.050100000000000006,-0.05450000000000001,0.0017206896551724147,0.03295,-0.0235,0,-0.010183333333333329,0.11960241919861371,-0.1986,0.1932,0.39180000000000004,0.1986,-0.2671,0.0804,-0.09970000000000001,-0.009210344827586207,0.05830000000000002,-0.05635,1,0.9939766666666666,0.039383399997997864,0.9177,1.0589,0.1412,1.0589,0.012600000000000056,0.11560000000000015,-0.13939999999999997,0.0004344827586206916,0.061799999999999966,-0.0514,0,-0.1350466666666667,0.9635176646854584,-1.8112,1.9775,3.7887,1.9775,1.54,1.3212000000000002,-2.2662,0.05310344827586205,0.9318500000000001,-1.2643499999999999,0,-0.4742433333333334,0.8950780350042818,-2.17,1.3475,3.5175,2.17,2.205,2.45,-1.7674999999999998,0.0760344827586207,1.1375000000000002,-1.155,0,-4.902343333333333,14.814781782993386,-27.65,17.4737,45.1237,27.65,45.1237,2.4237,0.46369999999999933,1.5559896551724137,2.2881,0.46369999999999933,1
54,weave,1.0100346039327919,1.111252203597365,0.8868456235444814,0.22440658005288372,18.276921046341428,22.626377070136527,5.008365390024973,17.618011680111554,0.014333333333333333,0.020988540934869977,-0.019,0.0475,0.0665,0.0475,-0.0249,0.0556,-0.052599999999999994,-0.0008586206896551727,0.03135,-0.052599999999999994,0,-0.16764,0.04180525127878983,-0.2445,-0.0754,0.1691,0.2445,-0.0359,0.13319999999999999,-0.0763,-0.0012379310344827592,0.13319999999999999,-0.07350000000000001,0,0.99481,0.05862798172698178,0.8718,1.0939,0.22210000000000008,1.0939,0.03400000000000003,0.13369999999999993,-0.22210000000000008,0.0011724137931034494,0.09739999999999999,-0.08669999999999994,0,0.7580333333333333,0.9775187153454274,-1.3212,2.5463,3.8674999999999997,2.5463,3.3949999999999996,1.82,-2.0825,0.1170689655172414,1.50505,-1.2643499999999999,0,0.13446000000000008,0.8991190368815236,-1.645,1.6013,3.2462999999999997,1.645,-0.98,1.5137,-2.8,-0.03379310344827584,1.4306,-1.2075,0,18.208456666666667,5.012472723783957,4.83,22.54,17.71,22.54,17.683799999999998,2.4237,-0.1661999999999999,0.6097862068965516,2.4237,-0.10935000000000095,0
55,weave,1.0179838111287427,1.2352456678733992,0.9358619556323464,0.29938371224105276,8.942619315774493,18.785250846874526,1.610694552048898,17.174556294825628,0.0028133333333333335,0.028635229487749738,-0.0581,0.0727,0.1308,0.0727,0.0352,0.08940000000000001,-0.091,0.001213793103448276,0.041749999999999995,-0.031,1,0.04262333333333334,0.09412126324801585,-0.1423,0.2353,0.37760000000000005,0.2353,0.3143,0.1008,-0.0922,0.010837931034482759,0.0862,-0.06659999999999999,1,1.0124733333333333,0.060101786842066504,0.9192,1.2296,0.3104,1.2296,0.04800000000000004,0.28400000000000003,-0.20850000000000013,0.001655172413793105,0.1321,-0.11385,0,1.7529166666666667,1.043332499678342,-0.3762,3.5787,3.9549,3.5787,2.3449,2.5112,-1.6188000000000002,0.08085862068965519,2.5112,-0.9100000000000001,0,0.24441999999999994,0.9075102463181415,-1.7675,2.1263,3.8938,2.1263,-1.8025000000000002,2.0475000000000003,-2.1087,-0.06215517241379311,1.18125,-1.2031,0,3.055796666666667,9.838176583769819,-11.4275,18.7512,30.1787,18.7512,-30.1787,0.04369999999999763,-1.9512,-1.040644827586207,-0.32810000000000095,-1.6886999999999999,1
56,weave,1.0134905894523127,1.0960407200464772,0.9304486122296062,0.16559210781687106,14.796321485616524,23.100372582276677,5.099978958780124,18.000393623496553,0.027413333333333338,0.02930929866963294,-0.0364,0.0811,0.11750000000000001,0.0811,-0.0068,0.09040000000000001,-0.0684,-0.00023448275862069038,0.036449999999999996,-0.046099999999999995,0,0.17966333333333337,0.058942435292079,0.0388,0.2784,0.23959999999999998,0.2784,0.1661,0.08779999999999999,-0.0821,0.005727586206896552,0.055150000000000005,-0.06659999999999999,0,0.99496,0.038484655249270104,0.9125,1.0699,0.1574000000000001,1.0699,-0.09220000000000006,0.11480000000000012,-0.13230000000000008,-0.0031793103448275882,0.04945000000000005,-0.06369999999999998,0,0.8478766666666666,1.1446104209047192,-1.435,3.2462,4.6812000000000005,3.2462,-1.6625,1.7849999999999997,-1.4611999999999998,-0.05732758620689656,1.4218499999999998,-1.0281,0,-0.61366,0.9407755980737567,-3.2375,1.7062,4.9437,3.2375,-0.08750000000000001,3.6313,-3.4737,-0.0030172413793103417,1.7281499999999999,-1.0455999999999999,0,-14.661200000000003,5.837811730670888,-23.1,-4.8212,18.2788,23.1,-18.2788,0.22759999999999891,-1.6449999999999996,-0.630303448275862,0.09189999999999898,-1.2687499999999998,0
57,weave,1.0077740522240601,1.1142408716251617,0.9260534163859017,0.18818745523926006,19.33527121973795,23.855652038667902,11.374663341391692,12.48098869727621,0.03177666666666667,0.03328571903916187,-0.0256,0.0886,0.1142,0.0886,-0.0703,0.1025,-0.0715,-0.0024241379310344824,0.04305,-0.0417,0,0.1785433333333333,0.057943692544979615,0.0695,0.2784,0.20889999999999997,0.2784,-0.08410000000000001,0.08810000000000001,-0.0983,-0.0029000000000000002,0.045499999999999985,-0.0766,0,0.98916,0.04325942273276903,0.9187,1.1026,0.18390000000000006,1.1026,-0.10299999999999987,0.14980000000000004,-0.13119999999999998,-0.00355172413793103,0.061950000000000005,-0.12350000000000005,0,0.07437333333333332,1.3549164109433756,-3.43,2.3363,5.7663,3.43,-1.3912,3.9725,-1.4175,-0.04797241379310345,1.8943500000000002,-1.13315,2,-0.6921199999999998,1.0054922796390795,-3.2375,1.8987,5.1362,3.2375,-0.8925000000000001,3.6313,-3.4737,-0.030775862068965504,1.7281499999999999,-2.8962000000000003,0,-19.2465,4.007125167102668,-23.8263,-11.3138,12.5125,23.8263,6.772500000000001,2.0213,-1.496299999999998,0.2335344827586207,1.6012500000000003,-1.1988000000000003,0
58,weave,1.0044683935313603,1.0940797045919461,0.9260534163859017,0.16802628820604448,9.043558067359875,18.41963437313564,1.4884751223987587,16.931159250736883,0.015993333333333335,0.027325710178906774,-0.0256,0.0769,0.1025,0.0769,0.03270000000000001,0.1025,-0.0646,0.0011275862068965512,0.0639,-0.0405,0,0.03670333333333334,0.08889547710977601,-0.1198,0.1613,0.2811,0.1613,-0.24830000000000002,0.0689,-0.1159,-0.00856206896551724,0.042499999999999996,-0.0476,1,0.9995166666666665,0.04523322004237924,0.922,1.0892,0.1671999999999999,1.0892,0.025700000000000056,0.10889999999999989,-0.1362,0.000886206896551726,0.061950000000000005,-0.0731,0,0.1732633333333333,1.268760251389421,-3.43,2.2838,5.7138,3.43,4.2613,3.9725,-2.0125,0.14694137931034484,3.9725,-1.435,2,-0.37479333333333337,1.05843729048303,-1.7938,2.24,4.0338,2.24,-0.5687,3.2812,-2.8962000000000003,-0.0196103448275862,1.4656500000000001,-2.695,0,-5.4958800000000005,8.479256211500857,-18.06,9.3363,27.396299999999997,18.06,27.396299999999997,1.8811999999999998,-0.21870000000000012,0.9446999999999999,1.67125,0.41125000000000034,1
59,weave,0.994809563238267,1.106122059268325,0.9056555912707656,0.2004664679975594,15.655193674260708,16.946044544081666,12.57289816191955,4.3731463821621155,0.015593333333333332,0.02843402446236616,-0.0605,0.0666,0.1271,0.0666,0.046799999999999994,0.1106,-0.057300000000000004,0.001613793103448276,0.1106,-0.0413,1,-0.12358,0.034906825733065736,-0.1923,-0.0357,0.1566,0.1923,0.0774,0.09200000000000001,-0.11679999999999999,0.00266896551724138,0.0783,-0.05764999999999999,0,0.9859433333333332,0.049339846688699465,0.896,1.1009,0.20489999999999997,1.1009,0.04799999999999993,0.20230000000000004,-0.11119999999999997,0.001655172413793101,0.08619999999999994,-0.07845000000000002,0,0.7250666666666666,0.8384106377374182,-0.91,2.6075,3.5175,2.6075,1.925,3.0275,-2.5638,0.06637931034482757,1.2644,-0.9931499999999999,0,-0.010490000000000006,0.9209912030543225,-2.0125,2.1788,4.1913,2.1788,0.9887,1.6538,-2.9663000000000004,0.03409310344827586,1.16815,-1.05,1,15.588996666666667,1.1242601123998543,12.4163,16.8787,4.462399999999999,16.8787,-2.4762000000000004,0.6736999999999984,-0.7698999999999998,-0.08538620689655174,0.40690000000000026,-0.7698999999999998,0
60,weave,1.0049608309406401,1.106122059268325,0.9056555912707656,0.2004664679975594,8.242259097469871,15.973264430604033,1.8493041096585492,14.123960320945484,0.03224333333333333,0.02623063073023116,-0.019,0.0794,0.0984,0.0794,0.020200000000000003,0.06910000000000001,-0.0439,0.0006965517241379309,0.0393,-0.040150000000000005,0,8.000000000000276e-05,0.08447765425818544,-0.1627,0.1332,0.29590000000000005,0.1627,0.159,0.09200000000000001,-0.08000000000000002,0.005482758620689654,0.0458,-0.08000000000000002,1,1.00067,0.05025282390418302,0.8986,1.1009,0.20230000000000004,1.1009,0.03500000000000003,0.20230000000000004,-0.11119999999999997,0.001206896551724139,0.0818000000000001,-0.07845000000000002,0,1.2728366666666668,1.065829974628267,-1.0412,4.13,5.1712,4.13,-1.1724999999999999,2.2836999999999996,-2.625,-0.04043103448275862,1.07625,-1.30375,0,-0.4240833333333333,1.084525624594596,-2.8263,1.4,4.2263,2.8263,-1.2774,2.275,-3.2725,-0.044048275862068983,1.23815,-1.33,0,6.90084,6.613613473768617,-3.71,15.8638,19.5738,15.8638,-19.5738,0.026200000000000223,-1.504999999999999,-0.6749586206896552,-0.1662499999999998,-1.3343999999999996,1
61,weave,1.0039981245239602,1.0890660861490455,0.903617939175623,0.1854481469734225,8.32899040725588,14.34939753334613,1.8493041096585492,12.50009342368758,0.06358,0.027860878516732704,0.0008,0.1149,0.11410000000000001,0.1149,0.06290000000000001,0.0881,-0.0735,0.0021689655172413796,0.0393,-0.0319,0,0.12030333333333333,0.036330489554427525,0.0524,0.1779,0.1255,0.1779,0.0998,0.06410000000000002,-0.036500000000000005,0.003441379310344827,0.0371,-0.028450000000000003,0,0.9937633333333333,0.048583213244858585,0.8933,1.0812,0.18789999999999996,1.0812,-0.016799999999999926,0.15769999999999995,-0.1724000000000001,-0.0005793103448275837,0.08515,-0.04954999999999998,0,0.5486233333333334,0.7325716246885696,-1.0412,2.1263,3.1675,2.1263,1.505,2.2836999999999996,-2.625,0.0518965517241379,2.2836999999999996,-0.8706,0,-0.4060033333333334,0.9167469422885479,-2.8263,1.0063,3.8326,2.8263,0.24499999999999997,2.065,-3.2725,0.008448275862068987,0.8531000000000001,-1.2425,0,-7.645453333333334,5.618428881551984,-14.3413,2.6425,16.983800000000002,14.3413,-16.983800000000002,0.27120000000000033,-1.8726000000000003,-0.585648275862069,-0.039349999999999774,-1.3475000000000001,1
62,weave,1.015004840083852,1.0917747798882331,0.903617939175623,0.18815684071261007,16.635892774151852,21.1094116140171,12.65485583205119,8.454555781965912,0.07265999999999999,0.021699969807701863,0.0268,0.1149,0.0881,0.1149,0.01589999999999999,0.0881,-0.0735,0.0005482758620689652,0.02899999999999999,-0.0319,0,0.17214333333333334,0.036816672416394344,0.1174,0.2455,0.1281,0.2455,0.04200000000000001,0.07449999999999998,-0.09439999999999998,0.0014482758620689659,0.044800000000000006,-0.04384999999999999,0,0.9967866666666667,0.03862436012935748,0.8933,1.0692,0.17589999999999995,1.0692,0.04310000000000014,0.15769999999999995,-0.1724000000000001,0.0014862068965517288,0.06810000000000016,-0.04820000000000002,0,0.5938333333333331,0.5634019079529794,-0.3938,2.03,2.4238,2.03,0.5511999999999999,1.5836999999999999,-1.3125,0.019006896551724134,0.8181499999999999,-0.8706499999999999,0,-0.6186200000000002,0.681249016905333,-1.855,0.6388,2.4938000000000002,1.855,-0.3763000000000001,1.9513,-2.0476,-0.01297586206896552,1.3298999999999999,-1.9425,0,-16.590290000000003,2.9672213604011226,-21.0088,-12.6438,8.365,21.0088,-8.1026,0.32369999999999877,-0.9711999999999996,-0.27940000000000004,0.2623999999999995,-0.8443500000000004,0
63,weave,1.0209395772643641,1.0774323598258966,0.9352685870914301,0.14216377273446645,22.536848406043923,24.30510881872369,21.101301147796548,3.203807670927141,0.07578333333333333,0.021205221922479593,0.02,0.1225,0.1025,0.1225,0.026899999999999993,0.0659,-0.0471,0.0009275862068965517,0.02275,-0.022199999999999998,0,0.18046666666666666,0.031524815986592306,0.0974,0.2419,0.14450000000000002,0.2419,-0.0038000000000000256,0.06340000000000001,-0.12380000000000001,-0.00013103448275862158,0.04365,-0.036750000000000005,0,1.0013733333333332,0.030264009959861154,0.918,1.0536,0.13560000000000005,1.0536,-0.0027000000000000357,0.11380000000000001,-0.10150000000000003,-9.31034482758633e-05,0.05119999999999991,-0.05939999999999995,0,0.10908333333333334,0.7815227638413988,-1.26,1.4175,2.6775,1.4175,0.6912,1.1288,-2.0474,0.023834482758620698,1.1288,-1.01495,0,-0.9275000000000001,0.8575114717238079,-2.835,1.5137,4.3487,2.835,-0.8574999999999999,2.3362,-1.8812,-0.029568965517241377,1.2337500000000001,-1.6975,0,-22.48895333333334,0.6781980494655306,-24.1325,-21.035,3.0975,24.1325,-2.2837999999999994,0.6387999999999998,-0.9888000000000012,-0.07875172413793101,0.55565,-0.5993499999999994,0
64,weave,1.013090807627748,1.0708764447871661,0.9205186201267197,0.15035782466044645,24.03622969004152,25.492311740601323,22.373527472662865,3.1187842679384588,0.03862666666666667,0.03735546798670506,-0.0281,0.0986,0.12669999999999998,0.0986,-0.020900000000000002,0.0818,-0.0738,-0.0007206896551724133,0.0818,-0.02785,0,0.17621333333333336,0.03267629883795174,0.0974,0.233,0.1356,0.233,-0.030600000000000016,0.0673,-0.12380000000000001,-0.001055172413793104,0.049999999999999996,-0.12380000000000001,0,0.99574,0.029670786747352983,0.9094,1.0558,0.14640000000000009,1.0558,0.0026999999999999247,0.13030000000000008,-0.11370000000000002,9.310344827585947e-05,0.03789999999999999,-0.054200000000000026,0,-0.018670000000000016,0.7597587576057421,-1.4875,1.4612,2.9487,1.4875,2.2487,1.8637000000000001,-2.0474,0.07754137931034484,0.9231,-1.01495,0,-0.8399966666666668,1.0274855006891517,-3.885,0.56,4.445,3.885,0.034999999999999976,3.4124999999999996,-2.3975,0.0012068965517241887,1.5838,-1.8725,0,-23.98929333333333,0.8747488604848483,-25.4538,-22.3388,3.115000000000002,25.4538,-2.4587000000000003,1.0148999999999972,-1.0326000000000022,-0.08478275862068967,0.5863000000000014,-0.3631499999999992,0
65,weave,1.0109722627292865,1.0931034077341448,0.9205186201267197,0.17258478760742513,22.56997324716982,25.492311740601323,13.87580806223551,11.616503678365813,-0.000593333333333333,0.025177808145041253,-0.0609,0.0537,0.11460000000000001,0.0609,0.0271,0.0818,-0.0691,0.0009344827586206897,0.03045,-0.0319,1,0.14529333333333333,0.04975057049288798,0.0348,0.2255,0.1907,0.2255,-0.11829999999999999,0.05629999999999999,-0.0645,-0.004079310344827586,0.05030000000000001,-0.03275,0,0.9989199999999999,0.04633509431863975,0.9094,1.0804,0.17100000000000004,1.0804,0.059699999999999864,0.13540000000000008,-0.1632,0.0020586206896551678,0.07820000000000005,-0.07179999999999997,0,0.10412333333333335,1.0646683500713627,-2.0387,2.5725,4.6112,2.5725,2.6863,2.5111999999999997,-2.6599,0.09263103448275863,1.8637000000000001,-1.2162499999999998,1,-0.5696233333333333,1.2699722993675568,-3.885,2.0038,5.8888,3.885,0.15760000000000007,4.0076,-2.6426,0.005434482758620654,1.6844000000000001,-1.5006,1,-22.502383333333334,3.453558381416271,-25.4538,-13.8075,11.646300000000002,25.4538,10.736300000000002,1.4263000000000012,-1.0326000000000022,0.3702172413793104,1.4263000000000012,-0.4549999999999983,0
66,weave,1.0092517858453092,1.0849635846423602,0.923094718866921,0.16186886577543924,16.948706778481164,23.65340768007857,10.704414495431312,12.948993184647257,0.011063333333333333,0.03066375467183875,-0.0609,0.0759,0.1368,0.0759,0.0901,0.0518,-0.04669999999999999,0.003106896551724138,0.0518,-0.04669999999999999,1,0.12845666666666664,0.06241870123903426,0.0009,0.2304,0.22949999999999998,0.2304,0.07190000000000002,0.16849999999999998,-0.0886,0.0024793103448275864,0.0519,-0.03255000000000001,0,0.9986566666666666,0.03980537724317235,0.9172,1.0663,0.1491,1.0663,0.053100000000000036,0.0927,-0.09829999999999994,0.001831034482758622,0.05845,-0.055300000000000016,0,0.6183366666666666,1.3931369067765695,-2.0387,3.6225,5.6612,3.6225,1.5575999999999999,3.1763000000000003,-2.6599,0.053710344827586215,2.6031500000000003,-2.6599,1,-0.5442533333333333,1.1037501893570605,-2.065,2.0038,4.0687999999999995,2.065,-1.7412999999999998,4.0076,-2.6426,-0.06004482758620689,1.6844000000000001,-1.43065,2,-16.818963333333333,4.082344743292995,-23.5112,-10.4388,13.072399999999998,23.5112,-0.7348999999999997,1.4263000000000012,-1.5313000000000017,-0.025341379310344817,1.2424999999999997,-1.1025,0
67,weave,1.0168479884797004,1.1554642919623261,0.9161086070985252,0.239355684863801,25.197550139027893,31.982583775236172,7.280294465198506,24.702289310037667,0.03129666666666667,0.04023610047717342,-0.0532,0.1254,0.1786,0.1254,-0.0744,0.07189999999999999,-0.11540000000000002,-0.00256551724137931,0.0588,-0.07319999999999999,1,0.1694633333333333,0.09215819788158626,-0.043,0.2859,0.32889999999999997,0.2859,-0.20889999999999997,0.0774,-0.0741,-0.007203448275862067,0.0774,-0.03685,0,0.9972733333333336,0.055700225551040476,0.8966,1.1219,0.22529999999999994,1.1219,0.02499999999999991,0.18609999999999993,-0.15499999999999992,0.0008620689655172383,0.07919999999999994,-0.11219999999999997,0,-0.8837499999999999,0.8949128479046591,-2.6075,0.945,3.5524999999999998,2.6075,-1.8112,1.4699000000000002,-3.3599,-0.06245517241379308,1.0150000000000001,-3.3599,0,0.05512333333333328,1.2599904284484105,-2.6775,4.0775,6.755,4.0775,5.145,4.375,-3.15,0.1774137931034483,4.375,-1.26875,1,-25.098213333333334,8.111328975244666,-31.9287,-5.9675,25.961199999999998,31.9287,24.718799999999998,2.432500000000001,-0.629999999999999,0.8523724137931032,2.2006000000000006,-0.3105999999999991,0
68,weave,1.0046574730775346,1.1221975806425535,0.9161086070985252,0.20608897354402833,11.733630539735895,23.73669706382925,1.0943582320245961,22.642338831804654,0.010956666666666668,0.02462825239622077,-0.0532,0.0666,0.1198,0.0666,0.03710000000000001,0.07790000000000001,-0.0573,0.0012793103448275867,0.07790000000000001,-0.03655,1,-0.04907000000000001,0.09671728850909606,-0.1886,0.1562,0.3448,0.1886,-0.3028,0.09609999999999999,-0.09729999999999998,-0.010441379310344829,0.051199999999999996,-0.062049999999999994,1,0.9986333333333334,0.05147342356336262,0.9126,1.1084,0.19580000000000009,1.1084,0.05950000000000011,0.16660000000000008,-0.18780000000000008,0.002051724137931038,0.15800000000000003,-0.08329999999999993,0,-0.5585433333333334,1.1062702608885575,-2.8263,1.4262,4.2524999999999995,2.8263,2.205,2.7388,-3.2901,0.07603448275862071,1.3650000000000002,-1.7063,0,-0.006119999999999992,1.1639306820810487,-2.0475,4.0775,6.125,4.0775,-0.7963,4.375,-5.529999999999999,-0.027458620689655176,2.4894,-1.89,1,0.6049066666666667,13.298810987191956,-23.6075,18.13,41.7375,23.6075,41.7375,2.432500000000001,0.14869999999999806,1.4392241379310347,2.2006000000000006,0.4812499999999993,1
69,weave,0.9948736937807173,1.1221975806425535,0.9180915259384546,0.20410605470409893,17.271262259150618,18.781197143153573,10.510335788165856,8.270861354987717,0.005436666666666667,0.039534973459416686,-0.131,0.0666,0.1976,0.131,0.0055,0.093,-0.1359,0.00018965517241379374,0.09179999999999999,-0.0553,1,-0.12651333333333334,0.03328747028779627,-0.1886,-0.063,0.1256,0.1886,-0.011499999999999996,0.09609999999999999,-0.10850000000000001,-0.0003965517241379319,0.051199999999999996,-0.062049999999999994,0,0.9854533333333335,0.05300268524969431,0.9004,1.1084,0.20800000000000007,1.1084,0.01880000000000004,0.16660000000000008,-0.18780000000000008,0.0006482758620689669,0.10300000000000009,-0.08380000000000004,0,0.2700833333333333,0.7000937302190001,-1.0237,1.4262,2.4499,1.4262,0.7787999999999999,1.8199,-1.9862000000000002,0.026855172413793104,1.2511999999999999,-0.7656000000000001,0,0.03384,0.9299405092577808,-1.645,1.5575,3.2025,1.645,-0.2188,3.0362999999999998,-2.2051,-0.007544827586206908,1.4655999999999998,-1.1768999999999998,0,17.23050333333333,2.1724122759929934,10.5087,18.7337,8.225,18.7337,7.385,1.6713000000000005,-0.41130000000000067,0.2546551724137931,1.6713000000000005,-0.22750000000000092,0
70,weave,0.994271850584266,1.0866920953057493,0.9193408617047324,0.1673512336010169,15.928754691775282,18.781197143153573,8.986700329932004,9.794496813221569,0.001699999999999999,0.041064675649600556,-0.131,0.08,0.21100000000000002,0.131,0.0528,0.093,-0.1359,0.001820689655172415,0.06235,-0.0553,1,-0.09606333333333333,0.05224738556952467,-0.1715,0.0506,0.22210000000000002,0.1715,0.2044,0.11410000000000001,-0.10850000000000001,0.007048275862068966,0.07695,-0.050100000000000006,1,0.9873866666666665,0.045182478548836745,0.9004,1.0811,0.18069999999999997,1.0811,0.025800000000000045,0.11980000000000013,-0.13139999999999996,0.0008896551724137947,0.09720000000000006,-0.05725000000000002,0,0.7577633333333333,0.8871199104437613,-0.9625,2.5725,3.5349999999999997,2.5725,1.5750000000000002,2.5638,-2.2225,0.054310344827586246,1.1419,-1.2249999999999999,0,-0.3625433333333333,1.0026700288121515,-2.6075,1.9863,4.5938,2.6075,-2.0913,2.2926,-4.5938,-0.07211379310344829,1.4744,-1.6975,0,15.843623333333333,2.6582834354579057,8.7937,18.7337,9.94,18.7337,-9.94,0.46369999999999933,-1.6713000000000005,-0.3427586206896552,0.21440000000000126,-1.6713000000000005,0
71,weave,1.0118101918433033,1.082145618666915,0.929223466126421,0.1529221525404939,16.097999879728203,20.787206357036048,5.8073937304095375,14.979812626626511,0.030303333333333335,0.030151954054975165,-0.0346,0.1001,0.1347,0.1001,-0.0093,0.0993,-0.0703,-0.0003206896551724134,0.0412,-0.0389,0,0.18034,0.05561827161941509,0.0283,0.2675,0.23920000000000002,0.2675,0.08650000000000001,0.1336,-0.1372,0.0029827586206896558,0.04225,-0.08299999999999999,0,0.9932233333333332,0.03960709343759917,0.9079,1.0633,0.15539999999999987,1.0633,-0.11929999999999985,0.09740000000000004,-0.12070000000000003,-0.004113793103448271,0.04760000000000003,-0.0978,0,0.30188,1.0008060880076137,-1.12,3.7275,4.8475,3.7275,-3.43,2.2576,-4.0862,-0.11827586206896552,1.1375000000000002,-4.0862,0,-0.20882666666666663,1.2461513352313398,-2.2225,2.2225,4.445,2.2225,-2.4763,2.7912999999999997,-3.2112,-0.0853896551724138,1.74565,-2.1,1,-15.989763333333332,4.765450830753931,-20.6938,-5.0487,15.6451,20.6938,-14.6038,1.4612999999999978,-1.8025000000000002,-0.5035793103448276,0.49879999999999924,-1.5312500000000004,0
72,weave,0.9955795936654249,1.0720255733889932,0.8687288299578875,0.2032967434311057,15.85726745492617,20.787206357036048,9.682704296837738,11.10450206019831,0.021586666666666664,0.025883928355766188,-0.0224,0.0768,0.0992,0.0768,-0.0433,0.0605,-0.0853,-0.0014931034482758628,0.04035,-0.039099999999999996,0,0.14670333333333332,0.05699859334824116,0.0249,0.2369,0.212,0.2369,-0.1829,0.1336,-0.1372,-0.006306896551724138,0.041800000000000004,-0.056949999999999994,0,0.9826433333333333,0.04728732923043049,0.8597,1.0675,0.20779999999999987,1.0675,-0.05619999999999992,0.11720000000000008,-0.13209999999999988,-0.0019379310344827558,0.08239999999999997,-0.08085000000000003,0,-0.16158,0.8247230103035429,-1.925,1.155,3.08,1.925,0.4812,1.6013000000000002,-2.0037000000000003,0.016593103448275855,1.1506500000000002,-1.0325,0,-0.26599333333333336,1.1831975277227365,-2.0475,2.2225,4.27,2.2225,0.6475,2.7912999999999997,-3.2112,0.022327586206896535,1.74565,-2.3449999999999998,1,-15.789089999999998,3.879326769921243,-20.6938,-9.5725,11.1213,20.6938,9.7125,1.4612999999999978,-0.822499999999998,0.33491379310344827,1.1594000000000007,-0.5643999999999991,0
73,weave,0.9928269673000614,1.0617031694404984,0.8663071626161244,0.19539600682437397,7.461811921884787,12.454302647679636,1.2551005457731266,11.19920210190651,0.01761,0.022926815349475937,-0.0281,0.0691,0.0972,0.0691,-0.030799999999999998,0.0688,-0.0764,-0.0010620689655172412,0.048100000000000004,-0.0486,0,0.013056666666666668,0.0884451931729605,-0.1505,0.1529,0.3034,0.1529,-0.2308,0.055400000000000005,-0.0986,-0.007958620689655173,0.0456,-0.062099999999999995,1,0.9884866666666666,0.04596726521411043,0.8597,1.0533,0.19359999999999988,1.0533,-0.14600000000000002,0.09960000000000002,-0.14540000000000008,-0.00503448275862069,0.05349999999999999,-0.14540000000000008,0,-0.5419033333333334,0.8470447736744471,-1.925,1.47,3.395,1.925,0.9888,1.8376000000000001,-1.7413,0.034096551724137954,1.11125,-1.3519,0,-0.26249666666666666,0.933362669093569,-3.0625,1.3913,4.4538,3.0625,-2.2837,1.8900000000000001,-3.2025,-0.07874827586206898,1.0281,-3.2025,0,-3.113256666666666,7.645127351984234,-12.425,9.4412,21.8662,12.425,21.8662,2.5376,0.06119999999999948,0.754006896551724,1.6099999999999999,0.07434999999999992,1
74,weave,0.993589688476646,1.1141201595878245,0.8663071626161244,0.24781299697170012,11.195928828705439,16.551336024321422,1.276238935309529,15.275097089011894,0.0202,0.03710760680451679,-0.05,0.1454,0.19540000000000002,0.1454,0.01,0.1476,-0.1147,0.0003448275862068972,0.09770000000000001,-0.055,0,-0.10396333333333332,0.035068489474498164,-0.1505,-0.0131,0.1374,0.1505,-0.0844,0.0552,-0.0661,-0.002910344827586207,0.030849999999999995,-0.062099999999999995,0,0.9866400000000001,0.057321131687459156,0.8597,1.1098,0.2500999999999999,1.1098,-0.03310000000000002,0.18210000000000004,-0.20089999999999986,-0.0011413793103448283,0.10644999999999993,-0.10279999999999995,0,0.32055333333333336,0.8970625633559304,-1.5575,1.9425,3.5,1.9425,1.4438,1.8376000000000001,-1.7413,0.049786206896551714,1.8376000000000001,-1.3519,0,-0.3397833333333333,1.1256795887859012,-3.0625,2.0038,5.0663,3.0625,-0.36750000000000005,3.9025,-3.2025,-0.01267241379310344,1.5488,-3.0275,1,11.079253333333334,4.259871075978007,0.8487,16.5025,15.6538,16.5025,15.6538,2.5376,-0.4112000000000009,0.5397862068965518,2.5376,-0.008750000000000036,0
75,weave,0.9886834920910882,1.1563230214779951,0.8625826221296138,0.29374039934838136,8.862198021246062,16.620286621475575,1.037766023725965,15.58252059774961,0.05416000000000001,0.024695058838449503,0.018,0.1144,0.0964,0.1144,0.0479,0.0723,-0.0876,0.001651724137931034,0.0338,-0.047349999999999996,0,-0.03696333333333334,0.07206916928145862,-0.1793,0.0847,0.264,0.1793,0.264,0.1176,-0.08779999999999999,0.00910344827586207,0.06029999999999999,-0.04145,1,0.9835999999999999,0.06326768527455386,0.8435,1.1492,0.30569999999999997,1.1492,0.18230000000000002,0.20889999999999997,-0.19599999999999995,0.006286206896551725,0.10994999999999999,-0.10320000000000001,0,0.7927400000000002,0.5355478520105401,-0.3325,1.7675,2.1,1.7675,0.7437,1.4087,-1.8375000000000001,0.025644827586206894,1.4087,-0.7131000000000001,0,0.28291000000000005,0.7496434901407101,-1.5225,2.0213,3.5438,2.0213,-0.43750000000000006,1.6188,-2.555,-0.015086206896551739,0.9801,-1.4613,0,8.487206666666667,5.847093163859336,-1.4175,16.5987,18.0162,16.5987,-18.0162,-0.09629999999999939,-1.3387000000000002,-0.6212482758620689,-0.17940000000000023,-1.13315,0
76,weave,1.0047769605790386,1.0916606111791338,0.9367231020958116,0.15493750908332227,6.355147531634423,12.906318643982102,1.037766023725965,11.868552620256137,0.06190666666666667,0.021529225258468666,0.0229,0.1056,0.0827,0.1056,-0.0189,0.0466,-0.0639,-0.000651724137931035,0.02945,-0.0538,0,0.07632000000000001,0.04762099218361294,-0.0323,0.1672,0.19949999999999998,0.1672,0.1237,0.0775,-0.06299999999999999,0.004265517241379309,0.0775,-0.026500000000000003,0,0.9986933333333334,0.03190340953926217,0.934,1.0748,0.14079999999999993,1.0748,-0.07309999999999994,0.08839999999999992,-0.1018,-0.002520689655172412,0.04614999999999997,-0.05179999999999996,0,0.66878,0.6709485680478924,-0.4288,2.345,2.7738,2.345,-0.3238,1.1986999999999999,-2.1175,-0.011165517241379312,0.6737500000000001,-0.6475000000000001,0,0.16071000000000002,0.7587934753095956,-1.5225,2.0213,3.5438,2.0213,-0.8313,1.6363,-2.555,-0.02866551724137932,1.2425000000000002,-1.4613,0,-4.937903333333334,5.5582001452643,-12.9062,4.9088,17.815,12.9062,-17.815,-0.13129999999999997,-1.1201000000000003,-0.6143103448275863,-0.21870000000000012,-1.1201000000000003,1
77,weave,1.0084181729049355,1.0916606111791338,0.9590959597454262,0.13256465143370766,13.594177835052102,16.03076502011055,8.637366493324224,7.393398526786326,0.0681,0.02077732517383579,0.0342,0.1056,0.07139999999999999,0.1056,-0.0331,0.054200000000000005,-0.0639,-0.0011413793103448272,0.02945,-0.056100000000000004,0,0.12576333333333334,0.01697469685541787,0.1013,0.1672,0.06589999999999999,0.1672,0.01999999999999999,0.055099999999999996,-0.06299999999999999,0.0006896551724137927,0.025449999999999993,-0.02345,0,0.9979333333333333,0.03413549404978619,0.9504,1.0748,0.12439999999999996,1.0748,-0.03830000000000011,0.08889999999999998,-0.1018,-0.0013206896551724177,0.043199999999999905,-0.08760000000000001,0,0.15457666666666664,0.6192417892670945,-2.0125,1.0237,3.0362,2.0125,-0.1312,1.9600000000000002,-2.1700000000000004,-0.004524137931034498,1.9600000000000002,-0.9493500000000001,0,-0.18812333333333334,0.544488978820941,-1.3038,0.9712,2.275,1.3038,-1.2337,1.2512,-1.2862,-0.04254137931034484,0.68685,-1.085,0,-13.56833,2.0360750337013784,-16.0212,-8.61,7.411200000000001,16.0212,-7.411200000000001,0.6562999999999999,-0.8925000000000001,-0.2555586206896552,0.15749999999999975,-0.7875000000000005,0
78,weave,0.9978956913731971,1.0862061774819731,0.929316662930349,0.15688951455162414,16.229485331160518,17.252727981974328,14.895135445507032,2.357592536467296,0.03596666666666667,0.02843604237138365,-0.0154,0.0903,0.1057,0.0903,-0.0522,0.0783,-0.056100000000000004,-0.0018,0.038149999999999996,-0.034999999999999996,0,0.12745333333333334,0.020881830632746564,0.0829,0.1894,0.10650000000000001,0.1894,-0.013399999999999995,0.0505,-0.07790000000000001,-0.00046206896551724124,0.0364,-0.053250000000000006,0,0.9885266666666667,0.037949648431730605,0.9216,1.0712,0.14959999999999996,1.0712,0.02950000000000008,0.10909999999999997,-0.08760000000000001,0.0010172413793103476,0.05785000000000007,-0.05125000000000002,0,-0.098,0.9026843382283527,-2.1962,1.5662,3.7624000000000004,2.1962,-1.12,1.9774000000000003,-2.4762,-0.038620689655172416,1.2731000000000001,-1.2075,0,-0.6334933333333332,0.6781433817128348,-2.1962,0.5075,2.7037,2.1962,-0.3937,1.8113000000000001,-2.4412000000000003,-0.013575862068965508,0.8574999999999999,-1.155,0,-16.179323333333333,0.542550019739692,-17.2288,-14.8925,2.3362999999999996,17.2288,-2.3362999999999996,0.4549999999999983,-0.5599000000000007,-0.08056206896551722,0.20560000000000045,-0.5075000000000003,0
79,weave,0.9888101919072827,1.0617774672689189,0.9119812114292706,0.14979625583964828,18.506957979553658,20.43590075553314,17.334798996527187,3.101101759005953,0.027136666666666674,0.022494803742248985,-0.0245,0.0723,0.0968,0.0723,0.0005000000000000004,0.0559,-0.0471,1.7241379310344964e-05,0.0298,-0.0435,0,0.13551333333333335,0.029848811370469762,0.0854,0.1993,0.1139,0.1993,-0.0126,0.07100000000000001,-0.08399999999999999,-0.0004344827586206897,0.0451,-0.03585000000000001,0,0.9784299999999999,0.04131634184494406,0.9054,1.0461,0.14070000000000005,1.0461,-0.03170000000000006,0.11319999999999997,-0.11130000000000007,-0.0010931034482758641,0.07550000000000001,-0.062299999999999967,0,-0.1601266666666667,1.129816036271433,-2.205,2.0825,4.2875,2.205,0.19250000000000012,1.5750000000000002,-2.1351,0.0066379310344827705,1.28185,-1.24255,1,-0.23041999999999999,0.9027894986631999,-1.925,1.1812,3.1062000000000003,1.925,-1.575,1.54,-1.995,-0.05431034482758624,0.91435,-1.0631,0,-18.449963333333336,0.8863760817307563,-20.37,-17.1938,3.1762000000000015,20.37,-2.4237,0.7525000000000013,-0.8488000000000007,-0.08357586206896553,0.7525000000000013,-0.4855999999999998,0
80,weave,0.989758500566438,1.070399145179031,0.9276227897157335,0.14277635546329737,19.779888533349485,20.43590075553314,18.77486590338264,1.6610348521505003,0.04571666666666666,0.022824337937798995,0.0053,0.0958,0.0905,0.0958,0.0442,0.06810000000000001,-0.06249999999999999,0.0015241379310344829,0.02855,-0.0429,0,0.14329999999999998,0.024804101440605787,0.0854,0.1869,0.1015,0.1869,0.03900000000000001,0.07390000000000001,-0.06290000000000001,0.0013448275862068973,0.04429999999999999,-0.02355,0,0.9777233333333334,0.03839274072308312,0.9138,1.0538,0.14000000000000012,1.0538,-0.02519999999999989,0.11319999999999997,-0.12029999999999996,-0.0008689655172413755,0.05575000000000002,-0.07069999999999999,0,0.004660000000000005,0.8328212738678669,-1.9162,1.4525,3.3686999999999996,1.9162,0.4638,2.4062,-2.1351,0.015993103448275856,1.09375,-1.0631,0,-0.6807566666666668,0.8266354918180887,-1.9512,1.0675,3.0187,1.9512,-0.47250000000000003,2.8,-1.995,-0.016293103448275843,1.5487,-1.995,0,-19.734453333333327,0.46021106532077016,-20.37,-18.76,1.6099999999999994,20.37,-0.7961999999999989,0.875,-0.6474999999999973,-0.027455172413793066,0.30630000000000024,-0.3631499999999992,0
81,weave,0.9963167665159471,1.0802820974171514,0.9366072495982508,0.1436748478189006,20.02046401376798,23.425206912213174,18.566778002119808,4.858428910093366,0.04914333333333334,0.02706409612107108,-0.0088,0.1021,0.1109,0.1021,-0.0433,0.06249999999999999,-0.0776,-0.0014931034482758613,0.030299999999999997,-0.0429,0,0.14871333333333334,0.02721131525966578,0.0754,0.2126,0.13720000000000002,0.2126,-0.022199999999999998,0.0624,-0.0678,-0.0007655172413793103,0.04415000000000001,-0.05679999999999999,0,0.9831700000000001,0.03920140875371524,0.9247,1.0728,0.1481,1.0728,0.08099999999999985,0.11209999999999998,-0.10809999999999997,0.002793103448275857,0.08409999999999984,-0.05465000000000003,0,0.29866666666666664,0.8926988855318937,-1.9162,2.0825,3.9987,2.0825,-1.0238,2.4062,-1.6886999999999999,-0.03530344827586207,1.1068500000000001,-1.1025,0,-0.053959999999999994,0.8849208351890716,-1.9512,1.8463,3.7975000000000003,1.9512,1.9776,2.2487,-2.5025,0.06819310344827585,1.20315,-1.07185,0,-19.98003333333333,1.2343470345122538,-23.38,-18.5588,4.8211999999999975,23.38,-4.287499999999998,0.6387,-0.9711999999999996,-0.14784482758620682,0.3061999999999987,-0.7349499999999995,0
82,weave,1.0112901717327945,1.0922394105689466,0.9264105839205422,0.16582882664840437,26.638528566259616,33.85559108463475,19.199194490134214,14.656396594500539,0.03259666666666666,0.03079287292521608,-0.0418,0.092,0.1338,0.092,0.0624,0.1013,-0.06939999999999999,0.002151724137931035,0.050199999999999995,-0.0427,0,0.2137633333333334,0.04954381887284979,0.116,0.3018,0.18580000000000002,0.3018,0.0857,0.14679999999999999,-0.0942,0.0029551724137931033,0.05765000000000001,-0.058000000000000024,0,0.9862200000000001,0.042637893135501925,0.8881,1.0607,0.17259999999999998,1.0607,0.023900000000000032,0.14689999999999992,-0.09109999999999996,0.0008241379310344838,0.05899999999999994,-0.09109999999999996,0,0.46784,0.9396558902800167,-1.855,2.205,4.0600000000000005,2.205,0.00869999999999993,1.6887,-1.8199999999999998,0.0003000000000000091,0.9493999999999999,-1.1025,0,-0.6159966666666666,0.9949866831489144,-2.3012,1.8463,4.1475,2.3012,-2.3713,1.6974999999999998,-2.5025,-0.08176896551724139,1.4438,-2.5025,0,-26.59299666666667,4.787437887486398,-33.8363,-19.0837,14.752600000000001,33.8363,-14.752600000000001,0.3937999999999988,-1.2513000000000005,-0.5087103448275863,-0.06565000000000154,-0.9537499999999994,0
83,weave,1.009099969656435,1.130004862821395,0.900720705879464,0.22928415694193105,18.7930934827409,35.43403472567018,1.8380312347726846,33.596003490897495,0.003343333333333334,0.028898737394365617,-0.0487,0.0539,0.1026,0.0539,-0.012,0.0766,-0.0759,-0.0004137931034482754,0.0536,-0.0382,0,0.07667333333333334,0.133892195269265,-0.1125,0.2918,0.4043,0.2918,-0.3846,0.05120000000000001,-0.0942,-0.013262068965517244,0.00814999999999999,-0.049,1,0.9973399999999998,0.05099911155412754,0.8935,1.0917,0.19819999999999993,1.0917,-0.10960000000000014,0.14349999999999996,-0.15249999999999997,-0.003779310344827591,0.07294999999999996,-0.09784999999999999,0,-0.6679100000000001,0.742279788011,-2.1525,0.7525,2.905,2.1525,-0.6124999999999999,1.4962999999999997,-1.2862,-0.021120689655172418,0.93625,-1.2862,0,-0.8510766666666668,0.9134209811183048,-2.8525,0.6388,3.4913,2.8525,-1.8725,3.4475,-2.3887,-0.0645689655172414,1.04125,-2.3887,0,-16.545380000000005,15.050837787001118,-35.315,8.505,43.82,35.315,43.5225,3.0362999999999998,-0.29749999999999943,1.5007758620689653,2.39315,-0.29749999999999943,1
84,weave,1.0081621419837619,1.0929312741430726,0.900720705879464,0.1922105682636086,12.519982129715709,20.143723898524822,1.8380312347726846,18.305692663752136,0.00928,0.01941020705533649,-0.0487,0.0437,0.09240000000000001,0.0487,0.011499999999999998,0.0357,-0.0609,0.0003965517241379307,0.0305,-0.0609,0,-0.11747333333333335,0.042374284112218205,-0.1942,-0.0391,0.15510000000000002,0.1942,-0.0912,0.10300000000000001,-0.09850000000000002,-0.0031448275862068966,0.045899999999999996,-0.07900000000000001,0,1.0001466666666665,0.04638141522378247,0.8935,1.0892,0.19569999999999999,1.0892,0.018999999999999906,0.11770000000000014,-0.15249999999999997,0.0006551724137931002,0.09610000000000007,-0.09784999999999999,0,0.40834000000000004,1.0377206805102328,-1.5925,2.31,3.9025,2.31,2.5638,1.6011999999999997,-1.2775,0.08840689655172412,0.9406,-0.71315,0,-0.6381633333333332,0.6179848566849789,-2.3363,0.5775,2.9138,2.3363,1.4787,1.7151,-0.9626000000000001,0.050989655172413786,0.96255,-0.9056500000000001,0,11.237909999999998,8.1199442620539,-7.3325,20.0025,27.335,20.0025,27.1688,3.0362999999999998,-0.47250000000000014,0.936855172413793,2.39315,-0.12689999999999912,1
85,weave,1.0154144730722021,1.1595556519632855,0.9150811712629651,0.2444744807003204,18.83331247720146,20.507467911226875,16.457636432367803,4.049831478859073,0.017536666666666666,0.031090230013604763,-0.0348,0.1404,0.1752,0.1404,0.1407,0.1245,-0.0695,0.004851724137931035,0.1245,-0.02665,0,-0.13566666666666666,0.041749551584074104,-0.2167,-0.0432,0.1735,0.2167,0.12449999999999999,0.10300000000000001,-0.0968,0.004293103448275862,0.07540000000000001,-0.060450000000000004,0,1.0047833333333336,0.05597339936774977,0.9091,1.1503,0.24120000000000008,1.1503,0.11540000000000006,0.23830000000000007,-0.1503000000000001,0.003979310344827588,0.07000000000000006,-0.06140000000000001,0,1.2040033333333333,0.9055794294770362,-1.0412,3.2287,4.2699,3.2287,0.18379999999999996,2.7213000000000003,-2.2748999999999997,0.00633793103448278,1.78935,-2.2748999999999997,0,-0.29486666666666667,0.8106630042359042,-1.575,1.1638,2.7388,1.575,-0.875,2.5201000000000002,-2.1,-0.030172413793103484,1.365,-1.09815,0,18.752703333333336,1.2756935045592703,16.1525,20.5012,4.348700000000001,20.5012,-0.3674999999999997,0.6826000000000008,-0.6738,-0.01267241379310344,0.6606500000000004,-0.581900000000001,0
86,weave,0.9967528970523976,1.1004864787901758,0.9087104379283866,0.19177604086178923,11.814999537671003,19.270789785060707,1.442443198188407,17.8283465868723,0.0214,0.03731861881614629,-0.0381,0.1404,0.1785,0.1404,0.0225,0.1245,-0.0946,0.000775862068965517,0.0596,-0.0779,0,-0.04183999999999999,0.08700130240800798,-0.1976,0.0844,0.28200000000000003,0.1976,0.2329,0.0915,-0.15439999999999998,0.008031034482758619,0.06125,-0.03965,1,0.9913433333333334,0.053506426834948335,0.9048,1.0824,0.17759999999999998,1.0824,0.0030000000000000027,0.1409999999999999,-0.11170000000000002,0.00010344827586206906,0.09529999999999994,-0.11170000000000002,0,1.4058233333333334,0.8566133061850798,-0.175,3.2287,3.4036999999999997,3.2287,0.5688,1.9513,-2.4762,0.019613793103448286,0.9931,-1.2774999999999999,0,-0.47279333333333334,0.9954368803257411,-2.03,1.4438,3.4737999999999998,2.03,0.26249999999999996,2.5201000000000002,-2.9313,0.00905172413793104,1.6012,-1.1025,0,10.919413333333335,7.3142273953474115,-4.1912,19.2325,23.423700000000004,19.2325,-23.3799,0.245000000000001,-2.4149000000000003,-0.806203448275862,0.07000000000000028,-1.8068499999999998,1
87,weave,1.0156570582635989,1.1037812237939182,0.895553242414989,0.20822798137892917,20.231292598692388,23.00027546987209,14.459554367268723,8.540721102603367,0.02721,0.03374269116262886,-0.0571,0.0838,0.1409,0.0838,-0.1264,0.065,-0.0744,-0.004358620689655173,0.02985,-0.0369,1,0.19221666666666662,0.03657712761231828,0.1181,0.2616,0.14350000000000002,0.2616,-0.01830000000000001,0.07900000000000001,-0.12220000000000003,-0.0006310344827586211,0.05155000000000001,-0.04025,0,0.9957266666666665,0.05244365734197321,0.8776,1.0929,0.21529999999999994,1.0929,-0.07890000000000008,0.1523,-0.16500000000000015,-0.0027206896551724164,0.07200000000000001,-0.07024999999999998,0,0.19716666666666663,1.0796671834998213,-1.5225,2.5988,4.1213,2.5988,-2.065,1.3299,-1.9949,-0.07120689655172416,0.7525000000000001,-0.87935,0,-0.84145,0.9711355471107364,-3.2638,1.155,4.4188,3.2638,1.6625,2.7212,-3.1675999999999997,0.05732758620689654,1.7937500000000002,-1.47875,0,-20.16116666666666,2.3053677325534965,-22.7675,-14.3675,8.399999999999999,22.7675,-3.0012000000000008,0.8574999999999982,-1.461199999999998,-0.10348965517241382,0.8574999999999982,-1.1286999999999985,0
88,weave,1.0040523740502765,1.1037812237939182,0.9192686930381126,0.18451253075580554,12.653260650519151,21.629006702574205,1.9962124611373409,19.632794241436866,-0.0021633333333333326,0.026360936137075797,-0.0595,0.0447,0.10419999999999999,0.0595,-0.0186,0.072,-0.0788,-0.0006413793103448276,0.0302,-0.0369,0,0.09869666666666667,0.06578571002640438,-0.0285,0.2023,0.2308,0.2023,-0.1491,0.06680000000000001,-0.1427,-0.005141379310344828,0.029549999999999996,-0.0469,0,0.996773333333333,0.05276670798206353,0.9176,1.0968,0.17920000000000003,1.0968,-0.062100000000000155,0.15559999999999996,-0.14869999999999994,-0.002141379310344833,0.06794999999999995,-0.09150000000000003,0,0.10558333333333332,0.9485347902598689,-1.4612,2.1613,3.6225000000000005,2.1613,2.7738,1.5838,-1.1376,0.09564827586206895,1.1069000000000002,-0.8356499999999999,0,-0.43924666666666673,0.8647346715784472,-1.8987,1.2775,3.1762,1.8987,1.9249999999999998,2.1787,-1.6711999999999998,0.06637931034482761,1.13315,-1.40435,0,-12.524753333333333,6.651269670637347,-21.525,-1.3737,20.1513,21.525,20.1513,1.3912000000000004,-0.026300000000002655,0.6948724137931034,1.1156499999999996,0.09629999999999939,0
89,weave,0.998534846077479,1.1106984604292922,0.9014426382194266,0.2092558222098656,13.751223989527976,14.464345541364807,11.907704803613498,2.5566407377513087,0.009336666666666665,0.024580865607683317,-0.0387,0.0523,0.091,0.0523,0.0003999999999999976,0.08399999999999999,-0.0556,1.3793103448276256e-05,0.04165,-0.03815,0,-0.10274000000000001,0.02758512342699881,-0.1547,-0.0649,0.0898,0.1547,0.0092,0.07100000000000001,-0.0869,0.0003172413793103448,0.0412,-0.07160000000000001,0,0.9925133333333332,0.047445116992550246,0.8957,1.1073,0.2115999999999999,1.1073,0.13249999999999995,0.13949999999999996,-0.11159999999999992,0.004568965517241378,0.13949999999999996,-0.06735000000000002,0,0.77875,0.7946950057986897,-0.4725,2.975,3.4475000000000002,2.975,-1.4875,1.54,-2.4587000000000003,-0.051293103448275874,0.8705999999999999,-2.4587000000000003,0,-0.28437,0.7778760942685429,-2.0475,1.1812,3.2287,2.0475,-0.3499,1.5662,-2.1962,-0.01206551724137933,1.295,-1.9512,0,13.680926666666668,0.7657638404001378,11.4975,14.35,2.852499999999999,14.35,2.432499999999999,0.7963000000000005,-0.40249999999999986,0.08387931034482755,0.5206,-0.28880000000000017,0
90,weave,1.0008201374808023,1.096168759817575,0.940315069537865,0.15585369027970986,6.005843569541682,11.610550563173135,0.8006734290583146,10.80987713411482,0.04349333333333332,0.030055178374556964,-0.0012,0.0964,0.0976,0.0964,0.0918,0.0726,-0.053000000000000005,0.0031655172413793107,0.0455,-0.04365,0,0.03752333333333333,0.06477009571438486,-0.0846,0.1607,0.24530000000000002,0.1607,0.1841,0.07440000000000001,-0.08480000000000001,0.006348275862068966,0.06040000000000001,-0.03679999999999999,1,0.9966933333333333,0.03947701149759958,0.934,1.0921,0.15810000000000002,1.0921,-0.03739999999999999,0.08229999999999993,-0.1060000000000001,-0.0012896551724137927,0.052800000000000014,-0.06685000000000002,0,1.0736266666666665,0.8056604970493136,-0.42,2.6075,3.0275,2.6075,-2.765,1.9511999999999998,-1.7062000000000002,-0.09534482758620691,0.735,-1.12,0,-0.3975433333333333,0.8051045507961333,-1.8112,1.2337,3.0449,1.8112,-1.6538,1.7062,-2.5026,-0.05702758620689656,0.98005,-1.33875,0,2.08337,6.29987176974864,-8.1462,11.3138,19.46,11.3138,-19.46,-0.1750000000000007,-1.1374999999999993,-0.6710344827586209,-0.1750000000000007,-1.0499999999999998,1
91,weave,1.0166968472292868,1.075543346406829,0.9375457855486312,0.1379975608581977,9.787228308806583,15.190716760245381,2.006567452143087,13.184149308102295,0.06822666666666667,0.023428717028663677,0.0054,0.1037,0.0983,0.1037,0.01879999999999999,0.0629,-0.051899999999999995,0.0006482758620689652,0.0455,-0.039599999999999996,0,0.13347333333333333,0.035840479266089464,0.0452,0.2128,0.1676,0.2128,0.0839,0.08759999999999998,-0.09029999999999999,0.0028931034482758623,0.03245000000000001,-0.039200000000000006,0,1.0047166666666667,0.03745369631713394,0.9189,1.0607,0.14179999999999993,1.0607,0.04360000000000008,0.08620000000000005,-0.09070000000000011,0.0015034482758620718,0.0504,-0.04880000000000001,0,0.6049133333333334,0.7573686651746993,-0.9538,2.6425,3.5963000000000003,2.6425,-1.5487,2.59,-2.59,-0.053403448275862075,0.9624999999999999,-0.9712500000000001,0,0.045503333333333326,0.9415844828077657,-1.8987,1.4262,3.3249,1.8987,0.2713,2.8,-2.5026,0.009355172413793075,1.2031,-1.33875,0,-9.667589999999999,3.800625739256176,-15.1725,-1.645,13.5275,15.1725,-13.5275,0.2538,-1.1374999999999993,-0.46646551724137925,-0.13999999999999968,-1.0762999999999998,0
92,weave,1.0252896362397632,1.1059147435494294,0.9343631467475587,0.1715515968018707,20.25844290137309,22.543892326969626,17.73429877046172,4.809593556507906,0.04463666666666667,0.017146478141113353,0.012,0.0801,0.06810000000000001,0.0801,-0.009500000000000001,0.056400000000000006,-0.043,-0.0003275862068965518,0.021400000000000002,-0.026099999999999998,0,0.19532000000000002,0.023579906700409138,0.1368,0.246,0.10919999999999999,0.246,0.021799999999999986,0.055400000000000005,-0.059599999999999986,0.0007517241379310341,0.029899999999999996,-0.025999999999999995,0,1.0051033333333335,0.038803159161588115,0.9085,1.0831,0.17459999999999998,1.0831,-0.05630000000000002,0.1089,-0.13219999999999998,-0.0019413793103448282,0.050500000000000045,-0.06969999999999987,0,0.4617033333333333,0.8909379317687444,-1.5662,1.925,3.4912,1.925,1.5312000000000001,1.8988,-1.505,0.05280000000000001,1.6056,-0.7131000000000001,0,-0.7274300000000001,0.7007725324043558,-2.275,0.5512,2.8262,2.275,-0.8663,2.2663,-1.1724999999999999,-0.029872413793103438,1.2731500000000002,-1.09375,0,-20.210170000000005,1.5392742696949195,-22.47,-17.7188,4.751199999999997,22.47,-4.348699999999997,0.40249999999999986,-0.8487000000000009,-0.14995517241379303,0.40249999999999986,-0.45500000000000007,0
93,weave,1.0057631142675143,1.1071485266214285,0.8902205400910496,0.21692798653037892,14.332432959564336,19.798276853807252,11.599946193409693,8.19833066039756,-0.0072900000000000005,0.028570425388792373,-0.0685,0.0378,0.1063,0.0685,0.000899999999999998,0.0878,-0.0731,3.103448275862038e-05,0.05210000000000001,-0.03935,0,0.13007333333333337,0.04856067611110677,0.0274,0.2106,0.1832,0.2106,-0.012300000000000005,0.14150000000000001,-0.1797,-0.000424137931034482,0.0678,-0.04175000000000001,0,0.9958733333333335,0.04432978241764111,0.8872,1.0876,0.2003999999999999,1.0876,0.030200000000000005,0.1097999999999999,-0.11839999999999995,0.0010413793103448278,0.09850000000000003,-0.04854999999999998,0,0.06794666666666666,1.094255696883009,-2.1613,1.89,4.0513,2.1613,-1.1288,3.1938,-2.4237,-0.038924137931034476,1.5837999999999999,-1.39125,0,-0.6087066666666666,1.1422711239647434,-3.1325,2.3625,5.494999999999999,3.1325,-0.42869999999999997,2.5637,-3.0888,-0.01478275862068967,1.23375,-1.18125,1,-14.22516,2.9398897007928015,-19.7225,-11.2525,8.47,19.7225,7.7524999999999995,1.0500000000000007,-0.5250000000000004,0.26732758620689656,0.9975000000000005,-0.30625000000000036,0
94,weave,1.007099972158282,1.1071750087497458,0.8740201141850226,0.23315489456472327,11.547316658660122,12.449878350409692,9.766820103800418,2.6830582466092743,0.012896666666666666,0.03377136599131786,-0.0685,0.0658,0.1343,0.0685,-0.010699999999999998,0.0786,-0.0731,-0.00036896551724137914,0.05210000000000001,-0.0674,1,0.11017999999999999,0.0418349828863769,0.0274,0.2071,0.1797,0.2071,0.03939999999999999,0.14150000000000001,-0.1797,0.001358620689655173,0.14150000000000001,-0.04175000000000001,0,0.99959,0.060102139212602365,0.867,1.1029,0.2359,1.1029,-0.15539999999999998,0.1704,-0.2359,-0.005358620689655172,0.06519999999999992,-0.2359,0,0.7177866666666667,1.1025636917198256,-1.4088,2.4325,3.8413000000000004,2.4325,0.48120000000000007,3.8063000000000002,-2.4237,0.016593103448275873,1.295,-1.1637499999999998,0,-0.74112,1.0450515636181257,-3.1325,1.9863,5.1188,3.1325,0.16630000000000011,2.5637,-2.7737,0.005734482758620747,1.55315,-1.58375,0,-11.402996666666667,0.6223233063084755,-12.285,-9.7037,2.5813000000000006,12.285,0.9886999999999997,0.7176000000000009,-0.7088000000000001,0.034093103448275854,0.4112499999999999,-0.3719000000000001,0
95,weave,1.0143913812152228,1.268052025746578,0.8834396923389847,0.38461233340759327,10.239408292235396,11.840773977236454,9.172767473887038,2.6680065033494156,0.03633333333333333,0.04469598711705354,-0.0563,0.1313,0.1876,0.1313,-0.013199999999999996,0.1272,-0.1303,-0.00045517241379310454,0.0529,-0.09740000000000001,2,0.10465333333333332,0.0419800012594941,0.0149,0.1751,0.1602,0.1751,0.039999999999999994,0.1162,-0.1427,0.0013793103448275852,0.06159999999999999,-0.06035,0,1.0065966666666666,0.08427857535796282,0.8762,1.2576,0.3814000000000001,1.2576,-0.14600000000000002,0.2894000000000001,-0.2972,-0.00503448275862069,0.19070000000000004,-0.12250000000000005,0,0.25579,1.5288812354023833,-2.2313,3.1588,5.3901,3.1588,0.3062,4.2788,-2.9576,0.010558620689655188,2.1963,-1.44815,2,-0.3774166666666667,1.5288001179837494,-2.9662,2.7213,5.6875,2.9662,-1.8375,4.1825,-2.9488,-0.06336206896551722,2.0343999999999998,-2.6338,3,-10.010870000000002,0.427526124347975,-11.1562,-9.1525,2.0037000000000003,11.1562,-0.01750000000000007,1.0850000000000009,-0.9011999999999993,-0.0006034482758620714,0.5818500000000002,-0.8793499999999996,0
96,weave,1.0173513290532132,1.1554360994879813,0.8625147534970055,0.29292134599097586,22.920424186630328,28.30101708207675,12.031845676370688,16.26917140570606,0.057190000000000005,0.03256579917431889,0.0041,0.1363,0.1322,0.1363,0.0596,0.09,-0.1018,0.0020551724137931023,0.09,-0.055299999999999995,0,0.20528666666666667,0.05413154305968922,0.1054,0.3009,0.1955,0.3009,0.073,0.07730000000000001,-0.11510000000000001,0.0025172413793103443,0.05660000000000001,-0.0368,0,0.9928666666666666,0.06607801206271963,0.8415,1.1309,0.2894,1.1309,0.037900000000000045,0.2218000000000001,-0.20300000000000007,0.0013068965517241396,0.12225000000000003,-0.13494999999999996,0,0.4191133333333334,0.8010570338872446,-1.1025,2.1613,3.2638000000000003,2.1613,-2.1176000000000004,1.7850000000000001,-1.6975,-0.0730206896551724,0.9625,-1.0106,0,-0.6183400000000002,1.0915855853156753,-3.0363,0.91,3.9463000000000004,3.0363,1.995,3.8938,-3.0888000000000004,0.06879310344827581,1.8025,-1.74565,0,-22.863463333333332,5.1829987555124575,-28.28,-11.7863,16.4937,28.28,-15.627399999999998,1.0324999999999989,-2.003800000000002,-0.5388758620689654,0.7876000000000012,-1.5050500000000007,0
97,weave,1.025297562222154,1.1554360994879813,0.9095556992290247,0.24588040025895663,25.42720319649449,28.30101708207675,14.090463306435314,14.210553775641436,0.03686,0.0387992143539371,-0.0401,0.1147,0.1548,0.1147,-0.07150000000000001,0.09,-0.0996,-0.0024655172413793106,0.044149999999999995,-0.05865,0,0.19136,0.06796857590346311,0.049,0.3009,0.2519,0.3009,-0.19269999999999998,0.1051,-0.13249999999999998,-0.006644827586206898,0.048600000000000004,-0.065,0,1.0036633333333334,0.05626676904577493,0.8864,1.1309,0.24450000000000005,1.1309,-0.045299999999999896,0.2218000000000001,-0.20300000000000007,-0.0015620689655172378,0.135,-0.10389999999999988,0,-0.4456766666666667,0.9327396209399836,-2.345,1.2862,3.6312,2.345,-1.2162,1.5838,-1.7326,-0.041937931034482734,0.9625,-1.1244,0,-0.3298733333333333,1.1031325496163134,-2.485,1.4438,3.9288,2.485,0.5512,2.9575,-3.6838,0.01900689655172419,2.1350000000000002,-1.36935,0,-25.377043333333337,3.9437683224501057,-28.28,-14.0787,14.201300000000002,28.28,12.617600000000001,1.7763000000000009,-0.6911999999999985,0.4350896551724138,1.7763000000000009,-0.6911999999999985,0
98,weave,0.9992887515314853,1.1080931594410282,0.9115911912694198,0.19650196817160837,15.741663287759538,19.84871986753806,6.004137714110161,13.844582153427897,0.013966666666666665,0.029865460772042957,-0.0325,0.1071,0.1396,0.1071,-0.0237,0.0895,-0.08,-0.0008172413793103443,0.05565,-0.0676,0,-0.13610333333333333,0.044625603315410406,-0.2619,-0.055,0.20690000000000003,0.2619,0.00020000000000000573,0.09459999999999999,-0.15990000000000004,6.896551724137172e-06,0.06340000000000001,-0.08030000000000001,0,0.9884366666666667,0.04443028233655225,0.9055,1.097,0.1915,1.097,-0.10739999999999994,0.14339999999999997,-0.17179999999999995,-0.003703448275862067,0.06645000000000001,-0.17179999999999995,0,0.32054333333333335,0.8690067852928753,-1.5575,2.0125,3.5700000000000003,2.0125,0.6737,2.625,-2.9312,0.023231034482758643,1.33,-1.11125,0,0.2648466666666666,1.1703420082898057,-2.9137,3.36,6.2737,3.36,-4.1212,2.7649999999999997,-2.24,-0.14211034482758625,0.97125,-2.24,1,15.664833333333336,4.359152250019558,5.88,19.6262,13.746200000000002,19.6262,13.746200000000002,1.6274999999999995,-0.5075000000000003,0.4740068965517242,1.3737500000000002,-0.27560000000000073,0
99,weave,0.9903147334460667,1.1143193662500892,0.8024843986022407,0.31183496764784846,16.48643245663714,19.84871986753806,6.549163114475008,13.299556753063051,0.018663333333333334,0.03705884866489805,-0.0356,0.1115,0.1471,0.1115,0.0204,0.1327,-0.0821,0.0007034482758620685,0.0672,-0.0539,0,-0.09965333333333333,0.07516763212673544,-0.2619,0.0511,0.313,0.2619,0.2156,0.1408,-0.17200000000000001,0.0074344827586206915,0.0824,-0.08030000000000001,1,0.98159,0.06658472616614633,0.7896,1.097,0.3074,1.097,0.11309999999999998,0.3064000000000001,-0.19720000000000004,0.0038999999999999994,0.08050000000000002,-0.09440000000000004,0,0.7516199999999998,1.1994935081683147,-1.5575,3.4825,5.04,3.4825,-0.5249999999999999,3.9463,-2.7563000000000004,-0.018103448275862088,1.7718500000000001,-1.575,0,-0.07291000000000002,1.1928110777226757,-2.9137,2.7912,5.7049,2.9137,1.7587,3.6136999999999997,-2.3186999999999998,0.0606448275862069,1.2774999999999999,-1.2556,1,16.3765,3.8442201090593855,6.4575,19.6262,13.168700000000001,19.6262,-12.3462,0.6387999999999998,-1.828800000000001,-0.4257310344827586,0.2975499999999993,-1.4787499999999998,0
100,weave,1.0132259213815578,1.1064620824953741,0.8532201122805299,0.2532419702148443,9.411663583487378,16.820937291958494,1.3302917461970514,15.490645545761442,0.04251,0.04289470950418334,-0.0244,0.1322,0.15660000000000002,0.1322,0.08290000000000002,0.1327,-0.0929,0.002858620689655174,0.0672,-0.0539,0,0.06399666666666666,0.09375525542357734,-0.1774,0.2835,0.4609,0.2835,0.2308,0.15709999999999996,-0.17200000000000001,0.007958620689655168,0.0834,-0.07075,1,1.0052933333333334,0.06560490379764952,0.8438,1.0879,0.2441000000000001,1.0879,0.038799999999999946,0.17780000000000007,-0.1744,0.0013379310344827568,0.06854999999999994,-0.11784999999999995,0,0.68221,1.1483987383789416,-1.2162,3.185,4.4012,3.185,3.0625,3.9463,-1.96,0.10560344827586207,1.7718500000000001,-1.27315,0,-0.18492,1.1791251465855288,-2.87,1.8112,4.6812000000000005,2.87,0.2712,2.7476000000000003,-2.7387,0.009351724137931039,1.3781,-1.30375,0,-0.6203699999999993,10.639698393513372,-16.6863,16.2925,32.9788,16.6863,-32.9788,-0.13129999999999953,-1.8986999999999998,-1.1372000000000002,-0.2012999999999998,-1.7762499999999992,1
101,weave,1.0150936006640114,1.117896802034964,0.8532201122805299,0.26467668975443415,19.331006956415724,24.648636625582355,8.10657427277392,16.542062352808436,0.04695666666666667,0.03656656361640568,-0.013,0.1322,0.14520000000000002,0.1322,-0.006799999999999997,0.11320000000000001,-0.09630000000000001,-0.00023448275862068848,0.05535,-0.050850000000000006,0,0.18816999999999998,0.04943821745196307,0.1045,0.2835,0.179,0.2835,0.0795,0.15709999999999996,-0.16779999999999998,0.0027413793103448275,0.046499999999999986,-0.07075,0,0.9946733333333332,0.0653305490844686,0.8438,1.0993,0.25549999999999995,1.0993,0.17780000000000007,0.17780000000000007,-0.24039999999999995,0.0061310344827586235,0.17780000000000007,-0.07550000000000001,0,0.36546333333333336,1.1134615765271376,-1.715,2.5463,4.2613,2.5463,-0.9712999999999999,1.9075,-2.7738,-0.03349310344827587,1.6537000000000002,-1.2425,0,-0.5390066666666667,1.075380334622107,-2.87,1.2513,4.1213,2.87,2.1263,2.7476000000000003,-2.7387,0.07332068965517247,1.6363,-0.9974999999999999,0,-19.233363333333333,5.343431732154477,-24.6225,-7.3238,17.298699999999997,24.6225,-15.741200000000001,0.6912999999999982,-2.0212000000000003,-0.5428,0.41999999999999993,-1.7762499999999992,0
102,weave,1.0034114582867464,1.1393159087803522,0.8877175508009291,0.2515983579794231,7.402230071757583,15.554508908351945,1.335315367244757,14.219193541107188,0.006303333333333333,0.023660916170406176,-0.0473,0.0449,0.0922,0.0473,-0.0132,0.0826,-0.0858,-0.0004551724137931031,0.0298,-0.034850000000000006,0,-0.01345,0.07808024055750111,-0.1487,0.1532,0.3019,0.1532,-0.2811,0.0956,-0.0995,-0.009693103448275862,0.04745,-0.06939999999999999,1,1.0000466666666665,0.06429164011367065,0.8808,1.138,0.2571999999999999,1.138,-0.11319999999999997,0.2257,-0.2138,-0.003903448275862068,0.07575000000000004,-0.07534999999999997,0,-0.15576,0.9542165064090268,-2.6425,1.75,4.3925,2.6425,0.7613,3.4825,-1.8025000000000002,0.026251724137931,2.1525,-1.5575,0,0.06795999999999999,1.218450878440495,-2.065,2.3712,4.4361999999999995,2.3712,-0.44630000000000003,2.8613,-2.9401,-0.015389655172413813,1.8988,-1.70625,2,-1.3466333333333333,8.290859056248316,-15.5225,11.7513,27.2738,15.5225,27.2738,2.598699999999999,0.008700000000000152,0.9404758620689656,1.5531499999999996,0.2975000000000003,1
103,weave,1.0020728534686196,1.1077964208283038,0.8877175508009291,0.2200788700273747,14.822591843798367,21.0851625779836,4.392939669515164,16.692222908468434,0.02621,0.029422983627043018,-0.0473,0.0899,0.1372,0.0899,0.0656,0.0826,-0.07429999999999999,0.0022620689655172416,0.0826,-0.041550000000000004,0,-0.13679666666666665,0.052569307180818585,-0.2484,-0.0207,0.2277,0.2484,-0.1166,0.11710000000000001,-0.0766,-0.004020689655172413,0.056900000000000006,-0.0605,0,0.9905133333333331,0.059991308182696476,0.8808,1.1065,0.2257,1.1065,-0.0042999999999999705,0.2257,-0.2138,-0.0001482758620689645,0.12550000000000006,-0.07735000000000003,0,0.18053666666666668,0.9144728028924014,-1.5488,2.0387,3.5875,2.0387,-0.9712,2.87,-2.205,-0.033489655172413785,1.4393500000000001,-1.4962,0,-0.034433333333333344,1.0042917457465796,-2.0038,1.7938,3.7976,2.0038,0.595,2.8613,-2.5288,0.02051724137931035,1.8988,-1.3344,0,14.740256666666665,5.671898068954448,4.095,21.0438,16.948800000000002,21.0438,15.9862,1.7151000000000005,-0.5337999999999994,0.5512482758620689,1.3563,-0.5337999999999994,0
104,weave,0.9981524325431328,1.1370517842209298,0.9021231401532719,0.2349286440676579,17.026381620298405,21.0851625779836,5.796502280686173,15.288660297297426,0.03681333333333333,0.031958990244863254,-0.019,0.1176,0.1366,0.1176,0.0617,0.102,-0.0637,0.002127586206896552,0.0642,-0.03535,0,-0.10311333333333336,0.07202691897805476,-0.2484,0.0397,0.2881,0.2484,0.24480000000000002,0.11710000000000001,-0.056599999999999984,0.008441379310344829,0.056900000000000006,-0.0373,0,0.98916,0.04889619969719105,0.8926,1.119,0.22640000000000005,1.119,0.06899999999999995,0.22640000000000005,-0.15280000000000005,0.0023793103448275844,0.10929999999999995,-0.09515000000000001,0,1.09432,0.8721662718731468,-0.8313,2.8612,3.6925000000000003,2.8612,1.6887999999999999,2.87,-1.5312000000000001,0.05823448275862067,1.25565,-1.05,0,0.06882,0.9312643731452714,-1.7413,1.7938,3.5351,1.7938,0.28880000000000006,2.7301,-1.5312999999999999,0.009958620689655171,1.47005,-1.3344,0,16.923083333333334,4.695211799128785,5.5037,21.0438,15.5401,21.0438,-14.2188,0.5863000000000014,-2.0913000000000004,-0.4903034482758621,0.5863000000000014,-1.7019000000000002,0
105,weave,0.9859043311980942,1.1206948781894204,0.8838846870491647,0.2368101911402557,8.364823138698075,15.895531842942532,1.0634608032268984,14.832071039715633,0.03040666666666667,0.03220390780885015,-0.0195,0.1151,0.1346,0.1151,0.0563,0.0642,-0.1098,0.0019413793103448284,0.0395,-0.054349999999999996,0,0.06090666666666667,0.06980567081663867,-0.0781,0.1588,0.2369,0.1588,0.1543,0.10669999999999999,-0.07559999999999999,0.005320689655172413,0.07495,-0.0423,1,0.9807133333333334,0.046794058960758986,0.8723,1.1034,0.23109999999999997,1.1034,0.051000000000000045,0.10929999999999995,-0.16669999999999996,0.001758620689655174,0.06170000000000003,-0.07999999999999996,0,0.5938333333333333,1.5588612743421648,-3.57,2.8612,6.4312000000000005,3.57,0.47259999999999996,2.0212,-2.5812,0.01629655172413794,1.9249999999999998,-1.05435,1,0.20970000000000005,1.0950013937953655,-2.345,1.8025,4.1475,2.345,-1.7588000000000001,3.6837999999999997,-3.0976,-0.06064827586206898,1.6363,-1.9644,0,0.028286666666667,9.347207511327438,-13.4225,15.7937,29.2162,15.7937,-29.2162,0.08740000000000059,-2.0913000000000004,-1.0074551724137932,-0.34999999999999964,-1.7019000000000002,1
106,weave,1.000013346847182,1.1170375956072383,0.8872686459015668,0.2297689497056714,11.16125917268449,17.574291619863374,0.7552505014894065,16.819041118373967,0.04608666666666667,0.027170518167146985,-0.0009,0.0919,0.0928,0.0919,0.05959999999999999,0.062200000000000005,-0.0757,0.002055172413793103,0.0397,-0.028900000000000002,0,0.05131333333333332,0.08348218778973704,-0.1079,0.1756,0.2835,0.1756,-0.22010000000000002,0.0707,-0.0775,-0.007589655172413794,0.033100000000000004,-0.050499999999999996,1,0.9939266666666666,0.04671799426886548,0.8872,1.1131,0.2259,1.1131,0.06640000000000013,0.15459999999999996,-0.14469999999999994,0.0022896551724137975,0.10619999999999996,-0.06,0,0.13036999999999996,1.067989090784397,-1.6275,2.7738,4.4013,2.7738,1.0412,3.64,-2.2488,0.03590344827586208,3.64,-1.53565,0,-0.055700000000000034,1.6725814335105298,-3.745,3.3425,7.0875,3.745,1.085,3.2375,-3.8587000000000002,0.03741379310344829,2.1875,-1.45685,2,-9.704633333333335,8.074037172632876,-17.36,6.8337,24.1937,17.36,23.8699,1.9249,-0.7349999999999994,0.8231,1.85495,-0.3193500000000009,1
107,weave,0.9950859130075401,1.1170375956072383,0.8913190730596984,0.22571852254753988,11.342299011808594,21.86730157541163,0.7552505014894065,21.112051073922224,0.036860000000000004,0.036282204244334246,-0.0847,0.0919,0.17659999999999998,0.0919,0.033,0.0717,-0.0769,0.0011379310344827582,0.06075,-0.0631,2,-0.09187666666666668,0.060248895730806634,-0.2572,0.0068,0.26399999999999996,0.2572,-0.17859999999999998,0.18159999999999998,-0.19429999999999997,-0.0061586206896551724,0.022949999999999998,-0.08134999999999999,0,0.98767,0.04848606731977684,0.8862,1.1131,0.2269,1.1131,-0.06389999999999996,0.15459999999999996,-0.14469999999999994,-0.0022034482758620673,0.05559999999999998,-0.07989999999999997,0,0.17323666666666662,1.158900238627965,-2.8788,3.5262,6.404999999999999,3.5262,-1.575,5.1887,-2.73,-0.05431034482758622,3.2024999999999997,-1.5137,1,0.011963333333333319,1.1953080086344887,-2.3625,2.1875,4.55,2.3625,1.1288,2.4938000000000002,-2.7387,0.03892413793103448,2.4938000000000002,-1.51375,1,10.25908,8.168408304006695,-5.6962,21.8575,27.553700000000003,21.8575,27.553700000000003,1.9249,-0.1573999999999991,0.9501275862068965,1.9249,0.26250000000000284,1
108,weave,1.0080443812441693,1.1254762591898597,0.8849004972311858,0.24057576195867392,23.70862316012066,28.089794657134824,15.857662442176022,12.232132214958803,0.03473666666666667,0.0387445078050744,-0.0847,0.1017,0.1864,0.1017,0.0373,0.0902,-0.0769,0.0012862068965517246,0.06075,-0.0769,1,-0.14695666666666668,0.04838643072350882,-0.2572,-0.0629,0.19429999999999997,0.2572,-0.011200000000000015,0.18159999999999998,-0.19429999999999997,-0.0003862068965517237,0.06385,-0.08134999999999999,0,0.99475,0.063530946844011,0.8775,1.1164,0.2389000000000001,1.1164,0.04190000000000005,0.11469999999999991,-0.2389000000000001,0.0014448275862068982,0.07809999999999995,-0.09315000000000007,0,0.45791666666666664,1.357621585355429,-2.8788,3.5262,6.404999999999999,3.5262,1.4876,5.1887,-2.73,0.05129655172413793,3.2024999999999997,-1.6975,1,0.13796666666666668,1.1996163278411096,-2.3625,2.7475,5.109999999999999,2.7475,-0.5687,2.4938000000000002,-2.7387,-0.0196103448275862,1.9775,-1.51375,2,23.629093333333337,4.038279636005252,15.7937,28.0788,12.285100000000002,28.0788,11.243800000000002,1.3125,-0.9888000000000012,0.3877172413793104,1.2599999999999998,-0.5206499999999998,0
109,weave,1.0196768938000802,1.1254762591898597,0.8849004972311858,0.24057576195867392,25.03352895327639,28.089794657134824,21.634268450308184,6.45552620682664,0.03002,0.01998056642046863,-0.0085,0.0773,0.08579999999999999,0.0773,-0.025200000000000007,0.0405,-0.03320000000000001,-0.0008689655172413797,0.034749999999999996,-0.023899999999999998,0,-0.13621333333333333,0.029761126384566846,-0.211,-0.0883,0.12269999999999999,0.211,0.0661,0.0685,-0.08320000000000001,0.0022793103448275863,0.06820000000000001,-0.05789999999999999,0,1.0094166666666666,0.05349988129753725,0.8775,1.1164,0.2389000000000001,1.1164,-0.022299999999999986,0.12319999999999998,-0.2389000000000001,-0.0007689655172413789,0.06974999999999998,-0.09315000000000007,0,0.5468833333333334,0.775995268863703,-0.9975,2.3975,3.395,2.3975,-0.17500000000000004,1.3386999999999998,-1.8900000000000001,-0.006034482758620691,0.9888000000000001,-1.6975,0,-0.3330633333333333,0.7023413466612122,-1.575,1.4088,2.9838,1.575,0.15749999999999997,1.8462999999999998,-1.4087,0.005431034482758623,1.2688000000000001,-1.0150000000000001,0,25.004586666666665,2.1995144755358975,21.5863,28.0788,6.4925,28.0788,-4.759999999999998,0.7348999999999997,-0.9888000000000012,-0.16413793103448268,0.7348999999999997,-0.6868999999999996,0
110,weave,1.0032513485905874,1.1087954319891475,0.9105080449946612,0.19828738699448634,21.522924585355522,22.299831796002408,20.92410040192887,1.3757313940735365,-0.0018033333333333334,0.023271582245947206,-0.0488,0.0488,0.0976,0.0488,0.017899999999999996,0.049,-0.056100000000000004,0.0006172413793103449,0.04055,-0.0465,0,-0.13147666666666666,0.021789695181253777,-0.1843,-0.0779,0.1064,0.1843,-0.0257,0.044700000000000004,-0.0819,-0.0008862068965517242,0.03375,-0.05399999999999999,0,0.9940833333333334,0.048424339016608184,0.8977,1.0929,0.19519999999999993,1.0929,0.08990000000000009,0.12870000000000004,-0.14960000000000007,0.003100000000000003,0.06634999999999996,-0.06114999999999993,0,1.4183766666666664,0.5897427268899043,0.28,2.59,2.3099999999999996,2.59,1.1199999999999999,1.5924999999999998,-1.0587000000000002,0.03862068965517241,1.3038,-0.7393999999999998,0,-0.11988,0.8927473320579299,-2.1,2.59,4.6899999999999995,2.59,2.52,2.3363,-1.4262000000000001,0.08689655172413792,2.3363,-0.84875,1,21.450329999999997,0.3293196499263077,20.8425,22.1812,1.3386999999999993,22.1812,0.13130000000000308,0.5512000000000015,-0.8486999999999973,0.004527586206896658,0.37185000000000024,-0.4811999999999994,0
111,weave,1.0117974960306104,1.1087954319891475,0.8640614908674035,0.24473394112174407,21.484516229358213,25.02004019041536,19.074907121399047,5.945133069016315,0.00890333333333333,0.028680637266682005,-0.0488,0.064,0.11280000000000001,0.064,0.0271,0.0629,-0.0844,0.0009344827586206897,0.034050000000000004,-0.03855,0,-0.1346033333333333,0.04232020372916653,-0.2196,-0.059,0.1606,0.2196,-0.031,0.0919,-0.1135,-0.0010689655172413793,0.06265,-0.09140000000000001,0,1.0014133333333333,0.05627174052407831,0.8408,1.0929,0.2521,1.0929,-0.0817000000000001,0.18989999999999996,-0.16690000000000005,-0.0028172413793103486,0.12565000000000004,-0.14960000000000007,0,0.8435,1.788232274892028,-3.4738,5.565,9.0388,5.565,-1.8637000000000001,3.5350000000000006,-3.0975,-0.06426551724137933,2.1963,-2.16125,3,0.22896,1.1854715493030175,-2.1,2.59,4.6899999999999995,2.59,1.5312000000000001,3.7976,-2.0213,0.05280000000000001,1.6712,-1.84625,1,21.363703333333333,1.6253517831392759,18.9263,25.0075,6.081199999999999,25.0075,3.5700000000000003,1.5749999999999993,-0.9013000000000027,0.12310344827586207,1.1374999999999993,-0.7962500000000006,0
112,weave,1.0088037923521198,1.1287002303534805,0.8640614908674035,0.2646387394860771,27.118538181993877,31.854031269683905,19.976669334250893,11.877361935433012,0.03441666666666667,0.03277482300468617,-0.0066,0.122,0.1286,0.122,0.0076,0.0629,-0.0776,0.0002620689655172409,0.05785,-0.033400000000000006,0,-0.19052666666666662,0.05109831587300575,-0.2822,-0.0814,0.2008,0.2822,0.051199999999999996,0.12780000000000002,-0.11830000000000002,0.0017655172413793103,0.06385,-0.06785,0,0.9880666666666665,0.06604841136377287,0.8408,1.1114,0.27059999999999995,1.1114,-0.014800000000000035,0.18989999999999996,-0.16690000000000005,-0.0005103448275862081,0.12565000000000004,-0.09979999999999994,0,0.7950766666666669,1.657578394189867,-2.7475,5.565,8.3125,5.565,0.1488,3.5350000000000006,-3.0975,0.005131034482758607,2.0825000000000005,-2.16125,2,-0.05745,1.3516845736798722,-3.64,2.2487,5.8887,3.64,3.885,4.585,-5.2937,0.13396551724137928,4.3487,-1.84625,4,27.016793333333336,3.761029463979183,19.81,31.815,12.005000000000003,31.815,10.920000000000002,1.5749999999999993,-0.5950000000000024,0.3765517241379311,1.1374999999999993,-0.40249999999999986,0
113,weave,1.0031985861073138,1.1225904818766281,0.8994027184748776,0.2231877634017505,26.75129389407413,31.854031269683905,11.127876782657149,20.726154487026754,0.029433333333333332,0.030283104807493057,-0.0046,0.1146,0.1192,0.1146,-0.0303,0.1175,-0.10229999999999999,-0.0010448275862068963,0.054849999999999996,-0.03924999999999999,0,-0.14493666666666669,0.09119893935912789,-0.3116,0.0344,0.346,0.3116,0.2156,0.16099999999999998,-0.1571,0.0074344827586206915,0.06244999999999999,-0.07064999999999999,0,0.9874700000000001,0.06162159915775166,0.8437,1.1023,0.25860000000000005,1.1023,0.07289999999999996,0.17459999999999998,-0.1733,0.0025137931034482745,0.06715000000000004,-0.08300000000000002,0,1.6400299999999999,1.1944106603763587,-1.3913,3.3338,4.7251,3.3338,0.28869999999999996,2.5375,-2.1262999999999996,0.009955172413793102,1.19875,-1.6363,0,-0.22196000000000002,1.1407654624916521,-2.1,2.2487,4.3487,2.2487,1.9512,4.3487,-2.6687000000000003,0.06728275862068966,1.84185,-1.31245,2,26.639653333333328,6.418965746626775,10.99,31.815,20.825000000000003,31.815,-19.005000000000003,0.9361999999999995,-2.2486999999999995,-0.6553448275862069,0.9361999999999995,-2.205,0
114,weave,1.023158442084372,1.2139240544613983,0.8902975513838056,0.32362650307759266,17.68903157085156,22.314177888060318,5.841124838590594,16.473053049469723,0.02799333333333333,0.041076714885043164,-0.0674,0.1528,0.2202,0.1528,-0.0315,0.0842,-0.14279999999999998,-0.001086206896551724,0.0809,-0.14279999999999998,2,0.20091333333333333,0.05153113376519516,0.0899,0.2986,0.2087,0.2986,0.0805,0.11269999999999997,-0.1371,0.002775862068965518,0.06964999999999999,-0.04374999999999998,0,1.0009266666666667,0.07314443403216034,0.8699,1.1861,0.3161999999999999,1.1861,-0.035599999999999965,0.2894000000000001,-0.22210000000000008,-0.0012275862068965506,0.13005000000000005,-0.22109999999999996,0,0.5392866666666668,1.0322443361294187,-1.6537,3.1937,4.8474,3.1937,-0.8751000000000001,2.9575,-3.1412,-0.030175862068965494,1.3298999999999999,-1.4219,0,0.013423333333333327,1.360125816108083,-2.6688,3.5787,6.2475000000000005,3.5787,-0.25370000000000004,5.3812,-3.8587,-0.00874827586206896,2.20505,-2.9881,3,-17.5843,5.2895695718245745,-22.2337,-5.6087,16.625,22.2337,-15.032600000000002,0.8575000000000017,-2.7299999999999986,-0.5183655172413794,0.6212499999999999,-1.5924999999999998,0
115,weave,1.0380244609912328,1.214802271976802,0.9058332407236996,0.30896903125310227,17.6125293581641,22.06812713235992,6.892329876754304,15.175797255605616,-0.0004533333333333342,0.04458608669121772,-0.1029,0.1528,0.2557,0.1528,-0.0527,0.09340000000000001,-0.14279999999999998,-0.0018172413793103442,0.0809,-0.0827,1,0.16477,0.07298546926709405,0.0284,0.2876,0.25920000000000004,0.2876,-0.2251,0.11720000000000003,-0.17320000000000002,-0.007762068965517241,0.08124999999999999,-0.1371,0,1.02171,0.07627351124237941,0.8967,1.1861,0.2893999999999999,1.1861,-0.09730000000000016,0.21519999999999995,-0.28349999999999986,-0.003355172413793109,0.09090000000000004,-0.22210000000000008,0,0.03704,1.0686865065955078,-2.4762,1.6975,4.1737,2.4762,0.7,3.7012,-3.5175,0.024137931034482765,1.8112,-1.5006,0,-0.1773266666666667,1.3086937158949716,-2.1613,2.4762,4.6375,2.4762,3.5524,4.2175,-3.8325000000000005,0.12249655172413797,4.2175,-1.3519,2,-17.51868,4.731117570052046,-22.0413,-6.4313,15.61,22.0413,14.988700000000001,1.6623999999999999,-0.5425000000000004,0.5168517241379311,1.5180999999999996,-0.5162999999999975,0
116,weave,1.017963527520783,1.115730352728651,0.9122644682327599,0.2034658844958912,8.770295913970314,17.367935560394045,1.610950806201108,15.756984754192937,-0.008113333333333334,0.033630863630090546,-0.0825,0.05,0.1325,0.0825,0.0318,0.1223,-0.1281,0.0010965517241379298,0.04775,-0.03655,0,-0.012979999999999998,0.09476444990352258,-0.1779,0.1452,0.3231,0.1779,-0.2801,0.04930000000000001,-0.0735,-0.009658620689655173,0.02495,-0.050499999999999996,1,1.0130233333333334,0.0592848685895327,0.9049,1.1082,0.20330000000000004,1.1082,-0.0484,0.20330000000000004,-0.18830000000000002,-0.0016689655172413792,0.09090000000000004,-0.12879999999999991,0,-0.44421000000000005,1.1412909754248506,-2.4762,1.9512,4.4274000000000004,2.4762,1.5837,3.7012,-2.5812,0.054610344827586206,1.33875,-1.7325,0,-0.2902133333333333,1.2826507656851274,-2.8875,2.4762,5.3637,2.8875,1.2951000000000001,4.2175,-3.1762,0.0446586206896552,2.20935,-1.1287,2,-0.712833333333333,9.813318385967502,-17.2025,14.875,32.0775,17.2025,32.0775,1.7762,0.23629999999999995,1.1061206896551725,1.5181,0.6168500000000003,1
117,weave,1.0076766061564666,1.1280020700335618,0.8941026674828791,0.23389940255068264,16.42729892290415,21.363709665926468,5.704322621486271,15.659387044440198,0.01079,0.039925252142230604,-0.0825,0.103,0.1855,0.103,0.0497,0.1223,-0.1281,0.0017137931034482757,0.052849999999999994,-0.0585,1,-0.1616,0.05253726427909084,-0.2962,-0.0676,0.22860000000000003,0.2962,-0.066,0.07120000000000001,-0.11220000000000001,-0.002275862068965517,0.052750000000000005,-0.06465000000000001,0,0.9924000000000001,0.07120431989994563,0.8913,1.1161,0.2248000000000001,1.1161,-0.06089999999999984,0.20330000000000004,-0.18830000000000002,-0.0020999999999999947,0.08234999999999998,-0.11419999999999986,0,0.25433000000000006,1.2232846921442624,-2.38,3.2113,5.5913,3.2113,0.6475000000000001,2.7125,-3.3251,0.022327586206896535,1.07185,-1.7325,1,-0.1329933333333333,1.033819012017672,-2.8875,1.7237,4.6112,2.8875,1.435,3.7625,-3.1762,0.04948275862068967,2.20935,-3.1762,0,16.330416666666668,4.775405273293084,5.6962,21.2975,15.601299999999998,21.2975,14.358799999999999,1.505,-0.7261999999999986,0.4951310344827586,1.3562499999999997,-0.5600000000000005,0
118,weave,1.0023653289287513,1.1156062477415587,0.8831656073466629,0.23244064039489576,9.291173370088298,15.998132940127734,0.9142470617945677,15.083885878333167,0.03730666666666667,0.035101772558969284,-0.0348,0.0895,0.1243,0.0895,-0.08420000000000001,0.1156,-0.09,-0.0029034482758620696,0.0559,-0.0863,0,0.10599666666666668,0.07273862268344829,-0.1047,0.2176,0.3223,0.2176,0.2777,0.10999999999999999,-0.06750000000000002,0.00957586206896552,0.0601,-0.0446,1,0.99294,0.05441696363299301,0.8743,1.1009,0.22660000000000002,1.1009,-0.014600000000000057,0.18589999999999995,-0.13090000000000013,-0.0005034482758620709,0.08505000000000001,-0.08279999999999998,0,0.9624933333333333,1.3252731684405694,-1.5312,4.2263,5.7575,4.2263,-2.3712999999999997,5.5912,-3.2899999999999996,-0.0817689655172414,2.1262499999999998,-1.5356499999999997,0,-0.4777466666666667,0.9229037095263358,-2.1525,1.75,3.9025,2.1525,-0.23620000000000002,2.6163,-1.7325,-0.008144827586206903,1.7325,-1.1244,0,-4.018283333333334,9.539360004958164,-15.9862,15.6187,31.6049,15.9862,-31.6049,0.4286999999999992,-2.2313,-1.0898241379310345,0.10935000000000006,-2.0431500000000002,1
119,weave,0.9998269523803703,1.1048837993200915,0.8826585919822001,0.22222520733789142,16.603977553083485,19.503522710782278,11.544695240239129,7.958827470543149,0.022163333333333333,0.03458510226745867,-0.0532,0.0825,0.1357,0.0825,0.018900000000000004,0.1156,-0.0996,0.000651724137931034,0.0559,-0.0469,2,0.18037666666666669,0.043388777218374655,0.0874,0.2564,0.169,0.2564,-0.0228,0.11100000000000002,-0.155,-0.0007862068965517247,0.05059999999999999,-0.155,0,0.9818499999999999,0.052126899204630005,0.8623,1.0841,0.2218000000000001,1.0841,0.021199999999999997,0.14180000000000004,-0.13450000000000006,0.0007310344827586206,0.10344999999999999,-0.08069999999999988,0,-0.06300666666666663,1.391680737251465,-3.92,4.06,7.9799999999999995,4.06,-0.09620000000000006,5.5912,-4.6899999999999995,-0.0033172413793103547,2.2488,-1.8900000000000001,1,-0.6180433333333334,1.1200669698830459,-3.115,1.3125,4.4275,3.115,0.9361999999999999,2.6163,-3.5,0.03228275862068965,1.7325,-1.65375,0,-16.493456666666667,2.6637808009751245,-19.425,-11.3663,8.0587,19.425,-5.302499999999998,1.1024999999999991,-1.2774999999999999,-0.18284482758620685,1.1024999999999991,-0.8574999999999999,0
120,weave,0.9920292415444774,1.127023287248316,0.8974271836756451,0.2295961035726708,10.866556456001556,19.503522710782278,0.8293865986378126,18.674136112144467,0.04422666666666666,0.02741923479569788,-0.0197,0.0871,0.10679999999999999,0.0871,0.0507,0.06949999999999999,-0.06079999999999999,0.0017482758620689656,0.0601,-0.0363,0,0.0782666666666667,0.09436860719004231,-0.0639,0.2467,0.3106,0.2467,-0.1901,0.11100000000000002,-0.155,-0.006555172413793105,0.028799999999999992,-0.055650000000000005,1,0.9832766666666668,0.05016366787539209,0.8959,1.1212,0.22529999999999994,1.1212,0.08369999999999989,0.12639999999999996,-0.09889999999999999,0.00288620689655172,0.0821,-0.06674999999999998,0,-0.5999666666666668,1.0794899128542252,-3.92,1.295,5.215,3.92,0.7088,3.5263,-4.6899999999999995,0.024441379310344874,1.8288,-1.46125,0,-0.42496666666666666,1.2589357071402192,-2.1,2.9488,5.0488,2.9488,1.4788,4.5675,-3.2375,0.05099310344827585,2.0563,-2.8613,1,-9.355793333333335,8.651749231580913,-19.425,5.5125,24.9375,19.425,24.9375,1.9162,-0.1051000000000002,0.8599137931034484,1.5662500000000001,-0.0525500000000001,1
121,weave,0.9906441667842177,1.1878159832229906,0.8974271836756451,0.29038879954734553,10.33796426650481,18.266665177037652,0.8293865986378126,17.43727857839984,0.02843333333333333,0.029660473330021545,-0.0288,0.0925,0.12129999999999999,0.0925,-0.0284,0.1078,-0.06889999999999999,-0.0009793103448275855,0.0356,-0.0363,0,-0.08802333333333333,0.05925922994212238,-0.1998,0.0666,0.2664,0.1998,-0.1789,0.11979999999999999,-0.09390000000000001,-0.006168965517241379,0.052000000000000005,-0.06340000000000001,1,0.9841433333333334,0.06676254723004266,0.8959,1.1815,0.28559999999999997,1.1815,0.04370000000000007,0.27749999999999997,-0.1835,0.0015068965517241405,0.07689999999999997,-0.08879999999999999,0,0.31354,1.0530477382504948,-2.5638,2.765,5.3288,2.765,2.2925,2.7474999999999996,-2.2138,0.07905172413793105,1.5312999999999999,-1.3081500000000001,1,-0.3082866666666667,1.2791794740038018,-2.7738,2.9488,5.7226,2.9488,0.91,4.5675,-3.6574999999999998,0.031379310344827605,2.0563,-1.7675,2,9.491706666666666,7.030017686735652,-4.3137,18.0688,22.3825,18.0688,21.5425,1.7149999999999999,-0.44620000000000104,0.742844827586207,1.5311999999999997,-0.44620000000000104,1
122,weave,1.0053783986247302,1.119615335729196,0.8739658174093539,0.24564951831984216,18.2505267908739,19.151661318277327,17.05913368081744,2.092527637459888,0.04188666666666667,0.03196046839816158,-0.0365,0.0988,0.1353,0.0988,-0.0023,0.07129999999999999,-0.0829,-7.9310344827588e-05,0.035899999999999994,-0.0453,0,-0.12135000000000001,0.044536174757930945,-0.2325,-0.0353,0.19720000000000001,0.2325,-0.0286,0.11780000000000002,-0.1116,-0.0009862068965517247,0.07055,-0.06760000000000001,0,0.9956366666666667,0.05903638552699475,0.8552,1.114,0.25880000000000014,1.114,-0.1645000000000001,0.10610000000000008,-0.1997,-0.005672413793103451,0.08520000000000005,-0.12940000000000007,0,1.1783266666666667,1.3061767686605459,-1.7675,4.375,6.1425,4.375,1.2337000000000002,3.255,-2.2313,0.04254137931034484,2.1919,-1.3431,0,-0.28496333333333335,1.184566104320796,-2.17,3.01,5.18,3.01,-5.18,2.7649999999999997,-3.9549999999999996,-0.17862068965517242,1.2643499999999999,-3.9549999999999996,1,18.126496666666664,0.6140264042864276,16.8525,18.935,2.0824999999999996,18.935,-2.030000000000001,0.8049,-0.6651000000000025,-0.07000000000000003,0.45500000000000007,-0.39374999999999893,0
123,weave,0.9994633963530364,1.0950594915345924,0.9214256345468146,0.17363385698777778,18.88332555526298,23.49683138084793,17.05913368081744,6.4376977000304905,0.05791333333333333,0.02490075103885123,0.0062,0.0988,0.0926,0.0988,0.010599999999999998,0.05550000000000001,-0.0635,0.0003655172413793103,0.0267,-0.0453,0,-0.11623666666666667,0.03779178421327827,-0.1865,-0.0408,0.1457,0.1865,-0.055900000000000005,0.08579999999999999,-0.06760000000000001,-0.001927586206896551,0.031099999999999996,-0.0512,0,0.9899533333333335,0.04923163220121186,0.9148,1.0832,0.1684,1.0832,0.04730000000000001,0.10370000000000001,-0.1684,0.001631034482758621,0.09020000000000006,-0.06034999999999996,0,1.2211999999999998,1.3305784637802698,-1.5925,4.375,5.9675,4.375,-0.5163000000000001,3.255,-3.3425000000000002,-0.017803448275862114,3.255,-1.4656500000000001,0,-0.4068833333333334,1.0064063641057939,-2.6688,1.0675,3.7363,2.6688,1.4262000000000001,2.4324,-3.1498999999999997,0.04917931034482762,1.4830999999999999,-1.46125,0,18.763216666666665,2.0634004381925806,16.8525,23.485,6.6325,23.485,5.407499999999999,1.566200000000002,-0.629999999999999,0.18646551724137927,1.0631000000000004,-0.629999999999999,0
124,weave,1.0302309418603985,1.188024027534797,0.9214256345468146,0.2665983929879825,25.658356457728853,29.60438837199647,18.791277389789126,10.813110982207345,0.06102666666666668,0.03624199253612452,-0.0351,0.1305,0.1656,0.1305,-0.021699999999999997,0.07899999999999999,-0.0912,-0.0007482758620689659,0.07289999999999999,-0.04685,0,-0.15633999999999998,0.03453050225824838,-0.2476,-0.0934,0.1542,0.2476,-0.019200000000000023,0.09899999999999998,-0.121,-0.0006620689655172421,0.053549999999999986,-0.05829999999999999,0,1.0152366666666668,0.06572255416854081,0.8994,1.1678,0.26839999999999997,1.1678,0.1806000000000001,0.2265999999999999,-0.1684,0.006227586206896555,0.16260000000000008,-0.07329999999999992,0,0.5912,1.107843965111731,-1.6625,2.2575,3.92,2.2575,3.0975,2.1,-2.5463,0.10681034482758621,1.6975,-1.26875,0,0.31090999999999996,1.069648241358522,-2.6688,2.5725,5.2413,2.6688,2.8000000000000003,1.54,-2.7912999999999997,0.09655172413793106,1.17685,-1.2512999999999999,1,25.60279333333333,3.438284486728543,18.5325,29.6012,11.0687,29.6012,10.018800000000002,1.566200000000002,-0.7611999999999988,0.3454758620689656,1.566200000000002,-0.40249999999999986,0
125,weave,1.0289424491647827,1.1224217879211007,0.8522503740098916,0.27017141391120914,25.58757219742255,29.60438837199647,18.633169567467583,10.971218804528888,0.009089999999999999,0.04249650979583602,-0.1077,0.079,0.1867,0.1077,-0.0379,0.1448,-0.1267,-0.0013068965517241383,0.04695,-0.09335,2,-0.13664666666666667,0.04617049911475667,-0.2476,-0.0656,0.182,0.2476,0.05740000000000001,0.11249999999999999,-0.1284,0.001979310344827586,0.053549999999999986,-0.0824,0,1.0176566666666664,0.0734488923102942,0.8121,1.1151,0.30299999999999994,1.1151,0.01100000000000001,0.30299999999999994,-0.27349999999999985,0.00037931034482758657,0.13585000000000003,-0.13644999999999996,0,0.7913033333333334,1.0641918722782036,-1.6625,3.0975,4.76,3.0975,0.7263000000000001,2.3275,-2.1437,0.02504482758620688,1.2337,-1.7019000000000002,0,0.06563666666666665,0.924641150330796,-1.7237,1.925,3.6487,1.925,-0.6038,2.9661999999999997,-2.0824,-0.02082068965517239,1.4262000000000001,-1.5968499999999999,0,25.535429999999998,3.793443164029762,18.5588,29.6012,11.042399999999997,29.6012,-9.406299999999998,0.6998999999999995,-1.5751000000000026,-0.324355172413793,0.6998999999999995,-1.3169000000000004,0
126,weave,1.012867558796503,1.1478567506444346,0.8559164153116822,0.29194033533275243,28.018944413015717,30.349727861218128,24.549680878781295,5.800046982436832,0.034719999999999994,0.03783641194623926,-0.04,0.1517,0.1917,0.1517,0.026399999999999996,0.1064,-0.1127,0.0009103448275862069,0.06415,-0.0528,0,-0.22141999999999998,0.04116384754645254,-0.2918,-0.1432,0.1486,0.2918,0.041800000000000004,0.09390000000000001,-0.11069999999999999,0.0014413793103448278,0.04645000000000002,-0.034600000000000006,0,0.9860033333333331,0.07752274630972704,0.8391,1.1378,0.29869999999999997,1.1378,0.2639999999999999,0.22150000000000003,-0.20540000000000003,0.009103448275862066,0.1288999999999999,-0.12159999999999999,0,0.6407866666666667,1.1796255091702017,-1.6625,4.2962,5.9587,4.2962,1.9162,4.4887,-4.2349,0.06607586206896549,1.9162,-2.08685,0,0.1014933333333333,1.345892025677249,-2.0213,3.4825,5.5038,3.4825,4.4275,4.733700000000001,-2.2313,0.15267241379310345,3.045,-1.7281499999999999,1,27.95595666666667,1.915138498941117,24.5,30.345,5.844999999999999,30.345,0.4637999999999991,1.1987000000000023,-0.9711999999999996,0.01599310344827583,0.7437500000000004,-0.9056499999999996,0
127,weave,1.0002068301270728,1.1478567506444346,0.8559164153116822,0.29194033533275243,16.40576398259909,30.021220431388194,1.2977533240180894,28.723467107370105,0.008963333333333334,0.02791894034316234,-0.0447,0.0587,0.10339999999999999,0.0587,0.008,0.0649,-0.0643,0.00027586206896551725,0.0342,-0.04725,0,-0.07903666666666667,0.10997309853913752,-0.2694,0.0871,0.3565,0.2694,0.2939,0.16519999999999999,-0.10029999999999999,0.010134482758620689,0.09125,-0.039,1,0.9907233333333334,0.06905957290047052,0.8391,1.1378,0.29869999999999997,1.1378,0.13659999999999994,0.15639999999999998,-0.21379999999999988,0.004710344827586205,0.13319999999999999,-0.11924999999999997,0,1.0680866666666666,1.2341439668250114,-0.945,3.43,4.375,3.43,-1.5575,2.3011999999999997,-3.0100000000000002,-0.05370689655172414,2.3011999999999997,-1.4000000000000001,0,0.37712333333333325,1.0618806789528348,-1.5925,3.4825,5.075,3.4825,0.63,3.045,-4.2787,0.02172413793103445,1.2774999999999999,-1.6187,0,16.04372,10.674559933928633,-1.925,30.0037,31.9287,30.0037,-31.9287,0.09629999999999939,-2.327400000000001,-1.1009896551724139,-0.34999999999999964,-1.98625,0
128,weave,1.001258480382675,1.107046078535126,0.8808194082784507,0.2262266702566752,10.274615250471953,21.879131779849033,1.2977533240180894,20.581378455830944,0.02497333333333333,0.030145680005408827,-0.0146,0.1078,0.12240000000000001,0.1078,-0.0303,0.1055,-0.1139,-0.0010448275862068963,0.0551,-0.1139,0,0.11890999999999999,0.08536158527920688,-0.063,0.2569,0.3199,0.2569,0.26430000000000003,0.17980000000000002,-0.1361,0.009113793103448276,0.08760000000000001,-0.07505,2,0.9897233333333334,0.05624067544680312,0.8535,1.0887,0.23519999999999996,1.0887,-0.11220000000000008,0.19979999999999987,-0.1915,-0.003868965517241382,0.07440000000000002,-0.1915,0,0.37100000000000005,0.8594481922561789,-1.1725,1.8463,3.0188,1.8463,0.63,2.1525,-2.6775,0.021724137931034455,0.9275,-1.2775,0,-0.45762666666666657,1.2399611870825895,-2.7912,1.7325,4.5237,2.7912,-1.435,2.9837,-2.415,-0.049482758620689654,1.7062,-2.2575,0,-7.698243333333333,9.336964390683145,-21.84,8.2863,30.1263,21.84,-30.1263,0.47250000000000014,-2.1437,-1.0388379310344829,-0.32374999999999865,-2.0650000000000013,1
129,weave,1.0120704357736594,1.107046078535126,0.8808194082784507,0.2262266702566752,18.705890743750555,21.879131779849033,12.957203013768057,8.921928766080976,0.028133333333333337,0.03249866133405724,-0.0307,0.1078,0.1385,0.1078,-0.014000000000000002,0.1055,-0.1139,-0.00048275862068965415,0.0551,-0.05195,0,0.1680933333333333,0.047871213244195764,0.0895,0.2569,0.16740000000000002,0.2569,-0.09929999999999999,0.1222,-0.12940000000000002,-0.003424137931034484,0.0455,-0.058949999999999995,0,0.9958866666666667,0.056592833306075015,0.8535,1.0887,0.23519999999999996,1.0887,0.04370000000000007,0.19979999999999987,-0.1915,0.0015068965517241405,0.08919999999999995,-0.09100000000000003,0,-0.015456666666666667,1.0309875887019548,-1.54,2.0912,3.6312,2.0912,-1.75,3.1850000000000005,-2.7125,-0.0603448275862069,1.80685,-1.82,0,-0.6092966666666667,1.2106412007217735,-2.7912,1.8025,4.5937,2.7912,2.8351,3.0975,-2.2837,0.09776206896551723,1.7062,-1.20755,0,-18.62583333333333,2.5864470175730725,-21.84,-12.8625,8.9775,21.84,1.2599999999999998,1.9075000000000006,-2.0650000000000013,0.04344827586206896,1.4087500000000004,-1.2293499999999993,0
130,weave,1.0248749657520344,1.1715307806455622,0.8975849207735166,0.27394585987204556,12.004544819191214,17.127271942431463,0.6954027178549133,16.43186922457655,0.029923333333333337,0.04020660164813677,-0.0152,0.1554,0.1706,0.1554,0.0006999999999999997,0.10120000000000001,-0.14029999999999998,2.4137931034482613e-05,0.0596,-0.0819,0,-0.11766,0.049403794353791525,-0.2408,-0.0242,0.2166,0.2408,-0.0469,0.11449999999999999,-0.1578,-0.0016172413793103457,0.051199999999999996,-0.042449999999999995,0,1.0158200000000002,0.05567641362805939,0.8952,1.16,0.2647999999999999,1.16,0.07299999999999995,0.14639999999999986,-0.14339999999999997,0.002517241379310343,0.08640000000000003,-0.08929999999999993,0,0.23013,1.0211290776424382,-1.5925,1.96,3.5525,1.96,1.4175,3.5525,-2.2225,0.04887931034482752,1.28625,-1.6012499999999998,0,0.12658333333333333,0.9500261670019966,-1.5838,2.3712,3.955,2.3712,0.3586999999999999,1.8813,-2.8524,0.012368965517241334,1.2162,-1.8725500000000002,0,11.759423333333332,6.0011574668434235,-1.2862,17.0625,18.3487,17.0625,18.095000000000002,1.8375000000000004,-0.3674999999999997,0.6239655172413794,1.6800000000000002,-0.1443499999999993,0
131,weave,1.0031223797140656,1.0816344715290835,0.912771345956916,0.16886312557216754,14.065365196857218,17.127271942431463,4.423854131862849,12.703417810568613,0.01762,0.028449803344572134,-0.0375,0.0763,0.11380000000000001,0.0763,0.024699999999999996,0.0621,-0.0827,0.0008517241379310336,0.026600000000000002,-0.0395,0,-0.09605333333333332,0.06700511937895869,-0.2408,0.0591,0.2999,0.2408,0.2999,0.11449999999999999,-0.08960000000000001,0.01034137931034483,0.11449999999999999,-0.0373,1,0.9958299999999999,0.04368137889386009,0.9069,1.0798,0.17290000000000005,1.0798,-0.07530000000000003,0.14310000000000012,-0.1480999999999999,-0.0025965517241379322,0.06044999999999995,-0.0746,0,1.0788733333333334,0.8895530555142356,-0.7175,3.4562,4.1737,3.4562,0.9362,2.3624,-2.0999,0.03228275862068969,1.54435,-1.2469000000000001,0,-0.1773233333333333,0.9307124907678335,-1.8288,2.3712,4.2,2.3712,0.6125,2.3538,-2.8524,0.02112068965517244,1.4437,-1.73685,0,13.955373333333332,3.93385678270709,4.0687,17.0625,12.9938,17.0625,-12.425,0.5687999999999995,-1.505,-0.4284482758620689,0.5687999999999995,-1.40875,0
132,weave,0.9950902554035017,1.0812232193215239,0.8731833885272899,0.20803983079423394,7.538259773279775,13.52433894207033,0.4255698415066556,13.098769100563674,0.035949999999999996,0.03199793905001189,-0.0344,0.1118,0.1462,0.1118,0.051199999999999996,0.093,-0.048600000000000004,0.0017655172413793107,0.032600000000000004,-0.0438,0,0.05999666666666667,0.08134565449824056,-0.139,0.1842,0.32320000000000004,0.1842,0.32320000000000004,0.09500000000000001,-0.0869,0.0111448275862069,0.09500000000000001,-0.0373,1,0.9889700000000001,0.049465656145764744,0.8715,1.0798,0.20830000000000004,1.0798,0.03080000000000005,0.14310000000000012,-0.12660000000000005,0.0010620689655172432,0.07700000000000001,-0.08829999999999993,0,0.5949966666666666,0.981289930611509,-1.2075,2.1613,3.3688000000000002,2.1613,-2.3449,1.7325,-2.8788,-0.08085862068965517,1.06315,-1.2425,0,6.666666666662232e-06,0.9273161176335655,-2.24,1.7325,3.9725,2.24,1.0062,2.9225,-2.87,0.034696551724137936,1.9381500000000003,-1.25565,0,-0.85605,8.347538318518696,-11.4712,13.4137,24.884900000000002,13.4137,-24.884900000000002,0.061299999999999244,-1.7675,-0.8581000000000001,-0.18810000000000038,-1.4874999999999998,1
133,weave,0.9865715520552139,1.076743683519899,0.8043212666590385,0.27242241686086044,12.343647127276359,14.442544664289601,7.9221462887275695,6.520398375562031,0.015516666666666663,0.03962933503608531,-0.1125,0.0954,0.2079,0.1125,-0.08940000000000001,0.0988,-0.10519999999999999,-0.0030827586206896534,0.06615,-0.10519999999999999,1,0.14118999999999998,0.04747710410074633,0.0537,0.2284,0.1747,0.2284,0.016499999999999987,0.1276,-0.1249,0.0005689655172413789,0.06829999999999999,-0.0869,0,0.9743666666666667,0.06289639720690841,0.7803,1.0636,0.2833000000000001,1.0636,-0.05460000000000009,0.2391000000000001,-0.12660000000000005,-0.0018827586206896583,0.08784999999999998,-0.10360000000000003,0,0.18491333333333332,1.1751204075454926,-2.9662,2.695,5.6612,2.9662,-0.6738,5.2412,-4.3399,-0.023234482758620677,1.05,-1.5488,2,0.0673666666666667,1.1330893105784405,-1.6888,1.75,3.4388,1.75,-1.3388,2.9313000000000002,-3.2199999999999998,-0.04616551724137937,1.4481,-2.1263,0,-12.237459999999999,1.9714488670990704,-14.4025,-7.7438,6.6587,14.4025,-6.6587,1.1373999999999995,-0.9275000000000002,-0.2296103448275862,0.27119999999999944,-0.9275000000000002,0
134,weave,0.996994908741265,1.1182285544556623,0.776504874421275,0.34172368003438724,7.198889705948999,15.928996449243124,0.9321111789910043,14.99688527025212,0.033723333333333334,0.049313393881297136,-0.1186,0.1329,0.2515,0.1329,-0.009500000000000001,0.1324,-0.1083,-0.000327586206896552,0.08535,-0.10089999999999999,2,-0.03553333333333333,0.0756822820486536,-0.226,0.1144,0.34040000000000004,0.226,-0.15589999999999998,0.131,-0.15400000000000003,-0.005375862068965517,0.0869,-0.0901,1,0.9919033333333335,0.07039540778191151,0.7709,1.1158,0.3448999999999999,1.1158,0.09680000000000011,0.1965,-0.17049999999999998,0.0033379310344827623,0.1362,-0.14850000000000002,0,-0.2240033333333333,1.753837928163366,-5.67,4.5588,10.2288,5.67,0.7176,7.9976,-4.882499999999999,0.02474482758620692,5.1144,-2.75625,1,-0.15925000000000003,1.9758091874836565,-5.8713,4.305,10.1763,5.8713,-0.8837000000000002,5.1713,-6.448799999999999,-0.03047241379310346,2.9181,-3.3381499999999997,2,2.931843333333333,7.3404052727392015,-8.9075,15.6538,24.561300000000003,15.6538,24.561300000000003,1.6013000000000002,-0.09629999999999939,0.846941379310345,1.2424999999999997,0.30625000000000036,1
135,weave,1.005945770789798,1.1500777451981234,0.8969617048681622,0.25311604032996127,18.3304124379299,26.268689688296217,7.4166700668157,18.852019621480515,0.049190000000000005,0.05474502244732958,-0.1186,0.1329,0.2515,0.1329,0.0528,0.1324,-0.1083,0.0018206896551724145,0.08535,-0.056749999999999995,2,-0.15351333333333333,0.05949093082625882,-0.2744,-0.0458,0.22859999999999997,0.2744,-0.121,0.131,-0.15400000000000003,-0.004172413793103448,0.059250000000000004,-0.0901,0,0.9898766666666666,0.05777028638067969,0.8743,1.1249,0.25060000000000004,1.1249,0.1804,0.13229999999999997,-0.12730000000000008,0.006220689655172414,0.10299999999999998,-0.05475000000000002,0,0.38674333333333333,1.5797050492228697,-1.8112,4.4275,6.2387,4.4275,3.01,4.654999999999999,-2.3275,0.1037931034482758,2.5025,-1.42625,0,-0.36224666666666666,1.8113027589676107,-5.8713,2.24,8.1113,5.8713,1.1725,5.1713,-6.448799999999999,0.04043103448275862,3.2113,-3.3381499999999997,2,18.152753333333337,5.529287025294668,7.2188,26.0225,18.8037,26.0225,18.8037,1.3475000000000001,-1.1550000000000011,0.648403448275862,1.3386999999999993,-0.1443499999999993,0
136,weave,1.0046917390351775,1.1500777451981234,0.8969617048681622,0.25311604032996127,24.950962016294632,26.879939176456485,21.338363632200103,5.541575544256382,0.035190000000000006,0.040586309480431695,-0.0378,0.122,0.1598,0.122,-0.09140000000000001,0.0756,-0.0796,-0.003151724137931035,0.0611,-0.06095,0,-0.17631,0.051532964675786525,-0.2833,-0.0816,0.2017,0.2833,-0.03280000000000001,0.10599999999999998,-0.142,-0.0011310344827586201,0.07139999999999999,-0.08455000000000001,0,0.9863533333333333,0.05403691416017409,0.8743,1.1249,0.25060000000000004,1.1249,-0.13639999999999997,0.10299999999999998,-0.15059999999999996,-0.004703448275862067,0.08605000000000002,-0.068,0,0.5941166666666667,1.8299433021334264,-1.7675,4.4275,6.195,4.4275,0.7175,4.654999999999999,-2.24,0.024741379310344824,2.5025,-1.5750000000000002,0,0.3841233333333333,1.6559007151403429,-3.325,4.095,7.42,4.095,-4.5237,2.52,-3.8413000000000004,-0.15598965517241378,1.66245,-3.7274000000000003,2,24.82404666666667,1.4402945380608152,21.2625,26.8713,5.608800000000002,26.8713,1.8900000000000006,1.3386999999999993,-1.1550000000000011,0.06517241379310347,1.1900000000000013,-0.5906000000000002,0
137,weave,1.005382199901703,1.083614571699735,0.8993282103881765,0.1842863613115585,23.928340839460567,25.756513469994346,23.07518952663228,2.6813239433620666,0.029380000000000003,0.03003746396384539,-0.0378,0.0977,0.1355,0.0977,0.0911,0.0922,-0.054599999999999996,0.0031413793103448272,0.04525,-0.03815,0,-0.16016666666666665,0.031991090713782665,-0.2318,-0.0816,0.1502,0.2318,-0.033999999999999975,0.10599999999999998,-0.0658,-0.0011724137931034475,0.04214999999999999,-0.047099999999999975,0,0.9911933333333334,0.05021464227544167,0.8799,1.065,0.18509999999999993,1.065,0.08829999999999993,0.12249999999999994,-0.13250000000000006,0.003044827586206894,0.09049999999999991,-0.08124999999999999,0,0.43721,1.0854042162508732,-1.3038,3.255,4.5588,3.255,-2.4938000000000002,2.0125,-1.8374,-0.08599310344827588,1.1549999999999998,-1.3081,0,-0.1875433333333333,1.3841762337175514,-3.1762,2.7912,5.9674,3.1762,-2.3712999999999997,2.3449999999999998,-3.8413000000000004,-0.0817689655172414,1.93375,-2.14375,1,23.862130000000004,0.680313894666177,22.995,25.5938,2.5988000000000007,25.5938,-1.5838,0.9011999999999993,-1.0148999999999972,-0.05461379310344828,0.3586999999999989,-0.6651000000000025,0
138,weave,1.0234463665409792,1.15217889669964,0.9164984888149026,0.23568040788473743,26.330527029422225,27.79163718423224,23.178367805563877,4.613269378668363,0.05474666666666667,0.03211344903923281,-0.0032,0.1288,0.132,0.1288,0.05059999999999999,0.06709999999999999,-0.0848,0.0017448275862068962,0.033449999999999994,-0.0383,0,-0.14765333333333336,0.03900130619681181,-0.2148,-0.0698,0.145,0.2148,-0.015399999999999997,0.0817,-0.10099999999999999,-0.0005310344827586201,0.0467,-0.039900000000000005,0,1.00994,0.05424990449697618,0.894,1.1424,0.24840000000000007,1.1424,-0.024699999999999944,0.13740000000000008,-0.22140000000000004,-0.0008517241379310326,0.09024999999999994,-0.06000000000000005,0,0.9870000000000001,0.8397337049162751,-0.8313,2.205,3.0363,2.205,0.12260000000000004,1.715,-1.8462999999999998,0.004227586206896561,1.26,-1.05875,0,0.22225,0.8956272299344186,-1.19,2.1088,3.2988,2.1088,2.5112,2.6425,-3.2988,0.08659310344827587,2.6425,-1.1025,0,26.282649999999997,1.3121541119932105,23.1087,27.79,4.6813,27.79,1.9338000000000015,1.2513000000000005,-0.6563000000000017,0.0666827586206897,0.8837499999999991,-0.5119000000000007,0
139,weave,1.0171356866026895,1.15217889669964,0.8857254258516011,0.26645347084803894,24.093597238718193,27.690433427088138,19.184349256099356,8.506084170988782,0.07261000000000001,0.03146762265983989,0.012,0.1288,0.1168,0.1288,0.017199999999999993,0.06709999999999999,-0.1002,0.0005931034482758613,0.038599999999999995,-0.04305,0,-0.10983000000000001,0.040727413033653306,-0.1815,0.0017,0.1832,0.1815,0.06949999999999999,0.1017,-0.10099999999999999,0.0023965517241379313,0.06355000000000001,-0.06385,0,1.00731,0.05502058141559707,0.8747,1.1424,0.26770000000000005,1.1424,-0.18200000000000005,0.12840000000000007,-0.22140000000000004,-0.006275862068965519,0.09024999999999994,-0.22140000000000004,0,0.93186,0.9485032254503173,-0.9538,2.8612,3.8150000000000004,2.8612,2.1175,2.31,-2.0126,0.07301724137931037,1.1594,-1.0675,0,0.2140933333333333,0.9720843119859488,-1.2337,2.1088,3.3425000000000002,2.1088,-3.0362999999999998,2.3099,-3.2988,-0.10469999999999997,1.1069,-3.2988,0,24.037116666666666,2.188187194142493,19.1187,27.5975,8.4788,27.5975,-8.4788,0.3324999999999996,-1.1463,-0.2923724137931034,0.1006499999999999,-1.1463,0
140,weave,1.0148312810460998,1.0860954792282305,0.962070298886729,0.12402518034150145,14.051039545249635,23.01661099228121,2.5577409114294594,20.45887008085175,0.12160000000000001,0.03704935198837655,0.0647,0.1846,0.11989999999999999,0.1846,0.0985,0.0666,-0.05950000000000001,0.0033965517241379313,0.0504,-0.027200000000000002,0,-0.005873333333333332,0.06591984648737845,-0.126,0.0775,0.20350000000000001,0.126,0.1775,0.1017,-0.09469999999999999,0.006120689655172414,0.1017,-0.06385,1,1.0047666666666668,0.02981083271440831,0.9559,1.0795,0.12359999999999993,1.0795,-0.028100000000000014,0.08200000000000007,-0.09009999999999996,-0.0009689655172413797,0.046599999999999975,-0.05354999999999993,0,1.2477366666666674,0.8380785106351946,-0.9538,2.9137,3.8674999999999997,2.9137,-1.2337999999999998,1.225,-2.0126,-0.04254482758620688,0.97565,-1.0675,0,0.03267000000000001,0.7450872039451212,-1.3388,1.505,2.8438,1.505,-0.1662,1.9338000000000002,-2.38,-0.005731034482758609,1.1069,-1.1156,0,13.933506666666666,6.894328902347721,2.4237,22.9862,20.5625,22.9862,-20.3876,0.17490000000000094,-1.3125,-0.7030206896551724,0.17490000000000094,-1.2206000000000001,0
141,weave,1.0168056913916697,1.0422388689739028,0.9750782840367229,0.06716058493717991,2.5784380759667798,9.867191533055392,0.41281882224530414,9.454372710810087,0.15548333333333333,0.012552265445571646,0.125,0.1846,0.059599999999999986,0.1846,-0.009200000000000014,0.029899999999999982,-0.02429999999999999,-0.0003172413793103453,0.019849999999999993,-0.017699999999999994,0,0.056246666666666674,0.018354849651989153,0.0199,0.0851,0.0652,0.0851,0.024,0.0418,-0.029700000000000004,0.0008275862068965517,0.0418,-0.0265,0,1.0030433333333335,0.013245498476277052,0.9665,1.0263,0.059799999999999964,1.0263,-0.016199999999999992,0.043200000000000016,-0.03069999999999995,-0.0005586206896551722,0.020600000000000007,-0.029899999999999982,0,0.8076066666666668,0.43864404148060276,0.0962,1.9075,1.8113,1.9075,-0.9888,0.7174,-1.0937999999999999,-0.03409655172413791,0.31935,-0.6606,0,0.23042333333333334,0.3105801531098649,-0.4112,0.9187,1.3298999999999999,0.9187,-0.3325,1.0324,-1.3298999999999999,-0.011465517241379283,0.65185,-0.6475,0,1.8430399999999998,3.1362670436969027,-0.6562,9.6775,10.3337,9.6775,-9.8438,0.18370000000000003,-1.2511999999999999,-0.33944137931034485,0.14,-1.2337000000000007,0
142,weave,0.9939956206351607,1.0663477200238203,0.8394341784797662,0.22691354154405408,0.5696382045666175,1.5971243314156855,0.18929144196185943,1.4078328894538261,0.01735,0.014223214390080988,-0.0539,0.0308,0.0847,0.0539,-0.0068000000000000005,0.0784,-0.08030000000000001,-0.00023448275862069027,0.04235,-0.0407,0,0.045066666666666665,0.010174624735377082,-0.0018,0.065,0.0668,0.065,0.005199999999999996,0.0461,-0.0461,0.00017931034482758607,0.0334,-0.0238,0,0.99267,0.033898073895032785,0.8377,1.0651,0.22739999999999994,1.0651,0.007299999999999973,0.1897000000000001,-0.22739999999999994,0.00025172413793103356,0.07929999999999993,-0.07405,0,0.43925666666666674,0.27815470848176327,0.035,1.4438,1.4088,1.4438,-0.45489999999999997,0.7701,-1.2774999999999999,-0.015686206896551723,0.7701,-0.35005,0,0.037336666666666664,0.2639457225856565,-0.5863,0.7613,1.3476,0.7613,-0.2187,1.3476,-1.2513,-0.007541379310344831,0.26255,-0.8225,0,-0.028003333333333345,0.25631716543932553,-0.3675,0.5775,0.9450000000000001,0.5775,0.8137,0.37629999999999997,-0.1488,0.02805862068965517,0.2319,-0.13999999999999999,0
143,clockwise_circle,0.9960603677706817,1.00786102712626,0.9866159435160168,0.021245083610243243,0.535838632015561,1.197563284340331,0.2704391243884657,0.9271241599518654,-0.011026666666666666,0.04750390135218539,-0.1125,0.0251,0.1376,0.1125,-0.1278,0.010799999999999999,-0.036199999999999996,-0.004406896551724138,0.00375,-0.03065,0,0.02503,0.00563781261079887,0.0178,0.0376,0.0198,0.0376,0.0137,0.012200000000000003,-0.009000000000000005,0.0004724137931034483,0.006550000000000002,-0.0048000000000000004,0,0.9945766666666668,0.004272500950007643,0.9862,1.0044,0.018199999999999994,1.0044,-0.0038000000000000256,0.010900000000000132,-0.01540000000000008,-0.00013103448275862158,0.00764999999999999,-0.005350000000000021,0,0.28847,0.12603146883985378,0.0,0.6037,0.6037,0.6037,-0.35000000000000003,0.39380000000000004,-0.5863,-0.012068965517241383,0.1925,-0.3849,0,0.20212000000000002,0.3045893441204471,-0.3237,0.9275,1.2511999999999999,0.9275,0.2012,0.5337,-0.2712,0.006937931034482761,0.25375000000000003,-0.2625,0,0.006716666666666689,0.3655916707375097,-1.1463,0.385,1.5313,1.1463,-1.5313,0.10499999999999998,-0.2713,-0.05280344827586208,0.0612,-0.24065000000000003,0
144,clockwise_circle,1.0015542063734915,1.0331700198902405,0.9760180787260039,0.05715194116423661,4.393021029744347,12.767381804034843,0.5147299680414965,12.252651835993346,-0.10024333333333332,0.04013362751448296,-0.1479,0.022,0.1699,0.1479,-0.09009999999999999,0.025800000000000017,-0.036199999999999996,-0.0031068965517241373,0.0247,-0.036199999999999996,0,0.05614,0.0258289145646155,0.0219,0.1074,0.08549999999999999,0.1074,0.08249999999999999,0.023,-0.028000000000000004,0.0028448275862068963,0.0185,-0.009150000000000002,0,0.9938266666666667,0.012470819272739594,0.9661,1.0268,0.060699999999999976,1.0268,-0.008099999999999996,0.057599999999999985,-0.060699999999999976,-0.0002793103448275861,0.024800000000000044,-0.017949999999999966,0,0.5200433333333334,0.39738144159791455,-0.2975,1.6187,1.9162,1.6187,0.49879999999999997,0.9712,-0.8049000000000001,0.0172,0.45935,-0.8049000000000001,0,0.13970333333333332,0.46965402562057235,-1.1463,0.9275,2.0738000000000003,1.1463,-1.1987,0.7876000000000001,-1.4526000000000001,-0.041334482758620686,0.5687500000000001,-0.8311999999999999,0,-4.19271,3.9706012379218096,-12.7137,0.1925,12.9062,12.7137,-12.9062,0.0088,-1.0151000000000003,-0.44504137931034476,-0.004350000000000001,-0.9712499999999995,0
145,clockwise_circle,0.998074971224707,1.0351316727837092,0.949304087213365,0.0858275855703442,14.538597140594494,20.2676306908331,5.641910747255755,14.625719943577346,-0.06214666666666667,0.034195913582577765,-0.1332,0.0181,0.15130000000000002,0.1332,0.07100000000000001,0.0747,-0.056900000000000006,0.002448275862068966,0.025099999999999997,-0.03215,0,0.10555666666666666,0.022155293340159272,0.0483,0.1423,0.094,0.1423,0.08109999999999998,0.04390000000000001,-0.0402,0.00279655172413793,0.026150000000000007,-0.017400000000000006,0,0.9897100000000001,0.020916341573697494,0.9404,1.0268,0.08639999999999992,1.0268,-0.058700000000000085,0.057599999999999985,-0.060699999999999976,-0.0020241379310344857,0.03410000000000002,-0.046600000000000086,0,0.3628433333333333,0.646088713180203,-0.665,1.6187,2.2837,1.6187,0.9276,0.9712,-1.6362,0.03198620689655172,0.7,-0.875,0,-0.2753366666666667,0.6561539230075217,-1.89,1.19,3.08,1.89,-1.5401,3.08,-2.5812999999999997,-0.05310689655172412,0.5687500000000001,-2.5812999999999997,0,-14.501373333333332,4.4079800573687855,-20.1863,-5.635,14.5513,20.1863,-14.5513,0.28000000000000114,-1.1724999999999994,-0.5017689655172414,0.15750000000000064,-1.1724999999999994,0
146,clockwise_circle,1.0016440218113898,1.0841904030196912,0.9426251959289016,0.14156520709078957,22.565808239290142,27.552849278795104,17.562740905963395,9.99010837283171,0.0033133333333333335,0.03786441995925165,-0.0847,0.0891,0.1738,0.0891,0.0738,0.0811,-0.056900000000000006,0.0025448275862068976,0.0531,-0.048799999999999996,1,0.16444333333333336,0.042621402130153224,0.0969,0.2596,0.1627,0.2596,0.08259999999999999,0.05199999999999999,-0.0426,0.0028482758620689656,0.021750000000000005,-0.026099999999999998,0,0.98653,0.03409202707884687,0.9264,1.0599,0.13350000000000006,1.0599,-0.024499999999999966,0.13200000000000012,-0.06830000000000003,-0.0008448275862068953,0.06675000000000003,-0.047699999999999965,0,0.16683999999999993,1.1278551599354874,-2.6775,2.345,5.022500000000001,2.6775,-0.35009999999999997,1.8987000000000003,-1.8637000000000001,-0.012072413793103455,1.0281,-1.6669,1,-0.3925866666666666,0.7585336824441608,-1.89,1.19,3.08,1.89,-0.4988,3.08,-2.5812999999999997,-0.017199999999999965,0.7306,-1.1156000000000001,0,-22.522496666666665,3.4693841083638772,-27.5187,-17.5525,9.9662,27.5187,-9.878700000000002,0.29749999999999943,-1.1724999999999994,-0.34064482758620696,0.21875,-0.9450000000000003,0
147,clockwise_circle,1.0070268698104174,1.0841904030196912,0.8975301109155057,0.18666029210418544,26.906115760613112,27.552849278795104,25.0984863426064,2.454362936188705,0.04055000000000001,0.030571654101189203,-0.0171,0.1271,0.1442,0.1271,0.004500000000000004,0.08689999999999999,-0.055799999999999995,0.0001551724137931036,0.06075,-0.037849999999999995,0,0.19205666666666665,0.02562378586975099,0.1401,0.2596,0.1195,0.2596,-0.0247,0.059199999999999975,-0.07819999999999999,-0.0008517241379310344,0.032049999999999995,-0.03745,0,0.9869833333333333,0.04368937441508645,0.8762,1.0637,0.1875000000000001,1.0637,0.0009999999999998899,0.13200000000000012,-0.12070000000000003,3.4482758620685855e-05,0.06675000000000003,-0.05615000000000003,0,-0.30012999999999995,0.9267134985416532,-2.6775,1.7938,4.4713,2.6775,-1.7412999999999998,1.8987000000000003,-1.8637000000000001,-0.06004482758620688,1.0325000000000002,-1.6669,0,-0.5970366666666665,0.9107738806710717,-2.5025,1.1025,3.605,2.5025,0.01749999999999996,1.3912,-1.295,0.0006034482758620791,1.3912,-1.1156000000000001,0,-26.867453333333334,0.5671071447347452,-27.5187,-25.0425,2.4761999999999986,27.5187,-2.1525,0.5687999999999995,-1.1724999999999994,-0.07422413793103448,0.25375000000000014,-0.9450000000000003,0
148,clockwise_circle,1.0032877756424419,1.0990035987202227,0.8975301109155057,0.20147348780471697,26.97234855072224,27.797340702484473,25.804563296827947,1.9927774056565255,0.032633333333333334,0.03562646568874415,-0.0553,0.1271,0.1824,0.1271,-0.1108,0.09759999999999999,-0.0837,-0.0038206896551724137,0.0392,-0.0439,2,0.18795333333333333,0.02503029520722677,0.1108,0.2408,0.13,0.2408,0.06659999999999999,0.06749999999999999,-0.060399999999999995,0.0022965517241379306,0.05829999999999999,-0.037950000000000005,0,0.9841000000000001,0.049460579914890224,0.8762,1.0721,0.19590000000000007,1.0721,-0.08060000000000012,0.15200000000000002,-0.1381,-0.00277931034482759,0.062049999999999994,-0.05615000000000003,0,-0.2371333333333334,1.1052660810343622,-1.9075,2.3187,4.2262,2.3187,2.5374999999999996,3.2637,-2.0213,0.08750000000000001,1.5006000000000002,-1.1375,0,-0.5127366666666666,0.9708475452898885,-3.1762,0.7613,3.9375,3.1762,0.9887,2.4675,-1.9162000000000001,0.03409310344827587,1.5662,-1.16375,0,-26.92754,0.5316087221982356,-27.7812,-25.795,1.9861999999999966,27.7812,-0.026199999999999335,1.0938000000000017,-0.8399999999999999,-0.000903448275862046,0.6387499999999999,-0.39374999999999893,0
149,clockwise_circle,1.015822238425744,1.1228252134682404,0.9092718900306992,0.2135533234375412,26.74866074862978,27.346538169940267,25.804563296827947,1.54197487311232,0.029949999999999994,0.030528898124394455,-0.0553,0.0895,0.14479999999999998,0.0895,0.015899999999999997,0.09759999999999999,-0.0871,0.0005482758620689659,0.0392,-0.0837,1,0.20428666666666664,0.03882053076910982,0.1108,0.2913,0.1805,0.2913,0.0643,0.1378,-0.0942,0.002217241379310345,0.04820000000000001,-0.060399999999999995,0,0.9935700000000002,0.04111380462854882,0.9008,1.0834,0.18259999999999987,1.0834,0.04389999999999994,0.15200000000000002,-0.09279999999999988,0.0015137931034482739,0.07999999999999996,-0.09229999999999994,0,0.35379333333333324,0.9999130399890933,-1.82,2.3187,4.1387,2.3187,-0.1925,3.2637,-2.0213,-0.006637931034482755,1.5006000000000002,-1.21185,0,-0.4969900000000001,0.8911239533540659,-2.6775,1.4438,4.1213,2.6775,0.28,2.6425,-1.995,0.009655172413793142,2.1962,-1.2819,0,-26.70937333333333,0.376577535115974,-27.265,-25.795,1.4699999999999989,27.265,0.14000000000000057,0.7175000000000011,-0.6911999999999985,0.004827586206896571,0.7175000000000011,-0.39374999999999893,0
150,clockwise_circle,1.0197212262669144,1.18944945247791,0.8880305231240647,0.3014189293538453,26.97223509751931,27.959720355897698,26.11901075251511,1.8407096033825887,0.05342,0.03535899046772337,-0.0107,0.1466,0.1573,0.1466,-0.005599999999999999,0.10370000000000001,-0.06659999999999999,-0.00019310344827586114,0.05595,-0.050850000000000006,0,0.1995166666666667,0.03728814254843815,0.1427,0.2913,0.1486,0.2913,-0.04830000000000001,0.1378,-0.07850000000000001,-0.0016655172413793107,0.04820000000000001,-0.07850000000000001,0,0.9973966666666666,0.06363464401990654,0.8674,1.17,0.3026,1.17,-0.12380000000000002,0.2761999999999999,-0.20299999999999996,-0.00426896551724138,0.07184999999999997,-0.12724999999999997,0,0.11636999999999999,1.0507715582797506,-2.4237,2.2575,4.6812000000000005,2.4237,-0.14,2.4412000000000003,-2.8263,-0.004827586206896533,1.4219,-1.21185,1,-0.6644133333333334,1.039818165381559,-2.6775,1.225,3.9025000000000003,2.6775,-0.44619999999999993,2.7300000000000004,-3.2813,-0.015386206896551692,1.8288000000000002,-1.2337500000000001,0,-26.924623333333333,0.4110694720069735,-27.9037,-26.1012,1.802500000000002,27.9037,-0.9975000000000023,0.7524999999999977,-0.7348999999999997,-0.03439655172413801,0.4286999999999992,-0.7348999999999997,0
151,clockwise_circle,1.016870881396956,1.18944945247791,0.8880305231240647,0.3014189293538453,28.00913426277947,30.256594246213503,26.11901075251511,4.1375834936983935,0.06727999999999999,0.0301819813796245,0.0088,0.1466,0.1378,0.1466,0.028000000000000004,0.10370000000000001,-0.06659999999999999,0.0009655172413793098,0.05595,-0.050850000000000006,0,0.19949333333333336,0.03392681711478738,0.1427,0.2738,0.1311,0.2738,0.0582,0.0945,-0.07900000000000001,0.002006896551724138,0.05500000000000002,-0.04819999999999999,0,0.9939166666666668,0.0618999029765455,0.8674,1.17,0.3026,1.17,-0.006199999999999983,0.2761999999999999,-0.20299999999999996,-0.00021379310344827527,0.07950000000000002,-0.12724999999999997,0,0.2826166666666667,0.974941822873809,-2.4237,1.8987,4.3224,2.4237,2.4237,2.4412000000000003,-1.4963000000000002,0.08357586206896553,0.8531500000000001,-1.1156000000000001,0,-0.56058,0.8980340011226823,-2.0563,1.225,3.2813,2.0563,0.49,2.485,-3.2813,0.01689655172413789,2.485,-1.2337500000000001,0,-27.971413333333338,1.1349253600653837,-30.1787,-26.1012,4.077500000000001,30.1787,-3.5,0.8661999999999992,-0.875,-0.1206896551724138,0.5775000000000006,-0.6343499999999995,0
152,clockwise_circle,1.0225271308349029,1.1141246833276786,0.9570417859215972,0.1570828974060814,30.015221329087254,31.106181828376172,28.537551149844656,2.568630678531516,0.07277,0.022152779073733732,0.0151,0.1166,0.10149999999999999,0.1166,-0.009400000000000006,0.06509999999999999,-0.0576,-0.00032413793103448297,0.025,-0.03315,0,0.21729000000000004,0.030771688174415262,0.1532,0.2762,0.123,0.2762,0.0338,0.09340000000000001,-0.0754,0.0011655172413793102,0.05979999999999999,-0.0435,0,0.9958199999999999,0.038995007638025346,0.9199,1.0785,0.15859999999999996,1.0785,0.0353,0.11119999999999985,-0.11280000000000012,0.0012172413793103448,0.07809999999999995,-0.04760000000000003,0,0.5007800000000001,0.8409482121083771,-0.9975,1.9775,2.975,1.9775,-1.3737,1.7938,-2.0300000000000002,-0.047368965517241395,1.47,-1.1375000000000002,0,-0.9461600000000001,0.8697164776226077,-2.5638,0.3325,2.8963,2.5638,0.5249,2.5987999999999998,-2.6075,0.018099999999999977,1.5662,-1.19875,0,-29.972836666666662,0.6637276266679718,-31.0888,-28.4725,2.616299999999999,31.0888,-1.2512000000000008,0.9186999999999976,-0.8399999999999999,-0.04314482758620692,0.5162499999999994,-0.463750000000001,0
153,clockwise_circle,1.016692100942994,1.113146270711985,0.9407980867327485,0.17234818397923657,28.64935406083374,30.795816342321565,26.907981245162187,3.8878350971593783,0.05384333333333333,0.028693765793326935,-0.009,0.1023,0.1113,0.1023,-0.025999999999999995,0.058,-0.060200000000000004,-0.0008965517241379309,0.02665,-0.04865,0,0.2033166666666667,0.038308143397647355,0.1318,0.265,0.1332,0.265,-0.056900000000000006,0.11789999999999998,-0.09599999999999997,-0.0019620689655172417,0.04794999999999999,-0.054099999999999995,0,0.9936666666666665,0.043135442930166024,0.9062,1.0787,0.1725,1.0787,-0.08360000000000012,0.13079999999999992,-0.14980000000000004,-0.0028827586206896594,0.06729999999999997,-0.11280000000000012,0,0.026833333333333327,0.72518814934748,-1.7325,1.1287,2.8612,1.7325,-1.0588,2.7824999999999998,-2.4413,-0.036510344827586215,1.1244,-1.1288,0,-0.7335433333333333,0.8930364477573066,-2.7738,0.8225,3.5963000000000003,2.7738,0.1925,2.7826,-2.5463,0.006637931034482736,1.20315,-1.19875,0,-28.61802666666667,1.2117287063881326,-30.7825,-26.9062,3.8763000000000005,30.7825,3.6400000000000006,1.198800000000002,-0.6738,0.12551724137931036,0.9186999999999976,-0.39374999999999893,0
154,clockwise_circle,1.0068732741607198,1.0931119521805623,0.9070880993597039,0.18602385282085843,27.9689646620627,29.011215962623833,26.945636870929583,2.06557909169425,0.05220333333333334,0.026286609720059233,-0.0075,0.0905,0.098,0.0905,-0.02489999999999999,0.0612,-0.0561,-0.0008586206896551721,0.0346,-0.0523,0,0.2059666666666667,0.03119294055118698,0.1568,0.2893,0.1325,0.2893,-0.0325,0.10789999999999997,-0.0995,-0.0011206896551724137,0.08460000000000001,-0.03890000000000002,0,0.9835233333333334,0.04332954461775024,0.8913,1.0675,0.1761999999999999,1.0675,-0.034399999999999986,0.12329999999999997,-0.13159999999999994,-0.0011862068965517237,0.05735000000000001,-0.08120000000000005,0,-0.31792,0.8561196791941231,-1.8725,1.7675,3.64,1.8725,-0.4288,2.0124,-2.4937,-0.01478620689655173,1.5181,-0.93185,0,-0.5982066666666666,0.5646044541173895,-1.925,0.3938,2.3188,1.925,1.5312000000000001,1.645,-1.2951,0.05280000000000002,1.645,-0.7787999999999999,0,-27.94254,0.5773399480256037,-29.0063,-26.915,2.0913000000000004,29.0063,0.7175000000000011,0.6999999999999993,-0.8399999999999999,0.024741379310344865,0.40690000000000026,-0.5425500000000003,0
155,clockwise_circle,0.9966463507786912,1.0641840160423384,0.9070880993597039,0.15709591668263445,26.511278618594666,27.673504250455885,25.16161951405354,2.5118847364023438,0.04020333333333334,0.020371201500518143,-0.0075,0.0849,0.09240000000000001,0.0849,0.0092,0.0637,-0.0561,0.0003172413793103448,0.0346,-0.0561,0,0.19928666666666667,0.027611850695861997,0.1554,0.266,0.1106,0.266,0.01949999999999999,0.0821,-0.09330000000000002,0.0006724137931034479,0.04310000000000001,-0.0281,0,0.9751933333333332,0.03432724798207668,0.8913,1.0306,0.13929999999999998,1.0306,-0.02070000000000005,0.11640000000000006,-0.08829999999999993,-0.0007137931034482776,0.05735000000000001,-0.03744999999999998,0,0.21788000000000002,0.9018794102432374,-1.2687,2.0387,3.3074,2.0387,2.6337,2.0124,-2.4937,0.09081724137931033,2.0124,-0.93185,0,-0.5465933333333334,0.5942694192978835,-1.9688,0.385,2.3538,1.9688,-1.7675,1.3913,-1.26,-0.060948275862068954,0.6825,-0.9276000000000002,0,-26.48333666666667,0.7228910389031236,-27.615,-25.1562,2.4588,27.615,1.067499999999999,0.48130000000000095,-0.6738,0.036810344827586175,0.3893500000000003,-0.6738,0
156,clockwise_circle,1.0085500049987501,1.1041469874975884,0.9478338725747251,0.15631311492286337,27.218025703260604,29.165017531796547,25.16161951405354,4.003398017743006,0.06353333333333333,0.021696072000016157,0.0182,0.1081,0.08990000000000001,0.1081,0.010300000000000004,0.0637,-0.0575,0.0003551724137931038,0.0309,-0.03365,0,0.21659,0.03821646467707071,0.1139,0.2815,0.16759999999999997,0.2815,-0.054400000000000004,0.16210000000000002,-0.1028,-0.0018758620689655174,0.052349999999999994,-0.0857,0,0.9820600000000002,0.03423867142121105,0.917,1.0756,0.15859999999999985,1.0756,-0.0024999999999999467,0.10439999999999994,-0.1057999999999999,-8.62068965517223e-05,0.041649999999999965,-0.05214999999999992,0,-0.045203333333333345,1.250113887634831,-2.1263,3.4388,5.5651,3.4388,-0.08760000000000001,3.2463,-2.6163,-0.0030206896551724484,2.78255,-1.5794000000000001,2,-0.6233066666666666,0.751647623297776,-1.9688,1.0325,3.0013,1.9688,-1.1987999999999999,1.8813000000000002,-1.6625999999999999,-0.04133793103448274,1.11125,-0.8487500000000001,0,-27.17342,1.249845025262098,-29.1287,-25.1562,3.9725,29.1287,-2.2399999999999984,0.8838000000000008,-1.0501000000000005,-0.07724137931034478,0.4112000000000009,-0.5250000000000004,0
157,clockwise_circle,1.0208767366388272,1.1063869757006362,0.9478338725747251,0.1585531031259111,28.69506112394684,29.167443300536302,27.478580865466835,1.688862435069467,0.055549999999999995,0.02389208136023603,0.0182,0.1261,0.1079,0.1261,-0.017999999999999995,0.0576,-0.10769999999999999,-0.0006206896551724129,0.036449999999999996,-0.0339,0,0.22188666666666668,0.040338787130086554,0.1139,0.2815,0.16759999999999997,0.2815,-0.014899999999999997,0.16210000000000002,-0.1028,-0.0005137931034482758,0.05314999999999999,-0.1028,0,0.9938600000000001,0.04205606766670188,0.917,1.0878,0.17080000000000006,1.0878,0.04930000000000001,0.10840000000000005,-0.08030000000000004,0.0017000000000000003,0.05730000000000002,-0.0605,0,-0.17295999999999997,1.2598577488392666,-1.8375,3.4388,5.2763,3.4388,-4.3575,2.0387,-2.6163,-0.15025862068965518,1.52245,-2.6163,0,-0.6393366666666666,1.0633337188177157,-2.6775,1.5225,4.2,2.6775,-2.17,1.5663,-2.205,-0.07482758620689653,1.47,-1.1199999999999999,0,-28.641663333333334,0.36701614498297047,-29.1287,-27.4662,1.6624999999999979,29.1287,-0.05249999999999844,0.8838000000000008,-1.0501000000000005,-0.001810344827586153,0.8838000000000008,-0.37625000000000064,0
158,clockwise_circle,1.0122668407839666,1.0928960563566874,0.947185947953199,0.14571010840348841,26.729693262150246,29.083175770194014,23.792001863861728,5.291173906332286,0.033126666666666665,0.01861878794035251,-0.0124,0.0593,0.0717,0.0593,0.0006999999999999992,0.0613,-0.0482,2.413793103448273e-05,0.02135,-0.0382,0,0.2045533333333334,0.033616054593553685,0.1561,0.2777,0.12160000000000001,0.2777,-0.09889999999999999,0.067,-0.07949999999999996,-0.0034103448275862066,0.04514999999999998,-0.07949999999999996,0,0.9901366666666668,0.03907906647786778,0.9292,1.0787,0.14949999999999997,1.0787,0.02729999999999999,0.1056999999999999,-0.10539999999999994,0.0009413793103448273,0.06879999999999997,-0.05575000000000002,0,-0.29051,0.9014789856789173,-1.9775,2.4237,4.4012,2.4237,-1.9863,1.4087,-2.8175,-0.06849310344827585,1.4087,-1.1506,0,-0.28612000000000004,0.7834128111600264,-1.5662,1.4612,3.0274,1.5662,0.3063,2.1174,-2.2923999999999998,0.010562068965517242,1.1463,-1.5137,0,-26.700913333333332,1.9548615560352012,-29.0238,-23.7825,5.2413000000000025,29.0238,4.768699999999999,1.2598999999999982,-0.2801000000000009,0.16443793103448273,0.7699499999999997,-0.15755000000000052,0
159,clockwise_circle,1.012387734581557,1.1128206594056382,0.9200418360052982,0.19277882340034003,27.626985562570415,28.71227405222373,25.680926650531905,3.031347401691825,0.045633333333333324,0.03273951881066707,-0.0275,0.1039,0.13140000000000002,0.1039,-0.0723,0.0715,-0.10729999999999999,-0.0024931034482758626,0.05375,-0.0521,0,0.2056066666666667,0.03791223015601033,0.1188,0.2853,0.16649999999999998,0.2853,0.021299999999999986,0.12669999999999998,-0.12309999999999999,0.0007344827586206887,0.12669999999999998,-0.07665,0,0.9890866666666666,0.04438304843637653,0.9079,1.0873,0.1793999999999999,1.0873,-0.06999999999999984,0.1050000000000001,-0.13869999999999993,-0.0024137931034482704,0.1050000000000001,-0.11669999999999991,0,0.49961999999999995,0.914555896521404,-1.1287,2.66,3.7887000000000004,2.66,-1.3913,2.6512000000000002,-2.5462,-0.04797586206896552,1.4043999999999999,-2.065,0,-0.8006233333333334,1.018874453936822,-3.1237,1.4963,4.62,3.1237,-1.8725,2.0388,-2.4499999999999997,-0.06456896551724137,1.4,-2.4499999999999997,0,-27.577959999999997,0.8611764934248879,-28.665,-25.5763,3.0886999999999993,28.665,-2.922599999999999,0.6649999999999991,-1.1023999999999994,-0.10077931034482755,0.18815000000000026,-0.5774999999999988,0
160,clockwise_circle,1.0224033811975644,1.0996554051156207,0.9200418360052982,0.17961356911032245,28.562018592184597,29.08072998138114,27.86525475731381,1.2154752240673297,0.05193666666666666,0.026934191618849815,0.0044,0.1039,0.0995,0.1039,0.0317,0.0539,-0.09730000000000001,0.0010931034482758626,0.0539,-0.047700000000000006,0,0.20920999999999998,0.034702592072519946,0.1188,0.2721,0.1533,0.2721,0.024200000000000027,0.12669999999999998,-0.09110000000000001,0.0008344827586206901,0.0753,-0.07665,0,0.9985666666666668,0.0446150301976837,0.9109,1.0706,0.15969999999999995,1.0706,-0.014999999999999902,0.11130000000000007,-0.11130000000000007,-0.0005172413793103415,0.07609999999999995,-0.058199999999999974,0,0.4952433333333334,1.0225716758229726,-1.3563,2.3975,3.7538,2.3975,-0.08760000000000012,2.5462,-2.3012,-0.003020689655172441,1.5794000000000001,-1.1813,0,-0.7851666666666668,0.8812911145051601,-2.485,1.2862,3.7712,2.485,-1.4000000000000001,1.8638,-1.3563,-0.048275862068965475,0.90125,-1.1681,0,-28.516250000000003,0.29753022419637454,-28.9363,-27.8512,1.0851000000000006,28.9363,-0.6563000000000017,0.47250000000000014,-0.7349999999999994,-0.022631034482758678,0.3193999999999999,-0.39369999999999905,0
161,clockwise_circle,1.0236053485013248,1.1154292581782137,0.9626050540070937,0.15282420417111997,28.680860061934496,29.08072998138114,27.942946560804927,1.1377834205762127,0.06721333333333332,0.017870332442604286,0.03,0.0993,0.0693,0.0993,0.011899999999999994,0.042899999999999994,-0.0371,0.0004103448275862069,0.0339,-0.02805,0,0.21878999999999998,0.03432285204370105,0.1393,0.2755,0.13620000000000002,0.2755,-0.0461,0.12499999999999997,-0.1292,-0.0015896551724137932,0.05065,-0.04530000000000001,0,0.9969866666666665,0.040201284362167036,0.9267,1.082,0.1553000000000001,1.082,-0.06240000000000001,0.1553000000000001,-0.10470000000000002,-0.002151724137931035,0.07480000000000003,-0.06729999999999992,0,0.5366566666666667,0.9099611790443679,-1.3563,2.3975,3.7538,2.3975,-1.575,1.6275,-1.4087,-0.05431034482758621,1.5794000000000001,-1.0412,0,-1.02318,0.7889820134307508,-2.485,0.3675,2.8525,2.485,-1.5837999999999999,1.8375000000000001,-1.8113000000000001,-0.05461379310344828,1.2075,-1.575,0,-28.6332,0.22783632055824024,-28.9188,-27.93,0.9888000000000012,28.9188,-0.026199999999999335,0.39369999999999905,-0.7437000000000005,-0.000903448275862046,0.32370000000000054,-0.3849999999999998,0
162,clockwise_circle,1.0220106210749547,1.1108834547332136,0.9485154136860402,0.1623680410471734,28.611816378885184,29.277161227994764,27.426041642752605,1.8511195852421594,0.06361333333333333,0.020059510313638975,0.0082,0.093,0.0848,0.093,-0.048600000000000004,0.04739999999999999,-0.05229999999999999,-0.001675862068965518,0.022699999999999998,-0.040100000000000004,0,0.22469666666666666,0.03147252204190444,0.173,0.3016,0.1286,0.3016,0.023899999999999977,0.10879999999999998,-0.10299999999999998,0.000824137931034482,0.06219999999999998,-0.049199999999999994,0,0.9942833333333333,0.04078714370918883,0.9248,1.0816,0.15679999999999994,1.0816,0.06720000000000015,0.13339999999999985,-0.09360000000000002,0.00231724137931035,0.07119999999999993,-0.07449999999999996,0,0.016609999999999975,0.754933482957045,-1.12,1.4612,2.5812,1.4612,-1.9863,1.3212000000000002,-1.4525000000000001,-0.06849310344827585,0.7963,-1.0500500000000001,0,-0.7612533333333334,0.8013042987070746,-2.2313,0.56,2.7913,2.2313,1.8024999999999998,1.855,-1.7937,0.06215517241379308,1.6275,-0.8268500000000001,0,-28.581276666666668,0.4446064060867019,-29.1987,-27.4137,1.7850000000000001,29.1987,0.7701000000000029,0.6650999999999989,-0.7261999999999986,0.026555172413793203,0.2712500000000002,-0.3849999999999998,0
163,clockwise_circle,1.0088252642146585,1.0729431345602618,0.8904693930731139,0.1824737414871479,22.67210692379488,24.068867866603114,20.83213014504278,3.236737721560335,0.03888666666666666,0.01856170944367098,0.0034,0.0793,0.0759,0.0793,0.0308,0.06129999999999999,-0.0583,0.001062068965517241,0.0395,-0.028600000000000004,0,0.17984666666666665,0.024755211688594514,0.1376,0.2258,0.0882,0.2258,-0.012399999999999994,0.0744,-0.06709999999999999,-0.0004275862068965515,0.0368,-0.026050000000000004,0,0.9914933333333334,0.03733870999871067,0.8765,1.0568,0.18030000000000002,1.0568,-0.022499999999999964,0.15290000000000015,-0.12730000000000008,-0.000775862068965516,0.04795000000000005,-0.047650000000000026,0,0.024496666666666656,0.8205354868382717,-1.435,1.8987,3.3337000000000003,1.8987,-2.0475,2.0126,-1.5137,-0.07060344827586208,1.0237,-1.1812,0,-0.3129566666666666,0.6821330887855331,-1.9512,0.7437,2.6949,1.9512,-0.9012,2.2749,-2.1,-0.03107586206896552,1.1681,-1.0150000000000001,0,-22.64587,0.8949319400629453,-24.0537,-20.8075,3.246199999999998,24.0537,1.0498999999999974,0.8924999999999983,-0.8661999999999992,0.03620344827586198,0.6430999999999987,-0.5774499999999989,0
164,clockwise_circle,1.0009057839333237,1.0521021148158576,0.8890905240750235,0.16301159074083404,23.210961612048152,24.791741136313924,20.83213014504278,3.959610991271145,0.050596666666666665,0.02152173694011569,-0.0024,0.0903,0.0927,0.0903,0.05890000000000001,0.0716,-0.049,0.0020310344827586214,0.053700000000000005,-0.02255,0,0.18893999999999997,0.027370832701228157,0.1444,0.2491,0.10469999999999999,0.2491,0.05349999999999999,0.0744,-0.07680000000000001,0.0018448275862068962,0.0744,-0.02804999999999999,0,0.9810733333333335,0.033203831658132614,0.8728,1.0338,0.16100000000000003,1.0338,0.03820000000000001,0.1028,-0.0868000000000001,0.0013172413793103453,0.058599999999999985,-0.044999999999999984,0,0.039659999999999994,0.5835721913206271,-1.435,1.0063,2.4413,1.435,1.0413,2.0126,-1.5137,0.03590689655172414,2.0126,-1.0281,0,-0.4783266666666666,0.5683710553025612,-1.6975,0.595,2.2925,1.6975,0.8488,1.3912,-1.3387,0.029268965517241386,0.8137,-0.75685,0,-23.192160000000005,1.2064332682575611,-24.7887,-20.8075,3.9811999999999976,24.7887,-3.044999999999998,0.621299999999998,-0.8661999999999992,-0.10499999999999994,0.47250000000000014,-0.5774499999999989,0
165,clockwise_circle,1.004708942107897,1.0859417065386152,0.9316544477433679,0.1542872587952473,25.29872521984466,27.946233620472007,23.740567337365803,4.205666283106204,0.05961333333333334,0.022521495224039564,0.0215,0.1024,0.0809,0.1024,0.013000000000000012,0.0565,-0.056499999999999995,0.0004482758620689659,0.028849999999999997,-0.02255,0,0.20203,0.033153583568722646,0.1261,0.2655,0.13940000000000002,0.2655,-0.043300000000000005,0.09840000000000002,-0.0849,-0.0014931034482758621,0.04195,-0.061200000000000004,0,0.9816433333333333,0.03922812751720055,0.9187,1.0549,0.1362,1.0549,0.0040999999999999925,0.11869999999999992,-0.10009999999999997,0.00014137931034482733,0.06890000000000007,-0.044999999999999984,0,0.11403666666666666,0.7889811113876153,-1.785,1.5838,3.3688000000000002,1.785,1.085,1.3561999999999999,-1.0501,0.03741379310344826,0.8925500000000001,-0.9099999999999999,0,-0.40365999999999996,0.8689724445454586,-1.8025,2.2137,4.0161999999999995,2.2137,2.7474,2.4237,-1.6362999999999999,0.09473793103448278,2.0999,-1.1025,0,-25.26911666666667,1.260361140659715,-27.9387,-23.7125,4.226200000000002,27.9387,-3.5174999999999983,0.4463000000000008,-0.6387,-0.1212931034482758,0.38500000000000156,-0.4637499999999992,0
166,clockwise_circle,1.0188839209315559,1.1008465560649223,0.9469088762916946,0.1539376797732277,28.022566297387034,29.223964338022313,25.716624844252014,3.5073394937702993,0.06689000000000002,0.02240754721993894,0.0281,0.1144,0.0863,0.1144,-0.003700000000000002,0.06470000000000001,-0.0622,-0.00012758620689655155,0.025150000000000002,-0.0332,0,0.21991333333333332,0.033672824746919905,0.1457,0.2655,0.11980000000000002,0.2655,-0.10599999999999998,0.09840000000000002,-0.0938,-0.003655172413793103,0.0397,-0.0938,0,0.9918599999999999,0.04250742409801227,0.9245,1.0733,0.14879999999999993,1.0733,-0.04049999999999998,0.12119999999999986,-0.1370999999999999,-0.0013965517241379304,0.04614999999999997,-0.10009999999999997,0,0.0002866666666666758,1.077249763160747,-2.1613,1.575,3.7363,2.1613,0.5250999999999999,2.1263,-2.5374999999999996,0.018106896551724164,1.68875,-1.42625,0,-0.7282966666666668,1.2195246344893722,-3.0275,2.2137,5.241199999999999,3.0275,-0.28869999999999996,2.0999,-2.905,-0.0099551724137931,1.4743499999999998,-1.4305999999999999,1,-27.968196666666664,0.9434791434506842,-29.1987,-25.7075,3.491199999999999,29.1987,-2.3187999999999995,0.6123999999999974,-0.7525000000000013,-0.07995862068965516,0.3149000000000015,-0.6125000000000007,0
167,clockwise_circle,1.0175307659120565,1.114210186634461,0.9236085155519085,0.19060167108255244,25.201433579274227,26.506508283438617,23.76726241997593,2.7392458634626884,0.035673333333333335,0.02838054133445628,-0.0239,0.0903,0.11420000000000001,0.0903,-0.014699999999999998,0.0919,-0.08950000000000001,-0.0005068965517241374,0.040749999999999995,-0.0468,0,0.18899666666666667,0.0341464440854119,0.1304,0.2923,0.16190000000000002,0.2923,0.012700000000000017,0.10270000000000001,-0.12310000000000001,0.0004379310344827592,0.10270000000000001,-0.059050000000000005,0,0.9983433333333332,0.04679817033951687,0.9084,1.0953,0.18689999999999996,1.0953,-0.06979999999999997,0.17780000000000007,-0.1258999999999999,-0.002406896551724137,0.08370000000000005,-0.062049999999999994,0,-0.08632999999999999,1.3678847622742454,-2.94,2.5812,5.5212,2.94,-0.9887999999999999,1.9512,-2.0562,-0.03409655172413793,1.8812,-1.65815,2,-0.7781666666666666,0.6996721080981968,-2.8875,0.2625,3.1500000000000004,2.8875,-0.7173999999999999,2.3363,-2.835,-0.024737931034482793,1.4175,-1.3649,0,-25.144006666666666,0.7424078180015922,-26.4688,-23.7475,2.721300000000003,26.4688,2.2836999999999996,1.0762999999999998,-0.5862000000000016,0.07874827586206895,0.581900000000001,-0.4811999999999994,0
168,clockwise_circle,1.0100931277920417,1.0643007516674974,0.9448857920404985,0.11941495962699888,23.57526246152471,24.23899978216923,22.813878770827202,1.4251210113420285,0.04704666666666667,0.029143186739499394,-0.0138,0.1103,0.12409999999999999,0.1103,0.0092,0.0634,-0.0692,0.0003172413793103453,0.04355,-0.045450000000000004,0,0.17414000000000002,0.043189339361499365,0.08,0.2508,0.1708,0.2508,-0.052199999999999996,0.12469999999999999,-0.1455,-0.0018,0.0441,-0.0453,0,0.99257,0.033127758440775076,0.931,1.0477,0.11670000000000003,1.0477,-0.0383,0.10289999999999999,-0.08999999999999997,-0.0013206896551724138,0.045849999999999946,-0.06940000000000013,0,0.5693333333333334,0.8800528312249933,-1.12,2.8087,3.9287,2.8087,-0.4026,2.0999999999999996,-2.485,-0.013882758620689644,1.11125,-1.575,0,-0.7854599999999999,0.8719484003240021,-2.7213,0.8662,3.5875,2.7213,0.6474,2.1963,-1.8986999999999998,0.022324137931034507,1.17245,-1.51375,0,-23.52380333333333,0.3553162025317858,-24.22,-22.7588,1.461199999999998,24.22,-0.39369999999999905,1.0412,-0.9450000000000003,-0.013575862068965484,0.48125000000000107,-0.5556000000000001,0
169,clockwise_circle,1.023383207968272,1.1543161871861627,0.9181565552780201,0.2361596319081426,24.587746976109184,25.80459806177961,22.813878770827202,2.990719290952409,0.060586666666666664,0.02367943576525673,0.0171,0.1103,0.09319999999999999,0.1103,-0.006099999999999998,0.0634,-0.0638,-0.00021034482758620695,0.0634,-0.042300000000000004,0,0.17977,0.034148904662597485,0.12,0.2386,0.11860000000000001,0.2386,0.06190000000000001,0.09690000000000001,-0.09940000000000002,0.00213448275862069,0.051199999999999996,-0.04675,0,1.0048766666666669,0.037739165454410924,0.9033,1.1367,0.23340000000000005,1.1367,0.04710000000000003,0.1584000000000001,-0.11680000000000001,0.0016241379310344838,0.0756,-0.06305000000000005,0,0.64517,1.0112128501850193,-1.2862,2.8525,4.1387,2.8525,0.23619999999999997,1.8113,-1.9162,0.008144827586206892,1.01505,-1.3388,0,-0.6489600000000001,0.8596759768897694,-2.7213,0.8662,3.5875,2.7213,0.84,2.205,-1.8638,0.028965517241379298,2.205,-1.1594,0,-24.536459999999998,0.9631516203911349,-25.7775,-22.7588,3.018699999999999,25.7775,-1.3825000000000003,1.0412,-0.8223999999999982,-0.047672413793103455,0.47685000000000066,-0.4855999999999998,0
170,clockwise_circle,1.026604412455643,1.1543161871861627,0.9551128990857574,0.19920328810040533,25.826679265565364,26.284212463378086,25.48030496049841,0.8039075028796745,0.052719999999999996,0.023425647600807998,0.0058,0.0939,0.0881,0.0939,0.0,0.058,-0.042300000000000004,-2.3927220358300787e-19,0.02965,-0.028399999999999995,0,0.18825333333333336,0.03346978805794381,0.1235,0.2386,0.11510000000000001,0.2386,0.039699999999999985,0.10930000000000001,-0.10420000000000001,0.0013689655172413788,0.04590000000000001,-0.04675,0,1.0070866666666667,0.03860568774723203,0.9423,1.1367,0.19440000000000002,1.1367,0.025800000000000045,0.14700000000000002,-0.11680000000000001,0.0008896551724137947,0.14700000000000002,-0.06305000000000005,0,0.7828300000000001,0.9768586398104967,-1.3038,2.8525,4.1563,2.8525,-0.15749999999999997,1.8113,-1.7587,-0.0054310344827586425,1.04565,-1.5488,0,-0.8464199999999998,0.6668064597457202,-2.205,0.2188,2.4238,2.205,-0.26250000000000007,2.205,-1.6187,-0.009051724137931053,1.01065,-0.9537500000000001,0,-25.774583333333332,0.23909846490419023,-26.2237,-25.375,0.8487000000000009,26.2237,-0.2187000000000019,0.6998999999999995,-0.3763000000000005,-0.007541379310344893,0.3631000000000011,-0.27999999999999936,0
171,clockwise_circle,1.022462274153395,1.0928695713579002,0.9551128990857574,0.13775667227214283,25.824998741483903,26.2283312982355,25.156628623287343,1.0717026749481562,0.0621,0.030122565719361314,0.01,0.1418,0.1318,0.1418,0.005999999999999998,0.0944,-0.09540000000000001,0.00020689655172413812,0.0609,-0.038450000000000005,0,0.1915066666666667,0.026667918648771057,0.1487,0.2437,0.095,0.2437,-0.024400000000000005,0.08099999999999999,-0.0713,-0.0008413793103448278,0.028999999999999998,-0.047500000000000014,0,1.0017433333333334,0.03523997224286878,0.9409,1.0718,0.13090000000000013,1.0718,0.00539999999999996,0.11570000000000003,-0.08820000000000006,0.00018620689655172277,0.057549999999999935,-0.048400000000000054,0,0.1525466666666667,0.7022718374028645,-1.96,1.0762,3.0362,1.96,-0.9274,2.485,-1.9338,-0.031979310344827545,0.63,-1.0369,0,-0.5670000000000001,0.876952821441657,-2.135,1.2513,3.3863,2.135,0.6738000000000001,3.36,-2.6425,0.02323448275862068,1.2731,-1.3169,0,-25.794703333333327,0.2700271678328239,-26.1975,-25.1213,1.0762,26.1975,-0.026199999999999335,0.7261999999999986,-0.875,-0.000903448275862046,0.37185000000000024,-0.3849999999999998,0
172,clockwise_circle,1.0132772116379014,1.0881829855313856,0.9389623794380689,0.14922060609331667,25.987339788079503,26.45724306914838,24.668484999894094,1.7887580692542855,0.051446666666666675,0.013616438678995715,0.0231,0.0739,0.0508,0.0739,-0.0010000000000000009,0.0499,-0.046,-3.448275862068993e-05,0.014249999999999995,-0.024300000000000002,0,0.19224000000000002,0.026536293949075182,0.1357,0.2596,0.12390000000000001,0.2596,-0.061700000000000005,0.12390000000000001,-0.08470000000000003,-0.002127586206896552,0.031149999999999997,-0.0436,0,0.9931399999999999,0.03731709971359621,0.9182,1.0712,0.1529999999999999,1.0712,-0.019099999999999895,0.10570000000000002,-0.09149999999999991,-0.0006586206896551688,0.044550000000000034,-0.08819999999999995,0,-0.12192333333333334,0.7207025172720704,-1.3125,1.2337,2.5462,1.3125,-2.5462,1.4087,-1.7588,-0.08779999999999999,0.8049999999999999,-0.9450000000000001,0,-0.4990333333333334,0.6596681393117213,-1.6888,1.3563,3.0451,1.6888,1.3212,3.0451,-2.0563000000000002,0.04555862068965517,0.9319,-0.9450000000000001,0,-25.964463333333338,0.328079256071407,-26.4513,-24.6313,1.8200000000000003,26.4513,1.2774999999999999,0.9187000000000012,-0.49879999999999924,0.04405172413793103,0.9187000000000012,-0.30189999999999984,0
173,clockwise_circle,0.999398954910428,1.0606687795914425,0.9212383404960954,0.13943043909534703,24.401728984238016,26.45724306914838,23.082828561075438,3.3744145080729417,0.04236333333333333,0.019183568459767195,0.0,0.0798,0.0798,0.0798,-0.025599999999999998,0.0559,-0.06559999999999999,-0.0008827586206896548,0.020499999999999997,-0.0399,0,0.17819666666666667,0.026092243309450036,0.1303,0.2304,0.1001,0.2304,0.003500000000000003,0.07769999999999999,-0.06639999999999999,0.0001206896551724139,0.031149999999999997,-0.06639999999999999,0,0.9819366666666666,0.03851134614122434,0.9062,1.0409,0.13469999999999993,1.0409,-0.04489999999999994,0.10030000000000006,-0.11139999999999994,-0.0015482758620689635,0.042750000000000066,-0.10320000000000007,0,-0.04784,0.9787444312960883,-1.6187,1.9425,3.5612,1.9425,0.56,1.7499,-1.7850000000000001,0.019310344827586198,1.58375,-0.86625,0,-0.4348633333333333,0.7813793985454597,-1.6888,1.3563,3.0451,1.6888,-0.3062,3.0451,-2.0563000000000002,-0.010558620689655226,0.9494,-1.1681,0,-24.366419999999998,1.129041961713711,-26.4513,-23.0387,3.412600000000001,26.4513,2.3887,0.9187000000000012,-0.39380000000000237,0.08236896551724138,0.7262500000000003,-0.3587999999999987,0
174,clockwise_circle,0.9998420440030557,1.065790237335659,0.9212383404960954,0.1445518968395635,24.62916203891444,27.22070083833258,23.082828561075438,4.1378722772571415,0.05024666666666666,0.021475161808765113,0.0,0.1071,0.1071,0.1071,0.038,0.06,-0.0507,0.0013103448275862063,0.0361,-0.019649999999999997,0,0.19520666666666667,0.0333254684974527,0.1303,0.2638,0.13349999999999998,0.2638,0.007000000000000006,0.09409999999999999,-0.0781,0.0002413793103448278,0.033549999999999996,-0.0781,0,0.9785466666666668,0.042846910590221526,0.8941,1.0399,0.14580000000000004,1.0399,-0.05879999999999996,0.12570000000000003,-0.11139999999999994,-0.0020275862068965503,0.05199999999999999,-0.06309999999999993,0,0.11432333333333336,0.7360231137128374,-1.6187,1.3737,2.9924,1.6187,1.8462999999999998,1.7499,-1.7762,0.0636655172413793,1.4263,-0.8137000000000001,0,-0.55241,0.8814782925525616,-2.9313,1.5488,4.4801,2.9313,1.7499,3.3163,-2.3537999999999997,0.060341379310344834,2.3537,-1.1856499999999999,0,-24.59712666666667,1.1495511123712696,-27.195,-23.0387,4.156300000000002,27.195,-3.7974999999999994,0.5513000000000012,-1.0673999999999992,-0.13094827586206895,0.245000000000001,-0.57315,0
175,clockwise_circle,1.012991634294856,1.1030990572020267,0.9342434425780038,0.16885561462402288,26.207545043648715,27.383345531545267,24.66069746844156,2.7226480631037084,0.05912666666666668,0.022846382545214875,0.0132,0.1102,0.097,0.1102,0.015399999999999997,0.06,-0.0578,0.0005310344827586206,0.06,-0.04225,0,0.20438666666666666,0.0293697443818885,0.1545,0.2638,0.10929999999999998,0.2638,-0.024499999999999994,0.058699999999999974,-0.0869,-0.0008448275862068963,0.03315,-0.03434999999999999,0,0.9897133333333333,0.04535842493565752,0.8941,1.0746,0.1805,1.0746,-0.0021999999999999797,0.11750000000000005,-0.13030000000000008,-7.586206896551654e-05,0.07740000000000002,-0.07389999999999997,0,0.02420333333333331,0.9089298237329791,-1.96,2.2225,4.1825,2.2225,-2.8613,1.4263,-2.2575,-0.09866551724137931,1.32125,-2.2575,0,-0.6728799999999999,1.1262504010179546,-3.22,1.5488,4.768800000000001,3.22,2.0300000000000002,3.3163,-2.3537999999999997,0.06999999999999999,2.24005,-1.29935,0,-26.16046333333334,0.6210067474136926,-27.37,-24.6313,2.7387000000000015,27.37,-1.1900000000000013,1.3825000000000003,-1.0673999999999992,-0.04103448275862073,0.6343999999999994,-0.57315,0
176,clockwise_circle,1.0051804542287486,1.1053807353124987,0.9416606660575771,0.16372006925492155,25.555191732402346,27.004306412496508,23.879706759924836,3.1245996525716713,0.03453333333333333,0.02744783558244474,-0.0292,0.0801,0.10930000000000001,0.0801,0.0465,0.0887,-0.0745,0.0016034482758620692,0.0809,-0.0467,0,0.19621999999999998,0.034830054402127664,0.1276,0.2826,0.15500000000000003,0.2826,-0.019800000000000012,0.1266,-0.1117,-0.0006827586206896556,0.05965000000000001,-0.042499999999999996,0,0.9843666666666666,0.04313537098351025,0.9198,1.0757,0.15590000000000015,1.0757,-0.045700000000000074,0.14410000000000012,-0.14890000000000014,-0.0015758620689655198,0.06935000000000002,-0.07110000000000005,0,0.22807666666666665,0.7944169719352995,-1.2687,1.9338,3.2024999999999997,1.9338,-0.6124999999999999,1.9249,-2.1,-0.021120689655172404,1.33,-1.2425,0,-0.7422966666666666,0.801459551965526,-2.3625,0.6825,3.045,2.3625,-1.6450999999999998,2.3975,-2.5025,-0.05672758620689655,1.5006499999999998,-1.6975999999999998,0,-25.51906666666667,1.0213971274455516,-26.9587,-23.8787,3.080000000000002,26.9587,2.283800000000003,0.8225000000000016,-0.5248999999999988,0.07875172413793113,0.4330999999999996,-0.28439999999999976,0
177,clockwise_circle,1.011566132560499,1.1214153467828056,0.9041581498830833,0.21725719689972234,24.55303327609708,25.081965661407,23.879706759924836,1.202258901482164,0.038579999999999996,0.029580042199965233,-0.0292,0.0991,0.1283,0.0991,0.030099999999999995,0.0809,-0.0743,0.0010379310344827595,0.04295,-0.0467,0,0.18215999999999996,0.03940320834127859,0.1143,0.2718,0.15749999999999997,0.2718,0.059500000000000025,0.14139999999999997,-0.15749999999999997,0.0020517241379310355,0.05560000000000001,-0.05084999999999999,0,0.9932133333333333,0.047581673763760345,0.8918,1.0865,0.19469999999999998,1.0865,-0.07169999999999987,0.15860000000000007,-0.15339999999999987,-0.002472413793103444,0.09179999999999999,-0.07419999999999993,0,0.24704333333333334,0.9182643855941354,-1.2687,1.9338,3.2024999999999997,1.9338,0.9888,2.4675000000000002,-2.5813,0.03409655172413793,1.33,-1.0588,0,-0.43896666666666656,0.8523854293861932,-2.1788,1.2775,3.4562999999999997,2.1788,-1.8113000000000001,2.1174999999999997,-2.2663,-0.0624586206896552,1.7281499999999999,-1.5226000000000002,0,-24.516916666666667,0.2952927945958556,-25.0075,-23.8787,1.1288000000000018,25.0075,-0.4200000000000017,0.5600000000000023,-0.7787000000000006,-0.014482758620689713,0.38500000000000156,-0.40690000000000026,0
178,clockwise_circle,1.0224682216194303,1.0887327312063324,0.9041581498830833,0.1845745813232491,24.746202951721582,25.397496458903188,24.031931537851886,1.365564921051302,0.059320000000000005,0.02831578577645217,0.0057,0.1127,0.107,0.1127,0.0067000000000000046,0.08120000000000001,-0.0693,0.00023103448275862084,0.039049999999999994,-0.06099999999999999,0,0.17756666666666662,0.039801900260764134,0.1094,0.2639,0.15450000000000003,0.2639,0.017499999999999988,0.10910000000000003,-0.1395,0.0006034482758620686,0.0603,-0.0678,0,1.0040366666666667,0.04207961651960224,0.8918,1.0824,0.1906,1.0824,-0.1049000000000001,0.09179999999999999,-0.15339999999999987,-0.0036172413793103485,0.06639999999999996,-0.05800000000000016,0,0.004666666666666708,0.9491960225345459,-1.8288,1.6975,3.5263,1.8288,1.3476000000000001,2.8263,-2.0126,0.046468965517241376,1.5575,-1.0588,0,-0.6982499999999998,1.1452379255135077,-2.7125,2.0738,4.7863,2.7125,-2.8175,3.4038,-4.2,-0.0971551724137931,1.77625,-4.2,1,-24.693089999999998,0.29522022562942707,-25.2262,-23.9312,1.2949999999999982,25.2262,-1.0412,0.7000999999999991,-0.7787000000000006,-0.03590344827586207,0.4419000000000004,-0.4986999999999995,0
179,clockwise_circle,1.017385975538823,1.0837683931541833,0.9363506768300005,0.14741771632418277,25.480280515432757,26.597398803830423,24.55703000812598,2.040368795704442,0.06413,0.023894526136970053,0.0057,0.1127,0.107,0.1127,0.020799999999999992,0.0587,-0.06099999999999999,0.000717241379310345,0.0379,-0.0513,0,0.17388333333333333,0.02260109981048883,0.1191,0.2216,0.1025,0.2216,0.01050000000000001,0.08020000000000001,-0.0857,0.0003620689655172417,0.032,-0.03435,0,0.9998533333333335,0.03816080073378544,0.9165,1.0636,0.14710000000000012,1.0636,0.05390000000000006,0.10240000000000005,-0.13780000000000003,0.0018586206896551744,0.051700000000000024,-0.05365000000000003,0,0.4824066666666667,0.9190319712022831,-1.2075,2.4237,3.6312,2.4237,-0.9623999999999999,1.6713,-1.8374000000000001,-0.03318620689655171,1.6713,-1.0236999999999998,0,-0.6063799999999998,0.9906515266088344,-2.7125,1.4875,4.2,2.7125,-0.28879999999999995,2.1612999999999998,-4.2,-0.009958620689655162,1.8462,-2.0651,0,-25.433633333333333,0.5507784324110698,-26.5562,-24.4737,2.0824999999999996,26.5562,-0.8312999999999988,0.7175000000000011,-0.4986999999999995,-0.02866551724137927,0.411249999999999,-0.3368500000000001,0
180,clockwise_circle,1.0245522061579837,1.123067526910114,0.9648736393953355,0.15819388751477848,25.50717644979021,26.478959287328493,23.49460869008037,2.984350597248124,0.05264666666666666,0.02468000353955898,0.0002,0.1042,0.104,0.1042,0.023400000000000004,0.0559,-0.0679,0.0008068965517241378,0.04175,-0.052,0,0.18465,0.0403134507372518,0.1156,0.2933,0.17770000000000002,0.2933,0.061200000000000004,0.17770000000000002,-0.1413,0.002110344827586208,0.07450000000000001,-0.04485,0,1.0054433333333332,0.038468856040405876,0.954,1.1051,0.1511,1.1051,0.1401,0.12090000000000001,-0.1008,0.004831034482758621,0.12090000000000001,-0.05335000000000001,0,-0.0058299999999999776,0.7860401929488303,-1.2687,1.7413,3.01,1.7413,0.1225,2.4675000000000002,-1.9249,0.0042241379310345014,0.9931000000000001,-1.2381,0,-0.5194466666666666,0.9005509121273119,-2.0912,1.3388,3.43,2.0912,2.0300000000000002,2.3011999999999997,-2.4413,0.07,2.3011999999999997,-1.30375,0,-25.474753333333332,0.5854483903360964,-26.4075,-23.4675,2.9399999999999977,26.4075,1.6274999999999977,1.2949999999999982,-0.5863000000000014,0.056120689655172334,1.2949999999999982,-0.5031499999999998,0
181,clockwise_circle,1.0157801982896861,1.1150597921187904,0.9371149662661461,0.17794482585264426,24.130095324597686,26.24902581525646,22.51731146540368,3.73171434985278,0.043006666666666665,0.019349025340031866,0.0002,0.1042,0.104,0.1042,-0.012400000000000001,0.0559,-0.0637,-0.0004275862068965524,0.04175,-0.052,0,0.17686000000000002,0.03772549307280433,0.1156,0.2933,0.17770000000000002,0.2933,0.04569999999999999,0.17770000000000002,-0.1413,0.0015758620689655168,0.0494,-0.04485,0,0.9985233333333334,0.03694627677880535,0.9171,1.0951,0.17799999999999994,1.0951,0.02639999999999998,0.12090000000000001,-0.0996999999999999,0.0009103448275862062,0.060450000000000004,-0.048299999999999954,0,-0.13825000000000004,0.6295216584425637,-1.2687,1.2075,2.4762,1.2687,0.595,2.4675000000000002,-1.9249,0.02051724137931033,1.0587,-1.2381,0,-0.20212666666666668,0.8728444862605265,-1.47,1.7675,3.2375,1.7675,-0.2188,2.3011999999999997,-3.0362,-0.0075448275862069385,1.4043999999999999,-1.47,0,-24.10596333333333,1.086581726930308,-26.18,-22.4875,3.692499999999999,26.18,1.0762,1.2949999999999982,-0.559899999999999,0.03711034482758621,0.6387499999999999,-0.48999999999999844,0
182,clockwise_circle,1.0072785194027365,1.0805800109200614,0.9261683918165207,0.15441161910354073,23.72689415628901,24.980652751279337,22.663427056383153,2.317225694896184,0.038536666666666664,0.018487898807026466,-0.0124,0.0744,0.08679999999999999,0.0744,0.0031999999999999945,0.0368,-0.0441,0.00011034482758620767,0.03265,-0.0318,0,0.17627999999999996,0.029385527753969475,0.1067,0.243,0.13629999999999998,0.243,-0.021100000000000008,0.11239999999999999,-0.10679999999999999,-0.000727586206896552,0.03484999999999999,-0.04949999999999999,0,0.9904,0.041215430655737795,0.9111,1.0658,0.15470000000000006,1.0658,0.018600000000000172,0.10710000000000008,-0.10940000000000005,0.0006413793103448335,0.07760000000000011,-0.049699999999999855,0,-0.06183666666666667,0.5903543345596214,-1.0675,1.2075,2.275,1.2075,-0.735,1.1812,-1.33,-0.025344827586206906,0.9056,-1.2512999999999999,0,-0.3316166666666667,0.7852093466003228,-1.7062,1.9863,3.6925,1.9863,-0.2188,2.59,-3.0362,-0.0075448275862069055,1.1769,-0.91875,0,-23.704923333333337,0.6762109855828935,-24.9638,-22.6625,2.3012999999999977,24.9638,-0.20120000000000005,0.5950999999999986,-0.621299999999998,-0.00693793103448276,0.2931000000000008,-0.48999999999999844,0
183,clockwise_circle,1.0099317759903854,1.0805800109200614,0.9261683918165207,0.15441161910354073,22.589192880308506,23.30836327780224,21.831882445863435,1.4764808319388045,0.043973333333333336,0.017969186908731276,-0.0105,0.0837,0.09419999999999999,0.0837,-0.0023999999999999994,0.037,-0.0555,-8.275862068965527e-05,0.023600000000000003,-0.03245,0,0.17168999999999998,0.030597423263157758,0.1067,0.2191,0.11239999999999999,0.2191,0.01849999999999999,0.11239999999999999,-0.10679999999999999,0.0006379310344827587,0.033,-0.03994999999999999,0,0.9937166666666666,0.03574428416648895,0.9111,1.0658,0.15470000000000006,1.0658,0.0847,0.10710000000000008,-0.05790000000000006,0.002920689655172414,0.06699999999999995,-0.03365000000000001,0,0.05308999999999999,0.8002108684806042,-1.575,1.5925,3.1675,1.5925,1.3387,1.9075,-1.33,0.046162068965517215,0.91435,-1.1593499999999999,0,-0.26687,0.7358909786899425,-1.9338,1.9863,3.9200999999999997,1.9863,-2.1001,1.9426,-2.0563,-0.07241724137931034,1.4262000000000001,-2.0563,0,-22.56216333333333,0.4696213856401507,-23.2838,-21.7962,1.4876000000000005,23.2838,1.2162000000000006,0.5950999999999986,-0.621299999999998,0.04193793103448278,0.4156500000000012,-0.36315000000000097,0
184,clockwise_circle,1.018293002947387,1.090577122444809,0.9276958014349316,0.1628813210098775,24.660408616743307,26.39153257334632,22.165113144082977,4.226419429263345,0.05574666666666665,0.022731623625330377,0.0146,0.1135,0.0989,0.1135,0.0012999999999999956,0.0606,-0.08839999999999999,4.4827586206895684e-05,0.03105,-0.043449999999999996,0,0.19423333333333337,0.031727289823434805,0.1252,0.2445,0.11929999999999999,0.2445,0.025900000000000006,0.05790000000000001,-0.08249999999999999,0.0008931034482758623,0.03949999999999999,-0.059649999999999995,0,0.9972766666666667,0.03742402587434545,0.905,1.0691,0.1640999999999999,1.0691,0.0010999999999999899,0.1400999999999999,-0.08599999999999997,3.793103448275827e-05,0.08400000000000007,-0.04364999999999997,0,0.1974633333333333,1.1256660815845367,-2.5988,2.8788,5.477600000000001,2.8788,-0.6563,2.2488,-2.0912,-0.022631034482758633,1.2775500000000002,-1.4393500000000001,1,-0.5909133333333333,1.1693139992241643,-3.2113,1.1725,4.3838,3.2113,-0.4111999999999999,2.1174999999999997,-3.5088,-0.014179310344827594,1.5574999999999999,-1.4437499999999999,0,-24.60237,1.2333989460444046,-26.145,-22.1375,4.0075,26.145,-3.6487000000000016,0.6738,-0.7963000000000022,-0.1258172413793104,0.15744999999999898,-0.5294000000000008,0
185,clockwise_circle,1.0024339343425497,1.0605572544657833,0.9293234851223766,0.1312337693434067,26.09546808250101,26.56950671597047,25.429106435932823,1.140400280037646,0.04372666666666667,0.023644988290637145,0.0062,0.103,0.0968,0.103,-0.051699999999999996,0.0606,-0.08839999999999999,-0.001782758620689655,0.03105,-0.043449999999999996,0,0.18762333333333334,0.03344006149282142,0.1252,0.2445,0.11929999999999999,0.2445,-0.056400000000000006,0.05790000000000001,-0.08249999999999999,-0.0019448275862068967,0.03949999999999999,-0.059649999999999995,0,0.9830099999999999,0.033573566675441924,0.915,1.0457,0.13070000000000004,1.0457,-0.08150000000000002,0.0804999999999999,-0.09399999999999986,-0.0028103448275862077,0.05625000000000002,-0.04074999999999995,0,-0.3231733333333333,1.1183659098121175,-2.5988,1.7062,4.305,2.5988,0.7174999999999999,2.4938000000000002,-1.9426,0.024741379310344837,1.2775500000000002,-1.8813,0,-0.44479666666666673,0.9808111349298084,-3.2113,1.5137,4.725,3.2113,-0.1050000000000002,2.1174999999999997,-3.5088,-0.003620689655172402,1.41755,-1.1025,0,-26.048743333333334,0.2722171606277421,-26.5562,-25.4188,1.1373999999999995,26.5562,-0.29739999999999966,0.7349999999999994,-0.48130000000000095,-0.010255172413793092,0.3893500000000003,-0.3893500000000003,0
186,clockwise_circle,0.9984618948742242,1.0934066078088243,0.9234952355047643,0.16991137230405995,25.156771569535866,26.508289748303266,23.395928088665343,3.112361659637923,0.032633333333333334,0.02495668431410757,-0.0171,0.1088,0.12589999999999998,0.1088,0.040499999999999994,0.06269999999999999,-0.0619,0.0013965517241379304,0.06269999999999999,-0.0465,0,0.17814333333333332,0.040114926995023836,0.1093,0.2601,0.1508,0.2601,-0.021799999999999986,0.09390000000000001,-0.09390000000000001,-0.0007517241379310341,0.051500000000000004,-0.0471,0,0.98093,0.03870598412256884,0.9109,1.0706,0.15969999999999995,1.0706,0.057600000000000096,0.08509999999999995,-0.09719999999999995,0.0019862068965517273,0.05920000000000014,-0.05754999999999999,0,-0.25404333333333334,1.2982227558934332,-2.8438,2.0738,4.9176,2.8438,-3.2375000000000003,2.0124999999999997,-2.9749,-0.11163793103448277,1.4263,-1.58375,2,-0.88287,0.8238725341442337,-3.1325,0.7962,3.9287,3.1325,0.7000000000000001,1.7587,-2.8175,0.024137931034482783,1.7062499999999998,-1.4830999999999999,0,-25.094406666666668,1.1032952519871875,-26.4163,-23.2838,3.1325000000000003,26.4163,3.1325000000000003,0.6737000000000002,-0.48130000000000095,0.10801724137931036,0.5336999999999996,-0.2668999999999997,0
187,clockwise_circle,1.0033671486893825,1.109009147843245,0.911589869403999,0.1974192784392459,23.221136782767317,24.520901958941067,21.53564035802047,2.985261600920598,0.02210333333333333,0.031138904409373367,-0.0205,0.1042,0.1247,0.1042,-0.0492,0.11120000000000001,-0.0896,-0.0016965517241379299,0.04635,-0.061,0,0.16227333333333332,0.04498684814195285,0.0664,0.2601,0.19369999999999998,0.2601,0.05579999999999999,0.0951,-0.11320000000000001,0.0019241379310344828,0.08629999999999999,-0.048400000000000006,0,0.98858,0.040407914895560955,0.9067,1.0863,0.1796000000000001,1.0863,-0.007000000000000006,0.0867,-0.11660000000000004,-0.0002413793103448278,0.057099999999999984,-0.06280000000000002,0,0.01983666666666665,1.2786197365433403,-2.3275,2.275,4.6025,2.3275,0.48119999999999985,2.2838000000000003,-2.4937,0.016593103448275873,1.5750000000000002,-1.2031,2,-0.6950299999999999,0.8596242804572962,-2.3712,1.2687,3.6399,2.3712,0.245,2.625,-3.6399,0.008448275862068958,1.1593499999999999,-1.2555999999999998,0,-23.16095666666667,0.6999659812833929,-24.465,-21.3937,3.071300000000001,24.465,0.3500000000000014,1.4263000000000012,-1.5838,0.012068965517241428,0.8574999999999999,-0.818150000000001,0
188,clockwise_circle,1.0262583346234155,1.1483439075468638,0.9151747647307589,0.2331691428161049,24.658493049232224,26.21413315503681,23.77468577478996,2.4394473802468504,0.05133999999999999,0.028989339300912815,-0.0088,0.1366,0.1454,0.1366,-0.035500000000000004,0.0948,-0.0776,-0.0012241379310344827,0.043550000000000005,-0.05865,0,0.17902,0.029488412686318344,0.112,0.2211,0.10909999999999999,0.2211,0.010999999999999982,0.10690000000000001,-0.060499999999999984,0.0003793103448275856,0.042749999999999996,-0.038549999999999994,0,1.0084633333333335,0.04941747201375122,0.9065,1.1244,0.2179000000000001,1.1244,-0.0908000000000001,0.16679999999999995,-0.10309999999999997,-0.0031310344827586243,0.08845000000000003,-0.09215000000000001,0,0.14786666666666667,1.441467153293126,-2.4588,3.5612,6.02,3.5612,0.19239999999999968,2.8175,-4.1913,0.006634482758620671,2.2662,-4.1913,2,-0.26542000000000004,1.243231034483715,-3.1412,2.1437,5.2849,3.1412,2.1087,3.6313000000000004,-3.7887,0.07271379310344826,2.0913,-1.52685,2,-24.58546666666667,0.5465050382033173,-26.1187,-23.695,2.4237,26.1187,-2.1525,0.7613000000000021,-1.0850000000000009,-0.07422413793103448,0.2623999999999995,-0.5293499999999991,0
189,clockwise_circle,1.0152376525374716,1.095448880596443,0.9151747647307589,0.1802741158656842,25.482173641141397,26.404994024615874,24.298116169365887,2.106877855249987,0.05543333333333333,0.025510624336205268,-0.0088,0.1015,0.11030000000000001,0.1015,0.03269999999999999,0.0644,-0.07690000000000001,0.0011275862068965516,0.043550000000000005,-0.0381,0,0.1868933333333333,0.03544520718861265,0.0913,0.2395,0.1482,0.2395,0.065,0.08659999999999998,-0.0811,0.0022413793103448275,0.056549999999999996,-0.0472,0,0.9955233333333332,0.04148260693544849,0.9065,1.0733,0.16679999999999995,1.0733,-0.04410000000000003,0.16679999999999995,-0.10189999999999988,-0.0015206896551724148,0.04329999999999995,-0.08020000000000005,0,0.7037866666666669,1.1827091934908667,-1.61,3.5612,5.1712,3.5612,-2.8699,2.0563,-2.2749,-0.09896206896551722,1.1944,-1.6537,0,-0.5381266666666666,1.1153297130981226,-2.975,1.12,4.095000000000001,2.975,1.0237,2.8436999999999997,-2.6776,0.03530000000000001,2.4587,-1.3343500000000001,0,-25.416713333333327,0.5179424283899096,-26.3288,-24.2725,2.0563000000000002,26.3288,-1.0498999999999974,0.7348999999999997,-0.8049999999999997,-0.03620344827586198,0.47250000000000014,-0.4593500000000006,0
190,clockwise_circle,1.015584068509525,1.0964807203047393,0.9225314574582267,0.17394926284651258,25.0896362114408,26.404994024615874,23.415550208568664,2.98944381604721,0.051739999999999994,0.028064944387051188,-0.0083,0.0967,0.105,0.0967,0.0017000000000000001,0.0662,-0.0681,5.862068965517218e-05,0.0474,-0.02625,0,0.19157,0.029791889083648482,0.1293,0.2395,0.11019999999999999,0.2395,0.008899999999999991,0.05660000000000001,-0.09159999999999999,0.00030689655172413765,0.0542,-0.0411,0,0.9952566666666666,0.043613638197032005,0.9134,1.0753,0.16189999999999993,1.0753,-0.0004999999999999449,0.12449999999999994,-0.1512000000000001,-1.7241379310342928e-05,0.10029999999999994,-0.04670000000000002,0,0.42321,0.9473203992641924,-1.82,2.3012,4.1212,2.3012,-1.6537,2.3274999999999997,-3.115,-0.05702413793103447,0.65625,-1.5575,0,-0.6912400000000001,1.0426685285428887,-2.485,1.5488,4.033799999999999,2.485,-1.4962,2.6075,-2.94,-0.05159310344827586,1.18125,-2.0168999999999997,0,-25.038419999999995,0.7313101617574138,-26.3288,-23.3888,2.9400000000000013,26.3288,2.9400000000000013,0.6738,-0.621299999999998,0.10137931034482763,0.6738,-0.20559999999999867,0
191,clockwise_circle,1.0100574879682171,1.1227558728414648,0.9522652414112363,0.17049063143022858,22.77917893576504,23.0748429396605,22.303381725200328,0.7714612144601709,0.05624333333333333,0.018070125533089395,0.0265,0.1005,0.07400000000000001,0.1005,-0.0233,0.0529,-0.0433,-0.000803448275862069,0.033100000000000004,-0.0433,0,0.1851,0.02947051126944965,0.1308,0.2452,0.1144,0.2452,-0.0174,0.1051,-0.0895,-0.0006,0.04145,-0.036000000000000004,0,0.9908399999999999,0.038854907824739,0.9396,1.1073,0.16769999999999996,1.1073,-0.02070000000000005,0.09919999999999995,-0.1087999999999999,-0.0007137931034482776,0.054249999999999965,-0.055499999999999994,0,-0.023329999999999983,0.8647775050305694,-1.5575,1.33,2.8875,1.5575,1.3125,2.1175,-1.8025,0.04525862068965518,2.0825,-1.13315,0,-0.3648733333333333,0.9426432458356343,-2.1263,2.0563,4.1826,2.1263,1.3125,2.7126,-2.9575,0.04525862068965518,1.65375,-1.6494,1,-22.741539999999997,0.20830752233673389,-23.0387,-22.2687,0.7699999999999996,23.0387,0.0,0.5775000000000006,-0.3413000000000004,0.0,0.3456500000000009,-0.18374999999999986,0
192,clockwise_circle,0.9981147167973631,1.076287308296442,0.924175356737021,0.15211195155942092,22.559117215242843,23.054866893998756,21.88624188137379,1.1686250126249682,0.05310333333333334,0.02005611925423834,0.0039,0.1069,0.103,0.1069,-0.0029999999999999957,0.0465,-0.0561,-0.00010344827586206858,0.032049999999999995,-0.04285,0,0.18547666666666665,0.03156635794676016,0.103,0.2408,0.13779999999999998,0.2408,-0.037000000000000005,0.0781,-0.06339999999999998,-0.0012758620689655173,0.04365,-0.044950000000000004,0,0.9785966666666667,0.03920697055664828,0.8908,1.0501,0.1593,1.0501,0.025499999999999967,0.09700000000000009,-0.15829999999999989,0.0008793103448275851,0.0696000000000001,-0.06740000000000002,0,0.029749999999999974,0.9637166924339653,-1.47,1.7675,3.2375,1.7675,-1.5837999999999999,1.6013,-2.0737,-0.054613793103448285,1.3912499999999999,-1.3913,0,-0.3319233333333333,0.6692834962871106,-1.68,1.6888,3.3688000000000002,1.6888,0.385,2.4063,-1.8113000000000001,0.013275862068965494,1.0194,-1.04565,0,-22.527176666666666,0.3451887926051915,-23.03,-21.8838,1.1462000000000003,23.03,0.06119999999999948,0.6475000000000009,-0.8488000000000007,0.002110344827586189,0.42440000000000033,-0.463750000000001,0
193,clockwise_circle,0.9966422609663133,1.0782270818338777,0.9458117201642197,0.13241536166965806,23.206686386889096,24.423077771239235,21.88624188137379,2.536835889865447,0.042690000000000006,0.020487091814957115,-0.011,0.0813,0.0923,0.0813,-0.0149,0.0652,-0.0779,-0.0005137931034482762,0.0465,-0.0779,0,0.18485,0.027045297251985893,0.103,0.243,0.14,0.243,0.011900000000000022,0.0781,-0.0615,0.00041034482758620767,0.04365,-0.034999999999999996,0,0.9778700000000001,0.03470840254025748,0.9326,1.0492,0.11659999999999993,1.0492,-0.010099999999999998,0.11659999999999993,-0.0959000000000001,-0.00034827586206896547,0.053300000000000014,-0.05284999999999995,0,0.042870000000000005,0.9920518333753776,-1.8463,1.7675,3.6138000000000003,1.8463,0.8049999999999999,3.2462999999999997,-2.0737,0.027758620689655143,1.6013,-1.1550500000000001,0,-0.18258666666666665,1.0092707451707255,-1.8025,2.8963,4.6988,2.8963,-1.9163000000000001,2.3888,-2.7475,-0.06607931034482759,1.1069,-1.8113000000000001,0,-23.164170000000006,0.8475298058638329,-24.4037,-21.8838,2.5199,24.4037,-2.0649000000000015,0.5950000000000024,-0.7261999999999986,-0.07120344827586213,0.31505000000000116,-0.3937500000000007,0
194,clockwise_circle,1.0119281715714434,1.0809203532175717,0.9183853711814012,0.16253498203617056,24.78687733010919,25.28612114757817,24.18872571716005,1.0973954304181213,0.04733,0.020155398866017905,0.0058,0.0939,0.0881,0.0939,-0.059,0.061399999999999996,-0.052700000000000004,-0.0020344827586206895,0.0334,-0.0339,0,0.20132333333333333,0.03193163692612092,0.1035,0.2557,0.1522,0.2557,0.069,0.08629999999999999,-0.1214,0.0023793103448275866,0.08629999999999999,-0.046000000000000006,0,0.9898966666666665,0.03743753863237506,0.9026,1.0616,0.15900000000000014,1.0616,-0.03949999999999998,0.09619999999999995,-0.11429999999999996,-0.0013620689655172407,0.05475000000000002,-0.06585000000000002,0,0.06913666666666667,1.300081688277857,-2.6163,2.5375,5.1538,2.6163,0.2974999999999999,2.7651000000000003,-2.2313,0.010258620689655183,1.9469,-1.1769,1,-0.4220433333333334,0.7320902872918931,-1.5137,1.085,2.5987,1.5137,2.5462,2.4587000000000003,-2.3362,0.0878,1.8112,-0.8444,0,-24.739759999999997,0.263511994885007,-25.2525,-24.1763,1.0762,25.2525,0.22760000000000247,0.8049999999999997,-0.6213000000000015,0.00784827586206905,0.5381,-0.28000000000000114,0
195,clockwise_circle,1.010412969403155,1.1432817850381418,0.8956860052496076,0.2475957797885342,24.31119672282005,25.22545519054116,22.18954540160749,3.0359097889336724,0.030966666666666667,0.03161785106149889,-0.0541,0.1044,0.1585,0.1044,-0.045200000000000004,0.11710000000000001,-0.113,-0.001558620689655172,0.03945,-0.07925,1,0.18474,0.044977730888319266,0.1035,0.2636,0.16010000000000002,0.2636,-0.1315,0.1028,-0.1214,-0.00453448275862069,0.07175000000000001,-0.0527,0,0.9915866666666666,0.051862349198313555,0.8806,1.1126,0.23199999999999998,1.1126,0.0613999999999999,0.1533,-0.1835,0.0021172413793103416,0.10175000000000001,-0.09390000000000004,0,0.13883333333333334,1.4380045960152281,-3.36,2.5375,5.8975,3.36,1.785,2.7651000000000003,-3.3338,0.061551724137931044,1.9469,-1.42185,1,-0.2537466666666666,0.9158438858584839,-3.2025,1.085,4.2875,3.2025,1.0062,4.025,-3.3163,0.03469655172413792,1.7981500000000001,-1.8375000000000001,0,-24.251216666666664,0.90752190439351,-25.165,-22.1462,3.018799999999999,25.165,2.2575000000000003,0.6387,-0.6213000000000015,0.07784482758620691,0.5687499999999996,-0.2801000000000009,0
196,clockwise_circle,1.007758479146846,1.1532219560865116,0.8956860052496076,0.25753595083690395,22.721088267268602,24.461442311114855,21.592759132172063,2.868683178942792,0.032966666666666665,0.042071411649253224,-0.0801,0.1083,0.1884,0.1083,0.0063,0.11710000000000001,-0.1379,0.0002172413793103446,0.06715,-0.0803,4,0.16562000000000002,0.03949882931482121,0.0614,0.225,0.1636,0.225,0.044899999999999995,0.11730000000000002,-0.127,0.0015482758620689653,0.07120000000000001,-0.044800000000000006,0,0.9918700000000001,0.05494267953497316,0.8733,1.1348,0.26150000000000007,1.1348,0.025700000000000056,0.17209999999999992,-0.26150000000000007,0.000886206896551726,0.07500000000000001,-0.07289999999999996,0,0.08050999999999998,1.34116415574499,-3.36,1.9338,5.2938,3.36,2.2313,2.7213000000000003,-2.7037999999999998,0.07694137931034488,1.2337,-1.2119,0,-0.46637,1.0862382561247625,-3.2025,0.8225,4.025,3.2025,-1.3563,4.025,-3.4824,-0.046768965517241363,2.3099000000000003,-1.8375000000000001,0,-22.65345,0.6249893283226853,-24.43,-21.5775,2.852499999999999,24.43,1.4525000000000006,0.866299999999999,-1.058799999999998,0.050086206896551744,0.5599999999999987,-0.44184999999999874,0
197,clockwise_circle,1.0083131869426616,1.1118116252315406,0.8953506910702644,0.2164609341612762,22.555220370388106,23.33322260083249,21.727616721122455,1.6056058797100334,0.05310333333333334,0.034695100353014506,-0.0381,0.1116,0.1497,0.1116,0.0664,0.0859,-0.0822,0.0022896551724137936,0.04285,-0.0586,0,0.16424000000000002,0.04060484598223935,0.0614,0.2445,0.18309999999999998,0.2445,-0.0393,0.11399999999999999,-0.1309,-0.0013551724137931035,0.06119999999999999,-0.127,0,0.99211,0.04971947061887012,0.8889,1.0933,0.20439999999999992,1.0933,0.030500000000000083,0.17209999999999992,-0.12629999999999997,0.0010517241379310372,0.06835000000000002,-0.10219999999999996,0,0.23918000000000003,0.9031223972495606,-2.0563,1.4438,3.5000999999999998,2.0563,-0.37629999999999997,2.7213000000000003,-2.3624,-0.012975862068965512,1.0325,-1.16815,0,-0.89133,1.0634827337249226,-3.1937,1.1638,4.3575,3.1937,0.04379999999999995,2.3099000000000003,-3.4824,0.0015103448275861936,1.3213,-1.6143999999999998,0,-22.494790000000002,0.35783246643433947,-23.2225,-21.7087,1.5137999999999998,23.2225,-0.3500000000000014,0.8138000000000005,-0.5949999999999989,-0.012068965517241428,0.5687999999999995,-0.35880000000000045,0
198,clockwise_circle,1.0145682581466882,1.0778674593845017,0.9225624856886387,0.15530497369586294,24.856227678071477,25.47956721826334,24.089189643697022,1.390377574566319,0.04851333333333333,0.021143381345296777,0.0118,0.1054,0.09359999999999999,0.1054,-0.035199999999999995,0.045700000000000005,-0.048799999999999996,-0.001213793103448276,0.027099999999999996,-0.028199999999999996,0,0.17749666666666666,0.028699723455754438,0.1132,0.2623,0.14909999999999998,0.2623,0.021200000000000024,0.07879999999999998,-0.09540000000000001,0.0007310344827586216,0.07470000000000002,-0.04769999999999999,0,0.9970966666666665,0.04033605799669378,0.9077,1.0601,0.1524000000000001,1.0601,0.01970000000000005,0.13030000000000008,-0.14559999999999995,0.000679310344827588,0.06750000000000012,-0.0475000000000001,0,0.76591,0.8267459466132141,-0.49,2.4762,2.9661999999999997,2.4762,1.0763,1.8112,-1.8638,0.03711379310344824,1.8112,-1.05875,0,-0.9531633333333335,1.0168398936405134,-2.8612,1.8025,4.6637,2.8612,0.5686999999999999,1.9337,-3.0362,0.019610344827586203,1.5443500000000001,-1.8244,0,-24.792540000000006,0.395388985770931,-25.4013,-24.0012,1.4000999999999983,25.4013,-0.6562000000000019,0.866299999999999,-0.6387,-0.022627586206896616,0.39374999999999893,-0.5948999999999991,0
199,clockwise_circle,1.0119717934487378,1.1132978532270688,0.9186544181573395,0.19464343506972925,24.36188551247169,25.405667752294956,22.910057363088377,2.495610389206579,0.03901333333333333,0.02537119916611032,-0.0175,0.0757,0.0932,0.0757,0.029400000000000003,0.0593,-0.0932,0.0010137931034482758,0.039900000000000005,-0.032799999999999996,0,0.17684000000000002,0.030324754881460952,0.1022,0.2409,0.1387,0.2409,-0.025999999999999995,0.0827,-0.09540000000000001,-0.0008965517241379309,0.031700000000000006,-0.05475,0,0.9948433333333334,0.04725020476754266,0.9052,1.0973,0.19209999999999994,1.0973,0.058699999999999974,0.15569999999999995,-0.19209999999999994,0.002024137931034482,0.06004999999999999,-0.058099999999999985,0,0.022746666666666672,0.8218536939740859,-1.4438,1.6888,3.1326,1.6888,-0.2625,1.7063,-2.0213,-0.009051724137931063,1.3474,-1.0894,0,-0.6743366666666668,1.0630175145289948,-2.8612,1.8025,4.6637,2.8612,0.7612000000000001,3.5437000000000003,-3.0362,0.02624827586206897,1.5443500000000001,-1.8244,0,-24.31683,0.856929974264586,-25.3575,-22.9075,2.450000000000003,25.3575,2.3275000000000006,0.9800000000000004,-0.5512999999999977,0.0802586206896552,0.6694000000000013,-0.3369,0
200,clockwise_circle,1.018788577749158,1.1381274313538006,0.9186544181573395,0.21947301319646106,23.21841262732993,23.993374345848064,22.595214883465925,1.3981594623821394,0.02837666666666666,0.02621440356031372,-0.0249,0.0744,0.0993,0.0744,0.0748,0.0622,-0.0856,0.002579310344827586,0.048,-0.022199999999999998,0,0.17844666666666667,0.02590904160291556,0.1293,0.2223,0.093,0.2223,0.056599999999999984,0.05249999999999999,-0.0816,0.001951724137931034,0.0461,-0.02595,0,1.00207,0.049140587550695655,0.9052,1.1189,0.2137,1.1189,0.057599999999999985,0.15569999999999995,-0.19209999999999994,0.0019862068965517234,0.06004999999999999,-0.058099999999999985,0,0.12074333333333333,0.8166818845004855,-1.3212,2.275,3.5961999999999996,2.275,-0.8838,1.3474,-2.2575,-0.03047586206896551,0.9449,-0.8838,0,-0.4380866666666667,0.9054230597115757,-2.4237,1.12,3.5437000000000003,2.4237,-0.2974999999999999,3.5437000000000003,-2.2312,-0.010258620689655138,1.52245,-1.6099999999999999,0,-23.183123333333338,0.35262839743582886,-23.94,-22.5925,1.3475000000000001,23.94,0.918800000000001,0.8138000000000005,-0.7262999999999984,0.031682758620689686,0.8138000000000005,-0.37624999999999886,0
201,clockwise_circle,1.0258926185726638,1.1381274313538006,0.9401967772759062,0.19793065407789434,23.305154723756004,23.975698904098707,22.354540688191292,1.621158215907414,0.04471999999999999,0.021963738140477095,0.0023,0.0922,0.08990000000000001,0.0922,0.003300000000000001,0.0493,-0.0499,0.00011379310344827745,0.030100000000000002,-0.03055,0,0.19067333333333333,0.031715534465570364,0.1178,0.253,0.1352,0.253,0.0030000000000000027,0.06899999999999998,-0.07339999999999999,0.00010344827586206906,0.0543,-0.03509999999999999,0,1.0063133333333334,0.039253831206237905,0.9206,1.1189,0.19830000000000003,1.1189,-0.024399999999999977,0.09770000000000001,-0.12750000000000006,-0.0008413793103448268,0.09630000000000005,-0.05575000000000002,0,0.07261999999999999,0.8283692311007711,-0.9625,2.275,3.2375,2.275,-1.4962,1.7325,-2.2575,-0.05159310344827587,1.0325,-0.91435,0,-0.5705000000000001,0.688715137048693,-2.345,0.7437,3.0887000000000002,2.345,1.2425,1.7237,-2.2312,0.042844827586206884,1.1593499999999999,-0.9318500000000001,0,-23.274126666666668,0.37056364145422577,-23.9487,-22.3388,1.6098999999999997,23.9487,0.4286999999999992,0.7524000000000015,-0.9274999999999984,0.014782758620689628,0.3893500000000003,-0.37624999999999886,0
202,clockwise_circle,1.0174368651778163,1.1101014187901932,0.9438954867992536,0.16620593199093958,22.04634950606407,23.50834997931586,21.205983190363987,2.302366788951872,0.05004666666666666,0.020971042980218242,0.0063,0.0881,0.0818,0.0881,-0.024399999999999998,0.0468,-0.0818,-0.000841379310344827,0.0347,-0.02395,0,0.18563000000000002,0.034938558385671344,0.132,0.2586,0.1266,0.2586,-0.0519,0.11760000000000001,-0.11909999999999998,-0.0017896551724137931,0.042899999999999994,-0.06799999999999998,0,0.99842,0.04291806467982998,0.9276,1.0848,0.1572,1.0848,-0.11949999999999994,0.10070000000000001,-0.11840000000000006,-0.004120689655172411,0.06355000000000005,-0.05535000000000001,0,-0.18577666666666667,0.9351675858233713,-1.8025,1.6888,3.4913,1.8025,1.4874999999999998,1.9249999999999998,-1.8988,0.05129310344827584,1.40875,-0.8880999999999999,0,-0.4240766666666666,1.0475212876392876,-3.1412,1.435,4.5762,3.1412,-3.7362,2.4499,-1.9162,-0.12883448275862072,1.40875,-1.9162,0,-21.99866666666666,0.502445740651516,-23.3625,-21.2013,2.161200000000001,23.3625,-1.6975000000000016,0.44620000000000104,-0.7175000000000011,-0.05853448275862074,0.41999999999999993,-0.7175000000000011,0
203,clockwise_circle,1.0070380909640433,1.0953192274401105,0.8945042425835665,0.20081498485654392,22.620476702017037,24.071836388817534,21.277857756127613,2.793978632689921,0.049433333333333336,0.02248922091739206,0.0063,0.1061,0.0998,0.1061,0.004700000000000003,0.05910000000000001,-0.0818,0.000162068965517241,0.03425,-0.04195,0,0.18999333333333332,0.03729527041599644,0.113,0.2586,0.1456,0.2586,0.048100000000000004,0.1198,-0.11909999999999998,0.0016586206896551715,0.0539,-0.0475,0,0.9869366666666667,0.04520973715178328,0.8796,1.0719,0.19230000000000003,1.0719,0.016000000000000014,0.18259999999999998,-0.13870000000000005,0.0005517241379310349,0.09430000000000005,-0.045399999999999996,0,-0.0023299999999999875,0.9332309752718759,-1.8025,1.5137,3.3162000000000003,1.8025,0.28,1.9249999999999998,-1.8988,0.009655172413793104,1.1856499999999999,-1.0019,0,-0.46462999999999993,1.0882714168143772,-3.1412,1.1638,4.305,3.1412,-0.2887,2.7388,-1.9162,-0.009955172413793106,1.7937499999999997,-1.00625,0,-22.57178333333334,0.6558381991815868,-24.0537,-21.2712,2.782499999999999,24.0537,-2.782499999999999,0.7175000000000011,-0.7175000000000011,-0.09594827586206893,0.5381499999999999,-0.49879999999999924,0
204,clockwise_circle,1.0097185602452972,1.1095554875714868,0.8945042425835665,0.21505124498792028,24.654199366422827,26.6288539723361,22.77807404347435,3.8507799288617477,0.05394,0.02448082430435482,0.0068,0.1051,0.0983,0.1051,0.04390000000000001,0.05910000000000001,-0.06029999999999999,0.0015137931034482762,0.0393,-0.03899999999999999,0,0.20649,0.03457612640596658,0.1267,0.2723,0.14559999999999998,0.2723,0.011899999999999994,0.053800000000000014,-0.09240000000000001,0.0004103448275862067,0.033100000000000004,-0.0475,0,0.9860766666666666,0.04125968796021986,0.8796,1.0831,0.2034999999999999,1.0831,0.09699999999999998,0.18259999999999998,-0.13870000000000005,0.003344827586206896,0.06405,-0.03839999999999999,0,-0.13882666666666665,1.3641900984766049,-2.8963,2.5113,5.4076,2.8963,-3.2550999999999997,2.6338,-2.0475000000000003,-0.1122448275862069,2.04315,-1.37815,2,-0.5034266666666667,1.2622280369233612,-2.5725,2.9925,5.5649999999999995,2.9925,1.8375000000000001,2.6775,-1.9162999999999997,0.06336206896551727,2.6775,-1.06315,1,-24.581660000000003,1.246218134058068,-26.5212,-22.7062,3.8150000000000013,26.5212,-2.7650000000000006,0.7175000000000011,-0.6563000000000017,-0.09534482758620691,0.7175000000000011,-0.47245000000000026,0
205,clockwise_circle,1.0106817620906545,1.1095554875714868,0.9074923746236108,0.20206311294787604,24.926584417304387,26.6288539723361,23.08381250075472,3.545041471581378,0.04060333333333333,0.02520168964413974,-0.0045,0.1051,0.1096,0.1051,-0.010799999999999997,0.0601,-0.0485,-0.0003724137931034479,0.0393,-0.04205,0,0.19518000000000002,0.036163902749412516,0.1191,0.2723,0.1532,0.2723,-0.03420000000000001,0.0567,-0.08539999999999998,-0.0011793103448275864,0.04765,-0.0637,0,0.9900366666666666,0.04139487294034283,0.8996,1.0831,0.1835,1.0831,0.005099999999999993,0.10370000000000013,-0.13739999999999997,0.00017586206896551702,0.03325000000000006,-0.06085000000000007,0,0.015463333333333355,1.5754180702897256,-2.8875,2.5113,5.3988,2.8875,1.3387,1.9250000000000003,-2.2925000000000004,0.046162068965517236,1.4525,-1.50065,2,-0.4940933333333334,1.0722815266373922,-2.2313,2.9925,5.223800000000001,2.9925,-3.0713,2.6775,-4.9087,-0.10590689655172414,1.47,-2.28375,1,-24.851746666666664,1.0495717726877891,-26.5212,-23.0562,3.465,26.5212,1.5399999999999991,0.7699999999999996,-0.822499999999998,0.05310344827586204,0.6037499999999998,-0.47245000000000026,0
206,clockwise_circle,1.0051646073294092,1.1010261985983802,0.9341537614333092,0.16687243716507105,22.917407228383365,24.041910545753225,21.810533005866684,2.231377539886541,0.03165,0.02971359551822515,-0.0285,0.1133,0.1418,0.1133,0.0788,0.0765,-0.07619999999999999,0.002717241379310344,0.03415,-0.041,0,0.17949333333333334,0.04365763300432388,0.0842,0.243,0.1588,0.243,-0.0325,0.1316,-0.1322,-0.0011206896551724137,0.06485,-0.0733,0,0.98715,0.0378626988673185,0.918,1.0738,0.15580000000000005,1.0738,-0.02290000000000003,0.12419999999999998,-0.12120000000000009,-0.0007896551724137942,0.07790000000000002,-0.06525000000000003,0,0.14115666666666668,1.2620053387185106,-2.3363,2.4325,4.768800000000001,2.4325,-2.4413,4.768800000000001,-2.8787000000000003,-0.08418275862068966,2.0694,-1.5312999999999999,2,-0.8507933333333335,0.8500412127669451,-2.6512,0.875,3.5262,2.6512,0.03499999999999992,3.4125,-3.0975,0.0012068965517241276,0.8575,-1.7631,0,-22.852666666666664,0.6390676551164926,-24.01,-21.805,2.205000000000002,24.01,0.2886999999999986,0.8049999999999997,-0.875,0.009955172413793055,0.5775000000000006,-0.47250000000000014,0
207,clockwise_circle,1.0165826957928856,1.1572058892003618,0.8912972848606687,0.2659086043396931,23.54457951487439,24.439757184759426,22.45093125863602,1.988825926123404,0.05528666666666667,0.04040190105917545,-0.0146,0.1574,0.17200000000000001,0.1574,0.021500000000000005,0.09070000000000002,-0.07619999999999999,0.000741379310344828,0.05720000000000001,-0.03645,0,0.18520000000000003,0.04551888581146557,0.0842,0.2908,0.2066,0.2908,-0.0693,0.1142,-0.1376,-0.002389655172413793,0.06485,-0.0733,0,0.9963266666666666,0.053595110001677895,0.8811,1.1453,0.2642,1.1453,0.018999999999999906,0.1361,-0.21909999999999996,0.0006551724137931002,0.10439999999999999,-0.07319999999999999,0,0.5069066666666666,1.2752908268538088,-2.7125,2.45,5.1625,2.7125,1.6013000000000002,4.768800000000001,-2.38,0.055217241379310444,4.768800000000001,-1.4175,3,-0.7011733333333332,1.0042447987498326,-2.6075,1.4612,4.0687,2.6075,0.45500000000000007,2.7125,-3.6313000000000004,0.015689655172413833,1.2775500000000002,-2.0300000000000002,0,-23.474203333333335,0.507709704921291,-24.43,-22.2862,2.143799999999999,24.43,-1.776299999999999,0.8925000000000018,-0.7261999999999986,-0.061251724137931,0.48125000000000107,-0.4375,0
208,clockwise_circle,1.006845238480475,1.1572058892003618,0.9293983107365755,0.2278075784637863,24.100954889110756,24.864907940308164,23.041213360628387,1.8236945796797777,0.04376000000000001,0.03169897855419493,-0.0215,0.0974,0.1189,0.0974,-0.020500000000000004,0.05879999999999999,-0.0818,-0.0007068965517241376,0.0403,-0.0372,0,0.17456333333333335,0.0411189819689267,0.0997,0.2572,0.15749999999999997,0.2572,0.0865,0.09639999999999999,-0.09569999999999998,0.002982758620689654,0.05689999999999999,-0.04575,0,0.9893733333333333,0.04987060452212604,0.9111,1.1453,0.23419999999999996,1.1453,0.05630000000000002,0.1361,-0.21909999999999996,0.0019413793103448282,0.1361,-0.07319999999999999,0,0.6323266666666666,1.1109376011942012,-1.085,2.52,3.605,2.52,-0.14870000000000005,2.6950000000000003,-2.0124000000000004,-0.005127586206896542,2.2926,-1.01065,0,-0.6104599999999999,0.9580799900375464,-2.6688,1.1988,3.8676000000000004,2.6688,0.44620000000000004,2.7125,-2.8962,0.01538620689655173,2.5025,-1.74125,0,-24.041793333333334,0.4477105406731955,-24.78,-23.0387,1.7413000000000025,24.78,-0.49879999999999924,0.7699999999999996,-0.6476000000000006,-0.017199999999999972,0.3719000000000001,-0.4112500000000008,0
209,clockwise_circle,1.0117573651895468,1.107296030878825,0.9048421851350653,0.2024538457437598,24.160461743165467,24.864907940308164,23.656662625357786,1.2082453149503785,0.04835999999999999,0.028276816384232264,-0.0451,0.0876,0.13269999999999998,0.0876,0.000899999999999998,0.0694,-0.121,3.1034482758620624e-05,0.0694,-0.0638,0,0.18069999999999997,0.03341176749135776,0.1122,0.2572,0.145,0.2572,-0.018600000000000005,0.09639999999999999,-0.09569999999999998,-0.0006413793103448278,0.05405,-0.03945,0,0.9935200000000001,0.04151635656062519,0.8933,1.0829,0.1896,1.0829,-0.05469999999999997,0.08879999999999999,-0.1059,-0.0018862068965517231,0.0655,-0.06889999999999996,0,0.5142133333333336,0.9979512792106441,-0.91,2.52,3.43,2.52,-0.3587,1.9163,-2.0124000000000004,-0.012368965517241407,1.7587,-1.4219,0,-0.7455133333333334,0.9494517818314886,-2.6688,0.8662,3.535,2.6688,-0.9100999999999999,2.5025,-1.645,-0.03138275862068968,1.0894000000000001,-1.3387,0,-24.10568,0.3314509267260938,-24.78,-23.6513,1.128700000000002,24.78,0.7699999999999996,0.7699999999999996,-0.4463000000000008,0.02655172413793102,0.3674999999999997,-0.20124999999999993,0
210,clockwise_circle,1.0201052808226618,1.1052955894239331,0.9171839401123418,0.1881116493115913,23.91635386755221,24.857489514027762,23.441314790983885,1.416174723043877,0.04190333333333333,0.02991370903959833,-0.0022,0.12,0.12219999999999999,0.12,0.021799999999999993,0.0833,-0.0944,0.0007517241379310346,0.050249999999999996,-0.05745,0,0.18681333333333333,0.0350542017092283,0.1237,0.2754,0.15169999999999997,0.2754,0.04569999999999999,0.12749999999999997,-0.1005,0.0015758620689655168,0.0633,-0.067,0,1.0010066666666666,0.04692076176979088,0.9042,1.0956,0.1913999999999999,1.0956,-0.07340000000000002,0.12399999999999989,-0.17309999999999992,-0.0025310344827586214,0.05559999999999998,-0.06534999999999996,0,0.12513666666666665,0.9095928829685984,-1.4963,2.0475,3.5438,2.0475,1.3388,2.3011999999999997,-3.4212,0.046165517241379316,2.1613,-1.6712500000000001,0,-0.40307333333333334,0.8898559852227672,-1.96,2.1613,4.1213,2.1613,-1.0413,2.8175,-2.0825,-0.035906896551724174,2.0125,-1.2031,0,-23.879916666666666,0.35022472892005607,-24.815,-23.4062,1.408800000000003,24.815,-1.0237000000000016,0.5775000000000006,-0.45500000000000185,-0.035300000000000054,0.3369,-0.31065000000000076,0
211,clockwise_circle,1.016456806837632,1.1041407201982907,0.9171839401123418,0.18695678008594885,24.903178903114096,25.92977800849826,23.45243264439747,2.477345364100792,0.056913333333333344,0.02511414951271745,-0.0022,0.0963,0.09849999999999999,0.0963,-0.016,0.0603,-0.0745,-0.0005517241379310347,0.032,-0.0745,0,0.19778666666666664,0.03423228697099227,0.1466,0.2754,0.12879999999999997,0.2754,0.002599999999999991,0.12749999999999997,-0.09559999999999999,8.96551724137928e-05,0.08299999999999999,-0.07350000000000001,0,0.9945966666666666,0.04493761563379363,0.9042,1.0773,0.17309999999999992,1.0773,-0.08349999999999991,0.08299999999999985,-0.17309999999999992,-0.002879310344827583,0.06209999999999999,-0.17309999999999992,0,0.02217000000000001,0.8538456495215612,-1.4963,1.4612,2.9575,1.4963,1.1724999999999999,1.75,-1.5925,0.040431034482758615,1.21625,-0.85315,0,-0.84117,0.5884345457110814,-1.8112,0.2887,2.0999,1.8112,-1.4087,1.3299,-1.4262000000000001,-0.04857586206896554,0.6824999999999999,-1.2425,0,-24.868086666666663,0.6896790036618151,-25.8913,-23.4325,2.4588,25.8913,-1.697499999999998,0.5163000000000011,-0.4986999999999995,-0.05853448275862062,0.3894000000000002,-0.4375,0
212,clockwise_circle,1.0045940150921602,1.0906477203937117,0.9233124877309956,0.1673352326627161,24.79389710225719,25.609538506189445,23.743385725081417,1.8661527811080276,0.050476666666666656,0.022777691495958437,-0.0045,0.0963,0.1008,0.0963,-0.0157,0.0437,-0.0633,-0.0005413793103448276,0.0248,-0.031349999999999996,0,0.19221666666666667,0.02822379875374599,0.1466,0.2613,0.11469999999999997,0.2613,0.017100000000000004,0.11469999999999997,-0.0826,0.0005896551724137932,0.04564999999999998,-0.03799999999999999,0,0.9841333333333332,0.04559701542965235,0.9035,1.0685,0.16500000000000004,1.0685,-0.01089999999999991,0.1241000000000001,-0.13700000000000012,-0.00037586206896551415,0.07625000000000004,-0.10039999999999993,0,-0.13270666666666667,0.8179700234509623,-1.75,1.19,2.94,1.75,-2.5549999999999997,1.7412999999999998,-1.8113,-0.08810344827586206,0.77875,-1.2075,0,-0.7122500000000002,0.7089231278544216,-1.8025,0.455,2.2575,1.8025,0.98,1.8812000000000002,-1.6625,0.03379310344827588,1.00625,-0.92315,0,-24.760446666666667,0.5370786680535365,-25.5675,-23.7038,1.863699999999998,25.5675,1.863699999999998,0.6913000000000018,-0.5686999999999998,0.06426551724137924,0.3894000000000002,-0.20560000000000045,0
213,clockwise_circle,1.0063744425371752,1.0795017785997392,0.9292637838633334,0.15023799473640576,23.61311289158082,24.412516290419553,22.744484696954554,1.668031593464999,0.046123333333333336,0.029148273543637408,-0.0263,0.096,0.1223,0.096,0.024499999999999994,0.0671,-0.0633,0.0008448275862068965,0.06115,-0.0416,0,0.18513666666666667,0.02888056837884354,0.1281,0.2613,0.13319999999999999,0.2613,0.04929999999999998,0.11469999999999997,-0.06829999999999997,0.0016999999999999995,0.04564999999999998,-0.03799999999999999,0,0.9873200000000001,0.037379372884538624,0.9047,1.06,0.1553000000000001,1.06,0.0021999999999999797,0.10960000000000003,-0.13700000000000012,7.586206896551654e-05,0.06455000000000005,-0.030950000000000033,0,0.044046666666666665,1.063905204078055,-1.82,1.8463,3.6663,1.8463,-0.9098999999999999,2.0300000000000002,-2.0911999999999997,-0.031375862068965484,1.7718500000000001,-1.1724999999999999,0,-0.5669966666666666,0.904039124681019,-2.9925,0.7875,3.7800000000000002,2.9925,0.017600000000000005,1.6975,-2.8787000000000003,0.00060689655172414,1.6975,-1.4612500000000002,0,-23.566366666666667,0.4970416386729716,-24.3687,-22.6712,1.6975000000000016,24.3687,1.0850000000000009,0.5162000000000013,-0.6124000000000009,0.037413793103448306,0.4419000000000004,-0.25375000000000014,0
214,clockwise_circle,1.0095649035513408,1.1005016492491049,0.9173536886065264,0.18314796064257843,22.36808162453833,22.8473923881917,22.041334735900183,0.8060576522915177,0.03803666666666668,0.021383420637515402,-0.0087,0.07,0.0787,0.07,0.026000000000000002,0.0528,-0.0704,0.0008965517241379309,0.036000000000000004,-0.02905,0,0.1819733333333333,0.02863078802597836,0.1366,0.2594,0.12280000000000002,0.2594,0.004399999999999987,0.08130000000000001,-0.08640000000000003,0.00015172413793103405,0.06140000000000001,-0.043850000000000014,0,0.9916966666666667,0.0381548702846279,0.9011,1.0806,0.1795,1.0806,0.11829999999999996,0.12329999999999997,-0.0925999999999999,0.004079310344827585,0.12329999999999997,-0.05184999999999995,0,-0.12220333333333336,1.0267452796574479,-2.555,1.6712,4.2262,2.555,-1.4087,1.6623999999999999,-2.5113,-0.048575862068965504,1.0019,-1.6844000000000001,0,-0.6002533333333333,0.9666829144334099,-3.4213,1.1988,4.6201,3.4213,-0.017400000000000027,2.2663,-3.2288,-0.0005999999999999875,1.5226,-1.6012000000000002,0,-22.31659,0.26319697664912733,-22.8113,-21.9275,0.8838000000000008,22.8113,0.3324999999999996,0.5949999999999989,-0.7349999999999994,0.011465517241379296,0.2668499999999998,-0.4419000000000004,0
215,clockwise_circle,1.0078050036297534,1.1005016492491049,0.9173536886065264,0.18314796064257843,22.514033279007563,22.8473923881917,22.043691488496204,0.803700899695496,0.04328666666666666,0.02086565786551959,-0.0087,0.0811,0.0898,0.0811,0.039,0.0483,-0.0484,0.0013448275862068969,0.0483,-0.024799999999999996,0,0.1744966666666667,0.033851832154698586,0.1127,0.2552,0.1425,0.2552,-0.031899999999999984,0.12029999999999999,-0.09770000000000001,-0.0010999999999999994,0.0406,-0.03175,0,0.9908633333333334,0.043866957821414365,0.9011,1.087,0.18589999999999995,1.087,0.038799999999999946,0.12329999999999997,-0.1471,0.0013379310344827568,0.09419999999999995,-0.1471,0,0.07991333333333335,1.14592610784626,-1.6187,2.3537,3.9724,2.3537,2.0737,2.9575,-1.4175,0.07150689655172414,1.3912,-1.2687,0,-0.4972933333333334,0.8857735672099367,-2.0825,1.715,3.7975000000000003,2.0825,-0.5862,2.065,-2.8962000000000003,-0.02021379310344827,1.19,-2.8962000000000003,0,-22.463293333333333,0.22977098483329922,-22.8113,-21.98,0.8312999999999988,22.8113,0.11379999999999768,0.5949999999999989,-0.47250000000000014,0.003924137931034403,0.27564999999999884,-0.2887499999999985,0
216,clockwise_circle,1.010146547240052,1.0973970338942964,0.9192061411892329,0.1781908927050635,22.235811556685462,22.81328376056371,21.259191255078353,1.5540925054853574,0.05033333333333334,0.027564449034484847,0.0027,0.1028,0.10010000000000001,0.1028,0.0561,0.03610000000000001,-0.0484,0.00193448275862069,0.033,-0.024799999999999996,0,0.15968,0.03215199248397609,0.0844,0.2342,0.1498,0.2342,-0.09029999999999999,0.0857,-0.1099,-0.003113793103448276,0.0442,-0.0839,0,0.9953466666666666,0.0457498274602613,0.9108,1.087,0.1761999999999999,1.087,-0.03739999999999999,0.11570000000000003,-0.1471,-0.0012896551724137927,0.07370000000000004,-0.03939999999999999,0,0.16945,0.7389109100094778,-1.4963,1.4612,2.9575,1.4963,-0.8137000000000001,2.9575,-1.4175,-0.028058620689655176,1.3912,-0.88375,0,-0.30421,0.9144284136495623,-1.7938,1.715,3.5088,1.7938,0.8662000000000001,1.435,-2.8962000000000003,0.029868965517241358,1.085,-1.5269,0,-22.20311333333333,0.44613528853718926,-22.8025,-21.2537,1.5488,22.8025,0.7963000000000022,0.4637999999999991,-0.47250000000000014,0.02745862068965525,0.27564999999999884,-0.2887499999999985,0
217,clockwise_circle,1.0103428444213984,1.0845013278000168,0.9587614614699529,0.12573986633006395,20.456667234173064,22.28070268618115,18.40966631120727,3.8710363749738796,0.07332333333333334,0.019399816624325893,0.0437,0.1169,0.0732,0.1169,0.013000000000000005,0.0529,-0.0582,0.0004482758620689659,0.03185,-0.0582,0,0.1276133333333333,0.029855083704262254,0.0559,0.1774,0.1215,0.1774,-0.0319,0.056799999999999996,-0.0674,-0.0010999999999999996,0.03789999999999999,-0.0674,0,0.9989533333333332,0.03346059683015062,0.9411,1.0709,0.12979999999999992,1.0709,-0.04080000000000006,0.11440000000000006,-0.08619999999999994,-0.00140689655172414,0.0605,-0.08550000000000002,0,0.04958666666666666,0.724390422323503,-1.7062,1.7237,3.4299,1.7237,-0.5075,1.7763,-1.6712,-0.01750000000000001,0.735,-1.225,0,-0.26076000000000005,0.7648499846600526,-1.7587,1.1287,2.8874,1.7587,1.8900000000000001,1.5049000000000001,-1.4962,0.06517241379310346,1.5049000000000001,-0.9712500000000001,0,-20.428623333333338,1.161873045674254,-22.2687,-18.375,3.893699999999999,22.2687,3.8500000000000014,0.5075000000000003,-0.5251000000000019,0.13275862068965522,0.3937500000000007,-0.20124999999999993,0
218,clockwise_circle,1.0119328649664088,1.067893782171242,0.9788405437046424,0.08905323846659963,11.760951824738175,16.770773340546942,5.4450472339549085,11.325726106592032,0.11390333333333333,0.016503238623296678,0.0791,0.1527,0.0736,0.1527,0.01029999999999999,0.052199999999999996,-0.03559999999999999,0.0003551724137931031,0.0266,-0.02035,0,0.028959999999999996,0.03018658756742002,-0.0195,0.0941,0.1136,0.0941,-0.052000000000000005,0.0824,-0.08660000000000001,-0.0017931034482758608,0.030850000000000002,-0.026000000000000002,0,1.0045266666666668,0.021538432903858703,0.9731,1.0612,0.08809999999999996,1.0612,0.0019000000000000128,0.07689999999999997,-0.0814999999999999,6.551724137931079e-05,0.02794999999999992,-0.032950000000000035,0,0.21699000000000004,0.5406611172348675,-1.1638,1.6187,2.7824999999999998,1.6187,0.1575,1.0675000000000001,-1.0238,0.005431034482758616,0.7525499999999999,-1.00625,0,-0.2184433333333333,0.5157912874365002,-1.3212,0.7437,2.0648999999999997,1.3212,-0.5425,1.75,-1.3387,-0.018706896551724143,0.6124999999999999,-0.81375,0,-11.733749999999999,3.5684902446321027,-16.765,-5.4425,11.322500000000002,16.765,11.182500000000001,0.9625000000000004,-0.14000000000000057,0.3856034482758621,0.8137500000000002,-0.14000000000000057,0
219,clockwise_circle,1.0035471885055256,1.033373799745281,0.9768087479133262,0.056565051831954816,4.895041762676911,9.586733248609768,2.0907923139326874,7.495940934677081,0.08702333333333333,0.026048266648710024,0.0461,0.1264,0.08030000000000001,0.1264,-0.0525,0.02730000000000002,-0.020900000000000002,-0.0018103448275862068,0.011750000000000003,-0.014200000000000004,0,0.009376666666666667,0.010209552097079895,-0.0126,0.0287,0.0413,0.0287,-0.010300000000000002,0.0236,-0.0216,-0.0003551724137931036,0.0103,-0.0149,0,0.9993533333333333,0.011425583312154737,0.9731,1.026,0.05290000000000006,1.026,0.006199999999999983,0.03410000000000002,-0.02510000000000001,0.00021379310344827527,0.03410000000000002,-0.016250000000000042,0,0.6486700000000002,0.4730677024886935,-0.3237,1.4963,1.8199999999999998,1.4963,0.28870000000000007,0.6037999999999999,-0.8488,0.009955172413793106,0.5249,-0.5556,0,0.019546666666666664,0.31110474423424894,-0.7262,0.7437,1.4699,0.7437,0.3587,1.1199,-0.5511999999999999,0.012368965517241386,0.40249999999999997,-0.37185,0,-4.805206666666666,2.251803858815131,-9.5725,-2.0125,7.56,9.5725,7.56,0.9625000000000004,-0.1312000000000002,0.2606896551724138,0.8137500000000002,-0.08310000000000017,0
220,ctr_clockwise_circle,0.9906056819132874,1.0419337454944053,0.915531026235594,0.1264027192588113,7.744236439956661,16.79979320200103,0.6082714772204924,16.19152172478054,-0.03016666666666667,0.03659313420936183,-0.1005,0.0505,0.15100000000000002,0.1005,0.09860000000000001,0.0587,-0.0651,0.003400000000000001,0.025099999999999997,-0.0435,1,-0.026813333333333335,0.040654250601308874,-0.1071,0.0401,0.1472,0.1071,-0.0779,0.0548,-0.0649,-0.002686206896551725,0.02195,-0.0337,0,0.9883133333333335,0.02611542988658084,0.9116,1.0385,0.1269,1.0385,-0.0009000000000000119,0.10299999999999998,-0.1269,-3.10344827586211e-05,0.035650000000000015,-0.03749999999999998,0,0.16799333333333336,0.5694303184237998,-0.8662,1.085,1.9512,1.085,-1.0238,1.4174,-1.6099999999999999,-0.035303448275862064,0.5993999999999999,-0.7175,0,-0.011663333333333336,0.6421427972479885,-1.3388,1.8288,3.1676,1.8288,-1.0937000000000001,3.1676,-2.1701,-0.03771379310344827,0.8619,-0.9275,0,7.320246666666666,6.105550119117644,-1.8813,16.7825,18.6638,16.7825,18.6638,1.3475000000000001,0.08750000000000036,0.6435793103448275,1.19,0.14869999999999806,0
221,ctr_clockwise_circle,0.9948291383439613,1.051083250746581,0.8525070087688429,0.19857624197773815,17.602100507678426,20.517597345205893,11.148409558766668,9.369187786439225,0.0032166666666666667,0.026839434231836143,-0.0546,0.0522,0.1068,0.0546,0.0447,0.1005,-0.08460000000000001,0.0015413793103448278,0.0587,-0.0435,2,-0.08054333333333334,0.026352853451902913,-0.164,-0.0398,0.1242,0.164,-0.050899999999999994,0.09930000000000001,-0.0952,-0.0017551724137931028,0.0471,-0.0406,0,0.9907933333333335,0.042244844070900685,0.8348,1.0484,0.2136,1.0484,0.055199999999999916,0.2117,-0.2136,0.0019034482758620661,0.08535000000000004,-0.08730000000000004,0,0.12571,0.7201326440795234,-1.4438,1.7413,3.1851000000000003,1.7413,-1.54,1.6800000000000002,-1.6188,-0.05310344827586208,0.70875,-1.19,0,0.3278266666666667,0.7881929948911004,-1.3388,1.8288,3.1676,1.8288,0.42869999999999997,3.1676,-2.205,0.014782758620689647,1.21625,-1.4438,0,17.56679,2.6486576876690346,11.1475,20.4487,9.301199999999998,20.4487,9.178799999999999,0.9536999999999995,-0.4288000000000025,0.31651034482758617,0.8837499999999991,-0.10940000000000083,0
222,ctr_clockwise_circle,1.0102903512035601,1.1293732509671017,0.8525070087688429,0.27686624219825884,21.62208825432878,24.38983860401704,19.409077934049314,4.980760669967726,0.02862333333333333,0.030850939552376163,-0.0546,0.0808,0.1354,0.0808,0.0279,0.1005,-0.08460000000000001,0.000962068965517241,0.04515,-0.08460000000000001,1,-0.12057000000000001,0.045199962999679696,-0.2022,-0.0542,0.148,0.2022,-0.031200000000000006,0.09930000000000001,-0.09590000000000001,-0.0010758620689655175,0.07669999999999999,-0.0952,0,1.0011366666666668,0.05567137866353636,0.8348,1.1223,0.2875000000000001,1.1223,-0.03049999999999997,0.2117,-0.2136,-0.0010517241379310335,0.10800000000000004,-0.2136,0,0.18900666666666666,1.1279743143117782,-1.6013,2.8087,4.41,2.8087,1.4,1.6974999999999998,-1.6188,0.048275862068965496,1.40875,-1.06755,0,0.47599666666666673,1.0868027272322887,-0.98,3.4125,4.3925,3.4125,0.07879999999999998,2.625,-2.2837,0.002717241379310352,1.575,-1.26875,0,21.562626666666674,1.6692916897508552,19.39,24.2812,4.891199999999998,24.2812,4.768699999999999,0.7699999999999996,-0.35880000000000223,0.16443793103448273,0.6037499999999998,-0.12249999999999872,0
223,ctr_clockwise_circle,1.020467998251881,1.0886105364178689,0.9471054270776829,0.141505109340186,24.01459617509783,24.49645343983492,22.713552592670307,1.782900847164612,0.044546666666666665,0.021342732484034406,0.0063,0.0808,0.0745,0.0808,0.0471,0.0739,-0.035100000000000006,0.001624137931034483,0.038900000000000004,-0.026250000000000002,0,-0.14725333333333335,0.03269801990560172,-0.2022,-0.0734,0.12879999999999997,0.2022,0.0929,0.08519999999999998,-0.08879999999999999,0.0032034482758620687,0.08519999999999998,-0.051000000000000004,0,1.0080633333333335,0.038255326276294487,0.9328,1.0745,0.14170000000000005,1.0745,-0.007800000000000029,0.12829999999999997,-0.09360000000000002,-0.00026896551724138034,0.09130000000000005,-0.07600000000000007,0,0.7113766666666665,1.0932342162161532,-1.6013,2.8087,4.41,2.8087,0.0262,1.9687000000000001,-1.6975,0.0009034482758620843,1.40875,-1.2425000000000002,0,-0.0011633333333333606,0.8937456934001218,-1.6975,1.6187,3.3162000000000003,1.6975,-0.8925000000000001,2.3013,-3.1062000000000003,-0.030775862068965522,0.96685,-1.2469000000000001,0,23.96391,0.4266614084760402,22.6537,24.465,1.8112999999999992,24.465,1.697499999999998,0.6123999999999974,-0.41130000000000067,0.05853448275862062,0.6123999999999974,-0.3630999999999993,0
224,ctr_clockwise_circle,1.015540752242478,1.1265358671609174,0.8851406272451853,0.24139523991573208,24.078518902288927,24.7844744989681,23.473529706458717,1.3109447925093818,0.04290000000000001,0.02622170724866104,-0.0193,0.0913,0.1106,0.0913,0.020999999999999998,0.0561,-0.0571,0.0007241379310344827,0.03715,-0.04995,0,-0.14587,0.03298171018756534,-0.2012,-0.0734,0.12779999999999997,0.2012,0.005600000000000022,0.08519999999999998,-0.1035,0.00019310344827586283,0.04064999999999999,-0.05959999999999999,0,1.0031599999999998,0.0571516772010809,0.877,1.1136,0.23659999999999992,1.1136,-0.13019999999999998,0.23659999999999992,-0.17979999999999996,-0.004489655172413793,0.06919999999999998,-0.07280000000000003,0,1.0085933333333332,0.9754243670403626,-1.7675,2.7562,4.5237,2.7562,0.44620000000000004,1.9687000000000001,-3.2374,0.015386206896551721,1.34315,-1.5094,0,-0.37246333333333326,1.270694460544104,-2.8175,2.415,5.2325,2.8175,-1.155,2.2662,-2.7824999999999998,-0.03982758620689659,1.5619,-2.3713,1,24.00299,0.36261657849579904,23.4062,24.6225,1.2163000000000004,24.6225,-0.3413000000000004,0.6123999999999974,-0.6037999999999997,-0.011768965517241393,0.3674999999999997,-0.55565,0
225,ctr_clockwise_circle,1.0135743772468961,1.1265358671609174,0.8851406272451853,0.24139523991573208,24.65057054463331,26.085400451018575,23.473529706458717,2.611870744559859,0.06339,0.024709866101592308,0.0073,0.1074,0.1001,0.1074,0.0464,0.0561,-0.0745,0.0015999999999999999,0.0444,-0.0361,0,-0.14705333333333334,0.029060634985270475,-0.2023,-0.0878,0.1145,0.2023,0.058499999999999996,0.073,-0.0766,0.0020172413793103448,0.050199999999999995,-0.04959999999999999,0,1.0001633333333333,0.05180062896258635,0.877,1.1136,0.23659999999999992,1.1136,-0.02949999999999997,0.23659999999999992,-0.17979999999999996,-0.0010172413793103439,0.07845000000000002,-0.06819999999999998,0,1.3209499999999998,0.9391774881833278,-0.8138,2.8,3.6138,2.8,-0.7175,2.5375,-3.2374,-0.024741379310344834,0.9056,-1.25125,0,0.17675333333333335,1.0301498186097056,-2.4762,2.415,4.8911999999999995,2.4762,0.2449,2.2662,-2.7824999999999998,0.008444827586206863,1.5619,-2.7824999999999998,1,24.57612666666667,0.7534335144149604,23.4062,26.0225,2.6163000000000025,26.0225,1.8375000000000021,0.5686999999999998,-0.682500000000001,0.06336206896551731,0.3894000000000002,-0.55565,0
226,ctr_clockwise_circle,1.0214727740636245,1.09802502703718,0.9604657255727557,0.1375593014644244,25.282161705179536,26.085400451018575,24.632263531596116,1.4531369194224588,0.05159333333333334,0.023914833563456302,-0.0088,0.1066,0.1154,0.1066,-0.05689999999999999,0.0613,-0.1029,-0.0019620689655172417,0.035750000000000004,-0.0451,0,-0.13582333333333332,0.027447978172301258,-0.1901,-0.0878,0.10229999999999999,0.1901,-0.010699999999999987,0.0748,-0.0663,-0.0003689655172413784,0.03169999999999999,-0.051149999999999994,0,1.0104333333333333,0.03659202224466451,0.9456,1.0826,0.137,1.0826,0.018399999999999972,0.12240000000000006,-0.09850000000000003,0.0006344827586206886,0.05415000000000003,-0.05820000000000003,0,1.1754166666666666,0.8452409307954472,-0.91,2.5638,3.4738,2.5638,-1.4174,1.7148999999999999,-3.4038,-0.048875862068965506,0.8968999999999999,-0.9450000000000001,0,0.06211999999999999,0.7812724181169747,-1.2687,1.8112,3.0799,1.8112,0.5862,2.0124,-1.7937,0.02021379310344828,0.8662000000000001,-1.435,0,25.22946,0.3648904168046376,24.5788,26.0225,1.4436999999999998,26.0225,0.20120000000000005,0.5163000000000011,-0.682500000000001,0.00693793103448276,0.3894000000000002,-0.24065000000000047,0
227,ctr_clockwise_circle,1.019834759951601,1.1401205681856634,0.9321675010425969,0.2079530671430665,25.37380409606548,25.965890493684206,24.632263531596116,1.3336269620880898,0.04060999999999999,0.023803713851066357,-0.0098,0.0796,0.08940000000000001,0.0796,0.0343,0.0712,-0.052500000000000005,0.0011827586206896556,0.0712,-0.03565,0,-0.14031333333333332,0.024799704299312386,-0.1792,-0.0791,0.1001,0.1792,0.03160000000000002,0.0748,-0.0663,0.0010896551724137937,0.06090000000000001,-0.04295,0,1.0087166666666667,0.049160778334326465,0.9195,1.1325,0.21300000000000008,1.1325,0.014900000000000135,0.12240000000000006,-0.19600000000000006,0.0005137931034482806,0.08135000000000003,-0.06310000000000004,0,0.8405833333333333,0.7933391256791343,-0.91,2.4938,3.4038,2.4938,-1.6012,1.7062,-3.4038,-0.05521379310344829,0.8968999999999999,-0.9450000000000001,0,-0.10151000000000003,0.7487898799925854,-1.2513,1.8112,3.0625,1.8112,-0.3325,1.9249999999999998,-2.4762,-0.011465517241379328,1.3606,-0.98875,0,25.336796666666668,0.37266197078755475,24.5788,25.9438,1.3649999999999984,25.9438,0.6387,0.4461999999999975,-0.46369999999999933,0.022024137931034485,0.3324999999999996,-0.39369999999999905,0
228,ctr_clockwise_circle,1.0149756751870245,1.1401205681856634,0.8888200099007673,0.25130055828489617,25.55390184005417,26.121372699190214,25.165837660010446,0.9555350391797681,0.028860000000000004,0.028049581716716537,-0.0359,0.0836,0.1195,0.0836,0.0075,0.10779999999999999,-0.043899999999999995,0.0002586206896551724,0.040999999999999995,-0.043899999999999995,0,-0.14980999999999997,0.026829016073055607,-0.2003,-0.0791,0.1212,0.2003,0.007499999999999979,0.06709999999999999,-0.06140000000000001,0.00025862068965517166,0.06369999999999998,-0.032049999999999995,0,1.00271,0.05220915727579097,0.8737,1.1325,0.25880000000000003,1.1325,0.00660000000000005,0.14960000000000007,-0.19600000000000006,0.00022758620689655346,0.08969999999999995,-0.08179999999999998,0,0.6186166666666666,0.5538409089903565,-0.49,1.82,2.31,1.82,0.5775,1.085,-1.2425,0.019913793103448273,1.085,-0.7963,0,-0.03674000000000001,0.8486412611162419,-1.4525,1.8112,3.2637,1.8112,-1.5486999999999997,2.5463,-2.0387,-0.05340344827586205,1.30815,-1.6974999999999998,0,25.526956666666667,0.24200278665157235,25.1475,26.075,0.9274999999999984,26.075,0.04370000000000118,0.48130000000000095,-0.40249999999999986,0.0015068965517241787,0.2931500000000007,-0.40249999999999986,0
229,ctr_clockwise_circle,1.0262639197959567,1.183192554067173,0.8888200099007673,0.2943725441664058,26.70827085826812,27.94262557688522,25.215962149598813,2.7266634272864074,0.037950000000000005,0.029529374621167333,-0.0242,0.0892,0.1134,0.0892,-0.018099999999999998,0.10779999999999999,-0.0888,-0.0006241379310344832,0.040999999999999995,-0.0351,0,-0.15796666666666667,0.025541073524454862,-0.2012,-0.113,0.08819999999999999,0.2012,0.036000000000000004,0.0713,-0.07629999999999999,0.0012413793103448272,0.0344,-0.0361,0,1.01258,0.05673457499620492,0.8737,1.1707,0.29700000000000004,1.1707,-0.02839999999999998,0.20250000000000012,-0.23540000000000005,-0.0009793103448275855,0.08969999999999995,-0.10320000000000001,0,0.8353333333333333,0.7376609544215832,-0.8925,2.45,3.3425000000000002,2.45,-0.245,1.6713,-2.0125,-0.00844827586206898,0.9275,-1.3169000000000002,0,0.049303333333333324,0.8322307042887324,-1.4525,1.47,2.9225,1.47,-1.1376,2.5463,-2.1088,-0.03922758620689652,1.30815,-2.1088,0,26.67262333333333,0.9481070664417506,25.1562,27.9037,2.7475000000000023,27.9037,2.274899999999999,0.6211999999999982,-0.5512999999999977,0.07844482758620686,0.5075000000000003,-0.18380000000000152,0
230,ctr_clockwise_circle,1.0141908140548286,1.1175466970109122,0.8852737712143063,0.23227292579660597,27.593144737310094,28.456279407013138,26.52113885658005,1.9351405504330899,0.03801333333333333,0.03278360327477993,-0.04,0.0939,0.1339,0.0939,-0.020499999999999997,0.1027,-0.09290000000000001,-0.0007068965517241379,0.0441,-0.0661,0,-0.14606,0.0328634017170133,-0.2049,-0.0553,0.1496,0.2049,0.0671,0.0886,-0.10060000000000001,0.002313793103448276,0.08290000000000002,-0.03609999999999999,0,1.0018166666666668,0.06208791366271302,0.8703,1.1017,0.23139999999999994,1.1017,-0.07099999999999995,0.21699999999999986,-0.16789999999999994,-0.0024482758620689637,0.08955000000000002,-0.09744999999999993,0,1.0030466666666666,0.8458729091517128,-0.4638,2.9925,3.4563,2.9925,1.3388,2.0300000000000002,-2.6336999999999997,0.04616551724137932,1.14185,-1.3606,0,0.24704333333333334,0.8061332052515858,-1.0325,1.8637,2.8962,1.8637,-0.2975,1.8025,-2.1174,-0.01025862068965516,1.25125,-1.23815,0,27.549960000000002,0.44339014547399225,26.495,28.35,1.8550000000000004,28.35,-0.6036999999999999,1.172500000000003,-0.9538000000000011,-0.02081724137931034,0.6300000000000008,-0.40690000000000026,0
231,ctr_clockwise_circle,1.013409411948166,1.1075058555149944,0.877605116211158,0.22990073930383637,26.903713321925064,27.513448106153472,26.26888958692392,1.2445585192295532,0.03475666666666667,0.03484914962929594,-0.019,0.1157,0.1347,0.1157,0.009000000000000001,0.1013,-0.0899,0.0003103448275862055,0.06025,-0.0571,0,-0.15126333333333336,0.03367035412831943,-0.23,-0.0703,0.1597,0.23,-0.010099999999999998,0.102,-0.10010000000000001,-0.00034827586206896547,0.0499,-0.0767,0,1.0002599999999997,0.057386124719698804,0.8617,1.0992,0.23749999999999993,1.0992,-0.020399999999999974,0.23749999999999993,-0.20899999999999996,-0.0007034482758620681,0.11284999999999995,-0.1104,0,0.2727033333333333,0.7558852907334066,-1.1988,1.9512,3.1500000000000004,1.9512,1.0851,1.6363,-1.4613,0.037417241379310365,1.0544,-1.07625,0,0.43604333333333334,0.9748476594278482,-0.91,2.59,3.5,2.59,2.7212,2.2224999999999997,-2.24,0.09383448275862068,1.56625,-1.21625,0,26.87154333333334,0.314873279035511,26.2675,27.4925,1.2250000000000014,27.4925,-0.1399000000000008,1.0062999999999995,-0.752600000000001,-0.004824137931034511,0.41999999999999993,-0.3719000000000001,0
232,ctr_clockwise_circle,1.003080522657446,1.1075058555149944,0.8614758383146912,0.24603001720030315,27.340044577711016,28.222499448666838,26.49778899625401,1.724710452412829,0.04898333333333334,0.034221439975883367,-0.0195,0.1157,0.1352,0.1157,-0.01630000000000001,0.1013,-0.0899,-0.0005620689655172422,0.06025,-0.07110000000000001,0,-0.15743666666666664,0.03620860521967151,-0.23,-0.0703,0.1597,0.23,-0.0403,0.11120000000000001,-0.1078,-0.0013896551724137936,0.0499,-0.069,0,0.9882266666666667,0.06731705186105795,0.8486,1.0992,0.25059999999999993,1.0992,-0.006199999999999983,0.23749999999999993,-0.20899999999999996,-0.00021379310344827527,0.11284999999999995,-0.1104,0,0.02916666666666666,0.8785634918407448,-2.31,1.7763,4.0863,2.31,1.61,2.7475,-1.6888,0.055517241379310356,1.1375000000000002,-1.22935,0,0.37916333333333335,1.11667435980709,-1.3388,2.7387,4.077500000000001,2.7387,0.1925,3.2113000000000005,-2.6163,0.006637931034482751,1.56625,-1.6581,0,27.30175000000001,0.42830069903410595,26.4862,28.21,1.7238000000000007,28.21,1.5050000000000026,1.0062999999999995,-0.752600000000001,0.05189655172413802,0.5163000000000011,-0.3893500000000003,0
233,ctr_clockwise_circle,1.0215623974824404,1.135411343963059,0.9081113422923425,0.22730000167071662,27.842352409375298,28.338774698987958,27.151241097415785,1.1875336015721736,0.05949000000000001,0.025143153589273423,0.0139,0.1032,0.0893,0.1032,0.025500000000000002,0.0727,-0.0695,0.0008793103448275875,0.032850000000000004,-0.027549999999999998,0,-0.15957000000000002,0.03388029790611199,-0.2206,-0.0745,0.1461,0.2206,-0.045899999999999996,0.1083,-0.1078,-0.0015827586206896551,0.05695000000000001,-0.0555,0,1.00636,0.0579312231934529,0.8808,1.1168,0.236,1.1168,-0.09750000000000003,0.1623,-0.15590000000000004,-0.0033620689655172423,0.08755000000000002,-0.15520000000000012,0,0.50429,1.0621331208696374,-2.31,2.73,5.04,2.73,-0.9626,2.7475,-3.5962,-0.033193103448275876,1.0543500000000001,-1.22935,1,-0.10034999999999998,1.1359141160923794,-2.4413,2.7387,5.18,2.7387,-0.4988,3.2113000000000005,-2.1263,-0.0172,1.155,-1.155,1,27.795543333333335,0.3189894871074241,27.1338,28.28,1.1462000000000003,28.28,0.7261999999999986,0.5951000000000022,-0.6738,0.02504137931034478,0.3849999999999998,-0.2231500000000004,0
234,ctr_clockwise_circle,1.0232802283214772,1.135411343963059,0.9327255116056385,0.20268583235742055,27.27375933188028,28.18284103634692,25.939957227027186,2.2428838093197356,0.054923333333333345,0.02507267620247235,-0.0018,0.0922,0.094,0.0922,-0.0233,0.09179999999999999,-0.0695,-0.000803448275862069,0.0322,-0.0695,0,-0.1615666666666667,0.042009730673551904,-0.2479,-0.0745,0.1734,0.2479,-0.017600000000000005,0.1083,-0.1154,-0.000606896551724138,0.05695000000000001,-0.0849,0,1.0078166666666666,0.04557396476463085,0.913,1.1168,0.20379999999999998,1.1168,-0.1069,0.13060000000000005,-0.1541999999999999,-0.003686206896551724,0.06284999999999996,-0.11630000000000007,0,0.9030033333333333,1.2828875843683407,-1.1025,3.4037,4.5062,3.4037,0.5599000000000001,2.3099,-3.5962,0.019306896551724163,0.8356,-1.5925,0,-0.8712133333333332,1.1752230593068012,-2.8612,1.4088,4.2700000000000005,2.8612,0.9276,2.4938,-2.1263,0.03198620689655172,1.15065,-1.46125,0,27.190920000000002,0.6795791904832953,25.8563,28.0788,2.2225,28.0788,-1.5137999999999998,0.5951000000000022,-0.6998999999999995,-0.052199999999999996,0.2931500000000007,-0.31935,0
235,ctr_clockwise_circle,1.0273067141905288,1.136768371305254,0.9327255116056385,0.20404285969961555,26.558362527971095,27.297502153493824,25.799757346339522,1.4977448071543016,0.060046666666666665,0.026029859953434296,-0.0018,0.1171,0.11889999999999999,0.1171,0.0344,0.09179999999999999,-0.0754,0.0011862068965517245,0.06080000000000001,-0.0463,0,-0.1639,0.03503881591449196,-0.2479,-0.0956,0.1523,0.2479,-0.0008999999999999841,0.1096,-0.105,-3.1034482758620624e-05,0.0368,-0.054400000000000004,0,1.0115066666666668,0.04351481660730991,0.913,1.1178,0.20479999999999987,1.1178,0.03849999999999998,0.11309999999999998,-0.1541999999999999,0.001327586206896551,0.07299999999999995,-0.06704999999999994,0,1.2404666666666668,0.8422640610317806,-0.42,3.1063,3.5263,3.1063,2.0825,2.4326,-1.9776,0.07181034482758619,1.0500500000000001,-1.1069,0,-0.5007933333333333,1.3313249796099123,-2.8612,2.5025,5.3637,2.8612,1.3474999999999997,2.7037,-2.835,0.0464655172413793,1.5969,-1.5925,2,26.47955,0.3606444497533977,25.7512,27.1513,1.4000999999999983,27.1513,0.20120000000000005,0.822499999999998,-0.6998999999999995,0.00693793103448276,0.3674999999999997,-0.34999999999999964,0
236,ctr_clockwise_circle,1.0157940844508087,1.143211485246715,0.8801340182040459,0.2630774670426691,27.296906163805907,27.9003501535375,26.75581798188947,1.1445321716480272,0.039866666666666675,0.02623240077794468,-0.0156,0.0876,0.1032,0.0876,-0.061000000000000006,0.08059999999999999,-0.0863,-0.002103448275862069,0.031950000000000006,-0.04905,0,-0.16123333333333326,0.03208280593685049,-0.246,-0.072,0.174,0.246,-0.07730000000000001,0.07189999999999999,-0.10980000000000001,-0.0026655172413793107,0.052550000000000006,-0.10980000000000001,0,1.0012466666666666,0.05667390528479475,0.8583,1.1305,0.2722000000000001,1.1305,-0.10119999999999996,0.1652,-0.13370000000000004,-0.0034896551724137915,0.07255000000000006,-0.10159999999999991,0,1.144793333333333,0.6910860847287748,-0.1925,2.6425,2.835,2.6425,-1.12,1.4088,-1.6888,-0.03862068965517241,1.4088,-1.6888,0,-0.25841666666666663,0.7135411681733305,-1.61,1.0412,2.6512000000000002,1.61,-1.5224,2.1263,-2.3363,-0.052496551724137946,0.6694,-0.8355999999999999,0,27.254210000000004,0.29351174839906463,26.7488,27.86,1.1112000000000002,27.86,0.08739999999999881,0.6912999999999982,-0.6738,0.003013793103448235,0.3369,-0.4637999999999991,0
237,ctr_clockwise_circle,1.0055584128865358,1.090259537908291,0.9314475025464398,0.1588120353618513,26.976338173223134,27.9003501535375,26.173797702855428,1.726552450682071,0.021273333333333335,0.032151032946706855,-0.0541,0.0763,0.13040000000000002,0.0763,0.002800000000000004,0.061599999999999995,-0.0923,9.655172413793176e-05,0.0468,-0.0532,2,-0.16767666666666667,0.0297084880861988,-0.246,-0.1208,0.12519999999999998,0.246,0.02629999999999999,0.11030000000000001,-0.10980000000000001,0.0009068965517241375,0.05779999999999999,-0.040999999999999995,0,0.9902666666666665,0.044009688066131106,0.9154,1.0716,0.15620000000000012,1.0716,-0.09440000000000015,0.09129999999999994,-0.11190000000000011,-0.0032551724137931085,0.06769999999999998,-0.0717000000000001,0,0.62096,0.6674731158734358,-0.6825,2.1525,2.835,2.1525,0.42869999999999997,1.3651,-1.8025,0.014782758620689633,1.06315,-0.7699999999999999,0,-0.11667,1.2043222140589545,-2.4325,3.3075,5.74,3.3075,-1.6625,5.74,-3.4037,-0.05732758620689657,1.82,-2.0694,2,26.934833333333337,0.42238465908444767,26.1537,27.86,1.7062999999999988,27.86,-0.2187000000000019,0.4812000000000012,-0.8138000000000005,-0.007541379310344893,0.3369,-0.38065000000000104,0
238,ctr_clockwise_circle,1.017433524694906,1.1589176372805792,0.935141368991876,0.22377626828870312,27.340219542074916,28.219424100608432,26.173797702855428,2.0456263977530043,0.04274333333333334,0.033334115105775004,-0.0541,0.1102,0.1643,0.1102,-0.0274,0.053000000000000005,-0.083,-0.0009448275862068968,0.0473,-0.083,2,-0.16843666666666665,0.03108181066191268,-0.2327,-0.1069,0.1258,0.2327,0.015200000000000019,0.08630000000000002,-0.06799999999999999,0.000524137931034483,0.050100000000000006,-0.038650000000000004,0,1.0014333333333334,0.04745977122845697,0.9271,1.1488,0.2217,1.1488,-9.999999999998899e-05,0.1736000000000001,-0.11630000000000007,-3.448275862068586e-06,0.11085,-0.1048,0,0.94091,0.7301954525071139,-0.14,2.5375,2.6775,2.5375,0.3063,2.205,-2.2138,0.010562068965517257,0.9363,-1.1375,0,0.13358333333333333,1.1473150603228732,-2.345,2.0912,4.4362,2.345,1.3125,3.3162000000000003,-2.9137000000000004,0.04525862068965522,1.4612500000000002,-1.7587000000000002,1,27.290970000000005,0.6118291609366245,26.1537,28.1488,1.9951000000000008,28.1488,1.2074999999999996,0.4988000000000028,-0.8138000000000005,0.041637931034482746,0.4068500000000004,-0.33254999999999946,0
239,ctr_clockwise_circle,1.021035929956576,1.1589176372805792,0.9004601823512243,0.2584574549293549,28.254675782213255,29.099748065919748,27.44306520671479,1.656682859204956,0.04238666666666667,0.027732425106702274,-0.0264,0.0908,0.1172,0.0908,-0.04019999999999999,0.058800000000000005,-0.092,-0.0013862068965517244,0.0317,-0.03565,0,-0.16186999999999999,0.02842041701749423,-0.2273,-0.1152,0.1121,0.2273,0.08360000000000001,0.1121,-0.06799999999999999,0.002882758620689655,0.041249999999999995,-0.033299999999999996,0,1.0064433333333334,0.05906035885859268,0.8867,1.1488,0.2621,1.1488,-0.018000000000000016,0.1736000000000001,-0.16769999999999996,-0.0006206896551724144,0.11085,-0.1048,0,1.2926666666666669,0.9308173009866608,-0.63,3.745,4.375,3.745,-0.5337000000000001,2.205,-2.4062,-0.018403448275862034,1.37375,-1.1813,0,0.5786700000000002,0.8345850450042989,-1.4088,2.03,3.4387999999999996,2.03,-1.4,2.7476000000000003,-2.3626,-0.04827586206896553,0.9887499999999999,-1.19,0,28.192506666666667,0.3816595693161313,27.3612,28.9713,1.6100999999999992,28.9713,0.14000000000000057,0.8226000000000013,-0.6912999999999982,0.004827586206896571,0.47250000000000014,-0.4681499999999996,0
240,ctr_clockwise_circle,0.9920173949520623,1.0858726398616,0.8917986600124492,0.19407397984915087,26.75003372338905,27.593550613141474,25.770378904470924,1.8231717086705501,0.03269666666666667,0.03305144874839552,-0.0351,0.1052,0.1403,0.1052,0.0701,0.1403,-0.10070000000000001,0.002417241379310345,0.0608,-0.038,0,-0.15202333333333334,0.04021772369056427,-0.2865,-0.0814,0.20509999999999998,0.2865,-0.009000000000000008,0.1871,-0.13149999999999998,-0.0003103448275862057,0.08629999999999999,-0.06054999999999999,0,0.9783366666666666,0.059414334061352755,0.8652,1.0767,0.21150000000000002,1.0767,0.0928,0.16689999999999994,-0.1724,0.0031999999999999997,0.13249999999999995,-0.07770000000000005,0,0.39199333333333336,0.8582129728980882,-1.7062,2.1962,3.9024,2.1962,0.8225,2.4937,-2.0825,0.02836206896551725,1.9512,-1.15495,0,0.10674,1.1003391419514008,-1.785,2.2137,3.9986999999999995,2.2137,2.4326,2.4412,-2.8612,0.08388275862068965,2.0738,-1.1637499999999998,0,26.712003333333335,0.47799952278387176,25.7512,27.5362,1.7850000000000001,27.5362,1.4612999999999978,0.8049999999999997,-0.7088000000000001,0.05038965517241372,0.6126000000000005,-0.29309999999999903,0
241,ctr_clockwise_circle,1.0011681341772927,1.1217768227236646,0.8917986600124492,0.2299781627112154,27.598196065635854,28.9008832553609,26.50510622974373,2.3957770256171678,0.04497333333333334,0.040118840129462034,-0.0351,0.1154,0.1505,0.1154,0.0918,0.1403,-0.1216,0.0031655172413793116,0.053849999999999995,-0.04235,0,-0.16004666666666667,0.04680755710671996,-0.2865,-0.0783,0.2082,0.2865,0.027099999999999985,0.1871,-0.13149999999999998,0.0009344827586206901,0.08629999999999999,-0.06445000000000001,0,0.9852266666666666,0.05843168680594892,0.8652,1.1132,0.248,1.1132,0.10199999999999998,0.11819999999999997,-0.19140000000000001,0.003517241379310344,0.06864999999999993,-0.07734999999999997,0,0.3009966666666667,1.0487475408654192,-1.7062,2.1962,3.9024,2.1962,0.6563000000000001,2.4937,-2.9225,0.02263103448275864,1.9512,-1.24685,0,0.26045666666666656,1.2107874837543093,-1.6888,2.765,4.4538,2.765,0.9363000000000001,2.8438,-3.1938,0.0322862068965517,1.7194,-1.71935,0,27.55024666666667,0.5211259433012416,26.46,28.8925,2.4324999999999974,28.8925,1.8462999999999994,0.7699999999999996,-0.7088000000000001,0.06366551724137928,0.6387999999999998,-0.29309999999999903,0
242,ctr_clockwise_circle,1.0165854201534046,1.14368336090021,0.8922690905775006,0.25141427032270935,27.93735922149081,28.9008832553609,27.184705298936017,1.7161779564248825,0.06247,0.03486593189485335,-0.0156,0.1461,0.1617,0.1461,-0.0489,0.09490000000000001,-0.1216,-0.0016862068965517243,0.0559,-0.1216,0,-0.15796,0.03836145335422363,-0.2155,-0.0783,0.1372,0.2155,0.0007000000000000062,0.07719999999999999,-0.12719999999999998,2.413793103448345e-05,0.05509999999999998,-0.06445000000000001,0,1.0010299999999999,0.05539569353360391,0.8835,1.1231,0.23960000000000004,1.1231,-0.04299999999999993,0.23960000000000004,-0.19140000000000001,-0.0014827586206896527,0.06674999999999998,-0.12429999999999986,0,0.5605866666666667,0.9829549544992958,-1.295,2.555,3.85,2.555,-0.26250000000000007,2.5725,-2.52,-0.00905172413793104,1.20315,-1.61,0,0.06301000000000002,1.285398737102549,-3.3075,2.765,6.0725,3.3075,0.8487,2.52,-3.1938,0.029265517241379355,1.3694000000000002,-1.71935,1,27.88624333333333,0.36238180825480554,27.1075,28.8925,1.7849999999999966,28.8925,-0.24510000000000076,0.6387999999999998,-1.0762999999999998,-0.008451724137931061,0.529399999999999,-0.5424999999999986,0
243,ctr_clockwise_circle,1.0102800751605454,1.0746557495309834,0.9165193778638834,0.15813637166710004,27.38369207317963,27.96018723453046,26.706963214300497,1.2532240202299612,0.04479,0.019006629514915087,0.0012,0.0795,0.0783,0.0795,0.0204,0.06570000000000001,-0.0783,0.0007034482758620695,0.0395,-0.0358,0,-0.16752000000000006,0.028916507634794066,-0.228,-0.1078,0.1202,0.228,0.025400000000000006,0.08349999999999999,-0.0643,0.0008758620689655175,0.049100000000000005,-0.04240000000000001,0,0.9947233333333333,0.036886823021828254,0.9052,1.0592,0.15399999999999991,1.0592,0.04300000000000004,0.13470000000000004,-0.10360000000000014,0.0014827586206896564,0.10830000000000006,-0.09150000000000003,0,1.0992966666666668,1.1747618779942197,-0.9538,3.7538,4.7076,3.7538,1.5924,2.2837,-2.52,0.0549103448275862,1.31255,-1.61,0,-0.5786700000000001,1.1508182804362324,-3.4738,1.3563,4.8301,3.4738,1.1723999999999999,2.2574,-3.2463,0.04042758620689656,1.82,-1.22065,0,27.307583333333337,0.36424951573426134,26.6875,27.9387,1.2512000000000008,27.9387,-0.691200000000002,0.5337999999999994,-0.6999999999999993,-0.02383448275862076,0.4549999999999983,-0.45059999999999967,0
244,ctr_clockwise_circle,1.0174563837582304,1.1852274296522167,0.916997366408432,0.26823006324378473,27.466281774966326,27.849265496418393,26.850481073530133,0.9987844228882601,0.04368666666666666,0.026339569463835772,-0.0159,0.0908,0.1067,0.0908,0.018099999999999998,0.0706,-0.062,0.0006241379310344817,0.0706,-0.051250000000000004,0,-0.16996999999999998,0.03255523846824253,-0.2223,-0.1116,0.11069999999999999,0.2223,-0.0305,0.10139999999999999,-0.07900000000000001,-0.0010517241379310348,0.04505,-0.043899999999999995,0,1.0013400000000001,0.057467517661779155,0.902,1.1709,0.26890000000000003,1.1709,0.2330000000000001,0.26890000000000003,-0.15190000000000003,0.008034482758620693,0.26890000000000003,-0.06244999999999995,0,1.3370033333333333,0.8103168203232921,-0.2625,2.625,2.8875,2.625,0.8136999999999999,1.7412,-1.5312000000000001,0.028058620689655183,0.9406,-0.9275,0,0.13154333333333332,0.9421207187760635,-1.89,2.8263,4.7162999999999995,2.8263,1.9600999999999997,2.8263,-2.5288,0.0675896551724138,2.8263,-1.4262000000000001,0,27.40618,0.23779620425612505,26.7138,27.7463,1.0325000000000024,27.7463,0.3674999999999997,0.5336999999999996,-0.6738,0.01267241379310344,0.3893500000000003,-0.5162500000000012,0
245,ctr_clockwise_circle,1.0156479725992593,1.1116525986116348,0.8888251234072989,0.22282747520433588,26.81853874182405,27.710978669473224,25.65737540162672,2.053603267846505,0.04375333333333333,0.026424449667493268,-0.0024,0.113,0.1154,0.113,0.0707,0.1077,-0.054900000000000004,0.002437931034482758,0.0758,-0.0427,0,-0.17353000000000002,0.030967181181774158,-0.2203,-0.0974,0.1229,0.2203,0.0006999999999999784,0.0748,-0.0954,2.4137931034482013e-05,0.04845000000000001,-0.03895,0,0.9988799999999999,0.052182791455976464,0.8747,1.1043,0.22960000000000003,1.1043,0.09470000000000012,0.1258999999999999,-0.13860000000000006,0.0032655172413793144,0.09440000000000004,-0.10065000000000002,0,0.8169500000000001,0.620121995645017,-0.6388,2.2925,2.9313000000000002,2.2925,0.21000000000000008,1.9425,-2.4326,0.007241379310344834,0.7656499999999999,-0.8794,0,-0.21875666666666668,0.8599179674923022,-1.6975,1.6187,3.3162000000000003,1.6975,0.49870000000000003,2.0038,-1.4963000000000002,0.017196551724137924,0.8662500000000001,-1.04995,0,26.784916666666668,0.6581131225909699,25.6375,27.6763,2.038800000000002,27.6763,-1.1112000000000002,0.6475000000000009,-0.6474999999999973,-0.03831724137931035,0.19684999999999953,-0.3586999999999989,0
246,ctr_clockwise_circle,1.031749513887757,1.1053638948328284,0.9206348679036657,0.1847290269291627,27.32793605795752,28.967697705893023,25.65737540162672,3.310322304266304,0.05333,0.021705952623885107,0.009,0.1108,0.1018,0.1108,0.06739999999999999,0.0583,-0.0589,0.002324137931034482,0.0583,-0.03065,0,-0.18936666666666663,0.0265492429054121,-0.2335,-0.121,0.11250000000000002,0.2335,-0.0009000000000000119,0.0713,-0.0796,-3.10344827586211e-05,0.04845000000000001,-0.03895,0,1.0122200000000001,0.049640190891294296,0.903,1.0926,0.1896,1.0926,0.17599999999999993,0.1299999999999999,-0.12409999999999999,0.006068965517241377,0.1258999999999999,-0.06730000000000003,0,0.7285866666666667,0.5415905571003153,-0.385,1.6888,2.0738000000000003,1.6888,-0.2362,1.1461999999999999,-1.7238,-0.008144827586206906,0.7744,-0.74815,0,0.03734,0.9459377101312093,-1.6537,1.715,3.3687,1.715,2.0387,2.0738,-3.2199999999999998,0.07030000000000002,1.3212000000000002,-1.0806,0,27.29708333333333,1.0143584978332054,25.6375,28.945,3.307500000000001,28.945,3.307500000000001,0.6913000000000018,-0.47250000000000014,0.11405172413793106,0.6913000000000018,-0.11369999999999969,0
247,ctr_clockwise_circle,1.0154035409188544,1.1053638948328284,0.8943637962261218,0.21100009860670654,28.359664715723774,28.967697705893023,27.770778026371534,1.1969196795214891,0.05033,0.026495753075436123,-0.0088,0.1108,0.1196,0.1108,0.0067000000000000115,0.0659,-0.0589,0.00023103448275862206,0.0422,-0.05619999999999999,0,-0.1661766666666667,0.035408567863737715,-0.2272,-0.1003,0.1269,0.2272,0.0858,0.1003,-0.0849,0.0029586206896551723,0.04365000000000001,-0.04100000000000001,0,0.9994999999999998,0.052430768802692373,0.8854,1.0926,0.20720000000000005,1.0926,-0.04820000000000013,0.13869999999999993,-0.1543000000000001,-0.0016620689655172459,0.0696,-0.08084999999999998,0,1.1025033333333334,0.6406726979125729,-0.035,2.485,2.52,2.485,0.4025,1.3738000000000001,-1.7238,0.013879310344827566,1.0937000000000001,-1.0762,0,0.2522966666666667,0.9677337972822376,-1.575,2.1875,3.7625,2.1875,1.4613,2.5637,-2.6949,0.0503896551724138,2.4588,-1.18565,0,28.314116666666667,0.2877359566462391,27.7375,28.945,1.2074999999999996,28.945,0.9186999999999976,0.6913000000000018,-0.5075000000000003,0.0316793103448275,0.5293499999999991,-0.30189999999999984,0
248,ctr_clockwise_circle,1.0038629610962087,1.1250288262973531,0.875289192210209,0.24973963408714417,27.881966881340272,28.8123317674915,27.077561049326434,1.7347707181650662,0.03863666666666666,0.02790315126602572,-0.0209,0.0837,0.1046,0.0837,-0.0735,0.07579999999999999,-0.0605,-0.00253448275862069,0.0423,-0.0552,0,-0.13951000000000002,0.026454624131350545,-0.2013,-0.0991,0.10220000000000001,0.2013,0.0349,0.06390000000000001,-0.0907,0.001203448275862069,0.03475,-0.05025,0,0.9925633333333332,0.06752648258701703,0.8518,1.1176,0.2657999999999999,1.1176,-0.09500000000000008,0.15179999999999993,-0.15860000000000007,-0.00327586206896552,0.11265000000000003,-0.13160000000000005,0,0.8595566666666667,0.7160938181085865,-0.2887,2.485,2.7737,2.485,-0.35,0.9888,-1.6012,-0.012068965517241402,0.98,-0.67815,0,-0.12891333333333332,0.9433672334024916,-1.9512,1.3563,3.3075,1.9512,-1.3562,2.4588,-2.7125,-0.046765517241379305,1.7588,-2.3274,0,27.844236666666664,0.5396930899759752,27.0375,28.7962,1.7586999999999975,28.7962,-0.9536999999999978,0.6387,-0.7873999999999981,-0.03288620689655165,0.5293499999999991,-0.4812499999999993,0
249,ctr_clockwise_circle,1.012623030724994,1.1676709039793705,0.9089766718678758,0.25869423211149467,27.43690081961427,28.407337596473205,26.83905630103264,1.5682812954405634,0.052583333333333336,0.024098119590874555,-0.013,0.1074,0.1204,0.1074,-0.007199999999999998,0.08259999999999999,-0.0904,-0.000248275862068965,0.03795,-0.0415,0,-0.16093333333333332,0.04131181957723006,-0.2499,-0.0666,0.18330000000000002,0.2499,-0.1547,0.11150000000000002,-0.10219999999999999,-0.0053344827586206895,0.06625,-0.08049999999999999,0,0.99706,0.0649452002420715,0.8733,1.1583,0.28500000000000014,1.1583,-0.07120000000000004,0.1725000000000001,-0.25990000000000013,-0.002455172413793105,0.08385000000000004,-0.16730000000000012,0,0.06882666666666666,1.0479646200047068,-2.1525,2.1962,4.3487,2.1962,0.805,2.4325,-2.5551,0.02775862068965517,1.1812500000000001,-1.55315,1,0.50925,1.0165965302640116,-1.3475,2.485,3.8324999999999996,2.485,-1.96,2.3449999999999998,-2.3449999999999998,-0.0675862068965517,1.47,-1.7936999999999999,0,27.39449666666667,0.3684179686764451,26.7838,28.3412,1.5574000000000012,28.3412,0.07000000000000028,0.6387,-0.8137000000000008,0.0024137931034482855,0.40249999999999986,-0.47250000000000014,0
250,ctr_clockwise_circle,0.9916598604867022,1.0932092983505033,0.8889965916695068,0.20421270668099645,27.25313548786318,27.696364339566305,26.81622634954441,0.8801379900218933,0.05139666666666667,0.025360633127816,0.0032,0.1062,0.10300000000000001,0.1062,0.0322,0.055600000000000004,-0.0795,0.0011103448275862067,0.0504,-0.02415,0,-0.17030666666666672,0.03826195493440317,-0.2499,-0.1162,0.1337,0.2499,0.1036,0.11150000000000002,-0.0905,0.0035724137931034483,0.06625,-0.03864999999999999,0,0.97427,0.06213292841242436,0.8694,1.0811,0.2117,1.0811,0.06579999999999997,0.1796000000000001,-0.1886000000000001,0.002268965517241378,0.14460000000000006,-0.0933,0,0.40425666666666676,1.1262194536202275,-2.1525,2.1962,4.3487,2.1962,1.0501,1.8988,-2.2225,0.03621034482758622,1.3825,-1.55315,2,-0.13446333333333335,1.1336645220739665,-2.275,2.485,4.76,2.485,-0.32380000000000003,2.5025,-1.7936999999999999,-0.011165517241379349,1.47,-1.3606,1,27.204633333333334,0.2589479089319505,26.8013,27.6413,0.8399999999999999,27.6413,0.14869999999999806,0.7524999999999977,-0.5162999999999975,0.005127586206896484,0.24059999999999881,-0.37625000000000064,0
251,ctr_clockwise_circle,1.0033913710350106,1.1190273276377123,0.8889965916695068,0.23003073596820545,27.157685538086003,27.684678237790664,26.68791507068321,0.9967631671074528,0.049546666666666676,0.026616752999377758,0.0054,0.116,0.1106,0.116,-0.028399999999999998,0.0762,-0.0795,-0.000979310344827585,0.0504,-0.047400000000000005,0,-0.16089999999999996,0.03044839614144244,-0.2218,-0.101,0.12079999999999999,0.2218,-0.013200000000000017,0.07189999999999999,-0.0703,-0.00045517241379310357,0.040499999999999994,-0.0703,0,0.9882666666666666,0.05434895128470401,0.8694,1.107,0.23760000000000003,1.107,-0.005700000000000038,0.1844,-0.1886000000000001,-0.00019655172413793237,0.08875000000000005,-0.05930000000000002,0,1.00217,1.3516803417636671,-1.75,3.605,5.355,3.605,-1.0763,1.925,-1.8025,-0.03711379310344827,1.26875,-1.2950000000000002,0,-0.7011599999999999,0.9740759202160926,-2.4675,1.19,3.6574999999999998,2.4675,-0.4637999999999999,2.4325,-2.3974,-0.01599310344827585,1.19,-1.41315,0,27.080680000000005,0.272516476439562,26.6437,27.5888,0.9451,27.5888,0.6911999999999985,0.7524999999999977,-0.6911999999999985,0.023834482758620636,0.7524999999999977,-0.40249999999999986,0
252,ctr_clockwise_circle,1.0300071188604396,1.1297922198351342,0.9422611580660639,0.1875310617690703,27.215245397915194,27.92147396503272,26.68791507068321,1.2335588943495104,0.051286666666666675,0.023085982212430203,0.0149,0.116,0.10110000000000001,0.116,-0.019499999999999997,0.0762,-0.0597,-0.0006724137931034484,0.03765,-0.047400000000000005,0,-0.16035999999999997,0.03152090275269456,-0.2108,-0.0867,0.12409999999999999,0.2108,0.014899999999999997,0.09850000000000002,-0.1031,0.0005137931034482752,0.04315,-0.05765000000000001,0,1.0154166666666666,0.05108462946734654,0.9226,1.1161,0.19350000000000012,1.1161,0.08030000000000004,0.1844,-0.12399999999999989,0.0027689655172413808,0.12250000000000005,-0.09340000000000004,0,1.3437066666666666,0.7545615543243427,-0.3413,2.59,2.9313,2.59,2.2925,1.8813,-1.2950000000000002,0.07905172413793105,1.8813,-1.14625,0,-0.31324666666666673,0.9757850034303358,-2.1175,1.4438,3.5613,2.1175,0.6824,2.38,-2.3975,0.023531034482758614,1.4219,-1.4656500000000001,0,27.153000000000002,0.35337924923954384,26.565,27.9037,1.3386999999999993,27.9037,0.026300000000002655,0.47250000000000014,-0.5076,0.0009068965517242295,0.40249999999999986,-0.4156000000000013,0
253,ctr_clockwise_circle,1.0011462678986844,1.1072114296736644,0.8440257460528086,0.2631856836208558,26.941251612415286,27.950628347140963,25.708420618349933,2.24220772879103,0.03762000000000001,0.0244133428752563,-0.0071,0.0881,0.09519999999999999,0.0881,-0.007300000000000001,0.0586,-0.08700000000000001,-0.00025172413793103437,0.031,-0.020999999999999998,0,-0.16467,0.027043428037140556,-0.2189,-0.09,0.12890000000000001,0.2189,-0.0363,0.08080000000000001,-0.07300000000000001,-0.0012517241379310345,0.0442,-0.0276,0,0.9861466666666665,0.056289232959123164,0.8276,1.096,0.2684000000000001,1.096,0.012700000000000045,0.14070000000000005,-0.17470000000000008,0.00043793103448276015,0.13420000000000004,-0.0766,0,0.9240066666666666,0.7347317173674668,-0.2537,2.6512,2.9048999999999996,2.6512,-0.7,1.8636999999999997,-1.8899,-0.02413793103448278,0.7524499999999998,-1.35625,0,-0.2759166666666667,0.7561347937136391,-1.7938,0.9538,2.7476000000000003,1.7938,-0.7,1.6099999999999999,-2.5726,-0.02413793103448274,1.0281500000000001,-1.225,0,26.903920000000003,0.5398636414043315,25.69,27.93,2.2399999999999984,27.93,0.6649999999999991,0.6475000000000009,-0.7524999999999977,0.022931034482758593,0.3105999999999991,-0.3805999999999994,0
254,ctr_clockwise_circle,1.007468558630383,1.1195807295590614,0.8857966640262311,0.23378406553283027,27.588917623640295,27.973301662120615,27.121211832254104,0.8520898298665109,0.04118666666666667,0.027654989365060497,-0.0059,0.1071,0.113,0.1071,-0.010299999999999998,0.0625,-0.08700000000000001,-0.0003551724137931032,0.052399999999999995,-0.0507,0,-0.17896,0.031843795476431944,-0.2511,-0.1174,0.13369999999999999,0.2511,0.04100000000000001,0.0829,-0.11099999999999999,0.0014137931034482762,0.08080000000000001,-0.041150000000000006,0,0.9896566666666667,0.05495896703424532,0.8694,1.1031,0.23370000000000002,1.1031,-0.0474,0.1372,-0.13959999999999995,-0.0016344827586206895,0.07080000000000003,-0.08844999999999997,0,0.76154,0.5877089454412994,-0.6037,1.6712,2.2749,1.6712,-0.7436999999999999,1.435,-1.8025000000000002,-0.02564482758620689,0.7306,-1.0675000000000001,0,-0.3969666666666667,0.8265671048684279,-2.17,1.4963,3.6662999999999997,2.17,1.5225,2.0475,-3.6662999999999997,0.052500000000000005,1.78065,-1.2381,0,27.557550000000003,0.24762902558130143,27.09,27.965,0.875,27.965,0.3237000000000023,0.7175000000000011,-0.5249999999999986,0.011162068965517321,0.3105999999999991,-0.40249999999999986,0
255,ctr_clockwise_circle,1.0277205363709385,1.1195807295590614,0.8668751063446222,0.25270562321443923,27.571173988320425,28.193746263666345,26.85051052475539,1.3432357389109555,0.04535333333333333,0.022806634445104862,0.0085,0.1171,0.1086,0.1171,0.0196,0.0642,-0.10439999999999999,0.0006758620689655173,0.02885,-0.0392,0,-0.1712133333333333,0.036847137476741454,-0.2511,-0.1005,0.15059999999999998,0.2511,0.11709999999999998,0.10289999999999999,-0.08659999999999998,0.004037931034482758,0.053549999999999986,-0.05075,0,1.0113566666666667,0.06330043135078467,0.852,1.1031,0.2511,1.1031,-0.0021999999999999797,0.1754000000000001,-0.2380000000000001,-7.586206896551654e-05,0.11969999999999997,-0.09020000000000006,0,0.9012366666666668,0.7183559032830518,-1.0938,2.065,3.1588000000000003,2.065,-1.0413000000000001,1.8988,-1.8375000000000001,-0.035906896551724146,1.36505,-1.0456500000000002,0,-0.07962333333333337,1.0053276116163132,-2.17,1.7325,3.9025,2.17,-0.2713,3.0975,-3.6662999999999997,-0.009355172413793121,1.78065,-2.0825,0,27.529546666666665,0.29780521490227235,26.845,28.1838,1.3388000000000027,28.1838,-0.4461999999999975,0.7175000000000011,-0.9711999999999996,-0.015386206896551638,0.38065000000000104,-0.6694000000000013,0
256,ctr_clockwise_circle,1.0127412089885581,1.1177185423889147,0.8668751063446222,0.2508434360442925,27.494249855546517,28.05990602496737,27.039677113086984,1.020228911880384,0.04929666666666666,0.026510264548600445,-0.006,0.1181,0.1241,0.1181,-0.009500000000000001,0.0696,-0.0785,-0.00032758620689655104,0.041249999999999995,-0.0386,0,-0.1538766666666667,0.03159360130909677,-0.2239,-0.0922,0.13169999999999998,0.2239,-0.006400000000000017,0.09539999999999998,-0.08659999999999998,-0.00022068965517241438,0.05785,-0.0713,0,0.9988533333333333,0.06678792340418797,0.852,1.1012,0.24919999999999998,1.1012,0.04700000000000004,0.20840000000000003,-0.16349999999999987,0.0016206896551724153,0.1754000000000001,-0.10519999999999996,0,1.0295699999999999,0.8151820956503926,-0.4812,2.765,3.2462,2.765,1.2337,3.1938,-2.5637000000000003,0.0425413793103448,1.5487,-1.02815,0,0.13620666666666667,0.9619792039953567,-1.6013,1.7325,3.3338,1.7325,1.0325,3.0975,-2.9313000000000002,0.03560344827586208,3.0975,-1.3780999999999999,0,27.446716666666667,0.24880813697101717,27.0375,28.035,0.9974999999999987,28.035,-0.3674999999999997,0.3761999999999972,-0.6563000000000017,-0.01267241379310344,0.3761999999999972,-0.3324999999999996,0
257,ctr_clockwise_circle,1.0047193140060204,1.1548271558982324,0.8859669971279969,0.2688601587702355,26.899327844272218,27.928522125776723,26.227158395449553,1.70136373032717,0.039630000000000006,0.030303774090662882,-0.031,0.0927,0.1237,0.0927,-0.0058,0.1118,-0.072,-0.00019999999999999963,0.043949999999999996,-0.039799999999999995,0,-0.14144000000000004,0.038792770389374856,-0.244,-0.07,0.174,0.244,0.1313,0.11149999999999999,-0.09780000000000001,0.00452758620689655,0.0761,-0.07405,0,0.9926999999999998,0.05269817768229262,0.8718,1.1424,0.27060000000000006,1.1424,-0.10009999999999997,0.21500000000000008,-0.1550999999999999,-0.0034517241379310335,0.06780000000000008,-0.11180000000000001,0,0.5655433333333334,1.147363876888455,-1.995,2.7825,4.7775,2.7825,-0.07869999999999999,1.4875,-2.3537000000000003,-0.0027137931034482833,1.32565,-2.0300000000000002,0,3.3333333333098366e-06,1.1615790425354064,-2.4938,2.4237,4.9175,2.4938,1.155,2.7213,-2.0738,0.039827586206896554,2.7213,-1.6099999999999999,1,26.84529666666667,0.3901835036751677,26.1975,27.9212,1.7236999999999973,27.9212,-0.6826000000000008,0.6649999999999991,-0.8924999999999983,-0.023537931034482786,0.4287499999999991,-0.49434999999999896,0
258,ctr_clockwise_circle,1.0042932119110135,1.1548271558982324,0.9130731460293857,0.24175400986884665,26.471059170292936,26.946710164508026,25.6864280299928,1.2602821345152257,0.04831333333333334,0.022266160087843417,-0.0051,0.0927,0.0978,0.0927,-0.0023999999999999994,0.0756,-0.0676,-8.275862068965515e-05,0.0427,-0.03175,0,-0.13812999999999998,0.03954135460676494,-0.244,-0.0513,0.19269999999999998,0.244,-0.07020000000000001,0.1186,-0.09780000000000001,-0.0024206896551724143,0.04685,-0.07405,0,0.99253,0.04670114190437333,0.9084,1.1424,0.2340000000000001,1.1424,0.017999999999999905,0.21500000000000008,-0.11180000000000001,0.0006206896551724105,0.06780000000000008,-0.06409999999999999,0,0.10907999999999998,1.2823254908227448,-1.995,2.6775,4.6725,2.6775,0.9099999999999999,1.9162,-2.0300000000000002,0.03137931034482759,1.9162,-1.2950000000000002,0,0.31267,1.0840579184011692,-2.4938,2.7738,5.2676,2.7738,0.4987,2.7213,-2.3888,0.017196551724137896,1.6886999999999999,-1.3343999999999998,1,26.417423333333335,0.32368025057021244,25.6375,26.8713,1.2338000000000022,26.8713,0.11379999999999768,0.6125000000000007,-0.6649999999999991,0.003924137931034403,0.48130000000000095,-0.42435000000000045,0
259,ctr_clockwise_circle,1.0151764827652003,1.109599089761703,0.8883024428650413,0.22129664689666162,26.35397640814024,26.96268446631381,25.6864280299928,1.2762564363210096,0.04756,0.03259263297338727,-0.0188,0.1183,0.1371,0.1183,0.008199999999999992,0.1062,-0.09970000000000001,0.00028275862068965514,0.0528,-0.0405,0,-0.15529666666666667,0.03429363551421181,-0.2463,-0.0766,0.1697,0.2463,-0.0648,0.06889999999999999,-0.09969999999999998,-0.0022344827586206896,0.0402,-0.03965,0,1.0009833333333333,0.051579320123163866,0.8713,1.097,0.2257,1.097,-0.013499999999999845,0.21260000000000012,-0.14759999999999995,-0.00046551724137930503,0.11285,-0.09165000000000001,0,0.6025833333333334,0.974900454010503,-1.7062,3.1412,4.8474,3.1412,-0.25370000000000004,1.9162,-2.0212,-0.008748275862068956,1.1463,-1.77185,0,0.3126633333333333,1.0533203656756696,-1.5662,2.7738,4.34,2.7738,-2.1962,2.7213,-2.3888,-0.07573103448275866,1.3956499999999998,-1.89,0,26.307466666666667,0.33485886407645626,25.6375,26.9325,1.2950000000000017,26.9325,0.1661999999999999,0.577499999999997,-0.5600999999999985,0.005731034482758617,0.3631499999999992,-0.38064999999999927,0
260,ctr_clockwise_circle,1.0103310896898674,1.0952463558487653,0.9171724156340508,0.17807394021471445,26.1720193835999,26.766334398456582,25.66539211428495,1.1009422841716336,0.040803333333333316,0.027076615223362445,-0.0142,0.0936,0.1078,0.0936,-0.026600000000000006,0.06999999999999999,-0.1078,-0.0009172413793103452,0.0477,-0.0405,0,-0.16630666666666669,0.036502564230507135,-0.2463,-0.0781,0.1682,0.2463,-0.04829999999999998,0.06889999999999999,-0.09969999999999998,-0.0016655172413793098,0.0402,-0.054900000000000004,0,0.9946566666666666,0.04783857686827241,0.9038,1.085,0.18119999999999992,1.085,0.039100000000000024,0.12930000000000008,-0.18119999999999992,0.0013482758620689662,0.10719999999999996,-0.061600000000000044,0,1.16055,1.176648816078659,-1.0762,3.3688,4.445,3.3688,2.0999999999999996,2.4325,-1.9249,0.07241379310344827,1.4437999999999998,-1.5662,0,-0.6343733333333333,1.5151028964564006,-4.3575,1.8463,6.2038,4.3575,-0.01750000000000007,3.0625,-4.165,-0.0006034482758621212,1.8462,-1.96435,0,26.070330000000006,0.29981816460579297,25.5063,26.7225,1.2162000000000006,26.7225,-0.32369999999999877,0.490000000000002,-0.5336999999999996,-0.011162068965517198,0.4201000000000015,-0.4375,0
261,ctr_clockwise_circle,1.017791495790448,1.1205323511617145,0.9160000109170305,0.20453234024468392,26.070637236037445,26.66394206133069,25.45128155790981,1.2126605034208815,0.04326000000000001,0.022268217648509264,0.0034,0.083,0.0796,0.083,0.0037,0.0543,-0.0681,0.0001275862068965513,0.03565,-0.031,0,-0.15618999999999997,0.025945876690552955,-0.2159,-0.0852,0.1307,0.2159,0.01999999999999999,0.05980000000000002,-0.0776,0.0006896551724137927,0.03970000000000001,-0.04470000000000002,0,1.0042300000000002,0.051609015184130975,0.9023,1.1073,0.20499999999999996,1.1073,0.04859999999999998,0.13669999999999993,-0.17190000000000005,0.0016758620689655164,0.09664999999999996,-0.0681,0,1.2241266666666668,0.8792120927807772,-0.2275,3.3863,3.6138,3.3863,0.7349,1.5051,-1.7587000000000002,0.02534137931034483,1.22505,-1.1244,0,0.15866999999999995,0.6780452564236554,-1.365,1.505,2.87,1.505,-0.5601,2.205,-1.5399,-0.019313793103448263,1.0806,-0.7918499999999999,0,26.018706666666663,0.3155565580578757,25.4188,26.565,1.1462000000000003,26.565,-0.8399999999999999,0.6650000000000027,-0.41130000000000067,-0.028965517241379305,0.3106000000000009,-0.32810000000000095,0
262,ctr_clockwise_circle,1.0147435411180343,1.144372360728797,0.9053530747724889,0.23901928595630806,25.66053648714175,26.137761498070184,25.076220675771697,1.0615408222984861,0.04011333333333333,0.020467867724689896,-0.0093,0.083,0.09230000000000001,0.083,-0.0415,0.04569999999999999,-0.0455,-0.001431034482758621,0.030649999999999997,-0.031,0,-0.14964666666666665,0.02956789653910346,-0.2252,-0.0852,0.14,0.2252,0.0040000000000000036,0.06889999999999999,-0.10930000000000001,0.00013793103448275922,0.06889999999999999,-0.05525000000000001,0,1.0021266666666668,0.059720122718153086,0.8899,1.1373,0.24739999999999995,1.1373,-0.09209999999999996,0.132,-0.19740000000000002,-0.003175862068965516,0.12369999999999998,-0.07080000000000009,0,1.0841133333333335,0.7947051722812521,-0.1663,2.6512,2.8175,2.6512,0.6124,1.7762,-1.4263,0.02111724137931037,1.7762,-1.1244,0,-0.04958666666666666,0.787465555561259,-1.6013,1.3825,2.9838,1.6013,0.24500000000000002,2.9838,-2.2925,0.008448275862068939,1.0369000000000002,-1.19005,0,25.614176666666662,0.23603137237902597,25.0688,26.0837,1.0149000000000008,26.0837,-0.192499999999999,0.6387999999999998,-0.7174000000000014,-0.0066379310344827245,0.28880000000000017,-0.3937500000000007,0
263,ctr_clockwise_circle,1.0140903471200038,1.172299198157194,0.9053530747724889,0.266946123384705,25.670490376108322,26.12623320783155,25.076220675771697,1.0500125320598528,0.04128333333333334,0.02437186171957655,-0.0093,0.0847,0.094,0.0847,-0.0031999999999999997,0.0508,-0.0641,-0.00011034482758620742,0.030649999999999997,-0.03615,0,-0.15192,0.02795141597795027,-0.2252,-0.1028,0.12240000000000001,0.2252,-0.006500000000000006,0.06889999999999999,-0.10930000000000001,-0.00022413793103448295,0.040400000000000005,-0.05525000000000001,0,1.0010233333333334,0.06971556341025437,0.8899,1.1644,0.2745000000000001,1.1644,-0.009400000000000075,0.16310000000000013,-0.19740000000000002,-0.00032413793103448535,0.12369999999999998,-0.08795000000000003,0,0.7918766666666668,0.7653005254567437,-0.525,2.5463,3.0713,2.5463,-2.6601,1.7762,-2.3625,-0.09172758620689656,1.1025,-1.3125,0,-0.2181733333333333,0.8851138866653353,-2.2662,1.4175,3.6837,2.2662,0.5601,2.9838,-2.3012,0.01931379310344827,2.9838,-1.0412,0,25.63167333333333,0.2022208624138526,25.0688,25.9525,0.883700000000001,25.9525,-0.30630000000000024,0.40249999999999986,-0.7174000000000014,-0.01056206896551725,0.18374999999999986,-0.3937500000000007,0
264,ctr_clockwise_circle,1.024577526131828,1.172299198157194,0.919701978904036,0.2525972192531579,25.996986221046516,26.675356253478604,25.41623956626944,1.2591166872091648,0.049530000000000005,0.02686524674665432,-0.0098,0.1134,0.1232,0.1134,0.0436,0.0746,-0.0742,0.0015034482758620694,0.04475,-0.03615,0,-0.1614533333333333,0.03407845647036113,-0.254,-0.113,0.14100000000000001,0.254,0.013700000000000018,0.1,-0.1146,0.0004724137931034494,0.04239999999999999,-0.051449999999999996,0,1.0095433333333332,0.06387220367498565,0.9026,1.1644,0.26180000000000014,1.1644,0.11920000000000008,0.18800000000000006,-0.14029999999999998,0.00411034482758621,0.09940000000000004,-0.08795000000000003,0,0.4369233333333334,0.7341087092679044,-1.8288,1.4875,3.3163,1.8288,-0.07869999999999999,2.2663,-3.3163,-0.0027137931034482525,1.5225,-1.4438,0,-0.08107666666666666,0.875009283372757,-2.2662,1.4175,3.6837,2.2662,1.5836999999999999,2.0125,-2.3012,0.05461034482758617,2.0125,-0.82685,0,25.968826666666665,0.38286050663424415,25.3838,26.635,1.2512000000000008,26.635,0.4461999999999975,0.48130000000000095,-0.7613000000000021,0.015386206896551638,0.3500500000000013,-0.5162500000000012,0
265,ctr_clockwise_circle,1.007942578944302,1.0954545221048657,0.9178726382238441,0.17758188388102158,25.54707997656728,26.177739123728774,24.90298124984236,1.274757873886415,0.036919999999999994,0.025736066199951304,-0.0163,0.0903,0.1066,0.0903,0.0414,0.0592,-0.0974,0.0014275862068965518,0.04465,-0.0303,0,-0.13091333333333333,0.03347801886501704,-0.1862,-0.0764,0.10980000000000001,0.1862,0.01899999999999999,0.06709999999999999,-0.09640000000000001,0.0006551724137931017,0.050850000000000006,-0.052000000000000005,0,0.9977566666666667,0.053392319500179,0.9004,1.0846,0.18420000000000003,1.0846,0.15359999999999996,0.15710000000000013,-0.18420000000000003,0.005296551724137929,0.08010000000000006,-0.05615000000000003,0,0.8621700000000001,1.169202314621914,-0.9538,3.9025,4.8563,3.9025,-1.9074,2.0736999999999997,-3.8238,-0.06577241379310345,1.4874999999999998,-2.1262,0,0.3826766666666666,1.004766124334014,-1.4787,2.5025,3.9812,2.5025,2.205,3.185,-2.9837,0.07603448275862075,3.185,-1.75875,0,25.48465333333333,0.36061446289711524,24.815,26.1625,1.3475000000000001,26.1625,-0.2187000000000019,0.6037999999999997,-0.8663000000000025,-0.007541379310344893,0.28439999999999976,-0.5512500000000014,0
266,ctr_clockwise_circle,1.0037094472200339,1.1063056765650259,0.9356634330783693,0.17064224348665658,25.353101504838914,26.177739123728774,24.59718848262947,1.580550641099304,0.034896666666666666,0.02673598225475243,-0.0376,0.0954,0.133,0.0954,-0.0119,0.1068,-0.1001,-0.0004103448275862067,0.0475,-0.03295,0,-0.12265666666666664,0.0285172142003234,-0.1839,-0.0583,0.12560000000000002,0.1839,0.030799999999999994,0.06730000000000001,-0.06640000000000001,0.0010620689655172412,0.06549999999999999,-0.04429999999999999,0,0.9947966666666666,0.05482624895716141,0.9243,1.0953,0.17099999999999993,1.0953,-0.07240000000000002,0.17099999999999993,-0.1319999999999999,-0.0024965517241379315,0.08294999999999997,-0.058499999999999996,0,0.4882500000000001,1.1069826908125622,-1.4963,3.9025,5.3988,3.9025,0.77,2.2488,-3.8238,0.026551724137931013,1.9338,-2.07375,0,0.32609,0.9078167661654164,-1.33,2.7825,4.112500000000001,2.7825,-1.2511999999999999,3.9375,-3.5175,-0.04314482758620689,0.9800000000000001,-1.3037999999999998,0,25.30733333333334,0.3778994268077281,24.57,26.1625,1.5925000000000011,26.1625,-0.5863000000000014,0.40249999999999986,-0.8663000000000025,-0.020217241379310393,0.2931000000000008,-0.5512500000000014,0
267,ctr_clockwise_circle,1.012796704613625,1.1668435070736778,0.9019000221754072,0.2649434848982706,25.48834507040635,26.02658002658052,24.59718848262947,1.4293915439510485,0.03809,0.030861340060743113,-0.0114,0.1029,0.11430000000000001,0.1029,0.002999999999999999,0.1068,-0.08700000000000001,0.00010344827586207002,0.0475,-0.0649,0,-0.12888666666666668,0.031061160283558622,-0.1781,-0.0603,0.11780000000000002,0.1781,-0.0067000000000000115,0.07800000000000001,-0.11780000000000002,-0.00023103448275862108,0.04675,-0.04429999999999999,0,1.00283,0.06373967069800139,0.8842,1.1592,0.275,1.1592,0.08440000000000014,0.25350000000000006,-0.24319999999999997,0.002910344827586212,0.08294999999999997,-0.07050000000000001,0,0.1574966666666667,0.8243969509569564,-1.4875,1.8725,3.3600000000000003,1.8725,-0.5425,1.9338,-1.7850000000000001,-0.018706896551724153,0.7787499999999999,-1.085,0,0.3464966666666667,1.1789822131627021,-1.4,2.7825,4.1825,2.7825,-0.1925,3.9375,-3.5175,-0.006637931034482766,1.3605999999999998,-1.07185,0,25.446166666666667,0.3093883468965859,24.57,25.97,1.3999999999999986,25.97,0.13119999999999976,0.384999999999998,-0.5250000000000021,0.0045241379310344745,0.25815000000000055,-0.4594000000000005,0
268,ctr_clockwise_circle,1.0235978884558432,1.1460158943051357,0.897378376160246,0.24863751814488977,25.262468231553136,25.775501229462055,24.378464311559906,1.397036917902149,0.05808,0.020692234092145243,0.0179,0.12,0.1021,0.12,-0.021900000000000003,0.0919,-0.0686,-0.0007551724137931038,0.03805,-0.0429,0,-0.14768666666666666,0.02394637303662489,-0.1903,-0.0949,0.0954,0.1903,0.008000000000000007,0.0558,-0.075,0.00027586206896551747,0.035300000000000005,-0.075,0,1.0106766666666664,0.06142955979080394,0.8764,1.1409,0.26450000000000007,1.1409,-0.04490000000000005,0.1704,-0.17700000000000005,-0.0015482758620689672,0.12530000000000002,-0.15750000000000008,0,1.1552900000000002,1.2216584553878753,-0.9275,3.4913,4.4188,3.4913,1.5575,2.6599999999999997,-1.6975,0.05370689655172413,2.1569,-1.25995,0,-0.3887966666666667,1.4452066823870182,-2.6688,2.7825,5.4513,2.7825,1.7062,3.4563,-2.8350000000000004,0.0588344827586207,2.01685,-2.8350000000000004,1,25.164409999999997,0.31021685112859004,24.3075,25.6987,1.3911999999999978,25.6987,-0.48119999999999763,0.629999999999999,-0.5774000000000008,-0.01659310344827578,0.5599999999999987,-0.38064999999999927,0
269,ctr_clockwise_circle,1.0246195882710103,1.1460158943051357,0.8976009024059635,0.24841499189917227,25.44650187474925,26.15074485076859,24.378464311559906,1.7722805392086833,0.05518,0.02654787997250407,0.0027,0.12,0.1173,0.12,-0.048,0.0919,-0.09580000000000001,-0.0016551724137931047,0.0433,-0.0356,0,-0.14958,0.032436265357541204,-0.1972,-0.0837,0.11349999999999999,0.1972,-0.040499999999999994,0.11080000000000001,-0.10420000000000001,-0.0013965517241379313,0.0493,-0.0465,0,1.0111966666666665,0.05712637221370574,0.8764,1.1409,0.26450000000000007,1.1409,-0.07930000000000004,0.13729999999999998,-0.20220000000000005,-0.002734482758620691,0.12530000000000002,-0.07695000000000002,0,1.2427866666666667,0.7442973283033738,-0.455,2.73,3.185,2.73,-0.5687,2.3712,-1.645,-0.01961034482758622,0.83565,-1.645,0,0.10033333333333334,1.0618469648596307,-1.4787,2.7825,4.2612000000000005,2.7825,0.9538,3.4563,-2.8350000000000004,0.03288965517241376,2.01685,-1.7631000000000001,0,25.383750000000003,0.4202468394104622,24.3075,26.04,1.7324999999999982,26.04,0.5249999999999986,0.629999999999999,-0.6999999999999993,0.01810344827586202,0.5599999999999987,-0.37625000000000064,0
270,ctr_clockwise_circle,1.0268211175008575,1.1178574014604903,0.9057323721718243,0.21212502928866594,25.30627526533468,26.15074485076859,24.357858194430804,1.7928866563377852,0.04897333333333333,0.024609038616110048,0.0027,0.0985,0.09580000000000001,0.0985,0.039299999999999995,0.0633,-0.09580000000000001,0.001355172413793102,0.04859999999999999,-0.033400000000000006,0,-0.14436,0.0271072658538069,-0.1972,-0.0999,0.09729999999999998,0.1972,0.09549999999999999,0.06769999999999998,-0.07129999999999997,0.003293103448275862,0.037299999999999986,-0.03815,0,1.0147166666666667,0.0521171034427698,0.884,1.1068,0.2228,1.1068,-0.01100000000000012,0.20229999999999992,-0.2057,-0.00037931034482759036,0.07904999999999995,-0.07695000000000002,0,1.4008766666666663,0.691263568019655,0.0875,2.73,2.6425,2.73,-0.4636999999999998,1.9249999999999998,-2.3449999999999998,-0.015989655172413787,1.3388,-1.0587999999999997,0,-0.0875,0.677838057661115,-2.03,1.225,3.255,2.03,0.8400000000000001,1.8636999999999997,-1.7499999999999998,0.02896551724137935,1.30815,-1.0718999999999999,0,25.24958666666667,0.4691716756107536,24.3337,26.04,1.7062999999999988,26.04,-1.3211999999999975,0.4375,-0.6999999999999993,-0.045558620689655084,0.20124999999999993,-0.6999999999999993,0
271,ctr_clockwise_circle,1.0220493069301981,1.1925641953370898,0.9327618935183835,0.25980230181870634,26.307964376334652,27.299598795220415,24.41134809120545,2.8882507040149648,0.04516,0.03279002792061152,-0.0113,0.1132,0.1245,0.1132,0.0345,0.0923,-0.0778,0.0011896551724137922,0.0783,-0.053899999999999997,0,-0.14510666666666663,0.034759478323664945,-0.2444,-0.0927,0.1517,0.2444,9.999999999998899e-05,0.10930000000000001,-0.1478,3.4482758620700212e-06,0.0633,-0.048600000000000004,0,1.00953,0.06218056659494964,0.9229,1.1826,0.25970000000000004,1.1826,0.0605,0.18630000000000013,-0.22760000000000014,0.002086206896551724,0.16909999999999992,-0.11540000000000006,0,0.6638233333333332,0.6998366527063757,-0.6562,1.785,2.4412,1.785,0.3587,1.9687999999999999,-2.1875,0.012368965517241372,1.14625,-1.1288,0,-0.002036666666666653,0.9257527838926857,-2.0387,2.3187,4.3574,2.3187,-0.3588,2.8875,-2.8524000000000003,-0.012372413793103448,1.8024,-1.6362,1,26.274786666666664,0.9836598552602291,24.4037,27.2913,2.887599999999999,27.2913,2.7301,0.7699999999999996,-0.40249999999999986,0.09414137931034483,0.40249999999999986,-0.2668999999999997,0
272,ctr_clockwise_circle,1.0196070421987924,1.1925641953370898,0.9222738313537906,0.2702903639832992,27.424262286946217,28.51175919686472,26.607370763380587,1.904388433484133,0.05238,0.02980610212922735,0.0054,0.1132,0.10779999999999999,0.1132,0.0742,0.0923,-0.0778,0.002558620689655172,0.064,-0.053899999999999997,0,-0.1438333333333333,0.029826259355246625,-0.2419,-0.0988,0.1431,0.2419,-0.0013999999999999985,0.09310000000000002,-0.11250000000000002,-4.827586206896546e-05,0.04454999999999999,-0.048600000000000004,0,1.0071466666666669,0.0556114397393653,0.9133,1.1826,0.2693000000000001,1.1826,0.04149999999999987,0.18630000000000013,-0.22760000000000014,0.0014310344827586162,0.11450000000000005,-0.11540000000000006,0,0.9823299999999998,0.6928896180937256,-0.875,2.1175,2.9925,2.1175,-0.9012,1.6275,-1.6625,-0.031075862068965503,0.7656499999999999,-1.5137,0,0.09041666666666666,1.0470793053926761,-2.0387,2.3187,4.3574,2.3187,0.034999999999999996,3.0887000000000002,-2.8524000000000003,0.0012068965517241458,1.2644,-1.6362,1,27.378460000000004,0.5946652623172941,26.5387,28.49,1.9512999999999998,28.49,-0.07000000000000028,0.8136999999999972,-0.49879999999999924,-0.0024137931034482855,0.7524999999999995,-0.4419000000000004,0
273,ctr_clockwise_circle,1.004010742906761,1.080923332156356,0.9199236761818885,0.16099965597446753,25.55233064519068,28.469626115037055,22.674543778651863,5.795082336385192,0.07113333333333334,0.01939620178483821,0.028,0.1083,0.0803,0.1083,0.0276,0.055900000000000005,-0.06239999999999999,0.0009517241379310346,0.027099999999999996,-0.0367,0,-0.10883333333333334,0.03299763140228279,-0.1801,-0.0439,0.13620000000000002,0.1801,0.023599999999999996,0.07569999999999999,-0.1018,0.0008137931034482755,0.040650000000000006,-0.044950000000000004,0,0.9948533333333334,0.04227893201056553,0.9048,1.0726,0.16779999999999995,1.0726,-0.044700000000000184,0.1281,-0.09349999999999992,-0.0015413793103448339,0.06469999999999987,-0.07974999999999999,0,0.8335899999999999,0.8111212232842073,-1.0237,2.2225,3.2462,2.2225,0.18379999999999996,1.3912,-1.5137,0.006337931034482765,1.1987999999999999,-0.8662,0,0.2269266666666667,0.7799652715227834,-1.1375,2.205,3.3425000000000002,2.205,0.42869999999999997,1.9687999999999999,-1.855,0.014782758620689642,1.9687999999999999,-1.4087999999999998,0,25.51383333333333,1.780494858824043,22.6362,28.455,5.8187999999999995,28.455,-5.643800000000002,0.3763000000000005,-0.6648999999999994,-0.19461379310344837,0.17499999999999716,-0.5206,0
274,ctr_clockwise_circle,1.0073868849802818,1.0789362075674354,0.9430244270431175,0.13591178052431785,21.76173806500319,24.571188406139417,19.455278181768566,5.11591022437085,0.06648333333333332,0.01867570952967468,0.031,0.1063,0.0753,0.1063,-0.003699999999999995,0.055900000000000005,-0.05360000000000001,-0.00012758620689655155,0.039900000000000005,-0.0367,0,-0.06346666666666664,0.03607842351985686,-0.1371,0.0176,0.1547,0.1371,-0.002800000000000011,0.0569,-0.1109,-9.655172413793092e-05,0.04839999999999999,-0.1109,0,1.0023733333333333,0.038717633275250456,0.9379,1.0741,0.1362000000000001,1.0741,0.06009999999999993,0.1281,-0.07699999999999985,0.0020724137931034457,0.1281,-0.06950000000000012,0,0.5629200000000001,0.771532814418245,-1.0237,1.7675,2.7912,1.7675,-0.7263000000000001,1.1987999999999999,-1.6713,-0.02504482758620691,1.0675,-0.8662,0,0.3479566666666667,0.8152524299928187,-0.9712,2.205,3.1762,2.205,-0.665,1.8637000000000001,-1.855,-0.022931034482758624,1.855,-1.26,0,21.724210000000003,1.5447960473239135,19.4338,24.4125,4.9787,24.4125,-4.5762,0.3763000000000005,-0.6648999999999994,-0.1578,0.3763000000000005,-0.5206,0
275,ctr_clockwise_circle,0.9959570252052057,1.058836427405102,0.928497630583945,0.13033879682115712,4.6510495180970155,14.227780163468932,0.4345389855927774,13.793241177876155,0.10227000000000001,0.015485124118505385,0.0732,0.1357,0.062499999999999986,0.1357,-0.025399999999999992,0.03789999999999999,-0.0329,-0.0008758620689655169,0.018699999999999994,-0.018549999999999997,0,0.034789999999999995,0.01819153554588621,-0.0261,0.071,0.09709999999999999,0.071,0.0568,0.069,-0.035100000000000006,0.001958620689655173,0.069,-0.022250000000000002,0,0.98982,0.02812081570406643,0.9225,1.0499,0.12740000000000007,1.0499,-0.0010000000000000009,0.07809999999999995,-0.12740000000000007,-3.4482758620689684e-05,0.05630000000000002,-0.035550000000000026,0,0.42787666666666657,0.5694264650435155,-0.245,2.1788,2.4238,2.1788,-1.2862,1.0325,-1.3388,-0.04435172413793104,0.4725999999999999,-0.7656499999999999,0,0.22894666666666658,0.4710091680294728,-0.7962,1.5312,2.3274,1.5312,0.4726,1.3649,-2.3274,0.01629655172413795,1.3475000000000001,-0.6780999999999999,0,4.548829999999999,4.456565208779454,0.385,14.1225,13.7375,14.1225,-13.606200000000001,0.13129999999999997,-1.4174000000000007,-0.46917931034482757,0.13129999999999997,-1.0587500000000003,0
276,ctr_clockwise_circle,0.9959488881224036,1.0318647440435205,0.9591220620963736,0.07274268194714684,0.6008686332905809,1.2218710038297824,0.16992774935248214,1.0519432544773002,0.05478333333333333,0.03551896126290016,-0.0143,0.112,0.1263,0.112,-0.07579999999999999,0.021299999999999993,-0.035699999999999996,-0.0026137931034482752,0.0199,-0.02705,0,0.030576666666666672,0.00928605492617581,0.0166,0.0468,0.0302,0.0468,-0.021500000000000002,0.0239,-0.025500000000000002,-0.0007413793103448274,0.008950000000000001,-0.016,0,0.9933266666666666,0.017878091646468895,0.9577,1.0249,0.06719999999999993,1.0249,0.00040000000000006697,0.047800000000000065,-0.059800000000000075,1.379310344827817e-05,0.02344999999999997,-0.04490000000000005,0,0.19425333333333336,0.1894001706537725,-0.21,0.5688,0.7787999999999999,0.5688,0.017400000000000006,0.6475,-0.6475,0.0006000000000000029,0.24500000000000002,-0.2888,0,0.17092000000000002,0.3810460089877825,-0.5775,0.8575,1.435,0.8575,-0.8311999999999999,1.0062,-0.9099999999999999,-0.028662068965517238,0.45499999999999996,-0.8838,0,0.3400800000000001,0.2533687151033123,0.07,0.9362,0.8662000000000001,0.9362,-0.7962,0.45500000000000007,-0.3326,-0.027455172413793104,0.15315,-0.24065000000000003,0
277,constant_speed,0.9934504852405319,1.316162094880414,0.3752942312373053,0.9408678636431087,4.133508789881756,17.852624807013676,0.20669695208202757,17.64592785493165,-0.002183333333333332,0.11516562011933623,-0.2647,0.2881,0.5528,0.2881,-0.0607,0.3269,-0.324,-0.0020931034482758633,0.26155,-0.2131,13,0.05881,0.0760268979170961,-0.074,0.2045,0.27849999999999997,0.2045,-0.0854,0.20140000000000002,-0.2274,-0.0029448275862068943,0.11699999999999999,-0.11549999999999999,4,0.9821766666666668,0.20753467293747413,0.3576,1.2947,0.9371,1.2947,-0.11909999999999998,0.6587,-0.6809000000000001,-0.004106896551724145,0.34149999999999997,-0.38460000000000005,0,0.8210466666666665,2.2487956028204006,-4.5938,6.335,10.928799999999999,6.335,2.6425,10.928799999999999,-5.1975,0.09112068965517235,3.85435,-2.73,3,0.5506666666666666,4.886922948408145,-8.3912,17.78,26.1712,17.78,0.17500000000000004,21.6388,-17.115000000000002,0.0060344827586205916,13.0856,-17.115000000000002,7,-0.01283333333333336,0.7294516028630963,-1.2337,2.0563,3.29,2.0563,-0.7087,3.29,-3.29,-0.024437931034482736,0.90125,-1.0806499999999999,0
278,constant_speed,1.054262204754254,1.3737518298440952,0.731923807510044,0.6418280223340511,4.810733624797015,17.852624807013676,1.5949666360146848,16.25765817099899,0.03063666666666667,0.11837533667674756,-0.2647,0.2881,0.5528,0.2881,0.0354,0.3269,-0.324,0.0012206896551724153,0.3269,-0.2131,6,0.07666333333333333,0.07580714861811645,-0.111,0.2547,0.36569999999999997,0.2547,0.07500000000000001,0.1785,-0.2964,0.0025862068965517215,0.1463,-0.09515,2,1.0422699999999998,0.14973246981614036,0.7319,1.3516,0.6196999999999999,1.3516,-0.24530000000000007,0.5628,-0.5424,-0.008458620689655175,0.18274999999999997,-0.27125,0,-0.2756366666666667,3.0090987363595967,-7.2888,6.335,13.6238,7.2888,-4.0512999999999995,10.928799999999999,-8.0676,-0.13969999999999988,4.0469,-4.0031,4,1.5586666666666669,4.614311964726279,-8.3912,17.78,26.1712,17.78,-5.3987,21.6388,-17.115000000000002,-0.18616206896551726,13.0856,-8.693100000000001,6,-0.08895333333333334,0.7980411953472479,-1.9863,1.2075,3.1938,1.9863,0.5162,1.8112,-1.7063000000000001,0.0178,1.0019,-1.0718999999999999,0
279,constant_speed,0.9722330227601524,1.2479663497065936,0.6331600271653288,0.6148063225412648,3.6741460312425,10.67042453185439,0.2545375807223758,10.415886951132014,0.01542,0.07177684959602945,-0.1795,0.1024,0.2819,0.1795,-0.2263,0.196,-0.23299999999999998,-0.007803448275862069,0.052199999999999996,-0.1749,3,0.019383333333333325,0.09149454886092596,-0.2371,0.2045,0.4416,0.2371,-0.308,0.2017,-0.2284,-0.010620689655172414,0.0889,-0.2284,7,0.9649866666666667,0.11842701151963288,0.6184,1.2444,0.626,1.2444,-0.17249999999999988,0.19530000000000003,-0.4467,-0.005948275862068962,0.15439999999999998,-0.17100000000000004,0,-1.14335,2.6237203242395304,-5.1188,6.1687,11.287500000000001,6.1687,5.363700000000001,8.0062,-5.8187,0.18495517241379308,8.0062,-4.0031,2,-0.037616666666666604,3.398506591094483,-10.5,7.9275,18.427500000000002,10.5,-10.7537,5.8012999999999995,-18.427500000000002,-0.37081724137931044,4.59375,-7.55125,5,0.16945666666666667,0.5310059053398061,-1.8375,1.0063,2.8438,1.8375,0.4725,2.66,-1.9337,0.016293103448275868,1.1593499999999999,-1.03685,0
280,constant_speed,0.9619630086757188,1.2996362491097269,0.6331600271653288,0.666476221944398,4.168366226962773,10.67042453185439,0.46641686290270423,10.204007668951686,0.00048333333333333377,0.08067088558835335,-0.1795,0.1228,0.3023,0.1795,0.0532,0.196,-0.23299999999999998,0.0018344827586206933,0.09845000000000001,-0.09185,7,-0.0031500000000000026,0.13285505908371698,-0.3035,0.2589,0.5624,0.3035,-0.18070000000000003,0.5624,-0.3075,-0.0062310344827586255,0.1997,-0.3034,9,0.9494900000000002,0.14506169044404094,0.6184,1.2941,0.6757000000000001,1.2941,-0.049899999999999944,0.4547,-0.4467,-0.0017206896551724118,0.2227,-0.18374999999999997,0,0.25316333333333324,2.385026906301396,-2.8525,6.1687,9.0212,6.1687,-0.5687000000000002,8.0062,-4.865,-0.019610344827586258,3.5,-4.0074000000000005,4,-0.10413000000000001,4.257670900382687,-10.5,7.9275,18.427500000000002,10.5,-0.8400000000000001,9.0825,-18.427500000000002,-0.028965517241379475,5.34185,-7.55125,10,-0.03704666666666665,0.5757883966763541,-1.8375,0.875,2.7125,1.8375,-0.5075,2.66,-1.9337,-0.0175,1.1593499999999999,-1.03685,0
281,constant_speed,0.9844418518401898,1.3775486125723477,0.46585586826828745,0.9116927443040603,3.859457835887561,10.720177456087189,0.46641686290270423,10.253760593184484,0.01868,0.08273458352070691,-0.1752,0.1876,0.3628,0.1876,0.2224,0.1669,-0.2849,0.007668965517241381,0.1449,-0.07550000000000001,6,0.027126666666666667,0.11058408544642843,-0.1737,0.2604,0.43410000000000004,0.2604,0.031799999999999995,0.334,-0.3075,0.0010965517241379318,0.19280000000000003,-0.20470000000000002,10,0.9742666666666667,0.18291639381541716,0.4131,1.3564,0.9433,1.3564,0.15269999999999995,0.4848,-0.6916000000000001,0.005265517241379309,0.37170000000000003,-0.2596,0,0.43545666666666655,2.6841489249864185,-5.11,5.5125,10.6225,5.5125,-1.2074,9.9312,-8.5313,-0.04163448275862068,4.685650000000001,-5.775,5,-0.23975666666666678,3.6582398048961253,-9.4062,7.4637,16.8699,9.4062,2.73,8.671199999999999,-13.5099,0.09413793103448284,5.0356000000000005,-4.13,8,0.14409666666666668,0.5890178391323067,-1.19,1.6712,2.8612,1.6712,0.0,2.2923999999999998,-1.3738,-1.1485065771984378e-17,0.88815,-0.6869,0
282,constant_speed,1.0243932907753395,1.245443603701107,0.46585586826828745,0.7795877354328196,4.75895341061944,11.99583834085805,0.9288313571364825,11.067006983721567,0.02876,0.07971122708965112,-0.1752,0.1876,0.3628,0.1876,0.024800000000000003,0.21400000000000002,-0.1695,0.0008551724137931019,0.12455,-0.10555,8,0.04259666666666666,0.11206829039761282,-0.2428,0.2604,0.5032,0.2604,-0.0312,0.3477,-0.4295,-0.0010758620689655136,0.19280000000000003,-0.19349999999999998,8,1.0135033333333334,0.16196967251955519,0.4131,1.2417,0.8286,1.2417,-0.05499999999999994,0.37760000000000005,-0.6459999999999999,-0.0018965517241379289,0.37170000000000003,-0.2596,0,0.6031566666666667,3.1591257321458017,-6.6325,4.8212,11.453700000000001,6.6325,1.19,9.9312,-8.5313,0.04103448275862072,4.685650000000001,-3.16745,5,-0.1598366666666666,4.7039729539366855,-9.9925,11.0075,21.0,11.0075,-4.8913,7.9275,-8.8638,-0.1686655172413793,5.171250000000001,-8.1025,7,0.32055,0.6375882195889606,-1.1375,1.785,2.9225,1.785,0.9887999999999999,1.8988,-1.8637000000000001,0.03409655172413792,1.8988,-0.97125,0
283,constant_speed,1.0371231062302786,1.5404438775885345,0.7505385133355916,0.7899053642529429,4.282369437448972,9.71401339560534,1.2760692340151454,8.437944161590195,0.03859,0.0912444362026038,-0.2045,0.2361,0.4406,0.2361,-0.04269999999999999,0.19729999999999998,-0.203,-0.001472413793103449,0.12309999999999999,-0.1176,8,0.04651333333333333,0.12139908746272193,-0.2726,0.274,0.5466,0.274,0.1251,0.3477,-0.4295,0.00431379310344828,0.2117,-0.19475,6,1.0244266666666666,0.16006048411370197,0.7454,1.5318,0.7864000000000001,1.5318,-0.11449999999999982,0.49770000000000003,-0.7864000000000001,-0.00394827586206896,0.29790000000000005,-0.3118,0,0.6192033333333332,3.7940329315717034,-9.275,9.4675,18.7425,9.4675,-1.3386999999999998,11.2263,-11.4713,-0.04616206896551725,4.90875,-5.58685,4,-0.5220933333333332,2.908154386160942,-6.0287,4.9612,10.989899999999999,6.0287,-4.2088,7.49,-7.2012,-0.14513103448275858,3.3337,-3.885,9,0.014873333333333332,0.6511962530251713,-1.1375,1.1113,2.2488,1.1375,0.5425,1.8988,-1.8637000000000001,0.018706896551724164,1.1068500000000001,-0.735,0
284,constant_speed,0.9855318701482632,1.295347860615055,0.7505385133355916,0.5448093472794634,3.0421798908590287,7.67843471613844,0.7409518000517983,6.937482916086642,0.035969999999999995,0.09555939532292342,-0.2045,0.222,0.4265,0.222,0.1032,0.1761,-0.22,0.003558620689655173,0.1761,-0.1176,7,0.002290000000000002,0.10158436395430155,-0.2726,0.12,0.3926,0.2726,0.0578,0.2603,-0.2897,0.0019931034482758613,0.2006,-0.19475,10,0.9752666666666667,0.16404755688378975,0.7454,1.2781,0.5327000000000001,1.2781,0.39580000000000004,0.46199999999999997,-0.39680000000000004,0.013648275862068966,0.22865000000000002,-0.1996,0,-0.777,2.071994175534351,-4.8212,3.5525,8.3737,4.8212,0.9974999999999999,5.985,-4.6638,0.034396551724137935,1.9512499999999997,-2.38875,4,-0.4071633333333333,2.6919808516872057,-6.23,4.1038,10.3338,6.23,5.1274999999999995,8.0675,-7.2012,0.17681034482758629,6.9299,-3.885,6,0.10878333333333332,0.5153510374313892,-1.1375,1.0325,2.17,1.1375,-0.7962,1.5925,-1.6625,-0.027455172413793097,0.5075,-1.0325,0
285,constant_speed,0.9473941162666318,1.1573096862983563,0.6420054049616717,0.5153042813366846,2.5733780540487032,5.061390588563581,0.6475597964667046,4.413830792096877,0.004016666666666666,0.06168957930965569,-0.1337,0.1293,0.263,0.1337,-0.0648,0.1761,-0.2498,-0.002234482758620687,0.1315,-0.10725000000000001,8,-0.001396666666666666,0.07640995369052717,-0.164,0.1128,0.2768,0.164,-0.007400000000000004,0.2574,-0.24009999999999998,-0.00025517241379310407,0.1388,-0.1292,12,0.9421933333333333,0.11566314327668809,0.6237,1.1539,0.5301999999999999,1.1539,-0.02180000000000004,0.3155,-0.5175,-0.0007517241379310359,0.15419999999999995,-0.14504999999999996,0,-0.03616666666666668,2.2851122366358703,-4.6287,4.4887,9.1174,4.6287,1.3999000000000001,5.7575,-7.6125,0.04827241379310344,2.96625,-3.11935,3,-0.16158333333333333,1.8928648018251344,-4.5763,3.5,8.0763,4.5763,-1.47,5.145099999999999,-6.7638,-0.0506896551724138,2.8306,-3.8587499999999997,4,0.08603666666666666,0.37739115762107456,-0.77,1.0325,1.8025,1.0325,0.36760000000000004,0.7438,-1.3125,0.012675862068965522,0.4988,-0.6169,0
286,constant_speed,0.9845573968718521,1.1421842583401332,0.8080042388502675,0.33418001948986564,2.2743842696578835,4.648028849953494,0.8294920915837594,3.818536758369735,0.005453333333333333,0.043376711798346144,-0.0978,0.0852,0.183,0.0978,-0.0435,0.1283,-0.1206,-0.0014999999999999998,0.0707,-0.1206,2,0.01312,0.05555958839002468,-0.1203,0.1128,0.2331,0.1203,0.014099999999999998,0.174,-0.18009999999999998,0.00048620689655172277,0.1106,-0.08545,6,0.9819866666666666,0.08770956670713877,0.802,1.139,0.33699999999999997,1.139,-0.04489999999999994,0.26659999999999995,-0.3306,-0.0015482758620689635,0.15520000000000012,-0.16084999999999994,0,1.3326233333333335,1.4654990473257374,-1.6712,4.4975,6.168699999999999,4.4975,0.07,3.8499999999999996,-5.67,0.002413793103448324,2.15245,-1.9818500000000001,0,-0.12776,1.6349100813827335,-4.5763,3.1412,7.717499999999999,4.5763,0.6999,4.7338,-4.1912,0.02413448275862069,3.7886999999999995,-3.8587499999999997,3,0.12630333333333332,0.23628263537892327,-0.5863,0.5163,1.1026,0.5863,-0.3937,0.6388,-0.5688,-0.013575862068965513,0.41565,-0.5688,0
287,constant_speed,1.0061220928288197,1.1980933728220018,0.8824678691034591,0.3156255037185427,1.948984882632995,4.648028849953494,0.8294920915837594,3.818536758369735,0.03565,0.05093912357260211,-0.0527,0.1398,0.1925,0.1398,0.1076,0.1283,-0.1376,0.003710344827586208,0.1283,-0.08025,1,0.03810333333333333,0.06211978686006762,-0.1032,0.1625,0.2657,0.1625,0.0729,0.2594,-0.163,0.002513793103448275,0.07390000000000001,-0.10905000000000001,2,1.001753333333333,0.0863918967038689,0.8765,1.1895,0.31300000000000006,1.1895,0.1745000000000001,0.18370000000000009,-0.21350000000000002,0.006017241379310348,0.1513,-0.11395,0,0.48154,1.6073921594330665,-1.8987,4.4975,6.396199999999999,4.4975,0.0,3.3425000000000002,-5.67,0.0,2.1131,-2.00375,0,0.08982333333333332,1.3207549937723926,-2.6775,2.6688,5.3463,2.6775,0.6825,3.7886999999999995,-4.0512,0.023534482758620693,1.79375,-1.40435,1,0.30713666666666667,0.2843230174719729,-0.2537,1.085,1.3387,1.085,0.49879999999999997,0.7962,-0.6299999999999999,0.0172,0.42435,-0.385,0
288,constant_speed,1.0098516943217102,1.2833565248986738,0.829017852642511,0.45433867225616276,2.2941749557307016,4.945512650878572,0.32012088341749906,4.625391767461073,0.023183333333333334,0.06277525914657414,-0.1105,0.1578,0.2683,0.1578,-0.10350000000000001,0.146,-0.2252,-0.0035689655172413803,0.07205,-0.16970000000000002,5,0.03156333333333334,0.08012146590552731,-0.1698,0.1632,0.333,0.1698,-0.039,0.2975,-0.2218,-0.0013448275862068969,0.1331,-0.1752,5,1.0043233333333335,0.10682005069220413,0.8276,1.2672,0.4396000000000001,1.2672,0.09199999999999997,0.3187000000000001,-0.31790000000000007,0.0031724137931034473,0.23709999999999987,-0.16125,0,0.36749333333333334,1.7997545717610255,-3.5963,3.9637,7.56,3.9637,1.5486999999999997,5.7051,-4.637499999999999,0.05340344827586201,2.94875,-3.4299999999999997,4,0.038499999999999965,1.7579426911925318,-2.9488,3.4213,6.3701,3.4213,-0.4112999999999998,3.2725,-5.1975,-0.014182758620689625,2.8569,-2.42815,4,0.16975,0.32921810687833036,-0.4288,0.7962,1.225,0.7962,-0.17500000000000002,0.8836999999999999,-1.0937999999999999,-0.0060344827586206835,0.35435,-0.5075,0
289,constant_speed,0.9983843069198678,1.2833565248986738,0.7792620291018933,0.5040944957967805,2.6765740743263,6.981612381105099,0.32012088341749906,6.661491497687599,0.028073333333333332,0.06707459014916274,-0.0833,0.1578,0.24109999999999998,0.1578,-0.1148,0.11809999999999998,-0.2152,-0.00395862068965517,0.10654999999999999,-0.2071,6,0.03988666666666666,0.09250357209629644,-0.1235,0.225,0.34850000000000003,0.225,0.0948,0.2811,-0.2601,0.0032689655172413777,0.2083,-0.11785000000000001,8,0.9909233333333333,0.11222247203606352,0.7776,1.2672,0.48960000000000015,1.2672,-0.38150000000000006,0.2419,-0.31790000000000007,-0.013155172413793105,0.16130000000000005,-0.31790000000000007,0,0.4824166666666667,2.0378221943829007,-4.0862,3.9637,8.0499,4.0862,-1.6975,5.8012,-7.446199999999999,-0.05853448275862065,2.94875,-2.9837499999999997,9,0.2937033333333333,2.1557441653731155,-3.4037,6.9738,10.3775,6.9738,-0.98,6.0550999999999995,-10.3775,-0.033793103448275845,2.8743999999999996,-2.7037999999999998,5,0.09448999999999999,0.4676095197918879,-0.6475,1.3825,2.0300000000000002,1.3825,0.3674,1.3038,-0.9975,0.012668965517241377,1.0150000000000001,-0.4506,0
290,constant_speed,0.9809035894409803,1.2038582142428567,0.7732416569223363,0.4306165573205204,3.430228132319103,6.981612381105099,0.9534258649732553,6.028186516131844,0.030973333333333332,0.08550678913692028,-0.1832,0.1684,0.3516,0.1832,0.0126,0.266,-0.22610000000000002,0.0004344827586206916,0.11809999999999998,-0.142,8,0.053950000000000005,0.10561796069177655,-0.2106,0.225,0.4356,0.225,0.09309999999999999,0.2992,-0.35650000000000004,0.0032103448275862053,0.13219999999999998,-0.1432,8,0.9697133333333334,0.11732335139097075,0.7721,1.178,0.4058999999999999,1.178,-0.10189999999999999,0.33309999999999995,-0.3534999999999999,-0.0035137931034482754,0.1765,-0.1689,0,0.23887,2.646301348877139,-4.0862,6.2387,10.3249,6.2387,-0.9538,7.0437,-7.446199999999999,-0.032889655172413705,3.70995,-6.23,6,0.1682966666666666,2.706285121263965,-4.8913,6.9738,11.8651,6.9738,-1.2162,7.0525,-10.5875,-0.041937931034482644,6.0550999999999995,-3.74935,7,0.23594333333333334,0.721306645625138,-1.0063,2.3712,3.3775,2.3712,1.6099999999999999,3.3775,-2.5725,0.055517241379310356,1.9598999999999998,-1.45245,0
291,constant_speed,0.9776418039762829,1.2549283405836367,0.7732416569223363,0.4816866836613004,2.727488965592061,6.5247133132421995,0.8024380474528859,5.722275265789314,0.013576666666666666,0.06713159841495751,-0.1832,0.1684,0.3516,0.1832,0.0562,0.266,-0.1738,0.0019379310344827582,0.07605,-0.13325,6,0.01562666666666667,0.07745580690295922,-0.2106,0.1606,0.3712,0.2106,0.060700000000000004,0.2992,-0.35650000000000004,0.0020931034482758607,0.2118,-0.092,7,0.9719366666666667,0.1031749551384254,0.7721,1.2517,0.4796,1.2517,0.05879999999999996,0.41470000000000007,-0.31689999999999996,0.0020275862068965503,0.1765,-0.14700000000000002,0,0.10529000000000004,1.848568548783551,-3.3512,4.0075,7.358700000000001,4.0075,0.9361999999999999,7.035,-6.23,0.03228275862068961,3.5131,-3.2244,2,-0.4010300000000001,2.4195675538595025,-4.8913,5.6962,10.5875,5.6962,-4.0076,7.0525,-10.5875,-0.1381931034482758,3.47375,-3.74935,4,0.3033333333333333,0.6201363956384129,-1.0063,2.3712,3.3775,2.3712,-0.1225,3.3775,-2.5725,-0.004224137931034479,1.4830999999999999,-1.45245,0
292,constant_speed,0.9794706257557626,1.3360093936795505,0.677382617137464,0.6586267765420866,3.772090937839683,8.827936929996724,1.258333795143403,7.569603134853321,0.02157333333333333,0.059980766649119215,-0.1154,0.1459,0.2613,0.1459,-0.0167,0.215,-0.2264,-0.0005758620689655196,0.0867,-0.08345,8,0.035973333333333336,0.08006950830946535,-0.1391,0.1777,0.31679999999999997,0.1777,-0.025500000000000002,0.3062,-0.1822,-0.0008793103448275855,0.11574999999999999,-0.14265,6,0.9735233333333332,0.14336894215524032,0.671,1.3342,0.6632,1.3342,-0.262,0.34920000000000007,-0.4806999999999999,-0.00903448275862069,0.23705000000000004,-0.22794999999999999,0,1.1421666666666668,2.3639785818408545,-3.395,5.6875,9.0825,5.6875,3.2201000000000004,6.7113,-6.9475,0.11103793103448276,4.3094,-3.22875,4,-0.10937666666666666,3.434526740241919,-7.2275,8.8112,16.0387,8.8112,-2.9487,7.2888,-5.0313,-0.1016793103448276,5.1319,-3.83255,6,0.24412999999999993,0.4246895727550849,-0.665,1.1638,1.8288,1.1638,-0.9187000000000001,1.3037999999999998,-1.3738,-0.031679310344827606,0.6169,-0.7875000000000001,0
293,constant_speed,1.0460966184865874,1.7470419828956603,0.5668228118204136,1.1802191710752465,4.218688581924258,23.153592283488106,0.4991967347649622,22.654395548723144,0.04848,0.1558834321337361,-0.2508,0.4563,0.7071000000000001,0.4563,0.2995,0.4261,-0.3245,0.01032758620689655,0.4261,-0.23565000000000003,6,0.061430000000000005,0.19716868876063007,-0.6696,0.6242,1.2938,0.6696,-0.013399999999999995,0.7998999999999999,-0.8851,-0.00046206896551724026,0.7998999999999999,-0.6469,4,1.0102433333333334,0.2773586793720155,0.2281,1.6507,1.4226,1.6507,0.5390000000000001,1.4226,-1.1205,0.01858620689655173,1.4226,-0.6698000000000001,0,-0.7469499999999999,3.9656424916464323,-11.3663,8.33,19.6963,11.3663,4.83,11.558800000000002,-11.6812,0.16655172413793104,9.54625,-9.84815,4,-1.2973400000000004,4.352616073803321,-17.6313,5.8713,23.5026,17.6313,4.5325,18.6813,-18.226300000000002,0.15629310344827582,18.6813,-11.7513,6,0.52296,2.9364911937137874,-4.4538,15.0063,19.4601,15.0063,1.855,16.1526,-12.879999999999999,0.06396551724137932,9.73005,-12.879999999999999,1
294,constant_speed,1.0335471264504297,1.7470419828956603,0.5668228118204136,1.1802191710752465,6.406108637281076,23.153592283488106,0.3117337646133316,22.841858518874773,0.048443333333333345,0.15649963905066525,-0.2508,0.4563,0.7071000000000001,0.4563,-0.1273,0.4261,-0.4221,-0.004389655172413794,0.2623,-0.24425,6,0.07650333333333334,0.26442386751699193,-0.6696,0.64,1.3096,0.6696,-0.049199999999999994,0.7998999999999999,-0.994,-0.0016965517241379299,0.53255,-0.6469,7,0.9793866666666668,0.30447999960739547,0.2281,1.6507,1.4226,1.6507,-0.23120000000000007,1.4226,-1.1205,-0.00797241379310345,0.5029000000000001,-0.6698000000000001,0,-1.03805,5.083000722133225,-11.3663,10.7275,22.0938,11.3663,-1.8376000000000001,16.8613,-17.412499999999998,-0.06336551724137912,9.54625,-9.84815,6,-0.8936733333333333,5.761548866762475,-17.6313,9.4325,27.0638,17.6313,-2.0476,18.6813,-18.226300000000002,-0.07060689655172417,6.702500000000001,-11.7513,10,0.26045999999999997,3.5561621215710275,-6.5712,15.0063,21.5775,15.0063,-0.03500000000000003,16.1526,-12.879999999999999,-0.0012068965517240261,9.73005,-8.02375,4
295,constant_speed,0.9567446822968333,1.1178280055536272,0.659322690342142,0.4585053152114852,2.7769920183764945,7.2953811374046795,0.3117337646133316,6.9836473727913475,0.007909999999999999,0.053084664647049015,-0.0879,0.1225,0.2104,0.1225,-0.0005999999999999964,0.1365,-0.1672,-2.0689655172412472e-05,0.1063,-0.10135,9,-0.015776666666666668,0.06679262649441918,-0.1442,0.1138,0.258,0.1442,-0.17049999999999998,0.19890000000000002,-0.2009,-0.005879310344827585,0.086,-0.1031,7,0.9528300000000001,0.11560585282284178,0.6532,1.1153,0.46209999999999996,1.1153,-0.21110000000000007,0.3438,-0.2527999999999999,-0.007279310344827588,0.1703,-0.19265,0,-0.4529733333333334,2.2085263791814285,-4.7425,4.06,8.802499999999998,4.7425,3.1936999999999998,8.2863,-5.6613,0.11012758620689667,5.7837,-2.6643999999999997,4,0.5503666666666667,2.217710354884271,-2.9838,6.7812,9.765,6.7812,-0.9187,6.4837,-5.495,-0.031679310344827676,2.96625,-4.1737,2,0.2697833333333334,0.41071708954422403,-0.4725,0.9625,1.435,0.9625,-0.1137,0.8400000000000001,-1.155,-0.003920689655172401,0.595,-0.665,0
296,constant_speed,0.9661930569931516,1.266150374165723,0.6909967583136697,0.5751536158520533,3.2214480442164066,8.22330567655125,0.8781010078572965,7.345204668693954,0.021066666666666668,0.07150376567529243,-0.206,0.1967,0.4027,0.206,-0.077,0.1655,-0.25329999999999997,-0.0026551724137931026,0.10955000000000001,-0.1411,5,-0.005919999999999997,0.08735494932981068,-0.2233,0.133,0.3563,0.2233,-0.08729999999999999,0.2493,-0.2746,-0.0030103448275862065,0.11445,-0.1851,12,0.95956,0.13047273621930264,0.6844,1.2595,0.5751000000000001,1.2595,-0.11299999999999999,0.3517,-0.33399999999999996,-0.003896551724137931,0.18010000000000004,-0.28755000000000003,0,0.41446,2.819385545261163,-4.7425,7.0175,11.76,7.0175,5.0663,6.7725,-7.1225,0.17470000000000005,6.7725,-4.7993500000000004,7,-0.4007633333333333,2.3633791763844867,-4.8738,6.7812,11.655000000000001,6.7812,-3.15,5.9938,-5.53,-0.10862068965517241,3.5612500000000002,-4.1737,3,0.35671333333333327,0.39277967829071925,-0.49,1.015,1.505,1.015,0.6475,1.1724999999999999,-1.505,0.022327586206896545,0.595,-0.4375,0
297,constant_speed,0.9955196024422457,1.2907532258336603,0.6725323709681194,0.6182208548655409,3.8940382753463934,9.155905055208907,0.8780143108173123,8.277890744391595,0.01824666666666667,0.08018494455528002,-0.1757,0.1474,0.3231,0.1757,0.1757,0.3231,-0.173,0.006058620689655174,0.3231,-0.09395,6,0.004063333333333334,0.10642050775703132,-0.2136,0.2295,0.44310000000000005,0.2295,0.0781,0.26480000000000004,-0.3654,0.002693103448275865,0.1447,-0.2275,13,0.9866266666666667,0.15336062285892738,0.6447,1.2703,0.6255999999999999,1.2703,0.16709999999999992,0.6021999999999998,-0.46940000000000004,0.005762068965517239,0.6021999999999998,-0.22499999999999998,0,-0.9864233333333332,3.1648760729328704,-6.9563,6.5887,13.545,6.9563,1.7149999999999999,12.3987,-8.225,0.05913793103448278,4.33995,-4.4056,4,-0.11725333333333324,2.9058471202083203,-9.0037,5.1188,14.1225,9.0037,-4.5676,11.4625,-10.911200000000001,-0.1575034482758621,5.20625,-5.7575,5,0.32433333333333336,0.5927976833063143,-1.1375,1.6625,2.8,1.6625,-0.3588,1.6711999999999998,-1.2863,-0.01237241379310345,0.9537,-0.9756,0
298,constant_speed,0.9879131382520114,1.3004138956501503,0.7664193173452768,0.5339945783048735,3.3006746495737236,7.222837449368496,0.9385732896263349,6.284264159742161,0.01658666666666667,0.07074058354946998,-0.0908,0.1795,0.2703,0.1795,-0.03710000000000001,0.1951,-0.173,-0.001279310344827587,0.0867,-0.1288,8,0.0067699999999999965,0.1068164979831267,-0.2136,0.2295,0.44310000000000005,0.2295,-0.1397,0.2655,-0.3654,-0.004817241379310341,0.1285,-0.16775,12,0.9799733333333334,0.13877408068967478,0.7581,1.2866,0.5285,1.2866,0.020999999999999908,0.4748,-0.46940000000000004,0.0007241379310344796,0.15819999999999995,-0.23095,0,-0.7478366666666667,2.635440487095656,-6.9563,4.9963,11.9526,6.9563,0.7525999999999999,5.2413,-6.6237,0.025951724137931086,3.24625,-4.4056,3,-0.013710000000000023,2.4496158200335456,-3.955,5.1188,9.0738,5.1188,0.9801,5.985,-7.3413,0.033796551724138015,4.077500000000001,-4.5937,7,0.15137333333333333,0.532389620053049,-0.7613,1.3737,2.135,1.3737,0.665,1.225,-1.68,0.022931034482758645,0.9537,-0.7131,0
299,constant_speed,1.0005821549919214,1.2890578962948096,0.7664193173452768,0.5226385789495328,3.4514043547013182,6.910236370052764,0.9289846607990898,5.981251709253674,-0.004659999999999999,0.08916892376561042,-0.2223,0.181,0.4033,0.2223,0.1895,0.3001,-0.2604,0.006534482758620687,0.3001,-0.14615,6,-0.04338666666666667,0.12679504160144686,-0.4798,0.1219,0.6017,0.4798,-0.0235,0.5485,-0.3724,-0.0008103448275862057,0.2878,-0.25505,12,0.9867100000000001,0.1359503493292997,0.7325,1.2781,0.5456,1.2781,0.48870000000000013,0.3531000000000001,-0.30820000000000003,0.01685172413793104,0.3531000000000001,-0.18659999999999993,0,-0.4774533333333334,2.3903158997307754,-4.5413,4.0512,8.5925,4.5413,3.4913000000000003,6.098800000000001,-6.0638,0.12038965517241382,3.4037,-3.2506,3,0.41037999999999997,2.859227393762409,-5.53,6.405,11.935,6.405,-6.9825,9.030000000000001,-7.6562,-0.24077586206896545,4.445,-5.6788,6,0.19308333333333333,0.6289845352428887,-1.89,1.6187,3.5087,1.89,1.1199,2.4675,-1.6187,0.03861724137931032,1.4874999999999998,-0.8574999999999999,0
300,constant_speed,1.0355928257976352,1.2890578962948096,0.597697666048647,0.6913602302461626,4.9346500628539705,9.423349875707684,1.4641571397906714,7.9591927359170125,-0.011683333333333334,0.13086455773533323,-0.3814,0.181,0.5624,0.3814,0.16249999999999998,0.40149999999999997,-0.2351,0.005603448275862067,0.2629,-0.23265000000000002,9,-0.057026666666666656,0.1467954827204381,-0.4798,0.2148,0.6946,0.4798,-0.020300000000000006,0.5485,-0.45809999999999995,-0.0007000000000000081,0.131,-0.25505,12,1.0126633333333332,0.20859079803047045,0.5383,1.2781,0.7398,1.2781,0.36529999999999996,0.7124999999999999,-0.5028,0.01259655172413793,0.3339,-0.29460000000000003,0,0.8362100000000001,2.976185651461534,-4.9088,6.3875,11.2963,6.3875,-1.8462,8.2512,-8.12,-0.06366206896551715,4.9394,-4.733750000000001,8,0.7974099999999998,4.24933695301295,-7.91,6.6937,14.6037,7.91,5.5649999999999995,9.5024,-9.345,0.19189655172413786,9.030000000000001,-7.1531,9,0.46783333333333327,0.955340320417856,-2.24,2.205,4.445,2.24,0.28009999999999996,3.5262000000000002,-3.7888,0.009658620689655138,1.4874999999999998,-1.6187,1
301,constant_speed,1.0365973102108743,1.3494100414625645,0.681763382706933,0.6676466587556315,2.7715885077785405,6.092111702849842,0.7013989164519717,5.390712786397871,0.033696666666666666,0.07433478084771732,-0.2033,0.1576,0.3609,0.2033,0.0942,0.2999,-0.2343,0.0032482758620689636,0.18045,-0.158,4,-0.025789999999999997,0.07571411907686838,-0.1781,0.1557,0.3338,0.1781,-0.043,0.2731,-0.19,-0.0014827586206896534,0.1669,-0.1231,8,1.0300933333333333,0.12355668790655074,0.6259,1.3311,0.7051999999999999,1.3311,0.09999999999999998,0.3882,-0.4012999999999999,0.0034482758620689646,0.35259999999999997,-0.22164999999999996,0,0.57138,1.5618317562268418,-3.9113,2.7387,6.65,3.9113,-1.8900000000000001,5.495100000000001,-6.65,-0.06517241379310344,2.2531499999999998,-2.14375,2,0.006700000000000003,2.647934776777737,-5.53,4.8825,10.412500000000001,5.53,-3.99,7.805,-6.86,-0.13758620689655185,3.92,-4.64625,7,0.3692533333333333,0.609719962703814,-1.9775,1.4088,3.3863000000000003,1.9775,0.3588,2.8788,-2.4763,0.012372413793103445,1.65375,-1.06315,0
302,constant_speed,0.9939616850651156,1.1699968888847525,0.8187032734758057,0.35129361540894677,2.244489447585154,4.051593290299509,0.7590254870556061,3.2925678032439034,0.01998,0.03983840981454611,-0.0739,0.1003,0.1742,0.1003,-0.007800000000000001,0.1054,-0.09670000000000001,-0.00026896551724138056,0.0871,-0.08074999999999999,2,-0.002663333333333333,0.05238583306340681,-0.088,0.1408,0.2288,0.1408,-0.1142,0.18130000000000002,-0.1806,-0.003937931034482757,0.06665,-0.1806,4,0.9916633333333333,0.10730731724040693,0.8147,1.1682,0.3534999999999999,1.1682,-0.21040000000000014,0.2832000000000001,-0.24009999999999998,-0.007255172413793108,0.14569999999999994,-0.19400000000000006,0,0.3911333333333333,1.413619921686344,-3.3163,2.6163,5.9326,3.3163,-0.875,5.0488,-3.6750999999999996,-0.030172413793103436,2.3319,-2.9663,1,-0.19921666666666665,1.9399619157447987,-3.3863,3.0625,6.4488,3.3863,0.5337000000000001,4.5587,-4.5325,0.018403448275862086,3.0669,-3.2462999999999997,5,0.2834966666666666,0.4100074158146271,-0.6125,1.1725,1.7850000000000001,1.1725,-0.385,1.1900000000000002,-1.3037999999999998,-0.01327586206896551,0.56,-0.69125,0
303,constant_speed,1.0196030554155613,1.367213154559303,0.7967529165305892,0.5704602380287137,2.01239572438523,4.960465061866679,0.5026296549150279,4.457835406951651,0.02299,0.045207958942249736,-0.0739,0.1003,0.1742,0.1003,-0.0584,0.1054,-0.0963,-0.002013793103448275,0.0871,-0.0832,4,0.00681,0.06059806159412623,-0.0969,0.1408,0.23770000000000002,0.1408,-0.0566,0.18130000000000002,-0.1806,-0.001951724137931032,0.1028,-0.0964,7,1.0167,0.13724245347006428,0.7952,1.3581,0.5629000000000001,1.3581,-0.1975999999999999,0.4051000000000001,-0.37580000000000013,-0.006813793103448272,0.20300000000000007,-0.25050000000000006,0,0.26076,1.0191838894006287,-1.3038,1.9338,3.2376,1.9338,-2.3013,3.0275,-2.7388,-0.07935517241379308,1.1463,-2.7388,0,-0.009040000000000017,1.997734149169659,-4.6375,4.095,8.7325,4.6375,1.2775,4.7075000000000005,-5.7313,0.044051724137931014,4.5587,-2.92685,2,0.008166666666666664,0.39490351622445297,-0.7175,0.7613,1.4788000000000001,0.7613,-0.2974,1.1375,-1.3037999999999998,-0.010255172413793095,0.4813,-0.49875,0
304,constant_speed,1.0127116620023147,1.305059481403051,0.7967529165305892,0.5083065648724617,1.9767771330686437,4.960465061866679,0.72962259422252,4.230842467644159,0.02385,0.038912118048680965,-0.0578,0.1175,0.17529999999999998,0.1175,0.06620000000000001,0.13899999999999998,-0.1295,0.0022827586206896544,0.0639,-0.0509,2,0.0018800000000000002,0.048392143848014185,-0.1166,0.0649,0.1815,0.1166,0.0264,0.1578,-0.1605,0.0009103448275862076,0.0861,-0.04835,7,1.0105966666666666,0.10228104783940395,0.7952,1.3039,0.5087,1.3039,0.27070000000000005,0.26150000000000007,-0.28370000000000006,0.009334482758620692,0.2115999999999999,-0.10355000000000003,0,0.4783266666666667,1.0461263756101011,-1.3038,2.0387,3.3425000000000002,2.0387,2.1263,3.0275,-2.7388,0.07332068965517244,3.0275,-1.5925,0,-0.04171,1.9023687536132783,-4.6375,4.095,8.7325,4.6375,2.6163,4.9875,-5.7313,0.09021724137931025,4.36625,-2.9487,3,0.05309,0.33627310673074173,-0.7,0.6562,1.3561999999999999,0.7,-0.7963,1.155,-0.9974999999999999,-0.02745862068965516,0.47685,-0.7525,0
305,constant_speed,0.9792569271989227,1.1883843401862884,0.6864305573035047,0.5019537828827837,2.5723880336419787,5.158422712418981,0.7147202249831748,4.443702487435806,0.007786666666666667,0.03925932995487502,-0.1041,0.0941,0.1982,0.1041,0.1343,0.138,-0.1056,0.004631034482758622,0.138,-0.04265,1,0.005233333333333335,0.05127995059800012,-0.1122,0.1049,0.2171,0.1122,0.0125,0.1654,-0.2171,0.00043103448275862177,0.0943,-0.0672,8,0.9770299999999998,0.11751544623345594,0.6783,1.1871,0.5088,1.1871,0.41459999999999997,0.3807999999999999,-0.24230000000000007,0.01429655172413793,0.3807999999999999,-0.14990000000000003,0,-0.14437333333333333,1.1342091627127728,-2.0738,1.9338,4.0076,2.0738,3.1762,4.0076,-3.6399999999999997,0.10952413793103453,3.01,-1.37815,0,0.009903333333333346,2.6811825050079903,-5.1013,3.22,8.3213,5.1013,0.665,6.2738000000000005,-6.8162,0.022931034482758683,5.0488,-6.2038,8,0.006699999999999997,0.29414033244764953,-0.4462,0.5075,0.9537,0.5075,0.07,0.77,-0.875,0.0024137931034482665,0.5163,-0.56,0
306,constant_speed,0.9820418945634989,1.16722725293749,0.7777053298004328,0.38952192313705725,2.2180548752523292,5.30106684451347,0.5167963235163346,4.7842705209971355,0.005586666666666668,0.046393762462235144,-0.0644,0.1008,0.1652,0.1008,-0.0279,0.1379,-0.15360000000000001,-0.0009620689655172418,0.0675,-0.0731,5,-0.01009,0.04602807501574634,-0.1237,0.0791,0.2028,0.1237,-0.0645,0.1027,-0.1664,-0.0022241379310344814,0.05625,-0.08685000000000001,3,0.9798600000000001,0.10977697013679051,0.7749,1.166,0.3910999999999999,1.166,-0.1388999999999999,0.2359,-0.22709999999999997,-0.00478965517241379,0.13155,-0.19154999999999994,0,0.04347,1.1892287669340365,-2.3275,2.1175,4.445,2.3275,-2.38,4.0076,-3.6399999999999997,-0.08206896551724138,2.19625,-1.9425000000000001,1,0.7475333333333333,2.060118615321798,-4.2438,5.285,9.5288,5.285,-0.34119999999999995,6.475,-6.965,-0.011765517241379302,3.6050000000000004,-6.965,3,0.16157000000000002,0.3259553778959788,-0.3938,0.7613,1.1551,0.7613,0.84,0.8663,-0.7787,0.028965517241379312,0.77,-0.3719,0
307,constant_speed,1.010820988639302,1.2468759080197194,0.7777053298004328,0.46917057821928654,2.1270522177178424,5.30106684451347,0.5904391416564454,4.710627702857025,0.01537333333333333,0.04575732037407886,-0.0528,0.1078,0.16060000000000002,0.1078,0.07780000000000001,0.1342,-0.15360000000000001,0.0026827586206896554,0.1342,-0.0761,3,-0.013406666666666667,0.06361512471066942,-0.1569,0.121,0.27790000000000004,0.1569,-0.051899999999999995,0.15150000000000002,-0.21250000000000002,-0.001789655172413795,0.13895000000000002,-0.1455,12,1.0077766666666668,0.10812202137283194,0.7749,1.2363,0.4613999999999999,1.2363,0.21040000000000003,0.27179999999999993,-0.26439999999999997,0.007255172413793105,0.15094999999999997,-0.19154999999999994,0,0.4552899999999999,1.09574349576771,-1.7675,2.1175,3.8850000000000002,2.1175,0.2713,3.4737,-2.7211999999999996,0.009355172413793111,1.51375,-1.9425000000000001,0,0.037043333333333345,2.1550085143736646,-3.6225,5.285,8.9075,5.285,5.3025,6.9825,-6.965,0.18284482758620685,3.9463000000000004,-4.45375,4,0.30159,0.24859368781344723,-0.1138,1.0412,1.1549999999999998,1.0412,0.9273999999999999,0.8663,-0.5337999999999999,0.03197931034482758,0.6561999999999999,-0.3719,0
308,constant_speed,1.0156757562292265,1.3259562813305723,0.7514153644955631,0.5745409168350092,2.358902922211731,6.218683542358463,0.6131575083125053,5.605526034045958,0.017479999999999996,0.04552991740943909,-0.0578,0.0959,0.1537,0.0959,0.0471,0.132,-0.136,0.0016241379310344827,0.055400000000000005,-0.05475,2,-0.021693333333333332,0.0718765317477962,-0.1793,0.1833,0.3626,0.1833,0.0722,0.1978,-0.2171,0.0024896551724137932,0.1175,-0.1153,8,1.0118700000000003,0.14234052213399848,0.743,1.3215,0.5784999999999999,1.3215,0.024399999999999977,0.392,-0.5704999999999999,0.0008413793103448268,0.19164999999999993,-0.21339999999999998,0,0.06913000000000001,1.1748375641646864,-2.6862,1.6712,4.3574,2.6862,-0.42869999999999997,2.5462,-4.2437000000000005,-0.014782758620689658,1.6711999999999998,-1.4656,0,-0.03470666666666671,2.4469170170297736,-4.9,5.95,10.850000000000001,5.95,-2.8,5.9763,-8.2512,-0.09655172413793103,4.99625,-3.2244,5,0.5381233333333333,0.37569378642841506,-0.1312,1.4875,1.6187,1.4875,-0.07870000000000002,0.9276,-1.0413000000000001,-0.0027137931034482755,0.80935,-0.9013,0
309,constant_speed,0.98102263395746,1.226843918353105,0.6249808477065517,0.6018630706465533,2.265967108805009,6.040809853819271,0.6379704146745364,5.402839439144734,0.02413,0.05104705165588528,-0.0977,0.1179,0.2156,0.1179,0.1003,0.1358,-0.1324,0.003458620689655174,0.09284999999999999,-0.06945,3,-0.022969999999999997,0.06847962269272466,-0.1884,0.1471,0.3355,0.1884,0.081,0.17750000000000002,-0.2202,0.0027931034482758616,0.12645,-0.1389,5,0.97679,0.1430415405060531,0.6171,1.221,0.6039000000000001,1.221,0.17759999999999998,0.3718,-0.39990000000000003,0.006124137931034482,0.30195000000000005,-0.18470000000000003,0,0.13212666666666667,1.4824488495992572,-3.08,2.66,5.74,3.08,2.94,3.0274,-3.5525,0.10137931034482757,2.05185,-2.10435,3,0.05016999999999995,2.156598963110586,-5.9675,5.5825,11.55,5.9675,1.3651,6.755,-7.0,0.047072413793103514,3.6618999999999997,-2.4543500000000003,3,0.20387999999999998,0.39934231396652414,-0.4638,1.0938,1.5576,1.0938,-0.7875,1.1900000000000002,-1.1812999999999998,-0.027155172413793106,0.5950000000000001,-0.5773999999999999,0
310,constant_speed,1.0064307020869152,1.226843918353105,0.6249808477065517,0.6018630706465533,2.276500602989351,6.040809853819271,0.23166288006497718,5.809146973754293,0.02211,0.05132973427448904,-0.0996,0.1037,0.20329999999999998,0.1037,-0.09609999999999999,0.174,-0.1324,-0.0033137931034482766,0.09284999999999999,-0.09079999999999999,6,-0.016446666666666672,0.07316439087393553,-0.1356,0.1471,0.2827,0.1471,0.013300000000000001,0.2137,-0.2248,0.00045862068965516926,0.12645,-0.09519999999999999,6,1.0021766666666667,0.12248971155481429,0.6171,1.221,0.6039000000000001,1.221,-0.04189999999999994,0.3718,-0.39990000000000003,-0.0014448275862068943,0.30195000000000005,-0.1704,0,0.32491666666666674,1.1391704495644714,-3.08,2.66,5.74,3.08,-1.4962,2.1962,-3.5525,-0.05159310344827585,2.05185,-3.5525,1,-0.023923333333333328,2.398195981563748,-5.9675,5.7137,11.6812,5.9675,-0.03500000000000014,6.5975,-7.0,-0.0012068965517241658,3.64875,-2.8830999999999998,5,0.22575333333333333,0.37439772392224946,-0.4638,0.875,1.3388,0.875,-0.8575,1.0937999999999999,-1.1463,-0.029568965517241377,0.5163,-0.56435,0
311,constant_speed,1.0298226386494063,1.2154249709463765,0.8060802255358954,0.40934474541048105,2.121523059809961,5.720515673433646,0.23166288006497718,5.488852793368669,0.02435,0.0510292799654581,-0.0946,0.1235,0.21810000000000002,0.1235,0.0883,0.174,-0.14750000000000002,0.003044827586206895,0.174,-0.0717,5,-0.0046966666666666676,0.049459990680962726,-0.1236,0.0995,0.22310000000000002,0.1236,-0.0519,0.1478,-0.22310000000000002,-0.0017896551724137936,0.0904,-0.06905,3,1.0271333333333332,0.104731352000984,0.805,1.2081,0.4030999999999999,1.2081,-0.02629999999999999,0.4030999999999999,-0.18180000000000007,-0.0009068965517241375,0.2701999999999999,-0.17790000000000006,0,0.26746333333333333,1.029421563886925,-1.9688,2.3975,4.3663,2.3975,-0.9975,2.7037,-2.7212,-0.034396551724137935,1.83315,-2.5462,0,0.7303300000000001,2.0845623973341048,-4.0862,5.7137,9.799900000000001,5.7137,1.19,5.4775,-6.6324000000000005,0.041034482758620656,3.7318499999999997,-2.86125,2,0.1330033333333333,0.2785870946380154,-0.4638,0.8313,1.2951000000000001,0.8313,-0.008700000000000013,1.0763,-0.7525,-0.0002999999999999995,0.3019,-0.52505,0
312,constant_speed,1.0117570551189714,1.433222289109404,0.7338003406922077,0.6994219484171963,2.039362516253327,4.575170858011753,0.39468667319786715,4.180484184813886,0.017120000000000003,0.05166906898382409,-0.0946,0.1235,0.21810000000000002,0.1235,0.016199999999999992,0.1619,-0.14750000000000002,0.000558620689655169,0.10905000000000001,-0.14750000000000002,2,-0.012719999999999999,0.050729787209733375,-0.091,0.0891,0.18009999999999998,0.091,-0.0698,0.16399999999999998,-0.18009999999999998,-0.002406896551724138,0.08745,-0.07250000000000001,4,1.0091433333333335,0.14845729603871421,0.7325,1.4264,0.6938999999999999,1.4264,0.24239999999999995,0.4906999999999999,-0.4332999999999999,0.00835862068965517,0.2819499999999999,-0.26169999999999993,0,-0.10091666666666667,1.1845020478820547,-2.7037,2.555,5.2587,2.7037,0.5599000000000001,2.9487,-3.6313,0.01930689655172413,2.27065,-1.9075000000000002,2,0.36021000000000003,2.0232857113854563,-4.0862,4.5062,8.5924,4.5062,2.5725000000000002,6.0987,-6.195,0.0887068965517242,3.7318499999999997,-2.52,5,0.22924999999999995,0.3043982211987539,-0.5863,0.7175,1.3038,0.7175,-0.01750000000000007,0.9713,-1.19,-0.0006034482758620638,0.6519,-0.6912,0
313,constant_speed,0.9405608454180321,1.1200079731859056,0.7522324507756895,0.36777552241021616,2.2172025348977376,6.014228519935038,0.9703586038161356,5.0438699161189025,0.002033333333333333,0.03795674791975306,-0.0751,0.0784,0.1535,0.0784,0.0161,0.12409999999999999,-0.0916,0.0005551724137931035,0.05455,-0.0662,4,-0.008320000000000001,0.04184655384814283,-0.0949,0.0598,0.1547,0.0949,-0.0383,0.1232,-0.14179999999999998,-0.001320689655172413,0.0546,-0.14179999999999998,1,0.9388466666666666,0.0957120672438536,0.7458,1.1184,0.37260000000000004,1.1184,0.17799999999999994,0.37260000000000004,-0.24650000000000005,0.006137931034482756,0.28689999999999993,-0.1412,0,0.10966,1.2125624948274085,-2.1175,2.7825,4.9,2.7825,-1.5225,2.4238,-3.3337000000000003,-0.0525,2.33625,-2.3974,1,0.39842,2.11658246943771,-3.1325,5.9938,9.1263,5.9938,2.3449999999999998,7.0001,-3.9899000000000004,0.08086206896551712,3.2813,-3.5875000000000004,5,-0.018363333333333332,0.34487143379899515,-0.6913,0.5688,1.2601,0.6913,-0.3674,0.9976,-0.8225,-0.012668965517241376,0.4813,-0.8225,0
314,constant_speed,0.9692957073945819,1.1882416042202866,0.6611519416896543,0.5270896625306323,2.1962716383756646,6.014228519935038,0.607564761980153,5.4066637579548855,0.013826666666666671,0.03578065296269454,-0.0676,0.0673,0.1349,0.0676,0.0532,0.07250000000000001,-0.1127,0.0018344827586206894,0.061149999999999996,-0.0496,2,0.02778333333333333,0.034898899136212594,-0.0689,0.1014,0.1703,0.1014,0.0355,0.08579999999999999,-0.0723,0.0012241379310344832,0.0546,-0.0723,1,0.9675433333333333,0.11939106904545287,0.6592,1.1873,0.5281,1.1873,0.3902,0.3003,-0.4146000000000001,0.013455172413793104,0.25039999999999996,-0.1784,0,0.21319666666666665,1.2325047358049415,-2.2838,2.7825,5.0663,2.7825,-1.3387999999999998,2.5725999999999996,-4.2788,-0.046165517241379295,1.9119,-1.5225000000000002,2,0.20067000000000004,2.0763438166476753,-3.6137,5.9938,9.6075,5.9938,3.5437000000000003,7.0001,-6.1162,0.12219655172413792,3.2813,-3.5875000000000004,5,-0.33832333333333336,0.3140331123363875,-1.015,0.3413,1.3562999999999998,1.015,0.0963,0.7438,-0.9188,0.003320689655172412,0.665,-0.5163,0
315,constant_speed,0.9948552201052987,1.2593263913696084,0.754751144417814,0.5045752469517945,1.7355062084159727,3.7244429959391243,0.16084504965960253,3.563597946279522,0.012393333333333333,0.03096936120318489,-0.0676,0.0556,0.12319999999999999,0.0676,0.0942,0.07289999999999999,-0.1127,0.003248275862068966,0.061149999999999996,-0.04435,1,0.023223333333333332,0.04286381548766885,-0.0612,0.1003,0.1615,0.1003,-0.0613,0.10339999999999999,-0.12409999999999999,-0.002113793103448277,0.0588,-0.1074,2,0.9931066666666665,0.12105757516878952,0.7542,1.2578,0.5036,1.2578,0.35450000000000004,0.28280000000000005,-0.3983000000000001,0.012224137931034483,0.28280000000000005,-0.18069999999999997,0,0.32462,0.8870308187314071,-1.33,2.0563,3.3863,2.0563,0.6301,2.5725999999999996,-2.4413,0.021727586206896524,2.5725999999999996,-1.38255,0,0.49027999999999994,1.649998018682196,-3.6137,3.1237,6.7374,3.6137,5.8713,3.9988,-6.1162,0.2024586206896552,3.7013000000000003,-2.86125,3,-0.09333666666666667,0.3437589697722091,-0.7613,0.6825,1.4438,0.7613,0.0088,0.7525000000000001,-0.8837999999999999,0.00030344827586207385,0.42,-0.6123999999999999,0
316,constant_speed,1.006653779343217,1.2593263913696084,0.754751144417814,0.5045752469517945,1.5813620579136596,4.697703096194991,0.16084504965960253,4.5368580465353885,0.018473333333333335,0.021713319181669518,-0.0142,0.0623,0.0765,0.0623,-0.013099999999999999,0.0502,-0.0535,-0.0004517241379310346,0.03135,-0.0368,0,0.007403333333333334,0.049890573246361626,-0.075,0.1064,0.1814,0.1064,0.06420000000000001,0.15589999999999998,-0.1441,0.002213793103448275,0.0663,-0.0902,7,1.0050199999999998,0.10626401538393532,0.7542,1.2578,0.5036,1.2578,-0.1998000000000001,0.28280000000000005,-0.3213999999999999,-0.0068896551724137965,0.12434999999999996,-0.14429999999999998,0,0.03237,0.6906239613317201,-1.4088,1.6537,3.0625,1.6537,-0.6825,1.6713,-2.1262,-0.0235344827586207,0.93625,-1.1025,0,0.36372333333333323,1.647852813498227,-2.4762,4.6813,7.157500000000001,4.6813,-0.1837,4.8736999999999995,-4.2087,-0.006334482758620773,1.96,-3.10625,2,0.09509,0.33004785060602226,-0.6475,0.6825,1.33,0.6825,0.2975,1.1026,-0.77,0.010258620689655176,0.7525,-0.4769,0
317,constant_speed,1.0184756120345193,1.3567921985329956,0.8134137508058246,0.543378447727171,2.2492658420624,6.085513649643717,0.4743348711617142,5.611178778482003,0.013633333333333334,0.039776187065520295,-0.0736,0.1069,0.1805,0.1069,-0.020399999999999998,0.1644,-0.1805,-0.0007034482758620705,0.0641,-0.0924,5,0.015936666666666665,0.05372909366206661,-0.1474,0.0922,0.2396,0.1474,-0.1061,0.13240000000000002,-0.2396,-0.0036586206896551707,0.09140000000000001,-0.2396,5,1.0161066666666667,0.14201958809368112,0.8108,1.3515,0.5407,1.3515,0.05569999999999997,0.5162999999999999,-0.5202999999999999,0.0019206896551724128,0.17219999999999996,-0.4112999999999999,0,0.16275,1.1433302315815304,-1.8025,3.1325,4.935,3.1325,-0.8137,4.0863,-3.36,-0.02805862068965521,1.5006499999999998,-2.4675,0,0.5124466666666667,2.2748519619486474,-4.5763,5.9062,10.4825,5.9062,-2.5638,10.4825,-6.6762,-0.08840689655172415,3.5525,-6.6762,4,-0.018670000000000003,0.34889766521589605,-0.8138,0.49,1.3037999999999998,0.8138,-0.02629999999999999,0.5251,-0.7088,-0.0009068965517241252,0.34125,-0.4813,0
318,constant_speed,1.0259414636380149,1.317869800094076,0.8272341506490166,0.49063564944505944,2.414461069748445,6.085513649643717,0.7943694858187845,5.291144163824932,0.022799999999999997,0.036740703726858955,-0.0353,0.1252,0.1605,0.1252,-0.007700000000000002,0.1057,-0.0945,-0.0002655172413793097,0.050850000000000006,-0.046400000000000004,0,0.005943333333333336,0.07898023621542087,-0.1474,0.1716,0.319,0.1716,-0.1981,0.2518,-0.26380000000000003,-0.006831034482758623,0.08535000000000001,-0.1866,11,1.0220099999999999,0.11922171275863909,0.8257,1.3134,0.4876999999999999,1.3134,-0.07310000000000005,0.4093,-0.4112999999999999,-0.0025206896551724155,0.17219999999999996,-0.19199999999999995,0,0.032380000000000034,1.4671336399650994,-2.59,3.1325,5.7225,3.1325,-2.8525,4.0863,-5.39,-0.09836206896551727,2.1919,-3.36,1,0.4818299999999999,2.282948954547378,-4.5763,5.9062,10.4825,5.9062,-4.5762,10.4825,-6.6762,-0.1578,3.5525,-4.0075,7,0.04229,0.4175343375101023,-0.63,0.91,1.54,0.91,0.6738000000000001,1.155,-1.365,0.023234482758620698,0.5993999999999999,-0.76125,0
319,constant_speed,0.9934484579238867,1.2615534590337423,0.5889748211935719,0.6725786378401704,2.364749509116061,4.579794421150364,0.3380516824392389,4.2417427387111255,0.02370333333333333,0.045244572799575555,-0.0559,0.1252,0.1811,0.1252,-0.0357,0.1581,-0.12639999999999998,-0.001231034482758619,0.05545,-0.11410000000000001,2,0.015823333333333335,0.05354138382232192,-0.1205,0.1155,0.236,0.1205,0.0708,0.236,-0.1866,0.002441379310344827,0.1407,-0.09559999999999999,5,0.9906266666666667,0.14749024499205393,0.5866,1.2598,0.6732,1.2598,-0.25480000000000014,0.4455,-0.4891000000000001,-0.008786206896551728,0.20435000000000003,-0.39370000000000005,0,0.3053766666666666,1.4973109254152313,-3.2725,3.5,6.7725,3.5,1.6800000000000002,4.8475,-4.0600000000000005,0.05793103448275858,2.975,-3.38625,2,0.08838666666666671,2.15539384667834,-3.8937,3.4825,7.3762,3.8937,-0.0788000000000002,6.7725,-5.8276,-0.002717241379310352,2.5725,-5.3288,10,-0.014879999999999994,0.34639332178797894,-0.7262,0.7088,1.435,0.7262,-0.5163,0.9886999999999999,-1.0762999999999998,-0.017803448275862062,0.5993999999999999,-0.5425,0
320,constant_speed,1.0263254522378598,1.3193561839018304,0.651388332717128,0.6679678511847024,2.6124076628215755,4.869759407814723,0.2981001341831298,4.571659273631592,0.02274666666666666,0.05646514172376668,-0.1134,0.1288,0.2422,0.1288,-0.0661,0.1656,-0.1948,-0.002279310344827586,0.1066,-0.1464,5,0.016836666666666666,0.0651942957274814,-0.1195,0.1603,0.2798,0.1603,-0.0648,0.2156,-0.1677,-0.0022344827586206874,0.10905000000000001,-0.1399,9,1.0224466666666667,0.16857982194739704,0.6412,1.3156,0.6744000000000001,1.3156,-0.40460000000000007,0.5082000000000001,-0.5719000000000001,-0.013951724137931037,0.20779999999999998,-0.5719000000000001,0,0.3616633333333333,1.4834544483513248,-2.205,2.94,5.145,2.94,-3.92,4.5413,-3.9462,-0.13517241379310344,1.9162500000000002,-3.78,2,0.29020666666666667,2.4794175688341964,-3.9375,4.585,8.5225,4.585,0.735,7.516299999999999,-6.7113,0.025344827586206955,4.26125,-3.85435,9,-0.12425666666666667,0.3168198505659702,-0.7525,0.7788,1.5312999999999999,0.7788,0.9013,0.9188000000000001,-1.1025,0.031079310344827586,0.5688000000000001,-0.49,0
321,constant_speed,0.9811098023112338,1.3093869596112526,0.6326349105131648,0.6767520490980878,2.9665803040058525,5.938603681843065,0.6847772922636964,5.253826389579369,0.012529999999999998,0.05489698283273801,-0.1114,0.1106,0.222,0.1114,0.042699999999999995,0.1926,-0.1282,0.0014724137931034476,0.0876,-0.082,6,-0.016620000000000003,0.05159114064549696,-0.0985,0.0742,0.17270000000000002,0.0985,0.039299999999999995,0.1432,-0.1486,0.0013551724137931013,0.0804,-0.06735000000000001,4,0.9778233333333334,0.16351528175622024,0.6198,1.3061,0.6863,1.3061,0.14989999999999992,0.5959,-0.45500000000000007,0.005168965517241377,0.24205000000000004,-0.295,0,0.25959000000000004,1.369300648921898,-2.765,2.7912,5.5562000000000005,2.7912,-2.1262,2.8087,-4.0601,-0.07331724137931041,2.7781000000000002,-2.4325,2,-0.47979999999999995,2.8722057516828423,-5.7925,4.6462,10.4387,5.7925,-0.4375000000000002,8.7062,-8.898700000000002,-0.015086206896551725,4.235,-4.4625,13,0.44362666666666667,0.31770868887788667,-0.1488,1.0762,1.225,1.0762,1.1725,0.9712999999999999,-0.8049000000000001,0.04043103448275862,0.6737000000000001,-0.49435,0
322,constant_speed,1.0018066266707184,1.4014106428880866,0.6326349105131648,0.7687757323749218,2.682157601375899,6.510609817060151,0.2739183272437242,6.236691489816426,0.015130000000000001,0.060493061158085414,-0.1181,0.1127,0.2308,0.1181,-0.027499999999999997,0.1926,-0.1987,-0.0009482758620689632,0.0805,-0.10519999999999999,4,-0.016530000000000006,0.06678040260745507,-0.1489,0.1464,0.2953,0.1489,0.1754,0.1797,-0.14250000000000002,0.006048275862068966,0.1694,-0.0867,5,0.9974333333333332,0.15947321325892458,0.6198,1.3967,0.7769,1.3967,-0.4353,0.5959,-0.4449000000000001,-0.015010344827586208,0.24205000000000004,-0.31110000000000004,0,0.13707666666666668,1.2545444758359805,-1.9863,2.4062,4.3925,2.4062,0.14869999999999983,2.4762,-4.0601,0.0051275862068965,1.8112,-1.7281499999999999,0,0.3313266666666666,2.8874979980806117,-5.7925,6.4225,12.215,6.4225,-6.973700000000001,8.7062,-10.465,-0.2404724137931034,3.4650000000000003,-4.4625,7,0.5048633333333334,0.39720859149937776,-0.1663,1.0762,1.2425000000000002,1.0762,-1.2425000000000002,0.9712999999999999,-1.2163,-0.042844827586206884,0.5819,-1.2163,0
323,constant_speed,1.040481503401405,1.4014106428880866,0.691614965135949,0.7097956777521376,2.301338286103472,6.805523781458706,0.32562968230798617,6.4798940991507195,0.03423333333333333,0.05254968311419488,-0.0418,0.1854,0.2272,0.1854,-0.1283,0.10250000000000001,-0.1781,-0.004424137931034484,0.08975000000000001,-0.10245,0,-0.01343,0.07274365074793765,-0.1732,0.1464,0.3196,0.1732,-0.030400000000000003,0.18270000000000003,-0.22569999999999998,-0.0010482758620689663,0.11424999999999999,-0.10525,9,1.0360833333333332,0.1533372035368643,0.6795,1.3967,0.7172000000000001,1.3967,-0.17399999999999993,0.4253,-0.5024,-0.0059999999999999975,0.22565000000000002,-0.32855,0,0.37479,1.095002151580314,-1.6187,1.925,3.5437000000000003,1.925,-1.5050000000000001,2.6512000000000002,-3.1500000000000004,-0.05189655172413794,1.6931,-3.1500000000000004,0,0.28758000000000006,2.463026392875237,-4.515,6.65,11.165,6.65,2.5462000000000002,7.971299999999999,-11.165,0.0878000000000001,4.23935,-4.2219,9,0.3814966666666667,0.34827021859602,-0.1663,1.05,1.2163,1.05,0.5951000000000001,0.7175,-1.2163,0.02052068965517241,0.5819,-0.42435,0
324,constant_speed,0.9904990299530747,1.2593966730145034,0.7433310164388406,0.5160656565756628,2.5344609529710085,5.896531003903905,0.6527372672063393,5.243793736697566,0.008949999999999998,0.040971543951785656,-0.052,0.0845,0.1365,0.0845,-0.0048000000000000004,0.1147,-0.1179,-0.00016551724137931148,0.06080000000000001,-0.0478,2,-0.0030066666666666653,0.05994870757764412,-0.1394,0.0798,0.2192,0.1394,0.0889,0.12279999999999999,-0.1955,0.003065517241379308,0.0945,-0.08155,7,0.9878066666666666,0.11691462825006364,0.74,1.2583,0.5183,1.2583,0.03970000000000007,0.3719,-0.3598,0.0013689655172413817,0.19545,-0.17825000000000002,0,0.31033666666666665,1.5396326898464054,-3.2287,2.5287,5.7574000000000005,3.2287,2.625,4.06,-3.8238000000000003,0.09051724137931036,2.7386999999999997,-1.9993500000000002,4,-0.01866333333333333,2.364603767271676,-5.075,3.5612,8.6362,5.075,0.5688,5.8712,-7.883800000000001,0.019613793103448383,3.43875,-4.165,9,0.2706733333333334,0.31230739160412885,-0.4812,0.8225,1.3037,0.8225,-0.9363,1.0412000000000001,-0.9275,-0.03228620689655172,0.5906,-0.41125,0
325,constant_speed,1.007838788449505,1.4783173069405635,0.6061136774566303,0.8722036294839333,2.6262998259193435,5.89630058341669,0.8523637017142389,5.043936881702451,0.01878,0.052708079600497816,-0.0935,0.1654,0.2589,0.1654,0.011200000000000002,0.161,-0.1487,0.0003862068965517236,0.0491,-0.08439999999999999,4,-0.012683333333333331,0.07116159407478424,-0.1121,0.2033,0.3154,0.2033,-0.0777,0.245,-0.2512,-0.0026793103448275865,0.14525,-0.1252,8,1.0041266666666666,0.1885100855864643,0.6049,1.4549,0.8500000000000001,1.4549,-0.11450000000000005,0.762,-0.45019999999999993,-0.003948275862068967,0.29890000000000005,-0.32520000000000004,0,0.2359566666666667,1.3465962105487925,-2.59,3.0275,5.6175,3.0275,0.41990000000000005,3.9462,-3.8937,0.014479310344827622,2.7212,-1.5006,2,0.2140833333333333,2.568326243387172,-5.8888,3.9813,9.8701,5.8888,1.6449999999999998,7.6475,-7.1575,0.05672413793103445,5.2412,-3.8674999999999997,8,0.23304333333333332,0.3191947234929599,-0.4375,0.91,1.3475000000000001,0.91,0.1488,0.7962,-1.0238,0.005131034482758628,0.5601,-0.47250000000000003,0
326,constant_speed,1.0134370602388165,1.3649194042140365,0.6162774212966106,0.7486419829174259,2.4523179219797293,5.5868194502775905,0.2535990930583152,5.333220357219275,0.030100000000000002,0.06524575821857878,-0.1969,0.1872,0.3841,0.1969,-0.00010000000000000286,0.2983,-0.3841,-3.448275862065236e-06,0.15625,-0.12014999999999999,2,-0.013660000000000002,0.06673226795341888,-0.1344,0.1408,0.2752,0.1408,0.1126,0.1581,-0.2752,0.0038827586206896542,0.11975000000000001,-0.10300000000000001,8,1.0083566666666668,0.18224398326633892,0.5683,1.3601,0.7918000000000001,1.3601,0.08650000000000002,0.6247,-0.6548,0.0029827586206896558,0.3488,-0.248,0,0.34999333333333343,1.24627276942734,-2.59,2.8087,5.3987,2.8087,0.28,3.2112,-4.445,0.009655172413793123,2.0606,-2.3099499999999997,1,-0.37946,2.3964710746112243,-3.8588,5.2762,9.135,5.2762,0.08750000000000001,6.9125000000000005,-6.7725,0.003017241379310311,3.9244000000000003,-4.2175,7,0.3293066666666667,0.3080218408437649,-0.315,0.91,1.225,0.91,-0.77,0.7,-0.8138000000000001,-0.02655172413793104,0.3675,-0.525,0
327,constant_speed,1.0394467110298675,1.4603898280938552,0.7393502891052387,0.7210395389886165,1.982429566567636,6.541091747560189,0.2535990930583152,6.2874926545018734,0.02612,0.034203794909438,-0.0373,0.109,0.14629999999999999,0.109,-0.007599999999999999,0.0968,-0.1217,-0.00026206896551724185,0.0518,-0.04715,0,-0.007943333333333333,0.042879427454789724,-0.0983,0.0925,0.1908,0.0983,-0.0274,0.133,-0.0959,-0.0009448275862068978,0.0797,-0.08224999999999999,5,1.0377800000000001,0.13812102239552895,0.7388,1.4553,0.7165,1.4553,-0.14389999999999992,0.33740000000000003,-0.4891000000000001,-0.004962068965517238,0.23045,-0.2304,0,0.5532966666666667,1.0383499371875897,-1.61,2.7387,4.3487,2.7387,-0.2887,3.4825,-2.6775,-0.009955172413793071,3.0012000000000003,-1.80245,0,0.41533666666666663,2.0334664401194216,-3.8588,6.51,10.3688,6.51,-2.065,6.3175,-6.4662999999999995,-0.07120689655172419,3.8456,-3.7931,4,0.3765433333333333,0.22873672968228592,-0.07,0.8313,0.9013,0.8313,0.4462,0.5775,-0.6038,0.015386206896551725,0.5338,-0.315,0
328,constant_speed,1.0225280046618461,1.2235978873796733,0.8365841499813393,0.387013737398334,2.053846089548256,4.083957655265294,0.589964727759211,3.493992927506083,0.015823333333333335,0.03426335816354956,-0.0392,0.102,0.1412,0.102,0.0991,0.0968,-0.1161,0.0034172413793103445,0.05665,-0.045399999999999996,0,-0.007633333333333333,0.04576954516234366,-0.0961,0.0974,0.1935,0.0974,0.045799999999999993,0.1432,-0.1296,0.0015793103448275868,0.1114,-0.0891,3,1.0208633333333332,0.1062584178680263,0.8352,1.2215,0.3863,1.2215,0.1129,0.2805000000000001,-0.348,0.003893103448275862,0.12824999999999992,-0.13660000000000005,0,0.4357466666666666,1.0685517239294706,-2.1613,3.1063,5.2676,3.1063,-1.6888,2.8963,-2.8176,-0.058234482758620705,2.40625,-2.1525,1,0.02449333333333333,1.9198684207667647,-3.9288,4.0338,7.9626,4.0338,-1.0937000000000001,7.0963,-5.3812999999999995,-0.03771379310344825,3.4825,-3.1237000000000004,7,0.3791633333333333,0.25346652024489835,-0.2013,0.875,1.0763,0.875,0.5687,0.6563,-0.5687,0.019610344827586203,0.5775,-0.53815,0
329,constant_speed,1.0231249403598583,1.2168892924173504,0.769461746937429,0.4474275454799215,1.9199315200621718,5.23533877891393,0.5198148131786935,4.715523965735237,0.02742666666666666,0.043298068232239625,-0.0816,0.1154,0.197,0.1154,0.0025000000000000005,0.1058,-0.1386,8.620689655172469e-05,0.0936,-0.07215,1,-0.007523333333333336,0.04804185447720763,-0.0772,0.087,0.1642,0.087,0.087,0.13419999999999999,-0.1195,0.003000000000000001,0.0811,-0.07125000000000001,5,1.0207766666666667,0.10898685679485846,0.7651,1.2163,0.45119999999999993,1.2163,-0.15449999999999997,0.2546999999999999,-0.3324999999999999,-0.005327586206896551,0.13124999999999992,-0.22369999999999995,0,0.0005866666666666871,0.8771857911696274,-1.7062,1.9162,3.6224,1.9162,0.45499999999999996,1.9425000000000001,-2.4238,0.01568965517241376,1.4087999999999998,-1.24685,0,0.6501333333333335,1.7761328931200473,-3.1412,5.1363,8.2775,5.1363,0.20999999999999996,4.4626,-4.6987000000000005,0.00724137931034475,3.8413,-4.6987000000000005,2,0.3923,0.276078873037998,-0.1925,1.05,1.2425000000000002,1.05,-0.1925,0.7525000000000001,-0.91,-0.006637931034482761,0.6212500000000001,-0.34565,0
330,constant_speed,0.9968748892051877,1.2176222074190337,0.7381193738142903,0.47950283360474344,2.5707436659330325,5.568701206744711,0.9104878527470863,4.658213353997625,0.028696666666666662,0.0459650728220921,-0.0816,0.1204,0.202,0.1204,0.0385,0.0988,-0.1209,0.0013275862068965513,0.0776,-0.07215,4,0.001816666666666665,0.06412450219385095,-0.1642,0.1266,0.2908,0.1642,-0.0702,0.13770000000000002,-0.2469,-0.0024206896551724126,0.121,-0.1195,9,0.9934966666666666,0.13995268531341862,0.7366,1.2125,0.4758999999999999,1.2125,0.1584000000000001,0.35240000000000005,-0.3479000000000001,0.005462068965517245,0.2546999999999999,-0.22369999999999995,0,0.24557999999999996,1.3943039352035618,-2.8525,3.535,6.3875,3.535,0.8925,2.5113000000000003,-3.3775,0.03077586206896552,1.855,-2.23125,2,0.5366733333333333,2.353889603208263,-5.565,5.1363,10.7013,5.565,1.3650999999999998,8.977500000000001,-5.3375,0.04707241379310342,4.41,-3.4825,6,0.13505666666666669,0.4203292787092399,-0.91,1.05,1.96,1.05,0.008800000000000002,0.8925,-1.0237,0.0003034482758620719,0.72185,-0.48565,0
331,constant_speed,0.9565962015064514,1.1423893994606218,0.7448573957476693,0.3975320037129525,2.290128909298809,5.568701206744711,0.4739191703233791,5.094782036421332,0.013330000000000003,0.04117520303322846,-0.0678,0.0874,0.1552,0.0874,-0.0549,0.09870000000000001,-0.14129999999999998,-0.0018931034482758608,0.06665,-0.05105,4,-0.000753333333333334,0.07257647920182773,-0.1642,0.1283,0.2925,0.1642,-0.1271,0.1552,-0.2469,-0.004382758620689655,0.121,-0.14679999999999999,11,0.9529333333333334,0.10496086736570406,0.7443,1.1412,0.39690000000000003,1.1412,-0.040200000000000014,0.35240000000000005,-0.279,-0.0013862068965517246,0.27759999999999996,-0.1874,0,0.25286000000000003,1.3459545928191763,-2.8525,3.535,6.3875,3.535,-1.4962,2.625,-3.3775,-0.051593103448275876,1.855,-3.3775,2,-0.31791333333333327,2.213008084304122,-5.565,3.4125,8.977500000000001,5.565,1.2163,8.977500000000001,-4.025,0.04194137931034484,4.41,-3.6794000000000002,6,-0.005239999999999993,0.34295287461529833,-0.4725,0.7875,1.26,0.7875,-1.1112,1.0325,-1.0237,-0.03831724137931034,0.49875,-1.0237,0
332,constant_speed,0.9582033678679627,1.1575103887222784,0.7843437830441445,0.37316660567813387,1.870701164711553,4.201913574789467,0.35530049254117285,3.846613082248294,0.006293333333333332,0.0445434923714304,-0.0917,0.1061,0.1978,0.1061,0.0308,0.097,-0.1478,0.0010620689655172438,0.0898,-0.05755,6,-0.002383333333333333,0.055618752006069354,-0.1035,0.1283,0.2318,0.1283,0.1287,0.1552,-0.2061,0.0044379310344827595,0.08555,-0.0743,8,0.95564,0.10635331358422655,0.7792,1.1525,0.3733000000000001,1.1525,0.07569999999999999,0.27759999999999996,-0.279,0.0026103448275862067,0.14360000000000006,-0.12724999999999997,0,-0.14553999999999997,1.1040359069623005,-3.15,1.9075,5.0575,3.15,-1.05,2.625,-3.4737,-0.036206896551724134,1.61875,-1.32125,0,-0.13911999999999994,1.7738965169055536,-2.9313,4.13,7.061299999999999,4.13,1.9775,6.265,-5.285,0.0681896551724138,2.09125,-2.4718999999999998,3,-0.01663,0.337343157068125,-0.56,0.77,1.33,0.77,0.24500000000000002,1.1113,-0.9975,0.008448275862068961,0.45065,-0.4375,0
333,constant_speed,0.9416377250153306,1.2111167408635717,0.5936315102822626,0.6174852305813091,2.4245314510956586,6.946339481338354,0.5198892959082732,6.426450185430081,0.008433333333333336,0.05150814688379208,-0.1115,0.1157,0.2272,0.1157,-0.0035,0.1214,-0.2054,-0.000120689655172411,0.0914,-0.08655,4,0.008993333333333334,0.056072225181292824,-0.0717,0.1386,0.2103,0.1386,0.0438,0.1357,-0.1903,0.0015103448275862051,0.09734999999999999,-0.08574999999999999,4,0.9384833333333333,0.1439999762531909,0.5866,1.2074,0.6208,1.2074,-0.18419999999999992,0.49540000000000006,-0.3548000000000001,-0.006351724137931032,0.24714999999999998,-0.25320000000000004,0,-0.2940066666666666,1.5378351126655698,-3.36,2.415,5.775,3.36,-1.75,3.8499999999999996,-5.6875,-0.06034482758620691,1.6581,-2.73,3,-0.3736233333333334,2.307330608821003,-6.8075,3.2113,10.0188,6.8075,-1.1986999999999999,7.6913,-6.6937,-0.04133448275862075,3.73185,-4.82125,5,-0.21555,0.5095842597241605,-1.2687,0.6825,1.9512,1.2687,-1.2338,1.1813,-1.0763,-0.042544827586206896,0.6649999999999999,-0.9974999999999999,0
334,constant_speed,0.9944103396975351,1.2304538024647653,0.5936315102822626,0.6368222921825027,2.103750775927304,6.946339481338354,0.3937444475798992,6.552595033758455,0.01466333333333333,0.047303579242964286,-0.0703,0.0972,0.16749999999999998,0.0972,-0.03269999999999999,0.1343,-0.1168,-0.0011275862068965505,0.0758,-0.0857,3,0.0018933333333333317,0.05207370726677472,-0.1059,0.1179,0.2238,0.1179,0.1283,0.16599999999999998,-0.15940000000000001,0.004424137931034482,0.1443,-0.09135,8,0.9918366666666665,0.14317300478389974,0.5866,1.2266,0.6399999999999999,1.2266,0.11930000000000007,0.49540000000000006,-0.30800000000000005,0.004113793103448279,0.24714999999999998,-0.25320000000000004,0,0.039373333333333344,1.2667179243833346,-2.7738,2.2487,5.0225,2.7738,-0.2799999999999999,2.6687,-3.6837,-0.009655172413793104,1.8812,-2.1612999999999998,2,-0.3800333333333334,2.0626675517871034,-6.8075,2.835,9.6425,6.8075,2.3013,7.6913,-6.09,0.07935517241379311,3.73185,-4.82125,3,-0.17704666666666666,0.42032562560499437,-0.8662,0.7613,1.6275,0.8662,-0.3763,1.0237,-1.05,-0.012975862068965517,0.5906,-0.5775,0
335,constant_speed,0.9908139838557216,1.2548931030171455,0.7539827650550112,0.5009103379621344,2.3334580150114084,4.576079538207351,0.3937444475798992,4.1823350906274515,0.013076666666666662,0.04544334618669358,-0.0703,0.096,0.1663,0.096,-0.05210000000000001,0.159,-0.1168,-0.0017965517241379312,0.0758,-0.0967,4,0.0013499999999999996,0.05085486956645046,-0.1059,0.0839,0.1898,0.1059,-0.10439999999999999,0.16599999999999998,-0.173,-0.0035999999999999986,0.078,-0.0856,8,0.9884266666666668,0.12906555386857604,0.7508,1.2515,0.5007,1.2515,-0.04839999999999989,0.3016,-0.3274,-0.0016689655172413755,0.18020000000000003,-0.25035,0,-0.04695333333333336,1.424614666771899,-3.5612,2.03,5.5912,3.5612,-4.9437,4.41,-4.13,-0.1704724137931034,1.89435,-4.13,2,-0.05833333333333335,2.1185398656383247,-4.0775,4.5325,8.61,4.5325,-1.4,7.2012,-4.7425,-0.048275862068965454,3.0275,-2.78685,4,-0.07029666666666665,0.3417327716650615,-0.7175,0.7613,1.4788000000000001,0.7613,0.44630000000000003,0.7875,-0.9100999999999999,0.0153896551724138,0.5338,-0.37625000000000003,0
336,constant_speed,0.9975446397058935,1.2548931030171455,0.7539827650550112,0.5009103379621344,2.117297723025887,4.576079538207351,0.2957255991624668,4.2803539390448835,0.011396666666666666,0.034092920524429374,-0.04,0.0922,0.1322,0.0922,-0.0139,0.066,-0.0967,-0.0004793103448275863,0.05715,-0.0649,0,0.004786666666666667,0.04450698305018983,-0.0958,0.0717,0.16749999999999998,0.0958,0.022699999999999998,0.1361,-0.12919999999999998,0.0007827586206896561,0.10170000000000001,-0.0793,2,0.9959799999999998,0.1157090477194326,0.7508,1.2515,0.5007,1.2515,0.10720000000000007,0.30379999999999996,-0.27860000000000007,0.0036965517241379334,0.17504999999999998,-0.25035,0,-0.1697433333333333,1.419708971071265,-3.5612,1.8112,5.3724,3.5612,3.7625,4.41,-4.13,0.12974137931034485,4.41,-2.135,0,0.30917333333333336,1.8479368706438697,-2.6337,4.5325,7.1662,4.5325,2.4588,5.390000000000001,-4.7338000000000005,0.08478620689655172,3.0275,-2.78685,2,0.15837,0.33707056372669875,-0.525,0.6562,1.1812,0.6562,0.525,0.8663000000000001,-0.9625,0.01810344827586208,0.6213000000000001,-0.5599999999999999,0
337,constant_speed,1.0053692920374653,1.189603333048458,0.796233998269353,0.39336933477910485,2.166911317538277,5.165643110978535,0.2747109935914469,4.890932117387088,0.007853333333333332,0.048813895232977376,-0.0942,0.1022,0.19640000000000002,0.1022,-0.1108,0.1244,-0.1293,-0.003820689655172414,0.0731,-0.1152,9,-0.006356666666666667,0.08555186240473985,-0.2247,0.1576,0.3823,0.2247,0.09280000000000001,0.22790000000000002,-0.2447,0.0031999999999999984,0.2158,-0.16649999999999998,8,1.0006933333333332,0.09884391713212803,0.7945,1.1872,0.39270000000000005,1.1872,-0.04499999999999993,0.29689999999999994,-0.27880000000000005,-0.001551724137931032,0.14075000000000004,-0.15965000000000001,0,0.33105,1.4024285988955019,-2.4062,3.0275,5.4337,3.0275,2.4762,3.5525,-3.605,0.08538620689655173,3.5525,-1.57495,1,0.2972000000000001,2.007277950960901,-4.1825,4.9,9.0825,4.9,2.7474000000000003,5.775,-4.8213,0.09473793103448278,2.6425,-3.68375,4,0.22371333333333338,0.3307641129820187,-0.3762,0.77,1.1461999999999999,0.77,0.7438,1.0150000000000001,-1.0587,0.025648275862068973,0.7525,-0.41565,0
338,constant_speed,0.9973546896224404,1.189603333048458,0.8656901813004465,0.3239131517480114,2.082425798165854,5.152651156443643,0.4127594699095346,4.739891686534108,0.0064800000000000005,0.03216772209572177,-0.0607,0.0817,0.1424,0.0817,-0.08729999999999999,0.0759,-0.0977,-0.0030103448275862065,0.04685,-0.053899999999999997,1,-0.011306666666666666,0.068071194643769,-0.1212,0.1252,0.2464,0.1252,-0.1625,0.2158,-0.18669999999999998,-0.005603448275862067,0.07355,-0.1232,9,0.9945333333333334,0.08739522331038047,0.8572,1.1872,0.33000000000000007,1.1872,-0.2580000000000001,0.22510000000000008,-0.27880000000000005,-0.008896551724137934,0.14075000000000004,-0.15965000000000001,0,0.003499999999999999,1.4130508939756974,-2.5988,2.4762,5.075,2.5988,-1.7675,4.0513,-3.6837,-0.060948275862068954,2.52,-3.6837,4,0.21727999999999995,1.8951605668304112,-3.6925,4.9,8.592500000000001,4.9,-1.3912,5.775,-5.4512,-0.04797241379310348,5.775,-3.4036999999999997,5,0.2703733333333333,0.26499550540538885,-0.07,0.77,0.8400000000000001,0.77,0.56,0.7875,-0.7525000000000001,0.019310344827586208,0.30625,-0.20565,0
339,constant_speed,0.9931994275848214,1.2006979345364095,0.8111005363085393,0.3895973982278702,1.9405145104054198,4.533362370250144,0.5639730224044409,3.969389347845703,0.008620000000000001,0.0376411770126354,-0.0722,0.0964,0.1686,0.0964,0.0553,0.1048,-0.1003,0.001906896551724137,0.0737,-0.0532,3,-0.01729666666666667,0.06298154893099349,-0.1405,0.1013,0.24180000000000001,0.1405,-0.052,0.1691,-0.24180000000000001,-0.0017931034482758612,0.0975,-0.1351,10,0.9903166666666666,0.09091976790226809,0.8082,1.1944,0.3861999999999999,1.1944,0.08460000000000001,0.25329999999999986,-0.2794,0.002917241379310345,0.16944999999999993,-0.19309999999999994,0,-0.11112999999999999,1.246987092030088,-3.2462,2.4762,5.7224,3.2462,1.9687000000000001,4.2612,-4.1124,0.0678862068965517,2.52,-2.13935,2,0.17529666666666668,1.7923889791970733,-3.7275,3.85,7.577500000000001,3.85,0.7175,4.8125,-5.4512,0.024741379310344817,3.605,-2.91375,4,0.3931633333333334,0.2500790185236401,-0.1312,0.7788,0.91,0.7788,0.49,0.7875,-0.91,0.01689655172413793,0.5075,-0.3062,0
340,constant_speed,1.0472987813960757,1.4105386630645755,0.7616389827208164,0.6488996803437591,2.300995469752242,6.234212691270646,0.6310536348045228,5.603159056466124,0.02006,0.04757546165539687,-0.0873,0.1466,0.2339,0.1466,0.0803,0.12490000000000001,-0.14150000000000001,0.002768965517241379,0.1048,-0.0806,4,-0.005876666666666668,0.06742239310462082,-0.1405,0.0763,0.21680000000000002,0.1405,0.08780000000000002,0.1874,-0.1981,0.003027586206896551,0.12300000000000001,-0.08515,10,1.0438266666666667,0.12593665877332347,0.7537,1.4026,0.6489,1.4026,0.19290000000000007,0.38860000000000006,-0.32979999999999987,0.006651724137931037,0.19220000000000015,-0.20604999999999996,0,0.5007966666666667,1.4104847255546542,-3.2462,3.36,6.606199999999999,3.36,2.8787000000000003,4.2612,-4.1124,0.09926551724137926,2.31,-2.13935,1,0.5938366666666665,2.048808840729309,-3.7275,5.81,9.5375,5.81,1.0499,4.8125,-7.971299999999999,0.036203448275862096,3.605,-2.7038,4,0.38150333333333336,0.35501637211720866,-0.8138,0.9275,1.7412999999999998,0.9275,0.035099999999999965,1.7412999999999998,-1.5663,0.001210344827586196,0.7043999999999999,-0.70875,0
341,constant_speed,1.012329999235485,1.2185678397200543,0.6947517614227401,0.5238160782973142,2.495594536875441,6.488593771380668,0.8243126348661654,5.664281136514502,0.019420000000000003,0.036518265623355264,-0.0938,0.0839,0.1777,0.0938,-0.03649999999999999,0.078,-0.1777,-0.0012586206896551726,0.04795,-0.0644,2,-0.007723333333333334,0.06505858730105654,-0.1027,0.1579,0.2606,0.1579,-0.2243,0.1631,-0.25260000000000005,-0.007734482758620691,0.09675,-0.25260000000000005,9,1.0094466666666664,0.1295321574594199,0.6939,1.2171,0.5232000000000001,1.2171,-0.2237,0.3195999999999999,-0.42269999999999996,-0.007713793103448276,0.2117,-0.24449999999999994,0,0.51828,1.7982066147251765,-4.0075,3.5787,7.5862,4.0075,-2.275,5.495,-5.705,-0.07844827586206891,2.7912500000000002,-3.7931,4,0.24500333333333327,2.135917298941965,-3.465,5.4163,8.8813,5.4163,-4.9787,5.04,-5.67,-0.17167931034482758,2.835,-4.1387,6,0.17849999999999996,0.3248830378395617,-0.455,0.875,1.33,0.875,0.0962,1.0762,-0.7437,0.003317241379310347,0.34125,-0.45940000000000003,0
342,constant_speed,1.0301309060681547,1.1909699156569824,0.6947517614227401,0.4962181542342423,2.5145272908999985,5.133290246031292,0.4894483527401027,4.64384189329119,0.028229999999999995,0.0385514805834019,-0.068,0.1037,0.17170000000000002,0.1037,0.0211,0.1207,-0.0899,0.0007275862068965522,0.08585000000000001,-0.0629,2,0.001033333333333333,0.044764897988870955,-0.089,0.0893,0.17830000000000001,0.0893,0.0727,0.1276,-0.115,0.0025068965517241384,0.0927,-0.0567,3,1.0281200000000001,0.09843689173867903,0.6939,1.1883,0.49439999999999995,1.1883,-0.08560000000000012,0.2348,-0.34319999999999995,-0.0029517241379310387,0.2117,-0.18520000000000003,0,0.7145833333333333,1.9557180780335204,-4.0075,4.2263,8.2338,4.2263,2.59,5.495,-5.705,0.08931034482758621,4.9262,-3.7931,4,0.09100000000000004,1.8646679182946333,-3.465,3.255,6.72,3.465,-1.7237,5.1013,-5.5737000000000005,-0.05943793103448278,2.8525,-3.36,6,0.24996000000000004,0.2511935160046107,-0.2887,0.6737,0.9623999999999999,0.6737,-0.1225,0.9449000000000001,-0.7437,-0.004224137931034482,0.3412,-0.3981,0
343,constant_speed,1.0250369154396404,1.3069148939391577,0.6666873405127773,0.6402275534263804,2.2519184816793545,6.045997281673223,0.6735389298325674,5.372458351840656,0.030353333333333336,0.05423192680568773,-0.068,0.1584,0.22640000000000002,0.1584,0.019499999999999997,0.12340000000000001,-0.15910000000000002,0.0006724137931034484,0.09989999999999999,-0.08585,4,0.0047466666666666655,0.05578983799034109,-0.1222,0.1434,0.2656,0.1434,-0.057800000000000004,0.2656,-0.1537,-0.001993103448275861,0.07930000000000001,-0.1257,6,1.0217933333333333,0.13571502326651197,0.6645,1.3025,0.638,1.3025,-0.06469999999999998,0.3771000000000001,-0.35919999999999996,-0.00223103448275862,0.3771000000000001,-0.2667,0,0.27649666666666667,1.4884255359927827,-2.52,2.6775,5.1975,2.6775,-2.0563000000000002,4.1037,-4.2875,-0.07090689655172416,2.5024,-3.5875000000000004,1,-0.1761633333333333,2.1458551110395856,-4.9,5.5563,10.4563,5.5563,-4.5937,7.3588000000000005,-7.0001,-0.15840344827586203,3.7188,-3.27685,5,0.10763333333333332,0.32508788237085645,-0.7088,0.6475,1.3563,0.7088,-1.3563,0.6475,-0.8926,-0.046768965517241384,0.3981,-0.8926,0
344,constant_speed,0.9956596766025189,1.3069148939391577,0.6666873405127773,0.6402275534263804,2.290938704854405,4.917560409390005,0.5991301528048809,4.318430256585124,0.007503333333333332,0.0494994425836489,-0.0971,0.0998,0.19690000000000002,0.0998,-0.023499999999999993,0.15410000000000001,-0.10819999999999999,-0.0008103448275862064,0.08075,-0.08249999999999999,6,-0.009276666666666666,0.04580395016343801,-0.0903,0.0875,0.1778,0.0903,-0.0174,0.125,-0.1397,-0.000599999999999999,0.07405,-0.06115,4,0.9933266666666666,0.15337862534474508,0.6645,1.3025,0.638,1.3025,-0.054400000000000004,0.3771000000000001,-0.4155,-0.0018758620689655174,0.2121,-0.33609999999999995,0,-0.1207466666666667,1.1673918792830846,-2.5113,1.9512,4.4625,2.5113,-0.6737000000000001,3.8238,-2.5726,-0.023231034482758588,1.7588,-2.38,0,-0.5655466666666666,2.3305853204030447,-4.5325,3.9725,8.504999999999999,4.5325,-2.8788,7.6825,-5.0575,-0.09926896551724144,3.0581,-4.8037,9,-0.011076666666666669,0.38683299674125016,-0.7088,0.7525,1.4613,0.7525,0.6475,1.4613,-0.9624999999999999,0.02232758620689656,0.6125,-0.5993499999999999,0
345,constant_speed,1.0466217527014015,1.2621778044316894,0.6719709889571127,0.5902068154745767,2.097859227390789,4.090285747964316,0.5927830041423252,3.4975027438219906,0.023456666666666667,0.03927759459006634,-0.0986,0.0863,0.1849,0.0986,0.010500000000000002,0.1467,-0.0929,0.00036206896551724217,0.0785,-0.062099999999999995,2,-0.006013333333333332,0.05596118564550411,-0.1036,0.0971,0.2007,0.1036,0.1691,0.1062,-0.1817,0.005831034482758622,0.1062,-0.07965,5,1.0440866666666666,0.12839877197106736,0.6612,1.259,0.5977999999999999,1.259,0.08459999999999979,0.5407,-0.3000999999999999,0.0029172413793103376,0.21524999999999994,-0.22729999999999995,0,0.14495666666666665,1.5050200197278472,-3.3425,2.6163,5.9588,3.3425,0.7088,4.9788,-3.4038,0.024441379310344832,3.0013,-2.45,2,0.008166666666666664,1.7779242226847567,-3.1063,3.9375,7.0438,3.9375,-2.3099999999999996,3.6575,-4.7775,-0.07965517241379312,3.3688000000000002,-3.36,7,0.3663366666666666,0.2332367311276816,-0.2362,0.805,1.0412000000000001,0.805,-0.28,0.6387,-0.7000000000000001,-0.009655172413793104,0.29745,-0.22310000000000002,0
346,constant_speed,1.002137565464357,1.2621778044316894,0.7565846284454899,0.5055931759861995,2.1360395091082682,4.227521962095525,0.48194178071630184,3.7455801813792235,0.00921,0.0395244869538558,-0.0712,0.061,0.13219999999999998,0.0712,-0.008599999999999997,0.0907,-0.0811,-0.00029655172413793114,0.0633,-0.051500000000000004,2,-0.014693333333333334,0.04969395948397957,-0.1037,0.0971,0.2008,0.1037,-0.00030000000000000165,0.1131,-0.1871,-1.0344827586206236e-05,0.1131,-0.06595000000000001,3,1.0000233333333335,0.12802117196489168,0.753,1.259,0.5059999999999999,1.259,-0.03139999999999987,0.27670000000000006,-0.24149999999999994,-0.0010827586206896508,0.18450000000000005,-0.1723,0,0.07233333333333333,1.413730944585341,-3.3425,2.6163,5.9588,3.3425,-3.2638,3.36,-3.3425,-0.11254482758620689,1.30815,-2.45,2,-0.30011999999999994,1.8178762991184387,-3.1063,3.6925,6.7988,3.6925,-1.1026,3.3688000000000002,-4.7775,-0.03802068965517247,2.9398999999999997,-4.7775,3,0.29808333333333337,0.30227952704618344,-0.2887,1.0237,1.3124,1.0237,0.7350000000000001,0.9098999999999999,-0.4900000000000001,0.025344827586206892,0.31065,-0.38060000000000005,0
347,constant_speed,0.9530870072675863,1.1755743192159311,0.7565846284454899,0.41898969077044124,2.025695646583226,3.744025691685355,0.454506952642091,3.289518739043264,0.01222,0.038973725897645806,-0.0712,0.0952,0.1664,0.0952,0.06470000000000001,0.1032,-0.08380000000000001,0.0022310344827586193,0.0694,-0.05005,1,-0.028723333333333326,0.06432442386642205,-0.1749,0.1125,0.2874,0.1749,-0.0214,0.26839999999999997,-0.1805,-0.0007379310344827603,0.0875,-0.10915,6,0.9498133333333331,0.1257658462856829,0.753,1.1676,0.41459999999999997,1.1676,0.032299999999999995,0.40259999999999996,-0.2563000000000001,0.0011137931034482756,0.20544999999999997,-0.22249999999999992,0,-0.08691666666666663,1.0220558760902336,-1.9688,1.96,3.9288,1.9688,0.9362999999999999,2.9838,-2.2662,0.032286206896551685,2.5812999999999997,-1.60565,0,-0.3654700000000001,1.8504499031968897,-3.6575,3.3425,7.0,3.6575,3.0713,5.206300000000001,-3.8325,0.10590689655172414,2.3625,-3.12815,4,0.5859566666666667,0.30804205230537235,0.1225,1.2162,1.0937,1.2162,0.8749,0.8225,-0.6737,0.030168965517241377,0.4111999999999999,-0.38495,0
348,constant_speed,0.995051940641041,1.1755743192159311,0.7509706652060385,0.42460365400989264,2.46038577105345,5.327381639229539,0.5470346789738288,4.780346960255709,0.023729999999999998,0.03620105875761666,-0.0581,0.0968,0.15489999999999998,0.0968,-0.06999999999999999,0.109,-0.0907,-0.0024137931034482764,0.05845,-0.07644999999999999,3,-0.014693333333333333,0.07673973898984726,-0.1749,0.1125,0.2874,0.1749,0.1166,0.26839999999999997,-0.1998,0.004020689655172413,0.2286,-0.10915,12,0.9910766666666665,0.10847579638932754,0.7382,1.1663,0.4280999999999999,1.1663,-0.15749999999999997,0.30800000000000005,-0.3578000000000001,-0.00543103448275862,0.14115,-0.13305,0,0.07786999999999995,1.3473223570833193,-3.1588,2.5025,5.6613,3.1588,-1.8287999999999998,3.8937999999999997,-4.025,-0.06306206896551725,1.74125,-2.8087999999999997,2,0.4739599999999999,2.346654051696762,-4.9175,4.9175,9.835,4.9175,0.10509999999999997,7.0174,-8.8463,0.0036241379310345202,3.5613,-3.12815,8,0.4447866666666666,0.3786734948186378,-0.3325,1.2162,1.5487,1.2162,-0.7962,0.8487,-1.05,-0.02745517241379311,0.34559999999999996,-0.66935,0
349,constant_speed,0.9553902443179094,1.1973714043687531,0.5983586382764102,0.5990127660923429,2.636341678366523,5.512972201997758,0.9714830827142591,4.541489119283499,0.0026166666666666656,0.04132172412977792,-0.0708,0.0878,0.15860000000000002,0.0878,-0.0332,0.10200000000000001,-0.1163,-0.0011448275862068968,0.06595000000000001,-0.0567,5,-0.022376666666666666,0.0738085299403397,-0.1889,0.1143,0.3032,0.1889,0.0010000000000000009,0.3032,-0.1957,3.448275862069136e-05,0.10535,-0.14325000000000002,8,0.9512433333333333,0.13309678532694855,0.5829,1.194,0.6111,1.194,-0.12749999999999995,0.3753000000000001,-0.38070000000000004,-0.00439655172413793,0.19485000000000008,-0.26859999999999995,0,0.5250066666666667,1.538148397605859,-3.29,3.2025,6.4925,3.29,1.6713000000000002,4.4274000000000004,-4.6025,0.05763103448275865,3.24625,-2.3625,2,-0.14641,2.447886313050647,-5.25,4.7512,10.0012,5.25,0.7262,6.79,-6.8163,0.025041379310344825,3.94625,-3.15435,8,0.2613399999999999,0.4554003843531157,-0.7613,0.8925,1.6538,0.8925,-0.6826,1.0675,-1.1987999999999999,-0.023537931034482762,0.77,-1.1987999999999999,0
350,constant_speed,0.9752496101692057,1.331525884089378,0.5983586382764102,0.7331672458129678,2.4556818020528524,4.81344399884324,0.22166163402808342,4.591782364815156,0.008379999999999999,0.04037415868665467,-0.0708,0.0895,0.1603,0.0895,0.008299999999999998,0.10200000000000001,-0.1432,0.0002862068965517237,0.0864,-0.0567,4,-0.011300000000000003,0.07108206039743663,-0.1249,0.1562,0.2811,0.1562,-0.0399,0.23049999999999998,-0.24330000000000002,-0.001375862068965517,0.11449999999999999,-0.0912,7,0.9717533333333334,0.1351765326841377,0.5829,1.3193,0.7363999999999999,1.3193,0.11840000000000006,0.3753000000000001,-0.4516999999999999,0.004082758620689657,0.22474999999999995,-0.15615,0,0.25637,1.7355274070993818,-3.29,3.4738,6.7638,3.4738,-1.0587,5.0926,-4.6025,-0.036506896551724115,3.24625,-2.9838,5,0.30303666666666673,2.086068107540799,-3.4825,4.7337,8.2162,4.7337,2.4763,6.3175,-6.8163,0.08538965517241377,6.3175,-2.9924999999999997,7,0.08458666666666666,0.367086920772586,-0.7613,0.8487,1.6099999999999999,0.8487,-0.3762,0.9537,-1.2338,-0.012972413793103443,0.46814999999999996,-0.45065,0
351,constant_speed,1.0279737876129134,1.331525884089378,0.8712536599636181,0.46027222412575985,2.659986663507508,5.590070963771391,0.6845162525462781,4.905554711225112,0.015076666666666665,0.04003838402586072,-0.0769,0.0895,0.1664,0.0895,0.006900000000000001,0.0927,-0.1432,0.00023793103448276065,0.04635,-0.07469999999999999,4,0.00852333333333333,0.061517879000999455,-0.1023,0.1562,0.2585,0.1562,-0.0149,0.1577,-0.24330000000000002,-0.0005137931034482762,0.09795000000000001,-0.1132,5,1.0253700000000001,0.12112237228920805,0.8676,1.3193,0.4516999999999999,1.3193,0.031500000000000083,0.29269999999999985,-0.4516999999999999,0.001086206896551727,0.22474999999999995,-0.15284999999999993,0,0.5203399999999999,1.686947689355153,-2.6425,3.5875,6.23,3.5875,5.346299999999999,4.305,-3.9375,0.1843551724137931,4.305,-2.27935,3,0.25288,2.3604190809085663,-5.5388,4.4887,10.0275,5.5388,0.2450000000000001,5.5388,-7.787599999999999,0.008448275862069,4.06875,-4.7819,6,0.0023333333333333383,0.3108152287723071,-0.7088,0.525,1.2338,0.7088,-0.061200000000000004,0.9886999999999999,-1.2338,-0.0021103448275862193,0.77,-0.42874999999999996,0
352,constant_speed,1.0281911822985499,1.2172006695693196,0.7903913271285307,0.42680934244078894,2.448405892520287,5.066599211502721,0.6781015336953604,4.3884976778073606,0.008186666666666665,0.044420348966423606,-0.083,0.0771,0.16010000000000002,0.083,-0.1461,0.0804,-0.1399,-0.00503793103448276,0.061149999999999996,-0.09280000000000001,7,0.011189999999999997,0.058133166686200034,-0.101,0.0894,0.1904,0.101,0.0841,0.1439,-0.1424,0.0028999999999999994,0.1152,-0.087,8,1.0255800000000002,0.09973093249615048,0.7876,1.2147,0.4270999999999999,1.2147,-0.1936,0.25139999999999985,-0.3691000000000001,-0.006675862068965517,0.14574999999999994,-0.14025000000000004,0,0.53842,1.4755905628735158,-2.2313,3.0887,5.32,3.0887,1.6099999999999999,3.8587,-3.1851,0.05551724137931037,3.4913,-2.66,1,0.23305,2.2625570693888317,-4.6725,4.725,9.3975,4.725,1.6625,6.9475,-5.4162,0.05732758620689666,3.2768499999999996,-3.0975,5,-0.016333333333333335,0.3909152702386377,-0.8838,0.6388,1.5226000000000002,0.8838,0.04379999999999998,1.26,-0.9363,0.0015103448275861975,0.8925,-0.55565,0
353,constant_speed,1.0384668892367137,1.2294309456004433,0.8085388982603124,0.42089204734013086,2.518574315047218,5.131683830868772,0.14875294955058874,4.982930881318183,0.017603333333333335,0.04173259276453566,-0.0628,0.1301,0.1929,0.1301,-0.013399999999999999,0.1059,-0.096,-0.00046206896551724086,0.08729999999999999,-0.04825,4,0.0076199999999999974,0.06943512178956003,-0.1244,0.1364,0.2608,0.1364,-0.0668,0.16999999999999998,-0.2039,-0.0023034482758620698,0.1299,-0.1893,9,1.0351666666666666,0.10597003588631612,0.8039,1.2276,0.4237000000000001,1.2276,-0.04930000000000001,0.2751,-0.2558,-0.0017000000000000003,0.13169999999999993,-0.15915000000000007,0,0.6265100000000001,1.7330253943559968,-2.2137,4.2875,6.501199999999999,4.2875,0.40259999999999996,6.2036999999999995,-3.9025,0.013882758620689658,2.8743499999999997,-1.96435,1,1.0097500000000001,1.9789828972009316,-3.465,4.305,7.77,4.305,-1.47,6.545,-6.09,-0.05068965517241378,3.6574999999999998,-2.6075,4,-0.009033333333333341,0.3213708142160471,-0.5075,0.735,1.2425,0.735,0.175,0.9712,-0.9625,0.0060344827586206835,0.50315,-0.51625,0
354,constant_speed,0.9710941713516976,1.1316750416970411,0.8255170985509628,0.30615794314607836,1.6944245005725196,5.5012866113301175,0.14875294955058874,5.352533661779529,0.016156666666666666,0.046232602941134994,-0.0583,0.1135,0.1718,0.1135,-0.0638,0.1533,-0.13,-0.0021999999999999997,0.0711,-0.06585,3,-0.0053766666666666685,0.08164543479575882,-0.1579,0.1354,0.2933,0.1579,0.048100000000000004,0.21249999999999997,-0.2255,0.001658620689655171,0.1299,-0.09795,18,0.9664133333333333,0.08053040433891105,0.8198,1.128,0.3081999999999999,1.128,-0.18509999999999993,0.24249999999999994,-0.2562000000000001,-0.006382758620689653,0.13334999999999997,-0.11114999999999997,0,-0.10236,0.8993495881986624,-2.2137,1.6013,3.8149999999999995,2.2137,1.3563,2.3449999999999998,-3.6049999999999995,0.04676896551724141,1.8025,-1.4305999999999999,0,-0.17704666666666666,1.8747523105794506,-5.4862,2.6425,8.1287,5.4862,-1.2600000000000002,4.716200000000001,-4.5588,-0.043448275862069,3.3337,-3.21125,1,0.18317333333333333,0.3681572377098689,-0.4025,0.9625,1.365,0.9625,0.245,0.9712,-1.1725,0.008448275862068958,0.9712,-0.6737,0
355,constant_speed,1.002860067919205,1.189902626268217,0.7229238272459969,0.46697879902222017,2.432530923327474,5.900088045105767,0.3096066052266973,5.59048143987907,0.012043333333333335,0.051747481586785576,-0.1347,0.1013,0.236,0.1347,-0.1502,0.19299999999999998,-0.13,-0.005179310344827588,0.07139999999999999,-0.096,3,-0.002886666666666665,0.06854890392912973,-0.1579,0.0951,0.253,0.1579,-0.0189,0.19790000000000002,-0.2255,-0.0006517241379310348,0.1124,-0.1779,12,0.9990966666666667,0.09584067412164814,0.7081,1.1852,0.4771000000000001,1.1852,0.027599999999999847,0.34230000000000005,-0.19219999999999993,0.0009517241379310292,0.14580000000000004,-0.12149999999999994,0,0.5346266666666667,1.8389019380829028,-3.7188,3.885,7.6038,3.885,2.9751,6.2913,-2.8263,0.10258965517241375,2.11755,-2.7649999999999997,2,-0.15019666666666665,2.028540897989511,-4.6375,4.4363,9.0738,4.6375,0.8837,6.1075,-4.5588,0.0304724137931035,2.72565,-3.33815,5,0.27737666666666666,0.379076873909941,-0.4375,1.0063,1.4438,1.0063,0.8225,0.9275,-1.3561999999999999,0.028362068965517254,0.8925000000000001,-0.39815,0
356,constant_speed,1.055830112126849,1.230753630910752,0.8438417979692638,0.38691183294148823,2.451080822225023,4.128807561512161,0.5796173306587717,3.5491902308533896,0.03073666666666667,0.05022110068510036,-0.063,0.1269,0.1899,0.1269,-0.083,0.175,-0.0993,-0.002862068965517241,0.0694,-0.08510000000000001,2,0.016130000000000002,0.06555069188724519,-0.1042,0.1591,0.2633,0.1591,0.0204,0.2384,-0.1479,0.00070344827586207,0.19440000000000002,-0.1119,10,1.05217,0.10405662964181472,0.8427,1.2295,0.38680000000000003,1.2295,-0.06129999999999991,0.27990000000000004,-0.2569,-0.0021137931034482726,0.15300000000000002,-0.21120000000000005,0,0.3147,1.938619146321102,-3.7188,3.36,7.078799999999999,3.7188,1.7412,6.2913,-3.57,0.060041379310344804,2.11755,-2.93125,4,-0.11608666666666667,1.790656553206178,-3.465,2.7475,6.2125,3.465,3.8587000000000002,5.32,-5.3375,0.13305862068965513,3.9462,-2.84375,6,0.1516566666666667,0.39136256554842297,-0.5775,1.0063,1.5838,1.0063,-0.8488,0.9275,-1.3213,-0.02926896551724138,0.70005,-1.3213,0
357,constant_speed,1.00107370603108,1.177057496471604,0.8033264653924953,0.37373103107910877,2.0147391466337323,5.5311845648106885,0.590015152347802,4.941169412462886,0.010643333333333336,0.042233069926330226,-0.0678,0.0989,0.16670000000000001,0.0989,-0.07139999999999999,0.09609999999999999,-0.1326,-0.0024620689655172417,0.06835,-0.08335000000000001,5,-0.004463333333333333,0.056963318404725696,-0.1008,0.1166,0.21739999999999998,0.1166,-0.0154,0.1747,-0.1644,-0.0005310344827586211,0.1329,-0.08979999999999999,5,0.99854,0.0965936051285184,0.7996,1.1753,0.37570000000000003,1.1753,0.016199999999999992,0.20790000000000008,-0.28769999999999996,0.0005586206896551722,0.15775,-0.15760000000000002,0,0.3044933333333334,1.1324808397354087,-1.7675,2.2225,3.99,2.2225,-1.3125,3.99,-2.5725000000000002,-0.04525862068965517,1.73245,-2.2837,0,-0.19367666666666666,1.9778697592635355,-5.32,3.4213,8.7413,5.32,-2.0299,6.3875,-4.313700000000001,-0.06999655172413795,2.9006000000000003,-3.60935,3,0.26220666666666664,0.3492124152840299,-0.6475,0.7875,1.435,0.7875,-0.5688,1.015,-1.26,-0.01961379310344826,0.56435,-0.6694,0
358,constant_speed,0.9918210025853277,1.213441440696666,0.7166028537481552,0.4968385869485108,2.304920362865105,5.5311845648106885,0.46388347674820235,5.067301088062486,0.017866666666666666,0.04682814017920932,-0.0952,0.0989,0.1941,0.0989,-0.0727,0.12079999999999999,-0.1326,-0.0025068965517241384,0.06835,-0.08335000000000001,4,-0.006663333333333333,0.07748468361813383,-0.1603,0.155,0.3153,0.1603,0.0026000000000000016,0.3153,-0.3063,8.96551724137946e-05,0.09335,-0.1135,9,0.9877100000000002,0.1255366668513145,0.7139,1.2029,0.4890000000000001,1.2029,-0.3106,0.349,-0.33820000000000006,-0.010710344827586206,0.16065000000000002,-0.22050000000000003,0,0.3570000000000001,1.1408162274562832,-1.9338,2.2575,4.1913,2.2575,-3.9375,2.4325,-4.1913,-0.13577586206896555,1.6319,-2.4938000000000002,0,-0.3050833333333333,2.300562771941613,-5.32,3.4562,8.7762,5.32,-3.3773999999999997,5.6962,-6.0112,-0.11646206896551729,2.9006000000000003,-3.60935,5,0.3523233333333333,0.3641213313162801,-0.6475,1.015,1.6624999999999999,1.015,0.2888,1.015,-1.26,0.00995862068965517,0.6563,-0.6694,0
359,constant_speed,0.9868563574872903,1.3297246707495503,0.40788445667860407,0.9218402140709462,2.833635368677529,9.173427818432977,0.4138175201704249,8.759610298262551,0.013376666666666667,0.06124041759431787,-0.1405,0.1134,0.2539,0.1405,-0.0493,0.1307,-0.2539,-0.0017,0.07075000000000001,-0.0998,5,-0.007520000000000001,0.06963870505242979,-0.1303,0.156,0.2863,0.156,-0.0057,0.23909999999999998,-0.2124,-0.0001965517241379314,0.1242,-0.1135,7,0.9822533333333332,0.17077163160466535,0.3798,1.3191,0.9392999999999999,1.3191,-0.07010000000000005,0.6391999999999999,-0.6758000000000001,-0.0024172413793103467,0.23485,-0.26625,0,0.41474666666666665,1.3942570335767224,-2.135,4.9,7.035,4.9,0.8399,3.3513,-5.845000000000001,0.028962068965517274,3.2506500000000003,-2.3712999999999997,2,0.11230000000000001,3.0085249466279578,-6.5188,7.7525,14.2713,7.7525,-3.7537,7.6912,-9.8962,-0.12943793103448276,4.64185,-5.6744,10,0.24499333333333334,0.38810542465118697,-0.4025,0.9362,1.3387,0.9362,0.4288,1.2162,-1.2425,0.014786206896551727,0.9450000000000001,-0.55995,0
360,constant_speed,0.9896687210976449,1.3297246707495503,0.40788445667860407,0.9218402140709462,2.634724208148048,6.556859743047734,0.7092248444604856,5.847634898587248,0.01488333333333333,0.05795195443631307,-0.1405,0.1134,0.2539,0.1405,-0.031200000000000006,0.1291,-0.2539,-0.0010758620689655164,0.11929999999999999,-0.2539,6,-0.020479999999999998,0.06383627441380396,-0.1664,0.156,0.3224,0.1664,0.069,0.2103,-0.2124,0.0023793103448275874,0.11975,-0.09765,4,0.9852099999999999,0.1548737224210477,0.3798,1.3191,0.9392999999999999,1.3191,0.08969999999999989,0.6391999999999999,-0.6758000000000001,0.003093103448275858,0.23485,-0.6758000000000001,0,0.24266,1.220114992771668,-2.135,3.9462,6.0812,3.9462,6.0812,4.13,-2.3712999999999997,0.2096965517241379,4.13,-1.4437499999999999,1,0.45353000000000004,2.6546367009247334,-6.5188,4.6375,11.1563,6.5188,-0.875,6.518800000000001,-7.1401,-0.030172413793103488,3.0581,-6.9563,8,0.19863666666666668,0.4873250380876468,-0.4025,1.155,1.5575,1.155,-0.017500000000000016,1.4876,-1.4175,-0.0006034482758620638,0.5862,-0.7438,0
361,constant_speed,0.9804370887760192,1.2579208003686082,0.7057328318847013,0.5521879684839069,2.2560949740951552,4.809650884419783,0.4360977528031989,4.3735531316165845,0.03141666666666666,0.05234796760757458,-0.0603,0.2115,0.2718,0.2115,0.052000000000000005,0.17679999999999998,-0.172,0.0017931034482758618,0.1027,-0.06415,2,-0.00036333333333333215,0.0618872472147218,-0.1517,0.1171,0.2688,0.1517,0.1413,0.1441,-0.1586,0.004872413793103452,0.1247,-0.1273,5,0.9768199999999999,0.11252884810204188,0.6993,1.24,0.5407,1.24,-0.08899999999999997,0.351,-0.2894,-0.003068965517241378,0.15835,-0.18275000000000002,0,0.23479,1.5390747852928195,-1.89,3.3075,5.1975,3.3075,-0.9188,4.2787,-4.2525,-0.03168275862068965,4.2787,-1.6844000000000001,0,-0.3902533333333333,2.017682628529885,-3.99,4.4187,8.4087,4.4187,-2.8175,7.1137,-4.9787,-0.09715517241379314,3.0625,-4.195600000000001,4,0.08224333333333335,0.4244945088660998,-0.7175,0.7437,1.4612,0.7437,0.24499999999999997,1.3212000000000002,-1.2687,0.008448275862068965,0.7306,-0.6125,0
362,constant_speed,1.0226059631775766,1.559940861058521,0.6621102098593556,0.8978306511991654,2.6491879061560715,14.357030290070437,0.6512727923074938,13.705757497762944,0.03172333333333334,0.09387918017997583,-0.1992,0.3291,0.5283,0.3291,-0.0752,0.2412,-0.5283,-0.00259310344827586,0.1538,-0.1994,4,0.00893,0.08475395281189768,-0.109,0.2804,0.38939999999999997,0.2804,0.08460000000000001,0.22709999999999997,-0.3828,0.002917241379310345,0.19469999999999998,-0.19315,8,1.0153966666666667,0.1708030131433593,0.6544,1.5462,0.8918,1.5462,-0.06130000000000002,0.5061000000000001,-0.5335,-0.0021137931034482765,0.2673,-0.35475,0,0.29224666666666665,1.4727918463159388,-2.9225,3.255,6.1775,3.255,0.09629999999999994,4.217499999999999,-3.8325,0.0033206896551724,2.42375,-3.08875,1,0.8076300000000001,3.3702063662538433,-3.9462,14.0525,17.9987,14.0525,-0.91,10.3863,-12.46,-0.03137931034482764,6.2475000000000005,-6.6675,3,0.13970666666666665,0.9640836749825277,-3.1237,3.4738,6.5975,3.4738,-0.77,3.9376,-3.1762,-0.02655172413793105,3.29875,-1.39565,1
363,constant_speed,1.0168052745104978,1.2882268006837927,0.8009360024371486,0.4872907982466441,1.7030773213874624,5.34967872867147,0.29595185419253583,5.053726874478934,0.016253333333333335,0.052430655242857706,-0.0666,0.1278,0.19440000000000002,0.1278,-0.0996,0.1245,-0.1461,-0.0034344827586206893,0.09145,-0.1086,4,-0.001953333333333333,0.06477186348138035,-0.1059,0.1257,0.2316,0.1257,0.08199999999999999,0.16870000000000002,-0.17350000000000002,0.002827586206896552,0.1128,-0.0883,13,1.01344,0.12231865000044366,0.7978,1.2844,0.48660000000000003,1.2844,0.04410000000000003,0.4801000000000001,-0.33940000000000003,0.0015206896551724148,0.15590000000000004,-0.21060000000000006,0,0.04345999999999998,1.3198296333631279,-3.395,2.9225,6.3175,3.395,-0.7613,2.8787000000000003,-3.3337,-0.02625172413793102,2.2794,-2.6031500000000003,2,-0.15866666666666665,1.5417700189277153,-4.7075,3.1237,7.831199999999999,4.7075,1.5312,4.6113,-6.754999999999999,0.052800000000000034,3.2375,-3.0756499999999996,3,0.20446333333333336,0.4576803187012053,-0.8487,1.085,1.9337,1.085,-0.17500000000000004,1.1461999999999999,-1.1812,-0.006034482758620691,0.7305999999999999,-0.6169,0
364,constant_speed,1.0063218265362552,1.2882268006837927,0.6704882773024446,0.617738523381348,1.7930165212038576,5.34967872867147,0.2494813419877326,5.100197386683737,0.02263,0.049449766569652304,-0.0689,0.0957,0.1646,0.0957,0.0881,0.1145,-0.14529999999999998,0.003037931034482759,0.07335,-0.06584999999999999,6,0.0026633333333333344,0.06420764528187962,-0.1205,0.1227,0.2432,0.1227,0.1278,0.2432,-0.1495,0.004406896551724137,0.1537,-0.10930000000000001,11,1.0028966666666665,0.13667731563502192,0.6664,1.2844,0.618,1.2844,0.1401000000000001,0.4801000000000001,-0.33940000000000003,0.004831034482758624,0.18605,-0.21060000000000006,0,0.24966333333333335,1.172780376148135,-2.5375,2.9225,5.46,2.9225,0.5251,2.5287,-3.1413,0.018106896551724157,1.21625,-2.6031500000000003,1,0.051626666666666675,1.70901625361681,-4.7075,3.1237,7.831199999999999,4.7075,2.7388,4.6113,-6.754999999999999,0.09444137931034484,2.4675,-3.0756499999999996,4,0.05511333333333332,0.41791029620979775,-0.8487,0.7525,1.6012,0.8487,-0.2975,1.1461999999999999,-1.225,-0.010258620689655183,0.6912,-1.1637,0
365,constant_speed,1.0295305204358298,1.311124406759328,0.8257020649120359,0.48542234184729205,2.405618040314969,6.079908413783879,0.3471042782795971,5.732804135504281,0.01902,0.03522294902376907,-0.0773,0.0647,0.142,0.0773,0.03969999999999999,0.1185,-0.0732,0.0013689655172413793,0.1185,-0.0581,1,0.01037666666666667,0.06200911325310806,-0.0958,0.1075,0.20329999999999998,0.1075,-0.1268,0.1873,-0.1759,-0.004372413793103449,0.0893,-0.07794999999999999,8,1.02687,0.12115087530103484,0.8215,1.3074,0.4858999999999999,1.3074,0.025599999999999956,0.4346,-0.4806999999999999,0.0008827586206896536,0.20220000000000005,-0.23475000000000001,0,0.28058666666666665,1.0970985121370522,-2.2313,2.1875,4.4188,2.2313,-0.8399000000000001,3.2637,-2.66,-0.028962068965517215,1.5663,-1.5444,1,0.80996,2.4167642049820994,-4.4713,6.0462,10.5175,6.0462,-5.529999999999999,7.9275,-5.1975,-0.19068965517241382,4.4625,-4.6025,5,0.1047,0.27589936196199233,-0.3325,0.63,0.9625,0.63,0.35,0.6476,-0.7087,0.012068965517241369,0.35435,-0.4244,0
366,constant_speed,1.0292573267049019,1.2592246900374848,0.7850871161852041,0.4741375738522807,2.4885134359688457,7.0085196596713635,0.3471042782795971,6.661415381391766,0.028880000000000003,0.03433626212259751,-0.0376,0.0978,0.1354,0.0978,-0.029299999999999993,0.0961,-0.1113,-0.0010103448275862073,0.05425000000000001,-0.06099999999999999,0,0.010976666666666664,0.05744550451084704,-0.0958,0.1415,0.23729999999999998,0.1415,0.0753,0.2102,-0.1201,0.0025965517241379314,0.1105,-0.10419999999999999,8,1.0267033333333333,0.11773235714764327,0.7849,1.2567,0.4717999999999999,1.2567,-0.24980000000000002,0.2642,-0.4717999999999999,-0.008613793103448276,0.18605,-0.2237,0,0.0848766666666667,1.2763183787439325,-2.2925,2.4675,4.76,2.4675,-1.4263,3.1938,-4.0687999999999995,-0.04918275862068968,2.38,-2.1174999999999997,1,0.9289666666666666,2.5481892561302173,-5.1188,6.6413,11.760100000000001,6.6413,-6.6587,6.6238,-5.7138,-0.22961034482758622,5.5344,-4.077500000000001,5,0.13271666666666668,0.23501267916394658,-0.3325,0.5163,0.8488,0.5163,0.20129999999999998,0.63,-0.5425,0.006941379310344827,0.5163,-0.4025,0
367,constant_speed,0.9963636191744577,1.2592246900374848,0.5481116218435803,0.7111130681939045,2.2896196396752466,7.0085196596713635,0.23949256773436622,6.769027091936997,0.01534666666666667,0.054652991421004285,-0.1557,0.091,0.2467,0.1557,0.0472,0.1913,-0.1716,0.0016275862068965525,0.1913,-0.12335,4,0.001780000000000001,0.04801306862324766,-0.1093,0.0852,0.1945,0.1093,0.0298,0.1406,-0.1567,0.0010275862068965505,0.1406,-0.09725,5,0.9931233333333334,0.16631099593176663,0.5231,1.2567,0.7335999999999999,1.2567,0.22859999999999991,0.5699,-0.5465000000000001,0.007882758620689653,0.5699,-0.32615,0,0.05919999999999999,1.3680499905163275,-2.6775,2.4675,5.145,2.6775,-2.2575,3.1938,-4.3487,-0.07784482758620691,2.345,-4.0687999999999995,2,0.73413,2.224625460634542,-3.2025,6.6413,9.8438,6.6413,-0.0875,7.6037,-4.7075,-0.0030172413793103877,4.7469,-3.28565,5,0.10236666666666668,0.22868839412876946,-0.3325,0.5688,0.9013,0.5688,-0.14,0.7613000000000001,-0.5425,-0.004827586206896547,0.4069,-0.3456,0
368,constant_speed,0.9997175333325738,1.233384007517529,0.6370730962770285,0.5963109112405006,2.5331558316318303,5.194314133742779,0.23949256773436622,4.9548215660084125,0.0021100000000000003,0.052053939862150816,-0.1296,0.1066,0.2362,0.1296,0.0858,0.1913,-0.1489,0.002958620689655172,0.1264,-0.06125,6,-0.006596666666666667,0.048817898663144614,-0.0974,0.082,0.1794,0.0974,0.1155,0.1406,-0.1567,0.003982758620689656,0.0737,-0.06634999999999999,6,0.9969866666666668,0.1316930122339996,0.6161,1.2315,0.6154000000000001,1.2315,-0.0250999999999999,0.5699,-0.4839000000000001,-0.000865517241379307,0.16675,-0.1663,0,0.21495666666666666,1.448345587613992,-2.5113,2.31,4.8213,2.5113,-0.595,4.8213,-4.3137,-0.020517241379310335,2.1525,-2.4063,4,0.8207599999999999,2.2925017060272674,-3.1762,5.1363,8.3125,5.1363,1.0238,7.8925,-7.647600000000001,0.03530344827586198,3.4956500000000004,-2.7256,7,0.17848333333333333,0.25961001266931316,-0.3938,0.7437,1.1375,0.7437,0.04369999999999996,1.1375,-0.8312,0.0015068965517241366,0.35875,-0.40249999999999997,0
369,constant_speed,0.9822717037864005,1.2979563359373842,0.7471480843848829,0.5508082515525013,2.529843188215993,6.995722724636819,0.6125039346812394,6.3832187899555795,0.011,0.04783722399972641,-0.0834,0.1297,0.2131,0.1297,-0.0358,0.15360000000000001,-0.1421,-0.0012344827586206891,0.053450000000000004,-0.06835,6,-0.013386666666666667,0.0742258238050628,-0.2045,0.1308,0.3353,0.2045,0.0017000000000000001,0.2698,-0.31329999999999997,5.862068965517242e-05,0.11309999999999999,-0.10464999999999999,6,0.97832,0.14717590788600204,0.7425,1.2963,0.5538,1.2963,-0.2239,0.4354,-0.4333999999999999,-0.007720689655172413,0.2229,-0.2542499999999999,0,-0.1650866666666667,1.2492784821740062,-2.7475,2.7475,5.495,2.7475,-1.75,5.495,-4.0075,-0.0603448275862069,2.4238,-2.1262499999999998,2,0.27242333333333335,2.680995863182616,-3.815,6.9738,10.7888,6.9738,-2.3712999999999997,7.1399,-9.6775,-0.0817689655172414,4.69875,-5.07065,7,0.2073766666666667,0.28112653757060496,-0.3237,0.7613,1.085,0.7613,0.2275,0.9450999999999999,-0.7263,0.007844827586206901,0.3806,-0.41564999999999996,0
370,constant_speed,1.01551587917163,1.3081181024662873,0.7186447870819075,0.5894733153843799,2.8287103321230367,6.995722724636819,0.7638146502915482,6.23190807434527,0.021063333333333333,0.056274686434784636,-0.0952,0.1479,0.2431,0.1479,0.08860000000000001,0.1826,-0.1266,0.003055172413793105,0.1272,-0.0747,4,-0.027383333333333336,0.05537133008518306,-0.1439,0.1308,0.2747,0.1439,-0.0868,0.13,-0.1916,-0.002993103448275861,0.0805,-0.10464999999999999,2,1.0118866666666666,0.15420339397251823,0.7045,1.3059,0.6014,1.3059,0.09419999999999984,0.44100000000000006,-0.509,0.00324827586206896,0.25099999999999995,-0.2542499999999999,0,-0.14409333333333332,1.095844078996307,-2.6425,1.3913,4.0338,2.6425,1.575,3.1325000000000003,-3.0188,0.05431034482758619,1.6144,-1.93375,0,-0.14174333333333333,3.0871119782068983,-6.7375,6.9738,13.7113,6.9738,-2.7038,7.1399,-9.6775,-0.09323448275862073,4.69875,-6.2301,5,0.35758333333333336,0.400856214726749,-0.5863,1.3038,1.8901000000000001,1.3038,0.6125,1.1463,-0.7001000000000001,0.021120689655172414,1.0238,-0.51625,0
371,constant_speed,0.9924858757865797,1.263693495274863,0.5391986739597938,0.7244948213150693,2.6142631000871974,6.781495995722478,0.721604420718166,6.059891575004312,0.018566666666666672,0.05082980617120528,-0.0952,0.1479,0.2431,0.1479,-0.0532,0.1826,-0.1479,-0.0018344827586206877,0.083,-0.07105,3,-0.019433333333333337,0.047424214194375675,-0.1212,0.084,0.2052,0.1212,0.0383,0.1372,-0.14730000000000001,0.0013206896551724123,0.0669,-0.0745,2,0.9896466666666668,0.15988640090827705,0.5324,1.2571,0.7247000000000001,1.2571,-0.2744,0.44630000000000003,-0.37850000000000006,-0.009462068965517241,0.26195,-0.22485,0,0.26366666666666666,1.2631879376193895,-2.6425,3.6225,6.265000000000001,3.6225,3.9988,2.975,-2.4062,0.13788965517241375,2.12625,-1.7894,1,-0.3187966666666667,2.638880715768993,-6.7375,4.165,10.9025,6.7375,-3.9725,7.1488,-6.2301,-0.13698275862068965,3.3994,-4.13875,9,0.1995,0.4009891450934285,-0.5863,1.3038,1.8901000000000001,1.3038,-1.5575,1.0238,-0.735,-0.05370689655172414,0.5687500000000001,-0.7087,0
372,constant_speed,0.9691750149337682,1.2055381205088456,0.7562130586018733,0.4493250619069723,2.10276895528606,5.522712761858976,0.2648230541323772,5.257889707726599,0.01684,0.03480899210023874,-0.0522,0.093,0.1452,0.093,0.009000000000000001,0.1068,-0.1062,0.0003103448275862062,0.1068,-0.0629,2,-0.022330000000000003,0.06249827114850238,-0.1212,0.1335,0.25470000000000004,0.1335,0.1244,0.2368,-0.1575,0.004289655172413791,0.0853,-0.09970000000000001,6,0.9662233333333333,0.12859316140806065,0.7557,1.2054,0.4497,1.2054,0.027100000000000013,0.3656999999999999,-0.26449999999999996,0.0009344827586206901,0.35830000000000006,-0.22485,0,0.22633666666666666,1.2725782096373008,-2.8263,3.6225,6.4488,3.6225,0.42000000000000004,2.9925,-4.1826,0.014482758620689656,2.12625,-1.7894,2,-0.32230000000000003,2.030792974219167,-4.0075,4.165,8.1725,4.165,2.45,6.09,-5.0576,0.08448275862068967,3.3600000000000003,-3.4343500000000002,10,0.10327000000000001,0.3185365384227449,-0.63,0.7788,1.4088,0.7788,0.07880000000000001,1.2163,-0.7087,0.002717241379310344,0.32375,-0.5163,0
373,constant_speed,0.983960031309611,1.2604623159777526,0.766062902117052,0.49439941386070063,2.307597548219896,3.861624893746155,0.6531510162282533,3.2084738775179016,0.010190000000000003,0.0361557678901187,-0.0856,0.0678,0.15339999999999998,0.0856,-0.025100000000000004,0.1481,-0.1143,-0.0008655172413793102,0.049249999999999995,-0.043,4,-0.004826666666666664,0.05256898215732801,-0.103,0.114,0.217,0.114,-0.0327,0.126,-0.2136,-0.0011275862068965538,0.078,-0.0824,6,0.9818133333333334,0.11637785289168277,0.765,1.259,0.4939999999999999,1.259,0.05920000000000014,0.31109999999999993,-0.4022999999999999,0.0020413793103448326,0.18079999999999996,-0.18479999999999996,0,0.17470333333333335,1.3394880546720809,-2.205,2.8963,5.1013,2.8963,1.1812,4.077500000000001,-4.2175,0.04073103448275864,2.5812,-2.21375,1,0.07379666666666665,2.094661528494287,-3.7275,3.7275,7.455,3.7275,5.3375,4.375,-5.1188,0.18405172413793106,3.7275,-2.7475500000000004,8,0.27679333333333334,0.281406006765453,-0.1663,1.0762,1.2425000000000002,1.0762,-0.665,0.6476000000000001,-1.0149000000000001,-0.02293103448275863,0.49875,-0.4287,0
374,constant_speed,1.0061199205534361,1.2604623159777526,0.7465614375254056,0.513900878452347,2.2315017049278905,5.343715152400996,0.6531510162282533,4.690564136172743,0.015799999999999998,0.05661896234082468,-0.1132,0.1545,0.2677,0.1545,-0.032100000000000004,0.2113,-0.1677,-0.0011068965517241364,0.06805,-0.13385,5,-0.002523333333333332,0.06542635071449494,-0.1818,0.114,0.2958,0.1818,-0.206,0.126,-0.2136,-0.007103448275862069,0.078,-0.0832,7,1.0023166666666665,0.11619741846302466,0.7369,1.259,0.5220999999999999,1.259,-0.14359999999999995,0.3265,-0.4022999999999999,-0.004951724137931033,0.23050000000000004,-0.18479999999999996,0,0.43837333333333334,1.1581272370492814,-2.205,2.7738,4.9788,2.7738,-1.5749,3.3425,-4.2175,-0.05430689655172415,2.2444,-1.56185,2,0.20095333333333326,2.1976402593398365,-5.0487,3.8325,8.8812,5.0487,0.5425,6.8162,-5.337400000000001,0.018706896551724077,4.4406,-3.5175,7,0.15983,0.29493447098027353,-0.2887,1.0762,1.3649,1.0762,-0.34120000000000006,0.5075999999999999,-1.0149000000000001,-0.01176551724137931,0.4637,-0.4287,0
375,constant_speed,0.978559275912277,1.2208712667599315,0.7160259632164184,0.5048453035435131,2.218109233062807,5.869700988125375,0.47903901720006065,5.390661970925315,0.004706666666666665,0.05813781446927952,-0.1132,0.1545,0.2677,0.1545,0.018299999999999997,0.2113,-0.1677,0.0006310344827586215,0.09395,-0.13385,6,-0.028869999999999996,0.06339401228115672,-0.1818,0.0947,0.27649999999999997,0.1818,-0.0537,0.18989999999999999,-0.1643,-0.0018517241379310363,0.0799,-0.083,5,0.9744766666666667,0.14205237179763433,0.7108,1.2173,0.5065000000000001,1.2173,0.23670000000000002,0.4194,-0.3637999999999999,0.008162068965517242,0.2803,-0.16985,0,0.10295999999999998,1.288452657286625,-2.7825,2.8087,5.591200000000001,2.8087,0.6386999999999999,3.4650000000000003,-4.9262,0.022024137931034516,1.9863,-2.065,2,-0.07611999999999995,2.14389266158868,-5.74,3.675,9.415,5.74,4.1825,7.1313,-7.0175,0.14422413793103442,3.1763,-4.165,8,0.27737000000000006,0.27881378058012,-0.2713,0.6125,0.8838,0.6125,-0.16620000000000001,0.7874,-0.8225,-0.005731034482758622,0.35875,-0.4462,0
376,constant_speed,0.9901065341671812,1.4091064757497924,0.6628656424947668,0.7462408332550257,2.468818406480247,6.580037533327602,0.4650547709678936,6.114982762359709,0.0003533333333333326,0.037614750713840545,-0.0796,0.092,0.1716,0.092,-0.030699999999999998,0.10650000000000001,-0.1349,-0.0010586206896551723,0.04554999999999999,-0.0434,2,-0.02996333333333333,0.04673954600677611,-0.1273,0.0734,0.2007,0.1273,0.007800000000000001,0.1595,-0.1507,0.0002689655172413783,0.06645,-0.07719999999999999,3,0.9879366666666669,0.16217208289734816,0.6614,1.4071,0.7457,1.4071,-0.06409999999999993,0.45210000000000006,-0.5650000000000001,-0.002210344827586205,0.22060000000000002,-0.24665000000000004,0,0.15166333333333337,1.2716501282228518,-2.9488,2.3187,5.2675,2.9488,-1.8987999999999998,3.8675,-2.9575,-0.06547586206896554,1.0325000000000002,-1.5137999999999998,1,0.09391666666666666,2.5948994745107354,-4.8212,6.2825,11.1037,6.2825,-2.1612,9.1525,-10.1149,-0.07452413793103449,4.8913,-10.1149,10,0.32025333333333333,0.3082612458259405,-0.2975,1.1113,1.4087999999999998,1.1113,-0.45509999999999995,1.2687,-0.7788,-0.015693103448275854,0.37184999999999996,-0.45499999999999996,0
377,constant_speed,1.0076099554585258,1.1699546102306704,0.7348937678331474,0.43506084239752296,2.297143244425936,4.16473602164651,0.5740426813399854,3.5906933403065247,0.02061333333333333,0.042037993762074684,-0.0566,0.1028,0.1594,0.1028,-0.012700000000000001,0.1594,-0.1245,-0.00043793103448275993,0.05945,-0.051750000000000004,2,-0.004013333333333332,0.03493633355546702,-0.0666,0.0871,0.1537,0.0871,-0.10139999999999999,0.08199999999999999,-0.0761,-0.0034965517241379307,0.05125,-0.06849999999999999,1,1.0060166666666668,0.11600357331991329,0.733,1.1663,0.4332999999999999,1.1663,0.03930000000000011,0.40069999999999995,-0.4323,0.0013551724137931074,0.1548,-0.21639999999999998,0,0.24908333333333338,1.1281194559770797,-1.9775,2.8612,4.8387,2.8612,-4.4537,2.9225,-4.8387,-0.15357586206896556,2.18315,-4.8387,0,0.21670333333333325,2.1783916643000527,-3.0712,4.095,7.1662,4.095,-2.1525,5.9763,-5.145,-0.07422413793103445,2.5769,-4.077500000000001,8,0.13329333333333335,0.30565685846458085,-0.7525,0.7525,1.505,0.7525,0.0701,0.8225,-1.3125,0.0024172413793103436,0.46814999999999996,-0.6824,0
378,constant_speed,0.9979528703055064,1.193435871758512,0.7659374256425913,0.4274984461159208,1.806503474677604,5.144326912240318,0.5740426813399854,4.570284230900333,0.018376666666666666,0.038480202552816,-0.0566,0.1028,0.1594,0.1028,0.07569999999999999,0.1594,-0.1245,0.002610344827586207,0.0814,-0.051750000000000004,2,-0.009393333333333332,0.046240487807155305,-0.1035,0.0688,0.1723,0.1035,-0.041999999999999996,0.1317,-0.1457,-0.0014482758620689667,0.08615,-0.1288,2,0.9959533333333331,0.10762913569556672,0.7642,1.1921,0.42789999999999995,1.1921,-0.06050000000000011,0.40060000000000007,-0.29669999999999996,-0.002086206896551728,0.18055,-0.23740000000000006,0,-0.1478833333333333,0.9998217955296294,-1.68,1.8112,3.4912,1.8112,-0.4638,3.0187,-3.3337,-0.015993103448275845,1.4219,-2.5901,0,-0.4771666666666666,1.7018058202641857,-5.1275,2.0738,7.2013,5.1275,0.63,5.9937000000000005,-6.133800000000001,0.021724137931034403,3.0406500000000003,-2.5987,2,0.22458,0.2889229994067743,-0.455,0.8662,1.3212,0.8662,-0.1662,0.7175,-0.6125,-0.005731034482758613,0.35435,-0.49,0
379,constant_speed,0.986886079305352,1.193435871758512,0.7996252309676077,0.39381064079090433,2.1195908426040626,4.5261420183197965,0.7028177715453701,3.823324246774426,0.017230000000000006,0.03246613248634167,-0.0622,0.0905,0.1527,0.0905,-0.0213,0.1076,-0.0975,-0.0007344827586206889,0.0349,-0.0731,1,-0.02461666666666666,0.04567014480420203,-0.1042,0.0688,0.173,0.1042,-0.055600000000000004,0.1317,-0.1457,-0.0019172413793103462,0.08615,-0.0988,2,0.9848300000000001,0.10349015995202901,0.7975,1.1921,0.39459999999999995,1.1921,0.006000000000000005,0.32619999999999993,-0.3033,0.00020689655172413812,0.2638999999999999,-0.1894999999999999,0,0.1242466666666667,1.2722900901953123,-1.68,3.3425,5.0225,3.3425,0.9187,3.0187,-3.3337,0.031679310344827516,2.1043499999999997,-1.95125,0,-0.2896166666666666,1.9245210436998808,-4.0862,3.535,7.6212,4.0862,-1.435,6.7025,-5.661300000000001,-0.049482758620689654,3.8325,-3.92,4,0.23829333333333333,0.36774697723348837,-0.455,0.9887,1.4437,0.9887,1.2774999999999999,0.7175,-0.7088,0.044051724137931035,0.7175,-0.42000000000000004,0
380,constant_speed,0.9961742410857481,1.2118921074089064,0.7996252309676077,0.41226687644129867,2.115397804480914,4.859391596691914,0.6532263696453168,4.206165227046597,0.02296,0.03659069600981592,-0.0622,0.1068,0.169,0.1068,0.0284,0.09000000000000001,-0.0761,0.0009793103448275868,0.0889,-0.0471,2,-0.019983333333333332,0.053541528086944415,-0.1149,0.132,0.2469,0.132,-0.012199999999999999,0.2057,-0.17320000000000002,-0.0004206896551724153,0.09965,-0.17320000000000002,1,0.9936266666666669,0.09422211444546717,0.7975,1.209,0.4115000000000001,1.209,-0.013800000000000145,0.2638999999999999,-0.23729999999999996,-0.0004758620689655223,0.16650000000000004,-0.1629,0,0.03381999999999997,1.0600436495241843,-1.505,2.1,3.605,2.1,-0.6125,3.5088,-3.605,-0.021120689655172414,1.5968499999999999,-1.7675,0,-0.5999533333333332,2.013806003007024,-4.725,3.535,8.26,4.725,0.45500000000000007,6.7025,-5.661300000000001,0.01568965517241384,3.07125,-3.5175,2,0.2169966666666667,0.41109384907479024,-0.42,0.9887,1.4087,0.9887,-0.3938,0.5863,-0.7262,-0.013579310344827577,0.48125000000000007,-0.49,0
381,constant_speed,0.9791726288019674,1.1904093791633195,0.6808133077430258,0.5095960714202936,2.4507854801182964,7.42279183932838,0.3018317080758746,7.120960131252506,0.01854333333333334,0.044054939707638664,-0.0525,0.1272,0.1797,0.1272,-0.0397,0.1492,-0.095,-0.0013689655172413793,0.08985,-0.06659999999999999,2,-0.005866666666666667,0.06691114712210068,-0.1632,0.1164,0.2796,0.1632,-0.1123,0.2574,-0.1731,-0.0038724137931034487,0.1154,-0.1147,11,0.9757166666666667,0.12583338212680792,0.6654,1.1841,0.5186999999999999,1.1841,0.13439999999999996,0.3964,-0.35519999999999996,0.0046344827586206885,0.17480000000000007,-0.2563,0,0.09974999999999995,1.7056242313148218,-4.6988,4.5588,9.2576,4.6988,0.7000000000000001,4.0863,-6.8688,0.02413793103448274,1.74565,-2.4413,1,0.4666633333333333,2.399533922342267,-5.3463,7.42,12.766300000000001,7.42,-0.98,5.1975,-9.0913,-0.03379310344827586,4.3094,-6.3831500000000005,5,0.17529666666666666,0.4121259938612122,-0.525,1.015,1.54,1.015,0.6212,1.54,-1.0412,0.02142068965517242,0.6475,-0.5338,0
382,constant_speed,0.9530616985802497,1.101788269133412,0.8124557526413362,0.2893325164920758,1.796867286570563,4.776225242804196,0.4258452653253292,4.350379977478866,0.0007299999999999996,0.0275430966380651,-0.0579,0.059,0.1169,0.059,-0.0355,0.0523,-0.093,-0.0012241379310344825,0.039400000000000004,-0.05085,1,-0.02319666666666666,0.04474783356985456,-0.0998,0.0625,0.1623,0.0998,0.021900000000000003,0.1605,-0.1525,0.0007551724137931035,0.1173,-0.08115,6,0.95139,0.08628815537847989,0.8123,1.1009,0.28859999999999997,1.1009,-0.02849999999999997,0.20740000000000003,-0.26859999999999995,-0.0009827586206896542,0.20740000000000003,-0.21389999999999998,0,0.000300000000000004,1.1209456601920755,-3.2113,1.75,4.9613,3.2113,2.1262,3.0012,-2.485,0.07331724137931037,1.36505,-1.20315,0,-0.17237333333333338,1.7018378274643287,-4.7512,3.2725,8.0237,4.7512,0.7350000000000001,6.3875,-4.1825,0.02534482758620703,5.1975,-3.66185,3,0.3502866666666667,0.3397169468160559,-0.3063,0.9362,1.2425000000000002,0.9362,-0.8925,1.0937000000000001,-0.8488,-0.030775862068965508,0.3587,-0.8488,0
383,constant_speed,0.9800400432830535,1.167042929801642,0.8124557526413362,0.35458717716030586,1.5878523009606844,5.023355633438668,0.3312271727983681,4.6921284606403,0.0023833333333333337,0.024162325809113393,-0.0558,0.039,0.0948,0.0558,-0.049,0.0922,-0.07,-0.0016896551724137935,0.0419,-0.03755,0,-0.014243333333333335,0.03705466310022618,-0.0881,0.053,0.1411,0.0881,0.060399999999999995,0.1238,-0.0991,0.002082758620689655,0.1048,-0.07055,2,0.97896,0.08092519150851395,0.8123,1.1666,0.35430000000000006,1.1666,-0.049900000000000055,0.20740000000000003,-0.24029999999999996,-0.0017206896551724157,0.11300000000000004,-0.13430000000000003,0,0.2330433333333333,0.7750583651808305,-1.2862,1.75,3.0362,1.75,-1.0238,2.4674,-1.8199999999999998,-0.03530344827586206,1.12875,-1.2294,0,-0.13825000000000004,1.6684856317259258,-4.9437,2.94,7.883699999999999,4.9437,1.6188,6.3,-6.0812,0.05582068965517245,3.5961999999999996,-2.7474499999999997,3,0.36983333333333335,0.28066286725798134,-0.175,0.9362,1.1112,0.9362,0.77,1.0937000000000001,-0.6125,0.026551724137931044,1.0937000000000001,-0.46375,0
384,constant_speed,1.022571758488948,1.1994214813817534,0.8097396927408215,0.38968178864093195,1.8922976627286474,4.183965904497788,0.38327226615031773,3.8006936383474708,0.015286666666666665,0.03306529312126844,-0.0558,0.0817,0.1375,0.0817,-0.0046,0.0922,-0.0954,-0.00015862068965517216,0.05885,-0.0451,1,-0.009866666666666668,0.037358997746776854,-0.0837,0.0708,0.1545,0.0837,-0.0348,0.1048,-0.1259,-0.0012000000000000003,0.06135,-0.1022,1,1.0212533333333333,0.09823556043171604,0.8086,1.196,0.38739999999999997,1.196,0.15069999999999995,0.1977000000000001,-0.33220000000000005,0.005196551724137929,0.1477,-0.17445,0,0.060666666666666674,1.0376225263198735,-2.135,2.4413,4.5763,2.4413,2.3186999999999998,3.2287999999999997,-3.5963000000000003,0.0799551724137931,2.4674,-1.64065,1,-0.14349333333333336,1.8491117724060313,-3.3512,3.4388,6.79,3.4388,2.38,5.9326,-6.0812,0.08206896551724142,3.1456,-2.58125,4,0.31092333333333333,0.22774087011237187,-0.1312,0.7525,0.8836999999999999,0.7525,0.1662,0.7,-0.5163,0.005731034482758615,0.3762,-0.3675,0
385,constant_speed,0.9822085673687657,1.1526547835323462,0.6986914698205496,0.45396331371179655,2.0832777321546407,5.04117581819956,0.470020350623247,4.571155467576313,0.0058033333333333366,0.046133004741039596,-0.0808,0.0842,0.16499999999999998,0.0842,-0.15710000000000002,0.11979999999999999,-0.1111,-0.005417241379310348,0.06085,-0.10310000000000001,3,-0.00015333333333333518,0.06550460227755169,-0.1122,0.1326,0.2448,0.1326,-0.011700000000000009,0.2239,-0.2219,-0.0004034482758620676,0.0933,-0.1441,8,0.9789833333333332,0.13050697189285973,0.6913,1.1512,0.4599,1.1512,-0.3897999999999999,0.39129999999999987,-0.4041,-0.013441379310344824,0.18825000000000003,-0.3517999999999999,0,0.2298266666666666,1.2979363777333919,-3.4213,3.57,6.9913,3.57,-2.6425,2.8,-3.7275,-0.09112068965517245,1.645,-3.49565,1,-0.26892,2.0612213668197996,-3.9637,4.27,8.233699999999999,4.27,-3.7275,4.331300000000001,-4.4975,-0.12853448275862073,3.7975,-4.1387,5,0.24355333333333334,0.35205572122971485,-0.4112,0.9538,1.365,0.9538,0.3938,0.9713,-1.2163,0.013579310344827589,0.55565,-0.3763,0
386,constant_speed,0.9702118652231201,1.230550957904629,0.6818031534101321,0.5487478044944969,2.104855073968792,5.04117581819956,0.33082870189873187,4.710347116300828,0.012116666666666666,0.051136525061860616,-0.0935,0.1005,0.194,0.1005,-0.0886,0.1513,-0.194,-0.003055172413793104,0.060950000000000004,-0.08015,5,-0.005716666666666667,0.06507186522359844,-0.1197,0.1057,0.2254,0.1197,-0.04,0.1964,-0.20729999999999998,-0.0013793103448275818,0.1063,-0.10439999999999999,7,0.9665433333333333,0.1339785615463272,0.672,1.2291,0.5571,1.2291,-0.16779999999999995,0.5571,-0.3517999999999999,-0.005786206896551722,0.18345,-0.28570000000000007,0,0.18025333333333335,1.536156261522926,-3.5087,3.57,7.0786999999999995,3.57,1.6888,3.1674999999999995,-3.7275,0.058234482758620615,3.0012499999999998,-3.49565,2,0.03237666666666668,1.8944967865542468,-3.9637,3.0975,7.0611999999999995,3.9637,-1.8636999999999997,5.3987,-4.1387,-0.0642655172413793,3.5305999999999997,-3.395,7,0.18958333333333333,0.34057917615421684,-0.4638,0.875,1.3388,0.875,-0.595,0.9713,-1.2163,-0.020517241379310335,0.55565,-0.3762,0
387,constant_speed,0.976522697736773,1.230550957904629,0.6818031534101321,0.5487478044944969,2.2815920473282527,4.323801120541971,0.6291779398548554,3.694623180687115,0.0073666666666666655,0.05019068008919676,-0.0935,0.1005,0.194,0.1005,0.0552,0.1513,-0.194,0.0019034482758620698,0.0786,-0.071,6,0.00998666666666667,0.05176822173504896,-0.1197,0.0917,0.2114,0.1197,-0.0034000000000000002,0.132,-0.159,-0.0001172413793103458,0.1057,-0.07075000000000001,4,0.9737666666666667,0.12571170996764186,0.672,1.2291,0.5571,1.2291,0.13560000000000005,0.5571,-0.3950999999999999,0.004675862068965519,0.2227,-0.25475000000000003,0,0.42759,1.4993811501232193,-1.89,4.0338,5.9238,4.0338,0.4113,4.095,-4.558800000000001,0.014182758620689647,2.7125,-2.02565,0,-0.34416666666666657,1.9100001757236487,-3.7188,4.025,7.7438,4.025,0.2624,5.390000000000001,-6.5013000000000005,0.00904827586206898,2.6775,-3.73625,6,-0.11784,0.46837137828863973,-1.3125,0.875,2.1875,1.3125,-0.2012,0.8488,-0.6913,-0.006937931034482762,0.8488,-0.5425,0
388,constant_speed,1.0110288392702007,1.243765476285622,0.7768777638727987,0.46688771241282334,2.173297317407435,5.0504310895209725,0.4681606348252702,4.582270454695703,0.013193333333333335,0.04515974659631826,-0.0852,0.0966,0.18180000000000002,0.0966,0.0465,0.11879999999999999,-0.1518,0.0016034482758620675,0.0865,-0.0489,4,0.011856666666666663,0.046464192244345975,-0.059,0.0999,0.15889999999999999,0.0999,-0.0998,0.13240000000000002,-0.13190000000000002,-0.003441379310344829,0.05345,-0.1014,6,1.0088666666666668,0.11801237320673226,0.7713,1.239,0.4677000000000001,1.239,-0.08399999999999996,0.3255,-0.3950999999999999,-0.00289655172413793,0.23385000000000006,-0.3125999999999999,0,0.24586999999999998,1.301975175924694,-1.89,2.205,4.095,2.205,-0.9188000000000001,4.095,-4.0161999999999995,-0.03168275862068964,1.7981,-2.8876,0,0.0446166666666667,2.07541844922122,-4.7075,4.025,8.7325,4.7075,-2.4237,7.717499999999999,-6.5013000000000005,-0.08357586206896553,2.6205999999999996,-3.73625,6,-0.2727033333333333,0.3614845162738608,-1.3125,0.2013,1.5138,1.3125,1.365,0.6824,-0.8487,0.047068965517241386,0.6737,-0.34125,0
389,constant_speed,0.9895408026395166,1.280685074481623,0.690187880218133,0.5904971942634899,2.187523711675571,4.84797953481654,0.313173178928209,4.534806355888331,0.010896666666666666,0.050376742604125356,-0.0849,0.134,0.2189,0.134,-0.061700000000000005,0.1276,-0.1532,-0.002127586206896551,0.09025,-0.08065,2,-0.019433333333333337,0.05710440730218057,-0.1367,0.0744,0.21109999999999998,0.1367,-0.138,0.1474,-0.1843,-0.0047586206896551705,0.08305,-0.1205,5,0.9864200000000002,0.1304925850714158,0.6791,1.2744,0.5952999999999999,1.2744,-0.09850000000000003,0.3611,-0.4111,-0.003396551724137932,0.3611,-0.22935000000000005,0,0.032653333333333374,1.3226685663339155,-2.3975,2.6862,5.0837,2.6862,-1.3913,2.8,-3.8499999999999996,-0.04797586206896548,1.50935,-1.9249999999999998,1,0.18403333333333333,2.0457955385979134,-4.2263,4.8038,9.030100000000001,4.8038,2.8350000000000004,6.4576,-6.6762999999999995,0.09775862068965512,6.3263,-2.8744,5,0.37100333333333335,0.2516855228301756,-0.0613,1.1463,1.2076,1.1463,0.2888,1.0238,-0.5425,0.009958620689655171,0.6386999999999999,-0.38505000000000006,0
390,constant_speed,0.9976809420443586,1.3224884914433093,0.7658338919112944,0.5566545995320149,2.094038859382388,4.84797953481654,0.5956709494343332,4.252308585382207,0.015769999999999996,0.04764849854710118,-0.0646,0.134,0.1986,0.134,0.0786,0.1207,-0.1399,0.002710344827586207,0.1207,-0.08065,6,-0.01306,0.06000341139727262,-0.133,0.1456,0.2786,0.1456,0.0461,0.2022,-0.1865,0.0015896551724137941,0.1142,-0.0829,9,0.9946499999999999,0.14942035071199825,0.7627,1.3181,0.5554,1.3181,0.2780999999999999,0.2851999999999999,-0.47339999999999993,0.00958965517241379,0.2851999999999999,-0.2777,0,-0.20300666666666664,1.1814051078777086,-2.3975,1.6013,3.9988,2.3975,-0.47250000000000003,2.8,-3.6574,-0.016293103448275878,1.5574999999999999,-1.9249999999999998,0,-0.1189966666666667,2.024660734369798,-3.4475,4.8038,8.2513,4.8038,1.7238000000000002,6.903700000000001,-6.6762999999999995,0.05944137931034496,5.3287,-2.6425,4,0.26104333333333335,0.36056669160081056,-0.3587,1.0063,1.365,1.0063,-0.1837,1.2338,-1.365,-0.006334482758620693,0.6212500000000001,-0.67815,0
391,constant_speed,0.9985644955388469,1.3224884914433093,0.6942294145309604,0.6282590769123488,1.9737580040654727,5.233478378669391,0.3014669467785813,4.9320114318908095,0.016493333333333332,0.050408236418769646,-0.0872,0.1169,0.2041,0.1169,0.0303,0.1207,-0.16849999999999998,0.0010448275862068987,0.0771,-0.08625,5,-0.02055333333333333,0.0553100522966438,-0.133,0.0752,0.2082,0.133,0.016200000000000003,0.2022,-0.1739,0.0005586206896551726,0.08395,-0.09315000000000001,5,0.9955266666666667,0.1479059648451732,0.6924,1.3181,0.6257,1.3181,0.030400000000000094,0.28600000000000014,-0.4045000000000001,0.0010482758620689687,0.24680000000000002,-0.2777,0,-0.11783000000000006,0.9197829467156724,-1.785,2.5988,4.3838,2.5988,1.7326000000000001,2.135,-3.2375,0.0597448275862069,1.86375,-1.7412,0,-0.24937333333333325,2.0699020847962055,-3.8063,5.1975,9.0038,5.1975,1.5312999999999999,8.19,-6.5888,0.05280344827586201,3.605,-3.8719,5,0.18871666666666662,0.35052928952669843,-0.3587,1.0063,1.365,1.0063,0.5076,1.2338,-1.365,0.017503448275862064,0.9275,-0.67815,0
392,constant_speed,1.0242429804490298,1.1980991778646708,0.7739975904355259,0.42410158742914494,2.336686365293102,4.8855725099521345,0.6034339814760186,4.282138528476116,0.030093333333333326,0.03852721325140894,-0.0373,0.1169,0.1542,0.1169,0.0658,0.11309999999999999,-0.1217,0.002268965517241381,0.11309999999999999,-0.035500000000000004,0,0.0017800000000000008,0.049542767313740646,-0.1232,0.0969,0.22010000000000002,0.1232,0.1647,0.171,-0.08990000000000001,0.005679310344827587,0.1647,-0.07355,3,1.0219633333333331,0.11290994422878405,0.7713,1.196,0.42469999999999997,1.196,-0.13559999999999994,0.28600000000000014,-0.36140000000000005,-0.004675862068965515,0.20365000000000005,-0.19085000000000002,0,0.03239000000000002,1.4741427358836798,-3.3775,2.5988,5.9763,3.3775,1.1463,3.9463,-5.827500000000001,0.03952758620689654,3.9463,-2.8569,3,0.10121333333333339,2.2451616912409875,-4.7425,4.3837,9.1262,4.7425,1.3824999999999998,8.19,-5.7924999999999995,0.047672413793103455,3.5393999999999997,-3.32935,8,-0.12366333333333333,0.37258771564636256,-0.91,0.6388,1.5488,0.91,-0.3587,0.9275,-0.6912,-0.012368965517241386,0.5031,-0.52505,0
393,constant_speed,0.9985101728677499,1.1815170290774484,0.8110894093748234,0.37042761970262494,2.0491694019216795,4.035352664885685,0.23802573390287027,3.7973269309828144,0.026916666666666665,0.0337374659569358,-0.0232,0.1005,0.1237,0.1005,-0.000700000000000001,0.09,-0.1025,-2.4137931034482372e-05,0.074,-0.0427,0,-0.019486666666666666,0.04132973992537154,-0.081,0.0763,0.1573,0.081,-0.0143,0.1066,-0.1517,-0.0004931034482758604,0.06495000000000001,-0.059550000000000006,2,0.9966333333333336,0.09654907393735541,0.8089,1.1768,0.3679000000000001,1.1768,0.1533000000000001,0.3198000000000001,-0.29669999999999996,0.005286206896551728,0.3074,-0.12280000000000002,0,0.09945999999999998,0.9852851982005533,-2.0912,2.3712,4.462400000000001,2.3712,0.06999999999999995,3.1587,-3.1149,0.0024137931034482855,3.1587,-2.01685,1,0.26921000000000006,2.054538527319792,-3.955,4.025,7.98,4.025,2.9137999999999997,5.4862,-3.6224,0.10047586206896555,5.4862,-3.6224,5,0.3701233333333334,0.2530913037966166,-0.1663,0.9187,1.085,0.9187,0.4113,0.8925,-0.9451,0.014182758620689651,0.4638,-0.38495,0
394,constant_speed,1.0131752798461808,1.1907139916873406,0.8110894093748234,0.37962458231251717,1.931205320663089,4.016714788231796,0.3242921213967431,3.6924226668350526,0.036526666666666666,0.03646472961297158,-0.0232,0.1066,0.1298,0.1066,0.002999999999999999,0.0922,-0.11220000000000001,0.00010344827586206953,0.0659,-0.11220000000000001,0,-0.011419999999999998,0.04499628643680996,-0.1118,0.0701,0.1819,0.1118,0.0664,0.14179999999999998,-0.15839999999999999,0.0022896551724137936,0.1066,-0.07715,1,1.0108799999999998,0.08435264401146024,0.8089,1.1859,0.377,1.1859,0.04520000000000002,0.3198000000000001,-0.22529999999999994,0.001558620689655173,0.19320000000000004,-0.12509999999999988,0,0.37100000000000005,0.7071361693966487,-0.8662,1.6187,2.4849,1.6187,1.2863,1.4613,-1.9949,0.044355172413793116,1.16815,-1.1461999999999999,0,0.39608333333333334,1.949267160805671,-3.955,3.885,7.84,3.955,0.16620000000000013,5.5737000000000005,-4.6812,0.0057310344827587395,3.2375,-3.24625,6,0.23362999999999998,0.33555233226674963,-0.4638,1.0063,1.4701,1.0063,-0.385,0.8049999999999999,-0.8663000000000001,-0.013275862068965529,0.385,-0.62565,0
395,constant_speed,0.9948458290327146,1.1480934108338048,0.7791873843947937,0.36890602643901105,1.6282918301398241,3.9042652958015034,0.5326201179076885,3.371645177893815,0.04585000000000001,0.03941209992742908,-0.0464,0.123,0.1694,0.123,-0.004199999999999995,0.1238,-0.1694,-0.00014482758620689532,0.0474,-0.0677,0,-0.005123333333333332,0.0414178429260105,-0.0722,0.0861,0.1583,0.0861,-0.012,0.1053,-0.1442,-0.0004137931034482772,0.0453,-0.0698,3,0.9922533333333331,0.08258264296775823,0.7771,1.1392,0.3621,1.1392,-0.008000000000000007,0.25060000000000004,-0.3621,-0.00027586206896551747,0.1259,-0.1382,0,0.16799666666666666,0.8917719553413492,-1.2513,1.7763,3.0276,1.7763,0.12250000000000005,2.4676,-2.6163,0.004224137931034427,1.28625,-1.22065,0,0.06650666666666667,1.591265015950676,-3.3425,3.885,7.227499999999999,3.885,-1.4263,5.5737000000000005,-4.6812,-0.04918275862068965,2.8262,-2.42375,3,0.21292,0.3411455280526843,-0.5337,0.7875,1.3212,0.7875,0.043699999999999996,0.77,-0.8663000000000001,0.0015068965517241347,0.47250000000000003,-0.45935000000000004,0
396,constant_speed,1.0129323616096761,1.127763698653224,0.85796691078386,0.269796787869364,1.497774591680543,3.833014692118985,0.43340181125602134,3.3996128808629638,0.04918999999999999,0.02743780867393725,-0.0079,0.0971,0.10500000000000001,0.0971,0.0343,0.0804,-0.09290000000000001,0.0011827586206896547,0.0804,-0.036950000000000004,0,-0.007799999999999999,0.04701481791359269,-0.0756,0.091,0.1666,0.091,-0.039900000000000005,0.1086,-0.1506,-0.001375862068965518,0.0525,-0.07869999999999999,5,1.0103366666666667,0.06589331755838809,0.8549,1.1248,0.26990000000000003,1.1248,-0.07150000000000001,0.11180000000000001,-0.1312000000000001,-0.0024655172413793106,0.11180000000000001,-0.10555000000000003,0,0.2659766666666667,0.9828528615046181,-1.4963,1.9162,3.4124999999999996,1.9162,0.0,2.6512,-3.0012,-3.4455197315953135e-17,2.4676,-1.30815,0,-0.19599,1.2259463886433148,-3.3425,1.7237,5.0662,3.3425,0.7612,3.6925,-4.1563,0.026248275862068963,2.6512000000000002,-4.1563,0,0.40220666666666677,0.256092817135713,-0.0525,0.9362,0.9887,0.9362,0.10499999999999998,0.8400000000000001,-0.56,0.0036206896551724114,0.3412,-0.4463,0
397,constant_speed,0.9849495022041808,1.1841609392308126,0.8781530959918094,0.3060078432390032,1.4445420175401902,2.941942885237577,0.09585144756340405,2.846091437674173,0.051930000000000004,0.038496593221416,-0.0201,0.1617,0.18180000000000002,0.1617,0.11510000000000001,0.10850000000000001,-0.1197,0.00396896551724138,0.10850000000000001,-0.047549999999999995,0,-0.01737,0.04917156558488824,-0.1106,0.0979,0.20850000000000002,0.1106,0.07300000000000001,0.11019999999999999,-0.1049,0.002517241379310345,0.0828,-0.052750000000000005,3,0.9816133333333333,0.09056279487787439,0.876,1.179,0.30300000000000005,1.179,0.1894999999999999,0.29710000000000003,-0.2922,0.006534482758620686,0.1592999999999999,-0.09924999999999995,0,0.22283333333333336,0.892949014389316,-1.1375,2.7037,3.8411999999999997,2.7037,0.98,2.2049000000000003,-3.1325,0.0337931034482759,1.21185,-1.10245,0,-0.18141,1.2669501003564048,-2.8612,2.6775,5.5387,2.8612,2.59,5.5387,-2.8262,0.08931034482758621,2.08685,-1.4262000000000001,3,0.27065666666666666,0.3894193056894819,-0.4988,1.155,1.6538,1.155,-0.9887999999999999,0.7088000000000001,-0.7875000000000001,-0.034096551724137926,0.43315000000000003,-0.34125000000000005,0
398,stationary,0.9942459697834222,0.9988471404574375,0.9849643445323288,0.01388279592510866,0.3245269817093169,0.4330337053856201,0.1579909174604667,0.27504278792515335,0.020246666666666666,0.002960514090181116,0.0136,0.0264,0.0128,0.0264,0.0023999999999999994,0.0058,-0.006600000000000002,8.275862068965515e-05,0.0033500000000000005,-0.004,0,0.018663333333333334,0.0037917772498715792,0.0068,0.0278,0.020999999999999998,0.0278,0.0009999999999999974,0.014699999999999998,-0.009599999999999997,3.4482758620689684e-05,0.0075,-0.006749999999999999,0,0.9938533333333335,0.0031831163794397194,0.9844,0.9984,0.013999999999999901,0.9984,0.006099999999999994,0.012399999999999967,-0.007399999999999962,0.0002103448275862067,0.006800000000000028,-0.005099999999999993,0,0.21233666666666665,0.0929575338095521,0.0088,0.3675,0.3587,0.3675,0.03499999999999999,0.2187,-0.32370000000000004,0.001206896551724139,0.1531,-0.105,0,0.10152000000000001,0.11401922221486498,-0.0962,0.3675,0.4637,0.3675,0.17500000000000002,0.3937,-0.30619999999999997,0.006034482758620693,0.21000000000000002,-0.19685,0,0.18143666666666664,0.03337275869610581,0.1138,0.2275,0.11370000000000001,0.2275,-0.105,0.0963,-0.11370000000000001,-0.0036206896551724136,0.03935,-0.0962,0
399,stationary,0.9961290092879586,1.0426846119512843,0.9710209729969791,0.07166363895430516,0.3724338827193466,0.7657082146614336,0.19857572862764472,0.5671324860337889,0.019549999999999994,0.0037004892500391317,0.01,0.0281,0.018099999999999998,0.0281,-0.0015000000000000013,0.011499999999999998,-0.0151,-5.1724137931034705e-05,0.0058000000000000005,-0.009049999999999999,0,0.01887666666666667,0.0041647687631577715,0.0068,0.0278,0.020999999999999998,0.0278,0.0139,0.014699999999999998,-0.009999999999999998,0.00047931034482758607,0.014699999999999998,-0.005349999999999999,0,0.9957433333333333,0.012800018408751128,0.9707,1.0424,0.07169999999999999,1.0424,-0.0033999999999999586,0.05159999999999998,-0.03520000000000001,-0.0001172413793103434,0.027200000000000002,-0.022749999999999992,0,0.2528833333333333,0.1359945107495997,0.0088,0.6737,0.6648999999999999,0.6737,0.02629999999999999,0.32380000000000003,-0.41119999999999995,0.0009068965517241375,0.24935,-0.1662,0,0.11668333333333332,0.14548418348287268,-0.2275,0.3675,0.595,0.3675,-0.1575,0.5512,-0.30619999999999997,-0.005431034482758619,0.22744999999999999,-0.19685,0,0.1855133333333333,0.037996485620912755,0.1138,0.2713,0.15749999999999997,0.2713,-0.035,0.1225,-0.0962,-0.001206896551724139,0.07874999999999999,-0.08750000000000002,0
400,stationary,0.9934388158776175,1.0017760877561412,0.9710209729969791,0.03075511475916215,0.3230078066186049,0.48536964264362475,0.16188075858482995,0.32348888405879483,0.019903333333333332,0.004315448059474588,0.01,0.0284,0.0184,0.0284,-0.004699999999999999,0.014900000000000002,-0.0151,-0.00016206896551724148,0.0058000000000000005,-0.0151,0,0.018239999999999996,0.0044561155188394055,0.0085,0.0254,0.0169,0.0254,-0.003700000000000002,0.0166,-0.0169,-0.0001275862068965518,0.00745,-0.005200000000000001,0,0.9930533333333335,0.005933466355218139,0.9707,1.0011,0.030400000000000094,1.0011,-0.009499999999999953,0.026499999999999968,-0.01990000000000003,-0.0003275862068965501,0.012799999999999978,-0.015049999999999952,0,0.20067000000000002,0.1283526181509629,-0.0175,0.4375,0.455,0.4375,-0.1925,0.28869999999999996,-0.44630000000000003,-0.006637931034482761,0.16624999999999998,-0.175,0,0.06446666666666666,0.13671400133460926,-0.21,0.315,0.525,0.315,-0.1399,0.48129999999999995,-0.2974,-0.004824137931034481,0.20565,-0.18375,0,0.18346999999999997,0.04983913536361865,0.0613,0.2975,0.2362,0.2975,0.0,0.1225,-0.20129999999999998,4.785444071660157e-19,0.06559999999999999,-0.06999999999999998,0
401,stationary,0.995119888950443,1.0029677861227646,0.9864221256642615,0.016545660458503142,0.3243162552534156,0.5527491564896323,0.14664988919191177,0.4060992672977205,0.021333333333333336,0.003196909427096344,0.0142,0.0284,0.0142,0.0284,-0.0045000000000000005,0.0085,-0.007199999999999998,-0.00015517241379310346,0.0038499999999999993,-0.005899999999999999,0,0.01796666666666667,0.0039320375812331556,0.0127,0.0257,0.013000000000000001,0.0257,-0.0105,0.0113,-0.009399999999999999,-0.0003620689655172414,0.0043,-0.008100000000000001,0,0.9947166666666667,0.004793608052492349,0.9861,1.0026,0.01649999999999996,1.0026,0.0014999999999998348,0.013499999999999845,-0.013600000000000056,5.172413793102879e-05,0.008799999999999919,-0.00709999999999994,0,0.20649666666666666,0.11848420666858961,0.0175,0.4375,0.42,0.4375,0.27999999999999997,0.3588,-0.2712,0.009655172413793099,0.16629999999999998,-0.175,0,0.06622333333333334,0.13685569466017677,-0.21,0.315,0.525,0.315,0.08750000000000001,0.48129999999999995,-0.28009999999999996,0.0030172413793103483,0.20565,-0.1925,0,0.18113666666666664,0.049235699715113025,0.0787,0.2975,0.2188,0.2975,-0.035,0.175,-0.20129999999999998,-0.0012068965517241371,0.06994999999999998,-0.0875,0
402,stationary,0.9952419644016195,1.004111418120519,0.9802312941341956,0.023880123986323443,0.35041519530732174,0.5224982105232514,0.14664988919191177,0.3758483213313396,0.020533333333333337,0.003194103763276126,0.0137,0.0267,0.013000000000000001,0.0267,-0.0038999999999999972,0.0085,-0.0085,-0.00013448275862068955,0.00395,-0.007199999999999998,0,0.01855666666666667,0.004257867633171468,0.0103,0.0264,0.0161,0.0264,-0.014,0.0113,-0.0121,-0.00048275862068965523,0.006449999999999999,-0.010199999999999999,0,0.9948433333333334,0.005685230916569056,0.9797,1.0038,0.02410000000000001,1.0038,0.0049000000000000155,0.02410000000000001,-0.022599999999999953,0.00016896551724137983,0.02410000000000001,-0.007799999999999974,0,0.25928,0.0990370094529278,0.0787,0.4462,0.3675,0.4462,0.1225,0.35,-0.22749999999999998,0.004224137931034486,0.18369999999999997,-0.1225,0,0.04230333333333334,0.12051116841456512,-0.21,0.3325,0.5425,0.3325,-0.1488,0.3325,-0.3588,-0.00513103448275862,0.22749999999999998,-0.16625,0,0.18843666666666664,0.04707902002417618,0.1138,0.2713,0.15749999999999997,0.2713,0.0875,0.13129999999999997,-0.09620000000000001,0.003017241379310345,0.13129999999999997,-0.052500000000000005,0
403,stationary,0.9949099597062084,1.007824057065518,0.9802312941341956,0.02759276293132229,0.3698682501167586,0.5620003380781902,0.18480294911066758,0.3771973889675226,0.02122,0.0032606747767908407,0.0137,0.0285,0.0148,0.0285,0.0015999999999999973,0.0069,-0.0085,5.517241379310335e-05,0.0069,-0.006500000000000001,0,0.018763333333333337,0.004134671177630264,0.0103,0.0271,0.0168,0.0271,0.0017000000000000001,0.008900000000000002,-0.0121,5.862068965517242e-05,0.0086,-0.0059,0,0.9944933333333333,0.00659649506377719,0.9797,1.0074,0.027700000000000058,1.0074,0.010399999999999965,0.02410000000000001,-0.022599999999999953,0.0003586206896551712,0.01090000000000002,-0.009700000000000042,0,0.2692033333333333,0.10274385452998228,0.0875,0.4462,0.3587,0.4462,0.21,0.35,-0.30619999999999997,0.007241379310344826,0.35,-0.12689999999999999,0,0.08195000000000001,0.12592639818013016,-0.21,0.3325,0.5425,0.3325,0.0525,0.3325,-0.27990000000000004,0.0018103448275862016,0.1925,-0.16625,0,0.19776000000000002,0.05508121026391787,0.0875,0.3325,0.24500000000000002,0.3325,0.04369999999999999,0.14870000000000003,-0.1313,0.0015068965517241375,0.061250000000000006,-0.07435,0
404,stationary,0.9946824277951131,1.0026715663665746,0.9821303834013079,0.020541182965266747,0.4442355562319612,1.2556727798276108,0.1879147146979182,1.0677580651296927,0.020183333333333327,0.003913555869056923,0.0112,0.0285,0.017300000000000003,0.0285,-0.0010000000000000009,0.011699999999999999,-0.012000000000000002,-3.4482758620689684e-05,0.005999999999999999,-0.0056,0,0.023806666666666663,0.029184915013887158,-0.0329,0.1532,0.1861,0.1532,-0.0017999999999999995,0.07440000000000001,-0.1861,-6.20689655172413e-05,0.07195,-0.0565,0,0.9937699999999998,0.005141859988168783,0.9789,1.0021,0.0232,1.0021,0.0006000000000000449,0.012299999999999978,-0.01760000000000006,2.068965517241534e-05,0.007199999999999984,-0.0116,0,0.25899,0.31300048512686873,-1.155,0.77,1.925,1.155,-0.02629999999999999,1.4175,-1.925,-0.0009068965517241357,0.59935,-0.56875,0,0.10646000000000001,0.11201339698200513,-0.1838,0.35,0.5337999999999999,0.35,0.1225,0.2887,-0.3238,0.004224137931034479,0.2887,-0.1838,0,0.21146666666666666,0.11205666464764164,-0.1225,0.4112,0.5337000000000001,0.4112,0.10500000000000001,0.5337000000000001,-0.4287,0.0036206896551724166,0.1094,-0.17065,0
405,stationary,0.9942923317531477,1.0025399842400302,0.9821303834013079,0.02040960083872234,0.3917823481615732,1.2556727798276108,0.17190514826496617,1.0837676315626448,0.019583333333333335,0.0036691710360725925,0.0112,0.0262,0.015000000000000001,0.0262,0.0083,0.011699999999999999,-0.007800000000000001,0.00028620689655172414,0.005999999999999999,-0.006050000000000001,0,0.022683333333333333,0.029377742963154863,-0.0329,0.1532,0.1861,0.1532,0.010099999999999998,0.07440000000000001,-0.1861,0.0003482758620689665,0.07195,-0.0565,0,0.9934133333333334,0.004597655574486772,0.9789,1.0021,0.0232,1.0021,0.008399999999999963,0.010800000000000032,-0.01760000000000006,0.00028965517241379184,0.009000000000000008,-0.0116,0,0.21816000000000002,0.3104322599215487,-1.155,0.77,1.925,1.155,-0.385,1.4175,-1.925,-0.013275862068965513,0.59935,-0.56875,0,0.09538333333333335,0.11330846540895935,-0.1575,0.35,0.5075,0.35,-0.35,0.28,-0.2537,-0.01206896551724138,0.1575,-0.21879999999999997,0,0.17354666666666665,0.09165532034271898,-0.1225,0.4112,0.5337000000000001,0.4112,-0.035,0.5337000000000001,-0.4287,-0.0012068965517241367,0.1094,-0.17065,0
406,stationary,0.9947900989451707,1.0008795182238468,0.9860457088796645,0.014833809344182325,0.3458083731742986,0.47032322927960934,0.19427027564709945,0.2760529536325099,0.020749999999999998,0.0023213774151241056,0.0176,0.0282,0.010599999999999998,0.0282,-0.0040999999999999995,0.008899999999999998,-0.0087,-0.00014137931034482757,0.004199999999999999,-0.007099999999999999,0,0.018036666666666663,0.00396645271324855,0.0088,0.0243,0.015499999999999998,0.0243,-0.0071,0.013,-0.0117,-0.00024482758620689664,0.0062,-0.0117,0,0.9944,0.004419002852103237,0.9857,1.0005,0.014799999999999924,1.0005,9.999999999998899e-05,0.011599999999999944,-0.0129999999999999,3.448275862068586e-06,0.006699999999999984,-0.00649999999999995,0,0.25055,0.09201415089820283,0.035,0.4112,0.3762,0.4112,-0.03489999999999999,0.24500000000000002,-0.28,-0.0012034482758620675,0.13124999999999998,-0.18375000000000002,0,0.10034333333333333,0.08642749276559587,-0.0962,0.2188,0.315,0.2188,-0.0087,0.1749,-0.2537,-0.00030000000000000095,0.13125,-0.14875,0,0.18901333333333328,0.042829885902682274,0.105,0.2887,0.18370000000000003,0.2887,0.0,0.13120000000000004,-0.14,-4.785444071660157e-19,0.09620000000000001,-0.07435,0
407,stationary,0.9948793187583251,1.002291344869345,0.9836360556628656,0.018655289206479297,0.31083890128592223,0.5503834481522859,0.10719785445614105,0.44318559369614485,0.020553333333333337,0.002426254859588778,0.0164,0.0261,0.0097,0.0261,0.004100000000000003,0.0068000000000000005,-0.007800000000000001,0.00014137931034482768,0.005600000000000001,-0.0036500000000000005,0,0.018703333333333332,0.004169055407224249,0.0075,0.0281,0.0206,0.0281,0.0006999999999999992,0.013999999999999999,-0.012799999999999999,2.4137931034482853e-05,0.006199999999999999,-0.0066,0,0.9944799999999998,0.004339108441715361,0.9833,1.0019,0.01860000000000006,1.0019,-0.0004999999999999449,0.011599999999999944,-0.0129999999999999,-1.7241379310342928e-05,0.010099999999999998,-0.00649999999999995,0,0.2196466666666667,0.08518807482244227,0.0613,0.3938,0.33249999999999996,0.3938,-0.05249999999999999,0.27999999999999997,-0.17500000000000002,-0.0018103448275862066,0.27999999999999997,-0.13129999999999997,0,0.06766666666666668,0.11666967615166049,-0.1663,0.3587,0.525,0.3587,-0.2276,0.315,-0.3412,-0.007848275862068965,0.2319,-0.2187,0,0.1741333333333333,0.04632110067578373,0.0875,0.28,0.19250000000000003,0.28,0.035,0.13120000000000004,-0.09630000000000001,0.0012068965517241376,0.13120000000000004,-0.04375,0
408,stationary,0.9942555029374472,1.002291344869345,0.9836360556628656,0.018655289206479297,0.324726386220015,0.557642699225947,0.10719785445614105,0.45044484476980595,0.02071,0.002362107475145433,0.0164,0.0271,0.010699999999999998,0.0271,0.0058,0.0068000000000000005,-0.008,0.00019999999999999998,0.004699999999999999,-0.0034999999999999996,0,0.018856666666666667,0.004143851559494673,0.012,0.029,0.017,0.029,0.0013999999999999985,0.012100000000000003,-0.0145,4.827586206896535e-05,0.0049499999999999995,-0.00605,0,0.9938500000000001,0.004396922905223929,0.9833,1.0019,0.01860000000000006,1.0019,0.008099999999999996,0.011400000000000077,-0.010499999999999954,0.0002793103448275861,0.006850000000000023,-0.00655,0,0.22926333333333337,0.09588063154645535,0.0613,0.4812,0.4199,0.4812,-0.008800000000000002,0.27999999999999997,-0.2363,-0.0003034482758620719,0.2056,-0.1531,0,0.05161999999999999,0.11935254471955963,-0.1663,0.2975,0.4638,0.2975,0.11370000000000001,0.2713,-0.2362,0.0039206896551724135,0.2319,-0.13565,0,0.18055333333333332,0.046499690272111475,0.0875,0.3063,0.21880000000000002,0.3063,0.04369999999999999,0.10499999999999998,-0.13130000000000003,0.0015068965517241375,0.052500000000000005,-0.04375,0
409,stationary,0.9957946384801851,1.0022912201551004,0.9897003890066932,0.0125908311484072,0.32930036472554747,0.479297861459865,0.14896603639756278,0.33033182506230224,0.021296666666666665,0.0027380440203676904,0.0163,0.0286,0.012300000000000002,0.0286,-0.00020000000000000226,0.011300000000000001,-0.006100000000000001,-6.896551724138009e-06,0.00455,-0.006100000000000001,0,0.017666666666666664,0.003688129451439403,0.0115,0.0252,0.0137,0.0252,0.0058,0.011699999999999999,-0.0107,0.00019999999999999998,0.011699999999999999,-0.005749999999999999,0,0.9954000000000002,0.002949108573672792,0.9894,1.0019,0.012500000000000067,1.0019,0.0032000000000000917,0.009800000000000031,-0.007600000000000051,0.00011034482758621005,0.005049999999999999,-0.006250000000000033,0,0.22924666666666668,0.09180782677675835,-0.0088,0.4112,0.42,0.4112,-0.1663,0.25370000000000004,-0.2713,-0.005734482758620686,0.14434999999999998,-0.2713,0,0.08837999999999997,0.08921745383592561,-0.0875,0.2713,0.3588,0.2713,-0.1313,0.1925,-0.23629999999999998,-0.004527586206896555,0.16185,-0.14875,0,0.19074999999999998,0.04625796296780733,0.1138,0.2887,0.1749,0.2887,-0.017599999999999977,0.105,-0.12249999999999997,-0.0006068965517241371,0.07875,-0.10499999999999998,0
410,stationary,0.9951438632078724,0.9999519338448224,0.9871691293795608,0.012782804465261588,0.33382030471811386,0.47834395574732624,0.14896603639756278,0.32937791934976346,0.020713333333333337,0.003056111269563663,0.0156,0.0286,0.013000000000000001,0.0286,-0.0108,0.0076999999999999985,-0.0068000000000000005,-0.0003724137931034483,0.0031000000000000003,-0.005899999999999999,0,0.017343333333333336,0.0035361856845197333,0.0098,0.0254,0.0156,0.0254,-0.0109,0.008199999999999999,-0.012199999999999999,-0.00037586206896551724,0.004149999999999999,-0.010499999999999999,0,0.9947666666666666,0.0033592213109725298,0.9869,0.9997,0.012800000000000034,0.9997,-0.005299999999999971,0.008600000000000052,-0.008199999999999985,-0.00018275862068965418,0.005699999999999983,-0.00545000000000001,0,0.22983666666666666,0.09075229068385997,-0.0088,0.3413,0.35009999999999997,0.3413,-0.1051,0.28009999999999996,-0.2713,-0.0036241379310344816,0.17065,-0.1838,0,0.08662666666666664,0.10374834251549585,-0.0875,0.315,0.40249999999999997,0.315,0.1925,0.1925,-0.1925,0.006637931034482758,0.1925,-0.175,0,0.1924933333333333,0.04173770257323651,0.0962,0.2887,0.1925,0.2887,-0.035,0.14,-0.12249999999999997,-0.0012068965517241376,0.07875,-0.05689999999999999,0
411,stationary,0.9945274867132938,1.0000248296917431,0.9871691293795608,0.012855700312182305,0.32264397850285204,0.5277370367901044,0.18061251340923196,0.34712452338087246,0.020473333333333336,0.0024670145762723476,0.0165,0.0279,0.0114,0.0279,-0.0005999999999999998,0.006600000000000002,-0.010500000000000002,-2.0689655172413787e-05,0.00455,-0.004699999999999999,0,0.01778666666666667,0.004083670875094117,0.0079,0.0254,0.017499999999999998,0.0254,-0.0115,0.013599999999999998,-0.012199999999999999,-0.0003965517241379311,0.0068000000000000005,-0.012199999999999999,0,0.9941466666666667,0.0029768918451081273,0.9869,0.9994,0.012499999999999956,0.9994,0.00039999999999995595,0.008399999999999963,-0.007500000000000062,1.3793103448274344e-05,0.005699999999999983,-0.007500000000000062,0,0.21290333333333333,0.09708968297522597,0.0875,0.4462,0.3587,0.4462,0.1749,0.35,-0.21000000000000002,0.006031034482758619,0.35,-0.14009999999999997,0,0.10150333333333332,0.10631842375564574,-0.0525,0.315,0.3675,0.315,-0.1487,0.3325,-0.1925,-0.00512758620689655,0.1706,-0.175,0,0.18608666666666665,0.032570334856179765,0.0962,0.2362,0.14,0.2362,0.035,0.14,-0.1138,0.001206896551724138,0.07,-0.048150000000000005,0
412,stationary,0.995209992715797,1.0007483000235373,0.9903318736666007,0.010416426356936626,0.3340408444534465,0.5277370367901044,0.21895691356977062,0.30878012322033377,0.020653333333333336,0.002546767164172207,0.017,0.0279,0.0109,0.0279,0.007799999999999998,0.006600000000000002,-0.010500000000000002,0.00026896551724137926,0.0051,-0.00455,0,0.01803,0.0034967127419906828,0.0115,0.0246,0.0131,0.0246,0.005600000000000001,0.0114,-0.009899999999999999,0.0001931034482758621,0.007800000000000001,-0.0046,0,0.9948233333333334,0.0032027664047941636,0.99,1.0004,0.010399999999999965,1.0004,0.009500000000000064,0.008299999999999974,-0.008199999999999985,0.0003275862068965539,0.008000000000000007,-0.005049999999999999,0,0.23421666666666668,0.09298105510906725,0.0962,0.4462,0.35,0.4462,0.21000000000000002,0.35,-0.2362,0.007241379310344823,0.1487,-0.1356,0,0.07701000000000001,0.10064881365249752,-0.14,0.2975,0.4375,0.2975,-0.06990000000000002,0.3325,-0.245,-0.0024103448275862066,0.2013,-0.1531,0,0.1904633333333333,0.041469469312464945,0.0962,0.28,0.18380000000000002,0.28,-0.14,0.11369999999999997,-0.0963,-0.004827586206896552,0.061249999999999985,-0.0876,0
413,stationary,0.9947692219990013,1.0016800736762212,0.9870621206388178,0.01461795303740343,0.32752969627314965,0.4650284292384714,0.209492100089717,0.25553632914875435,0.020796666666666665,0.002483807329600006,0.0168,0.0276,0.0108,0.0276,-0.0013999999999999985,0.0091,-0.005600000000000001,-4.827586206896546e-05,0.0048000000000000004,-0.004200000000000001,0,0.018253333333333333,0.004095896460616644,0.0096,0.0251,0.015500000000000002,0.0251,0.0102,0.0119,-0.010900000000000002,0.00035172413793103463,0.0115,-0.005049999999999999,0,0.9943733333333333,0.003565344045238775,0.9867,1.0011,0.01440000000000008,1.0011,0.0020000000000000018,0.01440000000000008,-0.006900000000000017,6.896551724137937e-05,0.006800000000000028,-0.005049999999999999,0,0.23596666666666663,0.08748168806742607,0.0962,0.3762,0.27999999999999997,0.3762,0.0087,0.26239999999999997,-0.27999999999999997,0.0002999999999999995,0.26239999999999997,-0.1356,0,0.07058999999999999,0.1039418084878464,-0.14,0.28,0.42000000000000004,0.28,0.17500000000000002,0.21870000000000003,-0.1925,0.006034482758620691,0.21000000000000002,-0.15315,0,0.17705333333333328,0.04466609246500028,0.0962,0.28,0.18380000000000002,0.28,-0.035,0.18380000000000002,-0.14,-0.00120689655172414,0.03935000000000001,-0.06560000000000002,0
414,stationary,0.9948933137424186,1.0021235253201075,0.9860831506521142,0.01604037466799335,0.33377948233624083,0.48721216117826943,0.20763988056247767,0.27957228061579176,0.02053,0.0024380814956252678,0.0164,0.0254,0.008999999999999998,0.0254,-0.004499999999999997,0.0063999999999999994,-0.007599999999999999,-0.00015517241379310335,0.0026499999999999996,-0.003949999999999999,0,0.018003333333333333,0.003445184879012259,0.0107,0.0232,0.012499999999999999,0.0232,-0.005900000000000001,0.0101,-0.009800000000000001,-0.00020344827586206893,0.004449999999999999,-0.009099999999999999,0,0.99451,0.0032719655592150887,0.9858,1.0016,0.015800000000000036,1.0016,-0.0031999999999999806,0.013299999999999979,-0.011700000000000044,-0.00011034482758620623,0.006149999999999989,-0.008500000000000063,0,0.23828666666666667,0.09109830890339003,0.0875,0.4462,0.3587,0.4462,-0.18369999999999997,0.28,-0.3324,-0.006334482758620685,0.12689999999999999,-0.3324,0,0.09393,0.102716036924033,-0.0962,0.3413,0.4375,0.3413,-0.0262,0.24509999999999998,-0.1575,-0.0009034482758620661,0.175,-0.13565,0,0.17793333333333328,0.034872628663251894,0.1138,0.2537,0.13989999999999997,0.2537,-0.008700000000000013,0.1049,-0.0787,-0.00030000000000000046,0.04815,-0.04815,0
415,stationary,0.9951523196897057,1.0021235253201075,0.9860831506521142,0.01604037466799335,0.32161202131111105,0.4572325119673797,0.19839387591354726,0.2588386360538324,0.020753333333333332,0.002258887937159273,0.0173,0.0256,0.008300000000000002,0.0256,-0.0020000000000000018,0.0063999999999999994,-0.005499999999999998,-6.896551724137937e-05,0.003550000000000001,-0.0037,0,0.018083333333333333,0.003488412674628067,0.0107,0.0242,0.0135,0.0242,-0.008300000000000002,0.0135,-0.009099999999999999,-0.0002862068965517242,0.004449999999999999,-0.008300000000000002,0,0.9947633333333333,0.003685243952373545,0.9858,1.0016,0.015800000000000036,1.0016,-9.999999999998899e-05,0.013299999999999979,-0.011700000000000044,-3.448275862068586e-06,0.006149999999999989,-0.004400000000000015,0,0.22312333333333337,0.09075244722959772,0.0787,0.4112,0.3325,0.4112,-0.04369999999999999,0.28,-0.28,-0.001506896551724138,0.105,-0.14,0,0.05980333333333333,0.09525461879771946,-0.1138,0.2188,0.3326,0.2188,0.043800000000000006,0.245,-0.1751,0.0015103448275862043,0.1444,-0.15315,0,0.19077,0.04245423621281854,0.1138,0.28,0.16620000000000001,0.28,0.06120000000000003,0.13120000000000004,-0.1225,0.002110344827586208,0.13120000000000004,-0.06564999999999999,0
416,stationary,0.9947345024806421,1.000349563902539,0.9854374206412094,0.014912143261329613,0.31320996530933204,0.4374114996202089,0.18910068746569908,0.24831081215450984,0.020656666666666663,0.002546624992136595,0.0159,0.0276,0.011699999999999999,0.0276,0.0039000000000000007,0.008799999999999999,-0.0069,0.00013448275862068968,0.0058,-0.0043,0,0.017606666666666666,0.004003699438694455,0.0105,0.0242,0.013699999999999999,0.0242,0.0019000000000000024,0.0135,-0.012099999999999998,6.551724137931054e-05,0.004999999999999999,-0.006350000000000001,0,0.9943533333333332,0.0033853368735070524,0.9851,0.9999,0.014800000000000035,0.9999,-0.0010999999999999899,0.010500000000000065,-0.009000000000000008,-3.793103448275827e-05,0.007199999999999984,-0.00545000000000001,0,0.2047466666666667,0.09068394046065303,0.0,0.3587,0.3587,0.3587,0.14,0.245,-0.28,0.004827586206896554,0.2363,-0.14,0,0.05833666666666666,0.11659008203910423,-0.1663,0.2887,0.455,0.2887,-0.18369999999999997,0.33240000000000003,-0.2188,-0.00633448275862069,0.15745,-0.18814999999999998,0,0.18844999999999998,0.030540800861165698,0.1488,0.28,0.13120000000000004,0.28,-0.035,0.13120000000000004,-0.10500000000000004,-0.001206896551724138,0.03935000000000001,-0.05685000000000001,0
417,stationary,0.9944559298648349,1.004934918290732,0.9854374206412094,0.019497497649522466,0.3221374517120678,0.515471027313854,0.18206850359136806,0.3334025237224859,0.020476666666666667,0.0025460833116544043,0.0156,0.0251,0.009500000000000001,0.0251,-0.003599999999999999,0.0058,-0.005000000000000001,-0.0001241379310344827,0.003550000000000001,-0.0036000000000000008,0,0.017426666666666663,0.003525173836098391,0.0112,0.0234,0.0122,0.0234,0.0112,0.0109,-0.010700000000000001,0.0003862068965517242,0.0109,-0.00545,0,0.9940833333333333,0.004226034526135824,0.9851,1.0045,0.019399999999999973,1.0045,0.010200000000000098,0.012199999999999989,-0.015999999999999903,0.0003517241379310379,0.010300000000000087,-0.00610000000000005,0,0.20679333333333333,0.09641419960284621,0.0,0.4375,0.4375,0.4375,0.4025,0.28,-0.2712,0.013879310344827587,0.2713,-0.175,0,0.08924666666666665,0.12691412174715067,-0.1663,0.3237,0.49,0.3237,0.3587,0.2537,-0.2188,0.012368965517241376,0.1925,-0.18814999999999998,0,0.1849433333333333,0.025560323285060024,0.1488,0.2362,0.0874,0.2362,0.05250000000000002,0.07869999999999999,-0.0874,0.0018103448275862077,0.035,-0.030649999999999997,0
418,stationary,0.9947177374726273,1.00020670863577,0.988885600056953,0.011321108578816963,0.3203719402883317,0.46804053243282256,0.18949588386030974,0.2785446485725128,0.02091666666666667,0.002729289832265117,0.0154,0.0258,0.0104,0.0258,-0.0039000000000000007,0.0075,-0.006200000000000001,-0.00013448275862068968,0.0027500000000000007,-0.004100000000000001,0,0.017716666666666665,0.003642950995281571,0.011,0.0228,0.011800000000000001,0.0228,-0.0014000000000000002,0.011700000000000002,-0.01,-4.8275862068965286e-05,0.0044,-0.005900000000000001,0,0.99433,0.0028894755519846935,0.9886,0.9999,0.011299999999999977,0.9999,-0.000200000000000089,0.009800000000000031,-0.009000000000000008,-6.896551724141e-06,0.003300000000000025,-0.0041999999999999815,0,0.22779666666666668,0.08850841566584594,0.0875,0.4375,0.35,0.4375,-0.034999999999999976,0.3063,-0.315,-0.001206896551724139,0.11374999999999999,-0.1269,0,0.08108333333333334,0.09231711868499173,-0.1225,0.2275,0.35,0.2275,0.2538,0.2538,-0.2013,0.008751724137931034,0.2538,-0.11815,0,0.18260333333333328,0.03255881133276058,0.105,0.245,0.14,0.245,0.0262,0.09630000000000001,-0.12250000000000001,0.0009034482758620685,0.0569,-0.0525,0
419,stationary,0.9945423751453614,1.0024615005076254,0.9847528522426325,0.017708648264992854,0.32554664354061286,0.4174401154656797,0.18949588386030974,0.22794423160536997,0.020543333333333337,0.0025154259711015056,0.0148,0.0258,0.011,0.0258,-0.0040999999999999995,0.011,-0.0063999999999999994,-0.00014137931034482757,0.0040999999999999995,-0.0058,0,0.017626666666666665,0.003981849625084002,0.011,0.0264,0.0154,0.0264,-0.008199999999999999,0.014499999999999999,-0.0096,-0.0002827586206896552,0.004549999999999999,-0.0088,0,0.9941633333333333,0.0034145210532355056,0.9845,1.0019,0.01739999999999997,1.0019,-0.0050000000000000044,0.012799999999999923,-0.013000000000000012,-0.00017241379310344843,0.005649999999999988,-0.009000000000000008,0,0.22431,0.060904726898826915,0.105,0.3413,0.2363,0.3413,0.1488,0.21000000000000002,-0.1663,0.00513103448275862,0.1925,-0.08315,0,0.09042333333333333,0.11058904255545995,-0.0787,0.2975,0.3762,0.2975,-0.1575,0.28,-0.22750000000000004,-0.005431034482758621,0.1881,-0.1925,0,0.18406333333333336,0.03757958436331541,0.105,0.2625,0.15750000000000003,0.2625,0.026300000000000018,0.14,-0.0788,0.0009068965517241381,0.05685000000000001,-0.0525,0
420,stationary,0.9945067334966016,1.0015365944387655,0.9847528522426325,0.01678374219613299,0.32293960549417344,0.4735086482842737,0.18949588386030974,0.28401276442396395,0.020213333333333337,0.0027976262516065577,0.0148,0.0258,0.011,0.0258,0.0069,0.011,-0.0069,0.00023793103448275862,0.011,-0.0037999999999999996,0,0.017373333333333334,0.0034861235593800126,0.011,0.0241,0.0131,0.0241,0.0005999999999999998,0.012400000000000001,-0.010600000000000002,2.0689655172413787e-05,0.004,-0.0057,0,0.99414,0.0038207780395602977,0.9845,1.0011,0.01660000000000006,1.0011,0.013399999999999967,0.012799999999999923,-0.011099999999999999,0.00046206896551724026,0.012799999999999923,-0.005350000000000077,0,0.22547333333333333,0.08425942670411274,0.0875,0.4112,0.3237,0.4112,0.14,0.2625,-0.3237,0.004827586206896551,0.21000000000000002,-0.1225,0,0.06679666666666666,0.11020691975061975,-0.0962,0.2975,0.3937,0.2975,0.008700000000000001,0.28,-0.23629999999999998,0.0003000000000000043,0.1881,-0.18375,0,0.18171999999999996,0.0340625530053368,0.105,0.245,0.14,0.245,0.008800000000000002,0.13119999999999998,-0.0963,0.0003034482758620681,0.048150000000000005,-0.039400000000000004,0
421,stationary,0.9951004284501616,1.0032358546224311,0.9862090143575043,0.017026840264926846,0.3344942842465839,0.4735086482842737,0.2201594649339428,0.25334918335033085,0.020500000000000004,0.002227415387920454,0.0158,0.0251,0.0093,0.0251,0.0015999999999999973,0.0053999999999999986,-0.0093,5.517241379310335e-05,0.004499999999999997,-0.0037999999999999996,0,0.017626666666666665,0.003932177893802079,0.0092,0.0244,0.015200000000000002,0.0244,0.008299999999999998,0.015200000000000002,-0.012100000000000001,0.0002862068965517241,0.009199999999999998,-0.005900000000000001,0,0.9947233333333333,0.0037568955758466496,0.9859,1.0028,0.016899999999999915,1.0028,0.011599999999999944,0.009900000000000131,-0.0121,0.00039999999999999807,0.009900000000000131,-0.005350000000000077,0,0.23363666666666666,0.08062272924718171,0.0875,0.4112,0.3237,0.4112,0.14,0.2625,-0.3237,0.004827586206896554,0.2625,-0.1225,0,0.07700333333333333,0.10738223536164801,-0.0962,0.2887,0.3849,0.2887,0.0963,0.21870000000000003,-0.21870000000000003,0.003320689655172413,0.1881,-0.17500000000000002,0,0.19106000000000004,0.03747678453803561,0.1312,0.2887,0.1575,0.2887,0.061200000000000004,0.09620000000000001,-0.0963,0.002110344827586207,0.05249999999999999,-0.0963,0
422,stationary,0.995093116537807,1.0021241539849242,0.9879354533571513,0.014188700627772888,0.3197465543287239,0.4284228401941241,0.12563490756951268,0.3027879326246114,0.020813333333333336,0.0024089965479045608,0.0169,0.0263,0.009400000000000002,0.0263,-0.0025000000000000022,0.0063,-0.008,-8.620689655172421e-05,0.0036500000000000005,-0.004400000000000001,0,0.017463333333333334,0.004443475133762742,0.0112,0.0268,0.015600000000000001,0.0268,-0.0019000000000000006,0.013900000000000001,-0.013900000000000001,-6.55172413793103e-05,0.0047,-0.006600000000000002,0,0.9947099999999999,0.004107549819203834,0.9877,1.0017,0.014000000000000012,1.0017,-0.006000000000000005,0.010500000000000065,-0.0122000000000001,-0.00020689655172413812,0.005149999999999988,-0.00605,0,0.21087666666666666,0.09784581355318714,0.0525,0.3762,0.3237,0.3762,-0.14869999999999997,0.2625,-0.2537,-0.005127586206896551,0.11375000000000002,-0.2274,0,0.09770000000000002,0.09514807334922219,-0.2013,0.28,0.48130000000000006,0.28,-0.07870000000000002,0.34130000000000005,-0.245,-0.0027137931034482772,0.24065000000000003,-0.2144,0,0.1837633333333333,0.04268091298617373,0.1138,0.2625,0.1487,0.2625,0.035,0.1225,-0.1225,0.001206896551724138,0.05249999999999999,-0.07,0
423,stationary,0.9950736611078538,1.0032933469329894,0.9878643125449973,0.015429034387992147,0.31146666400146816,0.4854638297545966,0.15078607362750712,0.3346777561270895,0.020516666666666662,0.002583646625422577,0.0176,0.0276,0.009999999999999998,0.0276,0.0013999999999999985,0.008499999999999997,-0.008400000000000001,4.827586206896546e-05,0.00485,-0.0049,0,0.017789999999999997,0.0036906545536642627,0.011,0.0244,0.013400000000000002,0.0244,-0.0029,0.0125,-0.011200000000000002,-9.999999999999999e-05,0.004399999999999999,-0.005850000000000001,0,0.9946933333333335,0.003437915701092176,0.9875,1.0027,0.01519999999999988,1.0027,-0.005400000000000071,0.011099999999999888,-0.010399999999999965,-0.0001862068965517266,0.003249999999999975,-0.005600000000000049,0,0.22168,0.07797167213272019,0.105,0.3938,0.2888,0.3938,-0.05259999999999998,0.2713,-0.18370000000000003,-0.0018137931034482762,0.11815,-0.13129999999999997,0,0.07292,0.09224262759065131,-0.105,0.2713,0.37629999999999997,0.2713,-0.0963,0.21,-0.20129999999999998,-0.0033206896551724145,0.18814999999999998,-0.175,0,0.1805533333333333,0.03212605273555741,0.105,0.2537,0.1487,0.2537,-0.0787,0.08739999999999998,-0.08739999999999998,-0.002713793103448276,0.034999999999999996,-0.07435,0
424,stationary,0.9947056274313444,1.0013040347466897,0.9878643125449973,0.013439722201692428,0.3264575059840546,0.42017392827256667,0.1756425916456484,0.24453133662691826,0.020666666666666667,0.002174195583838217,0.0176,0.0266,0.008999999999999998,0.0266,0.0006000000000000033,0.008499999999999997,-0.0072999999999999975,2.068965517241391e-05,0.0026,-0.004149999999999999,0,0.017849999999999998,0.0041934061540010404,0.0107,0.0254,0.0147,0.0254,0.0053999999999999986,0.012499999999999999,-0.011699999999999999,0.0001862068965517238,0.005299999999999999,-0.006000000000000001,0,0.9943199999999999,0.003441972169235699,0.9875,1.0008,0.013299999999999867,1.0008,0.0029000000000000137,0.008100000000000107,-0.01309999999999989,0.00010000000000000047,0.00649999999999995,-0.005549999999999999,0,0.22750000000000004,0.06379173008773321,0.105,0.3587,0.25370000000000004,0.3587,0.061200000000000004,0.17500000000000004,-0.18370000000000003,0.002110344827586208,0.11375000000000002,-0.08314999999999999,0,0.08808333333333335,0.10118729674711398,-0.1225,0.2713,0.3938,0.2713,0.12250000000000001,0.21,-0.25370000000000004,0.0042241379310344815,0.18814999999999998,-0.1619,0,0.18872666666666665,0.03342237463790958,0.1138,0.2537,0.13989999999999997,0.2537,-0.0262,0.13989999999999997,-0.0701,-0.0009034482758620695,0.03935,-0.05249999999999999,0
425,stationary,0.9947547851745236,1.0013040347466897,0.9880331674594736,0.01327086728721616,0.32747985761501724,0.46344329750251,0.13474676248429868,0.32869653501821133,0.02092,0.0025559126853577003,0.0166,0.0266,0.009999999999999998,0.0266,-0.00040000000000000105,0.0093,-0.0072999999999999975,-1.3793103448275899e-05,0.004249999999999999,-0.0039000000000000007,0,0.017926666666666667,0.003756826736281137,0.0104,0.0242,0.0138,0.0242,0.005599999999999999,0.012499999999999999,-0.009600000000000001,0.00019310344827586204,0.010300000000000002,-0.006000000000000001,0,0.9943633333333334,0.0036010997681583078,0.9877,1.0008,0.01309999999999989,1.0008,0.0026999999999999247,0.009099999999999997,-0.01309999999999989,9.310344827585947e-05,0.005499999999999949,-0.004349999999999965,0,0.2269166666666667,0.08225823125496562,-0.0437,0.35,0.3937,0.35,0.07870000000000002,0.32370000000000004,-0.32370000000000004,0.002713793103448273,0.1225,-0.13999999999999999,0,0.08955333333333332,0.09715522501196956,-0.1225,0.2362,0.3587,0.2362,-0.07869999999999999,0.21,-0.25370000000000004,-0.0027137931034482755,0.17935,-0.21,0,0.18756666666666666,0.042590004763408115,0.1138,0.2975,0.18369999999999997,0.2975,-0.0962,0.13999999999999999,-0.18369999999999997,-0.0033172413793103443,0.07435,-0.18369999999999997,0
426,stationary,0.9952376099818527,1.010004757414538,0.9869324748937994,0.023072282520738674,0.3540017966620079,0.5941858463477568,0.13474676248429868,0.45943908386345816,0.020023333333333334,0.0030251455745346264,0.0129,0.0266,0.013699999999999999,0.0266,-0.005500000000000001,0.0093,-0.008399999999999998,-0.00018965517241379315,0.004249999999999999,-0.0068000000000000005,0,0.01722333333333333,0.005124295297780034,0.0081,0.029,0.020900000000000002,0.029,-0.012799999999999999,0.0141,-0.015099999999999999,-0.0004413793103448276,0.00695,-0.015099999999999999,0,0.99487,0.005410535699145172,0.9867,1.0094,0.022700000000000053,1.0094,0.00019999999999997797,0.022600000000000064,-0.022700000000000053,6.896551724137172e-06,0.008150000000000046,-0.007300000000000029,0,0.2546266666666666,0.10249161759949406,0.0175,0.4725,0.45499999999999996,0.4725,-0.00880000000000003,0.33249999999999996,-0.28,-0.00030344827586207385,0.20565,-0.2188,0,0.06096,0.1324205463795112,-0.21,0.28,0.49,0.28,0.09630000000000001,0.39380000000000004,-0.2625,0.003320689655172412,0.2363,-0.17935,0,0.19163999999999995,0.05619663506922321,0.1138,0.3587,0.2449,0.3587,0.11370000000000002,0.16620000000000001,-0.18369999999999997,0.003920689655172414,0.11370000000000002,-0.07435,0
427,stationary,0.9943599464294061,0.9996544052821454,0.9877913241165869,0.011863081165558564,0.30831663892351,0.46516247699056723,0.17280373259857554,0.2923587443919917,0.02045666666666667,0.0029804747751084,0.0154,0.0293,0.0139,0.0293,0.012,0.0081,-0.007799999999999998,0.00041379310344827585,0.0081,-0.0034999999999999996,0,0.018313333333333334,0.003695732238895182,0.011,0.0247,0.0137,0.0247,-0.0011999999999999997,0.008799999999999999,-0.0137,-4.1379310344827695e-05,0.0063,-0.007299999999999999,0,0.9939699999999999,0.0033556077613862804,0.9875,0.999,0.011499999999999955,0.999,0.0049000000000000155,0.011499999999999955,-0.010399999999999965,0.00016896551724137983,0.011499999999999955,-0.0049499999999999544,0,0.21904666666666667,0.07094949020901799,0.0787,0.3675,0.2888,0.3675,0.06999999999999995,0.2012,-0.2012,0.002413793103448275,0.09625,-0.0875,0,0.06707666666666667,0.11715378835717086,-0.1575,0.3938,0.5513,0.3938,0.04370000000000002,0.33249999999999996,-0.33249999999999996,0.0015068965517241375,0.22755,-0.13999999999999999,0,0.16888666666666666,0.0481058153580663,0.07,0.2625,0.1925,0.2625,0.1925,0.1663,-0.10510000000000001,0.006637931034482757,0.10499999999999998,-0.07,0
428,stationary,0.9948368457334786,1.0010707317667418,0.987900774369572,0.013169957397169751,0.3555886943080945,0.5384209598446182,0.2429620752298597,0.29545888461475855,0.020486666666666674,0.002732276218344941,0.0154,0.0293,0.0139,0.0293,-0.002700000000000001,0.0081,-0.009999999999999998,-9.31034482758621e-05,0.0043,-0.005599999999999999,0,0.018220000000000004,0.0033706031384963405,0.011,0.0247,0.0137,0.0247,0.0069,0.008799999999999999,-0.0137,0.00023793103448275873,0.008799999999999999,-0.00425,0,0.9944500000000002,0.003382587257074695,0.9875,1.0006,0.01309999999999989,1.0006,0.0018999999999999018,0.011499999999999955,-0.01100000000000001,6.551724137930695e-05,0.005300000000000027,-0.0045499999999999985,0,0.25025666666666674,0.0927875871727104,0.035,0.49,0.45499999999999996,0.49,0.22749999999999998,0.21,-0.28869999999999996,0.007844827586206894,0.20129999999999998,-0.11814999999999999,0,0.10412,0.1173741626976121,-0.1225,0.3762,0.4987,0.3762,0.1576,0.2362,-0.2712,0.005434482758620688,0.14880000000000002,-0.16625,0,0.18754999999999997,0.042347859531463354,0.0875,0.2625,0.17500000000000002,0.2625,0.008800000000000002,0.1663,-0.1575,0.0003034482758620681,0.07,-0.0569,0
429,stationary,0.9945332126240767,1.001142577258604,0.9875657041432737,0.01357687311533029,0.3263409257395972,0.5384209598446182,0.16117248524484568,0.37724847459977257,0.020259999999999997,0.0024495742064904766,0.0168,0.0251,0.008300000000000002,0.0251,0.00020000000000000226,0.0057,-0.007100000000000002,6.896551724138009e-06,0.00315,-0.0030500000000000006,0,0.0181,0.0035008373382614502,0.0122,0.024,0.0118,0.024,0.0057,0.0113,-0.009199999999999998,0.00019655172413793104,0.00485,-0.0059,0,0.9941533333333333,0.0036020811353642693,0.9872,1.0006,0.013399999999999967,1.0006,-0.0033999999999999586,0.008200000000000096,-0.012500000000000067,-0.0001172413793103434,0.005300000000000027,-0.006699999999999928,0,0.21991666666666665,0.08681965883899534,0.0613,0.49,0.42869999999999997,0.49,-0.06999999999999998,0.21,-0.22749999999999998,-0.002413793103448277,0.16625,-0.21434999999999998,0,0.09158666666666666,0.10838389857937555,-0.1225,0.2625,0.385,0.2625,-0.2975,0.21,-0.20129999999999998,-0.010258620689655175,0.1575,-0.16625,0,0.1852266666666666,0.03754448334822385,0.0875,0.2713,0.1838,0.2713,-0.008800000000000002,0.11380000000000001,-0.1575,-0.000303448275862069,0.07,-0.04375,0
430,stationary,0.9941159195730097,0.9993504390352765,0.9887720718143287,0.010578367220947849,0.31646016566451557,0.4376264845733174,0.20575820761272196,0.23186827696059542,0.020330000000000004,0.0025828546089616583,0.0159,0.0251,0.0092,0.0251,0.00010000000000000286,0.006599999999999998,-0.006099999999999998,3.448275862069064e-06,0.003049999999999999,-0.0038999999999999972,0,0.017789999999999997,0.0033995283648542004,0.0122,0.0228,0.0106,0.0228,-0.005999999999999998,0.009799999999999998,-0.008599999999999998,-0.00020689655172413787,0.004,-0.006299999999999998,0,0.9937400000000002,0.003198771315839018,0.9884,0.9989,0.010500000000000065,0.9989,-0.0044999999999999485,0.007600000000000051,-0.008199999999999985,-0.00015517241379310167,0.004850000000000021,-0.004850000000000021,0,0.19921666666666668,0.09083917992361777,-0.0262,0.3413,0.3675,0.3413,-0.09620000000000001,0.2887,-0.2713,-0.0033172413793103443,0.16625,-0.18375,0,0.08370666666666665,0.11944101684826333,-0.1225,0.28,0.4025,0.28,0.0613,0.24500000000000002,-0.2362,0.002113793103448281,0.1575,-0.175,0,0.1866933333333333,0.030766371401180912,0.1225,0.245,0.1225,0.245,0.05250000000000002,0.09620000000000001,-0.1225,0.0018103448275862077,0.07,-0.048100000000000004,0
431,stationary,0.9949353778310328,1.0028938627791077,0.9904884098261826,0.012405452952925167,0.33089045750092794,0.5128421492038268,0.18912844841535606,0.3237137007884707,0.020409999999999994,0.0026589277071263403,0.016,0.0264,0.0104,0.0264,0.004399999999999998,0.0046,-0.007599999999999999,0.0001517241379310344,0.0036999999999999984,-0.0037,0,0.01772,0.004097551834264303,0.0102,0.0231,0.012899999999999998,0.0231,-0.001899999999999999,0.012199999999999999,-0.0124,-6.551724137931019e-05,0.005,-0.004399999999999999,0,0.9945566666666668,0.0026196450579964196,0.9902,1.0024,0.012199999999999989,1.0024,0.0020000000000000018,0.008500000000000063,-0.00979999999999992,6.896551724137937e-05,0.008099999999999996,-0.0039499999999999535,0,0.2196266666666667,0.08134084919108256,0.0088,0.3762,0.3674,0.3762,-0.026300000000000018,0.28,-0.21869999999999998,-0.0009068965517241385,0.1837,-0.1137,0,0.06679999999999998,0.1216429937605717,-0.105,0.3762,0.48119999999999996,0.3762,-0.034999999999999996,0.27999999999999997,-0.28,-0.001206896551724137,0.15309999999999999,-0.1794,0,0.19981666666666661,0.037054815716936064,0.14,0.2713,0.13129999999999997,0.2713,-0.05249999999999999,0.0875,-0.0963,-0.0018103448275862066,0.05689999999999999,-0.05685000000000001,0
432,stationary,0.9948564346883628,1.0000706425048183,0.9895063819905356,0.010564260514282608,0.3253265396923138,0.48983301236237636,0.18544929226071474,0.3043837201016616,0.020796666666666665,0.002798458114049941,0.0139,0.0264,0.0125,0.0264,0.001400000000000002,0.008400000000000001,-0.006700000000000001,4.8275862068965584e-05,0.0037999999999999996,-0.0057,0,0.017863333333333335,0.0031676689278997586,0.0107,0.0237,0.013,0.0237,0.0022000000000000006,0.0117,-0.0124,7.586206896551713e-05,0.004900000000000002,-0.00405,0,0.99447,0.0026362394846996895,0.9892,0.9997,0.010500000000000065,0.9997,-0.0015000000000000568,0.008599999999999941,-0.005299999999999971,-5.172413793103644e-05,0.0042500000000000315,-0.0046000000000000485,0,0.20912333333333338,0.07191165405207801,0.0787,0.3325,0.2538,0.3325,-0.052500000000000005,0.18370000000000003,-0.1751,-0.0018103448275862057,0.10500000000000001,-0.1224,0,0.08021333333333333,0.12316263073349563,-0.105,0.3762,0.48119999999999996,0.3762,0.13130000000000003,0.27999999999999997,-0.28,0.004527586206896553,0.27999999999999997,-0.16185,0,0.19834666666666664,0.03635275195514974,0.1312,0.2713,0.14009999999999997,0.2713,-0.06129999999999999,0.11379999999999998,-0.0963,-0.0021137931034482756,0.05249999999999999,-0.048100000000000004,0
433,stationary,0.9937540599629618,1.0006894023621915,0.9882220398270826,0.012467362535108939,0.31376543694961495,0.48671308796867174,0.18544929226071474,0.301263795707957,0.01985333333333333,0.0029922582100150212,0.0139,0.0264,0.0125,0.0264,-0.006,0.008400000000000001,-0.006700000000000001,-0.00020689655172413793,0.0037999999999999996,-0.006700000000000001,0,0.017673333333333333,0.002975756447826604,0.0132,0.0232,0.009999999999999998,0.0232,0.0017000000000000001,0.0071,-0.009199999999999998,5.862068965517242e-05,0.004699999999999999,-0.0034000000000000002,0,0.99339,0.003342242691202506,0.988,1.0002,0.012199999999999989,1.0002,-0.0039000000000000146,0.009000000000000008,-0.007199999999999984,-0.00013448275862069017,0.006099999999999994,-0.005299999999999971,0,0.20562666666666665,0.07558012844717821,0.0787,0.3413,0.2626,0.3413,-0.0262,0.2188,-0.24509999999999998,-0.0009034482758620695,0.12254999999999999,-0.10065,0,0.08691666666666668,0.12042921825369209,-0.14,0.2975,0.4375,0.2975,-0.02629999999999999,0.2975,-0.2975,-0.0009068965517241367,0.16185,-0.16185,0,0.18230666666666664,0.03424712354730493,0.0875,0.245,0.1575,0.245,-0.008800000000000002,0.1225,-0.1487,-0.000303448275862069,0.056900000000000006,-0.06129999999999999,0
434,stationary,0.9942197111737288,1.001056551849095,0.9882220398270826,0.012834512022012468,0.3209499718466729,0.48671308796867174,0.19232152765616228,0.29439156031250946,0.020146666666666667,0.003010640135085644,0.0146,0.0278,0.013199999999999998,0.0278,0.004899999999999998,0.008499999999999999,-0.0102,0.00016896551724137924,0.0036999999999999984,-0.0060999999999999995,0,0.017759999999999998,0.0034907365095793678,0.011,0.0241,0.0131,0.0241,-0.0008000000000000004,0.0126,-0.0102,-2.7586206896551916e-05,0.005150000000000001,-0.005599999999999999,0,0.9938466666666667,0.0029484926988890925,0.988,1.0006,0.012599999999999945,1.0006,0.0020000000000000018,0.009699999999999931,-0.007199999999999984,6.896551724137937e-05,0.006299999999999972,-0.004799999999999971,0,0.22895333333333331,0.0778588720315353,0.0525,0.3675,0.315,0.3675,-0.22749999999999998,0.315,-0.24509999999999998,-0.007844827586206892,0.12254999999999999,-0.2012,0,0.08836999999999999,0.10741891938285039,-0.0875,0.2887,0.3762,0.2887,-0.2713,0.2975,-0.2975,-0.009355172413793102,0.12685,-0.1926,0,0.1720866666666666,0.047511898570222665,0.0962,0.2625,0.1663,0.2625,0.061200000000000004,0.1488,-0.14,0.0021103448275862054,0.1488,-0.07,0
435,stationary,0.9949965146565306,1.0024635554472792,0.9868606841900229,0.015602871257256234,0.33200351269427464,0.46816063482527015,0.21889696206206244,0.2492636727632077,0.020216666666666664,0.0026435455988753687,0.0161,0.0264,0.0103,0.0264,0.0103,0.0069,-0.007799999999999998,0.00035517241379310347,0.005999999999999998,-0.00405,0,0.017759999999999998,0.003519463125201793,0.0117,0.0246,0.0129,0.0246,-0.002999999999999999,0.0129,-0.0107,-0.00010344827586206881,0.004050000000000001,-0.006599999999999998,0,0.9946233333333334,0.0035687033609086813,0.9866,1.0019,0.01529999999999998,1.0019,0.0026000000000000467,0.010100000000000109,-0.011600000000000055,8.965517241379472e-05,0.008700000000000041,-0.005549999999999999,0,0.22926666666666665,0.09237718532092268,-0.0175,0.385,0.4025,0.385,-0.03500000000000003,0.35000000000000003,-0.1925,-0.0012068965517241371,0.13125,-0.1794,0,0.07292000000000001,0.09838665945452509,-0.105,0.2625,0.3675,0.2625,-0.2975,0.21,-0.25370000000000004,-0.010258620689655173,0.1225,-0.1531,0,0.1939766666666666,0.036770637492559134,0.1312,0.2975,0.16629999999999998,0.2975,-0.008699999999999986,0.08759999999999998,-0.0875,-0.0002999999999999995,0.04379999999999999,-0.06125,0
436,stationary,0.9953274044682723,1.0024635554472792,0.9877432763628412,0.01472027908443796,0.329059277123101,0.4833382045731539,0.2012434843665752,0.2820947202065787,0.02050333333333333,0.002866270354856017,0.0166,0.0264,0.0098,0.0264,-0.0017999999999999995,0.0086,-0.0069,-6.206896551724136e-05,0.004449999999999999,-0.0043,0,0.01791,0.004041197330256092,0.0113,0.0283,0.017,0.0283,-0.000499999999999997,0.0129,-0.0162,-1.7241379310344723e-05,0.006449999999999999,-0.0050999999999999995,0,0.9949433333333334,0.0037997897703492154,0.9875,1.0019,0.014399999999999968,1.0019,-0.005099999999999993,0.012399999999999967,-0.01309999999999989,-0.00017586206896551702,0.004599999999999993,-0.006099999999999994,0,0.22516666666666668,0.08631462230114029,0.0262,0.3762,0.35,0.3762,0.1225,0.3063,-0.22749999999999998,0.004224137931034482,0.22749999999999998,-0.1444,0,0.07321666666666668,0.10983162060653331,-0.105,0.3063,0.4113,0.3063,0.22740000000000002,0.3063,-0.2537,0.00784137931034483,0.2187,-0.16625,0,0.19076999999999997,0.039221846041416146,0.105,0.2975,0.1925,0.2975,-0.035,0.0875,-0.1138,-0.001206896551724138,0.061250000000000006,-0.061250000000000006,0
437,stationary,0.9946688072308726,1.0013341550151977,0.9874372891480248,0.01389686586717298,0.3212482752079367,0.4833382045731539,0.20442389782019124,0.2789143067529627,0.020396666666666667,0.002635629000805132,0.0159,0.0259,0.009999999999999998,0.0259,0.0022000000000000006,0.0086,-0.0085,7.586206896551726e-05,0.0068000000000000005,-0.0037,0,0.01782,0.0037317278978307453,0.0113,0.0253,0.014,0.0253,0.0088,0.0116,-0.011899999999999999,0.00030344827586206886,0.0075000000000000015,-0.0045000000000000005,0,0.9942899999999998,0.0039039635032211443,0.9872,1.0008,0.013599999999999945,1.0008,0.0032000000000000917,0.012900000000000023,-0.01309999999999989,0.00011034482758621005,0.006799999999999973,-0.006199999999999983,0,0.21847000000000003,0.09504930898187021,0.0262,0.3938,0.3676,0.3938,0.061200000000000004,0.3063,-0.2188,0.0021103448275862063,0.13999999999999999,-0.1444,0,0.07903666666666667,0.10443608995484976,-0.0962,0.2887,0.3849,0.2887,0.1312,0.2975,-0.2537,0.004524137931034483,0.1706,-0.14875,0,0.18639666666666663,0.03092940218530306,0.1312,0.2362,0.10499999999999998,0.2362,-0.008800000000000002,0.0875,-0.0875,-0.000303448275862069,0.04379999999999999,-0.07,0
438,stationary,0.9951033052781135,1.0026074306526958,0.9887314903450785,0.013875940307617296,0.3096955921151514,0.508582471188302,0.1653713699526009,0.3432111012357011,0.020886666666666675,0.0025102181981451034,0.0159,0.0261,0.0102,0.0261,-0.006099999999999998,0.0063,-0.0085,-0.00021034482758620682,0.0038000000000000013,-0.004750000000000001,0,0.017873333333333335,0.00386905792091593,0.0119,0.0261,0.0142,0.0261,-0.004100000000000001,0.012400000000000001,-0.014000000000000002,-0.00014137931034482763,0.00575,-0.0060999999999999995,0,0.9947133333333333,0.0035717988642190936,0.9884,1.0022,0.013800000000000034,1.0022,-0.005700000000000038,0.012299999999999978,-0.009600000000000053,-0.00019655172413793237,0.005299999999999971,-0.005200000000000038,0,0.21496,0.1074867966230079,0.07,0.455,0.385,0.455,-0.05250000000000002,0.3238,-0.3588,-0.0018103448275862046,0.16190000000000002,-0.11815,0,0.07264,0.09128975695080983,-0.0787,0.2275,0.3062,0.2275,0.043800000000000006,0.2975,-0.2187,0.0015103448275862051,0.2013,-0.11379999999999998,0,0.17793999999999996,0.028640670383215543,0.1225,0.2275,0.10500000000000001,0.2275,0.026300000000000018,0.07870000000000002,-0.07,0.0009068965517241385,0.035,-0.035,0
439,stationary,0.9951893117457165,1.003169816132842,0.9875825130084068,0.015587303124435126,0.33329817092230946,0.4648802318877412,0.14669761415919483,0.3181826177285464,0.02068666666666667,0.0025014110960144813,0.0143,0.0257,0.0114,0.0257,-0.000899999999999998,0.006100000000000001,-0.0063999999999999994,-3.1034482758620624e-05,0.00405,-0.005050000000000001,0,0.018393333333333334,0.003118679355037999,0.0115,0.0234,0.0119,0.0234,-0.0032000000000000015,0.0119,-0.0112,-0.00011034482758620695,0.00505,-0.004799999999999999,0,0.9947966666666667,0.0032876449314672555,0.9873,1.0026,0.01529999999999998,1.0026,0.0020999999999999908,0.008799999999999919,-0.011800000000000033,7.241379310344796e-05,0.0046499999999999875,-0.004049999999999998,0,0.23158666666666666,0.08296424129306153,0.0613,0.3675,0.30619999999999997,0.3675,0.0,0.2625,-0.2362,0.0,0.11370000000000001,-0.15309999999999999,0,0.08954333333333334,0.08467747607258372,-0.07,0.2713,0.3413,0.2713,-0.07880000000000001,0.28,-0.14,-0.002717241379310345,0.1619,-0.105,0,0.19892999999999997,0.038508424067182113,0.1225,0.2713,0.1488,0.2713,0.043800000000000006,0.10499999999999998,-0.11379999999999998,0.001510344827586207,0.07,-0.04809999999999999,0
440,stationary,0.994509535038054,1.001865624722198,0.9879854351153159,0.013880189606882087,0.3160280512797859,0.4924003757106609,0.1664117784292927,0.3259885972813682,0.020586666666666666,0.002633174736967203,0.0156,0.0257,0.010100000000000001,0.0257,0.0016000000000000007,0.006100000000000001,-0.0068000000000000005,5.5172413793103474e-05,0.003100000000000002,-0.005050000000000001,0,0.017603333333333335,0.00390114778276708,0.0107,0.0251,0.014400000000000001,0.0251,0.0038000000000000013,0.0122,-0.0109,0.00013103448275862085,0.009300000000000001,-0.00525,0,0.9941300000000001,0.003984725145196184,0.9877,1.0014,0.013700000000000045,1.0014,0.0039000000000000146,0.011700000000000044,-0.012000000000000122,0.00013448275862069017,0.007800000000000029,-0.006750000000000034,0,0.22050333333333333,0.09207827061549446,0.0437,0.4288,0.3851,0.4288,-0.008799999999999975,0.24500000000000002,-0.315,-0.00030344827586207336,0.11370000000000002,-0.19255,0,0.08312333333333335,0.07972883648853839,-0.0875,0.2188,0.3063,0.2188,0.035,0.175,-0.18369999999999997,0.0012068965517241352,0.12685,-0.1225,0,0.18550666666666663,0.037845629578075704,0.1225,0.2537,0.13119999999999998,0.2537,-0.09619999999999998,0.10499999999999998,-0.09620000000000001,-0.0033172413793103443,0.05685,-0.06119999999999998,0
441,stationary,0.994475103397867,1.001865624722198,0.9879854351153159,0.013880189606882087,0.3088747650946153,0.42735078097506735,0.1664117784292927,0.2609390025457746,0.02038333333333333,0.002869588860775191,0.0161,0.029,0.012900000000000002,0.029,-0.0005999999999999998,0.0068000000000000005,-0.0092,-2.0689655172413787e-05,0.00595,-0.006450000000000001,0,0.017396666666666668,0.003747043278817758,0.0107,0.0244,0.013700000000000002,0.0244,0.0122,0.011000000000000001,-0.0101,0.0004206896551724138,0.009800000000000001,-0.0047,0,0.9941033333333333,0.003962277587216833,0.9877,1.0014,0.013700000000000045,1.0014,0.0033999999999999586,0.011700000000000044,-0.012199999999999878,0.0001172413793103434,0.005750000000000033,-0.006750000000000034,0,0.20854999999999999,0.08641577821288154,0.0437,0.3413,0.2976,0.3413,0.07,0.22759999999999997,-0.2626,0.0024137931034482743,0.1094,-0.10060000000000001,0,0.08253666666666667,0.09339422002101272,-0.0613,0.28,0.34130000000000005,0.28,-0.0613,0.24500000000000002,-0.2276,-0.002113793103448276,0.16625,-0.16625,0,0.18084666666666666,0.03743271419432503,0.1225,0.2537,0.13119999999999998,0.2537,0.05249999999999999,0.08759999999999998,-0.12249999999999997,0.0018103448275862066,0.05685,-0.043800000000000006,0
442,stationary,0.995000501016031,1.0029792619989708,0.9894881959882088,0.013491066010761998,0.3061547074788444,0.48248387537823484,0.1703571835878957,0.31212669179033914,0.020373333333333337,0.0023656935023638284,0.0164,0.0258,0.009399999999999999,0.0258,-0.0023999999999999994,0.004499999999999997,-0.008499999999999997,-8.275862068965515e-05,0.0036500000000000005,-0.0039000000000000007,0,0.017953333333333335,0.003880786743319766,0.0109,0.0256,0.014700000000000001,0.0256,-0.0023999999999999994,0.013500000000000002,-0.0086,-8.275862068965534e-05,0.00485,-0.006999999999999999,0,0.99462,0.003309068000885243,0.9892,1.0024,0.01319999999999999,1.0024,-0.007000000000000006,0.01319999999999999,-0.011399999999999855,-0.0002413793103448278,0.004649999999999932,-0.004799999999999971,0,0.20796,0.08174374003238877,0.0787,0.3587,0.28,0.3587,-0.12249999999999997,0.20999999999999996,-0.22749999999999998,-0.004224137931034485,0.10495000000000002,-0.11809999999999998,0,0.06358333333333333,0.09093040568567215,-0.0787,0.2537,0.3324,0.2537,-0.1749,0.2012,-0.2625,-0.0060310344827586215,0.10499999999999998,-0.1487,0,0.18958999999999995,0.041185604699734084,0.1225,0.28,0.15750000000000003,0.28,-0.03509999999999999,0.08759999999999998,-0.12249999999999997,-0.0012103448275862067,0.052500000000000005,-0.052500000000000005,0
443,stationary,0.9946525967495394,1.0028280012045934,0.9880300096656984,0.014797991538894939,0.3398493619758202,0.44705858676464316,0.20205924873660203,0.24499933802804114,0.02050333333333334,0.002936862427751806,0.0151,0.0273,0.0122,0.0273,0.0011000000000000003,0.007599999999999999,-0.007800000000000001,3.793103448275863e-05,0.00395,-0.00315,0,0.018096666666666664,0.003470911967344817,0.0105,0.0244,0.013900000000000001,0.0244,-0.0017999999999999995,0.009799999999999998,-0.010999999999999998,-6.20689655172413e-05,0.0048,-0.0043,0,0.9942666666666667,0.003546084128116278,0.9877,1.0024,0.014699999999999935,1.0024,0.0029000000000000137,0.010600000000000054,-0.010299999999999976,0.00010000000000000047,0.007199999999999984,-0.0041999999999999815,0,0.22984000000000002,0.09339282849230504,0.0,0.35,0.35,0.35,-0.2275,0.2713,-0.3325,-0.007844827586206898,0.15315,-0.11380000000000001,0,0.09042333333333333,0.09172424822610256,-0.0525,0.245,0.2975,0.245,-0.13999999999999999,0.2362,-0.2537,-0.004827586206896549,0.1356,-0.13995,0,0.2027233333333333,0.03416685915280794,0.1312,0.2887,0.1575,0.2887,-0.035,0.0874,-0.08759999999999998,-0.001206896551724138,0.06129999999999999,-0.06564999999999999,0
444,stationary,0.9955210916999472,1.0028280012045934,0.9883380443957421,0.014489956808851234,0.32905597351059473,0.43877365463300094,0.20257714579882893,0.236196508834172,0.0206,0.0031399538762261437,0.0139,0.0264,0.0125,0.0264,-0.000499999999999997,0.006000000000000002,-0.007300000000000001,-1.7241379310344723e-05,0.006000000000000002,-0.00625,0,0.01847,0.0032828866607889783,0.0132,0.0256,0.012400000000000001,0.0256,0.0063999999999999994,0.0081,-0.011700000000000002,0.00022068965517241379,0.005899999999999999,-0.0043,0,0.9951266666666666,0.003361232669344879,0.988,1.0024,0.014399999999999968,1.0024,0.008900000000000019,0.010600000000000054,-0.009800000000000031,0.00030689655172413857,0.010600000000000054,-0.0047499999999999765,0,0.21613333333333334,0.09271165285287845,0.0175,0.3762,0.35869999999999996,0.3762,0.18369999999999997,0.245,-0.25379999999999997,0.006334482758620689,0.15315,-0.11374999999999999,0,0.09187666666666666,0.09426148035205537,-0.1225,0.2625,0.385,0.2625,0.1749,0.14880000000000002,-0.175,0.006031034482758621,0.0963,-0.10500000000000001,0,0.19804999999999998,0.040818680223304794,0.1312,0.3063,0.1751,0.3063,-0.008700000000000013,0.12250000000000003,-0.11380000000000001,-0.00030000000000000046,0.07,-0.04379999999999999,0
445,stationary,0.9946000614272489,1.0002895080925323,0.9881172653081212,0.012172242784411091,0.3356446156891054,0.4713045087838647,0.20502119402637375,0.26628331475749095,0.020353333333333334,0.002829126017516453,0.0139,0.0264,0.0125,0.0264,-0.0034000000000000002,0.006100000000000001,-0.007300000000000001,-0.00011724137931034484,0.0026999999999999993,-0.00625,0,0.01758,0.00350067973694962,0.0107,0.0256,0.014900000000000002,0.0256,0.0045000000000000005,0.0096,-0.011700000000000002,0.00015517241379310346,0.0056500000000000005,-0.00425,0,0.9942266666666665,0.0032196522979260145,0.9879,0.9999,0.01200000000000001,0.9999,-0.0004999999999999449,0.005400000000000071,-0.009800000000000031,-1.7241379310342928e-05,0.0050000000000000044,-0.0047499999999999765,0,0.22838666666666668,0.09640631233208365,0.0175,0.4025,0.385,0.4025,-0.035,0.2625,-0.25379999999999997,-0.001206896551724139,0.17065,-0.1312,0,0.08661666666666666,0.10893278561392432,-0.1138,0.2975,0.4113,0.2975,0.1487,0.21,-0.2187,0.00512758620689655,0.10505,-0.1225,0,0.18725666666666665,0.03601897663955654,0.1225,0.2537,0.13119999999999998,0.2537,-0.05249999999999999,0.1137,-0.11369999999999997,-0.0018103448275862066,0.04379999999999999,-0.11369999999999997,0
446,stationary,0.994413877126665,1.0011097292504954,0.988841407911299,0.012268321339196309,0.33425394660626,0.44723812449298195,0.21716928880484,0.23006883568814196,0.02040666666666667,0.002917714425927316,0.0136,0.0265,0.0129,0.0265,0.001899999999999999,0.0063999999999999994,-0.005700000000000002,6.55172413793103e-05,0.0049,-0.003599999999999999,0,0.017929999999999998,0.00334953934043227,0.0112,0.0249,0.013699999999999999,0.0249,-0.002999999999999999,0.010499999999999999,-0.011600000000000001,-0.00010344827586206894,0.00345,-0.005499999999999998,0,0.994033333333333,0.0037018479386543577,0.9886,1.0008,0.012199999999999878,1.0008,0.0010999999999999899,0.009199999999999875,-0.009199999999999875,3.793103448275827e-05,0.005649999999999988,-0.004599999999999993,0,0.23538,0.08668318613560931,-0.0175,0.3587,0.37620000000000003,0.3587,-0.0875,0.2712,-0.3588,-0.0030172413793103435,0.1225,-0.1444,0,0.08575000000000002,0.098229262969078,-0.07,0.2887,0.3587,0.2887,0.0262,0.315,-0.3062,0.000903448275862069,0.1706,-0.10500000000000001,0,0.18784666666666666,0.031405333758865665,0.1312,0.2362,0.10499999999999998,0.2362,0.0262,0.07879999999999998,-0.08759999999999998,0.000903448275862069,0.061200000000000004,-0.04379999999999999,0
447,stationary,0.9951931592647957,1.0011097292504954,0.9888115391721519,0.01229819007834343,0.3274427787958883,0.5311230460072317,0.18287889435361315,0.34824415165361855,0.020473333333333333,0.002536211311403676,0.017,0.0251,0.0081,0.0251,0.0030000000000000027,0.0063999999999999994,-0.005499999999999998,0.00010344827586206906,0.005300000000000003,-0.00345,0,0.01824,0.003400770703724428,0.0134,0.0257,0.0123,0.0257,0.006100000000000001,0.012,-0.009400000000000002,0.00021034482758620687,0.005600000000000001,-0.0043,0,0.9948066666666666,0.0034143645173694013,0.9885,1.0008,0.012299999999999867,1.0008,0.011099999999999999,0.009199999999999875,-0.009199999999999875,0.00038275862068965513,0.007900000000000018,-0.005299999999999971,0,0.22516666666666665,0.07595675872101375,0.1225,0.4112,0.2887,0.4112,0.19240000000000002,0.2187,-0.2449,0.00663448275862069,0.16620000000000001,-0.11810000000000001,0,0.08166666666666665,0.1169571578895845,-0.1663,0.2625,0.4288,0.2625,0.28,0.37629999999999997,-0.3062,0.0096551724137931,0.37629999999999997,-0.1925,0,0.18754666666666664,0.03246013718004171,0.1312,0.2362,0.10499999999999998,0.2362,-0.043800000000000006,0.08759999999999998,-0.09619999999999998,-0.001510344827586207,0.04809999999999999,-0.06129999999999999,0
448,stationary,0.9948493108625295,1.0007173027383907,0.9863824106298733,0.01433489210851735,0.3218311455879029,0.48707789931385714,0.16923764356667226,0.3178402557471849,0.020100000000000003,0.0030762718143659,0.0144,0.0267,0.012300000000000002,0.0267,-0.0069,0.007500000000000003,-0.006700000000000001,-0.00023793103448275867,0.0048000000000000004,-0.0058000000000000005,0,0.01778,0.0035800597182458972,0.0124,0.0229,0.0105,0.0229,0.004899999999999998,0.008299999999999998,-0.009099999999999999,0.00016896551724137918,0.008299999999999998,-0.0036499999999999996,0,0.9944766666666666,0.0035364782143991135,0.9861,1.0002,0.014100000000000001,1.0002,-0.006299999999999972,0.0121,-0.009500000000000064,-0.00021724137931034387,0.005700000000000038,-0.007050000000000001,0,0.21613333333333337,0.07913379039076289,0.0613,0.42,0.35869999999999996,0.42,0.04379999999999998,0.19249999999999998,-0.23620000000000002,0.001510344827586209,0.17934999999999998,-0.11810000000000001,0,0.06416000000000001,0.12876031890352682,-0.175,0.3938,0.5688,0.3938,0.1313,0.37629999999999997,-0.3588,0.004527586206896547,0.2319,-0.22315,0,0.18579999999999997,0.03808017857100988,0.0962,0.2625,0.1663,0.2625,0.0,0.08759999999999998,-0.10510000000000001,0.0,0.048100000000000004,-0.06999999999999998,0
449,stationary,0.9944984278841189,1.000540863733211,0.9870552061561704,0.013485657577040566,0.3080635519457683,0.4862683826859402,0.1841923451178143,0.3020760375681259,0.020436666666666662,0.0023892695945418757,0.0149,0.0244,0.009500000000000001,0.0244,-0.0013999999999999985,0.004699999999999999,-0.008799999999999999,-4.827586206896546e-05,0.00375,-0.0038000000000000013,0,0.017400000000000002,0.0037532514639608333,0.0093,0.0227,0.013400000000000002,0.0227,-0.006999999999999999,0.0115,-0.0112,-0.00024137931034482767,0.006700000000000001,-0.0092,0,0.9941266666666666,0.003400905896895743,0.9867,1.0001,0.013399999999999967,1.0001,0.0004999999999999449,0.009199999999999986,-0.009399999999999964,1.7241379310342928e-05,0.006199999999999983,-0.005799999999999972,0,0.20912333333333336,0.10325579781111177,0.0175,0.4462,0.42869999999999997,0.4462,0.035,0.315,-0.3675,0.0012068965517241376,0.18375,-0.16185,0,0.058030000000000005,0.08480968613353645,-0.1225,0.2362,0.3587,0.2362,0.10490000000000001,0.2012,-0.21,0.0036172413793103455,0.1356,-0.12685,0,0.18843333333333329,0.03659471728724425,0.1138,0.2625,0.1487,0.2625,0.07879999999999998,0.07879999999999998,-0.1225,0.002717241379310344,0.07879999999999998,-0.03939999999999999,0
450,stationary,0.9946251473934233,0.9995461420064607,0.9870552061561704,0.012490935850290374,0.32555706216670977,0.4862683826859402,0.17605308858409727,0.3102152941018429,0.020760000000000004,0.0021868888308783983,0.0159,0.0245,0.0086,0.0245,0.0,0.004,-0.007700000000000002,0.0,0.0023999999999999994,-0.003850000000000001,0,0.01803,0.0035482049857201957,0.0083,0.0221,0.013800000000000002,0.0221,0.001899999999999999,0.0129,-0.011600000000000001,6.551724137931019e-05,0.0062,-0.0062,0,0.9942366666666668,0.003483407302739893,0.9867,0.9991,0.012399999999999967,0.9991,-0.006199999999999983,0.009199999999999986,-0.009399999999999964,-0.00021379310344827527,0.006199999999999983,-0.005799999999999972,0,0.21991000000000002,0.09414603238476438,0.0,0.4462,0.4462,0.4462,-0.10500000000000001,0.2887,-0.3675,-0.003620689655172417,0.1225,-0.16185,0,0.07756666666666666,0.09474044154619407,-0.1488,0.2537,0.40249999999999997,0.2537,-0.0701,0.21000000000000002,-0.25379999999999997,-0.0024172413793103445,0.14,-0.1269,0,0.19455000000000003,0.04541353094732283,0.0875,0.315,0.2275,0.315,0.017499999999999988,0.2275,-0.1575,0.0006034482758620686,0.0919,-0.052500000000000005,0
451,stationary,0.9946201786372062,1.008755446081953,0.9838819847928917,0.024873461289061316,0.32738005216396077,0.6324539034585841,0.17605308858409727,0.4564008148744868,0.019933333333333338,0.0032106861801064323,0.0114,0.0268,0.0154,0.0268,0.0011999999999999997,0.0154,-0.012799999999999999,4.137931034482757e-05,0.008,-0.0036500000000000005,0,0.017830000000000002,0.004297565469602207,0.0056,0.0235,0.0179,0.0235,0.0,0.0156,-0.0134,5.981805089575197e-20,0.0062,-0.0072,0,0.9942466666666668,0.0045783398085221675,0.9838,1.0085,0.024699999999999944,1.0085,0.0048000000000000265,0.017899999999999916,-0.012499999999999956,0.00016551724137931127,0.005949999999999955,-0.005849999999999966,0,0.22779,0.07168587294098011,0.105,0.4025,0.29750000000000004,0.4025,0.09630000000000001,0.21870000000000003,-0.245,0.0033206896551724145,0.14,-0.10060000000000001,0,0.09129,0.11503656495159298,-0.0525,0.4112,0.4637,0.4112,-0.052500000000000005,0.3412,-0.4112,-0.0018103448275862057,0.21000000000000002,-0.22310000000000002,0,0.18462666666666663,0.05083455201101825,0.0875,0.315,0.2275,0.315,-0.05249999999999999,0.2275,-0.1575,-0.0018103448275862066,0.0919,-0.07,0
452,stationary,0.9943476111616685,1.008755446081953,0.9838819847928917,0.024873461289061316,0.3357870332124679,0.6324539034585841,0.16810023795343063,0.46435366550515345,0.020093333333333338,0.0036363996340955944,0.0114,0.0268,0.0154,0.0268,0.0045000000000000005,0.0154,-0.0063,0.00015517241379310346,0.0154,-0.0052499999999999995,0,0.017633333333333334,0.004197399304276427,0.0056,0.0246,0.019,0.0246,0.0154,0.0156,-0.0134,0.0005310344827586207,0.0156,-0.006549999999999999,0,0.9939733333333334,0.004918082983224777,0.9838,1.0085,0.024699999999999944,1.0085,0.011900000000000022,0.017899999999999916,-0.010999999999999899,0.00041034482758620767,0.012900000000000023,-0.007400000000000073,0,0.21174666666666664,0.10155608517849439,-0.0613,0.4112,0.47250000000000003,0.4112,-0.21,0.2974,-0.2975,-0.007241379310344826,0.15315,-0.2975,0,0.10411666666666666,0.12228500650567083,-0.1225,0.4112,0.5337000000000001,0.4112,0.1663,0.4375,-0.4112,0.005734482758620691,0.3412,-0.22310000000000002,0,0.19980666666666663,0.042376228968717775,0.1225,0.2713,0.1488,0.2713,-0.035,0.14,-0.1488,-0.001206896551724138,0.05685,-0.07,0
453,stationary,0.9943590948664028,1.0014382706887128,0.9863401695155682,0.015098101173144585,0.3153278350485307,0.4729335999905272,0.19975970564655923,0.273173894343968,0.020276666666666672,0.003282942680534974,0.0139,0.0286,0.014700000000000001,0.0286,-0.006600000000000002,0.0079,-0.0086,-0.00022758620689655178,0.0056500000000000005,-0.00575,0,0.017826666666666664,0.003917417634046723,0.0108,0.0252,0.0144,0.0252,-0.003000000000000001,0.0133,-0.0133,-0.00010344827586206888,0.0049499999999999995,-0.007899999999999999,0,0.9939800000000001,0.00411594041711506,0.986,1.0009,0.014899999999999913,1.0009,-0.0021999999999999797,0.012399999999999967,-0.010300000000000087,-7.586206896551654e-05,0.006699999999999984,-0.007399999999999962,0,0.21789666666666666,0.07775600424020192,0.1138,0.3762,0.26239999999999997,0.3762,-0.061200000000000004,0.245,-0.24499999999999997,-0.002110344827586205,0.12245,-0.1006,0,0.07232999999999999,0.11899504234819312,-0.1225,0.3587,0.4812,0.3587,0.1838,0.3412,-0.175,0.006337931034482759,0.21435,-0.13565,0,0.17530999999999997,0.040305714063974804,0.0875,0.2713,0.1838,0.2713,-0.0262,0.1225,-0.07879999999999998,-0.000903448275862069,0.05249999999999999,-0.07,0
454,stationary,0.9939770960074231,1.0006994803636104,0.9893312387668753,0.011368241596735107,0.32065037114226425,0.45860829691578847,0.1718746054540926,0.28673369146169586,0.020243333333333335,0.0026028741850094303,0.0154,0.0268,0.0114,0.0268,-0.0026999999999999975,0.0052,-0.006100000000000001,-9.310344827586198e-05,0.003049999999999999,-0.0053999999999999986,0,0.01845,0.0036454742844547246,0.0123,0.0261,0.013800000000000002,0.0261,-0.007300000000000001,0.0102,-0.0105,-0.00025172413793103426,0.0038000000000000013,-0.0105,0,0.99359,0.003423785966562109,0.9889,1.0,0.011099999999999999,1.0,0.0017000000000000348,0.009700000000000042,-0.008900000000000019,5.862068965517362e-05,0.004850000000000021,-0.005500000000000005,0,0.21905333333333335,0.08768986389478009,0.035,0.3762,0.34119999999999995,0.3762,0.10499999999999998,0.3237,-0.24499999999999997,0.003620689655172414,0.12685000000000002,-0.13565,0,0.06855333333333334,0.09995053857243362,-0.0962,0.2537,0.3499,0.2537,-0.2975,0.3237,-0.2538,-0.01025862068965517,0.1356,-0.2538,0,0.1928,0.04120968249130879,0.1312,0.28,0.14880000000000002,0.28,0.07,0.11379999999999998,-0.14009999999999997,0.002413793103448276,0.04375,-0.05249999999999999,0
455,stationary,0.9949351141137753,1.013952198084308,0.9893312387668753,0.02462095931743269,0.32240628792730314,0.46699993576016685,0.12886500688705216,0.3381349288731147,0.020786666666666665,0.0037615782943291,0.0146,0.0352,0.0206,0.0352,0.0058,0.0206,-0.013700000000000004,0.00019999999999999993,0.008600000000000002,-0.0085,0,0.0183,0.0036502243672183335,0.0095,0.0261,0.016600000000000004,0.0261,9.99999999999994e-05,0.012600000000000002,-0.0112,3.4482758620689447e-06,0.006849999999999999,-0.00525,0,0.9945366666666666,0.005060563096195376,0.989,1.0131,0.0240999999999999,1.0131,0.0041999999999999815,0.02299999999999991,-0.021199999999999886,0.00014482758620689592,0.010499999999999954,-0.010899999999999965,0,0.23041666666666666,0.09612498000836825,0.035,0.3762,0.34119999999999995,0.3762,0.13119999999999998,0.3237,-0.3237,0.0045241379310344805,0.14,-0.13565,0,0.04550333333333333,0.10982748064918509,-0.1838,0.2275,0.4113,0.2275,-0.035,0.2713,-0.2538,-0.00120689655172414,0.09625,-0.17504999999999998,0,0.18345999999999998,0.046686345932742734,0.0787,0.2713,0.1926,0.2713,0.008800000000000002,0.18380000000000002,-0.15749999999999997,0.00030344827586207,0.05254999999999999,-0.07,0
456,stationary,1.0133858769213677,1.5579047628144667,0.8120203630451641,0.7458843997693025,0.6674077829265243,4.002342150541355,0.12886500688705216,3.873477143654303,0.018583333333333334,0.020726612633625588,-0.0691,0.0612,0.1303,0.0691,0.007600000000000001,0.062099999999999995,-0.0556,0.0002620689655172412,0.04185,-0.0486,1,0.006123333333333334,0.05681993751185032,-0.254,0.06,0.314,0.254,0.019999999999999997,0.1376,-0.2894,0.0006896551724137917,0.13505,-0.1268,1,1.0117433333333332,0.11038001344363069,0.7999,1.537,0.7370999999999999,1.537,0.0018000000000000238,0.5373999999999999,-0.7370999999999999,6.20689655172422e-05,0.27119999999999994,-0.28769999999999996,0,0.20563,0.5912642049908384,-1.12,2.5988,3.7188000000000003,2.5988,-0.15739999999999998,2.8438000000000003,-2.7213000000000003,-0.005427586206896553,1.0019,-1.1287500000000001,0,0.20125333333333334,0.7524596425119392,-1.1375,3.0275,4.165,3.0275,0.1925,3.3338,-3.3338,0.006637931034482774,1.25125,-1.47,0,0.18229,0.14881458574694378,-0.315,0.5075,0.8225,0.5075,-0.0262,0.5512,-0.8225,-0.0009034482758620643,0.2975,-0.2625,0
457,stationary,0.9948803820775097,1.0004903847613928,0.9884558664907604,0.0120345182706324,0.33880477005297427,0.5241188510252232,0.22634418481595678,0.2977746662092664,0.020110000000000006,0.0029440003279610012,0.0146,0.0256,0.011000000000000001,0.0256,-0.0034000000000000002,0.006999999999999999,-0.005999999999999998,-0.00011724137931034484,0.0034999999999999996,-0.00405,0,0.017883333333333338,0.003401225269418851,0.0121,0.0244,0.012300000000000002,0.0244,-0.006200000000000001,0.008800000000000002,-0.009899999999999999,-0.00021379310344827582,0.0049499999999999995,-0.009899999999999999,0,0.9945066666666665,0.003303596090086799,0.988,0.9999,0.011900000000000022,0.9999,0.000200000000000089,0.00869999999999993,-0.006099999999999994,6.896551724141e-06,0.005950000000000011,-0.0049000000000000155,0,0.23713666666666666,0.08491164366495951,0.0875,0.4988,0.4113,0.4988,-0.10499999999999998,0.32380000000000003,-0.3588,-0.003620689655172413,0.11375000000000002,-0.3588,0,0.08050666666666668,0.12320306179954137,-0.1663,0.3675,0.5338,0.3675,0.21,0.2713,-0.2362,0.007241379310344827,0.2056,-0.15309999999999999,0,0.18610333333333332,0.043285001649718026,0.105,0.28,0.17500000000000004,0.28,-0.07,0.1049,-0.1487,-0.0024137931034482756,0.06125,-0.05685000000000001,0
458,stationary,1.0029086835617798,1.5028197596518353,0.8661649958293166,0.6366547638225187,0.9072497614292646,10.929835534901704,0.22990461065407103,10.699930924247633,0.022503333333333334,0.015941519923497394,-0.0332,0.0763,0.10950000000000001,0.0763,-0.0005999999999999998,0.0828,-0.0638,-2.0689655172413668e-05,0.0279,-0.029250000000000005,0,0.023070000000000004,0.0340370908234552,-0.0215,0.1565,0.178,0.1565,-0.0427,0.1497,-0.1528,-0.001472413793103448,0.06905,-0.0758,0,1.0018266666666666,0.09924637032651876,0.8566,1.4927,0.6360999999999999,1.4927,0.012099999999999889,0.5085,-0.5178999999999999,0.000417241379310341,0.24909999999999993,-0.24954999999999994,0,0.12367,1.080402552420098,-5.3113,1.33,6.6413,5.3113,-0.2713,5.9501,-5.2763,-0.00935517241379311,2.6863,-2.8000000000000003,0,0.4803733333333333,1.8203502580610658,-0.8575,9.4937,10.3512,9.4937,-0.3674,8.8987,-8.96,-0.012668965517241443,4.733750000000001,-4.72935,0,0.16888,0.23811130749844847,-1.0588,0.3237,1.3824999999999998,1.0588,0.061200000000000004,1.3125,-1.2163,0.002110344827586212,0.6388,-0.6388,0
459,stationary,1.0084175343650403,1.5028197596518353,0.8661649958293166,0.6366547638225187,0.8967837877208766,10.929835534901704,0.16268952025253502,10.76714601464917,0.019766666666666665,0.01734707236222383,-0.0332,0.0763,0.10950000000000001,0.0763,-0.0553,0.0828,-0.0638,-0.0019068965517241372,0.02725,-0.059800000000000006,0,0.02615666666666667,0.03319497971321748,-0.0215,0.1565,0.178,0.1565,-0.1382,0.1006,-0.1528,-0.004765517241379311,0.05955,-0.1528,0,1.0073266666666667,0.09603054087949935,0.8566,1.4927,0.6360999999999999,1.4927,-0.49249999999999994,0.16920000000000002,-0.5178999999999999,-0.016982758620689653,0.06964999999999999,-0.5178999999999999,0,0.1426366666666667,1.0688025857144456,-5.3113,1.33,6.6413,5.3113,5.5826,5.9501,-1.2075,0.19250344827586202,5.9501,-0.63,0,0.5118733333333334,1.8063533285435136,-0.4288,9.4937,9.922500000000001,9.4937,-9.4849,3.2725,-8.96,-0.32706551724137933,1.63185,-8.96,0,0.17383999999999997,0.2416299573228909,-1.0588,0.4812,1.54,1.0588,1.3125,1.3125,-0.22750000000000004,0.045258620689655166,1.3125,-0.14435,0
460,stationary,0.9938895885023395,1.0005877922501352,0.9782141841130704,0.022373608137064793,0.3076494414025602,0.5532060556429222,0.17887951252169712,0.37432654312122515,0.020700000000000003,0.0035345584516705713,0.0137,0.0278,0.014099999999999998,0.0278,-0.004399999999999998,0.008300000000000002,-0.009400000000000002,-0.0001517241379310344,0.0051,-0.007049999999999999,0,0.019026666666666667,0.004371296133306169,0.011,0.0329,0.0219,0.0329,0.0161,0.014599999999999998,-0.0119,0.0005551724137931036,0.014599999999999998,-0.0035499999999999993,0,0.9934766666666667,0.004463930797057611,0.9777,1.0002,0.022499999999999964,1.0002,-0.0008000000000000229,0.01629999999999998,-0.017299999999999982,-2.7586206896552513e-05,0.009299999999999975,-0.007849999999999968,0,0.21672,0.09837662464153804,0.0262,0.525,0.4988,0.525,0.0,0.28880000000000006,-0.28,-1.914177628664063e-18,0.1925,-0.17935,0,0.06388,0.09341061152153746,-0.0787,0.28,0.3587,0.28,0.22749999999999998,0.26249999999999996,-0.2888,0.007844827586206898,0.20129999999999998,-0.10504999999999999,0,0.17968666666666663,0.0339057286720343,0.0962,0.2537,0.15749999999999997,0.2537,0.035,0.0876,-0.0874,0.001206896551724138,0.0876,-0.052550000000000006,0
461,stationary,0.9952175261648765,1.0003812573214275,0.9898435684490756,0.010537688872351847,0.34422163759293833,0.4664056067416,0.21948277836768879,0.2469228283739112,0.020846666666666666,0.002324195572121947,0.0163,0.0252,0.008900000000000002,0.0252,-0.0002999999999999982,0.0068000000000000005,-0.006600000000000002,-1.0344827586206834e-05,0.0032499999999999994,-0.00345,0,0.01793,0.003211096063812866,0.0102,0.0227,0.0125,0.0227,-0.0022000000000000006,0.011299999999999998,-0.0115,-7.586206896551726e-05,0.00455,-0.005500000000000001,0,0.9948300000000001,0.0024956721159529135,0.9894,0.9999,0.010500000000000065,0.9999,-0.0008000000000000229,0.007800000000000029,-0.00660000000000005,-2.7586206896552513e-05,0.0035499999999999976,-0.005250000000000032,0,0.24325333333333335,0.08128207900771296,0.07,0.4025,0.3325,0.4025,-0.05249999999999999,0.2625,-0.245,-0.0018103448275862046,0.12685000000000002,-0.18369999999999997,0,0.08312666666666665,0.09311497502932944,-0.1225,0.2625,0.385,0.2625,0.1137,0.2363,-0.175,0.003920689655172413,0.18375,-0.13125,0,0.20067666666666667,0.03668354590589471,0.1138,0.2713,0.15749999999999997,0.2713,0.06999999999999998,0.07879999999999998,-0.0963,0.0024137931034482743,0.05249999999999999,-0.07874999999999999,0
462,stationary,0.9945142647037212,0.999401050629826,0.9897757978451484,0.00962525278467763,0.3256102010647818,0.43049034832386196,0.18872781988885476,0.2417625284350072,0.020380000000000002,0.00249805441535387,0.0167,0.0261,0.009400000000000002,0.0261,0.0005000000000000004,0.007300000000000001,-0.005899999999999999,1.7241379310344842e-05,0.00395,-0.004,0,0.017713333333333338,0.0031013604726972963,0.0119,0.0236,0.011699999999999999,0.0236,-0.007599999999999999,0.0082,-0.009099999999999999,-0.0002620689655172416,0.004150000000000001,-0.0078,0,0.9941399999999999,0.0023529292088945246,0.9894,0.9989,0.009500000000000064,0.9989,0.0004999999999999449,0.006099999999999994,-0.007499999999999951,1.7241379310342928e-05,0.0039000000000000146,-0.004750000000000032,0,0.22750666666666666,0.07458963565487123,0.07,0.3587,0.2887,0.3587,0.017600000000000005,0.2625,-0.2449,0.0006068965517241371,0.0919,-0.14435,0,0.05921333333333333,0.09563420875950965,-0.14,0.2713,0.4113,0.2713,-0.1575,0.245,-0.18370000000000003,-0.005431034482758627,0.13565,-0.13125,0,0.19776999999999995,0.027516755397143152,0.1488,0.2537,0.1049,0.2537,-0.0174,0.05250000000000002,-0.06989999999999999,-0.0006,0.05249999999999999,-0.04369999999999999,0
463,stationary,0.9947436897076696,1.0037672937489048,0.9843480075664297,0.019419286182475126,0.3160887420513909,0.5033802638165307,0.10886032335061291,0.39451994046591776,0.02023,0.0028250297526660273,0.016,0.0254,0.009399999999999999,0.0254,0.0017000000000000001,0.0076999999999999985,-0.005599999999999997,5.862068965517242e-05,0.005299999999999999,-0.0030500000000000006,0,0.018039999999999997,0.0038527732958176394,0.0098,0.0276,0.0178,0.0276,-0.0023,0.013399999999999999,-0.014100000000000001,-7.931034482758627e-05,0.00425,-0.00675,0,0.9943633333333332,0.00454945872743602,0.984,1.0035,0.019500000000000073,1.0035,0.006400000000000072,0.011299999999999977,-0.013700000000000045,0.00022068965517241628,0.007099999999999995,-0.007250000000000034,0,0.22051333333333334,0.09841973706365081,0.0437,0.4638,0.4201,0.4638,0.1925,0.2713,-0.3938,0.006637931034482764,0.13124999999999998,-0.13999999999999999,0,0.054830000000000004,0.10957764417730596,-0.14,0.2975,0.4375,0.2975,-0.008700000000000006,0.3237,-0.2975,-0.00029999999999999856,0.18375,-0.13125,0,0.17968666666666663,0.0431050659742411,0.0962,0.2713,0.17509999999999998,0.2713,-0.10510000000000001,0.1138,-0.1226,-0.003624137931034484,0.0569,-0.0613,0
464,stationary,0.9944100369828794,1.0020211774209167,0.9883916480828842,0.01362952933803252,0.3409479151168867,0.516768807108169,0.2087640773696471,0.3080047297385219,0.020210000000000002,0.0028910503997324403,0.0159,0.026,0.010099999999999998,0.026,0.007300000000000001,0.0076999999999999985,-0.007099999999999999,0.00025172413793103453,0.004699999999999999,-0.0032499999999999994,0,0.01808,0.0035830443615104354,0.0119,0.0256,0.0137,0.0256,0.0085,0.0099,-0.011,0.0002931034482758621,0.0098,-0.0036500000000000005,0,0.99403,0.0038763785089729937,0.988,1.0016,0.013600000000000056,1.0016,0.0010999999999999899,0.008400000000000074,-0.012500000000000067,3.793103448275827e-05,0.008399999999999963,-0.006450000000000011,0,0.2490966666666667,0.08544494288351895,0.07,0.4638,0.3938,0.4638,0.13999999999999999,0.2713,-0.3938,0.004827586206896552,0.13124999999999998,-0.13125,0,0.06475333333333333,0.11559821241110814,-0.1312,0.2537,0.3849,0.2537,0.017500000000000016,0.3237,-0.2626,0.0006034482758620638,0.2975,-0.22749999999999998,0,0.18521666666666664,0.038041067494116856,0.0962,0.245,0.1488,0.245,0.0,0.09620000000000001,-0.0963,9.570888143320315e-19,0.0569,-0.04375,0
465,stationary,1.0079380651235192,1.272075041025489,0.9880724770987198,0.28400256392676926,0.6718918146519054,5.695813155292228,0.1752211174487824,5.520592037843445,0.01609666666666667,0.014665241179420634,-0.0361,0.034,0.0701,0.0361,-0.016000000000000004,0.0532,-0.057800000000000004,-0.0005517241379310353,0.02805,-0.029300000000000003,0,0.01780666666666667,0.01601374266132026,-0.0343,0.0649,0.0992,0.0649,0.0374,0.0605,-0.05159999999999999,0.0012896551724137938,0.0605,-0.0278,0,1.00743,0.052512561058907746,0.9877,1.2711,0.2833999999999999,1.2711,-0.04910000000000003,0.2819999999999999,-0.2016,-0.001693103448275863,0.14169999999999994,-0.14119999999999994,0,0.26513666666666663,0.36092777525984754,-0.5775,1.7325,2.31,1.7325,-1.7237,0.805,-1.8988,-0.059437931034482756,0.735,-1.8988,0,-0.24471333333333337,1.1173720748296854,-5.565,0.4812,6.046200000000001,5.565,-0.4812,3.6750000000000007,-5.4775,-0.016593103448275835,2.0125,-2.7912500000000002,0,0.2184733333333333,0.16735606874901915,0.0437,1.0675,1.0237999999999998,1.0675,-0.0963,0.8574999999999999,-0.7961999999999999,-0.00332068965517241,0.4462499999999999,-0.5118999999999999,0
466,stationary,0.9951912242494279,1.000582685238956,0.9879423768621326,0.012640308376823506,0.3283990201891276,0.5625356699801356,0.1752211174487824,0.38731455253135316,0.020003333333333338,0.0029941878564212084,0.0151,0.0279,0.0128,0.0279,-0.0032000000000000015,0.006200000000000001,-0.009900000000000003,-0.00011034482758620695,0.004700000000000001,-0.005900000000000001,0,0.01813666666666667,0.003895663666475694,0.0088,0.0251,0.016300000000000002,0.0251,-0.0095,0.011300000000000001,-0.011499999999999998,-0.0003275862068965517,0.00585,-0.0113,0,0.9948133333333332,0.003125946293506181,0.9877,1.0001,0.012399999999999967,1.0001,-0.0035999999999999366,0.00759999999999994,-0.010000000000000009,-0.00012413793103448057,0.0048499999999999654,-0.005149999999999988,0,0.2140866666666667,0.09235601928867752,0.0088,0.4288,0.42000000000000004,0.4288,-0.07,0.2625,-0.29750000000000004,-0.002413793103448276,0.17495000000000002,-0.15315,0,0.09478999999999999,0.12720288532294682,-0.1575,0.3325,0.49,0.3325,-0.1488,0.315,-0.2626,-0.005131034482758621,0.14875,-0.2626,0,0.18522333333333332,0.03176046863344576,0.105,0.2537,0.1487,0.2537,0.017499999999999988,0.07869999999999999,-0.0875,0.0006034482758620686,0.04815,-0.06559999999999999,0
467,stationary,0.9948230699980802,1.000582685238956,0.9871228343017905,0.013459850937165618,0.3379694937104006,0.5625356699801356,0.2042601037892618,0.3582755661908738,0.02017666666666667,0.0026146382796351265,0.0154,0.0249,0.009499999999999998,0.0249,0.0075,0.005899999999999999,-0.004,0.0002586206896551724,0.0030999999999999986,-0.0031000000000000003,0,0.018333333333333333,0.003595431328336227,0.0123,0.0251,0.0128,0.0251,-9.99999999999994e-05,0.011300000000000001,-0.0113,-3.4482758620689447e-06,0.004,-0.003899999999999999,0,0.9944400000000001,0.003217259489175473,0.9868,1.0001,0.013299999999999979,1.0001,0.007900000000000018,0.00759999999999994,-0.007199999999999984,0.0002724137931034489,0.0048499999999999654,-0.0046499999999999875,0,0.2283766666666667,0.08489736068085223,0.0613,0.3762,0.31489999999999996,0.3762,0.1925,0.2362,-0.2713,0.00663793103448276,0.13130000000000003,-0.11370000000000001,0,0.10586333333333335,0.09347641592045201,-0.0613,0.3325,0.39380000000000004,0.3325,-0.13999999999999999,0.28,-0.2626,-0.004827586206896552,0.1444,-0.14875,0,0.1998033333333333,0.04255551735640473,0.1225,0.2887,0.16620000000000001,0.2887,-0.008699999999999986,0.1488,-0.1137,-0.0002999999999999995,0.06564999999999999,-0.06559999999999999,0
468,stationary,0.9940904738572041,1.001250283395715,0.9855292486780897,0.015721034717625426,0.31641804313553984,0.5236503509022027,0.19427027564709945,0.32938007525510327,0.019813333333333336,0.002945450417324919,0.0134,0.0249,0.011499999999999998,0.0249,-0.003199999999999998,0.005899999999999999,-0.008199999999999999,-0.00011034482758620683,0.0048000000000000004,-0.004199999999999999,0,0.01788333333333333,0.004073216413845819,0.0059,0.0261,0.020200000000000003,0.0261,-0.0006999999999999992,0.0137,-0.014100000000000001,-2.4137931034482853e-05,0.007600000000000001,-0.007000000000000001,0,0.9937199999999999,0.0035187576177414886,0.9853,1.0009,0.015599999999999947,1.0009,-0.0041999999999999815,0.008200000000000096,-0.005599999999999938,-0.00014482758620689592,0.007799999999999974,-0.003599999999999992,0,0.21466666666666664,0.09179811933064685,-0.0088,0.3938,0.40259999999999996,0.3938,0.13119999999999998,0.2713,-0.2976,0.004524137931034483,0.25379999999999997,-0.08750000000000002,0,0.08982333333333334,0.07863257061116302,-0.0962,0.2975,0.3937,0.2975,0.1226,0.245,-0.1925,0.004227586206896552,0.10935,-0.1225,0,0.1893033333333333,0.04106693009133306,0.1138,0.2713,0.15749999999999997,0.2713,-0.06129999999999999,0.13129999999999997,-0.1137,-0.0021137931034482756,0.0612,-0.10499999999999998,0
469,stationary,0.9965679596862489,1.0898822000565014,0.9251362602341344,0.16474593982236696,0.46868047619678677,1.7285999045470297,0.1140323638271171,1.6145675407199127,0.019120000000000005,0.009553746331440733,-0.0197,0.0334,0.053099999999999994,0.0334,-0.0085,0.030699999999999998,-0.053099999999999994,-0.00029310344827586187,0.0202,-0.020999999999999998,0,0.02037,0.010011825766183398,0.0032,0.053,0.0498,0.053,-0.004700000000000001,0.0299,-0.046,-0.00016206896551724124,0.01745,-0.025099999999999997,0,0.9960833333333334,0.02415383289828262,0.9249,1.0897,0.16479999999999984,1.0897,-0.011399999999999966,0.10399999999999987,-0.10199999999999987,-0.0003931034482758609,0.046699999999999964,-0.045399999999999996,0,0.13970000000000002,0.3487563451406469,-1.0675,0.8487,1.9162,1.0675,0.0874,1.3913,-1.5575,0.003013793103448271,0.8355999999999999,-0.62125,0,0.15517666666666668,0.4372380931785756,-0.385,1.7237,2.1087,1.7237,-0.16620000000000001,1.6887,-1.7412,-0.005731034482758616,0.85745,-0.80495,0,0.16304333333333332,0.06895447615354058,-0.07,0.2625,0.3325,0.2625,-0.0262,0.3237,-0.2363,-0.00090344827586207,0.14875,-0.09190000000000001,0
470,stationary,0.9954736507936556,1.0294166794840658,0.9844059477674848,0.04501073171658099,0.3746592922446723,1.7285999045470297,0.13691124862479345,1.5916886559222363,0.01966666666666667,0.004412781852546183,0.0081,0.0273,0.019200000000000002,0.0273,0.007800000000000001,0.009800000000000001,-0.019200000000000002,0.00026896551724137936,0.0097,-0.005800000000000001,0,0.01824666666666667,0.007345265110275455,-0.0083,0.0368,0.0451,0.0368,-0.019000000000000003,0.0323,-0.0295,-0.0006551724137931031,0.015200000000000002,-0.01465,0,0.9950766666666666,0.0077658706611967625,0.9841,1.0289,0.04479999999999995,1.0289,-0.03529999999999989,0.010000000000000009,-0.037799999999999945,-0.001217241379310341,0.007300000000000029,-0.037799999999999945,0,0.21175333333333332,0.14470401594249227,-0.0875,0.6825,0.77,0.6825,-0.525,0.25370000000000004,-0.48119999999999996,-0.018103448275862074,0.1794,-0.48119999999999996,0,0.14671,0.3362936425722062,-0.0962,1.7237,1.8199,1.7237,-0.7525,1.6887,-1.7412,-0.025948275862068968,0.85745,-0.8836999999999999,0,0.17238666666666663,0.040934175362936996,0.0962,0.245,0.1488,0.245,0.0701,0.10510000000000001,-0.1137,0.002417241379310344,0.0569,-0.05249999999999999,0
471,stationary,0.9951641491201505,1.0026651036113703,0.9844059477674848,0.01825915584388549,0.31304560345940025,0.4825419049160394,0.18472717721006837,0.297814727705971,0.020683333333333335,0.002895666599847307,0.0152,0.0268,0.011600000000000001,0.0268,-0.0013999999999999985,0.008,-0.005800000000000001,-4.827586206896546e-05,0.0043,-0.004199999999999999,0,0.01822,0.006170083551661418,-0.0083,0.0246,0.0329,0.0246,-0.005400000000000002,0.0323,-0.0295,-0.00018620689655172396,0.015200000000000002,-0.01465,0,0.99476,0.004633506157365594,0.9841,1.0021,0.018000000000000016,1.0021,-0.009800000000000031,0.010000000000000009,-0.018000000000000016,-0.00033793103448275967,0.007300000000000029,-0.018000000000000016,0,0.19570666666666664,0.12755659442619655,-0.0875,0.4025,0.49,0.4025,-0.09620000000000001,0.2887,-0.35000000000000003,-0.0033172413793103456,0.1794,-0.20995,0,0.09508666666666668,0.0926484707182843,-0.0525,0.2975,0.35,0.2975,-0.017400000000000006,0.16620000000000001,-0.2362,-0.000599999999999998,0.15750000000000003,-0.16625,0,0.17909333333333327,0.0424922949066861,0.0962,0.245,0.1488,0.245,-0.04379999999999998,0.13119999999999998,-0.10510000000000001,-0.0015103448275862066,0.0569,-0.05685,0
