timestamp,a_x,a_y,a_z,dps_x,dps_y,dps_z,pressure,target
562502,0.0078,0.0217,0.9969,0.2625,0.1400,0.2800,1000.9854,right_turn
562562,0.0087,0.0207,0.9965,0.2275,0.1488,0.2100,1000.9688,right_turn
562622,0.0090,0.0232,0.9941,0.2887,0.0787,0.2450,1000.9797,right_turn
562682,0.0071,0.0231,0.9933,0.2800,0.1312,0.3237,1000.9797,right_turn
562742,0.0059,0.0239,0.9922,0.1663,0.0787,0.2188,1000.9875,right_turn
562802,0.0059,0.0212,0.9919,0.1488,0.1138,0.1750,1000.9749,right_turn
562862,0.0092,0.0208,0.9992,0.2275,0.0875,0.2100,1000.9871,right_turn
562922,0.0088,0.0229,0.9963,0.2450,0.1400,0.2188,1000.9773,right_turn
562982,0.0071,0.0186,0.9933,0.2188,0.2362,0.2100,1000.9871,right_turn
563042,0.0069,0.0121,1.0080,0.2188,0.3237,0.2625,1000.9814,right_turn
563102,0.0110,0.0273,0.9970,0.0350,-0.0525,0.2275,1000.9854,right_turn
563162,0.0049,0.0168,0.9821,0.0962,0.2450,0.2100,1000.9824,right_turn
563222,0.0086,0.0168,0.9955,0.2100,0.2013,0.2625,1000.9829,right_turn
563282,0.0065,0.0159,0.9945,0.2275,0.1400,0.2275,1000.9785,right_turn
563342,0.0059,0.0193,0.9936,0.1925,-0.0088,0.2713,1000.9851,right_turn
563402,0.0027,0.0142,0.9897,0.2537,0.0962,0.2188,1000.9932,right_turn
563462,0.0010,0.0248,0.9920,0.2887,0.5950,0.2625,1000.9868,right_turn
563522,0.0132,0.0254,1.0208,0.4550,0.5863,0.2450,1000.9839,right_turn
563582,-0.0439,0.0137,0.9755,0.2188,-0.0175,0.2013,1000.9868,right_turn
563642,-0.0570,0.0232,0.9972,0.5425,0.7175,0.2275,1000.9783,right_turn
563702,-0.0569,0.0200,1.0094,0.0700,0.5950,0.2975,1000.9934,right_turn
563762,-0.0752,0.0220,0.9972,0.1138,0.6037,0.1925,1000.9834,right_turn
563822,-0.0813,0.0183,1.0031,0.3762,0.7088,0.2362,1000.9956,right_turn
563882,-0.0891,0.0204,0.9978,0.1138,0.5425,0.1225,1000.9783,right_turn
563942,-0.1027,0.0192,0.9953,0.0350,0.4375,0.0787,1000.9790,right_turn
564002,-0.1119,0.0181,0.9979,0.1663,0.5775,0.2450,1000.9922,right_turn
564062,-0.1247,0.0122,0.9922,0.1225,0.3938,0.1575,1000.9846,right_turn
564122,-0.1272,0.0154,0.9943,-0.0262,0.4638,0.1663,1000.9910,right_turn
564182,-0.1335,0.0114,0.9977,0.1488,0.5512,0.2013,1000.9846,right_turn
564242,-0.1363,0.0098,0.9941,0.0875,0.3762,0.1750,1000.9907,right_turn
564302,-0.1396,0.0137,0.9924,0.1750,0.2362,0.1488,1000.9905,right_turn
564362,-0.1402,0.0170,0.9911,0.0962,0.0875,0.1312,1000.9868,right_turn
564422,-0.1418,0.0012,0.9829,0.1750,-0.0175,0.0613,1000.9885,right_turn
564482,-0.1176,0.0183,0.9973,0.2975,-0.2100,-0.0437,1000.9829,right_turn
564542,-0.1141,0.0188,1.0063,-0.2188,-0.1138,0.0962,1000.9841,right_turn
564602,-0.1107,0.0246,0.9926,0.5512,-0.1488,0.0700,1000.9871,right_turn
564662,-0.1135,0.0097,1.0026,0.5250,0.2013,-0.0088,1000.9863,right_turn
564722,-0.1389,-0.0002,0.9897,1.2775,0.5163,0.0962,1000.9946,right_turn
564782,-0.1338,0.0264,0.9833,-0.4200,-0.0437,0.3063,1000.9912,right_turn
564842,-0.1196,0.0231,1.0023,-0.1925,0.0175,0.3325,1000.9785,right_turn
564902,-0.1005,0.0234,1.0014,0.1050,-0.0700,-0.1225,1000.9817,right_turn
564962,-0.1119,0.0237,0.9943,-0.4550,-0.3150,-0.2275,1000.9846,right_turn
565022,-0.1015,0.0085,0.9911,-0.3500,-0.2800,-0.0525,1000.9890,right_turn
565082,-0.1049,0.0292,1.0028,0.5950,0.2188,0.2275,1000.9814,right_turn
565142,-0.1089,0.0066,0.9825,0.9625,0.3237,0.3325,1000.9775,right_turn
565202,-0.0856,0.0237,1.0255,0.4375,0.4288,0.3938,1000.9792,right_turn
565262,-0.1017,0.0023,0.9757,0.0525,-0.0525,0.1750,1000.9741,right_turn
565322,-0.0972,0.0105,1.0136,1.1287,-0.4200,0.0787,1000.9768,right_turn
565382,-0.0981,0.0234,0.9770,0.1138,-0.0787,0.2013,1000.9817,right_turn
565442,-0.1102,0.0268,0.9350,-0.2450,-1.1287,0.2100,1000.9792,right_turn
565502,-0.0913,0.0188,0.9999,0.2537,-0.3063,0.0350,1000.9829,right_turn
565562,-0.1050,0.0029,0.9875,-0.2800,-0.4112,0.3150,1000.9810,right_turn
565622,-0.0886,0.0181,0.9812,0.1050,0.1838,0.0175,1000.9724,right_turn
565682,-0.0747,0.0090,1.0114,0.6562,0.0613,-0.1138,1000.9685,right_turn
565742,-0.0777,-0.0261,1.0417,0.2188,-0.7175,0.2362,1000.9644,right_turn
565802,-0.0611,0.0598,0.9946,0.5950,-0.6562,0.3500,1000.9758,right_turn
565862,-0.0890,0.0253,0.9750,0.4288,-0.0262,0.3587,1000.9739,right_turn
565922,-0.0734,0.0498,1.0014,0.0175,-0.0700,0.0787,1000.9673,right_turn
565982,-0.0474,-0.0046,1.0260,-0.4988,-1.4525,0.2800,1000.9773,right_turn
566042,-0.0671,0.0212,1.0273,-0.6125,0.3150,0.0000,1000.9678,right_turn
566102,-0.0728,0.0142,0.9631,-0.0875,-0.0262,0.0088,1000.9668,right_turn
566162,-0.0576,0.0590,0.9406,0.1050,-1.1113,-0.1225,1000.9670,right_turn
566222,-0.0457,-0.0047,0.9587,-0.7088,-0.6562,0.2537,1000.9585,right_turn
566282,-0.0432,0.0622,0.9897,0.9887,0.0262,0.3325,1000.9543,right_turn
566342,-0.0361,-0.0218,1.0212,-0.7525,-0.0700,0.0787,1000.9561,right_turn
566402,-0.0454,0.0126,0.9418,0.0350,-1.1113,-0.1225,1000.9705,right_turn
566462,-0.0490,-0.0144,1.0067,0.3500,-0.2537,0.1488,1000.9607,right_turn
566522,-0.0463,0.0060,1.0097,0.2013,0.2013,0.3762,1000.9712,right_turn
566582,-0.0809,0.0324,0.9723,-0.1400,-0.4200,0.5075,1000.9622,right_turn
566642,-0.0752,0.0041,0.9995,-0.4025,-0.9450,0.2625,1000.9600,right_turn
566702,-0.0161,0.0100,1.0282,2.2750,0.2800,0.0000,1000.9636,right_turn
566762,-0.0099,0.0398,1.0316,0.5863,0.6037,-0.1925,1000.9619,right_turn
566822,-0.0182,0.0295,1.0126,0.5337,0.2537,0.1488,1000.9631,right_turn
566882,-0.0351,0.0240,1.0069,0.2975,1.1025,0.0088,1000.9631,right_turn
566942,-0.0375,-0.0054,0.9884,1.2425,-0.2537,0.1312,1000.9651,right_turn
567002,0.0140,0.0434,1.0402,0.3325,0.3325,-0.1838,1000.9609,right_turn
567062,0.0096,0.0776,1.0228,0.8925,-0.3500,-0.1225,1000.9634,right_turn
567122,0.0329,-0.0017,1.0384,-0.0175,-0.4725,-0.0875,1000.9663,right_turn
567182,0.0335,0.0290,1.0075,1.3650,0.6562,-0.2013,1000.9600,right_turn
567242,0.0694,0.0586,1.0138,0.0525,-0.2625,-0.2975,1000.9626,right_turn
567302,0.0498,0.0382,1.0327,-0.0525,-1.2162,-0.7000,1000.9585,right_turn
567362,0.0363,0.0796,0.9833,1.0938,0.1138,-1.0500,1000.9719,right_turn
567422,0.0422,0.0288,1.0208,1.3212,0.2537,-1.6888,1000.9644,right_turn
567482,0.0258,0.0595,1.0133,0.8925,1.1988,-2.6163,1000.9697,right_turn
567542,0.0324,0.0686,0.9907,1.1200,0.4725,-3.1762,1000.9683,right_turn
567602,0.0295,0.0727,1.0171,0.9800,0.7613,-3.5875,1000.9590,right_turn
567662,0.0171,0.1310,1.0460,1.4700,1.5488,-4.7337,1000.9614,right_turn
567722,0.0541,0.0678,0.9658,0.0262,0.2188,-5.6000,1000.9651,right_turn
567782,-0.0151,0.1096,0.9499,0.5863,0.0000,-6.2475,1000.9578,right_turn
567842,0.0249,0.0654,0.9981,0.3587,0.0613,-7.3500,1000.9668,right_turn
567902,0.0323,0.1175,1.0038,0.4725,0.0350,-7.8837,1000.9519,right_turn
567962,0.0110,0.0530,0.9708,-0.3500,-0.7350,-8.8375,1000.9666,right_turn
568022,0.0271,0.1003,0.9879,0.4550,1.0762,-9.5463,1000.9587,right_turn
568082,-0.0244,0.0759,1.0110,0.3675,-0.0962,-10.6663,1000.9590,right_turn
568142,-0.0293,0.1179,0.9553,0.1312,0.4025,-11.0425,1000.9502,right_turn
568202,-0.0310,0.0893,0.9890,0.3850,-0.5600,-11.6462,1000.9609,right_turn
568262,-0.0039,0.1008,0.9731,0.5250,-0.1663,-12.3725,1000.9636,right_turn
568322,-0.0093,0.1366,1.0405,-0.0262,-0.4462,-12.6350,1000.9561,right_turn
568382,-0.0268,0.0903,1.0038,1.0325,0.0175,-13.8512,1000.9578,right_turn
568442,-0.0270,0.1013,0.9723,-0.3413,-0.2013,-14.3588,1000.9546,right_turn
568502,-0.0334,0.1322,0.9320,0.9450,0.1750,-15.3212,1000.9609,right_turn
568562,0.0034,0.0879,1.0209,-0.0088,0.2013,-15.9775,1000.9539,right_turn
568622,-0.0637,0.1871,0.9728,-1.2775,0.6913,-16.4237,1000.9480,right_turn
568682,-0.0178,0.0756,0.9592,-1.0150,-0.3850,-17.1413,1000.9592,right_turn
568742,-0.0586,0.1947,0.9912,-0.0787,0.4638,-18.2000,1000.9595,right_turn
568802,-0.0242,0.1554,0.9858,-1.0325,-0.3325,-19.1887,1000.9634,right_turn
568862,-0.0224,0.2101,0.9822,1.4612,0.2100,-19.9500,1000.9536,right_turn
568922,0.0085,0.2225,1.0009,1.9863,-0.3762,-20.6675,1000.9438,right_turn
568982,0.0305,0.1588,1.0050,-0.3237,-1.0675,-21.6300,1000.9639,right_turn
569042,0.0459,0.1925,1.0231,1.2075,-0.4200,-22.1375,1000.9590,right_turn
569102,0.0015,0.2477,1.0148,-1.1988,-0.1138,-23.4675,1000.9624,right_turn
569162,0.0029,0.2253,0.9743,1.4963,1.0938,-24.1588,1000.9568,right_turn
569222,0.0115,0.1999,0.9511,-0.5512,-3.0013,-25.2437,1000.9482,right_turn
569282,0.0232,0.2418,0.9903,-0.8838,-0.3587,-25.9438,1000.9663,right_turn
569342,0.0112,0.1920,0.9855,0.1138,-1.4000,-27.4312,1000.9536,right_turn
569402,0.0048,0.1991,0.9665,1.7237,-0.0350,-27.8075,1000.9487,right_turn
569462,0.0104,0.1706,0.9489,-0.0262,-0.9887,-28.0438,1000.9585,right_turn
569522,-0.0637,0.2394,0.9123,1.1287,-1.8987,-28.7437,1000.9561,right_turn
569582,0.1086,0.1608,1.0980,0.4900,0.5250,-29.3388,1000.9548,right_turn
569642,0.0303,0.2611,1.0885,0.5775,-0.2537,-29.0588,1000.9529,right_turn
569702,0.0710,0.2238,1.0773,1.0675,-0.1925,-29.2775,1000.9448,right_turn
569762,-0.0222,0.2618,0.9895,1.4175,0.4200,-29.3300,1000.9480,right_turn
569822,-0.0149,0.1812,0.9126,0.4025,2.3275,-29.9600,1000.9521,right_turn
569882,-0.0203,0.1523,0.9838,-0.0700,0.7788,-29.7325,1000.9419,right_turn
569942,-0.0655,0.1476,0.8893,0.0262,1.0850,-29.9862,1000.9482,right_turn
570002,-0.0193,0.1947,0.9150,-1.6013,0.4900,-29.6275,1000.9333,right_turn
570062,0.0119,0.2123,0.9936,-1.7237,-0.0262,-30.2050,1000.9517,right_turn
570122,-0.0137,0.1796,1.0026,-1.5225,1.7587,-30.8350,1000.9438,right_turn
570182,0.0439,0.2000,0.9709,-1.3212,0.9975,-29.8288,1000.9451,right_turn
570242,-0.0229,0.1516,0.9908,-1.3212,1.0325,-30.6338,1000.9370,right_turn
570302,-0.0866,0.2159,0.9617,0.8925,-1.1287,-29.9250,1000.9583,right_turn
570362,0.0788,0.0778,1.0707,0.7088,1.4963,-29.3213,1000.9377,right_turn
570422,-0.0323,0.1327,0.8987,-0.1750,-3.2725,-28.4200,1000.9407,right_turn
570482,-0.0449,0.1359,1.1087,1.5575,0.0000,-27.7812,1000.9500,right_turn
570542,-0.0439,0.1201,0.8882,0.3850,-2.4237,-27.1863,1000.9487,right_turn
570602,-0.1357,0.2442,1.0401,0.7262,-1.5575,-25.4450,1000.9495,right_turn
570662,-0.0871,0.2103,0.9378,-2.6600,-2.0125,-24.7887,1000.9463,right_turn
570722,-0.0032,0.1440,0.9902,-1.2513,-2.0213,-23.2663,1000.9517,right_turn
570782,-0.0784,0.1478,0.9177,-2.9662,-1.9075,-23.6338,1000.9324,right_turn
570842,-0.0077,0.1767,0.9790,-0.8925,0.6125,-23.8700,1000.9478,right_turn
570902,-0.0053,0.0867,0.8703,-0.4112,-2.8875,-23.9750,1000.9333,right_turn
570962,-0.0129,0.1599,0.9955,0.7088,1.4262,-23.7475,1000.9385,right_turn
571022,-0.0637,0.1857,0.9482,1.4963,1.4350,-24.2812,1000.9297,right_turn
571082,-0.0300,0.1823,0.9868,0.7700,2.8175,-23.6513,1000.9348,right_turn
571142,0.0022,0.1785,1.0233,-0.8313,0.7700,-22.6275,1000.9385,right_turn
571202,0.0018,0.1448,1.1354,0.0175,2.8875,-23.0300,1000.9438,right_turn
571262,-0.0512,0.1915,0.9719,-0.0088,0.3237,-22.4350,1000.9392,right_turn
571322,-0.0669,0.1374,0.9654,-0.4200,-0.9100,-22.3388,1000.9409,right_turn
571382,0.0066,0.0931,0.9800,1.6975,1.6450,-21.7350,1000.9343,right_turn
571442,-0.0327,0.1889,1.1036,0.8575,0.7262,-21.2188,1000.9453,right_turn
571502,-0.0329,0.1340,0.9350,0.8400,-0.4025,-21.0000,1000.9348,right_turn
571562,0.0476,0.1796,1.0948,0.5163,-1.7675,-20.3875,1000.9409,right_turn
571622,-0.0508,0.1362,1.0089,0.4025,-0.1138,-19.9150,1000.9290,right_turn
571682,-0.0605,0.1579,0.9267,-1.5312,-0.5512,-18.8213,1000.9353,right_turn
571742,-0.0434,0.0854,1.0275,-1.8463,1.3125,-17.5963,1000.9434,right_turn
571802,-0.0515,0.0145,0.9265,-2.4850,-0.4812,-16.0650,1000.9412,right_turn
571862,-0.0210,0.0287,0.9153,-1.9950,-1.7413,-14.8138,1000.9429,right_turn
571922,0.0056,0.0749,0.9699,-1.6537,0.1312,-13.6675,1000.9348,right_turn
571982,-0.0022,0.0586,0.9731,0.6913,1.4000,-12.3813,1000.9355,right_turn
572042,-0.0378,0.0270,0.9853,-0.3675,-0.7262,-11.6287,1000.9568,right_turn
572102,-0.0541,0.0257,1.0006,1.0500,1.3388,-10.5787,1000.9402,right_turn
572162,-0.0271,0.0693,0.9777,2.0825,0.7962,-9.7563,1000.9497,right_turn
572222,-0.0895,0.0691,1.0180,0.3150,-0.4812,-8.6100,1000.9453,right_turn
572282,-0.0905,0.0683,0.8621,-1.5050,-0.8225,-7.5338,1000.9438,right_turn
572342,-0.0068,-0.0337,1.0411,0.3150,-2.0387,-6.8775,1000.9390,right_turn
572402,-0.0872,0.0500,0.9320,0.1750,-0.7175,-6.0988,1000.9414,right_turn
572462,0.0282,0.0545,1.0602,-0.8925,0.2100,-4.9175,1000.9348,right_turn
572522,0.0191,-0.0073,1.0644,0.4638,1.1638,-4.5413,1000.9421,right_turn
572582,-0.0819,0.0098,0.8418,0.3587,2.4675,-3.9813,1000.9377,right_turn
572642,-0.0512,-0.0259,0.9089,0.2537,0.4200,-3.2287,1000.9409,right_turn
572702,-0.0512,-0.0671,1.0407,1.2250,0.2625,-2.9662,1000.9380,right_turn
572762,-0.0234,-0.0323,0.9463,-0.1488,-1.4700,-2.4237,1000.9370,right_turn
572822,0.0281,0.0080,1.0118,-0.2362,-3.0975,-1.3563,1000.9346,right_turn
572882,0.0471,0.0405,1.1350,0.9450,1.7062,-0.5863,1000.9382,right_turn
572942,-0.0461,0.0610,0.8611,0.0962,2.5463,-0.6825,1000.9409,right_turn
573002,-0.0489,-0.0539,0.8677,-0.7525,-0.5688,-0.2975,1000.9465,right_turn
573062,0.0707,-0.0014,1.1414,0.9800,0.0700,0.6037,1000.9409,right_turn
573122,-0.1034,-0.0669,0.8881,-0.4900,0.3500,1.0063,1000.9490,right_turn
573182,0.0387,-0.0468,0.9733,0.3850,-0.9450,0.4550,1000.9417,right_turn
573242,0.0161,-0.0293,0.8981,0.1400,-2.2838,1.1025,1000.9424,right_turn
573302,0.0866,0.0287,1.0627,2.2313,-0.8225,0.9625,1000.9470,right_turn
573362,0.0509,-0.0181,1.0239,2.9313,-1.2775,0.3237,1000.9421,right_turn
573422,0.0193,-0.0120,0.9621,0.8750,-2.2838,0.5688,1000.9407,right_turn
573482,0.0468,0.0328,1.0102,-0.2013,-0.5075,0.4288,1000.9370,right_turn
573542,0.0364,-0.0108,1.0150,-1.0412,-1.1638,0.4025,1000.9407,right_turn
573602,0.0671,0.0946,1.0812,0.5688,-0.2275,0.2975,1000.9446,right_turn
573662,0.0627,0.0561,1.0140,-1.2775,-0.0262,0.2625,1000.9392,right_turn
573722,0.0398,0.0169,1.0084,-0.3675,-0.5425,0.4112,1000.9368,right_turn
573782,0.0639,0.0210,0.9999,0.3063,0.4550,-0.0700,1000.9309,right_turn
573842,0.0359,0.0312,0.9379,-0.1400,-1.1025,0.4200,1000.9285,right_turn
573902,0.0566,0.0206,1.0272,1.7938,0.6388,-0.1312,1000.9983,right_turn
573962,0.0692,-0.0215,1.0743,2.2662,2.6862,0.2450,1000.9402,right_turn
574022,0.0195,0.0029,0.9518,1.6888,1.9600,-0.1750,1000.9385,right_turn
574082,0.0319,0.0165,1.0526,1.1900,3.2725,0.0000,1000.9424,right_turn
574142,-0.0026,0.0598,1.0458,0.1138,1.5488,0.0787,1000.9507,right_turn
574202,0.0081,0.0486,1.0099,0.3413,-0.1838,-0.2537,1000.9424,right_turn
574262,0.0115,0.0911,1.0434,0.9450,-1.0762,-0.4812,1000.9536,right_turn
574322,0.0437,0.1371,0.9928,-1.3038,-1.4787,-0.9887,1000.9436,right_turn
574382,-0.0296,0.0424,0.9279,0.0088,0.2100,-1.9775,1000.9475,right_turn
574442,0.0185,0.0398,0.9983,0.8313,1.5750,-2.8175,1000.9492,right_turn
574502,0.0291,0.1379,1.0614,2.5287,-0.6037,-3.3512,1000.9407,right_turn
574562,0.0239,0.0944,0.9818,0.8050,0.6475,-3.9200,1000.9368,right_turn
574622,0.0239,0.0971,0.9113,-0.4550,-1.7763,-4.4275,1000.9419,right_turn
574682,0.0400,0.0946,0.9813,0.2887,-0.8487,-4.9525,1000.9395,right_turn
574742,0.0173,0.1424,0.9840,1.3212,-0.8400,-6.5012,1000.9377,right_turn
574802,0.0913,0.1200,1.0363,0.8487,2.0475,-7.4375,1000.9351,right_turn
574862,-0.0332,0.0512,0.9548,-0.1400,1.3737,-8.2338,1000.9324,right_turn
574922,-0.0137,0.1005,0.9897,0.8925,1.2600,-8.9075,1000.9326,right_turn
574982,0.0273,0.0769,1.0085,1.8987,0.1750,-9.7475,1000.9336,right_turn
575042,-0.0056,0.0470,0.9360,0.5950,-1.0938,-9.9137,1000.9365,right_turn
575102,0.0171,0.1420,0.9631,0.7088,-0.8575,-11.7338,1000.9421,right_turn
575162,0.0425,0.1387,0.9806,0.4112,-2.1437,-12.6263,1000.9397,right_turn
575222,0.0302,0.1532,0.9811,0.6300,-1.5400,-14.1138,1000.9319,right_turn
575282,0.0498,0.1974,1.0224,0.4288,-2.7912,-15.0850,1000.9397,right_turn
575342,0.0806,0.2453,1.0834,1.6100,1.1988,-15.8112,1000.9380,right_turn
575402,0.0739,0.1896,0.9896,-1.0762,-1.3913,-17.3512,1000.9336,right_turn
575462,0.0296,0.1598,0.9794,0.0000,-0.6562,-18.3575,1000.9417,right_turn
575522,0.0427,0.1667,0.9636,-0.1838,-0.8750,-19.0138,1000.9375,right_turn
575582,0.0148,0.1811,1.0050,-0.6475,0.5688,-19.6612,1000.9373,right_turn
575642,0.0329,0.1981,1.0685,1.4350,1.5050,-20.5362,1000.9397,right_turn
575702,-0.0129,0.1698,0.9460,-1.0762,-0.8750,-21.2100,1000.9404,right_turn
575762,0.0589,0.1749,1.0109,0.7000,0.0088,-22.2862,1000.9358,right_turn
575822,0.0057,0.1518,0.9866,1.0850,1.2950,-22.3475,1000.9321,right_turn
575882,-0.0168,0.2325,0.9530,-0.1838,-1.7325,-22.7675,1000.9307,right_turn
575942,-0.0431,0.2237,1.0024,0.7350,0.8487,-23.1087,1000.9360,right_turn
576002,-0.0244,0.1811,0.9255,-1.1900,-0.2100,-23.3450,1000.9319,right_turn
576062,0.0289,0.2406,1.0775,0.2362,-1.3038,-23.7738,1000.9272,right_turn
576122,0.0105,0.2521,1.0036,0.0262,0.4812,-24.4037,1000.9336,right_turn
576182,0.0200,0.2206,1.0372,0.8662,-0.7437,-25.0338,1000.9321,right_turn
576242,-0.0625,0.2230,0.9138,0.5075,-1.5925,-24.6575,1000.9307,right_turn
576302,-0.0380,0.1796,0.9966,0.4638,-0.9450,-24.3862,1000.9177,right_turn
576362,-0.0546,0.1749,0.9984,-0.0350,-1.2775,-24.5700,1000.9243,right_turn
576422,-0.0187,0.2322,0.9816,0.2887,-1.0237,-24.5438,1000.9128,right_turn
576482,-0.0273,0.1271,1.0004,-0.2800,-0.2713,-24.8850,1000.9175,right_turn
576542,-0.0552,0.2137,0.9550,1.0237,0.3675,-24.8062,1000.9187,right_turn
576602,-0.0518,0.1618,1.0092,1.5400,-0.0613,-25.2175,1000.9221,right_turn
576662,-0.0670,0.2237,0.9986,1.9950,0.3237,-25.0863,1000.9080,right_turn
576722,-0.0003,0.2454,1.0034,1.3737,-0.0262,-24.8150,1000.9089,right_turn
576782,-0.0275,0.2254,0.9457,0.2275,-1.7062,-25.0863,1000.9216,right_turn
576842,-0.0522,0.2267,0.9804,-0.3850,0.6300,-25.6025,1000.9211,right_turn
576902,-0.0198,0.2060,0.9063,0.0875,0.7262,-26.1800,1000.9204,right_turn
576962,0.0076,0.2924,1.0182,0.0525,-0.2625,-25.9088,1000.9167,right_turn
577022,-0.0002,0.2174,1.0063,-0.7000,-3.1500,-26.0575,1000.9153,right_turn
577082,0.0298,0.2491,1.0715,0.5600,-0.2100,-26.8100,1000.9143,right_turn
577142,0.0130,0.2958,1.1553,0.4375,-0.2625,-26.8888,1000.8970,right_turn
577202,-0.0876,0.2140,0.9923,0.2100,-1.7850,-27.0550,1000.9126,right_turn
577262,0.0147,0.1613,1.0476,1.3563,-3.1150,-26.1887,1000.9141,right_turn
577322,-0.0678,0.2762,0.9457,1.2250,1.0150,-26.0575,1000.9075,right_turn
577382,-0.0515,0.2347,0.9140,-1.6712,-0.8313,-25.1650,1000.8970,right_turn
577442,-0.0364,0.2542,1.0761,-1.3563,0.8487,-23.8525,1000.8926,right_turn
577502,-0.0844,0.1743,0.9550,-0.0525,-0.9712,-24.1588,1000.8936,right_turn
577562,-0.0537,0.1875,0.9804,-1.3475,0.6388,-23.1612,1000.8926,right_turn
577622,-0.0805,0.1916,0.9301,-1.1550,0.9362,-22.7763,1000.9016,right_turn
577682,-0.0549,0.1281,1.0391,-0.9100,-1.5137,-21.5950,1000.8984,right_turn
577742,0.0368,0.2137,1.0611,0.0875,0.3413,-20.4400,1000.9036,right_turn
577802,-0.0303,0.1433,1.0453,0.0875,0.0787,-19.6350,1000.8977,right_turn
577862,-0.0705,0.1625,1.0327,0.5950,0.4375,-18.7250,1000.8904,right_turn
577922,-0.0475,0.0795,1.0651,0.4638,0.2100,-17.7275,1000.9082,right_turn
577982,-0.0479,0.1491,1.0511,0.0262,1.1463,-16.4412,1000.8979,right_turn
578042,-0.0742,0.1276,0.9509,-0.7525,-1.0850,-15.2075,1000.8997,right_turn
578102,-0.0648,0.0291,0.9026,-1.5575,-0.0962,-13.7200,1000.9033,right_turn
578162,-0.0647,0.0552,1.0568,-0.9013,0.3413,-12.7400,1000.9011,right_turn
578222,-0.0090,0.1282,0.9945,0.2713,1.5662,-12.0400,1000.9004,right_turn
578282,-0.0891,0.1403,0.9667,0.1225,-0.3237,-11.6112,1000.8948,right_turn
578342,-0.0368,0.0669,1.0455,0.6212,1.6363,-10.5875,1000.8972,right_turn
578402,-0.0956,0.1171,0.9370,0.7962,-0.5863,-9.8438,1000.8977,right_turn
578462,-0.0481,0.0232,0.9819,0.1750,-0.8750,-9.8088,1000.8972,right_turn
578522,-0.0110,0.0834,1.0343,1.9512,1.5488,-9.5463,1000.8994,right_turn
578582,-0.0303,0.1020,0.9875,-0.1925,0.0350,-9.3363,1000.8826,right_turn
578642,-0.0381,0.0801,1.0209,0.6037,1.9075,-9.1088,1000.8857,right_turn
578702,-0.0215,0.1125,0.9046,-0.9887,2.3100,-8.8287,1000.8799,right_turn
578762,-0.0381,0.0182,0.9653,0.5950,1.6800,-8.4175,1000.8879,right_turn
578822,0.0562,0.0817,1.0712,1.1113,-0.6562,-8.0938,1000.8882,right_turn
578882,0.1208,0.1373,1.1259,-1.3475,-0.4375,-8.0238,1000.8721,right_turn
578942,0.0322,-0.0322,1.0107,0.3325,-0.6650,-7.1925,1000.8794,right_turn
579002,-0.0159,0.1110,0.9726,-1.6275,0.2100,-6.3350,1000.8806,right_turn
579062,-0.0056,-0.0076,1.0441,0.1925,0.3500,-5.5475,1000.8860,right_turn
579122,-0.0795,0.0720,1.1007,0.2100,3.7538,-5.7925,1000.8906,right_turn
579182,-0.0453,-0.0381,0.9545,1.2513,0.8838,-4.1300,1000.8867,right_turn
579242,-0.0571,0.0547,1.0246,0.3587,2.6512,-4.0250,1000.8887,right_turn
579302,0.0054,-0.0371,1.0637,1.1725,1.4088,-3.2550,1000.8792,right_turn
579362,0.0154,-0.0293,1.0006,-1.0500,-0.4025,-2.3275,1000.8833,right_turn
579422,-0.0007,0.0084,0.9938,-0.9625,-1.0938,-1.4175,1000.8884,right_turn
579482,0.0481,-0.0022,1.0577,-1.0150,0.1750,-0.9362,1000.8838,right_turn
579542,-0.0227,-0.0839,0.9501,-2.5725,-1.3563,-0.6650,1000.8823,right_turn
579602,-0.0646,0.0781,0.9680,0.0613,0.8750,-0.1225,1000.8706,right_turn
579662,-0.2037,-0.0785,0.7774,-0.0350,1.7237,-0.4288,1000.8674,right_turn
579722,-0.1147,0.0259,0.9016,3.4125,1.0762,-0.0525,1000.8774,right_turn
579782,0.0020,0.0049,1.0856,0.0350,-0.6913,0.1488,1000.8784,right_turn
579842,0.0090,-0.0018,1.0197,0.2275,1.2425,0.4200,1000.8843,right_turn
579902,-0.0256,0.0180,0.9294,-2.0038,-0.5075,0.6125,1000.8740,right_turn
579962,0.0019,-0.0032,0.9531,0.1225,-3.3163,0.4025,1000.8882,right_turn
580022,-0.0032,-0.0012,1.0270,-1.0325,-1.6800,0.2887,1000.8804,right_turn
580082,-0.0197,0.0852,1.0324,0.1488,1.8200,0.4638,1000.8728,right_turn
580142,-0.0999,0.0232,0.8879,-2.1088,1.8987,0.4462,1000.8777,right_turn
580202,0.0234,0.0041,1.0238,0.1838,-0.8487,-0.0962,1000.8831,right_turn
580262,0.0090,-0.0646,1.1305,-2.0387,-1.1287,-0.1488,1000.8699,right_turn
580322,-0.1098,-0.0656,0.8931,0.4375,-1.4175,0.2975,1000.8743,right_turn
580382,0.0581,0.0302,1.1009,0.6300,-2.1788,0.4112,1000.8682,right_turn
580442,0.0024,0.0637,1.0670,-0.3325,0.1488,0.6913,1000.8718,right_turn
580502,0.0251,0.0459,1.0029,-0.0350,-0.8662,0.6125,1000.8696,right_turn
580562,0.0229,0.0406,0.9914,-1.3650,0.2275,0.5337,1000.8696,right_turn
580622,-0.0450,0.0232,1.0507,-0.1925,0.0875,0.5163,1000.8682,right_turn
580682,-0.0119,-0.0766,0.9997,-1.4088,0.6562,-0.2887,1000.8740,right_turn
580742,-0.0264,-0.0346,0.9250,-0.0875,0.2975,0.0700,1000.8699,right_turn
580802,-0.0968,0.0919,0.9634,-1.8900,-2.6163,0.7350,1000.8689,right_turn
580862,-0.0059,-0.1310,0.9684,0.8225,-0.3587,0.2625,1000.8640,right_turn
580922,0.0359,0.0866,1.0515,1.0850,0.9100,-0.1050,1000.8550,right_turn
580982,-0.0437,-0.0034,0.9933,-0.3413,1.4262,-0.1225,1000.8596,right_turn
581042,-0.0956,-0.0695,0.8743,2.0300,1.3650,-0.1050,1000.8645,right_turn
581102,-0.0486,0.0191,0.8886,0.6212,-2.9225,0.2625,1000.8582,right_turn
581162,-0.0119,-0.0071,1.0431,-1.9162,-1.7062,0.7700,1000.8677,right_turn
581222,0.0224,-0.0190,1.0527,1.2337,0.1838,0.4025,1000.8757,right_turn
581282,0.0151,0.0671,1.0501,0.2537,-0.4638,0.1138,1000.8647,right_turn
581342,-0.0046,0.0956,1.0531,-0.9100,0.4812,-0.3150,1000.8772,right_turn
581402,-0.0077,-0.0249,0.8940,-1.6187,-2.3888,0.0437,1000.8525,right_turn
581462,0.0769,0.0691,1.0506,-1.0675,-2.3712,0.6825,1000.8701,right_turn
581522,-0.0149,-0.0327,1.0099,-1.5662,-1.0412,0.3413,1000.8560,right_turn
581582,-0.0498,-0.0300,0.9847,-0.0175,-0.1663,0.6212,1000.8535,right_turn
581642,-0.0846,-0.0261,0.9051,-1.0850,-2.4237,0.7350,1000.8645,right_turn
581702,-0.0200,-0.0693,1.0167,2.1525,-0.3237,0.5163,1000.8540,right_turn
581762,-0.0149,-0.1327,1.0250,-1.1988,-0.5600,0.7437,1000.8555,right_turn
581822,-0.0745,0.1932,0.8806,2.2925,0.5600,0.8662,1000.8538,right_turn
581882,0.0371,-0.1061,1.0820,-0.8662,0.0000,0.4900,1000.8459,right_turn
581942,0.0635,0.0417,1.0853,1.3125,0.7175,0.7088,1000.8459,right_turn
582002,-0.0232,0.0129,0.9077,-1.3212,-0.7262,0.6300,1000.8557,right_turn
582062,-0.0367,-0.0107,0.8294,-0.9450,-0.9275,0.4200,1000.8506,right_turn
582122,-0.0044,-0.0049,1.0091,0.2275,-2.3187,0.6562,1000.8428,right_turn
582182,-0.0647,-0.0221,1.1046,2.1525,0.6650,0.5163,1000.8464,right_turn
582242,-0.0734,-0.0179,0.9392,0.8662,-2.9050,0.3675,1000.8367,right_turn
582302,0.0807,0.1323,1.0712,1.0063,-0.5950,0.8050,1000.8467,right_turn
582362,-0.0342,-0.0520,1.0002,0.0613,-0.5163,0.7350,1000.8379,right_turn
582422,0.0348,-0.0798,0.9699,3.4738,0.8487,-0.0350,1000.8394,right_turn
582482,0.0424,0.0976,1.0704,-0.5775,1.6625,0.2625,1000.8403,right_turn
582542,0.0168,-0.0439,0.9899,0.5775,-0.6212,0.0175,1000.8406,right_turn
582602,0.0181,-0.0517,0.9750,0.3325,-1.9162,0.3325,1000.8491,right_turn
582662,0.0081,0.0572,1.0934,0.9975,1.0588,0.2275,1000.8462,right_turn
582722,0.0908,-0.0573,0.8628,-2.7562,-0.6037,0.4200,1000.8457,right_turn
582782,0.0696,0.0229,1.0809,0.7350,0.8225,0.9712,1000.8516,right_turn
582842,0.0617,0.0456,0.9416,-1.4175,-1.1113,0.7000,1000.8438,right_turn
582902,0.0769,-0.0029,1.0268,1.2162,1.0938,0.6212,1000.8569,right_turn
582962,0.0124,-0.0769,0.9694,-1.6013,-2.2400,0.2887,1000.8474,right_turn
583022,0.0396,-0.1057,0.9135,0.0088,-2.1175,1.0412,1000.8506,right_turn
583082,-0.0169,-0.0422,0.9379,-0.8138,-0.0875,0.3938,1000.8486,right_turn
583142,0.1340,-0.0054,1.1381,-1.5488,0.3150,0.6037,1000.8547,right_turn
583202,0.0251,-0.0102,0.9836,0.6212,1.9688,1.3475,1000.8467,right_turn
583262,-0.0139,0.0529,0.9184,-0.0262,3.4213,0.4288,1000.8457,right_turn
583322,-0.0224,-0.0389,1.0024,0.0000,-1.0850,0.2800,1000.8445,right_turn
583382,-0.0798,-0.0732,1.0204,2.6600,3.3163,-0.1488,1000.8391,right_turn
583442,0.0423,-0.0222,1.0175,-1.5662,0.0000,-0.4288,1000.8423,right_turn
583502,0.0053,-0.0398,0.9765,1.2162,0.2887,0.9625,1000.8462,right_turn
583562,0.0534,0.0324,1.1141,-0.0875,-0.3500,0.6913,1000.8423,right_turn
583622,0.0527,-0.0261,1.0218,-1.0500,0.2188,0.0613,1000.8411,right_turn
583682,-0.0074,0.0708,1.0235,1.4700,-2.0387,0.1575,1000.8394,right_turn
583742,0.0849,-0.0417,1.1211,2.1000,0.0175,0.1750,1000.8462,right_turn
583802,0.0559,0.0034,0.9841,3.2200,-0.2975,0.0437,1000.8435,right_turn
583862,0.0785,0.0883,1.0382,3.7362,2.2838,0.2362,1000.8445,right_turn
583922,0.0022,-0.0065,0.9396,-0.5337,-3.2287,0.7000,1000.8428,right_turn
583982,0.0813,-0.0129,1.0687,-1.9338,1.2425,0.8838,1000.8472,right_turn
584042,-0.0123,-0.0171,0.9902,0.6300,1.3125,0.7788,1000.8486,right_turn
584102,0.0383,0.0215,1.0328,-1.2775,2.2662,0.1225,1000.8508,right_turn
584162,0.0641,-0.0546,1.0655,1.4612,-0.2013,0.4900,1000.8433,right_turn
584222,0.0354,0.0102,1.0931,0.3325,-2.4500,0.3063,1000.8523,right_turn
584282,0.0570,-0.0232,1.0124,-0.2625,-0.1138,0.5688,1000.8521,right_turn
584342,0.0237,0.0188,0.9823,1.5050,-1.8900,0.3938,1000.8518,right_turn
584402,0.0134,0.0425,1.1283,-0.2362,1.8900,0.7088,1000.8538,right_turn
584462,-0.0102,-0.0290,0.8355,-1.0063,1.8900,0.5163,1000.8447,right_turn
584522,0.0167,-0.0444,0.8517,-0.2537,-2.6512,0.2800,1000.8499,right_turn
584582,0.0695,0.1225,1.0821,-0.7000,-2.7387,0.5250,1000.8528,right_turn
584642,0.0342,-0.0259,1.0058,-0.2188,0.9013,0.1925,1000.8589,right_turn
584702,-0.0452,-0.0300,0.8311,1.0762,0.0700,-0.0437,1000.8618,right_turn
584762,0.0163,-0.0254,1.0182,0.3850,0.2887,-0.0525,1000.8550,right_turn
584822,0.0276,-0.0535,1.0243,0.5688,1.0938,-0.0175,1000.8635,right_turn
584882,-0.0336,-0.0885,0.9903,2.8087,1.5838,-0.1663,1000.8506,right_turn
584942,0.1396,0.0047,1.0493,-1.5575,-2.0475,0.2975,1000.8579,right_turn
585002,0.0944,0.1040,0.9916,0.1750,0.2013,0.2450,1000.8513,right_turn
585062,0.1039,0.0774,1.0192,-0.6125,-0.8138,-0.0962,1000.8547,right_turn
585122,0.0386,0.0012,0.9774,0.2013,0.9013,-0.5075,1000.8579,right_turn
585182,-0.0001,-0.0361,0.9660,1.2513,-0.9100,0.0525,1000.8621,right_turn
585242,0.0268,-0.0387,1.0318,-0.2713,-1.2075,0.3938,1000.8640,right_turn
585302,0.1080,0.0659,1.0597,-1.1988,-0.6212,-0.0262,1000.8655,right_turn
585362,0.1072,-0.0171,0.9540,-1.6100,-2.0825,0.5250,1000.8589,right_turn
585422,-0.1113,-0.1265,0.7913,0.8050,-2.2487,-0.2713,1000.8835,right_turn
585482,-0.0732,0.0293,1.0358,2.7562,6.4575,-0.5950,1000.8704,right_turn
585542,0.0537,0.0046,1.1081,-1.8813,-0.5425,0.5075,1000.8716,right_turn
585602,-0.0159,-0.0713,0.9931,-0.8925,1.8900,0.0525,1000.8752,right_turn
585662,-0.0152,0.0169,0.9165,-0.4725,2.8612,-0.0787,1000.8694,right_turn
585722,0.0729,-0.0199,1.0447,-0.6913,-1.9512,0.0000,1000.8728,right_turn
585782,0.0462,0.0081,0.9913,1.1463,0.4550,-0.1838,1000.8677,right_turn
585842,-0.0357,0.0171,0.9677,0.9800,0.3938,-0.1925,1000.8748,right_turn
585902,0.0376,-0.0622,1.0197,-0.1225,-0.9100,0.3413,1000.8821,right_turn
585962,0.0249,0.0121,0.9082,-1.8550,-0.9187,-0.0088,1000.8760,right_turn
586022,0.0569,0.0371,0.9753,-0.0262,1.3650,-0.3500,1000.8857,right_turn
586082,0.0695,-0.0266,1.0476,-0.9100,0.2275,-0.1138,1000.8816,right_turn
586142,0.0500,0.0202,0.9240,-0.0787,-1.9338,0.1138,1000.8699,right_turn
586202,0.0646,-0.0173,0.9360,-3.4475,0.4025,-0.5425,1000.8799,right_turn
586262,0.0678,-0.0573,0.9904,0.5863,-1.8813,0.1225,1000.8801,right_turn
586322,0.0758,-0.0259,1.1012,-0.0613,1.4700,-0.2713,1000.8840,right_turn
586382,0.0449,-0.0598,0.9914,-0.9362,0.2450,0.3938,1000.8818,right_turn
586442,0.0354,-0.0227,0.9864,0.7525,0.9712,-0.2625,1000.8904,right_turn
586502,0.1020,0.0859,1.1029,1.6625,-0.4638,0.3325,1000.8887,right_turn
586562,0.1010,0.0608,1.0719,-3.1237,0.8838,0.2800,1000.8965,right_turn
586622,-0.0139,0.0554,0.9494,2.0300,0.9538,0.3762,1000.8975,right_turn
586682,0.0552,0.0242,0.9431,-0.7088,0.7613,-0.3587,1000.8960,right_turn
586742,0.0715,-0.0544,1.0124,-0.3762,-1.3038,-0.0787,1000.8979,right_turn
586802,0.0640,0.0544,1.0441,2.0038,2.6250,-0.4112,1000.8982,right_turn
586862,0.0290,0.0888,0.8848,-0.9887,-1.7062,-0.4550,1000.8994,right_turn
586922,0.0292,-0.0258,0.9985,0.4375,-0.6475,-0.8313,1000.8918,right_turn
586982,0.0508,0.0820,1.0052,1.6013,-0.0787,-1.2425,1000.8977,right_turn
587042,0.1134,0.0383,1.1727,1.9688,1.0762,-1.7237,1000.8975,right_turn
587102,0.0335,0.0046,0.9348,2.3450,-0.1575,-1.7938,1000.8989,right_turn
587162,0.0615,0.0490,0.9880,-0.7788,-1.3038,-1.8725,1000.8975,right_turn
587222,0.0810,0.0254,1.0336,0.1488,0.0962,-2.4938,1000.9065,right_turn
587282,0.0342,0.0409,0.9953,1.0150,-0.0525,-2.8525,1000.9067,right_turn
587342,0.0085,0.0588,1.0670,0.9100,-0.1400,-3.7538,1000.9031,right_turn
587402,0.0566,0.0144,0.9589,0.6125,-0.3063,-4.4012,1000.8984,right_turn
587462,0.0201,-0.0247,0.9174,0.1663,-0.8838,-4.0425,1000.9009,right_turn
587522,0.0124,0.0419,0.9526,1.6363,-0.8487,-5.2762,1000.9060,right_turn
587582,0.0589,0.0522,1.0368,-0.7437,-0.4900,-5.6350,1000.9041,right_turn
587642,0.0830,0.1110,1.0729,1.6187,0.3675,-6.4225,1000.9058,right_turn
587702,0.0432,0.0744,0.9820,0.8400,-0.2887,-7.1312,1000.9104,right_turn
587762,0.0825,0.0991,1.0293,0.5425,0.7525,-7.3938,1000.9102,right_turn
587822,0.0251,0.1410,0.9174,1.1638,1.5050,-8.0938,1000.9031,right_turn
587882,0.0409,0.0188,1.0074,0.4725,-0.4112,-9.3100,1000.9038,right_turn
587942,0.0709,0.0881,1.0238,2.3100,0.7350,-9.6075,1000.9033,right_turn
588002,-0.0077,0.1357,0.9348,-0.7788,1.4963,-10.0275,1000.8936,right_turn
588062,0.0651,0.0722,1.0468,0.0700,1.7850,-10.0887,1000.9048,right_turn
588122,0.0739,0.1352,0.9218,-0.5075,-0.2450,-11.7600,1000.8979,right_turn
588182,0.0867,0.1093,1.0028,-0.1225,-0.0875,-12.1100,1000.8994,right_turn
588242,0.0393,0.1696,1.0057,1.4438,0.1400,-12.8800,1000.9119,right_turn
588302,-0.0016,0.1654,0.9106,0.6825,-0.3500,-13.8687,1000.9077,right_turn
588362,0.0739,0.1297,1.0319,0.9450,-0.9887,-14.4812,1000.9148,right_turn
588422,0.0239,0.1313,0.9909,2.1000,0.1663,-14.9100,1000.9102,right_turn
588482,0.0444,0.1957,1.0067,-0.7175,0.0437,-15.9775,1000.9004,right_turn
588542,0.0127,0.2076,0.9870,1.4700,0.3500,-16.7213,1000.8960,right_turn
588602,0.0517,0.1365,1.0238,1.0412,-0.2362,-17.1938,1000.8904,right_turn
588662,-0.0107,0.1643,0.9179,1.1113,0.2450,-17.6138,1000.8928,right_turn
588722,0.0026,0.1620,0.9680,-0.3500,-0.1138,-18.1475,1000.8799,right_turn
588782,0.0656,0.1513,1.0465,-0.1225,-0.9887,-18.5238,1000.8826,right_turn
588842,0.0058,0.1518,1.0350,-0.8750,0.2450,-19.0312,1000.8840,right_turn
588902,-0.0146,0.1845,0.9306,1.0150,-1.3038,-19.6612,1000.8933,right_turn
588962,0.0844,0.1738,1.0875,1.5575,0.6475,-19.6000,1000.8770,right_turn
589022,0.0080,0.1442,1.0156,-0.8750,0.0525,-20.0900,1000.8767,right_turn
589082,0.0139,0.1435,0.9826,0.4375,-0.5163,-19.5562,1000.8721,right_turn
589142,0.0068,0.1313,1.0657,-0.4550,-1.6187,-19.6875,1000.8716,right_turn
589202,0.0190,0.1496,1.0275,2.4762,-0.0350,-20.3088,1000.8755,right_turn
589262,-0.0407,0.2266,0.9767,4.4450,-0.5425,-21.1138,1000.8743,right_turn
589322,-0.0227,0.2621,0.9403,3.4562,-0.9187,-21.7175,1000.8706,right_turn
589382,-0.0184,0.2621,0.9321,1.3125,-0.6825,-21.5075,1000.8630,right_turn
589442,-0.0052,0.1947,1.0084,1.0850,-1.0412,-21.5163,1000.8699,right_turn
589502,-0.0198,0.2225,0.8828,1.8725,-0.6037,-22.8375,1000.8591,right_turn
589562,0.0631,0.2628,1.0712,-0.1575,2.7562,-23.2488,1000.8589,right_turn
589622,-0.0732,0.2252,0.8472,-0.9275,0.6825,-23.7475,1000.8457,right_turn
589682,0.0208,0.2156,0.9497,-1.0850,-0.2887,-23.6338,1000.8499,right_turn
589742,-0.0515,0.1945,0.9572,-2.0912,-0.6300,-23.9575,1000.8535,right_turn
589802,-0.0271,0.1839,0.8484,-0.5775,-1.2513,-23.8787,1000.8420,right_turn
589862,0.0331,0.1359,1.0530,0.9275,-0.1400,-24.5613,1000.8403,right_turn
589922,0.0097,0.1578,0.9679,1.4088,1.9162,-24.7100,1000.8611,right_turn
589982,0.0736,0.2420,1.0673,0.0437,0.2713,-24.1763,1000.8535,right_turn
590042,0.0166,0.2820,1.0418,1.5925,1.6100,-24.0800,1000.8481,right_turn
590102,-0.0001,0.2417,0.9982,0.7350,-0.6913,-24.5263,1000.8389,right_turn
590162,0.0063,0.2914,1.0468,-1.5488,-1.4612,-25.1912,1000.8462,right_turn
590222,0.0024,0.2193,0.9608,-0.0700,-3.0975,-25.4975,1000.8435,right_turn
590282,0.0391,0.2472,1.0290,-1.2600,0.4112,-25.4100,1000.8479,right_turn
590342,-0.0251,0.2015,0.9914,-1.2687,0.2188,-25.4275,1000.8433,right_turn
590402,0.0321,0.1778,0.9565,-0.8225,-0.8750,-25.2087,1000.8416,right_turn
590462,-0.0025,0.2197,1.0299,-0.7175,-0.7700,-25.6812,1000.8494,right_turn
590522,0.0175,0.2424,0.9579,-1.2687,-0.6562,-25.8213,1000.8416,right_turn
590582,0.0296,0.2305,1.0236,0.0262,0.5950,-25.7950,1000.8523,right_turn
590642,0.0600,0.2813,1.0436,-0.3500,-1.5225,-25.8475,1000.8506,right_turn
590702,0.0833,0.2211,0.9982,-0.1050,-1.1638,-25.8475,1000.8521,right_turn
590762,0.0347,0.2177,0.9514,-0.6650,-0.6650,-25.5675,1000.8435,right_turn
590822,-0.0030,0.2220,0.8821,1.1550,1.1900,-25.9525,1000.8445,right_turn
590882,-0.0003,0.1899,0.9617,1.2513,-0.2975,-25.6637,1000.8438,right_turn
590942,-0.0303,0.1657,0.9370,0.9712,0.3413,-25.5938,1000.8503,right_turn
591002,0.0456,0.1986,0.9563,1.0588,0.1400,-24.7188,1000.8396,right_turn
591062,0.0680,0.2003,1.0347,1.4963,-0.8400,-24.1150,1000.8420,right_turn
591122,0.0544,0.2374,1.0189,1.4612,-1.4525,-23.5900,1000.8389,right_turn
591182,-0.0259,0.2054,0.9084,0.0175,0.2975,-23.6863,1000.8440,right_turn
591242,-0.0253,0.1505,0.8441,-0.2450,-1.3125,-23.0475,1000.8330,right_turn
591302,0.0329,0.1803,0.9953,-1.0762,0.5600,-22.6275,1000.8503,right_turn
591362,-0.0115,0.1254,0.9880,-0.4900,0.0350,-21.1313,1000.8357,right_turn
591422,0.0156,0.1518,1.0502,-0.9013,-0.3237,-20.3175,1000.8442,right_turn
591482,-0.0132,0.1039,0.9723,-1.2337,0.5512,-19.0575,1000.8398,right_turn
591542,-0.0029,0.0744,0.9687,0.1925,-0.7175,-17.6575,1000.8462,right_turn
591602,-0.0085,0.1296,0.9431,-0.2188,1.1025,-16.5462,1000.8347,right_turn
591662,-0.0254,0.0605,0.9833,0.6825,0.6300,-15.4000,1000.8469,right_turn
591722,-0.0325,0.0186,0.9340,0.5425,-0.7175,-14.1575,1000.8350,right_turn
591782,0.0144,0.1069,1.0080,0.6125,0.4025,-12.2587,1000.8350,right_turn
591842,-0.0091,0.0258,0.9129,-1.1550,0.3500,-11.0950,1000.8364,right_turn
591902,0.0205,0.1263,0.9565,-1.1638,-0.7350,-9.7037,1000.8284,right_turn
591962,0.0503,0.0853,1.0793,0.0175,2.0038,-8.6800,1000.8342,right_turn
592022,-0.0139,0.0564,1.0063,-0.3413,-0.3675,-7.8837,1000.8401,right_turn
592082,-0.0127,0.0168,0.9875,-0.6562,0.4812,-7.0087,1000.8369,right_turn
592142,-0.0112,0.0121,1.0204,-0.3150,1.9338,-5.6087,1000.8376,right_turn
592202,-0.0103,0.0405,1.0053,-0.5950,-0.3413,-4.4187,1000.8452,right_turn
592262,-0.0229,-0.0039,1.0243,-0.1750,-0.3762,-3.8325,1000.8472,right_turn
592322,0.0035,-0.0468,0.9404,-0.1138,-0.8313,-3.4300,1000.8496,right_turn
592382,-0.0060,0.0065,0.9822,2.0912,-0.1750,-2.6337,1000.8503,right_turn
592442,0.0113,0.0244,0.9670,0.5512,-0.6475,-2.1088,1000.8491,right_turn
592502,-0.0044,0.0000,0.9451,1.0762,-0.0262,-1.2775,1000.8394,right_turn
592562,-0.0320,0.0066,0.9252,-0.0700,-0.1138,-0.3063,1000.8315,right_turn
592622,-0.0292,0.0346,0.9601,-0.5250,-0.2887,-0.1488,1000.8252,right_turn
592682,-0.0220,-0.0376,1.0497,-0.2713,1.2075,0.3675,1000.8333,right_turn
592742,0.0063,0.0744,1.0333,0.9100,-0.1575,0.8750,1000.8386,right_turn
592802,0.0378,0.0147,1.1256,1.2425,1.5137,0.6737,1000.8369,right_turn
592862,-0.0151,0.0508,0.9787,2.2662,0.6212,0.4988,1000.8342,right_turn
592922,0.0490,0.0351,1.0837,0.3500,-1.0675,0.4725,1000.8369,right_turn
592982,0.0370,0.0379,1.0307,1.7763,0.3150,0.3938,1000.8269,right_turn
593042,0.0734,0.0268,1.0438,0.2975,-0.8750,0.2887,1000.8394,right_turn
593102,0.0398,0.0458,1.0050,0.9800,0.4900,-0.0525,1000.8323,right_turn
593162,0.0572,0.0422,0.9373,-0.4988,0.4550,-0.1925,1000.8274,right_turn
593222,0.0717,0.0608,1.0268,-0.3762,-1.2337,0.4812,1000.8298,right_turn
593282,0.0564,-0.0057,0.9401,-0.6125,0.0175,0.0525,1000.8315,right_turn
593342,-0.0051,0.0125,0.9950,0.0088,1.2600,-0.3675,1000.8420,right_turn
593402,0.0223,-0.0214,1.0404,1.0850,-0.3237,-0.4112,1000.8484,right_turn
593462,0.0176,0.0354,0.9341,0.7525,-0.7175,-0.7437,1000.8557,right_turn
593522,0.0335,0.0705,1.0515,1.3563,0.1312,-0.7613,1000.8503,right_turn
593582,0.0703,0.0925,1.0466,0.3938,0.9538,-1.6537,1000.8430,right_turn
593642,0.0403,0.0281,1.0050,0.3762,-0.3150,-2.6688,1000.8501,right_turn
593702,0.1027,0.0935,1.1153,1.1113,-0.5688,-2.8087,1000.8535,right_turn
593762,0.0381,0.0576,0.9781,0.6562,0.0262,-3.8500,1000.8503,right_turn
593822,0.0440,0.1357,0.9809,-0.1925,0.8838,-4.3137,1000.8438,right_turn
593882,0.0337,0.0834,1.0290,-0.0262,0.4288,-5.2850,1000.8469,right_turn
593942,0.0517,0.1033,0.9609,0.1225,-1.0063,-6.0375,1000.8452,right_turn
594002,0.0547,0.1179,1.0087,0.5950,1.0237,-6.8513,1000.8542,right_turn
594062,0.0500,0.1005,1.0006,0.1050,0.0787,-7.3150,1000.8586,right_turn
594122,0.0325,0.0986,0.9242,-1.1375,-1.1900,-8.2950,1000.8501,right_turn
594182,0.0695,0.1081,1.0443,1.0412,-0.8925,-9.0300,1000.8555,right_turn
594242,0.0942,0.1322,1.0731,0.2275,0.1663,-9.5725,1000.8665,right_turn
594302,0.0437,0.1664,0.9824,0.6562,-0.4900,-10.5700,1000.8594,right_turn
594362,0.0649,0.1720,0.9556,1.1287,-1.2075,-12.0225,1000.8591,right_turn
594422,0.0498,0.1613,0.9213,-0.2625,-0.2362,-13.1775,1000.8589,right_turn
594482,0.0789,0.2225,1.0274,1.1638,1.3125,-14.3150,1000.8462,right_turn
594542,0.0903,0.1840,0.9619,0.1838,0.5075,-14.9275,1000.8613,right_turn
594602,0.0474,0.1749,0.9755,-0.3762,-0.8225,-15.8112,1000.8518,right_turn
594662,0.0371,0.1825,0.9731,-1.1200,-0.2800,-16.7563,1000.8474,right_turn
594722,0.0480,0.1271,0.9728,-1.2250,-0.0437,-17.4475,1000.8538,right_turn
594782,0.0620,0.2000,0.9060,-1.6450,-2.1263,-17.9025,1000.8640,right_turn
594842,0.0583,0.2241,1.0133,-1.4350,-2.2750,-18.6637,1000.8538,right_turn
594902,0.0180,0.2014,0.9674,0.8400,-0.5075,-19.3200,1000.8774,right_turn
594962,-0.0117,0.1723,0.9448,-0.0875,1.0150,-19.9587,1000.8757,right_turn
595022,0.1052,0.1959,1.0085,-0.2450,-0.5337,-20.2563,1000.8860,right_turn
595082,0.0473,0.2284,1.0265,-0.1312,0.2887,-20.7550,1000.8804,right_turn
595142,0.0537,0.2227,1.0229,0.5950,0.3762,-21.6388,1000.8887,right_turn
595202,0.0356,0.1668,0.9689,0.7000,0.4988,-22.7237,1000.8796,right_turn
595262,0.0390,0.2442,0.9540,1.6450,-0.2362,-23.5812,1000.8857,right_turn
595322,0.0551,0.2452,1.0868,-0.0175,0.4900,-24.4737,1000.8840,right_turn
595382,0.0367,0.1999,1.0533,0.1400,1.6712,-24.7625,1000.8855,right_turn
595442,0.0590,0.1879,1.0404,1.1287,0.6737,-24.9813,1000.8708,right_turn
595502,0.0108,0.1889,0.8952,0.9100,-0.0875,-25.9963,1000.8760,right_turn
595562,0.0336,0.2208,0.9514,0.1838,-1.1113,-26.3200,1000.8623,right_turn
595622,0.0371,0.2718,1.0124,0.0088,0.4025,-26.5387,1000.8730,right_turn
595682,0.0547,0.1820,0.9956,0.1050,-0.0613,-26.6963,1000.8674,right_turn
595742,-0.0244,0.1862,0.9740,0.8750,0.1750,-27.0112,1000.8755,right_turn
595802,0.0285,0.2482,0.9662,1.2337,0.2975,-27.5100,1000.8728,right_turn
595862,0.0805,0.2875,1.0329,0.2537,0.4200,-27.5625,1000.8767,right_turn
595922,0.0263,0.2344,0.9282,0.2537,-1.4525,-27.9562,1000.8813,right_turn
595982,0.0461,0.2694,0.9977,3.1063,-0.7350,-28.8225,1000.8706,right_turn
596042,0.0515,0.3214,1.0021,2.7475,0.2188,-29.3913,1000.8811,right_turn
596102,0.1337,0.3350,1.1173,-3.3950,0.0088,-29.1375,1000.8826,right_turn
596162,0.0586,0.2676,1.0736,-1.6363,0.2450,-30.1087,1000.8708,right_turn
596222,0.0020,0.2213,1.0535,0.9712,2.1263,-30.1437,1000.8809,right_turn
596282,0.0063,0.3188,0.9775,-0.1050,1.4963,-30.3713,1000.8848,right_turn
596342,-0.0265,0.2247,1.0082,-0.1838,0.9187,-29.5138,1000.8843,right_turn
596402,0.0037,0.2445,0.9540,0.6300,0.7875,-29.6625,1000.8936,right_turn
596462,0.0198,0.2316,0.9853,1.2075,-1.6800,-29.3475,1000.9016,right_turn
596522,0.0088,0.2525,0.9329,0.5075,-0.9887,-29.3388,1000.8940,right_turn
596582,0.0115,0.2178,0.8767,3.3338,0.5688,-29.6800,1000.8945,right_turn
596642,-0.0695,0.3411,1.0124,0.5075,-3.2113,-29.7675,1000.9062,right_turn
596702,-0.0112,0.3135,1.0370,-0.9275,-1.8813,-29.0938,1000.9080,right_turn
596762,0.0022,0.2152,0.9653,-0.7875,-0.9800,-29.0150,1000.9202,right_turn
596822,-0.0971,0.2357,0.9225,-0.7088,-1.5137,-28.9800,1000.9197,right_turn
596882,-0.0173,0.2096,0.9806,-1.2513,-0.5688,-28.5075,1000.9207,right_turn
596942,-0.0229,0.1488,1.0006,-2.2400,-0.4550,-27.6675,1000.9199,right_turn
597002,-0.0432,0.1681,0.9712,-2.1788,0.2013,-26.0312,1000.9263,right_turn
597062,-0.0275,0.1419,0.9901,-1.3125,-0.8925,-24.9375,1000.9233,right_turn
597122,-0.0203,0.1581,1.0045,-1.0237,-1.2687,-24.0713,1000.9338,right_turn
597182,-0.0322,0.1676,1.0687,0.0525,0.9275,-22.7500,1000.9355,right_turn
597242,-0.0258,0.1723,1.0065,1.3650,0.5775,-21.9188,1000.9365,right_turn
597302,-0.0291,0.0925,0.9226,-0.2537,-0.2362,-20.9650,1000.9375,right_turn
597362,0.0095,0.1770,0.9799,-0.0700,-0.1050,-19.5825,1000.9351,right_turn
597422,0.0023,0.1615,1.0655,-0.3938,0.6825,-18.0863,1000.9292,right_turn
597482,-0.0622,0.0976,0.9616,-0.5075,0.4025,-16.7650,1000.9397,right_turn
597542,-0.0617,0.0958,0.9919,-0.7962,-0.7000,-15.7500,1000.9468,right_turn
597602,-0.0798,0.0722,0.9579,-1.3563,0.2713,-14.5337,1000.9463,right_turn
597662,-0.0569,0.1083,0.9814,-0.7088,0.5775,-13.0988,1000.9412,right_turn
597722,-0.0774,0.0576,0.9579,-0.6650,-0.4200,-12.0575,1000.9463,right_turn
597782,-0.0589,0.0569,0.9576,0.1050,1.4262,-11.0162,1000.9475,right_turn
597842,-0.0217,0.0010,0.9794,-0.8313,-0.8400,-9.9838,1000.9441,right_turn
597902,-0.0703,0.1250,1.0136,0.0700,0.6825,-8.6450,1000.9446,right_turn
597962,-0.0894,0.0085,0.9911,0.0962,0.5950,-7.7962,1000.9348,right_turn
598022,-0.0552,0.0617,1.0280,-0.3150,0.6825,-6.9475,1000.9343,right_turn
598082,-0.0285,0.0290,1.0203,-0.5775,-0.3762,-6.0725,1000.9231,right_turn
598142,-0.0490,0.0146,0.9468,0.4900,0.8662,-5.1887,1000.9299,right_turn
598202,-0.0754,-0.0127,0.9533,-0.3500,0.1138,-4.2875,1000.9407,right_turn
598262,-0.0425,0.0393,0.9655,0.0875,-0.7437,-3.9288,1000.9282,right_turn
598322,-0.0667,-0.0178,0.9199,-0.2975,-0.1750,-3.7275,1000.9326,right_turn
598382,0.0007,0.0524,1.0773,1.0675,-0.1750,-3.1150,1000.9321,right_turn
598442,-0.0365,0.0356,0.9981,0.2188,0.0613,-2.7562,1000.9265,right_turn
598502,-0.0158,0.0486,1.0194,-0.3762,0.4812,-2.2662,1000.9395,right_turn
598562,-0.0405,0.0603,0.9149,-1.4787,-0.4112,-1.9250,1000.9336,right_turn
598622,-0.0212,-0.0488,1.0485,0.4288,1.3475,-1.4350,1000.9358,right_turn
598682,-0.0561,0.0230,0.9382,-0.0262,-0.1050,-0.6300,1000.9316,right_turn
598742,-0.0551,-0.0390,1.0285,-0.5075,0.1312,-0.5163,1000.9441,right_turn
598802,-0.0522,0.0483,1.0578,0.5775,1.1550,-0.3675,1000.9521,right_turn
598862,-0.0819,-0.0368,0.9672,-0.4900,0.6737,-0.1838,1000.9402,right_turn
598922,-0.0356,0.0505,1.0653,0.5512,-0.9712,0.4988,1000.9382,right_turn
598982,-0.0795,-0.0383,0.9650,0.5950,0.3150,0.2975,1000.9421,right_turn
599042,-0.0391,0.0314,1.0611,0.4200,0.6125,0.3500,1000.9336,right_turn
599102,-0.0852,-0.0329,0.9765,0.2975,0.4988,0.3237,1000.9233,right_turn
599162,-0.1227,-0.0070,0.8984,0.8050,2.4150,-0.2013,1000.9180,right_turn
599222,-0.0222,-0.0371,1.0009,-0.0175,0.5950,0.1838,1000.9141,right_turn
599282,0.0051,0.0346,1.0632,-0.1925,0.4812,0.4112,1000.9209,right_turn
599342,-0.0549,0.0102,0.9390,-0.3237,-0.1575,0.5688,1000.9277,right_turn
599402,-0.0603,-0.0117,0.9897,-0.6562,0.7262,0.0088,1000.9077,right_turn
599462,-0.1098,-0.0273,0.9162,0.0962,0.1838,0.3587,1000.9128,right_turn
599522,-0.0852,-0.0137,0.9736,-0.1488,0.5950,-0.1225,1000.9065,right_turn
599582,-0.0766,-0.0303,0.9165,0.5250,0.4900,0.1575,1000.8997,right_turn
599642,-0.0317,0.0010,1.0447,0.4812,1.3038,0.2013,1000.9087,right_turn
599702,-0.0401,0.0037,0.9953,0.6913,0.9187,0.4112,1000.9070,right_turn
599762,-0.0415,-0.0041,1.0167,-0.2975,0.0787,0.4550,1000.9072,right_turn
599822,-0.0318,0.0234,1.0167,0.8138,1.1463,-0.0875,1000.8809,right_turn
599882,-0.0542,0.0595,0.9658,1.8025,-0.3063,0.1050,1000.9077,right_turn
599942,-0.0384,-0.0344,0.9848,0.8487,-0.9800,-0.3237,1000.9011,right_turn
600002,-0.0102,0.1030,0.9904,0.0262,1.3737,-0.2450,1000.9084,right_turn
600062,0.0063,0.0627,1.0216,-0.6125,-0.3413,0.0350,1000.9087,right_turn
600122,-0.0330,0.0041,1.0185,0.2275,0.1750,0.2800,1000.8945,right_turn
600182,-0.0602,0.0241,0.8938,0.3237,-0.6650,-0.5250,1000.8809,right_turn
600242,-0.0471,-0.0268,0.9865,0.5163,-1.1375,-0.3587,1000.9014,right_turn
600302,-0.0069,0.0567,0.9675,-0.0525,-0.1225,-0.1575,1000.9214,right_turn
600362,0.0207,0.0329,1.0970,0.5775,-0.3938,-0.2537,1000.8857,right_turn
600422,0.0109,0.0242,0.9856,-0.6913,-0.5425,0.1575,1000.9038,right_turn
600482,-0.0163,0.1505,0.9604,0.0262,0.5163,0.2975,1000.9033,right_turn
600542,-0.0015,-0.0862,1.0578,0.1050,1.3038,0.1750,1000.8984,right_turn
600602,-0.0376,0.0429,1.0241,-0.0088,-1.6537,-0.1312,1000.9080,right_turn
600662,-0.0070,0.0649,1.0371,-0.3762,-1.4088,-0.1925,1000.8972,right_turn
600722,-0.0063,-0.0793,0.8957,0.3150,-0.4462,0.1050,1000.8779,right_turn
600782,-0.0486,0.0305,0.9719,1.5925,0.6737,-0.0787,1000.9106,right_turn
600842,-0.0740,0.0306,0.8849,-2.0738,-1.8900,-0.0525,1000.9089,right_turn
600902,0.0169,0.0022,1.0546,1.2425,-1.3913,0.0962,1000.8894,right_turn
600962,-0.0351,0.0434,0.9572,-0.6300,0.1138,-0.0700,1000.8965,right_turn
601022,-0.0100,-0.0320,0.9806,1.3650,-0.7962,0.1225,1000.8884,right_turn
601082,-0.0106,0.0064,1.0655,-1.0500,1.5137,0.2800,1000.8811,right_turn
601142,0.1086,0.0039,1.0504,-1.7150,0.2013,-0.3938,1000.9041,right_turn
601202,0.0429,0.0129,1.0960,0.2450,2.3187,0.0175,1000.8748,right_turn
601262,-0.0283,0.0276,0.9496,-0.5250,0.4200,-0.1312,1000.8918,right_turn
601322,0.0095,0.0217,1.0081,-0.2887,0.1400,0.0613,1000.9004,right_turn
601382,-0.0337,0.0249,1.0582,0.5337,1.1463,0.2625,1000.9021,right_turn
601442,-0.0092,-0.0129,1.0621,-0.0262,-1.1988,-0.1312,1000.8708,right_turn
601502,-0.0287,0.0756,0.9602,-0.3587,0.7875,0.0350,1000.9019,right_turn
601562,-0.0213,-0.0637,1.0104,1.1113,1.1463,0.1050,1000.8958,right_turn
601622,-0.0442,0.0135,0.9476,0.5163,0.8313,-0.1488,1000.8906,right_turn
601682,0.0008,-0.0544,1.0553,0.7613,-1.1463,0.0525,1000.8916,right_turn
601742,0.0063,0.0388,1.0058,1.1988,1.2425,-0.3413,1000.8923,right_turn
601802,-0.0039,-0.0281,0.9587,-0.6475,-2.3888,-0.2450,1000.8867,right_turn
601862,0.0243,0.0266,1.0240,1.2775,-0.7175,-0.0262,1000.8918,right_turn
601922,-0.0134,-0.0099,0.9842,-0.5075,1.1113,0.1488,1000.8884,right_turn
601982,0.0012,0.0271,1.0302,0.6037,0.2887,0.2362,1000.9048,right_turn
602042,0.0526,0.0508,1.0178,-0.6300,-0.6125,-0.1488,1000.9089,right_turn
602102,-0.0307,-0.0527,0.9250,-0.1138,-0.5250,-0.1663,1000.9133,right_turn
602162,-0.0700,-0.0569,0.7813,-2.1350,-0.1138,-0.2275,1000.9133,right_turn
602222,0.0348,-0.0268,1.0104,0.4638,-3.5612,-0.1488,1000.9141,right_turn
602282,0.0409,0.0486,0.9936,-0.1575,0.7350,-0.1838,1000.8945,right_turn
602342,-0.0254,-0.0295,0.9359,1.2600,-0.1838,-0.2975,1000.8760,right_turn
602402,0.0046,-0.0098,0.9511,-0.0437,-0.1050,-0.1138,1000.8755,right_turn
602462,0.0484,0.0310,1.0461,1.2687,-0.7262,-0.0437,1000.8789,right_turn
602522,0.0275,0.0517,1.0172,0.0350,0.6562,-0.1225,1000.8882,right_turn
602582,-0.0458,-0.0693,1.0546,1.9863,-0.9712,-0.1925,1000.8801,right_turn
602642,0.0163,0.0032,0.9394,0.2275,-0.7788,-0.5075,1000.8796,right_turn
602702,0.0871,-0.0138,1.1260,0.6388,-1.8200,-0.2362,1000.8735,right_turn
602762,0.0237,0.0381,1.0458,-0.2887,0.5425,0.1050,1000.8645,right_turn
602822,-0.0098,-0.0146,0.9697,0.3325,0.1663,-0.0175,1000.8755,right_turn
602882,0.0349,0.0444,1.0558,0.9275,0.8400,-0.0700,1000.9014,right_turn
602942,0.0102,0.0470,1.0324,0.8750,-0.8662,0.1838,1000.9021,right_turn
603002,-0.0312,0.0705,1.0019,0.1400,0.1838,0.2625,1000.8982,right_turn
603062,0.0449,0.0633,1.1322,-0.4025,1.8200,-0.2100,1000.8787,right_turn
603122,0.0134,-0.1196,0.9711,0.7788,-1.5925,0.0350,1000.8730,right_turn
603182,0.0296,0.0656,0.9470,1.4175,0.1575,-0.4375,1000.8772,right_turn
603242,0.0505,0.0261,1.0139,-0.5075,0.2975,0.4638,1000.8816,right_turn
603302,0.0402,0.0024,1.0662,-0.1925,0.8313,0.5250,1000.9089,right_turn
603362,0.0573,0.0366,1.0516,0.8487,-0.7000,0.2975,1000.9045,right_turn
603422,0.0185,-0.0132,1.0338,-0.3850,0.4900,0.0700,1000.8962,right_turn
603482,-0.0287,-0.0276,0.9692,0.1488,0.1838,-0.1663,1000.8848,right_turn
603542,0.0086,0.0310,1.0773,0.9712,1.5137,0.3063,1000.8811,right_turn
603602,0.0655,0.0104,1.0411,2.1088,1.4438,0.2362,1000.8826,right_turn
603662,0.0329,0.0169,0.9298,0.7700,-1.6013,0.1138,1000.8899,right_turn
603722,0.0592,0.0542,1.0873,1.2513,-1.7587,0.3762,1000.9031,right_turn
603782,0.1078,0.0353,1.0799,0.0700,0.7788,0.2625,1000.8936,right_turn
603842,0.0361,-0.0317,0.9255,-0.1400,-2.0300,0.2625,1000.9016,right_turn
603902,0.0100,-0.0176,0.9129,0.3500,-1.1200,0.2362,1000.9255,right_turn
603962,0.0773,0.0427,1.0851,0.8138,0.7262,0.3063,1000.9312,right_turn
604022,0.0542,0.0678,1.0275,-0.1488,1.9775,0.2887,1000.9111,right_turn
604082,0.0149,-0.0667,1.0556,1.6275,-0.2800,0.1488,1000.9028,right_turn
604142,0.0146,0.0537,1.0219,2.3100,0.7525,-0.1225,1000.8979,right_turn
604202,0.0420,-0.0678,1.1447,-0.5950,2.6337,0.0262,1000.9033,right_turn
604262,-0.0112,-0.0085,0.9514,0.4725,0.2188,0.5075,1000.9072,right_turn
604322,-0.0139,0.0322,1.0199,1.3913,0.6212,0.2362,1000.8789,right_turn
604382,0.0015,-0.0201,0.9579,0.5163,0.6913,0.2100,1000.9016,right_turn
604442,0.0134,0.0283,0.9186,1.0675,-0.9013,0.1663,1000.9124,right_turn
604502,0.0487,0.0891,1.0455,-0.8750,1.1113,0.4812,1000.9014,right_turn
604562,0.0180,0.0230,0.9443,1.3563,0.7262,0.3850,1000.9253,right_turn
604622,0.0214,0.0563,1.0809,0.7875,1.8550,0.0437,1000.9299,right_turn
604682,0.0174,0.0051,1.0019,0.4900,1.1988,0.3237,1000.8945,right_turn
604742,-0.0124,-0.0120,0.9643,-0.3150,0.4200,0.2100,1000.9099,right_turn
604802,0.0166,-0.0012,1.0736,-0.0525,-0.0175,0.3675,1000.9109,right_turn
604862,-0.0015,0.0511,1.0372,0.2188,-0.1750,-0.3850,1000.9209,right_turn
604922,0.0105,-0.1022,0.9977,0.4112,-0.2713,0.2013,1000.9114,right_turn
604982,0.0307,0.0246,1.1165,1.2250,1.5137,0.1663,1000.9209,right_turn
605042,0.0305,0.0295,1.0110,-0.4462,-0.3237,0.2713,1000.9053,right_turn
605102,-0.0039,0.0490,0.9965,-0.4900,-1.2600,-0.0350,1000.8984,right_turn
605162,-0.0085,0.0071,0.8718,-0.1575,-0.8225,0.0525,1000.9062,right_turn
605222,0.0471,-0.0063,1.0412,-0.3938,-1.4175,-0.1575,1000.9014,right_turn
605282,-0.0339,-0.0459,0.9591,-0.6300,-0.0175,0.3850,1000.9189,right_turn
605342,0.0540,0.0969,1.0904,-1.2862,0.4988,0.2013,1000.8938,right_turn
605402,0.0869,-0.0590,1.1070,-2.5725,0.4200,0.7000,1000.9087,right_turn
605462,0.0095,0.0728,0.9303,2.4850,-0.4725,-0.0700,1000.9036,right_turn
605522,0.0925,-0.0156,1.0475,-1.3300,-1.8725,-0.0700,1000.9146,right_turn
605582,0.1186,0.0849,1.1253,1.0850,-1.8025,0.0875,1000.9180,right_turn
605642,0.0992,0.0166,1.1078,0.9450,-2.4500,0.4375,1000.9172,right_turn
605702,0.0431,-0.0695,0.8877,-2.0300,-3.8325,0.4462,1000.9089,right_turn
605762,0.0630,0.0198,0.9306,1.3913,-1.6888,-0.0262,1000.9136,right_turn
605822,0.0878,0.1738,1.0274,1.8725,-1.5575,0.3675,1000.9104,right_turn
605882,0.0401,0.0817,0.9870,-0.2713,-2.7037,0.2975,1000.9031,right_turn
605942,0.0617,-0.0057,1.0569,0.4638,2.0475,0.2450,1000.9299,right_turn
606002,0.0566,0.0609,1.0684,1.4787,-0.1838,-0.1312,1000.9104,right_turn
606062,-0.0069,-0.0468,0.9401,-0.1312,1.6187,0.0350,1000.9001,right_turn
606122,0.0366,0.0109,0.9518,-0.0350,-0.1050,0.5512,1000.9136,right_turn
606182,-0.0058,0.1015,0.9662,-2.9750,-1.7850,0.1663,1000.9023,right_turn
606242,0.0398,-0.0579,1.0202,-0.2537,-0.3063,-0.1575,1000.8982,right_turn
606302,0.0461,-0.0317,0.9150,0.3675,-0.1575,-0.4550,1000.8926,right_turn
606362,0.0673,0.0468,1.0009,0.9800,-0.8575,-0.3413,1000.8889,right_turn
606422,0.0235,0.0585,0.9218,-0.5425,-0.9187,-0.1663,1000.8928,right_turn
606482,0.0661,0.0195,0.9635,1.3737,-0.9187,-0.2013,1000.9026,right_turn
606542,0.0340,0.1188,0.9501,0.5512,1.5488,-0.9975,1000.9158,right_turn
606602,0.0398,0.0405,1.0040,1.0412,-0.4900,-1.3388,1000.9036,right_turn
606662,0.0706,-0.0073,0.9257,-0.8750,-1.3388,-1.6800,1000.8950,right_turn
606722,0.0204,0.0288,0.9337,0.2188,-1.3737,-1.3650,1000.8984,right_turn
606782,0.1091,-0.0122,1.0589,0.4988,-0.6300,-1.6013,1000.9194,right_turn
606842,0.0608,0.0156,0.9074,-0.2100,-1.1900,-2.2925,1000.9204,right_turn
606902,0.0409,0.0297,0.9102,-0.1488,-2.4675,-2.3975,1000.9177,right_turn
606962,0.0669,0.0693,0.9468,0.2450,-0.6037,-2.7738,1000.9282,right_turn
607022,0.0500,0.1081,0.9913,1.6450,-0.2275,-2.9925,1000.8945,right_turn
607082,0.0454,0.0727,0.9543,1.1113,-0.9712,-3.6312,1000.9087,right_turn
607142,0.0176,0.0867,0.9982,-0.1138,0.7437,-4.0512,1000.9072,right_turn
607202,0.0534,0.0879,0.9889,1.4175,1.8725,-4.4975,1000.9070,right_turn
607262,0.0447,0.0385,0.9579,0.4288,-0.6913,-5.4075,1000.9165,right_turn
607322,0.0725,0.1134,1.0274,0.8050,-0.2975,-5.6438,1000.9102,right_turn
607382,0.0493,0.1124,0.9379,0.8575,-0.6475,-6.7987,1000.9172,right_turn
607442,0.0075,0.1506,0.9986,1.4262,-0.8838,-7.5425,1000.9153,right_turn
607502,0.0118,0.1565,0.9826,1.0412,-1.3475,-8.5050,1000.9016,right_turn
607562,0.0004,0.1908,0.9219,0.5600,1.7325,-10.1675,1000.9167,right_turn
607622,0.0340,0.1364,0.8855,0.2362,0.1312,-11.4975,1000.9116,right_turn
607682,0.0764,0.2359,1.1482,2.1962,0.7262,-13.2825,1000.9097,right_turn
607742,0.0905,0.1676,1.0344,0.5250,0.0437,-14.1313,1000.9094,right_turn
607802,0.0759,0.2413,0.8967,0.6913,-1.3563,-15.0150,1000.9094,right_turn
607862,0.0832,0.2315,1.0038,0.0437,0.2100,-16.5725,1000.9175,right_turn
607922,0.0922,0.1947,1.0207,0.2450,0.0787,-17.0450,1000.9172,right_turn
607982,0.0800,0.2448,1.0258,0.8313,0.5775,-18.4713,1000.9106,right_turn
608042,0.0684,0.2650,1.0568,0.0962,0.0875,-18.8125,1000.9158,right_turn
608102,0.0720,0.1954,0.9929,-0.6125,1.0675,-19.1800,1000.9167,right_turn
608162,0.0364,0.1726,0.8938,-0.1312,0.7350,-20.0637,1000.9160,right_turn
608222,0.1037,0.2062,0.9584,-0.1663,-0.3325,-20.6238,1000.9092,right_turn
608282,0.0786,0.2491,1.0382,0.3063,-0.3237,-20.5537,1000.9170,right_turn
608342,0.0639,0.2045,1.0253,0.4200,-0.4638,-21.7175,1000.9180,right_turn
608402,0.0891,0.1774,0.9833,0.9712,-0.2887,-21.7437,1000.9287,right_turn
608462,0.0828,0.2538,0.9914,0.7962,-0.0613,-21.9713,1000.9246,right_turn
608522,0.0475,0.1447,0.9704,1.9075,0.2625,-22.0938,1000.9272,right_turn
608582,0.0588,0.2087,1.0397,2.6337,2.3450,-22.8113,1000.9146,right_turn
608642,0.0725,0.2547,1.0726,-0.3850,1.5575,-23.2575,1000.9290,right_turn
608702,0.0917,0.2654,1.0480,1.9250,0.3500,-23.8700,1000.9207,right_turn
608762,0.0303,0.2428,0.9733,0.6737,-0.5863,-24.6575,1000.9282,right_turn
608822,0.0273,0.2203,0.9513,-1.6275,-2.3012,-24.5000,1000.9268,right_turn
608882,0.0834,0.2391,1.0538,0.3675,-0.4725,-26.1275,1000.9348,right_turn
608942,0.0466,0.2472,1.0204,-0.4375,0.6212,-25.4100,1000.9294,right_turn
609002,-0.0024,0.2448,0.9199,-1.4963,-1.2337,-26.0662,1000.9314,right_turn
609062,0.0139,0.2319,0.8847,-0.2362,-0.1400,-26.9062,1000.9290,right_turn
609122,0.0358,0.1925,1.0360,0.7788,1.1463,-26.8363,1000.9370,right_turn
609182,0.0087,0.2506,0.9087,-1.7413,-2.2400,-27.0812,1000.9299,right_turn
609242,0.0100,0.2023,0.9706,0.8313,1.0938,-27.0550,1000.9370,right_turn
609302,-0.0298,0.2475,0.8908,0.2275,-1.6800,-27.6763,1000.9233,right_turn
609362,0.0167,0.2225,0.9707,0.7875,-0.9100,-27.0812,1000.9255,right_turn
609422,-0.0018,0.1928,0.9872,0.9625,2.8000,-26.3463,1000.9390,right_turn
609482,-0.0130,0.2655,0.9739,-3.3950,-0.2100,-25.8300,1000.9297,right_turn
609542,0.0497,0.2001,1.0216,1.0412,2.5463,-28.0088,1000.9246,right_turn
609602,0.0376,0.2047,1.0280,-1.0500,0.5600,-27.0025,1000.9434,right_turn
609662,-0.0335,0.2538,0.9968,1.0938,0.3413,-26.4950,1000.9333,right_turn
609722,-0.0547,0.2021,0.8251,-0.7262,-0.5775,-26.6612,1000.9360,right_turn
609782,0.0527,0.2792,0.9747,-2.3800,0.4112,-25.9088,1000.9312,right_turn
609842,0.0185,0.2035,0.9651,-2.9925,-0.6737,-25.9788,1000.9263,right_turn
609902,0.0164,0.2347,1.0777,-1.4963,2.8263,-26.5825,1000.9241,right_turn
609962,-0.0533,0.1848,0.9145,-0.0875,-1.3212,-26.6700,1000.9255,right_turn
610022,0.0034,0.1493,1.0255,-0.0350,-0.6650,-26.2150,1000.9329,right_turn
610082,0.0178,0.2134,0.9214,0.9800,-2.5900,-26.0575,1000.9385,right_turn
610142,0.0229,0.2086,0.9928,-0.5425,-3.5175,-25.8825,1000.9309,right_turn
610202,0.0432,0.2111,0.9872,2.6425,-0.6300,-26.0750,1000.9380,right_turn
610262,0.0715,0.2142,1.1268,-0.1925,-3.0538,-25.4713,1000.9438,right_turn
610322,0.0853,0.2710,1.0433,-0.5600,-2.1175,-24.9025,1000.9224,right_turn
610382,-0.0129,0.2045,1.0233,-1.8813,-0.2887,-24.9025,1000.9358,right_turn
610442,-0.0202,0.3014,0.8677,-3.3338,-1.2250,-24.9112,1000.9209,right_turn
610502,0.0127,0.1934,0.9374,-1.6013,-1.6800,-24.8412,1000.9280,right_turn
610562,-0.0205,0.1906,0.8009,-0.6475,1.4787,-25.4450,1000.9167,right_turn
610622,0.0195,0.1113,0.9287,-0.5075,-0.1575,-25.0075,1000.9219,right_turn
610682,0.0429,0.2064,1.0607,-0.1138,1.0850,-24.9112,1000.9211,right_turn
610742,0.0166,0.1742,1.0690,-0.0962,1.8637,-24.1938,1000.9329,right_turn
610802,-0.0378,0.1676,1.0263,-0.2275,0.8575,-23.2750,1000.9243,right_turn
610862,-0.0263,0.2460,1.0143,-1.3825,-0.8400,-21.9888,1000.9321,right_turn
610922,-0.0544,0.1789,1.0487,0.8925,-0.3237,-21.2625,1000.9236,right_turn
610982,-0.0549,0.1247,0.9953,0.5950,0.9887,-20.2300,1000.9304,right_turn
611042,-0.0476,0.1222,1.0025,-1.1725,-0.0525,-19.1275,1000.9302,right_turn
611102,-0.0395,0.0605,1.0081,1.1463,-0.7525,-18.1388,1000.9209,right_turn
611162,-0.0700,0.0805,0.8095,-0.0175,-1.3737,-17.1850,1000.9302,right_turn
611222,-0.0481,0.1125,1.0838,-0.1838,-0.0088,-15.7937,1000.9126,right_turn
611282,0.0293,0.0986,1.0199,-0.6212,0.1575,-14.4113,1000.9280,right_turn
611342,-0.0029,0.0571,0.9431,-1.5662,1.3737,-13.1425,1000.9197,right_turn
611402,0.0332,0.1132,1.0709,-0.4288,1.4262,-11.7950,1000.9304,right_turn
611462,-0.0149,0.0406,0.9296,-0.1575,-1.1200,-10.9550,1000.9260,right_turn
611522,0.0171,-0.0024,0.9357,-1.5400,-0.6737,-9.6337,1000.9302,right_turn
611582,0.0138,0.0534,0.9091,0.3325,0.3675,-9.0212,1000.9272,right_turn
611642,0.0322,0.0327,0.9499,-0.6825,0.5425,-8.0500,1000.9263,right_turn
611702,0.0466,0.0457,1.0389,0.0875,-0.5250,-7.0437,1000.9338,right_turn
611762,0.0367,0.0612,1.1039,-0.1663,-3.1937,-5.9763,1000.9341,right_turn
611822,-0.0102,0.0509,1.1146,-0.5950,-0.4812,-5.5125,1000.9355,right_turn
611882,-0.0467,-0.0319,0.9880,0.9625,0.3063,-4.4800,1000.9287,right_turn
611942,0.0344,0.1122,1.1583,-0.4638,2.0300,-3.7188,1000.9287,right_turn
612002,-0.0317,-0.0059,0.9477,0.1838,0.1400,-3.7625,1000.9333,right_turn
612062,-0.0456,-0.0080,0.9883,2.3100,1.8463,-3.7887,1000.9290,right_turn
612122,0.0350,0.0769,1.0627,2.4675,0.1575,-2.7125,1000.9260,right_turn
612182,0.0041,0.0620,1.0146,-1.5137,-1.1113,-1.6800,1000.9275,right_turn
612242,-0.0204,0.0285,0.9402,1.3212,2.2313,-1.6625,1000.9114,right_turn
612302,0.0407,0.0371,1.0590,0.1838,0.3675,-1.2600,1000.9226,right_turn
612362,0.0529,-0.0054,0.9658,0.1575,0.6125,-0.9625,1000.9236,right_turn
612422,0.0483,0.0342,0.9372,-0.6388,0.7613,-1.2513,1000.9333,right_turn
612482,0.0425,0.0683,0.9316,-0.4900,-1.0850,-0.8138,1000.9316,right_turn
612542,0.0295,-0.0412,0.9066,2.2225,-0.7437,-1.3650,1000.9312,right_turn
612602,-0.0043,0.0281,0.9075,0.0700,-1.5225,-1.6100,1000.9231,right_turn
612662,-0.0077,0.0420,0.9377,-0.1488,-4.6287,-1.2337,1000.9358,right_turn
612722,0.0686,0.0117,1.0748,0.7262,-0.9013,-1.3038,1000.9216,right_turn
612782,0.0400,0.0403,0.9482,0.2013,0.6913,-1.8112,1000.9197,right_turn
612842,0.0398,0.0393,0.9517,0.5775,0.9013,-1.3650,1000.9180,right_turn
612902,0.0985,0.0625,1.0671,0.6737,2.6163,-2.1525,1000.9260,right_turn
612962,0.0245,0.0636,0.9742,-0.2275,-0.9362,-2.2400,1000.9316,right_turn
613022,0.0448,0.0761,0.9767,1.0237,0.7350,-2.8263,1000.9204,right_turn
613082,0.0681,0.0242,1.0175,0.1663,0.7088,-3.3688,1000.9277,right_turn
613142,0.0993,0.1374,1.0695,-0.7525,0.4200,-3.1325,1000.9270,right_turn
613202,0.0797,0.0871,1.0343,-0.1488,2.1263,-3.5087,1000.9341,right_turn
613262,-0.0212,0.0083,0.8810,0.9625,1.7237,-4.4713,1000.9238,right_turn
613322,0.0168,-0.0264,1.0065,2.2575,3.7538,-4.7512,1000.9270,right_turn
613382,-0.0520,0.1078,0.8835,2.5725,0.6562,-4.9262,1000.9260,right_turn
613442,0.0171,-0.0151,0.9997,0.8400,0.3500,-4.9612,1000.9263,right_turn
613502,0.0363,0.0329,1.0105,1.1812,0.8925,-5.0575,1000.9407,right_turn
613562,0.0964,0.1206,1.1063,0.3587,-0.6300,-5.5125,1000.9338,right_turn
613622,0.0595,0.0949,1.0077,-1.3475,-0.5775,-5.8975,1000.9302,right_turn
613682,0.0637,0.0934,1.0250,-1.2075,0.8487,-6.2737,1000.9351,right_turn
613742,0.0938,0.0641,1.0543,0.3150,1.4612,-7.2450,1000.9255,right_turn
613802,0.0248,0.0488,0.9282,0.2975,-0.6125,-7.6650,1000.9355,right_turn
613862,0.0676,0.0935,1.0256,-0.8925,-0.7962,-7.7525,1000.9390,right_turn
613922,0.0046,0.1208,0.9413,2.5200,-0.2537,-8.9338,1000.9268,right_turn
613982,0.0329,0.0629,0.9957,1.4350,-1.2950,-9.5025,1000.9277,right_turn
614042,0.0905,0.1481,0.9678,0.9975,-0.7613,-10.6838,1000.9255,right_turn
614102,0.0949,0.1344,1.0238,-0.0700,-1.1812,-10.4388,1000.9192,right_turn
614162,0.0273,0.1795,0.9728,-0.1838,0.9362,-11.5063,1000.9250,right_turn
614222,0.0127,0.1547,0.9493,1.1287,1.1375,-12.7050,1000.9375,right_turn
614282,0.0557,0.1422,1.1246,0.5337,1.9863,-14.2450,1000.9302,right_turn
614342,0.0310,0.2027,0.9653,-1.2337,-0.8750,-14.7875,1000.9341,right_turn
614402,0.0635,0.1784,0.9654,0.2188,-0.5863,-15.5925,1000.9412,right_turn
614462,-0.0332,0.1933,0.9182,0.6037,-0.4375,-16.4675,1000.9373,right_turn
614522,0.0129,0.2145,1.0407,-1.2250,-0.6650,-16.9312,1000.9299,right_turn
614582,-0.0146,0.1949,1.0323,-0.2800,0.4462,-17.6838,1000.9319,right_turn
614642,0.0012,0.0541,1.0131,0.1138,-1.7500,-18.0425,1000.9382,right_turn
614702,-0.0098,0.1789,0.9570,-0.0613,0.3500,-18.3400,1000.9241,right_turn
614762,-0.0310,0.1606,0.8880,0.4550,0.5075,-18.9525,1000.9333,right_turn
614822,0.0043,0.1467,0.8852,-1.1638,-1.4612,-19.2412,1000.9312,right_turn
614882,0.0148,0.1686,0.9521,0.4900,-1.2600,-19.6350,1000.9263,right_turn
614942,0.0312,0.2031,0.9462,0.0875,-0.1750,-20.1950,1000.9253,right_turn
615002,0.0132,0.1716,0.9725,0.7525,0.5250,-20.7025,1000.9290,right_turn
615062,0.0102,0.1243,0.9492,0.7175,0.2887,-21.1750,1000.9287,right_turn
615122,0.0434,0.2213,0.9665,1.8200,0.6037,-21.5513,1000.9275,right_turn
615182,-0.0263,0.2164,0.9297,-1.0588,-0.2800,-22.1200,1000.9348,right_turn
615242,-0.0010,0.2120,0.9336,-0.1925,0.4988,-22.7500,1000.9207,right_turn
615302,0.0215,0.2316,1.0200,-0.3938,-0.7962,-22.9862,1000.9316,right_turn
615362,0.0249,0.2188,1.0484,-1.0850,-1.1550,-23.8787,1000.9136,right_turn
615422,-0.0046,0.1601,1.0170,-0.4550,0.7525,-24.6488,1000.9292,right_turn
615482,-0.0585,0.1301,0.8586,-1.0500,-2.0738,-24.6400,1000.9238,right_turn
615542,0.0208,0.2386,0.9887,0.1750,-0.3675,-25.2700,1000.9248,right_turn
615602,0.0212,0.2313,1.0270,-1.1287,-1.3300,-25.8213,1000.9199,right_turn
615662,-0.0185,0.2142,0.9411,0.8400,-0.3150,-26.3200,1000.9158,right_turn
615722,0.0249,0.2148,1.0357,1.3737,0.6037,-26.8275,1000.9170,right_turn
615782,0.0181,0.2220,0.9256,-0.1400,1.0063,-26.3550,1000.9150,right_turn
615842,-0.0239,0.2157,0.9515,1.4787,0.1663,-26.1712,1000.9219,right_turn
615902,0.0127,0.1845,0.9445,-0.4900,-1.4963,-26.1012,1000.9258,right_turn
615962,-0.0393,0.1932,0.9175,-0.0700,-0.5775,-26.2500,1000.9175,right_turn
616022,0.0229,0.2171,1.0607,-0.0962,0.1050,-26.6262,1000.9111,right_turn
616082,0.0159,0.2472,0.9389,-0.9800,-1.3650,-26.5737,1000.9050,right_turn
616142,-0.0212,0.2241,1.0287,0.1225,0.6037,-26.3288,1000.9124,right_turn
616202,-0.0364,0.2062,0.9423,0.3587,-1.4350,-26.2150,1000.9160,right_turn
616262,-0.0114,0.1555,0.9784,-0.9887,1.0500,-26.5212,1000.9185,right_turn
616322,-0.0251,0.2489,1.0111,0.3587,-0.1050,-26.6787,1000.9143,right_turn
616382,-0.0264,0.1276,1.0197,2.2050,1.7675,-26.8363,1000.9121,right_turn
616442,0.0043,0.3023,0.9851,2.0300,0.9887,-26.7050,1000.9155,right_turn
616502,-0.0222,0.2115,0.9715,-1.3913,-0.5337,-25.8300,1000.9138,right_turn
616562,0.0102,0.2111,1.1322,0.5337,1.5575,-24.5875,1000.9150,right_turn
616622,-0.0102,0.2347,0.9852,-1.2687,-1.4787,-24.3775,1000.9131,right_turn
616682,-0.0519,0.2017,1.0416,-0.6212,0.6737,-23.8700,1000.9119,right_turn
616742,0.0185,0.2485,1.0143,-1.1025,-1.9512,-23.5287,1000.9097,right_turn
616802,-0.0437,0.1391,0.9747,1.4525,-0.0262,-22.3563,1000.9097,right_turn
616862,-0.0088,0.1608,1.0078,-0.8313,1.1375,-21.6475,1000.9080,right_turn
616922,-0.0576,0.2012,1.0297,-0.5863,1.6537,-20.5800,1000.9080,right_turn
616982,-0.0442,0.1757,1.0047,0.0437,0.5950,-19.7838,1000.8962,right_turn
617042,-0.0349,0.1523,1.0040,-0.2100,0.1225,-18.8213,1000.9146,right_turn
617102,-0.0615,0.1272,0.9120,-0.8750,0.7350,-17.4387,1000.9019,right_turn
617162,-0.0837,0.0783,0.9416,-1.0237,-0.1750,-15.5312,1000.9043,right_turn
617222,-0.0736,0.1071,0.9816,-0.9450,0.5425,-14.5075,1000.9004,right_turn
617282,-0.1049,0.0508,0.9362,-0.6475,-0.1400,-13.2037,1000.8994,right_turn
617342,-0.0376,0.0337,0.9726,-0.4550,-0.4375,-12.1275,1000.9082,right_turn
617402,-0.0310,0.0971,1.0477,0.0262,0.4988,-11.3400,1000.9016,right_turn
617462,-0.0425,0.0422,0.9975,-1.0150,-1.0675,-9.9575,1000.9072,right_turn
617522,-0.0361,0.1591,0.9543,-0.1225,-0.0350,-9.0037,1000.8940,right_turn
617582,-0.0737,0.0895,0.9250,0.7700,0.8662,-8.2425,1000.8984,right_turn
617642,-0.0481,0.0672,1.0416,-0.4812,0.8138,-6.9913,1000.9028,right_turn
617702,-0.0304,0.0331,1.0031,0.1750,-0.1575,-6.2562,1000.9041,right_turn
617762,-0.0381,0.0269,0.9903,-0.6650,-0.0262,-5.3900,1000.8911,right_turn
617822,-0.0518,0.0850,0.9636,1.4525,0.2625,-4.7600,1000.8931,right_turn
617882,-0.0554,-0.0176,0.9616,0.3063,0.2625,-4.3488,1000.8938,right_turn
617942,-0.0350,0.0134,1.0209,0.2975,0.9362,-3.4650,1000.8923,right_turn
618002,0.0123,0.0181,1.0138,-1.6187,-2.1613,-2.6862,1000.8892,right_turn
618062,-0.0113,0.0637,1.0092,0.6737,-0.8750,-2.2400,1000.8884,right_turn
618122,-0.0278,0.0376,1.0999,1.1200,2.5900,-1.9338,1000.8896,right_turn
618182,-0.0334,0.0788,0.9645,-0.3938,1.1113,-1.2950,1000.8926,right_turn
618242,-0.0398,-0.0529,0.9952,-1.4963,-1.0150,-0.5775,1000.8916,right_turn
618302,-0.0654,0.0605,0.9728,1.3388,-0.2537,-0.1225,1000.8789,right_turn
618362,-0.0607,0.0073,0.9458,1.6625,1.1550,0.2362,1000.8845,right_turn
618422,-0.0403,0.0110,1.0172,0.8838,-0.3063,0.4988,1000.8750,right_turn
618482,-0.0406,0.0780,1.0375,-0.1925,-0.4200,0.3237,1000.8684,right_turn
618542,-0.0270,-0.0295,1.0094,1.2162,0.6125,0.3675,1000.8796,right_turn
618602,-0.0064,0.0600,0.9906,0.5775,-0.7350,0.6300,1000.8689,right_turn
618662,0.0127,0.0383,1.0241,-2.5200,-0.0175,0.1575,1000.8669,right_turn
618722,-0.0343,-0.0445,1.0139,0.6913,0.3500,0.0088,1000.8613,right_turn
618782,0.0122,0.0937,1.0985,-0.1575,2.2575,-0.3325,1000.8604,right_turn
618842,-0.0659,0.0649,0.9380,-0.3063,-0.3500,-0.2975,1000.8518,right_turn
618902,-0.0442,-0.0405,0.9248,-0.4812,-0.8050,-0.1050,1000.8533,right_turn
618962,-0.0215,0.0142,1.0615,-0.2100,-0.9013,0.1925,1000.8560,right_turn
619022,-0.0708,0.0056,0.9948,-1.3038,0.6212,-0.1225,1000.8474,right_turn
619082,-0.0661,-0.0134,1.0557,0.1312,2.2750,-0.0962,1000.8494,right_turn
619142,-0.0861,0.0113,0.9811,-0.6125,-0.6212,0.0613,1000.8496,right_turn
619202,0.0186,-0.0042,1.1905,0.0088,2.2838,-0.4638,1000.8459,right_turn
619262,-0.0278,-0.0281,0.9528,1.9512,-1.1725,0.0613,1000.8445,right_turn
619322,-0.0931,0.0485,0.9128,0.2188,1.6888,-0.1838,1000.8391,right_turn
619382,0.0383,-0.0159,1.0616,1.2337,2.5025,-0.3675,1000.8369,right_turn
619442,-0.0471,-0.0508,1.0131,-1.2250,0.7350,0.2188,1000.8467,right_turn
619502,0.0196,-0.0391,1.0060,-0.8838,-0.0350,0.0000,1000.8472,right_turn
619562,0.0124,0.1337,1.1138,0.9625,2.7912,0.1225,1000.8450,right_turn
619622,-0.0659,-0.0132,0.9554,0.5688,2.3450,-0.2188,1000.8435,right_turn
619682,-0.0302,0.0232,0.9157,0.4812,1.1025,-0.1838,1000.8452,right_turn
619742,0.0124,0.0088,1.0397,-0.5075,0.1225,0.0787,1000.8447,right_turn
619802,-0.0809,0.0146,0.9736,-0.4112,0.5775,0.3063,1000.8447,right_turn
619862,-0.0558,0.0652,1.0272,-0.2100,2.7475,0.3675,1000.8479,right_turn
619922,-0.1246,-0.2423,0.9460,-1.4000,2.2925,0.2975,1000.8433,right_turn
619982,-0.0673,0.0290,0.9401,2.4675,2.0912,-0.3150,1000.8335,right_turn
620042,0.0139,-0.0332,0.9378,-0.9450,-3.3163,0.2100,1000.8550,right_turn
620102,-0.0022,0.0266,1.1198,-0.1400,-0.8487,0.1400,1000.8457,right_turn
620162,0.0213,0.0644,1.1680,1.4787,0.7700,0.1575,1000.8438,right_turn
620222,-0.0503,-0.0420,0.8479,3.1675,0.8313,0.2450,1000.8391,right_turn
620282,-0.0021,0.1033,0.9775,-1.7675,-1.1113,0.2275,1000.8528,right_turn
620342,-0.0054,0.0307,0.9694,-1.2687,-2.5287,0.3500,1000.8372,right_turn
620402,0.0459,-0.0386,0.9833,-0.3675,-0.2013,0.2100,1000.8440,right_turn
620462,0.0068,0.0484,1.0245,-0.8050,0.8050,0.5250,1000.8496,right_turn
620522,0.0624,0.0281,0.9679,-1.9425,0.9975,0.0525,1000.8484,right_turn
620582,0.0280,0.0123,1.0117,0.0962,-0.6037,0.5425,1000.8542,right_turn
620642,0.0044,-0.0246,0.8721,1.3650,-1.4438,0.1575,1000.8440,right_turn
620702,-0.0051,-0.0229,1.0411,1.1638,0.2275,0.0875,1000.8452,right_turn
620762,0.0328,0.0105,1.0341,-1.9688,0.8750,0.0525,1000.8362,right_turn
620822,0.0422,-0.0027,1.0521,0.7000,1.0762,0.5425,1000.8579,right_turn
620882,0.0020,-0.1261,0.9926,-0.4550,-0.9275,0.7700,1000.8433,right_turn
620942,-0.0213,0.0593,1.0441,-0.0088,-0.9625,0.2537,1000.8579,right_turn
621002,-0.0001,-0.0693,1.0063,-0.4200,1.0412,0.2887,1000.8491,right_turn
621062,0.0176,-0.1236,0.9883,-1.9688,-2.8525,0.7350,1000.8479,right_turn
621122,0.0420,0.0852,0.9948,1.2775,-0.8575,0.8138,1000.8455,right_turn
621182,0.0153,-0.0690,0.9851,-2.0213,-2.8263,0.5163,1000.8306,right_turn
621242,-0.0395,0.0052,0.9271,-1.1550,1.0500,0.3675,1000.8484,right_turn
621302,-0.0210,0.0544,0.9792,0.2450,-0.0262,0.5512,1000.8433,right_turn
621362,0.0981,0.1183,1.1927,0.0787,3.1762,0.3587,1000.8496,right_turn
621422,0.0142,-0.0009,0.8838,-1.1638,-1.4088,0.4288,1000.8604,right_turn
621482,-0.0863,0.0794,1.0124,2.7125,3.5612,-0.0787,1000.8635,right_turn
621542,0.0069,0.0349,0.9708,0.1050,2.4850,0.0350,1000.8606,right_turn
621602,0.0302,-0.0434,1.0723,0.2713,1.2950,0.2275,1000.8616,right_turn
621662,0.0324,0.0947,1.0916,1.2075,1.0500,-0.0175,1000.8623,right_turn
621722,-0.0009,-0.0124,1.0414,0.8925,1.1638,0.5950,1000.8674,right_turn
621782,-0.0057,-0.0241,0.9091,0.7613,2.2313,0.0437,1000.8523,right_turn
621842,-0.0161,-0.0395,0.8251,0.4375,-2.0300,0.1925,1000.8608,right_turn
621902,-0.0264,0.1359,1.0199,-0.0613,-0.6650,0.8225,1000.8608,right_turn
621962,-0.0549,-0.0762,0.9572,-0.7088,1.7237,0.3938,1000.8650,right_turn
622022,-0.0415,-0.1295,0.8267,-1.8900,-0.8225,0.6300,1000.8503,right_turn
622082,0.0264,-0.0449,0.9860,-1.0325,1.5050,0.3850,1000.8552,right_turn
622142,-0.0112,-0.0359,0.9379,-2.0912,-1.4612,0.3413,1000.8464,right_turn
622202,0.1098,0.0414,1.1217,-0.0787,-0.2975,0.6825,1000.8523,right_turn
622262,0.0264,0.0458,0.9393,2.7650,3.9113,0.3237,1000.8491,right_turn
622322,-0.0009,-0.1303,0.8943,1.4963,1.4088,-0.2013,1000.8613,right_turn
622382,0.1368,-0.0790,1.0823,1.9600,1.0762,0.0962,1000.8633,right_turn
622442,0.0625,0.0221,0.9514,1.2337,0.7000,0.7175,1000.8574,right_turn
622502,0.0292,0.0600,1.0738,1.4963,2.1437,0.0875,1000.8679,right_turn
622562,-0.0201,-0.0306,0.9692,0.3237,0.6825,-0.1750,1000.8662,right_turn
622622,0.0198,-0.0259,0.8764,0.5512,-0.1400,0.0787,1000.8652,right_turn
622682,0.0532,-0.0097,0.9780,1.0150,-0.1925,0.3237,1000.8718,right_turn
622742,0.0520,-0.0271,1.0409,0.7962,1.2687,0.2975,1000.8669,right_turn
622802,0.0803,0.0263,0.9908,0.5863,0.2100,0.4375,1000.8699,right_turn
622862,0.0655,-0.0203,1.0026,0.0525,-0.4638,0.6300,1000.8770,right_turn
622922,0.1236,0.0397,1.0985,0.0525,-0.6475,0.6737,1000.8704,right_turn
622982,0.0913,0.1286,1.0782,0.6125,0.5337,0.8750,1000.8669,right_turn
623042,0.0442,-0.0680,1.0175,-0.1838,-3.4388,0.5863,1000.8752,right_turn
623102,0.0557,-0.0088,0.9475,0.9187,0.7350,0.2625,1000.8816,right_turn
623162,0.0281,0.0807,0.9439,0.2975,2.2225,0.2013,1000.8850,right_turn
623222,0.0146,-0.0180,0.9480,-0.2013,-0.3762,0.2537,1000.8945,right_turn
623282,0.0356,-0.0122,1.0060,0.7175,1.3825,0.5775,1000.8667,right_turn
623342,0.0243,-0.0083,1.0826,-0.5425,-0.2800,0.8750,1000.8848,right_turn
623402,0.0486,-0.0195,1.0245,0.3850,0.9975,0.8050,1000.8901,right_turn
623462,0.0427,-0.0493,0.8914,-2.3450,-1.1375,0.9100,1000.8960,right_turn
623522,0.0063,0.0354,0.9127,-1.4175,0.7350,1.5050,1000.8953,right_turn
623582,0.0409,-0.0531,1.0257,-1.9863,-0.4025,1.3125,1000.8857,right_turn
623642,0.0190,-0.0339,0.9147,-0.1488,1.3475,0.9100,1000.8914,right_turn
623702,-0.0415,-0.0498,0.8880,-0.5337,-1.9250,1.1375,1000.8953,right_turn
623762,0.0242,0.0199,0.9974,-1.5050,0.0437,1.2513,1000.8923,right_turn
623822,-0.0458,-0.0171,0.9433,-0.1925,0.4025,0.8225,1000.8938,right_turn
623882,-0.0005,-0.0247,1.0026,1.0850,0.6650,0.7700,1000.8926,right_turn
623942,0.0537,0.0122,1.0526,0.3063,0.0000,0.9100,1000.8945,right_turn
624002,0.0195,0.0813,1.0822,-1.1638,0.6825,1.1375,1000.8882,right_turn
624062,0.0305,-0.0357,0.9180,1.3212,2.3012,0.7788,1000.8828,right_turn
624122,0.1035,0.0010,1.0243,0.0525,-2.2575,0.9275,1000.8738,right_turn
624182,0.0124,0.0590,0.9772,-0.6737,-1.4525,1.0675,1000.8779,right_turn
624242,0.0817,-0.1379,1.0548,1.1463,0.7875,0.9538,1000.8787,right_turn
624302,0.0503,0.0574,1.0064,0.4900,1.3913,1.1287,1000.8796,right_turn
624362,0.0442,-0.0168,1.0251,-0.6737,0.5337,1.1900,1000.8884,right_turn
624422,0.0374,0.0034,0.9257,0.6300,-0.2537,1.1812,1000.8853,right_turn
624482,-0.0420,0.0217,1.0373,0.4112,-0.0175,0.9450,1000.8906,right_turn
624542,0.0320,0.0188,0.9938,0.4025,2.0300,0.1400,1000.8835,right_turn
624602,0.0858,-0.0292,1.0197,-0.9712,-1.8987,1.1725,1000.8848,right_turn
624662,0.1115,-0.0082,1.0973,-0.9187,-0.6825,0.7525,1000.8921,right_turn
624722,0.0874,0.0659,1.0267,1.0850,1.2687,0.7437,1000.8979,right_turn
624782,-0.0112,0.0672,0.8883,-0.4462,-1.9075,0.7000,1000.8960,right_turn
624842,0.0514,-0.0713,0.9878,0.1225,-0.5950,0.8138,1000.8965,right_turn
624902,0.0442,0.0334,0.9798,1.0063,0.4725,0.6125,1000.9031,right_turn
624962,0.0836,-0.0459,0.9326,-1.2687,1.0938,0.6737,1000.9163,right_turn
625022,-0.0103,-0.0939,0.9372,0.8662,0.1575,0.7962,1000.8989,right_turn
625082,-0.0232,-0.0818,0.9665,-0.1225,1.0063,0.7437,1000.8984,right_turn
625142,-0.0635,0.0224,0.7725,-0.1838,0.1312,0.9887,1000.9055,right_turn
625202,0.1132,-0.0400,1.0843,-0.4550,-1.3737,0.7262,1000.9045,right_turn
625262,0.0829,0.0017,0.9443,0.9887,1.2513,0.7437,1000.9028,right_turn
625322,0.0242,0.0359,0.9838,0.6300,0.7000,0.6825,1000.9133,right_turn
625382,0.0520,-0.0188,1.0236,-0.0088,-1.0938,0.7000,1000.9026,right_turn
625442,0.0589,-0.0427,1.0494,-0.2975,0.7788,0.7175,1000.9126,right_turn
625502,0.0222,0.0143,0.9196,0.0088,0.3237,0.8487,1000.9297,right_turn
625562,0.0232,-0.0688,0.9785,0.9887,0.0787,0.6037,1000.9172,right_turn
625622,-0.0026,-0.1279,0.7964,0.4462,-1.9075,-0.0350,1000.9099,right_turn
625682,0.1027,-0.0464,1.1029,1.3212,0.5863,0.3675,1000.9150,right_turn
625742,0.1001,0.0108,1.0107,-0.2625,0.1663,0.9100,1000.9287,right_turn
625802,0.0331,0.0016,0.9920,-1.4700,0.7000,0.7788,1000.9148,right_turn
625862,0.0149,-0.0178,0.9789,-0.2450,2.6075,0.7788,1000.9272,right_turn
625922,0.0144,-0.0387,0.9258,-0.5775,1.0588,0.6125,1000.9131,right_turn
625982,0.0650,-0.0159,1.0343,0.2887,-0.1225,0.8838,1000.9341,right_turn
626042,0.0705,0.0113,1.0150,0.4375,0.6475,0.2887,1000.9219,right_turn
626102,0.0513,0.0065,0.9162,0.5512,-0.0525,0.1400,1000.9287,right_turn
626162,0.0456,-0.0260,0.9958,1.2862,0.5688,0.1488,1000.9304,right_turn
626222,0.0144,-0.0188,0.9386,-0.2450,-1.1200,0.0175,1000.9326,right_turn
626282,0.0673,0.0010,1.0441,-0.4900,-1.3125,0.3413,1000.9336,right_turn
626342,0.0842,-0.0101,1.0330,-0.0262,-0.6212,0.6650,1000.9275,right_turn
626402,0.0615,-0.0729,0.9417,-1.9338,-0.9100,0.5337,1000.9304,right_turn
626462,0.0044,0.0200,0.9495,-0.3237,-0.8050,0.2450,1000.9333,right_turn
626522,0.0561,0.0112,1.0910,-0.2275,1.1638,0.4375,1000.9326,right_turn
626582,0.0217,-0.0276,0.9252,0.3762,-0.8138,-0.2625,1000.9270,right_turn
626642,0.0533,0.0129,0.9309,0.4288,-1.6537,0.0088,1000.9304,right_turn
626702,0.0618,-0.0498,1.0411,-0.1488,-0.4638,0.3237,1000.9133,right_turn
626762,-0.0240,0.0137,0.9296,1.3737,1.1638,-1.0063,1000.9104,right_turn
626822,0.0076,0.0127,0.9646,1.1550,-0.5250,-1.7500,1000.9219,right_turn
626882,0.0561,0.0102,1.0346,1.1113,1.3737,-2.2662,1000.9131,right_turn
626942,0.0624,0.0864,1.0141,2.3800,0.1050,-2.9488,1000.9158,right_turn
627002,0.0403,0.0753,0.9960,1.8463,-0.5337,-3.6137,1000.9158,right_turn
627062,0.0490,0.0668,0.9757,1.0762,1.3563,-4.6725,1000.9087,right_turn
627122,0.0465,0.0742,1.0326,0.1312,0.8138,-5.5388,1000.9170,right_turn
627182,0.0432,0.0720,1.0070,-0.0875,0.2013,-6.3962,1000.9148,right_turn
627242,0.0027,0.0505,0.9245,2.0563,-0.1488,-7.4900,1000.9136,right_turn
627302,0.0712,0.1289,1.0526,2.1875,1.3563,-8.9775,1000.9070,right_turn
627362,0.0254,0.1183,1.0134,2.7037,0.0962,-9.7300,1000.9094,right_turn
627422,0.0535,0.1317,0.9579,1.1900,-1.0850,-11.1388,1000.9099,right_turn
627482,0.0342,0.0813,0.9271,1.4875,0.3063,-12.3200,1000.8982,right_turn
627542,0.0563,0.1701,0.9599,0.3237,-0.5600,-13.7463,1000.9092,right_turn
627602,0.0598,0.1532,1.0482,1.0500,-0.5512,-15.0763,1000.9050,right_turn
627662,0.0781,0.1627,0.9975,0.6737,0.0875,-15.5487,1000.9011,right_turn
627722,0.0986,0.1874,1.0228,-0.4638,-0.9100,-16.3888,1000.9031,right_turn
627782,0.0675,0.1077,1.0129,-0.0175,-1.3475,-17.6925,1000.9053,right_turn
627842,0.0734,0.2320,0.9897,1.1025,0.5775,-18.5063,1000.9019,right_turn
627902,0.0878,0.1972,1.0513,-0.0350,-0.1575,-19.2062,1000.9070,right_turn
627962,0.0955,0.1625,0.9660,1.1200,-1.6013,-19.9762,1000.9131,right_turn
628022,0.0752,0.1593,1.0604,1.1025,-0.4550,-20.0462,1000.9031,right_turn
628082,0.0742,0.1984,0.9896,-1.4963,-2.5988,-21.0263,1000.8967,right_turn
628142,0.0497,0.1774,0.9938,-0.0613,-0.2013,-22.2075,1000.9058,right_turn
628202,0.1515,0.2628,1.1531,1.6100,2.3100,-22.8200,1000.8977,right_turn
628262,0.0364,0.2025,0.9770,0.3325,0.2013,-24.2025,1000.8984,right_turn
628322,0.0778,0.2359,0.9951,-0.1138,-0.7962,-24.8762,1000.8962,right_turn
628382,0.0127,0.1490,0.9469,2.3450,0.6212,-25.8650,1000.9080,right_turn
628442,0.0307,0.1810,0.9275,1.4438,-1.7325,-26.4075,1000.8872,right_turn
628502,0.1327,0.2955,1.0736,1.7587,-1.2337,-27.1250,1000.8828,right_turn
628562,0.0497,0.1883,0.9274,2.3100,-0.2362,-27.3875,1000.9004,right_turn
628622,0.0256,0.2491,0.9545,1.5400,0.7262,-28.5600,1000.8984,right_turn
628682,0.1018,0.2433,1.1046,1.0150,-0.0700,-28.9713,1000.9011,right_turn
628742,0.0400,0.2760,0.9869,1.0675,0.3325,-29.1025,1000.8977,right_turn
628802,0.0197,0.1771,1.0172,1.2162,1.2075,-28.6825,1000.9001,right_turn
628862,0.0007,0.2381,0.9218,0.5075,-1.0675,-29.2862,1000.9097,right_turn
628922,-0.0117,0.2086,1.0336,-1.1812,0.1050,-29.2337,1000.9014,right_turn
628982,0.0041,0.2301,1.0218,-2.9925,-0.1312,-29.6800,1000.9026,right_turn
629042,0.0151,0.2389,1.0649,-3.2025,0.5163,-29.0588,1000.8921,right_turn
629102,-0.0195,0.1674,0.9079,-2.2662,1.3650,-29.3300,1000.8926,right_turn
629162,-0.0093,0.1906,0.9614,1.5575,1.7763,-30.4675,1000.8855,right_turn
629222,0.0015,0.1994,1.0104,1.5400,0.9275,-30.5462,1000.8923,right_turn
629282,-0.0268,0.1936,1.0070,2.7738,0.4812,-30.2750,1000.9023,right_turn
629342,-0.0049,0.3502,0.9511,0.9800,-1.1812,-29.5400,1000.8992,right_turn
629402,-0.0268,0.2340,0.9393,-1.2950,-0.2275,-29.3388,1000.8940,right_turn
629462,-0.0263,0.2223,0.8971,0.4375,-1.0850,-29.3738,1000.8828,right_turn
629522,-0.0537,0.1915,0.9437,-3.2200,-2.4500,-29.6187,1000.8840,right_turn
629582,-0.0130,0.2395,1.0402,-0.2887,-0.3762,-29.5050,1000.8750,right_turn
629642,0.0152,0.2335,0.9999,-1.0325,-0.8575,-29.1987,1000.8689,right_turn
629702,0.0220,0.2513,1.0948,-2.1350,-0.1138,-28.0525,1000.8811,right_turn
629762,0.0110,0.1523,1.0386,-1.0938,0.9187,-27.9912,1000.8684,right_turn
629822,-0.0630,0.2015,1.0196,-0.7875,0.7262,-27.4662,1000.8711,right_turn
629882,0.0020,0.1928,1.0195,-1.3825,-0.9975,-27.3700,1000.8674,right_turn
629942,-0.0527,0.1791,0.9709,-0.8662,0.4112,-26.7400,1000.8604,right_turn
630002,-0.0723,0.1025,0.9657,1.4262,-0.4288,-25.5675,1000.8682,right_turn
630062,-0.0478,0.2113,1.0192,-0.2625,1.4612,-24.6050,1000.8611,right_turn
630122,-0.0473,0.1128,1.0039,0.1838,-0.2537,-24.0975,1000.8647,right_turn
630182,-0.0276,0.1332,1.0328,0.5337,-0.0613,-22.8725,1000.8657,right_turn
630242,-0.0626,0.1442,0.9567,0.3675,-0.3237,-22.1987,1000.8684,right_turn
630302,-0.0508,0.1548,1.0346,0.5337,0.7000,-21.0613,1000.8699,right_turn
630362,-0.0806,0.1332,0.9889,1.0500,1.2425,-20.6500,1000.8618,right_turn
630422,-0.0425,0.1791,0.9809,0.5250,0.1400,-19.3638,1000.8569,right_turn
630482,-0.0185,0.1720,1.0164,-0.4112,1.4350,-18.6375,1000.8533,right_turn
630542,-0.0473,0.1196,0.9641,-0.2887,-0.1488,-17.3687,1000.8552,right_turn
630602,-0.0511,0.0945,0.9421,-1.5312,-1.5400,-16.5112,1000.8523,right_turn
630662,-0.0262,0.0800,1.0097,-0.8750,-0.5425,-15.4525,1000.8489,right_turn
630722,-0.0134,0.0641,0.9897,1.0063,0.5950,-14.2275,1000.8606,right_turn
630782,-0.0154,0.0644,1.0175,-1.1550,-0.8925,-12.8713,1000.8643,right_turn
630842,0.0146,0.0471,1.0102,-0.1575,-0.3850,-11.1650,1000.8687,right_turn
630902,-0.0047,0.0605,1.0016,-0.2188,-0.0787,-10.1412,1000.8723,right_turn
630962,-0.0099,0.0525,0.9636,-0.6562,0.2275,-8.8025,1000.8662,right_turn
631022,0.0069,0.0659,1.0243,0.0787,0.0262,-7.7087,1000.8594,right_turn
631082,-0.0065,0.0241,0.9714,-0.3500,-0.6300,-6.5887,1000.8586,right_turn
631142,0.0212,0.0500,0.9870,-0.0613,-0.1575,-5.8800,1000.8560,right_turn
631202,0.0308,0.0088,0.9326,-0.0175,0.3500,-4.7775,1000.8518,right_turn
631262,0.0850,0.0217,0.9597,-0.9887,1.1463,-4.6462,1000.8706,right_turn
631322,0.0425,0.0103,0.9489,-1.4963,-0.6037,-3.6837,1000.8552,right_turn
631382,0.0290,-0.0107,1.0529,0.3237,-0.0437,-2.9575,1000.8770,right_turn
631442,0.0398,0.0592,1.0688,0.4112,1.0762,-2.0125,1000.8623,right_turn
631502,0.0624,-0.0351,1.0932,1.4088,1.2162,-1.1287,1000.8682,right_turn
631562,0.0027,-0.0063,0.9635,-0.8662,-0.6737,-0.5688,1000.8552,right_turn
631622,0.0314,0.0042,1.1123,0.9625,1.0675,-0.1575,1000.8550,right_turn
631682,-0.0227,0.0048,1.0563,2.1263,1.2687,-0.2100,1000.8550,right_turn
631742,0.0071,-0.0203,0.9684,0.5163,0.6300,-0.0350,1000.8640,right_turn
631802,-0.0285,0.0378,0.9294,0.8838,0.5075,-0.3325,1000.8462,right_turn
631862,0.0110,0.0569,1.0279,3.3950,1.6187,-0.1225,1000.8362,right_turn
631922,0.0023,0.1286,0.9764,0.1488,0.2713,-0.3675,1000.8472,right_turn
631982,0.0008,0.0345,0.9652,0.8925,0.5250,-0.2887,1000.8354,right_turn
632042,0.0317,0.0558,1.0227,1.3913,0.4112,-0.6037,1000.8333,right_turn
632102,-0.0206,0.0199,0.9577,0.0613,-1.6013,-0.5250,1000.8406,right_turn
632162,0.0168,0.0549,1.0269,0.4462,-0.8050,-0.4988,1000.8469,right_turn
632222,-0.0222,-0.0107,0.9689,0.6737,0.2188,-0.4725,1000.8472,right_turn
632282,0.0489,0.0245,1.0401,0.9887,-0.5163,-0.3413,1000.8425,right_turn
632342,0.0083,0.0405,0.9245,-0.6737,-0.5688,-0.4812,1000.8372,right_turn
632402,0.0124,0.0442,0.9799,1.2250,0.6212,-0.8138,1000.8367,right_turn
632462,0.0426,0.0451,1.0148,0.9013,1.1988,-0.9100,1000.8445,right_turn
632522,0.0071,0.1078,0.9806,0.5600,0.2713,-1.3125,1000.8486,right_turn
632582,0.0303,0.0032,0.9728,-0.1225,-0.9100,-1.6187,1000.8430,right_turn
632642,0.0215,0.1071,0.9755,1.2513,-1.0237,-2.7387,1000.8596,right_turn
632702,0.0251,0.0479,0.9956,0.6737,-1.1812,-2.9137,1000.8491,right_turn
632762,0.0515,0.1141,1.0438,1.1638,-1.1725,-3.8325,1000.8503,right_turn
632822,0.0911,0.1076,0.9453,0.1750,-1.6800,-4.1562,1000.8550,right_turn
632882,0.0754,0.1157,1.0773,-0.1488,0.1050,-4.6200,1000.8579,right_turn
632942,0.0444,0.1374,0.9848,0.5250,0.3850,-5.4513,1000.8494,right_turn
633002,0.0609,0.1088,1.0282,1.2862,0.8400,-6.1600,1000.8560,right_turn
633062,0.0710,0.1305,1.0467,-0.1312,0.4375,-6.6500,1000.8542,right_turn
633122,0.0427,0.0808,0.9834,1.3038,-0.3237,-6.9650,1000.8533,right_turn
633182,0.0332,0.1166,1.0160,-0.4462,0.6562,-6.8863,1000.8567,right_turn
633242,0.0009,0.0654,0.9112,-0.1312,0.4900,-7.6475,1000.8584,right_turn
633302,0.0008,0.0615,0.9584,-0.0350,1.0675,-7.5775,1000.8586,right_turn
633362,0.0020,0.0719,1.0134,0.3413,-0.1663,-7.8837,1000.8640,right_turn
633422,0.0500,0.1640,1.0236,-0.4112,0.1312,-7.9187,1000.8672,right_turn
633482,-0.0039,0.1035,0.9763,0.4900,-0.4288,-8.4175,1000.8672,right_turn
633542,0.0320,0.1007,0.9569,-0.2713,0.3063,-9.2312,1000.8545,right_turn
633602,0.0286,0.1182,0.9905,1.2950,-0.4900,-9.7738,1000.8611,right_turn
633662,0.0547,0.1405,0.9145,1.3825,-2.0650,-10.4825,1000.8623,right_turn
633722,0.0588,0.1664,0.9626,0.7700,-0.9275,-12.1362,1000.8635,right_turn
633782,0.0556,0.1889,0.9401,0.8925,-0.8662,-13.1337,1000.8494,right_turn
633842,0.0830,0.2064,0.9875,0.3850,0.4025,-14.0612,1000.8501,right_turn
633902,0.0583,0.2001,0.9670,-0.5600,-0.3150,-15.1725,1000.8523,right_turn
633962,0.0393,0.1951,0.9525,-1.1463,-1.1988,-15.8200,1000.8491,right_turn
634022,0.0469,0.1801,0.9994,-0.6300,-0.3325,-17.1325,1000.8584,right_turn
634082,0.1106,0.1468,1.0548,-1.3650,-1.6537,-17.1413,1000.8545,right_turn
634142,0.0712,0.2465,1.0641,-1.0675,-1.2425,-17.7188,1000.8635,right_turn
634202,0.0654,0.1625,1.0799,0.3938,1.0588,-18.1650,1000.8574,right_turn
634262,0.0287,0.1862,0.9830,0.8750,0.2537,-19.3375,1000.8621,right_turn
634322,0.0447,0.2135,1.0097,-0.2713,-0.4200,-19.8450,1000.8596,right_turn
634382,0.0190,0.1685,0.9252,0.6562,-0.3675,-21.1400,1000.8586,right_turn
634442,0.0526,0.2211,0.9745,1.0500,-1.1725,-21.7350,1000.8655,right_turn
634502,0.0478,0.2360,1.0309,-1.0500,-1.8025,-22.5925,1000.8696,right_turn
634562,0.0840,0.1850,1.0178,0.0088,-0.0088,-23.1700,1000.8494,right_turn
634622,0.0454,0.2677,1.0194,0.3675,0.2800,-23.6425,1000.8633,right_turn
634682,0.0456,0.1957,1.0121,0.3237,-0.4812,-24.5875,1000.8723,right_turn
634742,0.0227,0.1779,0.9509,1.5662,0.0437,-25.5150,1000.8745,right_turn
634802,0.0365,0.2579,0.9833,1.8112,1.6013,-26.0400,1000.8782,right_turn
634862,0.0290,0.2763,0.9933,0.8138,1.8987,-26.2062,1000.8750,right_turn
634922,0.0356,0.2288,0.9177,0.7613,1.2600,-26.7925,1000.8760,right_turn
634982,0.0398,0.2789,0.9731,2.4062,-1.5925,-27.4400,1000.8726,right_turn
635042,0.0452,0.2597,1.0219,1.5925,0.1312,-27.7025,1000.8853,right_turn
635102,-0.0051,0.3041,0.9237,1.2600,0.3850,-28.3850,1000.8872,right_turn
635162,0.0556,0.2565,1.0255,0.0000,-0.3675,-27.6325,1000.8762,right_turn
635222,0.0781,0.1551,1.0377,2.5113,-1.7150,-28.3587,1000.8809,right_turn
635282,0.0461,0.3272,1.0407,-0.0875,-0.8750,-28.8137,1000.8945,right_turn
635342,0.0587,0.2813,1.0199,-4.2000,-2.8263,-29.0150,1000.8948,right_turn
635402,0.0069,0.2540,1.0438,-1.3913,0.1050,-28.7875,1000.8857,right_turn
635462,-0.0264,0.2686,0.9801,-1.0150,-0.9712,-29.2687,1000.8958,right_turn
635522,0.0266,0.2247,0.9189,-1.3212,0.3587,-30.1262,1000.8831,right_turn
635582,0.0640,0.2962,1.1010,-0.4550,1.2425,-28.7875,1000.8792,right_turn
635642,0.0364,0.2955,1.1666,1.0938,2.6250,-29.3563,1000.8826,right_turn
635702,-0.0403,0.2154,0.9348,1.5400,-0.0175,-29.6100,1000.8960,right_turn
635762,-0.0156,0.1825,0.9385,1.9512,0.4725,-29.5662,1000.8889,right_turn
635822,0.0697,0.2350,1.1446,1.8987,1.5750,-29.4525,1000.8899,right_turn
635882,0.0720,0.3493,1.0967,2.6075,1.0675,-28.8050,1000.9028,right_turn
635942,0.0022,0.2872,1.0262,-1.7763,-1.3825,-28.9100,1000.8877,right_turn
636002,0.0084,0.2210,0.9883,-0.9187,-1.6625,-28.6388,1000.8894,right_turn
636062,-0.0020,0.2281,1.0515,-1.7413,-0.7000,-28.7437,1000.8879,right_turn
636122,-0.0267,0.1886,0.9624,-3.2287,-0.6913,-27.5450,1000.8884,right_turn
636182,-0.0341,0.1598,0.9884,-2.5638,-0.6212,-26.1712,1000.8889,right_turn
636242,-0.0834,0.1459,0.9235,-1.1812,-2.0300,-25.4713,1000.8896,right_turn
636302,0.0466,0.2165,1.0861,-0.7788,0.6913,-25.0600,1000.8972,right_turn
636362,-0.0198,0.2218,0.9569,0.4812,-2.0038,-23.8263,1000.8926,right_turn
636422,-0.0198,0.1957,0.9926,-0.6825,0.7175,-23.5112,1000.8879,right_turn
636482,-0.0305,0.1143,0.9770,0.9887,0.6825,-22.8288,1000.8948,right_turn
636542,-0.0153,0.2236,0.9814,-1.2162,-0.4462,-21.3237,1000.8911,right_turn
636602,-0.0493,0.1415,0.9493,-1.0150,-0.9450,-19.5387,1000.8921,right_turn
636662,-0.0511,0.1103,0.9639,-0.3237,0.1400,-18.4363,1000.8926,right_turn
636722,-0.0515,0.1147,0.9557,-0.8138,-1.1988,-17.1938,1000.9072,right_turn
636782,-0.0146,0.1025,1.0458,-0.7437,-0.4900,-16.0125,1000.9028,right_turn
636842,-0.0176,0.1130,1.0650,0.1138,-0.0088,-14.6213,1000.9028,right_turn
636902,-0.0490,0.1067,0.9614,-0.3762,0.5337,-13.5887,1000.9077,right_turn
636962,-0.0472,0.0951,0.9406,-0.6212,-0.6650,-12.7050,1000.9143,right_turn
637022,-0.0439,0.0715,0.9943,0.2800,0.0437,-11.7250,1000.9109,right_turn
637082,-0.0581,0.0329,1.0028,1.3650,0.5512,-10.5700,1000.9111,right_turn
637142,-0.0783,0.1049,0.9474,0.1050,-0.5337,-10.2550,1000.9094,right_turn
637202,-0.0717,0.1122,0.9772,-0.1488,-0.2450,-9.2050,1000.9128,right_turn
637262,-0.0868,0.0942,0.9540,-0.2537,-0.5863,-8.5225,1000.9192,right_turn
637322,-0.0769,0.0229,0.9153,0.7175,-0.1488,-8.5225,1000.9175,right_turn
637382,-0.0418,0.0736,1.0040,-0.4988,0.1050,-7.6650,1000.9197,right_turn
637442,-0.0585,0.0182,1.0638,-0.6913,0.3413,-7.0175,1000.9238,right_turn
637502,-0.0583,0.0864,1.0045,-0.0437,0.0525,-6.2038,1000.9167,right_turn
637562,-0.0337,0.0178,1.0197,-0.1925,0.0262,-5.3550,1000.9277,right_turn
637622,-0.0664,0.0684,0.9829,-0.1400,-0.4375,-4.4100,1000.9238,right_turn
637682,-0.0561,0.0388,0.9836,-0.7262,-0.1225,-4.1213,1000.9326,right_turn
637742,-0.0090,0.0415,1.0648,1.5662,1.0325,-3.9288,1000.9275,right_turn
637802,-0.0457,0.0761,0.9848,-0.0613,-0.6913,-3.5262,1000.9329,right_turn
637862,-0.0267,0.0232,1.0128,0.1138,0.6913,-3.2987,1000.9224,right_turn
637922,-0.0556,0.0323,0.9860,0.0000,-0.3063,-2.3275,1000.9302,right_turn
637982,-0.0622,0.0570,0.9762,-0.1488,0.1925,-2.0825,1000.9441,right_turn
638042,-0.0196,0.0454,1.0653,-0.7875,1.3563,-1.4262,1000.9399,right_turn
638102,-0.0517,0.0144,1.0140,-0.8925,-0.2275,-0.9362,1000.9370,right_turn
638162,-0.0766,0.0051,0.9924,-1.1812,2.4675,-0.5425,1000.9541,right_turn
638222,-0.0698,-0.0520,0.9828,-0.5163,0.3063,-0.1925,1000.9436,right_turn
638282,-0.1034,0.0466,1.0306,-0.2537,1.4525,-0.3938,1000.9460,right_turn
638342,-0.0925,0.0109,0.9803,0.1400,0.4462,-0.4725,1000.9358,right_turn
638402,-0.0668,0.0078,0.8828,0.9538,-1.1988,-0.3675,1000.9248,right_turn
638462,-0.0898,0.0556,1.0207,1.2075,2.7562,-0.5950,1000.9346,right_turn
638522,-0.0500,0.0096,1.0006,-0.0787,1.3038,-0.8050,1000.9277,right_turn
638582,-0.0549,0.0246,1.0570,0.2100,0.2100,-0.5688,1000.9187,right_turn
638642,-0.0193,0.0630,1.0716,-0.2713,1.4525,-0.4375,1000.9351,right_turn
638702,-0.0468,0.0484,0.9807,-1.4088,-0.3150,-0.2713,1000.9202,right_turn
638762,-0.0371,-0.0015,0.9323,-0.4200,-0.7525,-0.4288,1000.9153,right_turn
638822,-0.0774,0.0181,0.9812,0.1925,-0.1838,-0.4288,1000.9226,right_turn
638882,-0.0091,0.0239,1.0251,-0.1663,0.8662,-0.5250,1000.9141,right_turn
638942,-0.0508,0.0862,0.9628,1.5575,-0.8838,-0.3850,1000.9207,right_turn
639002,-0.0615,0.0025,1.0429,-0.4288,0.9800,-0.3325,1000.9163,right_turn
639062,-0.0595,0.0002,0.9715,-0.2013,-0.5863,-0.6388,1000.9226,right_turn
639122,-0.0343,0.0554,0.9870,0.9625,-2.0563,-1.0762,1000.9265,right_turn
639182,-0.0490,0.0127,0.9523,-1.4088,-1.9600,-0.4900,1000.9131,right_turn
639242,-0.0322,0.0059,1.0519,1.1287,0.2450,-0.6212,1000.9070,right_turn
639302,-0.0752,0.0615,0.9864,-0.5250,-0.1225,-0.6737,1000.9080,right_turn
639362,-0.0442,-0.0159,0.9826,0.1663,-0.8750,-0.6300,1000.9221,right_turn
639422,-0.0542,0.0436,0.9852,0.3413,0.3500,-0.5688,1000.9248,right_turn
639482,-0.0047,0.0964,1.0862,0.9450,1.8813,-0.6212,1000.9170,right_turn
639542,-0.0864,0.0107,0.8955,-0.9538,-1.2075,-0.9013,1000.9126,right_turn
639602,-0.0153,-0.0608,1.0609,-0.0700,0.3762,-0.8400,1000.9080,right_turn
639662,-0.0156,0.0223,0.9809,0.2713,2.1700,-0.5075,1000.9080,right_turn
639722,-0.0244,0.0327,0.9304,-0.6300,-1.6625,-0.6125,1000.9126,right_turn
639782,-0.0268,0.0435,0.9221,-0.1575,1.1900,-1.0237,1000.9028,right_turn
639842,-0.0361,-0.1034,0.9355,-0.0262,-0.4288,-0.3413,1000.9158,right_turn
639902,-0.0644,0.0488,0.8830,0.7088,-1.1725,-0.7875,1000.9102,right_turn
639962,-0.0557,-0.0203,0.9169,-0.2013,-0.5863,-0.7175,1000.8855,right_turn
640022,-0.0057,-0.0735,0.8779,-0.7262,0.1750,-0.3150,1000.8992,right_turn
640082,-0.0539,0.1110,0.9126,-2.4588,1.8288,-0.1312,1000.9226,right_turn
640142,-0.0188,0.0014,0.9902,0.8138,-0.2800,0.0525,1000.9275,right_turn
640202,-0.0052,-0.0691,0.9748,0.3850,0.7525,0.2275,1000.9197,right_turn
640262,-0.0653,0.0332,0.9862,0.6825,1.5225,0.0525,1000.9209,right_turn
640322,-0.0786,0.0398,0.8979,-0.2100,-0.7000,0.5863,1000.9307,right_turn
640382,-0.0025,0.0076,0.9792,1.4787,0.9013,-0.0350,1000.9084,right_turn
640442,-0.0242,0.0620,0.9209,-0.5512,-1.2775,0.0875,1000.9092,right_turn
640502,0.0002,0.0393,0.8743,-0.2537,-2.9575,0.3150,1000.9290,right_turn
640562,-0.0062,0.0919,0.8850,0.4462,0.3500,0.2188,1000.9146,right_turn
640622,0.0203,0.0195,0.9972,-0.7613,-0.9625,0.4288,1000.9048,right_turn
640682,-0.0102,-0.0149,0.9920,0.1838,-1.5050,0.0262,1000.9182,right_turn
640742,0.0204,0.0764,0.9428,-0.9712,-1.6275,-0.2800,1000.8826,right_turn
640802,-0.0346,-0.0795,0.9841,0.7613,0.6300,0.3063,1000.9087,right_turn
640862,0.0792,0.2037,1.2864,2.8087,1.4963,0.3500,1000.8923,right_turn
640922,-0.0306,0.0206,1.0187,-0.2013,0.1575,-0.0525,1000.9043,right_turn
640982,0.0071,-0.0347,0.9165,0.4375,-2.4850,0.0613,1000.8987,right_turn
641042,0.0337,0.0500,0.9643,-0.2013,-0.9887,0.3587,1000.9106,right_turn
641102,-0.0197,-0.0361,1.0014,0.2100,0.7700,0.1312,1000.8840,right_turn
641162,0.0124,-0.0073,1.0453,-2.6337,0.6037,0.1400,1000.9014,right_turn
641222,0.0411,0.0271,0.9892,-1.8112,4.2875,-0.1575,1000.8999,right_turn
641282,-0.0095,-0.0490,0.8572,-3.1850,-0.5688,-0.3762,1000.9199,right_turn
641342,0.0224,-0.0412,0.9226,-0.7788,-1.6975,-0.0787,1000.9185,right_turn
641402,0.0727,0.0625,1.1422,1.8900,-1.6888,-0.0175,1000.9216,right_turn
641462,0.0387,0.0308,1.1365,0.9975,-0.1575,0.1312,1000.9207,right_turn
641522,-0.0070,0.0529,0.8899,0.5425,1.5662,0.2537,1000.9075,right_turn
641582,-0.0234,-0.0654,0.8072,0.3325,-4.1825,-0.2800,1000.9048,right_turn
641642,0.0595,-0.0547,0.9646,-0.9013,-1.4438,0.0175,1000.9041,right_turn
641702,0.0291,-0.0035,0.9795,1.0237,0.6737,0.0262,1000.8904,right_turn
641762,0.0188,0.0658,0.9284,-1.3212,-0.8662,-0.4375,1000.9109,right_turn
641822,0.0958,0.0046,0.9507,-0.3500,-2.3012,0.0787,1000.9050,right_turn
641882,0.0712,0.0404,1.1253,0.7000,2.3363,0.0437,1000.8943,right_turn
641942,0.0100,0.0012,0.9472,-0.7700,1.2337,0.1750,1000.9084,right_turn
642002,0.0569,-0.0534,0.9321,-0.2275,1.1025,0.1750,1000.9021,right_turn
642062,0.0603,0.0344,1.0424,-0.2275,0.9800,0.3850,1000.8982,right_turn
642122,0.0732,0.1296,1.0943,-1.4088,1.7938,0.2450,1000.8955,right_turn
642182,0.0771,-0.0049,0.9740,0.1050,-2.4588,0.2887,1000.9031,right_turn
642242,-0.0032,0.1144,0.9847,-0.7262,0.9362,0.3938,1000.9148,right_turn
642302,-0.0149,-0.0314,0.9279,0.3237,0.1400,-0.2800,1000.8948,right_turn
642362,0.0143,-0.0259,0.9568,0.4288,-1.0150,-0.3850,1000.8972,right_turn
642422,0.0719,0.0610,1.0923,0.5512,-1.1287,-0.0262,1000.8970,right_turn
642482,0.0373,0.0102,0.9511,-0.1050,-0.3063,0.2100,1000.8870,right_turn
642542,-0.0061,0.0101,0.9084,0.2013,-0.6650,0.2713,1000.9026,right_turn
642602,-0.0183,0.0578,1.0284,0.8487,-0.4200,0.0262,1000.9041,right_turn
642662,0.0407,0.0212,0.8974,0.3938,-1.8725,0.1838,1000.9102,right_turn
642722,0.1118,-0.0405,1.0774,-0.4725,-1.4700,0.1663,1000.8884,right_turn
642782,0.0129,0.0408,0.9492,1.4438,0.8838,-0.0700,1000.8975,right_turn
642842,0.0529,-0.0054,0.9740,0.2537,-0.2362,0.1925,1000.9197,right_turn
642902,0.0483,0.0336,1.0526,0.1663,1.5312,0.2537,1000.9375,right_turn
642962,0.0556,0.0303,1.0245,0.4812,1.1812,-0.2100,1000.8821,right_turn
643022,0.0166,0.0137,0.9587,2.1788,1.7587,-0.3762,1000.9160,right_turn
643082,-0.0234,-0.0576,1.0274,-0.0350,-0.3500,-0.2713,1000.9033,right_turn
643142,0.0452,0.0757,0.9862,1.9863,1.7763,0.0088,1000.9148,right_turn
643202,0.0346,-0.0029,0.9770,-1.4700,-0.3237,0.4900,1000.9021,right_turn
643262,0.0062,0.0078,1.0291,0.3150,2.5200,0.2625,1000.9021,right_turn
643322,0.0095,0.0087,1.0013,0.6737,1.1812,-0.1750,1000.9133,right_turn
643382,0.0368,0.0573,1.0554,0.6913,1.0325,-0.0525,1000.9036,right_turn
643442,0.0373,0.0425,0.9584,0.0000,0.0088,0.0700,1000.9006,right_turn
643502,-0.0122,0.0192,0.9760,-0.1225,0.0350,0.4200,1000.9036,right_turn
643562,-0.0589,0.0436,1.0106,1.0762,2.0213,0.1138,1000.9045,right_turn
643622,0.0022,0.0220,0.9882,-0.6212,0.3325,0.1575,1000.9058,right_turn
643682,-0.0184,-0.0725,0.9860,-2.9838,1.0850,0.1225,1000.9089,right_turn
643742,0.0476,0.0390,1.0831,0.3150,0.3587,0.1312,1000.8967,right_turn
643802,0.0057,0.0008,0.9459,-0.2013,-0.4550,0.0088,1000.9102,right_turn
643862,-0.0424,-0.0200,0.8816,1.6363,-1.5838,-0.3150,1000.8955,right_turn
643922,0.0210,-0.0668,0.9492,-0.7788,-0.9187,0.0175,1000.8918,right_turn
643982,0.0687,0.0396,1.1189,1.9425,1.1025,0.2275,1000.8977,right_turn
644042,-0.0181,0.0454,0.9897,-0.2887,0.9275,0.1138,1000.8916,right_turn
644102,0.0634,0.0200,1.0302,-0.5775,1.8463,0.0962,1000.8972,right_turn
644162,0.0146,0.0915,0.9985,-1.1025,1.4963,-0.2275,1000.8965,right_turn
644222,0.0083,-0.0344,0.9234,-0.5250,1.1025,-0.0175,1000.8965,right_turn
644282,0.0450,0.0218,1.0232,0.0700,0.6913,0.2275,1000.9028,right_turn
644342,-0.0463,0.0581,0.9341,0.2275,0.9013,0.0613,1000.9084,right_turn
644402,0.0678,-0.0553,1.0409,-0.5337,4.1388,-0.7525,1000.8989,right_turn
644462,0.0090,-0.1144,1.0067,-0.4725,0.6037,0.2450,1000.9058,right_turn
644522,0.0720,0.0448,1.0192,-0.2975,-1.6013,0.2013,1000.9153,right_turn
644582,0.0429,-0.0422,1.0355,0.6562,0.6825,0.4550,1000.8979,right_turn
644642,0.0325,0.0908,0.9716,0.0875,-0.0175,0.2275,1000.9126,right_turn
644702,0.1044,0.0542,1.0675,-0.0962,-0.3150,0.0787,1000.9070,right_turn
644762,0.0734,-0.0068,1.1229,1.5137,0.2100,0.1575,1000.8906,right_turn
644822,0.0756,0.1014,0.9533,1.0850,-0.8400,-0.2100,1000.9033,right_turn
644882,-0.0402,0.0068,0.8920,0.2100,-2.4237,0.1575,1000.9192,right_turn
644942,0.0554,0.0434,0.9538,1.5488,-0.5163,-0.0437,1000.9070,right_turn
645002,0.0463,0.0030,0.9960,1.7237,-1.4787,-0.1400,1000.9050,right_turn
645062,0.0381,0.0166,0.9587,1.4262,0.5775,-0.2537,1000.9031,right_turn
645122,0.0647,0.0443,0.9331,-0.0962,-1.3913,0.2975,1000.9126,right_turn
645182,0.0900,0.0346,1.0199,-0.6737,-1.0675,0.3850,1000.8872,right_turn
645242,0.0319,0.0695,1.0419,1.1550,0.2975,0.4112,1000.9023,right_turn
645302,0.0160,0.0344,1.1175,-1.6275,1.6712,0.2450,1000.9165,right_turn
645362,0.0431,-0.0220,1.0726,0.1925,0.8575,-0.2362,1000.9116,right_turn
645422,0.0668,0.0261,0.9171,0.4638,0.0088,-0.6475,1000.9197,right_turn
645482,0.0778,-0.0354,1.0028,0.1488,-0.5075,0.0787,1000.9138,right_turn
645542,0.0522,0.0188,1.0533,1.1113,1.3825,0.2800,1000.9089,right_turn
645602,0.0620,0.0288,1.0299,1.4350,-0.0787,0.0962,1000.9231,right_turn
645662,0.0722,0.0056,1.0504,0.7613,0.5425,-0.1750,1000.9319,right_turn
645722,0.0491,0.0716,0.9634,0.7788,-0.2713,-0.4900,1000.9197,right_turn
645782,0.0527,0.0912,1.0078,-0.2275,0.1312,-0.3762,1000.9182,right_turn
645842,0.0514,0.0136,1.0102,-0.2100,0.4812,-0.7525,1000.9099,right_turn
645902,0.0376,0.0043,0.9351,0.2013,-0.9975,-1.0063,1000.9045,right_turn
645962,0.0886,0.0032,1.0592,1.3475,0.4025,-1.1113,1000.9143,right_turn
646022,0.0793,0.0639,1.0780,1.7675,1.5225,-1.3038,1000.9094,right_turn
646082,0.0191,0.0659,0.9389,1.2600,2.3450,-1.8463,1000.9067,right_turn
646142,0.0819,0.0607,1.0224,1.6975,-0.8838,-2.0125,1000.9153,right_turn
646202,0.0744,0.0574,1.0012,0.5075,0.1838,-2.7912,1000.9065,right_turn
646262,0.0561,0.0772,0.9548,0.1488,-1.2250,-2.9137,1000.9141,right_turn
646322,0.0569,0.0739,1.0253,-0.1663,-0.4550,-3.3775,1000.9297,right_turn
646382,0.0527,0.1100,1.0030,0.8575,0.0088,-3.8500,1000.9136,right_turn
646442,0.0009,0.0876,0.9443,-0.1488,-1.4875,-4.8125,1000.9224,right_turn
646502,0.0565,0.0842,1.0116,0.5163,0.0525,-5.6525,1000.9148,right_turn
646562,0.0861,0.1183,1.0968,1.1988,1.8025,-6.5275,1000.9158,right_turn
646622,0.0332,0.1779,0.8874,-0.4550,0.3850,-6.7463,1000.9346,right_turn
646682,0.0856,0.1396,1.0180,1.2862,0.5337,-7.8225,1000.9119,right_turn
646742,0.0666,0.1730,0.9676,0.0875,-0.9362,-9.2925,1000.9104,right_turn
646802,0.0737,0.1910,1.0306,0.6825,0.3762,-10.5875,1000.9280,right_turn
646862,0.0732,0.2340,0.9941,1.8375,2.7825,-12.0225,1000.9297,right_turn
646922,0.0423,0.2042,1.0126,-0.1400,0.7788,-13.3962,1000.9216,right_turn
646982,0.0996,0.2125,0.9616,0.8225,0.2625,-14.7350,1000.9224,right_turn
647042,0.0381,0.2359,0.9572,1.0938,-0.5688,-16.4587,1000.9250,right_turn
647102,0.0966,0.2298,1.0714,1.3475,-0.6913,-16.9487,1000.9241,right_turn
647162,0.0898,0.2547,1.0070,-1.3125,-0.3938,-19.0400,1000.9268,right_turn
647222,0.0720,0.2438,1.0150,0.9013,0.1050,-19.4688,1000.9397,right_turn
647282,0.0888,0.2008,0.9247,0.0525,-1.2862,-20.6063,1000.9290,right_turn
647342,0.0818,0.2247,1.0893,0.1312,0.7962,-21.0175,1000.9172,right_turn
647402,0.0281,0.2648,0.9331,0.7875,-0.3850,-22.6012,1000.9351,right_turn
647462,0.0751,0.1940,0.9243,-0.0700,0.2362,-23.3188,1000.9246,right_turn
647522,0.1035,0.2894,1.0069,0.7000,-0.4112,-23.2750,1000.9333,right_turn
647582,0.1171,0.2877,1.0016,1.0412,0.7875,-24.0625,1000.9373,right_turn
647642,0.0700,0.1606,0.9435,1.0500,-0.3762,-24.8062,1000.9316,right_turn
647702,0.1566,0.2958,1.0614,2.2925,-0.1925,-24.1850,1000.9338,right_turn
647762,0.0542,0.2223,0.9123,0.5775,0.9800,-24.6050,1000.9478,right_turn
647822,0.0354,0.2364,0.9491,-0.0613,0.2975,-23.8787,1000.9446,right_turn
647882,0.0484,0.2289,1.0124,-1.0675,0.4200,-23.6950,1000.9443,right_turn
647942,-0.0281,0.1554,0.9809,-1.2250,-0.5775,-24.8587,1000.9463,right_turn
648002,0.0473,0.2511,0.9958,0.4812,-1.0325,-24.9375,1000.9399,right_turn
648062,0.0331,0.2140,1.0568,-0.9100,0.0000,-25.3225,1000.9521,right_turn
648122,0.0393,0.1932,1.0119,0.3938,-1.6712,-25.3225,1000.9490,right_turn
648182,0.0847,0.2594,1.0873,0.4375,-0.2362,-25.6462,1000.9438,right_turn
648242,0.0422,0.2638,1.0082,1.3650,0.6037,-26.3813,1000.9431,right_turn
648302,0.0564,0.2646,0.9836,1.0412,-1.9863,-27.3438,1000.9517,right_turn
648362,0.1091,0.3267,1.0689,2.5988,1.8112,-27.9037,1000.9441,right_turn
648422,0.0393,0.3426,0.9863,1.4000,-1.7587,-29.0763,1000.9546,right_turn
648482,0.0332,0.1715,0.9545,0.7262,0.0088,-29.0675,1000.9478,right_turn
648542,0.0449,0.2472,1.0643,2.0738,-1.1113,-29.7588,1000.9424,right_turn
648602,0.1377,0.2908,1.1087,1.0500,2.1875,-29.1375,1000.9465,right_turn
648662,0.0066,0.2426,0.9675,-2.9137,-3.0975,-28.4287,1000.9426,right_turn
648722,-0.0110,0.2035,1.0702,0.1488,4.6025,-30.2313,1000.9475,right_turn
648782,0.0803,0.2252,0.9733,-0.8225,2.9225,-29.7325,1000.9468,right_turn
648842,0.0334,0.2478,0.9909,-0.2100,-1.3737,-28.9450,1000.9514,right_turn
648902,0.0585,0.1683,0.9701,0.2100,-2.4675,-28.6912,1000.9521,right_turn
648962,0.0684,0.3007,1.0336,-3.6750,-0.5250,-29.5400,1000.9502,right_turn
649022,-0.0249,0.2930,0.9975,-1.1375,3.2200,-28.7962,1000.9570,right_turn
649082,-0.0119,0.2387,0.8779,-1.3475,-2.3888,-29.4525,1000.9541,right_turn
649142,0.0390,0.2171,0.9640,-0.6475,-1.2250,-29.7675,1000.9492,right_turn
649202,0.0465,0.3111,0.9287,2.5812,-2.3537,-30.0387,1000.9431,right_turn
649262,0.0951,0.2530,1.0108,-1.4525,-3.1675,-29.3913,1000.9492,right_turn
649322,0.0271,0.1862,1.0109,2.6688,-1.6275,-29.1462,1000.9536,right_turn
649382,0.0151,0.2244,1.0031,1.1638,-1.8112,-28.4200,1000.9492,right_turn
649442,0.0430,0.2359,1.1911,2.5638,0.2713,-28.5075,1000.9512,right_turn
649502,0.0015,0.1998,0.8977,-2.0650,-2.8087,-27.1513,1000.9585,right_turn
649562,-0.0105,0.1677,0.9592,-1.2687,-3.5175,-25.7600,1000.9526,right_turn
649622,-0.0256,0.1181,0.9509,-4.8562,-2.0038,-24.2900,1000.9502,right_turn
649682,-0.0303,0.1584,0.9218,-3.5963,-1.4262,-22.9775,1000.9487,right_turn
649742,0.0059,0.0763,0.9653,-1.4700,1.2687,-22.1200,1000.9453,right_turn
649802,-0.0157,0.1040,0.9321,-0.1312,1.2600,-21.3150,1000.9529,right_turn
649862,-0.0096,0.1571,0.9860,-1.1550,2.4762,-20.2388,1000.9421,right_turn
649922,-0.0405,0.0901,0.9190,-0.0350,0.0962,-18.9175,1000.9446,right_turn
649982,-0.0103,0.1358,0.9926,0.6388,-0.0787,-18.0688,1000.9446,right_turn
650042,-0.0095,0.1386,1.0843,1.7325,-0.5512,-17.2288,1000.9651,right_turn
650102,-0.0124,0.0448,0.9395,0.8400,0.0875,-16.8088,1000.9485,right_turn
650162,-0.0317,0.1465,0.9045,-1.3212,-2.1962,-16.3450,1000.9456,right_turn
650222,-0.0183,0.0759,1.0347,0.6737,2.2225,-15.4525,1000.9419,right_turn
650282,-0.0129,0.1322,0.9643,0.0525,-0.6037,-15.3125,1000.9583,right_turn
650342,-0.0366,0.0712,0.9431,-1.5400,-0.2450,-14.1663,1000.9404,right_turn
650402,0.0554,0.0012,1.0007,-0.3938,0.4375,-12.7925,1000.9482,right_turn
650462,-0.0035,0.1932,1.0433,-0.7437,1.5137,-12.3550,1000.9492,right_turn
650522,-0.0465,-0.0163,0.9006,-2.2487,2.3450,-10.9025,1000.9414,right_turn
650582,-0.0617,0.0695,0.8909,-0.3675,1.4700,-10.4388,1000.9426,right_turn
650642,0.0090,0.0261,1.0165,-0.2275,2.0475,-9.8700,1000.9399,right_turn
650702,-0.0686,0.0597,0.9697,0.9975,0.9538,-8.7850,1000.9473,right_turn
650762,-0.0478,-0.0061,0.9746,0.8225,1.4963,-7.8050,1000.9473,right_turn
650822,-0.0039,0.0032,0.9708,1.3825,-0.6300,-7.1225,1000.9451,right_turn
650882,-0.0314,0.0944,1.0423,0.0262,0.0613,-6.2650,1000.9458,right_turn
650942,-0.0595,0.0654,1.0446,-1.0588,-0.3587,-5.4950,1000.9529,right_turn
651002,-0.0059,0.0584,1.0939,0.3587,1.1113,-5.1363,1000.9482,right_turn
651062,-0.0198,-0.0022,0.9845,0.3237,-1.0412,-4.4363,1000.9534,right_turn
651122,0.0234,0.0035,1.0262,-1.9863,-1.5575,-3.4825,1000.9404,right_turn
651182,0.0083,0.0237,1.0336,0.4725,0.0175,-2.7825,1000.9541,right_turn
651242,0.0105,0.0112,1.0518,0.7175,2.7825,-2.2925,1000.9514,right_turn
651302,-0.0572,-0.0391,0.9048,0.5863,-0.6212,-1.7587,1000.9419,right_turn
651362,-0.0270,0.0004,1.0107,1.3388,2.9137,-1.3650,1000.9409,right_turn
651422,0.0307,0.0132,0.9254,0.3237,0.4025,-0.9800,1000.9429,right_turn
651482,0.0232,0.0302,0.9855,0.6300,-0.6125,-0.9975,1000.9407,right_turn
651542,0.0332,0.0759,1.0851,1.6013,-1.1025,-0.4988,1000.9353,right_turn
651602,0.0517,0.0163,1.1080,1.0325,1.8112,-0.7525,1000.9419,right_turn
651662,0.0974,0.0173,0.9765,-0.4288,-1.0588,-0.9362,1000.9429,right_turn
651722,0.0955,0.0622,1.0087,-0.6388,0.7437,-0.4988,1000.9397,right_turn
651782,0.0326,0.0940,0.9936,1.7413,-0.0525,-0.9800,1000.9448,right_turn
651842,0.0676,0.0059,1.0784,0.0525,-1.0237,-1.5400,1000.9390,right_turn
651902,0.1154,0.0479,1.0755,1.2075,-1.8637,-0.7613,1000.9363,right_turn
651962,0.0275,0.0717,0.9514,0.3500,-0.9800,-0.9100,1000.9270,right_turn
652022,0.0389,-0.0130,0.9331,1.4612,-1.5662,-0.6650,1000.9380,right_turn
652082,0.0315,0.0099,0.9692,0.3150,0.0000,-1.0675,1000.9419,right_turn
652142,0.0263,-0.0622,0.9655,-0.5600,-0.2275,-0.7875,1000.9412,right_turn
652202,0.0306,0.0589,0.9966,-1.0500,0.7962,-0.4025,1000.9360,right_turn
652262,0.0526,-0.0001,0.9797,0.7175,0.6475,-0.7262,1000.9424,right_turn
652322,0.0422,0.0066,1.0134,-0.0088,1.0150,-1.0762,1000.9468,right_turn
652382,0.0016,0.0198,0.9089,-0.6125,-1.3913,-0.7262,1000.9395,right_turn
652442,0.0727,-0.0017,1.0114,-0.9450,0.5250,-0.9538,1000.9465,right_turn
652502,0.0541,0.0234,1.0634,2.3012,2.7213,-1.4525,1000.9399,right_turn
652562,0.0534,0.0263,1.0099,1.4438,2.0825,-1.9425,1000.9468,right_turn
652622,0.0322,0.0422,1.0273,0.9625,3.0450,-2.1613,1000.9421,right_turn
652682,0.0713,0.1029,0.9929,0.1400,-0.5775,-2.1175,1000.9517,right_turn
652742,0.0380,0.0986,1.0246,0.0787,-0.6650,-2.9050,1000.9504,right_turn
652802,-0.0100,0.0239,0.9565,0.3500,-1.7413,-3.9288,1000.9441,right_turn
652862,0.0761,0.1069,1.0269,0.8838,-0.3237,-4.6550,1000.9492,right_turn
652922,0.1149,0.1052,1.1395,0.4112,-1.8987,-4.6375,1000.9558,right_turn
652982,0.0666,0.0381,0.9739,-0.7613,0.1575,-5.7050,1000.9465,right_turn
653042,0.0437,0.1518,1.0173,0.3762,1.2600,-6.3438,1000.9548,right_turn
653102,0.0190,0.1030,0.9967,1.7062,0.6562,-7.4375,1000.9536,right_turn
653162,0.0213,0.1189,1.0435,-0.5600,1.4350,-7.6562,1000.9529,right_turn
653222,-0.0537,0.0759,0.9093,0.0787,0.1488,-8.6100,1000.9575,right_turn
653282,-0.0046,0.1442,0.9408,0.7350,-1.1812,-9.6950,1000.9485,right_turn
653342,0.0498,0.0996,1.0402,-0.2275,0.6125,-9.7125,1000.9443,right_turn
653402,-0.0087,0.1510,0.8872,-0.6125,0.3587,-10.7013,1000.9502,right_turn
653462,0.0103,0.1185,0.9792,0.6737,0.0787,-10.5000,1000.9441,right_turn
653522,-0.0110,0.0700,0.9648,1.8200,0.6913,-11.6637,1000.9514,right_turn
653582,-0.0462,0.0722,0.9561,1.3563,0.0787,-12.6700,1000.9492,right_turn
653642,-0.0037,0.1710,0.9919,1.4350,0.2013,-13.3263,1000.9478,right_turn
653702,-0.0066,0.1781,0.9647,1.2425,-1.4088,-14.6125,1000.9475,right_turn
653762,0.0273,0.1674,0.9418,2.0213,-1.7587,-15.6012,1000.9548,right_turn
653822,0.0297,0.2180,1.0317,0.8487,-1.3125,-17.3862,1000.9434,right_turn
653882,0.0501,0.1889,0.9592,0.0437,-3.0100,-18.2787,1000.9509,right_turn
653942,0.0770,0.1951,1.0658,0.0262,-0.7962,-18.2875,1000.9463,right_turn
654002,0.0547,0.2199,1.0129,-0.2887,-0.1488,-18.9350,1000.9448,right_turn
654062,0.0376,0.1196,0.9619,-0.3587,-0.5512,-20.3612,1000.9470,right_turn
654122,0.0310,0.1546,0.9363,-0.0437,0.2188,-21.2188,1000.9385,right_turn
654182,-0.0051,0.1975,0.8628,-1.1025,-2.3888,-21.6562,1000.9546,right_turn
654242,0.0270,0.1984,0.9672,-0.3587,-1.1113,-22.3213,1000.9500,right_turn
654302,0.0151,0.1502,0.9970,1.1725,0.3150,-22.8375,1000.9485,right_turn
654362,-0.0039,0.1328,0.9223,2.7912,0.2450,-23.2313,1000.9529,right_turn
654422,0.0291,0.2272,0.9653,0.8138,-1.1638,-23.3188,1000.9348,right_turn
654482,0.0414,0.2688,1.0151,0.7175,0.2975,-23.6863,1000.9429,right_turn
654542,0.0232,0.2442,0.9945,-0.4375,0.1225,-23.7038,1000.9470,right_turn
654602,0.0273,0.2340,0.9988,-0.3762,0.4112,-23.8700,1000.9480,right_turn
654662,-0.0107,0.1923,0.9531,-0.1050,-0.6825,-24.8237,1000.9524,right_turn
654722,0.0197,0.2180,0.9801,0.1488,-0.5163,-25.2525,1000.9504,right_turn
654782,-0.0069,0.2062,0.9409,0.2887,-0.8050,-25.5675,1000.9500,right_turn
654842,-0.0071,0.2206,0.9963,-1.0675,-1.8813,-25.5413,1000.9275,right_turn
654902,-0.0181,0.1947,0.9870,1.4262,-1.1463,-26.3025,1000.9336,right_turn
654962,0.0264,0.2724,1.0088,0.7437,-2.4938,-26.9675,1000.9404,right_turn
655022,0.0400,0.2261,1.0549,0.9362,0.8225,-27.3525,1000.9431,right_turn
655082,-0.0049,0.2153,0.9435,1.0850,-0.3762,-27.3175,1000.9426,right_turn
655142,0.0544,0.2198,1.0306,-0.0525,0.7613,-26.9237,1000.9268,right_turn
655202,-0.0264,0.1608,0.9007,-0.8838,-0.7875,-26.4513,1000.9368,right_turn
655262,-0.0830,0.2450,0.9784,0.1663,0.1575,-27.0200,1000.9321,right_turn
655322,-0.0112,0.1937,0.9584,0.1663,0.3587,-27.4400,1000.9341,right_turn
655382,0.0063,0.2323,1.0131,0.1575,0.2013,-27.3875,1000.9331,right_turn
655442,-0.0737,0.1964,0.9094,-0.2188,0.2975,-27.5625,1000.9275,right_turn
655502,0.0110,0.1879,0.9874,0.7088,0.0875,-27.5100,1000.9297,right_turn
655562,0.0205,0.2082,0.9231,-0.5512,-2.0213,-27.2563,1000.9314,right_turn
655622,0.0165,0.2533,0.9623,0.9712,1.1812,-27.6850,1000.9360,right_turn
655682,-0.0632,0.2337,0.8477,-1.0588,-1.6975,-27.7900,1000.9219,right_turn
655742,0.0162,0.1903,1.0548,0.6650,1.6537,-27.4312,1000.9336,right_turn
655802,-0.0325,0.2431,0.8865,-0.1400,0.5863,-27.0550,1000.9333,right_turn
655862,0.0081,0.2406,1.0405,-1.6537,-0.5950,-26.5475,1000.9358,right_turn
655922,0.0098,0.1791,0.9306,-0.9975,-1.5838,-25.4800,1000.9253,right_turn
655982,0.0334,0.1393,1.0616,-2.7300,-0.4638,-24.2375,1000.9197,right_turn
656042,-0.0432,0.1791,0.9604,-0.9100,-0.9450,-23.2313,1000.9250,right_turn
656102,-0.0147,0.1360,1.0019,0.0437,0.0613,-22.0500,1000.9404,right_turn
656162,-0.0835,0.1476,0.9681,-0.9887,-1.0588,-20.9300,1000.9314,right_turn
656222,-0.0498,0.1147,1.0053,0.8138,-0.1750,-19.4775,1000.9341,right_turn
656282,-0.0144,0.1659,0.9292,0.2450,-1.1025,-18.5850,1000.9331,right_turn
656342,-0.0654,0.0813,0.9316,-0.4725,-1.4612,-17.5350,1000.9146,right_turn
656402,-0.0497,0.1282,0.9370,-0.2713,-0.2362,-16.1525,1000.9263,right_turn
656462,-0.0466,0.0895,1.0473,-0.3938,-0.6650,-14.9187,1000.9258,right_turn
656522,-0.0615,0.0878,0.9619,0.2887,-0.2275,-14.0087,1000.9211,right_turn
656582,-0.0430,0.0877,1.0475,0.0787,0.7175,-12.6438,1000.9177,right_turn
656642,-0.0783,0.0456,0.9914,-0.3675,-0.2100,-11.6025,1000.9226,right_turn
656702,-0.0275,0.0381,1.0109,0.3675,0.7700,-10.7450,1000.9326,right_turn
656762,-0.0465,0.0473,0.9830,-0.2450,1.0588,-9.3363,1000.9219,right_turn
656822,-0.1137,0.0520,0.9294,-0.4200,0.1488,-8.5225,1000.9343,right_turn
656882,-0.0593,0.0849,0.9911,-0.1575,0.5250,-7.6388,1000.9172,right_turn
656942,-0.0671,-0.0214,0.9889,0.3150,-0.7700,-6.9825,1000.9160,right_turn
657002,-0.0974,0.0227,0.9455,-0.4462,1.1725,-5.9237,1000.9233,right_turn
657062,-0.0249,0.0432,1.0837,0.2188,0.3237,-5.4425,1000.9094,right_turn
657122,-0.0517,0.0129,0.9270,-0.1312,0.4462,-4.8475,1000.9185,right_turn
657182,-0.0262,0.0561,1.0593,0.4462,1.4787,-4.2263,1000.9175,right_turn
657242,-0.0503,0.0029,0.9650,0.7262,0.3413,-3.4913,1000.9146,right_turn
657302,-0.0241,0.0429,0.9955,0.3237,-0.5512,-3.0887,1000.9092,right_turn
657362,-0.0300,0.0471,1.0873,-0.5075,0.6300,-2.3450,1000.9075,right_turn
657422,0.0120,-0.0474,0.9920,0.0613,0.6475,-2.0650,1000.9014,right_turn
657482,-0.0183,-0.0403,0.9570,0.0962,-0.2800,-1.6100,1000.9119,right_turn
657542,0.0034,0.0376,1.1605,0.3762,1.4438,-1.3650,1000.9011,right_turn
657602,-0.0752,-0.0039,0.9479,-1.1812,0.0613,-0.9275,1000.9102,right_turn
657662,-0.0273,0.0275,1.0285,-0.4288,0.9625,-0.8662,1000.9070,right_turn
657722,0.0123,0.0288,1.0440,1.0762,-1.0500,-0.1225,1000.9060,right_turn
657782,-0.0747,-0.0145,0.9699,-0.2362,0.3150,-0.1050,1000.8984,right_turn
657842,-0.0339,-0.0253,1.0355,0.8838,0.7262,0.0525,1000.8943,right_turn
657902,-0.0167,0.0720,1.0490,0.7088,1.8463,0.4025,1000.8953,right_turn
657962,-0.0816,0.0285,1.0285,0.4988,0.9100,0.2450,1000.8923,right_turn
658022,-0.0730,-0.0206,1.0100,-0.8400,-0.0787,0.3237,1000.8887,right_turn
658082,-0.0381,0.0223,0.9242,-0.2362,1.8550,0.1750,1000.8916,right_turn
658142,-0.0598,0.1144,0.9349,-0.4988,1.6275,0.1488,1000.8857,right_turn
658202,-0.0092,0.0459,0.9975,-0.1575,0.5163,0.1050,1000.8762,right_turn
658262,-0.0339,0.0673,0.9767,-0.1925,0.5512,0.0962,1000.8901,right_turn
658322,-0.0656,0.0539,0.9606,0.1575,-0.0525,0.3063,1000.8860,right_turn
658382,-0.0576,-0.0518,1.0790,0.0787,-0.9887,0.1575,1000.8777,right_turn
658442,-0.0226,-0.0371,1.0987,-0.1838,0.6913,0.2362,1000.8875,right_turn
658502,0.0035,0.0498,1.0413,-0.9625,-1.2862,0.1312,1000.8733,right_turn
658562,-0.0669,0.0112,0.9953,0.1312,-0.3150,-0.0613,1000.8728,right_turn
658622,-0.0881,-0.0451,0.9961,1.3300,1.1550,-0.2887,1000.8691,right_turn
658682,-0.0752,0.0442,0.8375,-0.1925,2.0475,-0.1138,1000.8726,right_turn
658742,-0.1074,-0.0093,0.9623,-1.9600,-1.4787,0.7875,1000.8711,right_turn
658802,-0.0388,0.0605,1.0372,1.1113,1.0675,-0.1488,1000.8743,right_turn
658862,-0.1434,-0.1638,0.8655,-1.6888,-0.2188,-0.0613,1000.8701,right_turn
658922,-0.1135,-0.0574,0.9859,0.7175,-1.0675,-0.1400,1000.8643,right_turn
658982,-0.0281,0.1430,1.0804,0.1663,1.1375,0.0787,1000.8682,right_turn
659042,-0.0429,-0.0290,1.0142,-0.4638,0.3500,0.2975,1000.8669,right_turn
659102,-0.0408,0.0454,0.9717,1.2950,-0.0262,0.3150,1000.8591,right_turn
659162,-0.0373,-0.0293,0.9875,-1.1550,-0.2100,-0.2450,1000.8604,right_turn
659222,0.0148,0.0040,1.0630,-1.0063,-0.0088,0.1575,1000.8623,right_turn
659282,-0.0276,0.0644,0.8770,1.8112,-0.8313,0.2800,1000.8596,right_turn
659342,-0.0198,-0.0420,1.1160,-3.0187,1.9075,0.2975,1000.8669,right_turn
659402,-0.0386,-0.0085,0.9845,1.2950,1.1988,-0.2450,1000.8591,right_turn
659462,-0.0124,0.1196,0.8769,-2.9050,-1.3125,0.0175,1000.8535,right_turn
659522,-0.0043,-0.0076,1.0070,0.1488,0.5163,0.5250,1000.8562,right_turn
659582,-0.0281,0.0148,0.9404,0.3413,-1.7150,0.1400,1000.8552,right_turn
659642,0.0525,-0.1242,1.0710,0.8400,1.8025,0.5512,1000.8579,right_turn
659702,0.0844,0.1382,1.0531,-0.5863,0.7437,0.7788,1000.8611,right_turn
659762,-0.0429,0.0496,1.0060,-0.8225,-1.3388,0.5075,1000.8569,right_turn
659822,-0.0461,-0.0907,0.9384,-0.3150,-0.6737,0.3237,1000.8511,right_turn
659882,-0.0032,0.1128,0.9665,1.4000,-0.7175,0.2275,1000.8530,right_turn
659942,-0.0027,0.0180,1.0679,-0.2450,0.4462,0.2450,1000.8501,right_turn
660002,0.0267,-0.0185,0.9739,-0.1838,1.2337,0.1575,1000.8486,right_turn
660062,0.0712,-0.0761,1.0555,-0.7000,1.7150,0.1488,1000.8459,right_turn
660122,-0.0655,0.0017,0.7069,-0.1750,-1.7938,-0.0875,1000.8499,right_turn
660182,-0.0768,-0.0646,0.9491,-3.1325,-3.0363,-0.0350,1000.8447,right_turn
660242,0.0666,-0.0561,1.0164,0.9013,-1.9950,1.0588,1000.8533,right_turn
660302,0.0207,0.0454,1.0968,-0.1138,1.2775,0.3500,1000.8508,right_turn
660362,-0.0501,0.0119,0.9172,1.0325,-1.2950,-0.1400,1000.8489,right_turn
660422,-0.0295,-0.0676,1.0166,-0.5425,-1.5050,0.2188,1000.8513,right_turn
660482,0.0142,-0.0874,0.8739,-2.4237,-2.3187,0.1488,1000.8416,right_turn
660542,-0.0054,-0.0132,0.9492,0.4638,-1.5312,0.2975,1000.8420,right_turn
660602,0.0273,0.0735,1.0842,-0.0088,0.0350,0.2887,1000.8469,right_turn
660662,-0.0007,-0.0181,1.0447,-2.0125,-0.1488,0.6212,1000.8281,right_turn
660722,-0.0109,0.0434,0.9599,1.2337,0.0350,0.0700,1000.8472,right_turn
660782,0.1118,0.0400,1.0850,-0.2713,2.8788,0.0262,1000.8503,right_turn
660842,0.0156,-0.0852,0.9509,-1.9075,0.8838,0.1663,1000.8496,right_turn
660902,0.1236,0.1166,0.9415,1.3563,-3.4650,0.3762,1000.8557,right_turn
660962,0.1364,0.1188,1.1947,-0.2713,-0.5600,0.2100,1000.8494,right_turn
661022,0.0431,-0.0465,1.0607,1.7763,0.9625,0.3850,1000.8582,right_turn
661082,0.0429,0.0127,0.9870,-1.6625,-0.2887,0.1750,1000.8479,right_turn
661142,0.0773,-0.0085,1.1126,0.3063,-0.2275,0.2800,1000.8560,right_turn
661202,0.0585,-0.0268,1.1112,-1.5575,-0.7000,0.3500,1000.8481,right_turn
661262,0.0401,-0.0744,1.0802,2.7213,1.7763,0.6388,1000.8516,right_turn
661322,0.0960,0.0088,1.1092,-0.2975,-0.9100,0.1838,1000.8616,right_turn
661382,-0.0068,0.0439,1.0377,-1.0675,-0.4375,0.4025,1000.8540,right_turn
661442,-0.0015,-0.0265,1.0304,1.2687,0.4200,0.3237,1000.8667,right_turn
661502,-0.0156,0.0506,0.9265,-0.3413,-0.0262,0.1225,1000.8574,right_turn
661562,-0.0097,-0.0878,0.9736,-0.5688,-0.7262,0.1225,1000.8611,right_turn
661622,0.0600,-0.0058,1.0998,0.8838,-0.3325,-0.0700,1000.8594,right_turn
661682,0.0532,-0.0692,1.0760,2.1525,2.0563,0.4288,1000.8640,right_turn
661742,0.0285,-0.0240,0.9289,0.7962,-0.1663,0.7350,1000.8599,right_turn
661802,0.1330,0.0522,0.9943,0.8575,-0.4025,0.8400,1000.8611,right_turn
661862,0.0200,0.1227,1.0978,0.1663,2.2575,1.4438,1000.8628,right_turn
661922,-0.0903,-0.0034,1.0214,0.9975,3.2113,0.8050,1000.8691,right_turn
661982,-0.0013,-0.0498,0.9127,-1.2075,0.6562,0.3675,1000.8628,right_turn
662042,0.0693,0.0113,1.1173,0.3150,2.8963,1.1638,1000.8679,right_turn
662102,-0.0325,0.0090,0.9259,0.4288,2.4762,0.5512,1000.8679,right_turn
662162,0.0007,-0.0268,0.9640,0.3587,1.3388,0.5950,1000.8682,right_turn
662222,0.0462,-0.0315,0.9662,0.0700,-0.0350,0.5775,1000.8560,right_turn
662282,0.0151,-0.0010,0.9184,-0.4112,-1.7675,0.5863,1000.8679,right_turn
662342,0.0579,0.0123,1.0904,0.9187,0.2188,0.4812,1000.8662,right_turn
662402,0.0493,-0.0551,1.0146,-0.1312,-0.3500,0.4725,1000.8726,right_turn
662462,0.0425,-0.0410,0.8942,-0.6562,0.9625,0.6212,1000.8547,right_turn
662522,0.0444,-0.0051,0.9472,0.5163,1.4000,0.5512,1000.8667,right_turn
662582,0.0805,-0.0354,1.1073,-1.0063,0.8838,0.6913,1000.8743,right_turn
662642,0.0126,-0.0815,0.9396,-1.9688,-0.8313,1.0850,1000.8655,right_turn
662702,0.0379,-0.0168,0.9929,-2.0125,-0.7000,1.1113,1000.8704,right_turn
662762,0.0210,-0.0292,1.0444,-0.6300,-0.0613,1.2775,1000.8672,right_turn
662822,0.0876,-0.0412,1.0067,0.2362,0.1225,0.6475,1000.8694,right_turn
662882,0.0781,-0.0154,0.9154,-0.6737,-1.8987,0.9013,1000.8779,right_turn
662942,0.0695,-0.0210,1.0295,1.3125,0.7350,0.6212,1000.8704,right_turn
663002,0.1010,0.0581,1.1298,1.1900,1.6537,0.7962,1000.8752,right_turn
663062,0.0606,-0.0387,0.9531,0.6650,-1.0675,1.0063,1000.8813,right_turn
663122,0.0646,-0.0156,0.9775,-0.3675,-0.2537,0.9450,1000.8823,right_turn
663182,0.0386,-0.0169,0.9406,0.1400,0.7962,1.0063,1000.8828,right_turn
663242,0.0608,0.0375,1.0831,0.8662,-2.2487,1.0675,1000.8828,right_turn
663302,0.0436,-0.0366,0.9487,-2.0213,0.2537,0.9538,1000.8782,right_turn
663362,0.1112,0.0012,0.9691,0.8750,-0.2188,0.7525,1000.8879,right_turn
663422,0.0947,-0.1108,1.0038,-2.1525,-1.0850,1.3475,1000.8850,right_turn
663482,0.0522,0.1454,1.0350,2.1175,-0.3150,1.4088,1000.8875,right_turn
663542,0.0320,-0.0015,0.7734,-0.9362,0.2100,0.6475,1000.8848,right_turn
663602,0.0410,-0.0012,0.9925,2.0650,0.0088,0.9538,1000.8918,right_turn
663662,0.0163,-0.0002,0.9958,1.2600,2.2400,0.7088,1000.8877,right_turn
663722,0.0695,0.0103,1.0073,0.2362,0.7613,1.1375,1000.9011,right_turn
663782,0.0468,0.0285,0.8896,-0.7788,-0.9275,0.9187,1000.8984,right_turn
663842,0.0771,-0.0312,1.0258,-0.3587,-0.2450,0.7000,1000.8948,right_turn
663902,-0.0358,0.0117,0.9867,1.9425,0.5863,0.3063,1000.9016,right_turn
663962,0.1266,-0.0584,1.0903,-3.1325,-0.5337,0.2100,1000.8921,right_turn
664022,0.0103,0.0537,0.9292,0.6037,-1.6363,1.0500,1000.9038,right_turn
664082,0.0855,0.0234,0.9526,0.2013,-0.5075,0.5425,1000.9014,right_turn
664142,0.0773,-0.0005,1.0532,0.7088,-1.2162,0.5425,1000.9011,right_turn
664202,0.1050,0.0260,1.1382,1.6712,1.6712,0.4988,1000.9016,right_turn
664262,0.0649,0.0076,1.0343,-0.7962,1.2250,0.7700,1000.9021,right_turn
664322,0.0422,-0.0447,0.9689,-0.4900,-1.5488,0.7875,1000.8997,right_turn
664382,0.0886,0.0700,0.9640,-1.2775,-0.2188,0.5688,1000.9006,right_turn
664442,0.0720,-0.1059,1.0158,1.1200,-0.4988,0.4025,1000.9038,right_turn
664502,0.0983,0.0005,1.1015,-1.5488,-0.2275,1.2775,1000.9067,right_turn
664562,-0.0220,0.0303,0.9150,-0.8925,-0.5075,0.4550,1000.9131,right_turn
664622,0.0350,-0.0383,0.9597,-0.2975,0.2975,0.4462,1000.9080,right_turn
664682,0.0825,-0.0348,1.0299,-0.1312,-0.4812,0.6650,1000.9148,right_turn
664742,0.0603,0.0290,1.0613,1.2775,0.7437,0.2450,1000.9065,right_turn
664802,0.0969,0.0488,1.0621,0.6300,0.9013,0.5688,1000.9089,right_turn
664862,0.0542,-0.0461,0.9990,-0.8400,0.8750,0.4638,1000.9187,right_turn
664922,0.0912,-0.0210,0.9877,0.3500,-1.1113,0.6388,1000.9172,right_turn
664982,0.0778,-0.0598,0.9768,0.8662,0.1225,0.6037,1000.9033,right_turn
665042,-0.0684,0.0911,1.0087,0.9187,-0.7262,0.4288,1000.9241,right_turn
665102,-0.0095,0.0578,0.9828,1.6888,1.8725,0.4550,1000.9231,right_turn
665162,0.0780,-0.0324,1.0151,-0.8313,1.1550,0.2013,1000.9238,right_turn
665222,0.0147,0.0420,0.9660,-0.4638,0.5075,0.3587,1000.9255,right_turn
665282,0.0229,-0.0888,0.9453,-0.5250,0.8400,0.3587,1000.9287,right_turn
665342,0.0245,-0.0132,0.9399,-0.5688,-0.3675,-0.0088,1000.9272,right_turn
665402,0.0508,0.0032,1.0250,-1.6800,0.7875,0.1575,1000.9331,right_turn
665462,0.0701,0.0327,1.0616,1.1375,-0.2362,0.2013,1000.9375,right_turn
665522,0.0522,-0.0788,1.0735,0.3850,1.8987,-0.0875,1000.9297,right_turn
665582,0.0485,0.0166,0.9831,1.6100,1.3475,-0.1663,1000.9326,right_turn
665642,0.0346,-0.0015,0.9784,0.2713,-0.2887,-0.2450,1000.9253,right_turn
665702,0.0234,0.0310,0.9247,-0.0613,0.0437,-0.6475,1000.9282,right_turn
665762,0.0492,0.0801,0.9772,1.1638,0.0700,-1.0675,1000.9280,right_turn
665822,0.0442,0.0262,0.9950,0.5075,0.1750,-1.3125,1000.9189,right_turn
665882,0.0203,-0.0344,0.9352,0.3500,-0.7437,-1.8900,1000.9275,right_turn
665942,0.0461,0.0456,1.0175,0.1750,-0.5163,-2.0650,1000.9302,right_turn
666002,0.1061,0.0261,1.1502,-0.3325,1.5838,-2.0125,1000.9221,right_turn
666062,0.0584,0.0407,1.0701,1.1812,-0.9625,-2.3450,1000.9312,right_turn
666122,0.0670,0.0224,1.0363,0.3850,-1.0150,-2.8175,1000.9158,right_turn
666182,0.0361,0.0285,0.9978,0.6300,-0.8400,-2.6600,1000.9272,right_turn
666242,-0.0034,-0.0115,0.9234,0.4550,1.8375,-3.3338,1000.9194,right_turn
666302,0.0469,0.0586,0.9149,1.2513,0.6212,-3.7538,1000.9194,right_turn
666362,0.0615,0.1047,0.9821,1.9075,1.2250,-3.9637,1000.9307,right_turn
666422,0.0332,0.0769,0.9775,0.7875,0.0175,-4.4275,1000.9177,right_turn
666482,0.0196,0.0386,0.9728,1.0150,0.2275,-5.5037,1000.9211,right_turn
666542,0.0698,0.0678,1.0138,1.9775,-0.5425,-5.9412,1000.9209,right_turn
666602,0.1042,0.1102,1.1297,0.1050,0.2625,-6.0025,1000.9207,right_turn
666662,0.0608,0.0847,1.0161,0.5512,-0.3500,-6.6762,1000.9155,right_turn
666722,0.0371,0.1362,1.0441,1.3212,1.0850,-7.3587,1000.9182,right_turn
666782,0.0358,0.1035,0.9790,1.1113,1.1463,-8.4788,1000.9006,right_turn
666842,0.0441,0.0845,0.9733,0.2450,0.7962,-9.1962,1000.9109,right_turn
666902,0.0676,0.1105,1.0422,1.3038,1.1025,-9.7388,1000.9131,right_turn
666962,0.0757,0.0966,0.9994,1.1375,0.2713,-10.9025,1000.9163,right_turn
667022,0.1008,0.0996,1.0329,1.2162,-0.8662,-11.3575,1000.9204,right_turn
667082,0.0881,0.1510,1.0491,-0.6562,-0.3500,-12.4775,1000.9087,right_turn
667142,0.0661,0.1838,0.9543,2.0387,-0.2800,-13.2125,1000.9072,right_turn
667202,0.0398,0.1308,0.9531,0.5950,-0.1575,-13.7375,1000.9070,right_turn
667262,0.0615,0.1418,1.0638,1.1550,-0.3762,-14.2362,1000.9070,right_turn
667322,0.0525,0.0942,0.9652,-0.3237,-1.0150,-14.6388,1000.9062,right_turn
667382,0.0217,0.1637,0.9697,0.3063,-1.5488,-15.6800,1000.8989,right_turn
667442,0.0561,0.1283,0.9472,1.0500,-0.5512,-16.0475,1000.9060,right_turn
667502,0.0490,0.1014,1.0149,2.1350,-0.1312,-17.1413,1000.9033,right_turn
667562,-0.0285,0.1204,0.9418,1.5137,-0.8487,-17.5613,1000.9075,right_turn
667622,0.0985,0.1369,1.0334,-0.5512,-2.5200,-17.6488,1000.8982,right_turn
667682,0.0320,0.1520,0.9982,-0.2887,-1.8813,-18.1038,1000.9033,right_turn
667742,-0.0203,0.1346,0.9387,0.8400,-1.1812,-19.2325,1000.9099,right_turn
667802,0.0202,0.1444,0.9711,0.2887,-0.4112,-20.2038,1000.9058,right_turn
667862,0.0188,0.1610,0.9016,0.4112,-0.0525,-20.9212,1000.9092,right_turn
667922,0.1061,0.1571,1.0370,0.3150,-1.8550,-21.6562,1000.8970,right_turn
667982,0.0292,0.2052,0.9850,1.4175,-1.2075,-22.7150,1000.9043,right_turn
668042,-0.0044,0.2169,0.9432,2.6075,-0.3587,-23.8175,1000.8887,right_turn
668102,-0.0352,0.2011,0.9088,2.3537,0.2275,-24.3775,1000.8999,right_turn
668162,0.0700,0.1901,1.0533,2.4237,0.1050,-24.8937,1000.9177,right_turn
668222,0.0730,0.1728,1.0312,2.4588,0.6125,-25.2787,1000.9111,right_turn
668282,0.0329,0.2438,0.9726,0.1488,-0.6475,-26.5912,1000.9080,right_turn
668342,-0.0252,0.1167,0.9750,3.2638,2.0475,-26.3025,1000.9080,right_turn
668402,0.0102,0.2115,1.0047,3.6050,0.2975,-27.8162,1000.8960,right_turn
668462,0.0501,0.3345,0.9964,-2.7650,-1.1988,-28.0000,1000.9102,right_turn
668522,0.0791,0.2567,1.0092,-2.8700,-0.4025,-28.4550,1000.8911,right_turn
668582,0.0400,0.2994,0.9353,-2.0125,-0.7875,-28.7700,1000.8938,right_turn
668642,0.0571,0.1200,0.9894,-1.4963,1.3300,-28.8575,1000.8833,right_turn
668702,0.0713,0.1867,0.9697,0.0613,0.8575,-28.9538,1000.8911,right_turn
668762,0.0344,0.1862,1.0008,0.8138,0.6388,-28.8575,1000.8938,right_turn
668822,0.0476,0.2216,1.0286,1.0150,1.1113,-28.8137,1000.9016,right_turn
668882,0.0088,0.1967,1.0108,-0.0350,-1.0500,-28.2625,1000.8909,right_turn
668942,0.0024,0.2562,0.9528,0.8050,-0.9887,-27.9650,1000.8904,right_turn
669002,0.0347,0.2162,0.9982,-0.0437,-1.5838,-28.0788,1000.8948,right_turn
669062,-0.0035,0.2367,0.9906,0.4550,1.2862,-28.4463,1000.8928,right_turn
669122,0.0408,0.1502,0.9060,-0.6562,-0.9625,-28.2625,1000.9043,right_turn
669182,0.0088,0.1864,0.9819,1.4262,0.3325,-28.0700,1000.8860,right_turn
669242,0.0087,0.1773,0.9814,-1.1113,-0.0350,-27.7987,1000.8911,right_turn
669302,0.0267,0.2352,0.9755,-2.8875,-2.9137,-26.9762,1000.8784,right_turn
669362,0.0710,0.2222,1.0645,-1.5575,-0.6650,-26.9150,1000.8762,right_turn
669422,-0.0027,0.2217,0.9262,-1.0063,0.6300,-27.4312,1000.8811,right_turn
669482,-0.0101,0.2137,0.9155,-1.2162,0.8225,-27.3700,1000.8877,right_turn
669542,0.0530,0.1799,1.0049,-1.3212,0.7700,-26.8975,1000.8894,right_turn
669602,0.0424,0.1254,1.0297,-2.3800,-0.1750,-26.4862,1000.8904,right_turn
669662,0.0022,0.1801,1.0264,-1.6275,-0.6388,-25.6375,1000.8845,right_turn
669722,0.0051,0.1486,1.0041,0.0262,0.5863,-25.2700,1000.8823,right_turn
669782,0.0000,0.1174,1.0636,0.7262,0.4988,-24.7625,1000.8721,right_turn
669842,0.0032,0.1049,0.9264,1.1287,0.1138,-24.0625,1000.8923,right_turn
669902,-0.0273,0.1254,1.0062,0.0613,0.1312,-22.6537,1000.8945,right_turn
669962,0.0048,0.1203,1.0007,-0.2100,-0.1225,-21.3675,1000.8889,right_turn
670022,-0.0980,0.1472,1.0519,0.3938,0.4725,-20.8600,1000.8950,right_turn
670082,-0.0632,0.1286,0.9252,0.4900,-0.6475,-20.2913,1000.8896,right_turn
670142,0.0251,0.0969,1.0657,1.2162,0.8225,-19.8100,1000.8921,right_turn
670202,-0.0317,0.1383,0.9770,1.0850,-0.1925,-18.8125,1000.8828,right_turn
670262,0.0056,0.1250,1.0109,0.7262,0.9362,-18.0425,1000.8853,right_turn
670322,0.0188,0.1067,1.0228,0.0000,1.1550,-17.4300,1000.8794,right_turn
670382,-0.0337,0.0845,0.9333,-0.6037,0.0175,-16.3013,1000.8796,right_turn
670442,-0.0317,0.0900,0.9748,-1.5312,-0.7962,-15.3912,1000.8853,right_turn
670502,-0.0275,0.0919,1.0153,0.1663,0.0787,-14.3062,1000.8904,right_turn
670562,-0.0059,0.0552,0.9633,-0.3938,-0.9800,-13.1512,1000.8826,right_turn
670622,-0.0173,0.0686,0.9670,-0.7525,-0.1488,-12.0400,1000.8843,right_turn
670682,0.0092,0.0634,1.0513,0.1400,1.0237,-10.6488,1000.8909,right_turn
670742,-0.0049,0.0336,1.0011,-0.6125,0.2013,-9.2575,1000.8918,right_turn
670802,-0.0156,0.0005,1.0258,0.4200,0.4725,-8.5487,1000.8899,right_turn
670862,-0.0118,-0.0034,0.9946,0.4025,0.3063,-7.4375,1000.8945,right_turn
670922,-0.0171,0.0429,1.0229,0.4462,1.0150,-6.3525,1000.8865,right_turn
670982,0.0210,0.0598,0.9741,0.2013,-0.8487,-5.3987,1000.8821,right_turn
671042,-0.0003,0.0007,0.9723,0.3413,1.4262,-4.4713,1000.8823,right_turn
671102,-0.0617,0.0364,0.8804,-0.0088,0.5863,-3.6750,1000.8748,right_turn
671162,-0.0256,0.0165,0.9170,-0.7962,-0.4112,-3.4825,1000.8896,right_turn
671222,0.0090,0.0291,1.0821,-0.5863,0.3762,-3.3863,1000.8792,right_turn
671282,-0.0129,0.0174,1.0197,-0.0787,0.7175,-2.5287,1000.8936,right_turn
671342,0.0000,0.0473,1.0817,0.9625,0.8400,-1.8463,1000.8984,right_turn
671402,0.0000,-0.0171,1.0228,-0.6475,-0.6300,-0.9013,1000.8960,right_turn
671462,-0.0655,-0.0022,1.0173,0.0088,0.0700,-0.1575,1000.8914,right_turn
671522,0.0249,-0.0431,0.9889,-1.3212,0.4638,0.5512,1000.9023,right_turn
671582,0.0110,-0.0185,0.9642,-0.3850,-1.0588,1.1550,1000.8997,right_turn
671642,-0.0198,-0.0185,0.9330,-0.3587,0.3850,1.6975,1000.8770,right_turn
671702,0.0098,-0.0362,0.9805,1.0675,-0.9450,2.0475,1000.8806,right_turn
671762,0.0337,-0.0354,0.9578,0.8313,-0.1312,2.1613,1000.8904,right_turn
671822,0.0717,0.0833,1.0366,1.0588,0.9100,1.8288,1000.8879,right_turn
671882,0.0403,-0.0107,0.9912,1.9075,0.0787,1.6187,1000.8833,right_turn
671942,0.0608,-0.0473,1.0404,0.8225,0.6300,1.4438,1000.8794,right_turn
672002,0.0058,0.0048,1.0504,2.4588,1.4000,1.2687,1000.8865,right_turn
672062,0.0221,0.0088,1.0333,0.2713,0.1838,1.6275,1000.8774,right_turn
672122,0.0232,0.0522,0.9966,-0.2537,0.5863,1.1725,1000.8833,right_turn
672182,0.0528,0.0173,1.0597,1.1375,0.0787,1.1375,1000.8870,right_turn
672242,0.0549,0.0385,1.0649,-0.2800,1.0675,0.9975,1000.8796,right_turn
672302,-0.0086,0.0179,0.9448,0.3850,-0.2450,1.0588,1000.8831,right_turn
672362,0.0115,-0.0081,0.9523,-0.0875,0.0437,0.8575,1000.8772,right_turn
672422,-0.0021,0.0207,0.9460,0.7175,0.8138,0.6825,1000.8655,right_turn
672482,0.0422,0.0607,1.0837,-0.4988,1.3212,1.0063,1000.8691,right_turn
672542,-0.0097,0.0461,1.0131,0.8225,-1.0063,0.8838,1000.8721,right_turn
672602,0.0018,-0.0254,0.9755,0.7962,-0.9887,0.5250,1000.8835,right_turn
672662,0.0285,0.0356,1.0307,0.2887,0.2188,0.4200,1000.8799,right_turn
672722,-0.0042,0.0027,0.9775,0.2887,0.3325,0.5950,1000.8794,right_turn
672782,0.0059,0.0097,1.0068,0.7875,-0.8487,0.6212,1000.8879,right_turn
672842,0.0317,-0.0198,1.0333,0.0000,-2.0738,0.8925,1000.8699,right_turn
672902,0.0169,0.0584,1.0167,0.5775,0.2450,0.4112,1000.8877,right_turn
672962,-0.0480,0.0215,0.9160,0.4812,0.1400,0.3762,1000.8850,right_turn
673022,-0.0132,0.0040,0.9772,0.4288,-0.8225,0.1575,1000.8704,right_turn
673082,-0.0388,-0.0131,0.9060,-0.0962,-0.4112,-0.2537,1000.8889,right_turn
673142,-0.0114,0.0264,0.9922,-0.9887,0.4900,-0.1138,1000.8735,right_turn
673202,-0.0056,0.0417,0.9974,0.5512,0.5337,-0.2188,1000.8794,right_turn
673262,0.0241,0.0090,1.0375,0.1138,0.3150,-0.3762,1000.8826,right_turn
673322,0.0179,0.0290,1.0019,-0.3675,-1.1900,-0.6913,1000.8799,right_turn
673382,-0.0044,0.0229,1.0130,0.8050,-0.9625,-1.1638,1000.8796,right_turn
673442,-0.0373,0.0525,0.9517,1.1812,0.4725,-1.7850,1000.8870,right_turn
673502,0.0318,0.0293,1.0451,0.5775,-1.0588,-2.5025,1000.8716,right_turn
673562,0.0727,0.0729,1.0414,0.0700,0.2275,-3.3075,1000.8564,right_turn
673622,0.0525,0.1281,0.9898,0.3063,-0.2713,-4.2175,1000.8652,right_turn
673682,0.0664,0.1121,0.9770,0.9800,-1.2775,-5.5650,1000.8738,right_turn
673742,0.0820,0.1488,1.0233,0.7437,-0.8838,-6.8250,1000.8662,right_turn
673802,0.0591,0.1578,0.9794,0.3150,-0.4025,-7.9975,1000.8723,right_turn
673862,0.0823,0.2125,1.0413,0.4375,0.0262,-9.0737,1000.8625,right_turn
673922,0.0564,0.1337,0.9963,0.7788,0.0525,-10.4213,1000.8647,right_turn
673982,0.0698,0.1621,1.0474,0.0525,0.3150,-11.2525,1000.8667,right_turn
674042,0.0466,0.1725,0.9828,0.2975,-0.7700,-12.4250,1000.8679,right_turn
674102,0.0872,0.1578,1.0370,-0.8138,-0.7000,-13.1687,1000.8594,right_turn
674162,0.0476,0.1530,0.9392,-0.7000,-1.1375,-14.3763,1000.8716,right_turn
674222,0.0417,0.1923,0.9902,-0.2362,-0.7525,-15.3038,1000.8809,right_turn
674282,0.0515,0.1563,0.9731,1.2775,-0.4112,-16.3800,1000.8838,right_turn
674342,0.1033,0.2061,1.0085,-0.1750,-0.8750,-16.8875,1000.8794,right_turn
674402,0.0526,0.1759,0.9775,0.0962,-0.8487,-17.7975,1000.8931,right_turn
674462,0.0442,0.1981,0.9872,0.3587,-1.7325,-18.9438,1000.8928,right_turn
674522,0.0513,0.2192,1.0396,0.4200,-0.0875,-19.9675,1000.8982,right_turn
674582,0.0403,0.2058,1.0034,-0.0525,0.7088,-21.2100,1000.8909,right_turn
674642,0.0817,0.2110,1.0411,0.6650,-0.4200,-22.0850,1000.8865,right_turn
674702,0.0271,0.2093,0.9877,-0.0088,-0.7700,-23.1525,1000.8845,right_turn
674762,0.0434,0.2142,1.0124,-0.3938,0.6650,-23.8787,1000.8943,right_turn
674822,0.0561,0.2399,0.9909,0.9887,-0.0787,-24.4475,1000.8911,right_turn
674882,0.0522,0.2363,1.0197,1.2250,0.0262,-25.2000,1000.8901,right_turn
674942,0.0769,0.2357,1.0067,1.6800,0.7350,-26.4513,1000.8936,right_turn
675002,0.0491,0.2325,1.0268,2.4325,0.3413,-27.0200,1000.8948,right_turn
675062,0.0224,0.2235,0.9902,1.7150,0.8225,-27.5187,1000.8972,right_turn
675122,-0.0020,0.2452,0.9686,-0.0613,0.2713,-28.0438,1000.8958,right_turn
675182,0.0325,0.2340,0.9684,0.4025,-1.7500,-28.9713,1000.8960,right_turn
675242,0.0388,0.2359,1.0292,1.1638,0.0787,-29.2162,1000.8972,right_turn
675302,0.0351,0.2804,1.0018,0.0613,-0.1925,-29.4350,1000.9102,right_turn
675362,0.0368,0.1796,1.0138,0.7088,-0.4462,-29.6275,1000.9001,right_turn
675422,0.0212,0.3074,1.0885,0.0175,-1.6363,-29.4963,1000.9065,right_turn
675482,0.0451,0.2660,1.0690,-0.5512,1.0588,-29.4963,1000.9072,right_turn
675542,0.0290,0.2011,1.0651,-2.0738,-0.1750,-29.7588,1000.9092,right_turn
675602,-0.0179,0.2149,0.9201,-2.0038,2.1788,-30.0562,1000.9136,right_turn
675662,0.0107,0.2128,1.0304,-1.1200,-0.7088,-29.8375,1000.9265,right_turn
675722,0.0002,0.2200,0.9862,-0.2100,-1.2425,-30.0825,1000.9224,right_turn
675782,-0.0512,0.1837,0.8765,1.9863,-0.7525,-30.2050,1000.9158,right_turn
675842,-0.0040,0.2175,1.0172,1.6450,0.8225,-29.5400,1000.9258,right_turn
675902,0.0146,0.2631,0.9834,0.4638,0.2275,-29.1287,1000.9290,right_turn
675962,-0.0447,0.2406,0.9392,0.9975,0.0437,-29.2600,1000.9443,right_turn
676022,-0.0139,0.2090,0.9531,1.1200,-1.1900,-28.8750,1000.9377,right_turn
676082,-0.0406,0.2327,0.9353,0.4462,-0.6212,-28.2275,1000.9312,right_turn
676142,-0.0424,0.2347,0.8983,0.2537,2.4413,-27.2125,1000.9246,right_turn
676202,-0.0664,0.1718,0.9159,-1.8725,-4.1737,-26.7750,1000.9336,right_turn
676262,-0.0290,0.2625,1.0502,-1.1812,-1.1463,-25.7775,1000.9338,right_turn
676322,0.0227,0.2176,1.0375,-0.7788,-2.3100,-25.3487,1000.9446,right_turn
676382,-0.0508,0.1225,0.9263,-1.9338,-1.2687,-25.5238,1000.9333,right_turn
676442,-0.0296,0.2727,1.0495,-0.0525,-2.0125,-24.8850,1000.9917,right_turn
676502,-0.0213,0.1713,0.9421,-0.8138,-1.7325,-24.4125,1000.9473,right_turn
676562,-0.0551,0.1291,0.9889,-0.2188,-0.5163,-23.2050,1000.9431,right_turn
676622,-0.0742,0.1887,0.9335,1.2862,-0.0088,-22.8550,1000.9353,right_turn
676682,-0.0354,0.1591,0.9572,0.2713,-0.2100,-22.2950,1000.9346,right_turn
676742,-0.0702,0.1745,0.9840,-0.2100,-0.4900,-21.3500,1000.9421,right_turn
676802,-0.0614,0.1428,1.0019,2.0825,0.5512,-20.7375,1000.9451,right_turn
676862,-0.0447,0.0830,1.0436,-0.9275,-1.1463,-19.6787,1000.9563,right_turn
676922,-0.0505,0.1846,1.0192,-0.0437,-0.6737,-18.8825,1000.9485,right_turn
676982,-0.0407,0.1281,1.0119,0.1050,-0.6562,-17.8325,1000.9507,right_turn
677042,-0.0664,0.1301,0.9773,-0.1400,-2.1000,-17.1500,1000.9446,right_turn
677102,-0.0634,0.1389,0.9565,-1.2250,-1.6625,-16.1087,1000.9412,right_turn
677162,-0.0587,0.0951,0.9862,-0.4550,-0.7700,-15.1375,1000.9434,right_turn
677222,-0.0508,0.0961,0.9838,0.0262,-1.7150,-13.8512,1000.9468,right_turn
677282,-0.1141,0.0877,0.9268,-0.4112,-0.0175,-12.8363,1000.9417,right_turn
677342,-0.0588,0.0922,0.9692,-0.2975,-1.6625,-11.7775,1000.9478,right_turn
677402,-0.0754,0.0627,0.9669,0.1925,1.1638,-10.7975,1000.9333,right_turn
677462,-0.0276,0.0962,1.0251,0.4462,-0.2713,-10.1150,1000.9434,right_turn
677522,-0.0711,0.1296,1.1024,1.4175,2.4500,-9.4150,1000.9409,right_turn
677582,-0.0696,0.0537,0.9794,0.9187,-0.5688,-8.8900,1000.9329,right_turn
677642,-0.0363,0.1164,1.0064,0.9275,-0.4112,-8.1637,1000.9434,right_turn
677702,-0.0420,0.0730,0.9903,-0.0962,-0.7000,-7.8488,1000.9431,right_turn
677762,-0.0349,0.0752,1.0200,-0.3938,-0.4900,-7.3938,1000.9465,right_turn
677822,-0.0631,0.0759,0.9518,0.4462,-0.3150,-7.2625,1000.9426,right_turn
677882,-0.0351,0.1115,0.9938,-0.9100,-0.3325,-7.1925,1000.9504,right_turn
677942,-0.0537,0.0213,0.9719,-0.4112,-0.0350,-6.9913,1000.9414,right_turn
678002,-0.0340,0.1389,1.0533,0.3237,-0.2450,-6.4837,1000.9392,right_turn
678062,-0.0529,0.0778,1.0148,0.0875,1.7938,-6.3350,1000.9451,right_turn
678122,-0.0905,0.0432,0.9867,-0.9800,0.4988,-5.8625,1000.9382,right_turn
678182,-0.0744,0.0268,0.9637,0.2975,0.7700,-5.4163,1000.9426,right_turn
678242,-0.0695,0.0684,1.0357,0.2975,0.6388,-5.2063,1000.9612,right_turn
678302,-0.0444,0.0832,1.0026,0.2450,0.5337,-4.5413,1000.9468,right_turn
678362,-0.0603,0.0769,0.9489,-0.8925,0.1925,-3.7013,1000.9480,right_turn
678422,-0.0869,0.0063,0.9758,-0.1400,-0.4375,-3.0800,1000.9412,right_turn
678482,-0.0820,-0.0034,0.9648,-0.2713,0.2713,-2.4325,1000.9392,right_turn
678542,-0.0495,0.0544,1.0136,-0.0262,2.7650,-2.2750,1000.9587,right_turn
678602,-0.0107,0.0090,0.9922,-0.8750,0.2887,-2.0563,1000.9380,right_turn
678662,-0.0237,0.0012,1.0318,0.7262,0.5863,-1.0850,1000.9370,right_turn
678722,-0.0278,0.0027,1.0205,-0.5688,0.6037,-0.9100,1000.9370,right_turn
678782,-0.0354,0.0509,0.9670,1.2513,-2.6600,-1.0063,1000.9438,right_turn
678842,-0.0268,0.0331,1.0690,-0.0962,-0.6825,-1.0150,1000.9299,right_turn
678902,-0.0619,0.0586,0.9496,0.5250,-0.3063,-0.9625,1000.9331,right_turn
678962,-0.0461,0.0444,1.0268,0.5075,0.5512,-0.9362,1000.9243,right_turn
679022,-0.0586,0.0739,1.1146,2.2313,0.5512,-0.2013,1000.8999,right_turn
679082,-0.0483,0.0568,0.9860,-1.1725,0.9362,-0.0350,1000.9131,right_turn
679142,-0.0490,0.0627,0.9538,-0.4988,0.4638,-0.2362,1000.9204,right_turn
679202,-0.0515,-0.0279,0.9424,-0.4112,-0.2975,-0.2100,1000.9246,right_turn
679262,-0.0053,0.0393,0.9835,-0.8750,-0.6212,0.1400,1000.9260,right_turn
679322,-0.0278,0.0449,1.0537,0.1663,0.4112,0.3762,1000.9277,right_turn
679382,-0.0478,0.0207,0.9805,0.3500,1.1113,0.0088,1000.9172,right_turn
679442,-0.0492,0.0027,0.9624,0.4988,-0.9625,0.0613,1000.9131,right_turn
679502,-0.0586,0.0146,1.0253,0.2100,-1.4088,0.1488,1000.9231,right_turn
679562,-0.0627,-0.0295,1.0041,0.2450,0.9800,0.0262,1000.9121,right_turn
679622,-0.0315,0.0801,1.0472,-0.6475,-0.8662,0.3938,1000.9126,right_turn
679682,-0.0273,-0.0049,1.0058,0.3850,0.0350,0.2188,1000.9167,right_turn
679742,-0.0663,0.0132,0.9243,0.1312,-0.9013,0.1575,1000.9185,right_turn
679802,-0.0286,0.0107,0.9721,-0.5600,1.4963,0.0525,1000.9080,right_turn
679862,0.0064,0.0626,1.0690,0.5950,1.4000,0.1925,1000.9124,right_turn
679922,-0.0273,0.0000,1.0699,0.9538,-0.0262,0.2013,1000.9236,right_turn
679982,-0.0201,0.0488,0.9763,0.3500,-0.3237,0.3850,1000.8960,right_turn
680042,-0.0159,0.0564,0.9770,-0.5425,-1.4612,0.2013,1000.9280,right_turn
680102,-0.0068,0.0373,0.9797,0.0175,0.8313,0.2537,1000.9270,right_turn
680162,-0.0188,0.1025,0.9770,2.1962,1.1375,-0.1225,1000.8950,right_turn
680222,-0.0015,0.0803,1.0055,-2.5113,-2.5900,0.3063,1000.9177,right_turn
680282,0.0127,0.0013,1.0870,1.4175,-0.2362,0.0437,1000.9104,right_turn
680342,-0.0178,0.0579,0.9919,0.7088,1.5750,-0.2713,1000.9165,right_turn
680402,-0.0051,0.0022,1.1403,1.1113,-0.0350,-0.0700,1000.9077,right_turn
680462,0.0207,0.0242,1.0160,2.9925,1.8463,-0.5337,1000.9292,right_turn
680522,-0.0289,0.0232,0.9752,-0.0962,-0.1925,0.4288,1000.9138,right_turn
680582,-0.0041,-0.0161,0.7757,-0.6737,-4.4100,-0.4550,1000.9160,right_turn
680642,0.0847,0.0115,1.2185,2.8350,0.3500,-0.7875,1000.9133,right_turn
680702,0.0949,0.0478,1.0358,1.8900,-0.8400,-0.1575,1000.9436,right_turn
680762,0.0939,0.0510,1.0862,-0.8400,-2.1350,-0.2275,1000.9146,right_turn
680822,-0.0053,0.0102,0.9900,0.4988,-0.1138,-0.1750,1000.9314,right_turn
680882,-0.1307,-0.0049,0.9462,1.1638,-0.0525,-0.6125,1000.9375,right_turn
680942,-0.0390,-0.0227,0.8281,0.4200,-3.0712,-0.1663,1000.9453,right_turn
681002,0.0473,0.1185,1.0788,-1.2600,-0.9625,0.0787,1000.9045,right_turn
681062,-0.0173,-0.0561,1.0828,0.0350,1.6975,-0.1488,1000.9614,right_turn
681122,0.0446,0.1168,0.9733,2.2400,0.9100,-0.2713,1000.9460,right_turn
681182,0.0207,0.1008,0.9914,0.6737,1.5050,-0.0175,1000.9138,right_turn
681242,0.0071,0.0159,1.1032,0.6913,1.8813,-0.1838,1000.9146,right_turn
681302,0.0039,0.0178,0.9152,0.1925,0.0262,-0.1838,1000.9329,right_turn
681362,0.0598,0.0559,1.0192,-1.3038,-0.4375,0.2188,1000.9192,right_turn
681422,0.0365,0.0334,1.0249,-0.0350,-0.2450,0.1750,1000.9119,right_turn
681482,0.0154,0.0123,1.0146,-0.5512,0.4200,0.4462,1000.8999,right_turn
681542,0.0332,-0.0217,0.9712,-1.2250,1.8813,0.5512,1000.8982,right_turn
681602,-0.0022,0.0293,0.9041,-1.3212,0.3587,0.5512,1000.9150,right_turn
681662,0.0754,0.0558,1.1369,0.8925,1.6275,0.4550,1000.9221,right_turn
681722,-0.0293,0.0085,0.9077,1.3388,0.2887,0.0962,1000.8867,right_turn
681782,0.0251,-0.0476,0.9789,-0.1663,0.1750,0.4900,1000.8977,right_turn
681842,0.0046,0.0237,0.9704,0.4900,0.5600,0.4375,1000.9136,right_turn
681902,0.0218,0.0088,1.0990,1.0938,-0.5337,0.3850,1000.9141,right_turn
681962,0.0448,0.0680,1.1037,0.7000,0.3150,0.0088,1000.9312,right_turn
682022,-0.0503,0.0405,0.8173,-1.8288,-2.5988,-0.0787,1000.9331,right_turn
682082,-0.0154,-0.0867,0.9097,-0.1575,-1.3212,0.3413,1000.9392,right_turn
682142,0.0754,0.1235,1.0787,0.7000,-0.3063,-0.2625,1000.9185,right_turn
682202,0.0270,-0.0138,0.9880,-0.0700,1.2950,0.2275,1000.9336,right_turn
682262,-0.0226,-0.0263,0.9376,0.9625,0.2188,0.0962,1000.9128,right_turn
682322,0.0190,0.0883,1.0521,0.2450,0.8138,-0.2713,1000.9258,right_turn
682382,-0.0119,0.0026,1.0458,0.8575,0.6212,0.6037,1000.8992,right_turn
682442,-0.0481,-0.0400,0.9501,0.2100,0.5075,0.4725,1000.9087,right_turn
682502,-0.0334,-0.0046,0.9357,0.1750,-0.3850,-0.0437,1000.8884,right_turn
682562,-0.0571,0.0565,0.8940,1.1025,0.1312,-0.3850,1000.8911,right_turn
682622,-0.0200,-0.0391,0.9547,-0.1925,1.0762,0.1838,1000.8892,right_turn
682682,-0.0737,0.0158,0.9166,-0.3150,0.1050,0.1138,1000.8940,right_turn
682742,-0.0034,0.0307,1.0307,0.3325,-0.2800,0.0700,1000.8921,right_turn
682802,-0.0051,-0.0039,1.0038,-1.9775,-0.5425,0.4112,1000.9075,right_turn
682862,0.0105,0.0422,1.0036,0.7525,-1.1375,-0.1575,1000.8899,right_turn
682922,-0.0198,0.0003,0.9126,-0.7350,-1.0412,-0.1138,1000.8811,right_turn
682982,-0.0207,-0.0209,0.9648,1.9863,0.4462,-0.2100,1000.9036,right_turn
683042,0.0151,0.0701,0.9134,-0.8313,-2.0038,0.5163,1000.8901,right_turn
683102,0.0312,0.0295,1.0490,-0.5600,-0.9712,0.7700,1000.8958,right_turn
683162,0.0274,0.0285,1.0110,1.8725,-0.1312,-0.0787,1000.8848,right_turn
683222,0.0096,0.0757,0.9912,-1.8112,-0.9100,-0.0962,1000.8975,right_turn
683282,0.0230,0.0313,0.9401,-0.6212,-0.5337,-0.1050,1000.8955,right_turn
683342,0.0420,0.0198,1.0019,-0.8487,2.2225,-0.1488,1000.8955,right_turn
683402,0.0556,-0.0186,0.9277,0.0613,-0.7962,-0.0875,1000.9004,right_turn
683462,0.0981,0.0129,0.9779,-1.0675,0.5250,0.0962,1000.9131,right_turn
683522,0.0770,0.0064,0.9967,-1.9162,-1.5575,-0.2800,1000.9194,right_turn
683582,0.0115,0.0562,1.0163,1.8987,0.8050,0.0700,1000.9199,right_turn
683642,0.0117,0.0337,1.0267,-0.8225,0.2013,0.1050,1000.9148,right_turn
683702,-0.0101,-0.0720,0.9187,-0.2100,0.4812,-0.1400,1000.9253,right_turn
683762,-0.0022,-0.0008,0.9270,0.4025,1.5488,-0.0875,1000.9067,right_turn
683822,0.0014,0.0215,0.9877,0.3150,0.8575,0.2450,1000.9158,right_turn
683882,-0.0551,0.0003,0.9038,-1.2075,0.8487,0.0437,1000.9131,right_turn
