timestamp,a_x,a_y,a_z,dps_x,dps_y,dps_z,pressure,target
784862,0.0024,0.0215,0.9929,0.2800,0.1312,0.2188,1001.0310,right_u_turn
784922,0.0046,0.0217,0.9923,0.1838,0.1575,0.1225,1001.0298,right_u_turn
784982,0.0027,0.0229,0.9977,0.2275,0.2362,0.1838,1001.0300,right_u_turn
785042,0.0014,0.0234,0.9986,0.2013,0.2275,0.2188,1001.0266,right_u_turn
785102,0.0002,0.0212,0.9920,0.1400,0.0613,0.2362,1001.0273,right_u_turn
785162,0.0001,0.0221,0.9889,0.3413,0.0962,0.1925,1001.0356,right_u_turn
785222,0.0005,0.0247,0.9933,0.3063,0.0175,0.2537,1001.0293,right_u_turn
785282,0.0029,0.0268,0.9987,0.1750,0.0262,0.2100,1001.0354,right_u_turn
785342,0.0020,0.0240,0.9952,0.1050,0.0262,0.2188,1001.0273,right_u_turn
785402,0.0038,0.0249,0.9941,0.1050,-0.0262,0.2887,1001.0417,right_u_turn
785462,0.0031,0.0239,0.9940,0.0700,0.2100,0.2450,1001.0442,right_u_turn
785522,0.0056,0.0268,0.9944,0.3587,0.0700,0.1750,1001.0239,right_u_turn
785582,-0.0047,0.0296,0.9970,0.7613,0.6650,0.2188,1001.0356,right_u_turn
785642,0.0051,0.0300,0.9999,0.1925,0.0437,0.2275,1001.0354,right_u_turn
785702,0.0038,0.0317,0.9933,0.3500,0.3850,0.1925,1001.0295,right_u_turn
785762,0.0053,0.0214,1.0019,0.1838,0.0613,0.2188,1001.0320,right_u_turn
785822,0.0015,0.0288,0.9972,0.3938,0.2975,0.2013,1001.0322,right_u_turn
785882,0.0007,0.0182,0.9930,0.1312,0.1225,0.2100,1001.0337,right_u_turn
785942,0.0020,0.0249,0.9897,0.1488,0.1138,0.2450,1001.0220,right_u_turn
786002,-0.0003,0.0203,0.9872,0.2800,0.0962,0.1838,1001.0281,right_u_turn
786062,0.0076,0.0286,0.9762,0.0787,-0.5163,0.2450,1001.0215,right_u_turn
786122,0.0080,0.0314,0.9820,-0.0700,-0.4900,0.2713,1001.0300,right_u_turn
786182,0.0132,0.0254,0.9928,0.2362,0.2100,0.3063,1001.0342,right_u_turn
786242,0.0015,0.0227,0.9970,-0.0525,0.1575,0.1925,1001.0237,right_u_turn
786302,-0.0005,0.0223,0.9923,0.3762,0.0175,0.2013,1001.0383,right_u_turn
786362,0.0012,0.0119,0.9808,-0.2887,-0.3850,0.2625,1001.0347,right_u_turn
786422,0.0034,0.0371,0.9680,0.3413,-0.0525,0.1663,1001.0232,right_u_turn
786482,0.0031,0.0212,0.9928,0.0525,0.1750,0.1488,1001.0393,right_u_turn
786542,0.0032,0.0210,0.9982,0.1312,0.2100,0.2100,1001.0281,right_u_turn
786602,-0.0015,0.0247,0.9892,0.1312,0.1225,0.2800,1001.0334,right_u_turn
786662,0.0058,0.0256,1.0021,0.3063,0.1575,0.2362,1001.0334,right_u_turn
786722,-0.0054,0.0234,0.9953,0.2625,0.3500,0.2713,1001.0278,right_u_turn
786782,-0.0012,0.0140,0.9777,0.3500,0.2625,0.1925,1001.0266,right_u_turn
786842,-0.0166,0.0191,0.9906,0.1400,0.3237,0.2450,1001.0317,right_u_turn
786902,-0.0393,0.0295,0.9945,0.3762,0.6125,0.2450,1001.0310,right_u_turn
786962,-0.0588,0.0227,0.9944,0.0613,0.4812,0.2450,1001.0374,right_u_turn
787022,-0.0732,0.0184,0.9948,0.3587,0.6737,0.2625,1001.0312,right_u_turn
787082,-0.0925,0.0286,0.9941,0.2275,0.6475,0.1663,1001.0366,right_u_turn
787142,-0.1054,0.0235,0.9979,0.1575,0.5688,0.2100,1001.0349,right_u_turn
787202,-0.1201,0.0276,0.9941,0.2800,0.7175,0.2450,1001.0327,right_u_turn
787262,-0.1245,0.0237,0.9922,0.2625,0.6125,0.2537,1001.0288,right_u_turn
787322,-0.1247,0.0256,0.9944,0.2362,0.4375,0.2275,1001.0269,right_u_turn
787382,-0.1286,0.0242,0.9898,0.1750,0.2362,0.2013,1001.0376,right_u_turn
787442,-0.1326,0.0286,0.9903,0.3325,0.1488,0.1750,1001.0249,right_u_turn
787502,-0.1357,0.0244,0.9838,0.0175,0.0700,0.2713,1001.0337,right_u_turn
787562,-0.1441,0.0239,0.9909,0.2013,0.2362,0.2800,1001.0215,right_u_turn
787622,-0.1491,0.0281,0.9933,-0.0088,0.3325,0.2013,1001.0164,right_u_turn
787682,-0.1487,0.0259,0.9953,0.2188,0.4550,0.1663,1001.0183,right_u_turn
787742,-0.1463,0.0201,1.0028,0.1663,0.0875,0.1663,1001.0374,right_u_turn
787802,-0.1440,0.0354,1.0072,0.0000,0.3850,0.2450,1001.0295,right_u_turn
787862,-0.1586,0.0242,0.9875,-0.2013,0.0088,0.2800,1001.0330,right_u_turn
787922,-0.1491,0.0258,0.9879,0.0787,0.1138,0.1838,1001.0303,right_u_turn
787982,-0.1400,0.0353,0.9999,0.1488,0.2188,0.2713,1001.0208,right_u_turn
788042,-0.1257,0.0342,1.0133,-0.3500,-0.1225,0.3150,1001.0176,right_u_turn
788102,-0.1681,0.0335,0.9821,0.6125,0.3237,0.1050,1001.0254,right_u_turn
788162,-0.1382,0.0149,0.9826,0.3762,-0.0175,0.0437,1001.0364,right_u_turn
788222,-0.1283,0.0124,0.9941,0.4288,0.1663,0.3762,1001.0337,right_u_turn
788282,-0.1434,0.0264,0.9884,0.1050,-0.1488,0.5075,1001.0317,right_u_turn
788342,-0.1578,0.0107,0.9550,0.3325,-0.2713,0.1925,1001.0261,right_u_turn
788402,-0.1047,0.0495,1.0404,1.0063,-0.0962,0.3063,1001.0244,right_u_turn
788462,-0.1349,0.0471,1.0011,0.4375,0.7962,0.2713,1001.0312,right_u_turn
788522,-0.1337,0.0049,1.0070,-0.4462,0.0088,0.3500,1001.0273,right_u_turn
788582,-0.1298,0.0190,1.0040,-0.7000,-0.4025,0.4638,1001.0251,right_u_turn
788642,-0.1386,0.0278,0.9741,0.6913,-0.4375,0.1312,1001.0146,right_u_turn
788702,-0.1249,0.0368,1.0058,0.4725,0.4112,0.2537,1001.0198,right_u_turn
788762,-0.0996,0.0248,1.0309,0.0350,-0.4988,0.3762,1001.0278,right_u_turn
788822,-0.1327,0.0199,0.9717,0.8662,0.3675,0.1838,1001.0217,right_u_turn
788882,-0.1197,0.0344,1.0297,0.4288,0.7088,0.4288,1001.0056,right_u_turn
788942,-0.1239,0.0293,0.9648,0.3587,0.6212,0.2275,1001.0098,right_u_turn
789002,-0.1136,0.0013,0.9981,-0.7437,-0.0613,0.5425,1001.0115,right_u_turn
789062,-0.1532,0.0531,0.9782,0.5425,-1.0150,0.0613,1001.0115,right_u_turn
789122,-0.1029,0.0071,1.0282,0.3413,0.7962,0.0787,1001.0161,right_u_turn
789182,-0.0736,0.0549,1.0613,0.2100,0.4988,0.2362,1001.0054,right_u_turn
789242,-0.1064,0.0005,1.0156,-0.3325,0.3850,0.3938,1001.0103,right_u_turn
789302,-0.0986,0.0153,0.9877,-0.4200,-0.3675,0.4988,1001.0037,right_u_turn
789362,-0.1144,0.0254,0.9609,0.0962,0.5075,0.5425,1001.0044,right_u_turn
789422,-0.1338,0.0414,0.9672,0.6562,0.4638,0.3675,1001.0066,right_u_turn
789482,-0.0832,0.0323,1.0682,0.6562,0.6650,0.5950,1000.9937,right_u_turn
789542,-0.1596,0.0039,0.9240,-0.1050,1.0675,0.3237,1001.0039,right_u_turn
789602,-0.1174,-0.0168,0.9480,-0.5950,0.1312,0.6125,1000.9980,right_u_turn
789662,-0.1322,0.0065,0.9484,0.3762,-0.3237,0.9450,1000.9983,right_u_turn
789722,-0.0732,0.0435,1.0444,0.2013,-0.0262,1.1988,1001.0037,right_u_turn
789782,-0.1463,-0.0163,0.9016,-0.0350,0.5600,1.0675,1000.9890,right_u_turn
789842,-0.0871,0.0232,0.9760,0.9275,0.3325,0.9187,1000.9937,right_u_turn
789902,-0.1193,0.0486,0.9618,1.2513,-0.3150,0.4462,1000.9956,right_u_turn
789962,-0.0937,0.0752,0.9813,0.4638,0.1750,0.3675,1000.9949,right_u_turn
790022,-0.0608,0.0378,0.9708,0.1138,-0.6125,0.3500,1000.9939,right_u_turn
790082,-0.0500,0.0930,1.0567,0.1312,0.0000,0.4725,1000.9897,right_u_turn
790142,-0.0359,-0.0034,0.9909,-0.8400,0.5337,0.5950,1000.9976,right_u_turn
790202,-0.1310,-0.0078,0.9431,-1.2775,-1.4088,0.6825,1000.9814,right_u_turn
790262,-0.0960,0.0022,1.0114,0.7613,0.2362,0.0613,1000.9814,right_u_turn
790322,-0.1027,0.0263,0.9770,-0.2188,1.1375,0.3150,1000.9792,right_u_turn
790382,-0.0717,0.0347,0.9414,-0.5600,0.6212,0.2362,1000.9822,right_u_turn
790442,-0.0620,0.0661,1.0311,1.1200,-0.0962,0.1312,1000.9714,right_u_turn
790502,-0.0992,0.0258,0.9904,-0.6212,-0.8225,0.1663,1000.9773,right_u_turn
790562,-0.0722,0.0092,1.0508,1.6275,0.9013,0.2450,1000.9753,right_u_turn
790622,-0.0866,0.0637,0.9870,-0.4900,-0.6737,0.1750,1000.9685,right_u_turn
790682,-0.0588,0.0256,1.0873,0.7962,-0.5600,0.3850,1000.9783,right_u_turn
790742,-0.0415,0.0022,1.0494,0.6825,1.0063,0.4288,1000.9785,right_u_turn
790802,-0.0202,0.0383,1.0426,-0.6037,-0.4812,0.2275,1000.9768,right_u_turn
790862,-0.0593,-0.0049,1.0045,-0.1050,-0.9100,0.1750,1000.9734,right_u_turn
790922,-0.0752,0.0390,1.0266,0.6300,-0.4288,0.4812,1000.9785,right_u_turn
790982,-0.0739,0.0251,0.9441,-0.4462,0.0437,0.4200,1000.9746,right_u_turn
791042,-0.0695,-0.0060,0.9667,0.2100,-0.8925,0.4725,1000.9709,right_u_turn
791102,-0.0368,0.0146,0.9604,0.4462,0.2100,-0.0175,1000.9622,right_u_turn
791162,-0.0139,0.0140,1.0902,0.7175,1.9863,0.1312,1000.9697,right_u_turn
791222,-0.0549,-0.0290,0.9994,-0.1488,-0.3500,0.2188,1000.9741,right_u_turn
791282,-0.0539,0.0720,0.9898,-0.0875,0.2625,-0.1050,1000.9736,right_u_turn
791342,-0.0620,-0.0140,0.9608,-0.5337,-0.2537,0.4375,1000.9636,right_u_turn
791402,-0.0369,0.0845,0.9674,-0.3850,-0.9975,0.2975,1000.9634,right_u_turn
791462,-0.0876,-0.0085,0.9718,0.1750,-1.1900,0.3587,1000.9575,right_u_turn
791522,-0.1081,0.0163,0.8899,0.4900,-0.5775,0.2188,1000.9541,right_u_turn
791582,-0.0468,-0.0180,0.9367,-1.6187,-0.7875,0.1575,1000.9636,right_u_turn
791642,-0.0459,0.0557,1.0684,0.1575,1.4000,0.0613,1000.9514,right_u_turn
791702,-0.0803,-0.0032,0.9523,1.0850,0.3938,0.0175,1000.9526,right_u_turn
791762,-0.0624,-0.0101,0.9467,0.1400,-1.3563,0.2713,1000.9583,right_u_turn
791822,-0.0212,0.0694,1.0607,0.7088,-0.7525,0.5688,1000.9495,right_u_turn
791882,-0.0457,0.0068,0.9782,-1.6275,-0.4638,0.3500,1000.9470,right_u_turn
791942,-0.0073,0.0390,1.0800,2.3275,1.9075,0.2887,1000.9563,right_u_turn
792002,-0.0434,0.0705,0.9539,0.5775,0.7962,0.4112,1000.9492,right_u_turn
792062,-0.0456,0.0317,0.9201,-0.1400,-1.3388,0.3675,1000.9568,right_u_turn
792122,-0.0214,0.0939,1.0142,1.1025,0.9975,0.1925,1000.9436,right_u_turn
792182,-0.1152,0.0122,0.8799,-0.6737,1.0938,0.0700,1000.9573,right_u_turn
792242,-0.0747,-0.0127,1.0045,0.3762,-0.6825,0.3500,1000.9514,right_u_turn
792302,-0.1158,0.0444,0.9282,-0.8487,0.2188,0.2013,1000.9600,right_u_turn
792362,-0.0008,-0.0364,1.0592,-1.0938,-0.7525,0.3762,1000.9512,right_u_turn
792422,-0.0837,0.1081,0.9548,0.3938,0.6037,0.0175,1000.9517,right_u_turn
792482,0.0087,0.0212,1.0255,0.1925,-0.2975,0.1750,1000.9558,right_u_turn
792542,-0.0212,0.0203,1.0009,-0.3938,-0.8225,0.5600,1000.9395,right_u_turn
792602,-0.0752,0.0038,0.9170,0.8662,-0.2537,0.4200,1000.9309,right_u_turn
792662,-0.0818,-0.0115,0.9582,-0.7788,0.4200,0.1663,1000.9353,right_u_turn
792722,-0.0458,0.0167,0.9343,1.4612,0.6650,0.0525,1000.9363,right_u_turn
792782,0.0202,0.0237,1.0902,-0.3938,0.7700,0.2975,1000.9482,right_u_turn
792842,-0.0602,0.0689,1.0106,0.6212,-0.1225,0.4638,1000.9426,right_u_turn
792902,-0.0344,-0.0098,0.8954,-1.2950,0.2975,0.4288,1000.9370,right_u_turn
792962,-0.0415,0.0112,1.0314,0.4988,0.0700,0.4375,1000.9436,right_u_turn
793022,-0.0625,0.0454,0.9614,-0.2450,0.5163,0.6913,1000.9399,right_u_turn
793082,-0.0073,0.0886,1.1054,1.0325,2.5638,0.9013,1000.9468,right_u_turn
793142,-0.0691,0.0329,0.9494,-0.8487,1.8200,0.4025,1000.9309,right_u_turn
793202,-0.0683,-0.1140,0.8860,-1.7500,-1.4438,0.4112,1000.9480,right_u_turn
793262,-0.0132,0.0381,0.9845,0.3413,-1.1638,-0.2013,1000.9373,right_u_turn
793322,-0.0305,-0.0259,1.0917,0.0262,-0.1225,0.2100,1000.9492,right_u_turn
793382,-0.0098,-0.0284,1.0263,2.6337,0.0175,0.3850,1000.9468,right_u_turn
793442,-0.0281,0.0813,1.0482,0.4550,2.4850,0.4375,1000.9399,right_u_turn
793502,-0.0788,0.0087,0.9489,0.2625,2.7213,0.5075,1000.9375,right_u_turn
793562,0.0244,0.0175,0.9735,-0.8925,-0.8225,0.4200,1000.9548,right_u_turn
793622,0.0906,0.0005,1.0465,-0.3500,0.1663,0.2975,1000.9539,right_u_turn
793682,0.0696,0.0093,1.0544,-0.2975,-1.0675,0.5337,1000.9460,right_u_turn
793742,0.0002,0.0529,0.9334,0.6388,-2.1350,0.2362,1000.9534,right_u_turn
793802,0.0020,-0.0542,1.0205,0.0350,-1.3825,0.5337,1000.9478,right_u_turn
793862,0.0941,0.0624,1.0257,0.1488,-0.3413,0.6825,1000.9324,right_u_turn
793922,0.0010,0.0029,0.9306,-0.6475,0.2275,0.1488,1000.9333,right_u_turn
793982,0.0781,0.0778,1.0490,1.6450,-0.7175,-0.0350,1000.9263,right_u_turn
794042,0.0564,-0.0261,0.9500,0.5337,0.8925,0.1838,1000.9429,right_u_turn
794102,0.0634,0.0061,0.8966,1.2600,-1.3038,0.0525,1000.9419,right_u_turn
794162,0.1379,0.0681,1.2232,0.3325,3.9987,0.3762,1000.9458,right_u_turn
794222,-0.0093,0.0551,0.9948,0.8138,3.5087,0.4725,1000.9431,right_u_turn
794282,-0.0281,0.0073,0.8971,0.3675,-0.0437,-0.0437,1000.9426,right_u_turn
794342,-0.0108,-0.0506,1.0677,-0.0350,0.8050,0.4462,1000.9575,right_u_turn
794402,0.0762,0.0659,1.0724,0.2275,0.9712,0.2800,1000.9595,right_u_turn
794462,0.0800,-0.0084,1.0216,-1.4525,-0.9538,1.0237,1000.9541,right_u_turn
794522,0.0289,0.0276,0.9069,0.5863,0.5600,0.5075,1000.9526,right_u_turn
794582,0.0769,0.0490,0.9830,0.0000,-2.4062,0.0175,1000.9534,right_u_turn
794642,0.0818,0.0927,1.0277,0.9362,2.4150,0.0700,1000.9502,right_u_turn
794702,0.0659,-0.0414,0.9809,-0.5688,-0.3500,0.0613,1000.9536,right_u_turn
794762,0.0844,0.0339,1.0496,0.6737,-0.4025,0.5250,1000.9453,right_u_turn
794822,0.0990,0.0504,1.0778,0.3938,1.6888,0.6737,1000.9624,right_u_turn
794882,0.0925,-0.0620,0.9755,1.1375,-0.6475,0.6913,1000.9468,right_u_turn
794942,0.0639,0.1007,1.0787,1.3737,2.5463,0.3500,1000.9602,right_u_turn
795002,0.0174,0.0382,0.9005,0.2013,-0.4375,0.7788,1000.9504,right_u_turn
795062,0.0176,0.0108,1.0075,0.0000,0.1138,1.1113,1000.9604,right_u_turn
795122,0.0844,0.0913,1.0304,0.8750,0.7613,0.7088,1000.9641,right_u_turn
795182,0.0439,0.0025,0.9796,-0.0525,0.6475,0.5775,1000.9690,right_u_turn
795242,0.0329,-0.0240,0.9714,0.4025,0.9100,0.4988,1000.9753,right_u_turn
795302,0.1056,0.0980,1.0360,-0.1312,-2.2225,0.5250,1000.9697,right_u_turn
795362,0.0505,-0.0380,0.9743,-1.5137,-0.7437,0.7350,1000.9612,right_u_turn
795422,0.0813,0.0129,1.0463,1.6888,1.5575,0.3675,1000.9734,right_u_turn
795482,0.0605,0.0483,0.9412,0.2362,-0.7962,0.1225,1000.9775,right_u_turn
795542,0.0672,-0.0456,1.0580,-0.5512,0.7613,0.5250,1000.9680,right_u_turn
795602,-0.0132,0.0371,0.9113,0.8750,0.8925,0.2013,1000.9685,right_u_turn
795662,0.0594,-0.0083,0.9899,0.5163,0.5250,0.4988,1000.9663,right_u_turn
795722,0.0198,0.0569,1.0153,0.2800,0.0787,0.5512,1000.9607,right_u_turn
795782,0.0689,0.1139,1.0585,1.5750,-0.3938,0.2713,1000.9604,right_u_turn
795842,0.0691,0.0158,0.9640,-0.7437,0.4638,0.2100,1000.9678,right_u_turn
795902,0.0840,-0.0188,1.0734,-0.8838,3.0363,0.6913,1000.9619,right_u_turn
795962,0.0752,0.1050,1.0444,-0.0613,2.1700,0.0700,1000.9551,right_u_turn
796022,0.0405,0.0795,0.9533,-0.8487,-1.0762,0.7350,1000.9736,right_u_turn
796082,0.0500,-0.0012,1.0568,0.3850,-0.4200,0.2450,1000.9758,right_u_turn
796142,0.0386,0.0490,0.9967,0.2188,0.3325,0.4550,1000.9775,right_u_turn
796202,0.0627,0.0703,1.0343,-1.8463,-2.7825,1.3650,1000.9795,right_u_turn
796262,0.0495,0.0322,0.9313,-1.4700,-1.3388,0.7613,1000.9670,right_u_turn
796322,0.0956,0.0354,1.0502,1.5488,-2.5550,0.2275,1000.9727,right_u_turn
796382,0.0403,0.0629,1.0804,-0.0875,0.1663,0.4200,1000.9692,right_u_turn
796442,0.0231,-0.0034,0.9994,0.4988,-1.0150,0.3675,1000.9768,right_u_turn
796502,0.0722,0.0007,0.9431,0.8050,-0.7788,0.4462,1000.9717,right_u_turn
796562,0.0742,0.0525,1.0831,-0.3500,-0.1925,0.2887,1000.9778,right_u_turn
796622,0.0236,0.0708,0.9448,2.5550,-0.2975,0.0437,1000.9690,right_u_turn
796682,0.0856,0.0068,1.0293,-1.9775,-1.2075,0.4112,1000.9702,right_u_turn
796742,0.0525,-0.0473,1.0024,0.6825,-0.7262,0.5512,1000.9717,right_u_turn
796802,0.1173,0.1362,1.1016,1.4787,0.2887,0.5163,1000.9692,right_u_turn
796862,0.0126,0.0117,0.8953,-0.6388,1.5137,0.1225,1000.9756,right_u_turn
796922,0.0412,-0.0342,0.9770,0.8575,0.6388,0.2362,1000.9795,right_u_turn
796982,0.0395,0.1044,1.0352,0.8662,0.3850,0.2975,1000.9792,right_u_turn
797042,0.0149,-0.0637,0.9842,0.6125,0.7788,-0.2625,1000.9768,right_u_turn
797102,0.0764,-0.0440,0.9740,1.2513,-0.9362,0.5337,1000.9785,right_u_turn
797162,0.0671,0.0475,0.9977,1.4262,0.2188,0.6737,1000.9805,right_u_turn
797222,0.0939,0.0024,0.9365,-0.4288,1.0237,0.3237,1000.9753,right_u_turn
797282,0.0009,0.0849,0.9395,-0.7262,1.1375,0.2625,1000.9746,right_u_turn
797342,0.0525,0.0854,0.9650,-0.5775,0.1138,0.4462,1000.9814,right_u_turn
797402,0.0361,0.0404,0.9881,2.0038,-0.8138,0.5337,1000.9800,right_u_turn
797462,0.0791,-0.0084,0.9518,0.6475,-1.3563,0.1925,1000.9878,right_u_turn
797522,0.0693,0.0090,0.9364,0.9013,0.3413,0.1400,1000.9893,right_u_turn
797582,0.0444,0.0386,0.9981,0.5775,0.5600,0.3850,1000.9883,right_u_turn
797642,-0.0409,0.0303,0.9379,0.7437,0.6300,0.1312,1000.9771,right_u_turn
797702,0.0181,-0.0356,0.9434,0.6300,1.6450,-0.4200,1000.9739,right_u_turn
797762,0.0798,0.0752,0.9700,-0.5863,-0.6913,0.2713,1000.9758,right_u_turn
797822,0.0549,0.0192,0.9992,-0.3237,-1.6187,0.4025,1000.9807,right_u_turn
797882,0.0541,0.0869,0.9531,1.3038,-0.2100,0.2537,1000.9778,right_u_turn
797942,0.0624,0.0392,0.9514,-0.8225,0.0875,0.3675,1000.9783,right_u_turn
798002,0.0312,-0.0287,1.0299,0.3850,0.8400,0.4725,1000.9858,right_u_turn
798062,0.0548,0.0417,1.0319,1.0325,1.8463,0.2188,1000.9744,right_u_turn
798122,0.0749,0.0636,1.0522,-0.3325,0.6737,0.2975,1000.9819,right_u_turn
798182,0.0439,0.0085,0.9972,1.2862,0.5600,0.0700,1000.9741,right_u_turn
798242,0.0584,0.0737,1.0360,1.4700,0.9450,0.0787,1000.9797,right_u_turn
798302,0.0045,-0.0053,0.9335,0.9538,1.4438,0.1138,1000.9868,right_u_turn
798362,0.0217,0.0594,0.9319,-1.2250,-0.6737,-0.0962,1000.9883,right_u_turn
798422,0.0417,0.0207,0.9060,0.0787,-1.2862,-0.2975,1000.9829,right_u_turn
798482,0.1023,0.0658,1.0043,-0.2537,-1.5312,-0.7000,1000.9829,right_u_turn
798542,0.0730,0.0528,1.0324,0.3413,0.2537,-1.0412,1000.9800,right_u_turn
798602,0.0695,0.0561,1.0090,0.0700,0.4988,-1.5575,1000.9778,right_u_turn
798662,0.0769,0.0856,1.0418,1.6537,0.2800,-2.4588,1000.9802,right_u_turn
798722,0.0739,0.0559,1.0880,1.4350,0.4375,-3.0800,1000.9812,right_u_turn
798782,0.0486,0.1055,0.9726,1.2250,-0.7262,-3.5963,1000.9844,right_u_turn
798842,0.0603,0.1075,0.9977,0.2625,-1.1113,-4.8038,1000.9773,right_u_turn
798902,0.0610,0.0988,0.9894,2.3363,1.3650,-5.0050,1000.9788,right_u_turn
798962,0.0230,0.0863,0.9071,-0.0088,-0.0175,-6.5012,1000.9856,right_u_turn
799022,0.0761,0.1293,1.0573,0.6388,0.6913,-7.0175,1000.9829,right_u_turn
799082,0.0659,0.1222,1.0004,-0.0262,-0.1488,-7.9713,1000.9814,right_u_turn
799142,0.0617,0.1329,1.0089,0.6562,0.1838,-9.2575,1000.9822,right_u_turn
799202,0.0932,0.1483,1.0208,0.2537,0.2275,-9.7388,1000.9785,right_u_turn
799262,0.0698,0.1330,1.0089,0.2713,-0.4725,-10.8850,1000.9878,right_u_turn
799322,0.0542,0.1413,0.9572,1.7587,0.5163,-11.7775,1000.9800,right_u_turn
799382,0.0761,0.1564,1.0214,0.6913,-0.5075,-12.8800,1000.9812,right_u_turn
799442,0.0886,0.1566,1.0221,1.0063,1.2775,-13.6237,1000.9712,right_u_turn
799502,0.0495,0.1688,0.9598,1.2337,1.7237,-14.4812,1000.9827,right_u_turn
799562,0.0298,0.1267,0.9321,-0.4725,0.9538,-15.2513,1000.9846,right_u_turn
799622,0.0534,0.1593,0.9335,-0.4200,-0.6037,-16.3363,1000.9893,right_u_turn
799682,0.0830,0.1703,1.0390,0.0875,1.2162,-16.2313,1000.9883,right_u_turn
799742,0.0422,0.1264,1.0058,1.0938,0.6913,-17.0975,1000.9744,right_u_turn
799802,-0.0607,0.1814,0.9196,0.5600,1.3913,-18.0775,1000.9795,right_u_turn
799862,0.0854,0.2009,1.0233,1.1287,0.8662,-18.9175,1000.9866,right_u_turn
799922,0.0732,0.1716,1.0253,2.0738,-0.7788,-19.5737,1000.9946,right_u_turn
799982,0.0595,0.2453,1.0382,2.2400,-0.1663,-20.4050,1000.9897,right_u_turn
800042,0.0759,0.2277,0.9862,0.0787,0.1663,-21.5600,1000.9832,right_u_turn
800102,0.0140,0.2569,1.0163,1.2250,0.6125,-22.7412,1000.9800,right_u_turn
800162,0.1049,0.2585,0.9838,-1.5225,0.0350,-23.9925,1000.9849,right_u_turn
800222,0.0554,0.1996,1.0235,-1.7500,1.5575,-24.8062,1000.9885,right_u_turn
800282,0.0793,0.2347,0.9645,-1.3300,-0.7175,-24.2987,1000.9873,right_u_turn
800342,-0.0288,0.1959,0.9006,-0.9975,-0.1312,-25.2437,1000.9851,right_u_turn
800402,0.0001,0.1472,0.9603,-2.0563,-0.2800,-25.4363,1000.9773,right_u_turn
800462,0.0449,0.2654,1.0308,-0.9013,-0.6125,-26.1625,1000.9858,right_u_turn
800522,0.0889,0.2287,1.1424,2.2050,-0.2800,-27.1162,1000.9944,right_u_turn
800582,0.0674,0.2111,1.0569,1.5925,0.1663,-27.1775,1000.9844,right_u_turn
800642,0.0827,0.2486,1.0548,0.1750,-1.4175,-27.6238,1000.9788,right_u_turn
800702,0.0569,0.1849,1.0043,1.3038,0.1138,-28.2362,1000.9871,right_u_turn
800762,0.0130,0.2709,0.8738,1.5925,-2.0738,-29.3650,1000.9880,right_u_turn
800822,0.0691,0.2411,1.1025,-1.3300,0.9625,-29.6625,1000.9875,right_u_turn
800882,0.1307,0.1877,0.9960,0.9450,-0.9100,-29.5487,1000.9824,right_u_turn
800942,0.0408,0.2681,0.9743,0.2887,1.1638,-30.3450,1000.9783,right_u_turn
801002,0.1335,0.1886,1.0841,-0.6737,-0.4200,-29.8900,1000.9924,right_u_turn
801062,0.0081,0.2454,0.9984,1.2600,0.2013,-30.3538,1000.9922,right_u_turn
801122,0.0307,0.2362,0.9521,4.0075,-0.3500,-31.0100,1000.9905,right_u_turn
801182,0.0773,0.2957,0.9964,0.6737,2.8438,-30.1612,1000.9963,right_u_turn
801242,0.0359,0.2416,0.9294,-1.6450,0.1050,-30.5725,1000.9812,right_u_turn
801302,0.0242,0.1930,0.9980,-1.4787,0.8138,-30.7825,1000.9878,right_u_turn
801362,0.0041,0.3015,0.8936,-2.5812,-0.4638,-31.4912,1000.9956,right_u_turn
801422,0.1303,0.1901,1.0648,-1.8637,-1.9863,-31.1763,1000.9812,right_u_turn
801482,0.0576,0.1820,1.0563,-0.4550,1.4088,-31.5263,1000.9915,right_u_turn
801542,0.0015,0.1315,1.0314,0.1400,0.7088,-31.8762,1000.9900,right_u_turn
801602,0.0329,0.1518,0.9548,0.3237,-1.6100,-31.5088,1001.0010,right_u_turn
801662,0.0557,0.1332,1.0411,2.4062,-2.1350,-30.9837,1000.9800,right_u_turn
801722,0.0916,0.2218,1.0602,2.0738,-2.1700,-30.9400,1000.9973,right_u_turn
801782,0.1033,0.1676,1.0415,1.2687,-1.7150,-30.8438,1000.9983,right_u_turn
801842,0.0747,0.3291,1.0861,2.4938,-0.4462,-30.8875,1000.9983,right_u_turn
801902,0.0376,0.2332,0.9806,-0.4288,-2.3888,-30.8875,1000.9902,right_u_turn
801962,0.1108,0.2142,1.0726,0.2362,0.2188,-29.7500,1000.9790,right_u_turn
802022,0.0112,0.2418,0.9396,-1.6800,-2.1437,-30.5725,1000.9851,right_u_turn
802082,0.0156,0.2413,0.8947,-2.3712,-1.8813,-30.7825,1000.9897,right_u_turn
802142,0.0556,0.1586,0.9319,-1.5050,-0.6650,-30.1437,1000.9763,right_u_turn
802202,0.0373,0.1557,0.9435,-1.1375,1.0063,-30.3800,1000.9812,right_u_turn
802262,0.0631,0.2137,0.9941,-0.5863,0.6913,-30.5112,1000.9871,right_u_turn
802322,0.0405,0.2089,0.9204,-0.2975,0.3500,-30.4850,1000.9885,right_u_turn
802382,0.0229,0.2233,1.0125,1.6625,2.6250,-30.8350,1000.9788,right_u_turn
802442,-0.0044,0.2301,0.8977,1.4700,0.1312,-30.7738,1000.9897,right_u_turn
802502,0.0456,0.1511,1.0404,-0.1225,-0.4375,-30.5812,1000.9817,right_u_turn
802562,0.0303,0.1948,0.9818,-0.0525,-1.5925,-30.6338,1000.9900,right_u_turn
802622,0.0368,0.1879,0.9730,-0.5775,-1.7938,-30.7913,1000.9978,right_u_turn
802682,0.1103,0.1988,1.0585,0.9013,-1.7675,-30.7563,1000.9744,right_u_turn
802742,0.0734,0.2213,0.9692,0.4025,-1.4088,-31.5000,1000.9761,right_u_turn
802802,0.0171,0.2714,0.9859,-0.0962,1.0150,-30.8962,1000.9785,right_u_turn
802862,0.0602,0.1563,0.9848,-1.9512,-0.9275,-30.8000,1000.9790,right_u_turn
802922,0.0609,0.1879,1.0180,-0.4988,-2.5988,-31.1063,1000.9912,right_u_turn
802982,0.0515,0.2471,1.0016,-0.6300,0.7350,-31.0625,1000.9861,right_u_turn
803042,0.0520,0.2513,0.9755,-0.9275,0.6212,-31.6225,1000.9856,right_u_turn
803102,0.0617,0.2279,1.0334,0.9975,1.4612,-31.7887,1000.9722,right_u_turn
803162,0.0332,0.1788,0.9919,-0.7088,-0.0437,-32.0163,1000.9832,right_u_turn
803222,0.0049,0.1940,0.9543,1.1287,0.8313,-32.0687,1000.9753,right_u_turn
803282,0.0846,0.2020,1.0414,0.5863,-1.8375,-31.8762,1000.9919,right_u_turn
803342,0.0457,0.2701,0.9865,-0.4375,-0.4288,-31.8850,1000.9868,right_u_turn
803402,0.0764,0.2655,1.1407,-1.0938,0.4900,-31.8937,1000.9854,right_u_turn
803462,0.0003,0.2193,0.9642,-0.2975,-0.5337,-32.7163,1000.9846,right_u_turn
803522,0.0742,0.2769,1.1082,-1.4438,0.2275,-32.7600,1000.9768,right_u_turn
803582,0.0339,0.1604,1.0631,-0.2713,-1.2075,-32.4888,1000.9785,right_u_turn
803642,0.0037,0.1435,1.0273,-0.8225,0.6475,-33.3725,1000.9741,right_u_turn
803702,0.0251,0.2137,0.9462,1.1113,0.4988,-32.7163,1000.9651,right_u_turn
803762,-0.0527,0.1774,0.9531,0.9450,-1.6100,-33.0662,1000.9673,right_u_turn
803822,0.0246,0.1823,1.0261,1.1900,-0.2537,-32.1037,1000.9626,right_u_turn
803882,-0.0073,0.2211,1.0246,2.5988,1.0237,-33.3988,1000.9619,right_u_turn
803942,-0.0317,0.2335,0.9264,0.4375,0.5512,-33.6263,1000.9663,right_u_turn
804002,0.0712,0.3351,0.9799,1.7763,-1.0500,-34.1075,1000.9722,right_u_turn
804062,-0.0321,0.3181,0.9633,-0.1663,-2.2662,-34.2125,1000.9700,right_u_turn
804122,0.0096,0.2645,1.0375,0.4462,-0.6825,-34.2038,1000.9639,right_u_turn
804182,0.0612,0.2899,0.9881,-2.2838,-2.9400,-34.3175,1000.9648,right_u_turn
804242,0.0102,0.2538,0.9577,-0.6825,-0.1750,-33.9238,1000.9563,right_u_turn
804302,0.0540,0.2825,0.9496,-2.2050,-4.4538,-33.5737,1000.9580,right_u_turn
804362,-0.0691,0.1977,0.9157,-0.4112,-0.5600,-33.3812,1000.9624,right_u_turn
804422,-0.0681,0.2355,0.9296,0.2013,0.0613,-33.6175,1000.9663,right_u_turn
804482,0.0425,0.1937,1.1263,0.5688,-1.2425,-31.6663,1000.9617,right_u_turn
804542,-0.0181,0.2089,1.0983,1.1988,-0.1838,-31.3775,1000.9675,right_u_turn
804602,-0.0425,0.2072,0.9809,-0.1225,0.5950,-29.9600,1000.9705,right_u_turn
804662,-0.0622,0.2108,0.9614,0.2100,1.7413,-28.9100,1000.9609,right_u_turn
804722,-0.0479,0.1703,0.9872,-0.6475,-0.2887,-27.3612,1000.9553,right_u_turn
804782,0.0079,0.1667,1.1026,-0.6913,-0.5600,-26.0837,1000.9514,right_u_turn
804842,-0.0861,0.1672,0.8815,0.2100,-0.2713,-24.8412,1000.9626,right_u_turn
804902,-0.0650,0.1527,0.9252,0.0875,-2.4237,-23.5812,1000.9653,right_u_turn
804962,-0.0474,0.1464,0.9677,0.9538,-1.3475,-23.0212,1000.9639,right_u_turn
805022,-0.0703,0.1434,0.9869,0.7525,1.6975,-22.1637,1000.9648,right_u_turn
805082,-0.0632,0.1659,0.9853,1.3563,0.3150,-21.1663,1000.9597,right_u_turn
805142,-0.0130,0.1762,0.9926,-0.3587,-1.9775,-20.3612,1000.9626,right_u_turn
805202,-0.0898,0.1398,0.9697,-1.2075,-1.4787,-19.2675,1000.9639,right_u_turn
805262,-0.0365,0.1195,1.0343,-2.9662,-1.5312,-18.0600,1000.9668,right_u_turn
805322,-0.0512,0.1168,1.0212,-2.5988,0.3500,-16.6425,1000.9558,right_u_turn
805382,-0.0994,0.0903,0.9195,-0.7262,-1.4350,-15.5487,1000.9563,right_u_turn
805442,-0.0320,0.0487,1.0344,-1.1638,0.6388,-14.1575,1000.9482,right_u_turn
805502,-0.0856,0.0339,0.9191,-0.9362,-1.4700,-12.8538,1000.9624,right_u_turn
805562,-0.0798,0.0182,0.9550,0.8225,0.1925,-11.4450,1000.9543,right_u_turn
805622,-0.0725,0.0913,0.9602,1.0325,0.7088,-10.5787,1000.9597,right_u_turn
805682,-0.0602,0.0179,1.0312,1.3913,-0.0613,-9.0387,1000.9536,right_u_turn
805742,-0.0389,0.1412,1.0538,1.8200,0.4988,-7.8137,1000.9624,right_u_turn
805802,0.0012,0.0425,1.0795,-0.7175,0.1050,-6.9913,1000.9573,right_u_turn
805862,-0.0412,0.0417,1.0450,-0.4200,-0.5863,-5.7663,1000.9536,right_u_turn
805922,-0.0686,0.0628,1.0380,-1.2250,0.7875,-5.1975,1000.9502,right_u_turn
805982,-0.0427,0.0354,1.0911,-0.6300,2.3537,-4.3663,1000.9399,right_u_turn
806042,-0.0744,-0.0278,1.0197,0.0875,1.9863,-3.5963,1000.9487,right_u_turn
806102,-0.1032,0.0539,0.9462,0.7350,0.6037,-3.0538,1000.9507,right_u_turn
806162,-0.0573,-0.0456,0.9831,1.0850,1.7062,-2.5988,1000.9426,right_u_turn
806222,-0.0510,0.0185,0.9853,0.2275,-0.0787,-2.2137,1000.9390,right_u_turn
806282,-0.0358,0.0210,1.0231,0.0437,0.7962,-1.1988,1000.9348,right_u_turn
806342,-0.0852,0.0517,1.1156,0.8400,2.1350,-0.8050,1000.9326,right_u_turn
806402,-0.0866,-0.0130,0.9867,-0.0613,1.3563,-1.0412,1000.9365,right_u_turn
806462,-0.1020,0.0036,1.0236,0.6388,-1.7850,-0.5775,1000.9387,right_u_turn
806522,-0.0488,-0.0380,0.9872,-0.3413,-0.4638,0.1138,1000.9280,right_u_turn
806582,-0.0545,0.0100,0.9882,0.6212,0.8750,0.4725,1000.9280,right_u_turn
806642,-0.1032,0.0217,0.8923,0.3675,0.9187,0.3938,1000.9238,right_u_turn
806702,-0.0578,-0.0204,0.9728,1.8725,0.6300,0.3762,1000.9292,right_u_turn
806762,-0.0937,0.0322,0.9716,0.8313,0.5250,0.1138,1000.9116,right_u_turn
806822,-0.0654,-0.0161,0.9875,0.4112,-0.5163,0.6475,1000.9141,right_u_turn
806882,-0.0332,0.0337,1.0945,0.6562,-0.3587,0.1575,1000.9158,right_u_turn
806942,-0.0798,0.0076,0.9943,1.4175,-0.5337,-0.0875,1000.9204,right_u_turn
807002,-0.0647,0.0569,1.0250,0.5688,-0.6562,0.0350,1000.9260,right_u_turn
807062,-0.0437,0.0090,0.9365,-1.1200,-2.8788,0.2100,1000.9199,right_u_turn
807122,-0.0122,0.0218,1.0753,-0.6037,-2.9225,0.3237,1000.9136,right_u_turn
807182,-0.0420,0.0049,0.9177,0.7525,-2.1700,0.0613,1000.9102,right_u_turn
807242,0.0110,0.0278,1.0050,0.7437,0.0700,0.0700,1000.9165,right_u_turn
807302,-0.0512,0.0249,0.9396,0.0000,-0.7700,-0.3063,1000.9102,right_u_turn
807362,0.0289,0.0400,0.9912,0.7525,-1.1812,0.0875,1000.9075,right_u_turn
807422,-0.0388,-0.0429,0.9550,2.2662,-0.3063,-0.2887,1000.9146,right_u_turn
807482,-0.0571,0.0249,0.9628,0.6737,-0.0962,-0.0350,1000.9080,right_u_turn
807542,0.0335,-0.0088,1.1126,0.4988,3.2987,0.1488,1000.8960,right_u_turn
807602,0.0755,0.0002,1.1109,-1.2250,-1.2950,0.3063,1000.9060,right_u_turn
807662,-0.0508,-0.0840,0.9719,-1.0412,2.0475,0.1225,1000.9080,right_u_turn
807722,-0.0195,0.1263,0.8825,-1.8813,-1.8375,0.2800,1000.9033,right_u_turn
807782,0.0220,-0.0425,0.9845,-1.5838,0.3500,-0.1312,1000.9009,right_u_turn
807842,0.0154,0.0590,1.0324,1.4438,2.1088,0.4550,1000.9055,right_u_turn
807902,0.0292,-0.0151,1.0468,-1.3737,-0.0350,0.3938,1000.9121,right_u_turn
807962,0.0296,-0.0099,0.9891,-0.8050,0.6562,0.5425,1000.9075,right_u_turn
808022,-0.0221,-0.0007,1.0677,0.9712,0.3063,0.5512,1000.9126,right_u_turn
808082,0.0156,0.0246,1.1276,-0.9625,2.5638,0.8050,1000.9045,right_u_turn
808142,0.0442,0.0822,1.0923,-0.4462,2.9225,0.5688,1000.9167,right_u_turn
808202,-0.0366,0.1388,0.8286,-2.7738,-3.7800,0.8313,1000.9131,right_u_turn
808262,-0.0096,0.0129,1.0873,0.7350,0.5163,0.2188,1000.9131,right_u_turn
808322,-0.0434,0.0612,1.0857,0.5863,1.9863,0.3237,1000.9097,right_u_turn
808382,0.0015,-0.0151,0.9920,-0.2013,-0.9887,0.4900,1000.8848,right_u_turn
808442,0.0064,-0.0242,1.0185,-0.7088,0.4462,0.4025,1000.8984,right_u_turn
808502,-0.0146,0.0126,0.9653,0.8225,0.2713,0.4988,1000.8931,right_u_turn
808562,-0.0143,-0.0479,1.1134,-0.1488,1.0063,0.0787,1000.8938,right_u_turn
808622,-0.0781,0.0852,0.9658,1.8463,1.0325,0.3500,1000.8989,right_u_turn
808682,-0.0213,0.0295,1.0061,1.7500,1.3825,0.6212,1000.9048,right_u_turn
808742,0.0415,0.0496,1.1204,0.4812,1.8637,0.6300,1000.9109,right_u_turn
808802,-0.0281,-0.0117,1.0497,0.0787,-0.7525,0.3762,1000.9041,right_u_turn
808862,0.0074,-0.1075,1.0060,1.2600,1.4262,0.4988,1000.9082,right_u_turn
808922,-0.0276,0.0558,0.8706,-1.0588,0.0000,0.3675,1000.8970,right_u_turn
808982,0.0070,-0.0354,0.9438,-1.8025,-2.6163,0.4638,1000.9006,right_u_turn
809042,0.0400,0.0199,1.0795,0.3938,0.6388,0.1925,1000.9006,right_u_turn
809102,-0.0310,0.0322,0.9531,0.3413,0.2625,-0.2537,1000.8958,right_u_turn
809162,-0.0424,-0.0278,0.9994,-0.2975,1.4525,-0.4988,1000.9043,right_u_turn
809222,-0.0420,0.0165,1.0700,1.9162,3.0450,0.2275,1000.9041,right_u_turn
809282,0.0279,0.0253,1.0907,0.7525,-0.6212,0.5425,1000.8999,right_u_turn
809342,-0.0461,0.0207,0.9213,-1.3125,-0.2275,0.1575,1000.9021,right_u_turn
809402,0.0483,0.0428,0.9764,-0.5163,-0.4112,-0.2275,1000.9050,right_u_turn
809462,-0.0222,0.0143,1.0636,0.4462,2.0038,0.3587,1000.8994,right_u_turn
809522,-0.0315,-0.0249,1.0754,-0.0437,0.7962,-0.1050,1000.9019,right_u_turn
809582,0.0600,0.0305,1.0962,-0.2362,3.6750,0.3938,1000.9036,right_u_turn
809642,-0.0001,0.0722,1.0258,0.4288,2.3888,0.2013,1000.8987,right_u_turn
809702,-0.0153,0.0197,0.9974,-0.8925,0.7962,0.1663,1000.8936,right_u_turn
809762,0.0168,0.0854,1.0446,1.9950,-0.0262,0.1838,1000.9014,right_u_turn
809822,0.0232,-0.0046,1.1026,-0.0262,1.6100,0.1663,1000.8938,right_u_turn
809882,-0.0315,-0.0341,1.0024,1.5312,-0.0525,-0.0437,1000.8953,right_u_turn
809942,0.0647,0.0306,1.0782,-0.9975,1.7587,0.1050,1000.9014,right_u_turn
810002,0.0132,-0.0056,1.0121,-0.4550,-3.2287,0.5425,1000.8987,right_u_turn
810062,-0.0193,0.0753,0.9811,-0.5337,-2.5200,-0.0700,1000.8948,right_u_turn
810122,0.0198,0.0351,1.0763,2.1437,0.6037,-0.1400,1000.8958,right_u_turn
810182,-0.0070,0.0149,0.9636,0.1575,-0.9275,0.1225,1000.8901,right_u_turn
810242,-0.0288,-0.0852,0.9870,1.5312,-0.2013,-0.1400,1000.8921,right_u_turn
810302,0.0212,0.0327,0.9481,0.9275,-0.8838,-0.5163,1000.8889,right_u_turn
810362,0.0842,0.1069,1.1114,1.3125,-0.5250,-0.0175,1000.8835,right_u_turn
810422,-0.0242,0.0606,0.9006,-0.4288,-2.5988,0.6825,1000.8923,right_u_turn
810482,-0.0254,0.1388,0.8553,-1.1200,-2.5988,0.0437,1000.8889,right_u_turn
810542,0.0097,-0.0535,1.0089,2.3712,0.8138,-0.2450,1000.8938,right_u_turn
810602,0.0451,0.0429,0.9869,1.2250,-0.6913,-0.1225,1000.8940,right_u_turn
810662,0.0526,0.0428,0.9981,0.5863,-0.5250,0.0787,1000.8948,right_u_turn
810722,0.0268,0.0243,0.9597,1.2775,-0.6475,-0.1575,1000.9033,right_u_turn
810782,0.0102,0.0420,0.9970,2.0300,2.5900,-0.0262,1000.8979,right_u_turn
810842,0.0461,-0.0441,0.9450,-0.8750,-2.5113,0.1838,1000.9045,right_u_turn
810902,0.1018,0.0542,0.9703,0.3762,-0.4288,0.2800,1000.8979,right_u_turn
810962,0.0630,0.0395,1.0856,1.0675,1.1375,0.4375,1000.9043,right_u_turn
811022,0.0525,-0.0176,1.0740,-0.4900,2.1437,0.0962,1000.9009,right_u_turn
811082,0.0678,0.0553,1.0287,1.4525,2.1788,0.0525,1000.9043,right_u_turn
811142,0.0749,0.0612,0.9794,0.5075,1.0325,-0.2013,1000.9058,right_u_turn
811202,0.0420,-0.0054,1.0585,1.3913,0.7788,0.0875,1000.9041,right_u_turn
811262,0.0754,0.0069,1.0286,0.3325,-0.0262,0.0175,1000.9062,right_u_turn
811322,0.0686,0.0220,0.9865,-0.3413,-1.3737,-0.2800,1000.8965,right_u_turn
811382,0.1017,0.0451,1.0601,0.7525,-1.0150,0.1225,1000.9060,right_u_turn
811442,0.0079,-0.0257,1.0125,1.0325,0.4375,0.3325,1000.9138,right_u_turn
811502,-0.0354,0.0098,0.9470,1.2775,-0.8313,0.3150,1000.9158,right_u_turn
811562,-0.0026,0.0292,0.9085,-0.0700,1.3038,0.2188,1000.9294,right_u_turn
811622,0.0054,0.0551,1.0494,-0.9362,0.7613,0.4200,1000.9124,right_u_turn
811682,-0.0393,-0.0135,1.0077,3.1675,-0.8750,-0.1138,1000.9207,right_u_turn
811742,-0.0496,0.0110,0.8376,1.0850,-1.7325,0.3325,1000.9138,right_u_turn
811802,0.0043,-0.0254,0.9531,-1.3563,-1.1025,0.1138,1000.9187,right_u_turn
811862,0.0465,0.0976,1.0358,1.7675,0.3850,0.0350,1000.9248,right_u_turn
811922,0.0093,0.0442,1.0590,0.1312,2.0125,0.0437,1000.9280,right_u_turn
811982,-0.0193,0.0218,0.9454,1.7413,1.0325,0.0262,1000.9221,right_u_turn
812042,-0.0161,-0.0010,0.8997,0.7088,-2.1263,0.3237,1000.9150,right_u_turn
812102,0.0005,0.1186,1.0465,-0.6125,0.4200,0.3237,1000.9028,right_u_turn
812162,-0.0565,-0.0431,0.8791,0.5075,2.5988,0.0262,1000.9138,right_u_turn
812222,-0.0163,0.0134,0.9909,-0.1050,-3.6400,0.2013,1000.9141,right_u_turn
812282,0.0722,0.0744,1.1227,0.4025,1.2425,0.3325,1000.9053,right_u_turn
812342,0.0273,0.0590,0.8907,0.5075,0.9800,0.4200,1000.9036,right_u_turn
812402,0.0691,0.0506,0.9697,0.9625,0.0262,0.1225,1000.9004,right_u_turn
812462,0.0246,0.0578,0.9349,-0.3325,2.1525,0.2625,1000.8970,right_u_turn
812522,0.0498,0.0054,1.1101,1.4963,2.4413,0.6388,1000.9062,right_u_turn
812582,0.0215,-0.0054,0.9140,-1.1200,-2.2925,0.2800,1000.8997,right_u_turn
812642,-0.0026,0.0498,0.8495,0.8225,-1.8725,0.1225,1000.9116,right_u_turn
812702,0.0441,-0.0389,1.0110,-0.8313,-1.0762,0.0437,1000.9102,right_u_turn
812762,0.0693,0.0469,1.1256,0.8487,0.7875,0.2013,1000.9080,right_u_turn
812822,0.0885,0.0217,1.0134,0.6913,0.1488,0.3938,1000.9011,right_u_turn
812882,0.0645,0.0744,1.0171,-0.4288,0.5775,1.1025,1000.9185,right_u_turn
812942,0.0634,0.0245,1.0111,-1.1463,1.4700,0.5425,1000.9119,right_u_turn
813002,0.1345,-0.0551,1.0380,-0.6300,-1.1463,0.8138,1000.9138,right_u_turn
813062,0.0649,0.0539,1.0136,0.2100,-0.5775,0.4725,1000.9192,right_u_turn
813122,0.0439,-0.0081,0.9830,0.9975,-1.5312,0.6825,1000.9260,right_u_turn
813182,0.1063,0.0026,0.9856,0.2450,0.0962,0.4812,1000.9221,right_u_turn
813242,0.0123,0.0364,0.8835,-0.2625,-3.4037,0.4725,1000.9355,right_u_turn
813302,0.0634,-0.0183,1.1258,-0.0700,-1.3388,0.6388,1000.9250,right_u_turn
813362,0.0692,-0.0063,0.9495,-0.3150,-1.5312,0.6388,1000.9312,right_u_turn
813422,0.0979,0.0710,1.0443,0.7788,0.1050,0.7525,1000.9355,right_u_turn
813482,0.1220,0.1061,1.1903,0.4988,3.1325,0.6650,1000.9424,right_u_turn
813542,0.0687,0.0747,0.9623,0.0088,0.4638,0.5600,1000.9338,right_u_turn
813602,0.0363,0.0093,0.9081,-0.7962,-2.5200,0.1663,1000.9365,right_u_turn
813662,0.1062,0.0601,1.0124,2.5725,-1.9775,0.3587,1000.9426,right_u_turn
813722,0.0971,-0.0027,1.0017,1.2250,-1.4525,0.0962,1000.9365,right_u_turn
813782,0.0720,0.0062,1.0507,2.3975,-2.6950,0.2887,1000.9438,right_u_turn
813842,0.0917,0.0334,1.0723,1.6800,-0.5688,-0.1138,1000.9431,right_u_turn
813902,0.0598,0.0512,1.0089,1.2075,-0.5075,0.1925,1000.9341,right_u_turn
813962,0.0158,0.0363,1.0170,-0.9187,1.1812,0.0787,1000.9385,right_u_turn
814022,0.0164,-0.0289,0.8879,-0.8400,0.1663,0.2188,1000.9417,right_u_turn
814082,0.0406,-0.0027,0.9420,-0.9100,0.0700,0.2975,1000.9353,right_u_turn
814142,0.0744,-0.0026,1.0426,-1.2425,1.8375,0.3325,1000.9272,right_u_turn
814202,0.1017,0.0876,1.0156,0.3150,0.1138,0.2800,1000.9399,right_u_turn
814262,0.1001,0.0817,1.0180,0.1750,-0.0787,0.3675,1000.9429,right_u_turn
814322,0.0405,0.0281,1.0108,1.2862,0.7875,-0.0437,1000.9553,right_u_turn
814382,0.0378,0.0493,0.9675,-0.4812,0.2100,0.0875,1000.9504,right_u_turn
814442,0.0703,-0.0224,1.0501,-1.1375,0.0000,0.4288,1000.9546,right_u_turn
814502,0.2487,0.0503,1.1286,-5.0400,-2.6250,1.0325,1000.9458,right_u_turn
814562,0.0149,0.1914,1.0299,1.1375,2.6775,0.3413,1000.9580,right_u_turn
814622,0.0475,0.0018,0.9354,-1.8987,0.8750,-0.3413,1000.9622,right_u_turn
814682,0.1222,0.0332,1.0726,0.5512,1.7500,-0.0962,1000.9460,right_u_turn
814742,0.0163,-0.0066,0.9792,2.4150,2.0387,-0.3675,1000.9470,right_u_turn
814802,0.1369,0.0949,1.0541,-1.7413,2.3450,0.4112,1000.9507,right_u_turn
814862,0.0627,0.0801,0.9794,1.4262,1.4438,-0.0525,1000.9436,right_u_turn
814922,0.0242,0.0057,0.8821,1.1025,-0.3325,0.1225,1000.9497,right_u_turn
814982,0.0791,0.1627,0.9836,2.2050,1.9075,-0.9275,1000.9536,right_u_turn
815042,0.0451,-0.0022,0.9987,0.0262,1.6100,-1.0237,1000.9463,right_u_turn
815102,0.0478,-0.0798,1.1156,0.4288,1.7938,-1.0500,1000.9595,right_u_turn
815162,0.0825,0.0239,1.0049,-1.8288,-4.5588,-1.2250,1000.9714,right_u_turn
815222,0.0139,0.0213,1.0324,-0.0175,-2.2313,-1.4700,1000.9607,right_u_turn
815282,0.0359,0.0593,0.9676,2.1437,-2.8700,-2.5025,1000.9551,right_u_turn
815342,0.0349,-0.0002,0.8994,1.2337,-3.1237,-4.3313,1000.9600,right_u_turn
815402,0.0563,0.0947,1.0346,1.4262,-1.8375,-4.7250,1000.9612,right_u_turn
815462,0.1225,0.1523,1.0951,0.9187,0.2625,-5.4250,1000.9634,right_u_turn
815522,0.0573,0.0708,0.9323,0.0088,-1.1287,-6.5538,1000.9497,right_u_turn
815582,0.1196,0.1429,0.9257,1.5137,-1.4262,-7.8837,1000.9509,right_u_turn
815642,0.0997,0.1574,1.0019,0.2188,-1.0938,-8.4963,1000.9526,right_u_turn
815702,0.0918,0.1176,1.0331,2.5113,1.6100,-10.3512,1000.9531,right_u_turn
815762,0.0524,0.2050,0.9804,0.4462,0.8838,-10.7362,1000.9565,right_u_turn
815822,0.0390,0.1852,0.9387,0.2188,0.4112,-11.7425,1000.9590,right_u_turn
815882,0.0708,0.1577,0.9591,-0.2625,0.5863,-13.2913,1000.9561,right_u_turn
815942,0.0730,0.2179,1.0817,-0.4900,1.0762,-13.5538,1000.9546,right_u_turn
816002,0.0602,0.1871,1.0719,-0.4812,0.8225,-14.5162,1000.9702,right_u_turn
816062,0.0630,0.1215,0.9931,-1.2337,-0.3762,-15.4000,1000.9565,right_u_turn
816122,0.0754,0.2139,1.0511,-0.5425,-0.9625,-16.6338,1000.9539,right_u_turn
816182,0.0911,0.1130,0.9907,-0.3325,-1.3300,-16.9137,1000.9624,right_u_turn
816242,0.0839,0.2045,1.0637,1.0675,-0.2275,-16.8263,1000.9624,right_u_turn
816302,0.1141,0.2485,1.0462,1.1812,-0.6562,-18.6112,1000.9609,right_u_turn
816362,0.0822,0.1935,0.9485,0.8400,-0.6825,-18.9613,1000.9607,right_u_turn
816422,0.2049,0.2869,0.9960,0.2975,-1.7938,-18.8650,1000.9529,right_u_turn
816482,0.0742,0.2433,0.9884,-5.8275,-4.3750,-19.4075,1000.9417,right_u_turn
816542,0.1293,0.2234,0.9989,-2.5812,-2.3888,-20.1162,1000.9597,right_u_turn
816602,0.0808,0.1804,1.0255,-3.7100,-1.8463,-21.4025,1000.9587,right_u_turn
816662,0.0918,0.2262,1.1205,-0.9712,0.6737,-21.9275,1000.9641,right_u_turn
816722,0.0462,0.2100,1.0485,-0.0262,2.4062,-23.4325,1000.9600,right_u_turn
816782,0.0339,0.1660,0.9604,0.7262,2.8612,-23.7913,1000.9575,right_u_turn
816842,0.0659,0.1552,0.9277,0.4638,-0.1838,-23.8875,1000.9634,right_u_turn
816902,0.0700,0.1907,0.9675,1.6013,0.3500,-23.7125,1000.9507,right_u_turn
816962,-0.0017,0.1798,0.9848,2.4413,-0.7000,-24.7100,1000.9395,right_u_turn
817022,0.0634,0.2799,0.8947,0.6388,-0.7437,-24.7013,1000.9556,right_u_turn
817082,0.0850,0.2274,1.0427,1.4612,1.5137,-25.5413,1000.9617,right_u_turn
817142,0.0298,0.2331,1.0528,0.9275,1.3563,-25.5150,1000.9551,right_u_turn
817202,0.0369,0.2508,1.0880,-0.1225,1.8288,-25.4188,1000.9561,right_u_turn
817262,-0.0195,0.2136,0.8794,-0.8050,-1.2075,-25.7950,1000.9456,right_u_turn
817322,0.0134,0.2494,0.9377,-2.6600,1.0938,-25.8388,1000.9434,right_u_turn
817382,0.0734,0.1696,1.0541,-0.6212,-2.0825,-26.9762,1000.9473,right_u_turn
817442,0.1774,0.2375,1.0780,-0.6125,1.0500,-27.2213,1000.9595,right_u_turn
817502,0.0431,0.1659,0.9916,0.1312,-1.6100,-27.4225,1000.9519,right_u_turn
817562,0.0339,0.2058,0.9938,2.0213,-1.3300,-27.7812,1000.9431,right_u_turn
817622,0.1391,0.1776,1.0627,0.0613,-0.8662,-26.8800,1000.9434,right_u_turn
817682,0.0838,0.2282,0.9962,-0.3587,-1.9688,-27.3000,1000.9421,right_u_turn
817742,0.0823,0.2365,1.0028,1.2600,-1.4787,-28.3675,1000.9463,right_u_turn
817802,0.0905,0.2189,0.9482,0.1488,-2.0650,-28.4900,1000.9412,right_u_turn
817862,0.1089,0.1967,0.9936,-0.2275,-1.0850,-29.0675,1000.9258,right_u_turn
817922,0.0447,0.2335,0.9931,0.3938,-0.5075,-29.1637,1000.9294,right_u_turn
817982,0.0712,0.2320,0.9826,1.1900,0.6913,-29.1287,1000.9314,right_u_turn
818042,0.0474,0.1571,0.9612,0.4288,-0.6212,-29.0325,1000.9314,right_u_turn
818102,0.0756,0.2362,1.0119,0.5775,-0.9100,-29.0588,1000.9329,right_u_turn
818162,0.0695,0.2237,1.0416,1.1375,0.2275,-29.0675,1000.9297,right_u_turn
818222,0.0057,0.2860,1.0119,1.1463,-0.1138,-29.2600,1000.9270,right_u_turn
818282,0.0717,0.2051,1.0236,0.8050,-0.4900,-29.1550,1000.9302,right_u_turn
818342,0.0709,0.2289,1.0590,0.7525,-0.0262,-29.1462,1000.9233,right_u_turn
818402,0.0059,0.2647,0.9840,-0.0175,-0.6737,-29.4525,1000.9265,right_u_turn
818462,0.0468,0.2272,1.0031,-0.4375,-0.7437,-29.7237,1000.9243,right_u_turn
818522,0.0506,0.2420,0.9595,-0.4900,0.0437,-29.7675,1000.9277,right_u_turn
818582,0.0606,0.1956,0.9934,-0.5075,0.0175,-29.9775,1000.9219,right_u_turn
818642,0.0317,0.2353,0.9536,0.0175,-0.9362,-29.9075,1000.9187,right_u_turn
818702,0.0264,0.2454,0.9792,0.1138,0.5163,-30.1437,1000.9209,right_u_turn
818762,0.0225,0.2008,0.9201,0.3063,-1.0762,-29.9775,1000.9175,right_u_turn
818822,0.0210,0.2033,1.0526,0.0613,0.0700,-30.2313,1000.9417,right_u_turn
818882,0.0405,0.2519,0.9819,0.8487,-0.7613,-30.0125,1000.9358,right_u_turn
818942,0.0551,0.2081,1.0089,-0.3325,-0.6125,-29.8550,1000.9265,right_u_turn
819002,0.0368,0.2542,1.0053,0.4112,-0.3938,-30.5900,1000.9241,right_u_turn
819062,0.1268,0.2027,1.0504,-0.2275,-0.4988,-30.3800,1000.9214,right_u_turn
819122,0.0817,0.2338,1.0148,0.5863,-1.4000,-30.3800,1000.9277,right_u_turn
819182,0.1033,0.2694,1.0294,-0.5775,-0.0613,-30.5812,1000.9319,right_u_turn
819242,0.0852,0.2165,0.9539,-0.5600,-1.5750,-30.5287,1000.9214,right_u_turn
819302,0.1173,0.2322,1.0329,-0.3325,-2.6425,-30.8700,1000.9229,right_u_turn
819362,0.0675,0.2425,1.0319,-0.0962,0.3938,-31.9638,1000.9192,right_u_turn
819422,0.1052,0.2402,0.9991,-0.8838,-0.0525,-31.6663,1000.9272,right_u_turn
819482,0.0836,0.2452,1.0272,0.8575,-0.4200,-31.8062,1000.9324,right_u_turn
819542,0.0395,0.2872,0.9955,3.0013,0.9362,-32.7337,1000.9329,right_u_turn
819602,0.0978,0.2752,1.0643,0.8138,1.2862,-33.2500,1000.9331,right_u_turn
819662,0.0381,0.2720,0.9451,1.6450,0.1925,-33.5300,1000.9397,right_u_turn
819722,0.0505,0.2689,0.9640,0.4638,-0.0700,-33.8275,1000.9419,right_u_turn
819782,0.0267,0.2745,0.9924,0.0262,-1.4525,-33.8800,1000.9475,right_u_turn
819842,0.0088,0.2306,0.9704,0.7262,-1.8725,-34.0550,1000.9453,right_u_turn
819902,0.0680,0.2442,0.9792,0.0613,-1.8200,-33.8975,1000.9539,right_u_turn
819962,0.0010,0.2916,0.9406,-1.0412,-0.1050,-34.1600,1000.9521,right_u_turn
820022,0.0159,0.2352,0.9501,-0.2537,0.3587,-33.7050,1000.9546,right_u_turn
820082,0.0117,0.2808,0.8823,-1.1375,-0.2100,-34.4925,1000.9485,right_u_turn
820142,0.0837,0.2315,1.1034,-0.5163,-0.3762,-34.7025,1000.9526,right_u_turn
820202,0.0007,0.3084,1.0109,2.1962,0.1575,-34.3787,1000.9656,right_u_turn
820262,-0.0076,0.2418,0.9894,2.6512,-0.0875,-35.1575,1000.9612,right_u_turn
820322,0.0417,0.2951,1.0053,-0.7525,-0.0613,-35.1488,1000.9573,right_u_turn
820382,0.0539,0.3560,1.0722,-1.1725,2.3450,-35.3500,1000.9497,right_u_turn
820442,0.0844,0.2280,1.0022,-1.4612,0.5425,-34.6413,1000.9478,right_u_turn
820502,0.0276,0.2686,0.9607,1.1550,0.9100,-34.6413,1000.9524,right_u_turn
820562,-0.0285,0.2189,0.9436,-0.7175,-0.8400,-35.9888,1000.9519,right_u_turn
820622,-0.0310,0.3006,0.9165,3.0275,0.1488,-36.7062,1000.9460,right_u_turn
820682,-0.0181,0.2465,0.9694,2.6688,-0.4725,-36.4525,1000.9604,right_u_turn
820742,0.0200,0.2989,0.9841,2.9838,0.1838,-35.9362,1000.9500,right_u_turn
820802,0.0478,0.2774,1.0175,0.6212,-2.0650,-35.4375,1000.9521,right_u_turn
820862,-0.0237,0.2935,0.9973,-0.6475,1.0850,-34.8600,1000.9548,right_u_turn
820922,-0.0315,0.2945,1.0521,-3.1850,0.9187,-34.9300,1000.9487,right_u_turn
820982,-0.0146,0.2623,0.8667,-2.6862,-2.3712,-34.2912,1000.9541,right_u_turn
821042,0.0212,0.1992,1.0165,-4.6287,-0.6825,-32.8300,1000.9438,right_u_turn
821102,-0.0461,0.2121,0.9389,-3.5612,-0.1575,-31.5875,1000.9441,right_u_turn
821162,-0.0054,0.1412,0.9914,-0.1575,1.0237,-30.6775,1000.9478,right_u_turn
821222,-0.0134,0.1615,1.0292,-1.0500,-0.6300,-28.4375,1000.9512,right_u_turn
821282,-0.0495,0.2006,1.0302,-0.4200,-0.8400,-27.3787,1000.9629,right_u_turn
821342,-0.0578,0.1466,0.9482,1.1287,-1.9425,-26.4075,1000.9563,right_u_turn
821402,-0.0742,0.1296,0.8914,1.1287,-0.9013,-24.7975,1000.9514,right_u_turn
821462,-0.0139,0.1504,1.0721,-1.0675,0.7437,-23.3713,1000.9470,right_u_turn
821522,-0.0652,0.1588,1.0011,-0.2537,0.0700,-22.4088,1000.9478,right_u_turn
821582,-0.0927,0.1559,0.9362,-0.1925,-0.2275,-21.0700,1000.9575,right_u_turn
821642,-0.0890,0.1103,1.0147,-0.2450,-0.7875,-20.2388,1000.9517,right_u_turn
821702,-0.0634,0.1205,0.9592,-0.2362,-1.2862,-18.8213,1000.9521,right_u_turn
821762,-0.0737,0.0727,1.0063,0.0613,1.4350,-17.1500,1000.9514,right_u_turn
821822,-0.0655,0.1462,0.9726,-0.0437,-1.2862,-15.9163,1000.9573,right_u_turn
821882,-0.0678,0.0212,0.9626,-0.0262,0.0787,-14.8400,1000.9465,right_u_turn
821942,-0.0612,0.0620,0.9274,-0.7700,-1.6450,-13.3612,1000.9502,right_u_turn
822002,-0.0240,0.0786,1.0556,-0.9013,-0.2537,-12.0050,1000.9565,right_u_turn
822062,-0.0522,0.0730,0.9848,-1.3212,-1.2162,-10.4475,1000.9541,right_u_turn
822122,-0.0567,0.0630,1.0045,-0.5600,0.4550,-9.2750,1000.9587,right_u_turn
822182,-0.0854,0.0088,0.9290,-1.1200,-0.4988,-8.1025,1000.9617,right_u_turn
822242,-0.0541,0.0261,0.9995,-0.7262,1.0850,-7.0262,1000.9592,right_u_turn
822302,-0.1011,0.0180,0.9009,0.3150,0.0437,-6.4925,1000.9607,right_u_turn
822362,-0.0883,-0.0386,0.9521,-0.2275,0.8050,-6.0988,1000.9612,right_u_turn
822422,-0.0595,0.0323,1.0898,1.0150,1.4438,-5.1363,1000.9600,right_u_turn
822482,-0.0656,0.0722,1.0014,1.2075,0.3938,-5.0138,1000.9602,right_u_turn
822542,-0.0568,0.0609,1.0011,-0.0525,1.0412,-4.8913,1000.9470,right_u_turn
822602,-0.0463,0.0925,0.9958,0.5863,1.0938,-4.4625,1000.9543,right_u_turn
822662,-0.0615,0.0672,0.9318,-0.1750,-1.6100,-4.1388,1000.9465,right_u_turn
822722,-0.0520,0.0463,1.0139,-0.5775,-0.5337,-3.7188,1000.9592,right_u_turn
822782,-0.1022,0.0618,0.9545,-0.5600,-0.5512,-3.5963,1000.9526,right_u_turn
822842,-0.0396,0.0018,1.0458,-1.3125,0.4812,-3.1237,1000.9556,right_u_turn
822902,-0.1053,0.0757,0.9270,-0.6650,0.9362,-2.8525,1000.9480,right_u_turn
822962,-0.0537,0.0373,1.0097,-1.4262,-1.7150,-2.2750,1000.9316,right_u_turn
823022,-0.0564,-0.0154,0.9970,1.6450,-0.0875,-1.7237,1000.9460,right_u_turn
823082,-0.0098,0.0735,1.0152,-0.0875,0.3500,-1.3212,1000.9458,right_u_turn
823142,-0.0574,0.0404,1.0034,0.9712,0.9013,-1.2600,1000.9668,right_u_turn
823202,-0.0491,-0.0085,0.9989,0.2188,0.5337,-1.1287,1000.9492,right_u_turn
823262,-0.0681,-0.0342,1.0150,-0.5512,1.2687,-0.3850,1000.9553,right_u_turn
823322,-0.0510,0.0942,0.9797,-0.1225,-0.0962,-0.7175,1000.9573,right_u_turn
823382,0.0046,0.0181,1.0567,-0.3762,-0.0787,-0.0262,1000.9507,right_u_turn
823442,-0.0343,0.0301,0.9548,0.2013,0.4462,-0.2537,1000.9397,right_u_turn
823502,-0.0252,0.0452,0.9612,0.0875,-0.4375,-0.4462,1000.9365,right_u_turn
823562,-0.0893,-0.0069,1.0172,0.0875,0.4112,-0.1663,1000.9363,right_u_turn
823622,-0.1122,-0.0166,0.9387,0.5163,0.8487,-0.3500,1000.9417,right_u_turn
823682,-0.0237,0.0771,1.0432,1.9512,-0.0787,-0.2275,1000.9355,right_u_turn
823742,0.0120,0.0544,1.0311,-0.1663,2.1525,0.1575,1000.9385,right_u_turn
823802,0.0481,0.0610,1.1223,-0.1925,1.9512,0.1750,1000.9287,right_u_turn
823862,-0.0093,0.0563,1.0006,-0.5075,-0.2450,-0.1138,1000.9241,right_u_turn
823922,-0.0193,0.0164,1.0407,0.3325,0.1312,-0.0875,1000.9248,right_u_turn
823982,-0.0522,0.0508,0.9374,0.0000,0.1838,-0.4550,1000.9297,right_u_turn
824042,-0.0542,-0.0098,0.9454,0.4638,-0.6388,-0.1838,1000.9417,right_u_turn
824102,-0.0108,0.0091,0.9307,-0.3587,-0.3413,-0.1925,1000.9268,right_u_turn
824162,-0.0227,0.0408,1.0297,0.2975,-0.3587,0.2362,1000.9260,right_u_turn
824222,0.0302,0.0005,1.0873,0.1575,-1.6013,0.4462,1000.9285,right_u_turn
824282,-0.0673,0.0403,0.9228,0.9800,1.1725,-0.0525,1000.9282,right_u_turn
824342,-0.0663,-0.0386,0.9369,-0.2537,-1.4438,0.1400,1000.9312,right_u_turn
824402,0.0163,0.0127,1.0270,0.9100,-0.9187,0.2887,1000.9194,right_u_turn
824462,-0.0490,0.0522,0.9600,-0.8750,-0.7175,0.2275,1000.9258,right_u_turn
824522,-0.0169,-0.0348,0.9374,0.0875,0.9800,0.0262,1000.9185,right_u_turn
824582,0.0281,0.0160,1.0658,0.3587,0.4288,-0.0350,1000.9304,right_u_turn
824642,0.0852,0.0056,1.0890,0.4812,-1.1638,0.0350,1000.9373,right_u_turn
824702,-0.0015,0.1023,1.0236,0.4988,1.4963,0.1488,1000.9199,right_u_turn
824762,-0.0070,0.0061,0.9755,-0.9450,0.2275,-0.2188,1000.9170,right_u_turn
824822,-0.0332,-0.0047,0.8391,0.7700,2.0475,-0.0175,1000.9236,right_u_turn
824882,0.0878,0.0595,1.1611,0.3063,2.4762,0.2800,1000.9314,right_u_turn
824942,0.0363,-0.0327,1.0583,-1.0237,-0.4025,0.1925,1000.9209,right_u_turn
825002,0.0271,0.0709,0.9941,2.7562,-0.8487,0.1575,1000.9421,right_u_turn
825062,-0.0546,0.0085,0.9520,-0.6388,-0.1312,0.4462,1000.9363,right_u_turn
825122,0.0184,-0.0644,1.0153,2.6600,0.4462,0.4988,1000.9407,right_u_turn
825182,-0.0456,-0.0366,0.9254,-2.3100,0.2188,0.1312,1000.9421,right_u_turn
825242,-0.0181,0.0429,1.0031,0.9100,-0.2100,0.3150,1000.9333,right_u_turn
825302,0.0326,-0.0107,1.0565,0.4812,0.3325,0.0350,1000.9314,right_u_turn
825362,0.0290,0.0566,1.0094,-0.3675,-0.8225,0.1925,1000.9270,right_u_turn
825422,-0.0361,-0.0525,1.0748,-0.1400,1.2250,0.0700,1000.9495,right_u_turn
825482,-0.0307,0.0296,0.9852,1.6100,2.8525,0.0175,1000.9419,right_u_turn
825542,0.0557,0.1103,1.0882,0.1925,1.2862,-0.0875,1000.9258,right_u_turn
825602,0.0124,0.0242,1.0036,-0.0875,1.1025,0.2362,1000.9114,right_u_turn
825662,0.0281,0.0102,1.0432,1.2600,0.8575,-0.2537,1000.9019,right_u_turn
825722,0.0534,0.0344,1.0983,0.7437,-0.4988,0.1312,1000.9167,right_u_turn
825782,-0.0473,0.0963,1.0019,0.6737,1.2862,0.3413,1000.9250,right_u_turn
825842,0.0081,-0.0165,0.9572,-0.5337,-0.2975,0.3063,1000.9207,right_u_turn
825902,0.0426,0.0528,1.0400,-2.0387,-0.4900,0.0525,1000.9382,right_u_turn
825962,-0.0507,0.0896,0.9585,1.3300,-1.5750,0.3063,1000.9229,right_u_turn
826022,-0.0005,-0.0009,1.0293,-0.1925,-0.0437,0.0175,1000.9211,right_u_turn
826082,-0.0321,-0.1116,0.8945,1.0063,-0.6300,-0.1400,1000.9233,right_u_turn
826142,-0.0359,0.0442,1.0099,0.7088,-2.1263,0.2625,1000.9294,right_u_turn
826202,0.0269,-0.0029,1.0438,1.9162,-0.0350,0.1663,1000.9243,right_u_turn
826262,0.0246,0.0274,1.0477,0.8400,0.2362,0.1488,1000.9253,right_u_turn
826322,0.0315,0.0227,0.9231,-0.1925,-1.5925,0.0787,1000.9224,right_u_turn
826382,-0.0376,-0.0183,0.9484,-0.5950,-1.4350,0.0525,1000.9292,right_u_turn
826442,-0.0358,0.1107,0.9087,0.2887,-1.5400,-0.0613,1000.9231,right_u_turn
826502,0.0287,-0.0547,1.0731,2.0387,1.4350,-0.2713,1000.9287,right_u_turn
826562,0.0224,0.0627,0.9167,0.3850,-0.9450,-0.2362,1000.9285,right_u_turn
826622,-0.0142,-0.0135,0.9206,-0.3675,-0.9187,0.1575,1000.9231,right_u_turn
826682,-0.0113,-0.0229,0.9462,-0.1663,0.0262,0.3850,1000.9209,right_u_turn
826742,0.0298,0.0062,1.0573,-0.0437,1.9863,0.4025,1000.9131,right_u_turn
826802,0.0824,0.1427,1.1402,0.5688,0.1138,0.1312,1000.9290,right_u_turn
826862,0.0152,0.0744,1.0099,1.7062,-0.9100,0.4200,1000.9197,right_u_turn
826922,0.0493,-0.0224,0.9477,-1.2337,0.2537,0.0437,1000.9236,right_u_turn
826982,0.0099,-0.0045,0.9938,0.3587,0.7962,0.0962,1000.9175,right_u_turn
827042,-0.0015,0.0653,1.0704,0.4288,0.7262,0.2013,1000.9165,right_u_turn
827102,-0.0022,0.0129,1.0180,0.1050,-0.4200,0.3500,1000.9260,right_u_turn
827162,-0.0073,0.0203,0.9501,0.4375,-0.3762,-0.0350,1000.9194,right_u_turn
827222,0.0166,0.0273,1.0110,1.0150,0.2013,0.2625,1000.9197,right_u_turn
827282,0.0127,0.0590,0.9844,-0.6650,-0.2887,0.6037,1000.9160,right_u_turn
827342,0.0203,-0.0222,1.0141,-0.6125,-0.5250,0.4900,1000.9138,right_u_turn
827402,0.0178,-0.0400,0.9350,2.3625,-1.6013,0.5337,1000.9209,right_u_turn
827462,-0.0348,0.0502,1.0428,-1.4438,-0.3850,0.1138,1000.9165,right_u_turn
827522,-0.0157,-0.0002,0.9684,-0.0700,2.7475,-0.4900,1000.9231,right_u_turn
827582,0.0325,-0.0115,0.9612,-1.7413,-1.5225,-0.0175,1000.9165,right_u_turn
827642,0.0540,0.0503,1.1198,-0.0175,-0.6125,0.2887,1000.9211,right_u_turn
827702,0.0330,0.0334,1.1025,-0.8487,-3.3075,0.3587,1000.9167,right_u_turn
827762,-0.0100,0.0364,0.9158,0.9362,-2.2313,0.2100,1000.9255,right_u_turn
827822,0.0381,0.0395,0.9860,-0.2450,-0.9275,-0.0175,1000.9390,right_u_turn
827882,-0.0015,0.0286,0.9166,1.1725,0.7525,-0.0437,1000.9250,right_u_turn
827942,-0.0152,0.0312,0.9833,-0.3150,-2.6250,-0.1050,1000.9385,right_u_turn
828002,-0.0632,-0.0513,0.8967,1.4963,-0.4812,0.0175,1000.9319,right_u_turn
828062,0.0664,0.0210,1.0180,1.7150,-0.1400,-0.2975,1000.9233,right_u_turn
828122,0.0849,-0.0237,0.9970,-0.2800,-1.1463,0.0175,1000.9280,right_u_turn
828182,0.0705,0.0612,0.9698,0.5425,-0.5512,0.4025,1000.9236,right_u_turn
828242,0.0812,0.0035,1.0293,-0.4988,-0.0175,-0.1400,1000.9426,right_u_turn
828302,0.1093,0.0068,1.0673,1.3388,1.6363,0.0262,1000.9365,right_u_turn
828362,0.0224,-0.0073,0.9186,0.2362,2.3187,0.0700,1000.9280,right_u_turn
828422,0.0454,0.1091,0.9719,0.8575,1.1725,0.1750,1000.9397,right_u_turn
828482,0.0586,-0.0383,0.9255,-1.4787,-1.4700,0.3938,1000.9453,right_u_turn
828542,0.0696,-0.0361,1.0773,1.6100,2.4237,-0.1750,1000.9346,right_u_turn
828602,0.0334,0.0754,0.9877,0.7613,0.5600,-0.3325,1000.9321,right_u_turn
828662,0.0856,-0.0185,1.0363,0.5075,0.5250,0.2800,1000.9268,right_u_turn
828722,0.0507,0.0876,0.9711,1.2075,-1.0588,0.1312,1000.9241,right_u_turn
828782,0.0561,0.0064,0.9654,1.3825,1.5050,-0.1488,1000.9268,right_u_turn
828842,0.0483,-0.0140,0.9933,-0.3938,1.4000,0.0787,1000.9216,right_u_turn
828902,-0.0300,0.0113,0.9487,-0.3675,1.3212,-0.0088,1000.9509,right_u_turn
828962,0.0215,0.0364,0.9621,-0.0262,0.5863,0.2975,1000.9336,right_u_turn
829022,0.0781,0.0142,1.0008,-0.5163,0.8750,0.1312,1000.9417,right_u_turn
829082,0.0342,-0.0120,0.9207,-0.8400,-1.4175,0.1488,1000.9463,right_u_turn
829142,0.0339,0.0356,1.0440,1.9338,-1.8025,0.0000,1000.9194,right_u_turn
829202,0.1108,0.0454,1.0529,0.0613,-1.6275,-0.0088,1000.9363,right_u_turn
829262,0.0462,-0.0539,1.0580,1.6712,0.3938,0.0350,1000.9365,right_u_turn
829322,0.0315,0.0991,1.0677,1.5488,1.9075,-0.0700,1000.9392,right_u_turn
829382,0.0798,-0.0532,1.0189,-0.7000,-0.0875,0.1575,1000.9324,right_u_turn
829442,0.0600,-0.0013,1.0070,-1.2075,-0.8138,0.2188,1000.9390,right_u_turn
829502,0.0556,0.0512,1.0094,0.7175,1.3212,0.2975,1000.9324,right_u_turn
829562,0.0242,-0.0274,0.9498,1.3650,-0.2713,0.1925,1000.9373,right_u_turn
829622,0.0461,-0.0176,0.9992,0.4638,0.5600,0.4725,1000.9409,right_u_turn
829682,0.0300,0.0222,0.9248,0.7613,0.2800,0.2362,1000.9441,right_u_turn
829742,-0.0691,0.0508,0.9518,2.1962,1.4612,-0.1488,1000.9487,right_u_turn
829802,-0.0107,0.0059,0.9495,-1.1900,-0.9712,0.2100,1000.9219,right_u_turn
829862,0.1042,-0.0224,1.0787,-1.3825,0.9450,0.4375,1000.9414,right_u_turn
829922,0.0400,0.0334,1.0265,-1.9600,0.8313,0.4025,1000.9424,right_u_turn
829982,0.0868,0.0471,0.9414,0.3325,-2.0125,0.1225,1000.9446,right_u_turn
830042,0.0790,-0.0288,1.0430,0.7262,-1.2250,-0.1400,1000.9478,right_u_turn
830102,0.0058,-0.0419,0.9186,1.3038,-0.9013,0.1138,1000.9421,right_u_turn
830162,0.0710,0.0296,1.0011,-0.9538,-1.4350,0.6737,1000.9399,right_u_turn
830222,0.1144,0.0644,1.0329,0.2975,-0.6212,0.9800,1000.9587,right_u_turn
830282,0.0442,0.0213,0.9484,1.4000,0.7350,0.7350,1000.9346,right_u_turn
830342,0.0434,-0.0020,0.9177,-0.2362,-2.6512,0.6388,1000.9504,right_u_turn
830402,0.0591,0.0581,1.0057,0.2537,-0.5688,0.7350,1000.9580,right_u_turn
830462,0.1069,0.0453,1.0331,-0.3413,-0.2713,0.9362,1000.9490,right_u_turn
830522,0.0717,0.0349,1.0463,-1.9688,0.6212,0.8662,1000.9604,right_u_turn
830582,0.0492,-0.0332,0.9994,-0.4900,-0.3413,0.5512,1000.9651,right_u_turn
830642,0.0509,-0.0091,0.9868,0.5425,-1.6975,0.5950,1000.9473,right_u_turn
830702,0.0908,0.0710,1.1107,0.9450,-0.1838,0.9975,1000.9639,right_u_turn
830762,0.0200,0.0307,1.0631,1.3038,2.9225,1.0063,1000.9712,right_u_turn
830822,-0.0096,-0.0082,0.8442,-1.3388,-0.6037,0.6388,1000.9683,right_u_turn
830882,0.0419,-0.0695,1.0163,0.7962,-0.8400,0.8050,1000.9648,right_u_turn
830942,0.0024,0.0224,1.0224,0.3675,0.4725,0.5163,1000.9697,right_u_turn
831002,0.0523,0.0027,1.0055,-0.1312,-0.4375,0.5512,1000.9563,right_u_turn
831062,0.0295,-0.0524,0.9281,-0.1575,-1.1550,0.7875,1000.9714,right_u_turn
831122,0.0134,-0.0063,0.9531,1.2600,-0.3063,0.5688,1000.9629,right_u_turn
831182,0.0264,-0.0126,0.9321,0.4025,-1.3125,0.5075,1000.9739,right_u_turn
831242,0.0899,-0.0373,1.0797,1.0063,-1.6363,0.3063,1000.9573,right_u_turn
831302,0.1320,0.0461,1.0736,0.2625,-1.7938,0.7088,1000.9561,right_u_turn
831362,0.1176,0.1079,1.0605,0.7262,1.8987,0.5425,1000.9536,right_u_turn
831422,0.0363,0.0304,0.9209,-0.3237,0.2713,0.2887,1000.9688,right_u_turn
831482,0.0366,0.0166,0.9801,0.3150,1.3038,0.2800,1000.9644,right_u_turn
831542,0.0606,0.0173,0.9552,-0.3413,-0.8575,0.1750,1000.9639,right_u_turn
831602,0.1015,0.0079,1.0433,-0.5337,-0.6825,-0.0525,1000.9644,right_u_turn
831662,0.0522,-0.0051,1.0127,1.3913,-1.0675,-0.0088,1000.9646,right_u_turn
831722,0.0581,0.0622,0.9580,0.6388,-0.0350,-0.3500,1000.9670,right_u_turn
831782,0.0672,0.0261,1.0479,0.7088,0.0088,-0.3587,1000.9651,right_u_turn
831842,0.0387,0.0481,0.9511,-0.3850,0.3325,-0.5950,1000.9675,right_u_turn
831902,0.0493,0.0542,0.9957,-0.7525,-0.3150,-1.3913,1000.9604,right_u_turn
831962,0.0656,0.0430,1.0348,-0.4288,0.5688,-1.2425,1000.9719,right_u_turn
832022,0.0278,0.0681,0.9143,0.0262,0.2800,-2.0650,1000.9739,right_u_turn
832082,0.0554,-0.0019,0.9941,0.2450,0.7175,-2.1700,1000.9751,right_u_turn
832142,0.0467,0.0895,0.9579,0.0875,0.4462,-2.5200,1000.9756,right_u_turn
832202,0.0712,0.0286,1.0799,0.4900,0.5775,-2.3712,1000.9731,right_u_turn
832262,0.0361,0.1905,0.9445,1.4175,0.5950,-3.2375,1000.9678,right_u_turn
832322,0.0605,0.0653,1.0201,0.1925,-0.3325,-4.0862,1000.9719,right_u_turn
832382,0.0313,0.0744,0.9882,0.8313,1.7763,-4.8300,1000.9780,right_u_turn
832442,0.0429,0.0475,0.9284,2.0738,-0.0700,-5.4600,1000.9753,right_u_turn
832502,-0.0160,0.0640,0.8530,1.3038,-0.5337,-6.5975,1000.9731,right_u_turn
832562,0.0588,0.1071,1.0765,1.6625,1.8900,-7.4462,1000.9697,right_u_turn
832622,0.0542,0.1816,1.0055,0.8487,0.7525,-8.7762,1000.9619,right_u_turn
832682,0.0620,0.1274,1.0190,-0.1925,-0.4812,-9.9663,1000.9680,right_u_turn
832742,0.0742,0.2183,0.9307,0.0262,-1.2687,-11.2963,1000.9651,right_u_turn
832802,0.0927,0.1295,0.9838,-0.9187,-0.8050,-12.6350,1000.9644,right_u_turn
832862,0.0623,0.1835,0.9484,1.4350,0.4200,-13.7725,1000.9578,right_u_turn
832922,0.0559,0.1571,0.9201,0.8838,0.5512,-14.8663,1000.9607,right_u_turn
832982,0.0525,0.1545,1.0413,0.5075,1.3388,-15.4175,1000.9551,right_u_turn
833042,0.0706,0.1711,0.9997,1.8813,1.5575,-15.9513,1000.9675,right_u_turn
833102,0.0998,0.1559,0.9057,-1.8288,-1.9512,-16.3975,1000.9692,right_u_turn
833162,0.0631,0.1915,0.9986,0.7088,1.4350,-16.7825,1000.9768,right_u_turn
833222,0.0429,0.1510,0.9803,1.0063,-0.7788,-17.6925,1000.9644,right_u_turn
833282,0.0756,0.2365,1.0067,1.6363,1.0412,-18.2262,1000.9683,right_u_turn
833342,0.0752,0.1859,0.9146,1.2250,-1.5400,-19.2850,1000.9724,right_u_turn
833402,0.0736,0.2455,1.0327,0.7962,1.0675,-19.9675,1000.9719,right_u_turn
833462,0.0773,0.2838,0.9639,0.1050,-0.6212,-20.8600,1000.9702,right_u_turn
833522,0.0825,0.2133,0.9923,-0.0613,-1.1463,-21.6825,1000.9673,right_u_turn
833582,0.1149,0.2476,0.9984,0.8050,-0.6825,-22.8025,1000.9749,right_u_turn
833642,0.0791,0.1974,0.9946,-0.2800,-0.5950,-22.5925,1000.9651,right_u_turn
833702,0.0658,0.2259,0.9606,0.5950,-0.8575,-23.3888,1000.9709,right_u_turn
833762,0.1017,0.2237,1.0038,-1.4262,-0.8138,-23.6863,1000.9675,right_u_turn
833822,0.0747,0.1950,0.9323,-0.2362,-1.7150,-24.2900,1000.9810,right_u_turn
833882,0.0417,0.1693,0.9324,-1.4088,-0.8050,-25.0600,1000.9756,right_u_turn
833942,0.0832,0.1682,1.0182,0.0700,0.4900,-25.8738,1000.9709,right_u_turn
834002,0.0946,0.2596,1.0228,0.4025,-1.7325,-27.0725,1000.9751,right_u_turn
834062,0.0933,0.2464,1.0402,0.7437,1.1113,-26.8013,1000.9778,right_u_turn
834122,0.0669,0.1565,0.9867,-0.3675,-1.4000,-27.6500,1000.9851,right_u_turn
834182,0.0786,0.2367,0.9711,1.6975,-0.1312,-28.3850,1000.9778,right_u_turn
834242,0.0998,0.2877,1.0312,1.4787,-1.0675,-29.0063,1000.9939,right_u_turn
834302,0.1179,0.2308,1.0001,-2.3800,-0.4812,-28.3850,1000.9832,right_u_turn
834362,0.1113,0.2772,1.0228,-0.0175,-2.3450,-30.1612,1000.9810,right_u_turn
834422,0.1399,0.1335,0.9967,-0.0350,-0.4812,-28.6650,1001.0002,right_u_turn
834482,0.1393,0.2164,1.0848,2.0213,0.0962,-29.0588,1000.9971,right_u_turn
834542,0.1102,0.2555,1.1608,-0.7000,3.7450,-29.4525,1001.0012,right_u_turn
834602,0.1161,0.1845,1.0673,1.7062,2.0738,-29.8550,1001.0034,right_u_turn
834662,0.0679,0.2522,0.9179,0.4462,0.9100,-30.1262,1000.9846,right_u_turn
834722,0.0342,0.2738,0.8775,-0.2188,0.1225,-30.8438,1000.9932,right_u_turn
834782,0.0800,0.2771,0.9187,-2.4762,0.2275,-30.8700,1000.9856,right_u_turn
834842,0.0603,0.1854,0.9838,-1.4262,0.4112,-30.9487,1000.9858,right_u_turn
834902,0.0862,0.2447,1.0493,-3.9462,-0.2013,-31.1150,1000.9924,right_u_turn
834962,-0.0341,0.1171,0.8867,-3.0800,1.3913,-31.7625,1000.9912,right_u_turn
835022,0.0554,0.1265,0.9821,-1.2425,-2.7912,-31.5613,1000.9998,right_u_turn
835082,0.0110,0.1947,1.0112,1.3737,-1.4000,-31.3162,1000.9932,right_u_turn
835142,0.0391,0.1731,1.0058,1.8112,-2.1437,-31.1063,1000.9944,right_u_turn
835202,0.0534,0.1868,0.9909,2.9400,-2.6163,-31.1325,1001.0085,right_u_turn
835262,0.0867,0.2367,1.0685,3.3338,-0.7700,-30.8175,1000.9819,right_u_turn
835322,0.0744,0.2567,1.0009,-0.2100,-2.7213,-30.4062,1000.9949,right_u_turn
835382,0.1337,0.1691,1.0755,-0.2275,-2.0213,-30.7125,1000.9980,right_u_turn
835442,0.0071,0.2693,0.9617,-0.7000,-2.3100,-30.6162,1000.9924,right_u_turn
835502,0.0518,0.2628,0.9881,1.0063,-3.0712,-31.4650,1000.9963,right_u_turn
835562,0.0608,0.1906,1.0189,0.3762,-1.0063,-31.2550,1000.9941,right_u_turn
835622,0.0454,0.2618,0.9121,-1.4088,-3.7275,-31.2288,1000.9895,right_u_turn
835682,0.0378,0.1951,0.9640,-1.5488,1.2862,-30.7913,1000.9949,right_u_turn
835742,0.1213,0.1742,1.0168,-0.9362,-1.8375,-31.5875,1000.9958,right_u_turn
835802,0.0734,0.1930,0.9828,-0.3587,2.2925,-31.5350,1000.9834,right_u_turn
835862,0.0015,0.2050,0.9499,0.6212,1.5400,-32.0075,1000.9915,right_u_turn
835922,0.0500,0.2227,1.0829,1.0412,1.7500,-32.1037,1000.9954,right_u_turn
835982,0.0208,0.2106,0.9865,0.7262,0.7875,-31.4125,1000.9976,right_u_turn
836042,0.0005,0.1962,1.0390,1.0412,0.7613,-31.9638,1000.9902,right_u_turn
836102,0.0584,0.2044,0.9858,0.2887,-0.7088,-31.7100,1001.0007,right_u_turn
836162,0.0021,0.2323,1.0097,0.0962,0.0525,-32.2350,1000.9980,right_u_turn
836222,0.1025,0.1668,0.9330,-1.5400,-2.7650,-32.3575,1000.9893,right_u_turn
836282,0.0512,0.2014,0.9272,0.2975,-2.1525,-32.2262,1000.9939,right_u_turn
836342,0.0208,0.2460,1.0175,0.0787,-1.3913,-32.3488,1000.9934,right_u_turn
836402,0.0532,0.2430,1.0285,0.1750,-0.4725,-32.7163,1001.0044,right_u_turn
836462,0.0310,0.2314,1.0433,1.2337,1.6975,-31.7800,1000.9941,right_u_turn
836522,-0.0083,0.1678,0.9825,-0.6212,-0.6650,-32.4888,1000.9836,right_u_turn
836582,0.0168,0.2086,0.9433,-0.7613,-1.0150,-32.4975,1000.9912,right_u_turn
836642,0.0486,0.1696,0.9362,-0.5250,-1.8112,-32.9263,1000.9963,right_u_turn
836702,0.0300,0.2176,0.9907,0.9450,-0.7437,-32.8125,1000.9978,right_u_turn
836762,-0.0117,0.1760,0.9057,0.3938,-0.4900,-33.1012,1000.9963,right_u_turn
836822,0.0088,0.1821,0.9867,1.0938,1.1638,-32.7687,1000.9963,right_u_turn
836882,0.0573,0.2294,0.9946,0.9887,0.0175,-33.1625,1000.9863,right_u_turn
836942,0.0506,0.1944,1.0507,-0.7700,-1.2600,-33.2150,1000.9854,right_u_turn
837002,0.0437,0.2710,0.9753,0.8138,1.2950,-32.9700,1000.9912,right_u_turn
837062,0.0251,0.2581,0.9686,-0.7088,0.4725,-33.1712,1000.9910,right_u_turn
837122,0.0286,0.2496,0.9780,-0.5688,-0.9362,-33.3288,1000.9866,right_u_turn
837182,-0.0387,0.2615,0.9387,0.8925,-0.7700,-33.3725,1000.9771,right_u_turn
837242,0.0088,0.2523,0.9972,-0.8750,0.1400,-33.0925,1000.9878,right_u_turn
837302,0.0281,0.2113,0.9789,-0.3150,-1.6100,-32.9000,1000.9849,right_u_turn
837362,0.0381,0.2254,0.9554,1.0412,-2.2487,-32.2700,1000.9802,right_u_turn
837422,-0.0478,0.2206,0.9226,-0.1225,-2.5550,-32.9263,1000.9863,right_u_turn
837482,0.0354,0.2284,1.0565,2.2838,-1.3125,-32.1213,1000.9763,right_u_turn
837542,0.0047,0.2438,0.9577,-0.4112,-2.5988,-31.8762,1000.9604,right_u_turn
837602,0.0098,0.1733,1.0199,0.0262,1.7500,-31.0625,1000.9739,right_u_turn
837662,-0.0297,0.1743,0.9831,-0.6388,0.5163,-30.3275,1000.9717,right_u_turn
837722,0.0237,0.2516,1.0770,-0.1312,-0.2887,-29.3388,1000.9739,right_u_turn
837782,-0.0376,0.1445,1.0102,-0.3325,-0.1838,-28.4463,1000.9709,right_u_turn
837842,-0.1010,0.1276,0.8884,-0.9013,-1.4875,-28.0438,1000.9771,right_u_turn
837902,-0.0620,0.1267,0.9062,0.4200,-0.9625,-26.9412,1000.9792,right_u_turn
837962,-0.0520,0.1301,1.0401,-0.2975,-1.1900,-26.4688,1000.9595,right_u_turn
838022,-0.0666,0.2164,0.8769,1.0412,-0.0175,-26.4425,1000.9666,right_u_turn
838082,-0.0938,0.1057,0.9185,-1.3212,-0.0613,-25.6637,1000.9612,right_u_turn
838142,-0.0103,0.1609,0.9501,-0.6125,0.4025,-24.7625,1000.9629,right_u_turn
838202,-0.1090,0.1601,0.9248,-0.4288,0.3500,-24.1938,1000.9541,right_u_turn
838262,-0.0563,0.1643,1.0310,0.2800,2.2313,-23.8962,1000.9646,right_u_turn
838322,-0.0493,0.0856,1.0393,-0.3150,1.3300,-22.7588,1000.9619,right_u_turn
838382,-0.0828,0.1774,0.8904,-0.1663,-1.1638,-22.1200,1000.9666,right_u_turn
838442,-0.0371,0.1404,1.0419,0.5950,1.0063,-20.9737,1000.9639,right_u_turn
838502,-0.0630,0.1315,1.0470,0.6125,0.0787,-19.8363,1000.9580,right_u_turn
838562,-0.0701,0.1410,0.9321,0.7350,-1.9075,-19.5037,1000.9561,right_u_turn
838622,-0.1005,0.1310,0.8933,-0.5075,-0.6388,-18.3575,1000.9656,right_u_turn
838682,-0.0912,0.1036,1.0294,-1.0412,-0.0088,-16.7738,1000.9646,right_u_turn
838742,-0.0567,0.0888,0.9782,-1.7237,0.1138,-15.6187,1000.9492,right_u_turn
838802,-0.0393,0.0927,1.0299,-0.4375,0.8050,-14.7437,1000.9617,right_u_turn
838862,-0.1255,0.0432,0.8865,0.5337,2.2400,-13.7900,1000.9541,right_u_turn
838922,-0.1129,0.0520,0.9501,0.0525,0.8138,-12.4775,1000.9517,right_u_turn
838982,-0.0412,0.1316,1.0031,0.4638,0.0962,-11.5675,1000.9539,right_u_turn
839042,-0.0900,0.0473,0.9489,0.8925,-0.8575,-11.0688,1000.9561,right_u_turn
839102,-0.0185,0.0852,1.1245,-1.4350,-0.7525,-9.5813,1000.9597,right_u_turn
839162,-0.1036,0.1083,0.9082,0.9013,0.4988,-9.3625,1000.9514,right_u_turn
839222,-0.0956,0.1060,0.9866,-0.6125,1.7413,-8.7325,1000.9368,right_u_turn
839282,-0.0719,0.0410,1.0336,-1.5488,2.1437,-8.0413,1000.9502,right_u_turn
839342,-0.0869,0.0100,1.0451,-0.9100,1.3475,-7.1663,1000.9495,right_u_turn
839402,-0.0367,0.0300,1.0802,-2.0038,-0.2013,-5.8187,1000.9517,right_u_turn
839462,-0.0907,0.0344,1.0087,0.3500,0.3150,-5.5650,1000.9407,right_u_turn
839522,-0.0646,-0.0151,0.9648,-1.1375,0.2625,-4.5588,1000.9451,right_u_turn
839582,-0.0520,-0.0364,0.9477,-0.4900,0.0000,-4.0950,1000.9438,right_u_turn
839642,-0.0859,-0.0185,0.9938,-0.6212,0.8225,-2.8700,1000.9329,right_u_turn
839702,-0.0612,0.0046,1.0063,1.3563,0.7875,-2.3625,1000.9365,right_u_turn
839762,-0.0525,0.0426,0.9164,0.9362,-3.1150,-2.4850,1000.9314,right_u_turn
839822,0.0127,0.1159,1.0756,1.2337,-0.8313,-2.1175,1000.9343,right_u_turn
839882,-0.0465,-0.0350,1.0250,-0.9887,-2.1875,-2.0038,1000.9309,right_u_turn
839942,-0.1511,0.0407,0.8608,1.6450,0.1050,-1.9863,1000.9221,right_u_turn
840002,-0.1488,-0.0198,0.9378,-1.0325,0.9187,-1.5137,1000.9136,right_u_turn
840062,-0.0554,0.0264,0.9866,-0.2625,-1.6712,-0.5075,1000.9116,right_u_turn
840122,-0.0676,0.0066,1.0377,0.3237,0.5075,-0.7613,1000.9131,right_u_turn
840182,-0.1232,0.0417,0.8825,-1.0500,-2.0038,-0.6913,1000.9109,right_u_turn
840242,-0.0708,-0.0581,1.1619,1.6275,0.7175,-0.9625,1000.9163,right_u_turn
840302,-0.1169,0.0051,1.0133,2.7125,0.4112,-1.1725,1000.9089,right_u_turn
840362,-0.0551,0.0779,0.9780,2.8875,-2.3975,0.2188,1000.9070,right_u_turn
840422,-0.0630,0.1322,1.0605,1.0500,0.2625,-0.0262,1000.9131,right_u_turn
840482,-0.0993,0.0327,0.8699,-0.7788,1.2600,-0.2625,1000.9097,right_u_turn
840542,-0.1264,-0.0163,0.9091,-1.0150,-1.8637,-0.2887,1000.9026,right_u_turn
840602,-0.0573,0.0459,1.0304,2.5900,0.9275,-0.0175,1000.9097,right_u_turn
840662,-0.0259,0.0580,1.1056,1.6100,0.2800,0.1400,1000.9229,right_u_turn
840722,-0.0533,0.0327,0.9739,0.9975,0.0175,-0.0175,1000.8975,right_u_turn
840782,0.0035,-0.0031,0.9521,-0.0613,-0.4375,0.0437,1000.8999,right_u_turn
840842,-0.0508,0.1147,1.0809,0.5075,4.0338,-0.2450,1000.8979,right_u_turn
840902,0.0178,-0.0154,1.0331,-2.1263,-2.6600,0.2625,1000.8921,right_u_turn
840962,-0.0688,0.1449,1.1447,0.6300,3.4475,-0.0962,1000.8921,right_u_turn
841022,-0.0852,-0.0378,0.8611,1.0500,-0.8575,-0.1838,1000.8960,right_u_turn
841082,-0.0388,-0.0210,0.8545,-1.9950,-3.4475,-0.2975,1000.8984,right_u_turn
841142,0.0042,-0.0222,1.1544,-0.0787,-0.7262,-0.1312,1000.8955,right_u_turn
841202,0.0522,0.1398,1.1224,3.5875,-1.0150,-0.3413,1000.9004,right_u_turn
841262,0.0068,-0.0121,1.0689,0.9275,-0.6650,0.0787,1000.8823,right_u_turn
841322,-0.0217,0.1144,0.9874,0.4900,1.4438,0.7088,1000.8867,right_u_turn
841382,-0.0534,0.1051,0.9408,1.1988,-0.7875,-0.3413,1000.8816,right_u_turn
841442,-0.0672,-0.1189,0.8987,0.2100,0.6825,-0.1925,1000.8838,right_u_turn
841502,-0.0749,0.0533,0.9025,1.0500,-0.9800,-0.2188,1000.8787,right_u_turn
841562,-0.0382,0.0984,1.0701,-3.6400,1.2513,0.1575,1000.8813,right_u_turn
841622,-0.0994,-0.0354,0.7951,-1.1200,-1.5488,0.3237,1000.8826,right_u_turn
841682,-0.0024,-0.0131,0.9665,-0.0525,-2.5550,-0.0262,1000.8816,right_u_turn
841742,-0.0073,0.0666,1.0275,-0.2537,1.5488,0.0613,1000.8857,right_u_turn
841802,0.0405,-0.0039,1.0223,-0.1138,2.1437,0.2975,1000.8723,right_u_turn
841862,-0.0788,0.0412,0.9120,0.2275,1.6800,-0.2625,1000.8735,right_u_turn
841922,-0.0957,-0.0449,0.9064,-0.4462,-1.4350,-0.0088,1000.8958,right_u_turn
841982,-0.0410,-0.0938,1.0111,0.7262,0.3675,-0.4725,1000.8708,right_u_turn
842042,-0.0418,-0.0605,0.8955,1.2775,1.6275,0.2188,1000.8723,right_u_turn
842102,-0.0246,0.0671,0.9806,0.7788,-0.3063,-0.5512,1000.8879,right_u_turn
842162,-0.0600,0.0190,0.9550,0.3762,0.9538,-0.2450,1000.8872,right_u_turn
842222,-0.0132,0.0271,0.9728,0.1312,1.6800,-0.6913,1000.8879,right_u_turn
842282,-0.0512,-0.0612,0.9292,-1.4438,-1.5838,-0.1312,1000.8804,right_u_turn
842342,-0.0300,0.0503,1.0912,-0.5863,2.0213,-0.0350,1000.8796,right_u_turn
842402,-0.0139,0.0270,1.0760,1.1550,1.9075,-0.3762,1000.8835,right_u_turn
842462,0.0212,-0.0220,0.9738,-0.8050,0.2887,-0.4025,1000.8853,right_u_turn
842522,-0.1291,0.0031,0.9511,1.9338,4.3225,0.5600,1000.8804,right_u_turn
842582,-0.0612,0.0922,0.8946,-1.1463,0.6037,-0.0787,1000.8840,right_u_turn
842642,-0.0258,0.0408,1.0130,-0.7613,1.0762,0.3587,1000.8735,right_u_turn
842702,0.0944,0.0791,1.1626,1.6450,0.8662,0.1925,1000.8643,right_u_turn
842762,-0.0110,0.0143,0.9448,-0.7525,0.4900,0.1750,1000.8682,right_u_turn
842822,0.0693,0.0393,1.1247,-1.2513,0.4812,0.2625,1000.8816,right_u_turn
842882,0.0049,0.0081,1.0724,1.5225,0.0000,0.7437,1000.8652,right_u_turn
842942,0.0303,0.1254,1.0014,-0.0088,-1.1725,0.4725,1000.8599,right_u_turn
843002,0.0359,0.0273,1.1068,0.8487,-0.7175,0.7088,1000.8633,right_u_turn
843062,-0.0417,0.0681,0.9914,3.5875,2.1962,0.0525,1000.8704,right_u_turn
843122,-0.0142,-0.0095,0.9404,-0.8838,0.4638,-0.0350,1000.8542,right_u_turn
843182,-0.0154,0.0212,0.9836,0.6825,-0.9187,0.0875,1000.8667,right_u_turn
843242,-0.0120,0.0314,0.9817,-0.7962,-0.5163,0.2450,1000.8716,right_u_turn
843302,-0.0268,0.0091,1.0202,1.5750,0.8750,0.4812,1000.8545,right_u_turn
843362,0.0601,0.1689,0.9784,0.6037,3.9987,0.0613,1000.8691,right_u_turn
843422,0.0210,0.0253,0.9719,-3.3425,-0.5425,0.4288,1000.8625,right_u_turn
843482,0.0307,-0.0291,1.0128,1.7150,-0.8575,-0.4288,1000.8694,right_u_turn
843542,0.0146,0.0434,0.9442,1.5312,-1.4875,-0.2625,1000.8696,right_u_turn
843602,-0.0498,-0.0641,1.0219,1.7850,-3.4475,-0.3237,1000.8586,right_u_turn
843662,0.0208,0.0454,0.9703,0.3762,-2.3888,0.3325,1000.8528,right_u_turn
843722,0.1462,0.0218,1.0728,0.8662,-1.4438,0.4550,1000.8794,right_u_turn
843782,0.1174,0.1154,1.0219,1.0762,-0.2713,0.0787,1000.8848,right_u_turn
843842,0.0571,0.1305,1.0277,1.8112,1.3125,-0.3500,1000.8735,right_u_turn
843902,0.0586,-0.0366,1.0048,0.5512,-0.6737,-0.0875,1000.8718,right_u_turn
843962,0.0307,-0.0287,0.8921,1.1900,-0.9975,0.3762,1000.8716,right_u_turn
844022,0.0864,0.0054,1.1949,1.0412,-0.6913,0.5688,1000.8870,right_u_turn
844082,0.0576,0.0550,1.0953,2.4762,1.5050,0.2450,1000.8835,right_u_turn
844142,0.0681,0.0273,0.9707,0.1575,1.1900,0.1838,1000.8828,right_u_turn
844202,-0.0105,-0.0631,0.8840,0.4725,-2.0912,0.3413,1000.8792,right_u_turn
844262,0.0697,0.0608,1.0229,1.2950,0.0875,0.2013,1000.8647,right_u_turn
844322,0.0095,-0.0102,0.9453,-0.4375,-0.1050,0.5075,1000.8757,right_u_turn
844382,0.0248,0.0849,0.9074,-0.1750,1.0500,0.1312,1000.8879,right_u_turn
844442,0.0767,0.0815,1.1577,0.2013,3.9113,0.0787,1000.8745,right_u_turn
844502,0.0662,0.0262,1.0214,-0.0962,0.6212,0.3063,1000.8850,right_u_turn
844562,0.0000,-0.0549,0.8239,-0.7525,-2.3537,-0.1138,1000.8850,right_u_turn
844622,0.0437,0.1405,1.0659,-0.6913,-0.0525,-0.2013,1000.8840,right_u_turn
844682,0.0354,0.0152,1.0102,-0.1138,-0.6737,0.3063,1000.8889,right_u_turn
844742,0.0520,0.0637,1.0492,0.0175,2.1437,-0.0262,1000.9019,right_u_turn
844802,0.0856,0.1179,1.0235,0.4725,-0.9625,0.3500,1000.8989,right_u_turn
844862,0.0220,-0.0968,0.8974,-0.9800,0.2975,0.1225,1000.8833,right_u_turn
844922,0.0354,0.0851,0.9801,0.5950,1.0588,0.2800,1000.8867,right_u_turn
844982,0.0533,0.0332,1.0199,0.9712,1.1463,0.3237,1000.8833,right_u_turn
845042,-0.0659,-0.0208,0.7390,-0.0262,-0.6913,0.2275,1000.8889,right_u_turn
845102,0.0398,-0.0120,0.9711,-0.4812,-2.5638,0.1663,1000.8904,right_u_turn
845162,0.1135,0.0295,1.0630,2.1000,1.8900,0.6913,1000.8853,right_u_turn
845222,0.0685,0.0762,0.9853,1.1900,-1.3125,0.3413,1000.8943,right_u_turn
845282,0.0956,0.0215,1.0265,-0.1750,-1.0500,0.3675,1000.8887,right_u_turn
845342,0.0600,0.0437,1.0834,1.8112,2.1613,0.3413,1000.8879,right_u_turn
845402,0.0184,0.0600,0.9001,-0.1575,-1.3212,0.2537,1000.8865,right_u_turn
845462,0.0637,-0.0149,0.9784,-0.2013,-1.2862,0.3150,1000.8860,right_u_turn
845522,0.0556,0.0454,1.0083,1.7675,0.3063,0.2537,1000.8821,right_u_turn
845582,0.0462,0.0247,0.9354,-0.5512,1.2600,0.2537,1000.8850,right_u_turn
845642,0.0142,0.0561,0.8789,0.5863,0.5337,0.1400,1000.8828,right_u_turn
845702,0.1389,0.0576,1.0565,-0.2013,0.8487,0.1663,1000.8945,right_u_turn
845762,0.0700,-0.0156,0.9472,-0.0350,0.1138,0.3150,1000.8955,right_u_turn
845822,0.0537,0.0332,1.0008,-0.0437,1.4438,0.7175,1000.8894,right_u_turn
845882,0.1340,0.1039,1.1416,0.1050,1.0063,0.7613,1000.9050,right_u_turn
845942,0.0666,-0.0002,1.0097,0.5950,1.9600,0.5163,1000.9087,right_u_turn
846002,0.0908,0.0051,1.1009,0.8575,2.2313,0.4988,1000.9077,right_u_turn
846062,0.0468,0.0268,0.9806,1.1200,-0.2625,0.4725,1000.9011,right_u_turn
846122,-0.0014,0.0651,0.9074,-0.9275,0.6650,0.1488,1000.8989,right_u_turn
846182,0.0537,-0.0056,0.9809,-0.6300,1.8200,0.2537,1000.9026,right_u_turn
846242,0.1017,0.0656,1.0038,-0.3675,-0.4112,0.8662,1000.9111,right_u_turn
846302,0.0792,0.0193,0.9996,-1.6275,-1.4438,0.2537,1000.9031,right_u_turn
846362,0.0833,-0.0212,1.0455,1.0588,0.1225,0.2450,1000.9109,right_u_turn
846422,0.1220,0.0447,1.1097,0.6825,0.5425,0.5425,1000.9065,right_u_turn
846482,0.0066,0.0147,0.8969,-0.6125,-1.5925,0.0350,1000.9150,right_u_turn
846542,0.0298,-0.0398,0.9370,0.8925,-1.7237,0.3063,1000.9070,right_u_turn
846602,0.0344,-0.0878,0.9518,2.6337,0.5950,-0.0525,1000.9128,right_u_turn
846662,0.0589,0.0367,0.9850,0.0000,-1.7938,-0.0175,1000.9128,right_u_turn
846722,0.0395,-0.0091,0.9667,1.0063,1.0850,0.2275,1000.9148,right_u_turn
846782,0.0253,0.0354,0.9072,0.9712,-0.7350,0.5775,1000.9226,right_u_turn
846842,0.0517,-0.0498,0.9573,-0.3500,-1.1550,0.4988,1000.9185,right_u_turn
846902,0.0542,0.0309,1.0240,2.0650,-0.4462,0.6737,1000.9167,right_u_turn
846962,0.0855,0.0170,1.0343,2.4762,1.8725,0.2362,1000.9287,right_u_turn
847022,0.0289,0.0097,0.9755,0.5075,-0.4200,0.1925,1000.9292,right_u_turn
847082,0.0731,0.0163,0.9909,-1.0237,-0.8662,1.1113,1000.9287,right_u_turn
847142,0.0644,0.0517,1.0607,-0.0175,0.5075,0.2275,1000.9272,right_u_turn
847202,0.0511,-0.0168,0.9724,-0.0525,0.3675,-0.0700,1000.9250,right_u_turn
847262,0.0366,0.0091,0.9338,0.2800,0.4900,0.0700,1000.9255,right_u_turn
847322,-0.0020,0.0145,0.9574,-1.0412,2.1088,-0.0262,1000.9263,right_u_turn
847382,0.0798,0.0505,1.0116,0.1488,0.3150,-0.1312,1000.9175,right_u_turn
847442,0.0907,0.0068,1.0602,1.3300,1.0850,-0.3762,1000.9307,right_u_turn
847502,0.0576,0.0731,0.9040,0.0175,-1.2075,-0.0875,1000.9307,right_u_turn
847562,0.0836,0.0734,1.0208,0.3850,-0.6388,0.3500,1000.9336,right_u_turn
847622,0.0476,-0.0224,0.9404,-4.6725,2.4413,0.1488,1000.9448,right_u_turn
847682,0.0914,0.0417,1.1524,-0.9187,0.2713,0.2713,1000.9451,right_u_turn
847742,0.0475,-0.0127,0.9872,1.5400,5.6350,-1.2862,1000.9429,right_u_turn
847802,0.1123,-0.0805,0.9592,-0.9712,0.8313,-0.7525,1000.9434,right_u_turn
847862,0.0196,0.0890,0.9714,0.3675,0.2887,0.3762,1000.9500,right_u_turn
847922,0.1183,0.0526,1.0924,-1.3212,0.8838,0.5950,1000.9414,right_u_turn
847982,0.1307,0.0527,1.0911,-0.4550,2.0563,0.3150,1000.9392,right_u_turn
848042,-0.0526,-0.0046,0.8462,2.0038,1.4175,-0.9187,1000.9407,right_u_turn
848102,0.1112,0.0239,0.9974,-0.4812,0.2713,-0.2887,1000.9360,right_u_turn
848162,-0.0195,-0.0317,0.9040,-0.0962,-0.4112,-0.5600,1000.9463,right_u_turn
848222,0.0093,0.0896,1.0546,-0.0962,1.2425,-0.6475,1000.9619,right_u_turn
848282,-0.0230,0.0873,0.9495,-2.1437,-5.3550,-0.8750,1000.9507,right_u_turn
848342,0.1052,0.0188,1.0651,0.7525,-4.9525,-1.1638,1000.9570,right_u_turn
848402,-0.0175,0.0676,0.9845,2.0125,-2.7912,-1.8550,1000.9495,right_u_turn
848462,0.0697,0.0339,0.9777,0.4288,-0.8925,-1.8637,1000.9570,right_u_turn
848522,0.0625,0.0949,1.0192,-0.5863,-1.1812,-2.2925,1000.9492,right_u_turn
848582,0.1188,0.0964,1.1100,0.5163,0.7000,-2.4850,1000.9421,right_u_turn
848642,0.0256,0.0435,0.9140,-1.0588,0.4462,-2.6425,1000.9468,right_u_turn
848702,0.0532,0.0148,0.9318,-1.9250,0.4550,-3.3863,1000.9417,right_u_turn
848762,0.0595,0.0908,0.9772,0.8925,0.8487,-3.7800,1000.9441,right_u_turn
848822,0.0183,0.1034,0.8984,1.1638,-0.3325,-4.9000,1000.9468,right_u_turn
848882,0.0464,0.1047,0.9484,1.6450,2.0563,-5.5212,1000.9482,right_u_turn
848942,0.0324,0.0739,0.9841,0.6475,1.0588,-6.2475,1000.9500,right_u_turn
849002,0.0522,0.1237,1.0308,2.0125,1.5400,-7.5687,1000.9597,right_u_turn
849062,0.0266,0.1186,0.9845,0.3938,1.1375,-8.4438,1000.9463,right_u_turn
849122,0.0611,0.1765,1.0122,1.4175,-0.0262,-10.0275,1000.9626,right_u_turn
849182,0.0622,0.1478,1.0923,2.9662,1.4787,-11.8125,1000.9514,right_u_turn
849242,0.0088,0.1649,0.8869,2.8788,0.3675,-13.3000,1000.9497,right_u_turn
849302,0.1164,0.1921,1.0124,-1.2337,-0.9538,-13.5100,1000.9377,right_u_turn
849362,0.0027,0.1703,0.9513,1.2250,-0.1575,-14.9275,1000.9392,right_u_turn
849422,0.0536,0.1424,0.9884,0.9275,-0.6913,-15.3825,1000.9404,right_u_turn
849482,0.0876,0.1838,0.9679,1.0237,-1.9600,-16.3975,1000.9290,right_u_turn
849542,0.0173,0.1922,0.9848,-2.3800,-3.7800,-17.6750,1000.9409,right_u_turn
849602,0.1274,0.1732,1.1041,-2.0738,-0.6825,-17.8062,1000.9338,right_u_turn
849662,0.0695,0.2267,0.9653,-0.7175,0.1750,-19.8888,1000.9338,right_u_turn
849722,0.0571,0.1366,1.1033,-2.3712,2.2050,-20.3875,1000.9365,right_u_turn
849782,0.0606,0.1423,1.0416,1.3563,0.8400,-21.5425,1000.9473,right_u_turn
849842,0.0162,0.1732,0.9101,0.8662,-0.4812,-22.6450,1000.9312,right_u_turn
849902,0.1139,0.1862,0.9811,0.8050,0.0525,-23.3275,1000.9382,right_u_turn
849962,0.1281,0.2766,0.9326,0.6125,0.3587,-23.1963,1000.9363,right_u_turn
850022,0.2111,0.2009,0.9453,0.2537,2.0475,-24.8675,1000.9343,right_u_turn
850082,0.1755,0.2452,1.0188,0.3762,0.4900,-26.5387,1000.9192,right_u_turn
850142,0.1063,0.3028,0.8883,2.7738,-0.2362,-27.3525,1000.9290,right_u_turn
850202,0.1174,0.3026,0.9970,-0.8225,-1.3650,-27.6850,1000.9390,right_u_turn
850262,0.0415,0.3212,0.8682,-3.5175,-0.0787,-27.7200,1000.9409,right_u_turn
850322,0.0676,0.2201,1.0084,-2.3363,1.4700,-28.3500,1000.9211,right_u_turn
850382,0.0376,0.1679,0.9224,-0.9538,-2.9488,-28.7087,1000.9363,right_u_turn
850442,0.0552,0.2178,1.0568,0.0787,-0.0350,-30.3538,1000.9470,right_u_turn
850502,0.0505,0.2128,0.9674,0.8750,-1.7062,-29.8288,1000.9453,right_u_turn
850562,0.0527,0.1823,0.9716,0.6388,-2.6512,-29.7062,1000.9351,right_u_turn
850622,0.0573,0.1798,0.9223,0.6562,-3.0538,-29.9688,1000.9387,right_u_turn
850682,0.1349,0.2232,1.0150,-0.0175,-1.3825,-30.0037,1000.9419,right_u_turn
850742,0.1169,0.2750,0.9802,0.9975,-1.5400,-30.2138,1000.9333,right_u_turn
850802,0.1578,0.2589,1.0768,-0.7350,-0.9975,-30.0037,1000.9399,right_u_turn
850862,0.0915,0.2218,0.9823,-1.7850,-0.1838,-30.3888,1000.9326,right_u_turn
850922,0.0796,0.2023,0.9477,-1.0150,-0.2362,-30.4500,1000.9285,right_u_turn
850982,0.0997,0.1854,1.0143,0.6037,-1.8637,-30.3363,1000.9331,right_u_turn
851042,0.0694,0.1854,1.0027,1.8288,-1.0325,-30.7913,1000.9324,right_u_turn
851102,0.0497,0.2191,0.9929,1.2950,0.0787,-30.7650,1000.9417,right_u_turn
851162,0.0586,0.2053,0.9668,0.8575,0.2275,-30.1787,1000.9460,right_u_turn
851222,0.0540,0.1820,1.0056,1.3650,-0.9013,-30.1875,1000.9304,right_u_turn
851282,0.0820,0.2399,0.9775,0.0787,-1.1287,-30.2225,1000.9260,right_u_turn
851342,0.0692,0.2276,1.0204,-0.0875,0.2625,-30.0387,1000.9314,right_u_turn
851402,0.0624,0.2042,0.9414,0.8138,-2.0387,-30.0562,1000.9326,right_u_turn
851462,0.0698,0.2350,1.0141,-0.6475,-1.0500,-29.8113,1000.9272,right_u_turn
851522,0.0600,0.2236,0.9445,-0.4462,-3.3075,-30.2575,1000.9280,right_u_turn
851582,0.0486,0.1867,1.0116,0.2450,-0.6825,-29.8813,1000.9399,right_u_turn
851642,0.0317,0.1871,1.0024,-0.0875,0.2975,-30.2488,1000.9197,right_u_turn
851702,0.0349,0.1939,0.9379,0.0962,-0.6037,-30.1350,1000.9316,right_u_turn
851762,0.0391,0.2164,0.9992,-0.1575,-0.8925,-30.6250,1000.9221,right_u_turn
851822,0.0307,0.2317,0.9296,0.5950,0.3762,-31.1938,1000.9133,right_u_turn
851882,0.0390,0.2445,0.9521,-0.4112,-1.3212,-30.9137,1000.9150,right_u_turn
851942,0.0334,0.2292,0.9747,0.0088,-1.0412,-30.9925,1000.9282,right_u_turn
852002,0.0373,0.2469,1.0012,-0.2800,0.2275,-31.1413,1000.9192,right_u_turn
852062,0.0273,0.2136,0.9423,-0.4812,-2.1437,-31.1325,1000.9270,right_u_turn
852122,0.0615,0.2037,0.9107,-0.8750,-2.5463,-31.3775,1000.9209,right_u_turn
852182,0.0356,0.2079,1.0019,-1.0063,-1.0150,-31.6663,1000.9211,right_u_turn
852242,0.0593,0.2375,0.9726,-0.3237,-1.0762,-31.3337,1000.9158,right_u_turn
852302,0.0532,0.2921,1.0267,0.5863,-0.4988,-30.8263,1000.9111,right_u_turn
852362,0.1121,0.2421,0.9728,-1.1988,-0.7788,-31.0450,1000.9048,right_u_turn
852422,0.0891,0.2350,1.0509,-1.4000,-0.8400,-30.9050,1000.9143,right_u_turn
852482,0.0669,0.1992,0.9955,-1.7325,-1.3212,-31.4387,1000.9207,right_u_turn
852542,0.0708,0.2328,0.9740,-1.5662,-0.9187,-31.1413,1000.9309,right_u_turn
852602,0.0501,0.2167,1.0102,0.2100,1.2337,-31.0975,1000.9172,right_u_turn
852662,0.0510,0.2391,1.0221,-0.2450,0.4025,-31.3687,1000.9263,right_u_turn
852722,0.0154,0.2074,0.9191,-1.0588,-0.3938,-31.3512,1000.9246,right_u_turn
852782,0.0630,0.2045,1.0626,0.0613,0.7262,-31.3337,1000.9243,right_u_turn
852842,0.0343,0.2420,0.9781,1.0063,0.0700,-31.2463,1000.9282,right_u_turn
852902,0.0534,0.2330,0.9890,0.5163,-0.8138,-31.5788,1000.9180,right_u_turn
852962,0.0135,0.2287,0.9733,1.3038,-0.7262,-31.4125,1000.9128,right_u_turn
853022,0.0304,0.2315,0.9911,1.1287,0.0262,-31.3862,1000.9175,right_u_turn
853082,0.0702,0.2227,1.0236,0.4200,-1.8987,-31.5700,1000.9226,right_u_turn
853142,0.0310,0.2071,0.9848,1.0412,-0.4025,-31.4387,1000.9236,right_u_turn
853202,0.0573,0.2194,1.0293,0.4725,-0.7175,-31.4912,1000.9270,right_u_turn
853262,0.0265,0.2308,0.9514,0.4288,-1.1725,-31.9550,1000.9304,right_u_turn
853322,0.0562,0.2560,1.0311,-0.0175,-0.5863,-31.8762,1000.9272,right_u_turn
853382,0.0077,0.2553,0.9826,-0.1225,-0.2450,-31.9900,1000.9321,right_u_turn
853442,-0.0240,0.2679,0.9509,-0.9275,-0.9100,-32.5325,1000.9316,right_u_turn
853502,0.0461,0.2242,1.0124,-0.1138,-0.6125,-32.7250,1000.9258,right_u_turn
853562,-0.0160,0.2750,0.9677,1.3650,-1.0063,-32.5325,1000.9373,right_u_turn
853622,0.0059,0.2984,1.0241,1.5225,-0.7350,-33.2938,1000.9351,right_u_turn
853682,0.0251,0.2664,0.9612,-3.3775,-0.1575,-32.4538,1000.9304,right_u_turn
853742,0.0191,0.2850,1.0135,-3.9987,2.0650,-32.1475,1000.9307,right_u_turn
853802,0.0476,0.2177,0.9758,-2.6337,1.8200,-31.8237,1000.9270,right_u_turn
853862,-0.0171,0.1950,0.9457,-0.4375,-0.7788,-32.4450,1000.9268,right_u_turn
853922,-0.0298,0.1913,0.9553,0.2713,-0.1925,-32.8387,1000.9253,right_u_turn
853982,-0.0464,0.2204,0.9616,1.7150,1.2337,-31.8587,1000.9324,right_u_turn
854042,-0.0542,0.1860,0.9590,1.2600,-0.0175,-30.3100,1000.9387,right_u_turn
854102,-0.0188,0.2099,1.0607,0.9538,-0.6300,-29.3037,1000.9397,right_u_turn
854162,-0.0811,0.2210,1.0404,1.1638,1.3475,-28.4112,1000.9460,right_u_turn
854222,-0.0104,0.2498,0.9323,0.1663,-0.5337,-28.0000,1000.9451,right_u_turn
854282,-0.0197,0.2306,1.0277,-0.2713,0.3325,-27.1250,1000.9556,right_u_turn
854342,-0.0171,0.2574,1.0518,2.0738,0.5775,-26.6612,1000.9473,right_u_turn
854402,-0.0344,0.2256,0.9132,-1.1550,-2.8438,-26.8275,1000.9595,right_u_turn
854462,-0.0345,0.2521,0.9340,0.6037,-2.0475,-26.5037,1000.9509,right_u_turn
854522,-0.0049,0.2291,1.0311,0.4112,-0.6300,-26.5650,1000.9607,right_u_turn
854582,-0.0190,0.2355,0.9955,-0.9100,0.0700,-26.1712,1000.9619,right_u_turn
854642,-0.0595,0.2460,1.0222,-2.1613,-1.7763,-25.8475,1000.9614,right_u_turn
854702,-0.0703,0.1391,0.9870,-2.0125,-0.6737,-24.7188,1000.9590,right_u_turn
854762,-0.0950,0.1173,0.9350,-2.2050,-0.5250,-24.1675,1000.9512,right_u_turn
854822,-0.0925,0.1461,0.9523,-1.2337,-0.8138,-22.7500,1000.9543,right_u_turn
854882,-0.0983,0.1713,0.9055,-0.3762,-0.6388,-20.9387,1000.9578,right_u_turn
854942,-0.1447,0.0949,0.9059,-0.8575,-0.2450,-19.0312,1000.9546,right_u_turn
855002,-0.0664,0.0551,1.0148,-0.7437,0.7350,-17.3425,1000.9541,right_u_turn
855062,-0.0852,0.1069,1.0021,1.1988,1.0762,-15.9250,1000.9556,right_u_turn
855122,-0.1084,0.0813,0.9988,0.7437,0.4288,-14.6912,1000.9609,right_u_turn
855182,0.0063,0.0793,1.1036,-0.2188,0.5425,-12.9325,1000.9685,right_u_turn
855242,-0.0769,0.0537,0.9811,0.8050,-0.4725,-11.6812,1000.9614,right_u_turn
855302,-0.0276,0.0503,1.0375,-0.8313,-2.2487,-10.4038,1000.9453,right_u_turn
855362,-0.1215,0.0439,0.9690,-1.1725,-0.3850,-9.1788,1000.9607,right_u_turn
855422,-0.0562,0.0507,1.0319,0.6562,0.1400,-7.7875,1000.9568,right_u_turn
855482,-0.0944,0.0266,0.9701,-0.2100,0.7000,-6.9037,1000.9575,right_u_turn
855542,-0.0900,0.0273,0.9331,-0.9887,-0.7700,-5.7663,1000.9619,right_u_turn
855602,-0.0683,-0.0004,0.9936,0.0787,1.3475,-5.2587,1000.9561,right_u_turn
855662,-0.0385,-0.0151,1.0544,-0.3063,-0.6562,-4.1388,1000.9609,right_u_turn
855722,-0.0534,-0.0077,0.9674,0.7000,0.7962,-3.4125,1000.9460,right_u_turn
855782,-0.0530,0.0298,0.9368,1.4000,0.0613,-2.9925,1000.9695,right_u_turn
855842,-0.0642,0.0500,1.0654,1.6187,0.4025,-2.8000,1000.9709,right_u_turn
855902,-0.1025,0.0701,0.9506,1.4612,0.9275,-3.3163,1000.9634,right_u_turn
855962,-0.0744,0.0856,0.9580,0.2713,-1.5488,-3.6400,1000.9800,right_u_turn
856022,-0.0561,0.0940,1.0104,-0.0088,-0.6212,-3.3600,1000.9639,right_u_turn
856082,-0.0651,0.0486,1.0305,-0.5337,1.0762,-3.1850,1000.9360,right_u_turn
856142,-0.0544,0.0444,0.9714,-0.7350,-0.0875,-3.5000,1000.9563,right_u_turn
856202,-0.0375,0.0829,1.0099,-1.3825,-0.9625,-3.4825,1000.9651,right_u_turn
856262,-0.0473,0.0536,1.0028,-0.3675,-0.0175,-3.7275,1000.9636,right_u_turn
856322,-0.0895,0.0654,0.9545,0.8925,0.0000,-3.8675,1000.9551,right_u_turn
856382,-0.1085,-0.0046,0.9682,-0.0613,0.8400,-3.7887,1000.9463,right_u_turn
856442,-0.0325,0.1174,1.1120,1.7850,-0.7875,-3.5000,1000.9607,right_u_turn
856502,-0.0013,0.0212,1.0726,0.7875,0.6650,-2.8612,1000.9424,right_u_turn
856562,-0.0567,0.0917,0.9345,0.9800,1.2162,-2.8788,1000.9526,right_u_turn
856622,-0.0414,0.0292,0.9819,-0.3150,0.9538,-3.0800,1000.9617,right_u_turn
856682,-0.0241,0.1454,0.9351,-0.2625,0.5512,-2.9050,1000.9585,right_u_turn
856742,0.0090,0.0231,1.0085,-0.6913,-0.1050,-2.8963,1000.9553,right_u_turn
856802,0.0161,0.0434,1.0858,-0.9538,-0.3500,-2.4850,1000.9446,right_u_turn
856862,0.0021,0.1046,1.1297,1.2425,-0.1925,-1.8375,1000.9321,right_u_turn
856922,0.0005,0.0298,1.1161,-0.3850,0.7262,-1.8637,1000.9355,right_u_turn
856982,-0.0837,0.0245,0.9481,1.8375,1.3300,-1.8987,1000.9497,right_u_turn
857042,-0.0783,0.0779,0.9928,-0.7000,0.6300,-1.8987,1000.9404,right_u_turn
857102,-0.0912,-0.0100,0.9282,0.3675,0.7613,-1.5225,1000.9404,right_u_turn
857162,-0.0754,0.0112,0.9478,-0.4988,1.8550,-1.0063,1000.9473,right_u_turn
857222,-0.0683,0.0032,0.9694,-0.0875,0.8575,-1.4175,1000.9500,right_u_turn
857282,-0.0202,0.0334,0.9651,0.7525,-1.4175,-1.2250,1000.9399,right_u_turn
857342,0.0176,0.0794,1.0878,1.0325,0.9887,-1.1463,1000.9443,right_u_turn
857402,0.0019,0.0242,0.9860,-0.3063,0.0175,-1.1287,1000.9312,right_u_turn
857462,0.0134,0.0393,1.0204,0.3762,-1.3825,-1.1638,1000.9280,right_u_turn
857522,0.0247,0.0631,1.0475,-0.4462,-0.9013,-0.8400,1000.9387,right_u_turn
857582,-0.0317,0.0110,1.0058,0.6300,-0.2713,-1.0675,1000.9258,right_u_turn
857642,-0.0451,-0.0032,1.0143,0.2013,-0.9100,-0.7613,1000.9233,right_u_turn
857702,0.0503,0.0468,1.0985,0.6037,-1.3825,-0.9887,1000.9250,right_u_turn
857762,-0.0242,0.0683,0.9853,-0.2975,-0.5250,-0.7613,1000.9312,right_u_turn
857822,-0.0410,0.0022,0.9807,1.2862,2.2487,-0.9800,1000.9377,right_u_turn
857882,-0.0093,0.0408,0.9951,0.4200,1.6450,-1.0938,1000.9312,right_u_turn
857942,0.0254,0.0271,0.9648,0.2100,0.2887,-0.7613,1000.9292,right_u_turn
858002,0.0071,0.0594,1.0534,0.2100,0.2013,-0.8750,1000.9285,right_u_turn
858062,0.0559,0.0611,1.1860,0.8487,5.4250,-1.0762,1000.9177,right_u_turn
858122,-0.0978,-0.0208,0.8964,-0.3938,0.1312,-1.1375,1000.9358,right_u_turn
858182,0.0058,0.0115,1.0135,0.2887,-0.0787,-1.0063,1000.9353,right_u_turn
858242,0.0170,0.0365,1.0192,-0.3675,0.3237,-0.9013,1000.9307,right_u_turn
858302,-0.0681,-0.0343,1.0538,1.1200,0.9187,-1.4262,1000.9348,right_u_turn
858362,0.0020,-0.0085,1.0338,0.3850,1.8375,-1.3475,1000.9307,right_u_turn
858422,0.0390,-0.0048,1.0560,-1.6537,-1.2337,-0.7262,1000.9453,right_u_turn
858482,-0.0139,-0.0410,0.9809,0.3938,-0.7175,-0.8225,1000.9487,right_u_turn
858542,-0.1049,-0.0529,0.9255,2.7825,-1.4438,-0.5163,1000.9417,right_u_turn
858602,0.0124,-0.0647,1.0226,-1.1988,-0.1925,-0.0350,1000.9141,right_u_turn
858662,0.0220,-0.0002,1.0260,0.0088,-0.4288,0.0787,1000.9504,right_u_turn
858722,0.0328,0.1021,1.0024,-0.5950,-0.6475,0.0437,1000.9414,right_u_turn
858782,0.0481,-0.0165,1.0783,1.2600,2.5900,0.2625,1000.9287,right_u_turn
858842,0.0470,0.0179,1.0321,1.5575,2.0650,-0.2887,1000.9326,right_u_turn
858902,0.0290,0.0256,1.0899,0.6650,-0.3762,0.6212,1000.9260,right_u_turn
858962,0.0135,0.0371,1.0494,1.9600,0.9275,0.7175,1000.9473,right_u_turn
859022,-0.0027,-0.0195,0.9947,1.2075,0.4550,0.4375,1000.9573,right_u_turn
859082,0.0207,0.0020,1.0350,-1.1375,0.2800,0.4462,1000.9514,right_u_turn
859142,0.0079,0.0586,0.9746,0.3587,-1.7675,0.8313,1000.9426,right_u_turn
859202,0.0007,0.0193,0.9460,0.8662,-2.8700,0.8313,1000.9380,right_u_turn
859262,0.0512,0.0356,1.0121,0.0262,-0.8575,0.5950,1000.9487,right_u_turn
859322,0.0386,-0.0729,0.9507,-0.4112,-0.6825,0.8487,1000.9341,right_u_turn
859382,0.0068,0.0193,1.0219,-0.4462,-1.5488,1.1812,1000.9460,right_u_turn
859442,-0.0090,0.0434,0.9603,1.2600,-0.0787,0.4638,1000.9504,right_u_turn
859502,0.0054,0.0239,0.9767,1.5575,0.1663,0.6475,1000.9236,right_u_turn
859562,-0.0090,-0.0115,0.9489,0.0262,-0.9362,0.6825,1000.9319,right_u_turn
859622,0.0227,0.0290,1.0455,1.0150,1.1900,0.8313,1000.9294,right_u_turn
859682,0.0220,0.0256,1.0367,1.1550,1.3475,0.8750,1000.9360,right_u_turn
859742,-0.0458,0.0134,0.9764,-0.7350,0.9800,0.6037,1000.9417,right_u_turn
859802,0.0122,0.0298,0.9836,0.9100,-0.2100,0.3850,1000.9426,right_u_turn
859862,0.0465,0.0062,1.0555,-0.9013,0.3850,0.8662,1000.9258,right_u_turn
859922,-0.0397,0.0544,0.9113,-0.0262,-0.9450,0.6388,1000.9229,right_u_turn
859982,-0.0038,-0.0296,0.9992,-0.6125,-1.1638,0.5163,1000.9224,right_u_turn
860042,0.0188,-0.0051,1.0245,0.9625,0.5950,0.5600,1000.9285,right_u_turn
860102,0.0290,0.0278,1.0438,2.1700,0.9887,0.6300,1000.9480,right_u_turn
860162,-0.0290,-0.0098,0.9979,-0.1488,-0.4375,0.8400,1000.9224,right_u_turn
860222,0.0327,0.0456,1.0156,0.5250,1.2862,0.6212,1000.9463,right_u_turn
860282,0.0137,-0.0098,1.0529,-0.7262,0.8400,1.0762,1000.9277,right_u_turn
860342,-0.0210,-0.0661,0.9365,-0.1312,0.4025,0.5512,1000.9180,right_u_turn
860402,0.0073,0.0364,1.0275,0.0700,-2.0387,0.6913,1000.9243,right_u_turn
860462,0.0364,0.0229,0.9645,0.6125,-0.7525,0.7788,1000.9324,right_u_turn
860522,0.0357,-0.0232,1.0346,0.2013,-0.9712,0.8313,1000.9265,right_u_turn
860582,0.0146,0.0635,1.0500,0.2013,1.1550,0.9450,1000.9219,right_u_turn
860642,0.0169,-0.0303,0.9836,-0.0962,-0.1925,0.9362,1000.9302,right_u_turn
860702,-0.0224,0.0493,0.9250,-1.1287,-2.7037,0.8313,1000.9329,right_u_turn
860762,-0.0323,-0.0661,0.9306,2.2662,0.4725,0.9450,1000.9143,right_u_turn
860822,0.0695,-0.0218,1.0397,-1.2425,-1.1113,0.4988,1000.9353,right_u_turn
860882,0.0379,-0.0073,0.9921,-0.3587,-2.4325,0.9975,1000.9224,right_u_turn
860942,0.0137,-0.0137,0.9296,-0.1312,-1.6537,0.7000,1000.9370,right_u_turn
861002,0.0122,0.0037,0.9892,-1.0938,-1.0762,0.5425,1000.9360,right_u_turn
861062,0.0622,-0.0159,1.0065,-0.2275,-0.9450,0.3063,1000.9170,right_u_turn
861122,0.0722,0.0034,0.9938,-0.2713,-1.4000,0.2713,1000.9146,right_u_turn
861182,0.0220,-0.0176,0.9545,0.4725,-3.4037,0.0613,1000.9138,right_u_turn
861242,0.1105,0.0205,1.1178,0.7700,0.6300,0.2362,1000.9070,right_u_turn
861302,0.0869,0.0107,0.9599,1.2775,-0.8487,0.6125,1000.9055,right_u_turn
861362,0.0991,0.0332,1.0075,-0.5163,0.1925,0.6125,1000.9006,right_u_turn
861422,0.0383,0.0580,0.9778,0.2800,0.4812,0.5425,1000.9128,right_u_turn
861482,0.0359,0.0527,1.0300,0.6737,0.0875,0.3850,1000.9087,right_u_turn
861542,0.0278,0.0442,1.0468,-0.3237,0.9187,0.0525,1000.9138,right_u_turn
861602,0.0339,0.0003,1.0736,-1.4700,-0.6737,0.1838,1000.9197,right_u_turn
861662,0.0344,0.0085,1.0707,0.5950,0.5163,0.3850,1000.9211,right_u_turn
861722,-0.0174,0.0328,0.9839,-0.0262,1.5137,0.7000,1000.9023,right_u_turn
861782,0.0179,0.0229,0.9814,-0.3762,0.9275,0.4900,1000.9241,right_u_turn
861842,0.0378,0.0737,1.0141,1.6363,1.7413,0.1838,1000.9287,right_u_turn
861902,0.0425,-0.0256,1.0016,0.4988,0.7262,0.2188,1000.9148,right_u_turn
861962,0.0559,0.0181,1.0587,0.9712,1.5225,0.3500,1000.9167,right_u_turn
862022,0.0163,0.0154,1.0142,0.7000,0.4375,0.3675,1000.9321,right_u_turn
862082,-0.0087,0.0018,0.9660,0.7088,0.0525,0.3850,1000.9272,right_u_turn
862142,0.0345,0.0218,0.9635,-0.3675,-0.1312,0.5425,1000.9333,right_u_turn
862202,-0.0066,0.0002,0.9534,0.3413,2.2050,0.3850,1000.9246,right_u_turn
862262,0.0595,0.0253,1.0101,-0.8487,-0.3500,0.4025,1000.9395,right_u_turn
862322,0.0778,-0.0855,0.9367,0.6737,0.4900,0.8400,1000.9360,right_u_turn
862382,0.0459,0.1220,1.1597,0.7525,2.4062,0.2625,1000.9302,right_u_turn
862442,0.0100,0.0107,0.9821,1.5312,-0.2800,0.5688,1000.9397,right_u_turn
862502,0.0442,0.0015,1.0130,1.1200,-0.5600,-0.1312,1000.9380,right_u_turn
862562,0.0798,0.0191,1.0255,0.1138,-2.1088,0.0787,1000.9314,right_u_turn
862622,0.1188,-0.0317,1.0950,-1.9950,-1.8550,0.2713,1000.9333,right_u_turn
862682,0.0669,0.0223,0.9721,0.9800,-0.9975,0.0613,1000.9404,right_u_turn
862742,0.0873,0.0206,1.0413,-1.4262,-0.9800,0.5950,1000.9514,right_u_turn
862802,0.0464,0.0223,0.9851,0.0262,-0.7088,0.1838,1000.9385,right_u_turn
862862,0.0874,0.0069,1.0258,-0.5163,0.8138,0.1663,1000.9514,right_u_turn
862922,0.0691,-0.0173,0.9518,0.3762,-0.3325,0.1488,1000.9412,right_u_turn
862982,0.1076,0.0261,1.0509,0.6475,1.3475,0.0088,1000.9631,right_u_turn
863042,0.0529,-0.0332,0.9599,-0.3237,1.1988,0.3675,1000.9700,right_u_turn
863102,0.1030,-0.0512,0.9856,0.2887,-0.4550,0.9712,1000.9485,right_u_turn
863162,0.0612,0.0595,0.9082,1.3650,-1.2513,0.3762,1000.9412,right_u_turn
863222,0.0820,0.0404,1.0873,-0.6650,-0.4550,0.2188,1000.9426,right_u_turn
863282,0.0607,0.0315,0.9947,0.9013,0.6475,0.2188,1000.9377,right_u_turn
863342,0.0509,-0.0049,1.0150,-0.0700,0.0437,-0.0962,1000.9424,right_u_turn
863402,0.0514,0.0124,0.9804,-0.5337,-0.4638,0.4462,1000.9409,right_u_turn
863462,-0.0002,-0.0287,0.9657,0.8225,-0.2013,0.3500,1000.9333,right_u_turn
863522,0.0966,0.0190,1.1061,0.6650,-1.6888,0.3063,1000.9419,right_u_turn
863582,-0.0449,-0.0329,0.8852,-0.9100,0.0962,-0.1925,1000.9568,right_u_turn
863642,0.0583,-0.0883,0.9518,1.6712,-1.1113,0.1575,1000.9583,right_u_turn
863702,0.0937,0.1304,1.1122,0.8838,0.2362,0.4112,1000.9644,right_u_turn
863762,0.0436,0.0493,1.0932,-0.9450,0.8313,0.4812,1000.9666,right_u_turn
863822,0.0581,0.0276,1.0066,1.2687,-0.4638,0.4375,1000.9805,right_u_turn
863882,0.1037,0.0222,1.0526,-0.4550,0.1400,0.3325,1000.9473,right_u_turn
863942,0.1047,0.0647,1.0637,-1.0412,-0.5163,0.3938,1000.9697,right_u_turn
864002,0.0892,0.0161,1.0488,0.3150,-0.1312,0.4725,1000.9675,right_u_turn
864062,0.0479,0.0463,1.0743,1.7062,0.7000,-0.0437,1000.9490,right_u_turn
864122,0.0500,0.0666,1.0214,-1.1463,0.4200,0.4900,1000.9424,right_u_turn
864182,0.1088,0.0196,1.0783,0.4812,0.3675,0.1312,1000.9475,right_u_turn
864242,0.0129,-0.0305,0.7962,-1.7062,-2.6775,0.1663,1000.9841,right_u_turn
864302,0.0608,0.0505,1.0552,1.1200,0.2013,0.0787,1000.9697,right_u_turn
864362,0.0625,0.0060,0.9480,-0.6475,0.3850,-0.1225,1000.9702,right_u_turn
864422,0.0651,-0.0418,0.9701,0.9800,-0.8575,0.0437,1000.9758,right_u_turn
864482,0.0190,0.0068,0.9989,0.8487,1.0325,-0.0437,1000.9668,right_u_turn
864542,0.0837,0.0066,1.0543,-0.2887,-0.1750,0.2100,1000.9539,right_u_turn
864602,0.0514,0.0148,0.9281,-0.3413,-1.9600,0.5337,1000.9639,right_u_turn
864662,0.0322,0.0868,1.0451,0.2013,-0.6650,0.2013,1000.9651,right_u_turn
864722,0.0312,-0.0007,1.0033,-0.0437,0.3762,0.0875,1000.9753,right_u_turn
864782,0.0358,0.0625,1.0704,0.9450,1.7587,0.2713,1000.9646,right_u_turn
864842,0.0687,0.0439,1.1011,0.3850,-0.0088,-0.0962,1000.9688,right_u_turn
864902,0.0257,0.0236,1.0167,1.6888,0.5075,0.0262,1000.9734,right_u_turn
864962,0.0099,-0.0014,0.9589,0.7088,-0.4900,-0.2713,1000.9731,right_u_turn
865022,0.0503,0.0487,1.0249,-0.1488,-0.5600,0.0350,1000.9683,right_u_turn
865082,0.0476,0.0336,1.0299,1.5225,-0.4638,0.1312,1000.9678,right_u_turn
865142,0.0113,0.0154,0.9714,0.3237,0.0875,0.1138,1000.9783,right_u_turn
865202,0.0220,0.0439,1.0375,0.0000,0.4375,0.2625,1000.9700,right_u_turn
865262,0.0576,-0.0276,1.0209,-0.6562,0.5950,0.2625,1000.9578,right_u_turn
865322,0.0146,0.0461,0.9450,0.0000,-0.2275,0.0437,1000.9692,right_u_turn
865382,0.0173,0.0386,1.0350,2.0125,1.4787,-0.2887,1000.9749,right_u_turn
865442,0.0467,-0.0004,0.9990,1.2075,0.1050,-0.5775,1000.9753,right_u_turn
865502,0.0251,0.0320,0.9299,1.2337,-1.6712,-1.0938,1000.9631,right_u_turn
865562,0.0964,0.0806,1.0172,1.1375,-1.5750,-1.6013,1000.9756,right_u_turn
865622,0.0849,0.1297,1.0549,1.2687,-0.1838,-2.1875,1000.9648,right_u_turn
865682,0.0847,0.1642,1.0264,0.2887,1.8725,-3.2900,1000.9600,right_u_turn
865742,0.0236,0.0838,0.9467,0.9712,0.2450,-4.9612,1000.9614,right_u_turn
865802,0.0845,0.1906,1.0693,0.7350,1.9425,-5.7488,1000.9558,right_u_turn
865862,0.0384,0.1180,0.9898,0.5425,1.0237,-7.0525,1000.9629,right_u_turn
865922,0.0791,0.1366,1.0917,0.5250,0.0962,-7.5338,1000.9658,right_u_turn
865982,0.0486,0.1415,0.9568,0.3938,0.6300,-9.0825,1000.9675,right_u_turn
866042,0.0935,0.1371,1.0673,0.4550,1.0850,-10.2812,1000.9556,right_u_turn
866102,0.0644,0.1944,1.0326,0.8575,1.1113,-11.2087,1000.9685,right_u_turn
866162,0.0737,0.1418,0.9596,1.1463,-0.6300,-12.5125,1000.9639,right_u_turn
866222,0.0684,0.1693,1.0160,1.1287,0.7088,-13.5013,1000.9492,right_u_turn
866282,0.0554,0.2033,0.9851,1.1638,-0.0088,-14.8488,1000.9490,right_u_turn
866342,0.0742,0.1728,0.9938,0.4550,0.0437,-15.5400,1000.9490,right_u_turn
866402,0.0698,0.1877,0.9794,-0.5425,-0.1488,-16.1175,1000.9724,right_u_turn
866462,0.0581,0.1688,0.9956,-0.0787,0.0437,-17.4125,1000.9561,right_u_turn
866522,0.0500,0.1786,0.9723,0.9275,0.1838,-18.5063,1000.9556,right_u_turn
866582,0.0663,0.1464,1.0066,0.0088,0.4988,-19.1450,1000.9661,right_u_turn
866642,0.0731,0.2010,1.0399,0.7875,-0.0525,-19.6175,1000.9587,right_u_turn
866702,0.1071,0.1801,1.0268,-0.6562,-0.0962,-20.0987,1000.9697,right_u_turn
866762,0.0790,0.1371,0.9782,0.1575,0.3325,-20.3263,1000.9587,right_u_turn
866822,0.0415,0.1462,0.9648,1.8637,0.6388,-21.2712,1000.9604,right_u_turn
866882,0.0639,0.1826,0.9704,1.3737,1.2162,-21.4025,1000.9626,right_u_turn
866942,0.0666,0.1769,1.0111,0.0262,0.5163,-21.3937,1000.9641,right_u_turn
867002,0.0525,0.2051,0.9077,1.1550,0.0000,-21.9188,1000.9641,right_u_turn
867062,0.1005,0.1996,0.9928,0.1138,-0.7000,-22.3913,1000.9644,right_u_turn
867122,0.0263,0.1993,0.9669,1.3825,-0.1575,-23.8263,1000.9749,right_u_turn
867182,0.0852,0.2619,0.9822,2.0387,-0.6388,-24.3250,1000.9749,right_u_turn
867242,0.0830,0.2103,1.0017,0.3500,0.5600,-24.5788,1000.9741,right_u_turn
867302,0.0381,0.1884,0.9889,-0.9187,-0.7613,-25.2700,1000.9658,right_u_turn
867362,0.1032,0.1875,1.0194,-0.6300,-0.3325,-25.3400,1000.9692,right_u_turn
867422,0.0937,0.2167,1.0338,-2.1437,-0.3150,-26.0575,1000.9753,right_u_turn
867482,0.1022,0.2259,1.0045,-0.8662,-0.5512,-26.6700,1000.9736,right_u_turn
867542,0.0899,0.1505,0.9809,0.0175,0.7613,-27.2038,1000.9741,right_u_turn
867602,0.1352,0.2272,1.0606,-1.3913,-0.3675,-26.9850,1000.9683,right_u_turn
867662,0.0953,0.1911,0.9977,0.3850,1.4262,-27.0375,1000.9739,right_u_turn
867722,0.0376,0.1954,0.9503,1.3737,0.3675,-27.0550,1000.9766,right_u_turn
867782,0.0370,0.2364,0.9409,0.6650,-0.2100,-27.1775,1000.9822,right_u_turn
867842,0.0783,0.1879,0.9850,2.1088,0.1225,-27.5012,1000.9744,right_u_turn
867902,0.1015,0.2405,1.0510,1.4350,0.8750,-27.9825,1000.9761,right_u_turn
867962,0.1359,0.2474,1.0621,-0.4638,0.2800,-27.6850,1000.9719,right_u_turn
868022,0.0752,0.2655,1.0594,0.4462,2.1175,-28.0088,1000.9788,right_u_turn
868082,0.0542,0.1818,1.0229,-0.8225,-1.4438,-27.7025,1000.9746,right_u_turn
868142,-0.0295,0.1588,0.9743,0.7262,0.0437,-28.2975,1000.9736,right_u_turn
868202,0.0406,0.1254,0.9619,-0.8225,-0.5512,-28.7962,1000.9746,right_u_turn
868262,0.0081,0.1613,0.9997,1.1725,1.3563,-27.7375,1000.9741,right_u_turn
868322,0.0993,0.1731,0.9989,0.9800,-0.3325,-27.5888,1000.9727,right_u_turn
868382,0.0176,0.2060,0.9764,0.0175,0.9800,-27.7375,1000.9878,right_u_turn
868442,0.0495,0.1769,0.9736,-1.5488,0.1488,-27.2125,1000.9714,right_u_turn
868502,0.0502,0.2806,0.9990,-2.2750,0.8925,-27.5450,1000.9666,right_u_turn
868562,0.0334,0.1993,1.0000,-2.4850,0.3325,-27.0287,1000.9680,right_u_turn
868622,-0.0025,0.1069,0.9504,-2.1350,-0.7262,-27.7987,1000.9734,right_u_turn
868682,0.0244,0.1175,0.9770,-0.4375,-0.2100,-27.9650,1000.9783,right_u_turn
868742,-0.0151,0.1703,0.9980,0.5163,-1.2162,-27.6763,1000.9700,right_u_turn
868802,0.0811,0.1883,0.9869,1.1988,-3.3863,-26.0487,1000.9766,right_u_turn
868862,0.0925,0.0959,1.0087,0.2887,-1.4262,-26.6350,1000.9807,right_u_turn
868922,0.0600,0.1325,1.0184,3.1762,-0.8225,-26.2588,1000.9797,right_u_turn
868982,0.1114,0.2396,1.0575,2.7037,-1.6013,-26.7925,1000.9683,right_u_turn
869042,0.0157,0.2401,0.9418,-0.9275,-2.5988,-27.3700,1000.9797,right_u_turn
869102,0.0700,0.2089,1.0333,0.2887,-2.6250,-27.2475,1000.9722,right_u_turn
869162,0.0694,0.2059,1.0231,0.9100,-2.0738,-27.2738,1000.9827,right_u_turn
869222,0.0412,0.2291,0.9802,-0.5863,-1.8987,-27.0025,1000.9683,right_u_turn
869282,0.0669,0.2411,0.9401,-0.5863,-0.5950,-26.6787,1000.9604,right_u_turn
869342,0.0420,0.2115,0.9723,-0.9450,0.6475,-26.2675,1000.9592,right_u_turn
869402,0.0185,0.1606,0.9597,-0.0875,0.1750,-26.9500,1000.9729,right_u_turn
869462,0.0390,0.1815,0.9761,0.7350,0.6825,-27.5012,1000.9727,right_u_turn
869522,0.0422,0.2206,0.9939,1.6275,1.3300,-26.8363,1000.9731,right_u_turn
869582,0.0678,0.2128,1.0299,-0.9538,1.2513,-26.8363,1000.9724,right_u_turn
869642,0.0254,0.1240,0.9711,-1.2513,-1.0938,-27.0462,1000.9846,right_u_turn
869702,-0.0012,0.1977,1.0022,-0.2975,-0.1400,-26.9412,1000.9849,right_u_turn
869762,0.0652,0.1861,1.0289,-0.5337,-0.6475,-26.7488,1000.9924,right_u_turn
869822,0.0002,0.1504,0.9504,-0.1925,-0.7000,-27.2825,1000.9875,right_u_turn
869882,0.0193,0.1398,1.0116,-0.0262,-1.0675,-27.4837,1000.9753,right_u_turn
869942,0.0544,0.1540,1.0219,-0.2800,-0.4900,-27.0900,1000.9817,right_u_turn
870002,0.0203,0.1715,1.0031,0.2100,-0.1575,-27.3787,1000.9619,right_u_turn
870062,0.0305,0.2400,0.9697,1.6888,-0.5600,-27.4137,1000.9805,right_u_turn
870122,0.1003,0.2292,1.0111,0.9013,-0.0613,-26.9412,1000.9766,right_u_turn
870182,0.0919,0.1382,1.0039,-1.8550,-0.2362,-27.3175,1000.9807,right_u_turn
870242,0.0525,0.1956,0.9638,-0.6125,-0.8313,-27.8775,1000.9775,right_u_turn
870302,0.0809,0.2315,0.9785,0.7175,-0.7875,-27.5450,1000.9807,right_u_turn
870362,-0.0056,0.1347,0.9550,-0.8575,0.2188,-28.5600,1000.9761,right_u_turn
870422,0.0425,0.2039,0.9565,1.4350,-0.2450,-28.4900,1000.9778,right_u_turn
870482,0.0417,0.2035,0.9834,1.7413,-1.1550,-28.9188,1000.9797,right_u_turn
870542,0.0756,0.2367,0.9660,1.1113,0.1138,-28.6562,1000.9727,right_u_turn
870602,0.0490,0.2587,1.0171,-0.9887,0.8487,-28.8750,1000.9768,right_u_turn
870662,0.0578,0.2114,0.9809,-1.2162,-0.3500,-28.5163,1000.9734,right_u_turn
870722,0.0761,0.1973,0.9955,-0.4638,-0.5075,-29.8113,1000.9734,right_u_turn
870782,0.0500,0.1737,1.0033,-0.7700,-0.0525,-29.1637,1000.9778,right_u_turn
870842,0.0196,0.2051,1.0081,0.7788,0.1488,-29.7675,1000.9768,right_u_turn
870902,-0.0142,0.1573,0.9897,0.6475,0.7437,-29.3213,1000.9812,right_u_turn
870962,0.0659,0.2112,1.0482,-0.0700,-1.3212,-29.1550,1000.9739,right_u_turn
871022,0.0393,0.1779,0.9982,0.3762,-0.4288,-29.2337,1000.9761,right_u_turn
871082,0.0403,0.1481,0.9526,1.0500,-1.1725,-29.6275,1000.9839,right_u_turn
871142,0.0451,0.1723,0.9860,-0.2188,-0.9013,-29.4175,1000.9714,right_u_turn
871202,0.0576,0.1879,0.9913,-0.1312,-0.6212,-29.3563,1000.9641,right_u_turn
871262,0.0368,0.1818,1.0063,0.5600,-0.2100,-30.1175,1000.9678,right_u_turn
871322,0.0190,0.2096,1.0250,0.2450,0.4812,-29.8288,1000.9746,right_u_turn
871382,0.0113,0.1691,0.9687,-0.0088,-1.0150,-30.2138,1000.9722,right_u_turn
871442,0.0500,0.1950,1.0151,-1.1812,-0.4638,-29.5312,1000.9692,right_u_turn
871502,-0.0016,0.1645,0.9902,-1.8375,-1.0938,-29.8900,1000.9758,right_u_turn
871562,0.0610,0.1335,0.9492,0.1312,-1.7763,-30.0650,1000.9736,right_u_turn
871622,0.0464,0.1968,0.9946,0.3237,0.1400,-29.7500,1000.9719,right_u_turn
871682,-0.0513,0.1718,0.9819,0.3063,0.8313,-30.0300,1000.9700,right_u_turn
871742,0.0035,0.1967,1.0167,1.5662,0.5250,-30.2225,1000.9771,right_u_turn
871802,0.0487,0.2214,1.0614,0.8838,-1.1113,-29.8113,1000.9773,right_u_turn
871862,0.0074,0.1960,0.9809,1.7062,0.4462,-29.1550,1000.9741,right_u_turn
871922,-0.0198,0.1347,0.9797,0.7175,1.1025,-29.1812,1000.9639,right_u_turn
871982,0.0515,0.2086,0.9934,0.3063,-0.1750,-27.5537,1000.9709,right_u_turn
872042,0.0227,0.2078,1.0294,-0.6300,0.1575,-26.5212,1000.9778,right_u_turn
872102,-0.0306,0.1612,0.9904,-0.9187,0.7088,-26.9237,1000.9829,right_u_turn
872162,0.0025,0.1537,0.9738,0.3325,-0.2450,-26.2938,1000.9746,right_u_turn
872222,0.0385,0.1906,1.0173,-0.0437,0.3587,-25.2087,1000.9819,right_u_turn
872282,-0.0120,0.0894,1.0053,-0.1750,-0.4988,-24.1675,1000.9795,right_u_turn
872342,-0.0247,0.1291,1.0039,0.5950,0.9712,-22.7850,1000.9827,right_u_turn
872402,0.0051,0.1593,1.0070,-0.5950,-0.0700,-22.1462,1000.9771,right_u_turn
872462,-0.0220,0.0686,0.9760,-0.7350,-0.0787,-20.5100,1000.9829,right_u_turn
872522,0.0038,0.0905,1.0347,-0.5775,0.3762,-19.3813,1000.9788,right_u_turn
872582,0.0005,0.0756,1.0182,-0.2537,0.9538,-18.5238,1000.9766,right_u_turn
872642,-0.0015,0.0488,0.9845,-0.8138,-1.3125,-16.9400,1000.9822,right_u_turn
872702,-0.0476,0.0708,0.9867,-0.5512,-0.2013,-15.5225,1000.9797,right_u_turn
872762,0.0190,0.0903,1.0224,-0.5600,-0.9013,-13.7638,1000.9722,right_u_turn
872822,-0.0214,0.0986,1.0214,-0.1050,-0.4375,-12.7575,1000.9751,right_u_turn
872882,-0.0266,0.0439,0.9872,0.1400,0.2100,-12.3813,1000.9771,right_u_turn
872942,-0.0356,-0.0239,0.9448,0.9625,1.0850,-12.3550,1000.9651,right_u_turn
873002,0.0159,0.0443,1.0368,0.8400,-0.6037,-10.4650,1000.9812,right_u_turn
873062,0.0151,0.1027,1.1031,0.1050,0.9275,-8.9950,1000.9812,right_u_turn
873122,-0.0391,0.0342,1.0038,0.5250,-0.2188,-8.6275,1000.9785,right_u_turn
873182,-0.0110,0.0149,1.0397,-0.3938,0.8225,-7.9538,1000.9805,right_u_turn
873242,0.0646,-0.0024,1.0324,-0.8662,-1.7763,-6.6762,1000.9717,right_u_turn
873302,0.0349,0.0791,1.0714,0.7525,-0.9450,-6.0988,1000.9773,right_u_turn
873362,-0.0151,-0.0466,0.9873,0.0262,0.3500,-5.6700,1000.9780,right_u_turn
873422,-0.0676,0.0152,0.9370,-0.9800,-0.0525,-4.6900,1000.9839,right_u_turn
873482,-0.0329,0.0578,0.9504,-1.1113,1.6888,-3.0363,1000.9763,right_u_turn
873542,0.0022,-0.0076,0.9982,-0.8925,1.6100,-1.8550,1000.9685,right_u_turn
873602,-0.0503,-0.0617,0.9052,-0.4288,0.9712,-1.1988,1000.9714,right_u_turn
873662,-0.0605,-0.0398,0.9421,-0.3500,1.1463,-0.4812,1000.9788,right_u_turn
873722,-0.0349,-0.0198,0.9821,-0.0787,0.7700,0.1750,1000.9744,right_u_turn
873782,-0.0002,0.0059,0.9669,1.9425,-0.1925,0.6650,1000.9790,right_u_turn
873842,-0.0115,-0.0115,0.9489,1.7500,-1.1200,0.5250,1000.9709,right_u_turn
873902,0.0456,0.0062,1.0596,0.2713,-0.3500,1.0675,1000.9819,right_u_turn
873962,-0.0126,0.0686,1.0216,0.5863,0.9450,1.2950,1000.9707,right_u_turn
874022,-0.0449,0.0023,0.9602,0.8050,0.2362,0.8750,1000.9734,right_u_turn
874082,-0.0286,0.0170,1.0293,2.0387,-0.7437,0.5163,1000.9744,right_u_turn
874142,0.0081,0.0290,1.0734,-0.2625,0.5950,0.8925,1000.9685,right_u_turn
874202,-0.0307,-0.0032,0.8875,-1.9075,-0.5863,1.0325,1000.9685,right_u_turn
874262,-0.0303,0.0023,1.0177,1.0588,0.1838,0.6650,1000.9705,right_u_turn
874322,-0.0598,-0.0112,0.9642,-0.2100,1.0850,0.4462,1000.9636,right_u_turn
874382,-0.0195,0.0161,0.9969,0.8838,1.6275,0.5863,1000.9766,right_u_turn
874442,-0.0168,-0.0124,0.9796,-0.3850,0.9625,0.4638,1000.9688,right_u_turn
874502,-0.0631,0.0329,0.9195,0.4025,-0.1838,0.3413,1000.9705,right_u_turn
874562,0.0030,-0.0078,0.9864,0.5425,0.4462,0.6388,1000.9736,right_u_turn
874622,-0.0493,0.0280,0.9001,0.2450,-0.6125,0.9362,1000.9744,right_u_turn
874682,-0.0132,0.0093,0.9426,0.3063,1.1113,0.5163,1000.9692,right_u_turn
874742,-0.0515,0.0165,0.9614,-1.3038,-2.2050,0.9625,1000.9688,right_u_turn
874802,-0.0576,-0.0790,0.9162,-0.1663,-2.4500,-0.2100,1000.9697,right_u_turn
874862,-0.0120,0.0102,1.0395,2.1700,-0.2625,0.1050,1000.9614,right_u_turn
874922,-0.0131,0.0367,1.0389,2.2487,-0.9362,0.2975,1000.9614,right_u_turn
874982,-0.0766,-0.0734,0.9750,1.5050,-0.8138,0.8487,1000.9749,right_u_turn
875042,-0.0439,0.1180,0.9552,1.8550,-0.1400,0.3587,1000.9719,right_u_turn
875102,-0.0217,-0.0224,0.9942,0.0962,-0.8487,0.7175,1000.9661,right_u_turn
875162,-0.0188,0.0073,0.9755,0.6737,0.4462,0.4025,1000.9678,right_u_turn
875222,-0.0447,0.0103,0.9919,-1.5225,-0.7175,0.4550,1000.9644,right_u_turn
875282,-0.0536,0.0190,1.0300,0.5688,0.4550,0.5600,1000.9656,right_u_turn
875342,0.0556,0.0331,1.1466,-0.4550,0.4112,0.8050,1000.9617,right_u_turn
875402,-0.0569,0.0518,1.0443,-0.8487,-0.4725,0.9450,1000.9607,right_u_turn
875462,-0.0124,-0.0254,1.0493,0.3675,1.1638,0.4900,1000.9612,right_u_turn
875522,-0.0268,0.0388,0.9758,1.6275,0.0262,0.2013,1000.9636,right_u_turn
875582,0.0063,0.0554,0.9831,0.7962,-1.8375,0.5163,1000.9578,right_u_turn
875642,-0.0036,0.0542,1.0280,0.5425,0.0000,0.8138,1000.9595,right_u_turn
875702,-0.0717,0.0354,0.9199,1.9338,-1.5225,0.8662,1000.9612,right_u_turn
875762,-0.0020,0.0908,1.0233,-0.2188,-0.6913,0.4988,1000.9514,right_u_turn
875822,0.0181,0.0049,0.9621,-0.5337,-0.5600,0.3500,1000.9512,right_u_turn
875882,0.0522,0.0805,1.1014,0.5512,0.1400,0.4462,1000.9543,right_u_turn
875942,0.0168,0.0210,1.0350,-0.8925,1.4438,0.2887,1000.9521,right_u_turn
876002,-0.0126,-0.0408,0.9311,-1.4000,-1.1900,0.4900,1000.9575,right_u_turn
876062,0.0107,-0.0228,1.0109,-1.1287,1.3125,0.4112,1000.9531,right_u_turn
876122,-0.0449,0.0200,0.9393,1.1287,-0.0437,0.3938,1000.9502,right_u_turn
876182,-0.0095,-0.0654,0.9814,-1.7062,-1.1025,0.3150,1000.9490,right_u_turn
876242,-0.0530,0.0661,0.9018,2.0213,0.9100,0.4900,1000.9583,right_u_turn
876302,0.0581,0.0584,1.0904,-0.4550,0.7350,0.8400,1000.9541,right_u_turn
876362,-0.0464,-0.0500,1.0175,1.9600,-0.3150,0.7613,1000.9570,right_u_turn
876422,-0.0336,0.0432,0.9628,2.0650,-0.1750,0.3850,1000.9575,right_u_turn
876482,0.0905,0.0249,1.0899,-0.3413,-1.5750,0.4025,1000.9604,right_u_turn
876542,0.0867,-0.0005,1.0511,0.6300,0.7962,0.5250,1000.9595,right_u_turn
876602,0.0312,0.0486,1.0231,-1.0150,0.8750,0.5337,1000.9551,right_u_turn
876662,0.0042,0.0390,1.0516,0.7175,1.8288,0.4550,1000.9563,right_u_turn
876722,0.0057,-0.0278,0.9115,0.0000,-1.6537,0.5950,1000.9578,right_u_turn
876782,0.0161,0.0398,0.9863,0.7000,-1.0762,0.8487,1000.9551,right_u_turn
876842,-0.0343,0.0134,0.9450,-0.3237,-0.8400,0.6825,1000.9595,right_u_turn
876902,0.0539,0.0171,1.0000,-0.3500,-0.7437,0.3237,1000.9609,right_u_turn
876962,0.0224,-0.0539,0.9524,0.8575,-1.2687,0.4988,1000.9526,right_u_turn
877022,-0.0175,-0.0173,0.9215,-0.2450,0.0262,0.9013,1000.9602,right_u_turn
877082,-0.0029,0.0175,1.0832,1.3737,0.5863,0.6388,1000.9712,right_u_turn
877142,0.0459,0.0143,1.1200,1.1550,2.1700,0.4288,1000.9592,right_u_turn
877202,0.0242,0.0781,0.9833,0.5950,0.2100,0.7088,1000.9565,right_u_turn
877262,0.0644,0.0796,1.0634,-0.2362,0.8225,0.8400,1000.9646,right_u_turn
877322,0.0284,0.0916,1.0490,0.6562,2.4062,0.5425,1000.9663,right_u_turn
877382,0.0171,0.0425,0.9298,-1.4700,-0.2362,0.4812,1000.9509,right_u_turn
877442,0.0293,0.0061,1.0917,0.5688,2.1263,0.4112,1000.9490,right_u_turn
877502,-0.0163,-0.0325,1.0294,-0.6913,1.8025,0.6212,1000.9619,right_u_turn
877562,-0.0166,-0.0410,1.0638,-0.9362,-0.6300,0.5688,1000.9658,right_u_turn
877622,0.0403,-0.0070,1.1427,0.6737,1.2600,0.5688,1000.9744,right_u_turn
877682,0.0127,0.0196,1.0309,0.2537,0.9887,0.1838,1000.9563,right_u_turn
877742,0.0996,-0.0267,1.0019,-0.0700,-0.4725,0.2713,1000.9609,right_u_turn
877802,0.0454,0.0146,1.0030,-1.7675,0.0787,0.7000,1000.9570,right_u_turn
877862,0.0381,0.0329,1.0946,-0.2450,0.2537,1.0675,1000.9685,right_u_turn
877922,0.0092,0.0220,0.9994,-1.6712,0.9275,0.6825,1000.9629,right_u_turn
877982,-0.0001,0.0500,1.0285,1.2862,2.6075,0.7350,1000.9539,right_u_turn
878042,-0.0686,-0.0020,0.9211,-1.0412,1.8375,0.1400,1000.9551,right_u_turn
878102,-0.0417,-0.1096,0.9126,-0.0350,1.6800,-0.6913,1000.9592,right_u_turn
878162,-0.0493,-0.0529,0.9248,-1.8463,-1.0150,0.4900,1000.9768,right_u_turn
878222,-0.0193,0.0425,1.0439,-0.3587,1.2950,0.6562,1000.9688,right_u_turn
878282,0.0042,0.0118,1.0072,-0.0437,1.1025,0.3150,1000.9758,right_u_turn
878342,0.0249,0.0249,0.9616,0.2450,-1.4875,0.3325,1000.9685,right_u_turn
878402,0.0407,-0.0060,0.9817,0.9187,-0.4988,0.7350,1000.9656,right_u_turn
878462,0.0617,-0.0047,1.0153,0.7437,1.1900,0.0875,1000.9680,right_u_turn
878522,0.0466,-0.0178,0.8699,1.3650,-0.6388,0.3150,1000.9622,right_u_turn
878582,0.0247,0.0278,0.9820,0.2362,0.2450,0.3063,1000.9626,right_u_turn
878642,-0.0110,-0.0698,0.9337,-1.1113,0.1575,0.0613,1000.9575,right_u_turn
878702,0.0215,-0.0102,0.9789,0.9100,2.7387,0.0700,1000.9626,right_u_turn
878762,0.0132,-0.0303,1.0072,0.1312,0.9450,0.3500,1000.9758,right_u_turn
878822,0.0565,-0.0056,1.0358,0.5075,1.2950,0.4638,1000.9663,right_u_turn
878882,0.0076,0.0508,0.9597,-0.7788,2.2137,0.3675,1000.9717,right_u_turn
878942,-0.0005,-0.0154,0.9160,0.6737,-0.2887,0.2800,1000.9656,right_u_turn
879002,0.1130,0.0246,1.0307,0.4025,-1.1287,0.1750,1000.9644,right_u_turn
879062,0.0913,0.0349,1.0429,1.4175,-1.2600,0.4288,1000.9690,right_u_turn
879122,0.0686,0.0349,1.0519,0.7962,0.0437,0.5075,1000.9719,right_u_turn
879182,0.0281,0.0015,0.9761,-0.3237,-0.4725,0.2275,1000.9739,right_u_turn
879242,0.0588,0.0142,0.9845,0.8225,-0.3325,0.0962,1000.9631,right_u_turn
879302,0.0347,-0.0315,0.9443,0.9275,-0.3325,0.2362,1000.9773,right_u_turn
879362,0.0837,0.0370,1.0713,-1.1550,-0.6913,0.4462,1000.9761,right_u_turn
879422,0.0449,0.0593,1.0348,-0.4025,1.0850,-0.0437,1000.9670,right_u_turn
879482,0.0932,-0.0036,1.0812,0.0175,1.5925,0.0088,1000.9763,right_u_turn
879542,0.0457,0.0041,0.9905,-0.2188,0.8050,0.4812,1000.9766,right_u_turn
879602,0.0649,-0.0273,1.0280,2.3625,-0.4638,-0.2013,1000.9617,right_u_turn
879662,0.0857,0.0367,1.0771,1.2950,0.9275,0.1925,1000.9683,right_u_turn
879722,0.0942,-0.0320,1.0155,-0.2100,-1.0412,0.5950,1000.9697,right_u_turn
879782,0.0705,0.0264,1.0307,0.4725,0.1400,0.7350,1000.9729,right_u_turn
879842,0.0833,0.0242,1.0672,0.0262,-0.5512,0.7175,1000.9773,right_u_turn
879902,0.0303,0.0244,0.9826,1.3212,1.9425,0.4200,1000.9771,right_u_turn
879962,0.0303,-0.0500,0.9969,-1.2600,-0.0525,0.2362,1000.9797,right_u_turn
880022,0.0839,0.0001,1.0957,0.6913,0.9625,1.0325,1000.9719,right_u_turn
880082,0.0736,0.0576,1.0611,-0.0175,1.6275,0.5250,1000.9766,right_u_turn
880142,0.0245,0.0079,0.9712,0.0962,-0.1400,0.4550,1000.9734,right_u_turn
880202,0.0359,0.0411,0.9916,0.6388,0.9100,0.0000,1000.9675,right_u_turn
880262,0.0667,0.0087,1.0380,0.7437,0.3762,-0.2713,1000.9700,right_u_turn
880322,0.0697,0.0110,0.9601,0.6125,-0.4638,-0.0262,1000.9827,right_u_turn
880382,0.0412,0.0361,0.9668,0.2887,-0.9887,0.0875,1000.9814,right_u_turn
880442,0.0473,0.0678,0.9872,1.1463,0.7700,0.0875,1000.9753,right_u_turn
880502,0.0390,0.0364,0.9877,-1.1550,-0.6475,0.3587,1000.9739,right_u_turn
880562,0.0381,0.0258,1.0460,-0.1225,-0.0962,-0.1138,1000.9797,right_u_turn
880622,0.0651,0.0077,1.0318,1.4963,-0.3675,-0.0088,1000.9822,right_u_turn
880682,0.0767,0.0531,1.0529,-0.1050,-0.4638,0.4900,1000.9785,right_u_turn
880742,-0.0037,0.0532,0.9689,0.8050,-0.0350,0.0262,1000.9734,right_u_turn
880802,0.0354,-0.0315,1.0089,-0.4988,-1.1287,-0.0875,1000.9783,right_u_turn
880862,0.0324,-0.0022,0.9768,1.4088,-0.7000,-0.1312,1000.9810,right_u_turn
880922,0.0608,0.0454,1.0072,0.9712,-0.7437,0.0787,1000.9788,right_u_turn
880982,0.0456,-0.0073,0.9824,1.3388,-0.0175,-0.2362,1000.9888,right_u_turn
881042,0.0285,0.0273,0.9067,1.7763,1.1287,-0.2013,1000.9841,right_u_turn
881102,0.0508,0.0281,0.9587,-0.7262,-1.0237,-0.1312,1000.9873,right_u_turn
881162,0.0592,0.0385,1.0347,1.2600,1.1638,0.5775,1000.9819,right_u_turn
881222,0.0561,0.0412,0.9496,-0.3850,-0.6650,0.2450,1000.9919,right_u_turn
881282,0.0474,-0.0051,0.9909,-1.0150,0.1488,0.5425,1000.9890,right_u_turn
881342,0.0441,0.0670,1.0243,0.0088,1.5488,0.2800,1000.9902,right_u_turn
881402,0.0725,0.0015,1.0189,-0.4812,-0.2100,0.2887,1000.9917,right_u_turn
881462,0.0099,0.0366,1.0153,0.6475,1.3563,0.5775,1001.0049,right_u_turn
881522,-0.0566,-0.0337,0.9507,0.4725,1.5050,0.4462,1000.9963,right_u_turn
881582,-0.0185,0.0192,1.0360,0.0787,1.2075,0.5512,1000.9890,right_u_turn
881642,-0.0688,0.0500,0.9600,1.6013,0.8138,0.5425,1001.0024,right_u_turn
881702,-0.0544,0.0346,0.9811,0.3237,0.2887,0.2975,1000.9890,right_u_turn
881762,-0.0534,0.0698,1.0182,0.4112,0.5600,0.3500,1000.9907,right_u_turn
881822,-0.0698,0.0254,0.9198,0.6562,-0.9800,0.3237,1000.9893,right_u_turn
881882,-0.0730,0.0120,0.9900,0.7088,0.5250,0.0088,1000.9932,right_u_turn
881942,-0.0495,-0.0083,0.9851,-1.5050,-0.5075,0.2713,1000.9844,right_u_turn
882002,-0.0888,-0.0093,0.9618,-0.3150,0.0000,0.8050,1000.9888,right_u_turn
882062,-0.1047,-0.0102,0.9420,-0.2975,-0.1488,0.2362,1000.9878,right_u_turn
882122,-0.0892,-0.0478,0.9797,0.1925,-0.1750,-0.0088,1000.9890,right_u_turn
882182,-0.0181,0.0336,1.0178,0.6825,-0.0875,0.3150,1000.9805,right_u_turn
882242,-0.0090,-0.0205,1.0931,1.2250,0.2800,0.4988,1000.9917,right_u_turn
882302,-0.0551,0.0493,1.0014,1.5925,-0.4988,0.2975,1000.9783,right_u_turn
882362,-0.0417,0.0146,1.0153,0.7700,0.3413,0.1925,1000.9705,right_u_turn
882422,-0.0487,0.0151,0.9899,0.9275,0.7175,0.1138,1000.9680,right_u_turn
882482,-0.0497,0.0279,1.0035,-0.5688,0.4812,0.3938,1000.9648,right_u_turn
882542,-0.0403,0.0425,1.0038,-0.4462,0.0700,0.2975,1000.9683,right_u_turn
882602,-0.0484,-0.0180,0.9761,-0.1225,0.1050,0.3938,1000.9685,right_u_turn
882662,-0.0700,-0.0064,0.9736,-0.2887,-0.2362,0.2887,1000.9663,right_u_turn
882722,-0.0209,0.0659,1.0883,1.2337,1.2425,0.3237,1000.9683,right_u_turn
882782,-0.0705,0.0085,0.9591,-0.5425,1.9600,0.2275,1000.9707,right_u_turn
882842,-0.0432,-0.0034,0.9936,0.3938,-1.0325,0.3938,1000.9678,right_u_turn
882902,-0.0684,-0.0258,0.9761,0.7700,0.0875,0.4725,1000.9641,right_u_turn
882962,-0.0196,0.0525,1.0361,0.4288,0.4900,0.6212,1000.9573,right_u_turn
883022,-0.0168,0.0257,1.0247,0.6212,-1.0938,0.7700,1000.9607,right_u_turn
883082,-0.0584,-0.0342,0.9297,0.6212,-0.0700,0.5337,1000.9573,right_u_turn
883142,0.0025,-0.0190,1.0360,-0.4375,-0.1312,1.1725,1000.9514,right_u_turn
883202,-0.0283,0.0134,1.0351,1.6625,1.5662,0.7350,1000.9548,right_u_turn
883262,0.0085,0.0281,0.9936,-0.9800,-1.2337,0.5688,1000.9614,right_u_turn
883322,0.0054,0.0329,0.9575,0.1488,-0.9187,0.6737,1000.9546,right_u_turn
883382,0.0554,0.0662,1.0122,0.3325,-0.9362,0.4812,1000.9558,right_u_turn
883442,0.0230,-0.0192,1.0065,0.6825,0.1312,0.8925,1000.9585,right_u_turn
883502,0.0234,0.0625,1.0204,0.2975,0.2188,0.7613,1000.9585,right_u_turn
883562,0.0687,0.0109,1.1300,0.5950,0.1575,0.8750,1000.9504,right_u_turn
883622,-0.0037,0.0254,0.9745,0.0962,1.1375,0.8838,1000.9548,right_u_turn
883682,0.0070,0.0266,0.9809,0.6037,-0.1312,0.7437,1000.9570,right_u_turn
883742,0.0680,0.0393,0.9946,1.4262,1.0588,0.8313,1000.9417,right_u_turn
883802,0.0420,0.0158,1.0302,-0.0088,-0.2713,0.7525,1000.9561,right_u_turn
883862,-0.0020,0.0368,0.9969,0.6562,-0.6650,0.7262,1000.9553,right_u_turn
883922,0.0676,0.0040,1.0483,-0.1138,-0.0613,0.8662,1000.9490,right_u_turn
883982,0.0366,0.0181,1.0028,0.0262,0.2537,0.7000,1000.9595,right_u_turn
884042,-0.0160,-0.0038,0.9570,-0.4725,-0.6913,0.8487,1000.9612,right_u_turn
884102,0.0071,0.0393,0.9947,0.8925,0.2537,0.8400,1000.9666,right_u_turn
884162,0.0106,-0.0265,0.9652,0.0000,0.6913,0.5600,1000.9556,right_u_turn
884222,0.0220,0.0257,0.9235,1.7150,1.1200,0.6825,1000.9604,right_u_turn
884282,0.0639,0.0573,0.9923,-0.5950,-0.1312,0.6913,1000.9624,right_u_turn
884342,0.0578,0.0378,1.0602,0.0350,0.1575,0.8400,1000.9563,right_u_turn
884402,0.0465,0.0513,1.0038,-0.3413,1.4963,0.5425,1000.9639,right_u_turn
884462,0.0746,0.0221,0.9736,-0.0175,-0.9275,0.7175,1000.9646,right_u_turn
884522,0.0021,-0.0114,0.9216,1.1200,-0.7088,0.8575,1000.9614,right_u_turn
884582,0.0391,0.0142,0.9318,0.6650,-0.5950,0.6913,1000.9609,right_u_turn
884642,0.0610,0.0312,1.0721,1.7675,0.5950,0.6913,1000.9685,right_u_turn
884702,0.0210,0.0754,0.9650,1.2687,0.0787,0.3237,1000.9668,right_u_turn
884762,0.0199,0.0125,1.0472,1.8463,-0.4375,0.5600,1000.9663,right_u_turn
884822,0.0593,0.0620,1.0156,0.0088,0.5863,0.5425,1000.9597,right_u_turn
884882,0.0480,0.0302,0.9835,-1.8288,0.9362,0.4988,1000.9700,right_u_turn
884942,0.0419,0.0087,0.9365,-1.5050,0.5163,0.4812,1000.9673,right_u_turn
885002,0.0574,0.0132,0.9157,-1.1988,-0.5775,0.2275,1000.9607,right_u_turn
885062,0.0734,-0.0063,1.0435,-0.7088,0.5250,0.0350,1000.9778,right_u_turn
885122,0.0664,0.0081,1.0070,-0.5512,0.7700,0.0875,1000.9543,right_u_turn
885182,0.0969,0.0373,1.0507,0.6562,1.3650,0.3587,1000.9595,right_u_turn
885242,0.0182,-0.0041,0.9160,0.2975,-0.0700,0.1312,1000.9685,right_u_turn
885302,0.0837,0.1040,1.0773,-0.0700,2.3537,0.2013,1000.9695,right_u_turn
885362,0.0922,0.0813,1.0904,2.0300,3.0450,0.1925,1000.9746,right_u_turn
885422,0.0176,0.0000,0.9672,0.4200,1.0762,0.0088,1000.9729,right_u_turn
885482,0.0444,0.0274,1.0033,-0.4025,1.0063,0.7262,1000.9717,right_u_turn
885542,0.0371,0.1128,0.9783,-0.4638,1.2775,0.2100,1000.9724,right_u_turn
885602,0.0231,-0.0373,0.9179,-1.7150,-0.8575,0.5163,1000.9678,right_u_turn
885662,0.0042,0.0122,1.0458,1.5750,1.1638,0.0350,1000.9753,right_u_turn
885722,-0.0107,-0.0083,0.9563,0.7700,0.6562,-0.4988,1000.9751,right_u_turn
885782,-0.0217,0.0039,1.0196,0.1138,-3.1850,-0.3063,1000.9712,right_u_turn
885842,-0.0266,-0.0407,0.9728,2.5812,-1.3475,-0.5250,1000.9780,right_u_turn
885902,-0.0085,0.0363,0.9740,1.1550,-1.2862,-0.9712,1000.9751,right_u_turn
885962,-0.0268,0.0483,0.9641,-0.6212,-1.5488,-0.8662,1000.9690,right_u_turn
886022,0.0322,0.0981,1.0658,-1.0675,-1.9775,-0.9800,1001.0000,right_u_turn
886082,0.0392,0.0657,1.0560,-0.4462,-0.9187,-1.3300,1000.9763,right_u_turn
886142,0.0081,0.0013,0.9289,-1.4787,-1.9162,-2.4850,1000.9780,right_u_turn
886202,-0.0098,-0.0115,0.9125,-1.9425,-0.9013,-2.5725,1000.9917,right_u_turn
886262,0.0420,0.0432,1.0009,-0.2975,0.1663,-2.6250,1000.9705,right_u_turn
886322,0.0142,0.0162,0.8810,0.9625,-0.1750,-3.5612,1000.9780,right_u_turn
886382,0.0522,0.1143,0.9684,1.7325,0.5688,-4.1300,1000.9810,right_u_turn
886442,0.0681,0.0393,1.0133,2.0125,0.6388,-5.2500,1000.9758,right_u_turn
886502,0.1039,0.1738,1.0314,2.3800,0.4462,-5.9587,1000.9832,right_u_turn
886562,0.0676,0.1207,0.9911,1.9950,0.8487,-6.9563,1000.9648,right_u_turn
886622,0.0663,0.1016,1.0046,0.3500,0.1138,-8.0413,1000.9666,right_u_turn
886682,0.0512,0.1657,1.0000,0.5337,0.1400,-9.2662,1000.9792,right_u_turn
886742,0.0323,0.1481,1.0101,0.5425,0.3938,-9.8525,1000.9846,right_u_turn
886802,0.0268,0.1749,1.0197,0.0350,0.2537,-10.9113,1000.9822,right_u_turn
886862,0.0554,0.1803,1.0087,-0.2450,0.5425,-11.8737,1000.9670,right_u_turn
886922,0.0827,0.0883,0.9916,-1.3388,-0.2100,-11.7600,1000.9668,right_u_turn
886982,0.0327,0.1271,0.9984,-0.4725,0.8750,-12.2937,1000.9592,right_u_turn
887042,0.0061,0.0869,0.9811,-0.5600,0.6737,-13.1250,1000.9746,right_u_turn
887102,0.0359,0.0737,0.9653,2.0213,0.6825,-13.4137,1000.9729,right_u_turn
887162,0.0398,0.1513,1.0224,2.3888,-0.4462,-12.9937,1000.9707,right_u_turn
887222,0.0456,0.1344,0.9531,1.6712,-1.8900,-13.8337,1000.9768,right_u_turn
887282,0.0234,0.1625,0.9640,0.9013,-0.6212,-13.6062,1000.9746,right_u_turn
887342,0.0349,0.0847,0.9503,-0.5075,-1.2513,-14.1750,1000.9753,right_u_turn
887402,0.0354,0.1501,0.9660,-4.0163,-3.2812,-15.3125,1000.9729,right_u_turn
887462,0.0203,0.1323,1.0043,-1.7325,-1.0150,-16.1612,1000.9761,right_u_turn
887522,0.0266,0.0614,0.9794,-2.4500,-0.8487,-17.0450,1000.9678,right_u_turn
887582,0.0228,0.1320,1.0077,-2.4150,0.4112,-17.2987,1000.9795,right_u_turn
887642,0.0178,0.1347,1.0069,0.8575,1.4350,-18.1213,1000.9824,right_u_turn
887702,0.0121,0.1100,1.0160,1.7763,1.1812,-18.6462,1000.9780,right_u_turn
887762,0.0285,0.1505,1.0031,2.0650,1.1550,-19.5562,1000.9744,right_u_turn
887822,0.0376,0.2101,0.9846,1.0850,1.2687,-20.7113,1000.9675,right_u_turn
887882,0.0667,0.1928,0.9038,-0.0875,-0.5600,-21.6213,1000.9629,right_u_turn
887942,0.0188,0.2334,0.9894,1.8025,0.2013,-22.7062,1000.9673,right_u_turn
888002,0.0573,0.2424,0.9769,1.0237,-0.5337,-23.9400,1000.9556,right_u_turn
888062,0.0234,0.2514,0.9042,-0.1925,1.4787,-24.4562,1000.9583,right_u_turn
888122,0.0483,0.1842,0.9841,-0.1050,0.2887,-24.9200,1000.9578,right_u_turn
888182,0.0820,0.2083,0.9860,-1.2775,0.8138,-25.4450,1000.9556,right_u_turn
888242,0.0183,0.2248,0.9186,-0.8925,1.2162,-25.7337,1000.9521,right_u_turn
888302,0.0551,0.2316,1.0119,-2.1088,1.6712,-26.2412,1000.9536,right_u_turn
888362,0.0881,0.1752,1.0297,0.0525,-1.6800,-27.2388,1000.9578,right_u_turn
888422,0.0339,0.1718,1.0580,-0.2013,0.2450,-28.1400,1000.9609,right_u_turn
888482,0.0400,0.2225,0.9740,-0.0962,-2.3187,-28.6562,1000.9509,right_u_turn
888542,0.0578,0.2044,1.0555,1.5838,-0.6913,-28.6475,1000.9451,right_u_turn
888602,0.0389,0.2137,0.9985,1.5662,-1.2775,-28.5163,1000.9451,right_u_turn
888662,0.0790,0.2440,1.0164,1.0325,-1.8725,-29.1987,1000.9438,right_u_turn
888722,0.1001,0.2323,1.0067,-0.0525,-0.7437,-29.1900,1000.9348,right_u_turn
888782,0.0648,0.2318,0.9726,0.4550,-1.7587,-30.0912,1000.9385,right_u_turn
888842,0.1127,0.2547,1.0292,0.2100,-1.5662,-29.6537,1000.9373,right_u_turn
888902,0.0563,0.1720,0.9577,-2.0738,-0.5688,-29.7325,1000.9314,right_u_turn
888962,0.0663,0.1862,0.9082,-0.7875,-0.6475,-29.1550,1000.9304,right_u_turn
889022,0.1020,0.1667,1.0372,0.0700,-1.1988,-28.9363,1000.9448,right_u_turn
889082,0.0510,0.1525,0.9663,0.0525,-1.2775,-29.2512,1000.9331,right_u_turn
889142,0.0678,0.1956,0.9625,1.2950,-1.2862,-29.5487,1000.9414,right_u_turn
889202,0.0592,0.1891,0.9511,0.9100,-1.7237,-29.1462,1000.9524,right_u_turn
889262,0.0659,0.2127,1.0097,-0.2013,0.3325,-28.9713,1000.9309,right_u_turn
889322,-0.0034,0.1462,0.9399,-0.2800,-0.1138,-29.1812,1000.9382,right_u_turn
889382,0.0486,0.1993,1.0124,0.4462,0.2188,-29.0588,1000.9434,right_u_turn
889442,0.0496,0.1892,0.9990,-0.3150,-0.0962,-29.5312,1000.9343,right_u_turn
889502,0.0044,0.1972,0.9689,0.4550,-0.7700,-29.6012,1000.9397,right_u_turn
889562,0.0452,0.2252,1.0135,0.7175,-0.1663,-29.6625,1000.9397,right_u_turn
889622,0.0554,0.2235,0.9894,-0.2100,0.7088,-29.8900,1000.9370,right_u_turn
889682,0.0335,0.1984,0.9577,-0.2887,-0.2887,-30.5025,1000.9321,right_u_turn
889742,0.0347,0.1952,0.9816,-0.4638,-0.3413,-30.4150,1000.9277,right_u_turn
889802,0.0320,0.2028,0.9714,-0.0787,0.6037,-30.1262,1000.9292,right_u_turn
889862,0.0149,0.2198,0.9564,-1.1375,-1.2862,-30.7125,1000.9287,right_u_turn
889922,0.0267,0.1996,0.9862,0.4900,-0.7613,-30.6338,1000.9307,right_u_turn
889982,0.0749,0.2113,1.0436,-0.2625,-1.5838,-30.5987,1000.9307,right_u_turn
890042,0.0458,0.2286,1.0252,0.5600,-0.3500,-30.8263,1000.9341,right_u_turn
890102,0.0727,0.2134,1.0133,0.1225,0.3063,-30.6950,1000.9343,right_u_turn
890162,0.0470,0.1886,1.0087,-1.8463,-1.1725,-30.8088,1000.9226,right_u_turn
890222,0.0773,0.2469,1.0136,-0.2537,-1.7763,-30.6075,1000.9250,right_u_turn
890282,0.0459,0.1881,1.0104,-0.1925,-0.7962,-31.0450,1000.9241,right_u_turn
890342,0.0691,0.2210,0.9813,-0.5075,-0.3587,-31.0975,1000.9250,right_u_turn
890402,0.0652,0.2361,0.9911,-0.9712,-0.5337,-30.9837,1000.9216,right_u_turn
890462,0.0567,0.1713,1.0016,-1.4787,-1.2950,-31.1150,1000.9255,right_u_turn
890522,0.0647,0.1876,1.0477,0.2013,-0.4025,-31.3950,1000.9297,right_u_turn
890582,0.0054,0.2445,0.9645,0.2100,-0.2713,-31.6838,1000.9326,right_u_turn
890642,0.0227,0.1696,0.9462,0.2013,-0.3850,-31.8587,1000.9307,right_u_turn
890702,0.0429,0.1809,0.9557,1.4000,-0.3762,-31.7537,1000.9290,right_u_turn
890762,0.0373,0.2243,1.0099,1.3825,0.0437,-31.5525,1000.9365,right_u_turn
890822,0.0764,0.2125,0.9767,1.2337,-1.5575,-32.0425,1000.9304,right_u_turn
890882,0.0430,0.2704,1.0165,1.6712,0.4725,-32.1213,1000.9309,right_u_turn
890942,0.0428,0.2732,0.9848,1.2513,-0.5512,-32.8125,1000.9380,right_u_turn
891002,0.0190,0.2047,0.8947,0.4288,-1.7938,-33.3025,1000.9224,right_u_turn
891062,0.0927,0.2649,1.0448,0.1488,-1.8900,-33.6437,1000.9429,right_u_turn
891122,0.1188,0.2472,1.0602,0.7437,-0.3587,-33.1275,1000.9431,right_u_turn
891182,0.0312,0.2472,0.9603,0.1750,-0.8225,-33.8537,1000.9387,right_u_turn
891242,0.0869,0.3135,1.0168,-0.4025,-1.0938,-33.4425,1000.9209,right_u_turn
891302,0.0396,0.2022,1.0043,-0.7700,-0.7088,-33.6613,1000.9470,right_u_turn
891362,0.0364,0.2104,0.9636,1.7237,-0.1225,-34.5800,1000.9373,right_u_turn
891422,0.0526,0.1959,0.9980,0.5950,-1.2162,-34.7988,1000.9419,right_u_turn
891482,0.0568,0.3012,1.0304,-1.8200,2.3712,-34.9300,1000.9329,right_u_turn
891542,0.0503,0.2223,0.9969,-3.5262,1.0237,-34.7463,1000.9473,right_u_turn
891602,0.1088,0.2918,1.0225,-1.4787,0.3850,-34.1425,1000.9360,right_u_turn
891662,0.0629,0.2502,0.9867,-1.3038,1.6975,-35.2100,1000.9385,right_u_turn
891722,0.0596,0.2452,0.9670,1.7587,-0.7788,-35.8312,1000.9375,right_u_turn
891782,0.0352,0.2281,0.9667,2.3888,0.4288,-35.3325,1000.9482,right_u_turn
891842,0.0093,0.2579,0.9221,0.8925,-0.0437,-34.6150,1000.9470,right_u_turn
891902,0.0461,0.2286,0.9762,1.0762,0.6037,-34.0200,1000.9475,right_u_turn
891962,0.0520,0.2726,1.0402,0.6650,0.3675,-34.3875,1000.9465,right_u_turn
892022,0.0578,0.2789,1.0490,1.2513,-1.5750,-35.1575,1000.9561,right_u_turn
892082,0.0113,0.3079,0.9697,-0.2537,-0.9712,-34.7725,1000.9534,right_u_turn
892142,0.0066,0.2053,0.9267,3.1675,1.2513,-34.7025,1000.9497,right_u_turn
892202,0.0497,0.2460,1.0644,-1.6888,0.6300,-33.6787,1000.9512,right_u_turn
892262,0.0425,0.3015,1.1063,-1.2862,0.4375,-31.7625,1000.9587,right_u_turn
892322,-0.0717,0.1925,0.9618,-3.1850,0.0700,-30.5112,1000.9651,right_u_turn
892382,-0.0472,0.1443,0.9992,-3.2987,-0.5688,-28.7087,1000.9573,right_u_turn
892442,-0.0493,0.0874,0.9799,-3.0450,-0.2975,-27.5187,1000.9646,right_u_turn
892502,-0.0342,0.0816,1.0043,-0.7437,-0.0700,-25.2612,1000.9685,right_u_turn
892562,-0.0393,0.1379,1.0224,0.6037,-0.3413,-23.6513,1000.9644,right_u_turn
892622,-0.0532,0.0885,0.9655,0.9275,-0.3500,-22.3738,1000.9771,right_u_turn
892682,-0.0340,0.1073,1.0465,0.9800,-1.8550,-21.1400,1000.9709,right_u_turn
892742,-0.0281,0.1115,0.9565,0.6737,-1.8112,-20.2825,1000.9678,right_u_turn
892802,-0.0004,0.1491,1.0155,0.3850,-1.4350,-18.6375,1000.9695,right_u_turn
892862,-0.0944,0.1623,0.9519,-0.3587,0.1575,-17.5963,1000.9707,right_u_turn
892922,-0.0532,0.0849,0.9867,-1.3038,-0.9538,-17.0012,1000.9729,right_u_turn
892982,-0.0656,0.0354,0.9441,0.0700,0.7000,-15.9425,1000.9751,right_u_turn
893042,-0.0237,0.0927,0.9570,1.0588,0.0350,-14.6562,1000.9653,right_u_turn
893102,-0.0382,0.1033,1.0175,-0.1750,0.9800,-13.3612,1000.9788,right_u_turn
893162,-0.0605,0.1447,1.0064,1.1113,0.2362,-12.7662,1000.9819,right_u_turn
893222,-0.0564,0.0556,0.9936,-0.3150,-0.2537,-11.8387,1000.9878,right_u_turn
893282,-0.0423,0.1022,1.0067,-0.8225,-1.0150,-10.5525,1000.9841,right_u_turn
893342,-0.0569,0.0274,0.9845,-1.1550,-0.1400,-8.8813,1000.9739,right_u_turn
893402,-0.0672,0.0100,0.9966,-1.0063,-0.1925,-7.8925,1000.9700,right_u_turn
893462,-0.0818,0.0022,0.9665,0.2275,-0.1050,-6.9300,1000.9578,right_u_turn
893522,-0.0751,-0.0176,0.9792,0.3587,0.7788,-5.7312,1000.9846,right_u_turn
893582,-0.1193,-0.0239,1.0026,-0.5425,2.4938,-4.8562,1000.9717,right_u_turn
893642,-0.0637,0.1064,1.0529,0.9800,0.7613,-3.7100,1000.9636,right_u_turn
893702,-0.0549,0.0378,1.0436,0.3237,0.4375,-2.8438,1000.9673,right_u_turn
893762,-0.0381,0.0531,1.0187,0.0000,1.0850,-1.8288,1000.9839,right_u_turn
893822,-0.0481,0.0085,1.0165,0.3063,0.4375,-1.1287,1000.9751,right_u_turn
893882,-0.0653,0.0163,1.0293,-0.2013,1.1812,-0.3150,1000.9590,right_u_turn
893942,-0.0663,-0.0056,1.0205,0.0700,-0.6212,-0.0088,1000.9688,right_u_turn
894002,-0.0901,-0.0339,0.9791,-0.1750,0.7437,0.2450,1000.9490,right_u_turn
894062,-0.0488,0.0388,1.0306,1.0938,-0.3762,0.5163,1000.9561,right_u_turn
894122,-0.0730,-0.0134,0.9779,-0.0875,0.1312,0.3325,1000.9521,right_u_turn
894182,-0.0156,0.0039,1.0521,0.2800,-0.1750,0.7175,1000.9517,right_u_turn
894242,-0.0337,0.0504,1.0162,1.0237,2.0387,0.3237,1000.9575,right_u_turn
894302,-0.0459,0.0148,1.0475,-0.0962,0.3500,0.1488,1000.9485,right_u_turn
894362,-0.0725,0.0608,0.9709,0.2537,1.1900,0.6300,1000.9509,right_u_turn
894422,-0.0605,-0.0522,0.9896,-0.9100,-0.1400,0.3325,1000.9482,right_u_turn
894482,-0.0207,0.0122,1.0144,0.0000,-0.4462,0.7875,1000.9407,right_u_turn
894542,-0.0552,0.0322,1.0336,0.4550,0.4375,0.7613,1000.9387,right_u_turn
894602,-0.0759,0.0096,0.9922,-0.6475,1.1638,0.2800,1000.9443,right_u_turn
894662,-0.0580,0.0202,1.0116,1.0500,-0.0437,0.4462,1000.9497,right_u_turn
894722,-0.0361,-0.0146,1.0299,0.7613,0.4112,0.6650,1000.9502,right_u_turn
894782,-0.0945,0.0317,0.9731,1.0938,-1.1287,0.0088,1000.9480,right_u_turn
894842,-0.0566,-0.0414,0.9753,-0.6300,-1.7938,0.2013,1000.9573,right_u_turn
894902,-0.1202,-0.0171,0.8272,0.0613,-0.6737,-0.0962,1000.9453,right_u_turn
894962,-0.0498,-0.0119,1.0531,1.0150,0.2275,0.3150,1000.9441,right_u_turn
895022,-0.0507,0.0520,0.9698,0.0613,1.0325,0.2887,1000.9424,right_u_turn
895082,-0.0895,-0.0429,1.0019,0.3063,0.2362,0.3237,1000.9338,right_u_turn
895142,-0.1030,0.0315,1.0199,1.5225,0.8313,0.1138,1000.9382,right_u_turn
895202,-0.0898,0.0288,1.0490,-0.1225,3.6312,0.0000,1000.9343,right_u_turn
895262,-0.0959,-0.0018,1.0421,-0.5512,3.7625,0.1225,1000.9333,right_u_turn
895322,-0.0400,0.0109,1.0158,-0.6650,0.3587,0.0350,1000.9346,right_u_turn
895382,-0.0459,-0.0379,1.0499,1.3913,0.9450,0.0350,1000.9238,right_u_turn
895442,-0.0290,0.0678,1.0938,0.8225,0.6913,0.2188,1000.9360,right_u_turn
895502,-0.1154,-0.0232,0.9021,0.4288,-0.2362,0.0350,1000.9373,right_u_turn
895562,-0.1286,-0.0176,0.9064,-0.0262,-1.7763,-0.1488,1000.9280,right_u_turn
895622,-0.0842,-0.0130,0.9069,0.6737,-2.0825,-0.2975,1000.9304,right_u_turn
895682,0.0112,0.0129,1.0736,1.5137,-0.8925,0.0962,1000.9348,right_u_turn
895742,-0.0669,0.0885,0.9694,0.9625,1.2687,0.0962,1000.9324,right_u_turn
895802,-0.0473,0.0226,0.9577,1.1113,0.7350,0.4025,1000.9329,right_u_turn
895862,-0.0269,0.0120,0.9742,-0.3675,-0.0175,0.0875,1000.9116,right_u_turn
895922,-0.0224,0.0036,0.9908,0.5688,0.5163,-0.2013,1000.9390,right_u_turn
895982,0.0108,0.0178,0.9797,-1.1375,0.4200,0.1925,1000.9314,right_u_turn
896042,0.0156,0.0357,1.0691,-0.1575,0.0962,0.1050,1000.9287,right_u_turn
896102,0.0215,0.0486,1.0116,0.0875,0.2625,0.1575,1000.9150,right_u_turn
896162,-0.0068,0.0024,0.8699,-0.6212,-0.4812,0.4900,1000.9199,right_u_turn
896222,-0.0218,0.0596,0.9474,-0.5600,1.9512,0.0262,1000.9167,right_u_turn
896282,-0.0102,0.0257,1.0921,0.7875,1.4262,-0.0437,1000.9292,right_u_turn
896342,-0.0081,0.0090,0.9520,-1.0063,1.3475,-0.1750,1000.9294,right_u_turn
896402,-0.0062,-0.0071,0.9770,-0.8225,-0.6037,0.1925,1000.9355,right_u_turn
896462,-0.0691,0.0819,0.9806,2.5638,1.9338,-0.2188,1000.9436,right_u_turn
896522,-0.0705,-0.0001,0.9659,0.0350,1.9775,0.0525,1000.9446,right_u_turn
896582,-0.0310,0.0532,0.9507,0.4725,0.4638,-0.0700,1000.9407,right_u_turn
896642,-0.0165,0.0636,1.0165,0.6037,1.5750,-0.1225,1000.9436,right_u_turn
896702,0.0060,0.0205,1.0372,-0.3150,0.4375,-0.2537,1000.9207,right_u_turn
896762,-0.0105,0.0244,1.0031,1.7413,1.2775,-0.6125,1000.8960,right_u_turn
896822,0.0081,0.1073,0.9975,-0.1138,-3.0712,-0.1312,1000.9204,right_u_turn
896882,-0.0098,-0.0280,1.0429,0.2450,1.6275,-0.5163,1000.9324,right_u_turn
896942,-0.0473,-0.0712,0.9681,0.0262,-0.7000,-0.5250,1000.9180,right_u_turn
897002,0.0095,0.0714,1.0128,-0.5863,-0.8050,0.0088,1000.9214,right_u_turn
897062,-0.0103,-0.0027,1.0748,0.7613,0.7875,-0.0088,1000.9253,right_u_turn
897122,-0.0539,0.0303,1.0675,1.1550,0.5250,-0.0525,1000.9246,right_u_turn
897182,-0.0886,0.0632,0.9894,0.4025,-0.5075,-0.2013,1000.9211,right_u_turn
897242,-0.0752,0.0126,0.8843,-1.9425,-1.5488,-0.1225,1000.9180,right_u_turn
897302,-0.0054,-0.0575,1.0676,0.6212,0.4988,-0.1225,1000.9285,right_u_turn
897362,-0.0148,0.1037,0.9262,-0.0700,-1.3913,-0.0613,1000.9226,right_u_turn
897422,-0.0435,0.0187,0.9872,-1.9075,-1.6800,0.0525,1000.9243,right_u_turn
897482,0.0042,-0.0178,1.0232,1.0938,-0.6737,-0.3500,1000.9089,right_u_turn
897542,-0.0062,0.0717,1.0415,1.1638,0.8662,-0.2975,1000.9358,right_u_turn
897602,-0.0344,0.0578,0.9916,1.8112,0.2800,-0.3063,1000.9070,right_u_turn
897662,-0.0304,0.0199,0.8977,1.2950,0.2800,-0.3500,1000.9336,right_u_turn
897722,-0.0583,-0.0181,0.8960,1.4438,-0.3063,-0.3063,1000.9390,right_u_turn
897782,-0.0168,0.0671,0.9811,0.8662,-1.0762,-0.1312,1000.9253,right_u_turn
897842,-0.0235,-0.1099,0.9943,2.1525,2.1788,-0.5775,1000.9170,right_u_turn
897902,-0.0862,0.0456,0.8118,0.2887,-0.0175,-0.3587,1000.9021,right_u_turn
897962,0.0017,-0.0214,1.0460,0.4900,0.1575,-0.1050,1000.9351,right_u_turn
898022,-0.0169,0.0131,1.0427,1.2862,1.4175,-0.3675,1000.9199,right_u_turn
898082,0.0068,0.0944,1.0343,1.0412,-0.2188,-0.3938,1000.9224,right_u_turn
898142,0.0002,-0.0242,0.9296,0.0700,-2.0738,-0.0962,1000.9224,right_u_turn
898202,-0.0720,0.0449,0.9450,-0.2625,-0.9887,-0.6562,1000.9236,right_u_turn
898262,-0.0156,0.0639,0.9689,-0.4900,0.7437,-0.9187,1000.9185,right_u_turn
898322,0.0573,-0.0889,1.0326,-0.9275,-0.8487,0.0175,1000.8970,right_u_turn
898382,0.0198,0.0322,0.8880,0.2450,-0.8662,-0.5775,1000.9133,right_u_turn
898442,0.0220,0.0350,1.0726,-0.7700,-1.2513,0.0088,1000.9055,right_u_turn
898502,-0.0237,0.0228,0.9209,0.0437,-1.0850,-0.4112,1000.9207,right_u_turn
898562,0.0762,0.0708,1.0597,0.3500,-1.4963,-0.6650,1000.9062,right_u_turn
898622,-0.0207,-0.0344,0.9143,-0.0088,0.8487,-0.5250,1000.9175,right_u_turn
898682,-0.0024,0.0195,0.9460,-0.4462,0.7175,0.1312,1000.9150,right_u_turn
898742,0.0190,0.0579,1.0799,0.2537,2.4588,-0.3063,1000.9023,right_u_turn
898802,0.0542,0.0792,1.0199,-0.7000,0.2800,-0.2100,1000.9055,right_u_turn
898862,0.0610,0.0137,0.9862,-2.0387,-1.2862,0.4725,1000.9011,right_u_turn
898922,-0.0620,-0.0370,0.9071,-0.4550,0.8225,-0.0962,1000.9138,right_u_turn
898982,-0.0703,0.0264,0.9486,-0.7437,-1.1812,-0.6562,1000.9114,right_u_turn
899042,0.0561,0.0483,1.0565,-0.1400,-1.9512,-0.1400,1000.9170,right_u_turn
899102,0.0095,-0.0107,0.8872,-0.6737,-1.7763,0.0175,1000.9148,right_u_turn
899162,-0.0586,-0.0224,0.9775,1.5400,1.4175,-0.3063,1000.9182,right_u_turn
899222,-0.0312,0.0317,0.8757,-1.0500,1.2250,-0.0525,1000.9136,right_u_turn
899282,0.0659,0.0186,1.0284,0.9187,2.2487,0.1750,1000.9141,right_u_turn
899342,0.0542,0.0571,0.9806,1.8463,-3.5525,0.3938,1000.9031,right_u_turn
899402,0.0498,0.1161,0.9814,-0.0088,0.1312,-0.3762,1000.8984,right_u_turn
899462,0.0647,-0.0156,1.0336,0.7088,1.1113,0.0437,1000.9097,right_u_turn
899522,0.0947,0.0854,0.9536,-1.4525,1.7763,0.4375,1000.9153,right_u_turn
899582,0.1089,-0.0290,0.9770,0.6825,-1.3212,0.0525,1000.9055,right_u_turn
899642,0.1154,0.0032,1.0841,0.3063,-0.8400,0.0088,1000.8894,right_u_turn
899702,0.0365,-0.0038,1.0285,0.7437,1.0325,0.4200,1000.9006,right_u_turn
899762,0.0417,0.0271,1.0339,0.0088,1.9512,-0.0262,1000.8999,right_u_turn
899822,-0.0435,-0.0794,0.8683,2.4325,1.8987,-0.3850,1000.8943,right_u_turn
899882,0.0598,0.0210,1.0463,1.6275,1.1900,0.0175,1000.9148,right_u_turn
899942,0.0776,0.0664,1.0711,-0.1138,-0.0175,0.7262,1000.9116,right_u_turn
900002,0.0818,0.0129,1.0328,0.6300,-0.7175,0.8575,1000.9189,right_u_turn
900062,0.0695,0.0136,1.0704,1.8725,1.9600,0.2800,1000.9155,right_u_turn
900122,0.0276,0.0008,0.9521,0.4375,0.6913,0.6562,1000.9163,right_u_turn
900182,0.0452,0.0891,1.0560,0.3413,0.5775,0.8138,1000.9126,right_u_turn
900242,0.0559,0.0082,0.9169,1.0762,-0.1663,0.2362,1000.9241,right_u_turn
900302,0.0978,-0.0045,0.9977,0.5600,-0.9538,0.2275,1000.9302,right_u_turn
900362,0.0473,0.0098,1.0407,-0.1225,-1.3038,0.7525,1000.9104,right_u_turn
900422,0.0681,0.0245,1.0675,0.8487,0.8400,0.4025,1000.9390,right_u_turn
900482,-0.0190,0.0432,0.8289,0.7175,-0.4200,0.2275,1000.9136,right_u_turn
900542,0.0511,0.0451,1.0629,-0.2275,-0.9275,-0.2537,1000.9331,right_u_turn
900602,0.0583,-0.0356,1.0676,0.5337,-0.3938,0.2188,1000.9070,right_u_turn
900662,-0.0157,0.0724,0.9008,-0.4550,-0.4638,0.4200,1000.8965,right_u_turn
900722,0.0213,0.0098,1.0190,-0.8313,-0.0962,0.2362,1000.9238,right_u_turn
900782,0.0082,-0.0439,1.0088,0.3500,1.2775,0.1138,1000.9280,right_u_turn
900842,0.0359,0.0580,0.9765,-0.0175,-0.9450,0.0875,1000.9299,right_u_turn
900902,0.0222,-0.0478,0.9523,0.3237,-0.5425,0.4112,1000.9126,right_u_turn
900962,0.0026,-0.0054,0.8664,-2.3100,1.0500,0.1312,1000.9231,right_u_turn
901022,0.0966,0.0259,1.0277,0.1225,1.0500,-0.1312,1000.9302,right_u_turn
901082,0.1399,0.0890,1.0239,-0.9450,-3.9462,0.0962,1000.9365,right_u_turn
901142,0.1091,0.0115,1.1175,1.6800,3.4125,-0.4200,1000.9375,right_u_turn
901202,0.0188,-0.0059,1.0138,1.4350,0.7262,-0.1488,1000.9275,right_u_turn
901262,0.0368,-0.0485,0.9509,0.4025,-0.3675,-0.2975,1000.9331,right_u_turn
901322,0.0376,0.0276,0.9901,0.1575,-1.0938,0.1488,1000.9438,right_u_turn
901382,0.0601,-0.0236,0.9641,-1.2513,0.4200,0.1925,1000.9619,right_u_turn
901442,0.0685,0.0143,1.0497,1.8200,-0.2275,0.1488,1000.9316,right_u_turn
901502,0.0902,0.0685,1.0616,0.4112,0.5163,-0.0437,1000.9475,right_u_turn
901562,0.0883,-0.0196,0.9911,0.0700,-0.1663,-0.0525,1000.9280,right_u_turn
