00.9453,stationary
1617482,0.1723,0.1345,1.2873,3.1850,-4.9000,1.3475,1000.9243,stationary
1617542,-0.0246,0.0839,0.8242,1.8987,-1.8025,1.5137,1000.9243,stationary
1617602,0.0273,0.1305,1.0294,1.9863,-1.3300,1.1113,1000.9026,stationary
1617662,0.0303,-0.2042,1.0831,-0.5688,-7.3063,1.4875,1000.9055,stationary
1617722,0.3016,-0.0222,1.2.1694702,0.0244,0.0042,0.9922,0.1838,-0.1050,0.2188,1001.5540,stationary
1694762,0.0282,0.0053,0.9979,0.1312,0.0525,0.2450,1001.5488,stationary
1694822,0.0256,0.0032,0.9942,0.0613,-0.0437,0.1750,1001.5537,stationary
1694882,0.0243,0.0042,0.9928,0.2800,0.1138,0.2800,1001.5508,stationary
1694942,0.0254,0.0083,0.9941,0.2362,-0.0875,0.2013,1001.5505,stationary
1695002,0.0265,0.0066,0.9960,0.1838,0.0962,0.3063,1001.5508,stationary
1695062,0.0268,0.0064,0.9945,0.2188,0.1400,0.2362,1001.5491,stationary
1695122,0.0268,0.0074,0.9941,0.2450,0.0525,0.1925,1001.5420,stationary
1695182,0.0226,0.0051,0.9941,0.1925,0.0875,0.2537,1001.5457,stationary
1695242,0.0248,0.0034,0.9938,0.1575,0.1750,0.2362,1001.5486,stationary
1695302,0.0259,0.0049,0.9934,0.1050,0.1138,0.1925,1001.5471,stationary
1695362,0.0273,0.0049,0.9950,0.1312,0.1312,0.3150,1001.5430,stationary
1695422,0.0281,0.0044,0.9959,0.0700,0.0962,0.2362,1001.5471,stationary
1695482,0.0245,0.0044,0.9965,0.2188,0.0787,0.2537,1001.5454,stationary
1695542,0.0244,0.0041,0.9948,0.1925,0.1225,0.2800,1001.5515,stationary
1695602,0.0254,0.0024,0.9958,0.2800,0.0875,0.2450,1001.5457,stationary
1695662,0.0246,0.0061,0.9941,0.2188,0.1575,0.2188,1001.5491,stationary
1695722,0.0234,0.0073,0.9963,0.2188,0.1838,0.1838,1001.5500,stationary
1695782,0.0239,0.0084,0.9960,0.1488,0.2188,0.2362,1001.5532,stationary
1695842,0.0239,0.0075,0.9963,0.1575,0.0525,0.2887,1001.5513,stationary
1695902,0.0265,0.0032,0.9931,0.1838,0.1488,0.1750,1001.5552,stationary
1695962,0.0259,0.0114,0.9987,0.2975,0.3063,0.1838,1001.5596,stationary
1696022,0.0210,0.0049,0.9912,0.2188,0.0525,0.2537,1001.5510,stationary
1696082,0.0234,-0.0003,0.9934,0.1050,0.0613,0.2362,1001.5559,stationary
1696142,0.0201,0.0043,0.9872,0.3587,0.2887,0.2013,1001.5496,stationary
1696202,0.0279,0.0173,0.9970,0.1663,0.1225,0.2537,1001.5474,stationary
1696262,0.0303,0.0063,0.9909,-0.0262,0.1225,0.3325,1001.5447,stationary
1696322,0.0259,0.0002,0.9970,0.0613,0.1488,0.2100,1001.5403,stationary
1696382,0.0268,0.0029,0.9988,0.0350,0.1138,0.1838,1001.5444,stationary
1696442,0.0242,0.0056,0.9989,0.2975,0.0700,0.2100,1001.5420,stationary
1696502,0.0223,0.0039,0.9938,0.1838,0.0787,0.2537,1001.5479,stationary
1696562,0.0252,0.0062,0.9980,0.2625,0.1400,0.2188,1001.5435,stationary
1696622,0.0246,0.0097,0.9981,0.1925,0.0787,0.2013,1001.5457,stationary
1696682,0.0312,0.0027,1.0009,0.1488,0.1488,0.1575,1001.5400,stationary
1696742,0.0278,0.0062,0.9984,0.1925,0.0787,0.2625,1001.5439,stationary
1696802,0.0276,0.0027,0.9929,0.0613,-0.0262,0.2362,1001.5454,stationary
1696862,0.0256,0.0080,0.9963,0.2450,0.1575,0.1925,1001.5518,stationary
1696922,0.0231,0.0056,0.9904,0.2013,0.0350,0.2362,1001.5522,stationary
1696982,0.0241,0.0063,0.9967,0.1488,0.0700,0.2450,1001.5383,stationary
1697042,0.0283,0.0036,0.9951,0.1400,0.0962,0.2537,1001.5540,stationary
1697102,0.0244,0.0037,0.9972,0.1400,0.1575,0.2188,1001.5464,stationary
1697162,0.0232,0.0054,0.9938,0.1663,0.0962,0.1925,1001.5496,stationary
1697222,0.0244,0.0062,0.9981,0.2887,0.1050,0.2275,1001.5500,stationary
1697282,0.0261,0.0073,0.9919,0.1663,0.0787,0.2275,1001.5469,stationary
1697342,0.0268,0.0073,0.9941,0.1575,0.0613,0.2800,1001.5449,stationary
1697402,0.0242,0.0066,0.9942,0.1400,0.0787,0.1838,1001.5488,stationary
1697462,0.0244,0.0063,0.9933,0.1225,0.0962,0.2450,1001.5557,stationary
1697522,0.0232,0.0020,0.9953,0.0350,-0.0175,0.2450,1001.5547,stationary
1697582,0.0257,0.0039,0.9924,0.1925,0.0175,0.2013,1001.5562,stationary
1697642,0.0256,0.0049,0.9936,0.1400,0.0000,0.2362,1001.5481,stationary
1697702,0.0269,0.0083,0.9927,0.1575,0.0175,0.2275,1001.5408,stationary
1697762,0.0229,0.0065,0.9943,0.1488,0.1050,0.1488,1001.5459,stationary
1697822,0.0249,0.0041,0.9960,0.2013,0.0175,0.1488,1001.5471,stationary
1697882,0.0270,0.0020,0.9977,0.0962,-0.0437,0.2362,1001.5488,stationary
1697942,0.0234,0.0030,0.9905,0.2537,0.1138,0.2450,1001.5498,stationary
1698002,0.0281,0.0076,1.0023,0.2887,0.0088,0.2537,1001.5420,stationary
1698062,0.0271,0.0077,0.9923,0.1838,0.0787,0.1838,1001.5510,stationary
1698122,0.0252,0.0063,0.9914,0.2713,0.1225,0.1750,1001.5442,stationary
1698182,0.0217,0.0024,0.9901,0.1050,0.0962,0.2362,1001.5513,stationary
1698242,0.0280,0.0069,1.0007,0.2450,0.0787,0.2013,1001.5420,stationary
1698302,0.0242,0.0063,0.9886,0.1663,-0.0350,0.2450,1001.5444,stationary
1698362,0.0260,0.0061,0.9946,0.1575,0.1400,0.2625,1001.5471,stationary
1698422,0.0237,0.0070,0.9921,0.2100,0.0175,0.2450,1001.5500,stationary
1698482,0.0232,0.0039,0.9965,0.0787,0.0962,0.2100,1001.5483,stationary
1698542,0.0286,0.0102,1.0041,0.2188,0.0875,0.1925,1001.5488,stationary
1698602,0.0251,0.0041,0.9853,0.2275,-0.0613,0.2362,1001.5466,stationary
1698662,0.0251,0.0032,0.9902,0.2275,0.1138,0.2100,1001.5510,stationary
1698722,0.0227,0.0042,0.9880,0.2450,0.1663,0.2975,1001.5447,stationary
1698782,0.0234,0.0037,0.9959,0.2013,-0.0700,0.2537,1001.5481,stationary
1698842,0.0264,0.0063,0.9942,0.1138,0.0175,0.2188,1001.5427,stationary
1698902,0.0254,0.0051,0.9958,0.1050,0.1225,0.2100,1001.5369,stationary
1698962,0.0254,0.0032,0.9970,0.1575,0.0175,0.2275,1001.5479,stationary
1699022,0.0239,0.0046,0.9968,0.1663,-0.0175,0.2100,1001.5464,stationary
1699082,0.0240,0.0051,0.9920,0.0262,0.1488,0.2362,1001.5437,stationary
1699142,0.0256,0.0071,0.9931,0.2275,-0.0088,0.2013,1001.5413,stationary
1699202,0.0262,0.0058,0.9945,0.0875,0.0613,0.2800,1001.5454,stationary
1699262,0.0264,0.0051,0.9955,0.1225,0.1838,0.2625,1001.5540,stationary
1699322,0.0249,0.0040,0.9943,0.1663,0.0700,0.2975,1001.5449,stationary
1699382,0.0243,0.0049,0.9950,0.1663,0.1225,0.2537,1001.5496,stationary
1699442,0.0256,0.0070,0.9977,0.3237,0.1312,0.3063,1001.5508,stationary
1699502,0.0276,0.0056,0.9967,0.1312,0.2013,0.2713,1001.5559,stationary
1699562,0.0242,0.0051,0.9941,0.1488,0.0350,0.2100,1001.5513,stationary
1699622,0.0246,0.0034,0.9956,0.1050,0.0875,0.1838,1001.5518,stationary
1699682,0.0249,0.0066,0.9948,0.1050,0.0350,0.1925,1001.5513,stationary
1699742,0.0254,0.0029,0.9931,0.0875,0.0262,0.1488,1001.5469,stationary
1699802,0.0293,0.0020,1.0005,0.1663,0.1138,0.2975,1001.5532,stationary
1699862,0.0246,0.0048,0.9957,0.1750,0.0613,0.2275,1001.5515,stationary
1699922,0.0269,0.0046,1.0006,0.2362,0.0700,0.2625,1001.5510,stationary
1699982,0.0241,0.0066,0.9948,0.0875,0.0875,0.2537,1001.5496,stationary
1700042,0.0246,0.0041,0.9958,0.2100,0.0437,0.2275,1001.5459,stationary
1700102,0.0241,0.0053,0.9955,0.1225,0.1225,0.2188,1001.5620,stationary
1700162,0.0268,0.0056,0.9947,0.1663,0.1312,0.1925,1001.5530,stationary
1700222,0.0303,0.0079,1.0077,0.2188,0.1750,0.2450,1001.5535,stationary
1700282,0.0243,0.0046,0.9965,0.2188,0.0700,0.2013,1001.5393,stationary
1700342,0.0259,0.0056,0.9966,0.1400,0.1225,0.2275,1001.5493,stationary
1700402,0.0251,0.0027,0.9960,0.1488,0.2013,0.1838,1001.5535,stationary
1700462,0.0251,0.0045,0.9943,0.1312,0.0437,0.2713,1001.5496,stationary
1700522,0.0257,0.0041,0.9945,0.1663,0.1138,0.2800,1001.5591,stationary
1700582,0.0256,0.0044,0.9972,0.2275,0.0437,0.2013,1001.5559,stationary
1700642,0.0248,0.0059,0.9963,0.2013,-0.0613,0.2100,1001.5479,stationary
1700702,0.0262,0.0056,0.9938,0.1925,0.1138,0.3063,1001.5569,stationary
1700762,0.0230,0.0051,0.9963,0.3413,0.0787,0.2188,1001.5479,stationary
1700822,0.0256,0.0025,0.9967,0.1138,0.0700,0.1312,1001.5532,stationary
1700882,0.0264,0.0062,0.9948,0.2975,0.1312,0.1663,1001.5520,stationary
1700942,0.0259,0.0049,0.9928,0.1488,0.0262,0.2362,1001.5466,stationary
1701002,0.0263,0.0051,0.9940,0.1750,0.1400,0.2625,1001.5513,stationary
1701062,0.0249,0.0029,0.9944,0.1225,0.1663,0.1925,1001.5483,stationary
1701122,0.0249,0.0056,0.9977,0.2188,0.1138,0.2188,1001.5596,stationary
1701182,0.0247,0.0054,0.9964,0.1750,0.0875,0.2275,1001.5542,stationary
1701242,0.0269,0.0049,0.9965,0.1750,0.0962,0.2713,1001.5583,stationary
1701302,0.0276,0.0061,0.9938,0.1138,0.0613,0.1750,1001.5522,stationary
1701362,0.0246,0.0036,0.9926,0.3063,0.1225,0.2188,1001.5476,stationary
1701422,0.0237,0.0058,0.9955,0.0700,-0.0088,0.2537,1001.5505,stationary
1701482,0.0222,0.0066,0.9968,0.2362,0.0875,0.2275,1001.5522,stationary
1701542,0.0264,0.0073,0.9975,0.1138,0.0175,0.2188,1001.5598,stationary
1701602,0.0271,0.0076,0.9936,0.1138,0.1312,0.1750,1001.5544,stationary
1701662,0.0258,0.0059,0.9961,0.1575,0.1225,0.2188,1001.5505,stationary
1701722,0.0242,0.0024,0.9929,0.1225,0.0613,0.3237,1001.5559,stationary
1701782,0.0207,0.0054,0.9908,0.1050,0.1312,0.1575,1001.5620,stationary
1701842,0.0265,0.0022,0.9936,-0.0613,0.0525,0.2188,1001.5579,stationary
1701902,0.0281,-0.0025,1.0087,0.2275,0.0700,0.1838,1001.5505,stationary
1701962,0.0271,0.0057,0.9945,0.1663,0.0175,0.2100,1001.5557,stationary
1702022,0.0267,0.0023,0.9941,0.1838,0.0525,0.2013,1001.5498,stationary
1702082,0.0271,0.0057,0.9987,0.0437,0.0437,0.2013,1001.5488,stationary
1702142,0.0244,0.0027,0.9958,0.2013,0.0613,0.3237,1001.5513,stationary
1702202,0.0259,0.0066,0.9977,0.2013,0.2188,0.2362,1001.5432,stationary
1702262,0.0245,0.0063,0.9911,0.2188,0.0525,0.2100,1001.5601,stationary
1702322,0.0251,0.0056,0.9985,0.1750,0.1138,0.2362,1001.5549,stationary
1702382,0.0265,0.0032,0.9986,0.1050,0.0700,0.2625,1001.5610,stationary
1702442,0.0257,0.0039,0.9959,0.0613,0.1138,0.2450,1001.5654,stationary
1702502,0.0244,0.0045,0.9945,0.2275,0.0613,0.2537,1001.5559,stationary
1702562,0.0232,0.0051,0.9956,0.1312,0.2100,0.2275,1001.5554,stationary
1702622,0.0249,0.0066,0.9953,0.1312,0.0875,0.2625,1001.5603,stationary
1702682,0.0263,0.0056,0.9958,0.1225,0.0787,0.2188,1001.5669,stationary
1702742,0.0264,0.0061,0.9957,0.1663,0.0962,0.1750,1001.5630,stationary
1702802,0.0247,0.0049,0.9951,0.1488,0.0613,0.2013,1001.5603,stationary
1702862,0.0239,0.0048,0.9967,0.1925,0.0350,0.1750,1001.5598,stationary
1702922,0.0252,0.0052,0.9942,0.2188,0.1050,0.2537,1001.5435,stationary
1702982,0.0252,0.0058,0.9946,0.1488,0.0350,0.2188,1001.5605,stationary
1703042,0.0278,0.0039,0.9945,0.1050,0.0700,0.2537,1001.5652,stationary
1703102,0.0251,0.0035,0.9948,0.1225,0.0350,0.2450,1001.5615,stationary
1703162,0.0242,0.0046,0.9938,0.1750,0.0613,0.2362,1001.5598,stationary
1703222,0.0268,0.0059,0.9950,0.1663,0.0262,0.2013,1001.5469,stationary
1703282,0.0276,0.0056,0.9928,0.1750,0.0525,0.2013,1001.5657,stationary
1703342,0.0254,0.0044,0.9939,0.1575,0.0962,0.2537,1001.5627,stationary
1703402,0.0248,0.0054,0.9948,0.1750,0.0613,0.2100,1001.5498,stationary
1703462,0.0257,0.0054,0.9946,0.0875,0.0525,0.2450,1001.5625,stationary
1703522,0.0251,0.0037,0.9955,0.1050,0.1225,0.2537,1001.5576,stationary
1703582,0.0259,0.0044,0.9942,0.1925,0.0875,0.2800,1001.5554,stationary
1703642,0.0259,0.0027,0.9953,0.2362,0.0350,0.2450,1001.5630,stationary
1703702,0.0259,0.0063,0.9934,0.1488,0.1225,0.2625,1001.5620,stationary
1703762,0.0256,0.0059,0.9938,0.0962,0.1050,0.2100,1001.5447,stationary
1703822,0.0249,0.0043,0.9955,0.1488,0.0525,0.1663,1001.5547,stationary
1703882,0.0242,0.0024,0.9928,0.2188,0.1312,0.2713,1001.5571,stationary
1703942,0.0264,0.0045,0.9953,0.1838,0.1138,0.1925,1001.5603,stationary
1704002,0.0252,0.0043,0.9966,0.1400,0.1225,0.2713,1001.5605,stationary
1704062,0.0261,0.0061,0.9950,0.2450,0.1138,0.2625,1001.5615,stationary
1704122,0.0242,0.0057,0.9938,0.1663,0.0000,0.2275,1001.5652,stationary
1704182,0.0246,0.0063,0.9955,0.1575,0.1312,0.2275,1001.5564,stationary
1704242,0.0268,0.0034,0.9963,0.1488,0.1312,0.2188,1001.5564,stationary
1704302,0.0267,0.0013,0.9950,0.1050,0.0437,0.2713,1001.5610,stationary
1704362,0.0254,0.0039,0.9923,0.2362,0.1050,0.2362,1001.5588,stationary
1704422,0.0249,0.0071,0.9945,0.2100,0.0437,0.2800,1001.5610,stationary
1704482,0.0254,0.0066,0.9933,0.1050,0.1050,0.2100,1001.5515,stationary
1704542,0.0248,0.0049,0.9957,0.1925,0.1225,0.1750,1001.5566,stationary
1704602,0.0262,0.0044,0.9964,0.1838,0.0000,0.1925,1001.5649,stationary
1704662,0.0259,0.0018,0.9948,0.0613,0.1750,0.2188,1001.5652,stationary
1704722,0.0247,0.0034,0.9917,0.1750,0.1488,0.2013,1001.5515,stationary
1704782,0.0257,0.0054,0.9933,0.2100,0.0700,0.3063,1001.5625,stationary
1704842,0.0264,0.0059,0.9955,0.2013,0.0525,0.2362,1001.5603,stationary
1704902,0.0249,0.0061,0.9960,0.1138,0.1312,0.2362,1001.5500,stationary
1704962,0.0251,0.0057,0.9941,0.1312,0.0700,0.1925,1001.5554,stationary
1705022,0.0256,0.0021,0.9945,0.0175,0.1312,0.2188,1001.5510,stationary
1705082,0.0242,0.0035,0.9953,0.1312,0.0613,0.2450,1001.5640,stationary
1705142,0.0261,0.0057,0.9945,0.1400,0.1838,0.2537,1001.5527,stationary
1705202,0.0259,0.0063,0.9945,0.1138,0.0962,0.2362,1001.5532,stationary
1705262,0.0248,0.0068,0.9962,0.1575,0.1225,0.1663,1001.5574,stationary
1705322,0.0249,0.0042,0.9955,0.0962,0.0787,0.1838,1001.5605,stationary
1705382,0.0239,0.0044,0.9962,0.1488,0.1750,0.2537,1001.5518,stationary
1705442,0.0251,0.0054,0.9948,0.0700,0.0700,0.2537,1001.5679,stationary
1705502,0.0257,0.0053,0.9946,0.2100,0.0262,0.2713,1001.5518,stationary
1705562,0.0259,0.0060,0.9960,0.2625,0.1050,0.2625,1001.5493,stationary
1705622,0.0264,0.0047,0.9945,0.1925,0.0875,0.2537,1001.5549,stationary
1705682,0.0254,0.0051,0.9955,0.1488,0.1575,0.2713,1001.5513,stationary
1705742,0.0260,0.0034,0.9953,0.2100,0.0787,0.2537,1001.5444,stationary
1705802,0.0237,0.0041,0.9953,0.1488,0.0962,0.2537,1001.5527,stationary
1705862,0.0249,0.0062,0.9969,0.2362,0.0613,0.2362,1001.5498,stationary
1705922,0.0256,0.0046,0.9945,0.1575,0.1488,0.2450,1001.5449,stationary
1705982,0.0249,0.0054,0.9946,0.2100,0.0700,0.2362,1001.5505,stationary
1706042,0.0254,0.0047,0.9953,0.0787,0.0175,0.2450,1001.5476,stationary
1706102,0.0249,0.0043,0.9950,0.2013,0.1050,0.2625,1001.5425,stationary
1706162,0.0254,0.0061,0.9944,0.1750,-0.0088,0.2537,1001.5513,stationary
1706222,0.0261,0.0047,0.9947,0.2362,0.0350,0.2800,1001.5476,stationary
1706282,0.0271,0.0054,0.9975,0.1050,-0.0088,0.1925,1001.5537,stationary
1706342,0.0256,0.0060,0.9948,0.2362,0.0262,0.2450,1001.5474,stationary
1706402,0.0251,0.0059,0.9950,0.1050,0.1400,0.2362,1001.5491,stationary
1706462,0.0256,0.0041,0.9950,0.1663,0.0962,0.2713,1001.5601,stationary
1706522,0.0258,0.0044,0.9947,0.2188,0.0525,0.2625,1001.5532,stationary
1706582,0.0264,0.0054,0.9955,0.1663,0.0787,0.2537,1001.5427,stationary
1706642,0.0256,0.0061,0.9967,0.0962,0.1663,0.2450,1001.5525,stationary
1706702,0.0261,0.0057,0.9964,0.0350,0.0613,0.2100,1001.5491,stationary
1706762,0.0249,0.0041,0.9953,0.0700,0.0613,0.2713,1001.5452,stationary
1706822,0.0240,0.0037,0.9960,0.1838,0.0962,0.2362,1001.5493,stationary
1706882,0.0254,0.0031,0.9972,0.2188,0.1050,0.2013,1001.5508,stationary
1706942,0.0259,0.0063,0.9958,0.2362,-0.0350,0.2275,1001.5613,stationary
1707002,0.0251,0.0056,0.9962,0.1225,0.0350,0.2275,1001.5486,stationary
1707062,0.0256,0.0061,0.9944,0.1488,0.0875,0.1925,1001.5542,stationary
1707122,0.0244,0.0059,0.9950,0.1575,0.1400,0.1750,1001.5452,stationary
1707182,0.0246,0.0037,0.9977,0.2100,0.1225,0.2275,1001.5488,stationary
1707242,0.0271,0.0037,0.9968,0.2013,0.0350,0.2013,1001.5522,stationary
1707302,0.0266,0.0074,0.9967,0.0962,0.1488,0.2537,1001.5530,stationary
1707362,0.0268,0.0059,0.9941,0.3063,0.1312,0.1838,1001.5554,stationary
1707422,0.0256,0.0051,0.9946,0.2100,0.0437,0.1750,1001.5591,stationary
1707482,0.0251,0.0066,0.9947,0.1488,0.1663,0.2188,1001.5564,stationary
1707542,0.0256,0.0032,0.9952,0.1838,0.0875,0.2188,1001.5505,stationary
1707602,0.0271,0.0057,0.9943,0.1488,0.0000,0.2362,1001.5486,stationary
1707662,0.0260,0.0056,0.9972,0.1663,0.0437,0.2625,1001.5635,stationary
1707722,0.0249,0.0048,0.9967,0.0787,0.0962,0.2188,1001.5461,stationary
1707782,0.0237,0.0059,0.9936,0.1138,0.1750,0.2013,1001.5435,stationary
1707842,0.0256,0.0073,0.9950,0.1225,0.0437,0.2100,1001.5564,stationary
1707902,0.0253,0.0053,0.9959,0.1925,0.1225,0.2537,1001.5552,stationary
1707962,0.0244,0.0054,0.9938,0.2275,0.1750,0.1750,1001.5474,stationary
1708022,0.0256,0.0054,0.9958,0.0787,0.0262,0.2800,1001.5591,stationary
1708082,0.0268,0.0038,0.9943,0.2800,0.0787,0.2188,1001.5481,stationary
1708142,0.0259,0.0045,0.9929,0.1225,0.1575,0.2013,1001.5508,stationary
1708202,0.0259,0.0057,0.9972,0.1925,0.1225,0.1750,1001.5627,stationary
1708262,0.0251,0.0046,0.9965,0.1925,0.0437,0.2800,1001.5520,stationary
1708322,0.0243,0.0046,0.9942,0.2013,0.0437,0.2100,1001.5527,stationary
1708382,0.0262,0.0044,0.9958,0.1400,0.0962,0.2362,1001.5559,stationary
1708442,0.0247,0.0056,0.9950,0.1400,0.0962,0.2275,1001.5569,stationary
1708502,0.0245,0.0075,0.9970,0.2100,0.0962,0.2450,1001.5549,stationary
1708562,0.0254,0.0046,0.9945,0.1750,0.1050,0.1925,1001.5569,stationary
1708622,0.0273,0.0071,0.9916,0.2362,0.0262,0.1838,1001.5486,stationary
1708682,0.0266,0.0049,0.9934,0.1400,0.0350,0.2537,1001.5498,stationary
1708742,0.0259,0.0058,0.9935,0.0350,0.1750,0.2362,1001.5476,stationary
1708802,0.0222,0.0044,0.9933,0.1663,0.1225,0.2275,1001.5549,stationary
1708862,0.0256,0.0015,0.9957,0.1312,0.1400,0.2800,1001.5547,stationary
1708922,0.0264,0.0041,0.9965,0.2537,0.0787,0.2362,1001.5522,stationary
1708982,0.0276,0.0046,0.9944,0.2013,0.1050,0.2537,1001.5532,stationary
1709042,0.0251,0.0046,0.9945,0.1138,0.1138,0.2450,1001.5535,stationary
1709102,0.0253,0.0061,0.9960,0.1750,0.1138,0.2362,1001.5547,stationary
1709162,0.0244,0.0031,0.9934,0.1488,-0.0350,0.2013,1001.5532,stationary
1709222,0.0270,0.0037,0.9948,0.1050,0.0525,0.2013,1001.5537,stationary
1709282,0.0282,0.0034,0.9991,0.1400,0.0262,0.2013,1001.5527,stationary
1709342,0.0258,0.0037,0.9946,0.2275,0.0875,0.2713,1001.5505,stationary
1709402,0.0243,0.0061,0.9955,0.1575,0.1750,0.2625,1001.5522,stationary
1709462,0.0239,0.0059,0.9933,0.0088,0.1750,0.2100,1001.5486,stationary
1709522,0.0253,0.0073,0.9984,0.1225,0.0700,0.2713,1001.5483,stationary
1709582,0.0270,0.0027,0.9943,0.0962,0.0962,0.2975,1001.5515,stationary
1709642,0.0257,0.0040,0.9944,0.3413,0.0437,0.2275,1001.5530,stationary
1709702,0.0244,0.0049,0.9970,0.1312,0.0875,0.2537,1001.5520,stationary
1709762,0.0251,0.0037,0.9958,0.1050,0.0700,0.2450,1001.5557,stationary
1709822,0.0246,0.0036,0.9940,0.1750,0.0525,0.2362,1001.5454,stationary
1709882,0.0271,0.0064,0.9964,0.1312,0.1050,0.1750,1001.5481,stationary
1709942,0.0256,0.0053,0.9945,0.1838,0.0000,0.2625,1001.5457,stationary
1710002,0.0251,0.0036,0.9953,0.1312,0.1312,0.2713,1001.5557,stationary
1710062,0.0248,0.0039,0.9960,0.1225,0.0437,0.2450,1001.5452,stationary
1710122,0.0247,0.0051,0.9934,0.1750,0.0962,0.2450,1001.5469,stationary
1710182,0.0237,0.0056,0.9936,0.2450,0.0875,0.2013,1001.5522,stationary
1710242,0.0261,0.0068,0.9970,0.1838,0.0350,0.2275,1001.5464,stationary
1710302,0.0246,0.0069,0.9965,0.2100,0.1400,0.2188,1001.5469,stationary
1710362,0.0276,0.0046,0.9938,0.0875,0.1138,0.2275,1001.5525,stationary
1710422,0.0249,0.0037,0.9956,0.1312,0.1050,0.2362,1001.5481,stationary
1710482,0.0244,0.0044,0.9953,0.2188,0.0700,0.1838,1001.5483,stationary
1710542,0.0258,0.0057,0.9941,0.1838,0.0525,0.2188,1001.5442,stationary
1710602,0.0256,0.0049,0.9926,0.1575,0.0613,0.2275,1001.5498,stationary
1710662,0.0241,0.0053,0.9959,0.1750,0.0787,0.1488,1001.5488,stationary
1710722,0.0234,0.0062,0.9953,0.1050,0.0875,0.1838,1001.5491,stationary
1710782,0.0253,0.0031,0.9945,0.1663,0.0350,0.2537,1001.5471,stationary
1710842,0.0254,0.0054,0.9962,0.1488,0.0525,0.2537,1001.5513,stationary
1710902,0.0259,0.0041,0.9948,0.1838,0.0962,0.2625,1001.5537,stationary
1710962,0.0241,0.0053,0.9951,0.1663,0.1225,0.1925,1001.5542,stationary
1711022,0.0249,0.0071,0.9953,0.1750,0.1575,0.1838,1001.5537,stationary
1711082,0.0253,0.0059,0.9959,0.1663,0.0700,0.2188,1001.5530,stationary
1711142,0.0262,0.0039,0.9941,0.0787,0.0437,0.2800,1001.5400,stationary
1711202,0.0253,0.0049,0.9936,0.1050,-0.0088,0.3150,1001.5625,stationary
1711262,0.0244,0.0049,0.9963,0.2275,0.0962,0.2625,1001.5481,stationary
1711322,0.0242,0.0054,0.9919,0.2275,0.1488,0.2362,1001.5500,stationary
1711382,0.0254,0.0053,0.9945,0.1750,0.1050,0.2362,1001.5488,stationary
1711442,0.0269,0.0049,0.9965,0.1488,0.0700,0.1838,1001.5537,stationary
1711502,0.0251,0.0042,0.9955,0.1750,0.0525,0.2450,1001.5547,stationary
1711562,0.0253,0.0009,0.9916,0.1838,0.0787,0.2625,1001.5503,stationary
1711622,0.0239,0.0051,0.9960,0.1138,0.0525,0.2362,1001.5549,stationary
1711682,0.0246,0.0061,0.9955,0.3413,0.1575,0.1750,1001.5493,stationary
1711742,0.0256,0.0073,0.9970,0.0437,0.1050,0.3150,1001.5447,stationary
1711802,0.0260,0.0010,0.9967,0.0962,0.2450,0.1838,1001.5503,stationary
1711862,0.0279,0.0015,0.9844,0.0875,-0.0875,0.2975,1001.5442,stationary
1711922,0.0295,0.0049,0.9862,0.0437,-0.1138,0.1838,1001.5522,stationary
1711982,0.0308,0.0066,1.0036,-0.0437,-0.1575,0.2013,1001.5483,stationary
1712042,0.0244,0.0056,0.9979,0.2625,0.0262,0.2537,1001.5510,stationary
1712102,0.0203,0.0063,0.9881,0.1050,0.0525,0.2450,1001.5413,stationary
1712162,0.0257,0.0037,0.9918,0.1050,0.1400,0.2450,1001.5505,stationary
1712222,0.0247,0.0034,0.9964,0.0787,0.0525,0.2887,1001.5513,stationary
1712282,0.0258,0.0046,0.9960,0.1225,-0.0175,0.2362,1001.5430,stationary
1712342,0.0265,0.0020,0.9928,0.2100,0.0700,0.1750,1001.5464,stationary
1712402,0.0264,0.0074,0.9953,0.2188,0.0088,0.2887,1001.5632,stationary
1712462,0.0259,0.0046,0.9958,0.2013,0.0613,0.2362,1001.5549,stationary
1712522,0.0263,0.0076,0.9958,0.1925,0.0962,0.1400,1001.5471,stationary
1712582,0.0263,0.0045,0.9956,0.1575,0.1225,0.2188,1001.5566,stationary
1712642,0.0239,0.0037,0.9944,0.2188,0.0613,0.2275,1001.5562,stationary
1712702,0.0232,0.0064,0.9938,0.2100,0.0262,0.2275,1001.5527,stationary
1712762,0.0266,0.0068,0.9996,0.2275,0.2450,0.3325,1001.5488,stationary
1712822,0.0271,0.0058,0.9985,0.0962,0.0000,0.2188,1001.5520,stationary
1712882,0.0242,0.0041,0.9902,0.1750,-0.0088,0.2100,1001.5354,stationary
1712942,0.0243,0.0020,0.9914,0.1575,0.0613,0.1838,1001.5542,stationary
1713002,0.0239,0.0078,0.9963,0.1925,0.1225,0.2362,1001.5398,stationary
1713062,0.0268,0.0046,0.9960,0.1663,0.0875,0.2100,1001.5549,stationary
1713122,0.0259,0.0068,0.9956,0.2800,0.0875,0.1575,1001.5505,stationary
1713182,0.0240,0.0043,0.9919,0.1225,0.0437,0.1925,1001.5552,stationary
1713242,0.0247,0.0037,0.9938,0.1138,-0.0175,0.2362,1001.5503,stationary
1713302,0.0256,0.0046,0.9967,0.1750,0.1138,0.1925,1001.5549,stationary
1713362,0.0266,0.0058,0.9989,0.2362,-0.0175,0.3413,1001.5544,stationary
1713422,0.0264,0.0063,0.9933,0.1225,0.0437,0.2275,1001.5479,stationary
1713482,0.0242,0.0053,0.9923,0.0700,0.1663,0.2450,1001.5571,stationary
1713542,0.0234,0.0039,0.9959,0.1750,0.0262,0.1838,1001.5527,stationary
1713602,0.0251,0.0037,0.9936,0.0962,0.0350,0.2188,1001.5552,stationary
1713662,0.0269,0.0034,0.9940,0.0613,0.1312,0.2362,1001.5552,stationary
1713722,0.0263,0.0054,0.9950,0.1663,0.1400,0.1663,1001.5503,stationary
1713782,0.0246,0.0049,0.9953,0.2188,0.0175,0.2188,1001.5520,stationary
1713842,0.0242,0.0062,0.9955,0.1575,0.1138,0.2275,1001.5532,stationary
1713902,0.0251,0.0039,0.9965,0.1750,0.0175,0.2450,1001.5520,stationary
1713962,0.0271,0.0032,0.9935,0.2013,0.0437,0.2275,1001.5510,stationary
1714022,0.0262,0.0056,0.9945,0.1663,0.1663,0.2362,1001.5466,stationary
1714082,0.0256,0.0048,0.9948,0.2013,0.1925,0.2713,1001.5466,stationary
1714142,0.0239,0.0039,0.9964,0.2100,0.1838,0.2275,1001.5513,stationary
1714202,0.0274,0.0048,0.9923,0.2188,0.0262,0.2887,1001.5547,stationary
1714262,0.0251,0.0063,0.9969,0.2362,0.1488,0.2450,1001.5552,stationary
1714322,0.0265,0.0038,0.9946,0.2537,0.1400,0.2188,1001.5500,stationary
1714382,0.0230,0.0037,0.9950,0.1312,0.0613,0.2625,1001.5442,stationary
1714442,0.0237,0.0043,0.9942,0.1400,0.0350,0.2188,1001.5454,stationary
1714502,0.0253,0.0057,0.9909,0.1750,0.1312,0.2362,1001.5522,stationary
1714562,0.0252,0.0049,0.9919,0.2013,0.0525,0.1750,1001.5444,stationary
1714622,0.0271,0.0046,0.9979,0.1400,0.0262,0.2450,1001.5540,stationary
1714682,0.0275,0.0059,0.9963,0.1663,0.1838,0.2800,1001.5510,stationary
1714742,0.0251,0.0036,0.9936,0.2100,0.0437,0.1925,1001.5603,stationary
1714802,0.0251,0.0046,0.9933,0.1838,0.1050,0.2537,1001.5535,stationary
1714862,0.0270,0.0044,0.9943,0.0262,0.0787,0.1838,1001.5598,stationary
1714922,0.0253,0.0049,0.9935,0.1225,-0.0088,0.1925,1001.5479,stationary
1714982,0.0240,0.0048,0.9941,0.1400,0.0262,0.2625,1001.5527,stationary
1715042,0.0239,0.0080,0.9964,0.1663,0.0175,0.1925,1001.5486,stationary
1715102,0.0247,0.0041,0.9955,0.0088,0.0525,0.2188,1001.5620,stationary
1715162,0.0271,0.0051,0.9948,0.1575,0.1138,0.1925,1001.5505,stationary
1715222,0.0261,0.0063,0.9960,0.1925,0.0787,0.2188,1001.5540,stationary
1715282,0.0239,0.0065,0.9963,0.1312,0.0962,0.2800,1001.5525,stationary
1715342,0.0249,0.0049,0.9936,0.1312,0.1138,0.2713,1001.5500,stationary
1715402,0.0246,0.0054,0.9923,0.2100,0.0000,0.2450,1001.5496,stationary
1715462,0.0246,0.0041,0.9955,0.1312,0.0525,0.2188,1001.5559,stationary
1715522,0.0266,0.0044,0.9945,0.2100,0.0350,0.2800,1001.5522,stationary
1715582,0.0249,0.0058,0.9946,0.1312,0.0787,0.2713,1001.5522,stationary
1715642,0.0259,0.0054,0.9928,0.2450,0.1575,0.2887,1001.5452,stationary
1715702,0.0254,0.0056,0.9967,0.1400,0.0875,0.1663,1001.5547,stationary
1715762,0.0253,0.0073,0.9952,0.1138,0.0962,0.1575,1001.5500,stationary
1715822,0.0267,0.0051,0.9934,0.0875,0.0962,0.2713,1001.5598,stationary
1715882,0.0248,0.0037,0.9916,0.1925,0.0000,0.2887,1001.5549,stationary
1715942,0.0249,0.0048,0.9938,0.1925,0.0175,0.2450,1001.5525,stationary
1716002,0.0253,0.0056,0.9943,0.1488,0.0700,0.1925,1001.5535,stationary
1716062,0.0251,0.0045,0.9965,0.0875,0.0437,0.2537,1001.5540,stationary
1716122,0.0268,0.0066,0.9950,0.2450,0.1312,0.3150,1001.5518,stationary
1716182,0.0268,0.0049,0.9923,0.1488,0.1400,0.2537,1001.5481,stationary
1716242,0.0242,0.0059,0.9933,0.1925,0.0962,0.2450,1001.5481,stationary
1716302,0.0243,0.0017,0.9968,0.2275,0.1225,0.2625,1001.5471,stationary
1716362,0.0282,0.0062,0.9969,0.1750,0.0262,0.2188,1001.5542,stationary
1716422,0.0264,0.0053,0.9955,0.0875,0.2975,0.2362,1001.5542,stationary
1716482,0.0293,0.0049,0.9958,0.0700,0.2887,0.2100,1001.5476,stationary
1716542,0.0246,0.0046,0.9996,0.1488,0.1312,0.2013,1001.5566,stationary
1716602,0.0268,0.0092,0.9950,0.0700,0.1312,0.1750,1001.5520,stationary
1716662,0.0266,0.0022,0.9957,0.2100,0.0000,0.2887,1001.5520,stationary
1716722,0.0253,0.0038,0.9948,0.1400,0.1050,0.1838,1001.5530,stationary
1716782,0.0249,0.0054,0.9945,0.1838,0.1312,0.2450,1001.5566,stationary
1716842,0.0271,0.0054,0.9938,0.1138,0.0962,0.2362,1001.5530,stationary
1716902,0.0246,0.0051,0.9955,0.1750,0.0613,0.2450,1001.5510,stationary
1716962,0.0237,0.0056,0.9973,0.1138,0.1138,0.2450,1001.5532,stationary
1717022,0.0251,0.0038,0.9950,0.1575,0.1050,0.2450,1001.5520,stationary
1717082,0.0265,0.0040,0.9919,0.0875,0.1138,0.1663,1001.5525,stationary
1717142,0.0266,0.0051,0.9941,0.1838,0.0962,0.2713,1001.5505,stationary
1717202,0.0242,0.0054,0.9972,0.1838,0.0700,0.2625,1001.5525,stationary
1717262,0.0260,0.0065,0.9955,0.1138,0.0700,0.2275,1001.5598,stationary
1717322,0.0256,0.0062,0.9922,0.2275,0.1488,0.2275,1001.5540,stationary
1717382,0.0264,0.0032,0.9951,0.2887,0.0088,0.2537,1001.5554,stationary
1717442,0.0256,0.0064,0.9967,0.2537,0.0262,0.2013,1001.5593,stationary
1717502,0.0283,0.0037,0.9975,0.1838,0.0613,0.2800,1001.5503,stationary
1717562,0.0266,0.0044,0.9926,0.0962,0.1488,0.2450,1001.5566,stationary
1717622,0.0244,0.0032,0.9911,0.2450,0.0613,0.1663,1001.5491,stationary
1717682,0.0251,0.0074,0.9970,0.0875,0.0962,0.2013,1001.5464,stationary
1717742,0.0253,0.0063,0.9980,0.1575,0.1400,0.2013,1001.5537,stationary
1717802,0.0254,0.0049,0.9950,0.2100,0.0787,0.2362,1001.5491,stationary
1717862,0.0243,0.0030,0.9941,0.0787,0.0175,0.2362,1001.5510,stationary
1717922,0.0236,0.0039,0.9955,0.1400,0.0787,0.2013,1001.5469,stationary
1717982,0.0248,0.0046,0.9945,0.1575,0.0525,0.2713,1001.5474,stationary
1718042,0.0261,0.0042,0.9957,0.1050,0.0613,0.2275,1001.5574,stationary
1718102,0.0246,0.0061,0.9945,0.2100,0.0875,0.2275,1001.5522,stationary
1718162,0.0249,0.0068,0.9946,0.1312,0.1050,0.1750,1001.5515,stationary
1718222,0.0259,0.0047,0.9933,0.1050,0.1312,0.2275,1001.5618,stationary
1718282,0.0256,0.0051,0.9965,0.0613,0.0962,0.2275,1001.5513,stationary
1718342,0.0290,0.0024,0.9957,0.2275,0.0787,0.1925,1001.5535,stationary
1718402,0.0251,0.0070,0.9928,0.1838,0.1750,0.2013,1001.5532,stationary
1718462,0.0242,0.0054,0.9942,0.0088,0.1925,0.1838,1001.5430,stationary
1718522,0.0242,0.0071,0.9948,0.2713,0.1488,0.2013,1001.5586,stationary
1718582,0.0263,0.0041,0.9943,0.1488,0.0613,0.2450,1001.5518,stationary
1718642,0.0264,0.0037,0.9943,0.2537,0.0700,0.2537,1001.5522,stationary
1718702,0.0254,0.0049,0.9953,0.1575,0.0875,0.2450,1001.5474,stationary
1718762,0.0247,0.0051,0.9951,0.1750,0.1312,0.2100,1001.5500,stationary
1718822,0.0247,0.0063,0.9950,0.1575,-0.0175,0.1838,1001.5522,stationary
1718882,0.0249,0.0061,0.9965,0.2275,0.1312,0.1663,1001.5486,stationary
1718942,0.0285,0.0056,0.9950,0.1750,0.0000,0.2887,1001.5540,stationary
1719002,0.0256,0.0034,0.9933,0.0088,0.0787,0.2275,1001.5610,stationary
1719062,0.0244,0.0048,0.9956,0.2362,0.0700,0.2275,1001.5540,stationary
1719122,0.0244,0.0039,0.9948,0.2450,0.0962,0.2537,1001.5610,stationary
1719182,0.0249,0.0044,0.9914,0.0962,0.1663,0.2188,1001.5579,stationary
1719242,0.0259,0.0061,0.9964,0.2100,0.1312,0.1925,1001.5552,stationary
1719302,0.0270,0.0031,0.9958,0.1138,0.1050,0.2450,1001.5537,stationary
1719362,0.0234,0.0066,0.9941,0.1400,0.1312,0.2188,1001.5530,stationary
1719422,0.0258,0.0052,0.9950,0.1400,0.0525,0.2450,1001.5515,stationary
1719482,0.0251,0.0049,0.9951,0.1400,0.1225,0.1925,1001.5459,stationary
1719542,0.0276,0.0047,0.9958,0.2188,0.0262,0.2013,1001.5549,stationary
1719602,0.0259,0.0061,0.9953,0.2013,0.1750,0.2800,1001.5552,stationary
1719662,0.0246,0.0054,0.9963,0.1838,0.1575,0.2013,1001.5542,stationary
1719722,0.0253,0.0056,0.9955,0.2013,0.0700,0.2800,1001.5527,stationary
1719782,0.0264,0.0034,0.9926,0.1750,0.1050,0.1488,1001.5615,stationary
1719842,0.0245,0.0044,0.9958,0.1838,0.1663,0.1750,1001.5566,stationary
1719902,0.0266,0.0062,0.9967,0.1838,0.0437,0.2100,1001.5566,stationary
1719962,0.0259,0.0061,0.9953,0.1488,0.0525,0.1925,1001.5508,stationary
1720022,0.0257,0.0054,0.9948,0.1488,0.0787,0.2362,1001.5481,stationary
1720082,0.0257,0.0054,0.9943,0.1488,-0.0875,0.1488,1001.5530,stationary
1720142,0.0264,0.0047,0.9975,0.1663,0.1050,0.2275,1001.5562,stationary
1720202,0.0259,0.0048,0.9953,0.0787,0.0088,0.2013,1001.5532,stationary
1720262,0.0256,0.0049,0.9941,0.1750,0.1312,0.2887,1001.5554,stationary
1720322,0.0264,0.0041,0.9938,0.2275,0.0613,0.2713,1001.5562,stationary
1720382,0.0246,0.0054,0.9930,0.1925,0.0875,0.2275,1001.5486,stationary
1720442,0.0264,0.0051,0.9945,0.1750,0.1838,0.2625,1001.5552,stationary
1720502,0.0268,0.0041,0.9955,0.1663,0.0000,0.2275,1001.5554,stationary
1720562,0.0258,0.0047,0.9941,0.1838,0.0175,0.1750,1001.5564,stationary
1720622,0.0246,0.0046,0.9919,0.0787,0.1488,0.2275,1001.5591,stationary
1720682,0.0251,0.0049,0.9946,0.1400,0.0700,0.2013,1001.5471,stationary
1720742,0.0246,0.0042,0.9948,0.1750,0.0875,0.2362,1001.5537,stationary
1720802,0.0251,0.0046,0.9931,0.0700,0.0175,0.2275,1001.5542,stationary
1720862,0.0259,0.0041,0.9975,0.2975,0.1312,0.2100,1001.5557,stationary
1720922,0.0267,0.0056,0.9926,0.1400,0.1750,0.2625,1001.5566,stationary
1720982,0.0251,0.0049,0.9953,0.2013,0.1138,0.3150,1001.5596,stationary
1721042,0.0251,0.0058,0.9984,0.1400,0.0262,0.2625,1001.5515,stationary
1721102,0.0253,0.0059,0.9935,0.1663,-0.0350,0.1400,1001.5549,stationary
1721162,0.0256,0.0061,0.9933,0.0962,0.1312,0.2713,1001.5569,stationary
1721222,0.0256,0.0048,0.9957,0.0962,0.0875,0.2188,1001.5525,stationary
1721282,0.0242,0.0049,0.9970,0.1663,0.0175,0.1838,1001.5500,stationary
1721342,0.0263,0.0051,0.9936,0.2450,0.0700,0.2362,1001.5620,stationary
1721402,0.0260,0.0051,0.9948,0.1925,-0.0088,0.2188,1001.5593,stationary
1721462,0.0266,0.0068,0.9934,0.2100,-0.0175,0.2188,1001.5588,stationary
1721522,0.0247,0.0048,0.9955,0.2013,0.0613,0.2800,1001.5481,stationary
1721582,0.0239,0.0051,0.9967,0.1400,0.1400,0.2800,1001.5579,stationary
1721642,0.0254,0.0041,0.9948,0.1750,0.0350,0.3063,1001.5515,stationary
1721702,0.0254,0.0044,0.9926,0.1138,0.0262,0.2275,1001.5466,stationary
1721762,0.0246,0.0061,0.9955,0.1838,0.0350,0.2713,1001.5505,stationary
1721822,0.0241,0.0059,0.9963,0.1750,0.1663,0.2188,1001.5586,stationary
1721882,0.0254,0.0066,0.9940,0.1750,0.2188,0.1925,1001.5439,stationary
1721942,0.0253,0.0053,0.9942,0.2188,0.0088,0.1663,1001.5532,stationary
1722002,0.0249,0.0053,0.9935,0.1838,0.0437,0.2100,1001.5603,stationary
1722062,0.0251,0.0049,0.9934,0.2100,0.1312,0.2537,1001.5437,stationary
1722122,0.0266,0.0054,0.9955,0.2188,0.0350,0.2713,1001.5537,stationary
1722182,0.0264,0.0041,0.9938,0.2713,0.0875,0.1663,1001.5410,stationary
1722242,0.0273,0.0059,0.9942,0.1575,0.0437,0.2275,1001.5552,stationary
1722302,0.0244,0.0041,0.9953,0.2188,0.1488,0.2188,1001.5583,stationary
1722362,0.0247,0.0053,0.9942,0.2450,0.0437,0.1925,1001.5510,stationary
1722422,0.0247,0.0054,0.9941,0.1750,0.1400,0.1488,1001.5571,stationary
1722482,0.0246,0.0029,0.9938,0.1663,0.0437,0.2450,1001.5508,stationary
1722542,0.0246,0.0063,0.9958,0.0700,0.1225,0.2975,1001.5449,stationary
1722602,0.0262,0.0054,0.9948,0.3063,0.0875,0.1838,1001.5515,stationary
1722662,0.0249,0.0034,0.9960,0.2450,-0.0262,0.2100,1001.5540,stationary
1722722,0.0246,0.0063,0.9950,0.1225,0.1400,0.2188,1001.5520,stationary
1722782,0.0242,0.0051,0.9944,0.2275,0.1312,0.2625,1001.5581,stationary
1722842,0.0249,0.0053,0.9960,0.2013,0.1050,0.1575,1001.5496,stationary
1722902,0.0249,0.0037,0.9950,0.0875,-0.0088,0.2362,1001.5508,stationary
1722962,0.0248,0.0032,0.9963,0.1750,0.1050,0.2362,1001.5588,stationary
1723022,0.0254,0.0045,0.9941,0.1575,0.0175,0.2450,1001.5457,stationary
1723082,0.0251,0.0059,0.9945,0.1488,0.1575,0.2537,1001.5454,stationary
1723142,0.0261,0.0054,0.9941,0.1750,0.0962,0.2713,1001.5435,stationary
1723202,0.0265,0.0046,0.9933,0.2188,-0.0088,0.2100,1001.5508,stationary
1723262,0.0246,0.0070,0.9951,0.1575,0.0787,0.1925,1001.5449,stationary
1723322,0.0229,0.0040,0.9960,0.0962,0.0613,0.2275,1001.5659,stationary
1723382,0.0251,0.0048,0.9955,0.2188,0.1838,0.2275,1001.5400,stationary
1723442,0.0260,0.0049,0.9941,0.1838,0.1312,0.2362,1001.5554,stationary
1723502,0.0259,0.0049,0.9951,0.1138,0.1050,0.2887,1001.5437,stationary
1723562,0.0247,0.0034,0.9946,0.1488,0.1575,0.2100,1001.5552,stationary
1723622,0.0244,0.0032,0.9953,0.2537,0.0437,0.2100,1001.5474,stationary
1723682,0.0248,0.0052,0.9969,0.1488,-0.0262,0.2537,1001.5581,stationary
1723742,0.0259,0.0037,0.9963,0.1925,0.1312,0.2013,1001.5571,stationary
1723802,0.0246,0.0056,0.9958,0.1312,0.0613,0.2362,1001.5552,stationary
1723862,0.0249,0.0062,0.9942,0.0700,0.0700,0.2275,1001.5459,stationary
1723922,0.0247,0.0038,0.9958,0.1750,0.0525,0.2100,1001.5547,stationary
1723982,0.0246,0.0037,0.9952,0.1838,0.0962,0.1838,1001.5503,stationary
1724042,0.0254,0.0059,0.9946,0.1575,-0.0088,0.2275,1001.5479,stationary
1724102,0.0251,0.0051,0.9933,0.2362,-0.0088,0.2537,1001.5510,stationary
1724162,0.0251,0.0036,0.9956,0.1750,0.0875,0.2362,1001.5430,stationary
1724222,0.0244,0.0063,0.9953,0.1750,0.0350,0.1838,1001.5532,stationary
1724282,0.0254,0.0059,0.9957,0.2100,0.1575,0.2188,1001.5461,stationary
1724342,0.0258,0.0058,0.9956,0.1312,0.0962,0.2188,1001.5530,stationary
1724402,0.0270,0.0054,0.9938,0.0962,0.0262,0.2625,1001.5544,stationary
1724462,0.0256,0.0037,0.9951,0.1925,0.1400,0.2450,1001.5459,stationary
1724522,0.0244,0.0046,0.9960,0.1838,0.0525,0.1750,1001.5491,stationary
1724582,0.0251,0.0027,0.9947,0.1838,0.0525,0.2887,1001.5547,stationary
1724642,0.0256,0.0051,0.9941,0.1925,0.0875,0.2713,1001.5510,stationary
1724702,0.0268,0.0046,0.9953,0.2013,0.0437,0.2450,1001.5532,stationary
1724762,0.0246,0.0063,0.9945,0.2013,0.1312,0.2188,1001.5491,stationary
1724822,0.0251,0.0037,0.9936,0.1225,0.0613,0.2625,1001.5491,stationary
1724882,0.0257,0.0030,0.9960,0.1838,0.0613,0.2188,1001.5503,stationary
1724942,0.0264,0.0046,0.9961,0.2100,0.1225,0.2362,1001.5505,stationary
1725002,0.0257,0.0073,0.9942,0.1312,0.0613,0.2537,1001.5527,stationary
1725062,0.0254,0.0063,0.9956,0.1138,0.1312,0.2188,1001.5540,stationary
1725122,0.0247,0.0054,0.9933,0.2013,0.1575,0.1925,1001.5557,stationary
1725182,0.0264,0.0046,0.9972,0.2537,0.1400,0.2188,1001.5474,stationary
1725242,0.0235,0.0039,0.9958,0.1750,0.0700,0.2362,1001.5586,stationary
1725302,0.0237,0.0029,0.9948,0.2188,0.0525,0.3237,1001.5493,stationary
1725362,0.0267,0.0081,0.9955,0.1312,0.0525,0.2013,1001.5493,stationary
1725422,0.0251,0.0048,0.9941,0.1750,0.1050,0.1663,1001.5508,stationary
1725482,0.0256,0.0039,0.9941,0.1663,0.2013,0.2362,1001.5593,stationary
1725542,0.0254,0.0048,0.9945,0.2013,0.2013,0.2537,1001.5544,stationary
1725602,0.0262,0.0044,0.9944,0.0875,0.1312,0.2625,1001.5542,stationary
1725662,0.0260,0.0039,0.9929,0.1925,0.0700,0.2100,1001.5532,stationary
1725722,0.0256,0.0059,0.9953,0.1575,0.0350,0.2800,1001.5535,stationary
1725782,0.0251,0.0061,0.9947,0.2450,0.1050,0.2188,1001.5525,stationary
1725842,0.0266,0.0049,0.9948,0.1312,0.0175,0.2362,1001.5537,stationary
1725902,0.0246,0.0046,0.9940,0.1925,0.0525,0.2100,1001.5525,stationary
1725962,0.0242,0.0039,0.9942,0.1312,0.1312,0.2362,1001.5586,stationary
1726022,0.0239,0.0037,0.9938,0.1225,0.0875,0.2713,1001.5474,stationary
1726082,0.0247,0.0056,0.9941,0.2188,0.0262,0.2362,1001.5537,stationary
1726142,0.0261,0.0049,0.9951,0.1838,0.0962,0.2100,1001.5554,stationary
1726202,0.0258,0.0053,0.9953,0.2362,0.0787,0.2362,1001.5493,stationary
1726262,0.0254,0.0046,0.9943,0.1838,0.2188,0.2537,1001.5664,stationary
1726322,0.0259,0.0042,0.9948,0.0962,0.1312,0.2537,1001.5496,stationary
1726382,0.0237,0.0051,0.9955,0.2975,0.1050,0.2275,1001.5452,stationary
1726442,0.0247,0.0039,0.9945,0.1138,0.0437,0.2713,1001.5525,stationary
1726502,0.0268,0.0045,0.9965,0.0962,0.0437,0.2188,1001.5562,stationary
1726562,0.0251,0.0061,0.9943,0.1312,0.1138,0.1575,1001.5613,stationary
1726622,0.0246,0.0044,0.9950,0.2362,0.0613,0.2275,1001.5540,stationary
1726682,0.0265,0.0039,0.9950,0.0787,0.0875,0.2275,1001.5483,stationary
1726742,0.0259,0.0052,0.9955,0.1225,0.0437,0.2275,1001.5532,stationary
1726802,0.0258,0.0045,0.9953,0.3237,0.1400,0.2013,1001.5620,stationary
1726862,0.0261,0.0052,0.9959,0.1575,0.1400,0.1750,1001.5552,stationary
1726922,0.0246,0.0060,0.9952,0.0962,0.1050,0.2188,1001.5530,stationary
1726982,0.0264,0.0054,0.9938,0.1925,0.1312,0.2450,1001.5640,stationary
1727042,0.0266,0.0061,0.9945,0.1750,0.2275,0.2537,1001.5571,stationary
1727102,0.0227,0.0040,0.9936,0.1312,0.0262,0.2100,1001.5547,stationary
1727162,0.0239,0.0044,0.9948,0.1400,0.0613,0.2100,1001.5540,stationary
1727222,0.0261,0.0041,0.9958,0.2013,0.0437,0.2275,1001.5552,stationary
1727282,0.0256,0.0049,0.9960,0.2887,0.1488,0.2713,1001.5513,stationary
1727342,0.0270,0.0049,0.9950,0.0962,0.1138,0.2275,1001.5535,stationary
1727402,0.0254,0.0059,0.9945,0.1838,0.1488,0.2275,1001.5608,stationary
1727462,0.0244,0.0046,0.9959,0.1925,0.0700,0.2625,1001.5518,stationary
1727522,0.0252,0.0044,0.9931,0.3413,0.0875,0.2713,1001.5571,stationary
1727582,0.0259,0.0049,0.9957,0.1838,0.0875,0.2100,1001.5525,stationary
1727642,0.0264,0.0062,0.9943,0.1488,0.0525,0.2887,1001.5571,stationary
1727702,0.0264,0.0032,0.9941,0.2100,0.1050,0.2275,1001.5598,stationary
1727762,0.0243,0.0063,0.9957,0.0962,0.0962,0.2275,1001.5532,stationary
1727822,0.0251,0.0039,0.9953,0.1575,0.1312,0.1925,1001.5591,stationary
1727882,0.0256,0.0041,0.9942,0.2362,0.0437,0.2450,1001.5613,stationary
1727942,0.0257,0.0056,0.9947,0.2188,0.0700,0.2188,1001.5593,stationary
1728002,0.0266,0.0053,0.9953,0.2450,0.0262,0.2362,1001.5593,stationary
1728062,0.0259,0.0049,0.9945,0.2800,0.0437,0.2275,1001.5527,stationary
1728122,0.0254,0.0047,0.9955,0.1138,0.1750,0.2800,1001.5544,stationary
1728182,0.0227,0.0044,0.9948,0.1750,0.0613,0.2100,1001.5435,stationary
1728242,0.0245,0.0038,0.9944,0.1575,0.0088,0.2537,1001.5508,stationary
1728302,0.0256,0.0068,0.9958,0.1575,0.1225,0.2362,1001.5510,stationary
1728362,0.0265,0.0056,0.9950,0.2537,0.1138,0.2450,1001.5615,stationary
1728422,0.0256,0.0066,0.9952,0.2013,0.0962,0.2013,1001.5552,stationary
1728482,0.0244,0.0049,0.9961,0.1925,0.1225,0.2362,1001.5549,stationary
1728542,0.0256,0.0045,0.9953,0.1575,0.0700,0.2013,1001.5535,stationary
1728602,0.0268,0.0056,0.9953,0.1575,0.1400,0.2362,1001.5483,stationary
1728662,0.0275,0.0041,0.9959,0.1575,0.1838,0.2625,1001.5647,stationary
1728722,0.0258,0.0066,0.9950,0.2188,0.0787,0.1225,1001.5581,stationary
1728782,0.0244,0.0027,0.9942,0.1925,0.0700,0.2275,1001.5598,stationary
1728842,0.0234,0.0048,0.9957,0.1575,0.0000,0.2013,1001.5557,stationary
1728902,0.0246,0.0046,0.9953,0.1838,0.0787,0.2537,1001.5588,stationary
1728962,0.0271,0.0035,0.9936,0.2625,-0.0088,0.2887,1001.5491,stationary
1729022,0.0254,0.0043,0.9953,0.1663,0.1225,0.2013,1001.5579,stationary
1729082,0.0237,0.0049,0.9964,0.1488,-0.0175,0.1838,1001.5537,stationary
1729142,0.0244,0.0069,0.9938,0.1225,0.0437,0.1925,1001.5547,stationary
1729202,0.0259,0.0045,0.9933,0.2013,0.0525,0.1925,1001.5503,stationary
1729262,0.0268,0.0056,0.9952,0.1488,-0.0525,0.2362,1001.5557,stationary
1729322,0.0249,0.0042,0.9956,0.1925,0.0787,0.1838,1001.5486,stationary
1729382,0.0251,0.0054,0.9958,0.0875,0.1138,0.2537,1001.5549,stationary
1729442,0.0246,0.0046,0.9945,0.1575,0.1050,0.1925,1001.5571,stationary
1729502,0.0264,0.0046,0.9958,0.1400,0.1225,0.1838,1001.5515,stationary
1729562,0.0256,0.0056,0.9966,0.1400,0.1575,0.2188,1001.5518,stationary
1729622,0.0243,0.0056,0.9953,0.1750,0.1925,0.2450,1001.5486,stationary
1729682,0.0246,0.0038,0.9939,0.1050,0.1575,0.2450,1001.5576,stationary
1729742,0.0252,0.0056,0.9941,0.1575,0.0262,0.2013,1001.5562,stationary
1729802,0.0264,0.0052,0.9963,0.1575,0.1575,0.1838,1001.5474,stationary
1729862,0.0259,0.0035,0.9958,0.1663,0.0700,0.2537,1001.5503,stationary
1729922,0.0244,0.0052,0.9953,0.1050,0.1138,0.2713,1001.5537,stationary
1729982,0.0229,0.0057,0.9933,0.1838,0.0525,0.2450,1001.5598,stationary
1730042,0.0253,0.0049,0.9936,0.1663,0.1138,0.2625,1001.5559,stationary
1730102,0.0252,0.0074,0.9960,0.1225,0.0000,0.2625,1001.5520,stationary
1730162,0.0269,0.0063,0.9959,0.1750,0.0350,0.2362,1001.5562,stationary
1730222,0.0256,0.0027,0.9951,0.1050,0.0350,0.2713,1001.5552,stationary
1730282,0.0245,0.0056,0.9938,0.2362,0.1838,0.2100,1001.5476,stationary
1730342,0.0245,0.0053,0.9967,0.1838,0.1225,0.1750,1001.5535,stationary
1730402,0.0268,0.0057,0.9965,0.2713,0.0437,0.2362,1001.5601,stationary
1730462,0.0259,0.0054,0.9943,0.0962,0.1050,0.2275,1001.5618,stationary
1730522,0.0259,0.0054,0.9942,0.1138,0.0350,0.2100,1001.5562,stationary
1730582,0.0235,0.0063,0.9953,0.1838,0.0787,0.2275,1001.5571,stationary
1730642,0.0253,0.0053,0.9966,0.1488,0.1400,0.2713,1001.5498,stationary
1730702,0.0262,0.0029,0.9965,0.0962,0.1663,0.2450,1001.5461,stationary
1730762,0.0266,0.0051,0.9965,0.1750,0.1400,0.3063,1001.5615,stationary
1730822,0.0268,0.0061,0.9943,0.1575,0.0525,0.2800,1001.5540,stationary
1730882,0.0257,0.0068,0.9936,0.1925,0.0262,0.2100,1001.5632,stationary
1730942,0.0245,0.0015,0.9972,0.3325,0.0525,0.1925,1001.5667,stationary
1731002,0.0249,0.0056,0.9928,0.0613,0.0437,0.2450,1001.5608,stationary
1731062,0.0268,0.0039,0.9943,0.1575,0.1225,0.1750,1001.5562,stationary
1731122,0.0248,0.0054,0.9948,0.0875,0.1575,0.2013,1001.5662,stationary
1731182,0.0246,0.0054,0.9969,0.1750,0.1488,0.2275,1001.5488,stationary
1731242,0.0234,0.0053,0.9940,0.1050,0.0875,0.2450,1001.5588,stationary
1731302,0.0256,0.0032,0.9946,0.1925,0.1575,0.2100,1001.5542,stationary
1731362,0.0266,0.0051,0.9977,0.1138,0.2100,0.2362,1001.5564,stationary
1731422,0.0269,0.0043,0.9948,0.1925,0.1312,0.2537,1001.5508,stationary
1731482,0.0239,0.0053,0.9958,0.2013,0.1225,0.2362,1001.5540,stationary
1731542,0.0246,0.0061,0.9958,0.2013,0.0262,0.2887,1001.5522,stationary
1731602,0.0249,0.0054,0.9945,0.1750,0.0875,0.2975,1001.5642,stationary
1731662,0.0258,0.0059,0.9941,0.1050,0.0262,0.2450,1001.5562,stationary
1731722,0.0261,0.0066,0.9948,0.2013,0.1400,0.2450,1001.5601,stationary
1731782,0.0262,0.0061,0.9953,0.1225,0.1138,0.1838,1001.5471,stationary
1731842,0.0247,0.0047,0.9950,0.2188,0.0000,0.2450,1001.5593,stationary
1731902,0.0242,0.0042,0.9975,0.2100,0.0350,0.2362,1001.5552,stationary
1731962,0.0247,0.0043,0.9950,0.1663,0.1400,0.2625,1001.5566,stationary
1732022,0.0244,0.0042,0.9958,0.1838,0.0350,0.2625,1001.5627,stationary
1732082,0.0256,0.0051,0.9966,0.1400,0.1838,0.2275,1001.5652,stationary
1732142,0.0245,0.0031,0.9947,0.1400,0.0262,0.2188,1001.5620,stationary
1732202,0.0246,0.0056,0.9956,0.1488,0.1488,0.2362,1001.5598,stationary
1732262,0.0260,0.0042,0.9944,0.1312,0.0525,0.3063,1001.5657,stationary
1732322,0.0269,0.0037,0.9963,0.2537,0.1225,0.1838,1001.5520,stationary
1732382,0.0261,0.0052,0.9950,0.1925,0.0875,0.2275,1001.5530,stationary
1732442,0.0244,0.0059,0.9968,0.0875,0.1138,0.2362,1001.5483,stationary
1732502,0.0252,0.0041,0.9938,0.1225,0.1838,0.1925,1001.5532,stationary
1732562,0.0251,0.0045,0.9943,0.2450,0.1663,0.2362,1001.5615,stationary
1732622,0.0254,0.0034,0.9948,0.1488,0.0700,0.2450,1001.5540,stationary
1732682,0.0256,0.0032,0.9948,0.2362,-0.0088,0.2537,1001.5505,stationary
1732742,0.0246,0.0054,0.9960,0.2537,0.0787,0.1838,1001.5527,stationary
1732802,0.0257,0.0049,0.9945,0.1400,0.0262,0.2100,1001.5552,stationary
1732862,0.0262,0.0054,0.9947,0.2713,0.0088,0.1663,1001.5610,stationary
1732922,0.0254,0.0049,0.9941,0.2625,0.0875,0.2188,1001.5430,stationary
1732982,0.0268,0.0048,0.9950,0.2362,0.1138,0.2275,1001.5552,stationary
1733042,0.0251,0.0053,0.9960,0.0262,0.1050,0.2537,1001.5574,stationary
1733102,0.0254,0.0058,0.9969,0.2100,0.0787,0.2450,1001.5557,stationary
1733162,0.0249,0.0037,0.9953,0.1138,-0.0700,0.2362,1001.5591,stationary
1733222,0.0266,0.0053,0.9965,0.2013,0.1312,0.2188,1001.5559,stationary
1733282,0.0259,0.0046,0.9968,0.2013,0.2188,0.2188,1001.5488,stationary
1733342,0.0251,0.0078,0.9948,0.2013,0.2362,0.2013,1001.5496,stationary
1733402,0.0254,0.0037,0.9974,0.1575,0.0262,0.2713,1001.5557,stationary
1733462,0.0234,0.0041,0.9923,0.1312,0.0787,0.2800,1001.5540,stationary
1733522,0.0259,0.0061,0.9970,0.2188,0.1225,0.2537,1001.5562,stationary
1733582,0.0260,0.0056,0.9950,0.1750,0.0525,0.2100,1001.5518,stationary
1733642,0.0266,0.0027,0.9967,0.0700,0.1750,0.2537,1001.5549,stationary
1733702,0.0266,0.0059,0.9950,0.1838,0.1488,0.1750,1001.5505,stationary
1733762,0.0242,0.0051,0.9952,0.1225,0.1138,0.2450,1001.5586,stationary
1733822,0.0247,0.0051,0.9931,0.0700,0.1138,0.2100,1001.5645,stationary
1733882,0.0256,0.0039,0.9967,0.1750,-0.0175,0.2625,1001.5508,stationary
1733942,0.0261,0.0057,0.9945,0.1400,0.0262,0.2275,1001.5513,stationary
1734002,0.0271,0.0045,0.9943,0.1138,0.0875,0.3150,1001.5520,stationary
1734062,0.0253,0.0065,0.9941,0.0350,0.1050,0.2100,1001.5535,stationary
1734122,0.0253,0.0034,0.9951,0.2450,0.1050,0.2275,1001.5527,stationary
1734182,0.0258,0.0040,0.9972,0.1838,0.0875,0.2100,1001.5527,stationary
1734242,0.0260,0.0056,0.9936,0.0875,-0.0437,0.1838,1001.5659,stationary
1734302,0.0254,0.0035,0.9948,0.1575,0.0613,0.2188,1001.5559,stationary
1734362,0.0241,0.0049,0.9945,0.1575,0.1575,0.2013,1001.5444,stationary
1734422,0.0254,0.0047,0.9936,0.1750,0.1225,0.1663,1001.5520,stationary
1734482,0.0268,0.0056,0.9945,0.1925,-0.0525,0.2537,1001.5574,stationary
1734542,0.0251,0.0053,0.9951,0.1225,0.1225,0.2188,1001.5598,stationary
1734602,0.0246,0.0062,0.9950,0.0875,0.0787,0.2450,1001.5596,stationary
1734662,0.0254,0.0035,0.9953,0.1838,0.0262,0.2800,1001.5508,stationary
1734722,0.0263,0.0059,0.9948,0.1575,0.0613,0.1750,1001.5549,stationary
1734782,0.0264,0.0046,0.9959,0.1838,0.0875,0.2013,1001.5540,stationary
1734842,0.0265,0.0045,0.9952,0.1663,0.0350,0.2450,1001.5537,stationary
1734902,0.0249,0.0038,0.9972,0.1488,0.1488,0.1400,1001.5540,stationary
1734962,0.0246,0.0046,0.9947,0.1663,0.1225,0.2100,1001.5576,stationary
1735022,0.0242,0.0047,0.9906,0.1225,0.1050,0.2100,1001.5554,stationary
1735082,0.0268,0.0058,0.9953,0.1312,0.0787,0.2275,1001.5552,stationary
1735142,0.0264,0.0056,0.9941,0.0700,-0.0525,0.1838,1001.5547,stationary
1735202,0.0252,0.0056,0.9941,0.2450,0.0787,0.1488,1001.5537,stationary
1735262,0.0241,0.0037,0.9968,0.2537,0.0962,0.2450,1001.5576,stationary
1735322,0.0276,0.0041,0.9955,0.1925,0.0613,0.2275,1001.5674,stationary
1735382,0.0264,0.0059,0.9980,0.1312,0.1050,0.2537,1001.5496,stationary
1735442,0.0258,0.0059,0.9958,0.1838,0.0700,0.2013,1001.5593,stationary
1735502,0.0265,0.0085,0.9984,0.1750,0.1488,0.2887,1001.5508,stationary
1735562,0.0256,0.0051,0.9955,0.1488,0.0962,0.2537,1001.5544,stationary
1735622,0.0263,0.0078,0.9944,0.1925,0.0175,0.2450,1001.5537,stationary
1735682,0.0261,0.0038,0.9933,0.1488,0.1312,0.2537,1001.5522,stationary
1735742,0.0264,0.0043,0.9950,0.0875,0.0000,0.2800,1001.5635,stationary
1735802,0.0249,0.0041,0.9926,0.2975,0.0525,0.2625,1001.5488,stationary
1735862,0.0236,0.0063,0.9940,0.1488,0.0787,0.2887,1001.5557,stationary
1735922,0.0258,0.0037,0.9941,0.2362,-0.0350,0.2362,1001.5571,stationary
1735982,0.0265,0.0046,0.9963,0.2013,0.0262,0.3063,1001.5608,stationary
1736042,0.0265,0.0059,0.9948,0.1312,0.1225,0.2537,1001.5645,stationary
1736102,0.0251,0.0044,0.9946,0.1225,0.1575,0.2537,1001.5454,stationary
1736162,0.0232,0.0063,0.9962,0.1838,0.0875,0.1838,1001.5601,stationary
1736222,0.0239,0.0046,0.9945,0.1663,0.0350,0.2275,1001.5537,stationary
1736282,0.0246,0.0040,0.9972,0.2013,0.0437,0.1925,1001.5571,stationary
1736342,0.0273,0.0034,0.9948,0.1925,0.0000,0.2275,1001.5498,stationary
1736402,0.0267,0.0057,0.9948,0.1838,0.0962,0.1925,1001.5564,stationary
1736462,0.0258,0.0059,0.9936,0.2013,0.1050,0.2625,1001.5562,stationary
1736522,0.0251,0.0051,0.9958,0.1575,0.1663,0.2275,1001.5564,stationary
1736582,0.0259,0.0051,0.9965,0.2625,0.1050,0.2013,1001.5625,stationary
1736642,0.0249,0.0040,0.9942,0.1575,0.1138,0.2537,1001.5630,stationary
1736702,0.0274,0.0032,0.9948,0.1312,0.0175,0.2275,1001.5603,stationary
1736762,0.0251,0.0051,0.9961,0.2625,0.1663,0.2800,1001.5479,stationary
1736822,0.0256,0.0059,0.9946,0.1925,0.1750,0.2887,1001.5571,stationary
1736882,0.0244,0.0056,0.9936,0.1138,0.0000,0.1575,1001.5608,stationary
1736942,0.0245,0.0043,0.9945,0.1400,0.0437,0.2188,1001.5608,stationary
1737002,0.0254,0.0025,0.9942,0.2013,0.1138,0.2275,1001.5596,stationary
1737062,0.0245,0.0037,0.9950,0.1400,0.1488,0.2188,1001.5532,stationary
1737122,0.0256,0.0061,0.9962,0.2013,0.2537,0.2188,1001.5527,stationary
1737182,0.0249,0.0038,0.9967,0.1225,0.0700,0.2013,1001.5605,stationary
1737242,0.0254,0.0051,0.9933,0.0787,0.1138,0.2188,1001.5520,stationary
1737302,0.0251,0.0048,0.9959,0.1488,0.0262,0.2800,1001.5605,stationary
1737362,0.0259,0.0031,0.9951,0.2013,0.1225,0.2275,1001.5581,stationary
1737422,0.0259,0.0053,0.9950,0.1400,0.2013,0.2275,1001.5520,stationary
1737482,0.0249,0.0044,0.9940,0.1575,0.0613,0.2362,1001.5564,stationary
1737542,0.0251,0.0044,0.9955,0.0700,0.0700,0.2275,1001.5613,stationary
1737602,0.0256,0.0057,0.9950,0.1838,0.0437,0.2713,1001.5625,stationary
1737662,0.0268,0.0056,0.9958,0.1750,0.0437,0.1925,1001.5605,stationary
1737722,0.0254,0.0027,0.9941,0.2537,0.1750,0.1488,1001.5588,stationary
1737782,0.0256,0.0049,0.9938,0.2013,0.1312,0.2362,1001.5610,stationary
1737842,0.0268,0.0053,0.9936,0.1575,0.0525,0.2800,1001.5610,stationary
1737902,0.0263,0.0049,0.9941,0.1925,0.1575,0.2100,1001.5554,stationary
1737962,0.0248,0.0063,0.9935,0.2100,0.1663,0.2362,1001.5554,stationary
1738022,0.0254,0.0060,0.9955,0.1400,0.0613,0.2362,1001.5593,stationary
1738082,0.0259,0.0053,0.9962,0.1663,0.1663,0.2013,1001.5593,stationary
1738142,0.0239,0.0046,0.9967,0.2450,0.0088,0.2450,1001.5549,stationary
1738202,0.0257,0.0054,0.9972,0.1925,-0.0262,0.2450,1001.5581,stationary
1738262,0.0236,0.0051,0.9945,0.1488,0.0437,0.1925,1001.5603,stationary
1738322,0.0262,0.0051,0.9946,0.1838,0.1488,0.2188,1001.5510,stationary
1738382,0.0229,0.0041,0.9919,0.1138,0.0787,0.2100,1001.5615,stationary
1738442,0.0251,0.0044,0.9945,0.1050,0.1575,0.2537,1001.5603,stationary
1738502,0.0244,0.0048,0.9953,0.1138,0.0875,0.2013,1001.5535,stationary
1738562,0.0278,0.0063,0.9960,0.2625,0.0875,0.2713,1001.5588,stationary
1738622,0.0248,0.0092,0.9953,0.2100,0.2450,0.2013,1001.5518,stationary
1738682,0.0278,0.0041,0.9974,0.1838,0.0525,0.2800,1001.5562,stationary
1738742,0.0269,0.0068,0.9950,0.1838,0.1663,0.2887,1001.5579,stationary
1738802,0.0246,0.0043,0.9955,0.1750,0.0787,0.2362,1001.5627,stationary
1738862,0.0251,0.0041,0.9950,0.1575,0.0700,0.2275,1001.5513,stationary
1738922,0.0254,0.0039,0.9955,0.2013,-0.0175,0.2275,1001.5544,stationary
1738982,0.0263,0.0046,0.9938,0.2013,0.0962,0.2450,1001.5647,stationary
1739042,0.0264,0.0054,0.9953,0.1050,0.1138,0.1663,1001.5566,stationary
1739102,0.0249,0.0066,0.9948,0.1400,0.0175,0.1750,1001.5635,stationary
1739162,0.0242,0.0043,0.9957,0.1575,0.0875,0.1838,1001.5645,stationary
1739222,0.0253,0.0042,0.9953,0.1312,0.1663,0.2188,1001.5583,stationary
1739282,0.0263,0.0037,0.9950,0.2100,0.0700,0.2100,1001.5598,stationary
1739342,0.0254,0.0046,0.9962,0.2800,0.1663,0.2013,1001.5632,stationary
1739402,0.0261,0.0045,0.9955,0.1663,0.0088,0.2275,1001.5613,stationary
1739462,0.0236,0.0063,0.9931,0.2100,0.0787,0.2275,1001.5520,stationary
1739522,0.0259,0.0044,0.9966,0.1400,0.1050,0.2362,1001.5547,stationary
1739582,0.0259,0.0039,0.9941,0.0962,0.0613,0.2188,1001.5586,stationary
1739642,0.0262,0.0051,0.9951,0.2537,0.0613,0.1663,1001.5566,stationary
1739702,0.0269,0.0059,0.9960,0.1575,0.0875,0.2450,1001.5571,stationary
1739762,0.0266,0.0048,0.9955,0.2100,0.0262,0.2362,1001.5623,stationary
1739822,0.0249,0.0062,0.9928,0.1312,0.1050,0.2537,1001.5603,stationary
1739882,0.0249,0.0048,0.9948,0.1663,0.0613,0.2188,1001.5642,stationary
1739942,0.0265,0.0041,0.9953,0.1838,0.2013,0.2100,1001.5630,stationary
1740002,0.0261,0.0032,0.9936,0.2450,0.0525,0.3150,1001.5676,stationary
1740062,0.0259,0.0051,0.9940,0.2450,0.1575,0.2100,1001.5654,stationary
1740122,0.0222,0.0061,0.9924,0.1838,0.0875,0.2800,1001.5676,stationary
1740182,0.0244,0.0049,0.9941,0.1575,0.0350,0.2625,1001.5615,stationary
1740242,0.0256,0.0054,0.9941,0.2013,0.0088,0.2450,1001.5623,stationary
1740302,0.0268,0.0047,0.9959,0.1750,0.0962,0.1838,1001.5603,stationary
1740362,0.0246,0.0049,0.9967,0.1400,0.0962,0.2362,1001.5649,stationary
1740422,0.0237,0.0046,0.9945,0.2537,0.1225,0.2100,1001.5667,stationary
1740482,0.0240,0.0080,0.9941,0.1225,0.1312,0.2188,1001.5627,stationary
1740542,0.0263,0.0047,0.9941,0.0787,0.1050,0.2537,1001.5537,stationary
1740602,0.0259,0.0045,0.9952,0.2362,0.1225,0.2362,1001.5723,stationary
1740662,0.0261,0.0047,0.9967,0.2188,0.1750,0.2013,1001.5564,stationary
1740722,0.0249,0.0054,0.9945,0.1488,0.0962,0.2100,1001.5632,stationary
1740782,0.0242,0.0035,0.9958,0.1838,0.1138,0.1750,1001.5574,stationary
1740842,0.0241,0.0046,0.9970,0.1750,0.1663,0.2362,1001.5676,stationary
1740902,0.0267,0.0051,0.9950,0.2013,0.1575,0.1575,1001.5601,stationary
1740962,0.0265,0.0056,0.9948,0.2625,0.0525,0.2100,1001.5540,stationary
1741022,0.0252,0.0044,0.9925,0.1663,0.0350,0.2450,1001.5469,stationary
1741082,0.0254,0.0051,0.9945,0.1663,0.0787,0.2362,1001.5513,stationary
1741142,0.0259,0.0046,0.9948,0.0787,0.0525,0.1575,1001.5471,stationary
1741202,0.0249,0.0041,0.9940,0.0525,0.1663,0.3150,1001.5508,stationary
1741262,0.0256,0.0048,0.9948,0.0350,0.0613,0.1663,1001.5637,stationary
1741322,0.0271,0.0054,0.9938,0.1838,0.1225,0.2362,1001.5569,stationary
1741382,0.0264,0.0056,0.9958,0.2100,0.1050,0.2100,1001.5581,stationary
1741442,0.0263,0.0073,0.9968,0.2100,0.1488,0.2013,1001.5608,stationary
1741502,0.0262,0.0046,0.9923,0.0962,0.1050,0.1488,1001.5535,stationary
1741562,0.0256,0.0061,0.9945,0.1838,0.1663,0.2100,1001.5610,stationary
1741622,0.0256,0.0039,0.9940,0.1225,0.0700,0.2013,1001.5649,stationary
1741682,0.0244,0.0046,0.9950,0.1575,0.1312,0.1838,1001.5566,stationary
1741742,0.0246,0.0039,0.9946,0.1050,0.0875,0.3150,1001.5542,stationary
1741802,0.0246,0.0064,0.9945,0.2975,0.0350,0.2013,1001.5515,stationary
1741862,0.0270,0.0038,0.9931,0.1838,0.0875,0.2100,1001.5659,stationary
1741922,0.0249,0.0045,0.9982,0.2800,0.0787,0.1838,1001.5461,stationary
1741982,0.0244,0.0044,0.9942,0.1663,0.0175,0.2450,1001.5532,stationary
1742042,0.0251,0.0044,0.9939,0.1925,0.1312,0.2188,1001.5601,stationary
1742102,0.0249,0.0044,0.9940,0.1488,0.1225,0.2013,1001.5657,stationary
1742162,0.0263,0.0049,0.9956,0.1575,0.1488,0.2188,1001.5474,stationary
1742222,0.0261,0.0044,0.9943,0.1925,0.1312,0.1925,1001.5576,stationary
1742282,0.0257,0.0046,0.9970,0.1312,0.0175,0.1750,1001.5540,stationary
1742342,0.0254,0.0066,0.9948,0.1925,0.1312,0.2625,1001.5525,stationary
1742402,0.0249,0.0041,0.9953,0.1925,0.0000,0.2625,1001.5574,stationary
1742462,0.0254,0.0056,0.9960,0.1838,0.2100,0.1925,1001.5537,stationary
1742522,0.0256,0.0041,0.9953,0.1400,0.1663,0.2100,1001.5574,stationary
1742582,0.0249,0.0062,0.9959,0.2275,0.0700,0.2188,1001.5542,stationary
1742642,0.0253,0.0051,0.9958,0.1750,0.0787,0.2275,1001.5559,stationary
1742702,0.0251,0.0052,0.9945,0.1488,0.0962,0.2975,1001.5566,stationary
1742762,0.0246,0.0046,0.9941,0.2275,-0.0437,0.2450,1001.5574,stationary
1742822,0.0261,0.0039,0.9955,0.1400,0.0962,0.2013,1001.5562,stationary
1742882,0.0246,0.0052,0.9935,0.1050,-0.0088,0.2100,1001.5554,stationary
1742942,0.0259,0.0049,0.9940,0.2013,0.1400,0.2450,1001.5586,stationary
1743002,0.0252,0.0059,0.9942,0.0700,0.0525,0.2100,1001.5522,stationary
1743062,0.0256,0.0054,0.9950,0.2100,0.1050,0.1663,1001.5547,stationary
1743122,0.0270,0.0029,0.9953,0.2800,0.0962,0.1750,1001.5410,stationary
1743182,0.0265,0.0046,0.9962,0.1925,0.1575,0.2800,1001.5452,stationary
1743242,0.0256,0.0059,0.9945,0.1050,0.0350,0.2188,1001.5627,stationary
1743302,0.0251,0.0066,0.9943,0.1488,-0.0437,0.2275,1001.5664,stationary
1743362,0.0256,0.0044,0.9953,0.1138,0.1750,0.2013,1001.5564,stationary
1743422,0.0256,0.0054,0.9953,0.1663,0.0000,0.2188,1001.5557,stationary
1743482,0.0262,0.0044,0.9939,0.2188,0.1050,0.2713,1001.5564,stationary
1743542,0.0243,0.0056,0.9953,0.1400,0.0350,0.2625,1001.5581,stationary
1743602,0.0246,0.0032,0.9967,0.1925,0.1312,0.2537,1001.5520,stationary
1743662,0.0264,0.0059,0.9946,0.1750,0.1488,0.2450,1001.5608,stationary
1743722,0.0264,0.0059,0.9931,0.2013,0.0962,0.2887,1001.5566,stationary
1743782,0.0242,0.0056,0.9947,0.1925,0.0875,0.2275,1001.5530,stationary
1743842,0.0265,0.0059,0.9953,0.2450,0.0613,0.1838,1001.5596,stationary
1743902,0.0249,0.0051,0.9940,0.1575,0.0613,0.2188,1001.5698,stationary
1743962,0.0254,0.0038,0.9945,0.2887,0.0350,0.2362,1001.5579,stationary
1744022,0.0252,0.0054,0.9958,0.1575,0.0613,0.1838,1001.5576,stationary
1744082,0.0244,0.0049,0.9936,0.0787,0.0350,0.2013,1001.5627,stationary
1744142,0.0245,0.0054,0.9946,0.1663,0.0787,0.2537,1001.5701,stationary
1744202,0.0258,0.0056,0.9933,0.1663,0.0175,0.2450,1001.5588,stationary
1744262,0.0256,0.0040,0.9944,0.1312,0.1050,0.2362,1001.5667,stationary
1744322,0.0242,0.0054,0.9950,0.1400,0.0525,0.2450,1001.5598,stationary
1744382,0.0242,0.0043,0.9933,0.2275,0.1050,0.2800,1001.5620,stationary
1744442,0.0246,0.0046,0.9940,0.1488,0.0525,0.2713,1001.5569,stationary
1744502,0.0256,0.0045,0.9953,0.2013,0.0613,0.2887,1001.5547,stationary
1744562,0.0261,0.0049,0.9952,0.2362,0.0962,0.2537,1001.5591,stationary
1744622,0.0259,0.0063,0.9936,0.1400,0.0613,0.2100,1001.5576,stationary
1744682,0.0249,0.0051,0.9936,0.1138,0.0350,0.2450,1001.5552,stationary
1744742,0.0254,0.0049,0.9953,0.2100,0.0613,0.2537,1001.5515,stationary
1744802,0.0249,0.0041,0.9947,0.3063,0.0437,0.2537,1001.5503,stationary
1744862,0.0248,0.0049,0.9948,0.2275,0.0700,0.2013,1001.5603,stationary
1744922,0.0254,0.0044,0.9948,0.0613,0.0525,0.1750,1001.5569,stationary
1744982,0.0253,0.0048,0.9936,0.1138,0.1312,0.2100,1001.5549,stationary
1745042,0.0261,0.0059,0.9963,0.1750,0.1225,0.2450,1001.5637,stationary
1745102,0.0245,0.0049,0.9955,0.2188,-0.0088,0.1750,1001.5557,stationary
1745162,0.0262,0.0049,0.9941,0.1400,0.1488,0.2713,1001.5564,stationary
1745222,0.0256,0.0065,0.9958,0.0787,0.0262,0.2275,1001.5527,stationary
1745282,0.0246,0.0040,0.9955,0.2537,0.0613,0.2800,1001.5554,stationary
1745342,0.0249,0.0049,0.9967,0.2188,0.0437,0.2450,1001.5620,stationary
1745402,0.0268,0.0046,0.9959,0.1750,0.0262,0.2100,1001.5566,stationary
1745462,0.0252,0.0062,0.9953,0.1225,0.0962,0.2975,1001.5554,stationary
1745522,0.0254,0.0049,0.9960,0.2188,0.1488,0.2625,1001.5603,stationary
1745582,0.0256,0.0059,0.9935,0.0962,0.0613,0.2362,1001.5540,stationary
1745642,0.0260,0.0043,0.9963,0.1750,0.1575,0.2537,1001.5530,stationary
1745702,0.0251,0.0041,0.9958,0.1750,0.1138,0.2887,1001.5562,stationary
1745762,0.0260,0.0041,0.9947,0.1838,0.0962,0.2450,1001.5569,stationary
1745822,0.0257,0.0057,0.9931,0.2713,0.1925,0.1750,1001.5559,stationary
1745882,0.0245,0.0040,0.9936,0.1838,0.1488,0.2537,1001.5662,stationary
1745942,0.0251,0.0049,0.9941,0.1663,0.1138,0.2450,1001.5576,stationary
1746002,0.0265,0.0044,0.9950,0.1488,0.1138,0.2188,1001.5581,stationary
1746062,0.0262,0.0046,0.9958,0.0962,0.1225,0.2713,1001.5547,stationary
1746122,0.0262,0.0059,0.9955,0.2275,0.1400,0.2362,1001.5627,stationary
1746182,0.0237,0.0066,0.9942,0.1663,0.0437,0.2013,1001.5598,stationary
1746242,0.0253,0.0063,0.9945,0.1663,0.0350,0.2362,1001.5652,stationary
1746302,0.0262,0.0053,0.9960,0.1575,0.0613,0.2275,1001.5632,stationary
1746362,0.0249,0.0056,0.9958,0.1575,0.1138,0.2362,1001.5564,stationary
1746422,0.0251,0.0046,0.9933,0.1488,-0.0175,0.2450,1001.5598,stationary
1746482,0.0251,0.0058,0.9944,0.1838,0.0875,0.1750,1001.5623,stationary
1746542,0.0244,0.0032,0.9970,0.1838,0.1225,0.2188,1001.5642,stationary
1746602,0.0246,0.0054,0.9950,0.2713,0.0875,0.2713,1001.5618,stationary
1746662,0.0262,0.0040,0.9947,0.1488,0.1138,0.2188,1001.5625,stationary
1746722,0.0264,0.0056,0.9958,0.1750,0.0962,0.2537,1001.5593,stationary
1746782,0.0251,0.0016,0.9947,0.1575,0.1225,0.2013,1001.5549,stationary
1746842,0.0251,0.0054,0.9956,0.2013,0.2188,0.2537,1001.5557,stationary
1746902,0.0271,0.0056,0.9967,0.2713,0.0787,0.1925,1001.5593,stationary
1746962,0.0251,0.0057,0.9948,0.1925,0.0875,0.2887,1001.5610,stationary
1747022,0.0256,0.0057,0.9931,0.1663,0.0875,0.2537,1001.5540,stationary
1747082,0.0262,0.0056,0.9966,0.2275,0.0350,0.2537,1001.5596,stationary
1747142,0.0261,0.0041,0.9957,0.1488,0.0000,0.2362,1001.5652,stationary
1747202,0.0251,0.0059,0.9943,0.2275,0.0262,0.2537,1001.5601,stationary
1747262,0.0256,0.0051,0.9936,0.1400,0.0787,0.2713,1001.5552,stationary
1747322,0.0254,0.0044,0.9950,0.0613,0.0262,0.2362,1001.5566,stationary
1747382,0.0261,0.0048,0.9972,0.2887,0.0875,0.1838,1001.5510,stationary
1747442,0.0256,0.0044,0.9953,0.1750,0.0262,0.2537,1001.5659,stationary
1747502,0.0264,0.0045,0.9943,0.2362,0.1312,0.2887,1001.5530,stationary
1747562,0.0258,0.0054,0.9948,0.1750,0.1488,0.1925,1001.5615,stationary
1747622,0.0252,0.0056,0.9924,0.1050,0.0350,0.2188,1001.5579,stationary
1747682,0.0258,0.0054,0.9950,0.1488,0.1138,0.2537,1001.5654,stationary
1747742,0.0251,0.0037,0.9938,0.0875,0.0350,0.2450,1001.5596,stationary
1747802,0.0254,0.0036,0.9966,0.1225,0.1050,0.2100,1001.5623,stationary
1747862,0.0249,0.0039,0.9952,0.2537,0.1312,0.2188,1001.5652,stationary
1747922,0.0268,0.0070,0.9945,0.1312,0.0700,0.2887,1001.5596,stationary
1747982,0.0249,0.0047,0.9946,0.1050,0.0525,0.2362,1001.5674,stationary
1748042,0.0254,0.0049,0.9938,0.1400,0.0875,0.2013,1001.5581,stationary
1748102,0.0246,0.0051,0.9948,0.1925,0.1575,0.2537,1001.5557,stationary
1748162,0.0252,0.0040,0.9963,0.1138,0.0613,0.1925,1001.5627,stationary
1748222,0.0262,0.0049,0.9948,0.1575,0.0962,0.2275,1001.5652,stationary
1748282,0.0258,0.0038,0.9963,0.1838,0.1838,0.2362,1001.5627,stationary
1748342,0.0266,0.0058,0.9950,0.1138,-0.0175,0.2975,1001.5557,stationary
1748402,0.0261,0.0047,0.9950,0.1750,0.0262,0.2275,1001.5588,stationary
1748462,0.0248,0.0043,0.9970,0.2800,0.1575,0.2100,1001.5571,stationary
1748522,0.0264,0.0061,0.9941,0.1925,0.0000,0.2887,1001.5623,stationary
1748582,0.0254,0.0049,0.9933,0.1663,0.1750,0.2275,1001.5530,stationary
1748642,0.0251,0.0060,0.9935,0.1138,0.0787,0.2362,1001.5625,stationary
1748702,0.0254,0.0044,0.9950,0.0700,0.1312,0.2800,1001.5601,stationary
1748762,0.0261,0.0046,0.9936,0.1138,0.1312,0.1663,1001.5544,stationary
1748822,0.0251,0.0054,0.9928,0.2537,0.0962,0.2275,1001.5618,stationary
1748882,0.0454,0.0126,1.0158,-0.3150,-0.1312,0.2362,1001.5547,stationary
1748942,0.0298,-0.0045,0.9988,0.0437,-0.0875,0.3938,1001.5579,stationary
1749002,0.0193,0.0212,0.9958,0.2887,0.1925,0.2537,1001.5649,stationary
1749062,0.0284,0.0023,1.0009,0.3325,0.2188,0.2013,1001.5630,stationary
1749122,0.0263,-0.0002,0.9952,-0.0350,-0.0175,0.2450,1001.5457,stationary
1749182,0.0223,0.0066,0.9950,0.0700,0.0787,0.2188,1001.5630,stationary
1749242,0.0256,0.0062,0.9909,0.1575,0.0437,0.2887,1001.5610,stationary
1749302,0.0271,0.0073,0.9952,0.1925,0.1400,0.1750,1001.5613,stationary
1749362,0.0276,0.0076,0.9991,0.3150,0.1050,0.1925,1001.5586,stationary
1749422,0.0256,0.0041,0.9997,0.2013,0.1138,0.2625,1001.5535,stationary
1749482,0.0230,0.0054,0.9911,0.1925,0.0350,0.2275,1001.5652,stationary
1749542,0.0246,0.0037,0.9919,0.1575,0.0613,0.2450,1001.5615,stationary
1749602,0.0254,0.0069,0.9968,0.2275,0.1488,0.1925,1001.5603,stationary
1749662,0.0237,0.0044,0.9988,0.1400,0.0525,0.2537,1001.5618,stationary
1749722,0.0242,0.0048,0.9914,0.0875,-0.0088,0.2100,1001.5703,stationary
1749782,0.0259,0.0052,0.9963,0.1925,0.1138,0.1925,1001.5625,stationary
1749842,0.0271,0.0046,0.9977,0.1663,0.1488,0.1838,1001.5576,stationary
1749902,0.0234,0.0040,0.9942,0.0875,-0.0088,0.2450,1001.5669,stationary
1749962,0.0251,0.0053,0.9948,0.1925,0.0525,0.2537,1001.5581,stationary
1750022,0.0264,0.0034,0.9985,0.1488,-0.0525,0.2188,1001.5562,stationary
1750082,0.0243,0.0049,0.9912,0.1575,0.0875,0.2362,1001.5684,stationary
1750142,0.0264,0.0054,0.9989,0.2275,0.1663,0.2188,1001.5630,stationary
1750202,0.0244,0.0047,0.9923,0.1400,0.1750,0.2537,1001.5581,stationary
1750262,0.0267,0.0059,0.9989,0.2013,0.2362,0.2625,1001.5601,stationary
1750322,0.0227,0.0041,0.9916,0.0700,0.1225,0.2362,1001.5627,stationary
1750382,0.0267,0.0068,0.9930,0.2450,0.1488,0.2275,1001.5615,stationary
1750442,0.0229,0.0022,0.9973,0.0613,0.1750,0.2625,1001.5613,stationary
1750502,0.0464,0.0156,1.0191,0.0000,-0.9100,0.2537,1001.5557,stationary
1750562,0.0220,0.0110,0.9855,0.1925,-0.1838,0.2625,1001.5674,stationary
1750622,0.0302,0.0058,0.9980,0.2537,0.0613,0.2100,1001.5669,stationary
1750682,0.0257,0.0051,0.9948,0.2625,0.0962,0.2887,1001.5579,stationary
1750742,0.0246,0.0032,0.9953,0.1400,0.0262,0.2975,1001.5679,stationary
1750802,0.0256,0.0037,0.9955,0.2100,0.0525,0.2100,1001.5542,stationary
1750862,0.0261,0.0056,0.9947,0.2450,0.0000,0.2188,1001.5552,stationary
1750922,0.0264,0.0063,0.9951,0.1925,0.1575,0.2013,1001.5652,stationary
1750982,0.0256,0.0043,0.9948,0.1488,-0.0088,0.2450,1001.5647,stationary
1751042,0.0264,0.0063,0.9980,0.1838,0.1225,0.2100,1001.5532,stationary
1751102,0.0261,0.0058,0.9939,0.0787,0.0262,0.2713,1001.5640,stationary
1751162,0.0254,0.0029,0.9933,0.2013,0.0088,0.1838,1001.5554,stationary
1751222,0.0242,0.0054,0.9960,0.1750,-0.0175,0.2800,1001.5654,stationary
1751282,0.0239,0.0041,0.9953,0.1488,0.1400,0.2275,1001.5652,stationary
1751342,0.0268,0.0052,0.9931,0.1138,0.0088,0.2450,1001.5544,stationary
1751402,0.0256,0.0058,0.9947,0.1838,0.0875,0.2450,1001.5657,stationary
1751462,0.0256,0.0065,0.9938,0.1750,0.0350,0.1663,1001.5544,stationary
1751522,0.0247,0.0031,0.9955,0.1312,0.0262,0.2275,1001.5715,stationary
1751582,0.0246,0.0056,0.9940,0.0875,0.0613,0.2800,1001.5620,stationary
1751642,0.0264,0.0048,0.9960,0.1050,0.0350,0.1925,1001.5566,stationary
1751702,0.0249,0.0042,0.9948,0.1663,0.0613,0.2188,1001.5552,stationary
1751762,0.0249,0.0046,0.9948,0.0875,0.1138,0.2100,1001.5547,stationary
1751822,0.0259,0.0059,0.9966,0.1400,0.2188,0.3413,1001.5515,stationary
1751882,0.0246,0.0047,0.9948,0.2188,0.0700,0.1663,1001.5603,stationary
1751942,0.0273,0.0051,0.9953,0.1750,0.0875,0.2100,1001.5640,stationary
1752002,0.0252,0.0056,0.9960,0.2013,0.0787,0.2188,1001.5625,stationary
1752062,0.0254,0.0066,0.9948,0.2275,0.1838,0.2362,1001.5544,stationary
1752122,0.0264,0.0043,0.9951,0.1838,0.0962,0.2537,1001.5601,stationary
1752182,0.0261,0.0078,0.9934,0.2537,0.1575,0.1925,1001.5603,stationary
1752242,0.0252,0.0047,0.9936,0.1750,0.1312,0.2362,1001.5569,stationary
1752302,0.0246,0.0041,0.9928,0.1663,0.1225,0.2713,1001.5549,stationary
1752362,0.0264,0.0058,0.9938,0.1400,0.0700,0.2625,1001.5574,stationary
1752422,0.0247,0.0041,0.9958,0.1050,0.0787,0.2275,1001.5610,stationary
1752482,0.0266,0.0059,0.9936,0.1925,0.0613,0.2362,1001.5586,stationary
1752542,0.0251,0.0058,0.9953,0.1312,0.0525,0.2013,1001.5566,stationary
1752602,0.0242,0.0034,0.9958,0.1225,0.0613,0.2537,1001.5654,stationary
1752662,0.0249,0.0049,0.9946,0.2100,0.0787,0.2625,1001.5579,stationary
1752722,0.0256,0.0051,0.9941,0.1488,0.0000,0.1750,1001.5608,stationary
1752782,0.0259,0.0039,0.9923,0.1575,0.2450,0.2537,1001.5576,stationary
1752842,0.0251,0.0056,0.9950,0.1925,0.2275,0.2537,1001.5598,stationary
1752902,0.0257,0.0051,0.9945,0.1575,0.0262,0.2887,1001.5559,stationary
1752962,0.0252,0.0046,0.9958,0.1138,0.1138,0.2275,1001.5569,stationary
1753022,0.0273,0.0042,0.9953,0.1488,0.1050,0.3237,1001.5593,stationary
1753082,0.0254,0.0041,0.9941,0.0962,0.0525,0.2013,1001.5610,stationary
1753142,0.0256,0.0047,0.9950,0.1925,0.0613,0.2275,1001.5635,stationary
1753202,0.0254,0.0045,0.9953,0.1663,-0.0262,0.1750,1001.5608,stationary
1753262,0.0256,0.0046,0.9961,0.1575,0.0175,0.2537,1001.5601,stationary
1753322,0.0245,0.0056,0.9936,0.1663,0.0175,0.2362,1001.5610,stationary
1753382,0.0254,0.0049,0.9945,0.0875,-0.0175,0.2188,1001.5664,stationary
1753442,0.0259,0.0064,0.9943,0.1925,0.1488,0.2537,1001.5574,stationary
1753502,0.0274,0.0054,0.9963,0.0787,0.0787,0.2625,1001.5637,stationary
1753562,0.0254,0.0039,0.9960,0.2537,0.0787,0.2100,1001.5593,stationary
1753622,0.0259,0.0054,0.9941,0.1400,0.1925,0.1925,1001.5486,stationary
1753682,0.0239,0.0039,0.9940,0.0437,0.1663,0.2275,1001.5625,stationary
1753742,0.0267,0.0049,0.9961,0.1575,0.0613,0.2275,1001.5615,stationary
1753802,0.0257,0.0053,0.9943,0.1488,0.2362,0.2450,1001.5637,stationary
1753862,0.0249,0.0056,0.9945,0.2188,0.0613,0.2188,1001.5581,stationary
1753922,0.0245,0.0056,0.9945,0.1838,0.0350,0.2188,1001.5598,stationary
1753982,0.0254,0.0046,0.9960,0.2537,0.2450,0.2887,1001.5605,stationary
1754042,0.0256,0.0049,0.9960,0.2100,0.1400,0.2450,1001.5615,stationary
1754102,0.0263,0.0046,0.9947,0.2625,0.0700,0.2275,1001.5642,stationary
1754162,0.0262,0.0048,0.9943,0.1575,0.1225,0.2362,1001.5588,stationary
1754222,0.0246,0.0048,0.9945,0.2362,0.0962,0.2713,1001.5581,stationary
1754282,0.0249,0.0063,0.9953,0.1488,0.0525,0.2713,1001.5635,stationary
1754342,0.0248,0.0054,0.9944,0.1488,0.0088,0.2362,1001.5669,stationary
1754402,0.0267,0.0036,0.9938,0.0000,0.1050,0.2537,1001.5613,stationary
1754462,0.0243,0.0039,0.9938,0.1925,0.1138,0.2100,1001.5623,stationary
1754522,0.0263,0.0053,0.9951,0.0875,0.1225,0.1925,1001.5535,stationary
1754582,0.0261,0.0035,0.9943,0.1575,-0.0088,0.2362,1001.5667,stationary
1754642,0.0258,0.0041,0.9951,0.2275,0.0525,0.2275,1001.5745,stationary
1754702,0.0258,0.0044,0.9945,0.1488,0.0613,0.2537,1001.5713,stationary
1754762,0.0247,0.0056,0.9952,0.2537,0.0262,0.1925,1001.5674,stationary
1754822,0.0266,0.0054,0.9958,0.1925,0.0088,0.2800,1001.5667,stationary
1754882,0.0264,0.0054,0.9963,0.1400,0.1050,0.2625,1001.5586,stationary
1754942,0.0260,0.0048,0.9956,0.1925,0.0262,0.2275,1001.5630,stationary
1755002,0.0243,0.0049,0.9938,0.2362,0.0875,0.2713,1001.5652,stationary
1755062,0.0246,0.0034,0.9943,0.1925,0.0962,0.1838,1001.5664,stationary
1755122,0.0267,0.0051,0.9963,0.2800,0.0787,0.2275,1001.5610,stationary
1755182,0.0249,0.0047,0.9957,0.1663,0.1575,0.2975,1001.5679,stationary
1755242,0.0257,0.0044,0.9938,0.2100,0.2013,0.2625,1001.5579,stationary
1755302,0.0257,0.0052,0.9953,0.2275,-0.0175,0.2362,1001.5608,stationary
1755362,0.0249,0.0044,0.9948,0.2275,0.1312,0.2362,1001.5632,stationary
1755422,0.0261,0.0052,0.9964,0.1750,0.0700,0.2100,1001.5688,stationary
1755482,0.0257,0.0043,0.9934,0.1400,0.1225,0.2275,1001.5605,stationary
1755542,0.0268,0.0051,0.9955,0.1400,0.0613,0.2975,1001.5610,stationary
1755602,0.0251,0.0047,0.9938,0.0700,0.0437,0.2537,1001.5674,stationary
1755662,0.0259,0.0046,0.9935,0.0962,0.0262,0.1925,1001.5681,stationary
1755722,0.0253,0.0056,0.9938,0.1575,0.0700,0.2362,1001.5535,stationary
1755782,0.0262,0.0045,0.9951,0.1488,0.0262,0.2887,1001.5601,stationary
1755842,0.0251,0.0049,0.9946,0.1400,0.0962,0.2975,1001.5569,stationary
1755902,0.0247,0.0051,0.9938,0.1575,0.0613,0.1575,1001.5559,stationary
1755962,0.0242,0.0056,0.9950,0.1663,0.1138,0.2800,1001.5647,stationary
1756022,0.0264,0.0041,0.9941,0.1312,0.1575,0.2188,1001.5596,stationary
1756082,0.0246,0.0049,0.9950,0.2013,0.0875,0.2013,1001.5674,stationary
1756142,0.0242,0.0051,0.9941,0.2275,0.0350,0.2450,1001.5667,stationary
1756202,0.0249,0.0048,0.9943,0.1575,0.0350,0.1925,1001.5710,stationary
1756262,0.0257,0.0053,0.9944,0.1575,-0.0175,0.2362,1001.5608,stationary
1756322,0.0259,0.0059,0.9967,0.2975,-0.0175,0.2450,1001.5647,stationary
1756382,0.0258,0.0051,0.9939,0.1488,-0.0175,0.2013,1001.5508,stationary
1756442,0.0261,0.0052,0.9948,0.1138,0.0700,0.2362,1001.5652,stationary
1756502,0.0256,0.0059,0.9943,0.1750,-0.0437,0.2800,1001.5659,stationary
1756562,0.0257,0.0044,0.9956,0.1925,0.1225,0.1663,1001.5645,stationary
1756622,0.0259,0.0057,0.9948,0.2275,-0.1050,0.1925,1001.5620,stationary
1756682,0.0249,0.0046,0.9947,0.2275,0.0613,0.2625,1001.5547,stationary
1756742,0.0251,0.0056,0.9948,0.1575,0.1138,0.2450,1001.5720,stationary
1756802,0.0259,0.0052,0.9936,0.1663,0.0875,0.2537,1001.5615,stationary
1756862,0.0264,0.0052,0.9948,0.2013,0.0262,0.2713,1001.5647,stationary
1756922,0.0249,0.0052,0.9958,0.2362,0.0787,0.1575,1001.5627,stationary
1756982,0.0251,0.0051,0.9960,0.2450,0.0437,0.2100,1001.5557,stationary
1757042,0.0267,0.0049,0.9947,0.1838,0.1488,0.2100,1001.5493,stationary
1757102,0.0259,0.0041,0.9943,0.0875,0.0000,0.1925,1001.5627,stationary
1757162,0.0257,0.0053,0.9945,0.2188,0.0787,0.2713,1001.5547,stationary
1757222,0.0253,0.0052,0.9948,0.2013,0.0000,0.2625,1001.5537,stationary
1757282,0.0254,0.0052,0.9938,0.1750,0.1225,0.2800,1001.5586,stationary
1757342,0.0251,0.0047,0.9959,0.1488,0.1400,0.2362,1001.5544,stationary
1757402,0.0257,0.0041,0.9950,0.1838,0.0350,0.2713,1001.5559,stationary
1757462,0.0249,0.0054,0.9952,0.0613,0.0613,0.2188,1001.5532,stationary
1757522,0.0266,0.0053,0.9946,0.1312,0.1050,0.2713,1001.5596,stationary
1757582,0.0254,0.0045,0.9940,0.1225,-0.0262,0.2537,1001.5557,stationary
1757642,0.0252,0.0038,0.9928,0.2625,0.0088,0.2013,1001.5703,stationary
1757702,0.0246,0.0043,0.9952,0.1838,0.1312,0.2975,1001.5574,stationary
1757762,0.0249,0.0046,0.9956,0.1400,0.1138,0.2537,1001.5522,stationary
1757822,0.0257,0.0040,0.9959,0.2275,0.0437,0.1838,1001.5574,stationary
1757882,0.0253,0.0036,0.9951,0.1225,0.1488,0.2625,1001.5615,stationary
1757942,0.0264,0.0056,0.9951,0.1838,0.1663,0.2713,1001.5557,stationary
1758002,0.0244,0.0049,0.9933,0.1838,0.1575,0.2625,1001.5588,stationary
1758062,0.0261,0.0052,0.9948,0.1925,0.1138,0.2800,1001.5564,stationary
1758122,0.0251,0.0051,0.9948,0.2625,0.0700,0.2188,1001.5576,stationary
1758182,0.0252,0.0063,0.9950,0.1750,0.1312,0.2625,1001.5566,stationary
1758242,0.0237,0.0059,0.9933,0.1838,-0.0088,0.1838,1001.5596,stationary
1758302,0.0249,0.0048,0.9940,0.1312,0.1138,0.2275,1001.5515,stationary
1758362,0.0251,0.0049,0.9945,0.2100,0.0613,0.1925,1001.5522,stationary
1758422,0.0256,0.0054,0.9943,0.1750,0.0613,0.2625,1001.5566,stationary
1758482,0.0249,0.0057,0.9960,0.1838,0.1050,0.2625,1001.5637,stationary
1758542,0.0244,0.0048,0.9945,0.1925,0.0787,0.1925,1001.5586,stationary
1758602,0.0268,0.0063,0.9928,0.1750,0.1138,0.3063,1001.5532,stationary
1758662,0.0254,0.0038,0.9953,0.1925,0.0700,0.2275,1001.5627,stationary
1758722,0.0254,0.0061,0.9935,0.1750,-0.0262,0.2188,1001.5547,stationary
1758782,0.0240,0.0035,0.9958,0.1400,0.1225,0.2275,1001.5630,stationary
1758842,0.0249,0.0051,0.9964,0.2362,0.1750,0.2100,1001.5586,stationary
1758902,0.0273,0.0049,0.9943,0.1312,0.1138,0.2013,1001.5603,stationary
1758962,0.0249,0.0041,0.9945,0.1575,0.0525,0.1925,1001.5649,stationary
1759022,0.0256,0.0049,0.9972,0.2975,0.0437,0.2713,1001.5581,stationary
1759082,0.0256,0.0047,0.9960,0.1138,0.0262,0.1663,1001.5498,stationary
1759142,0.0264,0.0046,0.9931,0.1750,0.0787,0.1838,1001.5596,stationary
1759202,0.0264,0.0038,0.9943,0.2100,0.1488,0.2537,1001.5579,stationary
1759262,0.0242,0.0046,0.9950,0.1925,0.0000,0.2275,1001.5647,stationary
1759322,0.0239,0.0051,0.9936,0.2362,0.1225,0.2013,1001.5640,stationary
1759382,0.0256,0.0044,0.9946,0.2013,0.1575,0.2887,1001.5662,stationary
1759442,0.0254,0.0056,0.9947,0.1838,0.0088,0.2450,1001.5613,stationary
1759502,0.0257,0.0044,0.9941,0.1663,0.0700,0.1750,1001.5601,stationary
1759562,0.0258,0.0057,0.9950,0.1838,0.1575,0.2100,1001.5583,stationary
1759622,0.0244,0.0059,0.9955,0.1225,0.1225,0.2188,1001.5588,stationary
1759682,0.0261,0.0046,0.9955,0.0613,0.0613,0.1750,1001.5620,stationary
1759742,0.0249,0.0041,0.9950,0.1925,0.0787,0.2100,1001.5637,stationary
1759802,0.0266,0.0038,0.9943,0.1663,0.0700,0.1400,1001.5635,stationary
1759862,0.0249,0.0056,0.9973,0.1750,0.1225,0.1838,1001.5659,stationary
1759922,0.0256,0.0059,0.9947,0.1312,0.0437,0.2188,1001.5623,stationary
1759982,0.0254,0.0044,0.9960,0.1400,0.1663,0.2537,1001.5608,stationary
1760042,0.0253,0.0051,0.9962,0.1663,0.1138,0.2537,1001.5647,stationary
1760102,0.0251,0.0051,0.9947,0.2975,0.0962,0.2188,1001.5610,stationary
1760162,0.0257,0.0051,0.9961,0.1050,0.0787,0.2100,1001.5637,stationary
1760222,0.0246,0.0059,0.9962,0.2625,0.1138,0.2537,1001.5640,stationary
1760282,0.0254,0.0049,0.9938,0.1663,0.0613,0.2013,1001.5681,stationary
1760342,0.0254,0.0044,0.9933,0.1838,0.1225,0.2537,1001.5664,stationary
1760402,0.0256,0.0059,0.9963,0.2450,0.0875,0.2275,1001.5676,stationary
1760462,0.0246,0.0047,0.9952,0.1138,0.0525,0.2887,1001.5725,stationary
1760522,0.0254,0.0052,0.9948,0.2450,0.0613,0.2625,1001.5618,stationary
1760582,0.0246,0.0051,0.9948,0.1400,0.0875,0.2625,1001.5654,stationary
1760642,0.0256,0.0049,0.9941,0.1838,0.1312,0.2887,1001.5645,stationary
1760702,0.0257,0.0046,0.9961,0.3325,0.1750,0.2450,1001.5605,stationary
1760762,0.0263,0.0054,0.9966,0.2800,0.1050,0.2975,1001.5649,stationary
1760822,0.0264,0.0056,0.9953,0.0437,0.0962,0.1750,1001.5610,stationary
1760882,0.0243,0.0057,0.9958,0.1663,0.1663,0.2275,1001.5642,stationary
1760942,0.0256,0.0058,0.9952,0.1925,0.0437,0.2713,1001.5649,stationary
1761002,0.0242,0.0041,0.9946,0.1663,0.0962,0.1925,1001.5703,stationary
1761062,0.0259,0.0042,0.9938,0.0962,-0.0088,0.2362,1001.5620,stationary
1761122,0.0256,0.0052,0.9938,0.1225,0.0525,0.2800,1001.5588,stationary
1761182,0.0263,0.0051,0.9941,0.2275,0.0613,0.2362,1001.5569,stationary
1761242,0.0261,0.0056,0.9947,0.1838,0.2275,0.2362,1001.5649,stationary
1761302,0.0264,0.0034,0.9974,0.1925,0.0875,0.2100,1001.5576,stationary
1761362,0.0239,0.0035,0.9958,0.2713,0.0962,0.2013,1001.5667,stationary
1761422,0.0239,0.0047,0.9957,0.1663,0.0875,0.2625,1001.5620,stationary
1761482,0.0256,0.0046,0.9960,0.2013,0.0700,0.2362,1001.5659,stationary
1761542,0.0254,0.0046,0.9963,0.1138,0.0875,0.1925,1001.5642,stationary
1761602,0.0265,0.0049,0.9941,0.1925,0.0613,0.2275,1001.5623,stationary
1761662,0.0249,0.0043,0.9934,0.1575,0.0700,0.2275,1001.5703,stationary
1761722,0.0256,0.0049,0.9953,0.1488,0.1050,0.2450,1001.5659,stationary
1761782,0.0271,0.0053,0.9948,0.2013,0.0175,0.2188,1001.5654,stationary
1761842,0.0251,0.0041,0.9944,0.1400,0.1750,0.2625,1001.5659,stationary
1761902,0.0246,0.0051,0.9948,0.1750,0.1138,0.2100,1001.5686,stationary
1761962,0.0241,0.0046,0.9946,0.1750,0.1225,0.1925,1001.5618,stationary
1762022,0.0261,0.0043,0.9967,0.2013,0.0437,0.2275,1001.5698,stationary
1762082,0.0264,0.0056,0.9945,0.2362,0.2013,0.2450,1001.5564,stationary
1762142,0.0254,0.0051,0.9936,0.0962,-0.0088,0.2188,1001.5706,stationary
1762202,0.0259,0.0056,0.9944,0.1488,0.1138,0.2450,1001.5681,stationary
1762262,0.0259,0.0041,0.9960,0.1750,0.1050,0.2013,1001.5603,stationary
1762322,0.0249,0.0051,0.9929,0.1925,0.0700,0.2713,1001.5618,stationary
1762382,0.0231,0.0060,0.9941,0.2013,-0.0350,0.2188,1001.5647,stationary
1762442,0.0249,0.0060,0.9942,0.1138,0.0525,0.2887,1001.5620,stationary
1762502,0.0252,0.0034,0.9943,0.0525,-0.0175,0.3063,1001.5715,stationary
1762562,0.0237,0.0026,0.9957,0.1575,0.1312,0.2013,1001.5732,stationary
1762622,0.0251,0.0041,0.9947,0.2887,0.1050,0.2013,1001.5732,stationary
1762682,0.0256,0.0051,0.9957,0.2013,0.2100,0.2362,1001.5718,stationary
1762742,0.0239,0.0049,0.9953,0.2100,0.1138,0.2450,1001.5710,stationary
1762802,0.0248,0.0044,0.9943,0.1838,0.1050,0.2625,1001.5693,stationary
1762862,0.0254,0.0044,0.9944,0.2188,0.1050,0.2800,1001.5713,stationary
1762922,0.0257,0.0056,0.9936,0.1575,0.2188,0.2362,1001.5720,stationary
1762982,0.0254,0.0062,0.9948,0.1575,0.0875,0.2450,1001.5649,stationary
1763042,0.0268,0.0045,0.9941,0.1663,0.1575,0.2625,1001.5757,stationary
1763102,0.0251,0.0063,0.9945,0.1925,0.0262,0.1925,1001.5645,stationary
1763162,0.0261,0.0051,0.9944,0.1663,0.0437,0.2188,1001.5671,stationary
1763222,0.0230,0.0046,0.9969,0.1925,0.1050,0.2800,1001.5706,stationary
1763282,0.0251,0.0054,0.9947,0.1312,0.0525,0.2100,1001.5627,stationary
1763342,0.0258,0.0042,0.9958,0.2362,0.0700,0.2450,1001.5671,stationary
1763402,0.0254,0.0060,0.9936,0.2188,0.1050,0.2362,1001.5637,stationary
1763462,0.0264,0.0049,0.9955,0.2013,0.0437,0.2362,1001.5686,stationary
1763522,0.0254,0.0049,0.9943,0.1050,0.0787,0.2188,1001.5554,stationary
1763582,0.0237,0.0060,0.9936,0.2013,0.1750,0.1925,1001.5681,stationary
1763642,0.0257,0.0058,0.9951,0.1575,0.0350,0.1838,1001.5667,stationary
1763702,0.0256,0.0044,0.9950,0.1925,0.0437,0.1838,1001.5642,stationary
1763762,0.0249,0.0063,0.9945,0.1225,-0.0525,0.2800,1001.5654,stationary
1763822,0.0245,0.0048,0.9938,0.2188,0.0437,0.2537,1001.5593,stationary
1763882,0.0249,0.0054,0.9955,0.1838,0.0437,0.2013,1001.5662,stationary
1763942,0.0235,0.0042,0.9941,0.0787,0.0437,0.2887,1001.5674,stationary
1764002,0.0246,0.0041,0.9938,0.1750,-0.0437,0.2188,1001.5586,stationary
1764062,0.0269,0.0051,0.9946,0.2013,0.0525,0.2800,1001.5647,stationary
1764122,0.0260,0.0040,0.9950,0.1225,0.1138,0.2188,1001.5562,stationary
1764182,0.0254,0.0051,0.9956,0.1400,0.1050,0.2362,1001.5605,stationary
1764242,0.0251,0.0051,0.9968,0.2800,0.0175,0.2713,1001.5701,stationary
1764302,0.0251,0.0036,0.9945,0.2188,0.0525,0.2100,1001.5632,stationary
1764362,0.0258,0.0049,0.9950,0.1138,0.1225,0.2100,1001.5554,stationary
1764422,0.0257,0.0046,0.9955,0.2362,0.1225,0.1663,1001.5530,stationary
1764482,0.0259,0.0046,0.9950,0.2887,0.0437,0.2537,1001.5625,stationary
1764542,0.0249,0.0049,0.9948,0.1750,0.1050,0.2100,1001.5659,stationary
1764602,0.0259,0.0061,0.9945,0.1750,0.2013,0.2625,1001.5657,stationary
1764662,0.0251,0.0054,0.9970,0.1750,0.1575,0.2188,1001.5540,stationary
1764722,0.0254,0.0051,0.9955,0.1838,0.0787,0.2362,1001.5552,stationary
1764782,0.0268,0.0056,0.9953,0.0875,0.0787,0.2800,1001.5649,stationary
1764842,0.0264,0.0051,0.9951,0.0437,0.1488,0.2013,1001.5642,stationary
1764902,0.0248,0.0057,0.9941,0.2362,0.1750,0.2362,1001.5552,stationary
1764962,0.0257,0.0059,0.9941,0.0700,0.1750,0.2800,1001.5667,stationary
1765022,0.0268,0.0034,0.9953,0.2188,0.0175,0.2625,1001.5681,stationary
1765082,0.0246,0.0040,0.9957,0.2887,0.0262,0.1838,1001.5757,stationary
1765142,0.0256,0.0060,0.9938,0.1750,0.0787,0.2362,1001.5632,stationary
1765202,0.0237,0.0044,0.9945,0.0875,0.0875,0.1925,1001.5679,stationary
1765262,0.0241,0.0056,0.9961,0.1312,0.0875,0.2362,1001.5603,stationary
1765322,0.0252,0.0036,0.9948,0.2275,0.0525,0.2100,1001.5598,stationary
1765382,0.0265,0.0054,0.9950,0.1488,0.0525,0.2450,1001.5649,stationary
1765442,0.0267,0.0051,0.9974,0.2100,0.0525,0.2013,1001.5632,stationary
1765502,0.0242,0.0054,0.9938,0.1575,0.1225,0.2100,1001.5732,stationary
1765562,0.0259,0.0044,0.9941,0.2275,0.0875,0.2450,1001.5679,stationary
1765622,0.0241,0.0049,0.9963,0.1312,0.0262,0.2537,1001.5713,stationary
1765682,0.0254,0.0049,0.9953,0.1225,0.1225,0.2362,1001.5681,stationary
1765742,0.0264,0.0044,0.9946,0.2013,0.0525,0.1750,1001.5693,stationary
1765802,0.0264,0.0052,0.9948,0.2537,0.1225,0.2625,1001.5674,stationary
1765862,0.0252,0.0056,0.9938,0.1663,0.0175,0.1663,1001.5701,stationary
1765922,0.0256,0.0059,0.9950,0.2537,0.1225,0.2100,1001.5667,stationary
1765982,0.0257,0.0041,0.9948,0.0700,0.0000,0.1838,1001.5667,stationary
1766042,0.0254,0.0059,0.9933,0.1575,0.0437,0.2013,1001.5635,stationary
1766102,0.0264,0.0058,0.9951,0.1663,0.0875,0.1575,1001.5698,stationary
1766162,0.0259,0.0049,0.9952,0.1663,0.1663,0.2537,1001.5520,stationary
1766222,0.0259,0.0053,0.9970,0.1575,0.0787,0.2887,1001.5583,stationary
1766282,0.0252,0.0053,0.9950,0.2100,0.1400,0.1838,1001.5564,stationary
1766342,0.0275,0.0054,0.9933,0.1050,0.0613,0.2887,1001.5598,stationary
1766402,0.0264,0.0039,0.9955,0.2713,0.2450,0.2362,1001.5620,stationary
1766462,0.0251,0.0051,0.9945,0.1663,0.1575,0.2362,1001.5647,stationary
1766522,0.0254,0.0049,0.9951,0.0525,0.0962,0.1663,1001.5732,stationary
1766582,0.0252,0.0047,0.9934,0.2100,0.0875,0.2800,1001.5630,stationary
1766642,0.0258,0.0034,0.9931,0.2975,0.1312,0.2537,1001.5674,stationary
1766702,0.0259,0.0068,0.9975,0.1312,0.0700,0.2887,1001.5691,stationary
1766762,0.0283,0.0023,0.9975,0.1750,0.0700,0.1838,1001.5654,stationary
1766822,0.0261,0.0073,0.9951,0.2537,0.0437,0.2188,1001.5518,stationary
1766882,0.0230,0.0024,0.9936,0.2013,0.1575,0.1925,1001.5618,stationary
1766942,0.0244,0.0082,0.9974,0.1663,0.1488,0.1575,1001.5620,stationary
1767002,0.0261,0.0047,0.9948,0.1400,0.1312,0.2450,1001.5642,stationary
1767062,0.0264,0.0046,0.9938,0.2275,0.1925,0.2713,1001.5630,stationary
1767122,0.0244,0.0031,0.9945,0.2013,0.0962,0.2100,1001.5588,stationary
1767182,0.0232,0.0059,0.9958,0.1050,0.0700,0.2100,1001.5603,stationary
1767242,0.0249,0.0066,0.9924,0.2275,0.0350,0.2013,1001.5659,stationary
1767302,0.0264,0.0041,0.9946,0.1663,0.1050,0.2100,1001.5583,stationary
1767362,0.0256,0.0036,0.9980,0.1488,0.2275,0.2275,1001.5642,stationary
1767422,0.0244,0.0076,0.9963,0.1750,0.0875,0.2188,1001.5615,stationary
1767482,0.0254,0.0056,0.9933,0.1050,0.0262,0.2713,1001.5688,stationary
1767542,0.0249,0.0058,0.9923,0.1750,0.0525,0.2275,1001.5601,stationary
1767602,0.0257,0.0029,0.9965,0.2188,0.0875,0.1225,1001.5649,stationary
1767662,0.0242,0.0041,0.9965,0.2450,0.0613,0.2100,1001.5601,stationary
1767722,0.0256,0.0051,0.9962,0.2275,0.0787,0.1925,1001.5596,stationary
1767782,0.0261,0.0054,0.9925,0.2450,0.1312,0.1925,1001.5635,stationary
1767842,0.0246,0.0056,0.9938,0.2625,0.0787,0.2362,1001.5522,stationary
1767902,0.0251,0.0059,0.9959,0.2362,0.0613,0.1488,1001.5581,stationary
1767962,0.0246,0.0075,0.9963,0.1050,-0.0613,0.1400,1001.5645,stationary
1768022,0.0269,0.0038,0.9948,0.1488,0.0350,0.2975,1001.5588,stationary
1768082,0.0280,0.0030,0.9955,0.0787,0.0350,0.2362,1001.5671,stationary
1768142,0.0232,0.0029,0.9941,0.2100,0.1488,0.2188,1001.5579,stationary
1768202,0.0242,0.0043,0.9958,0.2275,0.1225,0.1575,1001.5642,stationary
1768262,0.0262,0.0079,0.9959,0.0437,0.0175,0.2188,1001.5581,stationary
1768322,0.0273,0.0057,0.9928,0.1488,0.0787,0.2362,1001.5596,stationary
1768382,0.0263,0.0062,0.9934,0.1575,0.1750,0.2450,1001.5598,stationary
1768442,0.0254,0.0052,0.9951,0.1750,-0.1138,0.1925,1001.5581,stationary
1768502,0.0259,0.0035,0.9950,0.1225,0.0962,0.2275,1001.5659,stationary
1768562,0.0266,0.0054,0.9936,0.3237,0.1488,0.3150,1001.5618,stationary
1768622,0.0265,0.0048,0.9938,0.1575,0.0175,0.2975,1001.5615,stationary
1768682,0.0259,0.0066,0.9963,0.2275,0.1050,0.2188,1001.5596,stationary
1768742,0.0258,0.0049,0.9943,0.1838,0.0700,0.2275,1001.5632,stationary
1768802,0.0256,0.0051,0.9936,0.1575,0.0525,0.2362,1001.5637,stationary
1768862,0.0271,0.0046,0.9948,0.0787,0.1312,0.2275,1001.5645,stationary
1768922,0.0251,0.0066,0.9948,0.1575,0.0613,0.2013,1001.5630,stationary
1768982,0.0252,0.0066,0.9950,0.1663,0.0000,0.2275,1001.5630,stationary
1769042,0.0261,0.0051,0.9970,0.1138,0.1663,0.2188,1001.5684,stationary
1769102,0.0262,0.0041,0.9941,0.0875,0.0262,0.2100,1001.5693,stationary
1769162,0.0257,0.0054,0.9956,0.2013,-0.0350,0.2537,1001.5654,stationary
1769222,0.0249,0.0035,0.9931,0.1925,0.0962,0.2275,1001.5635,stationary
1769282,0.0257,0.0059,0.9957,0.1575,0.0700,0.2537,1001.5669,stationary
1769342,0.0251,0.0054,0.9941,0.1925,0.0962,0.2362,1001.5640,stationary
1769402,0.0261,0.0048,0.9955,0.1750,0.0962,0.2188,1001.5667,stationary
1769462,0.0258,0.0056,0.9955,0.1488,0.0787,0.2537,1001.5713,stationary
1769522,0.0257,0.0045,0.9941,0.2450,0.0875,0.2275,1001.5698,stationary
1769582,0.0268,0.0056,0.9946,0.1925,0.0700,0.2800,1001.5615,stationary
1769642,0.0236,0.0034,0.9955,0.0700,0.0437,0.2100,1001.5627,stationary
1769702,0.0244,0.0056,0.9938,0.2013,0.0875,0.2975,1001.5652,stationary
1769762,0.0241,0.0056,0.9946,0.2013,0.1838,0.2450,1001.5625,stationary
1769822,0.0256,0.0061,0.9944,0.1750,0.1138,0.2625,1001.5679,stationary
1769882,0.0273,0.0056,0.9958,0.1050,-0.0175,0.2450,1001.5632,stationary
1769942,0.0261,0.0024,0.9953,0.2275,0.0613,0.2188,1001.5708,stationary
1770002,0.0249,0.0051,0.9972,0.2450,0.1225,0.2975,1001.5698,stationary
1770062,0.0239,0.0046,0.9929,0.1925,0.1750,0.2275,1001.5588,stationary
1770122,0.0253,0.0061,0.9924,0.1400,0.2188,0.2800,1001.5659,stationary
1770182,0.0242,0.0046,0.9941,0.1925,0.1575,0.1925,1001.5618,stationary
1770242,0.0246,0.0061,0.9963,0.0787,0.0700,0.2450,1001.5710,stationary
1770302,0.0247,0.0037,0.9945,0.1838,0.1663,0.2275,1001.5696,stationary
1770362,0.0260,0.0043,0.9941,0.1663,0.1488,0.2275,1001.5642,stationary
1770422,0.0246,0.0054,0.9966,0.2013,-0.0700,0.1925,1001.5635,stationary
1770482,0.0256,0.0054,0.9941,0.2362,0.0787,0.2100,1001.5608,stationary
1770542,0.0259,0.0062,0.9928,0.1838,0.0525,0.1925,1001.5557,stationary
1770602,0.0268,0.0058,0.9951,0.1925,0.0525,0.2188,1001.5720,stationary
1770662,0.0251,0.0041,0.9953,0.1750,0.1050,0.1838,1001.5601,stationary
1770722,0.0251,0.0044,0.9957,0.1488,0.0787,0.2713,1001.5623,stationary
1770782,0.0263,0.0057,0.9962,0.2100,0.0350,0.2188,1001.5581,stationary
1770842,0.0273,0.0041,0.9941,0.1838,0.0088,0.2100,1001.5645,stationary
1770902,0.0256,0.0052,0.9950,0.1312,0.0875,0.2275,1001.5649,stationary
1770962,0.0234,0.0051,0.9946,0.2362,0.0262,0.2450,1001.5686,stationary
1771022,0.0259,0.0064,0.9959,0.1925,0.0262,0.1750,1001.5657,stationary
1771082,0.0260,0.0045,0.9960,0.1750,0.0175,0.2275,1001.5591,stationary
1771142,0.0265,0.0048,0.9959,0.1488,0.1312,0.1663,1001.5581,stationary
1771202,0.0254,0.0045,0.9958,0.1488,0.0700,0.3413,1001.5596,stationary
1771262,0.0242,0.0066,0.9977,0.1488,0.1575,0.1925,1001.5676,stationary
1771322,0.0254,0.0047,0.9939,0.1488,-0.0875,0.2450,1001.5703,stationary
1771382,0.0263,0.0060,0.9946,0.1925,0.0875,0.2800,1001.5691,stationary
1771442,0.0273,0.0046,0.9945,0.1925,0.1225,0.2188,1001.5630,stationary
1771502,0.0251,0.0054,0.9951,0.1663,0.1400,0.2013,1001.5562,stationary
1771562,0.0247,0.0054,0.9948,0.1225,0.0700,0.2887,1001.5618,stationary
1771622,0.0256,0.0034,0.9950,0.1925,0.0875,0.1838,1001.6230,stationary
1771682,0.0258,0.0041,0.9955,0.2013,0.1225,0.1925,1001.5681,stationary
1771742,0.0256,0.0056,0.9939,0.2013,0.0175,0.2800,1001.5635,stationary
1771802,0.0248,0.0051,0.9945,0.1312,0.1575,0.2450,1001.5645,stationary
1771862,0.0243,0.0056,0.9936,0.1488,0.1575,0.2100,1001.5679,stationary
1771922,0.0253,0.0040,0.9953,0.1312,0.0088,0.2362,1001.5698,stationary
1771982,0.0267,0.0054,0.9953,0.1488,-0.0262,0.2013,1001.5637,stationary
1772042,0.0265,0.0051,0.9968,0.1225,0.0787,0.2362,1001.5667,stationary
1772102,0.0252,0.0063,0.9955,0.1400,0.0350,0.2362,1001.5688,stationary
1772162,0.0251,0.0043,0.9953,0.1750,0.1925,0.2275,1001.5647,stationary
1772222,0.0241,0.0044,0.9960,0.2013,0.1050,0.1750,1001.5620,stationary
1772282,0.0256,0.0051,0.9961,0.1925,0.1575,0.1838,1001.5635,stationary
1772342,0.0264,0.0041,0.9941,0.2188,0.1663,0.1488,1001.5664,stationary
1772402,0.0257,0.0051,0.9958,0.1925,0.0000,0.2713,1001.5771,stationary
1772462,0.0246,0.0066,0.9956,0.2275,0.1663,0.1488,1001.5588,stationary
1772522,0.0264,0.0049,0.9946,0.2013,0.1138,0.2537,1001.5667,stationary
1772582,0.0256,0.0043,0.9931,0.1838,0.1488,0.2975,1001.5693,stationary
1772642,0.0264,0.0051,0.9957,0.1925,0.1050,0.2625,1001.5691,stationary
1772702,0.0248,0.0061,0.9939,0.1838,0.1138,0.2188,1001.5725,stationary
1772762,0.0269,0.0041,0.9951,0.1838,0.1312,0.1838,1001.5671,stationary
1772822,0.0239,0.0063,0.9936,0.1400,0.1138,0.2275,1001.5681,stationary
1772882,0.0256,0.0041,0.9943,0.1838,-0.0175,0.2362,1001.5647,stationary
1772942,0.0256,0.0060,0.9964,0.1663,0.1488,0.3063,1001.5581,stationary
1773002,0.0249,0.0069,0.9955,0.1138,0.1925,0.2537,1001.5605,stationary
1773062,0.0259,0.0054,0.9963,0.1838,0.0000,0.2537,1001.5601,stationary
1773122,0.0247,0.0056,0.9955,0.2537,0.1312,0.2537,1001.5549,stationary
1773182,0.0259,0.0049,0.9964,0.1488,0.0962,0.1925,1001.5696,stationary
1773242,0.0256,0.0058,0.9953,0.0875,0.1050,0.3850,1001.5581,stationary
1773302,0.0247,0.0043,0.9938,0.3063,0.0437,0.2013,1001.5701,stationary
1773362,0.0268,0.0056,0.9951,0.1663,0.0088,0.2362,1001.5715,stationary
1773422,0.0259,0.0049,0.9960,0.1138,0.2275,0.2537,1001.5720,stationary
1773482,0.0267,0.0049,0.9943,0.1838,0.1750,0.2887,1001.5552,stationary
1773542,0.0251,0.0039,0.9963,0.2100,0.0613,0.2275,1001.5649,stationary
1773602,0.0249,0.0051,0.9956,0.1400,0.0962,0.2013,1001.5508,stationary
1773662,0.0259,0.0064,0.9936,0.1225,-0.0088,0.2450,1001.5593,stationary
1773722,0.0256,0.0054,0.9943,0.2537,0.1312,0.1838,1001.5688,stationary
1773782,0.0247,0.0049,0.9923,0.1225,0.1050,0.2275,1001.5598,stationary
1773842,0.0259,0.0045,0.9941,0.1312,0.0525,0.1488,1001.5691,stationary
1773902,0.0257,0.0047,0.9950,0.1925,0.0613,0.2100,1001.5691,stationary
1773962,0.0254,0.0056,0.9955,0.1925,0.0262,0.2275,1001.5627,stationary
1774022,0.0253,0.0063,0.9948,0.1925,0.1312,0.2275,1001.5571,stationary
1774082,0.0267,0.0034,0.9961,0.2450,0.0262,0.2100,1001.5615,stationary
1774142,0.0246,0.0046,0.9950,0.1400,0.1575,0.1925,1001.5723,stationary
1774202,0.0251,0.0029,0.9959,0.1225,0.0875,0.2362,1001.5669,stationary
1774262,0.0244,0.0054,0.9953,0.1488,0.0525,0.2188,1001.5657,stationary
1774322,0.0264,0.0058,0.9943,0.1663,0.1312,0.2013,1001.5688,stationary
1774382,0.0246,0.0035,0.9957,0.1750,0.1312,0.2013,1001.5676,stationary
1774442,0.0242,0.0049,0.9955,0.1575,0.0787,0.2450,1001.5640,stationary
1774502,0.0243,0.0061,0.9943,0.1225,0.1225,0.2537,1001.5574,stationary
1774562,0.0265,0.0051,0.9943,0.2887,0.1138,0.2450,1001.5649,stationary
1774622,0.0263,0.0063,0.9964,0.1488,0.0088,0.2188,1001.5554,stationary
1774682,0.0259,0.0052,0.9948,0.2713,0.1312,0.1925,1001.5598,stationary
1774742,0.0244,0.0047,0.9948,0.1750,0.1225,0.2362,1001.5564,stationary
1774802,0.0261,0.0046,0.9931,0.1488,0.1138,0.2188,1001.5640,stationary
1774862,0.0248,0.0051,0.9975,0.2713,0.0000,0.1488,1001.5571,stationary
1774922,0.0268,0.0051,0.9938,0.2013,0.1138,0.2275,1001.5667,stationary
1774982,0.0261,0.0066,0.9933,0.2275,0.0700,0.2450,1001.5671,stationary
1775042,0.0249,0.0063,0.9941,0.1138,0.1138,0.2537,1001.5625,stationary
1775102,0.0242,0.0049,0.9956,0.1400,0.1225,0.1488,1001.5630,stationary
1775162,0.0258,0.0043,0.9950,0.1750,-0.0175,0.1750,1001.5664,stationary
1775222,0.0268,0.0066,0.9948,0.2275,0.0962,0.2713,1001.5601,stationary
1775282,0.0264,0.0056,0.9945,0.1488,0.0437,0.2013,1001.5703,stationary
1775342,0.0256,0.0032,0.9967,0.1575,0.1488,0.1925,1001.5605,stationary
1775402,0.0242,0.0062,0.9960,0.1312,0.0962,0.1750,1001.5637,stationary
1775462,0.0261,0.0042,0.9941,0.0875,0.0700,0.2713,1001.5603,stationary
1775522,0.0259,0.0051,0.9925,0.0875,0.0175,0.2625,1001.5581,stationary
1775582,0.0264,0.0044,0.9942,0.1663,0.1225,0.2362,1001.5618,stationary
1775642,0.0264,0.0066,0.9942,0.1925,0.0437,0.1750,1001.5745,stationary
1775702,0.0246,0.0040,0.9943,0.1488,0.1050,0.2100,1001.5620,stationary
1775762,0.0246,0.0059,0.9944,0.1138,0.1225,0.1925,1001.5657,stationary
1775822,0.0240,0.0044,0.9953,0.1750,0.0875,0.2013,1001.5715,stationary
1775882,0.0256,0.0051,0.9951,0.1488,0.0787,0.2013,1001.5583,stationary
1775942,0.0251,0.0046,0.9955,0.1050,0.0175,0.2188,1001.5637,stationary
1776002,0.0244,0.0052,0.9943,0.1838,0.1575,0.2013,1001.5688,stationary
1776062,0.0236,0.0063,0.9928,0.1575,0.1312,0.1925,1001.5676,stationary
1776122,0.0259,0.0056,0.9962,0.2975,0.1050,0.2450,1001.5613,stationary
1776182,0.0267,0.0024,0.9970,0.1312,0.1663,0.2188,1001.5615,stationary
1776242,0.0249,0.0054,0.9952,0.1838,0.0875,0.2275,1001.5750,stationary
1776302,0.0239,0.0061,0.9953,0.1138,0.0962,0.1838,1001.5713,stationary
1776362,0.0249,0.0069,0.9938,0.1838,0.0700,0.2975,1001.5708,stationary
1776422,0.0249,0.0046,0.9963,0.1050,0.0175,0.2800,1001.5593,stationary
1776482,0.0256,0.0057,0.9938,0.1750,0.0962,0.2100,1001.5654,stationary
1776542,0.0261,0.0049,0.9965,0.1838,0.1138,0.2362,1001.5713,stationary
1776602,0.0220,0.0064,0.9936,0.1225,0.0700,0.2275,1001.5637,stationary
1776662,0.0241,0.0112,0.9936,0.0262,0.0525,0.2013,1001.5649,stationary
1776722,0.0269,0.0002,0.9936,0.2975,0.1225,0.2537,1001.5750,stationary
1776782,0.0259,0.0108,0.9955,0.0700,0.1838,0.2713,1001.5657,stationary
1776842,0.0254,0.0029,0.9943,0.1838,0.0262,0.2450,1001.5618,stationary
1776902,0.0232,0.0039,0.9953,0.1400,0.1400,0.2713,1001.5774,stationary
1776962,0.0259,0.0037,0.9955,0.0437,0.1575,0.2450,1001.5676,stationary
1777022,0.0241,0.0053,0.9934,0.1488,0.0437,0.2537,1001.5752,stationary
1777082,0.0273,0.0108,0.9941,0.1575,0.0787,0.2188,1001.5649,stationary
1777142,0.0269,0.0060,0.9961,0.1838,-0.0088,0.2188,1001.5725,stationary
1777202,0.0276,0.0035,0.9948,0.1225,0.1400,0.2362,1001.5740,stationary
1777262,0.0244,0.0062,0.9960,0.2275,0.1575,0.2275,1001.5718,stationary
1777322,0.0268,0.0056,0.9948,0.1838,0.0787,0.2537,1001.5632,stationary
1777382,0.0259,0.0066,0.9963,0.1750,0.1138,0.2537,1001.5681,stationary
1777442,0.0249,0.0041,0.9980,0.1838,0.1663,0.2800,1001.5632,stationary
1777502,0.0259,0.0065,0.9958,0.1400,0.1138,0.2887,1001.5674,stationary
1777562,0.0264,0.0041,0.9950,0.1138,0.0437,0.1488,1001.5630,stationary
1777622,0.0268,0.0032,0.9944,0.1925,0.0525,0.2800,1001.5693,stationary
1777682,0.0259,0.0044,0.9936,0.1050,0.0437,0.2887,1001.5610,stationary
1777742,0.0256,0.0056,0.9963,0.2537,0.0787,0.2713,1001.5588,stationary
1777802,0.0242,0.0069,0.9938,0.1575,0.0350,0.2887,1001.5649,stationary
1777862,0.0251,0.0027,0.9938,0.1575,-0.0350,0.2188,1001.5679,stationary
1777922,0.0261,0.0044,0.9946,0.1225,0.1138,0.2625,1001.5669,stationary
1777982,0.0251,0.0049,0.9943,0.2887,0.1750,0.2537,1001.5696,stationary
1778042,0.0234,0.0061,0.9948,0.1400,-0.0088,0.2450,1001.5718,stationary
1778102,0.0249,0.0059,0.9955,0.2537,0.0787,0.2275,1001.5710,stationary
1778162,0.0258,0.0076,0.9964,0.1138,0.1575,0.2188,1001.5647,stationary
1778222,0.0262,0.0023,0.9948,0.0088,0.0613,0.2362,1001.5664,stationary
1778282,0.0258,0.0010,0.9936,0.1575,0.1138,0.1575,1001.5627,stationary
1778342,0.0241,0.0040,0.9938,0.3237,0.1838,0.2713,1001.5640,stationary
1778402,0.0249,0.0051,0.9989,0.2100,0.0700,0.1838,1001.5698,stationary
1778462,0.0264,0.0068,0.9936,0.2275,0.0962,0.2625,1001.5737,stationary
1778522,0.0268,0.0051,0.9934,0.0525,0.1400,0.2625,1001.5754,stationary
1778582,0.0252,0.0054,0.9943,0.1400,0.0962,0.2450,1001.5725,stationary
1778642,0.0242,0.0074,0.9964,0.2100,0.0350,0.2713,1001.5647,stationary
1778702,0.0246,0.0037,0.9965,0.0437,0.0525,0.2537,1001.5747,stationary
1778762,0.0264,0.0012,0.9936,0.2362,0.0875,0.1838,1001.5728,stationary
1778822,0.0252,0.0041,0.9950,0.1312,0.0962,0.1750,1001.5710,stationary
1778882,0.0268,0.0059,0.9955,0.1750,0.0437,0.1925,1001.5684,stationary
1778942,0.0262,0.0078,0.9960,0.1400,0.1312,0.2537,1001.5679,stationary
1779002,0.0237,0.0062,0.9979,0.0350,0.0787,0.2713,1001.5691,stationary
1779062,0.0239,0.0037,0.9929,0.1400,0.0962,0.1750,1001.5674,stationary
1779122,0.0237,0.0047,0.9950,0.2537,-0.1050,0.1750,1001.5703,stationary
1779182,0.0259,0.0052,0.9958,0.1663,0.0262,0.2625,1001.5762,stationary
1779242,0.0271,0.0041,0.9980,0.1838,0.1400,0.2887,1001.5750,stationary
1779302,0.0269,0.0068,0.9938,0.2713,0.1050,0.2188,1001.5757,stationary
1779362,0.0249,0.0068,0.9925,0.2013,0.0525,0.1838,1001.5706,stationary
1779422,0.0259,0.0053,0.9942,0.0262,0.0875,0.2450,1001.5688,stationary
1779482,0.0242,0.0029,0.9964,0.1225,0.0613,0.2625,1001.5757,stationary
1779542,0.0247,0.0032,0.9931,0.2100,0.1663,0.1400,1001.5759,stationary
1779602,0.0259,0.0046,0.9936,0.2100,0.0787,0.2100,1001.5713,stationary
1779662,0.0237,0.0075,0.9945,0.2887,0.0787,0.2013,1001.5659,stationary
1779722,0.0239,0.0061,0.9965,0.1838,0.1225,0.1750,1001.5747,stationary
1779782,0.0260,0.0048,0.9955,0.2188,0.1575,0.2537,1001.5723,stationary
1779842,0.0249,0.0041,0.9931,0.1400,-0.0175,0.1488,1001.5703,stationary
1779902,0.0259,0.0056,0.9921,0.2013,0.0613,0.2537,1001.5706,stationary
1779962,0.0268,0.0062,0.9967,0.2362,0.1663,0.2713,1001.5674,stationary
1780022,0.0262,0.0056,1.0021,0.2275,0.0700,0.2450,1001.5735,stationary
1780082,0.0228,0.0056,0.9919,0.1488,0.1138,0.1838,1001.5737,stationary
1780142,0.0265,0.0020,0.9963,0.1488,0.0613,0.2188,1001.5684,stationary
1780202,0.0283,0.0046,0.9963,0.2450,0.0175,0.2188,1001.5759,stationary
1780262,0.0242,0.0056,0.9946,0.1838,0.0875,0.1925,1001.5796,stationary
1780322,0.0254,0.0024,0.9946,0.1488,-0.0088,0.2975,1001.5786,stationary
1780382,0.0251,0.0066,0.9940,0.0787,0.1488,0.1838,1001.5742,stationary
1780442,0.0251,0.0046,0.9950,0.1575,0.0875,0.2013,1001.5759,stationary
1780502,0.0269,0.0037,0.9960,0.1750,0.0437,0.2362,1001.5698,stationary
1780562,0.0256,0.0085,0.9977,0.2537,0.0613,0.2625,1001.5686,stationary
1780622,0.0273,0.0031,0.9945,0.1488,0.0787,0.1925,1001.5688,stationary
1780682,0.0239,0.0046,0.9936,0.1138,0.2013,0.2537,1001.5659,stationary
1780742,0.0251,0.0056,0.9952,0.2013,0.1575,0.2188,1001.5742,stationary
1780802,0.0251,0.0044,0.9964,0.2188,0.0613,0.2713,1001.5720,stationary
1780862,0.0254,0.0063,0.9969,0.1400,0.0088,0.2362,1001.5706,stationary
1780922,0.0251,0.0054,0.9923,0.2362,0.1838,0.2100,1001.5740,stationary
1780982,0.0266,0.0044,0.9948,0.1050,0.0613,0.2100,1001.5703,stationary
1781042,0.0256,0.0043,0.9948,0.1488,0.1575,0.1925,1001.5718,stationary
1781102,0.0244,0.0044,0.9936,0.1750,0.2013,0.1925,1001.5750,stationary
1781162,0.0246,0.0066,0.9914,0.1750,-0.1050,0.2100,1001.5740,stationary
1781222,0.0254,0.0060,0.9972,0.2537,0.0088,0.2362,1001.5691,stationary
1781282,0.0261,0.0029,0.9977,0.0000,0.2275,0.2450,1001.5698,stationary
1781342,0.0268,0.0081,0.9924,0.1138,0.1312,0.2275,1001.5776,stationary
1781402,0.0244,0.0040,0.9955,0.1838,0.1050,0.2537,1001.5623,stationary
1781462,0.0213,0.0068,0.9948,0.1138,0.1225,0.2625,1001.5764,stationary
1781522,0.0251,0.0062,0.9960,0.2013,0.0613,0.2450,1001.5767,stationary
1781582,0.0278,0.0047,0.9926,0.0262,0.1838,0.2362,1001.5637,stationary
1781642,0.0300,0.0132,0.9968,0.3762,0.0525,0.1925,1001.5803,stationary
1781702,0.0265,0.0005,0.9938,0.0350,0.0262,0.2713,1001.5725,stationary
1781762,0.0227,0.0063,0.9935,0.1663,0.1312,0.2625,1001.5833,stationary
1781822,0.0257,0.0012,0.9951,0.2362,0.2013,0.2362,1001.5654,stationary
1781882,0.0268,0.0071,0.9963,0.1838,0.0437,0.2013,1001.5750,stationary
1781942,0.0242,0.0043,0.9952,0.1488,0.0175,0.2188,1001.5698,stationary
1782002,0.0239,0.0036,0.9963,0.2537,0.0350,0.1925,1001.5686,stationary
1782062,0.0253,0.0040,0.9948,0.1225,0.0613,0.2188,1001.5706,stationary
1782122,0.0264,0.0062,0.9962,0.2800,0.0962,0.2887,1001.5776,stationary
1782182,0.0247,0.0037,0.9943,0.1312,0.2537,0.2013,1001.5781,stationary
1782242,0.0248,0.0040,0.9958,0.1050,0.0437,0.2887,1001.5793,stationary
1782302,0.0242,0.0046,0.9943,0.2013,0.0787,0.1575,1001.5691,stationary
1782362,0.0251,0.0057,0.9945,0.1138,0.0525,0.2625,1001.5811,stationary
1782422,0.0257,0.0043,0.9960,0.1400,0.1400,0.2713,1001.5779,stationary
1782482,0.0251,0.0039,0.9967,0.2100,0.1050,0.2275,1001.5708,stationary
1782542,0.0262,0.0054,0.9953,0.1400,0.1225,0.2188,1001.5740,stationary
1782602,0.0254,0.0045,0.9939,0.1663,0.1312,0.2100,1001.5701,stationary
1782662,0.0256,0.0034,0.9951,0.1312,0.0962,0.1663,1001.5723,stationary
1782722,0.0251,0.0044,0.9968,0.2100,0.1225,0.2100,1001.5823,stationary
1782782,0.0261,0.0007,0.9956,0.0875,0.0875,0.2013,1001.5759,stationary
1782842,0.0251,0.0090,0.9946,0.1575,0.1050,0.2975,1001.5811,stationary
1782902,0.0258,0.0023,0.9955,0.1838,0.0088,0.1925,1001.5806,stationary
1782962,0.0247,0.0052,0.9956,0.0088,0.0525,0.2450,1001.5889,stationary
1783022,0.0259,0.0059,0.9950,0.2188,0.1138,0.2100,1001.5798,stationary
1783082,0.0259,0.0029,0.9953,0.1225,0.1225,0.2013,1001.5830,stationary
1783142,0.0234,0.0043,0.9963,0.1925,0.0088,0.2450,1001.5745,stationary
1783202,0.0256,0.0051,0.9945,0.2188,0.0875,0.2625,1001.5693,stationary
1783262,0.0256,0.0073,0.9960,0.1750,0.0525,0.2450,1001.5723,stationary
1783322,0.0242,0.0066,0.9965,0.1750,0.0613,0.2625,1001.5708,stationary
1783382,0.0254,0.0057,0.9953,0.1138,0.1925,0.2713,1001.5759,stationary
1783442,0.0259,0.0058,0.9943,0.1225,0.0962,0.1663,1001.5811,stationary
1783502,0.0253,0.0029,0.9936,0.1575,0.1050,0.2537,1001.5769,stationary
1783562,0.0249,0.0046,0.9959,0.1225,0.0437,0.2537,1001.5674,stationary
1783622,0.0246,0.0056,0.9938,0.2537,0.0962,0.2275,1001.5718,stationary
1783682,0.0264,0.0054,0.9950,0.2275,0.1225,0.1838,1001.5771,stationary
1783742,0.0256,0.0068,0.9941,0.1225,0.1925,0.2625,1001.5684,stationary
1783802,0.0242,0.0038,0.9945,0.2188,0.0262,0.2275,1001.5735,stationary
1783862,0.0241,0.0049,0.9953,0.1400,0.0700,0.2975,1001.5740,stationary
1783922,0.0229,0.0041,0.9940,0.2537,0.1750,0.1750,1001.5818,stationary
1783982,0.0259,0.0046,0.9936,0.2275,-0.0350,0.2537,1001.5737,stationary
1784042,0.0258,0.0056,0.9958,0.2800,0.0613,0.2275,1001.5706,stationary
1784102,0.0243,0.0051,0.9958,0.1488,0.1663,0.2275,1001.5737,stationary
1784162,0.0247,0.0049,0.9921,0.1312,0.0875,0.1400,1001.5757,stationary
1784222,0.0262,0.0051,0.9941,0.1225,0.0437,0.1838,1001.5688,stationary
1784282,0.0249,0.0038,0.9957,0.0962,0.0350,0.2013,1001.5813,stationary
1784342,0.0246,0.0043,0.9963,0.1488,0.1225,0.3063,1001.5742,stationary
1784402,0.0254,0.0048,0.9945,0.1575,0.0000,0.3063,1001.5603,stationary
1784462,0.0251,0.0046,0.9924,0.1488,0.0437,0.2275,1001.5718,stationary
1784522,0.0258,0.0059,0.9972,0.1312,0.0787,0.2188,1001.5688,stationary
1784582,0.0252,0.0047,0.9969,0.2450,0.1488,0.2275,1001.5715,stationary
1784642,0.0259,0.0034,0.9957,0.2362,0.0962,0.2013,1001.5818,stationary
1784702,0.0270,0.0051,0.9941,0.1488,0.0962,0.2625,1001.5850,stationary
1784762,0.0246,0.0056,0.9947,0.0437,0.1312,0.2275,1001.5769,stationary
1784822,0.0242,0.0066,0.9955,0.1663,0.0700,0.2362,1001.5813,stationary
1784882,0.0261,0.0060,0.9956,0.2362,-0.0262,0.1838,1001.5691,stationary
1784942,0.0254,0.0051,0.9959,0.1400,0.1050,0.2450,1001.5718,stationary
1785002,0.0252,0.0054,0.9958,0.2537,0.1312,0.2450,1001.5742,stationary
1785062,0.0254,0.0049,0.9966,0.2013,0.0525,0.2362,1001.5857,stationary
1785122,0.0242,0.0039,0.9938,0.1750,0.0613,0.1750,1001.5737,stationary
1785182,0.0256,0.0041,0.9967,0.1838,0.0525,0.2362,1001.5762,stationary
1785242,0.0268,0.0052,0.9953,0.0875,0.0700,0.2188,1001.5786,stationary
1785302,0.0254,0.0053,0.9941,0.0962,-0.0262,0.2188,1001.5786,stationary
1785362,0.0241,0.0063,0.9957,0.2013,0.0962,0.2275,1001.5752,stationary
1785422,0.0254,0.0041,0.9956,0.2188,0.1050,0.2100,1001.5752,stationary
1785482,0.0269,0.0051,0.9955,0.2275,0.0088,0.2450,1001.5747,stationary
1785542,0.0248,0.0051,0.9933,0.1838,0.1663,0.2713,1001.5762,stationary
1785602,0.0246,0.0054,0.9941,0.2450,0.1312,0.2188,1001.5769,stationary
1785662,0.0237,0.0066,0.9967,0.1050,0.0787,0.2537,1001.5703,stationary
1785722,0.0256,0.0037,0.9955,0.0613,0.0175,0.2275,1001.5740,stationary
1785782,0.0264,0.0066,0.9950,0.1750,0.1663,0.2275,1001.5730,stationary
1785842,0.0264,0.0060,0.9948,0.1575,0.0875,0.2100,1001.5803,stationary
1785902,0.0244,0.0051,0.9945,0.2100,0.1488,0.2537,1001.5803,stationary
1785962,0.0263,0.0040,0.9966,0.0700,0.1312,0.2013,1001.5781,stationary
1786022,0.0254,0.0057,0.9938,0.2013,0.0175,0.1925,1001.5740,stationary
1786082,0.0261,0.0046,0.9948,0.1575,0.1225,0.2713,1001.5701,stationary
1786142,0.0257,0.0044,0.9943,0.2100,0.0613,0.2450,1001.5696,stationary
1786202,0.0254,0.0049,0.9953,0.1750,-0.0350,0.2450,1001.5740,stationary
1786262,0.0261,0.0046,0.9948,0.1838,0.0700,0.2450,1001.5803,stationary
1786322,0.0267,0.0049,0.9938,0.1400,0.0525,0.2625,1001.5784,stationary
1786382,0.0244,0.0049,0.9961,0.1663,0.0613,0.2013,1001.5684,stationary
1786442,0.0251,0.0062,0.9950,0.1663,0.1663,0.2362,1001.5796,stationary
1786502,0.0253,0.0045,0.9938,0.1575,0.0175,0.2450,1001.5762,stationary
1786562,0.0251,0.0034,0.9945,0.1225,0.1050,0.2537,1001.5708,stationary
1786622,0.0273,0.0041,0.9948,0.2188,0.0787,0.2362,1001.5737,stationary
1786682,0.0256,0.0040,0.9941,0.2013,0.1050,0.2450,1001.5764,stationary
1786742,0.0259,0.0040,0.9953,0.1750,-0.0088,0.2800,1001.5750,stationary
1786802,0.0256,0.0049,0.9952,0.2537,0.0875,0.1925,1001.5820,stationary
1786862,0.0266,0.0038,0.9965,0.1663,0.0613,0.2362,1001.5791,stationary
1786922,0.0237,0.0056,0.9958,0.1838,0.0350,0.1663,1001.5754,stationary
1786982,0.0256,0.0040,0.9943,0.2013,0.0875,0.2450,1001.5730,stationary
1787042,0.0258,0.0035,0.9916,0.1312,0.1138,0.2450,1001.5845,stationary
1787102,0.0266,0.0048,0.9948,0.1575,0.0613,0.2887,1001.5728,stationary
1787162,0.0245,0.0046,0.9951,0.2100,0.0875,0.2362,1001.5723,stationary
1787222,0.0263,0.0044,0.9935,0.2188,0.0700,0.2013,1001.5789,stationary
1787282,0.0270,0.0059,0.9945,0.1312,0.1575,0.2450,1001.5767,stationary
1787342,0.0251,0.0029,0.9963,0.1400,0.0962,0.2450,1001.5720,stationary
1787402,0.0251,0.0046,0.9953,0.2275,0.1225,0.2100,1001.5793,stationary
1787462,0.0246,0.0053,0.9966,0.1138,0.1312,0.2713,1001.5823,stationary
1787522,0.0253,0.0068,0.9953,0.1838,0.0875,0.2537,1001.5762,stationary
1787582,0.0253,0.0054,0.9948,0.1488,0.0350,0.2450,1001.5742,stationary
1787642,0.0245,0.0054,0.9975,0.1575,0.1575,0.2537,1001.5732,stationary
1787702,0.0246,0.0061,0.9950,0.1138,0.0525,0.2537,1001.5796,stationary
1787762,0.0264,0.0049,0.9945,0.1663,0.1050,0.2713,1001.5767,stationary
1787822,0.0254,0.0057,0.9945,0.2100,0.1050,0.2100,1001.5735,stationary
1787882,0.0251,0.0056,0.9941,0.1663,0.1138,0.2450,1001.5811,stationary
1787942,0.0254,0.0066,0.9951,0.1400,0.0175,0.2450,1001.5806,stationary
1788002,0.0266,0.0041,0.9963,0.0875,0.0875,0.2013,1001.5757,stationary
1788062,0.0249,0.0044,0.9939,0.1312,0.1312,0.2713,1001.5771,stationary
1788122,0.0268,0.0051,0.9943,0.2537,0.0437,0.2100,1001.5725,stationary
1788182,0.0263,0.0049,0.9955,0.0875,0.0700,0.2887,1001.5798,stationary
1788242,0.0251,0.0056,0.9948,0.2188,0.0262,0.2013,1001.5767,stationary
1788302,0.0251,0.0068,0.9945,0.2100,0.1138,0.2450,1001.5750,stationary
1788362,0.0249,0.0042,0.9933,0.1400,0.0437,0.2625,1001.5669,stationary
1788422,0.0259,0.0049,0.9950,0.1488,0.1400,0.2450,1001.5828,stationary
1788482,0.0249,0.0048,0.9960,0.1575,0.1138,0.2975,1001.5754,stationary
1788542,0.0261,0.0046,0.9953,0.2100,-0.0350,0.1575,1001.5737,stationary
1788602,0.0248,0.0054,0.9948,0.1750,0.0875,0.2188,1001.5769,stationary
1788662,0.0254,0.0038,0.9945,0.0962,0.1575,0.2713,1001.5725,stationary
1788722,0.0244,0.0045,0.9958,0.2537,0.1400,0.2537,1001.5820,stationary
1788782,0.0251,0.0045,0.9944,0.1838,0.0962,0.2625,1001.5781,stationary
1788842,0.0253,0.0046,0.9928,0.2362,0.0787,0.1925,1001.5815,stationary
1788902,0.0249,0.0042,0.9940,0.2100,0.1312,0.2537,1001.5854,stationary
1788962,0.0249,0.0059,0.9957,0.1312,0.1488,0.2013,1001.5801,stationary
1789022,0.0266,0.0053,0.9931,0.1400,0.0875,0.2013,1001.5730,stationary
1789082,0.0239,0.0059,0.9946,0.2537,0.1488,0.2100,1001.5796,stationary
1789142,0.0249,0.0056,0.9957,0.1050,0.1312,0.2362,1001.5754,stationary
1789202,0.0262,0.0049,0.9941,0.1750,0.1312,0.1925,1001.5752,stationary
1789262,0.0246,0.0037,0.9953,0.1750,0.0262,0.2188,1001.5813,stationary
1789322,0.0256,0.0049,0.9941,0.2013,0.1575,0.2275,1001.5823,stationary
1789382,0.0248,0.0058,0.9956,0.2625,0.1138,0.2625,1001.5708,stationary
1789442,0.0257,0.0046,0.9959,0.2100,0.0962,0.2362,1001.5835,stationary
1789502,0.0246,0.0044,0.9950,0.2537,0.0525,0.2537,1001.5828,stationary
1789562,0.0271,0.0059,0.9958,0.1838,0.0175,0.2275,1001.5801,stationary
1789622,0.0251,0.0049,0.9946,0.1488,0.0787,0.2537,1001.5818,stationary
1789682,0.0261,0.0041,0.9955,0.1838,0.0787,0.2625,1001.5703,stationary
1789742,0.0256,0.0026,0.9951,0.1750,-0.0175,0.2537,1001.5769,stationary
1789802,0.0260,0.0057,0.9950,0.1312,0.0262,0.2800,1001.5820,stationary
1789862,0.0260,0.0056,0.9955,0.2625,0.1050,0.2450,1001.5745,stationary
1789922,0.0251,0.0024,0.9934,0.2625,0.0525,0.2537,1001.5811,stationary
1789982,0.0242,0.0041,0.9962,0.1663,0.0962,0.2100,1001.5806,stationary
1790042,0.0251,0.0061,0.9953,0.0700,-0.0088,0.1925,1001.5835,stationary
1790102,0.0242,0.0064,0.9945,0.2362,0.0437,0.2188,1001.5723,stationary
1790162,0.0239,0.0054,0.9931,0.1138,0.0613,0.2362,1001.5793,stationary
1790222,0.0262,0.0057,0.9955,0.1575,0.1138,0.2275,1001.5767,stationary
1790282,0.0276,0.0047,0.9955,0.2537,0.1400,0.2975,1001.5854,stationary
1790342,0.0271,0.0066,0.9931,0.1225,0.1050,0.2450,1001.5854,stationary
1790402,0.0248,0.0040,0.9946,0.2713,0.1138,0.2013,1001.5684,stationary
1790462,0.0234,0.0024,0.9972,0.0875,0.0962,0.2275,1001.5823,stationary
1790522,0.0229,0.0088,0.9963,0.1925,-0.0262,0.2450,1001.5793,stationary
1790582,0.0270,0.0047,0.9925,0.2362,0.0350,0.1750,1001.5833,stationary
1790642,0.0261,0.0064,0.9938,0.1312,0.0175,0.2275,1001.5757,stationary
1790702,0.0263,0.0052,0.9948,0.1138,0.0875,0.2450,1001.5781,stationary
1790762,0.0254,0.0015,0.9967,0.0437,0.0613,0.2537,1001.5784,stationary
1790822,0.0246,0.0056,0.9960,0.1663,0.0700,0.2275,1001.5767,stationary
1790882,0.0239,0.0054,0.9867,0.1400,0.2188,0.2188,1001.5715,stationary
1790942,0.0170,-0.0014,0.9865,-0.2625,-0.1575,0.2188,1001.5728,stationary
1791002,0.0247,-0.0007,0.9919,0.2013,0.2800,0.2800,1001.5745,stationary
1791062,0.0279,0.0088,0.9963,0.1312,0.2800,0.2100,1001.5806,stationary
1791122,0.0259,-0.0019,0.9951,0.0088,0.0875,0.2362,1001.5876,stationary
1791182,0.0246,0.0017,0.9942,0.2013,0.0350,0.2537,1001.5771,stationary
1791242,0.0234,0.0044,0.9923,0.2887,0.1400,0.2100,1001.5740,stationary
1791302,0.0251,0.0083,0.9938,0.1312,0.0525,0.2362,1001.5828,stationary
1791362,0.0251,0.0074,0.9958,0.2275,0.1312,0.2713,1001.5745,stationary
1791422,0.0265,0.0040,0.9967,0.0700,0.0088,0.2537,1001.5825,stationary
1791482,0.0275,0.0014,0.9968,0.1050,0.1138,0.1750,1001.5764,stationary
1791542,0.0261,0.0032,0.9953,0.0962,0.0000,0.2362,1001.5764,stationary
1791602,0.0247,0.0061,0.9948,0.2450,0.0000,0.2625,1001.5713,stationary
1791662,0.0257,0.0066,0.9960,0.1663,0.0437,0.2188,1001.5801,stationary
1791722,0.0254,0.0056,0.9967,0.1400,0.0613,0.2362,1001.5710,stationary
1791782,0.0267,0.0036,0.9940,0.2275,0.1663,0.2450,1001.5845,stationary
1791842,0.0249,0.0027,0.9958,0.1400,0.1838,0.1925,1001.5808,stationary
1791902,0.0262,0.0046,0.9941,0.2537,0.1312,0.2275,1001.5784,stationary
1791962,0.0262,0.0054,0.9942,0.1663,0.1750,0.2362,1001.5876,stationary
1792022,0.0265,0.0077,0.9934,0.1750,0.0700,0.2887,1001.5820,stationary
1792082,0.0259,0.0061,0.9950,0.2013,0.1400,0.3063,1001.5728,stationary
1792142,0.0252,0.0052,0.9950,0.0525,0.1050,0.2450,1001.5825,stationary
1792202,0.0253,0.0029,0.9934,0.1312,0.0962,0.2713,1001.5867,stationary
1792262,0.0256,0.0046,0.9945,0.1488,0.0787,0.2188,1001.5779,stationary
1792322,0.0252,0.0042,0.9958,0.2537,0.0000,0.2275,1001.5867,stationary
1792382,0.0246,0.0059,0.9941,0.1138,0.1575,0.2625,1001.5688,stationary
1792442,0.0249,0.0058,0.9962,0.1575,0.0875,0.2188,1001.5686,stationary
1792502,0.0244,0.0057,0.9945,0.0700,0.0875,0.2100,1001.5920,stationary
1792562,0.0264,0.0037,0.9958,0.1750,0.1663,0.2887,1001.5828,stationary
1792622,0.0251,0.0044,0.9941,0.2188,0.0350,0.2013,1001.5803,stationary
1792682,0.0245,0.0063,0.9952,0.2275,0.1138,0.1925,1001.5869,stationary
1792742,0.0257,0.0060,0.9945,0.1312,0.1225,0.2887,1001.5742,stationary
1792802,0.0256,0.0061,0.9953,0.2013,0.0088,0.1750,1001.5869,stationary
1792862,0.0256,0.0040,0.9938,0.2625,0.0613,0.2537,1001.5715,stationary
1792922,0.0251,0.0061,0.9951,0.1312,0.0525,0.2362,1001.5752,stationary
1792982,0.0251,0.0052,0.9967,0.2625,0.0962,0.2013,1001.5771,stationary
1793042,0.0259,0.0037,0.9960,0.1312,0.0613,0.2625,1001.5815,stationary
1793102,0.0261,0.0054,0.9956,0.1663,0.0350,0.2100,1001.5872,stationary
1793162,0.0264,0.0049,0.9950,0.1838,0.1050,0.2537,1001.5903,stationary
1793222,0.0262,0.0051,0.9958,0.2450,0.1312,0.2100,1001.5728,stationary
1793282,0.0245,0.0046,0.9938,0.2100,0.0700,0.2188,1001.5869,stationary
1793342,0.0262,0.0056,0.9963,0.1488,0.0175,0.1838,1001.5771,stationary
1793402,0.0267,0.0061,0.9967,0.2362,0.0700,0.2013,1001.5840,stationary
1793462,0.0254,0.0056,0.9958,0.1400,0.0437,0.2275,1001.5859,stationary
1793522,0.0245,0.0059,0.9950,0.2188,0.0700,0.1488,1001.5679,stationary
1793582,0.0259,0.0054,0.9955,0.2013,0.0962,0.1925,1001.5730,stationary
1793642,0.0260,0.0058,0.9958,0.0613,0.0175,0.2362,1001.5757,stationary
1793702,0.0256,0.0047,0.9962,0.1750,0.1225,0.2013,1001.5723,stationary
1793762,0.0257,0.0054,0.9943,0.2275,0.1050,0.2188,1001.5759,stationary
1793822,0.0246,0.0054,0.9946,0.1838,0.2013,0.2887,1001.5845,stationary
1793882,0.0251,0.0049,0.9936,0.1838,0.1750,0.2625,1001.5676,stationary
1793942,0.0245,0.0061,0.9959,0.1663,0.0262,0.2100,1001.5740,stationary
1794002,0.0242,0.0052,0.9959,0.1838,0.1925,0.1750,1001.5630,stationary
1794062,0.0239,0.0044,0.9950,0.2537,0.0700,0.2100,1001.5686,stationary
1794122,0.0248,0.0046,0.9950,0.0875,0.0613,0.1838,1001.5664,stationary
1794182,0.0258,0.0049,0.9965,0.1663,0.0613,0.2800,1001.5769,stationary
1794242,0.0246,0.0054,0.9955,0.2713,-0.0262,0.2713,1001.5740,stationary
1794302,0.0271,0.0054,0.9936,0.1925,0.1312,0.2013,1001.5745,stationary
1794362,0.0256,0.0069,0.9952,0.2362,0.0613,0.3063,1001.5718,stationary
1794422,0.0246,0.0053,0.9953,0.2013,-0.0088,0.1925,1001.5676,stationary
1794482,0.0259,0.0058,0.9948,0.1750,0.1925,0.2713,1001.5762,stationary
1794542,0.0264,0.0059,0.9945,0.1050,0.0787,0.2188,1001.5684,stationary
1794602,0.0262,0.0044,0.9945,0.2275,0.0350,0.1838,1001.5732,stationary
1794662,0.0264,0.0031,0.9946,0.1750,0.1400,0.2625,1001.5735,stationary
1794722,0.0256,0.0052,0.9950,0.1050,0.0525,0.2275,1001.5725,stationary
1794782,0.0264,0.0041,0.9953,0.0875,0.0787,0.2188,1001.5735,stationary
1794842,0.0246,0.0037,0.9943,0.1750,0.0000,0.2188,1001.5730,stationary
1794902,0.0249,0.0051,0.9944,0.1663,0.1312,0.2887,1001.5715,stationary
1794962,0.0244,0.0064,0.9953,0.1575,0.0262,0.2450,1001.5693,stationary
1795022,0.0252,0.0037,0.9955,0.2537,0.0175,0.2537,1001.5742,stationary
1795082,0.0256,0.0060,0.9961,0.2013,0.0700,0.2975,1001.5811,stationary
1795142,0.0254,0.0054,0.9946,0.1750,0.1050,0.2625,1001.5732,stationary
1795202,0.0271,0.0051,0.9948,0.1750,0.0700,0.1838,1001.5752,stationary
1795262,0.0252,0.0047,0.9950,0.1225,0.1312,0.2188,1001.5728,stationary
1795322,0.0242,0.0044,0.9953,0.1750,0.0962,0.1838,1001.5718,stationary
1795382,0.0264,0.0041,0.9944,0.1663,-0.0262,0.2013,1001.5752,stationary
1795442,0.0249,0.0057,0.9953,0.2013,0.1575,0.2275,1001.5713,stationary
1795502,0.0249,0.0038,0.9946,0.1488,0.0525,0.1925,1001.5728,stationary
1795562,0.0251,0.0048,0.9950,0.1925,0.1488,0.2100,1001.5750,stationary
1795622,0.0259,0.0054,0.9955,0.1050,0.0787,0.2625,1001.5723,stationary
1795682,0.0237,0.0039,0.9941,0.2450,0.0787,0.2275,1001.5750,stationary
1795742,0.0241,0.0045,0.9931,0.1750,0.1225,0.1838,1001.5781,stationary
1795802,0.0259,0.0031,0.9955,0.1400,0.1225,0.2713,1001.5798,stationary
1795862,0.0256,0.0052,0.9928,0.1400,0.0262,0.2013,1001.5786,stationary
1795922,0.0254,0.0041,0.9951,0.1663,0.0787,0.2625,1001.5725,stationary
1795982,0.0264,0.0032,0.9945,0.0875,0.1400,0.2537,1001.5669,stationary
1796042,0.0256,0.0052,0.9970,0.1050,0.0787,0.2100,1001.5698,stationary
1796102,0.0256,0.0041,0.9961,0.2362,0.1138,0.2450,1001.5725,stationary
1796162,0.0252,0.0052,0.9933,0.1225,0.0962,0.1750,1001.5740,stationary
1796222,0.0262,0.0049,0.9940,0.1050,0.0437,0.1663,1001.5764,stationary
1796282,0.0254,0.0051,0.9956,0.1400,0.1312,0.2625,1001.5713,stationary
1796342,0.0254,0.0054,0.9962,0.2100,0.1575,0.2275,1001.5730,stationary
1796402,0.0256,0.0056,0.9942,0.1050,0.1400,0.2188,1001.5803,stationary
1796462,0.0261,0.0048,0.9961,0.1400,0.1225,0.2800,1001.5740,stationary
1796522,0.0254,0.0049,0.9948,0.1575,0.1225,0.2275,1001.5803,stationary
1796582,0.0243,0.0054,0.9933,0.2188,0.0962,0.1575,1001.5842,stationary
1796642,0.0256,0.0051,0.9955,0.1488,0.1225,0.1838,1001.5828,stationary
1796702,0.0259,0.0051,0.9945,0.1838,0.1312,0.1575,1001.5764,stationary
1796762,0.0257,0.0053,0.9941,0.1050,0.0262,0.2275,1001.5750,stationary
1796822,0.0256,0.0037,0.9933,0.1750,0.0088,0.1838,1001.5818,stationary
1796882,0.0268,0.0056,0.9940,0.2625,0.1312,0.2537,1001.5750,stationary
1796942,0.0239,0.0053,0.9953,0.1488,0.1488,0.2800,1001.5793,stationary
1797002,0.0246,0.0027,0.9940,0.1400,0.0000,0.2275,1001.5764,stationary
1797062,0.0264,0.0068,0.9948,0.1663,0.2100,0.2188,1001.5706,stationary
1797122,0.0253,0.0061,0.9955,0.1400,0.1050,0.2450,1001.5801,stationary
1797182,0.0251,0.0046,0.9958,0.1750,0.2537,0.2887,1001.5840,stationary
1797242,0.0258,0.0039,0.9958,0.2100,0.0350,0.2625,1001.5725,stationary
1797302,0.0259,0.0054,0.9953,0.2100,0.0088,0.2450,1001.5796,stationary
1797362,0.0262,0.0043,0.9955,0.1750,0.1225,0.2275,1001.5798,stationary
1797422,0.0248,0.0054,0.9939,0.1400,0.1663,0.2450,1001.5767,stationary
1797482,0.0263,0.0037,0.9960,0.1400,0.0613,0.2625,1001.5767,stationary
1797542,0.0258,0.0044,0.9931,0.1312,0.1488,0.1838,1001.5747,stationary
1797602,0.0251,0.0045,0.9947,0.1838,0.0175,0.2188,1001.5750,stationary
1797662,0.0261,0.0048,0.9966,0.1663,0.0262,0.2362,1001.5776,stationary
1797722,0.0257,0.0071,0.9953,0.2100,0.1925,0.2625,1001.5771,stationary
1797782,0.0256,0.0063,0.9935,0.2100,0.0437,0.2362,1001.5725,stationary
1797842,0.0254,0.0038,0.9948,0.1312,0.1225,0.2713,1001.5767,stationary
1797902,0.0257,0.0069,0.9953,0.1400,0.0875,0.2275,1001.5811,stationary
1797962,0.0254,0.0053,0.9953,0.2188,0.0437,0.3150,1001.5789,stationary
1798022,0.0271,0.0044,0.9941,0.1312,0.0787,0.2275,1001.5813,stationary
1798082,0.0256,0.0052,0.9953,0.1575,0.0525,0.2188,1001.5767,stationary
1798142,0.0254,0.0066,0.9957,0.2362,0.0700,0.2362,1001.5872,stationary
1798202,0.0271,0.0059,0.9946,0.1138,0.1838,0.2013,1001.5764,stationary
1798262,0.0241,0.0047,0.9945,0.1925,0.0437,0.2537,1001.5754,stationary
1798322,0.0251,0.0051,0.9950,0.2013,0.0787,0.2625,1001.5771,stationary
1798382,0.0249,0.0037,0.9952,0.1838,0.0525,0.2450,1001.5784,stationary
1798442,0.0256,0.0045,0.9947,0.1575,0.0613,0.1925,1001.5820,stationary
1798502,0.0259,0.0054,0.9955,0.2450,0.0350,0.2275,1001.5771,stationary
1798562,0.0256,0.0056,0.9955,0.2100,0.0262,0.2013,1001.5757,stationary
1798622,0.0247,0.0051,0.9960,0.2013,0.0962,0.2100,1001.5732,stationary
1798682,0.0246,0.0044,0.9950,0.1312,0.0175,0.2100,1001.5735,stationary
1798742,0.0254,0.0049,0.9947,0.1750,0.1050,0.2275,1001.5771,stationary
1798802,0.0252,0.0048,0.9953,0.0262,0.0613,0.1663,1001.5769,stationary
1798862,0.0242,0.0058,0.9935,0.1488,0.0787,0.2537,1001.5859,stationary
1798922,0.0251,0.0051,0.9958,0.1663,0.2275,0.2275,1001.5757,stationary
1798982,0.0259,0.0054,0.9947,0.0962,0.1050,0.2188,1001.5771,stationary
1799042,0.0249,0.0054,0.9959,0.1575,0.2100,0.2275,1001.5725,stationary
1799102,0.0259,0.0043,0.9957,0.1663,0.1225,0.2362,1001.5767,stationary
1799162,0.0246,0.0039,0.9944,0.1925,0.1488,0.2013,1001.5662,stationary
1799222,0.0246,0.0059,0.9933,0.1488,0.0700,0.2188,1001.5796,stationary
1799282,0.0251,0.0056,0.9957,0.2100,0.1663,0.2450,1001.5793,stationary
1799342,0.0259,0.0051,0.9941,0.1225,0.1225,0.2188,1001.5767,stationary
1799402,0.0251,0.0046,0.9955,0.1838,0.0700,0.2625,1001.5796,stationary
1799462,0.0269,0.0044,0.9936,0.0787,0.1312,0.2537,1001.5791,stationary
1799522,0.0258,0.0054,0.9958,0.1663,0.0437,0.1925,1001.5759,stationary
1799582,0.0256,0.0063,0.9941,0.0962,-0.0175,0.2625,1001.5740,stationary
1799642,0.0252,0.0037,0.9948,0.0962,0.0437,0.1750,1001.5789,stationary
1799702,0.0252,0.0039,0.9953,0.2013,0.0962,0.2450,1001.5767,stationary
1799762,0.0246,0.0051,0.9939,0.2275,0.0000,0.1925,1001.5823,stationary
1799822,0.0247,0.0045,0.9961,0.1575,0.0262,0.1838,1001.5781,stationary
1799882,0.0254,0.0039,0.9940,0.1312,0.1050,0.2188,1001.5779,stationary
1799942,0.0256,0.0046,0.9958,0.1488,0.1225,0.1838,1001.5784,stationary
1800002,0.0265,0.0048,0.9963,0.2275,0.0262,0.2100,1001.5825,stationary
1800062,0.0251,0.0051,0.9936,0.1750,-0.0175,0.2188,1001.5811,stationary
1800122,0.0247,0.0051,0.9945,0.1225,0.1225,0.2450,1001.5730,stationary
1800182,0.0266,0.0049,0.9953,0.1050,0.1138,0.2362,1001.5774,stationary
1800242,0.0270,0.0039,0.9953,0.1400,0.2013,0.2013,1001.5818,stationary
1800302,0.0261,0.0054,0.9950,0.2100,0.0088,0.3325,1001.5696,stationary
1800362,0.0254,0.0059,0.9955,0.1312,0.1575,0.2100,1001.5764,stationary
1800422,0.0253,0.0056,0.9961,0.2275,0.1138,0.2625,1001.5847,stationary
1800482,0.0274,0.0056,0.9941,0.1838,0.0962,0.2100,1001.5840,stationary
1800542,0.0258,0.0066,0.9952,0.2013,0.0262,0.2362,1001.5820,stationary
1800602,0.0242,0.0037,0.9952,0.2362,0.0437,0.2450,1001.5891,stationary
1800662,0.0259,0.0054,0.9953,0.2275,0.0700,0.2188,1001.5754,stationary
1800722,0.0259,0.0059,0.9943,0.1750,0.0350,0.2275,1001.5774,stationary
1800782,0.0262,0.0052,0.9950,0.1750,0.1312,0.2013,1001.5798,stationary
1800842,0.0256,0.0045,0.9936,0.1312,0.1225,0.2100,1001.5747,stationary
1800902,0.0254,0.0066,0.9957,0.2362,0.0875,0.2100,1001.5684,stationary
1800962,0.0258,0.0053,0.9942,0.1750,0.1400,0.2100,1001.5825,stationary
1801022,0.0246,0.0041,0.9963,0.2625,0.0525,0.2625,1001.5662,stationary
1801082,0.0254,0.0054,0.9958,0.1925,0.0437,0.2188,1001.5779,stationary
1801142,0.0254,0.0039,0.9931,0.1225,0.0525,0.2362,1001.5784,stationary
1801202,0.0254,0.0051,0.9938,0.1488,0.1925,0.2275,1001.5820,stationary
1801262,0.0253,0.0054,0.9959,0.1750,0.0437,0.2537,1001.5898,stationary
1801322,0.0246,0.0070,0.9958,0.2713,-0.0613,0.2013,1001.5881,stationary
1801382,0.0253,0.0056,0.9943,0.1750,0.1225,0.2713,1001.5786,stationary
1801442,0.0249,0.0044,0.9945,0.2275,0.0525,0.3150,1001.5864,stationary
1801502,0.0256,0.0052,0.9943,0.2275,-0.0350,0.1488,1001.5679,stationary
1801562,0.0258,0.0049,0.9933,0.2275,0.1312,0.2275,1001.5735,stationary
1801622,0.0253,0.0051,0.9946,0.1663,0.1225,0.2188,1001.5857,stationary
1801682,0.0259,0.0063,0.9973,0.2188,0.0613,0.2450,1001.5742,stationary
1801742,0.0264,0.0036,0.9948,0.1575,0.0613,0.2275,1001.5652,stationary
1801802,0.0254,0.0056,0.9953,0.1750,0.1663,0.1750,1001.5750,stationary
1801862,0.0256,0.0063,0.9948,0.2537,0.1575,0.2188,1001.5762,stationary
1801922,0.0254,0.0049,0.9943,0.1663,0.0875,0.2100,1001.5791,stationary
1801982,0.0268,0.0054,0.9955,0.1663,0.1138,0.2713,1001.5847,stationary
1802042,0.0267,0.0042,0.9941,0.1225,0.0613,0.2188,1001.5759,stationary
1802102,0.0249,0.0047,0.9950,0.2013,0.0700,0.1575,1001.5723,stationary
1802162,0.0261,0.0046,0.9943,0.2100,0.0613,0.2537,1001.5789,stationary
1802222,0.0251,0.0044,0.9948,0.2362,0.0525,0.2625,1001.5708,stationary
1802282,0.0264,0.0035,0.9941,0.1225,0.1225,0.2188,1001.5767,stationary
1802342,0.0252,0.0045,0.9933,0.1225,0.0437,0.2800,1001.5750,stationary
1802402,0.0246,0.0031,0.9945,0.2100,0.1750,0.2537,1001.5823,stationary
1802462,0.0258,0.0054,0.9953,0.1925,0.1400,0.2100,1001.5801,stationary
1802522,0.0254,0.0057,0.9958,0.1312,0.0875,0.2362,1001.5791,stationary
1802582,0.0261,0.0032,0.9955,0.2188,0.1138,0.2537,1001.5798,stationary
1802642,0.0256,0.0071,0.9958,0.0700,0.1488,0.2450,1001.5776,stationary
1802702,0.0251,0.0026,0.9960,0.1225,0.1488,0.2100,1001.5771,stationary
1802762,0.0239,0.0073,0.9933,0.2450,0.1050,0.2362,1001.5691,stationary
1802822,0.0246,0.0037,0.9946,0.2887,0.1138,0.2362,1001.5867,stationary
1802882,0.0263,0.0053,0.9945,0.2013,0.0262,0.2800,1001.5693,stationary
1802942,0.0252,0.0040,0.9952,0.0787,0.0437,0.2887,1001.5825,stationary
1803002,0.0251,0.0063,0.9953,0.2800,0.1312,0.2362,1001.5781,stationary
1803062,0.0260,0.0048,0.9941,0.2362,-0.0175,0.2013,1001.5779,stationary
1803122,0.0261,0.0049,0.9953,0.2100,0.0437,0.2188,1001.5864,stationary
1803182,0.0262,0.0049,0.9963,0.1750,0.0700,0.2537,1001.5742,stationary
1803242,0.0261,0.0059,0.9948,0.2188,0.1312,0.2362,1001.5669,stationary
1803302,0.0249,0.0041,0.9963,0.2537,0.1050,0.2537,1001.5774,stationary
1803362,0.0251,0.0041,0.9945,0.2100,0.0437,0.3063,1001.5793,stationary
1803422,0.0254,0.0060,0.9955,0.1050,0.0875,0.2713,1001.5806,stationary
1803482,0.0260,0.0041,0.9945,0.1925,0.1400,0.1838,1001.5774,stationary
1803542,0.0252,0.0049,0.9939,0.2362,0.1050,0.2887,1001.5813,stationary
1803602,0.0246,0.0029,0.9940,0.1838,0.0962,0.2275,1001.5791,stationary
1803662,0.0237,0.0066,0.9956,0.2188,0.1575,0.2188,1001.5842,stationary
1803722,0.0257,0.0046,0.9955,0.1663,0.0525,0.2013,1001.5801,stationary
1803782,0.0256,0.0044,0.9956,0.1663,0.1663,0.2013,1001.5784,stationary
1803842,0.0244,0.0057,0.9973,0.3237,0.1663,0.2362,1001.5845,stationary
1803902,0.0263,0.0056,0.9960,0.1400,0.0787,0.1838,1001.5779,stationary
1803962,0.0251,0.0038,0.9944,0.1925,0.0962,0.2275,1001.5796,stationary
1804022,0.0242,0.0034,0.9944,0.2013,0.1050,0.2625,1001.5801,stationary
1804082,0.0259,0.0037,0.9965,0.1488,0.0350,0.2537,1001.5750,stationary
1804142,0.0252,0.0045,0.9936,0.1925,0.0875,0.1488,1001.5752,stationary
1804202,0.0266,0.0058,0.9945,0.2188,0.1312,0.2100,1001.5657,stationary
1804262,0.0256,0.0049,0.9958,0.0437,0.0700,0.2537,1001.5801,stationary
1804322,0.0262,0.0054,0.9953,0.2100,0.0262,0.2362,1001.5791,stationary
1804382,0.0264,0.0037,0.9956,0.1925,0.0525,0.2013,1001.5779,stationary
1804442,0.0270,0.0061,0.9948,0.1138,0.0525,0.2362,1001.5759,stationary
1804502,0.0249,0.0048,0.9948,0.1488,0.0787,0.2275,1001.5728,stationary
1804562,0.0259,0.0071,0.9940,0.2537,0.0525,0.2537,1001.5757,stationary
1804622,0.0262,0.0046,0.9945,0.1488,0.0525,0.2188,1001.5803,stationary
1804682,0.0268,0.0057,0.9950,0.1925,0.0350,0.2450,1001.5830,stationary
1804742,0.0252,0.0035,0.9941,0.1488,0.0787,0.2188,1001.5750,stationary
1804802,0.0239,0.0046,0.9948,0.1838,0.0437,0.2188,1001.5691,stationary
1804862,0.0259,0.0063,0.9939,0.1838,0.0350,0.2275,1001.5745,stationary
1804922,0.0260,0.0049,0.9952,0.1225,0.0962,0.2362,1001.5762,stationary
1804982,0.0246,0.0042,0.9941,0.1050,0.1050,0.2887,1001.5759,stationary
1805042,0.0254,0.0049,0.9950,0.1400,0.0350,0.1838,1001.5767,stationary
1805102,0.0254,0.0061,0.9936,0.1838,0.0088,0.2450,1001.5664,stationary
1805162,0.0257,0.0040,0.9931,0.1838,0.1488,0.1575,1001.5803,stationary
1805222,0.0232,0.0056,0.9960,0.1312,0.1138,0.2362,1001.5674,stationary
1805282,0.0269,0.0052,0.9938,0.2275,0.1225,0.2975,1001.5747,stationary
1805342,0.0251,0.0062,0.9957,0.1838,0.1663,0.2537,1001.5764,stationary
1805402,0.0251,0.0051,0.9950,0.2188,0.1050,0.2013,1001.5706,stationary
1805462,0.0242,0.0053,0.9928,0.2100,0.0525,0.2362,1001.5754,stationary
1805522,0.0256,0.0059,0.9956,0.1050,0.0962,0.2713,1001.5757,stationary
1805582,0.0266,0.0052,0.9958,0.1488,0.0962,0.2537,1001.5813,stationary
1805642,0.0246,0.0051,0.9945,0.1575,0.1575,0.2537,1001.5752,stationary
1805702,0.0254,0.0045,0.9950,0.1663,0.1050,0.2013,1001.5713,stationary
1805762,0.0249,0.0041,0.9944,0.2275,0.1400,0.2188,1001.5757,stationary
1805822,0.0278,0.0051,0.9960,0.1750,0.0525,0.2013,1001.5735,stationary
1805882,0.0252,0.0059,0.9939,0.1400,0.0787,0.2188,1001.5828,stationary
1805942,0.0246,0.0044,0.9963,0.1050,0.1225,0.2013,1001.5791,stationary
1806002,0.0248,0.0051,0.9933,0.1838,0.0437,0.2362,1001.5679,stationary
1806062,0.0247,0.0047,0.9950,0.2537,0.0525,0.2450,1001.5713,stationary
1806122,0.0257,0.0051,0.9969,0.0437,0.0962,0.2275,1001.5852,stationary
1806182,0.0251,0.0051,0.9953,0.1575,0.0700,0.2625,1001.5803,stationary
1806242,0.0246,0.0059,0.9955,0.0875,0.0088,0.2013,1001.5723,stationary
1806302,0.0246,0.0049,0.9947,0.1488,0.0787,0.2100,1001.5796,stationary
1806362,0.0249,0.0052,0.9953,0.1750,0.0613,0.2013,1001.5784,stationary
1806422,0.0259,0.0051,0.9948,0.0962,0.1488,0.2013,1001.5823,stationary
1806482,0.0269,0.0041,0.9948,0.1663,0.0000,0.2537,1001.5840,stationary
1806542,0.0256,0.0044,0.9964,0.1312,0.0350,0.2013,1001.5745,stationary
1806602,0.0242,0.0054,0.9941,0.1750,0.1488,0.2275,1001.5718,stationary
1806662,0.0251,0.0046,0.9936,0.1575,0.0525,0.2013,1001.5752,stationary
1806722,0.0249,0.0039,0.9950,0.1750,0.0787,0.1663,1001.5774,stationary
1806782,0.0256,0.0044,0.9953,0.2013,0.1312,0.2100,1001.5793,stationary
1806842,0.0256,0.0046,0.9961,0.1838,0.1225,0.2450,1001.5781,stationary
1806902,0.0249,0.0060,0.9943,0.1400,0.0700,0.2537,1001.5745,stationary
1806962,0.0249,0.0052,0.9972,0.1575,0.0962,0.2275,1001.5781,stationary
1807022,0.0261,0.0056,0.9955,0.1400,0.1050,0.2450,1001.5745,stationary
1807082,0.0259,0.0047,0.9941,0.1750,0.1050,0.1925,1001.5776,stationary
1807142,0.0261,0.0063,0.9936,0.0525,0.2013,0.2362,1001.5867,stationary
1807202,0.0242,0.0046,0.9945,0.2013,0.0875,0.2537,1001.5798,stationary
1807262,0.0246,0.0063,0.9943,0.1838,0.0262,0.2275,1001.5811,stationary
1807322,0.0237,0.0062,0.9950,0.1750,0.0700,0.2100,1001.5771,stationary
1807382,0.0237,0.0054,0.9955,0.1575,0.0613,0.2713,1001.5823,stationary
1807442,0.0251,0.0037,0.9958,0.1838,0.1312,0.2450,1001.5789,stationary
1807502,0.0264,0.0041,0.9967,0.1575,0.1488,0.2625,1001.5688,stationary
1807562,0.0246,0.0046,0.9941,0.1838,0.0962,0.2362,1001.5806,stationary
1807622,0.0246,0.0054,0.9958,0.1225,0.0787,0.2450,1001.5830,stationary
1807682,0.0257,0.0041,0.9955,0.0875,0.1225,0.2188,1001.5874,stationary
1807742,0.0256,0.0051,0.9945,0.1575,0.1750,0.2713,1001.5747,stationary
1807802,0.0262,0.0056,0.9945,0.1400,0.0613,0.1838,1001.5706,stationary
1807862,0.0260,0.0056,0.9955,0.0262,0.0787,0.2275,1001.5789,stationary
1807922,0.0257,0.0047,0.9950,0.2450,0.0000,0.2362,1001.5791,stationary
1807982,0.0259,0.0049,0.9927,0.1400,0.0787,0.2013,1001.5776,stationary
1808042,0.0256,0.0049,0.9936,0.1750,0.1750,0.2013,1001.5813,stationary
1808102,0.0251,0.0056,0.9960,0.1750,-0.0613,0.2362,1001.5764,stationary
1808162,0.0248,0.0049,0.9946,0.0875,0.1575,0.2275,1001.5815,stationary
1808222,0.0256,0.0045,0.9936,0.1925,0.1488,0.2275,1001.5781,stationary
1808282,0.0266,0.0049,0.9955,0.2188,0.0700,0.2713,1001.5845,stationary
1808342,0.0254,0.0041,0.9945,0.1312,0.1225,0.3325,1001.5784,stationary
1808402,0.0254,0.0049,0.9948,0.2013,0.1138,0.2100,1001.5789,stationary
1808462,0.0254,0.0045,0.9941,0.1838,0.0962,0.2362,1001.5864,stationary
1808522,0.0256,0.0054,0.9931,0.1750,0.0787,0.2100,1001.5825,stationary
1808582,0.0256,0.0039,0.9965,0.1750,0.0350,0.2100,1001.5703,stationary
1808642,0.0245,0.0061,0.9958,0.1225,0.0787,0.2362,1001.5845,stationary
1808702,0.0257,0.0041,0.9957,0.1750,0.0700,0.2100,1001.5793,stationary
1808762,0.0269,0.0034,0.9948,0.2188,0.0787,0.2362,1001.5803,stationary
1808822,0.0245,0.0049,0.9963,0.2013,0.2450,0.2362,1001.5828,stationary
1808882,0.0252,0.0049,0.9950,0.1663,0.0962,0.2450,1001.5759,stationary
1808942,0.0252,0.0044,0.9953,0.1225,0.0962,0.2013,1001.5815,stationary
1809002,0.0246,0.0034,0.9963,0.1050,0.1312,0.2275,1001.5789,stationary
1809062,0.0273,0.0073,0.9947,0.1138,0.0962,0.3063,1001.5847,stationary
1809122,0.0254,0.0046,0.9941,0.1400,0.1488,0.2800,1001.5830,stationary
1809182,0.0249,0.0061,0.9952,0.2275,0.1225,0.2275,1001.5864,stationary
1809242,0.0241,0.0057,0.9950,0.1750,0.1050,0.2537,1001.5845,stationary
1809302,0.0264,0.0044,0.9946,0.2013,0.0613,0.2713,1001.5713,stationary
1809362,0.0245,0.0056,0.9946,0.1925,0.1225,0.2887,1001.5781,stationary
1809422,0.0257,0.0046,0.9960,0.1925,0.0613,0.2188,1001.5793,stationary
1809482,0.0261,0.0071,0.9964,0.1312,0.1138,0.2362,1001.5786,stationary
1809542,0.0243,0.0046,0.9941,0.1400,0.1838,0.2188,1001.5725,stationary
1809602,0.0268,0.0037,0.9939,0.1925,0.0787,0.2275,1001.5801,stationary
1809662,0.0244,0.0048,0.9936,0.1750,0.0875,0.2537,1001.5806,stationary
1809722,0.0256,0.0053,0.9969,0.0000,0.1400,0.2625,1001.5742,stationary
1809782,0.0256,0.0045,0.9958,0.1488,0.1050,0.1750,1001.5754,stationary
1809842,0.0268,0.0035,0.9948,0.2625,0.0000,0.2275,1001.5659,stationary
1809902,0.0244,0.0066,0.9938,0.1925,0.0613,0.2887,1001.5769,stationary
1809962,0.0246,0.0052,0.9938,0.1488,0.1050,0.2275,1001.5786,stationary
1810022,0.0251,0.0065,0.9943,0.0962,0.0700,0.2537,1001.5771,stationary
1810082,0.0275,0.0060,0.9961,0.1925,0.1575,0.2275,1001.5686,stationary
1810142,0.0258,0.0051,0.9936,0.0962,0.0875,0.2100,1001.5732,stationary
1810202,0.0241,0.0059,0.9941,0.1050,0.1050,0.2450,1001.5757,stationary
1810262,0.0239,0.0044,0.9957,0.1050,0.1400,0.2450,1001.5779,stationary
1810322,0.0251,0.0060,0.9968,0.2100,0.0787,0.2625,1001.5750,stationary
1810382,0.0254,0.0037,0.9965,0.1488,0.0787,0.2013,1001.5735,stationary
1810442,0.0257,0.0042,0.9936,0.1138,0.0175,0.2537,1001.5718,stationary
1810502,0.0268,0.0046,0.9931,0.2100,0.1575,0.1838,1001.5803,stationary
1810562,0.0249,0.0057,0.9963,0.1400,-0.0262,0.2188,1001.5796,stationary
1810622,0.0237,0.0047,0.9965,0.2100,0.0962,0.2713,1001.5791,stationary
1810682,0.0267,0.0038,0.9938,0.1312,-0.0175,0.1925,1001.5867,stationary
1810742,0.0264,0.0056,0.9939,0.1488,0.0088,0.2887,1001.5771,stationary
1810802,0.0278,0.0041,0.9947,0.1575,0.0613,0.2275,1001.5769,stationary
1810862,0.0249,0.0054,0.9970,0.2275,0.0787,0.2713,1001.5830,stationary
1810922,0.0246,0.0038,0.9933,0.1575,0.1312,0.2100,1001.5776,stationary
1810982,0.0256,0.0062,0.9927,0.2100,0.0962,0.2537,1001.5671,stationary
1811042,0.0268,0.0044,0.9950,0.1050,0.0437,0.2537,1001.5803,stationary
1811102,0.0259,0.0049,0.9957,0.3675,0.0875,0.2800,1001.5811,stationary
1811162,0.0261,0.0035,0.9939,0.1663,0.0613,0.1663,1001.5769,stationary
1811222,0.0251,0.0059,0.9931,0.1925,0.1312,0.2362,1001.5732,stationary
1811282,0.0241,0.0053,0.9951,0.0787,0.0787,0.1925,1001.5796,stationary
1811342,0.0247,0.0044,0.9948,0.1575,0.1488,0.2362,1001.5825,stationary
1811402,0.0267,0.0073,0.9972,0.1575,0.0787,0.2537,1001.5820,stationary
1811462,0.0252,0.0062,0.9928,0.1575,0.0350,0.2100,1001.5815,stationary
1811522,0.0259,0.0056,0.9945,0.1488,0.0613,0.2713,1001.5798,stationary
1811582,0.0234,0.0041,0.9948,0.2013,0.1225,0.2013,1001.5764,stationary
1811642,0.0239,0.0044,0.9957,0.1663,0.1400,0.2362,1001.5808,stationary
1811702,0.0261,0.0063,0.9951,0.2188,0.0700,0.3150,1001.5762,stationary
1811762,0.0264,0.0043,0.9955,0.1838,0.0437,0.2362,1001.5830,stationary
1811822,0.0235,0.0054,0.9922,0.2362,0.0088,0.2362,1001.5781,stationary
1811882,0.0266,0.0051,0.9947,0.0787,0.0613,0.1925,1001.5781,stationary
1811942,0.0242,0.0044,0.9953,0.1925,-0.0437,0.2362,1001.5823,stationary
1812002,0.0257,0.0044,0.9953,0.1575,0.0875,0.2537,1001.5752,stationary
1812062,0.0264,0.0063,0.9933,0.2450,0.0175,0.2275,1001.5759,stationary
1812122,0.0254,0.0063,0.9936,0.1925,0.0437,0.2100,1001.5908,stationary
1812182,0.0263,0.0062,0.9917,0.1663,0.0962,0.1312,1001.5862,stationary
1812242,0.0240,0.0041,0.9970,0.1488,0.1312,0.2362,1001.5801,stationary
1812302,0.0258,0.0031,0.9945,0.1400,0.0613,0.2537,1001.5779,stationary
1812362,0.0254,0.0053,0.9965,0.1225,0.1225,0.2100,1001.5774,stationary
1812422,0.0266,0.0057,0.9956,0.1750,0.0875,0.2450,1001.5752,stationary
1812482,0.0268,0.0063,0.9948,0.1575,0.0613,0.2275,1001.5776,stationary
1812542,0.0254,0.0047,0.9940,0.0875,0.1838,0.2362,1001.5767,stationary
1812602,0.0254,0.0040,0.9939,0.1400,0.0962,0.2275,1001.5769,stationary
1812662,0.0251,0.0032,0.9948,0.1750,0.0350,0.2188,1001.5813,stationary
1812722,0.0256,0.0059,0.9955,0.2362,0.0000,0.1925,1001.5947,stationary
1812782,0.0264,0.0060,0.9933,0.2100,0.2275,0.2188,1001.5857,stationary
1812842,0.0251,0.0051,0.9956,0.2362,0.0787,0.2013,1001.5710,stationary
1812902,0.0244,0.0027,0.9955,0.1050,0.0525,0.2188,1001.5806,stationary
1812962,0.0254,0.0035,0.9941,0.1050,0.0700,0.2188,1001.5796,stationary
1813022,0.0249,0.0048,0.9941,0.1750,0.1663,0.2537,1001.5823,stationary
1813082,0.0262,0.0054,0.9977,0.1663,0.0088,0.2625,1001.5837,stationary
1813142,0.0254,0.0059,0.9947,0.2188,0.0350,0.2450,1001.5889,stationary
1813202,0.0254,0.0046,0.9953,0.1750,0.1138,0.2275,1001.5842,stationary
1813262,0.0242,0.0052,0.9950,0.1312,0.1050,0.2100,1001.5845,stationary
1813322,0.0258,0.0052,0.9950,0.1663,0.0700,0.2537,1001.5774,stationary
1813382,0.0261,0.0037,0.9958,0.0962,0.0613,0.2450,1001.5808,stationary
1813442,0.0266,0.0046,0.9967,0.0787,0.0875,0.2188,1001.5916,stationary
1813502,0.0259,0.0051,0.9953,0.2537,0.0350,0.2362,1001.5803,stationary
1813562,0.0231,0.0073,0.9955,0.1225,0.0787,0.2275,1001.5879,stationary
1813622,0.0261,0.0042,0.9947,0.2362,0.0962,0.1925,1001.5833,stationary
1813682,0.0261,0.0037,0.9941,0.1750,0.0787,0.2450,1001.5837,stationary
1813742,0.0256,0.0048,0.9945,0.1575,0.0875,0.1750,1001.5845,stationary
1813802,0.0244,0.0046,0.9959,0.0437,0.0613,0.2625,1001.5825,stationary
1813862,0.0249,0.0051,0.9958,0.2188,0.1050,0.2013,1001.5874,stationary
1813922,0.0232,0.0053,0.9943,0.1663,0.0875,0.2625,1001.5815,stationary
1813982,0.0259,0.0044,0.9945,0.2013,-0.0088,0.2275,1001.5884,stationary
1814042,0.0256,0.0052,0.9963,0.1488,0.0262,0.2013,1001.5879,stationary
1814102,0.0249,0.0046,0.9948,0.0962,0.0088,0.2713,1001.5886,stationary
1814162,0.0259,0.0052,0.9943,0.1838,0.0525,0.2013,1001.5857,stationary
1814222,0.0256,0.0059,0.9941,0.1488,0.1925,0.1925,1001.5852,stationary
1814282,0.0251,0.0048,0.9941,0.1663,0.0875,0.2275,1001.5820,stationary
1814342,0.0263,0.0049,0.9953,0.2362,0.0700,0.2362,1001.5857,stationary
1814402,0.0256,0.0039,0.9946,0.1575,0.1138,0.2275,1001.5869,stationary
1814462,0.0252,0.0056,0.9958,0.2013,0.0700,0.2450,1001.5869,stationary
1814522,0.0251,0.0061,0.9942,0.2887,0.0613,0.2013,1001.5769,stationary
1814582,0.0248,0.0054,0.9936,0.2100,0.0613,0.2013,1001.5862,stationary
1814642,0.0261,0.0054,0.9951,0.0787,0.0962,0.2362,1001.5864,stationary
1814702,0.0264,0.0046,0.9931,0.1663,0.0787,0.2013,1001.5784,stationary
1814762,0.0248,0.0044,0.9963,0.1138,0.0962,0.1838,1001.5828,stationary
1814822,0.0237,0.0053,0.9967,0.1400,0.1312,0.2188,1001.5935,stationary
1814882,0.0243,0.0054,0.9948,0.1925,0.0262,0.3063,1001.5869,stationary
1814942,0.0264,0.0063,0.9955,0.1663,0.1312,0.2362,1001.5813,stationary
1815002,0.0251,0.0071,0.9975,0.1400,0.0437,0.2100,1001.5713,stationary
1815062,0.0251,0.0043,0.9979,0.1925,0.1488,0.2800,1001.5847,stationary
1815122,0.0260,0.0041,0.9941,0.1925,0.1225,0.2362,1001.5859,stationary
1815182,0.0261,0.0051,0.9938,0.1312,0.0000,0.1838,1001.5891,stationary
1815242,0.0262,0.0051,0.9952,0.2975,0.0787,0.2013,1001.5762,stationary
1815302,0.0258,0.0066,0.9960,0.1925,0.0437,0.2800,1001.5881,stationary
1815362,0.0251,0.0051,0.9956,0.1663,0.1050,0.2188,1001.5801,stationary
1815422,0.0252,0.0051,0.9936,0.1925,0.1138,0.2275,1001.5850,stationary
1815482,0.0266,0.0049,0.9943,0.2100,0.0700,0.1663,1001.5837,stationary
1815542,0.0256,0.0054,0.9931,0.1750,0.0613,0.2362,1001.5730,stationary
1815602,0.0247,0.0049,0.9945,0.2188,0.1138,0.2013,1001.5850,stationary
1815662,0.0256,0.0049,0.9958,0.2275,0.2100,0.2362,1001.5713,stationary
1815722,0.0243,0.0049,0.9952,0.1925,0.1400,0.2800,1001.5762,stationary
1815782,0.0248,0.0058,0.9935,0.2013,0.0875,0.2275,1001.5823,stationary
1815842,0.0274,0.0056,0.9953,0.1663,0.1488,0.1925,1001.5718,stationary
1815902,0.0254,0.0053,0.9951,0.2537,0.0962,0.2100,1001.5884,stationary
1815962,0.0253,0.0046,0.9955,0.2450,0.0525,0.2450,1001.5862,stationary
1816022,0.0256,0.0051,0.9958,0.1488,0.1138,0.2450,1001.5818,stationary
1816082,0.0261,0.0066,0.9943,0.2450,0.1050,0.2713,1001.5776,stationary
1816142,0.0266,0.0053,0.9964,0.1663,0.0875,0.2100,1001.5920,stationary
1816202,0.0246,0.0066,0.9946,0.2100,0.0787,0.2450,1001.5889,stationary
1816262,0.0259,0.0049,0.9948,0.0787,-0.0437,0.2362,1001.5718,stationary
1816322,0.0254,0.0032,0.9948,0.1400,0.0175,0.2275,1001.5833,stationary
1816382,0.0251,0.0043,0.9953,0.2188,0.0437,0.2013,1001.5833,stationary
1816442,0.0248,0.0041,0.9957,0.1312,0.1400,0.2362,1001.5867,stationary
1816502,0.0256,0.0059,0.9945,0.2013,0.0700,0.2100,1001.5869,stationary
1816562,0.0253,0.0042,0.9947,0.1138,-0.0350,0.2362,1001.5796,stationary
1816622,0.0254,0.0054,0.9945,0.1400,0.0875,0.2625,1001.5806,stationary
1816682,0.0256,0.0046,0.9948,0.1750,0.0175,0.2537,1001.5793,stationary
1816742,0.0259,0.0049,0.9945,0.0962,0.0613,0.2362,1001.5913,stationary
1816802,0.0243,0.0043,0.9945,0.1663,0.0875,0.2275,1001.5845,stationary
1816862,0.0269,0.0037,0.9948,0.2537,0.0262,0.2362,1001.5930,stationary
1816922,0.0259,0.0046,0.9934,0.1575,0.0175,0.2275,1001.5767,stationary
1816982,0.0251,0.0058,0.9938,0.1838,0.1750,0.2100,1001.5820,stationary
1817042,0.0242,0.0061,0.9939,0.1663,0.0437,0.2713,1001.5789,stationary
1817102,0.0268,0.0032,0.9952,0.1312,0.0088,0.2188,1001.5793,stationary
1817162,0.0258,0.0056,0.9972,0.2013,0.1138,0.2013,1001.5906,stationary
1817222,0.0259,0.0045,0.9961,0.1312,0.0613,0.3150,1001.5728,stationary
1817282,0.0256,0.0041,0.9961,0.1488,0.0613,0.2800,1001.5728,stationary
1817342,0.0245,0.0058,0.9950,0.2275,0.0787,0.2975,1001.5884,stationary
1817402,0.0254,0.0051,0.9936,0.0962,0.1050,0.2450,1001.5823,stationary
1817462,0.0251,0.0054,0.9941,0.1575,0.2013,0.2275,1001.5850,stationary
1817522,0.0258,0.0056,0.9973,0.2100,0.1138,0.2275,1001.5833,stationary
1817582,0.0266,0.0052,0.9958,0.1838,0.0613,0.2188,1001.5803,stationary
1817642,0.0259,0.0044,0.9934,0.1138,0.0262,0.2625,1001.5898,stationary
1817702,0.0252,0.0057,0.9955,0.0962,0.0350,0.2013,1001.5901,stationary
1817762,0.0251,0.0059,0.9942,0.1050,0.1838,0.2887,1001.5835,stationary
1817822,0.0254,0.0041,0.9951,0.1050,0.0787,0.2013,1001.5859,stationary
1817882,0.0264,0.0060,0.9933,0.1575,0.0875,0.2537,1001.5754,stationary
1817942,0.0244,0.0057,0.9946,0.2537,0.1225,0.2362,1001.5864,stationary
1818002,0.0259,0.0040,0.9948,0.1312,0.1050,0.2537,1001.5867,stationary
1818062,0.0249,0.0041,0.9962,0.2362,0.0262,0.2362,1001.5845,stationary
1818122,0.0251,0.0056,0.9946,0.1488,0.1575,0.2362,1001.5852,stationary
1818182,0.0256,0.0051,0.9953,0.1488,-0.0350,0.2100,1001.5852,stationary
1818242,0.0242,0.0063,0.9941,0.1575,0.0962,0.1838,1001.5786,stationary
1818302,0.0254,0.0049,0.9952,0.1400,0.0350,0.2625,1001.5845,stationary
1818362,0.0268,0.0042,0.9953,0.1400,0.0613,0.2450,1001.5886,stationary
1818422,0.0244,0.0051,0.9948,0.1400,0.1138,0.2450,1001.5793,stationary
1818482,0.0254,0.0056,0.9960,0.1050,0.0613,0.2800,1001.5830,stationary
1818542,0.0264,0.0049,0.9936,0.1225,0.0525,0.2625,1001.5923,stationary
1818602,0.0254,0.0047,0.9950,0.1138,0.0700,0.2188,1001.5833,stationary
1818662,0.0264,0.0049,0.9948,0.0437,0.1050,0.2100,1001.5820,stationary
1818722,0.0251,0.0046,0.9945,0.1225,0.0262,0.2537,1001.5793,stationary
1818782,0.0268,0.0047,0.9948,0.2275,0.0787,0.2100,1001.5845,stationary
1818842,0.0264,0.0056,0.9945,0.2013,0.0613,0.1750,1001.5796,stationary
1818902,0.0263,0.0048,0.9953,0.2450,0.1225,0.2013,1001.5789,stationary
1818962,0.0248,0.0051,0.9967,0.2013,0.1488,0.2887,1001.5798,stationary
1819022,0.0256,0.0054,0.9965,0.2362,0.0962,0.2975,1001.5847,stationary
1819082,0.0276,0.0056,0.9917,0.1575,0.0700,0.1838,1001.5889,stationary
1819142,0.0256,0.0046,0.9953,0.1838,0.0875,0.2450,1001.5896,stationary
1819202,0.0242,0.0051,0.9963,0.1925,0.0350,0.2275,1001.5781,stationary
1819262,0.0257,0.0046,0.9953,0.1575,0.1312,0.2188,1001.5803,stationary
1819322,0.0257,0.0035,0.9953,0.1488,0.0613,0.2275,1001.5757,stationary
1819382,0.0259,0.0048,0.9941,0.1312,0.0962,0.2537,1001.5779,stationary
1819442,0.0252,0.0039,0.9951,0.1400,0.0262,0.2537,1001.5881,stationary
1819502,0.0262,0.0046,0.9951,0.1750,0.0787,0.2537,1001.5847,stationary
1819562,0.0239,0.0051,0.9941,0.2188,0.1400,0.2100,1001.5815,stationary
1819622,0.0245,0.0039,0.9941,0.1925,0.0962,0.2537,1001.5742,stationary
1819682,0.0253,0.0054,0.9950,0.1838,0.1138,0.2450,1001.5820,stationary
1819742,0.0246,0.0031,0.9950,0.1663,0.0787,0.2450,1001.5869,stationary
1819802,0.0253,0.0056,0.9947,0.2537,0.0437,0.1925,1001.5815,stationary
1819862,0.0246,0.0063,0.9953,0.1050,0.0088,0.1663,1001.5842,stationary
1819922,0.0245,0.0039,0.9942,0.1225,0.1050,0.2188,1001.5896,stationary
1819982,0.0256,0.0049,0.9953,0.1400,0.1312,0.2537,1001.5876,stationary
1820042,0.0267,0.0046,0.9946,0.1663,0.0962,0.1663,1001.5828,stationary
1820102,0.0259,0.0046,0.9945,0.2188,0.2275,0.1750,1001.5867,stationary
1820162,0.0262,0.0052,0.9964,0.0962,0.1050,0.1663,1001.5830,stationary
1820222,0.0260,0.0048,0.9955,0.1138,0.0088,0.2275,1001.5881,stationary
1820282,0.0248,0.0052,0.9944,0.1925,0.0000,0.2625,1001.5847,stationary
1820342,0.0242,0.0051,0.9953,0.1663,0.1575,0.2450,1001.5879,stationary
1820402,0.0269,0.0051,0.9958,0.0962,0.1138,0.1750,1001.5837,stationary
1820462,0.0244,0.0046,0.9943,0.1750,0.1575,0.2188,1001.5872,stationary
1820522,0.0249,0.0052,0.9948,0.1488,0.1925,0.2275,1001.5840,stationary
1820582,0.0242,0.0046,0.9953,0.1225,0.0962,0.1925,1001.5886,stationary
1820642,0.0246,0.0044,0.9960,0.1838,0.0962,0.2625,1001.5879,stationary
1820702,0.0253,0.0046,0.9955,0.2450,0.0613,0.2275,1001.5818,stationary
1820762,0.0256,0.0038,0.9955,0.1838,0.0350,0.3063,1001.5916,stationary
1820822,0.0273,0.0061,0.9948,0.1925,-0.0613,0.2450,1001.5801,stationary
1820882,0.0259,0.0049,0.9948,0.1750,0.1663,0.2450,1001.5889,stationary
1820942,0.0249,0.0056,0.9960,0.1838,0.1488,0.2275,1001.5801,stationary
1821002,0.0254,0.0059,0.9958,0.2013,0.0787,0.2188,1001.5825,stationary
1821062,0.0264,0.0046,0.9955,0.0875,0.0700,0.1575,1001.5835,stationary
1821122,0.0268,0.0056,0.9969,0.1750,0.1050,0.2450,1001.5862,stationary
1821182,0.0242,0.0059,0.9955,0.1575,0.0875,0.2013,1001.5803,stationary
1821242,0.0254,0.0046,0.9940,0.2975,0.0875,0.2537,1001.5825,stationary
1821302,0.0244,0.0056,0.9977,0.1400,0.0350,0.2887,1001.5864,stationary
1821362,0.0253,0.0044,0.9946,0.1138,0.1138,0.2188,1001.5796,stationary
1821422,0.0256,0.0038,0.9948,0.1575,0.1400,0.3063,1001.5845,stationary
1821482,0.0264,0.0051,0.9960,0.0962,0.0875,0.1750,1001.5811,stationary
1821542,0.0251,0.0049,0.9925,0.1663,0.0350,0.2275,1001.5813,stationary
1821602,0.0251,0.0056,0.9953,0.0175,0.0787,0.1663,1001.5791,stationary
1821662,0.0241,0.0049,0.9941,0.0613,0.1925,0.2975,1001.5947,stationary
1821722,0.0239,0.0059,0.9951,0.1312,0.0787,0.1663,1001.5869,stationary
1821782,0.0261,0.0046,0.9938,0.2362,0.0875,0.2275,1001.5879,stationary
1821842,0.0254,0.0044,0.9945,0.2362,-0.0350,0.2975,1001.5889,stationary
1821902,0.0243,0.0056,0.9950,0.2275,0.1225,0.2362,1001.5881,stationary
1821962,0.0259,0.0051,0.9948,0.1400,0.0088,0.2450,1001.5894,stationary
1822022,0.0256,0.0043,0.9955,0.2013,0.0875,0.1750,1001.5911,stationary
1822082,0.0242,0.0037,0.9950,0.1138,0.0700,0.2625,1001.5813,stationary
1822142,0.0263,0.0052,0.9962,0.1838,0.1925,0.2975,1001.5811,stationary
1822202,0.0264,0.0047,0.9955,0.2887,0.0787,0.2100,1001.5806,stationary
1822262,0.0249,0.0056,0.9942,0.2975,0.0525,0.2275,1001.5916,stationary
1822322,0.0249,0.0063,0.9941,0.1663,0.1138,0.2537,1001.5881,stationary
1822382,0.0259,0.0051,0.9955,0.1400,0.0350,0.2188,1001.5918,stationary
1822442,0.0256,0.0044,0.9963,0.1663,0.0525,0.2100,1001.5916,stationary
1822502,0.0273,0.0044,0.9948,0.1575,0.1050,0.2625,1001.5891,stationary
1822562,0.0268,0.0024,0.9955,0.1575,0.1488,0.2188,1001.5835,stationary
1822622,0.0256,0.0059,0.9955,0.1838,0.1138,0.1838,1001.5710,stationary
1822682,0.0242,0.0059,0.9945,0.1925,0.1138,0.2800,1001.5835,stationary
1822742,0.0237,0.0049,0.9953,0.2188,0.0088,0.2013,1001.5808,stationary
1822802,0.0267,0.0047,0.9953,0.1838,0.1400,0.2537,1001.5879,stationary
1822862,0.0275,0.0054,0.9946,0.2713,0.0262,0.2362,1001.5938,stationary
1822922,0.0259,0.0041,0.9952,0.1225,0.0262,0.2275,1001.5854,stationary
1822982,0.0240,0.0059,0.9961,0.1663,0.0962,0.2013,1001.5828,stationary
1823042,0.0242,0.0057,0.9931,0.2362,0.0875,0.2800,1001.5845,stationary
1823102,0.0256,0.0041,0.9951,0.1575,-0.0262,0.2625,1001.5798,stationary
1823162,0.0262,0.0047,0.9955,0.1838,0.0962,0.2362,1001.5735,stationary
1823222,0.0269,0.0051,0.9963,0.1400,0.0875,0.2450,1001.5779,stationary
1823282,0.0254,0.0060,0.9950,0.1225,0.0613,0.2537,1001.5967,stationary
1823342,0.0249,0.0048,0.9958,0.2100,0.1400,0.1750,1001.5791,stationary
1823402,0.0249,0.0034,0.9960,0.2100,0.1225,0.2800,1001.5735,stationary
1823462,0.0232,0.0065,0.9961,0.1575,0.0175,0.2537,1001.5723,stationary
1823522,0.0266,0.0054,0.9934,0.0962,-0.0175,0.1575,1001.5920,stationary
1823582,0.0268,0.0037,0.9919,0.0962,0.0350,0.1838,1001.5684,stationary
1823642,0.0258,0.0039,0.9966,0.1663,0.0962,0.2013,1001.5781,stationary
1823702,0.0263,0.0043,0.9967,0.2100,0.1225,0.2275,1001.5728,stationary
1823762,0.0258,0.0054,0.9955,0.0962,0.1400,0.2188,1001.5752,stationary
1823822,0.0251,0.0046,0.9933,0.2100,0.1050,0.2800,1001.5806,stationary
1823882,0.0239,0.0034,0.9931,0.0962,0.1488,0.2887,1001.5786,stationary
1823942,0.0278,0.0051,0.9975,0.0787,0.0350,0.2537,1001.5842,stationary
1824002,0.0264,0.0035,0.9979,0.1838,-0.0875,0.2275,1001.5789,stationary
1824062,0.0268,0.0066,0.9945,0.1225,0.0700,0.2275,1001.5798,stationary
1824122,0.0254,0.0051,0.9926,0.1488,0.1225,0.2013,1001.5674,stationary
1824182,0.0231,0.0065,0.9941,0.1925,0.1488,0.2362,1001.5769,stationary
1824242,0.0254,0.0051,0.9938,0.2013,0.0000,0.2362,1001.5779,stationary
1824302,0.0275,0.0032,0.9968,0.1838,0.2537,0.1663,1001.5779,stationary
1824362,0.0271,0.0037,0.9951,0.1138,0.0437,0.2537,1001.5920,stationary
1824422,0.0246,0.0056,0.9935,0.2537,0.0613,0.2188,1001.5803,stationary
1824482,0.0248,0.0060,0.9956,0.1138,0.0613,0.2625,1001.5842,stationary
1824542,0.0256,0.0062,0.9965,0.1488,0.0787,0.2188,1001.5798,stationary
1824602,0.0271,0.0027,0.9965,0.1050,0.1225,0.2450,1001.5815,stationary
1824662,0.0262,0.0029,0.9943,0.1575,0.0613,0.2450,1001.5798,stationary
1824722,0.0248,0.0060,0.9941,0.1838,0.0613,0.2450,1001.5796,stationary
1824782,0.0242,0.0049,0.9946,0.0962,0.1225,0.3150,1001.5872,stationary
1824842,0.0252,0.0054,0.9945,0.1838,0.0875,0.2100,1001.5833,stationary
1824902,0.0260,0.0059,0.9968,0.2800,0.1138,0.1838,1001.5930,stationary
1824962,0.0253,0.0057,0.9950,0.1138,0.1750,0.2450,1001.5850,stationary
1825022,0.0268,0.0037,0.9938,0.2013,0.1225,0.2800,1001.5859,stationary
1825082,0.0254,0.0044,0.9940,0.1400,0.0525,0.2450,1001.5771,stationary
1825142,0.0264,0.0045,0.9943,0.2450,0.0962,0.1838,1001.5850,stationary
1825202,0.0247,0.0068,0.9950,0.1750,0.0350,0.2800,1001.5916,stationary
1825262,0.0246,0.0043,0.9943,0.1400,0.1225,0.2625,1001.5886,stationary
1825322,0.0260,0.0049,0.9950,0.1750,0.1050,0.2188,1001.5942,stationary
1825382,0.0264,0.0051,0.9936,0.2188,0.1575,0.2275,1001.5872,stationary
1825442,0.0245,0.0038,0.9959,0.1050,0.0875,0.1925,1001.5869,stationary
1825502,0.0254,0.0034,0.9936,0.2713,0.0613,0.2887,1001.5828,stationary
1825562,0.0260,0.0036,0.9945,0.1838,-0.0262,0.2188,1001.5811,stationary
1825622,0.0253,0.0057,0.9950,0.0875,0.1225,0.2537,1001.5823,stationary
1825682,0.0235,0.0060,0.9957,0.1750,0.0262,0.2625,1001.5793,stationary
1825742,0.0268,0.0054,0.9941,0.1050,0.0875,0.2625,1001.5857,stationary
1825802,0.0271,0.0049,0.9948,0.1312,0.1750,0.2100,1001.5745,stationary
1825862,0.0264,0.0038,0.9958,0.1312,-0.0088,0.1838,1001.5779,stationary
1825922,0.0259,0.0049,0.9963,0.2362,0.1838,0.2362,1001.5791,stationary
1825982,0.0259,0.0064,0.9955,0.1575,0.0787,0.1750,1001.5784,stationary
1826042,0.0247,0.0065,0.9938,0.1663,0.1050,0.2100,1001.5823,stationary
1826102,0.0252,0.0057,0.9950,0.2188,0.0613,0.1663,1001.5862,stationary
1826162,0.0261,0.0049,0.9945,0.0962,0.1312,0.2713,1001.5786,stationary
1826222,0.0248,0.0049,0.9953,0.1925,0.1138,0.2275,1001.5889,stationary
1826282,0.0251,0.0049,0.9931,0.1138,0.1663,0.2188,1001.5798,stationary
1826342,0.0246,0.0051,0.9958,0.1050,0.1225,0.1925,1001.5754,stationary
1826402,0.0251,0.0051,0.9948,0.2013,0.0000,0.2188,1001.5762,stationary
1826462,0.0258,0.0039,0.9970,0.1575,0.1488,0.2275,1001.5764,stationary
1826522,0.0256,0.0054,0.9950,0.1488,0.0262,0.2362,1001.5757,stationary
1826582,0.0268,0.0051,0.9943,0.1312,0.0787,0.2537,1001.5801,stationary
1826642,0.0246,0.0046,0.9936,0.1663,0.1050,0.2450,1001.5791,stationary
1826702,0.0262,0.0042,0.9960,0.1400,0.1575,0.2975,1001.5842,stationary
1826762,0.0265,0.0044,0.9955,0.0700,0.1050,0.1925,1001.5793,stationary
1826822,0.0257,0.0046,0.9963,0.2275,0.0175,0.2275,1001.5737,stationary
1826882,0.0254,0.0037,0.9953,0.2013,0.0088,0.2625,1001.5701,stationary
1826942,0.0264,0.0039,0.9946,0.1488,0.1050,0.2362,1001.5811,stationary
1827002,0.0261,0.0054,0.9958,0.1750,0.1400,0.1750,1001.5820,stationary
1827062,0.0267,0.0039,0.9969,0.1575,0.0613,0.2275,1001.5825,stationary
1827122,0.0247,0.0054,0.9945,0.2188,0.0525,0.2625,1001.5708,stationary
1827182,0.0262,0.0061,0.9948,0.1925,0.1488,0.2625,1001.5789,stationary
1827242,0.0243,0.0048,0.9959,0.2013,0.0613,0.2450,1001.5835,stationary
1827302,0.0256,0.0056,0.9962,0.2188,0.0962,0.2800,1001.5823,stationary
1827362,0.0262,0.0049,0.9948,0.1575,0.0962,0.2537,1001.5813,stationary
1827422,0.0249,0.0057,0.9951,0.1838,0.0525,0.2362,1001.5796,stationary
1827482,0.0251,0.0049,0.9934,0.2013,0.0787,0.2450,1001.5894,stationary
1827542,0.0256,0.0054,0.9955,0.1225,0.0088,0.2450,1001.5886,stationary
1827602,0.0254,0.0056,0.9950,0.1663,0.0525,0.2713,1001.5859,stationary
1827662,0.0264,0.0041,0.9945,0.1663,0.1050,0.2800,1001.5835,stationary
1827722,0.0249,0.0041,0.9946,0.2713,0.0175,0.2275,1001.5806,stationary
1827782,0.0254,0.0045,0.9943,0.2013,0.1138,0.2100,1001.5793,stationary
1827842,0.0249,0.0062,0.9955,0.2450,0.0787,0.2275,1001.5852,stationary
1827902,0.0261,0.0044,0.9950,0.1400,0.1225,0.2188,1001.5825,stationary
1827962,0.0249,0.0052,0.9943,0.1488,0.0525,0.2100,1001.5867,stationary
1828022,0.0247,0.0045,0.9945,0.2013,0.0525,0.2013,1001.5852,stationary
1828082,0.0254,0.0049,0.9934,0.2013,0.0875,0.2625,1001.5850,stationary
1828142,0.0262,0.0046,0.9952,0.1575,0.1575,0.2188,1001.5859,stationary
1828202,0.0262,0.0049,0.9955,0.1488,0.0875,0.2188,1001.5825,stationary
1828262,0.0242,0.0059,0.9955,0.1138,0.0613,0.2100,1001.5879,stationary
1828322,0.0260,0.0044,0.9941,0.0700,0.1575,0.2100,1001.5825,stationary
1828382,0.0251,0.0040,0.9963,0.1575,0.0613,0.2188,1001.5845,stationary
1828442,0.0260,0.0038,0.9959,0.1488,0.0962,0.3325,1001.5769,stationary
1828502,0.0254,0.0053,0.9942,0.1663,0.1312,0.1925,1001.5859,stationary
1828562,0.0251,0.0056,0.9943,0.1488,0.1750,0.1488,1001.5798,stationary
1828622,0.0265,0.0065,0.9969,0.1750,0.0875,0.2100,1001.5869,stationary
1828682,0.0256,0.0054,0.9948,0.1838,0.0700,0.2887,1001.5854,stationary
1828742,0.0257,0.0039,0.9948,0.1663,0.0262,0.1663,1001.5857,stationary
1828802,0.0259,0.0052,0.9960,0.0875,0.0962,0.1488,1001.5872,stationary
1828862,0.0266,0.0046,0.9953,0.2100,0.0262,0.2275,1001.5828,stationary
1828922,0.0264,0.0032,0.9936,0.2013,0.0613,0.2450,1001.5781,stationary
1828982,0.0268,0.0041,0.9963,0.1663,0.1400,0.2100,1001.5830,stationary
1829042,0.0251,0.0048,0.9948,0.1750,0.1312,0.2362,1001.5835,stationary
1829102,0.0249,0.0056,0.9933,0.1400,0.0875,0.1925,1001.5801,stationary
1829162,0.0258,0.0038,0.9943,0.1225,0.0437,0.2100,1001.5867,stationary
1829222,0.0257,0.0041,0.9935,0.0962,0.0700,0.2100,1001.5872,stationary
1829282,0.0249,0.0046,0.9950,0.1225,0.1050,0.2450,1001.5867,stationary
1829342,0.0251,0.0035,0.9934,0.1838,0.0700,0.2537,1001.5842,stationary
1829402,0.0254,0.0041,0.9947,0.2013,0.0613,0.3150,1001.5820,stationary
1829462,0.0256,0.0046,0.9959,0.1400,0.1138,0.2275,1001.5823,stationary
1829522,0.0259,0.0040,0.9945,0.2188,0.0437,0.1750,1001.5825,stationary
1829582,0.0247,0.0046,0.9948,0.1925,0.0875,0.2013,1001.5884,stationary
1829642,0.0271,0.0068,0.9950,0.1225,0.0700,0.1663,1001.5894,stationary
1829702,0.0261,0.0042,0.9936,0.1400,0.0262,0.2100,1001.5808,stationary
1829762,0.0251,0.0037,0.9962,0.0350,0.1312,0.2275,1001.5823,stationary
1829822,0.0259,0.0052,0.9943,0.1488,0.1138,0.2013,1001.5845,stationary
1829882,0.0253,0.0041,0.9967,0.2013,0.0613,0.2537,1001.5835,stationary
1829942,0.0265,0.0039,0.9970,0.1925,0.1400,0.2188,1001.5828,stationary
1830002,0.0249,0.0053,0.9936,0.1225,0.0525,0.1750,1001.5857,stationary
1830062,0.0254,0.0056,0.9948,0.1663,0.0613,0.2188,1001.5803,stationary
1830122,0.0254,0.0032,0.9950,0.1750,0.0525,0.2975,1001.5820,stationary
1830182,0.0252,0.0045,0.9948,0.1312,0.0787,0.2713,1001.5881,stationary
1830242,0.0256,0.0052,0.9965,0.0962,0.1225,0.2100,1001.5862,stationary
1830302,0.0256,0.0048,0.9931,0.2100,0.1838,0.2362,1001.5935,stationary
1830362,0.0246,0.0062,0.9945,0.1575,0.1312,0.2188,1001.5884,stationary
1830422,0.0264,0.0056,0.9958,0.2188,0.1488,0.1925,1001.5923,stationary
1830482,0.0249,0.0039,0.9940,0.1225,0.0350,0.1575,1001.5867,stationary
1830542,0.0268,0.0051,0.9941,0.1050,0.1575,0.2362,1001.5779,stationary
1830602,0.0249,0.0041,0.9941,0.2188,0.0613,0.2887,1001.5859,stationary
1830662,0.0268,0.0056,0.9941,0.1225,0.0787,0.2188,1001.5859,stationary
1830722,0.0258,0.0048,0.9953,0.1663,0.0787,0.1838,1001.5830,stationary
1830782,0.0259,0.0048,0.9936,0.2275,0.0875,0.2275,1001.5813,stationary
1830842,0.0254,0.0035,0.9951,0.1312,0.1050,0.2100,1001.5864,stationary
1830902,0.0247,0.0034,0.9957,0.2013,0.0787,0.2275,1001.5776,stationary
1830962,0.0268,0.0038,0.9968,0.1575,0.1225,0.2188,1001.5837,stationary
1831022,0.0264,0.0066,0.9933,0.1488,0.0962,0.2275,1001.5884,stationary
1831082,0.0240,0.0056,0.9963,0.1050,0.1400,0.2188,1001.5852,stationary
1831142,0.0251,0.0038,0.9941,0.2100,0.0700,0.2450,1001.5874,stationary
1831202,0.0257,0.0049,0.9968,0.2450,0.1312,0.2100,1001.5908,stationary
1831262,0.0263,0.0045,0.9947,0.1575,0.0350,0.2450,1001.5874,stationary
1831322,0.0256,0.0054,0.9946,0.1750,0.0875,0.2537,1001.5828,stationary
1831382,0.0242,0.0070,0.9928,0.1138,0.0700,0.1838,1001.5786,stationary
1831442,0.0256,0.0051,0.9955,0.1575,0.0875,0.2625,1001.5828,stationary
1831502,0.0256,0.0046,0.9940,0.1575,0.0700,0.2100,1001.5820,stationary
1831562,0.0265,0.0056,0.9957,0.1663,0.1138,0.2362,1001.5791,stationary
1831622,0.0260,0.0029,0.9951,0.1750,0.0875,0.2188,1001.5881,stationary
1831682,0.0249,0.0048,0.9953,0.1575,0.0437,0.2362,1001.5867,stationary
1831742,0.0249,0.0062,0.9938,0.2100,0.0700,0.2013,1001.5820,stationary
1831802,0.0251,0.0054,0.9966,0.1400,0.1312,0.2450,1001.5813,stationary
1831862,0.0264,0.0044,0.9946,0.2362,0.1838,0.2625,1001.5818,stationary
1831922,0.0258,0.0037,0.9960,0.1050,0.1488,0.1575,1001.5894,stationary
1831982,0.0259,0.0053,0.9963,0.1488,0.2100,0.2362,1001.5933,stationary
1832042,0.0249,0.0049,0.9953,0.2450,0.1488,0.2188,1001.5920,stationary
1832102,0.0257,0.0058,0.9933,0.2013,0.0875,0.2800,1001.5876,stationary
1832162,0.0264,0.0054,0.9948,0.1312,0.0262,0.2362,1001.5808,stationary
1832222,0.0246,0.0051,0.9963,0.2100,0.1750,0.2100,1001.5786,stationary
1832282,0.0244,0.0051,0.9970,0.2537,0.2188,0.2450,1001.5884,stationary
1832342,0.0245,0.0046,0.9938,0.1925,0.1488,0.2188,1001.5776,stationary
1832402,0.0251,0.0051,0.9941,0.0525,0.0262,0.2100,1001.5840,stationary
1832462,0.0271,0.0051,0.9931,0.2800,0.0262,0.2275,1001.5847,stationary
1832522,0.0256,0.0047,0.9948,0.2800,0.0700,0.2450,1001.5813,stationary
1832582,0.0245,0.0056,0.9943,0.1838,0.1225,0.2362,1001.5874,stationary
1832642,0.0239,0.0049,0.9933,0.2013,0.0350,0.2713,1001.5842,stationary
1832702,0.0258,0.0063,0.9928,0.1138,0.1575,0.2450,1001.5938,stationary
1832762,0.0253,0.0060,0.9963,0.1750,0.0350,0.2275,1001.5898,stationary
1832822,0.0271,0.0051,0.9970,0.1750,0.1575,0.2188,1001.5793,stationary
1832882,0.0251,0.0059,0.9948,0.1925,0.0613,0.1838,1001.5793,stationary
1832942,0.0243,0.0049,0.9942,0.1750,0.0700,0.2537,1001.5859,stationary
1833002,0.0246,0.0046,0.9926,0.2013,0.0787,0.1925,1001.5862,stationary
1833062,0.0249,0.0049,0.9963,0.1050,0.1488,0.2450,1001.5776,stationary
1833122,0.0258,0.0051,0.9933,0.2275,0.1138,0.2450,1001.5894,stationary
1833182,0.0251,0.0047,0.9945,0.1400,0.1750,0.2625,1001.5825,stationary
1833242,0.0254,0.0046,0.9947,0.1488,0.0613,0.2450,1001.5928,stationary
1833302,0.0249,0.0044,0.9914,0.1575,0.1312,0.2188,1001.5854,stationary
1833362,0.0261,0.0039,0.9942,0.1400,0.0787,0.2100,1001.5823,stationary
1833422,0.0237,0.0070,0.9958,0.2188,0.0962,0.1838,1001.5859,stationary
1833482,0.0242,0.0059,0.9945,0.1138,0.1138,0.3237,1001.5896,stationary
1833542,0.0265,0.0053,0.9933,0.1400,0.1575,0.1838,1001.5906,stationary
1833602,0.0260,0.0031,0.9947,0.0875,0.0962,0.2188,1001.5732,stationary
1833662,0.0259,0.0023,0.9958,0.1488,0.1050,0.2275,1001.5857,stationary
1833722,0.0246,0.0059,0.9984,0.1663,0.0787,0.2800,1001.5913,stationary
1833782,0.0269,0.0068,0.9941,0.2537,0.1750,0.2188,1001.5828,stationary
1833842,0.0249,0.0065,0.9931,0.1925,0.1312,0.1838,1001.5916,stationary
1833902,0.0247,0.0041,0.9958,0.1225,0.0000,0.2275,1001.5857,stationary
1833962,0.0246,0.0020,0.9955,0.1663,0.0875,0.2800,1001.5918,stationary
1834022,0.0254,0.0032,0.9940,0.1925,0.2275,0.2450,1001.5820,stationary
1834082,0.0252,0.0063,0.9936,0.1225,0.0962,0.2450,1001.5891,stationary
1834142,0.0256,0.0076,0.9956,0.1488,-0.0175,0.1838,1001.5908,stationary
1834202,0.0260,0.0069,0.9945,0.2100,0.1575,0.2275,1001.5903,stationary
1834262,0.0254,0.0047,0.9936,0.0700,0.1225,0.2013,1001.5916,stationary
1834322,0.0249,0.0027,0.9933,0.0525,0.0088,0.2100,1001.5945,stationary
1834382,0.0239,0.0029,0.9953,0.2188,0.0962,0.2188,1001.5923,stationary
1834442,0.0234,0.0045,0.9951,0.1838,0.1225,0.2450,1001.5864,stationary
1834502,0.0259,0.0078,0.9965,0.2188,0.0962,0.1925,1001.5886,stationary
1834562,0.0263,0.0064,0.9947,0.1050,0.0875,0.1925,1001.5898,stationary
1834622,0.0244,0.0040,0.9942,0.1663,0.0875,0.2013,1001.5859,stationary
1834682,0.0251,0.0059,0.9948,0.2450,0.0613,0.2275,1001.5947,stationary
1834742,0.0244,0.0039,0.9938,0.1838,0.1312,0.2362,1001.5874,stationary
1834802,0.0251,0.0049,0.9948,0.1663,0.0875,0.2800,1001.5845,stationary
1834862,0.0251,0.0051,0.9928,0.1750,0.0700,0.2450,1001.5874,stationary
1834922,0.0254,0.0068,0.9961,0.0875,-0.0262,0.2275,1001.5938,stationary
1834982,0.0278,0.0054,0.9950,0.1575,0.0700,0.3063,1001.5903,stationary
1835042,0.0262,0.0045,0.9948,0.0962,0.0875,0.2362,1001.5945,stationary
1835102,0.0242,0.0039,0.9963,0.0787,0.1050,0.2800,1001.5791,stationary
1835162,0.0270,0.0044,0.9959,0.2450,0.1838,0.1575,1001.5911,stationary
1835222,0.0251,0.0047,0.9948,0.2188,0.0350,0.2275,1001.5852,stationary
1835282,0.0249,0.0059,0.9948,0.1750,0.2013,0.2100,1001.5920,stationary
1835342,0.0234,0.0041,0.9972,0.1400,0.0262,0.1925,1001.5876,stationary
1835402,0.0254,0.0065,0.9967,0.0525,0.0613,0.2013,1001.5859,stationary
1835462,0.0246,0.0052,0.9926,0.2013,0.0525,0.1925,1001.5842,stationary
1835522,0.0261,0.0044,0.9947,0.1488,0.0962,0.1575,1001.5857,stationary
1835582,0.0276,0.0040,0.9958,0.1750,0.0613,0.2362,1001.5828,stationary
1835642,0.0254,0.0037,0.9964,0.2362,0.1312,0.2800,1001.5872,stationary
1835702,0.0261,0.0041,0.9945,0.1838,0.0700,0.2100,1001.5945,stationary
1835762,0.0246,0.0061,0.9948,0.1750,0.1138,0.2275,1001.5879,stationary
1835822,0.0249,0.0078,0.9961,0.1225,0.0875,0.1663,1001.5974,stationary
1835882,0.0252,0.0049,0.9953,0.1663,0.1225,0.1925,1001.5891,stationary
1835942,0.0264,0.0051,0.9941,0.2362,0.0787,0.2275,1001.5974,stationary
1836002,0.0261,0.0035,0.9941,0.2013,0.0787,0.2275,1001.5894,stationary
1836062,0.0254,0.0048,0.9933,0.2537,0.1138,0.2975,1001.5913,stationary
1836122,0.0246,0.0061,0.9952,0.2188,0.1838,0.1838,1001.5747,stationary
1836182,0.0254,0.0088,0.9936,0.1225,0.0350,0.1925,1001.5952,stationary
1836242,0.0267,0.0085,0.9958,0.2188,0.1225,0.1925,1001.5916,stationary
1836302,0.0262,0.0041,0.9934,0.2450,0.1488,0.2275,1001.5862,stationary
1836362,0.0252,0.0040,0.9939,0.2275,0.0875,0.1663,1001.5898,stationary
1836422,0.0239,0.0045,0.9953,0.2275,0.0962,0.2537,1001.5815,stationary
1836482,0.0244,0.0052,0.9938,0.1488,0.0088,0.2800,1001.5767,stationary
1836542,0.0251,0.0059,0.9940,0.2275,0.1138,0.1488,1001.5776,stationary
1836602,0.0270,0.0068,0.9941,0.1663,0.0437,0.2800,1001.5847,stationary
1836662,0.0245,0.0047,0.9962,0.1138,0.1225,0.2450,1001.5789,stationary
1836722,0.0251,0.0051,0.9939,0.2013,0.0525,0.2625,1001.5793,stationary
1836782,0.0268,0.0039,0.9941,0.2100,0.0175,0.1838,1001.5845,stationary
1836842,0.0261,0.0048,0.9945,0.2013,0.1050,0.2887,1001.5815,stationary
1836902,0.0246,0.0063,0.9941,0.2100,0.1400,0.2188,1001.5835,stationary
1836962,0.0245,0.0049,0.9945,0.1050,0.1400,0.2188,1001.5837,stationary
1837022,0.0254,0.0051,0.9955,0.1050,0.1488,0.2450,1001.5818,stationary
1837082,0.0254,0.0044,0.9948,0.1312,0.0787,0.2275,1001.5852,stationary
1837142,0.0258,0.0046,0.9953,0.2537,0.1312,0.2362,1001.5852,stationary
1837202,0.0257,0.0062,0.9947,0.2013,0.1750,0.1838,1001.5862,stationary
1837262,0.0268,0.0049,0.9948,0.1312,0.1225,0.1838,1001.5942,stationary
1837322,0.0256,0.0054,0.9967,0.1663,0.0962,0.2800,1001.5894,stationary
1837382,0.0258,0.0051,0.9959,0.1925,0.0437,0.2713,1001.5889,stationary
1837442,0.0235,0.0041,0.9947,0.2013,0.1663,0.2450,1001.5779,stationary
1837502,0.0260,0.0039,0.9970,0.1838,0.0875,0.2188,1001.5859,stationary
1837562,0.0264,0.0056,0.9942,0.2013,0.1225,0.2537,1001.5940,stationary
1837622,0.0251,0.0051,0.9947,0.3150,0.0700,0.2800,1001.5930,stationary
1837682,0.0261,0.0049,0.9951,0.0875,0.0350,0.2275,1001.5977,stationary
1837742,0.0264,0.0046,0.9969,0.1312,0.1138,0.2450,1001.5884,stationary
1837802,0.0256,0.0054,0.9938,0.1575,0.1138,0.2275,1001.5833,stationary
1837862,0.0249,0.0054,0.9968,0.1050,0.0962,0.1925,1001.5891,stationary
1837922,0.0249,0.0047,0.9946,0.1488,0.0262,0.2450,1001.5952,stationary
1837982,0.0251,0.0054,0.9947,0.1925,0.1312,0.2188,1001.5933,stationary
1838042,0.0265,0.0057,0.9955,0.1575,0.1663,0.2100,1001.5894,stationary
1838102,0.0254,0.0054,0.9943,0.1050,0.0700,0.2362,1001.5913,stationary
1838162,0.0254,0.0049,0.9948,0.1750,0.0613,0.2188,1001.5859,stationary
1838222,0.0264,0.0051,0.9966,0.1312,0.1225,0.2362,1001.5850,stationary
1838282,0.0247,0.0046,0.9931,0.1138,0.1400,0.2188,1001.5862,stationary
1838342,0.0254,0.0051,0.9948,0.1400,0.0787,0.1575,1001.5911,stationary
1838402,0.0248,0.0057,0.9946,0.1138,0.0613,0.2362,1001.5896,stationary
1838462,0.0258,0.0046,0.9941,0.1488,0.1225,0.2275,1001.5908,stationary
1838522,0.0260,0.0051,0.9956,0.1575,0.0787,0.1925,1001.5845,stationary
1838582,0.0257,0.0059,0.9943,0.1663,0.1050,0.2713,1001.5813,stationary
1838642,0.0256,0.0059,0.9948,0.1925,0.0613,0.1838,1001.5928,stationary
1838702,0.0266,0.0051,0.9945,0.2013,0.0962,0.2537,1001.5894,stationary
1838762,0.0242,0.0061,0.9951,0.1925,0.0613,0.2625,1001.5886,stationary
1838822,0.0268,0.0052,0.9931,0.2100,0.0088,0.2713,1001.5950,stationary
1838882,0.0259,0.0069,0.9955,0.2537,0.0875,0.2362,1001.5837,stationary
1838942,0.0259,0.0040,0.9938,0.2188,0.0962,0.2188,1001.5820,stationary
1839002,0.0271,0.0042,0.9960,0.2188,0.1050,0.1925,1001.6013,stationary
1839062,0.0256,0.0062,0.9950,0.1488,0.1050,0.2537,1001.5884,stationary
1839122,0.0257,0.0049,0.9919,0.2275,0.1312,0.2625,1001.5918,stationary
1839182,0.0254,0.0037,0.9940,0.2275,0.1050,0.2188,1001.5859,stationary
1839242,0.0261,0.0051,0.9950,0.1663,0.1225,0.2537,1001.5833,stationary
1839302,0.0259,0.0059,0.9967,0.1488,0.0875,0.1838,1001.5828,stationary
1839362,0.0264,0.0051,0.9948,0.2100,0.1663,0.2537,1001.5828,stationary
1839422,0.0251,0.0048,0.9941,0.1225,0.1663,0.2188,1001.5925,stationary
1839482,0.0251,0.0053,0.9951,0.1575,0.0962,0.2188,1001.5857,stationary
1839542,0.0261,0.0052,0.9967,0.0875,0.1225,0.2450,1001.5911,stationary
1839602,0.0259,0.0059,0.9933,0.2013,0.0437,0.2362,1001.5906,stationary
1839662,0.0254,0.0040,0.9948,0.1488,0.1225,0.1838,1001.5879,stationary
1839722,0.0265,0.0056,0.9941,0.1663,0.0613,0.2625,1001.5862,stationary
1839782,0.0252,0.0054,0.9950,0.2625,0.0875,0.2800,1001.5806,stationary
1839842,0.0247,0.0051,0.9950,0.1488,0.2100,0.2537,1001.5884,stationary
1839902,0.0264,0.0046,0.9950,0.2013,0.0700,0.2100,1001.5862,stationary
1839962,0.0246,0.0037,0.9945,0.2100,0.0350,0.2362,1001.5869,stationary
1840022,0.0246,0.0054,0.9938,0.2100,0.0875,0.2275,1001.5828,stationary
1840082,0.0264,0.0049,0.9950,0.1400,0.0437,0.2625,1001.5881,stationary
1840142,0.0254,0.0054,0.9936,0.1225,0.0875,0.2887,1001.5864,stationary
1840202,0.0251,0.0037,0.9953,0.1312,0.1050,0.2188,1001.5942,stationary
1840262,0.0256,0.0059,0.9942,0.1750,0.0613,0.2975,1001.5898,stationary
1840322,0.0264,0.0056,0.9955,0.2537,0.1400,0.1838,1001.5793,stationary
1840382,0.0259,0.0046,0.9944,0.1750,0.0875,0.3150,1001.5901,stationary
1840442,0.0261,0.0053,0.9965,0.2275,0.0525,0.2800,1001.5908,stationary
1840502,0.0243,0.0034,0.9950,0.0000,0.0613,0.2537,1001.5833,stationary
1840562,0.0264,0.0061,0.9933,0.1750,0.1575,0.2188,1001.5864,stationary
1840622,0.0256,0.0051,0.9951,0.1400,0.0350,0.2013,1001.5898,stationary
1840682,0.0247,0.0041,0.9938,0.1838,0.1225,0.2100,1001.5854,stationary
1840742,0.0258,0.0052,0.9958,0.2188,0.1138,0.2537,1001.5847,stationary
1840802,0.0246,0.0041,0.9938,0.1663,0.0962,0.2713,1001.5872,stationary
1840862,0.0253,0.0041,0.9955,0.0962,0.0962,0.2100,1001.5894,stationary
1840922,0.0259,0.0045,0.9946,0.1750,0.0787,0.2100,1001.5889,stationary
1840982,0.0254,0.0046,0.9950,0.1925,0.0787,0.2275,1001.5806,stationary
1841042,0.0259,0.0031,0.9948,0.1312,0.0700,0.1925,1001.5859,stationary
1841102,0.0263,0.0056,0.9950,0.1663,0.0700,0.2275,1001.5830,stationary
1841162,0.0264,0.0044,0.9956,0.1925,0.1138,0.2275,1001.5840,stationary
1841222,0.0263,0.0059,0.9997,0.2887,0.1663,0.2100,1001.5854,stationary
1841282,0.0266,0.0051,0.9941,0.1838,0.0787,0.2013,1001.5842,stationary
1841342,0.0254,0.0048,0.9953,0.2013,0.0525,0.2188,1001.5867,stationary
1841402,0.0249,0.0044,0.9964,0.2625,0.1663,0.2275,1001.5945,stationary
1841462,0.0251,0.0059,0.9941,0.1838,0.1400,0.1838,1001.5811,stationary
1841522,0.0266,0.0049,0.9936,0.1312,0.1750,0.2100,1001.5889,stationary
1841582,0.0261,0.0041,0.9948,0.0875,0.2450,0.2362,1001.5872,stationary
1841642,0.0253,0.0047,0.9943,0.1050,0.1488,0.2275,1001.5845,stationary
1841702,0.0249,0.0043,0.9960,0.2362,0.1138,0.1663,1001.5874,stationary
1841762,0.0263,0.0044,0.9951,0.1050,0.0613,0.2100,1001.5920,stationary
1841822,0.0256,0.0046,0.9952,0.1488,0.0350,0.2188,1001.5884,stationary
1841882,0.0251,0.0053,0.9941,0.2188,0.0525,0.2537,1001.5845,stationary
1841942,0.0265,0.0039,0.9948,0.1750,0.0787,0.2188,1001.5872,stationary
1842002,0.0253,0.0051,0.9956,0.1050,0.0787,0.2362,1001.5918,stationary
1842062,0.0256,0.0054,0.9950,0.1488,0.1050,0.2188,1001.5874,stationary
1842122,0.0259,0.0066,0.9955,0.1138,0.0875,0.2362,1001.5874,stationary
1842182,0.0259,0.0066,0.9933,0.2362,0.0700,0.2537,1001.5945,stationary
1842242,0.0262,0.0049,0.9961,0.1225,0.0262,0.2625,1001.5884,stationary
1842302,0.0248,0.0057,0.9941,0.2362,0.1400,0.2450,1001.5894,stationary
1842362,0.0269,0.0032,0.9955,0.2100,0.1138,0.2362,1001.5859,stationary
1842422,0.0260,0.0041,0.9943,0.2013,0.1400,0.2887,1001.5867,stationary
1842482,0.0251,0.0051,0.9952,0.1663,0.0613,0.2188,1001.5884,stationary
1842542,0.0246,0.0034,0.9948,0.1050,0.0613,0.2275,1001.5842,stationary
1842602,0.0257,0.0054,0.9945,0.1838,0.0350,0.1925,1001.5908,stationary
1842662,0.0249,0.0059,0.9951,0.1400,0.0175,0.2450,1001.5898,stationary
1842722,0.0259,0.0045,0.9938,0.1925,0.0350,0.2975,1001.5916,stationary
1842782,0.0257,0.0054,0.9948,0.2275,0.1838,0.2537,1001.5918,stationary
1842842,0.0256,0.0051,0.9950,0.1575,0.1138,0.2362,1001.5847,stationary
1842902,0.0261,0.0063,0.9943,0.2537,-0.0175,0.2362,1001.5911,stationary
1842962,0.0259,0.0037,0.9948,0.2625,0.1925,0.1925,1001.5916,stationary
1843022,0.0249,0.0049,0.9943,0.1138,0.2537,0.2100,1001.5901,stationary
1843082,0.0257,0.0041,0.9953,0.1838,0.0175,0.3063,1001.5842,stationary
1843142,0.0259,0.0036,0.9943,0.1225,0.1663,0.2713,1001.5918,stationary
1843202,0.0244,0.0057,0.9951,0.1400,0.1750,0.2450,1001.5872,stationary
1843262,0.0254,0.0046,0.9941,0.1400,0.0962,0.1838,1001.5942,stationary
1843322,0.0254,0.0056,0.9938,0.1575,0.0787,0.2100,1001.5884,stationary
1843382,0.0251,0.0039,0.9941,0.1050,0.0700,0.2450,1001.5854,stationary
1843442,0.0264,0.0054,0.9943,0.1138,0.1050,0.2450,1001.5869,stationary
1843502,0.0246,0.0061,0.9942,0.1838,0.0700,0.1838,1001.5911,stationary
1843562,0.0244,0.0037,0.9945,0.0700,0.1750,0.2537,1001.5771,stationary
1843622,0.0246,0.0056,0.9960,0.1575,0.1225,0.1838,1001.5847,stationary
1843682,0.0262,0.0049,0.9945,0.2713,0.0525,0.1925,1001.5828,stationary
1843742,0.0249,0.0046,0.9955,0.1575,0.1138,0.3063,1001.5925,stationary
1843802,0.0256,0.0046,0.9938,0.2188,0.1050,0.2450,1001.5891,stationary
1843862,0.0251,0.0047,0.9952,0.1050,0.1400,0.2362,1001.5918,stationary
1843922,0.0256,0.0051,0.9938,0.2013,0.0700,0.2450,1001.5881,stationary
1843982,0.0259,0.0066,0.9953,0.0962,0.0437,0.2362,1001.5920,stationary
1844042,0.0254,0.0046,0.9950,0.1138,0.1750,0.2188,1001.5952,stationary
1844102,0.0254,0.0032,0.9940,0.2188,0.0613,0.2450,1001.5918,stationary
1844162,0.0241,0.0037,0.9950,0.2275,0.0262,0.2887,1001.5830,stationary
1844222,0.0261,0.0051,0.9951,0.0962,0.0962,0.2275,1001.5984,stationary
1844282,0.0271,0.0044,0.9948,0.1925,0.0875,0.2275,1001.5869,stationary
1844342,0.0261,0.0039,0.9906,0.1575,0.0787,0.2362,1001.5935,stationary
1844402,0.0249,0.0053,0.9940,0.2362,0.2013,0.1925,1001.5942,stationary
1844462,0.0239,0.0068,0.9955,0.1050,0.0700,0.2188,1001.5940,stationary
1844522,0.0232,0.0048,0.9939,0.0875,0.0350,0.2013,1001.5918,stationary
1844582,0.0259,0.0054,0.9956,0.3063,0.0437,0.2188,1001.5947,stationary
1844642,0.0264,0.0056,0.9938,0.1925,0.1225,0.2625,1001.5881,stationary
1844702,0.0251,0.0056,0.9945,0.2188,0.0525,0.2013,1001.5820,stationary
1844762,0.0256,0.0040,0.9941,0.2275,0.0875,0.1750,1001.5952,stationary
1844822,0.0256,0.0051,0.9945,0.1488,0.0525,0.2013,1001.5925,stationary
1844882,0.0256,0.0048,0.9946,0.2188,0.1575,0.2625,1001.5925,stationary
1844942,0.0251,0.0049,0.9952,0.1312,0.0525,0.2625,1001.5920,stationary
1845002,0.0256,0.0047,0.9943,0.1312,0.1925,0.2537,1001.6013,stationary
1845062,0.0258,0.0054,0.9963,0.1663,0.0613,0.2275,1001.5862,stationary
1845122,0.0268,0.0040,0.9981,0.1400,0.0437,0.1925,1001.5930,stationary
1845182,0.0251,0.0046,0.9950,0.1312,0.0787,0.2362,1001.5918,stationary
1845242,0.0246,0.0054,0.9955,0.1050,0.1400,0.2100,1001.5945,stationary
1845302,0.0254,0.0058,0.9958,0.2450,0.2100,0.2362,1001.5942,stationary
1845362,0.0261,0.0038,0.9939,0.1663,0.0525,0.2188,1001.5901,stationary
1845422,0.0253,0.0037,0.9952,0.1225,0.0787,0.2713,1001.5913,stationary
1845482,0.0256,0.0054,0.9931,0.1400,0.1312,0.2188,1001.5872,stationary
1845542,0.0251,0.0051,0.9943,0.2013,0.0787,0.2013,1001.5977,stationary
1845602,0.0265,0.0053,0.9945,0.0787,0.1663,0.2713,1001.5928,stationary
1845662,0.0254,0.0059,0.9938,0.2362,0.0613,0.2362,1001.5886,stationary
1845722,0.0246,0.0049,0.9946,0.2275,0.0962,0.2100,1001.5835,stationary
1845782,0.0259,0.0051,0.9961,0.1488,0.0000,0.2625,1001.6003,stationary
1845842,0.0252,0.0046,0.9950,0.0613,0.2013,0.1750,1001.5955,stationary
1845902,0.0247,0.0047,0.9944,0.1488,0.0787,0.2537,1001.5945,stationary
1845962,0.0251,0.0061,0.9931,0.1400,0.1575,0.2450,1001.5913,stationary
1846022,0.0244,0.0041,0.9955,0.1488,0.1138,0.1750,1001.5879,stationary
1846082,0.0248,0.0059,0.9959,0.2188,0.0000,0.1838,1001.5986,stationary
1846142,0.0251,0.0032,0.9955,0.2625,0.0875,0.2188,1001.5999,stationary
1846202,0.0251,0.0054,0.9940,0.2100,0.1050,0.1925,1001.5852,stationary
1846262,0.0253,0.0044,0.9936,0.0787,0.1225,0.1925,1001.5991,stationary
1846322,0.0251,0.0034,0.9939,0.1750,0.0262,0.2713,1001.5920,stationary
1846382,0.0254,0.0047,0.9972,0.1575,0.1138,0.2362,1001.5847,stationary
1846442,0.0258,0.0049,0.9959,0.1925,0.1050,0.2188,1001.5850,stationary
1846502,0.0252,0.0056,0.9950,0.1925,0.0350,0.2100,1001.5908,stationary
1846562,0.0246,0.0051,0.9941,0.1488,0.1663,0.2625,1001.5835,stationary
1846622,0.0258,0.0049,0.9943,0.2100,0.0350,0.2537,1001.5942,stationary
1846682,0.0239,0.0054,0.9953,0.0613,0.0525,0.1750,1001.5999,stationary
1846742,0.0242,0.0047,0.9943,0.2275,0.0962,0.1575,1001.5935,stationary
1846802,0.0259,0.0046,0.9955,0.1575,0.0787,0.2713,1001.5938,stationary
1846862,0.0263,0.0049,0.9948,0.1838,0.0787,0.2362,1001.5833,stationary
1846922,0.0262,0.0052,0.9965,0.1925,0.0000,0.2013,1001.5913,stationary
1846982,0.0261,0.0060,0.9969,0.0700,0.1400,0.2362,1001.5952,stationary
1847042,0.0256,0.0046,0.9948,0.2362,0.1312,0.2625,1001.5881,stationary
1847102,0.0263,0.0054,0.9972,0.2275,0.0437,0.1838,1001.5881,stationary
1847162,0.0249,0.0049,0.9970,0.1488,0.2188,0.2100,1001.5820,stationary
1847222,0.0271,0.0059,0.9943,0.1312,-0.0175,0.2362,1001.5862,stationary
1847282,0.0257,0.0049,0.9969,0.2188,0.1575,0.2275,1001.5918,stationary
1847342,0.0257,0.0059,0.9965,0.0613,0.0088,0.2800,1001.5918,stationary
1847402,0.0249,0.0048,0.9943,0.0962,0.0613,0.2800,1001.5981,stationary
1847462,0.0246,0.0041,0.9948,0.0962,0.1225,0.2100,1001.5884,stationary
1847522,0.0232,0.0043,0.9956,0.1138,0.0787,0.2537,1001.5898,stationary
1847582,0.0251,0.0056,0.9950,0.1750,0.1488,0.2013,1001.5911,stationary
1847642,0.0251,0.0046,0.9959,0.2013,0.0175,0.2188,1001.5916,stationary
1847702,0.0254,0.0049,0.9965,0.1400,0.0700,0.2625,1001.5928,stationary
1847762,0.0249,0.0044,0.9958,0.1838,0.0962,0.2275,1001.5913,stationary
1847822,0.0249,0.0039,0.9953,0.2100,0.0350,0.2362,1001.5930,stationary
1847882,0.0260,0.0052,0.9931,0.1663,0.0700,0.2713,1001.5862,stationary
1847942,0.0251,0.0042,0.9942,0.0700,0.1312,0.2537,1001.5947,stationary
1848002,0.0246,0.0051,0.9943,0.1663,0.0700,0.2275,1001.5896,stationary
1848062,0.0249,0.0068,0.9953,0.1312,0.0787,0.2537,1001.5986,stationary
1848122,0.0248,0.0049,0.9967,0.0437,0.0613,0.1838,1001.5962,stationary
1848182,0.0253,0.0042,0.9946,0.1400,0.1750,0.2450,1001.5896,stationary
1848242,0.0262,0.0046,0.9953,0.2100,0.0787,0.2362,1001.5945,stationary
1848302,0.0249,0.0056,0.9941,0.2362,0.0613,0.2713,1001.5911,stationary
1848362,0.0254,0.0046,0.9928,0.1400,0.0350,0.2537,1001.5920,stationary
1848422,0.0259,0.0060,0.9953,0.1925,0.1488,0.1663,1001.6047,stationary
1848482,0.0246,0.0049,0.9953,0.2013,0.1838,0.1838,1001.5876,stationary
1848542,0.0257,0.0053,0.9955,0.0962,0.0700,0.2362,1001.5884,stationary
1848602,0.0259,0.0049,0.9952,0.1663,0.0875,0.2100,1001.5884,stationary
1848662,0.0243,0.0046,0.9950,0.1925,0.0962,0.2625,1001.5952,stationary
1848722,0.0246,0.0041,0.9950,0.1225,0.0875,0.2800,1001.5942,stationary
1848782,0.0252,0.0054,0.9956,0.1925,0.0962,0.2188,1001.5913,stationary
1848842,0.0246,0.0037,0.9948,0.2013,0.1050,0.2275,1001.5913,stationary
1848902,0.0258,0.0046,0.9963,0.1225,0.0700,0.2188,1001.5925,stationary
1848962,0.0254,0.0036,0.9951,0.1575,0.0700,0.2100,1001.5962,stationary
1849022,0.0268,0.0052,0.9956,0.2713,0.0875,0.2013,1001.5935,stationary
1849082,0.0249,0.0056,0.9936,0.2013,-0.0088,0.2450,1001.5945,stationary
1849142,0.0251,0.0049,0.9944,0.2450,0.0787,0.2013,1001.5952,stationary
1849202,0.0264,0.0041,0.9941,0.2800,0.0787,0.2362,1001.5923,stationary
1849262,0.0246,0.0053,0.9953,0.2713,-0.0525,0.2625,1001.5906,stationary
1849322,0.0256,0.0051,0.9950,0.2188,0.0700,0.2013,1001.5884,stationary
1849382,0.0268,0.0057,0.9940,0.0875,-0.0262,0.1838,1001.5940,stationary
1849442,0.0242,0.0054,0.9950,0.1663,0.0088,0.2800,1001.5940,stationary
1849502,0.0237,0.0051,0.9965,0.2537,0.0262,0.2100,1001.5908,stationary
1849562,0.0248,0.0048,0.9936,0.2188,0.0262,0.2013,1001.5964,stationary
1849622,0.0245,0.0049,0.9950,0.1838,0.0700,0.2537,1001.5891,stationary
1849682,0.0253,0.0054,0.9936,0.2275,0.0437,0.2100,1001.5881,stationary
1849742,0.0242,0.0053,0.9930,0.1312,0.2100,0.2713,1001.5874,stationary
1849802,0.0241,0.0049,0.9936,0.3063,0.1488,0.2188,1001.5867,stationary
1849862,0.0251,0.0045,0.9948,0.1312,0.0787,0.2887,1001.5869,stationary
1849922,0.0258,0.0052,0.9955,0.0613,0.1663,0.1750,1001.5874,stationary
1849982,0.0259,0.0052,0.9956,0.0350,0.1750,0.3063,1001.5945,stationary
1850042,0.0258,0.0061,0.9947,0.1138,0.0613,0.2450,1001.5920,stationary
1850102,0.0259,0.0046,0.9950,0.1050,0.1138,0.2100,1001.5918,stationary
1850162,0.0257,0.0049,0.9966,0.0350,-0.0262,0.2450,1001.5952,stationary
1850222,0.0249,0.0049,0.9946,0.1488,0.1312,0.2450,1001.5935,stationary
1850282,0.0256,0.0041,0.9948,0.1575,0.0525,0.2188,1001.5938,stationary
1850342,0.0266,0.0051,0.9957,0.0700,0.0437,0.2362,1001.5947,stationary
1850402,0.0253,0.0049,0.9941,0.1838,0.2013,0.2800,1001.5916,stationary
1850462,0.0267,0.0061,0.9963,0.1925,0.0875,0.2013,1001.5906,stationary
1850522,0.0264,0.0045,0.9951,0.1138,0.0613,0.2800,1001.5969,stationary
1850582,0.0254,0.0060,0.9955,0.0875,0.1750,0.2013,1001.5869,stationary
1850642,0.0261,0.0049,0.9938,0.1400,0.0787,0.2362,1001.5864,stationary
1850702,0.0260,0.0041,0.9941,0.2188,0.1312,0.2188,1001.5935,stationary
1850762,0.0256,0.0054,0.9955,0.1050,0.0613,0.1663,1001.5945,stationary
1850822,0.0246,0.0041,0.9943,0.0787,0.0700,0.2450,1001.5918,stationary
1850882,0.0264,0.0041,0.9956,0.0088,0.1312,0.2625,1001.5869,stationary
1850942,0.0256,0.0041,0.9958,0.1925,0.0175,0.2800,1001.5967,stationary
1851002,0.0249,0.0043,0.9955,0.2713,0.0262,0.1925,1001.5959,stationary
1851062,0.0246,0.0041,0.9950,0.1488,0.0525,0.2362,1001.5923,stationary
1851122,0.0259,0.0049,0.9958,0.2188,0.1138,0.1838,1001.5923,stationary
1851182,0.0242,0.0059,0.9957,0.1925,0.1400,0.1663,1001.5935,stationary
1851242,0.0254,0.0051,0.9960,0.1750,0.0700,0.1575,1001.5977,stationary
1851302,0.0264,0.0042,0.9967,0.1575,0.0962,0.1925,1001.5813,stationary
1851362,0.0244,0.0063,0.9953,0.1138,0.1225,0.2537,1001.5903,stationary
1851422,0.0249,0.0048,0.9966,0.0787,0.1050,0.2100,1001.5850,stationary
1851482,0.0259,0.0066,0.9963,0.2013,0.1050,0.2713,1001.6001,stationary
1851542,0.0258,0.0056,0.9942,0.2275,0.0525,0.2450,1001.5928,stationary
1851602,0.0249,0.0044,0.9955,0.1488,0.1575,0.2100,1001.5891,stationary
1851662,0.0257,0.0037,0.9943,0.1225,0.1225,0.2625,1001.5930,stationary
1851722,0.0251,0.0063,0.9957,0.1750,0.0875,0.2450,1001.5942,stationary
1851782,0.0248,0.0049,0.9948,0.1312,0.1225,0.2450,1001.5969,stationary
1851842,0.0254,0.0059,0.9953,0.1575,0.1838,0.2275,1001.5999,stationary
1851902,0.0246,0.0041,0.9945,0.1925,0.0350,0.2188,1001.5911,stationary
1851962,0.0247,0.0071,0.9938,0.1663,0.1400,0.2013,1001.5913,stationary
1852022,0.0243,0.0045,0.9931,0.0787,0.0088,0.2188,1001.5986,stationary
1852082,0.0252,0.0077,0.9956,0.1488,0.0613,0.1575,1001.5911,stationary
1852142,0.0258,0.0029,0.9964,0.2450,0.0088,0.2450,1001.5884,stationary
1852202,0.0264,0.0056,0.9947,0.1488,0.0175,0.2713,1001.5964,stationary
1852262,0.0246,0.0045,0.9960,0.1750,0.2625,0.2450,1001.5933,stationary
1852322,0.0248,0.0056,0.9948,0.2275,0.0700,0.2625,1001.5955,stationary
1852382,0.0246,0.0049,0.9951,0.2013,0.0962,0.1925,1001.5925,stationary
1852442,0.0271,0.0056,0.9941,0.1575,0.1138,0.2800,1001.5935,stationary
1852502,0.0254,0.0044,0.9960,0.1925,0.1225,0.2975,1001.5935,stationary
1852562,0.0251,0.0051,0.9955,0.1575,0.0787,0.2450,1001.5911,stationary
1852622,0.0241,0.0046,0.9933,0.1663,0.1400,0.1663,1001.5845,stationary
1852682,0.0256,0.0046,0.9958,0.1575,0.1050,0.3063,1001.5984,stationary
1852742,0.0258,0.0049,0.9959,0.0437,0.0525,0.2537,1001.5955,stationary
1852802,0.0266,0.0045,0.9953,0.1138,0.0437,0.2275,1001.5906,stationary
1852862,0.0258,0.0048,0.9933,0.2450,0.0875,0.1663,1001.5967,stationary
1852922,0.0249,0.0063,0.9945,0.0962,0.0962,0.2362,1001.5901,stationary
1852982,0.0268,0.0052,0.9966,0.1488,0.1312,0.2275,1001.5972,stationary
1853042,0.0268,0.0059,0.9942,0.0700,0.0262,0.2625,1001.5981,stationary
1853102,0.0259,0.0040,0.9941,0.1838,0.0525,0.2975,1001.5847,stationary
1853162,0.0256,0.0054,0.9967,0.1050,0.0175,0.2537,1001.6074,stationary
1853222,0.0271,0.0039,0.9933,0.1838,0.0525,0.2800,1001.5994,stationary
1853282,0.0251,0.0039,0.9948,0.2625,0.0000,0.2362,1001.5842,stationary
1853342,0.0256,0.0063,0.9956,0.2013,0.1225,0.2100,1001.5945,stationary
1853402,0.0248,0.0048,0.9955,0.1925,0.0700,0.2100,1001.6003,stationary
1853462,0.0254,0.0039,0.9947,0.2625,0.1138,0.2100,1001.5972,stationary
1853522,0.0263,0.0044,0.9941,0.1225,0.0613,0.2275,1001.6011,stationary
1853582,0.0261,0.0060,0.9948,0.1138,0.1488,0.2537,1001.5781,stationary
1853642,0.0259,0.0054,0.9955,0.1050,0.0613,0.2975,1001.5947,stationary
1853702,0.0248,0.0045,0.9945,0.1312,0.0962,0.2362,1001.5999,stationary
1853762,0.0266,0.0043,0.9948,0.1575,0.1050,0.2362,1001.5874,stationary
1853822,0.0246,0.0051,0.9960,0.1138,0.1050,0.2537,1001.5879,stationary
1853882,0.0264,0.0052,0.9950,0.1400,0.1225,0.2275,1001.5972,stationary
1853942,0.0256,0.0061,0.9948,0.1750,0.1225,0.2537,1001.5967,stationary
1854002,0.0259,0.0042,0.9948,0.2275,0.0525,0.2275,1001.5911,stationary
1854062,0.0257,0.0059,0.9944,0.3063,0.1838,0.2887,1001.5957,stationary
1854122,0.0246,0.0063,0.9960,0.0700,0.0787,0.2713,1001.5837,stationary
1854182,0.0261,0.0044,0.9957,0.2275,0.0875,0.2800,1001.5996,stationary
1854242,0.0259,0.0054,0.9953,0.1050,0.0875,0.2887,1001.5920,stationary
1854302,0.0261,0.0061,0.9941,0.2013,0.1050,0.2100,1001.5833,stationary
1854362,0.0259,0.0056,0.9955,0.0787,0.1050,0.2362,1001.5854,stationary
1854422,0.0252,0.0059,0.9933,0.1488,0.0700,0.1838,1001.6035,stationary
1854482,0.0244,0.0060,0.9931,0.2362,0.0350,0.2188,1001.5894,stationary
1854542,0.0266,0.0047,0.9965,0.0613,0.0700,0.2800,1001.5908,stationary
1854602,0.0268,0.0054,0.9939,0.2013,0.0700,0.2100,1001.5796,stationary
1854662,0.0254,0.0046,0.9950,0.1400,0.2100,0.0787,1001.5840,stationary
1854722,0.0249,0.0061,0.9941,0.1138,0.0787,0.2013,1001.5930,stationary
1854782,0.0247,0.0051,0.9943,0.1575,0.0350,0.2362,1001.5840,stationary
1854842,0.0276,0.0053,0.9936,0.0875,0.1138,0.2537,1001.5928,stationary
1854902,0.0248,0.0052,0.9939,0.1138,0.0262,0.2362,1001.5996,stationary
1854962,0.0239,0.0046,0.9955,0.1488,0.0088,0.2013,1001.5916,stationary
1855022,0.0261,0.0044,0.9950,0.1750,0.2275,0.2537,1001.5938,stationary
1855082,0.0259,0.0054,0.9948,0.1925,0.1138,0.2713,1001.5820,stationary
1855142,0.0251,0.0056,0.9945,0.1400,0.0787,0.2188,1001.5940,stationary
1855202,0.0256,0.0049,0.9950,0.0962,0.0437,0.2450,1001.5889,stationary
1855262,0.0259,0.0063,0.9960,0.1838,0.0700,0.2013,1001.5984,stationary
1855322,0.0253,0.0056,0.9961,0.1488,0.1575,0.1925,1001.5935,stationary
1855382,0.0256,0.0043,0.9950,0.1400,0.0262,0.2275,1001.5857,stationary
1855442,0.0259,0.0054,0.9938,0.1488,0.0437,0.2275,1001.5879,stationary
1855502,0.0266,0.0046,0.9928,0.1575,0.0175,0.2450,1001.5947,stationary
1855562,0.0253,0.0059,0.9941,0.1138,0.0088,0.2450,1001.5969,stationary
1855622,0.0251,0.0064,0.9963,0.1400,0.1488,0.2100,1001.5867,stationary
1855682,0.0264,0.0043,0.9951,0.2013,0.0962,0.2100,1001.5962,stationary
1855742,0.0237,0.0049,0.9952,0.2013,0.1400,0.2537,1001.6001,stationary
1855802,0.0248,0.0056,0.9962,0.1838,0.0700,0.2013,1001.5894,stationary
1855862,0.0258,0.0046,0.9950,0.0962,0.2013,0.2537,1001.5869,stationary
1855922,0.0261,0.0031,0.9943,0.1400,0.0613,0.1400,1001.5986,stationary
1855982,0.0230,0.0054,0.9950,0.2275,0.0962,0.2100,1001.5959,stationary
1856042,0.0259,0.0044,0.9948,0.2013,0.1925,0.2362,1001.5979,stationary
1856102,0.0249,0.0047,0.9941,0.1750,0.0350,0.2800,1001.6033,stationary
1856162,0.0246,0.0051,0.9950,0.2362,0.1488,0.2800,1001.5913,stationary
1856222,0.0264,0.0049,0.9939,0.2537,0.1488,0.2188,1001.6042,stationary
1856282,0.0270,0.0063,0.9948,0.0787,0.0437,0.2275,1001.5913,stationary
1856342,0.0256,0.0049,0.9963,0.1925,0.1488,0.2713,1001.5916,stationary
1856402,0.0249,0.0063,0.9941,0.1400,0.1225,0.2188,1001.5979,stationary
1856462,0.0260,0.0044,0.9938,0.2188,0.1488,0.2100,1001.5920,stationary
1856522,0.0254,0.0046,0.9950,0.1925,0.0437,0.2625,1001.6060,stationary
1856582,0.0246,0.0042,0.9951,0.0875,0.0525,0.2013,1001.6033,stationary
1856642,0.0251,0.0037,0.9946,0.2537,0.1575,0.2450,1001.5979,stationary
1856702,0.0261,0.0046,0.9933,0.2013,0.1138,0.1750,1001.5884,stationary
1856762,0.0249,0.0053,0.9940,0.1575,0.0525,0.2275,1001.6001,stationary
1856822,0.0266,0.0042,0.9974,0.1663,0.0613,0.2188,1001.5962,stationary
1856882,0.0259,0.0049,0.9958,0.2362,0.1750,0.2275,1001.5886,stationary
1856942,0.0271,0.0066,0.9970,0.1400,0.0787,0.2100,1001.5972,stationary
1857002,0.0254,0.0049,0.9948,0.2188,-0.0175,0.2100,1001.5894,stationary
1857062,0.0252,0.0049,0.9936,0.1575,-0.0262,0.2713,1001.5886,stationary
1857122,0.0249,0.0059,0.9953,0.2275,0.0437,0.2713,1001.6055,stationary
1857182,0.0263,0.0064,0.9958,0.1488,0.0787,0.1838,1001.5916,stationary
1857242,0.0254,0.0039,0.9929,0.1050,0.0700,0.1925,1001.5884,stationary
1857302,0.0249,0.0039,0.9950,0.1488,0.1138,0.2450,1001.6021,stationary
1857362,0.0254,0.0066,0.9947,0.1750,0.1312,0.2537,1001.5933,stationary
1857422,0.0256,0.0054,0.9962,0.2275,-0.0175,0.2450,1001.5894,stationary
1857482,0.0264,0.0059,0.9933,0.2188,0.0787,0.2362,1001.5918,stationary
1857542,0.0256,0.0059,0.9955,0.1400,0.0962,0.2100,1001.5879,stationary
1857602,0.0254,0.0047,0.9933,0.1750,0.0787,0.2625,1001.5920,stationary
1857662,0.0242,0.0048,0.9948,0.1050,0.1400,0.2625,1001.5940,stationary
1857722,0.0252,0.0051,0.9924,0.1838,0.1488,0.2537,1001.5984,stationary
1857782,0.0259,0.0057,0.9945,0.1138,0.0962,0.2100,1001.5935,stationary
1857842,0.0249,0.0034,0.9967,0.2013,0.1312,0.2887,1001.5896,stationary
1857902,0.0261,0.0044,0.9944,0.1663,0.1138,0.2275,1001.5959,stationary
1857962,0.0249,0.0064,0.9943,0.2275,0.1225,0.2275,1001.5925,stationary
1858022,0.0261,0.0039,0.9942,0.1575,0.0787,0.2450,1001.5940,stationary
1858082,0.0244,0.0059,0.9955,0.1400,0.1663,0.2013,1001.5974,stationary
1858142,0.0263,0.0044,0.9950,0.1750,-0.0088,0.2362,1001.5901,stationary
1858202,0.0268,0.0041,0.9948,0.1050,0.1138,0.2013,1001.5996,stationary
1858262,0.0262,0.0049,0.9957,0.1663,0.0787,0.1925,1001.5969,stationary
1858322,0.0256,0.0047,0.9955,0.0700,0.0787,0.1488,1001.5952,stationary
1858382,0.0248,0.0054,0.9955,0.1312,0.0613,0.2188,1001.5952,stationary
1858442,0.0259,0.0046,0.9972,0.1050,0.0787,0.2362,1001.5969,stationary
1858502,0.0264,0.0054,0.9945,0.2450,0.1575,0.1750,1001.5964,stationary
1858562,0.0261,0.0049,0.9944,0.1138,0.0613,0.2800,1001.5933,stationary
1858622,0.0261,0.0051,0.9945,0.0700,-0.0875,0.2625,1001.5977,stationary
1858682,0.0249,0.0056,0.9936,0.0787,0.1312,0.2713,1001.5974,stationary
1858742,0.0261,0.0047,0.9953,0.1838,0.0875,0.2188,1001.5955,stationary
1858802,0.0263,0.0051,0.9944,0.1838,0.0350,0.2713,1001.5977,stationary
1858862,0.0264,0.0054,0.9962,0.1050,0.0875,0.1838,1001.5930,stationary
1858922,0.0252,0.0049,0.9948,0.1750,0.1312,0.2537,1001.5962,stationary
1858982,0.0251,0.0037,0.9945,0.2625,0.1750,0.2625,1001.5918,stationary
1859042,0.0262,0.0063,0.9936,0.1838,0.0787,0.2100,1001.5891,stationary
1859102,0.0239,0.0058,0.9936,0.1312,0.0787,0.1575,1001.5820,stationary
1859162,0.0262,0.0053,0.9948,0.2100,0.1225,0.2100,1001.5930,stationary
1859222,0.0252,0.0066,0.9958,0.1663,0.0525,0.2362,1001.5972,stationary
1859282,0.0249,0.0059,0.9943,0.1925,0.1225,0.1750,1001.5945,stationary
1859342,0.0249,0.0034,0.9936,0.1138,0.0875,0.2188,1001.5911,stationary
1859402,0.0252,0.0045,0.9965,0.1400,0.0350,0.1925,1001.5928,stationary
1859462,0.0237,0.0053,0.9942,0.2100,0.0700,0.2537,1001.5918,stationary
1859522,0.0248,0.0034,0.9955,0.1663,0.1312,0.2625,1001.6040,stationary
1859582,0.0245,0.0054,0.9960,0.2013,0.0875,0.2100,1001.5950,stationary
1859642,0.0248,0.0049,0.9947,0.2625,0.0962,0.3150,1001.5996,stationary
1859702,0.0251,0.0048,0.9938,0.1400,0.0175,0.2362,1001.5938,stationary
1859762,0.0253,0.0051,0.9926,0.1400,0.0262,0.2100,1001.5996,stationary
1859822,0.0258,0.0049,0.9950,0.0787,0.0613,0.2887,1001.5923,stationary
1859882,0.0243,0.0049,0.9941,0.2100,0.0787,0.1488,1001.5859,stationary
1859942,0.0249,0.0054,0.9955,0.2013,0.1138,0.2537,1001.5916,stationary
1860002,0.0254,0.0054,0.9958,0.1925,0.0262,0.1925,1001.5984,stationary
1860062,0.0270,0.0044,0.9945,0.1838,0.0262,0.2625,1001.5916,stationary
1860122,0.0246,0.0041,0.9960,0.1925,0.0088,0.2188,1001.5898,stationary
1860182,0.0264,0.0054,0.9953,0.1838,0.1225,0.1925,1001.5959,stationary
1860242,0.0271,0.0044,0.9958,0.1925,0.0962,0.2537,1001.5972,stationary
1860302,0.0256,0.0046,0.9943,0.1750,0.0787,0.2537,1001.5969,stationary
1860362,0.0273,0.0056,0.9950,0.1488,0.1050,0.2450,1001.5913,stationary
1860422,0.0259,0.0056,0.9943,0.1312,0.1575,0.2537,1001.5952,stationary
1860482,0.0239,0.0047,0.9955,0.1750,0.0350,0.2537,1001.5947,stationary
1860542,0.0232,0.0049,0.9947,0.0613,0.0875,0.2275,1001.5945,stationary
1860602,0.0264,0.0054,0.9928,0.2537,0.1575,0.2275,1001.6025,stationary
1860662,0.0266,0.0054,0.9953,0.1575,0.0262,0.2275,1001.5942,stationary
1860722,0.0256,0.0054,0.9962,0.2275,0.1050,0.1925,1001.5986,stationary
1860782,0.0248,0.0071,0.9933,0.0875,0.0088,0.2713,1001.5874,stationary
1860842,0.0247,0.0046,0.9950,0.1400,0.0088,0.2537,1001.6021,stationary
1860902,0.0259,0.0042,0.9960,0.1312,0.1138,0.2625,1001.5972,stationary
1860962,0.0266,0.0039,0.9953,0.1488,0.0088,0.1925,1001.5947,stationary
1861022,0.0239,0.0051,0.9931,0.2362,0.1312,0.2188,1001.5886,stationary
1861082,0.0244,0.0041,0.9960,0.1575,0.0613,0.2800,1001.5818,stationary
1861142,0.0259,0.0056,0.9958,0.1663,0.0437,0.3063,1001.5969,stationary
1861202,0.0264,0.0041,0.9953,0.2362,0.0875,0.2362,1001.6023,stationary
1861262,0.0262,0.0049,0.9958,0.0787,0.0088,0.2625,1001.6018,stationary
1861322,0.0268,0.0032,0.9948,0.1663,0.0613,0.1925,1001.5986,stationary
1861382,0.0248,0.0053,0.9958,0.2013,0.1488,0.2800,1001.5962,stationary
1861442,0.0266,0.0061,0.9936,0.1838,0.0088,0.2625,1001.5930,stationary
1861502,0.0265,0.0056,0.9944,0.1750,0.0525,0.2275,1001.5930,stationary
1861562,0.0266,0.0047,0.9955,0.1225,0.0962,0.2275,1001.6023,stationary
1861622,0.0259,0.0040,0.9968,0.2275,0.0525,0.2362,1001.5962,stationary
1861682,0.0262,0.0051,0.9959,0.1838,0.1138,0.2362,1001.5984,stationary
1861742,0.0256,0.0061,0.9956,0.1750,0.1312,0.2625,1001.5879,stationary
1861802,0.0259,0.0042,0.9950,0.1050,0.1050,0.2450,1001.6018,stationary
1861862,0.0259,0.0054,0.9941,0.1400,0.0350,0.2100,1001.5981,stationary
1861922,0.0254,0.0052,0.9941,0.1138,0.1225,0.3063,1001.5925,stationary
1861982,0.0237,0.0042,0.9935,0.1312,0.1312,0.2275,1001.5928,stationary
1862042,0.0251,0.0049,0.9953,0.1225,0.0175,0.2188,1001.5940,stationary
1862102,0.0256,0.0039,0.9945,0.3063,0.0700,0.2450,1001.5901,stationary
1862162,0.0259,0.0039,0.9939,0.2275,0.0962,0.2275,1001.5920,stationary
1862222,0.0267,0.0049,0.9958,0.2362,0.0962,0.2188,1001.5950,stationary
1862282,0.0264,0.0054,0.9946,0.2013,0.1138,0.2188,1001.5957,stationary
1862342,0.0251,0.0054,0.9960,0.1925,0.0962,0.2275,1001.5979,stationary
1862402,0.0249,0.0038,0.9939,0.1750,0.0875,0.1575,1001.6033,stationary
1862462,0.0266,0.0065,0.9950,0.0875,0.0175,0.2625,1001.5972,stationary
1862522,0.0271,0.0048,0.9960,0.1575,0.2013,0.1838,1001.5942,stationary
1862582,0.0268,0.0046,0.9961,0.2275,0.0700,0.2275,1001.5977,stationary
1862642,0.0254,0.0048,0.9952,0.1488,0.1488,0.2887,1001.5935,stationary
1862702,0.0242,0.0045,0.9931,0.2887,0.0525,0.1663,1001.5940,stationary
1862762,0.0239,0.0041,0.9934,0.1050,0.0437,0.2100,1001.6006,stationary
1862822,0.0251,0.0054,0.9968,0.1488,0.0088,0.2275,1001.5986,stationary
1862882,0.0263,0.0043,0.9956,0.1400,0.0088,0.2450,1001.5950,stationary
1862942,0.0246,0.0059,0.9950,0.1400,0.2188,0.1225,1001.5916,stationary
1863002,0.0261,0.0056,0.9936,0.2013,0.1312,0.1925,1001.5847,stationary
1863062,0.0253,0.0049,0.9947,0.1750,0.1138,0.2537,1001.5979,stationary
1863122,0.0244,0.0036,0.9946,0.2188,0.0613,0.2713,1001.5974,stationary
1863182,0.0264,0.0048,0.9947,0.0525,0.0437,0.2275,1001.5979,stationary
1863242,0.0270,0.0041,0.9943,0.1050,0.0787,0.2013,1001.5977,stationary
1863302,0.0273,0.0046,0.9955,0.1663,0.0787,0.2713,1001.5952,stationary
1863362,0.0269,0.0046,0.9953,0.2625,-0.0437,0.2800,1001.5898,stationary
1863422,0.0236,0.0049,0.9960,0.1663,0.1225,0.2625,1001.6016,stationary
1863482,0.0232,0.0051,0.9939,0.1488,0.0088,0.2537,1001.5964,stationary
1863542,0.0256,0.0053,0.9943,0.2188,-0.0088,0.2188,1001.6023,stationary
1863602,0.0259,0.0046,0.9942,0.1312,0.0700,0.2450,1001.5906,stationary
1863662,0.0254,0.0038,0.9950,0.2100,0.1488,0.2887,1001.5928,stationary
1863722,0.0246,0.0040,0.9957,0.1663,0.1138,0.1750,1001.6047,stationary
1863782,0.0232,0.0054,0.9938,0.1050,0.0525,0.1838,1001.5986,stationary
1863842,0.0242,0.0057,0.9942,0.1138,0.0525,0.2887,1001.5996,stationary
1863902,0.0252,0.0041,0.9938,0.2625,0.1575,0.2362,1001.5913,stationary
1863962,0.0267,0.0052,0.9963,0.0962,-0.0437,0.2450,1001.6001,stationary
1864022,0.0265,0.0041,0.9945,0.1925,0.0175,0.2188,1001.5840,stationary
1864082,0.0254,0.0056,0.9943,0.1838,0.0700,0.1838,1001.6013,stationary
1864142,0.0239,0.0048,0.9939,0.1575,0.0787,0.2013,1001.6025,stationary
1864202,0.0246,0.0059,0.9958,0.1750,0.0787,0.2450,1001.5967,stationary
1864262,0.0254,0.0059,0.9970,0.2100,0.1663,0.1925,1001.6035,stationary
1864322,0.0256,0.0043,0.9961,0.2975,0.0700,0.1925,1001.5996,stationary
1864382,0.0273,0.0047,0.9958,0.2188,0.1225,0.2275,1001.5862,stationary
1864442,0.0253,0.0063,0.9938,0.1750,0.0000,0.2013,1001.6025,stationary
1864502,0.0257,0.0063,0.9938,0.1400,0.1400,0.2450,1001.5916,stationary
1864562,0.0254,0.0041,0.9941,0.0962,0.0437,0.2275,1001.6018,stationary
1864622,0.0247,0.0057,0.9958,0.2713,0.0962,0.2537,1001.5981,stationary
1864682,0.0254,0.0056,0.9941,0.0700,0.0875,0.2275,1001.6077,stationary
1864742,0.0256,0.0038,0.9938,0.1225,0.0787,0.2537,1001.5872,stationary
1864802,0.0243,0.0044,0.9945,0.2275,0.2013,0.2537,1001.6001,stationary
1864862,0.0244,0.0053,0.9942,0.1050,0.1312,0.2537,1001.6013,stationary
1864922,0.0254,0.0051,0.9939,0.1488,0.0000,0.2450,1001.6096,stationary
1864982,0.0264,0.0038,0.9925,0.1050,0.0962,0.3063,1001.6038,stationary
1865042,0.0242,0.0042,0.9951,0.2100,0.1488,0.2275,1001.5974,stationary
1865102,0.0248,0.0070,0.9945,0.1050,0.1312,0.2713,1001.5964,stationary
1865162,0.0234,0.0053,0.9933,0.1750,0.0088,0.2537,1001.6040,stationary
1865222,0.0257,0.0059,0.9939,0.1925,0.1488,0.2537,1001.6057,stationary
1865282,0.0259,0.0039,0.9952,0.0962,0.0262,0.2362,1001.5999,stationary
1865342,0.0254,0.0054,0.9955,0.1488,-0.0262,0.2362,1001.6069,stationary
1865402,0.0270,0.0040,0.9951,0.0700,0.0088,0.2713,1001.5984,stationary
1865462,0.0263,0.0064,0.9938,0.0962,0.0875,0.2188,1001.5979,stationary
1865522,0.0245,0.0041,0.9935,0.2713,0.0262,0.2450,1001.5857,stationary
1865582,0.0245,0.0056,0.9943,0.1400,0.0262,0.1925,1001.6008,stationary
1865642,0.0248,0.0090,1.0014,0.2975,0.1663,0.2625,1001.6028,stationary
1865702,0.0268,0.0091,0.9980,0.1750,0.1138,0.2713,1001.6055,stationary
1865762,0.0268,0.0064,0.9939,0.2100,0.0175,0.2537,1001.5925,stationary
1865822,0.0260,0.0061,0.9936,0.1400,0.0175,0.2100,1001.6082,stationary
1865882,0.0225,0.0020,0.9970,0.1838,0.1750,0.2013,1001.5996,stationary
1865942,0.0244,0.0112,0.9955,0.0962,0.0350,0.2100,1001.6060,stationary
1866002,0.0264,0.0009,0.9950,0.0700,0.2013,0.2362,1001.6060,stationary
1866062,0.0264,0.0088,0.9948,0.1050,-0.0088,0.1663,1001.5969,stationary
1866122,0.0249,0.0082,0.9941,0.3413,-0.0350,0.1925,1001.5942,stationary
1866182,0.0248,0.0017,0.9941,0.2013,0.1838,0.2713,1001.5955,stationary
1866242,0.0242,0.0037,0.9923,0.3413,0.0350,0.3500,1001.5879,stationary
1866302,0.0283,-0.0007,1.0031,0.4638,-0.0700,0.3500,1001.5957,stationary
1866362,0.0219,0.0001,0.9789,0.0787,-0.0262,0.2625,1001.6013,stationary
1866422,0.0256,0.0159,0.9989,0.4025,0.1312,0.2713,1001.6040,stationary
1866482,0.0346,0.0117,1.0167,0.0350,0.5337,0.2362,1001.5999,stationary
1866542,0.0288,0.0099,0.9992,0.2450,0.3063,0.2013,1001.6089,stationary
1866602,0.0212,0.0071,0.9927,0.2450,0.1225,0.2450,1001.6021,stationary
1866662,0.0237,0.0017,0.9953,0.1225,0.1225,0.2013,1001.6069,stationary
1866722,0.0254,0.0022,0.9953,0.0437,0.0962,0.2713,1001.5935,stationary
1866782,0.0266,0.0054,0.9931,0.2713,0.0613,0.2362,1001.5984,stationary
1866842,0.0251,0.0063,0.9952,0.2625,0.1575,0.2537,1001.6050,stationary
1866902,0.0234,0.0092,0.9936,0.1138,0.1575,0.2188,1001.5916,stationary
1866962,0.0268,0.0048,0.9947,0.0875,-0.0613,0.1488,1001.5935,stationary
1867022,0.0251,0.0076,0.9991,0.0613,0.0350,0.1575,1001.5955,stationary
1867082,0.0282,0.0020,0.9936,-0.0787,-0.0437,0.2013,1001.6145,stationary
1867142,0.0300,-0.0108,0.9967,0.0088,0.0175,0.3938,1001.6125,stationary
1867202,0.0271,-0.0002,0.9928,0.3762,0.1925,0.2013,1001.6028,stationary
1867262,0.0212,0.0156,0.9961,0.1225,0.0437,0.1575,1001.5979,stationary
1867322,0.0232,0.0010,0.9992,0.0262,0.0875,0.1663,1001.6003,stationary
1867382,0.0242,0.0047,0.9923,0.1312,0.1050,0.2713,1001.5925,stationary
1867442,0.0273,-0.0013,0.9914,0.2100,-0.0088,0.3063,1001.6018,stationary
1867502,0.0278,0.0068,0.9986,0.1750,0.0088,0.2975,1001.5981,stationary
1867562,0.0260,0.0063,0.9933,0.1312,0.1225,0.2537,1001.6045,stationary
1867622,0.0258,0.0083,0.9970,0.0262,0.0875,0.1488,1001.6045,stationary
1867682,0.0225,0.0015,0.9882,0.0613,-0.0437,0.2100,1001.5964,stationary
1867742,0.0289,0.0068,0.9931,0.3675,0.1138,0.3237,1001.5916,stationary
1867802,0.0234,0.0107,0.9984,0.1312,0.1225,0.1312,1001.5923,stationary
1867862,0.0215,0.0083,0.9984,0.0613,0.1575,-0.0350,1001.5940,stationary
1867922,0.0259,0.0066,0.9944,-0.0350,-0.0088,0.1575,1001.5940,stationary
1867982,0.0256,0.0046,0.9953,0.0787,0.0787,0.2975,1001.5903,stationary
1868042,0.0264,0.0022,0.9958,0.0525,0.0437,0.1488,1001.5964,stationary
1868102,0.0271,0.0025,0.9967,0.2887,0.1050,0.1663,1001.5957,stationary
1868162,0.0268,0.0068,0.9941,0.1838,0.0962,0.2013,1001.5894,stationary
1868222,0.0259,0.0054,0.9950,0.0525,0.1575,0.3063,1001.5940,stationary
1868282,0.0261,0.0059,0.9966,0.1663,0.1050,0.2975,1001.5928,stationary
1868342,0.0248,0.0061,0.9938,0.2275,0.0787,0.2100,1001.6057,stationary
1868402,0.0257,0.0054,0.9945,0.1925,0.0875,0.2275,1001.5938,stationary
1868462,0.0261,0.0040,0.9960,0.1312,0.1225,0.2625,1001.5989,stationary
1868522,0.0251,0.0048,0.9952,0.2537,0.1225,0.2275,1001.6035,stationary
1868582,0.0252,0.0042,0.9945,0.2100,0.0525,0.1838,1001.6050,stationary
1868642,0.0261,0.0060,0.9948,0.1575,0.0262,0.1663,1001.5930,stationary
1868702,0.0249,0.0057,0.9939,0.1225,0.0437,0.2800,1001.5957,stationary
1868762,0.0249,0.0034,0.9951,0.1312,0.1925,0.2362,1001.6011,stationary
1868822,0.0260,0.0043,0.9958,0.1488,0.0262,0.2275,1001.6001,stationary
1868882,0.0264,0.0043,0.9936,0.2713,0.0525,0.2100,1001.5974,stationary
1868942,0.0254,0.0052,0.9943,0.1312,0.1400,0.2100,1001.6016,stationary
1869002,0.0247,0.0052,0.9940,0.1750,0.1838,0.2800,1001.5999,stationary
1869062,0.0249,0.0057,0.9936,0.1750,0.1050,0.2013,1001.5923,stationary
1869122,0.0241,0.0038,0.9953,0.1400,0.0875,0.1925,1001.5981,stationary
1869182,0.0256,0.0037,0.9945,0.1488,0.0962,0.2537,1001.5999,stationary
1869242,0.0274,0.0044,0.9938,0.2362,0.0262,0.2537,1001.6038,stationary
1869302,0.0259,0.0046,0.9959,0.2275,0.1225,0.2100,1001.6006,stationary
1869362,0.0271,0.0053,0.9950,0.1225,0.0962,0.1838,1001.5962,stationary
1869422,0.0252,0.0060,0.9933,0.1400,0.0175,0.2362,1001.5972,stationary
1869482,0.0251,0.0054,0.9933,0.1488,0.0525,0.2975,1001.5925,stationary
1869542,0.0254,0.0046,0.9972,0.1575,0.0787,0.2100,1001.6025,stationary
1869602,0.0268,0.0049,0.9963,0.1750,0.1575,0.2450,1001.5864,stationary
1869662,0.0270,0.0047,0.9928,0.0875,0.0175,0.2013,1001.5969,stationary
1869722,0.0248,0.0059,0.9963,0.1663,-0.0175,0.2188,1001.5942,stationary
1869782,0.0246,0.0051,0.9951,0.1488,0.0088,0.2275,1001.5994,stationary
1869842,0.0270,0.0059,0.9965,0.1925,0.0175,0.2275,1001.5989,stationary
1869902,0.0264,0.0063,0.9953,0.2013,0.2100,0.2537,1001.6025,stationary
1869962,0.0256,0.0059,0.9955,0.2013,0.0700,0.2362,1001.5979,stationary
1870022,0.0244,0.0054,0.9948,0.1838,0.2100,0.2625,1001.6045,stationary
1870082,0.0239,0.0054,0.9945,0.1750,0.0262,0.1838,1001.5940,stationary
1870142,0.0261,0.0059,0.9946,0.1488,0.2013,0.2100,1001.5955,stationary
1870202,0.0243,0.0037,0.9931,0.1925,0.1312,0.2188,1001.5938,stationary
1870262,0.0245,0.0039,0.9960,0.1838,0.0525,0.2013,1001.5955,stationary
1870322,0.0254,0.0047,0.9951,0.1838,-0.0088,0.1838,1001.5981,stationary
1870382,0.0266,0.0038,0.9945,0.0875,0.1312,0.2362,1001.6062,stationary
1870442,0.0257,0.0045,0.9956,0.1488,0.2275,0.2362,1001.6033,stationary
1870502,0.0256,0.0049,0.9959,0.2362,0.0875,0.2188,1001.5959,stationary
1870562,0.0264,0.0051,0.9945,0.1750,0.0175,0.2188,1001.5959,stationary
1870622,0.0263,0.0029,0.9942,0.1838,0.0437,0.2450,1001.6006,stationary
1870682,0.0254,0.0039,0.9941,0.1488,0.1400,0.2800,1001.5986,stationary
1870742,0.0244,0.0052,0.9952,0.2537,0.0175,0.2275,1001.5942,stationary
1870802,0.0256,0.0066,0.9931,0.1925,0.0525,0.2975,1001.5935,stationary
1870862,0.0254,0.0037,0.9957,0.0613,0.0962,0.2537,1001.5986,stationary
1870922,0.0256,0.0044,0.9982,0.1750,0.1138,0.2100,1001.6042,stationary
1870982,0.0264,0.0048,0.9952,0.1663,0.0525,0.2537,1001.5974,stationary
1871042,0.0261,0.0063,0.9943,0.2013,-0.0437,0.2188,1001.5957,stationary
1871102,0.0253,0.0053,0.9923,0.1312,0.1138,0.2537,1001.5994,stationary
1871162,0.0251,0.0046,0.9963,0.1488,0.0875,0.1838,1001.5967,stationary
1871222,0.0244,0.0065,0.9951,0.2275,0.0613,0.2975,1001.6035,stationary
1871282,0.0265,0.0065,0.9966,0.1925,0.1663,0.1838,1001.5999,stationary
1871342,0.0259,0.0058,0.9951,0.1400,0.0875,0.2188,1001.5986,stationary
1871402,0.0271,0.0061,0.9952,0.1050,0.1575,0.2188,1001.6003,stationary
1871462,0.0251,0.0056,0.9945,0.0962,0.0613,0.2188,1001.5994,stationary
1871522,0.0254,0.0064,0.9946,0.1663,0.1225,0.2188,1001.5947,stationary
1871582,0.0254,0.0040,0.9941,0.1400,0.1400,0.2188,1001.5952,stationary
1871642,0.0265,0.0061,0.9953,0.1225,0.0175,0.2537,1001.5999,stationary
1871702,0.0254,0.0057,0.9930,0.1925,0.1138,0.2188,1001.5933,stationary
1871762,0.0256,0.0057,0.9925,0.1312,0.1838,0.2537,1001.5964,stationary
1871822,0.0260,0.0035,0.9966,0.1663,0.1225,0.2275,1001.5974,stationary
1871882,0.0251,0.0054,0.9938,0.1663,0.1488,0.2625,1001.6033,stationary
1871942,0.0256,0.0049,0.9947,0.0787,0.1138,0.2362,1001.5986,stationary
1872002,0.0258,0.0047,0.9957,0.2275,0.1925,0.2188,1001.5957,stationary
1872062,0.0254,0.0075,0.9955,0.1050,0.0962,0.2188,1001.5969,stationary
1872122,0.0258,0.0056,0.9968,0.1050,0.0525,0.2713,1001.6016,stationary
1872182,0.0234,0.0056,0.9946,0.1312,-0.0088,0.2188,1001.5996,stationary
1872242,0.0249,0.0045,0.9943,0.1138,0.1400,0.2362,1001.6086,stationary
1872302,0.0249,0.0042,0.9962,0.1750,0.0613,0.2362,1001.5991,stationary
1872362,0.0254,0.0056,0.9963,0.2100,0.0525,0.2450,1001.6001,stationary
1872422,0.0264,0.0044,0.9944,0.0962,0.0962,0.2188,1001.6011,stationary
1872482,0.0251,0.0061,0.9955,0.2013,0.1312,0.2362,1001.6060,stationary
1872542,0.0239,0.0054,0.9941,0.1488,0.0350,0.2450,1001.6033,stationary
1872602,0.0248,0.0049,0.9934,0.1138,0.0613,0.2713,1001.5994,stationary
1872662,0.0278,0.0039,0.9956,0.1400,0.1050,0.2537,1001.6038,stationary
1872722,0.0251,0.0056,0.9958,0.1925,0.1225,0.2713,1001.5952,stationary
1872782,0.0246,0.0039,0.9957,0.2362,0.0613,0.2450,1001.5979,stationary
1872842,0.0249,0.0054,0.9935,0.1312,0.1225,0.1838,1001.5930,stationary
1872902,0.0245,0.0041,0.9938,0.1488,0.1488,0.2275,1001.5854,stationary
1872962,0.0268,0.0041,0.9952,0.2100,0.0350,0.2800,1001.6016,stationary
1873022,0.0266,0.0051,0.9961,0.2100,0.1050,0.2450,1001.5989,stationary
1873082,0.0246,0.0031,0.9953,0.1225,0.0875,0.2188,1001.6016,stationary
1873142,0.0254,0.0053,0.9959,0.1050,0.1050,0.2713,1001.5891,stationary
1873202,0.0240,0.0046,0.9950,0.2013,0.0875,0.2362,1001.5933,stationary
1873262,0.0249,0.0063,0.9936,0.1663,0.1575,0.1838,1001.5876,stationary
1873322,0.0259,0.0041,0.9948,0.1575,0.0875,0.1925,1001.5928,stationary
1873382,0.0251,0.0046,0.9957,0.2013,0.1138,0.2713,1001.5940,stationary
1873442,0.0249,0.0061,0.9951,0.2013,0.1488,0.2188,1001.6089,stationary
1873502,0.0261,0.0053,0.9948,0.1488,0.0613,0.1925,1001.6062,stationary
1873562,0.0254,0.0060,0.9933,0.2100,0.0613,0.2537,1001.6013,stationary
1873622,0.0258,0.0043,0.9948,0.1750,0.0875,0.1575,1001.6008,stationary
1873682,0.0247,0.0047,0.9948,0.1312,0.1838,0.1838,1001.5916,stationary
1873742,0.0254,0.0044,0.9938,0.2713,-0.0088,0.2013,1001.6040,stationary
1873802,0.0252,0.0054,0.9935,0.2713,-0.0262,0.2275,1001.6016,stationary
1873862,0.0244,0.0054,0.9940,0.1488,0.1488,0.2188,1001.5977,stationary
1873922,0.0260,0.0054,0.9957,0.2013,0.0700,0.2537,1001.6067,stationary
1873982,0.0258,0.0064,0.9931,0.2188,0.0700,0.2537,1001.5908,stationary
1874042,0.0249,0.0046,0.9956,0.2013,0.0262,0.2013,1001.5894,stationary
1874102,0.0253,0.0049,0.9955,0.1488,0.0875,0.1925,1001.5962,stationary
1874162,0.0260,0.0060,0.9953,0.2275,0.1138,0.2713,1001.5996,stationary
1874222,0.0242,0.0068,0.9933,0.2100,0.0000,0.2100,1001.5903,stationary
1874282,0.0257,0.0051,0.9950,0.2013,0.0787,0.1838,1001.5959,stationary
1874342,0.0252,0.0075,0.9963,0.0787,0.1488,0.2275,1001.5903,stationary
1874402,0.0247,0.0049,0.9941,0.0787,0.0525,0.2537,1001.5854,stationary
1874462,0.0256,0.0044,0.9944,0.1138,0.0437,0.2800,1001.5984,stationary
1874522,0.0256,0.0049,0.9939,0.1925,0.0613,0.2450,1001.5964,stationary
1874582,0.0256,0.0056,0.9943,0.1663,0.1225,0.2537,1001.5901,stationary
1874642,0.0276,0.0044,0.9943,0.2450,0.1925,0.2362,1001.6079,stationary
1874702,0.0268,0.0056,0.9950,0.1400,0.0088,0.2188,1001.5874,stationary
1874762,0.0254,0.0032,0.9923,0.1663,0.0525,0.3063,1001.5930,stationary
1874822,0.0246,0.0071,0.9942,0.2013,0.1312,0.1663,1001.5850,stationary
1874882,0.0254,0.0058,0.9948,0.1400,0.0613,0.2013,1001.5925,stationary
1874942,0.0271,0.0059,0.9938,0.1400,-0.0787,0.2188,1001.6016,stationary
1875002,0.0271,0.0056,0.9946,0.2362,0.0350,0.2362,1001.5913,stationary
1875062,0.0259,0.0051,0.9955,0.1575,0.0962,0.2188,1001.5928,stationary
1875122,0.0256,0.0049,0.9955,0.1225,0.0700,0.2800,1001.5862,stationary
1875182,0.0259,0.0051,0.9950,0.1488,0.0437,0.2362,1001.5916,stationary
1875242,0.0257,0.0056,0.9946,0.1225,0.0787,0.1750,1001.6047,stationary
1875302,0.0246,0.0054,0.9942,0.1663,0.0437,0.2188,1001.5918,stationary
1875362,0.0268,0.0048,0.9942,0.3063,0.0525,0.2887,1001.5945,stationary
1875422,0.0249,0.0037,0.9945,0.1575,0.0787,0.2537,1001.5933,stationary
1875482,0.0253,0.0051,0.9942,0.2362,0.0437,0.1400,1001.5969,stationary
1875542,0.0254,0.0054,0.9950,0.1225,0.0525,0.2800,1001.5898,stationary
1875602,0.0236,0.0052,0.9931,0.0700,0.0175,0.2275,1001.6089,stationary
1875662,0.0263,0.0051,0.9945,0.1925,0.1138,0.2625,1001.5974,stationary
1875722,0.0251,0.0042,0.9965,0.2100,0.2013,0.1663,1001.6045,stationary
1875782,0.0254,0.0040,0.9948,0.1488,0.1138,0.3150,1001.6077,stationary
1875842,0.0259,0.0046,0.9953,0.0875,0.0350,0.2800,1001.5989,stationary
1875902,0.0256,0.0057,0.9950,0.1575,0.1400,0.2537,1001.5928,stationary
1875962,0.0256,0.0056,0.9919,0.2013,-0.0175,0.1925,1001.5852,stationary
1876022,0.0251,0.0037,0.9955,0.1663,0.0787,0.2713,1001.5916,stationary
1876082,0.0259,0.0044,0.9953,0.1663,0.0525,0.2362,1001.5916,stationary
1876142,0.0266,0.0049,0.9939,0.1750,0.1225,0.2537,1001.5967,stationary
1876202,0.0246,0.0044,0.9953,0.2887,0.0875,0.2625,1001.5994,stationary
1876262,0.0246,0.0060,0.9945,0.1750,0.1663,0.1750,1001.5977,stationary
1876322,0.0253,0.0027,0.9946,0.1488,0.0787,0.1838,1001.6050,stationary
1876382,0.0259,0.0071,0.9948,0.1225,0.0437,0.2100,1001.5869,stationary
1876442,0.0246,0.0041,0.9946,0.1050,0.0700,0.2013,1001.5957,stationary
1876502,0.0261,0.0049,0.9946,0.2100,0.0962,0.2275,1001.5906,stationary
1876562,0.0251,0.0047,0.9950,0.1050,-0.0175,0.3063,1001.5923,stationary
1876622,0.0259,0.0060,0.9958,0.1838,-0.0088,0.2537,1001.5884,stationary
1876682,0.0267,0.0051,0.9956,0.1925,0.0875,0.2100,1001.5967,stationary
1876742,0.0254,0.0034,0.9942,0.1138,0.1838,0.2188,1001.5991,stationary
1876802,0.0243,0.0051,0.9953,0.1225,0.1050,0.2188,1001.5962,stationary
1876862,0.0242,0.0063,0.9933,0.2275,0.0175,0.2625,1001.6040,stationary
1876922,0.0264,0.0044,0.9936,0.2537,0.0875,0.2625,1001.5955,stationary
1876982,0.0259,0.0056,0.9948,0.1488,0.0437,0.2713,1001.5935,stationary
1877042,0.0261,0.0047,0.9950,0.1488,0.1050,0.2275,1001.5945,stationary
1877102,0.0263,0.0054,0.9953,0.2188,0.1400,0.2537,1001.5913,stationary
1877162,0.0248,0.0049,0.9938,0.2800,0.1838,0.2625,1001.5959,stationary
1877222,0.0263,0.0046,0.9955,0.2013,0.1225,0.2713,1001.5945,stationary
1877282,0.0263,0.0057,0.9946,0.1138,0.0262,0.2275,1001.5950,stationary
1877342,0.0268,0.0062,0.9923,0.0787,0.1750,0.2625,1001.5984,stationary
1877402,0.0267,0.0063,0.9941,0.2188,0.0525,0.2450,1001.5884,stationary
1877462,0.0251,0.0056,0.9948,0.1225,0.0875,0.2537,1001.5928,stationary
1877522,0.0246,0.0054,0.9943,0.2625,0.0437,0.2188,1001.6025,stationary
1877582,0.0259,0.0046,0.9941,0.2450,0.0262,0.2275,1001.5930,stationary
1877642,0.0248,0.0059,0.9978,0.2625,0.0700,0.2013,1001.5847,stationary
1877702,0.0251,0.0034,0.9934,0.1488,0.1400,0.2450,1001.5989,stationary
1877762,0.0256,0.0054,0.9945,0.1750,0.1488,0.1925,1001.5999,stationary
1877822,0.0248,0.0046,0.9943,0.1225,0.1138,0.2450,1001.6030,stationary
1877882,0.0239,0.0056,0.9966,0.2625,0.0525,0.2537,1001.6013,stationary
1877942,0.0245,0.0036,0.9939,0.0525,0.0613,0.2625,1001.6040,stationary
1878002,0.0268,0.0056,0.9941,0.0875,0.1225,0.2188,1001.6021,stationary
1878062,0.0278,0.0032,0.9965,0.1138,0.0437,0.2100,1001.6018,stationary
1878122,0.0253,0.0036,0.9966,0.2275,0.1575,0.2362,1001.6047,stationary
1878182,0.0248,0.0049,0.9953,0.1488,0.0962,0.2188,1001.5989,stationary
1878242,0.0242,0.0059,0.9941,0.1663,0.1312,0.2013,1001.5950,stationary
1878302,0.0265,0.0059,0.9940,0.0962,0.0350,0.2800,1001.5989,stationary
1878362,0.0261,0.0035,0.9928,0.2188,0.0350,0.2013,1001.5972,stationary
1878422,0.0259,0.0043,0.9952,0.2713,0.0875,0.2713,1001.5964,stationary
1878482,0.0254,0.0068,0.9951,0.2013,0.0437,0.2537,1001.5994,stationary
1878542,0.0273,0.0051,0.9948,0.2275,0.0437,0.2362,1001.5964,stationary
1878602,0.0256,0.0054,0.9941,0.1575,0.1750,0.1925,1001.5984,stationary
1878662,0.0256,0.0049,0.9950,0.1575,0.0525,0.2275,1001.5962,stationary
1878722,0.0259,0.0049,0.9963,0.1400,0.0613,0.2887,1001.5952,stationary
1878782,0.0251,0.0022,0.9951,0.1663,0.0437,0.2537,1001.5891,stationary
1878842,0.0278,0.0039,0.9943,0.2362,0.0787,0.1838,1001.5972,stationary
1878902,0.0260,0.0061,0.9941,0.1663,0.0525,0.2537,1001.5908,stationary
1878962,0.0230,0.0044,0.9957,0.2100,0.0787,0.2362,1001.5979,stationary
1879022,0.0258,0.0048,0.9942,0.2188,0.0088,0.2537,1001.6038,stationary
