,timestamp,a_x,a_y,a_z,dps_x,dps_y,dps_z,pressure,target,time_sec
0,1323542,0.0138,0.0185,0.9965,0.1312,0.3063,0.2625,1001.0681,clockwise_circle,0.0
1,1323602,0.0149,0.0137,0.993,0.3413,0.2625,0.2887,1001.0693,clockwise_circle,0.06
2,1323662,0.0217,0.0135,1.0197,0.735,0.2362,0.2537,1001.0618,clockwise_circle,0.12
3,1323722,0.0085,0.0221,1.0158,0.2362,-0.4288,0.1838,1001.0664,clockwise_circle,0.18
4,1323782,-0.0015,0.02,0.9933,0.4112,0.0088,0.2013,1001.0725,clockwise_circle,0.24
5,1323842,0.0135,0.0159,0.9836,0.105,0.0613,0.245,1001.0681,clockwise_circle,0.3
6,1323902,0.0134,0.0193,0.9909,0.3325,0.0962,0.245,1001.064,clockwise_circle,0.36
7,1323962,0.0165,0.0159,0.9945,0.105,0.0175,0.2362,1001.0583,clockwise_circle,0.42
8,1324022,0.0056,0.0232,0.9986,0.14,0.1312,0.2275,1001.0564,clockwise_circle,0.48
9,1324082,0.002,0.0229,0.9914,0.1663,0.3762,0.21,1001.0657,clockwise_circle,0.54
10,1324142,-0.0156,0.0117,0.9828,0.5688,0.4638,0.1312,1001.0674,clockwise_circle,0.6
11,1324202,-0.0279,0.03,0.9892,0.5775,0.1663,-0.07,1001.054,clockwise_circle,0.66
12,1324262,-0.0673,0.0397,0.9963,0.6037,0.7,-0.3762,1001.0588,clockwise_circle,0.72
13,1324322,-0.0967,0.0442,0.9984,0.4812,1.1113,-0.6212,1001.0557,clockwise_circle,0.78
14,1324382,-0.1245,0.0444,1.0002,0.1838,1.1988,-1.0325,1001.0559,clockwise_circle,0.84
15,1324442,-0.1252,0.049,0.9994,0.1312,1.0938,-1.1375,1001.0562,clockwise_circle,0.9
16,1324502,-0.1267,0.0419,0.995,0.1575,0.8138,-1.4787,1001.0576,clockwise_circle,0.96
17,1324562,-0.1334,0.0508,1.0002,0.5512,0.5337,-2.065,1001.0605,clockwise_circle,1.02
18,1324622,-0.143,0.0505,0.9906,0.3413,0.2013,-2.6862,1001.0583,clockwise_circle,1.08
19,1324682,-0.1479,0.0552,0.9912,0.6562,0.14,-3.2287,1001.0588,clockwise_circle,1.14
20,1324742,-0.1451,0.0644,0.9934,0.4112,-0.0787,-3.6925,1001.0581,clockwise_circle,1.2
21,1324802,-0.1478,0.0488,0.9911,0.3063,0.0787,-4.1038,1001.0601,clockwise_circle,1.26
22,1324862,-0.1452,0.0752,0.9882,0.5688,0.3675,-4.8562,1001.0625,clockwise_circle,1.32
23,1324922,-0.1451,0.0695,0.9791,0.7613,0.2537,-5.5212,1001.0554,clockwise_circle,1.38
24,1324982,-0.1371,0.0736,0.9809,0.6475,-0.035,-6.195,1001.0569,clockwise_circle,1.44
25,1325042,-0.1354,0.0802,0.9964,0.525,-0.14,-6.8162,1001.0679,clockwise_circle,1.5
26,1325102,-0.1329,0.082,0.9962,0.4288,0.0262,-7.3325,1001.062,clockwise_circle,1.56
27,1325162,-0.1391,0.0703,0.9828,0.7788,-0.0437,-8.0413,1001.0659,clockwise_circle,1.62
28,1325222,-0.1164,0.0686,1.0028,0.1488,0.0175,-8.4263,1001.0681,clockwise_circle,1.68
29,1325282,-0.1445,0.0636,0.9728,1.0237,0.0787,-9.1875,1001.0559,clockwise_circle,1.74
30,1325342,-0.1093,0.0747,0.9898,0.455,-0.2975,-9.6775,1001.0581,clockwise_circle,1.8
31,1325402,-0.1038,0.0905,0.9987,1.12,-0.385,-10.0538,1001.0552,clockwise_circle,1.86
32,1325462,-0.1041,0.1102,1.0114,0.6037,0.2713,-10.5262,1001.0574,clockwise_circle,1.92
33,1325522,-0.0783,0.0881,1.0106,0.07,0.035,-11.0513,1001.0488,clockwise_circle,1.98
34,1325582,-0.0896,0.0817,0.993,-0.0875,-0.0175,-11.6812,1001.0491,clockwise_circle,2.04
35,1325642,-0.0728,0.1134,0.9601,-0.35,-0.9187,-12.1362,1001.0493,clockwise_circle,2.1
36,1325702,-0.0731,0.0786,0.9914,-0.4025,-0.2887,-12.3025,1001.0483,clockwise_circle,2.16
37,1325762,-0.0461,0.1066,1.0141,0.0088,-0.2713,-12.845,1001.0449,clockwise_circle,2.22
38,1325822,-0.0685,0.0795,0.9809,0.1925,-0.2713,-13.0375,1001.0466,clockwise_circle,2.28
39,1325882,-0.0659,0.1296,1.0092,0.5425,0.2362,-13.65,1001.051,clockwise_circle,2.34
40,1325942,-0.0478,0.0891,1.0092,0.3587,-0.8225,-14.1663,1001.0256,clockwise_circle,2.4
41,1326002,-0.0157,0.0959,0.9992,0.2887,-0.6388,-14.5513,1001.0388,clockwise_circle,2.46
42,1326062,-0.0361,0.1033,0.967,0.21,-0.2362,-15.0938,1001.0449,clockwise_circle,2.52
43,1326122,-0.0478,0.082,0.9663,0.5775,-0.7437,-15.4788,1001.031,clockwise_circle,2.58
44,1326182,-0.0151,0.0978,1.046,0.4988,0.3413,-15.5487,1001.0322,clockwise_circle,2.64
45,1326242,-0.0273,0.1093,1.0251,1.3388,0.0262,-15.9513,1001.0371,clockwise_circle,2.7
46,1326302,-0.0323,0.1618,1.0646,1.1463,1.1725,-16.3625,1001.0381,clockwise_circle,2.76
47,1326362,-0.04,0.1562,0.9689,-0.1312,-0.6475,-17.2025,1001.0325,clockwise_circle,2.82
48,1326422,-0.0251,0.1074,0.9578,1.26,-0.945,-17.7537,1001.0352,clockwise_circle,2.88
49,1326482,0.022,0.1227,1.0185,0.1838,-1.1287,-17.955,1001.0232,clockwise_circle,2.94
50,1326542,-0.0185,0.1488,0.9787,0.945,-0.6212,-18.5238,1001.021,clockwise_circle,3.0
51,1326602,-0.0373,0.138,1.0056,1.05,0.3325,-18.7862,1001.0188,clockwise_circle,3.06
52,1326662,-0.0353,0.1396,0.9567,-0.3063,-0.875,-19.1887,1001.0298,clockwise_circle,3.12
53,1326722,-0.0034,0.1354,1.0253,-1.05,0.8662,-19.1625,1001.0251,clockwise_circle,3.18
54,1326782,0.0062,0.1476,1.0065,-1.4,-0.1575,-19.3288,1001.0071,clockwise_circle,3.24
55,1326842,-0.0091,0.1379,0.9947,-0.8225,0.6388,-19.53,1001.0146,clockwise_circle,3.3
56,1326902,-0.0064,0.1202,0.9821,-1.0237,-0.3938,-20.09,1001.0208,clockwise_circle,3.36
57,1326962,0.0045,0.0841,1.0085,-0.2625,0.1925,-19.9587,1001.0083,clockwise_circle,3.42
58,1327022,-0.0344,0.1335,0.9987,0.9187,-0.0613,-19.8275,1001.0098,clockwise_circle,3.48
59,1327082,-0.0329,0.1308,0.9812,1.8112,0.8225,-20.3,1000.99,clockwise_circle,3.54
60,1327142,-0.021,0.1239,0.9994,0.9362,-0.9625,-19.9062,1000.9968,clockwise_circle,3.6
61,1327202,-0.0298,0.1324,0.9977,0.7175,-0.385,-20.1075,1000.9919,clockwise_circle,3.66
62,1327262,-0.0276,0.1538,0.9897,0.8838,-0.1225,-20.6238,1000.9929,clockwise_circle,3.72
63,1327322,0.01,0.1288,0.9982,1.7325,-0.6388,-20.8512,1001.0056,clockwise_circle,3.78
64,1327382,0.0271,0.1379,0.9989,0.035,-1.1638,-20.7638,1000.9905,clockwise_circle,3.84
65,1327442,-0.0395,0.1258,1.0082,1.3563,-1.2337,-21.0613,1001.0022,clockwise_circle,3.9
66,1327502,0.0395,0.1788,1.056,1.1725,-0.1838,-21.14,1000.998,clockwise_circle,3.96
67,1327562,0.0159,0.1437,0.9941,0.8138,-0.56,-20.7725,1000.9978,clockwise_circle,4.02
68,1327622,-0.0025,0.1338,1.049,0.5163,0.0,-21.4112,1000.991,clockwise_circle,4.08
69,1327682,0.0237,0.1703,1.0113,1.05,0.9187,-21.665,1000.9834,clockwise_circle,4.14
70,1327742,0.0195,0.1784,1.0175,0.2188,0.035,-21.8137,1000.9922,clockwise_circle,4.2
71,1327802,0.0542,0.1967,1.0368,0.77,0.0437,-21.9538,1000.9812,clockwise_circle,4.26
72,1327862,-0.0146,0.1793,0.9548,-0.0962,-0.21,-22.5575,1000.9792,clockwise_circle,4.32
73,1327922,0.0059,0.1394,0.9896,-0.1312,0.735,-23.3363,1000.9802,clockwise_circle,4.38
74,1327982,0.0343,0.1925,0.9941,-0.0437,-0.5512,-23.6863,1000.9761,clockwise_circle,4.44
75,1328042,0.0633,0.1609,1.1073,-0.7962,1.5312,-23.8,1000.9937,clockwise_circle,4.5
76,1328102,0.0693,0.1903,1.0439,0.4638,0.735,-23.9925,1000.9834,clockwise_circle,4.56
77,1328162,0.0547,0.2066,1.0812,1.785,1.9425,-23.87,1000.9834,clockwise_circle,4.62
78,1328222,0.0018,0.2033,0.9596,1.9162,1.2075,-24.4737,1000.9817,clockwise_circle,4.68
79,1328282,0.0627,0.2271,1.0192,0.8575,0.3938,-24.6488,1000.9875,clockwise_circle,4.74
80,1328342,0.0485,0.1457,1.0209,-0.6825,-0.7962,-24.7362,1000.9814,clockwise_circle,4.8
81,1328402,-0.0139,0.2601,0.9274,0.7262,-0.07,-25.2175,1000.9751,clockwise_circle,4.86
82,1328462,-0.0022,0.1633,0.989,0.0875,-1.2337,-25.6287,1000.9773,clockwise_circle,4.92
83,1328522,0.0264,0.2015,0.9763,-0.1663,-1.5312,-25.2612,1000.9851,clockwise_circle,4.98
84,1328582,-0.0234,0.1563,0.9783,-1.2687,-0.77,-26.145,1000.9834,clockwise_circle,5.04
85,1328642,0.04,0.2023,1.0013,-1.4787,-1.225,-25.9613,1000.9871,clockwise_circle,5.1
86,1328702,-0.0107,0.202,0.9645,-0.9362,-1.085,-25.9,1000.9844,clockwise_circle,5.16
87,1328762,0.01,0.1626,0.9409,0.2275,-1.155,-26.3288,1000.9746,clockwise_circle,5.22
88,1328822,0.0019,0.1609,0.9645,0.6037,-1.8288,-26.7663,1000.9836,clockwise_circle,5.28
89,1328882,-0.0007,0.1652,0.9477,0.42,-2.345,-26.3725,1000.9812,clockwise_circle,5.34
90,1328942,0.0112,0.2632,0.9898,0.9712,-1.9512,-26.6175,1000.9739,clockwise_circle,5.4
91,1329002,0.0122,0.1723,1.0053,-0.035,-1.7237,-26.5737,1000.9817,clockwise_circle,5.46
92,1329062,0.0556,0.1867,1.0474,0.0787,-1.3038,-26.495,1000.9758,clockwise_circle,5.52
93,1329122,0.0988,0.2806,0.998,0.8225,-3.2113,-26.8275,1000.978,clockwise_circle,5.58
94,1329182,0.101,0.1835,1.1316,-0.1663,-1.7237,-26.67,1000.9714,clockwise_circle,5.64
95,1329242,-0.0056,0.1862,0.9755,0.2713,-0.0175,-27.1075,1000.9641,clockwise_circle,5.7
96,1329302,0.04,0.2255,0.9952,0.9187,-0.4288,-26.8625,1000.9695,clockwise_circle,5.76
97,1329362,0.0168,0.166,0.9441,0.6212,-0.0875,-26.775,1000.9604,clockwise_circle,5.82
98,1329422,0.0291,0.1914,0.9931,-1.5312,-1.3388,-26.9325,1000.9656,clockwise_circle,5.88
99,1329482,0.0295,0.206,0.9609,0.9187,0.2188,-27.5012,1000.9592,clockwise_circle,5.94
100,1329542,0.0217,0.1535,0.9964,2.6775,-0.4025,-27.37,1000.9609,clockwise_circle,6.0
101,1329602,0.0293,0.1889,1.0402,1.89,1.4875,-27.0725,1000.9668,clockwise_circle,6.06
102,1329662,0.0175,0.2281,0.9526,0.595,0.0175,-26.3638,1000.9634,clockwise_circle,6.12
103,1329722,0.0095,0.2042,0.937,0.5688,0.3587,-26.4163,1000.9646,clockwise_circle,6.18
104,1329782,0.0389,0.1387,0.9826,-0.7875,0.0787,-25.9613,1000.9731,clockwise_circle,6.24
105,1329842,-0.0449,0.2165,0.9472,-1.89,0.98,-25.9175,1000.9697,clockwise_circle,6.3
106,1329902,0.0239,0.2086,1.0156,-0.315,1.295,-26.4513,1000.9641,clockwise_circle,6.36
107,1329962,0.0698,0.244,1.1004,-0.6913,-0.0262,-26.5737,1000.968,clockwise_circle,6.42
108,1330022,0.0236,0.1796,1.0028,-0.735,0.0787,-26.5912,1000.9702,clockwise_circle,6.48
109,1330082,-0.0029,0.1715,0.9656,-0.4462,-0.7875,-26.1362,1000.9685,clockwise_circle,6.54
110,1330142,0.0102,0.2088,1.0199,-0.5337,0.3063,-25.6112,1000.9612,clockwise_circle,6.6
111,1330202,0.0088,0.1696,0.9902,-1.1375,-1.0237,-24.9988,1000.9578,clockwise_circle,6.66
112,1330262,0.0058,0.1471,1.0341,-0.77,-0.5337,-24.3162,1000.97,clockwise_circle,6.72
113,1330322,-0.0088,0.1823,0.9396,0.0262,-2.1175,-24.7362,1000.9619,clockwise_circle,6.78
114,1330382,0.0312,0.2053,1.0177,0.98,0.0787,-24.745,1000.9758,clockwise_circle,6.84
115,1330442,0.0043,0.1325,0.9714,0.8225,-1.19,-24.7188,1000.979,clockwise_circle,6.9
116,1330502,-0.0059,0.134,1.0121,0.9887,-1.5662,-24.3075,1000.9724,clockwise_circle,6.96
117,1330562,0.026,0.2147,1.0666,0.0,0.4725,-23.4325,1000.968,clockwise_circle,7.02
118,1330622,0.0315,0.1828,0.9811,-0.7437,0.7,-22.8463,1000.9795,clockwise_circle,7.08
119,1330682,0.0405,0.1684,1.0435,-0.805,0.3675,-22.505,1000.9714,clockwise_circle,7.14
120,1330742,0.0315,0.1899,1.0338,-0.2887,1.33,-22.9862,1000.9756,clockwise_circle,7.2
121,1330802,0.0203,0.232,1.0133,-0.4112,0.035,-23.6425,1000.9771,clockwise_circle,7.26
122,1330862,0.0127,0.1888,0.9914,-0.7437,1.225,-23.7388,1000.9673,clockwise_circle,7.32
123,1330922,0.0262,0.1803,1.0268,0.9887,-0.1488,-23.8,1000.9792,clockwise_circle,7.38
124,1330982,-0.0186,0.2211,0.9687,-1.155,-0.9625,-23.8612,1000.9839,clockwise_circle,7.44
125,1331042,-0.0061,0.2077,0.9843,0.4988,2.3712,-24.0625,1000.9812,clockwise_circle,7.5
126,1331102,0.0137,0.1628,0.9434,0.0787,-2.5113,-23.8962,1000.9932,clockwise_circle,7.56
127,1331162,0.0391,0.2167,0.9956,-0.7175,-0.1488,-23.9925,1000.9807,clockwise_circle,7.62
128,1331222,0.04,0.1737,1.0268,0.8313,0.6825,-23.975,1000.9849,clockwise_circle,7.68
129,1331282,-0.0428,0.1951,0.9282,0.0787,-0.7175,-24.5,1000.9919,clockwise_circle,7.74
130,1331342,0.007,0.203,0.9867,-0.6737,-1.085,-24.8762,1000.9922,clockwise_circle,7.8
131,1331402,0.0244,0.1596,0.9902,-0.6037,0.0875,-24.4912,1000.9988,clockwise_circle,7.86
132,1331462,0.0019,0.2623,0.9357,-0.5512,-1.6537,-25.1475,1000.9949,clockwise_circle,7.92
133,1331522,0.0549,0.1935,1.1,0.2275,-0.49,-25.0688,1000.9958,clockwise_circle,7.98
134,1331582,0.0153,0.2278,1.0177,-0.7262,0.5863,-25.3137,1000.9946,clockwise_circle,8.04
135,1331642,0.0522,0.2073,0.9743,0.1838,-0.0962,-25.6725,1000.9929,clockwise_circle,8.1
136,1331702,0.0495,0.1552,0.9465,-1.0325,0.1838,-25.2262,1000.9871,clockwise_circle,8.16
137,1331762,0.0634,0.2416,0.9755,0.4638,1.1375,-25.3838,1000.9841,clockwise_circle,8.22
138,1331822,0.0544,0.2061,0.9919,-0.7875,-0.1138,-25.655,1000.9915,clockwise_circle,8.28
139,1331882,0.0422,0.1986,1.0195,-0.2275,-0.3587,-26.1975,1000.9827,clockwise_circle,8.34
140,1331942,0.0437,0.1874,1.0185,0.3237,-0.5163,-26.1887,1000.9751,clockwise_circle,8.4
141,1332002,0.0423,0.2416,0.9784,-0.525,-0.63,-26.1975,1000.9841,clockwise_circle,8.46
142,1332062,0.0467,0.174,1.0556,2.1875,0.525,-26.3988,1000.9792,clockwise_circle,8.52
143,1332122,0.0376,0.2513,0.9809,-0.035,-0.5688,-26.7925,1000.9775,clockwise_circle,8.58
144,1332182,0.1,0.2908,0.9706,-0.35,-2.065,-26.7225,1000.9893,clockwise_circle,8.64
145,1332242,0.1086,0.2262,1.0668,0.0525,1.8112,-26.46,1000.9927,clockwise_circle,8.7
146,1332302,0.039,0.2611,0.9293,0.8575,-0.9275,-26.8538,1001.0,clockwise_circle,8.76
147,1332362,0.0508,0.2257,0.9308,-0.3675,-1.785,-27.2738,1000.9963,clockwise_circle,8.82
148,1332422,0.1379,0.1868,1.0146,-0.5163,-1.9338,-26.6875,1001.0012,clockwise_circle,8.88
149,1332482,0.0894,0.192,0.9579,0.3413,-1.3563,-26.6875,1000.999,clockwise_circle,8.94
150,1332542,0.0549,0.2047,0.9533,-0.5163,-1.1287,-26.6175,1000.9968,clockwise_circle,9.0
151,1332602,0.0464,0.1864,0.895,0.8662,-0.6475,-26.81,1001.0005,clockwise_circle,9.06
152,1332662,0.0871,0.2033,0.9769,-0.1488,-2.0125,-26.46,1000.998,clockwise_circle,9.12
153,1332722,0.0719,0.1742,0.9515,-0.0525,0.595,-26.635,1000.99,clockwise_circle,9.18
154,1332782,0.0683,0.1703,0.9765,-0.2625,-0.7,-26.355,1000.9973,clockwise_circle,9.24
155,1332842,0.108,0.2111,1.0016,0.49,-1.2162,-26.4338,1000.9968,clockwise_circle,9.3
156,1332902,0.0861,0.2118,0.9941,-0.7437,-0.7437,-25.6025,1000.9922,clockwise_circle,9.36
157,1332962,0.0527,0.2083,1.0726,-0.1138,2.9137,-25.6812,1000.9954,clockwise_circle,9.42
158,1333022,0.0049,0.1932,0.9106,-2.2925,-0.49,-26.04,1001.0059,clockwise_circle,9.48
159,1333082,0.1552,0.2292,0.9604,-1.6888,-1.715,-26.1362,1000.9983,clockwise_circle,9.54
160,1333142,0.0669,0.1401,0.9394,-0.28,-0.6737,-26.5912,1001.002,clockwise_circle,9.6
161,1333202,0.0839,0.2225,1.0284,0.3762,-0.5775,-26.3375,1001.0015,clockwise_circle,9.66
162,1333262,0.073,0.1684,1.06,-1.4612,0.7875,-26.67,1001.0061,clockwise_circle,9.72
163,1333322,0.0669,0.1491,0.9667,-0.1925,0.3063,-26.1625,1001.0115,clockwise_circle,9.78
164,1333382,0.0291,0.1601,0.9264,-1.1113,-1.8112,-26.8363,1001.0042,clockwise_circle,9.84
165,1333442,0.0794,0.1432,0.9477,0.0787,-0.6388,-27.0287,1001.0217,clockwise_circle,9.9
166,1333502,0.0227,0.2012,0.9099,0.6212,-1.89,-27.1513,1001.0164,clockwise_circle,9.96
167,1333562,0.0544,0.248,1.0343,0.0787,-0.875,-27.0025,1001.0032,clockwise_circle,10.02
168,1333622,0.0578,0.1828,0.9546,0.2275,-1.295,-26.7838,1001.0283,clockwise_circle,10.08
169,1333682,0.0076,0.1892,1.0167,1.3913,0.2975,-27.0462,1001.0317,clockwise_circle,10.14
170,1333742,0.0639,0.1387,1.0153,0.1663,-1.5137,-26.845,1001.0229,clockwise_circle,10.2
171,1333802,0.0439,0.2108,0.9274,1.1638,-1.1725,-27.3962,1001.0215,clockwise_circle,10.26
172,1333862,0.1015,0.1864,0.9789,0.4725,-1.855,-27.2913,1001.0273,clockwise_circle,10.32
173,1333922,0.0686,0.1628,1.0009,0.84,-1.1375,-27.23,1001.0278,clockwise_circle,10.38
174,1333982,0.0586,0.2464,1.0404,1.2775,0.6388,-27.7725,1001.0195,clockwise_circle,10.44
175,1334042,0.0366,0.1825,0.9594,0.1138,0.07,-28.3587,1001.0295,clockwise_circle,10.5
176,1334102,0.0913,0.1838,0.9523,-0.595,-0.7875,-28.2975,1001.0347,clockwise_circle,10.56
177,1334162,0.1147,0.2721,0.9911,-1.12,-0.56,-28.2362,1001.0364,clockwise_circle,10.62
178,1334222,0.0972,0.1593,0.9499,-1.0675,-2.6337,-29.4175,1001.042,clockwise_circle,10.68
179,1334282,0.0939,0.2837,1.0465,-0.9975,-0.5075,-28.8225,1001.0251,clockwise_circle,10.74
180,1334342,0.1022,0.234,0.9653,-1.5488,0.945,-29.1025,1001.0315,clockwise_circle,10.8
181,1334402,0.0517,0.1607,0.9546,-1.2425,-0.07,-28.8925,1001.0361,clockwise_circle,10.86
182,1334462,0.0226,0.1691,0.9251,-0.525,-0.35,-28.8662,1001.0342,clockwise_circle,10.92
183,1334522,0.0217,0.144,0.9642,0.4462,-0.21,-28.9363,1001.043,clockwise_circle,10.98
184,1334582,0.0625,0.1508,1.0385,1.4088,-0.8838,-28.6475,1001.0325,clockwise_circle,11.04
185,1334642,0.0561,0.1566,1.0394,2.8438,-0.2188,-28.1225,1001.0432,clockwise_circle,11.1
186,1334702,0.0598,0.2296,0.9725,1.54,-2.2575,-27.9037,1001.0359,clockwise_circle,11.16
187,1334762,0.0573,0.2176,1.0821,0.0525,-0.1488,-27.2563,1001.0344,clockwise_circle,11.22
188,1334822,0.04,0.2277,0.9146,0.1575,-1.4175,-27.3875,1001.0388,clockwise_circle,11.28
189,1334882,0.1102,0.2037,0.9867,0.2713,-0.7,-27.4225,1001.0312,clockwise_circle,11.34
190,1334942,0.0841,0.1942,0.9507,0.2887,-0.8662,-27.615,1001.042,clockwise_circle,11.4
191,1335002,0.08,0.2757,0.9913,0.2625,-0.0962,-27.9387,1001.033,clockwise_circle,11.46
192,1335062,0.0798,0.2345,1.0109,-1.925,-0.3587,-28.3675,1001.0371,clockwise_circle,11.52
193,1335122,0.0688,0.1708,0.996,1.2162,-1.05,-28.9713,1001.0476,clockwise_circle,11.58
194,1335182,0.0461,0.2509,0.9928,0.8313,-0.0525,-28.8838,1001.0435,clockwise_circle,11.64
195,1335242,0.0673,0.1896,0.9516,0.1488,-0.245,-29.5225,1001.0347,clockwise_circle,11.7
196,1335302,0.0866,0.2336,1.0612,0.2625,-0.9538,-28.7,1001.0435,clockwise_circle,11.76
197,1335362,0.0935,0.2345,1.028,-0.5075,-0.4638,-28.6562,1001.0461,clockwise_circle,11.82
198,1335422,0.0742,0.223,1.0238,-0.6037,-1.9512,-29.4,1001.0461,clockwise_circle,11.88
199,1335482,-0.0097,0.1955,0.9453,0.2013,-1.7675,-29.1375,1001.0439,clockwise_circle,11.94
200,1335542,0.0725,0.1749,0.9916,-0.2975,-2.5287,-29.1725,1001.0417,clockwise_circle,12.0
201,1335602,0.091,0.2242,0.9916,-0.3325,-0.7875,-28.91,1001.0354,clockwise_circle,12.06
202,1335662,0.0137,0.1745,0.9523,0.0175,-0.035,-28.735,1001.0422,clockwise_circle,12.12
203,1335722,0.0529,0.1832,0.9617,0.9013,-0.875,-29.1287,1001.041,clockwise_circle,12.18
204,1335782,0.0664,0.2555,1.0023,-0.1838,-0.6388,-28.8487,1001.0518,clockwise_circle,12.24
205,1335842,0.0471,0.1803,0.9955,-0.3938,-0.525,-28.7612,1001.0452,clockwise_circle,12.3
206,1335902,0.0747,0.2059,1.0405,0.1225,0.735,-29.0238,1001.0549,clockwise_circle,12.36
207,1335962,0.1152,0.2782,1.1039,-0.8138,0.5075,-28.3587,1001.0598,clockwise_circle,12.42
208,1336022,0.0583,0.1618,0.9665,-1.4787,-1.7062,-28.6475,1001.0503,clockwise_circle,12.48
209,1336082,0.0773,0.1357,0.9683,-2.0563,-2.135,-28.0,1001.0532,clockwise_circle,12.54
210,1336142,0.0572,0.2618,1.0263,0.6825,-0.4988,-28.3675,1001.0474,clockwise_circle,12.6
211,1336202,0.0807,0.2165,0.9825,-0.5512,-1.8725,-28.63,1001.0466,clockwise_circle,12.66
212,1336262,0.0585,0.1948,0.9345,-0.0262,-1.3125,-27.9475,1001.0425,clockwise_circle,12.72
213,1336322,0.0415,0.2033,1.0304,-1.6013,1.68,-27.5012,1001.0474,clockwise_circle,12.78
214,1336382,-0.0126,0.1842,0.9123,-1.0588,0.4025,-27.7113,1001.0576,clockwise_circle,12.84
215,1336442,0.0554,0.1883,1.0311,0.6388,-0.1663,-27.685,1001.0503,clockwise_circle,12.9
216,1336502,0.0603,0.1527,0.9787,-0.0875,-0.5775,-27.6063,1001.0588,clockwise_circle,12.96
217,1336562,0.0813,0.2059,1.0707,1.1463,1.26,-27.1688,1001.0515,clockwise_circle,13.02
218,1336622,0.0412,0.2222,0.9336,0.3675,-0.4112,-27.5975,1001.0496,clockwise_circle,13.08
219,1336682,0.0627,0.1815,1.0055,1.435,-0.7613,-27.3088,1001.0496,clockwise_circle,13.14
220,1336742,0.0888,0.2036,0.967,-0.3587,-0.1225,-27.1688,1001.0527,clockwise_circle,13.2
221,1336802,0.0453,0.2174,1.0009,-0.1838,-0.42,-27.3787,1001.0383,clockwise_circle,13.26
222,1336862,0.0625,0.1983,1.0066,-0.8225,0.5688,-27.3787,1001.043,clockwise_circle,13.32
223,1336922,0.0624,0.2148,1.0103,-0.7875,-0.7437,-27.0637,1001.0369,clockwise_circle,13.38
224,1336982,0.0434,0.1566,1.0016,-1.1463,1.085,-27.3875,1001.0391,clockwise_circle,13.44
225,1337042,0.0434,0.1887,0.9421,-0.385,-0.35,-26.9675,1001.0366,clockwise_circle,13.5
226,1337102,0.0149,0.1523,0.9721,-0.5863,1.295,-26.6525,1001.0408,clockwise_circle,13.56
227,1337162,0.0583,0.2018,1.0285,-0.105,0.3237,-25.7075,1001.032,clockwise_circle,13.62
228,1337222,-0.0016,0.1642,0.9381,-0.5075,0.1138,-25.4975,1001.0374,clockwise_circle,13.68
229,1337282,0.0595,0.2206,1.0709,1.5488,2.1875,-24.92,1001.0293,clockwise_circle,13.74
230,1337342,0.0576,0.2367,1.053,1.575,1.3038,-25.6987,1001.0378,clockwise_circle,13.8
231,1337402,0.0657,0.1911,0.9965,-0.7613,-0.07,-25.0688,1001.0459,clockwise_circle,13.86
232,1337462,0.0066,0.1594,0.9582,0.1838,0.245,-25.7075,1001.0369,clockwise_circle,13.92
233,1337522,0.0022,0.1814,0.9643,0.2188,-1.3212,-25.4363,1001.0408,clockwise_circle,13.98
234,1337582,0.0305,0.1662,1.0085,0.105,-0.1488,-25.1912,1001.0361,clockwise_circle,14.04
235,1337642,0.0615,0.2066,0.986,-0.0787,-2.0563,-25.655,1001.0298,clockwise_circle,14.1
236,1337702,0.0564,0.1862,0.9996,-0.0962,-0.9712,-25.515,1001.041,clockwise_circle,14.16
237,1337762,0.0329,0.2274,0.9877,-0.56,-1.26,-25.06,1001.0237,clockwise_circle,14.22
238,1337822,0.0162,0.1545,0.9782,0.5775,0.2275,-25.7075,1001.033,clockwise_circle,14.28
239,1337882,0.0896,0.2203,1.0416,-1.0675,0.9538,-24.7712,1001.0278,clockwise_circle,14.34
240,1337942,0.0444,0.1993,1.0074,-0.7175,-0.945,-25.1038,1001.0227,clockwise_circle,14.4
241,1338002,0.0392,0.1591,1.0031,-1.295,-0.2013,-25.06,1001.022,clockwise_circle,14.46
242,1338062,0.0396,0.1742,0.9801,-1.0063,-0.6562,-24.9463,1001.0232,clockwise_circle,14.52
243,1338122,0.0376,0.1269,0.9897,-1.0412,-0.6212,-24.9638,1001.0232,clockwise_circle,14.58
244,1338182,0.0168,0.2003,1.0045,1.0588,-0.4288,-25.2612,1001.021,clockwise_circle,14.64
245,1338242,0.0598,0.1672,1.0477,-0.525,-1.4088,-25.4275,1001.0295,clockwise_circle,14.7
246,1338302,0.0359,0.1265,0.988,1.2687,-0.4112,-25.7337,1001.0186,clockwise_circle,14.76
247,1338362,0.0661,0.2416,1.0117,0.3325,-0.7088,-25.8125,1001.019,clockwise_circle,14.82
248,1338422,0.0527,0.2072,1.0195,0.49,-0.035,-25.655,1001.0222,clockwise_circle,14.88
249,1338482,0.0149,0.1785,0.9543,-0.6913,0.3675,-25.6112,1001.0142,clockwise_circle,14.94
250,1338542,0.0439,0.2491,0.9963,-0.7262,-0.2887,-25.76,1001.0105,clockwise_circle,15.0
251,1338602,0.0266,0.1805,0.9841,-0.245,-1.6625,-25.6025,1001.0088,clockwise_circle,15.06
252,1338662,0.0315,0.1454,0.9943,-0.0175,-0.0875,-25.3925,1001.0269,clockwise_circle,15.12
253,1338722,0.0109,0.1822,0.986,-0.1138,0.9625,-25.0775,1001.0066,clockwise_circle,15.18
254,1338782,0.0661,0.1703,0.9745,0.3675,0.0175,-24.99,1001.0127,clockwise_circle,15.24
255,1338842,0.0614,0.205,1.0157,0.6037,-0.1138,-24.7625,1001.0044,clockwise_circle,15.3
256,1338902,0.0359,0.1871,0.9626,0.105,-0.945,-25.5238,1001.0012,clockwise_circle,15.36
257,1338962,0.063,0.2087,0.9989,0.56,-1.12,-25.0863,1001.0134,clockwise_circle,15.42
258,1339022,0.021,0.1931,0.9487,0.665,0.9712,-25.7162,1001.001,clockwise_circle,15.48
259,1339082,0.012,0.2298,0.99,0.5337,-0.7088,-25.585,1001.0156,clockwise_circle,15.54
260,1339142,0.0451,0.1552,0.9809,0.6475,-1.1375,-25.5063,1001.0015,clockwise_circle,15.6
261,1339202,0.0832,0.2028,1.0707,0.6388,-0.6212,-25.1737,1000.9971,clockwise_circle,15.66
262,1339262,0.0317,0.2328,0.9628,-0.6475,-0.4812,-25.1388,1001.0015,clockwise_circle,15.72
263,1339322,0.0749,0.174,1.0585,-0.3938,-0.6913,-25.655,1000.9912,clockwise_circle,15.78
264,1339382,0.03,0.1838,0.9897,0.4725,0.0088,-25.8738,1001.0005,clockwise_circle,15.84
265,1339442,0.0551,0.2359,1.0164,0.77,-0.1488,-25.7425,1000.9958,clockwise_circle,15.9
266,1339502,0.0666,0.1521,0.9934,0.1312,-1.8463,-26.145,1000.9934,clockwise_circle,15.96
267,1339562,0.0759,0.2083,0.9774,1.3475,-0.665,-26.0575,1001.0024,clockwise_circle,16.02
268,1339622,0.096,0.2525,1.0272,1.8025,0.455,-26.2412,1000.9878,clockwise_circle,16.08
269,1339682,0.1,0.2314,0.974,0.525,-1.575,-26.2325,1000.9927,clockwise_circle,16.14
270,1339742,0.0623,0.1964,0.9406,0.3587,-1.8987,-26.81,1000.9849,clockwise_circle,16.2
271,1339802,0.0778,0.2808,0.9906,1.3563,-0.525,-26.7138,1000.9814,clockwise_circle,16.26
272,1339862,0.0532,0.1954,0.9377,0.665,0.455,-27.055,1000.9751,clockwise_circle,16.32
273,1339922,0.0727,0.2789,1.007,-0.5075,0.3587,-26.9412,1000.9768,clockwise_circle,16.38
274,1339982,0.0539,0.1837,0.9731,-1.3563,-0.8838,-26.985,1000.9846,clockwise_circle,16.44
275,1340042,0.0746,0.1901,1.0445,-0.4112,-0.8313,-27.125,1000.9783,clockwise_circle,16.5
276,1340102,0.0812,0.1777,1.0155,-0.455,0.0175,-27.1513,1000.9753,clockwise_circle,16.56
277,1340162,0.0417,0.1727,0.9866,0.49,-1.1375,-26.9675,1000.9714,clockwise_circle,16.62
278,1340222,0.0176,0.1909,0.9484,0.1225,-0.3325,-27.5888,1000.9773,clockwise_circle,16.68
279,1340282,0.0954,0.142,0.9784,0.3413,-1.3212,-27.2125,1000.9829,clockwise_circle,16.74
280,1340342,0.0664,0.2052,0.9476,1.2075,-1.5662,-27.4837,1000.9814,clockwise_circle,16.8
281,1340402,0.0805,0.2291,1.0202,1.68,-0.9275,-27.9825,1000.9719,clockwise_circle,16.86
282,1340462,0.0995,0.2209,1.0793,0.3237,0.2537,-27.755,1000.9692,clockwise_circle,16.92
283,1340522,0.1334,0.2718,1.0736,0.0875,-0.8925,-27.7463,1000.9661,clockwise_circle,16.98
284,1340582,0.0529,0.1707,0.9896,-0.07,-0.3938,-27.7725,1000.9656,clockwise_circle,17.04
285,1340642,0.0791,0.24,1.008,0.1488,-0.245,-27.6938,1000.9812,clockwise_circle,17.1
286,1340702,0.1049,0.2054,0.9507,-0.8575,-0.2713,-28.035,1000.9705,clockwise_circle,17.16
287,1340762,0.0312,0.2249,0.9579,0.28,-0.665,-28.1663,1000.9695,clockwise_circle,17.22
288,1340822,0.0859,0.2547,1.0351,1.26,0.245,-28.1925,1000.9717,clockwise_circle,17.28
289,1340882,0.0554,0.1828,0.8935,0.5425,-1.4875,-28.7,1000.9709,clockwise_circle,17.34
290,1340942,0.0417,0.213,0.9775,0.7088,-1.9425,-28.525,1000.9661,clockwise_circle,17.4
291,1341002,0.0561,0.2255,0.9496,0.5863,-2.1962,-28.5688,1000.9668,clockwise_circle,17.46
292,1341062,0.1044,0.234,1.0591,1.015,-0.4988,-28.35,1000.9661,clockwise_circle,17.52
293,1341122,0.0398,0.2108,0.9765,0.1575,-0.945,-28.07,1000.9636,clockwise_circle,17.58
294,1341182,0.0671,0.2179,1.0019,0.2362,-0.8662,-27.93,1000.9788,clockwise_circle,17.64
295,1341242,0.0701,0.1545,1.0643,0.5775,-0.6037,-27.9825,1000.9636,clockwise_circle,17.7
296,1341302,0.0993,0.228,1.0443,0.4375,0.7613,-27.8162,1000.9783,clockwise_circle,17.76
297,1341362,0.0375,0.1764,0.9346,0.4375,0.5425,-27.7638,1000.958,clockwise_circle,17.82
298,1341422,0.073,0.2386,1.0228,-0.2188,-0.3587,-28.0,1000.9634,clockwise_circle,17.88
299,1341482,0.092,0.2583,0.9787,-0.2013,0.6913,-27.9212,1000.9668,clockwise_circle,17.94
300,1341542,0.0528,0.2181,0.974,-0.525,-0.7525,-28.0963,1000.96,clockwise_circle,18.0
301,1341602,0.0245,0.1625,0.907,1.12,0.1225,-28.6562,1000.9578,clockwise_circle,18.06
302,1341662,0.0462,0.2228,0.985,2.485,0.5163,-28.3762,1000.959,clockwise_circle,18.12
303,1341722,0.0993,0.1742,1.0319,0.49,0.5512,-28.1138,1000.9592,clockwise_circle,18.18
304,1341782,0.0403,0.2416,1.0047,-0.1138,0.8925,-28.3062,1000.9646,clockwise_circle,18.24
305,1341842,0.0608,0.2601,0.9473,-0.0962,-0.315,-28.315,1000.9631,clockwise_circle,18.3
306,1341902,0.095,0.2072,1.0202,-0.2887,-1.3388,-28.5075,1000.947,clockwise_circle,18.36
307,1341962,0.0434,0.2194,0.9914,-0.2275,-1.1988,-28.735,1000.9487,clockwise_circle,18.42
308,1342022,0.0256,0.2433,0.9477,-1.5225,-2.6512,-28.6388,1000.9631,clockwise_circle,18.48
309,1342082,0.0127,0.2029,0.9559,-1.6975,-1.6625,-28.5425,1000.9517,clockwise_circle,18.54
310,1342142,0.0579,0.1503,0.9838,-1.3825,-1.8463,-28.1488,1000.9534,clockwise_circle,18.6
311,1342202,0.0506,0.2236,1.0182,2.0825,0.0088,-28.14,1000.9626,clockwise_circle,18.66
312,1342262,0.0479,0.2306,0.9744,-0.4288,-3.01,-28.42,1000.9602,clockwise_circle,18.72
313,1342322,0.0581,0.2133,1.0209,0.6212,-0.63,-27.79,1000.9636,clockwise_circle,18.78
314,1342382,0.049,0.2544,1.0277,-0.1488,-2.4588,-27.4662,1000.9509,clockwise_circle,18.84
315,1342442,0.0442,0.1952,0.9861,-0.4375,-1.9863,-27.1863,1000.9609,clockwise_circle,18.9
316,1342502,0.0178,0.1767,0.9734,-0.9187,-2.065,-26.6525,1000.9744,clockwise_circle,18.96
317,1342562,0.0457,0.2095,1.0613,-0.1838,-1.5137,-26.215,1000.9624,clockwise_circle,19.02
318,1342622,0.0419,0.1698,1.0234,-0.3413,-1.19,-25.6637,1000.9524,clockwise_circle,19.08
319,1342682,0.0215,0.1925,0.9379,0.385,-0.0787,-25.4013,1000.9719,clockwise_circle,19.14
320,1342742,0.0496,0.1864,0.9667,0.28,-1.26,-25.6462,1000.9658,clockwise_circle,19.2
321,1342802,0.0135,0.185,0.8816,0.5688,-1.5662,-26.1012,1000.9648,clockwise_circle,19.26
322,1342862,0.0142,0.2043,0.9445,3.3775,-0.2013,-26.5912,1000.9592,clockwise_circle,19.32
323,1342922,0.0264,0.2386,0.9772,1.9863,-0.6825,-27.1075,1000.9587,clockwise_circle,19.38
324,1342982,0.0176,0.2391,0.9155,1.365,-0.7525,-27.1075,1000.9651,clockwise_circle,19.44
325,1343042,0.0315,0.2435,0.9456,0.6825,0.1925,-27.4312,1000.9587,clockwise_circle,19.5
326,1343102,0.0754,0.2838,1.0221,-2.275,0.175,-27.3962,1000.9756,clockwise_circle,19.56
327,1343162,0.0518,0.1966,1.0333,-1.2075,1.505,-27.545,1000.9695,clockwise_circle,19.62
328,1343222,0.0144,0.2247,0.9887,-2.835,-0.0437,-27.3438,1000.9751,clockwise_circle,19.68
329,1343282,0.0198,0.2137,1.0099,-2.4325,-0.6737,-27.2563,1000.9639,clockwise_circle,19.74
330,1343342,0.0234,0.1917,0.9667,-1.225,0.5337,-26.7925,1000.9719,clockwise_circle,19.8
331,1343402,0.0293,0.172,0.9626,-0.945,-1.1988,-26.6787,1000.9714,clockwise_circle,19.86
332,1343462,0.006,0.2066,0.9199,0.7875,-1.75,-26.9062,1000.967,clockwise_circle,19.92
333,1343522,0.0259,0.176,0.9991,0.175,-1.75,-26.6612,1000.9607,clockwise_circle,19.98
334,1343582,0.0566,0.2647,0.9865,1.8463,-1.6275,-27.0637,1000.9707,clockwise_circle,20.04
335,1343642,0.119,0.2308,1.0704,-0.1312,-1.2162,-26.5737,1000.9644,clockwise_circle,20.1
336,1343702,0.0686,0.2577,1.0057,1.4,-1.435,-27.7025,1000.9751,clockwise_circle,20.16
337,1343762,0.0603,0.2704,0.9621,-0.0175,-2.135,-27.4662,1000.9563,clockwise_circle,20.22
338,1343822,0.0546,0.215,0.9526,-1.2337,-0.1575,-28.07,1000.9548,clockwise_circle,20.28
339,1343882,0.0315,0.2205,0.9723,-0.8313,-0.2362,-27.755,1000.9534,clockwise_circle,20.34
340,1343942,-0.0027,0.23,0.9896,-0.1312,0.8838,-27.3962,1000.9556,clockwise_circle,20.4
341,1344002,0.0464,0.1333,0.9196,-1.4525,-0.6125,-27.195,1000.9553,clockwise_circle,20.46
342,1344062,0.0434,0.1903,1.0272,-0.7962,1.5225,-26.985,1000.9556,clockwise_circle,20.52
343,1344122,0.0232,0.2162,1.0477,-0.1225,-0.2887,-26.7488,1000.9551,clockwise_circle,20.58
344,1344182,0.0264,0.1745,1.0563,-0.21,0.9187,-26.6087,1000.9631,clockwise_circle,20.64
345,1344242,0.0602,0.199,1.0021,1.3475,-0.4988,-26.4425,1000.9597,clockwise_circle,20.7
346,1344302,0.0007,0.1976,0.9448,0.4112,-0.4988,-26.6087,1000.9675,clockwise_circle,20.76
347,1344362,0.0368,0.181,0.9048,-0.1838,-1.5925,-26.74,1000.9717,clockwise_circle,20.82
348,1344422,0.0585,0.2369,1.0035,-0.3063,-0.84,-26.8713,1000.9604,clockwise_circle,20.88
349,1344482,0.0656,0.2584,1.0104,-0.8487,-0.1488,-26.74,1000.9604,clockwise_circle,20.94
350,1344542,0.0459,0.2302,0.996,-0.7,0.3237,-27.4312,1000.959,clockwise_circle,21.0
351,1344602,0.0293,0.2438,0.9858,-1.855,-1.3212,-27.335,1000.957,clockwise_circle,21.06
352,1344662,0.059,0.1895,0.9903,-0.5337,-0.9013,-27.0287,1000.9695,clockwise_circle,21.12
353,1344722,0.0434,0.1779,0.9845,-1.365,-0.6212,-27.0375,1000.9675,clockwise_circle,21.18
354,1344782,0.0314,0.2054,0.9353,-1.085,-1.6013,-27.4662,1000.9763,clockwise_circle,21.24
355,1344842,0.0888,0.2384,1.0388,0.4638,-0.2013,-27.0637,1000.9807,clockwise_circle,21.3
356,1344902,0.0493,0.2047,0.9611,0.455,0.21,-27.1075,1000.9873,clockwise_circle,21.36
357,1344962,0.0185,0.1625,0.8996,-0.875,-0.9887,-27.195,1000.979,clockwise_circle,21.42
358,1345022,0.0363,0.1893,1.0429,-0.1838,0.805,-26.88,1000.9763,clockwise_circle,21.48
359,1345082,0.1324,0.1935,0.9891,-0.4112,-1.365,-27.2125,1000.9851,clockwise_circle,21.54
360,1345142,0.022,0.2094,0.8937,0.7962,0.2713,-27.09,1000.9736,clockwise_circle,21.6
361,1345202,0.0437,0.2252,0.9208,-2.5113,-0.3063,-26.8625,1000.9932,clockwise_circle,21.66
362,1345262,-0.0054,0.1556,0.9777,-0.875,0.6037,-27.4225,1000.9875,clockwise_circle,21.72
363,1345322,0.0012,0.1699,0.9629,2.24,0.0962,-27.7288,1000.9939,clockwise_circle,21.78
364,1345382,0.0928,0.2133,1.0746,2.5375,0.6037,-27.3175,1000.9883,clockwise_circle,21.84
365,1345442,0.0933,0.2295,1.038,0.9887,-1.3825,-26.6175,1000.9927,clockwise_circle,21.9
366,1345502,0.0364,0.242,1.0652,1.3038,0.77,-27.5187,1000.9988,clockwise_circle,21.96
367,1345562,0.029,0.2582,1.0262,-0.1312,0.315,-27.1162,1001.001,clockwise_circle,22.02
368,1345622,0.0659,0.2149,0.9945,-1.3388,-1.715,-27.2213,1000.9976,clockwise_circle,22.08
369,1345682,0.0242,0.212,0.897,-0.245,-1.8375,-27.3787,1001.0015,clockwise_circle,22.14
370,1345742,0.0502,0.1901,0.9297,-1.4,-2.7213,-27.8862,1001.0085,clockwise_circle,22.2
371,1345802,0.0735,0.1261,0.988,1.1287,-0.665,-27.1513,1001.0024,clockwise_circle,22.26
372,1345862,0.1039,0.2737,1.0721,1.295,-1.3563,-26.88,1001.0051,clockwise_circle,22.32
373,1345922,0.1479,0.202,1.0814,-0.2362,-0.7613,-26.1362,1001.0051,clockwise_circle,22.38
374,1345982,0.0784,0.1093,0.9942,0.7437,-0.4988,-26.39,1001.002,clockwise_circle,22.44
375,1346042,0.0425,0.2039,0.9519,0.28,-0.2188,-26.2325,1001.0066,clockwise_circle,22.5
376,1346102,0.1623,0.213,1.0124,-1.505,-2.6163,-25.935,1001.0076,clockwise_circle,22.56
377,1346162,0.0914,0.1977,0.9313,-0.5512,-0.9362,-25.8475,1001.0076,clockwise_circle,22.62
378,1346222,0.0825,0.1662,1.0531,-0.42,-0.2625,-25.6287,1001.0134,clockwise_circle,22.68
379,1346282,0.0703,0.1598,0.9811,-1.3388,0.8838,-26.0487,1001.0176,clockwise_circle,22.74
380,1346342,0.0553,0.1918,0.902,0.8487,1.8463,-26.2412,1001.0125,clockwise_circle,22.8
381,1346402,0.0664,0.2082,1.0006,-0.4812,0.3675,-26.1975,1001.0188,clockwise_circle,22.86
382,1346462,0.0478,0.111,1.0324,0.0875,-1.9162,-26.2062,1001.0215,clockwise_circle,22.92
383,1346522,0.0691,0.1972,1.0002,0.9538,0.5863,-26.4513,1001.0193,clockwise_circle,22.98
384,1346582,0.0698,0.1623,0.9874,-1.0237,-2.7213,-26.25,1001.0229,clockwise_circle,23.04
385,1346642,0.0816,0.2086,1.0114,0.28,-0.1138,-26.7313,1001.0261,clockwise_circle,23.1
386,1346702,0.0554,0.1603,0.8647,-1.7062,-1.75,-26.5475,1001.0269,clockwise_circle,23.16
387,1346762,-0.0137,0.1984,0.9485,-0.5775,-2.7387,-26.9675,1001.019,clockwise_circle,23.22
388,1346822,0.0959,0.1293,1.0041,-0.7525,-0.98,-26.6262,1001.0142,clockwise_circle,23.28
389,1346882,0.0961,0.1061,1.0632,1.085,-1.19,-27.1338,1001.032,clockwise_circle,23.34
390,1346942,0.0374,0.2647,0.9396,1.365,-0.8662,-26.8363,1001.0215,clockwise_circle,23.4
391,1347002,0.0832,0.182,1.0228,-0.8313,-1.2162,-27.2125,1001.0295,clockwise_circle,23.46
392,1347062,0.07,0.2145,0.9997,-1.19,-1.1638,-27.0375,1001.033,clockwise_circle,23.52
393,1347122,0.0908,0.2076,0.9906,0.4112,-0.4375,-27.1775,1001.0256,clockwise_circle,23.58
394,1347182,0.0895,0.1588,0.9267,1.0237,-0.77,-27.0637,1001.0251,clockwise_circle,23.64
395,1347242,0.0795,0.1486,1.0019,0.5075,-1.085,-27.5187,1001.0327,clockwise_circle,23.7
396,1347302,0.0558,0.1744,0.997,2.3012,-0.2362,-27.6063,1001.0381,clockwise_circle,23.76
397,1347362,0.0064,0.2318,0.9621,-0.2013,0.2887,-27.2825,1001.0215,clockwise_circle,23.82
398,1347422,0.0373,0.1403,1.0282,0.2713,0.245,-27.3525,1001.0251,clockwise_circle,23.88
399,1347482,0.0175,0.2313,1.0192,-0.4725,0.6212,-27.9212,1001.0376,clockwise_circle,23.94
400,1347542,0.0703,0.2328,0.9745,-1.19,0.4375,-27.93,1001.0356,clockwise_circle,24.0
401,1347602,0.0671,0.2035,1.0197,-1.0412,-0.0175,-28.595,1001.03,clockwise_circle,24.06
402,1347662,0.0691,0.2086,0.9526,-1.0325,-1.6975,-27.86,1001.0393,clockwise_circle,24.12
403,1347722,0.0414,0.1762,0.9642,0.105,0.1488,-28.4375,1001.0369,clockwise_circle,24.18
404,1347782,0.0256,0.1332,0.9789,0.665,0.84,-28.2362,1001.0408,clockwise_circle,24.24
405,1347842,0.031,0.223,0.9858,0.5512,-1.1113,-28.2712,1001.0376,clockwise_circle,24.3
406,1347902,0.0649,0.2026,1.0324,2.3712,-1.4088,-28.245,1001.0374,clockwise_circle,24.36
407,1347962,0.0198,0.1898,0.9363,2.3012,-1.96,-28.7875,1001.0476,clockwise_circle,24.42
408,1348022,0.042,0.2084,1.0058,1.0412,-2.7125,-28.0963,1001.0474,clockwise_circle,24.48
409,1348082,0.0295,0.1382,0.9947,0.49,-3.745,-28.1488,1001.0437,clockwise_circle,24.54
410,1348142,0.0051,0.1657,0.9235,0.0787,-2.8175,-27.8775,1001.0388,clockwise_circle,24.6
411,1348202,0.079,0.2089,1.0028,-0.6913,-3.43,-27.51,1001.0271,clockwise_circle,24.66
412,1348262,0.0334,0.2164,0.9735,-0.6212,-0.56,-27.2125,1001.0442,clockwise_circle,24.72
413,1348322,0.0266,0.1581,0.9286,-0.2188,-1.9512,-26.95,1001.0405,clockwise_circle,24.78
414,1348382,0.0828,0.2338,1.0615,0.5688,1.6275,-26.985,1001.0247,clockwise_circle,24.84
415,1348442,0.0691,0.144,0.9938,-0.105,-0.245,-27.2388,1001.0464,clockwise_circle,24.9
416,1348502,0.1032,0.1903,1.0382,0.735,0.2625,-27.4312,1001.0503,clockwise_circle,24.96
417,1348562,0.0658,0.2364,1.0106,-0.5425,0.2013,-26.6,1001.052,clockwise_circle,25.02
418,1348622,0.0007,0.2047,0.9733,-0.6737,-0.49,-27.125,1001.0466,clockwise_circle,25.08
419,1348682,0.0327,0.1632,0.974,-1.4875,-1.7675,-27.5012,1001.0464,clockwise_circle,25.14
420,1348742,0.0956,0.1913,1.0502,-0.8487,-1.1638,-27.2388,1001.0393,clockwise_circle,25.2
421,1348802,0.0256,0.182,0.9656,0.14,-1.6537,-27.0287,1001.0513,clockwise_circle,25.26
422,1348862,0.0415,0.1998,1.0449,-0.21,-0.4025,-26.6612,1001.0498,clockwise_circle,25.32
423,1348922,0.0364,0.1559,0.9616,-0.175,-0.665,-26.1625,1001.0344,clockwise_circle,25.38
424,1348982,0.0473,0.2225,0.9773,-0.035,-2.1175,-26.04,1001.0474,clockwise_circle,25.44
425,1349042,0.0558,0.1922,0.9858,0.175,-0.595,-25.7512,1001.0447,clockwise_circle,25.5
426,1349102,0.0505,0.2274,1.0275,-0.0088,1.75,-25.7512,1001.0435,clockwise_circle,25.56
427,1349162,0.0232,0.1825,0.9582,-1.12,-1.1725,-25.8388,1001.0342,clockwise_circle,25.62
428,1349222,0.0618,0.1925,1.0555,-2.1525,-0.3762,-25.3575,1001.0479,clockwise_circle,25.68
429,1349282,0.0107,0.1232,0.9104,-2.6862,-1.995,-24.8937,1001.051,clockwise_circle,25.74
430,1349342,-0.0166,0.1374,0.9821,-0.07,0.5863,-25.0075,1001.0527,clockwise_circle,25.8
431,1349402,0.0142,0.1406,0.9165,-0.7,-2.0125,-25.3137,1001.0415,clockwise_circle,25.86
432,1349462,0.0839,0.1796,1.0416,0.665,0.3587,-25.2875,1001.0444,clockwise_circle,25.92
433,1349522,0.0285,0.2103,0.9433,0.525,0.4112,-25.585,1001.0344,clockwise_circle,25.98
434,1349582,0.0457,0.1866,0.9575,-0.6212,-0.4462,-25.27,1001.0352,clockwise_circle,26.04
435,1349642,0.0181,0.2091,0.9988,-0.9275,0.3762,-25.6987,1001.0327,clockwise_circle,26.1
436,1349702,0.1423,0.1906,1.0892,0.7788,1.2862,-25.2525,1001.0359,clockwise_circle,26.16
437,1349762,0.0778,0.2056,1.0124,-0.245,-0.8225,-25.5588,1001.0261,clockwise_circle,26.22
438,1349822,0.029,0.2138,0.9295,0.6212,0.21,-25.5675,1001.0444,clockwise_circle,26.28
439,1349882,0.077,0.1818,1.0594,-0.2537,-1.47,-25.4275,1001.0266,clockwise_circle,26.34
440,1349942,0.044,0.2028,0.9709,-0.21,-1.3913,-25.3137,1001.0413,clockwise_circle,26.4
441,1350002,0.0686,0.2309,1.0103,-0.7262,-0.8838,-25.5063,1001.0356,clockwise_circle,26.46
442,1350062,0.1267,0.2516,1.049,-1.0325,-0.5863,-24.8762,1001.0396,clockwise_circle,26.52
443,1350122,0.0766,0.1862,0.9912,-1.6975,-1.6537,-25.3137,1001.043,clockwise_circle,26.58
444,1350182,0.0443,0.1615,0.9963,-0.6475,0.875,-25.3575,1001.0305,clockwise_circle,26.64
445,1350242,0.0673,0.1564,1.0307,0.6825,1.8025,-25.76,1001.0364,clockwise_circle,26.7
446,1350302,0.0614,0.1501,1.0136,-0.3413,0.1225,-25.7425,1001.033,clockwise_circle,26.76
447,1350362,0.1019,0.2372,1.1088,0.49,1.7062,-25.655,1001.0408,clockwise_circle,26.82
448,1350422,0.0849,0.1936,1.0375,1.2075,0.7525,-25.3225,1001.0239,clockwise_circle,26.88
449,1350482,-0.0088,0.2189,0.9491,1.1025,-0.385,-25.5588,1001.0327,clockwise_circle,26.94
450,1350542,0.0529,0.2142,0.9906,-0.07,-0.6737,-25.9263,1001.0276,clockwise_circle,27.0
451,1350602,0.0564,0.206,1.0707,0.3675,1.0412,-25.4975,1001.0249,clockwise_circle,27.06
452,1350662,0.0428,0.2408,0.9496,0.91,-0.5163,-25.9,1001.0239,clockwise_circle,27.12
453,1350722,0.0867,0.233,1.0447,-1.0063,-1.1463,-25.6987,1001.0237,clockwise_circle,27.18
454,1350782,0.0593,0.2103,1.0048,-0.4725,-0.8225,-25.8388,1001.0225,clockwise_circle,27.24
455,1350842,0.0441,0.2198,0.9516,-0.5337,-0.5775,-26.0138,1001.0288,clockwise_circle,27.3
456,1350902,0.0088,0.2079,0.9426,1.1025,-0.035,-26.285,1001.0154,clockwise_circle,27.36
457,1350962,0.0564,0.205,1.0036,1.7587,0.3325,-25.8388,1001.0144,clockwise_circle,27.42
458,1351022,0.0636,0.1942,0.947,-0.1138,-1.19,-25.9,1001.0032,clockwise_circle,27.48
459,1351082,0.0374,0.1623,0.9687,1.4438,-0.2537,-25.9,1001.0168,clockwise_circle,27.54
460,1351142,0.0329,0.2152,0.9687,0.63,-0.1575,-26.3113,1001.0159,clockwise_circle,27.6
461,1351202,0.123,0.1606,1.007,-1.295,-2.3187,-25.7862,1001.0259,clockwise_circle,27.66
462,1351262,0.1069,0.2806,1.0659,-0.1488,-0.98,-25.8037,1001.0125,clockwise_circle,27.72
463,1351322,0.0314,0.2103,0.9839,0.595,0.5688,-26.4338,1001.0088,clockwise_circle,27.78
464,1351382,0.0363,0.1848,1.0055,-0.7262,0.8662,-26.7925,1001.0137,clockwise_circle,27.84
465,1351442,0.0417,0.174,0.945,-0.665,-0.6913,-25.9875,1001.0234,clockwise_circle,27.9
466,1351502,0.0547,0.1904,0.9856,-0.455,-0.7875,-26.0138,1001.0139,clockwise_circle,27.96
467,1351562,0.0099,0.1398,0.9401,-0.4725,-0.77,-25.8125,1001.0137,clockwise_circle,28.02
468,1351622,0.0539,0.1767,0.9685,0.245,-0.9275,-25.8738,1001.009,clockwise_circle,28.08
469,1351682,0.0989,0.2391,1.0111,0.91,-1.8463,-25.6462,1001.0234,clockwise_circle,28.14
470,1351742,0.0523,0.2256,0.9586,-0.49,-1.4963,-25.97,1001.0181,clockwise_circle,28.2
471,1351802,0.0717,0.1718,1.0565,0.0088,-1.715,-25.7862,1001.0251,clockwise_circle,28.26
472,1351862,0.0393,0.23,1.0253,0.77,-0.1312,-25.9788,1001.0198,clockwise_circle,28.32
473,1351922,0.0801,0.2198,1.0574,0.0613,-0.1225,-26.075,1001.0217,clockwise_circle,28.38
474,1351982,0.0373,0.1851,0.9667,-0.9275,-0.9625,-25.9438,1001.0144,clockwise_circle,28.44
475,1352042,0.0566,0.1918,1.0343,0.0,-0.4988,-25.6462,1001.0212,clockwise_circle,28.5
476,1352102,0.0419,0.1615,0.9437,-0.56,-1.015,-25.3137,1001.0115,clockwise_circle,28.56
477,1352162,0.0228,0.2011,0.9805,1.0063,-0.6475,-25.2175,1001.01,clockwise_circle,28.62
478,1352222,0.0562,0.195,0.9967,1.4612,-0.1663,-25.3312,1001.0142,clockwise_circle,28.68
479,1352282,0.0027,0.2313,0.9358,0.9187,1.5312,-25.5413,1001.0042,clockwise_circle,28.74
480,1352342,0.0752,0.2027,0.9722,-0.1925,-0.3675,-25.9875,1000.9995,clockwise_circle,28.8
481,1352402,0.0975,0.2159,1.0124,1.3038,-0.315,-25.5588,1001.0078,clockwise_circle,28.86
482,1352462,0.0547,0.24,1.0374,0.3325,-0.3063,-25.8125,1001.002,clockwise_circle,28.92
483,1352522,0.0276,0.2018,0.9884,0.2887,0.5425,-25.7687,1001.0039,clockwise_circle,28.98
484,1352582,0.0691,0.2017,0.988,-0.5775,-0.9275,-25.7075,1000.9976,clockwise_circle,29.04
485,1352642,0.0339,0.1781,0.9841,-0.7525,-0.5775,-25.3575,1000.998,clockwise_circle,29.1
486,1352702,0.1064,0.2284,1.086,-0.7962,-0.4725,-25.2612,1001.0027,clockwise_circle,29.16
487,1352762,0.003,0.1742,0.9612,0.4812,0.6125,-25.4275,1001.0015,clockwise_circle,29.22
488,1352822,0.0712,0.2089,0.9675,-0.7525,-0.9975,-25.41,1001.0005,clockwise_circle,29.28
489,1352882,0.0544,0.1627,0.9656,0.9975,-0.385,-24.8675,1000.9966,clockwise_circle,29.34
490,1352942,0.0247,0.215,0.9899,0.9275,0.4725,-24.8325,1000.9907,clockwise_circle,29.4
491,1353002,0.0303,0.1852,0.9409,-0.4638,-1.2425,-24.64,1001.0007,clockwise_circle,29.46
492,1353062,0.0827,0.2053,1.0568,1.0412,-0.6125,-23.94,1000.9973,clockwise_circle,29.52
493,1353122,0.0957,0.1599,1.0795,1.19,-0.5425,-24.2638,1001.001,clockwise_circle,29.58
494,1353182,0.0535,0.2502,0.9469,-0.6388,-1.5575,-24.5088,1000.9958,clockwise_circle,29.64
495,1353242,0.0637,0.1918,0.964,-0.8225,-0.6212,-24.6138,1000.9917,clockwise_circle,29.7
496,1353302,0.052,0.2098,0.9379,-1.3212,-0.6825,-24.7625,1000.9963,clockwise_circle,29.76
497,1353362,0.0612,0.2104,0.9408,-0.3938,-0.21,-24.64,1000.9983,clockwise_circle,29.82
498,1353422,0.0024,0.1925,0.9316,-0.2625,-1.1025,-25.0425,1000.9966,clockwise_circle,29.88
499,1353482,0.0239,0.1918,1.0095,0.4025,0.1838,-24.9725,1000.9983,clockwise_circle,29.94
500,1353542,-0.0117,0.1833,0.9259,0.5512,-0.7788,-24.8237,1000.9919,clockwise_circle,30.0
501,1353602,0.0822,0.1684,0.9831,0.4112,-0.9013,-24.4475,1000.9807,clockwise_circle,30.06
502,1353662,0.0561,0.2228,0.9597,-0.0088,0.6125,-24.6663,1000.9783,clockwise_circle,30.12
503,1353722,0.0384,0.2137,0.9257,0.5425,-0.9362,-24.9725,1000.9773,clockwise_circle,30.18
504,1353782,0.0506,0.18,0.9919,1.015,-1.0675,-24.9112,1000.9858,clockwise_circle,30.24
505,1353842,0.0458,0.1981,0.9933,-0.1663,-1.26,-25.4363,1000.9829,clockwise_circle,30.3
506,1353902,0.0356,0.243,0.9686,-0.035,-1.0412,-24.99,1000.981,clockwise_circle,30.36
507,1353962,0.0554,0.1559,1.0338,0.2713,0.595,-25.0775,1000.9785,clockwise_circle,30.42
508,1354022,0.0386,0.2137,0.985,0.0875,0.3762,-25.1737,1000.9822,clockwise_circle,30.48
509,1354082,0.0527,0.2103,1.0194,0.5863,-1.47,-25.4975,1000.9727,clockwise_circle,30.54
510,1354142,0.0566,0.1976,1.0038,-0.1312,0.2887,-25.4013,1000.9702,clockwise_circle,30.6
511,1354202,0.0657,0.2413,0.9843,-0.6037,0.805,-25.1912,1000.9746,clockwise_circle,30.66
512,1354262,-0.0015,0.1798,0.9496,-0.385,-0.8925,-25.2262,1000.9685,clockwise_circle,30.72
513,1354322,0.0342,0.1886,0.9738,-0.6913,-0.0262,-25.7425,1000.9692,clockwise_circle,30.78
514,1354382,0.0608,0.1816,0.9614,-0.3413,-0.5863,-25.4975,1000.9771,clockwise_circle,30.84
515,1354442,0.0057,0.1548,0.917,-0.21,-0.595,-25.7337,1000.9705,clockwise_circle,30.9
516,1354502,0.0549,0.2035,0.997,0.665,-1.785,-25.585,1000.9639,clockwise_circle,30.96
517,1354562,0.0603,0.2027,0.9953,0.945,-1.0412,-25.1912,1000.9675,clockwise_circle,31.02
518,1354622,0.0608,0.2133,1.0585,1.645,0.0962,-25.2525,1000.9739,clockwise_circle,31.08
519,1354682,0.0608,0.2152,1.0011,0.1312,-0.2188,-25.3925,1000.9648,clockwise_circle,31.14
520,1354742,0.0739,0.1691,0.9919,0.5425,-1.435,-25.5413,1000.9832,clockwise_circle,31.2
521,1354802,0.0569,0.2397,0.9939,0.5163,-0.6388,-25.41,1000.9705,clockwise_circle,31.26
522,1354862,0.0378,0.1896,0.9475,-0.5775,-1.5488,-25.2262,1000.9648,clockwise_circle,31.32
523,1354922,0.0515,0.1738,0.9711,-0.0437,-0.9975,-25.0775,1000.9595,clockwise_circle,31.38
524,1354982,0.0961,0.2257,0.9906,0.1225,-0.5512,-25.13,1000.9604,clockwise_circle,31.44
525,1355042,0.0842,0.1645,1.0324,-0.7613,0.385,-25.1125,1000.9583,clockwise_circle,31.5
526,1355102,0.0495,0.2343,1.0009,1.9338,2.8612,-25.1737,1000.9602,clockwise_circle,31.56
527,1355162,0.0205,0.2444,0.9171,0.6562,1.19,-25.6637,1000.9541,clockwise_circle,31.62
528,1355222,0.0694,0.2081,0.9875,0.5425,1.0412,-25.1475,1000.9519,clockwise_circle,31.68
529,1355282,0.0884,0.2291,1.0812,0.6212,2.3625,-25.7862,1000.9531,clockwise_circle,31.74
530,1355342,0.0609,0.2269,0.9664,1.6275,-0.4638,-25.4625,1000.9482,clockwise_circle,31.8
531,1355402,0.0483,0.1954,1.015,0.7175,-0.6913,-25.3662,1000.9565,clockwise_circle,31.86
532,1355462,0.0337,0.2023,0.9726,1.2513,-1.0588,-25.3312,1000.9543,clockwise_circle,31.92
533,1355522,0.0163,0.1662,0.9252,1.7763,-1.0063,-25.2525,1000.9541,clockwise_circle,31.98
534,1355582,0.0605,0.2297,1.0248,1.0675,-1.4525,-25.0775,1000.9612,clockwise_circle,32.04
535,1355642,0.0354,0.2123,0.9376,-0.4988,-1.5925,-25.2262,1000.9597,clockwise_circle,32.1
536,1355702,0.0473,0.1756,0.9699,-0.5163,-0.63,-24.8237,1000.9597,clockwise_circle,32.16
537,1355762,-0.0114,0.2437,0.9552,-1.2687,-2.2838,-25.1737,1000.9529,clockwise_circle,32.22
538,1355822,0.0327,0.1593,0.9536,-0.7088,-2.485,-25.1825,1000.957,clockwise_circle,32.28
539,1355882,0.0762,0.2421,0.9825,-0.6825,-1.6712,-25.0775,1000.9597,clockwise_circle,32.34
540,1355942,0.0237,0.2118,0.9665,-1.3913,-0.9538,-25.1562,1000.9578,clockwise_circle,32.4
541,1356002,0.0107,0.1593,0.9835,0.56,-1.2337,-25.0863,1000.9612,clockwise_circle,32.46
542,1356062,0.0281,0.1992,1.0006,1.2687,-0.455,-25.6025,1000.9521,clockwise_circle,32.52
543,1356122,0.0261,0.154,0.9345,0.7962,-0.84,-25.2875,1000.9553,clockwise_circle,32.58
544,1356182,0.07,0.2079,0.9801,0.735,-1.4963,-25.1912,1000.9592,clockwise_circle,32.64
545,1356242,0.052,0.2169,0.9477,0.2275,-2.0563,-24.955,1000.9626,clockwise_circle,32.7
546,1356302,0.0325,0.2076,0.9064,0.28,-0.4112,-25.4625,1000.9624,clockwise_circle,32.76
547,1356362,0.049,0.2022,1.0028,1.1287,-0.0613,-25.1737,1000.9651,clockwise_circle,32.82
548,1356422,0.0378,0.1854,1.009,-0.7962,0.5337,-25.1475,1000.9619,clockwise_circle,32.88
549,1356482,0.0337,0.2206,0.9728,-0.9712,-0.5425,-25.235,1000.9551,clockwise_circle,32.94
550,1356542,0.0504,0.2145,1.0553,-1.5137,0.3413,-24.885,1000.9514,clockwise_circle,33.0
551,1356602,0.0085,0.1914,0.923,-1.8987,-0.0613,-25.5063,1000.9609,clockwise_circle,33.06
552,1356662,0.0261,0.1635,0.9909,-1.085,0.7,-25.795,1000.9644,clockwise_circle,33.12
553,1356722,0.1049,0.2508,1.0575,-1.0762,-0.1838,-25.235,1000.9597,clockwise_circle,33.18
554,1356782,0.0368,0.2328,0.9567,0.105,1.785,-25.8213,1000.9644,clockwise_circle,33.24
555,1356842,0.0324,0.2366,0.9618,1.295,-0.3587,-25.7512,1000.9604,clockwise_circle,33.3
556,1356902,0.0506,0.153,1.006,1.6275,-0.84,-25.4625,1000.9651,clockwise_circle,33.36
557,1356962,0.0439,0.2255,1.0546,1.7938,-2.1175,-25.9,1000.9644,clockwise_circle,33.42
558,1357022,0.0659,0.2835,1.028,1.2162,-0.1225,-25.4188,1000.9639,clockwise_circle,33.48
559,1357082,0.0203,0.2214,0.9589,-1.6712,-2.0912,-25.5413,1000.9551,clockwise_circle,33.54
560,1357142,0.0622,0.2245,0.9669,-0.525,-0.5075,-25.7075,1000.9609,clockwise_circle,33.6
561,1357202,0.093,0.1996,1.0343,-1.75,-2.3363,-26.215,1000.949,clockwise_circle,33.66
562,1357262,0.0833,0.2089,1.0465,0.0962,0.665,-26.2763,1000.95,clockwise_circle,33.72
563,1357322,0.0185,0.1703,0.9028,-0.945,-0.7175,-26.985,1000.9504,clockwise_circle,33.78
564,1357382,0.0501,0.1681,0.8908,-0.665,-2.1,-26.1275,1000.9543,clockwise_circle,33.84
565,1357442,0.0085,0.2006,0.954,0.9887,-0.6475,-26.39,1000.9475,clockwise_circle,33.9
566,1357502,0.0571,0.1493,0.9363,1.2075,-1.5312,-26.7313,1000.9509,clockwise_circle,33.96
567,1357562,0.0091,0.2819,0.9324,1.5225,0.6825,-26.5737,1000.947,clockwise_circle,34.02
568,1357622,0.0851,0.2659,1.0565,-0.385,0.8925,-26.565,1000.9436,clockwise_circle,34.08
569,1357682,0.0437,0.1793,0.9624,-2.4588,-0.14,-26.3638,1000.9497,clockwise_circle,34.14
570,1357742,0.0595,0.2113,1.007,-0.805,-0.3938,-26.3638,1000.9524,clockwise_circle,34.2
571,1357802,0.0688,0.2109,1.0555,-0.7437,0.21,-26.2588,1000.9578,clockwise_circle,34.26
572,1357862,0.0273,0.1969,1.0104,0.2188,-1.0412,-26.705,1000.9558,clockwise_circle,34.32
573,1357922,0.0452,0.1837,1.0121,1.2337,-0.525,-26.88,1000.9639,clockwise_circle,34.38
574,1357982,0.0637,0.2167,1.0465,-0.1138,-1.05,-26.0837,1000.9768,clockwise_circle,34.44
575,1358042,0.0565,0.2106,0.9965,0.0437,0.455,-26.355,1000.9773,clockwise_circle,34.5
576,1358102,-0.0105,0.1621,1.0049,0.6475,-1.1463,-26.3638,1000.9727,clockwise_circle,34.56
577,1358162,0.0382,0.2338,1.0546,2.6163,1.6712,-26.4075,1000.9741,clockwise_circle,34.62
578,1358222,0.073,0.1811,1.0051,-0.315,-2.9225,-26.6262,1000.9739,clockwise_circle,34.68
579,1358282,0.0827,0.2155,1.034,-0.8925,0.7,-25.5325,1000.9714,clockwise_circle,34.74
580,1358342,0.0723,0.1703,1.0507,-2.7475,-1.1638,-25.7337,1000.981,clockwise_circle,34.8
581,1358402,0.0209,0.2313,0.9977,-1.2162,0.5775,-25.97,1000.9792,clockwise_circle,34.86
582,1358462,0.0483,0.1716,1.0116,-1.96,-0.945,-25.27,1000.9868,clockwise_circle,34.92
583,1358522,0.0508,0.187,0.9363,-2.5463,-0.9362,-25.7075,1000.9875,clockwise_circle,34.98
584,1358582,0.0171,0.2082,0.9661,-0.105,-0.7262,-25.5238,1000.9883,clockwise_circle,35.04
585,1358642,0.004,0.174,0.9972,-0.0875,-1.47,-25.6812,1000.9814,clockwise_circle,35.1
586,1358702,0.0412,0.2037,0.9826,-0.2275,-0.2188,-25.1388,1000.9907,clockwise_circle,35.16
587,1358762,0.0173,0.1798,0.946,0.4725,0.0175,-25.1825,1000.9917,clockwise_circle,35.22
588,1358822,0.0015,0.236,0.9818,1.6363,0.1925,-25.7512,1000.999,clockwise_circle,35.28
589,1358882,0.0666,0.2054,1.0216,0.0,0.6388,-25.025,1000.9988,clockwise_circle,35.34
590,1358942,0.0332,0.182,0.9777,0.455,2.87,-25.3137,1000.9949,clockwise_circle,35.4
591,1359002,0.014,0.1565,0.9052,-0.2362,-1.7675,-25.41,1001.0017,clockwise_circle,35.46
592,1359062,0.0564,0.1725,1.0646,-1.5225,-1.2687,-25.1213,1000.999,clockwise_circle,35.52
593,1359122,0.0288,0.15,1.0735,-0.4375,-0.5688,-25.1125,1000.9929,clockwise_circle,35.58
594,1359182,0.0132,0.1887,0.9823,0.6562,-0.315,-24.885,1001.0125,clockwise_circle,35.64
595,1359242,0.0395,0.1513,0.9541,-2.0475,-1.1375,-24.5613,1000.9946,clockwise_circle,35.7
596,1359302,-0.019,0.1235,0.8605,-0.9712,-0.6037,-24.9025,1001.001,clockwise_circle,35.76
597,1359362,0.049,0.1959,0.9863,-1.3388,-1.26,-25.0863,1000.9883,clockwise_circle,35.82
598,1359422,0.0224,0.192,0.9478,-0.49,-0.8225,-24.8237,1001.0059,clockwise_circle,35.88
599,1359482,0.0037,0.1803,0.9206,0.2013,-1.085,-24.885,1001.0012,clockwise_circle,35.94
600,1359542,0.0098,0.1703,0.9842,1.5662,0.7175,-25.5325,1001.0117,clockwise_circle,36.0
601,1359602,0.0373,0.167,0.9728,0.1575,-1.8725,-25.585,1001.0112,clockwise_circle,36.06
602,1359662,0.0512,0.2181,1.0609,1.2075,0.5075,-25.2875,1001.0142,clockwise_circle,36.12
603,1359722,0.0747,0.2154,0.9331,-0.2362,1.5488,-24.85,1001.009,clockwise_circle,36.18
604,1359782,0.0722,0.2273,0.9646,-0.2362,-1.2425,-25.1038,1001.0234,clockwise_circle,36.24
605,1359842,0.0312,0.2108,0.9902,0.1838,0.5775,-25.0775,1001.0183,clockwise_circle,36.3
606,1359902,0.0171,0.1723,0.9432,-1.4175,-2.6163,-25.34,1001.012,clockwise_circle,36.36
607,1359962,0.0478,0.1886,0.933,0.7875,0.9975,-25.76,1001.0168,clockwise_circle,36.42
608,1360022,0.1083,0.1727,1.0227,0.455,0.7525,-25.1737,1001.0171,clockwise_circle,36.48
609,1360082,0.0144,0.1631,0.8979,0.0613,-0.9712,-25.0775,1001.0247,clockwise_circle,36.54
610,1360142,0.0545,0.1978,1.0033,2.5375,0.5688,-25.5763,1001.0198,clockwise_circle,36.6
611,1360202,0.0859,0.255,0.9899,1.9863,1.1638,-24.9025,1001.0195,clockwise_circle,36.66
612,1360262,0.0839,0.1825,0.9919,0.5512,0.175,-24.5438,1001.0227,clockwise_circle,36.72
613,1360322,0.082,0.2445,0.9584,-1.3737,-2.5812,-24.9638,1001.0254,clockwise_circle,36.78
614,1360382,0.1205,0.1929,1.1183,0.1138,-1.225,-24.7362,1001.0239,clockwise_circle,36.84
615,1360442,0.0892,0.2221,1.0253,-0.35,-0.0088,-24.885,1001.0356,clockwise_circle,36.9
616,1360502,0.0895,0.2596,1.0128,-2.6688,-1.4875,-24.4562,1001.0271,clockwise_circle,36.96
617,1360562,0.0749,0.2074,1.0386,-0.5512,-0.0787,-24.6225,1001.0312,clockwise_circle,37.02
618,1360622,0.0566,0.2045,0.9263,-1.82,-0.0437,-24.85,1001.0317,clockwise_circle,37.08
619,1360682,0.101,0.193,1.0687,0.1663,0.875,-24.8325,1001.0295,clockwise_circle,37.14
620,1360742,0.0981,0.1576,1.0144,-1.0412,0.525,-25.0163,1001.0364,clockwise_circle,37.2
621,1360802,0.0605,0.1524,1.0639,0.7437,1.8725,-24.6925,1001.0298,clockwise_circle,37.26
622,1360862,0.0392,0.181,1.0307,0.0787,0.4812,-24.78,1001.04,clockwise_circle,37.32
623,1360922,-0.0202,0.2008,0.9675,0.8138,2.0475,-24.2288,1001.0369,clockwise_circle,37.38
624,1360982,0.0436,0.1149,1.0121,0.56,-0.7262,-24.7975,1001.0344,clockwise_circle,37.44
625,1361042,0.0688,0.1259,0.9959,-0.0175,-0.9362,-24.8325,1001.0398,clockwise_circle,37.5
626,1361102,0.0325,0.2029,1.0035,0.0875,0.0525,-24.36,1001.0403,clockwise_circle,37.56
627,1361162,0.0657,0.1254,0.9892,-1.33,-1.225,-24.6138,1001.0417,clockwise_circle,37.62
628,1361222,0.0891,0.1598,1.044,0.6562,0.1312,-23.8612,1001.0376,clockwise_circle,37.68
629,1361282,0.0881,0.1746,0.9655,0.6037,0.7437,-24.5525,1001.0427,clockwise_circle,37.74
630,1361342,0.1111,0.184,0.9947,0.0875,0.2625,-24.43,1001.0349,clockwise_circle,37.8
631,1361402,0.1099,0.2126,1.0327,0.7525,-1.4,-24.185,1001.0427,clockwise_circle,37.86
632,1361462,0.0818,0.1979,0.9858,1.4,1.015,-23.905,1001.0537,clockwise_circle,37.92
633,1361522,0.0254,0.1237,0.9895,0.735,0.3413,-23.8088,1001.0405,clockwise_circle,37.98
634,1361582,0.0483,0.2072,0.9979,1.155,-0.3325,-23.9312,1001.0398,clockwise_circle,38.04
635,1361642,0.0956,0.2004,1.0588,0.1575,1.155,-23.4412,1001.0374,clockwise_circle,38.1
636,1361702,0.0544,0.2538,0.9197,-0.2188,-1.3475,-23.905,1001.0337,clockwise_circle,38.16
637,1361762,0.0902,0.2051,1.039,-1.7413,-0.2188,-23.765,1001.0361,clockwise_circle,38.22
638,1361822,0.0073,0.1761,0.9399,-0.3938,0.9975,-24.0362,1001.0383,clockwise_circle,38.28
639,1361882,0.0535,0.1943,0.9967,-1.2862,-1.05,-23.9575,1001.0378,clockwise_circle,38.34
640,1361942,0.0212,0.1449,0.9621,-1.26,-0.42,-23.7738,1001.0513,clockwise_circle,38.4
641,1362002,0.0871,0.0966,1.0826,1.1287,-0.2275,-23.6513,1001.0469,clockwise_circle,38.46
642,1362062,0.0461,0.1535,1.0057,0.455,-1.7237,-23.7563,1001.0454,clockwise_circle,38.52
643,1362122,0.0351,0.144,0.9946,2.1613,-0.63,-23.7563,1001.0486,clockwise_circle,38.58
644,1362182,0.0278,0.1853,1.0543,2.7825,-0.5688,-24.0537,1001.0476,clockwise_circle,38.64
645,1362242,0.0547,0.1983,1.015,0.8313,-1.085,-23.5725,1001.0469,clockwise_circle,38.7
646,1362302,0.0815,0.1901,1.0197,1.8025,-0.0875,-23.6688,1001.0486,clockwise_circle,38.76
647,1362362,0.0857,0.1676,0.9643,-0.2887,-0.945,-23.5725,1001.0457,clockwise_circle,38.82
648,1362422,0.0878,0.2099,1.0187,-1.0237,-1.365,-23.6162,1001.0342,clockwise_circle,38.88
649,1362482,0.0595,0.174,0.9809,0.5512,0.2275,-23.73,1001.0442,clockwise_circle,38.94
650,1362542,0.0398,0.1606,0.9243,-0.3587,-1.6363,-23.87,1001.042,clockwise_circle,39.0
651,1362602,0.0932,0.1755,0.9631,-0.455,0.1575,-23.4937,1001.0505,clockwise_circle,39.06
652,1362662,0.0313,0.1238,0.9676,0.035,-0.035,-23.9225,1001.0474,clockwise_circle,39.12
653,1362722,0.0634,0.1493,1.0167,1.8637,0.8138,-24.0537,1001.0566,clockwise_circle,39.18
654,1362782,0.0794,0.2694,0.9729,0.3762,-0.2188,-23.9137,1001.0522,clockwise_circle,39.24
655,1362842,0.071,0.2494,1.0005,-0.3063,0.2537,-23.6425,1001.0479,clockwise_circle,39.3
656,1362902,0.0368,0.1843,0.9313,0.6037,0.56,-23.7475,1001.0452,clockwise_circle,39.36
657,1362962,0.0528,0.2243,0.9446,0.2537,-1.5662,-24.4737,1001.0481,clockwise_circle,39.42
658,1363022,0.0827,0.1784,0.982,-0.875,-2.6775,-24.3425,1001.0537,clockwise_circle,39.48
659,1363082,0.0379,0.215,0.9755,0.2188,-1.2425,-24.43,1001.042,clockwise_circle,39.54
660,1363142,0.0391,0.1503,0.9414,0.0262,-0.5775,-25.0513,1001.0503,clockwise_circle,39.6
661,1363202,0.0519,0.1593,0.9386,0.525,-2.66,-24.4737,1001.0537,clockwise_circle,39.66
662,1363262,0.0476,0.1805,0.9501,-1.33,-1.365,-25.0775,1001.0527,clockwise_circle,39.72
663,1363322,0.0678,0.1679,0.9453,-1.2425,-1.2337,-25.06,1001.051,clockwise_circle,39.78
664,1363382,0.0766,0.1915,1.0275,-0.9538,-0.9887,-24.955,1001.0513,clockwise_circle,39.84
665,1363442,0.0803,0.177,0.9861,-0.6913,-0.2625,-25.025,1001.0583,clockwise_circle,39.9
666,1363502,0.0595,0.2883,0.9761,-1.225,-1.33,-25.4713,1001.061,clockwise_circle,39.96
667,1363562,0.1058,0.159,1.0551,-1.33,-0.7175,-24.92,1001.0554,clockwise_circle,40.02
668,1363622,0.0393,0.1743,0.926,-0.7962,-0.5863,-24.9287,1001.0586,clockwise_circle,40.08
669,1363682,0.0417,0.1923,0.9772,-0.1312,0.455,-25.0163,1001.0469,clockwise_circle,40.14
670,1363742,0.1022,0.1762,1.0558,1.0675,0.0262,-24.8937,1001.0547,clockwise_circle,40.2
671,1363802,0.0792,0.223,1.0734,1.54,-0.2188,-25.1388,1001.0552,clockwise_circle,40.26
672,1363862,0.1046,0.1605,1.0436,0.8138,0.315,-25.5063,1001.053,clockwise_circle,40.32
673,1363922,0.0553,0.1593,1.0043,0.3938,0.2537,-25.375,1001.053,clockwise_circle,40.38
674,1363982,0.0534,0.2204,0.9297,0.2537,-0.77,-25.13,1001.0574,clockwise_circle,40.44
675,1364042,0.0893,0.1635,1.0532,-0.3413,0.0262,-25.34,1001.051,clockwise_circle,40.5
676,1364102,0.0391,0.1854,0.9289,-0.3237,-0.4462,-25.1912,1001.0618,clockwise_circle,40.56
677,1364162,0.0663,0.1603,1.0202,0.21,0.7875,-25.1125,1001.0554,clockwise_circle,40.62
678,1364222,0.0576,0.2164,0.9822,-0.7088,-0.4025,-25.1912,1001.0625,clockwise_circle,40.68
679,1364282,0.049,0.2101,0.9952,0.3325,0.6125,-25.515,1001.0569,clockwise_circle,40.74
680,1364342,0.0898,0.2075,1.011,-0.28,-0.0175,-25.5938,1001.0476,clockwise_circle,40.8
681,1364402,0.0981,0.2179,1.0192,-0.5075,-0.2975,-25.3487,1001.0471,clockwise_circle,40.86
682,1364462,0.0456,0.1871,0.9801,-1.0063,0.7262,-25.2875,1001.0627,clockwise_circle,40.92
683,1364522,0.0188,0.1615,0.9251,0.875,0.4375,-25.7162,1001.0496,clockwise_circle,40.98
684,1364582,0.065,0.2106,1.005,0.4638,0.1488,-25.4713,1001.0483,clockwise_circle,41.04
685,1364642,0.0873,0.2603,1.0211,0.63,0.63,-25.3925,1001.0442,clockwise_circle,41.1
686,1364702,0.0568,0.1738,0.9345,-0.035,-0.175,-25.48,1001.0515,clockwise_circle,41.16
687,1364762,0.0239,0.1981,0.9433,-0.0613,0.4988,-25.0163,1001.0452,clockwise_circle,41.22
688,1364822,0.0473,0.2048,0.9555,0.5425,0.3938,-25.0688,1001.0549,clockwise_circle,41.28
689,1364882,0.0801,0.1652,1.0576,-0.245,-0.4112,-25.165,1001.0488,clockwise_circle,41.34
690,1364942,0.0576,0.1956,1.0111,-0.49,0.2625,-25.0513,1001.0457,clockwise_circle,41.4
691,1365002,0.0476,0.17,1.0082,-0.3938,-0.3938,-24.99,1001.0413,clockwise_circle,41.46
692,1365062,0.0283,0.1834,0.9983,-0.9538,-0.2013,-25.4188,1001.0437,clockwise_circle,41.52
693,1365122,0.0491,0.1499,0.9664,0.35,-0.3675,-25.1912,1001.0479,clockwise_circle,41.58
694,1365182,0.0454,0.1943,1.0738,0.9362,1.0588,-24.9813,1001.0562,clockwise_circle,41.64
695,1365242,0.0093,0.1555,0.9664,1.0938,0.9187,-25.13,1001.0408,clockwise_circle,41.7
696,1365302,0.0755,0.1818,1.0407,1.12,-0.7613,-25.0425,1001.0339,clockwise_circle,41.76
697,1365362,0.0271,0.1923,0.9772,-1.2687,-0.2013,-24.9813,1001.041,clockwise_circle,41.82
698,1365422,0.0365,0.1604,0.9943,1.225,-0.2975,-24.6663,1001.0393,clockwise_circle,41.88
699,1365482,0.0395,0.1639,0.9436,-0.4025,-0.2362,-25.2525,1001.0327,clockwise_circle,41.94
700,1365542,0.0505,0.2174,1.013,-0.98,0.63,-24.8062,1001.0344,clockwise_circle,42.0
701,1365602,0.0752,0.1999,1.0138,-1.1725,0.2887,-24.9025,1001.0312,clockwise_circle,42.06
702,1365662,0.0791,0.1927,1.0499,-0.4025,0.91,-24.71,1001.0266,clockwise_circle,42.12
703,1365722,0.0432,0.1746,0.9927,-0.3237,0.63,-24.7712,1001.0364,clockwise_circle,42.18
704,1365782,-0.0098,0.2071,0.9411,1.7413,-0.875,-25.025,1001.0276,clockwise_circle,42.24
705,1365842,0.0664,0.1449,0.9714,-0.3325,-1.54,-25.0425,1001.0359,clockwise_circle,42.3
706,1365902,0.0668,0.1598,1.0146,0.5337,-0.3675,-24.78,1001.0337,clockwise_circle,42.36
707,1365962,0.0127,0.2001,0.9728,1.085,0.5425,-24.815,1001.0271,clockwise_circle,42.42
708,1366022,0.0144,0.1533,0.9783,0.5163,0.07,-24.6488,1001.0271,clockwise_circle,42.48
709,1366082,0.0357,0.1379,1.0322,0.7437,-0.7175,-24.9638,1001.0266,clockwise_circle,42.54
710,1366142,0.0004,0.1987,0.9701,0.8838,-0.2188,-25.3312,1001.0198,clockwise_circle,42.6
711,1366202,0.0698,0.194,0.9819,-0.875,-1.9162,-24.99,1001.0312,clockwise_circle,42.66
712,1366262,0.0766,0.1957,1.0358,0.7875,-0.035,-24.8762,1001.0278,clockwise_circle,42.72
713,1366322,0.0364,0.1402,0.9845,-0.9887,-0.2975,-24.78,1001.0234,clockwise_circle,42.78
714,1366382,0.0232,0.2055,0.9589,-0.4288,-1.0063,-24.85,1001.0312,clockwise_circle,42.84
715,1366442,0.0369,0.1341,0.9887,-0.3938,0.2362,-24.5613,1001.0239,clockwise_circle,42.9
716,1366502,0.0082,0.2167,0.9875,0.9362,0.1138,-24.9638,1001.0251,clockwise_circle,42.96
717,1366562,0.0339,0.1566,1.0411,-0.385,0.3587,-25.0425,1001.0225,clockwise_circle,43.02
718,1366622,0.0078,0.1403,0.9909,0.35,-0.4462,-25.4188,1001.0247,clockwise_circle,43.08
719,1366682,0.0218,0.172,0.8972,0.4288,-1.8813,-24.7712,1001.0193,clockwise_circle,43.14
720,1366742,0.0397,0.1454,1.0092,0.28,-1.12,-25.095,1001.0122,clockwise_circle,43.2
721,1366802,0.0705,0.2191,1.0114,1.1025,-0.1138,-24.9813,1001.0205,clockwise_circle,43.26
722,1366862,0.0573,0.1974,0.995,-0.0875,0.2188,-25.1125,1001.0217,clockwise_circle,43.32
723,1366922,0.021,0.1532,0.9784,0.07,-0.8487,-25.2262,1001.0178,clockwise_circle,43.38
724,1366982,0.0456,0.1584,1.0175,-0.9625,-1.4262,-24.92,1001.019,clockwise_circle,43.44
725,1367042,0.0434,0.1987,1.0177,0.3413,1.0412,-25.0513,1001.0166,clockwise_circle,43.5
726,1367102,0.0449,0.1954,0.9864,-1.1638,-0.7962,-24.9813,1001.0061,clockwise_circle,43.56
727,1367162,0.0729,0.1244,0.9498,0.0175,1.1287,-24.5875,1001.0107,clockwise_circle,43.62
728,1367222,0.0217,0.185,0.9494,-0.2625,-0.945,-24.1413,1001.011,clockwise_circle,43.68
729,1367282,0.0264,0.1839,0.995,0.7613,-0.0262,-24.5438,1001.0039,clockwise_circle,43.74
730,1367342,0.0493,0.172,0.9862,1.0762,-1.47,-24.5438,1001.001,clockwise_circle,43.8
731,1367402,0.0337,0.1846,0.9857,0.84,-1.5225,-24.5175,1000.9968,clockwise_circle,43.86
732,1367462,0.0239,0.214,0.9908,1.19,0.665,-24.3337,1000.9954,clockwise_circle,43.92
733,1367522,0.0091,0.1371,0.916,-0.0437,-1.1812,-24.4912,1000.9941,clockwise_circle,43.98
734,1367582,0.0209,0.195,0.9853,1.0588,-0.49,-24.535,1001.01,clockwise_circle,44.04
735,1367642,0.01,0.2062,0.9713,1.2162,0.0525,-24.815,1000.9934,clockwise_circle,44.1
736,1367702,0.0493,0.1954,1.0112,-0.2275,-0.35,-24.5963,1000.9863,clockwise_circle,44.16
737,1367762,0.0409,0.241,0.9892,0.455,-0.4288,-24.5963,1000.9924,clockwise_circle,44.22
738,1367822,0.0603,0.1703,1.0511,-0.1575,-0.0262,-24.6488,1000.9836,clockwise_circle,44.28
739,1367882,0.0509,0.222,0.9861,-0.7875,-0.2975,-24.6575,1000.9749,clockwise_circle,44.34
740,1367942,0.067,0.1857,1.0475,-0.2275,0.0088,-24.7013,1000.9768,clockwise_circle,44.4
741,1368002,0.0376,0.2117,0.944,0.3063,-0.77,-24.7362,1000.9832,clockwise_circle,44.46
742,1368062,0.0673,0.1964,0.9736,0.0175,-1.2425,-24.6138,1000.9741,clockwise_circle,44.52
743,1368122,0.0495,0.1894,0.9526,0.4638,-1.295,-24.8325,1000.9751,clockwise_circle,44.58
744,1368182,0.0405,0.2155,0.9728,1.3388,0.105,-24.8675,1000.9761,clockwise_circle,44.64
745,1368242,0.0437,0.1814,0.9687,1.0938,-1.3038,-24.6838,1000.9768,clockwise_circle,44.7
746,1368302,0.0702,0.1979,1.0292,1.4262,-0.0088,-24.7362,1000.9929,clockwise_circle,44.76
747,1368362,0.0249,0.2094,0.9687,-0.2625,-0.42,-25.0425,1000.9797,clockwise_circle,44.82
748,1368422,0.0761,0.1898,1.0663,-0.9275,0.0,-24.6138,1000.9756,clockwise_circle,44.88
749,1368482,0.0137,0.182,0.9719,-0.9013,-0.4725,-24.7625,1000.9756,clockwise_circle,44.94
750,1368542,0.0356,0.1616,0.9665,-1.4787,0.315,-24.7625,1000.9746,clockwise_circle,45.0
751,1368602,0.0586,0.161,0.9264,-1.6888,-1.5137,-25.13,1000.9724,clockwise_circle,45.06
752,1368662,0.0661,0.1699,1.011,0.3237,-0.2362,-24.8937,1000.9746,clockwise_circle,45.12
753,1368722,-0.0073,0.1716,0.9187,-0.0262,0.1225,-25.0775,1000.968,clockwise_circle,45.18
754,1368782,0.0027,0.192,0.9331,0.5075,-1.68,-25.1125,1000.9724,clockwise_circle,45.24
755,1368842,0.0175,0.1652,0.9384,0.4988,-2.2838,-25.13,1000.9788,clockwise_circle,45.3
756,1368902,0.0676,0.1986,1.03,2.4062,-1.1725,-24.9988,1000.9656,clockwise_circle,45.36
757,1368962,0.0881,0.2108,1.0435,1.47,-2.0825,-25.095,1000.9553,clockwise_circle,45.42
758,1369022,0.0512,0.1962,1.0112,0.9975,0.28,-25.0425,1000.9648,clockwise_circle,45.48
759,1369082,0.0468,0.213,1.0451,1.4,0.9975,-24.7362,1000.9617,clockwise_circle,45.54
760,1369142,0.0673,0.2173,1.0085,0.5163,-0.875,-24.78,1000.9602,clockwise_circle,45.6
761,1369202,0.0675,0.1828,0.958,-0.35,-0.8662,-24.5525,1000.9619,clockwise_circle,45.66
762,1369262,0.0339,0.2103,0.9889,-0.3938,-0.0437,-24.8675,1000.9507,clockwise_circle,45.72
763,1369322,0.0533,0.1886,0.9906,-0.0088,0.3413,-24.8937,1000.9568,clockwise_circle,45.78
764,1369382,0.0722,0.1471,0.9881,-0.4812,-1.05,-24.8412,1000.9519,clockwise_circle,45.84
765,1369442,0.0752,0.2614,1.0019,0.875,0.6913,-24.815,1000.95,clockwise_circle,45.9
766,1369502,0.0563,0.1211,0.9783,-1.2687,-0.5512,-24.7975,1000.97,clockwise_circle,45.96
767,1369562,0.0378,0.2272,1.0704,1.1638,1.5137,-25.1213,1000.9568,clockwise_circle,46.02
768,1369622,0.0359,0.2057,1.0088,1.0762,0.91,-25.2612,1000.9592,clockwise_circle,46.08
769,1369682,0.0975,0.1859,1.0472,1.365,0.1838,-25.2175,1000.9688,clockwise_circle,46.14
770,1369742,0.0367,0.2291,1.0017,1.4088,1.8288,-24.7013,1000.9634,clockwise_circle,46.2
771,1369802,0.0317,0.2201,0.9437,0.315,-0.6562,-24.7013,1000.9602,clockwise_circle,46.26
772,1369862,0.0444,0.215,1.0194,0.5075,-0.1925,-25.2875,1000.9553,clockwise_circle,46.32
773,1369922,0.0764,0.2021,1.0369,0.3237,-0.8838,-25.165,1000.9678,clockwise_circle,46.38
774,1369982,0.0308,0.22,0.9723,-0.5425,-0.0962,-25.0863,1000.959,clockwise_circle,46.44
775,1370042,0.0793,0.1753,1.0456,-1.015,-1.5575,-24.8412,1000.969,clockwise_circle,46.5
776,1370102,0.0562,0.2167,0.9425,-1.68,-2.0738,-24.71,1000.9553,clockwise_circle,46.56
777,1370162,0.0451,0.1974,1.016,-0.3237,-1.4525,-24.71,1000.9602,clockwise_circle,46.62
778,1370222,0.0666,0.1986,0.9874,-0.6037,-1.68,-25.0425,1000.9688,clockwise_circle,46.68
779,1370282,0.052,0.2101,1.0241,-0.0262,-0.3063,-24.7537,1000.9604,clockwise_circle,46.74
780,1370342,0.0785,0.1579,1.0016,0.35,-0.5512,-24.6838,1000.9678,clockwise_circle,46.8
781,1370402,0.0867,0.1079,1.0031,0.6212,-2.6862,-25.1737,1000.9609,clockwise_circle,46.86
782,1370462,0.0678,0.2467,1.0285,0.1838,-2.66,-25.3925,1000.9724,clockwise_circle,46.92
783,1370522,0.0541,0.2225,0.9977,0.4025,-1.1638,-25.2525,1000.9673,clockwise_circle,46.98
784,1370582,0.0615,0.167,0.9501,-0.175,-0.49,-25.0863,1000.9668,clockwise_circle,47.04
785,1370642,0.0326,0.1878,0.9582,-0.6475,-0.5863,-24.7887,1000.9617,clockwise_circle,47.1
786,1370702,0.0212,0.1907,0.9564,0.0613,0.455,-24.8412,1000.9651,clockwise_circle,47.16
787,1370762,0.0773,0.194,0.9864,-1.7237,-0.0262,-25.1213,1000.9644,clockwise_circle,47.22
788,1370822,0.0766,0.1513,1.0077,0.56,0.1138,-25.0075,1000.9558,clockwise_circle,47.28
789,1370882,0.0012,0.1645,0.9783,1.3825,-0.84,-25.305,1000.9514,clockwise_circle,47.34
790,1370942,0.0462,0.2093,1.006,0.4025,0.8487,-25.2437,1000.9678,clockwise_circle,47.4
791,1371002,0.0771,0.2067,1.0382,-0.42,-0.1488,-25.5763,1000.9634,clockwise_circle,47.46
792,1371062,0.0781,0.2225,0.9901,0.735,-0.4462,-25.4188,1000.9653,clockwise_circle,47.52
793,1371122,0.044,0.1825,1.0512,0.4988,0.945,-25.4888,1000.9749,clockwise_circle,47.58
794,1371182,0.0974,0.264,1.0558,-0.1925,0.07,-25.5325,1000.9658,clockwise_circle,47.64
795,1371242,0.0559,0.1846,1.0353,-0.07,0.6475,-25.0775,1000.9666,clockwise_circle,47.7
796,1371302,0.0057,0.1703,0.9633,-0.4288,-0.2275,-25.4538,1000.9651,clockwise_circle,47.76
797,1371362,0.0059,0.1605,0.9448,0.175,-1.54,-25.8913,1000.9583,clockwise_circle,47.82
798,1371422,0.0632,0.1603,0.9955,0.525,0.6212,-25.8475,1000.9561,clockwise_circle,47.88
799,1371482,0.0222,0.1979,0.9574,0.5337,-1.0412,-25.8913,1000.9619,clockwise_circle,47.94
800,1371542,0.0381,0.1781,0.9672,-1.0063,-1.0412,-25.795,1000.9548,clockwise_circle,48.0
801,1371602,0.0273,0.1513,0.9506,0.56,-1.0237,-25.795,1000.9539,clockwise_circle,48.06
802,1371662,0.0517,0.1786,0.9859,0.8138,0.4375,-26.005,1000.9468,clockwise_circle,48.12
803,1371722,0.0149,0.2128,0.963,0.2362,-0.3413,-26.4775,1000.948,clockwise_circle,48.18
804,1371782,0.0348,0.1811,0.9776,0.35,-0.6825,-26.1625,1000.9524,clockwise_circle,48.24
805,1371842,0.0315,0.2303,1.0383,-1.0237,-0.4375,-26.0138,1000.9595,clockwise_circle,48.3
806,1371902,0.0266,0.2142,0.9521,0.5863,0.9625,-25.935,1000.9614,clockwise_circle,48.36
807,1371962,0.0633,0.2294,0.9994,-0.3237,-0.8838,-25.8563,1000.9575,clockwise_circle,48.42
808,1372022,0.032,0.2011,1.0482,-0.5688,-0.1225,-26.4688,1000.9561,clockwise_circle,48.48
809,1372082,0.0978,0.2887,1.0504,-1.8813,0.0088,-25.8037,1000.9553,clockwise_circle,48.54
810,1372142,0.0583,0.1857,1.0407,-1.19,-0.105,-26.3988,1000.9517,clockwise_circle,48.6
811,1372202,0.061,0.2167,0.9882,-0.6913,0.4638,-26.3375,1000.9563,clockwise_circle,48.66
812,1372262,0.0451,0.203,1.0153,0.7175,1.0325,-26.2588,1000.9668,clockwise_circle,48.72
813,1372322,0.0181,0.1418,0.995,0.735,0.1925,-26.4775,1000.9805,clockwise_circle,48.78
814,1372382,-0.0096,0.2214,0.9565,0.6125,0.0262,-26.7225,1000.9741,clockwise_circle,48.84
815,1372442,0.0244,0.1794,0.9201,-0.0787,-0.7962,-26.7838,1000.9756,clockwise_circle,48.9
816,1372502,0.0731,0.2513,1.0545,-1.155,0.035,-26.1362,1000.9814,clockwise_circle,48.96
817,1372562,0.0527,0.1694,0.9934,-2.0825,0.3237,-26.3725,1000.9822,clockwise_circle,49.02
818,1372622,-0.0146,0.2303,0.9638,-1.6712,0.7788,-25.9875,1000.9851,clockwise_circle,49.08
819,1372682,-0.0115,0.1812,0.969,-3.57,0.6212,-25.6287,1000.9861,clockwise_circle,49.14
820,1372742,0.0095,0.1875,1.0799,-1.9688,0.5163,-26.5387,1000.9907,clockwise_circle,49.2
821,1372802,-0.0518,0.1752,0.9462,0.8138,0.7437,-26.81,1000.9995,clockwise_circle,49.26
822,1372862,0.0678,0.2021,1.0305,-1.2337,-1.575,-26.5387,1000.9873,clockwise_circle,49.32
823,1372922,0.0496,0.1976,1.0699,0.6562,0.0262,-25.9438,1000.9858,clockwise_circle,49.38
824,1372982,0.0379,0.2211,0.9623,-0.6388,-0.8487,-26.075,1000.9946,clockwise_circle,49.44
825,1373042,-0.0082,0.1588,0.9033,0.0787,-1.6187,-26.9675,1000.9956,clockwise_circle,49.5
826,1373102,0.032,0.1723,0.9811,-0.5775,-0.2625,-26.74,1001.0,clockwise_circle,49.56
827,1373162,0.0287,0.1549,0.9633,0.245,-0.5863,-27.2563,1000.9949,clockwise_circle,49.62
828,1373222,0.0727,0.1376,1.0487,0.56,-0.7,-26.2675,1000.9993,clockwise_circle,49.68
829,1373282,0.0371,0.211,1.0313,0.665,0.8225,-26.7925,1000.9951,clockwise_circle,49.74
830,1373342,0.0559,0.1771,1.0243,-0.5863,1.9162,-25.9613,1000.9976,clockwise_circle,49.8
831,1373402,0.061,0.2164,1.0413,-1.0412,0.595,-25.3925,1000.9912,clockwise_circle,49.86
832,1373462,-0.0039,0.2179,0.906,-1.2425,-0.3587,-25.7862,1000.9927,clockwise_circle,49.92
833,1373522,0.0264,0.1742,0.9928,-1.3737,-0.7788,-26.0575,1000.9915,clockwise_circle,49.98
834,1373582,0.0635,0.1171,0.9374,-0.4812,-0.8925,-25.6462,1000.9885,clockwise_circle,50.04
835,1373642,-0.0307,0.2367,0.9972,1.4612,0.3325,-25.865,1000.9895,clockwise_circle,50.1
836,1373702,0.0052,0.1549,0.9655,-0.35,-0.4638,-25.6462,1001.0132,clockwise_circle,50.16
837,1373762,0.0503,0.193,1.0192,2.0563,0.2188,-25.8475,1001.0056,clockwise_circle,50.22
838,1373822,0.048,0.2008,0.9748,0.2975,-0.6125,-25.2787,1000.9976,clockwise_circle,50.28
839,1373882,-0.0073,0.1652,0.9235,0.1575,-1.3388,-25.8125,1001.0022,clockwise_circle,50.34
840,1373942,-0.0104,0.2355,0.9426,2.1088,-0.84,-26.005,1001.0005,clockwise_circle,50.4
841,1374002,0.0609,0.1613,1.0146,-0.805,-1.6625,-25.4625,1000.9985,clockwise_circle,50.46
842,1374062,0.0908,0.1549,0.9779,-1.7938,-1.7587,-25.3575,1001.0088,clockwise_circle,50.52
843,1374122,0.0647,0.2195,1.0436,0.7875,0.7962,-25.7687,1001.0085,clockwise_circle,50.58
844,1374182,0.0717,0.131,1.0775,0.1925,-1.0588,-25.8125,1001.002,clockwise_circle,50.64
845,1374242,0.06,0.1798,0.9803,1.4088,1.715,-25.3925,1001.0227,clockwise_circle,50.7
846,1374302,0.0626,0.1696,0.8796,1.575,1.645,-25.5325,1001.0249,clockwise_circle,50.76
847,1374362,0.0658,0.2132,0.9399,1.0412,-0.9975,-24.92,1001.021,clockwise_circle,50.82
848,1374422,0.1202,0.1787,1.1034,0.9275,1.7325,-24.4912,1001.0352,clockwise_circle,50.88
849,1374482,0.06,0.2508,1.0297,1.05,2.4237,-24.5438,1001.0234,clockwise_circle,50.94
850,1374542,0.104,0.2145,1.029,-1.505,1.015,-25.0338,1001.032,clockwise_circle,51.0
851,1374602,0.0632,0.1816,0.9484,-0.7262,-3.3512,-25.2875,1001.0249,clockwise_circle,51.06
852,1374662,0.1083,0.1976,1.0914,1.0938,1.2425,-24.7362,1001.0352,clockwise_circle,51.12
853,1374722,0.077,0.1579,1.0417,-0.4812,0.2013,-24.4475,1001.0247,clockwise_circle,51.18
854,1374782,0.0495,0.2082,0.9531,0.1225,1.855,-24.5613,1001.0334,clockwise_circle,51.24
855,1374842,0.1162,0.1701,0.9719,-2.6075,-0.2975,-24.7188,1001.0359,clockwise_circle,51.3
856,1374902,0.0829,0.167,1.0073,-0.3587,0.665,-25.13,1001.0312,clockwise_circle,51.36
857,1374962,0.1064,0.1555,1.0526,-1.0588,0.8487,-24.7188,1001.0359,clockwise_circle,51.42
858,1375022,0.0563,0.1427,0.9124,-0.35,-0.0962,-24.8237,1001.0354,clockwise_circle,51.48
859,1375082,0.0556,0.1921,1.0136,0.4462,0.0787,-24.15,1001.0376,clockwise_circle,51.54
860,1375142,0.049,0.1785,0.9618,0.245,-0.4375,-24.43,1001.0378,clockwise_circle,51.6
861,1375202,0.1118,0.1642,0.9365,0.63,-1.575,-24.7275,1001.0391,clockwise_circle,51.66
862,1375262,0.1438,0.1118,0.9808,0.07,-2.7562,-24.4212,1001.0298,clockwise_circle,51.72
863,1375322,0.0932,0.2031,1.0324,-0.4462,-0.14,-24.2638,1001.0452,clockwise_circle,51.78
864,1375382,0.0839,0.1513,0.9987,-1.1725,-0.4112,-24.15,1001.0415,clockwise_circle,51.84
865,1375442,0.0197,0.1803,0.9072,0.5425,-0.875,-24.0888,1001.041,clockwise_circle,51.9
866,1375502,0.0864,0.1479,1.0385,-0.9013,-0.1925,-24.0362,1001.0413,clockwise_circle,51.96
867,1375562,0.0695,0.2113,0.9828,1.9075,-0.9013,-24.7275,1001.0327,clockwise_circle,52.02
868,1375622,0.0461,0.1584,0.9589,1.2687,-0.7875,-24.6313,1001.0378,clockwise_circle,52.08
869,1375682,0.0547,0.1778,0.9903,1.26,-0.5337,-24.4562,1001.0474,clockwise_circle,52.14
870,1375742,0.0988,0.1488,1.016,1.05,0.2013,-24.3512,1001.0469,clockwise_circle,52.2
871,1375802,0.0459,0.163,0.9426,-0.175,0.0175,-23.9225,1001.0491,clockwise_circle,52.26
872,1375862,0.0766,0.1825,0.9425,-0.1225,-0.9362,-24.0713,1001.0427,clockwise_circle,52.32
873,1375922,0.0678,0.1533,0.975,-0.9625,-2.38,-23.7738,1001.0383,clockwise_circle,52.38
874,1375982,0.0139,0.1928,0.9945,-0.875,0.5075,-23.9312,1001.0439,clockwise_circle,52.44
875,1376042,0.0461,0.1864,1.0463,-0.7962,0.49,-24.01,1001.0391,clockwise_circle,52.5
876,1376102,0.0171,0.1584,0.987,-1.0588,0.98,-24.4387,1001.051,clockwise_circle,52.56
877,1376162,0.0398,0.1515,1.0087,-0.2887,-0.5775,-24.0275,1001.053,clockwise_circle,52.62
878,1376222,0.0343,0.1701,1.0073,0.6125,0.4638,-24.5175,1001.0659,clockwise_circle,52.68
879,1376282,0.0449,0.1716,1.0368,1.19,0.2013,-24.6138,1001.0613,clockwise_circle,52.74
880,1376342,0.0509,0.121,1.0,0.4375,-1.4875,-24.7188,1001.0649,clockwise_circle,52.8
881,1376402,0.0195,0.1551,1.0217,3.1063,-0.3325,-24.7188,1001.0571,clockwise_circle,52.86
882,1376462,0.031,0.1954,1.0241,2.2487,-1.2513,-24.9813,1001.0569,clockwise_circle,52.92
883,1376522,0.01,0.1947,1.0128,0.7788,-1.295,-24.5263,1001.0537,clockwise_circle,52.98
884,1376582,0.0466,0.2008,0.9723,0.4025,-1.5838,-24.7712,1001.0554,clockwise_circle,53.04
885,1376642,0.0437,0.1876,0.9961,0.9187,-0.8487,-24.85,1001.0659,clockwise_circle,53.1
886,1376702,0.0834,0.179,1.0194,0.1575,-0.3587,-24.9813,1001.0483,clockwise_circle,53.16
887,1376762,0.05,0.1947,0.9264,-0.98,-1.5838,-24.9638,1001.0439,clockwise_circle,53.22
888,1376822,0.039,0.2386,0.9452,-0.6475,1.4438,-24.8325,1001.043,clockwise_circle,53.28
889,1376882,0.0127,0.1704,0.9421,-0.98,-0.35,-24.955,1001.0496,clockwise_circle,53.34
890,1376942,0.0093,0.1605,0.9973,1.5662,-0.6388,-25.41,1001.0466,clockwise_circle,53.4
891,1377002,0.0461,0.1476,1.0258,1.6975,0.0613,-25.2525,1001.0488,clockwise_circle,53.46
892,1377062,0.0497,0.1632,0.9917,0.8225,0.6212,-25.1125,1001.0547,clockwise_circle,53.52
893,1377122,0.0626,0.2419,1.056,0.8225,0.2188,-25.0688,1001.0557,clockwise_circle,53.58
894,1377182,0.0719,0.1984,1.0175,-0.7788,-0.42,-24.9112,1001.0518,clockwise_circle,53.64
895,1377242,0.0418,0.2006,1.0199,0.6737,0.6125,-25.2262,1001.0562,clockwise_circle,53.7
896,1377302,0.0586,0.2311,0.9707,0.665,-1.7325,-25.5675,1001.0566,clockwise_circle,53.76
897,1377362,0.0619,0.2006,0.9979,0.0962,-2.1788,-25.27,1001.0535,clockwise_circle,53.82
898,1377422,0.0093,0.1906,0.9223,-1.05,-0.2625,-25.2525,1001.0474,clockwise_circle,53.88
899,1377482,0.062,0.1721,0.9945,0.0,-0.1838,-25.2,1001.0483,clockwise_circle,53.94
900,1377542,0.0525,0.1925,0.956,0.0875,-0.9538,-25.41,1001.051,clockwise_circle,54.0
901,1377602,0.0179,0.1869,0.9797,-0.8487,-0.3587,-25.3225,1001.0574,clockwise_circle,54.06
902,1377662,0.019,0.1381,0.925,-0.1575,-0.0962,-25.6812,1001.0581,clockwise_circle,54.12
903,1377722,0.0284,0.1581,1.0228,-0.4638,1.33,-25.4275,1001.0601,clockwise_circle,54.18
904,1377782,0.1099,0.2194,1.078,-0.6037,2.695,-25.1213,1001.054,clockwise_circle,54.24
905,1377842,0.0054,0.1622,1.0065,-0.9975,0.0,-25.515,1001.0608,clockwise_circle,54.3
906,1377902,0.0605,0.1964,0.9733,-0.5512,-1.2775,-25.76,1001.0535,clockwise_circle,54.36
907,1377962,0.0681,0.1588,0.9924,-1.3913,-1.4525,-25.2787,1001.05,clockwise_circle,54.42
908,1378022,0.0542,0.1846,0.9561,0.35,0.735,-25.3662,1001.0496,clockwise_circle,54.48
909,1378082,0.0354,0.2078,0.9897,-0.2887,-0.3325,-25.6375,1001.0576,clockwise_circle,54.54
910,1378142,0.0423,0.204,0.9848,0.4025,0.0875,-25.6637,1001.063,clockwise_circle,54.6
911,1378202,0.0576,0.2023,0.9598,-0.91,-0.56,-25.7162,1001.0591,clockwise_circle,54.66
912,1378262,0.0122,0.1421,0.9004,-0.4288,-0.6475,-25.7512,1001.0615,clockwise_circle,54.72
913,1378322,0.0486,0.1908,0.9933,-0.455,-0.3587,-25.8213,1001.0571,clockwise_circle,54.78
914,1378382,0.0686,0.2211,1.0856,-0.6475,0.07,-25.305,1001.0515,clockwise_circle,54.84
915,1378442,0.0103,0.1273,0.8791,-1.5925,-0.91,-25.5675,1001.0591,clockwise_circle,54.9
916,1378502,0.0944,0.2171,1.0416,1.1113,-0.28,-24.99,1001.0564,clockwise_circle,54.96
917,1378562,0.0293,0.2003,0.9743,-1.82,-0.5425,-25.1125,1001.0469,clockwise_circle,55.02
918,1378622,0.0362,0.1523,1.0087,-0.3413,0.77,-24.7188,1001.0564,clockwise_circle,55.08
919,1378682,0.0861,0.1994,1.0369,-0.595,0.245,-24.4037,1001.0527,clockwise_circle,55.14
920,1378742,0.0374,0.1929,0.9623,-0.3938,0.07,-24.5788,1001.0581,clockwise_circle,55.2
921,1378802,0.012,0.1718,0.9003,0.455,-1.0588,-24.9025,1001.0435,clockwise_circle,55.26
922,1378862,0.059,0.1901,0.9872,0.7788,0.5075,-24.8237,1001.0459,clockwise_circle,55.32
923,1378922,0.0752,0.2194,1.077,1.3125,1.0762,-24.5963,1001.0405,clockwise_circle,55.38
924,1378982,0.0702,0.2669,0.977,0.8925,0.665,-24.7362,1001.0464,clockwise_circle,55.44
925,1379042,-0.0459,0.1687,0.9072,0.0262,0.7262,-24.9638,1001.0459,clockwise_circle,55.5
926,1379102,0.007,0.2308,0.9565,-0.0875,-0.7437,-24.9112,1001.041,clockwise_circle,55.56
927,1379162,0.1225,0.1393,1.056,-1.5225,0.28,-24.7975,1001.0461,clockwise_circle,55.62
928,1379222,0.0461,0.1987,0.977,-0.9975,0.07,-24.7188,1001.0393,clockwise_circle,55.68
929,1379282,0.0581,0.2223,0.9577,-0.8487,-0.4462,-24.7013,1001.0422,clockwise_circle,55.74
930,1379342,0.0597,0.1771,0.9518,0.4025,0.98,-24.955,1001.0374,clockwise_circle,55.8
931,1379402,0.0869,0.1989,1.0527,-0.28,1.2862,-25.0163,1001.0425,clockwise_circle,55.86
932,1379462,0.0666,0.1977,1.0494,0.0787,0.5163,-25.0775,1001.0332,clockwise_circle,55.92
933,1379522,0.0641,0.185,0.9394,-0.42,-0.595,-25.5063,1001.0325,clockwise_circle,55.98
934,1379582,0.0203,0.1684,0.8716,0.8313,-0.7437,-25.4275,1001.0254,clockwise_circle,56.04
935,1379642,0.1005,0.2221,1.0575,0.98,0.5688,-24.9638,1001.0312,clockwise_circle,56.1
936,1379702,0.0405,0.1745,0.9831,0.3237,0.1663,-25.3925,1001.0264,clockwise_circle,56.16
937,1379762,0.051,0.1854,0.9733,-1.0237,-1.1638,-25.4013,1001.033,clockwise_circle,56.22
938,1379822,0.0459,0.2133,0.9784,0.5863,0.1488,-25.1388,1001.0347,clockwise_circle,56.28
939,1379882,0.0595,0.2355,1.0216,-0.3063,-0.4462,-25.3838,1001.0312,clockwise_circle,56.34
940,1379942,0.0551,0.1709,0.9733,-1.7237,-0.875,-25.1475,1001.0315,clockwise_circle,56.4
941,1380002,0.0093,0.2035,0.9542,0.3762,-0.1225,-25.1562,1001.0278,clockwise_circle,56.46
942,1380062,0.0647,0.1489,1.0722,0.1488,0.4025,-25.2,1001.0388,clockwise_circle,56.52
943,1380122,0.0175,0.1817,0.9694,0.5163,0.3938,-25.0338,1001.0337,clockwise_circle,56.58
944,1380182,0.0498,0.1376,0.9692,0.7613,-0.49,-25.1038,1001.0369,clockwise_circle,56.64
945,1380242,0.1025,0.1673,1.0719,0.3938,-1.015,-24.8675,1001.032,clockwise_circle,56.7
946,1380302,0.0293,0.1947,0.9336,0.07,-1.435,-24.9813,1001.0413,clockwise_circle,56.76
947,1380362,0.0661,0.2018,1.0209,0.8662,0.14,-24.7188,1001.0391,clockwise_circle,56.82
948,1380422,0.0508,0.2033,1.004,0.9975,0.4288,-25.0163,1001.0237,clockwise_circle,56.88
949,1380482,0.0245,0.2282,0.9476,-0.56,-0.7962,-25.2612,1001.0259,clockwise_circle,56.94
950,1380542,0.0708,0.1813,0.9809,-0.3762,-0.84,-25.06,1001.0244,clockwise_circle,57.0
951,1380602,0.0291,0.1862,0.9975,0.0613,0.4112,-24.8675,1001.031,clockwise_circle,57.06
952,1380662,0.0496,0.1945,0.9433,-1.2513,-0.42,-24.9813,1001.0332,clockwise_circle,57.12
953,1380722,0.0725,0.1632,1.0451,-1.1812,-0.2362,-24.6488,1001.0256,clockwise_circle,57.18
954,1380782,-0.0115,0.1362,0.9404,1.505,1.3388,-24.5963,1001.021,clockwise_circle,57.24
955,1380842,0.0737,0.1562,1.0043,-0.4025,0.1488,-24.2288,1001.0291,clockwise_circle,57.3
956,1380902,0.0332,0.1698,0.9274,-0.21,-1.4963,-24.2288,1001.0293,clockwise_circle,57.36
957,1380962,0.0403,0.1207,0.9675,1.19,-0.5425,-24.3687,1001.0293,clockwise_circle,57.42
958,1381022,0.0608,0.1927,1.038,1.7587,1.2162,-24.36,1001.0173,clockwise_circle,57.48
959,1381082,0.0391,0.1923,1.0626,0.3413,0.9362,-24.1238,1001.0286,clockwise_circle,57.54
960,1381142,0.0348,0.1977,0.965,0.7262,-0.3237,-24.5963,1001.0317,clockwise_circle,57.6
961,1381202,0.0349,0.1584,0.9841,-1.61,-2.3012,-24.2288,1001.0276,clockwise_circle,57.66
962,1381262,0.0367,0.1892,0.9653,-0.805,-1.1375,-24.2375,1001.0264,clockwise_circle,57.72
963,1381322,0.0315,0.1618,0.9631,-1.7062,0.6913,-24.2725,1001.0273,clockwise_circle,57.78
964,1381382,0.019,0.151,0.964,-1.3212,0.245,-24.045,1001.0237,clockwise_circle,57.84
965,1381442,0.075,0.1509,1.0275,-1.9863,-0.3938,-23.7388,1001.0337,clockwise_circle,57.9
966,1381502,0.0374,0.174,0.947,1.435,-0.5688,-23.9662,1001.0295,clockwise_circle,57.96
967,1381562,0.0436,0.18,1.0629,0.7788,0.1575,-23.87,1001.0193,clockwise_circle,58.02
968,1381622,0.0154,0.1625,0.9258,1.5925,0.0175,-24.115,1001.0132,clockwise_circle,58.08
969,1381682,0.0883,0.2306,1.0527,1.015,-0.6737,-24.1675,1001.0159,clockwise_circle,58.14
970,1381742,0.0606,0.1975,0.9536,-0.3587,-0.175,-24.0625,1001.0127,clockwise_circle,58.2
971,1381802,0.0228,0.1532,0.9606,0.245,-0.8313,-24.2725,1000.9983,clockwise_circle,58.26
972,1381862,0.0206,0.1621,0.9409,0.525,-1.8112,-24.6838,1001.0103,clockwise_circle,58.32
973,1381922,0.0268,0.1814,0.9858,-0.2975,1.6712,-24.605,1001.0044,clockwise_circle,58.38
974,1381982,0.0597,0.2174,0.9772,-0.3413,0.6037,-24.045,1000.9951,clockwise_circle,58.44
975,1382042,0.0305,0.1823,0.9611,-0.0437,-0.0437,-24.01,1000.9968,clockwise_circle,58.5
976,1382102,0.0428,0.184,1.0143,-0.3762,-0.035,-24.255,1000.999,clockwise_circle,58.56
977,1382162,0.0245,0.1422,1.0394,0.14,0.6737,-24.22,1000.9988,clockwise_circle,58.62
978,1382222,-0.0241,0.2028,0.9452,0.595,0.07,-24.3775,1001.001,clockwise_circle,58.68
979,1382282,0.0422,0.1654,0.9924,0.9712,-0.0262,-24.4737,1001.0066,clockwise_circle,58.74
980,1382342,0.028,0.2145,0.9894,0.4462,-0.35,-24.5175,1001.0032,clockwise_circle,58.8
981,1382402,0.0285,0.2031,0.9967,1.4525,-0.0175,-24.605,1001.0005,clockwise_circle,58.86
982,1382462,0.059,0.2228,0.9886,1.4787,-0.2275,-24.8325,1000.9958,clockwise_circle,58.92
983,1382522,0.0861,0.2249,1.0263,0.7613,-1.2513,-24.5963,1000.9998,clockwise_circle,58.98
984,1382582,0.0409,0.1757,1.0067,0.35,0.3587,-24.4037,1001.0007,clockwise_circle,59.04
985,1382642,0.0029,0.1786,0.9828,0.63,-0.5512,-24.9463,1001.0005,clockwise_circle,59.1
986,1382702,0.0817,0.1479,1.0261,-0.105,-0.175,-24.325,1000.9951,clockwise_circle,59.16
987,1382762,0.0049,0.2182,1.0167,-2.135,-1.8813,-24.6575,1000.9995,clockwise_circle,59.22
988,1382822,0.0376,0.1257,0.9819,-0.455,-0.4375,-24.9725,1000.9802,clockwise_circle,59.28
989,1382882,0.0727,0.2174,0.9664,-1.2513,-0.1312,-24.6663,1000.9917,clockwise_circle,59.34
990,1382942,0.0422,0.1879,0.9775,-1.7587,-0.6125,-24.8675,1000.9824,clockwise_circle,59.4
991,1383002,0.0222,0.1815,0.972,0.63,1.33,-24.6488,1000.978,clockwise_circle,59.46
992,1383062,0.0512,0.2176,1.0195,1.0412,-0.0262,-24.885,1000.9871,clockwise_circle,59.52
993,1383122,0.0554,0.1527,0.9298,-0.1838,-1.6625,-24.9725,1000.9829,clockwise_circle,59.58
994,1383182,0.06,0.2377,0.9521,2.1875,-1.3737,-24.5963,1000.9944,clockwise_circle,59.64
995,1383242,0.0237,0.184,0.9155,0.4112,-1.925,-24.8937,1000.9783,clockwise_circle,59.7
996,1383302,0.0803,0.1845,1.0297,1.1113,-0.5512,-24.8062,1000.9739,clockwise_circle,59.76
997,1383362,0.0908,0.2014,1.0533,0.3237,-1.225,-24.5088,1000.9668,clockwise_circle,59.82
998,1383422,0.0613,0.2064,0.9731,0.3413,-1.9425,-24.3687,1000.9646,clockwise_circle,59.88
999,1383482,0.0429,0.2137,0.9828,0.21,0.2887,-24.5438,1000.968,clockwise_circle,59.94
1000,1383542,0.045,0.1561,1.04,0.1575,0.735,-24.6313,1000.9597,clockwise_circle,60.0
1001,1383602,0.0673,0.1942,0.9843,-0.3675,0.1663,-24.5438,1000.9644,clockwise_circle,60.06
1002,1383662,0.0641,0.1839,0.9982,0.1312,0.0262,-23.9575,1000.947,clockwise_circle,60.12
1003,1383722,0.0202,0.1857,0.9311,0.0,-0.4112,-24.4475,1000.9592,clockwise_circle,60.18
1004,1383782,0.0473,0.215,1.0509,1.1812,1.9075,-24.5175,1000.9609,clockwise_circle,60.24
1005,1383842,0.0561,0.1445,0.9931,-1.8375,-1.0588,-24.3775,1000.9602,clockwise_circle,60.3
1006,1383902,0.0954,0.1833,1.0544,-0.1138,1.9775,-23.9925,1000.9631,clockwise_circle,60.36
1007,1383962,0.0473,0.213,1.0196,0.4112,1.0762,-24.2025,1000.9644,clockwise_circle,60.42
1008,1384022,0.0534,0.1506,0.9722,0.4725,0.2275,-24.5788,1000.967,clockwise_circle,60.48
1009,1384082,0.0442,0.1547,1.02,0.9538,0.7875,-24.4212,1000.9673,clockwise_circle,60.54
1010,1384142,0.0156,0.2145,0.9374,1.4175,-0.8575,-24.3775,1000.9727,clockwise_circle,60.6
1011,1384202,0.0503,0.1803,0.9756,-0.2537,-1.5137,-24.185,1000.9734,clockwise_circle,60.66
1012,1384262,0.0595,0.1774,1.01,1.47,-1.1287,-24.15,1000.9812,clockwise_circle,60.72
1013,1384322,0.0415,0.2176,1.0146,0.315,-0.98,-24.2638,1000.9739,clockwise_circle,60.78
1014,1384382,0.0412,0.2281,0.959,-0.525,-2.3363,-24.6925,1000.9573,clockwise_circle,60.84
1015,1384442,0.0386,0.2358,0.9511,-0.7437,-1.3737,-24.2638,1000.9609,clockwise_circle,60.9
1016,1384502,0.0366,0.1871,1.0499,-0.9625,-0.3675,-24.535,1000.9731,clockwise_circle,60.96
1017,1384562,0.0351,0.2103,1.0031,-1.4175,0.1312,-24.3862,1000.9602,clockwise_circle,61.02
1018,1384622,0.0449,0.1577,0.9243,-1.3475,-0.9013,-24.7712,1000.9648,clockwise_circle,61.08
1019,1384682,0.0861,0.2172,1.0106,-0.14,-1.61,-24.3337,1000.9604,clockwise_circle,61.14
1020,1384742,0.0515,0.2034,1.002,0.1663,-1.9075,-24.4037,1000.978,clockwise_circle,61.2
1021,1384802,0.0778,0.1613,0.984,-0.385,-3.2025,-24.5963,1000.9812,clockwise_circle,61.26
1022,1384862,0.0481,0.2161,0.9158,0.4462,-2.0387,-24.9287,1000.9783,clockwise_circle,61.32
1023,1384922,0.0534,0.2091,0.9094,0.4812,-1.365,-24.57,1000.9814,clockwise_circle,61.38
1024,1384982,0.0861,0.1812,0.9642,-0.7437,-0.7088,-24.5175,1000.9758,clockwise_circle,61.44
1025,1385042,0.0675,0.2018,1.0126,-0.0437,0.0613,-24.815,1000.9817,clockwise_circle,61.5
1026,1385102,0.0715,0.2332,1.0414,-0.6388,0.7088,-24.85,1000.9802,clockwise_circle,61.56
1027,1385162,0.0657,0.181,0.9565,0.3413,0.3587,-25.2437,1000.9778,clockwise_circle,61.62
1028,1385222,0.0788,0.2505,0.9903,-0.6825,0.9362,-25.0513,1000.9619,clockwise_circle,61.68
1029,1385282,0.0562,0.1652,1.0297,-1.6625,-0.07,-24.7188,1000.9751,clockwise_circle,61.74
1030,1385342,0.019,0.1681,0.9309,-0.7788,0.35,-25.1475,1000.9688,clockwise_circle,61.8
1031,1385402,0.0359,0.1915,0.9493,-0.0437,-0.4112,-25.34,1000.9746,clockwise_circle,61.86
1032,1385462,0.0639,0.2025,0.9498,-0.4725,-1.47,-25.5763,1000.979,clockwise_circle,61.92
1033,1385522,0.0282,0.1677,1.0227,0.63,0.455,-25.3487,1000.9814,clockwise_circle,61.98
1034,1385582,0.0486,0.2157,1.0043,0.1663,-1.8987,-25.4625,1000.9727,clockwise_circle,62.04
1035,1385642,0.09,0.1898,1.1021,0.4638,-0.665,-25.69,1000.9727,clockwise_circle,62.1
1036,1385702,0.0498,0.1825,0.9924,1.3475,0.4725,-26.0225,1000.9729,clockwise_circle,62.16
1037,1385762,0.068,0.225,1.0062,0.28,-0.5075,-26.04,1000.9739,clockwise_circle,62.22
1038,1385822,0.031,0.1977,0.976,-1.2075,0.7175,-26.2412,1000.9741,clockwise_circle,62.28
1039,1385882,0.0816,0.2098,1.0173,-0.1663,-1.4612,-26.11,1000.9827,clockwise_circle,62.34
1040,1385942,0.0481,0.2069,0.9677,-0.2713,-0.0613,-26.0662,1000.979,clockwise_circle,62.4
1041,1386002,0.0205,0.212,0.9842,-1.1725,0.3325,-26.5737,1000.9749,clockwise_circle,62.46
1042,1386062,0.0864,0.1543,0.996,0.035,-1.575,-26.2062,1000.9705,clockwise_circle,62.52
1043,1386122,0.0588,0.2094,1.0509,1.6625,-0.5688,-25.795,1000.9756,clockwise_circle,62.58
1044,1386182,0.0073,0.1798,0.9484,0.0613,-1.8987,-26.0662,1000.9771,clockwise_circle,62.64
1045,1386242,0.021,0.1965,0.9465,0.2887,-0.595,-26.0138,1000.981,clockwise_circle,62.7
1046,1386302,0.0508,0.1651,0.9999,-0.9187,-1.155,-25.9788,1000.9824,clockwise_circle,62.76
1047,1386362,0.0409,0.1976,1.0263,-1.9425,-1.785,-25.515,1000.978,clockwise_circle,62.82
1048,1386422,0.0795,0.1424,1.0716,-1.0237,0.2362,-26.0312,1000.9778,clockwise_circle,62.88
1049,1386482,0.0734,0.1529,1.1009,-1.33,1.0237,-25.5413,1000.9805,clockwise_circle,62.94
1050,1386542,0.0397,0.1952,1.0194,0.07,1.4963,-26.2675,1000.9827,clockwise_circle,63.0
1051,1386602,0.0844,0.1462,0.9564,0.0,-1.015,-26.4775,1000.9861,clockwise_circle,63.06
1052,1386662,0.0188,0.1713,0.9606,0.385,0.4288,-26.25,1000.9729,clockwise_circle,63.12
1053,1386722,0.0144,0.2018,0.9551,1.2687,-0.245,-25.9875,1000.9749,clockwise_circle,63.18
1054,1386782,-0.0254,0.162,0.9319,0.8838,-0.8138,-26.0925,1000.9717,clockwise_circle,63.24
1055,1386842,-0.0149,0.1669,0.982,0.7437,1.6975,-26.3988,1000.979,clockwise_circle,63.3
1056,1386902,0.0059,0.234,0.984,-0.6037,-0.0088,-25.8563,1000.9719,clockwise_circle,63.36
1057,1386962,-0.0115,0.2077,0.8965,-2.17,-2.3712,-26.1712,1000.9727,clockwise_circle,63.42
1058,1387022,0.1035,0.2279,1.1046,-3.0275,0.7175,-25.1125,1000.9685,clockwise_circle,63.48
1059,1387082,0.0236,0.2013,1.0329,-1.0938,0.07,-25.2525,1000.9836,clockwise_circle,63.54
1060,1387142,0.0673,0.1698,1.1082,-0.7962,0.8925,-25.1912,1000.9785,clockwise_circle,63.6
1061,1387202,-0.0052,0.1533,0.9697,-0.9187,-0.7788,-25.3575,1000.9749,clockwise_circle,63.66
1062,1387262,0.0744,0.1596,0.9782,-0.0262,0.7962,-25.4013,1000.9685,clockwise_circle,63.72
1063,1387322,0.0142,0.2338,0.9806,-2.1875,-2.03,-25.4713,1000.9861,clockwise_circle,63.78
1064,1387382,0.0391,0.1569,0.9864,-0.4288,-2.1613,-25.445,1000.9827,clockwise_circle,63.84
1065,1387442,-0.0001,0.1656,1.0111,-0.2362,2.2313,-25.8388,1000.9783,clockwise_circle,63.9
1066,1387502,0.0254,0.146,0.9026,-0.8925,-2.6512,-26.0487,1000.9883,clockwise_circle,63.96
1067,1387562,0.0334,0.2219,0.9589,0.7262,-0.0175,-25.6987,1000.9839,clockwise_circle,64.02
1068,1387622,-0.0112,0.1485,0.9523,-0.4112,-0.175,-26.5475,1000.9802,clockwise_circle,64.08
1069,1387682,0.0432,0.1442,1.0055,0.9013,-0.245,-25.9438,1000.9849,clockwise_circle,64.14
1070,1387742,0.0509,0.2052,1.0192,1.5925,0.2013,-25.6112,1001.0015,clockwise_circle,64.2
1071,1387802,0.0317,0.2271,0.998,-1.3913,-0.4988,-25.4013,1001.0017,clockwise_circle,64.26
1072,1387862,0.0541,0.2425,0.9931,-0.4288,-0.665,-25.3575,1000.9932,clockwise_circle,64.32
1073,1387922,0.0432,0.1947,1.0402,-0.0175,0.4462,-25.0163,1000.9836,clockwise_circle,64.38
1074,1387982,0.0285,0.1908,0.9596,-0.91,-0.3237,-25.305,1000.9924,clockwise_circle,64.44
1075,1388042,-0.0049,0.1909,0.909,0.665,-1.5312,-25.6637,1000.9932,clockwise_circle,64.5
1076,1388102,0.0539,0.1969,1.0094,0.49,0.665,-25.865,1001.0049,clockwise_circle,64.56
1077,1388162,0.0927,0.2062,1.0641,-0.1138,-1.0762,-25.5763,1001.0066,clockwise_circle,64.62
1078,1388222,-0.0185,0.2137,1.0021,-0.3938,1.9512,-26.1712,1001.0112,clockwise_circle,64.68
1079,1388282,0.0449,0.1138,0.9811,0.665,-0.4288,-26.4688,1001.0098,clockwise_circle,64.74
1080,1388342,0.1057,0.2079,1.0748,-0.1488,-0.1488,-25.6025,1001.0178,clockwise_circle,64.8
1081,1388402,-0.0041,0.1786,0.9709,0.8662,-0.7,-25.5238,1001.0073,clockwise_circle,64.86
1082,1388462,0.0602,0.2464,1.0192,0.8662,-0.28,-25.7862,1001.0181,clockwise_circle,64.92
1083,1388522,0.0352,0.2121,1.0511,0.2362,0.4112,-25.6112,1001.0195,clockwise_circle,64.98
1084,1388582,0.0012,0.1257,0.8519,-0.63,-1.5225,-25.8563,1001.0046,clockwise_circle,65.04
1085,1388642,0.0573,0.135,1.0263,1.7325,-0.9275,-25.69,1001.0105,clockwise_circle,65.1
1086,1388702,0.0898,0.1896,1.0148,2.2925,-1.5662,-25.4625,1001.0195,clockwise_circle,65.16
1087,1388762,0.0615,0.196,0.9887,1.2687,-1.1988,-25.7075,1001.0134,clockwise_circle,65.22
1088,1388822,0.0815,0.2306,1.0429,0.9887,-0.2188,-25.5413,1001.0261,clockwise_circle,65.28
1089,1388882,0.0307,0.2206,0.9623,0.6475,-1.1113,-25.41,1001.0293,clockwise_circle,65.34
1090,1388942,0.0232,0.1827,0.8322,-0.2275,1.1812,-25.5063,1001.032,clockwise_circle,65.4
1091,1389002,0.1125,0.1945,1.046,0.175,-0.6913,-25.4975,1001.0259,clockwise_circle,65.46
1092,1389062,0.0774,0.1917,1.0429,-1.7938,-1.295,-24.9463,1001.0286,clockwise_circle,65.52
1093,1389122,0.0149,0.2252,1.0392,-0.2537,-1.7325,-25.7775,1001.0332,clockwise_circle,65.58
1094,1389182,0.1383,0.1947,1.0738,-0.7088,1.1113,-25.0163,1001.019,clockwise_circle,65.64
1095,1389242,0.06,0.1845,1.0394,0.8138,0.0175,-24.8762,1001.0244,clockwise_circle,65.7
1096,1389302,0.088,0.236,0.9843,0.2887,0.9625,-24.9813,1001.019,clockwise_circle,65.76
1097,1389362,0.0325,0.1865,0.9701,1.4612,-0.4025,-25.7425,1001.019,clockwise_circle,65.82
1098,1389422,0.0314,0.2057,1.0352,0.07,-0.2362,-25.2612,1001.0232,clockwise_circle,65.88
1099,1389482,0.052,0.2659,1.0263,0.5337,-0.4812,-25.6287,1001.0271,clockwise_circle,65.94
1100,1389542,0.0825,0.1801,1.0063,-1.3038,-0.5163,-25.305,1001.0322,clockwise_circle,66.0
1101,1389602,0.0359,0.1903,0.9118,-1.225,-1.4175,-25.6987,1001.0386,clockwise_circle,66.06
1102,1389662,0.0754,0.1917,0.9979,-1.5925,-1.1113,-25.235,1001.0312,clockwise_circle,66.12
1103,1389722,0.0388,0.2042,0.9636,0.5512,-0.665,-24.7975,1001.02,clockwise_circle,66.18
1104,1389782,0.0783,0.1627,0.9226,-1.1812,-2.5113,-25.0688,1001.0276,clockwise_circle,66.24
1105,1389842,0.0268,0.145,0.953,0.8313,-0.2975,-25.095,1001.0415,clockwise_circle,66.3
1106,1389902,0.1268,0.2145,1.0826,0.875,0.385,-25.13,1001.0452,clockwise_circle,66.36
1107,1389962,0.0527,0.0771,0.9129,-0.6825,-2.59,-25.2,1001.0322,clockwise_circle,66.42
1108,1390022,0.1017,0.2242,1.0533,1.7763,-1.4875,-24.8062,1001.0371,clockwise_circle,66.48
1109,1390082,0.0622,0.1928,1.0086,1.3825,0.21,-25.06,1001.0442,clockwise_circle,66.54
1110,1390142,0.0259,0.1803,0.957,0.8838,-0.56,-24.815,1001.0466,clockwise_circle,66.6
1111,1390202,0.0504,0.124,1.0531,0.84,1.2513,-24.6663,1001.0425,clockwise_circle,66.66
1112,1390262,0.0285,0.1639,0.9157,0.0,0.4725,-24.8062,1001.0554,clockwise_circle,66.72
1113,1390322,0.0486,0.1932,0.9174,0.0175,-0.07,-24.2638,1001.0486,clockwise_circle,66.78
1114,1390382,0.0796,0.1829,0.9733,-1.7675,-0.1138,-24.2025,1001.054,clockwise_circle,66.84
1115,1390442,0.0268,0.1864,0.8811,-0.9887,-0.4462,-24.3162,1001.0449,clockwise_circle,66.9
1116,1390502,0.0747,0.1613,0.9716,-1.3475,-1.5137,-24.5,1001.0503,clockwise_circle,66.96
1117,1390562,0.0927,0.1537,1.0645,0.385,-0.9887,-24.955,1001.0596,clockwise_circle,67.02
1118,1390622,0.0615,0.1607,1.0138,0.595,-0.3063,-25.5063,1001.0544,clockwise_circle,67.08
1119,1390682,0.1015,0.1607,1.0906,0.4638,-1.4787,-24.7275,1001.0564,clockwise_circle,67.14
1120,1390742,0.0732,0.1574,1.0482,0.84,0.6037,-24.3687,1001.0496,clockwise_circle,67.2
1121,1390802,0.0544,0.1749,0.9902,2.1875,0.945,-24.815,1001.0562,clockwise_circle,67.26
1122,1390862,0.059,0.1851,1.0395,1.33,-1.1812,-24.5613,1001.0601,clockwise_circle,67.32
1123,1390922,0.081,0.24,1.1048,1.8813,-0.1838,-24.325,1001.0535,clockwise_circle,67.38
1124,1390982,0.0852,0.2008,1.0704,0.8925,0.28,-23.835,1001.0618,clockwise_circle,67.44
1125,1391042,0.0691,0.1479,0.9877,-0.1838,-0.9625,-24.0362,1001.0552,clockwise_circle,67.5
1126,1391102,0.009,0.2138,0.8969,0.7525,-0.7175,-24.5875,1001.0522,clockwise_circle,67.56
1127,1391162,0.0847,0.1793,1.0369,-0.5075,-1.435,-24.1675,1001.0381,clockwise_circle,67.62
1128,1391222,0.0583,0.1318,0.9579,0.2975,0.2975,-24.1938,1001.0469,clockwise_circle,67.68
1129,1391282,0.0337,0.1678,0.9272,-0.3675,-1.6363,-24.2638,1001.0554,clockwise_circle,67.74
1130,1391342,0.0243,0.131,0.974,0.1925,-0.455,-23.94,1001.0574,clockwise_circle,67.8
1131,1391402,0.0554,0.1801,0.9919,0.9887,-0.84,-24.4562,1001.0549,clockwise_circle,67.86
1132,1391462,0.0571,0.1806,1.046,-0.6562,-0.35,-23.7213,1001.0564,clockwise_circle,67.92
1133,1391522,0.0578,0.1501,1.0324,-0.9187,0.105,-23.7213,1001.0474,clockwise_circle,67.98
1134,1391582,0.0541,0.143,0.9965,-0.4462,0.2362,-23.9925,1001.0581,clockwise_circle,68.04
1135,1391642,0.0649,0.1503,1.0508,-0.9187,-0.455,-24.115,1001.0601,clockwise_circle,68.1
1136,1391702,0.0208,0.1482,0.9633,-0.0088,-2.0213,-24.5175,1001.0659,clockwise_circle,68.16
1137,1391762,0.0995,0.1713,1.0582,-0.6737,-0.6037,-23.9225,1001.062,clockwise_circle,68.22
1138,1391822,0.0149,0.1739,0.9811,0.805,-0.5425,-24.2463,1001.0542,clockwise_circle,68.28
1139,1391882,0.04,0.1747,0.9413,0.2013,-0.77,-24.01,1001.054,clockwise_circle,68.34
1140,1391942,0.0327,0.1706,1.0045,-0.3675,-1.085,-24.0187,1001.0549,clockwise_circle,68.4
1141,1392002,0.0556,0.1708,0.9433,-1.26,-0.4988,-23.7125,1001.0542,clockwise_circle,68.46
1142,1392062,0.0493,0.1589,1.1021,-0.5425,2.275,-23.5287,1001.064,clockwise_circle,68.52
1143,1392122,0.0073,0.1988,0.926,-0.9887,-0.945,-23.7125,1001.0437,clockwise_circle,68.58
1144,1392182,0.0676,0.1344,1.0493,-0.5688,-1.3475,-23.8438,1001.064,clockwise_circle,68.64
1145,1392242,0.0701,0.2197,1.016,0.0613,0.0787,-23.7213,1001.0544,clockwise_circle,68.7
1146,1392302,0.0672,0.1476,1.1099,0.1575,1.3388,-23.4412,1001.0649,clockwise_circle,68.76
1147,1392362,0.0437,0.2542,0.9678,0.3413,0.3675,-23.6688,1001.063,clockwise_circle,68.82
1148,1392422,0.0407,0.1661,1.0006,0.0437,0.84,-23.8263,1001.0598,clockwise_circle,68.88
1149,1392482,0.0283,0.1281,0.955,-0.2625,-0.245,-24.0888,1001.0564,clockwise_circle,68.94
1150,1392542,0.029,0.1296,0.9638,0.875,-0.1312,-24.0187,1001.0623,clockwise_circle,69.0
1151,1392602,0.0468,0.1896,1.0106,1.3913,0.3587,-24.0537,1001.0608,clockwise_circle,69.06
1152,1392662,0.0356,0.1859,0.9562,-0.0875,-1.1812,-24.01,1001.0552,clockwise_circle,69.12
1153,1392722,0.0409,0.1482,1.0172,1.0675,-0.2537,-24.115,1001.0554,clockwise_circle,69.18
1154,1392782,0.0419,0.2164,0.9723,0.3938,0.315,-24.115,1001.0613,clockwise_circle,69.24
1155,1392842,0.0459,0.2098,0.9681,-0.35,-1.1725,-23.9837,1001.0752,clockwise_circle,69.3
1156,1392902,0.042,0.1786,1.008,-0.14,0.175,-23.87,1001.0569,clockwise_circle,69.36
1157,1392962,0.0788,0.1707,1.0133,-0.77,-0.805,-23.8962,1001.0593,clockwise_circle,69.42
1158,1393022,0.0493,0.2136,0.9787,-0.28,0.35,-23.9837,1001.0647,clockwise_circle,69.48
1159,1393082,0.0173,0.1964,1.0258,-0.84,0.77,-24.2375,1001.0588,clockwise_circle,69.54
1160,1393142,0.0293,0.1523,0.9643,-0.2188,1.0588,-24.1588,1001.0588,clockwise_circle,69.6
1161,1393202,0.0727,0.1903,1.0458,0.105,0.84,-24.1938,1001.0688,clockwise_circle,69.66
1162,1393262,0.03,0.1635,0.9445,0.245,0.4725,-24.4037,1001.0605,clockwise_circle,69.72
1163,1393322,0.0503,0.1917,1.0101,0.1312,0.4025,-24.3862,1001.0549,clockwise_circle,69.78
1164,1393382,0.047,0.1995,0.99,0.3237,0.5775,-24.4825,1001.0566,clockwise_circle,69.84
1165,1393442,0.0102,0.1279,0.9945,-1.0762,0.28,-24.3162,1001.0537,clockwise_circle,69.9
1166,1393502,0.0205,0.1676,0.9811,0.3325,1.505,-24.5438,1001.0596,clockwise_circle,69.96
1167,1393562,0.0227,0.1541,0.9445,-0.0525,-2.8175,-24.6313,1001.063,clockwise_circle,70.02
1168,1393622,0.1037,0.1545,1.0751,-0.9975,0.0962,-23.8612,1001.0454,clockwise_circle,70.08
1169,1393682,-0.0278,0.1656,0.9613,0.9275,0.0175,-24.0625,1001.0513,clockwise_circle,70.14
1170,1393742,0.0221,0.1608,0.9719,-0.1925,-0.2188,-23.7825,1001.0427,clockwise_circle,70.2
1171,1393802,-0.0102,0.1066,0.944,0.1488,-0.665,-23.8,1001.05,clockwise_circle,70.26
1172,1393862,0.0657,0.1701,1.087,0.9013,1.1463,-23.4412,1001.0466,clockwise_circle,70.32
1173,1393922,0.0229,0.2064,0.9699,0.7175,0.8487,-23.5637,1001.0403,clockwise_circle,70.38
1174,1393982,0.0046,0.1418,0.9689,0.49,1.8025,-23.3713,1001.0403,clockwise_circle,70.44
1175,1394042,0.0481,0.1689,1.0204,-0.1312,-0.1663,-23.3625,1001.043,clockwise_circle,70.5
1176,1394102,0.0464,0.1747,1.0594,-0.5163,1.96,-23.17,1001.0396,clockwise_circle,70.56
1177,1394162,0.0307,0.1408,1.0038,-0.7875,-0.7088,-23.0912,1001.042,clockwise_circle,70.62
1178,1394222,0.0237,0.174,0.9684,-1.2075,1.3038,-22.1375,1001.0459,clockwise_circle,70.68
1179,1394282,0.0549,0.131,1.0158,-2.2137,-0.2275,-21.1838,1001.0405,clockwise_circle,70.74
1180,1394342,0.0012,0.0939,0.9345,-2.2662,-2.065,-20.7463,1001.0481,clockwise_circle,70.8
1181,1394402,0.0756,0.0872,1.0594,-0.9887,0.49,-19.3988,1001.0457,clockwise_circle,70.86
1182,1394462,0.0166,0.0905,0.9656,-0.35,-0.8138,-18.5675,1001.0393,clockwise_circle,70.92
1183,1394522,0.0583,0.0687,1.0067,0.7175,-1.2687,-17.7362,1001.0405,clockwise_circle,70.98
1184,1394582,0.0489,0.0703,0.9692,0.6913,0.1312,-16.275,1001.0427,clockwise_circle,71.04
1185,1394642,0.0439,0.1334,0.9848,0.49,-0.6737,-15.8287,1001.0549,clockwise_circle,71.1
1186,1394702,0.074,0.0951,1.0361,0.0175,-0.5775,-14.7437,1001.0464,clockwise_circle,71.16
1187,1394762,0.0544,0.0593,1.0277,-0.0088,-0.0525,-13.8512,1001.0508,clockwise_circle,71.22
1188,1394822,0.0342,0.057,0.9728,-1.2425,-0.3413,-13.0288,1001.0544,clockwise_circle,71.28
1189,1394882,0.0478,0.0501,1.0223,-0.6825,-1.1463,-12.215,1001.0588,clockwise_circle,71.34
1190,1394942,0.0432,0.0505,1.0243,0.665,0.385,-11.2612,1001.0525,clockwise_circle,71.4
1191,1395002,0.031,0.0461,0.9601,0.175,0.1138,-10.8938,1001.0574,clockwise_circle,71.46
1192,1395062,0.0515,0.0478,0.9963,0.9013,0.1575,-9.9575,1001.0476,clockwise_circle,71.52
1193,1395122,0.0254,0.0371,1.0141,0.35,-0.6388,-9.2575,1001.0576,clockwise_circle,71.58
1194,1395182,0.0627,0.0415,1.0385,0.945,1.6625,-8.6713,1001.0603,clockwise_circle,71.64
1195,1395242,0.048,0.0644,1.0263,-0.7088,-0.42,-8.1112,1001.053,clockwise_circle,71.7
1196,1395302,0.0301,0.042,0.9646,-0.1663,0.9187,-7.9625,1001.0498,clockwise_circle,71.76
1197,1395362,0.0432,0.0437,0.9834,0.63,0.7437,-7.7787,1001.0591,clockwise_circle,71.82
1198,1395422,0.0537,0.0476,1.0294,-0.6562,0.4025,-7.2537,1001.0437,clockwise_circle,71.88
1199,1395482,0.0448,0.0495,0.9647,-0.07,-1.155,-6.7725,1001.0564,clockwise_circle,71.94
1200,1395542,0.082,0.0691,1.0707,0.6475,-0.3938,-6.7725,1001.0569,clockwise_circle,72.0
1201,1395602,0.0173,0.0041,0.9137,0.035,-1.0412,-6.6675,1001.0603,clockwise_circle,72.06
1202,1395662,0.0173,0.0375,0.9801,0.8925,-0.6388,-6.3438,1001.0454,clockwise_circle,72.12
1203,1395722,0.031,0.0475,1.006,1.015,0.2537,-6.4575,1001.0623,clockwise_circle,72.18
1204,1395782,0.0365,0.0529,1.0072,1.1725,0.6825,-6.37,1001.0569,clockwise_circle,72.24
1205,1395842,0.0411,0.0712,0.9853,0.105,-0.245,-6.4575,1001.053,clockwise_circle,72.3
1206,1395902,0.062,0.0549,0.9944,0.7088,-0.1225,-6.65,1001.0544,clockwise_circle,72.36
1207,1395962,0.0359,0.0234,0.9959,0.1838,-0.105,-6.3263,1001.0601,clockwise_circle,72.42
1208,1396022,0.0415,0.0544,0.9847,0.035,-0.28,-6.2387,1001.0474,clockwise_circle,72.48
1209,1396082,0.0012,0.0575,0.9226,-0.56,-0.0613,-6.2213,1001.061,clockwise_circle,72.54
1210,1396142,0.0598,0.0472,1.0356,0.0175,0.0525,-6.1863,1001.0564,clockwise_circle,72.6
1211,1396202,0.031,0.0385,0.9428,0.1575,0.105,-6.2825,1001.0635,clockwise_circle,72.66
1212,1396262,0.0573,0.065,1.0007,-0.4638,-0.7875,-6.1075,1001.0557,clockwise_circle,72.72
1213,1396322,0.0457,0.0515,0.9764,-0.945,-0.035,-5.985,1001.0493,clockwise_circle,72.78
1214,1396382,0.0178,0.0303,0.9797,-0.3587,0.0962,-6.0287,1001.0525,clockwise_circle,72.84
1215,1396442,0.0647,0.0423,1.0149,0.455,0.1575,-6.1075,1001.0603,clockwise_circle,72.9
1216,1396502,0.0444,0.0191,1.0307,-0.105,0.1925,-5.5475,1001.0554,clockwise_circle,72.96
1217,1396562,0.0759,0.03,1.0092,-0.1488,-0.6825,-5.0662,1001.0632,clockwise_circle,73.02
1218,1396622,0.0603,0.0151,1.0074,0.1488,0.8838,-4.2525,1001.0603,clockwise_circle,73.08
1219,1396682,0.0815,0.0112,0.9579,-1.05,0.0613,-3.8763,1001.0579,clockwise_circle,73.14
1220,1396742,0.0729,0.0122,0.9875,0.1312,0.5425,-3.4037,1001.0698,clockwise_circle,73.2
1221,1396802,0.0608,0.0108,1.0302,-0.2625,-0.1925,-2.765,1001.0679,clockwise_circle,73.26
1222,1396862,0.0894,-0.0163,0.9675,-0.0525,-0.8487,-2.2838,1001.0664,clockwise_circle,73.32
1223,1396922,0.0936,0.0308,0.9818,0.8838,-0.5337,-1.7237,1001.0725,clockwise_circle,73.38
1224,1396982,0.1132,0.0349,1.0119,-0.1838,0.1225,-1.2513,1001.0718,clockwise_circle,73.44
1225,1397042,0.074,0.0068,1.0258,0.035,0.6125,-1.0588,1001.0667,clockwise_circle,73.5
1226,1397102,0.0981,0.0283,1.0263,0.1838,0.9887,-0.63,1001.0696,clockwise_circle,73.56
1227,1397162,0.0901,0.0079,0.996,-0.455,0.945,-0.63,1001.0586,clockwise_circle,73.62
1228,1397222,0.0512,-0.0071,0.959,0.8225,0.9712,-0.49,1001.0469,clockwise_circle,73.68
1229,1397282,0.0783,0.011,0.9963,-0.2013,0.1838,-0.1925,1001.0508,clockwise_circle,73.74
1230,1397342,0.1125,-0.0167,0.9816,-0.63,-0.1488,0.105,1001.072,clockwise_circle,73.8
1231,1397402,0.0976,0.0487,0.9962,0.9275,0.84,-0.1138,1001.0669,clockwise_circle,73.86
1232,1397462,0.0764,0.0551,0.9905,-0.14,-0.2188,-0.245,1001.0688,clockwise_circle,73.92
1233,1397522,0.1035,-0.0201,0.998,0.3587,0.175,-0.1138,1001.0532,clockwise_circle,73.98
1234,1397582,0.1123,0.0174,1.049,0.6212,0.3762,0.2713,1001.0613,clockwise_circle,74.04
1235,1397642,0.0646,-0.02,0.9847,0.91,0.2275,0.1312,1001.0615,clockwise_circle,74.1
1236,1397702,0.0976,0.0232,0.9852,0.7437,0.4112,-0.0437,1001.0608,clockwise_circle,74.16
1237,1397762,0.0913,0.0376,0.9982,0.2013,-0.4375,0.0525,1001.0613,clockwise_circle,74.22
1238,1397822,0.0822,-0.0002,0.956,-0.35,-0.63,0.035,1001.0642,clockwise_circle,74.28
