timestamp,a_x,a_y,a_z,dps_x,dps_y,dps_z,pressure,target
1489862,0.0142,0.0463,0.9972,0.2713,-0.0350,0.2275,1001.0757,bumps
1489922,0.0122,0.0470,0.9904,0.1838,0.0437,0.2713,1001.0676,bumps
1489982,0.0113,0.0427,0.9936,0.1663,0.0525,0.2362,1001.0654,bumps
1490042,0.0117,0.0441,0.9966,0.1750,0.0875,0.1925,1001.0657,bumps
1490102,0.0145,0.0437,0.9975,0.1225,-0.0525,0.2450,1001.0681,bumps
1490162,0.0146,0.0453,0.9951,0.2100,0.0088,0.2625,1001.0752,bumps
1490222,0.0134,0.0453,0.9948,0.1575,0.2537,0.2537,1001.0764,bumps
1490282,0.0093,0.0448,0.9926,0.0962,0.1663,0.1750,1001.0688,bumps
1490342,0.0108,0.0439,0.9911,0.2537,0.0437,0.2275,1001.0771,bumps
1490402,0.0136,0.0442,0.9980,0.1838,0.0350,0.2800,1001.0732,bumps
1490462,0.0120,0.0447,0.9928,0.1400,0.0613,0.2275,1001.0769,bumps
1490522,0.0117,0.0434,0.9940,0.2450,0.0175,0.2362,1001.0730,bumps
1490582,0.0149,0.0432,0.9948,0.1663,-0.0088,0.2188,1001.0715,bumps
1490642,0.0024,0.0259,0.9865,0.0000,-0.1488,0.2625,1001.0715,bumps
1490702,0.0140,0.0517,0.9921,0.0175,-0.4812,0.1575,1001.0750,bumps
1490762,0.0260,0.0358,1.0094,0.3500,0.7088,0.3150,1001.0754,bumps
1490822,0.0122,0.0425,0.9913,0.1225,0.1925,0.2537,1001.0708,bumps
1490882,0.0118,0.0444,0.9926,0.1050,-0.0437,0.2362,1001.0730,bumps
1490942,0.0124,0.0498,0.9977,0.0787,0.0437,0.2537,1001.0776,bumps
1491002,0.0088,0.0434,0.9920,0.3500,0.1925,0.3063,1001.0813,bumps
1491062,0.0113,0.0495,0.9970,-0.0350,-0.0262,0.3237,1001.0779,bumps
1491122,0.0115,0.0434,0.9953,0.3587,0.0875,0.3150,1001.0708,bumps
1491182,0.0069,0.0556,0.9935,-0.0787,0.2450,0.1925,1001.0698,bumps
1491242,0.0040,0.0449,0.9941,0.5863,0.3587,0.1488,1001.0735,bumps
1491302,-0.0273,0.0454,0.9889,0.0175,0.4462,0.2450,1001.0647,bumps
1491362,-0.0603,0.0419,0.9990,-0.2275,1.1200,0.4112,1001.0732,bumps
1491422,-0.0998,0.0413,1.0002,0.0787,1.2337,0.3237,1001.0686,bumps
1491482,-0.1236,0.0447,1.0009,0.2013,1.4175,0.3500,1001.0737,bumps
1491542,-0.1280,0.0406,0.9948,0.2100,0.9712,0.2450,1001.0730,bumps
1491602,-0.1291,0.0403,0.9977,0.1225,0.7962,0.2887,1001.0696,bumps
1491662,-0.1288,0.0412,0.9967,0.1663,0.4812,0.3850,1001.0735,bumps
1491722,-0.1279,0.0410,0.9928,-0.0175,-0.0613,0.5337,1001.0691,bumps
1491782,-0.1274,0.0411,0.9855,0.2013,-0.0700,0.5163,1001.0696,bumps
1491842,-0.1284,0.0407,0.9899,0.3500,-0.0875,0.4812,1001.0669,bumps
1491902,-0.1212,0.0388,0.9884,-0.0350,0.0175,0.4900,1001.0723,bumps
1491962,-0.1210,0.0520,0.9950,0.0613,0.2188,0.6737,1001.0657,bumps
1492022,-0.1233,0.0304,0.9953,0.0700,0.3150,0.8575,1001.0737,bumps
1492082,-0.1174,0.0365,1.0004,0.1575,0.3587,0.7175,1001.0784,bumps
1492142,-0.1205,0.0320,0.9969,0.2100,0.2537,0.7262,1001.0659,bumps
1492202,-0.1112,0.0365,0.9828,0.3150,-0.0875,0.7875,1001.0735,bumps
1492262,-0.1286,0.0342,0.9714,0.0613,0.4112,0.9625,1001.0679,bumps
1492322,-0.1213,0.0290,0.9938,0.3500,0.4725,0.9100,1001.0725,bumps
1492382,-0.1064,0.0529,1.0063,0.4462,0.3413,0.7788,1001.0793,bumps
1492442,-0.1054,0.0220,1.0041,0.0962,0.4462,0.9013,1001.0728,bumps
1492502,-0.1016,0.0407,0.9933,-0.0262,-0.2013,0.9712,1001.0713,bumps
1492562,-0.1010,0.0537,1.0084,-0.0700,0.1225,0.9187,1001.0640,bumps
1492622,-0.0939,0.0190,0.9877,-0.2362,0.0875,1.0850,1001.0596,bumps
1492682,-0.0935,0.0375,0.9958,0.0613,0.0088,0.9362,1001.0667,bumps
1492742,-0.0761,0.0393,0.9958,0.4900,-0.1663,0.7700,1001.0574,bumps
1492802,-0.0615,0.0268,0.9847,-0.0700,-0.3675,0.8838,1001.0701,bumps
1492862,-0.0662,0.0313,0.9808,0.0962,0.5337,0.8487,1001.0693,bumps
1492922,-0.0287,0.0620,1.0124,-0.1663,0.2100,0.8138,1001.0603,bumps
1492982,-0.0298,0.0331,0.9904,0.0613,-0.0262,1.0150,1001.0586,bumps
1493042,-0.0390,0.0586,0.9857,0.0875,-0.3762,0.8575,1001.0608,bumps
1493102,-0.0085,0.0537,0.9714,-0.0262,-0.8313,0.5863,1001.0610,bumps
1493162,-0.0039,0.0390,0.9841,-0.0613,-0.2100,0.4112,1001.0544,bumps
1493222,0.0007,0.0437,1.0002,0.0525,0.0000,0.5075,1001.0674,bumps
1493282,0.1681,0.0259,1.0721,-0.4900,0.5775,0.6300,1001.0732,bumps
1493342,0.1552,0.0796,1.1632,-0.6212,3.9025,0.7088,1001.0754,bumps
1493402,0.0974,0.0249,1.0862,-1.4262,7.5075,0.6650,1001.0715,bumps
1493462,0.0224,0.0318,0.9866,-0.8487,8.1462,0.7437,1001.0730,bumps
1493522,-0.0644,0.0473,0.8767,0.1750,6.2475,0.2450,1001.0493,bumps
1493582,-0.0524,0.0173,0.8369,-0.0350,2.5550,0.0350,1001.0518,bumps
1493642,-0.1007,0.0264,0.8191,0.5425,-1.5050,0.2713,1001.0454,bumps
1493702,-0.0959,0.0154,0.8333,1.8813,-4.9437,0.5512,1001.0493,bumps
1493762,-0.1196,0.0244,0.8577,2.2050,-7.9363,0.7437,1001.0469,bumps
1493822,-0.0597,0.0540,0.9324,0.9887,-10.1412,0.5863,1001.0576,bumps
1493882,-0.0015,0.0817,1.0131,0.2713,-10.1938,0.5250,1001.0659,bumps
1493942,0.0371,0.0327,1.1619,-0.2275,-7.2013,0.7788,1001.0796,bumps
1494002,0.0278,0.0450,1.2381,-2.0912,-1.4525,0.4462,1001.1001,bumps
1494062,0.0486,0.0271,1.1724,-1.2075,3.9987,0.3500,1001.0872,bumps
1494122,0.0392,-0.0159,1.0488,-1.2075,5.3637,0.9100,1001.0815,bumps
1494182,-0.0298,0.0221,0.9093,-0.3587,4.6813,1.1988,1001.0640,bumps
1494242,0.0077,0.0312,0.9036,1.2075,2.4237,1.7150,1001.0632,bumps
1494302,-0.0283,0.0068,0.8914,1.3388,-0.3938,1.9250,1001.0618,bumps
1494362,0.0007,0.0324,0.9801,2.1350,0.0962,1.6275,1001.0447,bumps
1494422,-0.0131,0.0776,0.9721,2.2925,-1.1375,1.0237,1001.0525,bumps
1494482,0.0232,0.0836,1.0100,1.0412,-1.0762,1.0325,1001.0518,bumps
1494542,0.0142,0.0818,1.0307,-0.5425,-0.3938,0.7875,1001.0605,bumps
1494602,0.0190,0.0784,1.0202,-0.6388,0.0437,0.6125,1001.0615,bumps
1494662,0.0098,0.0406,1.0033,-1.5225,-0.0437,0.4375,1001.0608,bumps
1494722,0.0063,0.0070,1.0226,-0.8925,0.2013,0.1488,1001.0654,bumps
1494782,0.0029,0.0178,1.0011,0.2362,0.7613,0.1225,1001.0605,bumps
1494842,0.0348,0.0478,1.0363,0.0088,0.0875,0.6562,1001.0586,bumps
1494902,0.0511,0.0766,1.1034,1.9162,-2.4325,0.5075,1001.0676,bumps
1494962,0.0966,0.0623,1.1178,0.3237,-7.8050,0.4988,1001.0818,bumps
1495022,0.0569,0.0761,1.0019,-0.1750,-8.1987,0.3938,1001.0708,bumps
1495082,0.0415,0.0511,0.9052,-0.6212,-6.3875,0.2975,1001.0630,bumps
1495142,0.0571,0.0271,0.8539,-1.0500,-3.3950,-0.1050,1001.0349,bumps
1495202,0.0354,0.0561,0.8190,-0.8838,1.2687,-0.1400,1001.0344,bumps
1495262,0.0195,0.0076,0.8337,-0.1225,5.3900,0.0437,1001.0225,bumps
1495322,-0.0246,0.0091,0.8478,0.7875,8.3737,0.0088,1001.0364,bumps
1495382,-0.0473,0.0483,0.8860,1.7675,11.2350,-0.0088,1001.0383,bumps
1495442,0.0249,0.0367,1.0595,1.6625,11.3488,0.1663,1001.0579,bumps
1495502,0.0044,0.0972,1.1921,1.2687,7.6300,0.2450,1001.0725,bumps
1495562,-0.0512,0.0578,1.2739,0.3325,1.6013,0.0525,1001.0835,bumps
1495622,-0.0625,0.0276,1.1599,-0.1663,-3.5700,0.2275,1001.0933,bumps
1495682,-0.0205,0.0400,1.0341,-1.0588,-6.2825,-0.0700,1001.0803,bumps
1495742,0.0088,0.0178,0.9751,-0.7613,-4.0512,0.1138,1001.0698,bumps
1495802,0.0262,0.0337,0.9038,-0.1138,-1.7413,0.2100,1001.0659,bumps
1495862,0.0452,-0.0076,0.9058,0.6388,0.3587,0.2800,1001.0452,bumps
1495922,0.0546,0.0410,0.9536,1.0237,1.3737,0.1050,1001.0618,bumps
1495982,0.0718,0.0253,0.9643,0.6737,0.6650,0.2625,1001.0457,bumps
1496042,0.1014,0.0429,1.0138,0.3850,0.4375,0.4025,1001.0605,bumps
1496102,0.0883,0.0564,0.9860,0.4900,-0.3938,0.4200,1001.0662,bumps
1496162,0.1369,0.0469,1.0086,-0.1400,-0.7437,0.2975,1001.0630,bumps
1496222,0.1318,0.0275,0.9999,-0.3675,-0.3762,0.1488,1001.0640,bumps
1496282,0.1259,0.0430,0.9902,-0.1138,-0.7175,0.0175,1001.0723,bumps
1496342,0.1258,0.0386,1.0036,-0.2275,-0.2625,0.0088,1001.0569,bumps
1496402,0.1261,0.0398,0.9916,0.2800,-0.1050,0.1750,1001.0625,bumps
1496462,0.1374,0.0127,1.0165,0.3938,-0.4900,0.2100,1001.0784,bumps
1496522,0.1426,0.0525,0.9923,0.5775,0.9450,0.1663,1001.0610,bumps
1496582,0.1349,0.0454,0.9798,0.2275,0.2800,0.2887,1001.0557,bumps
1496642,0.1493,0.0396,0.9936,-0.6650,-0.1400,0.2188,1001.0598,bumps
1496702,0.1383,0.0458,1.0043,-0.6737,-0.2275,0.1488,1001.0605,bumps
1496762,0.1293,0.0358,0.9950,-0.2450,0.2100,0.2450,1001.0564,bumps
1496822,0.1249,0.0404,0.9872,0.1488,0.1750,0.1050,1001.0605,bumps
1496882,0.1456,0.0290,0.9982,0.2450,0.0700,0.1750,1001.0669,bumps
1496942,0.1447,0.0317,1.0116,0.0962,0.0175,0.4025,1001.0728,bumps
1497002,0.1312,0.0142,0.9878,0.2013,0.1575,0.3150,1001.0676,bumps
1497062,0.1179,0.0427,0.9863,0.5075,0.0437,0.2275,1001.0713,bumps
1497122,0.1294,0.0378,1.0050,0.3150,0.4112,0.1838,1001.0698,bumps
1497182,0.1210,0.0415,0.9892,0.1750,0.0962,0.1838,1001.0691,bumps
1497242,0.0986,0.0345,0.9889,0.1138,-0.0262,0.2713,1001.0647,bumps
1497302,0.0945,0.0379,0.9922,0.0962,0.1925,0.3063,1001.0730,bumps
1497362,0.0924,0.0334,0.9960,0.3150,0.2625,0.1488,1001.0708,bumps
1497422,0.0871,0.0457,0.9955,0.2800,0.1575,0.1750,1001.0657,bumps
1497482,0.0775,0.0387,0.9889,0.3850,0.2713,0.2275,1001.0793,bumps
1497542,0.0772,0.0363,0.9913,0.1663,0.2100,0.2887,1001.0764,bumps
1497602,0.0690,0.0390,0.9972,0.1488,0.1488,0.2537,1001.0747,bumps
1497662,0.0226,0.0381,1.0048,0.1225,0.2013,0.2362,1001.0808,bumps
1497722,-0.0083,0.0393,1.0160,0.2362,0.2713,0.1663,1001.0774,bumps
1497782,-0.0252,0.0362,0.9957,0.3587,0.4025,0.2100,1001.0703,bumps
1497842,-0.0140,0.0350,0.9858,0.3237,0.3413,0.2537,1001.0752,bumps
1497902,0.0112,0.0382,0.9845,0.2450,0.3762,0.2013,1001.0706,bumps
1497962,0.0179,0.0381,0.9795,0.2362,0.4288,0.2362,1001.0723,bumps
1498022,0.0142,0.0429,0.9909,0.1663,0.0525,0.2537,1001.0745,bumps
1498082,0.0038,0.0356,1.0067,0.2450,0.0525,0.2975,1001.0771,bumps
1498142,-0.0075,0.0371,1.0023,0.0175,-0.1575,0.2887,1001.0781,bumps
1498202,0.0300,0.0717,1.1210,0.6913,1.7500,0.2100,1001.0793,bumps
1498262,0.0049,0.0146,0.9490,-0.1488,0.2887,0.2800,1001.0771,bumps
1498322,0.0168,0.0381,1.0250,0.2975,0.8313,0.2537,1001.0754,bumps
1498382,0.0051,0.0380,0.9981,0.0613,-0.0875,0.3063,1001.0852,bumps
1498442,-0.0039,0.0334,0.9767,0.1050,-0.3413,0.3500,1001.0723,bumps
1498502,-0.0151,0.0378,0.9831,0.2100,0.2100,0.2625,1001.0679,bumps
1498562,0.0023,0.0364,0.9856,0.3500,0.2887,0.0875,1001.0693,bumps
1498622,0.0085,0.0463,0.9963,0.1312,-0.1663,0.1838,1001.0720,bumps
1498682,-0.0040,0.0368,0.9902,0.2800,0.1225,0.2450,1001.0696,bumps
1498742,0.0224,0.0378,0.9968,0.1050,0.0962,0.2100,1001.0693,bumps
1498802,0.0024,0.0406,0.9880,0.1575,0.0437,0.2188,1001.0620,bumps
1498862,-0.0004,0.0303,0.9936,0.1400,0.0262,0.2450,1001.0742,bumps
1498922,0.0092,0.0322,0.9994,0.0875,0.2537,0.2275,1001.0669,bumps
1498982,-0.0001,0.0434,0.9953,0.1838,0.2537,0.3150,1001.0640,bumps
1499042,0.0056,0.0320,0.9936,0.2537,0.2013,0.2887,1001.0740,bumps
1499102,0.0081,0.0389,1.0011,0.2188,0.2800,0.1925,1001.0679,bumps
1499162,0.0024,0.0402,0.9939,0.0525,-0.1050,0.2188,1001.0706,bumps
1499222,0.0097,0.0430,0.9908,-0.2625,-0.1575,0.2800,1001.0728,bumps
1499282,0.0087,0.0263,0.9919,0.4288,0.2362,0.2887,1001.0684,bumps
1499342,0.0004,0.0367,0.9925,-0.1050,0.0350,0.2275,1001.0737,bumps
1499402,0.0091,0.0339,0.9987,0.3150,0.0175,0.2450,1001.0701,bumps
1499462,0.0059,0.0439,0.9970,0.1750,-0.0088,0.1925,1001.0737,bumps
1499522,0.0077,0.0289,0.9872,0.1225,-0.0088,0.2275,1001.0754,bumps
1499582,0.0210,0.0443,0.9903,0.1750,-0.1312,0.2975,1001.0796,bumps
1499642,0.0392,0.0370,0.9982,0.1138,-0.1750,0.2800,1001.0771,bumps
1499702,0.0566,0.0343,0.9877,0.2975,-0.2450,0.2100,1001.0742,bumps
1499762,0.0697,0.0415,0.9758,-0.2275,-0.8925,0.2362,1001.0623,bumps
1499822,0.0697,0.0341,0.9900,0.2188,-0.4375,0.2800,1001.0745,bumps
1499882,0.0763,0.0385,0.9895,0.2800,-0.2887,0.2887,1001.0750,bumps
1499942,0.0773,0.0359,0.9959,0.1138,-0.1400,0.2275,1001.0681,bumps
1500002,0.0768,0.0402,0.9975,0.1050,0.2188,0.1925,1001.0701,bumps
1500062,0.0731,0.0370,1.0023,0.1575,0.4025,0.2188,1001.0708,bumps
1500122,0.0712,0.0366,0.9983,0.1750,0.2800,0.1575,1001.0679,bumps
1500182,0.0712,0.0397,0.9934,0.0700,0.3063,0.2188,1001.0684,bumps
1500242,0.0722,0.0344,0.9906,0.1750,0.1838,0.2713,1001.0645,bumps
1500302,0.0745,0.0325,0.9912,0.1488,0.2100,0.2625,1001.0676,bumps
1500362,0.0752,0.0381,0.9931,0.1575,0.3850,0.2800,1001.0608,bumps
1500422,0.0746,0.0356,0.9894,0.3063,0.0787,0.2362,1001.0676,bumps
1500482,0.0720,0.0364,0.9923,0.1750,0.2275,0.1838,1001.0684,bumps
1500542,0.0710,0.0415,0.9927,0.2362,0.0875,0.1750,1001.0662,bumps
1500602,0.0644,0.0354,0.9955,0.3413,0.1925,0.1838,1001.0676,bumps
1500662,0.0670,0.0429,0.9916,-0.0175,-0.0088,0.2362,1001.0667,bumps
1500722,0.0666,0.0329,0.9940,0.2537,0.1663,0.2887,1001.0698,bumps
1500782,0.0637,0.0447,0.9967,0.1312,0.0700,0.2800,1001.0635,bumps
1500842,0.0588,0.0374,0.9883,0.3325,-0.0175,0.1488,1001.0674,bumps
1500902,0.0610,0.0376,0.9943,0.5688,0.0787,0.1750,1001.0720,bumps
1500962,0.0598,0.0285,1.0045,0.4025,-0.0088,0.1750,1001.0723,bumps
1501022,0.0542,0.0390,0.9909,0.6825,0.0787,0.2450,1001.0754,bumps
1501082,0.0578,0.0386,0.9942,0.4988,0.3150,0.2800,1001.0732,bumps
1501142,0.0556,0.0381,0.9956,0.2713,0.3675,0.2362,1001.0569,bumps
1501202,0.0536,0.0351,0.9928,-0.0613,0.2975,0.2450,1001.0652,bumps
1501262,0.0508,0.0322,1.0072,0.1400,0.4900,0.3675,1001.0671,bumps
1501322,0.0424,0.0425,0.9798,-0.0875,0.4375,0.2362,1001.0718,bumps
1501382,0.0534,0.0283,0.9918,0.2625,0.2713,0.2188,1001.0791,bumps
1501442,0.0420,0.0280,0.9898,0.0350,0.2450,0.1838,1001.0715,bumps
1501502,0.0453,0.0439,0.9828,0.6125,0.2362,0.2013,1001.0723,bumps
1501562,0.0490,0.0142,0.9890,0.3587,-0.1488,0.3063,1001.0740,bumps
1501622,0.0454,0.0517,0.9943,0.6037,0.1138,0.2275,1001.0776,bumps
1501682,0.0545,0.0373,0.9879,0.1488,-0.2713,0.2800,1001.0713,bumps
1501742,0.0259,0.0425,0.9945,0.4375,0.7350,0.3063,1001.0657,bumps
1501802,0.0403,0.0559,0.9981,0.1488,-0.2100,0.2537,1001.0664,bumps
1501862,0.0415,0.0138,1.0025,0.3237,0.1312,0.1488,1001.0801,bumps
1501922,0.0510,0.0624,1.0014,-0.0175,-0.3150,0.2188,1001.0781,bumps
1501982,0.0291,0.0245,1.0007,-0.1488,-0.2713,0.2975,1001.0688,bumps
1502042,0.0432,0.0678,1.0051,0.4725,0.0613,0.1138,1001.0759,bumps
1502102,0.0464,0.0334,0.9797,0.0962,-0.1488,0.3150,1001.0649,bumps
1502162,0.0335,0.0542,1.0019,-0.0962,0.0262,0.2100,1001.0601,bumps
1502222,0.0342,0.0488,0.9911,0.3413,-0.1488,0.3150,1001.0605,bumps
1502282,0.0274,0.0366,0.9855,-0.4988,-0.4288,0.3150,1001.0632,bumps
1502342,0.0315,0.0222,0.9973,-0.1575,-0.2100,0.2450,1001.0698,bumps
1502402,0.0390,0.0298,1.0060,0.6650,0.4112,0.2537,1001.0662,bumps
1502462,0.0203,0.0349,0.9837,0.0787,0.3063,0.2713,1001.0730,bumps
1502522,0.0315,0.0264,0.9848,0.9362,-0.0088,0.3500,1001.0640,bumps
1502582,-0.0801,0.0789,1.0670,0.3675,-0.6300,0.1312,1001.0701,bumps
1502642,-0.0978,0.0329,1.0838,-0.2975,-4.7425,0.3237,1001.0771,bumps
1502702,-0.0163,0.0573,1.0893,-0.1488,-7.1400,0.3237,1001.0781,bumps
1502762,0.0181,0.0630,0.9855,-0.4900,-7.8750,0.4462,1001.0732,bumps
1502822,0.0537,0.0185,0.9237,-1.1113,-6.3350,0.6212,1001.0559,bumps
1502882,0.0672,0.0271,0.8921,-0.2275,-3.2725,0.1925,1001.0569,bumps
1502942,0.0753,0.0221,0.8770,0.7788,-0.3325,0.1750,1001.0491,bumps
1503002,0.0955,0.0202,0.9123,1.2162,1.6625,0.2625,1001.0603,bumps
1503062,0.1057,0.0218,0.9324,1.3563,3.3775,0.3938,1001.0547,bumps
1503122,0.1093,0.0435,0.9382,1.1638,4.7075,0.4900,1001.0562,bumps
1503182,0.1052,0.0350,0.9350,1.4350,6.0550,0.3413,1001.0649,bumps
1503242,0.1054,0.0731,0.9645,1.1375,7.1838,0.0175,1001.0591,bumps
1503302,0.0020,0.0592,1.0456,0.0700,7.3500,0.0350,1001.0669,bumps
1503362,0.0108,0.0528,1.1330,0.0088,4.1737,0.3413,1001.0876,bumps
1503422,0.0183,0.0493,1.1675,-0.6037,1.2075,0.3500,1001.0911,bumps
1503482,0.0003,0.0276,1.0802,-0.7525,-2.8438,0.2100,1001.0979,bumps
1503542,0.0195,0.0273,0.9946,-0.2975,-3.3863,0.1488,1001.0793,bumps
1503602,0.0419,0.0390,0.9518,-0.3063,-2.7300,0.3325,1001.0693,bumps
1503662,0.0419,0.0319,0.9385,0.4900,-0.9975,0.5163,1001.0598,bumps
1503722,0.0395,0.0412,0.9593,1.2687,-0.2275,0.3237,1001.0537,bumps
1503782,0.0449,0.0398,0.9868,1.5488,0.2013,0.2100,1001.0579,bumps
1503842,0.0419,0.0531,0.9898,0.6037,-0.4550,0.1488,1001.0657,bumps
1503902,0.0314,0.0589,1.0138,0.3063,0.2013,0.4375,1001.0605,bumps
1503962,0.0312,0.0669,1.0293,-0.1663,0.5075,0.4638,1001.0632,bumps
1504022,0.0117,0.0365,0.9941,-0.7175,0.0875,0.2887,1001.0630,bumps
1504082,0.0261,0.0393,1.0275,-0.5950,0.3150,0.1838,1001.0652,bumps
1504142,0.0161,0.0302,1.0006,-0.1138,0.4812,0.2188,1001.0659,bumps
1504202,0.0149,0.0376,0.9830,-0.3150,0.2188,0.2975,1001.0691,bumps
1504262,0.0107,0.0312,0.9977,0.5512,0.5775,0.3587,1001.0630,bumps
1504322,0.0187,0.0378,0.9922,0.7262,-0.2713,0.4025,1001.0669,bumps
1504382,0.0282,0.0381,0.9930,0.3762,-0.2800,0.4025,1001.0784,bumps
1504442,-0.0192,0.0747,1.0497,1.1287,0.5250,0.3500,1001.0618,bumps
1504502,-0.1206,0.0148,1.0804,-0.0875,2.0475,0.2100,1001.0754,bumps
1504562,-0.1315,0.0630,1.0933,-0.4288,6.5100,-0.1925,1001.0784,bumps
1504622,-0.0076,0.0817,1.0319,-1.9863,7.6825,0.6737,1001.0742,bumps
1504682,-0.0786,0.0661,0.9236,-0.9712,7.1312,0.6388,1001.0679,bumps
1504742,-0.0029,0.0332,0.8674,-0.5863,3.8763,0.3150,1001.0623,bumps
1504802,-0.0041,0.0007,0.8611,-0.0525,0.6388,0.0525,1001.0496,bumps
1504862,0.0016,0.0173,0.8373,1.1025,-2.2838,0.3325,1001.0466,bumps
1504922,0.0513,0.0295,0.8808,2.1962,-4.7688,0.4550,1001.0520,bumps
1504982,0.0651,0.0414,0.8935,2.6512,-6.5275,0.7262,1001.0518,bumps
1505042,0.0912,0.0395,0.9226,2.6950,-8.4175,0.4375,1001.0530,bumps
1505102,0.0178,0.0522,0.9922,0.6475,-9.0475,0.0700,1001.0681,bumps
1505162,0.0410,0.1230,1.1129,-0.6650,-7.0175,0.2362,1001.0662,bumps
1505222,0.0661,0.0423,1.2164,-0.7350,-2.1962,0.4638,1001.0896,bumps
1505282,0.0500,0.0285,1.1980,-1.4262,2.4938,0.2275,1001.0784,bumps
1505342,0.0442,0.0320,1.1014,-0.4900,5.6350,-0.2275,1001.0840,bumps
1505402,-0.0532,0.0064,0.9708,0.2887,4.8387,-0.1663,1001.0752,bumps
1505462,-0.0334,0.0232,0.9227,0.8225,2.4237,0.1225,1001.0635,bumps
1505522,-0.0461,0.0452,0.9279,1.1812,0.5775,0.6212,1001.0608,bumps
1505582,-0.0619,0.0393,0.9333,1.4088,-0.5950,0.6388,1001.0676,bumps
1505642,-0.0276,0.0526,0.9808,0.9975,-1.0150,0.3587,1001.0667,bumps
1505702,-0.0544,0.0641,0.9864,0.7788,-0.3150,0.0262,1001.0696,bumps
1505762,-0.0488,0.0341,0.9916,0.0525,-0.7088,0.0962,1001.0662,bumps
1505822,-0.0429,0.0525,1.0175,-0.4112,-0.3150,0.3413,1001.0769,bumps
1505882,-0.0605,0.0404,0.9946,-0.3675,-0.1400,0.3413,1001.0635,bumps
1505942,-0.0498,0.0284,1.0155,0.0088,-0.5425,0.3150,1001.0762,bumps
1506002,-0.0581,0.0463,1.0033,-0.1225,-0.0262,0.1225,1001.0811,bumps
1506062,-0.0563,0.0312,0.9816,0.3850,-0.1488,0.0700,1001.0671,bumps
1506122,-0.0522,0.0569,1.0033,0.6125,0.0000,0.2800,1001.0688,bumps
1506182,-0.0541,0.0437,0.9841,0.0175,-0.1225,0.3762,1001.0579,bumps
1506242,-0.0605,0.0201,0.9745,0.2887,0.0613,0.4200,1001.0662,bumps
1506302,-0.0510,0.0556,0.9881,0.3762,0.0700,0.1312,1001.0620,bumps
1506362,-0.0493,0.0402,0.9887,0.7000,0.1838,0.1050,1001.0647,bumps
1506422,-0.0523,0.0483,0.9794,0.2362,-0.2275,0.3063,1001.0645,bumps
1506482,-0.0514,0.0424,0.9966,0.0875,-0.0262,0.3237,1001.0579,bumps
1506542,-0.0488,0.0564,1.0050,0.3587,0.2450,0.3675,1001.0637,bumps
1506602,-0.0505,0.0439,1.0002,0.2537,0.0175,0.1925,1001.0603,bumps
1506662,-0.0407,0.0382,0.9906,0.1400,0.2013,0.0875,1001.0662,bumps
1506722,-0.0315,0.0537,0.9880,0.0787,0.0787,0.1575,1001.0674,bumps
1506782,-0.0317,0.0479,0.9983,-0.2537,0.1663,0.3063,1001.0642,bumps
1506842,-0.0378,0.0427,0.9931,-0.2625,0.0525,0.3850,1001.0610,bumps
1506902,-0.0317,0.0337,1.0009,-0.0962,0.0962,0.3413,1001.0657,bumps
1506962,-0.0334,0.0495,0.9900,0.3587,0.1138,0.0613,1001.0652,bumps
1507022,-0.0329,0.0420,0.9855,0.5950,0.1488,0.0787,1001.0725,bumps
1507082,-0.0263,0.0432,0.9935,0.3850,0.0525,0.1663,1001.0630,bumps
1507142,-0.0205,0.0471,1.0016,0.2450,-0.1050,0.4025,1001.0593,bumps
1507202,-0.0324,0.0522,0.9829,0.3150,-0.1312,0.2975,1001.0625,bumps
1507262,-0.0295,0.0451,0.9970,0.2188,-0.2625,0.1838,1001.0723,bumps
1507322,-0.0354,0.0568,0.9826,0.5075,0.3587,0.0700,1001.0645,bumps
1507382,-0.0395,0.0326,0.9899,0.4638,-0.0437,0.2013,1001.0662,bumps
1507442,-0.0440,0.0510,0.9884,0.2100,0.1838,0.2188,1001.0681,bumps
1507502,-0.0411,0.0354,0.9953,0.1575,0.0962,0.2713,1001.0649,bumps
1507562,-0.0498,0.0451,1.0044,0.1575,0.2537,0.2625,1001.0767,bumps
1507622,-0.0663,0.0388,0.9897,0.1575,0.1575,0.1925,1001.0708,bumps
1507682,-0.0608,0.0476,0.9948,0.2800,0.3850,0.1312,1001.0652,bumps
1507742,-0.0661,0.0506,0.9902,0.3587,0.1312,0.2887,1001.0669,bumps
1507802,-0.0725,0.0463,0.9916,0.0787,0.0962,0.2362,1001.0691,bumps
1507862,-0.0700,0.0490,0.9977,0.1225,0.0700,0.2887,1001.0647,bumps
1507922,-0.0786,0.0487,0.9948,0.3325,0.1663,0.2537,1001.0613,bumps
1507982,-0.0859,0.0419,0.9909,0.2800,0.1050,0.1925,1001.0698,bumps
1508042,-0.0822,0.0533,0.9867,0.2100,0.0525,0.1663,1001.0691,bumps
1508102,-0.0810,0.0423,0.9967,0.3150,0.0875,0.2887,1001.0732,bumps
1508162,-0.0891,0.0458,0.9953,0.2188,0.0787,0.1838,1001.0713,bumps
1508222,-0.0868,0.0442,0.9916,0.1050,0.1750,0.2188,1001.0664,bumps
1508282,-0.0586,0.0452,0.9880,0.3237,-0.2800,0.2625,1001.0654,bumps
1508342,0.0046,0.0430,0.9797,0.2100,0.0262,0.2362,1001.0645,bumps
1508402,0.0590,0.0508,0.9601,-0.0700,-0.5863,0.2275,1001.0710,bumps
1508462,0.0622,0.0403,0.9966,0.2713,0.3325,0.2713,1001.0732,bumps
1508522,0.0254,0.0422,1.0111,0.1750,-0.0613,0.3500,1001.0691,bumps
1508582,-0.0032,0.0501,1.0280,0.3500,0.2975,0.2975,1001.0754,bumps
1508642,-0.0208,0.0488,1.0066,0.1838,-0.2188,0.2275,1001.0713,bumps
1508702,0.0037,0.0459,0.9955,0.0700,0.1488,0.3063,1001.0623,bumps
1508762,0.0256,0.0420,0.9731,0.2713,0.2975,0.3237,1001.0681,bumps
1508822,0.0383,0.0461,0.9791,0.2013,0.0875,0.2713,1001.0667,bumps
1508882,0.0110,0.0456,0.9903,0.3413,0.3850,0.2713,1001.0693,bumps
1508942,-0.0059,0.0562,0.9942,0.1488,0.0700,0.2275,1001.0662,bumps
1509002,-0.0142,0.0483,0.9792,0.4462,0.0787,0.2625,1001.0686,bumps
1509062,0.0046,0.0324,0.9660,-0.1400,0.4812,0.2975,1001.0742,bumps
1509122,0.0390,0.0506,1.0702,0.2275,1.9950,0.0962,1001.0640,bumps
1509182,0.0059,0.0444,0.9803,0.0088,0.4638,0.2362,1001.0710,bumps
1509242,0.0073,0.0480,1.0022,0.1488,0.1575,0.1750,1001.0823,bumps
1509302,0.0063,0.0503,0.9990,0.2625,0.1575,0.1925,1001.0759,bumps
1509362,0.0073,0.0415,0.9943,0.1138,0.0088,0.2713,1001.0706,bumps
1509422,0.0254,0.0520,1.0066,0.0350,0.1312,0.1925,1001.0786,bumps
1509482,0.0188,0.0442,0.9870,0.1400,-0.0088,0.2188,1001.0806,bumps
1509542,0.0151,0.0434,0.9994,0.2800,0.0262,0.2275,1001.0679,bumps
1509602,0.0075,0.0453,0.9955,0.1138,0.1050,0.2450,1001.0730,bumps
1509662,0.0084,0.0449,0.9905,0.2362,0.1575,0.1488,1001.0686,bumps
1509722,0.0101,0.0466,0.9970,0.2013,0.2100,0.2100,1001.0662,bumps
1509782,0.0149,0.0415,0.9980,0.3150,0.6212,0.2013,1001.0750,bumps
1509842,0.0100,0.0553,0.9819,0.8575,0.9187,0.0962,1001.0686,bumps
1509902,0.0151,0.0453,1.0006,0.1750,0.2450,0.1575,1001.0659,bumps
1509962,0.0098,0.0466,0.9952,0.1312,0.0613,0.1925,1001.0664,bumps
1510022,0.0093,0.0441,0.9808,0.1663,-0.2013,0.2013,1001.0686,bumps
1510082,0.0148,0.0569,0.9867,0.2625,-0.1838,0.1925,1001.0742,bumps
1510142,0.0251,0.0300,0.9997,-0.3237,-0.2887,0.2887,1001.0610,bumps
1510202,0.0117,0.0600,0.9969,0.4375,0.3938,0.2975,1001.0674,bumps
1510262,-0.0047,0.0462,0.9956,0.2013,0.4288,0.2013,1001.0718,bumps
1510322,0.0038,0.0442,1.0031,0.5163,0.1312,0.3413,1001.0652,bumps
1510382,-0.0341,0.0509,0.9999,0.2537,0.5600,0.2013,1001.0779,bumps
1510442,-0.0532,0.0309,0.9921,-0.2450,0.5600,0.0962,1001.0691,bumps
1510502,-0.1045,0.0578,0.9977,0.0613,0.9275,0.2887,1001.0718,bumps
1510562,-0.0944,0.0481,0.9984,-0.0262,0.9712,0.3675,1001.0708,bumps
1510622,-0.0976,0.0281,1.0038,0.1575,0.8138,0.2362,1001.0759,bumps
1510682,-0.1091,0.0498,0.9969,0.0787,0.5337,0.2713,1001.0696,bumps
1510742,-0.0999,0.0359,0.9933,0.2887,0.1225,0.2275,1001.0684,bumps
1510802,-0.1071,0.0451,0.9902,0.3237,-0.0262,0.3063,1001.0789,bumps
1510862,-0.1030,0.0407,0.9919,0.0700,0.0262,0.2450,1001.0688,bumps
1510922,-0.0969,0.0476,0.9923,0.3413,-0.0088,0.2975,1001.0642,bumps
1510982,-0.1056,0.0524,0.9916,0.3762,0.0262,0.2362,1001.0723,bumps
1511042,-0.0957,0.0415,0.9970,0.1488,0.0437,0.2275,1001.0762,bumps
1511102,-0.0993,0.0536,0.9898,0.1138,0.1050,0.2537,1001.0681,bumps
1511162,-0.0997,0.0383,0.9879,-0.0700,0.0088,0.4025,1001.0637,bumps
1511222,-0.0949,0.0325,0.9922,-0.1225,-0.2275,0.2625,1001.0659,bumps
1511282,-0.0996,0.0610,0.9951,0.0175,0.0875,0.2100,1001.0701,bumps
1511342,-0.0866,0.0412,0.9904,0.3150,-0.0525,0.2713,1001.0710,bumps
1511402,-0.0866,0.0510,0.9797,0.0962,-0.3150,0.1400,1001.0730,bumps
1511462,-0.0651,0.0443,1.0050,-0.1838,-0.0350,0.4812,1001.0750,bumps
1511522,-0.0651,0.0488,0.9961,0.5425,-0.4462,0.3237,1001.0728,bumps
1511582,-0.0329,0.0445,0.9933,0.0962,-0.4200,0.1312,1001.0745,bumps
1511642,-0.0264,0.0265,0.9916,0.1925,-0.5512,0.1488,1001.0593,bumps
1511702,-0.0274,0.0386,1.0009,0.5512,-0.4375,0.2100,1001.0684,bumps
1511762,-0.0359,0.0556,0.9963,0.4375,-0.8225,0.4112,1001.0618,bumps
1511822,-0.0245,0.0450,0.9863,0.2887,-0.1312,0.4375,1001.0681,bumps
1511882,-0.0317,0.0525,0.9928,0.1838,0.6475,0.3063,1001.0596,bumps
1511942,-0.0334,0.0417,0.9920,0.0525,0.6825,0.1312,1001.0554,bumps
1512002,-0.0184,0.0398,0.9890,0.0175,-0.1488,0.1400,1001.0566,bumps
1512062,-0.0164,0.0368,1.0050,-0.0875,0.3150,0.2100,1001.0598,bumps
1512122,-0.0235,0.0389,1.0109,0.2887,0.5863,0.3325,1001.0706,bumps
1512182,-0.0127,0.0517,1.0026,0.3237,0.1838,0.4112,1001.0630,bumps
1512242,-0.0305,0.0339,0.9772,0.5337,0.5075,0.1575,1001.0706,bumps
1512302,-0.0127,0.0347,0.9935,0.4375,0.3762,0.0875,1001.0569,bumps
1512362,-0.0290,0.0520,0.9848,0.7788,0.3587,0.2887,1001.0610,bumps
1512422,-0.0098,0.0334,1.0121,0.2100,0.4112,0.5512,1001.0583,bumps
1512482,-0.0198,0.0547,1.0055,0.1050,0.3850,0.4988,1001.0598,bumps
1512542,-0.0081,0.0605,1.0029,0.0350,0.0000,0.2362,1001.0627,bumps
1512602,-0.0010,0.0466,1.0058,-0.0088,0.4550,0.1925,1001.0593,bumps
1512662,-0.0232,0.0376,0.9927,0.0962,0.6562,0.2800,1001.0583,bumps
1512722,-0.0195,0.0395,0.9875,-0.0525,0.4462,0.3850,1001.0635,bumps
1512782,-0.0159,0.0301,0.9814,-0.1050,-0.0350,0.3237,1001.0625,bumps
1512842,0.0057,0.0439,1.0167,0.2975,0.3063,0.2188,1001.0554,bumps
1512902,-0.0158,0.0459,0.9892,0.4375,0.5863,0.2275,1001.0610,bumps
1512962,-0.0076,0.0443,0.9889,0.2362,-0.0613,0.3500,1001.0537,bumps
1513022,0.0012,0.0551,0.9980,-0.4550,0.0088,0.3325,1001.0588,bumps
1513082,-0.0124,0.0415,0.9741,-0.4462,-0.3063,0.2188,1001.0642,bumps
1513142,0.0073,0.0539,1.0056,0.2450,0.2362,0.1312,1001.0615,bumps
1513202,-0.0093,0.0273,0.9921,-0.4988,0.4462,0.2625,1001.0625,bumps
1513262,0.0712,0.0446,1.0704,1.2337,0.9450,0.2188,1001.0583,bumps
1513322,0.1276,0.0195,1.0921,1.0938,2.5550,0.3150,1001.0664,bumps
1513382,0.1157,0.0405,1.0936,-0.1400,4.9788,0.6212,1001.0762,bumps
1513442,0.0378,0.0730,1.0178,-1.6975,6.8513,0.7262,1001.0659,bumps
1513502,0.0024,0.0456,0.9276,-1.2425,6.6150,0.2713,1001.0598,bumps
1513562,-0.0459,0.0449,0.8893,-0.5950,4.4538,-0.1138,1001.0530,bumps
1513622,-0.0773,0.0282,0.8530,-1.4525,1.5488,-0.3938,1001.0449,bumps
1513682,-0.0747,0.0073,0.8689,-0.7875,-1.1900,0.1225,1001.0469,bumps
1513742,-0.1100,0.0166,0.8738,0.6737,-3.6400,0.5337,1001.0530,bumps
1513802,-0.1116,0.0160,0.9064,1.4525,-5.6962,0.4900,1001.0466,bumps
1513862,-0.1334,0.0341,0.9124,2.3363,-7.1663,0.2188,1001.0566,bumps
1513922,-0.0229,0.0746,0.9904,2.8612,-9.0212,0.3413,1001.0645,bumps
1513982,-0.0165,0.0314,1.0618,1.0500,-8.1462,0.4200,1001.0615,bumps
1514042,0.0422,0.0838,1.1833,-0.3675,-4.3750,0.5688,1001.0803,bumps
1514102,0.0340,0.0673,1.2094,-0.9712,1.0150,0.3500,1001.0842,bumps
1514162,-0.0034,0.0429,1.0757,-0.5775,4.6813,0.0787,1001.0789,bumps
1514222,0.0090,0.0243,0.9836,-0.9275,4.3837,-0.1138,1001.0706,bumps
1514282,-0.0410,0.0383,0.9181,0.0175,2.6950,0.0525,1001.0542,bumps
1514342,-0.0088,0.0301,0.9216,0.6562,1.1725,0.3587,1001.0562,bumps
1514402,-0.0254,0.0056,0.9228,1.4175,-0.3237,0.5863,1001.0601,bumps
1514462,-0.0127,0.0504,0.9665,1.3563,-0.6913,0.2800,1001.0476,bumps
1514522,0.0026,0.0471,0.9858,1.2250,-0.5250,0.1312,1001.0557,bumps
1514582,-0.0019,0.0578,0.9850,0.8575,-0.6737,0.2713,1001.0515,bumps
1514642,-0.0078,0.0541,0.9914,-0.6037,-0.2713,0.4025,1001.0686,bumps
1514702,0.0104,0.0600,1.0275,-0.6300,0.2975,0.3413,1001.0491,bumps
1514762,0.0083,0.0210,1.0214,-1.0850,0.6388,0.1400,1001.0625,bumps
1514822,0.0076,0.0488,1.0006,-0.3938,0.5950,0.0700,1001.0581,bumps
1514882,0.0144,0.0215,0.9862,0.1925,0.5337,0.1750,1001.0542,bumps
1514942,-0.0092,0.0378,0.9712,0.2275,0.2100,0.5600,1001.0566,bumps
1515002,0.0756,0.0344,1.0314,0.0787,-0.6737,0.6212,1001.0532,bumps
1515062,0.0949,0.0878,1.1483,1.0325,-3.1762,0.3237,1001.0706,bumps
1515122,0.0803,0.0243,1.1270,0.1225,-6.8688,0.4812,1001.0750,bumps
1515182,0.0462,0.0778,0.9968,-1.0588,-8.0150,0.7000,1001.0630,bumps
1515242,0.0303,0.0427,0.9101,-0.9975,-6.1163,0.5950,1001.0540,bumps
1515302,0.0544,0.0339,0.8638,-0.8400,-2.4938,0.0175,1001.0388,bumps
1515362,0.0407,0.0231,0.8494,-1.5050,0.5775,-0.0787,1001.0339,bumps
1515422,0.0120,0.0052,0.8648,0.1225,4.6200,0.2713,1001.0344,bumps
1515482,-0.0232,0.0068,0.8662,0.5688,7.2800,0.2188,1001.0417,bumps
1515542,-0.0253,0.0127,0.8868,1.5925,9.9050,0.2188,1001.0417,bumps
1515602,0.1291,0.0317,1.0865,1.1375,10.6313,0.2800,1001.0464,bumps
1515662,0.0217,0.0122,1.1005,-0.1225,6.8425,0.4462,1001.0815,bumps
1515722,-0.0393,0.0681,1.2446,0.8225,3.0975,0.5425,1001.0813,bumps
1515782,-0.0293,0.0630,1.2056,-0.0088,-2.2137,0.2887,1001.0955,bumps
1515842,-0.0431,0.0262,1.0646,-0.9625,-4.9175,0.0000,1001.0857,bumps
1515902,-0.0176,0.0583,0.9518,-1.0325,-4.7425,-0.0787,1001.0793,bumps
1515962,0.0098,0.0182,0.9306,-0.5863,-2.5638,0.1925,1001.0703,bumps
1516022,-0.0005,0.0083,0.9103,0.6125,-0.2100,0.2537,1001.0596,bumps
1516082,0.0095,0.0271,0.9572,0.4462,1.0675,0.3587,1001.0518,bumps
1516142,-0.0063,0.0198,0.9580,1.1725,1.9688,0.1312,1001.0566,bumps
1516202,0.0199,0.0503,1.0077,0.9275,0.4812,0.2362,1001.0581,bumps
1516262,0.0115,0.0400,1.0053,0.0350,0.3762,0.4812,1001.0645,bumps
1516322,0.0020,0.0625,0.9823,-0.3587,-0.4200,0.4112,1001.0562,bumps
1516382,0.0302,0.0408,1.0180,-0.4550,-0.2625,0.2362,1001.0544,bumps
1516442,0.0288,0.0290,0.9903,0.1750,-0.3150,0.0088,1001.0615,bumps
1516502,0.0517,0.0522,0.9938,-0.0525,-0.8575,-0.2013,1001.0654,bumps
1516562,0.0498,0.0357,0.9980,-0.8313,-0.8138,0.0175,1001.0676,bumps
1516622,0.0480,0.0625,0.9765,0.1225,0.1488,0.2887,1001.0500,bumps
1516682,0.0425,0.0193,0.9733,0.1750,0.5250,0.3850,1001.0559,bumps
1516742,0.0412,0.0357,0.9936,0.4375,0.6913,0.2100,1001.0652,bumps
1516802,0.0459,0.0512,0.9938,0.0613,0.5863,-0.0175,1001.0566,bumps
1516862,0.0312,0.0281,0.9818,0.6825,0.1400,0.0350,1001.0569,bumps
1516922,0.0518,0.0346,0.9877,0.5163,-0.0613,0.2713,1001.0593,bumps
1516982,0.0664,0.0073,0.9967,-0.1663,-0.1312,0.3500,1001.0630,bumps
1517042,0.0527,0.0131,0.9887,-0.0088,0.3237,0.3413,1001.0671,bumps
1517102,0.0622,0.0288,1.0184,0.7525,0.1663,0.2100,1001.0593,bumps
1517162,0.0625,0.0453,0.9930,0.6125,-0.1663,0.2362,1001.0618,bumps
1517222,0.0813,0.0432,0.9938,0.6475,-0.2188,0.1050,1001.0732,bumps
1517282,0.0773,0.0209,0.9767,0.7613,-0.2713,0.1925,1001.0635,bumps
1517342,0.0883,0.0417,0.9804,0.7962,-0.0962,0.2887,1001.0623,bumps
1517402,0.1085,0.0307,1.0019,0.6300,0.0262,0.3237,1001.0637,bumps
1517462,0.1050,0.0383,0.9985,0.4462,0.0962,0.2013,1001.0552,bumps
1517522,0.0944,0.0385,0.9592,0.6913,0.2450,-0.0262,1001.0586,bumps
1517582,0.1080,0.0415,1.0106,1.1113,-0.0787,0.3587,1001.0698,bumps
1517642,0.1166,0.0539,0.9897,-0.2362,-0.2713,0.5775,1001.0679,bumps
1517702,0.1274,0.0432,1.0019,-0.1575,-0.3063,0.5075,1001.0608,bumps
1517762,0.1227,0.0603,0.9906,-0.2100,-0.0962,0.0088,1001.0671,bumps
1517822,0.1271,0.0389,0.9992,-0.5950,-0.2625,-0.2275,1001.0649,bumps
1517882,0.1271,0.0376,0.9970,-0.6475,0.3413,0.0350,1001.0723,bumps
1517942,0.1188,0.0261,1.0077,-0.5950,0.5600,0.3850,1001.0713,bumps
1518002,0.1091,0.0249,0.9866,-0.1400,0.5775,0.3237,1001.0706,bumps
1518062,0.1081,0.0357,0.9867,0.4462,0.2013,0.1750,1001.0752,bumps
1518122,0.0981,0.0442,1.0004,0.4288,0.2450,0.1050,1001.0732,bumps
1518182,0.0853,0.0346,0.9905,0.2100,0.1925,0.0875,1001.0732,bumps
1518242,0.1000,0.0386,1.0172,0.7000,-0.0350,0.3063,1001.0750,bumps
1518302,0.0856,0.0397,1.0078,0.1312,0.4462,0.2800,1001.0796,bumps
1518362,0.0829,0.0329,0.9928,-0.0262,0.2975,0.3150,1001.0657,bumps
1518422,0.0862,0.0342,0.9953,0.0787,0.0962,0.0787,1001.0684,bumps
1518482,0.0795,0.0363,0.9921,0.1138,0.2362,0.1312,1001.0627,bumps
1518542,0.0722,0.0356,0.9897,0.0613,0.0525,0.1488,1001.0618,bumps
1518602,0.0725,0.0400,0.9902,0.2362,0.0437,0.2450,1001.0728,bumps
1518662,0.0700,0.0367,0.9906,0.3237,0.1225,0.2713,1001.0710,bumps
1518722,0.0715,0.0381,0.9948,0.1750,0.1138,0.2100,1001.0618,bumps
1518782,0.0664,0.0378,0.9941,0.1488,0.1225,0.1750,1001.0750,bumps
1518842,0.0623,0.0444,0.9935,0.3325,0.1225,0.3150,1001.0635,bumps
1518902,0.0322,0.0383,1.0043,0.3762,0.4988,0.2887,1001.0723,bumps
1518962,-0.0090,0.0363,1.0112,0.2188,0.4025,0.2537,1001.0703,bumps
1519022,-0.0227,0.0380,1.0003,0.2362,0.3237,0.1925,1001.0762,bumps
1519082,-0.0144,0.0312,0.9853,0.2013,0.4200,0.2100,1001.0762,bumps
1519142,0.0082,0.0397,0.9829,0.1750,0.3587,0.2013,1001.0745,bumps
1519202,0.0290,0.0436,0.9865,-0.2713,0.2188,0.1838,1001.0735,bumps
1519262,-0.0034,0.0390,0.9640,0.5512,0.1488,0.1488,1001.0740,bumps
1519322,-0.0005,0.0126,0.9836,0.1225,0.3325,0.3413,1001.0715,bumps
1519382,-0.0005,0.0412,1.0081,0.1750,0.3237,0.2625,1001.0698,bumps
1519442,0.0060,0.0359,0.9892,0.1575,0.0962,0.2362,1001.0742,bumps
1519502,0.0071,0.0339,0.9856,0.1838,-0.0088,0.2100,1001.0681,bumps
1519562,0.0027,0.0293,0.9892,0.1225,-0.1050,0.3150,1001.0710,bumps
1519622,-0.0417,0.0425,0.9845,0.4200,0.2975,0.2362,1001.0706,bumps
1519682,-0.0673,0.0269,1.0133,0.0962,0.7350,0.2362,1001.0754,bumps
1519742,-0.1164,0.0498,1.0111,0.3413,1.6450,0.1488,1001.0745,bumps
1519802,-0.1435,0.0439,1.0097,0.4112,1.8550,0.0088,1001.0715,bumps
1519862,-0.1459,0.0439,1.0033,0.1838,1.2250,-0.0088,1001.0737,bumps
1519922,-0.1446,0.0310,1.0014,-0.0787,0.4200,-0.2013,1001.0715,bumps
1519982,-0.1418,0.0393,0.9989,0.2100,0.2450,-0.5337,1001.0747,bumps
1520042,-0.1381,0.0373,1.0038,0.1050,-0.0613,-0.6913,1001.0723,bumps
1520102,-0.1352,0.0613,0.9887,0.8138,-0.1663,-1.3300,1001.0676,bumps
1520162,-0.1462,0.0525,0.9794,0.5512,-0.1225,-1.6800,1001.0662,bumps
1520222,-0.1227,0.0628,0.9909,0.4112,-0.0700,-2.1175,1001.0642,bumps
1520282,-0.1220,0.0768,0.9921,0.5688,0.3675,-2.6163,1001.0732,bumps
1520342,-0.1217,0.0586,0.9955,0.4725,0.0613,-2.9488,1001.0771,bumps
1520402,-0.1118,0.0473,0.9961,0.2275,-0.3413,-3.5612,1001.0767,bumps
1520462,-0.1180,0.0664,0.9870,0.5425,-0.2100,-4.3750,1001.0776,bumps
1520522,-0.0944,0.0768,1.0027,0.1400,0.0175,-4.7688,1001.0769,bumps
1520582,-0.1002,0.0666,0.9713,-0.1138,-0.6125,-5.1712,1001.0737,bumps
1520642,-0.1136,0.0520,0.9799,-0.4025,0.0175,-4.9612,1001.0654,bumps
1520702,-0.0808,0.0664,0.9930,-0.7613,-0.7175,-4.9437,1001.0752,bumps
1520762,-0.0814,0.0468,1.0009,-0.4112,0.2188,-5.0400,1001.0723,bumps
1520822,-0.0802,0.0110,0.9875,0.0700,-0.3150,-5.0575,1001.0747,bumps
1520882,-0.0705,0.0285,1.0040,0.0525,0.0875,-4.8825,1001.0779,bumps
1520942,-0.0556,0.0064,1.0084,-0.0962,-0.5163,-4.2613,1001.0610,bumps
1521002,-0.0603,0.0293,1.0092,-0.0175,0.5688,-3.7625,1001.0649,bumps
1521062,-0.0490,0.0200,0.9887,0.2013,0.4112,-3.5612,1001.0681,bumps
1521122,-0.0630,0.0437,0.9726,-0.0875,-0.1050,-3.3863,1001.0691,bumps
1521182,-0.0130,0.0237,1.0034,-0.1050,-0.4725,-2.8350,1001.0540,bumps
1521242,-0.0024,-0.0009,0.9933,-0.7000,-0.0175,-1.6450,1001.0657,bumps
1521302,-0.0267,0.0213,0.9778,-0.4200,-0.0175,-1.0325,1001.0623,bumps
1521362,-0.0071,-0.0454,0.9973,-0.5075,0.1575,-0.2625,1001.0737,bumps
1521422,-0.0037,0.0120,0.9859,0.3938,0.2450,0.5425,1001.0586,bumps
1521482,0.0070,-0.0463,1.0204,0.0350,0.0262,1.8900,1001.0610,bumps
1521542,-0.0284,-0.0388,0.9790,0.2188,0.0613,2.9838,1001.0632,bumps
1521602,-0.0166,-0.0078,1.0016,1.0237,0.6388,3.5000,1001.0723,bumps
1521662,0.0020,-0.0097,1.0092,-0.2713,0.0613,4.2962,1001.0647,bumps
1521722,0.0063,0.0210,0.9780,0.7175,-0.5337,4.7250,1001.0605,bumps
1521782,0.0282,0.0193,1.0102,-0.2188,0.0350,5.8012,1001.0579,bumps
1521842,-0.0098,-0.0243,0.9809,-0.3938,0.2362,6.2038,1001.0632,bumps
1521902,-0.0229,-0.0034,0.9660,0.3063,0.3762,6.3175,1001.0591,bumps
1521962,0.0121,-0.0305,0.9950,-1.1113,-0.2275,6.7463,1001.0618,bumps
1522022,-0.0005,0.0112,0.9731,-0.3675,-0.0613,6.8162,1001.0645,bumps
1522082,0.0063,0.0029,1.0158,0.4462,0.4200,7.2013,1001.0649,bumps
1522142,0.0024,-0.0100,1.0080,0.5075,0.2100,7.4900,1001.0659,bumps
1522202,0.0043,-0.0158,1.0116,-0.1400,0.0787,7.4812,1001.0640,bumps
1522262,0.0092,0.0412,1.0266,0.3500,0.2188,7.4900,1001.0627,bumps
1522322,0.0032,0.0196,1.0092,0.4200,0.3762,7.7962,1001.0601,bumps
1522382,-0.0086,0.0181,0.9831,0.1575,0.6212,7.9625,1001.0630,bumps
1522442,0.0081,-0.0024,0.9889,-0.1925,0.0613,8.1550,1001.0693,bumps
1522502,-0.0081,-0.0312,0.9804,0.0700,-0.1050,8.1725,1001.0701,bumps
1522562,0.0176,0.0045,1.0006,-0.1488,-0.5775,8.0850,1001.0676,bumps
1522622,-0.0081,0.0034,0.9862,0.2537,-0.1838,8.0763,1001.0598,bumps
1522682,0.0105,0.0393,1.0284,0.3587,0.3237,8.0850,1001.0686,bumps
1522742,-0.0023,0.0237,0.9897,0.4550,-0.3325,8.0588,1001.0532,bumps
1522802,0.0077,0.0081,1.0206,0.3938,0.6737,7.8750,1001.0686,bumps
1522862,-0.0013,0.0378,0.9894,-0.5600,-0.1838,7.9363,1001.0725,bumps
1522922,0.0071,0.0322,0.9867,0.6037,0.0262,7.9450,1001.0586,bumps
1522982,0.0198,0.0268,0.9792,-0.2713,0.1838,8.0238,1001.0596,bumps
1523042,0.0348,0.0015,0.9777,-0.7788,-0.5337,7.9887,1001.0625,bumps
1523102,0.0444,0.0137,0.9874,0.7875,-0.4112,7.8400,1001.0537,bumps
1523162,0.0559,-0.0107,0.9999,1.0762,-0.9538,7.4375,1001.0662,bumps
1523222,0.0608,0.0473,0.9772,1.0850,0.0962,7.2362,1001.0686,bumps
1523282,0.0534,0.0219,0.9938,-0.1488,0.5337,7.6388,1001.0579,bumps
1523342,0.0566,0.0341,0.9875,0.6913,0.1488,7.6038,1001.0576,bumps
1523402,0.0815,0.0334,1.0297,-0.1488,0.4025,7.3850,1001.0562,bumps
1523462,0.0564,0.0361,1.0001,0.0437,-0.1225,6.8513,1001.0608,bumps
1523522,0.0756,0.0388,1.0163,-0.3150,-0.2975,6.7288,1001.0803,bumps
1523582,0.0730,0.0201,0.9862,-0.1838,-0.1750,6.7112,1001.0652,bumps
1523642,0.0898,0.0271,1.0190,-0.0525,-0.0613,6.7550,1001.0586,bumps
1523702,0.0612,0.0110,0.9740,0.3150,-0.3850,6.4837,1001.0674,bumps
1523762,0.0842,0.0340,1.0297,0.5425,-0.0875,6.5275,1001.0581,bumps
1523822,0.0514,0.0505,0.9545,0.6475,0.5250,5.9938,1001.0586,bumps
1523882,0.0792,0.0404,0.9870,0.3150,-0.5600,5.6962,1001.0647,bumps
1523942,0.0737,0.0484,0.9979,0.4900,-0.0875,5.3550,1001.0637,bumps
1524002,0.0745,0.0554,1.0039,0.0787,-0.1225,5.0575,1001.0591,bumps
1524062,0.0627,0.0646,0.9697,0.5688,0.2625,4.3837,1001.0659,bumps
1524122,0.0893,0.0744,0.9858,0.6125,-0.0437,3.8937,1001.0676,bumps
1524182,0.0968,0.0444,1.0203,0.4900,0.4900,3.4213,1001.0645,bumps
1524242,0.0962,0.0619,1.0050,0.0525,0.1925,3.0887,1001.0581,bumps
1524302,0.0559,0.0456,0.9844,-0.1925,0.1663,2.6862,1001.0645,bumps
1524362,0.0679,0.0800,0.9977,-0.0350,0.2537,2.1175,1001.0627,bumps
1524422,0.0767,0.0759,1.0065,0.6037,0.5863,1.7850,1001.0640,bumps
1524482,0.0561,0.0468,0.9950,0.1575,0.1925,1.1812,1001.0630,bumps
1524542,0.0556,0.0451,0.9814,0.5600,0.3850,0.7000,1001.0625,bumps
1524602,0.0698,0.0361,0.9975,0.0875,-0.2450,0.6212,1001.0720,bumps
1524662,0.0669,0.0298,1.0045,0.2713,0.0525,0.6562,1001.0647,bumps
1524722,0.0674,0.0359,1.0041,-0.6825,-0.1838,0.7000,1001.0706,bumps
1524782,0.0415,0.0405,0.9883,0.3675,0.2100,0.4375,1001.0679,bumps
1524842,0.0371,0.0271,0.9907,-0.0875,0.1575,0.4462,1001.0645,bumps
1524902,0.0276,0.0321,0.9844,0.3063,0.2275,0.5600,1001.0728,bumps
1524962,0.0288,0.0251,0.9934,0.6475,0.0613,0.6913,1001.0681,bumps
1525022,0.0268,0.0374,0.9901,0.4375,0.0000,0.6650,1001.0759,bumps
1525082,0.0231,0.0401,0.9939,0.8662,0.2800,0.5163,1001.0669,bumps
1525142,0.0221,0.0498,0.9948,0.6212,0.1750,0.4725,1001.0747,bumps
1525202,0.0325,0.0447,1.0004,0.0525,0.0875,0.5425,1001.0735,bumps
1525262,0.0390,0.0414,0.9953,-0.0613,-0.0613,0.6737,1001.0706,bumps
1525322,0.0542,0.0357,0.9967,-0.1488,-0.0525,0.6300,1001.0676,bumps
1525382,0.0546,0.0351,0.9923,-0.1400,-0.1750,0.3587,1001.0806,bumps
1525442,0.0546,0.0315,0.9845,0.0613,-0.1838,0.3675,1001.0740,bumps
1525502,0.0578,0.0451,0.9952,0.1050,-0.0262,0.4900,1001.0679,bumps
1525562,0.0512,0.0400,0.9912,0.1400,0.0787,0.5775,1001.0740,bumps
1525622,0.0590,0.0346,0.9989,0.3413,0.2362,0.3938,1001.0693,bumps
1525682,0.0517,0.0339,0.9877,0.1925,0.1225,0.3325,1001.0698,bumps
1525742,0.0486,0.0395,0.9858,0.1575,0.2450,0.3587,1001.0759,bumps
1525802,0.0451,0.0419,0.9938,0.0613,0.0437,0.5775,1001.0786,bumps
1525862,0.0495,0.0381,0.9948,-0.0787,0.0787,0.6212,1001.0652,bumps
1525922,0.0586,0.0309,0.9909,-0.0700,0.0962,0.3762,1001.0784,bumps
1525982,0.0539,0.0403,0.9977,0.2275,0.0350,0.2100,1001.0781,bumps
1526042,0.0592,0.0356,0.9942,0.1925,-0.1312,0.2362,1001.0706,bumps
1526102,0.0600,0.0386,0.9943,0.2887,-0.0962,0.4812,1001.0710,bumps
1526162,0.0644,0.0332,0.9874,0.2013,-0.1400,0.4725,1001.0715,bumps
1526222,0.0745,0.0484,0.9889,0.6475,0.4200,0.5425,1001.0742,bumps
1526282,0.0669,0.0381,1.0050,0.3500,-0.5512,0.2450,1001.0588,bumps
1526342,0.0636,0.0479,0.9899,0.2013,-0.2013,0.1050,1001.0720,bumps
1526402,0.0759,0.0459,0.9982,0.1575,-0.0613,0.2362,1001.0747,bumps
1526462,0.0781,0.0443,1.0028,0.2625,0.0437,0.3762,1001.0652,bumps
1526522,0.0757,0.0410,1.0042,0.0700,-0.2450,0.3500,1001.0796,bumps
1526582,0.0778,0.0324,0.9948,0.3325,0.0175,0.1225,1001.0618,bumps
1526642,0.0409,0.0417,0.9995,0.2450,0.2275,0.0700,1001.0750,bumps
1526702,-0.0029,0.0305,1.0119,0.0700,0.0962,0.2275,1001.0781,bumps
1526762,-0.0271,0.0321,1.0017,0.0350,0.1925,0.3063,1001.0728,bumps
1526822,-0.0178,0.0323,0.9813,0.3150,0.1050,0.2275,1001.0647,bumps
1526882,0.0107,0.0373,0.9755,0.1138,0.0525,0.1575,1001.0603,bumps
1526942,0.0258,0.0320,0.9762,0.2013,0.1312,0.1488,1001.0659,bumps
1527002,0.0569,0.0186,0.9597,0.2275,-0.1312,0.2887,1001.0659,bumps
1527062,0.0173,0.0627,1.0079,0.4112,-0.0088,0.2450,1001.0764,bumps
1527122,-0.0077,0.0339,0.9780,-0.2713,-0.1488,0.3150,1001.0703,bumps
1527182,0.0154,0.0259,0.9646,0.0262,-0.8575,0.1838,1001.0686,bumps
1527242,0.0139,0.0449,0.9728,0.2362,0.2188,0.1575,1001.0701,bumps
1527302,0.0173,0.0376,0.9938,0.1663,-0.1312,0.2450,1001.0767,bumps
1527362,0.0144,0.0400,0.9874,0.2450,0.1925,0.1925,1001.0659,bumps
1527422,0.0088,0.0362,0.9986,0.2188,0.1312,0.2188,1001.0693,bumps
1527482,0.0046,0.0410,1.0055,0.2100,0.1138,0.1838,1001.0645,bumps
1527542,0.0054,0.0380,0.9856,0.1050,0.0962,0.2537,1001.0713,bumps
1527602,0.0077,0.0417,0.9881,0.3938,0.0787,0.2188,1001.0815,bumps
1527662,0.0149,0.0340,0.9913,0.0525,0.0000,0.2275,1001.0688,bumps
1527722,0.0134,0.0400,0.9977,0.2013,0.2275,0.2450,1001.0803,bumps
1527782,0.0053,0.0364,1.0004,0.1750,0.1838,0.2625,1001.0649,bumps
1527842,0.0110,0.0400,0.9983,0.1400,0.1750,0.2537,1001.0737,bumps
1527902,0.0074,0.0413,0.9925,0.0525,-0.0875,0.2800,1001.0720,bumps
1527962,0.0083,0.0373,0.9884,0.3063,0.0875,0.2013,1001.0620,bumps
1528022,0.0101,0.0358,0.9950,0.2100,0.1575,0.2362,1001.0710,bumps
1528082,0.0112,0.0288,0.9936,0.1488,0.0613,0.3237,1001.0679,bumps
1528142,0.0112,0.0239,1.0209,0.3675,0.2800,0.3150,1001.0688,bumps
1528202,0.0109,0.0403,0.9894,0.1488,-0.0525,0.2275,1001.0657,bumps
1528262,0.0086,0.0361,0.9909,0.1750,0.0525,0.2188,1001.0706,bumps
1528322,0.0090,0.0371,0.9936,0.1225,0.0175,0.1925,1001.0723,bumps
1528382,0.0110,0.0348,0.9945,0.2100,-0.0088,0.2713,1001.0745,bumps
1528442,0.0090,0.0368,0.9945,0.1312,0.0700,0.2713,1001.0869,bumps
1528502,0.0105,0.0343,0.9963,0.2450,0.1488,0.1663,1001.0662,bumps
1528562,0.0095,0.0373,0.9945,0.2713,0.0175,0.2362,1001.0715,bumps
1528622,0.0101,0.0387,0.9982,0.2800,0.1312,0.2013,1001.0786,bumps
1528682,0.0085,0.0381,0.9935,0.2537,0.0875,0.2275,1001.0840,bumps
1528742,0.0090,0.0374,0.9950,0.1225,0.1575,0.1838,1001.0781,bumps
1528802,0.0090,0.0407,0.9965,0.3150,0.1225,0.1750,1001.0750,bumps
1528862,0.0105,0.0403,0.9980,0.1663,0.0962,0.2362,1001.0757,bumps
1528922,0.0108,0.0407,0.9938,0.1925,0.1225,0.1925,1001.0732,bumps
1528982,0.0112,0.0395,0.9963,0.2975,0.0875,0.2275,1001.0828,bumps
1529042,0.0095,0.0383,0.9911,0.1838,0.1050,0.2537,1001.0688,bumps
1529102,0.0090,0.0390,0.9926,0.1838,0.0613,0.2537,1001.0657,bumps
1529162,0.0073,0.0382,0.9897,0.2188,0.0787,0.1400,1001.0786,bumps
1529222,0.0051,0.0382,0.9928,0.2362,0.0525,0.2100,1001.0803,bumps
1529282,0.0071,0.0386,0.9919,0.1050,0.0613,0.2275,1001.0750,bumps
1529342,0.0085,0.0384,0.9914,0.1488,0.0262,0.2450,1001.0771,bumps
1529402,0.0090,0.0393,0.9960,0.2188,0.0262,0.2362,1001.0686,bumps
1529462,0.0091,0.0400,0.9931,0.1312,-0.0525,0.2975,1001.0708,bumps
1529522,0.0102,0.0423,0.9972,0.2537,0.0175,0.2188,1001.0627,bumps
1529582,0.0115,0.0422,0.9967,0.2188,0.0262,0.2275,1001.0698,bumps
1529642,0.0095,0.0398,0.9970,0.1050,0.2275,0.3063,1001.0625,bumps
1529702,0.0095,0.0415,0.9938,0.0962,0.0088,0.2450,1001.0635,bumps
1529762,0.0115,0.0376,0.9938,0.1838,0.0262,0.2362,1001.0654,bumps
1529822,0.0096,0.0356,0.9922,0.0262,0.0000,0.2275,1001.0701,bumps
1529882,0.0093,0.0346,0.9958,0.0787,0.0700,0.1838,1001.0759,bumps
1529942,0.0110,0.0327,0.9942,0.0962,0.0525,0.2625,1001.0676,bumps
1530002,0.0093,0.0328,0.9921,0.1488,0.0875,0.2100,1001.0730,bumps
1530062,0.0095,0.0324,0.9936,0.1838,0.1400,0.2362,1001.0732,bumps
1530122,0.0090,0.0334,0.9945,0.1138,0.0175,0.1925,1001.0713,bumps
1530182,0.0090,0.0346,0.9929,0.2975,-0.0088,0.2800,1001.0732,bumps
1530242,0.0088,0.0323,0.9952,0.1312,0.1050,0.2100,1001.0754,bumps
1530302,0.0081,0.0339,0.9933,0.1925,0.1138,0.2362,1001.0789,bumps
1530362,0.0083,0.0341,0.9924,0.1400,0.0437,0.2450,1001.0742,bumps
1530422,0.0104,0.0371,0.9955,0.2362,0.0437,0.1838,1001.0698,bumps
1530482,0.0112,0.0342,0.9966,0.2625,-0.0088,0.1663,1001.0737,bumps
1530542,0.0086,0.0356,0.9923,0.1575,0.0700,0.2275,1001.0757,bumps
1530602,0.0105,0.0382,0.9926,0.2800,0.1138,0.2275,1001.0771,bumps
1530662,0.0107,0.0390,0.9941,0.2887,0.0787,0.1925,1001.0793,bumps
1530722,0.0100,0.0395,0.9972,0.2800,0.1400,0.2450,1001.0762,bumps
1530782,0.0117,0.0405,0.9959,0.2537,0.0700,0.2800,1001.0806,bumps
1530842,0.0102,0.0417,0.9967,0.2362,0.0875,0.2100,1001.0771,bumps
1530902,0.0102,0.0429,0.9992,0.2013,0.1575,0.2537,1001.0791,bumps
1530962,0.0064,0.0398,0.9948,0.2100,0.2188,0.2450,1001.0723,bumps
1531022,0.0103,0.0376,0.9938,0.1488,0.1312,0.1575,1001.0774,bumps
1531082,0.0063,0.0392,0.9938,0.1925,0.2100,0.1925,1001.0815,bumps
1531142,0.0057,0.0364,0.9933,0.1925,0.2625,0.2625,1001.0757,bumps
1531202,0.0073,0.0368,0.9924,0.1925,0.1488,0.2450,1001.0720,bumps
1531262,0.0060,0.0393,0.9902,0.2188,0.0437,0.2537,1001.0676,bumps
1531322,0.0073,0.0376,0.9907,0.3063,0.0962,0.3150,1001.0669,bumps
1531382,0.0093,0.0387,0.9923,0.1925,0.0700,0.2537,1001.0723,bumps
1531442,0.0090,0.0386,0.9927,0.2013,-0.0262,0.2450,1001.0728,bumps
1531502,0.0090,0.0415,0.9924,0.2450,0.0088,0.3063,1001.0698,bumps
1531562,0.0095,0.0387,0.9958,0.1312,0.0700,0.2275,1001.0684,bumps
1531622,0.0088,0.0386,0.9943,0.1488,0.0700,0.2100,1001.0769,bumps
1531682,0.0107,0.0409,0.9913,0.0437,0.1138,0.2275,1001.0742,bumps
1531742,0.0090,0.0385,0.9936,0.1575,0.1138,0.2537,1001.0740,bumps
1531802,0.0108,0.0382,0.9941,0.1575,0.0175,0.2537,1001.0667,bumps
1531862,0.0105,0.0354,0.9919,0.1575,0.0350,0.2450,1001.0698,bumps
1531922,0.0127,0.0354,0.9953,0.1225,-0.0088,0.2537,1001.0681,bumps
1531982,0.0119,0.0351,0.9953,0.1312,0.0088,0.2537,1001.0793,bumps
1532042,0.0115,0.0364,0.9955,0.2537,0.0875,0.2625,1001.0688,bumps
1532102,0.0095,0.0337,0.9948,0.1488,0.0787,0.1400,1001.0674,bumps
1532162,0.0078,0.0351,0.9960,0.2275,0.0525,0.2537,1001.0715,bumps
1532222,0.0091,0.0339,0.9964,0.2625,0.0962,0.2362,1001.0728,bumps
1532282,0.0081,0.0356,0.9952,0.2625,0.1663,0.1663,1001.0657,bumps
1532342,0.0083,0.0353,0.9941,0.2800,0.2013,0.2450,1001.0757,bumps
1532402,0.0097,0.0366,0.9933,0.2275,0.1925,0.2450,1001.0698,bumps
1532462,0.0098,0.0400,0.9926,0.3150,0.1138,0.2362,1001.0698,bumps
1532522,0.0106,0.0412,0.9936,0.2887,0.0437,0.2188,1001.0681,bumps
1532582,0.0115,0.0388,0.9921,0.2013,0.0613,0.2450,1001.0767,bumps
1532642,0.0093,0.0412,0.9951,0.2887,0.2188,0.2188,1001.0674,bumps
1532702,0.0077,0.0430,0.9948,0.2188,0.1663,0.2362,1001.0759,bumps
1532762,0.0082,0.0417,0.9924,0.2625,0.0525,0.1663,1001.0710,bumps
1532822,0.0078,0.0419,0.9929,0.3063,0.0875,0.2713,1001.0737,bumps
1532882,0.0081,0.0392,0.9905,0.2713,0.1225,0.2013,1001.0737,bumps
1532942,0.0088,0.0386,0.9936,0.2800,0.1750,0.2537,1001.0671,bumps
1533002,0.0088,0.0395,0.9940,0.2188,0.1838,0.2625,1001.0698,bumps
1533062,0.0099,0.0404,0.9973,0.2100,0.0787,0.3325,1001.0796,bumps
1533122,0.0109,0.0410,0.9977,0.1925,0.1400,0.2450,1001.0747,bumps
1533182,0.0117,0.0427,0.9992,0.2800,0.1750,0.1750,1001.0776,bumps
1533242,0.0090,0.0398,0.9946,0.1925,0.1663,0.2362,1001.0715,bumps
1533302,0.0087,0.0363,0.9958,0.1050,0.2625,0.2800,1001.0723,bumps
1533362,0.0103,0.0393,0.9941,0.1488,0.1050,0.2275,1001.0718,bumps
1533422,0.0104,0.0384,0.9941,0.1575,0.1838,0.2362,1001.0715,bumps
1533482,0.0087,0.0361,0.9946,0.1575,0.0962,0.2362,1001.0723,bumps
1533542,0.0105,0.0348,0.9928,0.1488,0.0437,0.2362,1001.0728,bumps
1533602,0.0084,0.0344,0.9901,0.1663,-0.0613,0.2188,1001.0745,bumps
1533662,0.0088,0.0337,0.9938,0.1575,0.0088,0.2362,1001.0801,bumps
1533722,0.0081,0.0344,0.9928,0.1138,0.0787,0.2013,1001.0803,bumps
1533782,0.0095,0.0353,0.9948,0.2713,0.1400,0.1488,1001.0728,bumps
1533842,0.0090,0.0368,0.9911,0.1838,0.1488,0.2188,1001.0745,bumps
1533902,0.0088,0.0350,0.9941,0.3063,0.0437,0.1663,1001.0745,bumps
1533962,0.0099,0.0381,0.9931,0.2800,0.1312,0.1750,1001.0752,bumps
1534022,0.0100,0.0383,0.9966,0.2275,0.1575,0.2275,1001.0742,bumps
1534082,0.0095,0.0405,0.9941,0.1312,0.2100,0.1663,1001.0710,bumps
1534142,0.0105,0.0401,0.9969,0.2275,0.2713,0.2100,1001.0659,bumps
1534202,0.0086,0.0402,0.9933,0.2450,0.1750,0.1838,1001.0703,bumps
1534262,0.0092,0.0410,0.9941,0.2625,0.1925,0.2275,1001.0791,bumps
1534322,0.0124,0.0405,0.9959,0.2013,0.1663,0.2800,1001.0610,bumps
1534382,0.0093,0.0414,0.9933,0.2537,0.2013,0.2100,1001.0730,bumps
1534442,0.0079,0.0408,0.9950,0.1575,0.1225,0.2713,1001.0686,bumps
1534502,0.0095,0.0417,0.9984,0.2800,0.2362,0.2625,1001.0703,bumps
1534562,0.0093,0.0417,0.9952,0.1838,0.1575,0.2100,1001.0742,bumps
1534622,0.0095,0.0412,0.9950,0.2450,0.0875,0.2013,1001.0776,bumps
1534682,0.0093,0.0418,0.9931,0.1225,0.1138,0.2188,1001.0767,bumps
1534742,0.0086,0.0417,0.9963,0.3850,0.0437,0.2625,1001.0854,bumps
1534802,0.0083,0.0409,0.9965,0.2013,0.1312,0.2013,1001.0730,bumps
1534862,0.0087,0.0395,0.9923,0.1838,0.1050,0.2188,1001.0720,bumps
1534922,0.0100,0.0395,0.9945,0.1925,0.1138,0.2188,1001.0757,bumps
1534982,0.0088,0.0434,0.9950,0.1050,0.1838,0.1838,1001.0718,bumps
1535042,0.0093,0.0415,0.9922,0.1925,0.0787,0.2362,1001.0769,bumps
1535102,0.0081,0.0397,0.9959,0.2450,0.1838,0.2537,1001.0745,bumps
1535162,0.0083,0.0412,0.9972,0.1050,0.1312,0.2275,1001.0786,bumps
1535222,0.0085,0.0425,0.9941,0.1312,0.0437,0.2275,1001.0840,bumps
1535282,0.0088,0.0422,0.9966,0.1925,0.2450,0.2013,1001.0735,bumps
1535342,0.0103,0.0427,0.9969,0.1312,0.1838,0.2625,1001.0735,bumps
1535402,0.0079,0.0390,0.9967,0.1575,0.1050,0.2537,1001.0710,bumps
1535462,0.0107,0.0415,0.9967,0.0175,0.0787,0.1750,1001.0825,bumps
1535522,0.0077,0.0397,0.9977,0.1750,0.1312,0.2362,1001.0813,bumps
1535582,0.0068,0.0385,0.9939,0.1400,0.1575,0.2800,1001.0801,bumps
1535642,0.0085,0.0388,0.9946,0.1138,0.1838,0.2188,1001.0771,bumps
1535702,0.0096,0.0398,0.9942,0.1050,0.2450,0.2275,1001.0623,bumps
1535762,0.0093,0.0391,0.9938,0.2362,0.2362,0.2275,1001.0806,bumps
1535822,0.0100,0.0415,0.9946,0.0525,0.0088,0.1663,1001.0706,bumps
1535882,0.0078,0.0405,0.9936,0.1750,0.0350,0.2275,1001.0767,bumps
1535942,0.0098,0.0388,0.9945,0.0787,0.0000,0.1575,1001.0833,bumps
1536002,0.0090,0.0419,0.9963,0.2275,0.0787,0.1838,1001.0769,bumps
1536062,0.0085,0.0407,0.9955,0.2275,0.0787,0.2013,1001.0791,bumps
1536122,0.0088,0.0422,0.9963,0.2013,0.1138,0.2450,1001.0740,bumps
1536182,0.0114,0.0417,0.9933,0.2275,0.0175,0.2013,1001.0679,bumps
1536242,0.0098,0.0400,0.9933,0.2013,-0.0175,0.2362,1001.0835,bumps
1536302,0.0078,0.0396,0.9927,0.2275,0.1750,0.2275,1001.0620,bumps
1536362,0.0087,0.0405,0.9958,0.2713,0.2100,0.2100,1001.0806,bumps
1536422,0.0109,0.0407,0.9967,0.1750,0.1575,0.1488,1001.0779,bumps
1536482,0.0124,0.0407,0.9963,0.1312,0.2013,0.1750,1001.0815,bumps
1536542,0.0083,0.0403,0.9933,0.2450,0.2100,0.1750,1001.0720,bumps
1536602,0.0095,0.0388,0.9941,0.2713,0.2188,0.2537,1001.0725,bumps
1536662,0.0101,0.0384,0.9975,0.1750,0.0350,0.2362,1001.0703,bumps
1536722,0.0110,0.0368,0.9945,0.2188,0.1575,0.2713,1001.0713,bumps
1536782,0.0106,0.0339,0.9972,0.2362,0.0875,0.2100,1001.0806,bumps
1536842,0.0093,0.0358,0.9945,0.2975,0.0875,0.2100,1001.0747,bumps
1536902,0.0095,0.0374,0.9960,0.2188,0.1663,0.2100,1001.0735,bumps
1536962,0.0084,0.0362,0.9916,0.2625,0.0175,0.2100,1001.0762,bumps
1537022,0.0085,0.0325,0.9913,0.2188,0.0613,0.2013,1001.0730,bumps
1537082,0.0100,0.0322,0.9933,0.2013,-0.0525,0.2450,1001.0747,bumps
1537142,0.0098,0.0339,0.9927,0.2713,0.0437,0.2537,1001.0710,bumps
1537202,0.0105,0.0334,0.9931,0.1750,0.0088,0.2188,1001.0737,bumps
1537262,0.0096,0.0358,0.9941,0.1838,-0.0525,0.2100,1001.0752,bumps
1537322,0.0096,0.0332,0.9906,0.0437,-0.0262,0.2275,1001.0745,bumps
1537382,0.0099,0.0346,0.9921,0.2100,0.0000,0.1488,1001.0786,bumps
1537442,0.0106,0.0336,0.9941,0.0962,0.1225,0.2450,1001.0681,bumps
1537502,0.0120,0.0315,0.9987,0.0700,0.0525,0.2450,1001.0696,bumps
1537562,0.0118,0.0362,0.9964,0.0875,0.0875,0.2450,1001.0779,bumps
1537622,0.0117,0.0368,0.9987,0.0787,-0.0175,0.2450,1001.0786,bumps
1537682,0.0110,0.0373,0.9974,0.1312,-0.1400,0.2625,1001.0742,bumps
1537742,0.0107,0.0351,0.9958,0.0787,0.0437,0.2362,1001.0759,bumps
1537802,0.0105,0.0359,0.9950,0.0875,-0.0262,0.2800,1001.0730,bumps
1537862,0.0082,0.0354,0.9930,0.0787,0.1312,0.2275,1001.0789,bumps
1537922,0.0061,0.0376,0.9933,0.1663,0.1750,0.2887,1001.0793,bumps
1537982,0.0093,0.0388,0.9948,0.1925,0.0700,0.2713,1001.0752,bumps
1538042,0.0095,0.0381,0.9921,0.2100,0.1312,0.2450,1001.0779,bumps
1538102,0.0068,0.0376,0.9938,0.1750,-0.0525,0.2975,1001.0796,bumps
1538162,0.0090,0.0369,0.9906,0.1838,0.1312,0.2188,1001.0728,bumps
1538222,0.0078,0.0384,0.9923,0.1663,0.0700,0.2537,1001.0779,bumps
1538282,0.0076,0.0373,0.9909,0.2887,0.1138,0.2537,1001.0720,bumps
1538342,0.0078,0.0395,0.9948,0.1400,0.1400,0.2362,1001.0830,bumps
1538402,0.0083,0.0403,0.9943,0.1925,0.0613,0.1663,1001.0774,bumps
1538462,0.0098,0.0400,0.9942,0.1663,0.0350,0.2450,1001.0776,bumps
1538522,0.0112,0.0403,0.9945,0.2537,0.0875,0.2188,1001.0881,bumps
1538582,0.0093,0.0395,0.9923,0.2275,0.0787,0.2625,1001.0786,bumps
1538642,0.0093,0.0397,0.9953,0.1488,0.1312,0.2625,1001.0830,bumps
1538702,0.0107,0.0415,0.9957,0.2625,0.1400,0.2013,1001.0884,bumps
1538762,0.0105,0.0403,0.9950,0.1488,0.0962,0.1925,1001.0820,bumps
1538822,0.0104,0.0389,0.9946,0.2100,0.2450,0.2013,1001.0833,bumps
1538882,0.0092,0.0378,0.9931,0.2537,0.0962,0.1225,1001.0698,bumps
1538942,0.0096,0.0365,0.9947,0.2713,0.2013,0.2537,1001.0857,bumps
1539002,0.0105,0.0368,0.9936,0.2100,0.1663,0.2100,1001.0911,bumps
1539062,0.0102,0.0378,0.9939,0.2275,0.1838,0.2100,1001.0769,bumps
1539122,0.0112,0.0341,0.9966,0.2275,0.0613,0.2537,1001.0757,bumps
1539182,0.0110,0.0341,0.9936,0.2713,0.0875,0.2100,1001.0850,bumps
1539242,0.0081,0.0351,0.9911,0.3413,0.0000,0.2188,1001.0732,bumps
1539302,0.0068,0.0323,0.9940,0.3063,0.0613,0.2537,1001.0713,bumps
1539362,0.0093,0.0349,0.9886,0.2013,-0.1138,0.2100,1001.0847,bumps
1539422,0.0088,0.0349,0.9887,0.1488,0.0787,0.2887,1001.0730,bumps
1539482,0.0093,0.0323,0.9950,0.1488,0.2275,0.2450,1001.0898,bumps
1539542,0.0114,0.0342,0.9928,0.0875,0.1575,0.2450,1001.0818,bumps
1539602,0.0120,0.0374,0.9965,0.0525,0.0700,0.2713,1001.0850,bumps
1539662,0.0095,0.0393,0.9950,0.1400,0.0088,0.2188,1001.0791,bumps
1539722,0.0088,0.0398,0.9950,0.2188,-0.0787,0.2362,1001.0886,bumps
1539782,0.0097,0.0373,1.0002,0.2100,0.1750,0.2800,1001.0740,bumps
1539842,0.0098,0.0415,0.9963,0.0962,0.1050,0.2188,1001.0696,bumps
1539902,0.0080,0.0412,0.9964,0.2537,0.1663,0.2625,1001.0774,bumps
1539962,0.0084,0.0400,0.9889,0.1750,0.0787,0.2450,1001.0774,bumps
1540022,0.0068,0.0385,0.9921,0.2100,0.1838,0.2625,1001.0876,bumps
1540082,0.0088,0.0383,0.9929,0.0700,0.2188,0.2537,1001.0771,bumps
1540142,0.0076,0.0379,0.9938,0.0787,0.1488,0.2537,1001.0842,bumps
1540202,0.0079,0.0398,1.0006,0.2013,0.0875,0.2800,1001.0837,bumps
1540262,0.0078,0.0388,0.9972,0.2537,0.1838,0.2362,1001.0813,bumps
1540322,0.0092,0.0385,0.9973,0.1312,0.1663,0.2275,1001.0740,bumps
1540382,0.0085,0.0410,0.9960,0.0962,0.0962,0.2362,1001.0779,bumps
1540442,0.0087,0.0390,0.9917,0.1575,0.1312,0.1838,1001.0806,bumps
1540502,0.0090,0.0371,0.9940,0.2100,0.0962,0.1838,1001.0784,bumps
1540562,0.0093,0.0389,0.9945,0.2362,0.1488,0.2362,1001.0840,bumps
1540622,0.0085,0.0402,0.9914,0.1400,-0.0088,0.2362,1001.0723,bumps
1540682,0.0110,0.0417,0.9933,0.2625,0.1312,0.2275,1001.0750,bumps
1540742,0.0074,0.0409,0.9921,0.3237,0.1838,0.2100,1001.0793,bumps
1540802,0.0107,0.0400,0.9919,0.2275,0.0437,0.1575,1001.0806,bumps
1540862,0.0114,0.0390,0.9974,0.2100,0.2362,0.2362,1001.0774,bumps
1540922,0.0095,0.0393,0.9933,0.2975,0.0875,0.2100,1001.0686,bumps
1540982,0.0109,0.0368,0.9941,0.2013,0.0613,0.2188,1001.0669,bumps
1541042,0.0098,0.0381,0.9963,0.2625,0.1312,0.2188,1001.0781,bumps
1541102,0.0093,0.0373,0.9957,0.1838,-0.0175,0.2013,1001.0730,bumps
1541162,0.0108,0.0347,0.9923,0.1575,0.2537,0.2450,1001.0698,bumps
1541222,0.0081,0.0349,0.9921,0.2713,0.1138,0.2537,1001.0808,bumps
1541282,0.0091,0.0342,0.9931,0.1838,-0.0175,0.2275,1001.0774,bumps
1541342,0.0095,0.0328,0.9972,0.1838,0.1488,0.2188,1001.0754,bumps
1541402,0.0088,0.0341,0.9926,0.2013,0.0962,0.2275,1001.0818,bumps
1541462,0.0117,0.0331,0.9938,0.0000,0.0350,0.2188,1001.0759,bumps
1541522,0.0069,0.0365,0.9948,0.1312,0.1138,0.2713,1001.0762,bumps
1541582,0.0118,0.0329,0.9945,0.0962,-0.1138,0.2713,1001.0745,bumps
1541642,0.0097,0.0352,0.9956,0.2537,0.0787,0.2100,1001.0747,bumps
1541702,0.0095,0.0386,0.9922,0.1225,-0.0787,0.2100,1001.0713,bumps
1541762,0.0084,0.0354,0.9948,0.0525,0.1400,0.2800,1001.0725,bumps
1541822,0.0093,0.0417,0.9931,0.0613,-0.0875,0.2362,1001.0752,bumps
1541882,0.0124,0.0371,0.9943,0.0613,-0.0613,0.2625,1001.0796,bumps
1541942,0.0056,0.0393,0.9951,0.2450,0.0000,0.2625,1001.0693,bumps
1542002,0.0115,0.0427,0.9859,0.0525,-0.2362,0.3063,1001.0767,bumps
1542062,0.0059,0.0396,0.9917,0.2362,0.2450,0.2975,1001.0815,bumps
1542122,0.0054,0.0390,0.9923,0.1575,0.0875,0.2625,1001.0725,bumps
1542182,0.0091,0.0390,0.9935,0.2450,0.1225,0.2537,1001.0708,bumps
1542242,0.0081,0.0398,0.9918,0.0875,-0.0700,0.2625,1001.0789,bumps
1542302,0.0063,0.0305,0.9982,0.2013,0.3938,0.1925,1001.0757,bumps
1542362,0.0073,0.0371,0.9912,0.1050,0.0350,0.1925,1001.0750,bumps
1542422,0.0098,0.0400,0.9912,0.1750,0.2975,0.2013,1001.0703,bumps
1542482,0.0110,0.0378,0.9989,0.0437,0.2188,0.2100,1001.0742,bumps
1542542,0.0073,0.0395,0.9909,0.2188,0.0700,0.2275,1001.0718,bumps
1542602,0.0117,0.0398,0.9984,0.3150,0.2537,0.2362,1001.0732,bumps
1542662,0.0095,0.0409,0.9936,-0.0088,-0.0262,0.1663,1001.0750,bumps
1542722,0.0066,0.0380,0.9862,0.3325,0.1050,0.2100,1001.0786,bumps
1542782,0.0082,0.0390,0.9965,0.3237,0.3500,0.1925,1001.0808,bumps
1542842,0.0082,0.0364,0.9923,0.1663,0.1575,0.1488,1001.0740,bumps
1542902,0.0090,0.0436,0.9861,0.0613,-0.3063,0.2100,1001.0745,bumps
1542962,0.0127,0.0340,1.0028,0.3063,0.1925,0.2013,1001.0769,bumps
1543022,0.0102,0.0434,0.9841,0.1663,0.0525,0.1925,1001.0774,bumps
1543082,0.0074,0.0378,0.9964,0.3150,0.1488,0.1925,1001.0767,bumps
1543142,0.0118,0.0343,0.9797,0.0525,-0.1050,0.1488,1001.0774,bumps
1543202,0.0070,0.0395,0.9923,0.2887,0.1925,0.1663,1001.0759,bumps
1543262,0.0141,0.0339,1.0014,0.1575,0.2362,0.2450,1001.0779,bumps
1543322,0.0120,0.0367,0.9882,0.1575,-0.0088,0.1925,1001.0845,bumps
1543382,0.0083,0.0412,0.9900,0.3938,0.0262,0.2275,1001.0720,bumps
1543442,0.0090,0.0354,0.9899,0.3413,0.1400,0.2275,1001.0757,bumps
1543502,0.0100,0.0342,1.0038,0.1488,0.2625,0.1488,1001.0845,bumps
1543562,0.0110,0.0326,0.9995,0.2537,0.2713,0.2100,1001.0813,bumps
1543622,0.0081,0.0363,0.9897,0.3063,0.2013,0.2713,1001.0857,bumps
1543682,0.0203,0.0289,1.0182,0.2013,-0.2100,0.1750,1001.0847,bumps
1543742,-0.0002,0.0356,0.9804,-0.1575,-0.2975,0.2800,1001.0859,bumps
1543802,0.0059,0.0295,0.9894,0.0700,-0.1225,0.2100,1001.0847,bumps
1543862,0.0181,0.0265,1.0356,0.3325,-0.0613,0.2625,1001.0830,bumps
1543922,0.0076,0.0350,0.9872,0.1488,0.1138,0.2188,1001.0845,bumps
1543982,0.0106,0.0329,0.9909,0.2713,0.1050,0.2537,1001.0828,bumps
1544042,0.0095,0.0339,0.9918,0.0700,0.0962,0.3063,1001.0757,bumps
1544102,0.0081,0.0354,0.9973,0.2013,0.0088,0.2100,1001.0830,bumps
1544162,0.0076,0.0384,0.9926,0.2188,0.0175,0.2537,1001.0828,bumps
1544222,0.0112,0.0386,0.9923,0.2450,0.0262,0.1750,1001.0884,bumps
1544282,0.0120,0.0350,0.9926,0.1838,0.1488,0.2013,1001.0864,bumps
1544342,0.0086,0.0337,0.9955,0.1400,0.0787,0.1400,1001.0852,bumps
1544402,0.0100,0.0500,1.0131,0.4988,1.0588,0.3325,1001.0903,bumps
1544462,0.0027,0.0237,0.9845,0.1575,0.0875,0.2275,1001.0759,bumps
1544522,0.0085,0.0400,0.9731,0.0613,-0.0088,0.1750,1001.0776,bumps
1544582,0.0093,0.0322,0.9966,0.2188,0.2275,0.2713,1001.0815,bumps
1544642,0.0083,0.0353,0.9994,0.0787,0.0088,0.2100,1001.0850,bumps
1544702,0.0090,0.0337,0.9994,0.1575,0.0700,0.1838,1001.0757,bumps
1544762,0.0065,0.0339,0.9933,0.3762,-0.0437,0.2100,1001.0774,bumps
1544822,0.0105,0.0366,0.9880,0.2800,0.0700,0.1488,1001.0815,bumps
1544882,0.0041,0.0429,0.9901,0.4375,0.2800,0.2100,1001.0854,bumps
1544942,0.0127,0.0300,1.0058,0.0875,0.1400,0.2625,1001.0862,bumps
1545002,0.0182,0.0349,0.9934,0.2713,-0.0175,0.2013,1001.0854,bumps
1545062,0.0101,0.0388,0.9970,0.2100,-0.1663,0.1838,1001.0796,bumps
1545122,0.0147,0.0303,0.9896,0.0437,-0.2713,0.2450,1001.0825,bumps
1545182,0.0397,0.0437,0.9929,0.0088,-0.1750,0.2188,1001.0815,bumps
1545242,0.0467,0.0307,0.9922,0.1750,-0.5163,0.1838,1001.0793,bumps
1545302,0.0534,0.0451,0.9951,0.1750,-0.3850,0.1575,1001.0845,bumps
1545362,0.0681,0.0339,0.9856,-0.0525,-0.4288,0.1225,1001.0740,bumps
1545422,0.0715,0.0461,1.0001,0.0613,0.0700,0.1750,1001.0818,bumps
1545482,0.0734,0.0415,0.9955,0.0175,-0.0962,0.1925,1001.0830,bumps
1545542,0.0727,0.0540,1.0013,0.1400,-0.1050,0.0350,1001.0837,bumps
1545602,0.0696,0.0395,0.9925,0.1138,-0.0437,-0.0437,1001.0757,bumps
1545662,0.0747,0.0581,1.0111,0.4812,0.3237,-0.1575,1001.0818,bumps
1545722,0.0722,0.0310,0.9914,0.4200,0.2275,-0.2713,1001.0828,bumps
1545782,0.0727,0.0622,0.9948,0.6475,0.5250,-0.4375,1001.0798,bumps
1545842,0.0761,0.0337,0.9931,0.5688,0.1050,-0.5775,1001.0889,bumps
1545902,0.0761,0.0508,1.0050,0.5688,0.3063,-0.8487,1001.0835,bumps
1545962,0.0675,0.0429,0.9872,0.2450,0.2450,-0.9100,1001.0920,bumps
1546022,0.0703,0.0398,0.9823,0.3150,-0.0525,-1.1550,1001.0781,bumps
1546082,0.0720,0.0505,0.9967,0.3413,0.0875,-1.2775,1001.0857,bumps
1546142,0.0734,0.0478,0.9982,0.4812,0.1225,-1.3913,1001.0835,bumps
1546202,0.0700,0.0415,0.9964,-0.0525,0.0088,-1.3388,1001.0859,bumps
1546262,0.0644,0.0464,0.9887,0.1750,0.2887,-1.4438,1001.0742,bumps
1546322,0.0686,0.0386,0.9889,0.5863,0.3587,-1.6450,1001.0881,bumps
1546382,0.0637,0.0467,0.9959,0.2975,0.2975,-1.7325,1001.0710,bumps
1546442,0.0589,0.0396,0.9870,0.1050,0.3063,-1.7938,1001.0757,bumps
1546502,0.0615,0.0459,0.9989,0.4900,0.3850,-1.9250,1001.0789,bumps
1546562,0.0681,0.0343,0.9918,-0.0787,0.1400,-1.9162,1001.0720,bumps
1546622,0.0610,0.0315,1.0009,0.1838,0.3587,-2.0563,1001.0762,bumps
1546682,0.0606,0.0558,0.9947,-0.1663,0.1138,-2.1000,1001.0781,bumps
1546742,0.0515,0.0293,1.0016,-0.2887,0.1400,-2.0038,1001.0793,bumps
1546802,0.0454,0.0361,1.0019,-0.2537,0.4550,-2.0650,1001.0688,bumps
1546862,0.0478,0.0443,0.9816,-0.0875,0.3762,-1.9863,1001.0784,bumps
1546922,0.0522,0.0393,0.9968,0.3063,0.3413,-2.0213,1001.0852,bumps
1546982,0.0527,0.0143,0.9848,0.0437,-0.0262,-2.0912,1001.0742,bumps
1547042,0.0551,0.0235,0.9902,0.2450,-0.0525,-2.0038,1001.0850,bumps
1547102,0.0381,0.0411,0.9775,0.3587,0.0262,-2.1088,1001.0754,bumps
1547162,0.0515,0.0505,1.0009,0.2800,0.0525,-2.1175,1001.0774,bumps
1547222,0.0488,0.0411,1.0036,0.4988,0.3500,-2.2487,1001.0754,bumps
1547282,0.0400,0.0325,0.9917,0.0175,0.0700,-2.2925,1001.0854,bumps
1547342,0.0415,0.0407,0.9978,0.5425,0.2275,-2.4588,1001.0837,bumps
1547402,0.0593,0.0323,1.0104,0.0700,0.0437,-2.4413,1001.0803,bumps
1547462,0.0454,0.0312,0.9953,0.2887,0.2450,-2.3537,1001.0898,bumps
1547522,0.0337,0.0225,0.9801,0.0000,0.0875,-2.3975,1001.0842,bumps
1547582,0.0492,0.0557,1.0108,-0.1225,0.0875,-2.5287,1001.0828,bumps
1547642,0.0356,0.0271,1.0030,-0.1575,0.0613,-2.5200,1001.0820,bumps
1547702,0.0409,0.0359,0.9961,0.5425,0.3413,-2.5200,1001.0820,bumps
1547762,0.0369,0.0334,0.9977,0.3675,0.4725,-2.5550,1001.0747,bumps
1547822,0.0346,0.0212,0.9867,0.4112,0.2013,-2.6600,1001.0862,bumps
1547882,0.0474,0.0500,0.9979,0.4112,-0.0350,-2.8175,1001.0725,bumps
1547942,0.0398,0.0335,0.9820,0.1663,-0.1750,-2.7475,1001.0815,bumps
1548002,0.0384,0.0251,0.9807,-0.0262,0.1138,-2.6337,1001.0784,bumps
1548062,0.0407,0.0114,0.9855,-0.5337,-0.4112,-2.6337,1001.0823,bumps
1548122,0.0281,0.0457,0.9996,0.3325,0.2450,-2.6250,1001.0801,bumps
1548182,0.0336,0.0228,0.9990,0.3675,-0.2100,-2.6075,1001.0686,bumps
1548242,0.0351,0.0098,0.9877,0.2800,-0.4638,-2.5025,1001.0774,bumps
1548302,0.0274,0.0381,1.0019,0.6737,0.2800,-2.4675,1001.0823,bumps
1548362,0.0170,0.0234,0.9851,0.0962,0.4288,-2.4588,1001.0752,bumps
1548422,0.0170,0.0284,1.0034,0.0875,0.0962,-2.5287,1001.0754,bumps
1548482,0.0154,0.0276,0.9936,0.1575,-0.4288,-2.5025,1001.0857,bumps
1548542,0.0342,0.0454,0.9911,-0.3237,-0.3587,-2.5988,1001.0828,bumps
1548602,0.0303,0.0524,0.9702,-0.6475,0.3500,-2.5287,1001.0706,bumps
1548662,0.0246,0.0260,1.0006,-0.7700,0.5337,-2.1613,1001.0740,bumps
1548722,0.0332,0.0093,0.9933,0.2800,1.4000,-2.2662,1001.0789,bumps
1548782,0.0163,0.0154,0.9765,0.1838,0.2275,-2.5113,1001.0757,bumps
1548842,0.0264,0.0429,1.0265,0.9800,0.6737,-2.5638,1001.0845,bumps
1548902,0.0434,0.0267,1.0041,0.8662,-0.2450,-2.2838,1001.0747,bumps
1548962,0.0222,0.0393,0.9850,0.4725,-0.1400,-2.1962,1001.0776,bumps
1549022,0.0393,0.0127,0.9984,0.6300,-0.1750,-2.2050,1001.0874,bumps
1549082,0.0243,0.0432,1.0016,-0.3938,0.0262,-2.2838,1001.0762,bumps
1549142,0.0282,0.0259,0.9999,0.0525,0.0088,-2.2137,1001.0747,bumps
1549202,0.0115,0.0321,0.9753,-0.7350,0.1400,-2.0475,1001.0720,bumps
1549262,0.0279,0.0276,1.0050,0.1138,-0.2713,-2.0300,1001.0774,bumps
1549322,0.0508,0.0286,1.0189,0.3675,0.6212,-1.5575,1001.0769,bumps
1549382,0.0071,0.0085,0.9672,-0.1838,0.1750,-1.7150,1001.0747,bumps
1549442,0.0271,0.0019,0.9987,0.7175,0.2625,-1.4875,1001.0784,bumps
1549502,0.0190,0.0386,1.0052,0.1488,0.0350,-1.0938,1001.0825,bumps
1549562,0.0085,-0.0034,0.9923,0.4550,0.2450,-0.8225,1001.0752,bumps
1549622,0.0071,0.0307,0.9689,0.4725,-0.0875,-0.6300,1001.0776,bumps
1549682,0.0151,0.0249,1.0067,0.4112,0.6737,-0.3587,1001.0796,bumps
1549742,0.0112,0.0327,0.9873,0.4638,0.2013,-0.4900,1001.0806,bumps
1549802,0.0251,0.0397,0.9987,-0.4638,-0.4200,0.0262,1001.0784,bumps
1549862,0.0296,0.0271,1.0031,0.8138,-0.2887,0.2450,1001.0757,bumps
1549922,0.0110,0.0183,0.9992,0.2362,0.1750,0.5075,1001.0864,bumps
1549982,0.0137,0.0334,0.9999,0.3762,-0.3587,0.6125,1001.0840,bumps
1550042,0.0295,0.0317,1.0266,0.9887,0.5775,0.7088,1001.0715,bumps
1550102,0.0196,0.0337,1.0055,0.3413,0.0525,0.9013,1001.0835,bumps
1550162,0.0173,0.0234,0.9882,0.4725,-0.0875,1.1200,1001.0850,bumps
1550222,0.0195,0.0688,0.9758,-0.0175,-0.0088,1.2600,1001.0781,bumps
1550282,0.0215,0.0512,1.0119,0.3325,0.9975,1.8463,1001.0808,bumps
1550342,0.0031,0.0439,0.9873,-1.4525,0.2275,1.9425,1001.0825,bumps
1550402,0.0115,0.0245,0.9904,-0.8050,0.1663,2.0563,1001.0813,bumps
1550462,-0.0171,0.0212,0.9897,0.7175,-0.1050,2.1700,1001.0735,bumps
1550522,-0.0188,0.0207,0.9931,0.7437,0.0787,2.1613,1001.0801,bumps
1550582,-0.0361,0.0168,1.0147,0.8138,0.3413,2.1962,1001.0757,bumps
1550642,-0.0500,0.0556,1.0036,0.9975,0.0962,2.3625,1001.0720,bumps
1550702,-0.0370,0.0464,1.0248,0.5337,-0.0350,2.2575,1001.0786,bumps
1550762,-0.0534,0.0720,0.9964,-0.1488,0.2713,2.0825,1001.0728,bumps
1550822,-0.0471,0.0533,1.0017,0.0787,0.0875,1.9863,1001.0835,bumps
1550882,-0.0457,0.0357,0.9859,-0.1663,0.0437,1.9250,1001.0762,bumps
1550942,-0.0351,0.0519,1.0263,-0.2800,0.2975,1.8813,1001.0815,bumps
1551002,-0.0400,0.0458,0.9952,0.0350,0.3850,2.0300,1001.0737,bumps
1551062,-0.0388,0.0548,1.0001,0.0875,0.1400,2.1350,1001.0723,bumps
1551122,-0.0322,0.0261,0.9953,0.3237,-0.2275,2.1437,1001.0715,bumps
1551182,-0.0271,0.0432,1.0055,0.2188,-0.1400,2.1175,1001.0725,bumps
1551242,-0.0356,0.0351,1.0008,0.5425,0.4550,2.1613,1001.0806,bumps
1551302,-0.0279,0.0461,1.0024,0.3500,0.4550,2.1525,1001.0764,bumps
1551362,-0.0300,0.0437,1.0028,0.1225,0.4462,2.1263,1001.0808,bumps
1551422,-0.0261,0.0368,0.9787,0.2275,0.0700,2.0300,1001.0757,bumps
1551482,-0.0125,0.0225,0.9916,-0.0875,-0.3850,2.3187,1001.0916,bumps
1551542,-0.0163,0.0583,0.9940,0.1838,0.2100,2.0563,1001.0798,bumps
1551602,-0.0265,0.0449,0.9897,-0.0088,0.2013,1.9775,1001.0803,bumps
1551662,-0.0232,0.0398,0.9899,0.7000,0.4812,1.9425,1001.0835,bumps
1551722,-0.0252,0.0381,0.9750,0.6825,0.0613,1.8112,1001.0833,bumps
1551782,-0.0107,0.0209,0.9981,0.4462,0.3938,2.1613,1001.0808,bumps
1551842,-0.0276,0.0497,0.9911,0.7437,0.2975,2.0563,1001.0798,bumps
1551902,-0.0312,0.0288,0.9687,0.4812,-0.1400,1.8900,1001.0820,bumps
1551962,-0.0024,0.0606,1.0014,0.3325,0.0262,1.8637,1001.0842,bumps
1552022,-0.0147,0.0127,0.9755,0.3850,-0.0262,1.9950,1001.0896,bumps
1552082,-0.0219,0.0397,0.9967,0.8225,0.4462,2.0738,1001.0750,bumps
1552142,-0.0363,0.0300,0.9914,0.6737,0.4638,1.9688,1001.0813,bumps
1552202,-0.0188,0.0337,0.9958,0.8225,0.5863,1.5488,1001.0789,bumps
1552262,-0.0157,0.0800,0.9955,-0.2450,-0.0525,1.6625,1001.0803,bumps
1552322,-0.0351,0.0437,0.9665,-0.6913,-0.1838,1.8200,1001.0686,bumps
1552382,-0.0290,0.0231,0.9852,-0.7962,-0.0262,1.8813,1001.0850,bumps
1552442,-0.0290,0.0329,0.9884,-0.8575,-0.0787,1.6975,1001.0815,bumps
1552502,-0.0166,0.0249,0.9980,-0.0437,-0.0262,1.5225,1001.0801,bumps
1552562,-0.0231,0.0281,1.0079,0.4725,-0.0875,1.4875,1001.0945,bumps
1552622,-0.0354,0.0576,0.9980,0.5863,0.1663,1.4438,1001.0913,bumps
1552682,-0.0356,0.0313,0.9901,0.7000,0.2275,1.4875,1001.0801,bumps
1552742,-0.0267,0.0515,0.9809,0.8838,-0.1663,1.0938,1001.0852,bumps
1552802,-0.0173,0.0639,0.9933,0.6825,0.1925,0.9275,1001.0801,bumps
1552862,-0.0151,0.0663,0.9963,0.9187,0.2537,0.6737,1001.0801,bumps
1552922,-0.0112,0.0573,1.0043,-0.3762,0.2275,0.6913,1001.0847,bumps
1552982,-0.0305,0.0432,0.9826,-0.5337,0.0700,0.5250,1001.0845,bumps
1553042,-0.0473,0.0327,0.9947,-0.4200,0.1838,0.2362,1001.0706,bumps
1553102,-0.0510,0.0420,0.9928,-0.4900,-0.2013,0.0000,1001.0811,bumps
1553162,-0.0675,0.0420,1.0009,-0.2887,0.1312,0.0437,1001.0793,bumps
1553222,-0.0742,0.0465,1.0005,0.3413,0.4200,0.0175,1001.0928,bumps
1553282,-0.0694,0.0293,0.9989,-0.1138,0.2887,0.0525,1001.0884,bumps
1553342,-0.0702,0.0322,1.0026,0.3413,0.2362,-0.0350,1001.0774,bumps
1553402,-0.0722,0.0397,0.9955,0.3413,0.1050,-0.0175,1001.0801,bumps
1553462,-0.0768,0.0381,0.9936,0.1925,-0.0175,-0.1138,1001.0847,bumps
1553522,-0.0689,0.0427,0.9950,0.3762,-0.1138,-0.1050,1001.0850,bumps
1553582,-0.0705,0.0420,0.9963,-0.1925,0.2362,-0.0175,1001.0791,bumps
1553642,-0.0766,0.0367,0.9926,0.0437,0.1138,-0.2188,1001.0767,bumps
1553702,-0.0705,0.0285,0.9955,0.0175,0.1750,-0.0175,1001.0835,bumps
1553762,-0.0752,0.0329,0.9902,0.1575,0.2450,0.0088,1001.0825,bumps
1553822,-0.0712,0.0437,1.0019,0.3850,0.3150,0.0000,1001.0779,bumps
1553882,-0.0739,0.0319,0.9936,0.2975,0.2887,0.0262,1001.0823,bumps
1553942,-0.0693,0.0361,0.9898,0.2975,0.1488,0.1225,1001.0825,bumps
1554002,-0.0628,0.0378,0.9964,0.1663,0.1663,0.1488,1001.0818,bumps
1554062,-0.0617,0.0400,0.9919,0.3063,0.1225,0.2100,1001.0835,bumps
1554122,-0.0581,0.0368,0.9913,0.2188,0.1050,0.1750,1001.0928,bumps
1554182,-0.0556,0.0340,0.9899,0.2450,0.0525,0.1925,1001.0879,bumps
1554242,-0.0498,0.0383,0.9852,0.3063,-0.0350,0.1575,1001.0823,bumps
1554302,-0.0098,0.0381,0.9914,0.0700,-0.2188,0.2975,1001.0889,bumps
1554362,0.0134,0.0452,0.9828,0.1400,-0.0262,0.2537,1001.0918,bumps
1554422,0.0344,0.0393,0.9874,0.1312,-0.0962,0.2975,1001.0840,bumps
1554482,0.0281,0.0420,0.9950,0.1575,-0.2100,0.2362,1001.0847,bumps
1554542,0.0117,0.0381,1.0033,0.1400,-0.2713,0.1925,1001.0886,bumps
1554602,0.0090,0.0400,0.9975,0.0525,-0.1750,0.3150,1001.0913,bumps
1554662,0.0342,0.0407,1.0053,0.1575,-0.2188,0.2713,1001.0896,bumps
1554722,0.0510,0.0350,0.9988,0.1400,-0.2013,0.1400,1001.0854,bumps
1554782,0.0614,0.0533,0.9668,0.1838,-0.5250,0.1138,1001.0825,bumps
1554842,0.0646,0.0297,0.9892,0.2625,-0.0962,0.1925,1001.0852,bumps
1554902,0.0766,0.0351,0.9941,-0.1050,-0.1750,0.1750,1001.0879,bumps
1554962,0.0757,0.0439,0.9911,0.2713,-0.0262,0.0962,1001.0869,bumps
1555022,0.0790,0.0443,0.9953,0.2013,0.1225,0.0262,1001.0874,bumps
1555082,0.0769,0.0370,0.9983,0.1138,0.1838,0.0350,1001.0857,bumps
1555142,0.0732,0.0459,0.9934,0.1488,0.2275,-0.0175,1001.0920,bumps
1555202,0.0739,0.0376,0.9961,0.2450,0.1925,-0.0787,1001.0823,bumps
1555262,0.0752,0.0466,0.9989,0.2713,0.2362,-0.1400,1001.0857,bumps
1555322,0.0764,0.0415,0.9900,0.3237,0.1225,-0.1400,1001.0911,bumps
1555382,0.0801,0.0468,0.9942,0.5600,0.0175,-0.2362,1001.0740,bumps
1555442,0.0805,0.0456,0.9980,0.2537,0.0875,-0.2800,1001.0908,bumps
1555502,0.0705,0.0398,0.9825,0.2625,0.1050,-0.4812,1001.0859,bumps
1555562,0.0768,0.0415,0.9892,0.0000,0.0175,-0.5600,1001.0847,bumps
1555622,0.0757,0.0371,0.9957,0.1225,-0.0437,-0.6913,1001.0862,bumps
1555682,0.0651,0.0390,0.9943,0.1050,0.0262,-0.7525,1001.0889,bumps
1555742,0.0558,0.0444,0.9948,0.2450,-0.0613,-0.8225,1001.0950,bumps
1555802,0.0639,0.0313,0.9958,0.0962,-0.0962,-0.8225,1001.0962,bumps
1555862,0.0664,0.0542,1.0036,0.1663,-0.0787,-0.8313,1001.0955,bumps
1555922,0.0639,0.0462,0.9946,0.0350,-0.1138,-0.8487,1001.0955,bumps
1555982,0.0666,0.0390,0.9920,0.1138,0.0088,-0.8838,1001.0762,bumps
1556042,0.0583,0.0344,0.9882,0.2100,0.1663,-1.0850,1001.0769,bumps
1556102,0.0695,0.0434,0.9997,0.1838,0.0088,-1.1900,1001.0786,bumps
1556162,0.0525,0.0287,0.9897,0.2713,0.2275,-1.1025,1001.0798,bumps
1556222,0.0548,0.0354,0.9916,0.2362,0.2275,-1.0150,1001.0745,bumps
1556282,0.0525,0.0224,0.9994,0.2450,0.4375,-0.8662,1001.0872,bumps
1556342,0.0595,0.0325,1.0050,0.1838,0.0088,-0.7437,1001.0857,bumps
1556402,0.0562,0.0184,0.9943,0.4025,-0.0875,-0.6650,1001.0808,bumps
1556462,0.0440,0.0520,0.9927,0.4462,0.1575,-0.6825,1001.0781,bumps
1556522,0.0533,0.0417,0.9977,0.0088,-0.0875,-0.5075,1001.0754,bumps
1556582,0.0476,0.0276,0.9931,0.2975,-0.0613,-0.1050,1001.0774,bumps
1556642,0.0378,0.0373,0.9955,0.4725,0.4900,-0.1838,1001.0840,bumps
1556702,0.0474,0.0273,0.9848,0.3850,-0.2275,-0.2625,1001.0803,bumps
1556762,0.0383,0.0366,0.9881,0.5075,-0.0088,-0.3325,1001.0776,bumps
1556822,0.0466,0.0471,1.0016,0.4112,0.0262,-0.2275,1001.0859,bumps
1556882,0.0454,0.0466,1.0089,0.1838,0.2275,-0.2887,1001.0806,bumps
1556942,0.0385,0.0493,0.9919,0.1838,-0.1138,-0.2275,1001.0750,bumps
1557002,0.0320,0.0354,0.9794,0.4025,0.2188,-0.2713,1001.0879,bumps
1557062,-0.0113,0.0625,1.0204,-0.5163,-0.6037,-0.2537,1001.0842,bumps
1557122,-0.0208,0.0661,1.0494,-1.0675,-0.5075,-0.5600,1001.0833,bumps
1557182,-0.0008,0.0786,1.0363,-3.1150,-2.8000,0.1225,1001.0918,bumps
1557242,-0.0147,0.0425,1.0277,-4.7425,-3.3250,0.5250,1001.0869,bumps
1557302,-0.0101,-0.0590,1.0094,-1.6800,-3.7975,0.5075,1001.0923,bumps
1557362,0.0029,-0.0974,0.9982,1.6625,-3.4650,-0.2625,1001.0852,bumps
1557422,0.0245,-0.0368,0.9529,4.0512,-2.6337,-0.8838,1001.0864,bumps
1557482,0.0620,0.0279,0.9259,4.9175,-2.2400,-0.1750,1001.0815,bumps
1557542,0.0615,0.0778,0.9296,4.3575,-1.1638,0.6650,1001.0662,bumps
1557602,0.0779,0.0734,0.9353,3.3600,-0.3675,0.7175,1001.0728,bumps
1557662,0.0861,0.0703,0.9511,2.3537,1.1638,-0.0088,1001.0750,bumps
1557722,0.0910,0.0596,0.9563,1.5137,2.0387,-0.6737,1001.0767,bumps
1557782,0.0972,0.0563,0.9548,0.8313,3.3075,-0.8487,1001.0840,bumps
1557842,0.1107,0.0612,0.9679,0.1925,4.2613,-0.2713,1001.0864,bumps
1557902,0.0766,0.0620,1.0131,-0.4900,4.9700,0.0175,1001.0742,bumps
1557962,0.0746,0.1100,1.0394,-1.6975,4.7425,0.5950,1001.0854,bumps
1558022,0.0306,0.0591,1.0419,-2.8612,3.0625,0.9538,1001.0837,bumps
1558082,0.0217,0.0059,1.0729,-2.6950,1.2075,0.1663,1001.1084,bumps
1558142,0.0375,-0.0134,1.0953,-1.0237,-0.3150,-0.2887,1001.0999,bumps
1558202,0.0361,0.0161,1.0168,0.7350,-1.9688,-0.5337,1001.0818,bumps
1558262,0.0549,0.0217,0.9975,0.8313,-2.0563,0.0700,1001.0845,bumps
1558322,0.0282,0.0550,0.9579,1.2513,-1.1025,0.5600,1001.0667,bumps
1558382,0.0453,0.0173,0.9712,1.4000,-0.5950,0.6562,1001.0776,bumps
1558442,0.0354,0.0644,0.9765,1.1988,0.2975,0.1050,1001.0637,bumps
1558502,0.0343,0.0512,0.9772,0.4375,0.7175,-0.3675,1001.0732,bumps
1558562,0.0342,0.0318,0.9689,-0.4550,0.3675,-0.0613,1001.0713,bumps
1558622,0.0273,0.0359,0.9945,-0.9712,-0.2100,0.2100,1001.0745,bumps
1558682,0.0218,0.0204,1.0185,-0.6212,0.4112,0.3500,1001.0786,bumps
1558742,0.0244,0.0271,0.9960,0.1138,-0.1312,0.2713,1001.0725,bumps
1558802,0.0225,0.0437,1.0050,0.3413,-0.0875,0.1050,1001.0803,bumps
1558862,0.0237,0.0290,1.0000,0.9538,0.1400,0.0525,1001.0879,bumps
1558922,0.0098,0.0374,0.9872,0.5950,0.2450,0.1750,1001.0752,bumps
1558982,0.0243,0.0644,0.9984,0.3325,0.2275,0.3675,1001.0740,bumps
1559042,0.0203,0.0357,0.9868,-0.2887,-0.3762,0.2975,1001.0791,bumps
1559102,0.0191,0.0264,0.9928,-0.0350,0.0437,0.1225,1001.0754,bumps
1559162,-0.0532,0.0817,1.0265,-2.1700,1.0063,-0.3150,1001.0837,bumps
1559222,-0.0373,0.0881,1.0631,-4.4625,3.0712,-0.7875,1001.0796,bumps
1559282,-0.0342,0.1343,1.0948,-7.7525,4.6550,-0.0525,1001.0845,bumps
1559342,-0.0334,-0.0456,1.0860,-4.5675,5.5912,1.5575,1001.0774,bumps
1559402,-0.0339,-0.1387,1.0152,0.8662,5.0837,0.8750,1001.0854,bumps
1559462,-0.0124,-0.0917,0.9265,3.4388,3.3950,-0.1400,1001.0835,bumps
1559522,-0.0169,-0.0066,0.8977,6.8950,1.7062,0.4812,1001.0718,bumps
1559582,-0.0019,0.0626,0.8908,8.3125,0.3413,1.5925,1001.0696,bumps
1559642,0.0315,0.0666,0.9118,7.3150,-1.4875,1.8463,1001.0676,bumps
1559702,0.0413,0.0797,0.9196,6.2475,-3.3863,1.0588,1001.0664,bumps
1559762,0.0712,0.0960,0.9362,4.8650,-5.0837,0.1575,1001.0708,bumps
1559822,0.0369,0.1283,0.9660,1.1025,-6.4050,-0.3587,1001.0735,bumps
1559882,0.0769,0.1601,1.0045,-4.4363,-6.5538,-0.4112,1001.0674,bumps
1559942,0.0448,0.1377,1.0311,-7.5338,-5.1975,0.7350,1001.0752,bumps
1560002,0.0431,0.0310,1.1070,-6.9300,-2.3975,1.0762,1001.0928,bumps
1560062,0.0694,-0.0642,1.1253,-3.3863,0.9800,0.4375,1001.1023,bumps
1560122,0.0223,-0.0578,1.0716,0.4112,2.8175,-0.3150,1001.0947,bumps
1560182,0.0220,-0.0081,1.0049,2.6425,2.7738,0.2013,1001.0955,bumps
1560242,0.0034,0.0284,0.9577,2.8438,1.8987,1.0675,1001.0933,bumps
1560302,-0.0351,0.0875,0.9336,3.2725,0.9275,1.4875,1001.0750,bumps
1560362,-0.0254,0.0773,0.9865,2.3100,-0.2537,1.1988,1001.0686,bumps
1560422,-0.1183,0.0815,0.9803,1.6450,0.4288,0.1663,1001.0908,bumps
1560482,-0.1563,0.0503,1.0075,0.2450,0.0350,-0.2800,1001.0730,bumps
1560542,-0.1632,0.0481,1.0036,-0.2887,-0.0962,-0.2625,1001.0835,bumps
1560602,-0.1671,0.0156,1.0033,0.2450,-0.0875,-0.0088,1001.0876,bumps
1560662,-0.1937,0.0323,1.0243,2.6775,-0.5863,0.4462,1001.0845,bumps
1560722,-0.1769,0.0173,1.0272,4.5325,-1.2425,0.9013,1001.0869,bumps
1560782,-0.1672,0.0393,1.0099,4.9000,-1.7938,0.5775,1001.0891,bumps
1560842,-0.1212,0.0747,0.9743,3.7538,-2.2050,-0.0175,1001.0852,bumps
1560902,-0.0929,0.1169,0.9589,2.5725,-1.6625,-0.2800,1001.0813,bumps
1560962,-0.1036,0.1132,0.9797,0.6037,-1.2250,0.1050,1001.0762,bumps
1561022,-0.1266,0.0949,0.9653,-0.8313,-0.2975,0.6388,1001.0771,bumps
1561082,-0.1557,0.0759,0.9664,-2.1525,0.4200,0.6300,1001.0803,bumps
1561142,-0.1410,0.0426,0.9919,-1.6363,0.9800,0.2362,1001.0808,bumps
1561202,-0.1285,0.0305,0.9914,-0.6300,0.5425,-0.3938,1001.0679,bumps
1561262,-0.1396,0.0344,1.0117,0.4462,0.3237,-0.2975,1001.0842,bumps
1561322,-0.1479,0.0553,1.0027,0.9100,-0.2887,0.4988,1001.0898,bumps
1561382,-0.1405,0.0532,0.9906,0.7000,-0.4375,0.8838,1001.0828,bumps
1561442,-0.1161,0.0722,0.9958,1.0150,-0.2100,0.5600,1001.0867,bumps
1561502,-0.0061,0.0824,0.9758,0.7262,-0.6475,-0.0437,1001.0652,bumps
1561562,0.1035,0.0533,1.0495,0.8313,1.4875,-0.0350,1001.0730,bumps
1561622,0.0798,0.0844,0.9704,-0.2625,0.1838,0.1400,1001.0728,bumps
1561682,0.0692,0.0464,0.9579,-0.5775,-1.3825,0.8750,1001.0771,bumps
1561742,0.0342,0.0663,1.0500,0.1925,-0.1925,0.3938,1001.0720,bumps
1561802,-0.0085,0.0542,1.0377,0.2100,0.1225,0.1925,1001.0728,bumps
1561862,-0.0142,0.0432,1.0091,0.4900,0.2188,0.0613,1001.0825,bumps
1561922,0.0312,0.0800,0.9861,0.6037,0.0262,0.1138,1001.0730,bumps
1561982,0.0295,0.0342,0.9068,-0.2013,1.2687,0.4812,1001.0720,bumps
1562042,0.0998,0.0403,1.0102,0.4375,1.6800,0.2625,1001.0806,bumps
1562102,0.0349,0.0891,1.0541,0.1225,1.1025,0.1312,1001.0806,bumps
1562162,0.0000,0.0544,1.0036,-0.0262,0.0175,0.1575,1001.0728,bumps
1562222,0.0190,0.0593,1.0040,0.0525,-0.0262,0.2362,1001.0813,bumps
1562282,0.0221,0.0550,0.9875,-0.1488,-0.1050,0.4462,1001.0786,bumps
1562342,0.0463,0.0576,0.9740,0.2450,-0.2188,0.4375,1001.0708,bumps
1562402,0.0400,0.0530,0.9887,0.2013,0.5863,0.4112,1001.0796,bumps
1562462,0.0156,0.0608,0.9990,0.2887,0.0962,0.4200,1001.0774,bumps
1562522,0.0151,0.0723,0.9959,-0.0350,-0.1312,0.3587,1001.0771,bumps
1562582,0.0132,0.0610,0.9699,0.2887,-0.0175,0.2713,1001.0735,bumps
1562642,0.0432,0.0554,0.9945,-0.2800,-0.2100,0.3325,1001.0779,bumps
1562702,0.0395,0.0512,0.9821,-0.0787,0.1050,0.3237,1001.0862,bumps
1562762,0.0297,0.0718,0.9848,-0.1575,0.3150,0.4375,1001.0881,bumps
1562822,0.0207,0.0515,0.9958,0.5863,0.3413,0.4550,1001.0852,bumps
1562882,0.0200,0.0673,0.9980,0.0875,-0.2275,0.3500,1001.0791,bumps
1562942,0.0310,0.0656,1.0042,0.1138,-0.2450,0.3413,1001.0791,bumps
1563002,0.0268,0.0590,0.9892,0.0000,0.1050,0.3413,1001.0857,bumps
1563062,0.0234,0.0548,0.9918,0.3325,0.3237,0.3237,1001.0774,bumps
1563122,0.0110,0.0442,0.9870,0.0262,0.1225,0.5075,1001.0823,bumps
1563182,0.0096,0.0708,0.9909,0.8313,0.4200,0.4112,1001.0798,bumps
1563242,-0.0232,0.0508,0.9938,0.7875,0.6562,0.4550,1001.0842,bumps
1563302,-0.0346,0.0420,0.9902,0.0787,0.5950,0.8575,1001.0940,bumps
1563362,-0.1061,0.0567,0.9838,-0.2275,0.9712,1.5488,1001.0884,bumps
1563422,-0.1268,0.0236,0.9814,-0.0787,1.2337,2.0213,1001.0872,bumps
1563482,-0.1242,0.0282,0.9929,0.2713,1.4350,2.5025,1001.0859,bumps
1563542,-0.1423,0.0124,0.9814,0.2450,1.1638,3.0100,1001.0806,bumps
1563602,-0.1326,0.0147,1.0048,0.1400,0.6913,3.6312,1001.0762,bumps
1563662,-0.1325,0.0180,0.9914,0.3762,0.4375,4.4975,1001.0884,bumps
1563722,-0.1274,0.0243,0.9831,-0.3063,-0.1400,5.5388,1001.0884,bumps
1563782,-0.1075,0.0522,0.9841,-0.1925,0.6388,6.4575,1001.0798,bumps
1563842,-0.1437,0.0526,0.9782,-0.6125,1.1812,7.2450,1001.0720,bumps
1563902,-0.1529,0.0052,0.9653,-2.2137,1.9162,7.9187,1001.0713,bumps
1563962,-0.1432,0.0456,0.9565,-4.0950,2.5988,8.1987,1001.0747,bumps
1564022,-0.1066,0.0705,0.9520,-4.8825,3.5612,8.3650,1001.0769,bumps
1564082,-0.0770,0.0446,1.0566,-2.7037,2.9925,8.6713,1001.0828,bumps
1564142,-0.0534,-0.0119,1.0760,-2.3800,0.7525,8.2688,1001.0952,bumps
1564202,-0.0691,-0.0703,1.0325,-1.6275,-1.2250,7.8050,1001.1042,bumps
1564262,-0.0517,0.0021,1.0216,1.7325,-1.9512,7.2975,1001.0840,bumps
1564322,-0.0310,0.0301,1.0073,3.1675,-1.7500,7.6825,1001.0972,bumps
1564382,-0.0359,0.0708,0.9825,2.2313,-0.5600,7.5250,1001.0850,bumps
1564442,-0.0364,0.0559,0.9706,1.5312,-0.3413,6.6413,1001.0776,bumps
1564502,-0.0527,0.1135,0.9790,1.2162,0.3587,5.4775,1001.0813,bumps
1564562,-0.0320,0.0756,0.9853,0.7437,0.3063,4.5325,1001.0791,bumps
1564622,0.0041,0.1129,1.0131,-0.8662,0.1050,3.9900,1001.0813,bumps
1564682,-0.0262,0.0779,0.9943,-1.6100,0.4812,3.2900,1001.0698,bumps
1564742,-0.0350,0.0595,0.9702,-1.3388,-0.1138,2.3975,1001.0813,bumps
1564802,-0.0108,0.0691,1.0052,-0.3587,0.4550,1.3388,1001.0786,bumps
1564862,0.0237,0.0486,1.0162,1.2250,0.4288,0.4375,1001.0762,bumps
1564922,0.0834,0.0019,1.0595,3.9813,1.1025,-0.2013,1001.0789,bumps
1564982,0.0429,-0.0107,1.0348,7.1925,2.5725,-0.1225,1001.0894,bumps
1565042,0.0161,0.0290,1.0136,7.2275,4.2787,0.9275,1001.0767,bumps
1565102,0.0005,0.1197,0.9683,4.4800,3.4125,1.7938,1001.0742,bumps
1565162,-0.0147,0.1493,0.9643,2.5725,2.2050,1.8025,1001.0747,bumps
1565222,0.0256,0.1710,0.9758,-2.4325,1.1025,1.3475,1001.0752,bumps
1565282,0.0223,0.1661,0.9753,-7.7787,0.9538,0.6913,1001.0691,bumps
1565342,-0.0039,0.1252,0.9560,-12.5300,1.2162,0.1312,1001.0684,bumps
1565402,-0.0079,0.0819,0.9453,-14.8837,1.4438,-0.0613,1001.0706,bumps
1565462,-0.0647,0.0022,0.9294,-14.8837,0.4288,-0.2100,1001.0686,bumps
1565522,-0.0454,-0.1161,0.9845,-11.4800,-1.3563,-0.1838,1001.0742,bumps
1565582,-0.0573,-0.1875,1.0017,-3.0013,-2.5638,-0.2800,1001.0859,bumps
1565642,-0.0497,-0.1554,1.0138,5.1013,-3.1588,0.0175,1001.0869,bumps
1565702,-0.0695,-0.1120,0.9565,9.7650,-3.6750,0.4288,1001.0830,bumps
1565762,-0.0607,-0.0061,0.9433,14.5600,-3.4213,0.6825,1001.0862,bumps
1565822,-0.0223,0.0761,0.9503,15.1987,-2.4588,0.8313,1001.0764,bumps
1565882,0.0106,0.1669,1.0458,8.0238,-1.6800,1.0588,1001.0762,bumps
1565942,0.0224,0.2525,1.1061,1.3475,-0.8138,0.9800,1001.0852,bumps
1566002,0.0239,0.1934,1.1046,-3.3600,0.0787,0.2537,1001.0898,bumps
1566062,-0.0007,0.0961,1.0615,-4.9437,1.2425,-0.9013,1001.0833,bumps
1566122,-0.0020,-0.0078,0.9848,-5.6350,1.2425,-1.3388,1001.0762,bumps
1566182,0.0007,-0.0589,0.9909,-3.2900,1.3913,-0.4900,1001.0884,bumps
1566242,-0.0057,-0.0609,0.9655,-0.7788,0.2450,0.7613,1001.0818,bumps
1566302,0.0120,-0.0317,0.9799,2.2487,0.1050,1.1725,1001.0708,bumps
1566362,0.0045,0.0159,0.9904,4.0775,0.0787,1.0675,1001.0737,bumps
1566422,0.0228,0.0593,1.0180,4.0338,0.3063,0.6388,1001.0688,bumps
1566482,0.0036,0.1040,1.0127,2.1088,0.2100,0.4988,1001.0750,bumps
1566542,-0.0005,0.1093,1.0050,0.3413,0.2450,0.7700,1001.0752,bumps
1566602,0.0434,0.0632,1.0179,-2.0300,-0.3762,0.6562,1001.0796,bumps
1566662,0.0245,0.0073,1.0387,0.0262,-1.4088,-0.8750,1001.0845,bumps
1566722,0.0276,-0.0392,1.0472,3.2900,-3.3425,-1.4000,1001.0886,bumps
1566782,0.0290,0.0196,1.0050,5.1275,-3.7538,-0.3063,1001.0913,bumps
1566842,0.0227,0.0977,0.9618,3.2200,-2.6600,0.9712,1001.0798,bumps
1566902,0.0783,0.1387,0.9659,1.3825,-1.6363,1.4000,1001.0725,bumps
1566962,0.0593,0.2289,0.9764,-1.8375,-1.2950,0.7613,1001.0767,bumps
1567022,0.0174,0.2208,0.9506,-6.5887,-0.4638,-0.6737,1001.0691,bumps
1567082,0.0342,0.1174,0.9357,-10.2113,0.0787,-2.0038,1001.0640,bumps
1567142,-0.0013,0.1069,0.8789,-11.3575,0.9712,-2.6688,1001.0686,bumps
1567202,0.0841,-0.0698,0.9989,-8.7937,3.5350,-3.2200,1001.0640,bumps
1567262,0.0327,-0.1690,0.9977,-2.4938,3.4825,-4.5850,1001.0864,bumps
1567322,-0.0239,-0.1591,0.9900,4.5325,4.1562,-5.2413,1001.0791,bumps
1567382,-0.0410,-0.0376,0.9362,9.4675,6.3000,-5.1625,1001.0852,bumps
1567442,0.0226,0.0427,1.0253,10.4475,6.3088,-4.5413,1001.0913,bumps
1567502,0.0185,0.1732,1.0746,8.2775,3.6575,-3.7800,1001.0745,bumps
1567562,-0.0247,0.2104,1.0866,3.1675,0.2975,-3.8850,1001.0955,bumps
1567622,-0.0187,0.1801,1.0521,-1.7062,-1.5575,-5.0487,1001.0974,bumps
1567682,0.0088,0.1125,1.0072,-4.1300,-3.0013,-5.8713,1001.0962,bumps
1567742,0.0207,0.0241,0.9992,-3.9813,-1.2775,-6.0813,1001.0837,bumps
1567802,-0.0039,0.0262,0.9435,-2.4237,-0.0525,-5.9938,1001.0789,bumps
1567862,0.0146,-0.0265,0.9597,-0.8662,0.2013,-5.4775,1001.0884,bumps
1567922,-0.0134,0.0088,0.9620,1.8112,0.5163,-5.4600,1001.0754,bumps
1567982,-0.0003,0.0099,0.9676,2.8087,0.4988,-5.6087,1001.0750,bumps
1568042,0.0242,0.0755,1.0246,2.5812,0.3237,-5.5300,1001.0747,bumps
1568102,-0.0093,0.0800,0.9931,1.9950,-0.0350,-5.5912,1001.0898,bumps
1568162,-0.0056,0.0922,1.0063,0.9975,-0.5250,-5.6087,1001.0850,bumps
1568222,0.0307,0.0776,0.9933,-0.6825,-0.3762,-5.5650,1001.0859,bumps
1568282,0.0178,0.0508,1.0134,-1.8112,0.0000,-5.5912,1001.0833,bumps
1568342,0.0022,0.0685,0.9945,-1.2513,0.1400,-5.8713,1001.0815,bumps
1568402,-0.0063,0.0390,0.9724,-0.2975,0.4200,-5.9675,1001.0796,bumps
1568462,0.0090,0.0541,0.9879,-0.1838,0.3150,-5.9062,1001.0818,bumps
1568522,-0.0020,0.0164,0.9821,0.5425,-0.2188,-5.5125,1001.0850,bumps
1568582,0.0254,0.0364,0.9850,0.2275,-0.5950,-5.4075,1001.0781,bumps
1568642,0.0279,0.0586,0.9862,0.3237,-0.0787,-5.4075,1001.0798,bumps
1568702,0.0574,0.0440,1.0022,0.3237,-0.7700,-5.3025,1001.0740,bumps
1568762,0.0649,0.0425,0.9855,-0.0525,-0.6300,-5.1013,1001.0828,bumps
1568822,0.0916,0.0550,1.0039,-0.2537,-0.4288,-4.5325,1001.0852,bumps
1568882,0.1035,0.0162,1.0188,-0.3762,-0.4200,-3.8675,1001.0854,bumps
1568942,0.1227,0.0229,1.0018,-0.3675,-0.2362,-3.2725,1001.0835,bumps
1569002,0.0927,0.0042,0.9877,-0.0962,0.0613,-2.7825,1001.0857,bumps
1569062,0.1074,0.0199,0.9987,-0.1575,0.6125,-2.3537,1001.0874,bumps
1569122,0.1164,0.0312,0.9892,-0.4375,0.3500,-1.9425,1001.0830,bumps
1569182,0.1132,0.0201,1.0006,0.3850,0.1400,-1.4000,1001.0845,bumps
1569242,0.1118,0.0063,0.9926,0.5775,0.0525,-1.0063,1001.0867,bumps
1569302,0.0990,0.0098,0.9924,-0.2450,-0.2800,-0.4988,1001.0918,bumps
1569362,0.1142,0.0515,1.0207,0.8313,0.3413,-0.1838,1001.0881,bumps
1569422,0.1044,0.0091,0.9902,0.1575,-0.2188,0.2362,1001.0872,bumps
1569482,0.1173,0.0184,0.9904,0.0962,-0.0525,0.4375,1001.0874,bumps
1569542,0.1169,0.0568,1.0011,0.2100,0.0437,0.4725,1001.0886,bumps
1569602,0.1113,0.0432,0.9912,0.3675,0.3413,0.5600,1001.0908,bumps
1569662,0.1088,0.0368,0.9880,0.4550,-0.0088,0.2362,1001.0920,bumps
1569722,0.1128,0.0317,0.9830,0.3762,0.0262,0.0787,1001.0857,bumps
1569782,0.1033,0.0566,0.9864,0.4812,0.0437,0.1138,1001.0920,bumps
1569842,0.1128,0.0337,0.9859,0.2887,-0.1050,0.2625,1001.0979,bumps
1569902,0.1169,0.0483,1.0082,0.1663,0.1050,0.4025,1001.0859,bumps
1569962,0.1147,0.0325,0.9981,0.0000,0.0787,0.2975,1001.0955,bumps
1570022,0.1110,0.0351,0.9972,0.1225,0.0350,0.1050,1001.0793,bumps
1570082,0.1016,0.0310,0.9864,0.3762,0.1838,0.0262,1001.0959,bumps
1570142,0.1022,0.0368,1.0048,0.4025,0.3325,0.1488,1001.0967,bumps
1570202,0.0969,0.0402,0.9990,0.1400,0.3850,0.3150,1001.0872,bumps
1570262,0.0903,0.0348,0.9936,0.2800,0.1400,0.3587,1001.0845,bumps
1570322,0.0961,0.0366,0.9902,0.5688,0.1575,0.2800,1001.0840,bumps
1570382,0.0925,0.0370,1.0003,0.0088,0.1488,0.2362,1001.1013,bumps
1570442,0.0863,0.0436,0.9898,0.3237,0.4200,0.1838,1001.0840,bumps
1570502,0.0870,0.0466,0.9823,0.6388,0.0875,0.0175,1001.0911,bumps
1570562,0.0810,0.0306,0.9884,-0.0262,0.1225,-0.0700,1001.0906,bumps
1570622,0.0811,0.0342,0.9904,0.0700,0.1138,0.1750,1001.0916,bumps
1570682,0.0776,0.0376,0.9970,0.3150,0.1575,0.2450,1001.0903,bumps
1570742,0.0705,0.0361,1.0011,0.1488,0.1312,0.2800,1001.0955,bumps
1570802,0.0461,0.0346,0.9966,0.2100,0.3675,0.1750,1001.0903,bumps
1570862,-0.0029,0.0425,1.0072,0.2362,0.3938,0.1838,1001.0969,bumps
1570922,-0.0148,0.0334,1.0049,0.0875,0.2362,0.2275,1001.0991,bumps
1570982,-0.0141,0.0398,0.9934,0.2450,0.5250,0.2188,1001.0977,bumps
1571042,0.0012,0.0349,0.9758,0.3237,0.2800,0.2887,1001.0908,bumps
1571102,0.0149,0.0310,0.9787,0.3413,0.5163,0.2537,1001.0981,bumps
1571162,0.0220,0.0391,0.9860,0.3938,0.1925,0.2537,1001.0842,bumps
1571222,0.0061,0.0369,0.9925,0.2713,0.1225,0.2362,1001.0862,bumps
1571282,0.0038,0.0389,0.9981,0.2275,0.0525,0.2887,1001.0918,bumps
1571342,0.0100,0.0404,0.9869,0.7437,-0.4638,0.1488,1001.0945,bumps
1571402,0.0226,0.0486,1.0278,0.6737,-0.4812,0.2800,1001.0935,bumps
1571462,0.0079,0.0329,0.9977,0.3063,0.4112,0.1488,1001.0986,bumps
1571522,0.0099,0.0409,0.9972,0.1663,-0.1575,0.2537,1001.0908,bumps
1571582,-0.0012,0.0368,0.9780,0.3587,-0.2713,0.3500,1001.0940,bumps
1571642,-0.0098,0.0386,0.9930,0.3762,0.3150,0.2450,1001.0935,bumps
1571702,0.0088,0.0464,0.9970,0.1750,-0.0437,0.2362,1001.0886,bumps
1571762,-0.0020,0.0390,0.9899,0.2625,0.0700,0.2975,1001.0867,bumps
1571822,0.0293,0.0461,1.0131,0.0787,0.3063,0.1663,1001.0811,bumps
1571882,0.0187,0.0473,1.0009,0.2275,-0.0525,0.1488,1001.0947,bumps
1571942,0.0043,0.0370,0.9941,0.1838,0.1488,0.1225,1001.0964,bumps
1572002,0.0063,0.0327,0.9958,0.0613,0.0000,0.1488,1001.0999,bumps
1572062,0.0037,0.0412,0.9955,0.1225,-0.0787,0.1750,1001.0930,bumps
1572122,0.0083,0.0459,0.9902,0.3150,0.0787,0.2537,1001.0889,bumps
1572182,0.0146,0.0364,0.9964,0.2188,0.2013,0.1138,1001.0918,bumps
1572242,0.0098,0.0422,1.0031,0.2450,0.2013,0.2013,1001.0901,bumps
1572302,0.0110,0.0386,0.9970,0.0613,0.3237,0.2450,1001.0984,bumps
1572362,0.0242,0.0429,0.9947,0.1575,0.0875,0.2625,1001.0911,bumps
1572422,0.0583,0.0488,1.0075,0.1925,-0.0088,0.2362,1001.0806,bumps
1572482,0.0603,0.0434,0.9900,0.4550,-0.0613,0.1838,1001.0859,bumps
1572542,0.0774,0.0298,0.9964,0.1925,-0.2625,0.1925,1001.0874,bumps
1572602,0.0778,0.0381,0.9858,-0.0437,-0.5775,0.2713,1001.0928,bumps
1572662,0.0769,0.0537,1.0080,0.3237,0.2188,0.2450,1001.0840,bumps
1572722,0.0853,0.0483,0.9945,-0.0875,0.0350,0.2100,1001.0818,bumps
1572782,0.0744,0.0346,0.9865,0.2275,0.1225,0.2800,1001.0842,bumps
1572842,0.0727,0.0414,0.9945,0.3587,0.1838,0.0875,1001.0850,bumps
1572902,0.0761,0.0361,0.9945,0.2887,0.2013,0.1050,1001.0789,bumps
1572962,0.0783,0.0401,0.9950,0.2100,0.1663,0.1225,1001.0864,bumps
1573022,0.0812,0.0469,0.9972,0.1050,-0.0175,0.1312,1001.0881,bumps
1573082,0.0761,0.0508,0.9877,0.2275,0.2450,-0.0175,1001.0798,bumps
1573142,0.0783,0.0447,0.9931,0.1488,0.0350,-0.1138,1001.0881,bumps
1573202,0.0725,0.0420,0.9989,0.0613,0.0613,-0.2887,1001.0857,bumps
1573262,0.0733,0.0402,0.9977,0.2713,0.1488,-0.3675,1001.0894,bumps
1573322,0.0671,0.0332,0.9936,0.0088,0.1925,-0.3500,1001.0769,bumps
1573382,0.0649,0.0371,0.9914,0.1750,0.1225,-0.5863,1001.0852,bumps
1573442,0.0668,0.0510,0.9975,0.0875,0.1312,-0.5775,1001.0850,bumps
1573502,0.0627,0.0329,0.9950,0.1400,0.2013,-0.5775,1001.0967,bumps
1573562,0.0598,0.0550,0.9989,0.3413,0.5250,-0.7613,1001.0862,bumps
1573622,0.0663,0.0388,0.9942,0.2275,0.3237,-0.7875,1001.0767,bumps
1573682,0.0590,0.0388,0.9984,0.3500,0.1225,-0.7962,1001.0918,bumps
1573742,0.0581,0.0276,1.0024,0.0962,0.3325,-0.7262,1001.0750,bumps
1573802,0.0650,0.0422,1.0002,0.3413,0.0088,-0.6825,1001.0964,bumps
1573862,0.0556,0.0312,0.9896,0.4112,0.2362,-0.7613,1001.0886,bumps
1573922,0.0659,0.0549,0.9977,0.3063,0.0787,-0.8838,1001.0957,bumps
1573982,0.0545,0.0201,0.9970,0.1663,0.0875,-0.7700,1001.0833,bumps
1574042,0.0481,0.0381,1.0019,0.2887,0.2188,-0.8487,1001.0862,bumps
1574102,0.0449,0.0404,0.9895,-0.2800,0.0262,-0.9013,1001.0930,bumps
1574162,0.0488,0.0462,0.9999,0.1838,0.4638,-0.9187,1001.0764,bumps
1574222,0.0512,0.0376,0.9927,-0.1663,0.2362,-0.8750,1001.0872,bumps
1574282,0.0493,0.0260,0.9872,-0.0700,0.1575,-0.9800,1001.0774,bumps
1574342,0.0446,0.0524,0.9941,-0.0437,-0.1488,-0.9275,1001.0842,bumps
1574402,0.0454,0.0246,0.9980,0.2013,0.1838,-0.9275,1001.0818,bumps
1574462,0.0463,0.0267,1.0116,0.1050,0.1925,-0.9362,1001.0833,bumps
1574522,0.0458,0.0352,0.9953,0.2450,0.0875,-1.0762,1001.0925,bumps
1574582,0.0498,0.0329,0.9797,0.3150,-0.1400,-1.0500,1001.0850,bumps
1574642,0.0513,0.0590,0.9939,-0.0525,0.2188,-0.5688,1001.0876,bumps
1574702,0.0359,0.0363,0.9745,-0.5775,0.0525,-0.4200,1001.0869,bumps
1574762,0.0514,0.0251,0.9972,-0.2100,0.2450,-0.4988,1001.0916,bumps
1574822,0.0447,0.0298,1.0040,-0.0875,0.4025,-0.6825,1001.0881,bumps
1574882,0.0429,0.0278,0.9918,0.2537,0.1838,-0.5950,1001.0886,bumps
1574942,0.0378,0.0229,1.0006,-0.2450,0.0613,-0.3675,1001.0908,bumps
1575002,0.0381,0.0409,1.0182,0.0613,0.3587,-0.1750,1001.0881,bumps
1575062,0.0293,0.0268,0.9964,-0.2275,0.1400,-0.0613,1001.0940,bumps
1575122,0.0312,0.0367,0.9858,0.1138,0.2100,-0.0262,1001.0977,bumps
1575182,0.0346,0.0290,0.9980,0.0437,0.3587,-0.2188,1001.0906,bumps
1575242,0.0405,0.0268,1.0157,-0.1225,0.5163,0.1750,1001.0879,bumps
1575302,0.0187,0.0227,0.9794,0.3150,-0.0787,0.2887,1001.0869,bumps
1575362,0.0295,0.0293,1.0055,0.7613,0.2362,0.4725,1001.0957,bumps
1575422,0.0310,0.0151,1.0013,0.9887,0.4288,0.3325,1001.0725,bumps
1575482,0.0281,0.0390,1.0030,0.4812,0.3150,0.5688,1001.0859,bumps
1575542,0.0341,0.0166,0.9900,0.6562,-0.0088,0.7875,1001.0857,bumps
1575602,0.0222,0.0098,0.9736,0.9100,-0.4375,0.6650,1001.0808,bumps
1575662,0.0312,0.0356,0.9673,0.3850,0.1312,0.6562,1001.0842,bumps
1575722,0.0283,0.0359,0.9814,0.6562,-0.1312,0.7613,1001.0864,bumps
1575782,0.0175,0.0585,0.9905,0.5950,0.2013,0.5688,1001.0999,bumps
1575842,0.0305,0.0429,0.9894,0.0088,-0.3762,0.6212,1001.0874,bumps
1575902,0.0198,0.0730,0.9870,-0.1138,0.4550,0.4112,1001.0811,bumps
1575962,0.0244,0.0293,1.0150,-0.1225,0.7000,0.3325,1001.0911,bumps
1576022,0.0308,0.0339,1.0029,-0.6562,0.1138,0.4550,1001.0818,bumps
1576082,0.0202,0.0395,1.0194,-0.2362,0.3237,0.6388,1001.0784,bumps
1576142,0.0100,0.0237,0.9912,0.2275,-0.1575,0.8138,1001.0854,bumps
1576202,0.0090,0.0290,0.9797,0.3762,-0.4112,0.7000,1001.0808,bumps
1576262,0.0137,0.0605,0.9645,0.6650,-0.0350,0.5425,1001.0981,bumps
1576322,0.0488,0.0324,1.0236,0.1225,-0.1925,0.7437,1001.0891,bumps
1576382,0.0024,0.0548,0.9658,-0.2713,-0.1225,0.6825,1001.0840,bumps
1576442,0.0251,0.0183,1.0072,0.3500,0.0787,0.7175,1001.0859,bumps
1576502,0.0051,0.0418,0.9863,0.2100,0.5950,0.5863,1001.0935,bumps
1576562,-0.0237,0.0151,1.0363,0.5512,0.9362,0.4812,1001.0825,bumps
1576622,-0.0708,0.1183,1.0948,-1.5838,-0.5250,0.7437,1001.0935,bumps
1576682,-0.0648,0.0285,1.1250,-3.1150,-4.9963,1.4175,1001.0989,bumps
1576742,-0.0486,-0.0176,1.0602,-1.6625,-8.0588,1.2075,1001.1038,bumps
1576802,0.0267,-0.0139,0.9770,0.5512,-7.9975,-0.1488,1001.0874,bumps
1576862,0.0542,0.0124,0.9033,1.5137,-5.8100,-0.1838,1001.0674,bumps
1576922,0.0739,-0.0193,0.8530,3.7100,-2.3363,0.5337,1001.0640,bumps
1576982,0.0922,0.0373,0.8579,3.4213,1.4088,1.0850,1001.0620,bumps
1577042,0.0952,0.0476,0.8893,4.1038,4.3837,0.8575,1001.0637,bumps
1577102,0.1083,0.0593,0.9136,4.0512,6.1075,0.1750,1001.0684,bumps
1577162,0.0988,0.0877,0.9637,2.8438,8.2425,-0.1575,1001.0718,bumps
1577222,0.0796,0.1305,1.0302,-0.5688,8.0325,0.1225,1001.0881,bumps
1577282,-0.0042,0.1398,1.0983,-3.7975,6.5450,1.3475,1001.0930,bumps
1577342,-0.0215,0.0400,1.1381,-5.1275,2.6950,1.3388,1001.1062,bumps
1577402,-0.0065,-0.0159,1.1654,-2.5200,-1.1638,0.2713,1001.1069,bumps
1577462,-0.0085,-0.0248,1.0314,0.5600,-3.3250,-0.5425,1001.1155,bumps
1577522,0.0392,0.0032,0.9931,1.3125,-3.3075,-0.0525,1001.1011,bumps
1577582,0.0392,0.0234,0.9518,2.1000,-1.9863,1.1550,1001.0862,bumps
1577642,0.0237,0.0591,0.9472,2.1350,-0.2362,1.4612,1001.0815,bumps
1577702,0.0284,0.0490,0.9559,1.5050,-0.1050,0.9538,1001.0857,bumps
1577762,0.0342,0.0767,1.0007,1.1638,0.7175,0.3413,1001.0818,bumps
1577822,0.0076,0.0641,0.9902,-0.4988,0.7262,0.1225,1001.0906,bumps
1577882,0.0234,0.0612,1.0002,-1.6800,0.4025,0.4462,1001.0955,bumps
1577942,0.0110,0.0468,1.0072,-1.5750,0.1838,0.8138,1001.0923,bumps
1578002,0.0137,0.0315,0.9953,-1.1463,0.1400,0.6562,1001.0876,bumps
1578062,0.0291,-0.0002,1.0226,-0.2013,0.4200,0.5163,1001.0837,bumps
1578122,0.0140,0.0388,0.9887,0.8050,0.3500,0.4200,1001.0854,bumps
1578182,0.0110,0.0264,0.9900,1.0063,0.1838,0.6562,1001.0918,bumps
1578242,0.0165,0.0556,0.9801,0.8838,-0.1488,0.9275,1001.0854,bumps
1578302,-0.0451,0.1008,1.0285,0.1400,0.8750,0.4375,1001.0925,bumps
1578362,-0.0722,0.0454,1.0633,-4.9788,2.5812,-0.2713,1001.1018,bumps
1578422,-0.0695,0.1272,1.1843,-4.3400,5.2150,1.2162,1001.0925,bumps
1578482,-0.0905,-0.0117,1.0978,-2.2925,8.4875,1.5925,1001.0962,bumps
1578542,-0.0203,-0.1266,0.9803,-0.2100,7.3238,0.5688,1001.0928,bumps
1578602,-0.0419,-0.0239,0.8557,2.5200,4.4275,0.2800,1001.0740,bumps
1578662,-0.0056,-0.0046,0.8269,5.8275,0.9187,0.9013,1001.0818,bumps
1578722,-0.0010,0.0192,0.8342,6.9037,-2.2400,1.4350,1001.0669,bumps
1578782,0.0285,0.0466,0.8638,6.7550,-4.2700,1.5662,1001.0659,bumps
1578842,0.0714,0.0662,0.8918,6.6150,-6.3000,1.1287,1001.0720,bumps
1578902,0.0349,0.1344,0.9558,3.5787,-7.9100,0.2100,1001.0811,bumps
1578962,0.0766,0.2065,1.0139,-2.9925,-8.8025,-0.3413,1001.0828,bumps
1579022,0.0268,0.1786,1.0904,-7.6562,-6.6238,0.7525,1001.0872,bumps
1579082,0.0564,0.0605,1.1741,-7.2888,-2.1437,1.1463,1001.0942,bumps
1579142,0.0813,-0.0664,1.1678,-4.7950,1.9075,0.3675,1001.1157,bumps
1579202,0.0178,-0.0601,1.0883,0.0875,4.2525,-0.2625,1001.1145,bumps
1579262,0.0154,-0.0313,0.9861,2.5812,3.9375,0.2362,1001.1089,bumps
1579322,-0.0339,0.0154,0.9269,3.6488,1.9688,1.3475,1001.0872,bumps
1579382,-0.0326,0.0763,0.9026,3.0538,0.4462,1.6537,1001.0771,bumps
1579442,-0.0368,0.0842,0.9584,2.9137,0.0787,1.0063,1001.0779,bumps
1579502,-0.0508,0.1005,0.9844,1.9863,-0.1925,0.0350,1001.0808,bumps
1579562,-0.0340,0.0620,0.9934,-0.8575,-0.5425,-0.2013,1001.0864,bumps
1579622,-0.0464,0.0742,1.0140,-1.6187,-0.4288,0.4725,1001.0872,bumps
1579682,-0.0588,0.0317,1.0294,-1.9075,-0.0613,0.8925,1001.0925,bumps
1579742,-0.0495,0.0112,1.0034,-1.1287,-0.0613,0.8400,1001.0967,bumps
1579802,-0.0464,0.0124,1.0146,0.1225,0.1312,0.5163,1001.0974,bumps
1579862,-0.0534,0.0412,1.0030,1.2162,0.0787,0.3237,1001.0920,bumps
1579922,-0.0454,0.0398,1.0066,0.8925,-0.3587,0.5512,1001.0791,bumps
1579982,-0.0636,0.0522,0.9868,0.7788,0.0350,0.8575,1001.0935,bumps
1580042,-0.0552,0.0553,0.9851,0.0962,-0.2713,0.7525,1001.0835,bumps
1580102,-0.0594,0.0387,0.9885,0.3675,0.0000,0.4200,1001.0850,bumps
1580162,-0.0650,0.0647,0.9770,0.1575,0.2100,0.2625,1001.0789,bumps
1580222,-0.0603,0.0270,0.9716,0.3150,-0.1400,0.2887,1001.0833,bumps
1580282,-0.0558,0.0315,0.9839,0.0000,0.2537,0.4288,1001.0835,bumps
1580342,-0.0515,0.0551,0.9941,-0.1050,0.0175,0.5863,1001.0901,bumps
1580402,-0.0580,0.0187,0.9995,0.2362,0.0875,0.6650,1001.0830,bumps
1580462,-0.0451,0.0659,0.9982,0.3938,0.0962,0.4725,1001.0891,bumps
1580522,-0.0456,0.0420,0.9895,0.0262,-0.3587,0.3237,1001.0762,bumps
1580582,-0.0373,0.0378,0.9975,0.3413,-0.0175,0.2537,1001.0889,bumps
1580642,-0.0559,0.0508,1.0001,-0.0088,0.1925,0.3500,1001.0845,bumps
1580702,-0.0725,0.0461,1.0057,0.4812,0.4550,0.5163,1001.0859,bumps
1580762,-0.0805,0.0465,0.9934,0.2450,0.3325,0.5163,1001.0925,bumps
1580822,-0.0698,0.0340,1.0067,0.4025,0.3675,0.3938,1001.0881,bumps
1580882,-0.0878,0.0453,1.0041,0.1750,0.0962,0.3063,1001.0828,bumps
1580942,-0.0941,0.0517,0.9965,0.3325,0.2537,0.3150,1001.0920,bumps
1581002,-0.0849,0.0495,1.0020,0.0350,0.2450,0.3850,1001.0789,bumps
1581062,-0.0949,0.0414,0.9921,0.1575,0.2013,0.3500,1001.0933,bumps
1581122,-0.1057,0.0489,0.9868,0.2013,0.1488,0.2625,1001.0850,bumps
1581182,-0.1022,0.0420,0.9845,0.2625,0.1400,0.1663,1001.0903,bumps
1581242,-0.0964,0.0403,0.9990,0.3150,-0.0787,0.2975,1001.0918,bumps
1581302,-0.1078,0.0354,0.9883,0.1138,-0.0350,0.3675,1001.0801,bumps
1581362,-0.1100,0.0388,0.9861,0.0875,-0.0088,0.4025,1001.0876,bumps
1581422,-0.1022,0.0503,0.9997,0.3675,0.0962,0.2800,1001.0901,bumps
1581482,-0.1010,0.0406,0.9909,0.1663,-0.0350,0.2625,1001.0801,bumps
1581542,-0.0927,0.0479,0.9990,0.2450,0.0787,0.2013,1001.1008,bumps
1581602,-0.0600,0.0437,0.9933,0.1050,-0.2713,0.2713,1001.0891,bumps
1581662,-0.0037,0.0437,0.9712,0.0613,-0.2013,0.2713,1001.0776,bumps
1581722,0.0644,0.0483,0.9748,0.3325,-0.2800,0.2975,1001.0869,bumps
1581782,0.0753,0.0483,0.9987,0.2362,-0.3150,0.1575,1001.0879,bumps
1581842,0.0342,0.0386,1.0088,0.3413,0.1138,0.2188,1001.0806,bumps
1581902,0.0081,0.0622,1.0288,0.1488,-0.0787,0.2188,1001.0967,bumps
1581962,-0.0257,0.0281,0.9904,0.0875,0.0350,0.4200,1001.0955,bumps
1582022,-0.0254,0.0226,0.8818,-0.3150,0.8838,0.1400,1001.0969,bumps
1582082,-0.0156,0.0318,0.9003,0.1312,-0.7175,0.4200,1001.0774,bumps
1582142,0.0419,0.0335,0.9913,-0.1838,-0.4200,-0.1750,1001.0984,bumps
1582202,0.0151,0.0425,0.9848,0.0613,0.2188,0.2625,1001.0779,bumps
1582262,-0.0007,0.0551,1.0177,-0.0088,0.2625,0.3325,1001.0984,bumps
1582322,-0.0066,0.0388,0.9958,0.3938,0.0525,0.2275,1001.1001,bumps
1582382,0.0181,0.0422,0.9944,0.1488,-0.1138,0.1838,1001.0947,bumps
1582442,0.0247,0.0398,0.9914,0.1138,-0.0613,0.2013,1001.0925,bumps
1582502,0.0290,0.0407,1.0011,0.1400,0.2625,0.2887,1001.0903,bumps
1582562,-0.0046,0.0098,0.9984,-0.3150,0.7350,0.2362,1001.0989,bumps
1582622,-0.0425,-0.0099,0.9618,0.8313,1.3913,0.2275,1001.0891,bumps
1582682,-0.0344,0.0261,0.9699,0.5512,0.1225,0.2275,1001.0925,bumps
1582742,-0.0015,0.0309,1.0145,0.8050,0.4550,0.4200,1001.0857,bumps
1582802,0.0176,0.0462,0.9820,0.2013,-0.0437,0.3587,1001.0908,bumps
1582862,0.0134,0.0328,0.9914,0.0787,0.0787,0.2800,1001.0813,bumps
1582922,0.0221,0.0490,0.9948,0.2975,0.1488,0.1225,1001.0950,bumps
1582982,-0.0019,0.0127,0.9958,-0.1138,-0.0787,0.4200,1001.0906,bumps
1583042,0.0300,0.0695,1.0236,0.4725,-0.0700,0.0350,1001.0952,bumps
1583102,0.0402,0.0517,1.0097,-0.0262,-0.1575,0.2713,1001.0906,bumps
1583162,0.0091,0.0244,1.0104,0.2362,0.4462,0.2625,1001.0884,bumps
1583222,0.0232,0.0559,0.9844,-0.2100,-0.1225,0.3500,1001.0928,bumps
1583282,-0.0125,0.0188,0.9933,0.2275,0.1225,0.3237,1001.0872,bumps
1583342,0.0147,0.0495,0.9987,0.0875,0.0437,0.2537,1001.0955,bumps
1583402,0.0192,0.0410,0.9897,0.3938,-0.1750,0.2013,1001.0920,bumps
1583462,0.0240,0.0526,1.0014,0.2100,0.0613,0.2188,1001.0981,bumps
1583522,0.0087,0.0339,0.9933,0.0175,0.5163,0.1400,1001.0925,bumps
1583582,-0.0134,0.0378,0.9682,-0.0437,-0.0962,0.2625,1001.0962,bumps
1583642,-0.0329,0.0306,1.0089,0.3587,0.8750,0.1925,1001.0913,bumps
1583702,-0.0446,0.0425,1.0034,0.2625,0.7262,-0.0088,1001.0935,bumps
1583762,-0.1526,0.0637,0.9945,0.4812,1.2337,0.2887,1001.0955,bumps
1583822,-0.1652,0.0576,1.0275,0.1488,1.5662,0.2713,1001.0896,bumps
1583882,-0.1430,0.0196,0.9853,0.1838,0.8050,0.1838,1001.1003,bumps
1583942,-0.1555,0.0563,1.0034,0.3325,1.1113,0.2537,1001.0889,bumps
1584002,-0.0913,0.0327,1.0582,-0.2100,0.1663,0.4288,1001.0898,bumps
1584062,-0.1071,0.0293,0.9765,0.0875,-0.5775,0.3237,1001.0906,bumps
1584122,-0.0592,0.0478,0.9917,0.0088,-1.3125,0.3063,1001.0918,bumps
1584182,-0.0625,0.0271,0.9755,-0.0088,-1.2862,0.3150,1001.0930,bumps
1584242,-0.0544,0.0437,0.9816,0.6650,-0.6737,0.2800,1001.0908,bumps
1584302,-0.0387,0.0315,1.0204,-0.0350,-0.4375,0.4812,1001.0947,bumps
1584362,-0.0634,0.0434,0.9718,0.3325,-0.5775,0.4988,1001.0955,bumps
1584422,-0.0467,0.0515,0.9945,0.5775,0.4550,0.4638,1001.0962,bumps
1584482,-0.0476,0.0510,1.0336,0.2275,0.7350,0.4200,1001.0884,bumps
1584542,-0.0498,0.0389,0.9919,0.3150,-0.3850,0.3500,1001.0857,bumps
1584602,-0.0392,0.0448,1.0019,0.2100,-0.0175,0.4375,1001.0906,bumps
1584662,-0.0546,0.0309,0.9521,-0.0613,-0.0875,0.7262,1001.0769,bumps
1584722,-0.0346,0.0376,0.9990,0.1488,0.2450,0.6125,1001.0981,bumps
1584782,-0.0331,0.0454,1.0141,-0.1225,0.2188,0.6037,1001.0791,bumps
1584842,-0.0504,0.0249,0.9660,0.2800,-0.3237,0.5337,1001.1011,bumps
1584902,-0.0332,0.0432,0.9909,0.1488,0.0525,0.6212,1001.0940,bumps
1584962,-0.0293,0.0195,1.0248,0.3325,0.5075,0.7525,1001.0942,bumps
1585022,-0.0293,0.0584,1.0028,0.2450,-0.3325,0.6737,1001.0840,bumps
1585082,-0.0115,0.0474,1.0089,-0.0787,-0.0787,0.7788,1001.0879,bumps
1585142,-0.0393,0.0408,0.9633,0.1575,0.1138,0.5512,1001.0813,bumps
1585202,-0.0281,0.0335,0.9919,0.6825,0.5425,0.4900,1001.0818,bumps
1585262,-0.0210,0.0525,0.9989,-0.1400,-0.0350,0.6562,1001.0872,bumps
1585322,-0.0373,0.0230,0.9517,0.0350,-0.4025,0.6388,1001.0811,bumps
1585382,-0.0132,0.0608,1.0090,0.7700,0.5337,0.6300,1001.0833,bumps
1585442,-0.0203,0.0321,1.0055,0.4988,0.1050,0.5950,1001.0879,bumps
1585502,-0.0305,0.0378,0.9784,0.1138,0.0088,0.6388,1001.0840,bumps
1585562,-0.0187,0.0655,1.0094,0.8138,0.7175,0.6650,1001.0879,bumps
1585622,-0.0370,0.0430,0.9755,-0.0613,0.5075,0.7175,1001.0715,bumps
1585682,-0.0303,0.0576,0.9946,0.5688,0.2713,0.6300,1001.0889,bumps
1585742,-0.0066,0.0625,1.0214,-0.1488,0.2188,0.6388,1001.0938,bumps
1585802,-0.0244,0.0354,0.9660,0.2188,-0.0700,0.4288,1001.0862,bumps
1585862,-0.0024,0.0436,0.9996,0.0000,0.4462,0.6475,1001.0818,bumps
1585922,-0.0051,0.0364,1.0258,0.1925,0.7788,0.8838,1001.0789,bumps
1585982,-0.0337,0.0371,0.9633,0.3850,-0.3063,0.6475,1001.0781,bumps
1586042,-0.0068,0.0634,0.9829,0.0525,-0.1488,0.7613,1001.0859,bumps
1586102,-0.0246,0.0278,0.9696,0.1663,0.5775,0.5512,1001.0715,bumps
1586162,-0.0187,0.0423,0.9847,0.1050,0.3850,0.5688,1001.0845,bumps
1586222,-0.0024,0.0434,1.0124,-0.1925,0.3063,0.7000,1001.0776,bumps
1586282,-0.0246,0.0488,0.9877,0.4375,0.4638,0.6562,1001.0757,bumps
1586342,-0.0032,0.0420,1.0008,0.3413,-0.2800,0.6913,1001.0837,bumps
1586402,0.0090,0.0156,0.9715,0.7175,0.8313,0.5337,1001.0840,bumps
1586462,0.0705,-0.0146,1.0482,4.1475,1.3300,0.0350,1001.0857,bumps
1586522,0.0769,-0.0016,1.0997,6.7987,2.8875,0.2975,1001.0952,bumps
1586582,0.0862,0.0822,1.0557,4.2000,4.3400,1.5137,1001.0823,bumps
1586642,0.0623,0.1604,1.0419,-1.2075,5.1975,2.4500,1001.0881,bumps
1586702,0.0061,0.1668,0.9431,-4.4100,5.1712,1.6975,1001.0723,bumps
1586762,-0.0188,0.0947,0.9313,-5.0575,4.6025,-0.3587,1001.0762,bumps
1586822,-0.0407,0.0545,0.9130,-6.7725,2.0912,-1.2075,1001.0669,bumps
1586882,-0.0669,0.0009,0.8702,-7.5425,-0.6300,-0.8575,1001.0642,bumps
1586942,-0.0867,-0.0068,0.9050,-5.3900,-1.4612,0.7262,1001.0774,bumps
1587002,-0.1081,-0.0444,0.9382,-3.6925,-3.9550,1.2513,1001.0769,bumps
1587062,-0.1254,-0.0259,0.9023,-1.8813,-6.4313,0.7525,1001.0837,bumps
1587122,-0.0720,-0.0788,0.9580,4.0250,-7.0788,-0.2450,1001.0894,bumps
1587182,-0.0412,-0.0576,1.0087,9.1962,-7.1137,-0.1838,1001.0830,bumps
1587242,-0.0039,-0.0176,1.0807,8.9513,-5.3637,1.3300,1001.0957,bumps
1587302,0.0478,0.1419,1.1283,5.1537,-2.0825,2.4500,1001.0945,bumps
1587362,-0.0124,0.1466,1.1431,1.9688,1.0237,2.2313,1001.0940,bumps
1587422,0.0234,0.1218,1.0799,-0.3063,3.0712,0.4200,1001.0928,bumps
1587482,-0.0222,0.0886,0.9719,-3.0538,2.7475,-0.9625,1001.0942,bumps
1587542,-0.0266,0.0327,0.9151,-3.9375,1.9688,-0.6737,1001.0793,bumps
1587602,-0.0026,-0.0117,0.9401,-2.3187,0.7088,0.6825,1001.0801,bumps
1587662,-0.0220,-0.0461,0.9838,-0.4375,0.1663,1.2600,1001.0637,bumps
1587722,-0.0015,-0.0171,0.9462,1.0063,-0.1750,0.8313,1001.0876,bumps
1587782,0.0049,0.0398,0.9870,2.6775,0.1050,0.5600,1001.0691,bumps
1587842,-0.0147,0.0426,1.0004,2.9050,-0.0613,0.6475,1001.0735,bumps
1587902,0.0168,0.0998,1.0354,0.8750,-0.3063,0.8575,1001.0759,bumps
1587962,-0.0021,0.0852,0.9992,-1.1375,0.2275,1.1812,1001.0735,bumps
1588022,-0.0124,0.0520,0.9914,-1.2250,0.1925,0.5425,1001.0776,bumps
1588082,0.0102,0.0278,1.0270,-1.2425,0.8662,0.0962,1001.0791,bumps
1588142,0.0137,0.0237,1.0243,-1.4700,-0.2450,0.2450,1001.0818,bumps
1588202,0.0612,-0.0523,1.0180,-0.0088,-0.4112,-0.1225,1001.0823,bumps
1588262,0.0439,-0.0004,1.0468,3.9462,-2.1613,-0.3587,1001.0906,bumps
1588322,0.0644,0.0127,1.1104,4.5675,-3.5175,0.3237,1001.0903,bumps
1588382,0.0612,0.1233,1.0512,0.4112,-6.3088,1.7500,1001.0945,bumps
1588442,0.0486,0.1721,0.9841,-1.7325,-5.9150,2.5812,1001.0894,bumps
1588502,0.0488,0.0883,0.8967,-3.8675,-4.4450,1.3825,1001.0715,bumps
1588562,0.0235,0.0442,0.8630,-5.6962,-1.5838,-0.4375,1001.0627,bumps
1588622,0.0297,0.0242,0.8709,-6.5800,2.0213,-0.5950,1001.0703,bumps
1588682,0.0145,-0.0085,0.8606,-4.8125,4.5237,0.5337,1001.0647,bumps
1588742,-0.0217,-0.0427,0.8845,-4.0250,7.7525,1.4963,1001.0623,bumps
1588802,-0.0229,-0.1283,1.0025,0.3325,9.4587,0.3587,1001.0784,bumps
1588862,-0.0539,-0.0802,1.0144,6.5363,9.5112,-1.6013,1001.0881,bumps
1588922,-0.1067,0.0673,1.1507,9.1700,7.9625,-0.7437,1001.0925,bumps
1588982,-0.0614,0.0632,1.1680,5.7137,1.1900,1.7675,1001.1060,bumps
1589042,-0.0495,0.1154,1.1225,1.5750,-4.2700,2.9137,1001.0991,bumps
1589102,-0.0220,0.1457,1.0236,-1.3563,-4.4012,1.3388,1001.0942,bumps
1589162,0.0100,0.0866,0.9718,-2.3800,-3.1850,-0.8487,1001.0918,bumps
1589222,0.0040,0.0520,0.9508,-2.4413,-1.1375,-1.4175,1001.0867,bumps
1589282,0.0097,-0.0122,0.9609,-2.4500,0.6125,-0.2887,1001.0774,bumps
1589342,0.0123,-0.0436,0.9638,-1.0938,1.1463,1.0150,1001.0732,bumps
1589402,0.0022,-0.0156,0.9829,0.5600,1.1900,1.2687,1001.0879,bumps
1589462,-0.0054,-0.0105,0.9918,1.6537,0.5775,0.7000,1001.0813,bumps
1589522,-0.0039,0.0585,0.9989,2.6075,0.0262,0.1138,1001.0752,bumps
1589582,-0.0119,0.0651,1.0210,1.1988,-0.3938,0.2887,1001.0911,bumps
1589642,-0.0096,0.0506,1.0046,0.5775,-0.2362,0.6037,1001.0957,bumps
1589702,-0.0087,0.0625,0.9860,-0.4200,0.0437,0.6300,1001.0850,bumps
1589762,0.0279,0.0413,1.0369,-0.6037,-0.2450,0.4375,1001.0874,bumps
1589822,-0.0030,0.0249,0.9780,-0.8138,-1.0762,0.3500,1001.0903,bumps
1589882,-0.0007,0.0473,0.9965,-0.5075,-0.3850,0.4812,1001.0918,bumps
1589942,-0.0102,0.0378,0.9967,-0.1838,-0.0700,0.2887,1001.0769,bumps
1590002,-0.0002,0.0317,0.9862,0.5075,0.0525,0.5163,1001.0806,bumps
1590062,0.0092,0.0190,1.0053,0.1838,-0.6300,0.4900,1001.0833,bumps
1590122,-0.0142,0.0313,0.9560,0.3237,-0.4462,0.4812,1001.0786,bumps
1590182,0.0056,0.0424,1.0119,1.2862,0.6300,0.3325,1001.0879,bumps
1590242,0.0146,0.0371,1.0184,0.4725,0.2188,0.3850,1001.0894,bumps
1590302,0.0068,0.0193,0.9900,0.5600,-0.0613,0.2625,1001.0806,bumps
1590362,0.0117,0.0425,1.0060,0.7525,0.0525,0.5075,1001.0757,bumps
1590422,-0.0073,0.0527,0.9953,0.5250,-0.0175,0.4988,1001.0847,bumps
1590482,0.0042,0.0039,0.9772,-0.5163,-0.0962,0.3938,1001.0828,bumps
1590542,0.0237,0.0568,1.0182,-0.0787,0.0088,0.5425,1001.0879,bumps
1590602,-0.0088,0.0188,0.9850,-0.1138,0.3237,0.2625,1001.0776,bumps
1590662,0.0062,0.0307,0.9933,0.2713,0.0525,0.2013,1001.0891,bumps
1590722,0.0137,0.0273,0.9982,0.3587,-0.2713,0.3237,1001.0989,bumps
1590782,0.0054,0.0414,1.0155,0.2013,-0.3675,0.4638,1001.0818,bumps
1590842,0.0239,0.0657,0.9906,0.4900,-0.5775,0.5425,1001.0830,bumps
1590902,-0.0092,0.0198,0.9748,0.3587,-0.0613,0.4988,1001.0972,bumps
1590962,0.0077,0.0532,0.9967,1.5488,-0.4988,0.1838,1001.0820,bumps
1591022,0.0307,0.0398,1.0358,0.3237,-0.3587,0.3938,1001.0874,bumps
1591082,0.0376,0.0162,0.9660,0.0350,-0.1400,0.4638,1001.0979,bumps
1591142,0.0913,0.0640,1.0055,-0.2188,0.0000,0.4288,1001.0757,bumps
1591202,0.0756,0.0182,1.0030,-0.1225,0.3063,0.2362,1001.0845,bumps
1591262,0.0700,0.0301,0.9994,0.4025,-0.1575,0.1838,1001.0947,bumps
1591322,0.0845,0.0358,1.0178,0.5600,0.1400,0.4375,1001.0842,bumps
1591382,0.1030,0.0448,0.9989,0.3938,0.0875,0.5950,1001.0803,bumps
1591442,0.1168,0.0554,1.0082,0.9100,0.2713,0.5337,1001.0884,bumps
1591502,0.1167,0.0348,1.0065,0.3325,-0.2013,0.5075,1001.0825,bumps
1591562,0.1193,0.0270,0.9848,0.7088,-0.5337,0.4550,1001.0940,bumps
1591622,0.1274,0.0542,1.0019,0.3325,-0.2537,0.5425,1001.0781,bumps
1591682,0.1136,0.0387,1.0036,0.2537,0.1050,0.2887,1001.0930,bumps
1591742,0.1227,0.0491,1.0163,0.2800,0.3500,0.3762,1001.0835,bumps
1591802,0.1090,0.0405,1.0096,0.0000,0.6037,0.3587,1001.0876,bumps
1591862,0.1020,0.0278,0.9647,0.2100,0.4025,0.1400,1001.0881,bumps
1591922,0.1347,0.0500,0.9906,0.8050,0.3850,0.0088,1001.0825,bumps
1591982,0.1432,0.0451,1.0326,0.7962,0.6388,0.4462,1001.0869,bumps
1592042,0.1091,0.0342,0.9704,0.3850,-0.5425,0.3325,1001.0894,bumps
1592102,0.1304,0.0559,1.0069,0.4200,0.0088,0.4900,1001.0867,bumps
1592162,0.1177,0.0490,0.9887,0.4725,0.1663,0.2537,1001.0903,bumps
1592222,0.1240,0.0425,0.9995,0.5425,0.2013,0.1925,1001.0972,bumps
1592282,0.1225,0.0386,1.0135,-0.2887,0.1400,0.4550,1001.1001,bumps
1592342,0.1110,0.0415,0.9823,-0.3938,0.0875,0.3325,1001.0942,bumps
1592402,0.1207,0.0392,0.9903,-0.2887,0.5950,0.2713,1001.0972,bumps
1592462,0.1061,0.0364,1.0085,-0.0175,0.7262,0.1925,1001.0972,bumps
1592522,0.1135,0.0356,0.9753,0.1400,-0.1663,0.1925,1001.0913,bumps
1592582,0.1115,0.0361,0.9894,0.2013,0.0787,0.3938,1001.0884,bumps
1592642,0.0886,0.0329,0.9799,0.1925,0.3150,0.4550,1001.0903,bumps
1592702,0.0972,0.0526,0.9945,0.5163,0.2362,0.2713,1001.0979,bumps
1592762,0.1010,0.0498,1.0085,0.3500,0.2275,0.2975,1001.0974,bumps
1592822,0.0884,0.0412,0.9761,0.2887,-0.0262,0.1225,1001.0947,bumps
1592882,0.1000,0.0525,1.0016,0.2537,0.2362,0.2450,1001.0933,bumps
1592942,0.0864,0.0376,0.9992,0.0962,0.2275,0.2887,1001.0947,bumps
1593002,0.0861,0.0422,0.9833,0.2450,-0.1750,0.2013,1001.1064,bumps
1593062,0.0879,0.0488,0.9982,0.4288,0.1312,0.3063,1001.0952,bumps
1593122,0.0653,0.0359,0.9770,0.1138,0.1400,0.2450,1001.0898,bumps
1593182,0.0510,0.0422,1.0030,0.4112,0.3938,0.1838,1001.1084,bumps
1593242,0.0043,0.0427,1.0345,0.1400,0.5950,0.3237,1001.0955,bumps
1593302,-0.0269,0.0346,0.9824,0.1750,0.0437,0.2537,1001.0945,bumps
1593362,-0.0085,0.0442,0.9970,0.3587,0.5425,0.2625,1001.0906,bumps
1593422,-0.0017,0.0431,0.9842,0.1838,0.1312,0.2887,1001.0876,bumps
1593482,0.0252,0.0410,0.9836,0.1838,-0.2713,0.2188,1001.0847,bumps
1593542,0.0256,0.0432,0.9936,0.0088,0.2887,0.3063,1001.0923,bumps
1593602,-0.0179,0.0592,0.9650,1.0675,0.6825,0.2887,1001.0967,bumps
1593662,-0.0021,0.0456,1.0146,-1.1988,2.4850,0.2362,1001.0974,bumps
1593722,0.0022,0.0330,1.0063,0.2450,0.0787,0.2800,1001.0950,bumps
1593782,0.0114,0.0456,0.9913,0.0437,-0.3850,0.2188,1001.0996,bumps
1593842,0.0456,0.0488,1.0304,0.2450,0.2013,0.3237,1001.1055,bumps
1593902,0.0204,0.0383,0.9752,0.1575,0.0962,0.1838,1001.0935,bumps
1593962,-0.0063,0.0465,1.0211,0.2800,0.4025,0.3500,1001.0881,bumps
1594022,0.0053,0.0447,1.0050,0.1488,0.1838,0.2275,1001.0977,bumps
1594082,0.0062,0.0464,0.9582,0.2800,-0.0700,0.1838,1001.0999,bumps
1594142,0.0040,0.0420,0.9950,0.4025,0.5688,0.1838,1001.0935,bumps
1594202,0.0132,0.0331,1.0013,0.1400,0.3500,0.1312,1001.1045,bumps
1594262,0.0075,0.0464,0.9968,0.2013,-0.2537,0.1575,1001.0964,bumps
1594322,0.0281,0.0558,1.0128,0.2275,0.2450,0.3500,1001.0989,bumps
1594382,0.0510,0.0531,0.9570,0.2887,-0.2625,0.1400,1001.0940,bumps
1594442,0.0698,0.0378,0.9943,0.5163,0.1138,0.1663,1001.0950,bumps
1594502,0.0800,0.0354,1.0221,0.1663,-0.5250,0.2188,1001.1030,bumps
1594562,0.0683,0.0346,0.9601,0.1400,-0.6913,0.1838,1001.0940,bumps
1594622,0.0842,0.0536,0.9973,0.3413,0.3762,0.3237,1001.1011,bumps
1594682,0.0710,0.0337,1.0073,-0.0787,0.3762,0.3063,1001.0977,bumps
1594742,0.0678,0.0439,0.9906,0.4375,-0.1225,0.1400,1001.0891,bumps
1594802,0.0897,0.0490,1.0050,0.0875,0.2275,0.3150,1001.0994,bumps
1594862,0.0625,0.0302,0.9911,0.0525,0.1838,0.1750,1001.1055,bumps
1594922,0.0802,0.0544,0.9951,0.3325,0.0000,0.1575,1001.0935,bumps
1594982,0.0812,0.0439,1.0163,-0.1050,0.1225,0.2450,1001.0957,bumps
1595042,0.0635,0.0302,0.9679,0.2188,-0.2800,0.0875,1001.0906,bumps
1595102,0.0922,0.0489,0.9991,0.2275,0.1050,0.1838,1001.1011,bumps
1595162,0.0734,0.0417,0.9997,0.1663,0.0962,0.2013,1001.0923,bumps
1595222,0.0744,0.0547,0.9823,0.4112,-0.2188,0.1312,1001.0964,bumps
1595282,0.0891,0.0425,1.0123,0.0437,0.2188,0.1925,1001.0881,bumps
1595342,0.0564,0.0283,0.9841,0.2450,0.0437,0.1312,1001.0913,bumps
1595402,0.0753,0.0368,1.0021,0.5250,0.1663,0.0700,1001.0989,bumps
1595462,0.0792,0.0608,1.0329,0.0525,-0.1138,0.1838,1001.0952,bumps
1595522,0.0484,0.0322,0.9548,0.2713,0.0437,0.1488,1001.0959,bumps
1595582,0.0734,0.0617,1.0024,0.2975,0.5425,0.1925,1001.0916,bumps
1595642,0.0637,0.0354,1.0238,-0.4900,0.3500,0.2713,1001.0999,bumps
1595702,0.0666,0.0400,0.9695,-0.1838,-0.3413,0.0437,1001.0938,bumps
1595762,0.0742,0.0689,0.9916,-0.2362,0.3063,-0.0613,1001.0945,bumps
1595822,0.0456,0.0232,0.9670,-0.1312,-0.0175,0.0525,1001.0930,bumps
1595882,0.0658,0.0456,1.0021,0.3237,0.2450,0.1400,1001.0918,bumps
1595942,0.0651,0.0346,1.0277,-0.3675,0.0175,0.2975,1001.0952,bumps
1596002,0.0508,0.0184,0.9726,0.0350,-0.4638,0.1838,1001.0964,bumps
1596062,0.0642,0.0515,0.9904,0.2450,-0.1925,0.1225,1001.0872,bumps
1596122,0.0581,0.0349,1.0296,0.6300,0.5250,0.0262,1001.0908,bumps
1596182,0.0532,0.0468,0.9934,0.1400,0.1838,0.1488,1001.0898,bumps
1596242,0.0542,0.0346,1.0235,-0.1050,-0.0350,0.1663,1001.0972,bumps
1596302,0.0471,0.0683,0.9938,0.0088,-0.3938,0.0437,1001.0972,bumps
1596362,0.0540,0.0427,0.9962,-0.2100,0.0437,0.0962,1001.1001,bumps
1596422,0.0422,0.0512,0.9904,-0.0175,0.0175,0.0437,1001.0957,bumps
1596482,0.0571,0.0442,1.0063,-0.2362,-0.2362,0.0613,1001.0942,bumps
1596542,0.0472,0.0581,1.0278,-0.4112,-0.0088,0.0175,1001.1045,bumps
1596602,0.0467,0.0439,0.9908,-0.1488,-0.2887,-0.0613,1001.0991,bumps
1596662,0.0539,0.0442,1.0026,0.3237,0.5512,0.2450,1001.0950,bumps
1596722,0.0229,0.0282,0.9886,-0.0700,0.5863,0.0962,1001.1003,bumps
1596782,0.0503,0.0432,1.0075,0.4288,0.2013,0.0962,1001.0886,bumps
1596842,0.0366,0.0322,1.0234,-0.1400,-0.0613,0.1312,1001.0977,bumps
1596902,0.0319,0.0440,0.9648,0.3237,-0.1838,-0.0088,1001.1013,bumps
1596962,0.0478,0.0498,1.0048,0.1663,0.3063,0.2100,1001.0876,bumps
1597022,0.0220,0.0071,0.9809,0.2887,0.6388,0.1138,1001.0889,bumps
1597082,0.0368,0.0439,0.9928,0.1663,-0.0525,0.1050,1001.0981,bumps
1597142,0.0400,0.0447,1.0384,0.2013,0.4200,0.0962,1001.0879,bumps
1597202,0.0154,0.0545,0.9623,0.2362,0.0875,0.0613,1001.1045,bumps
1597262,0.0300,0.0474,0.9859,-0.2100,0.8313,0.0875,1001.0947,bumps
1597322,0.0222,0.0276,0.9938,-0.3850,0.7088,0.1663,1001.0930,bumps
1597382,0.0327,0.0201,0.9836,-0.1225,0.1925,0.1838,1001.0930,bumps
1597442,0.0285,0.0246,0.9834,-0.1575,0.1663,-0.0088,1001.0911,bumps
1597502,0.0240,0.0439,0.9694,0.3063,0.1575,-0.1138,1001.0845,bumps
1597562,0.0303,0.0288,1.0016,0.4112,0.5863,0.1488,1001.0906,bumps
1597622,0.0387,0.0214,0.9963,0.0787,0.0437,0.3325,1001.0981,bumps
1597682,0.0366,0.0449,0.9820,0.2275,-0.3063,0.1312,1001.0947,bumps
1597742,0.0319,0.0434,0.9953,0.6388,0.5425,0.0350,1001.1072,bumps
1597802,0.0100,0.0239,0.9956,0.3500,0.7262,0.0000,1001.0896,bumps
1597862,0.0259,0.0322,0.9989,0.6475,0.0700,0.0787,1001.0862,bumps
1597922,0.0488,0.0278,1.0121,0.1138,0.2975,0.1400,1001.0962,bumps
1597982,0.0171,0.0386,0.9719,0.0088,0.3850,-0.0962,1001.0903,bumps
1598042,0.0500,0.0437,1.0119,0.3237,0.3500,-0.0437,1001.0850,bumps
1598102,0.0120,0.0246,1.0087,-0.7088,0.3063,0.2713,1001.0886,bumps
1598162,0.0164,0.0373,0.9789,-0.5250,-0.1663,-0.0262,1001.0901,bumps
1598222,0.0415,0.0373,0.9933,-0.8138,-0.0088,0.1312,1001.0955,bumps
1598282,0.0237,0.0376,0.9916,-0.1925,0.3587,0.0088,1001.0850,bumps
1598342,0.0182,0.0400,0.9740,0.5775,0.3500,-0.0262,1001.0908,bumps
1598402,0.0290,0.0371,1.0292,0.0088,0.0175,0.1488,1001.0938,bumps
1598462,-0.0007,0.0390,0.9691,0.5512,-0.0262,0.0700,1001.0942,bumps
1598522,-0.0041,0.0378,0.9918,0.6650,0.7350,0.2887,1001.0969,bumps
1598582,-0.0178,0.0285,0.9921,0.4550,0.7525,0.1925,1001.0903,bumps
1598642,-0.0149,0.0700,1.0117,0.0000,0.5688,0.2188,1001.1006,bumps
1598702,-0.0424,0.0524,1.0186,0.2975,0.3675,-0.0437,1001.1011,bumps
1598762,-0.0463,0.0290,0.9686,-0.2975,0.2100,-0.0525,1001.0952,bumps
1598822,-0.0443,0.0283,0.9694,-0.3063,0.3587,-0.0525,1001.0903,bumps
1598882,-0.0425,0.0234,1.0136,0.3237,0.5163,0.0262,1001.0989,bumps
1598942,-0.0276,0.0273,1.0018,0.6300,0.1750,0.0437,1001.0940,bumps
1599002,-0.0002,0.0343,0.9574,0.2450,-0.6562,0.0613,1001.0930,bumps
1599062,0.0132,0.0285,1.0107,0.7350,0.2362,0.0875,1001.0996,bumps
1599122,0.0098,0.0388,1.0081,0.4025,-0.2800,0.2362,1001.1052,bumps
1599182,0.0224,0.0222,1.0103,-0.3762,-0.2975,0.2188,1001.0933,bumps
1599242,0.0114,0.0298,0.9721,-0.2275,-0.2362,0.0088,1001.0901,bumps
1599302,0.0329,0.0678,1.0316,0.1663,0.4288,0.0787,1001.0935,bumps
1599362,0.0196,-0.0032,1.0172,-0.0700,0.0525,0.0525,1001.0923,bumps
1599422,0.0164,0.0376,0.9828,0.1138,-0.9100,0.1488,1001.0986,bumps
1599482,0.0280,0.0356,1.0028,-0.0962,-0.4988,0.0525,1001.1052,bumps
1599542,0.0197,0.0347,1.0008,0.2362,0.1575,0.0262,1001.0881,bumps
1599602,0.0354,0.0300,1.0175,0.9538,-0.2188,0.0175,1001.0906,bumps
1599662,0.0322,0.0547,1.0072,0.4900,-0.3063,0.0700,1001.0957,bumps
1599722,-0.0856,0.0718,1.0158,-0.0262,0.2362,-0.3675,1001.0911,bumps
1599782,-0.0488,0.1039,1.1077,-1.8112,-1.0237,0.0350,1001.0928,bumps
1599842,-0.0498,0.0617,1.0912,-5.4250,-3.9200,0.8575,1001.0986,bumps
1599902,-0.0361,-0.0479,1.0458,-3.6312,-6.4837,1.0850,1001.1018,bumps
1599962,0.0138,-0.0786,1.0091,-0.2100,-6.9650,-0.3413,1001.1023,bumps
1600022,0.0376,-0.0754,0.9276,2.5025,-5.1100,-1.4700,1001.0879,bumps
1600082,0.0650,0.0176,0.8816,4.5150,-3.5612,-0.6037,1001.0798,bumps
1600142,0.0885,0.0129,0.9082,5.8450,0.0000,0.7000,1001.0789,bumps
1600202,0.0930,0.0447,0.8959,5.0487,1.6975,0.8838,1001.0774,bumps
1600262,0.0928,0.0666,0.9116,5.0050,4.1650,0.0613,1001.0764,bumps
1600322,0.0994,0.0866,0.9377,4.4450,5.9850,-0.9362,1001.0757,bumps
1600382,0.0627,0.1291,0.9826,2.2575,6.5363,-0.8662,1001.0845,bumps
1600442,0.0710,0.1391,1.0477,-1.0063,6.0988,0.2537,1001.0959,bumps
1600502,0.0378,0.1115,1.0070,-5.5912,3.9288,0.9013,1001.1016,bumps
1600562,-0.0110,0.0193,1.0856,-5.8100,1.8987,1.0237,1001.0999,bumps
1600622,-0.0083,-0.0319,1.0961,-3.8763,-1.0762,-0.3063,1001.1086,bumps
1600682,0.0283,-0.0564,1.0388,-0.6212,-2.8438,-1.1463,1001.1125,bumps
1600742,0.0354,-0.0018,0.9936,1.6013,-2.2400,-0.4200,1001.1106,bumps
1600802,0.0212,0.0161,0.9553,2.3975,-1.2162,0.9013,1001.1060,bumps
1600862,0.0304,0.0378,0.9670,3.5700,-0.2100,1.1988,1001.0935,bumps
1600922,0.0405,0.0745,0.9897,3.1237,0.1925,0.4812,1001.0957,bumps
1600982,0.0225,0.0715,0.9598,1.7325,-0.1312,-0.5600,1001.0874,bumps
1601042,0.0406,0.1154,0.9989,0.2188,1.0063,-0.4288,1001.0894,bumps
1601102,0.0209,0.0727,1.0150,-2.0738,0.3063,0.0088,1001.0930,bumps
1601162,0.0283,0.0290,0.9857,-2.3888,-0.6125,0.2362,1001.0869,bumps
1601222,0.0366,0.0376,1.0266,-1.5137,0.1050,0.2188,1001.0920,bumps
1601282,0.0239,-0.0163,0.9847,-0.5250,0.4375,-0.1225,1001.0989,bumps
1601342,0.0187,0.0431,0.9928,0.8925,0.4112,-0.2188,1001.0933,bumps
1601402,0.0318,0.0350,1.0385,1.1025,-0.1225,0.1750,1001.1028,bumps
1601462,0.0081,0.0695,0.9686,1.2687,-0.3762,0.2362,1001.0957,bumps
1601522,0.0107,0.0550,1.0319,0.9887,0.5163,0.2713,1001.0847,bumps
1601582,-0.0404,0.1454,1.0424,-3.4738,1.2775,-1.4262,1001.0942,bumps
1601642,-0.0705,0.0541,1.0343,-11.1562,1.9863,-0.9712,1001.0884,bumps
1601702,-0.0832,0.0454,1.0494,-6.1950,5.9150,1.3038,1001.0957,bumps
1601762,-0.1045,-0.1196,1.0108,-0.0350,8.0588,1.2513,1001.0959,bumps
1601822,0.0056,-0.1435,0.9314,0.9975,5.7050,-0.0613,1001.0962,bumps
1601882,-0.0102,-0.0574,0.9089,4.9175,1.7763,0.0613,1001.0786,bumps
1601942,-0.0142,0.0124,0.8395,9.0737,-0.9712,0.9362,1001.0801,bumps
1602002,0.0205,0.0368,0.8572,9.2137,-1.1812,1.6712,1001.0728,bumps
1602062,0.0313,0.0685,0.8760,8.2600,-4.1650,1.3737,1001.0654,bumps
1602122,0.0878,0.1069,0.9389,7.3675,-5.4425,0.7350,1001.0713,bumps
1602182,0.0303,0.1625,0.9959,2.6425,-6.6675,-0.4200,1001.0830,bumps
1602242,0.0495,0.2139,0.9958,-5.0138,-7.7087,-0.7962,1001.0859,bumps
1602302,0.0468,0.1537,1.0543,-10.5700,-6.1512,0.0962,1001.0854,bumps
1602362,0.0634,0.0696,1.1583,-9.9838,-2.3537,0.9625,1001.0933,bumps
1602422,0.0444,-0.1325,1.1625,-6.2038,1.6450,-0.0525,1001.1099,bumps
1602482,0.0203,-0.1363,1.0731,-0.5688,3.8325,-0.8925,1001.1196,bumps
1602542,-0.0027,-0.0439,0.9748,3.1850,3.2375,-0.2100,1001.0986,bumps
1602602,-0.0203,0.0254,0.9691,4.5675,2.0475,1.2075,1001.0964,bumps
1602662,-0.0325,0.0740,0.9180,4.2525,1.2162,1.6363,1001.0889,bumps
1602722,-0.0441,0.1008,0.9387,3.1850,-0.0700,0.7437,1001.0808,bumps
1602782,-0.0337,0.1086,0.9877,2.1525,0.3938,-0.1925,1001.0784,bumps
1602842,-0.0408,0.0727,0.9679,-0.9450,-0.5775,-0.5775,1001.0791,bumps
1602902,-0.0129,0.0603,1.0028,-2.0825,-0.2450,0.0262,1001.0913,bumps
1602962,-0.0373,0.0351,1.0192,-2.7213,-0.2275,0.6212,1001.0837,bumps
1603022,-0.0346,-0.0010,0.9645,-1.5225,-1.1725,0.5512,1001.1001,bumps
1603082,-0.0319,0.0246,1.0119,0.3938,0.4462,0.1750,1001.0928,bumps
1603142,-0.0495,0.0119,1.0026,0.8750,-0.0437,0.0875,1001.0928,bumps
1603202,-0.0354,0.0442,0.9780,1.4175,-0.3500,0.2450,1001.0942,bumps
1603262,-0.0288,0.0533,1.0109,0.8750,0.0525,0.6562,1001.0925,bumps
1603322,-0.0461,0.0617,0.9848,0.7000,0.1488,0.5775,1001.0884,bumps
1603382,-0.0210,0.0552,1.0049,0.0000,-0.0613,0.3413,1001.0867,bumps
1603442,-0.0320,0.0497,1.0067,-0.1225,0.2100,-0.0700,1001.0845,bumps
1603502,-0.0310,0.0329,0.9720,-0.0613,-0.3413,-0.1575,1001.0857,bumps
1603562,-0.0222,0.0324,0.9900,-0.1138,0.1575,0.4462,1001.0884,bumps
1603622,-0.0312,0.0154,0.9977,-0.3150,0.1663,0.5950,1001.0879,bumps
1603682,-0.0378,0.0387,0.9760,0.5600,-0.2625,0.4288,1001.0940,bumps
1603742,-0.0181,0.0504,1.0007,0.7088,0.0000,0.2188,1001.0955,bumps
1603802,-0.0468,0.0481,0.9716,0.8138,0.5688,0.0175,1001.0959,bumps
1603862,-0.0124,0.0565,1.0185,0.6212,0.3675,0.2800,1001.0898,bumps
1603922,-0.0173,0.0461,1.0020,-0.3325,-0.3237,0.3500,1001.0898,bumps
1603982,-0.0253,0.0561,0.9614,0.1400,-0.2450,0.2975,1001.0977,bumps
1604042,0.0065,0.0473,1.0133,0.2100,0.4288,0.3587,1001.0913,bumps
1604102,-0.0171,0.0295,0.9902,0.1575,-0.0175,0.2188,1001.0962,bumps
1604162,-0.0005,0.0305,0.9926,0.1138,-0.5775,0.1138,1001.0916,bumps
1604222,0.0093,0.0419,1.0111,0.5688,0.1312,0.4112,1001.0981,bumps
1604282,-0.0069,0.0362,0.9963,0.4288,0.1838,0.3675,1001.0945,bumps
1604342,0.0102,0.0527,1.0127,0.7262,0.3938,0.2713,1001.0945,bumps
1604402,0.0129,0.0439,1.0227,0.2625,0.0000,0.3325,1001.0999,bumps
1604462,-0.0048,0.0462,0.9680,0.2450,-0.4638,0.1838,1001.0935,bumps
1604522,0.0166,0.0542,0.9972,0.4112,0.2887,0.3150,1001.0969,bumps
1604582,-0.0027,0.0303,1.0142,0.1750,0.2013,0.3325,1001.1008,bumps
1604642,0.0010,0.0412,0.9984,0.0875,-0.0088,0.3063,1001.0911,bumps
1604702,0.0074,0.0544,0.9983,0.2100,-0.0962,0.3587,1001.0962,bumps
1604762,-0.0307,0.0427,0.9806,-0.0525,0.2275,0.2625,1001.1023,bumps
1604822,-0.0134,0.0476,1.0016,0.4025,0.3237,0.2013,1001.0916,bumps
1604882,-0.0181,0.0468,1.0108,-0.1400,-0.0350,0.2625,1001.0955,bumps
1604942,-0.0217,0.0349,0.9820,-0.0437,-0.2450,0.2800,1001.0947,bumps
1605002,-0.0236,0.0574,0.9858,0.0175,0.0525,0.4112,1001.0925,bumps
1605062,-0.0334,0.0242,0.9775,-0.0525,0.2975,0.3150,1001.0945,bumps
1605122,-0.0164,0.0505,1.0081,0.3850,0.0437,0.2450,1001.0942,bumps
1605182,-0.0246,0.0407,1.0187,-0.0350,0.0175,0.2887,1001.1013,bumps
1605242,-0.0554,0.0359,0.9653,0.2887,-0.2450,0.1838,1001.0869,bumps
1605302,-0.0434,0.0509,0.9822,0.2975,0.4812,0.3413,1001.0786,bumps
1605362,-0.0476,0.0321,1.0024,-0.0262,0.4550,0.2188,1001.0964,bumps
1605422,-0.0352,0.0395,1.0048,0.1225,-0.0262,0.2537,1001.0837,bumps
1605482,-0.0398,0.0322,0.9968,-0.0525,0.2100,0.2625,1001.1018,bumps
1605542,-0.0598,0.0434,0.9692,0.2887,0.0962,0.1138,1001.0962,bumps
1605602,-0.0492,0.0490,0.9862,0.2100,0.2975,0.2013,1001.0889,bumps
1605662,-0.0671,0.0344,1.0104,-0.0175,0.4112,0.2975,1001.0864,bumps
1605722,-0.0720,0.0430,0.9966,-0.0525,-0.0787,0.1925,1001.0884,bumps
1605782,-0.0673,0.0337,0.9897,0.0262,0.1400,0.2625,1001.0957,bumps
1605842,-0.0868,0.0317,0.9887,-0.0175,0.5250,0.2100,1001.0967,bumps
1605902,-0.0673,0.0504,1.0075,0.1138,0.2625,0.1925,1001.0964,bumps
1605962,-0.0703,0.0393,1.0086,-0.0262,0.0700,0.2975,1001.0959,bumps
1606022,-0.0830,0.0285,0.9640,0.1575,-0.5512,0.2975,1001.0898,bumps
1606082,-0.0625,0.0393,0.9928,0.2713,0.1750,0.2625,1001.0854,bumps
1606142,-0.0763,0.0371,1.0072,0.0613,0.1663,0.2625,1001.0981,bumps
1606202,-0.0642,0.0500,0.9858,0.1225,-0.2450,0.1312,1001.0933,bumps
1606262,-0.0500,0.0539,0.9999,0.0350,0.1838,0.1838,1001.0879,bumps
1606322,-0.0676,0.0271,0.9857,0.1663,0.1488,0.2537,1001.0896,bumps
1606382,-0.0059,0.0303,0.9974,0.2013,-0.0700,0.1575,1001.0828,bumps
1606442,0.0227,0.0451,1.0089,0.1663,-0.2362,0.2450,1001.0862,bumps
1606502,0.0454,0.0354,0.9609,0.3150,-0.2100,0.1838,1001.0889,bumps
1606562,0.0473,0.0551,0.9855,0.2450,-0.1138,0.2537,1001.0974,bumps
1606622,0.0197,0.0378,1.0444,0.0350,0.2537,0.2625,1001.0879,bumps
1606682,0.0066,0.0422,1.0116,-0.1138,-0.3762,0.1838,1001.0938,bumps
1606742,0.0012,0.0441,1.0124,0.3237,0.2362,0.4462,1001.0901,bumps
1606802,0.0408,0.0632,1.0404,0.1488,0.2713,0.0962,1001.0903,bumps
1606862,0.0234,0.0401,0.9828,0.3150,0.4200,0.3150,1001.0918,bumps
1606922,0.0210,0.0415,1.0147,0.2188,0.3237,0.2887,1001.1001,bumps
1606982,0.0063,0.0357,0.9775,0.2362,0.1925,0.2100,1001.0835,bumps
1607042,0.0300,0.0603,0.9760,0.4288,0.0350,0.2625,1001.0942,bumps
1607102,0.0117,0.0442,1.0270,0.4375,0.2362,0.2275,1001.0996,bumps
1607162,0.0268,0.0508,0.9867,0.2713,-0.3850,0.1225,1001.1140,bumps
1607222,0.0503,0.0627,1.0024,-0.2975,-0.7875,0.2713,1001.0962,bumps
1607282,0.0271,0.0201,0.9589,0.2800,0.1575,0.2188,1001.0981,bumps
1607342,0.0381,0.0689,0.9969,0.4025,-0.1138,0.1050,1001.0947,bumps
1607402,0.0054,0.0514,1.0096,0.4462,0.1575,-0.1488,1001.0945,bumps
1607462,0.0151,0.0384,0.9698,0.2100,-0.4025,-0.2713,1001.0979,bumps
1607522,0.0340,0.0527,0.9938,0.0962,0.2975,-0.0262,1001.0918,bumps
1607582,0.0058,0.0429,1.0125,0.1138,0.3675,0.0700,1001.0920,bumps
1607642,0.0146,0.0510,0.9975,0.7788,-0.0262,-0.1838,1001.0950,bumps
1607702,0.0195,0.0364,1.0033,0.2275,0.4375,-0.1225,1001.0994,bumps
1607762,0.0010,0.0590,0.9768,0.9100,0.3500,-0.2537,1001.0916,bumps
1607822,0.0057,0.0430,1.0168,0.4462,0.8575,-0.0613,1001.0996,bumps
1607882,0.0081,0.0534,1.0343,0.2450,0.3587,-0.2275,1001.0945,bumps
1607942,-0.0287,0.0436,0.9734,-1.0762,-0.0175,-0.1138,1001.0938,bumps
1608002,-0.0373,0.0445,0.9933,0.2800,0.7962,-0.4200,1001.0972,bumps
1608062,-0.0773,0.0549,1.0022,0.2100,1.2075,-0.9187,1001.0950,bumps
1608122,-0.0792,0.0539,0.9816,-0.1225,0.4638,-1.1463,1001.0935,bumps
1608182,-0.0740,0.0597,0.9875,0.2362,0.7088,-1.3300,1001.0964,bumps
1608242,-0.0869,0.0490,0.9930,-0.0175,0.5600,-1.6712,1001.1001,bumps
1608302,-0.0772,0.0745,1.0045,0.8838,0.3325,-2.2225,1001.0896,bumps
1608362,-0.0854,0.0730,0.9877,0.8225,-0.2013,-2.9750,1001.0974,bumps
1608422,-0.0974,0.0747,0.9611,0.6037,0.0088,-3.4475,1001.0879,bumps
1608482,-0.0984,0.0800,0.9848,0.6300,0.4288,-3.9375,1001.0969,bumps
1608542,-0.0763,0.0858,1.0341,0.0437,0.2975,-4.3400,1001.0986,bumps
1608602,-0.0891,0.0617,0.9716,-0.2100,-0.0613,-4.6988,1001.0950,bumps
1608662,-0.0949,0.0744,0.9805,0.6388,0.6125,-5.3812,1001.1013,bumps
1608722,-0.0854,0.0620,1.0211,-0.0088,0.4025,-5.7050,1001.0940,bumps
1608782,-0.0908,0.0661,0.9895,-0.0175,-0.2625,-5.9062,1001.0947,bumps
1608842,-0.0961,0.0756,0.9881,0.4550,-0.1838,-6.3612,1001.0999,bumps
1608902,-0.0715,0.0651,0.9977,-0.0437,-0.1312,-6.4400,1001.0967,bumps
1608962,-0.0864,0.0551,1.0019,0.0613,0.5425,-6.4575,1001.0955,bumps
1609022,-0.0725,0.0617,1.0264,0.2188,-0.2013,-6.7550,1001.0947,bumps
1609082,-0.0676,0.0481,0.9821,-0.3850,-0.3850,-6.4750,1001.0955,bumps
1609142,-0.1023,0.0417,0.9623,-0.3762,-0.2537,-6.4400,1001.0957,bumps
1609202,-0.0620,0.0524,1.0124,0.2537,0.4112,-6.3088,1001.0947,bumps
1609262,-0.0178,0.0325,1.0416,-0.3675,-0.4550,-5.3637,1001.0967,bumps
1609322,-0.0505,0.0163,0.9938,-0.3413,-1.3475,-4.7512,1001.0962,bumps
1609382,-0.0340,0.0266,0.9811,-0.4025,-1.0063,-3.9725,1001.0967,bumps
1609442,-0.0450,0.0181,0.9958,0.4900,0.2013,-3.4913,1001.0940,bumps
1609502,-0.0368,0.0361,1.0131,0.5163,0.1225,-3.2200,1001.0950,bumps
1609562,-0.0219,0.0051,1.0279,0.0437,0.1225,-2.7037,1001.0901,bumps
1609622,-0.0237,0.0232,1.0228,0.9362,0.1050,-2.4325,1001.0923,bumps
1609682,-0.0326,0.0020,0.9751,-0.3237,-0.1488,-1.5137,1001.1018,bumps
1609742,-0.0046,0.0418,1.0167,0.4725,0.4725,-0.9712,1001.0754,bumps
1609802,-0.0406,0.0175,0.9845,-0.3762,0.4988,-0.4812,1001.0942,bumps
1609862,0.0113,0.0593,1.0243,1.1375,0.0088,-0.6913,1001.0881,bumps
1609922,-0.0058,0.0410,1.0138,1.2775,0.2100,-0.9362,1001.0815,bumps
1609982,-0.0051,0.0525,0.9775,0.5250,-0.4288,-1.0150,1001.0879,bumps
1610042,-0.0181,0.0708,1.0094,0.3063,0.6475,-0.4462,1001.0857,bumps
1610102,-0.0245,0.0227,0.9912,-0.3587,0.2975,0.2100,1001.0920,bumps
1610162,0.0105,0.0007,1.0129,-0.8138,-0.1838,0.9887,1001.0923,bumps
1610222,-0.0131,0.0437,0.9894,0.2275,-0.4725,0.9275,1001.0908,bumps
1610282,-0.0342,0.0063,0.9492,0.9450,-0.1575,0.7088,1001.0859,bumps
1610342,-0.0012,0.0584,0.9809,1.3125,0.5950,0.1838,1001.0898,bumps
1610402,0.0102,0.0512,1.0272,0.3237,0.5863,0.2362,1001.0923,bumps
1610462,-0.0188,0.0605,0.9636,-0.3938,-0.3587,0.3413,1001.0874,bumps
1610522,-0.0100,0.0600,0.9905,-0.1488,0.6125,0.5688,1001.0933,bumps
1610582,-0.0112,0.0529,1.0177,0.2100,0.7262,0.2450,1001.0833,bumps
1610642,-0.0179,0.0292,0.9865,-0.1575,0.2450,0.2275,1001.0886,bumps
1610702,-0.0015,0.0531,0.9814,0.4550,-0.2188,0.2800,1001.0947,bumps
1610762,-0.0142,0.0181,0.9804,0.3850,0.0962,0.2800,1001.0942,bumps
1610822,0.0029,0.0425,1.0083,0.6562,0.4288,0.5425,1001.0857,bumps
1610882,-0.0176,0.0520,1.0077,-0.1575,0.4900,0.4462,1001.0886,bumps
1610942,-0.0088,0.0404,0.9975,0.4112,-0.3500,0.3150,1001.0884,bumps
1611002,0.0023,0.0875,0.9725,0.8750,0.2100,0.3150,1001.0894,bumps
1611062,-0.0201,0.0251,0.9898,-0.4550,0.4200,0.4025,1001.0872,bumps
1611122,0.0036,0.0271,1.0080,-0.3675,0.1138,0.4288,1001.0825,bumps
1611182,0.0066,0.0722,1.0253,0.2887,0.1575,0.2713,1001.0867,bumps
1611242,-0.0271,0.0188,0.9636,0.2537,-0.4112,0.1488,1001.0952,bumps
1611302,0.0227,0.0722,1.0124,0.4638,0.0350,0.5163,1001.0898,bumps
1611362,-0.0129,0.0232,1.0060,-0.8225,-0.0613,0.6562,1001.0850,bumps
1611422,-0.0125,0.0386,0.9704,0.2013,-0.4900,0.4900,1001.0771,bumps
1611482,0.0176,0.0714,1.0363,-0.3500,0.0525,0.3325,1001.0808,bumps
1611542,0.1476,0.0274,1.0713,-0.4112,0.9887,0.2625,1001.1018,bumps
1611602,0.1293,0.0600,1.1297,0.5250,4.2438,0.4900,1001.0913,bumps
1611662,0.1154,0.0534,1.1097,-0.7700,6.9387,0.7350,1001.1018,bumps
1611722,0.0195,0.0564,0.9550,-1.5838,6.8075,0.6825,1001.0852,bumps
1611782,-0.0351,0.0584,0.8901,-1.0762,5.9412,0.2975,1001.0723,bumps
1611842,-0.0558,0.0160,0.8718,-0.4550,3.1325,0.0088,1001.0847,bumps
1611902,-0.0915,0.0346,0.8550,-0.2537,-0.5163,-0.1925,1001.0764,bumps
1611962,-0.0898,0.0179,0.8797,0.1488,-3.3250,0.3850,1001.0693,bumps
1612022,-0.1322,0.0195,0.8664,1.5662,-6.0113,0.4025,1001.0791,bumps
1612082,-0.1113,0.0196,0.9196,2.3012,-8.2075,0.7700,1001.0835,bumps
1612142,0.0576,0.0937,1.0187,2.8788,-9.8350,0.9625,1001.0828,bumps
1612202,-0.0046,0.0612,1.0770,1.4787,-8.6275,0.6037,1001.0918,bumps
1612262,0.0248,0.0878,1.1924,-0.2100,-4.3837,0.5863,1001.1040,bumps
1612322,0.0597,0.0817,1.2268,-1.0412,0.7088,0.4812,1001.1086,bumps
1612382,-0.0068,0.0339,1.1303,-0.7175,4.3488,0.0787,1001.1206,bumps
1612442,0.0188,0.0237,1.0016,-0.6475,5.0837,0.0525,1001.1018,bumps
1612502,-0.0466,0.0252,0.8871,-0.2975,2.8612,0.0437,1001.0947,bumps
1612562,-0.0161,0.0159,0.8993,1.3563,1.4088,0.3938,1001.0806,bumps
1612622,0.0092,0.0329,0.9737,0.7875,-0.3150,0.4900,1001.0896,bumps
1612682,-0.0081,0.0359,0.9472,0.8575,-1.0237,0.5163,1001.0803,bumps
1612742,0.0063,0.0451,0.9838,0.6212,-0.8487,0.5337,1001.0825,bumps
1612802,-0.0047,0.0467,1.0100,0.6475,-0.2275,0.4200,1001.0769,bumps
1612862,0.0071,0.0705,1.0092,-0.6650,-0.1488,0.3850,1001.0774,bumps
1612922,0.0127,0.0312,1.0379,0.0088,0.3325,0.4025,1001.0818,bumps
1612982,-0.0132,0.0317,0.9904,-0.2625,-0.1312,0.4025,1001.0850,bumps
1613042,0.0087,0.0389,1.0216,0.1663,0.0700,0.5688,1001.0854,bumps
1613102,0.0152,0.0350,1.0349,-0.3413,1.2337,0.5075,1001.0967,bumps
1613162,0.0134,0.0359,0.9984,-0.3675,-0.0175,0.4200,1001.0847,bumps
1613222,0.1252,0.0503,1.1239,0.9450,-1.1550,0.2275,1001.0930,bumps
1613282,0.0736,0.0327,1.1107,0.3850,-5.3987,0.2100,1001.1003,bumps
1613342,0.0290,0.0903,1.0514,0.2887,-7.5687,0.4288,1001.1030,bumps
1613402,0.0744,0.0273,0.9648,-1.6187,-8.1112,0.9625,1001.0911,bumps
1613462,0.0635,0.0522,0.8769,-0.7875,-5.0050,0.4550,1001.0747,bumps
1613522,0.0549,0.0305,0.8513,-0.0088,-0.1138,0.0962,1001.0659,bumps
1613582,0.0269,0.0142,0.8376,-0.3237,3.9113,-0.1400,1001.0493,bumps
1613642,-0.0229,0.0016,0.8449,0.6212,6.8337,0.3587,1001.0620,bumps
1613702,-0.0343,0.0336,0.8979,0.6650,10.1938,0.6300,1001.0596,bumps
1613762,0.0122,0.0240,0.8947,0.4112,9.6163,0.1400,1001.0605,bumps
1613822,-0.0531,0.1097,1.1179,1.9075,7.4113,0.3938,1001.0750,bumps
1613882,-0.0505,0.0617,1.2263,0.5163,3.4913,0.6562,1001.1067,bumps
1613942,-0.0203,0.0415,1.2096,-0.4025,-1.9162,0.5600,1001.1152,bumps
1614002,-0.0398,0.0503,1.0817,-0.7525,-4.9437,0.5250,1001.1150,bumps
1614062,-0.0305,0.0423,1.0038,-0.2362,-4.1125,0.0962,1001.0999,bumps
1614122,0.0151,0.0627,0.9487,-0.7875,-2.3800,0.1312,1001.0815,bumps
1614182,0.0278,0.0367,0.9248,-0.3150,-1.1025,0.4900,1001.0745,bumps
1614242,0.0304,0.0269,0.9475,0.3150,0.3150,0.4025,1001.0774,bumps
1614302,0.0407,0.0425,0.9626,0.6388,1.5925,0.4375,1001.0779,bumps
1614362,0.0784,0.0146,0.9989,0.6825,0.6212,0.4638,1001.0867,bumps
1614422,0.0903,0.0569,0.9959,0.5600,0.0350,0.3850,1001.0823,bumps
1614482,0.0820,0.0581,1.0063,0.1663,-0.6212,0.3150,1001.0789,bumps
1614542,0.0981,0.0352,0.9979,0.3413,-0.3500,0.1400,1001.0779,bumps
1614602,0.1176,0.0185,1.0109,-0.1925,-0.2188,0.3063,1001.0872,bumps
1614662,0.1191,0.0605,1.0158,-0.2100,-0.4812,0.4025,1001.0752,bumps
1614722,0.1430,0.0278,0.9882,-0.2713,-0.8750,0.3237,1001.0786,bumps
1614782,0.1374,0.0525,1.0092,0.4025,0.3150,0.3063,1001.0898,bumps
1614842,0.1352,0.0578,0.9907,0.0437,-0.0262,0.1488,1001.0830,bumps
1614902,0.1374,0.0239,0.9914,0.2450,0.2537,0.4462,1001.0811,bumps
1614962,0.1480,0.0321,0.9751,-0.0875,-0.4725,0.5337,1001.0745,bumps
1615022,0.1404,0.0275,0.9890,-0.0613,-0.2100,0.1400,1001.0779,bumps
1615082,0.1359,0.0403,0.9821,0.6737,0.3063,0.2450,1001.0845,bumps
1615142,0.1430,0.0451,1.0182,-0.0088,0.2625,0.2887,1001.0916,bumps
1615202,0.1343,0.0407,0.9765,0.1750,-0.1925,0.4025,1001.0977,bumps
1615262,0.1355,0.0412,1.0009,0.0175,-0.0088,0.4725,1001.0938,bumps
1615322,0.1210,0.0406,0.9928,0.4025,0.2800,0.1400,1001.0889,bumps
1615382,0.1339,0.0496,1.0094,0.4812,0.4550,0.0700,1001.0837,bumps
1615442,0.1279,0.0378,1.0031,0.0088,0.0613,0.2537,1001.0955,bumps
1615502,0.1150,0.0315,0.9717,0.0000,-0.0437,0.3237,1001.0842,bumps
1615562,0.1305,0.0342,0.9847,0.3500,0.0350,0.3675,1001.0901,bumps
1615622,0.1157,0.0371,0.9878,0.2625,0.4025,0.2013,1001.0999,bumps
1615682,0.1179,0.0439,0.9967,0.1138,0.1575,0.1138,1001.0920,bumps
1615742,0.0986,0.0453,0.9892,0.4550,0.6737,0.2362,1001.0850,bumps
1615802,0.1035,0.0323,0.9744,0.2013,0.0088,0.2100,1001.0911,bumps
1615862,0.1072,0.0375,0.9884,0.3675,0.3675,0.2100,1001.0945,bumps
1615922,0.1061,0.0352,1.0168,0.0175,0.2975,0.2013,1001.0994,bumps
1615982,0.0914,0.0405,0.9756,0.2362,-0.3325,0.1225,1001.0889,bumps
1616042,0.0579,0.0480,0.9911,0.2800,0.3500,0.2625,1001.0886,bumps
1616102,0.0007,0.0359,0.9990,0.0350,0.2625,0.2275,1001.0925,bumps
1616162,-0.0234,0.0356,1.0172,0.3850,0.4462,0.2013,1001.0972,bumps
1616222,-0.0256,0.0457,1.0175,0.1050,0.4900,0.2450,1001.0872,bumps
1616282,-0.0071,0.0256,0.9579,0.0875,0.0787,0.1138,1001.1033,bumps
1616342,0.0120,0.0602,0.9607,0.3675,0.5163,0.2537,1001.0991,bumps
1616402,0.0188,0.0242,0.9626,0.3150,0.3762,0.2013,1001.0916,bumps
1616462,0.0168,0.0411,1.0002,0.2450,0.2537,0.2713,1001.1016,bumps
1616522,-0.0022,0.0425,1.0199,0.1225,-0.0350,0.2713,1001.1033,bumps
1616582,-0.0100,0.0417,0.9759,0.3762,-0.3413,0.2188,1001.0913,bumps
1616642,0.0076,0.0415,0.9914,0.3237,0.1750,0.2975,1001.0959,bumps
1616702,0.0120,0.0359,0.9845,0.1050,0.0613,0.2100,1001.0894,bumps
1616762,0.0234,0.0386,0.9806,0.0262,-0.2362,0.3500,1001.1008,bumps
1616822,-0.0051,0.0388,1.0051,0.2275,0.5775,0.2537,1001.0845,bumps
1616882,-0.0139,0.0581,0.9742,0.2800,0.0787,0.1050,1001.0984,bumps
1616942,0.0132,0.0157,0.9403,-0.2975,0.7088,0.1750,1001.0959,bumps
1617002,0.0048,0.0414,0.9978,0.2013,0.1050,0.2625,1001.0986,bumps
1617062,0.0215,0.0356,0.9751,-0.0700,-0.5250,0.2013,1001.0925,bumps
1617122,0.0271,0.0623,1.0141,0.0437,0.1838,0.2975,1001.0959,bumps
1617182,0.0007,0.0307,0.9816,0.2188,0.2450,0.1488,1001.0991,bumps
1617242,0.0103,0.0408,1.0096,0.4025,0.3150,0.2975,1001.1013,bumps
1617302,0.0053,0.0408,1.0097,-0.0613,-0.0525,0.2887,1001.0955,bumps
1617362,0.0031,0.0366,0.9672,0.1050,-0.1663,0.1488,1001.0920,bumps
1617422,0.0161,0.0483,0.9931,0.2013,0.3938,0.2887,1001.0962,bumps
1617482,0.0027,0.0300,0.9905,0.0088,0.2362,0.2100,1001.0942,bumps
1617542,0.0093,0.0371,0.9936,0.1400,0.0787,0.2100,1001.0933,bumps
1617602,0.0076,0.0388,0.9939,-0.3063,-0.0262,0.3325,1001.1001,bumps
1617662,-0.0068,0.0359,0.9630,0.2362,-0.0787,0.1750,1001.0950,bumps
1617722,0.0196,0.0456,0.9916,0.4638,0.3762,0.2537,1001.0981,bumps
1617782,0.0108,0.0342,1.0114,0.1750,0.1663,0.2450,1001.0928,bumps
1617842,0.0021,0.0354,0.9690,0.1488,-0.2013,0.1925,1001.0933,bumps
1617902,0.0041,0.0417,0.9890,0.1575,0.2362,0.3325,1001.0933,bumps
1617962,-0.0032,0.0350,0.9892,0.0525,0.2713,0.1488,1001.0950,bumps
1618022,0.0126,0.0371,1.0056,0.2887,0.0088,0.1750,1001.0918,bumps
1618082,0.0157,0.0371,1.0077,0.1225,0.0088,0.2713,1001.0911,bumps
1618142,0.0007,0.0337,0.9750,0.2537,-0.0088,0.1575,1001.0933,bumps
1618202,0.0107,0.0466,0.9972,0.2188,0.1925,0.2975,1001.0920,bumps
1618262,0.0069,0.0392,1.0025,0.0088,0.1488,0.1750,1001.0918,bumps
1618322,0.0152,0.0382,0.9800,0.2713,-0.4025,0.2362,1001.0950,bumps
1618382,0.0141,0.0346,1.0002,0.0262,-0.2275,0.2713,1001.0894,bumps
1618442,0.0168,0.0425,0.9944,0.1050,0.0437,0.1925,1001.0967,bumps
1618502,0.0217,0.0476,0.9961,0.5250,0.2100,0.2713,1001.1018,bumps
1618562,0.0680,0.0384,0.9986,0.2362,-0.1663,0.1750,1001.0916,bumps
1618622,0.0650,0.0287,0.9738,0.2100,-0.3325,0.1750,1001.0935,bumps
1618682,0.0781,0.0513,0.9994,0.4288,0.0787,0.1925,1001.0996,bumps
1618742,0.0875,0.0244,1.0228,-0.2625,-0.2887,0.3150,1001.0916,bumps
1618802,0.0659,0.0407,0.9741,0.2100,-0.4900,0.1400,1001.0967,bumps
1618862,0.0920,0.0525,1.0004,0.2800,0.2450,0.2537,1001.0947,bumps
1618922,0.0676,0.0271,0.9987,0.0875,0.3237,0.2450,1001.1016,bumps
1618982,0.0773,0.0385,0.9862,0.2887,-0.1312,0.0875,1001.1001,bumps
1619042,0.0866,0.0446,1.0160,-0.0175,0.0962,0.2887,1001.1016,bumps
1619102,0.0666,0.0366,0.9753,0.3237,0.0350,0.1400,1001.0879,bumps
1619162,0.0866,0.0515,0.9970,0.4638,0.2100,0.1925,1001.0879,bumps
1619222,0.0773,0.0273,1.0177,-0.2188,0.1488,0.2362,1001.0889,bumps
1619282,0.0719,0.0418,0.9822,0.1750,-0.2100,0.0350,1001.1086,bumps
1619342,0.0813,0.0495,1.0009,0.1312,0.2188,0.2362,1001.0999,bumps
1619402,0.0578,0.0275,0.9913,-0.0262,0.3500,0.2275,1001.1003,bumps
1619462,0.0756,0.0410,0.9955,0.2188,-0.0787,0.1575,1001.0920,bumps
1619522,0.0786,0.0447,1.0166,0.0000,0.1750,0.2887,1001.0908,bumps
1619582,0.0493,0.0364,0.9706,0.1225,0.1050,0.1312,1001.0996,bumps
1619642,0.0711,0.0522,0.9919,0.4725,0.4025,0.1488,1001.0930,bumps
1619702,0.0659,0.0359,1.0160,-0.0525,0.3500,0.1138,1001.0935,bumps
1619762,0.0630,0.0264,0.9831,-0.0613,-0.1225,0.1138,1001.0918,bumps
1619822,0.0554,0.0571,0.9977,0.0613,0.2450,0.2625,1001.0991,bumps
1619882,0.0493,0.0140,0.9870,0.3237,0.1838,0.2275,1001.0884,bumps
1619942,0.0634,0.0322,0.9913,0.7088,0.1312,0.1312,1001.0911,bumps
1620002,0.0737,0.0352,1.0238,0.2013,-0.0613,0.1838,1001.0881,bumps
1620062,0.0617,0.0368,0.9824,0.4025,-0.5337,0.0613,1001.0950,bumps
1620122,0.0562,0.0605,0.9966,0.5688,0.2362,0.2100,1001.0852,bumps
1620182,0.0449,0.0276,1.0177,0.2100,0.8050,0.1400,1001.0933,bumps
1620242,0.0656,0.0488,1.0040,0.0088,0.2800,0.1225,1001.0889,bumps
1620302,0.0686,0.0425,1.0158,0.0262,0.2275,0.2275,1001.0930,bumps
1620362,0.0325,0.0119,0.9712,0.0175,-0.1663,0.0262,1001.0950,bumps
1620422,0.0508,0.0530,1.0025,0.5337,0.5688,0.0525,1001.0879,bumps
1620482,0.0398,0.0403,1.0126,-0.3413,0.1138,0.2013,1001.0947,bumps
1620542,0.0535,0.0239,0.9858,-0.2013,-0.4462,0.2713,1001.0913,bumps
1620602,0.0549,0.0466,1.0107,0.0437,0.0000,0.3413,1001.0828,bumps
1620662,0.0395,0.0119,0.9906,0.1050,0.2275,0.2013,1001.0920,bumps
1620722,0.0512,0.0559,1.0024,0.4462,0.2800,0.0262,1001.0811,bumps
1620782,0.0451,0.0451,1.0126,0.1488,0.2975,0.0175,1001.0901,bumps
1620842,0.0486,0.0367,0.9894,0.2537,-0.2013,0.1138,1001.0854,bumps
1620902,0.0476,0.0464,1.0050,0.2100,0.2100,0.2188,1001.0874,bumps
1620962,0.0144,0.0242,0.9926,0.4812,0.1138,0.1750,1001.0842,bumps
1621022,0.0339,0.0727,1.0045,0.5863,0.1663,-0.0262,1001.0828,bumps
1621082,0.0431,0.0349,1.0268,0.0437,-0.1050,0.1050,1001.0869,bumps
1621142,0.0244,0.0398,0.9906,0.0962,-1.0850,0.0787,1001.0747,bumps
1621202,0.0487,0.0639,1.0106,0.2887,0.1838,0.0700,1001.0808,bumps
1621262,0.0290,0.0411,1.0087,-0.2887,0.4025,0.1488,1001.0896,bumps
1621322,0.0165,0.0308,0.9967,0.4025,-0.0175,0.0875,1001.0815,bumps
1621382,0.0415,0.0447,1.0160,-0.4288,-0.4112,0.1225,1001.0823,bumps
1621442,0.0161,0.0190,0.9609,0.4112,-0.9975,0.0613,1001.0867,bumps
1621502,-0.0220,0.0306,1.0675,0.6737,0.3325,-0.1750,1001.0850,bumps
1621562,-0.0446,0.0473,1.1384,0.6825,-0.9625,0.0875,1001.0986,bumps
1621622,-0.1091,0.0468,1.0670,0.0000,-4.8038,0.3762,1001.1028,bumps
1621682,-0.0091,0.0332,1.0345,0.0262,-6.4313,0.5775,1001.0891,bumps
1621742,0.0218,0.0449,0.9443,-0.8138,-6.6588,0.0088,1001.0767,bumps
1621802,0.0600,0.0379,0.8930,-0.1400,-5.0400,-0.1838,1001.0796,bumps
1621862,0.0827,0.0469,0.8791,0.2800,-2.1000,-0.1138,1001.0676,bumps
1621922,0.0798,0.0081,0.8664,0.0962,0.6212,0.0525,1001.0659,bumps
1621982,0.1017,0.0257,0.9246,0.7613,2.7562,0.4812,1001.0706,bumps
1622042,0.1025,0.0395,0.9552,1.1900,4.3050,0.2188,1001.0688,bumps
1622102,0.1178,0.0473,0.9254,1.3038,5.3113,-0.1488,1001.0745,bumps
1622162,0.1105,0.0647,0.9418,0.9887,7.0875,-0.0787,1001.0813,bumps
1622222,0.0137,0.0836,1.0041,-0.3063,7.3587,-0.0437,1001.0742,bumps
1622282,0.0023,0.0300,1.1014,-0.3850,5.4163,0.3150,1001.1096,bumps
1622342,0.0181,0.0390,1.1765,-0.5950,2.0738,0.1750,1001.1016,bumps
1622402,-0.0056,0.0444,1.1222,0.2800,-1.9688,-0.2975,1001.1152,bumps
1622462,0.0426,0.0232,1.0426,0.5512,-3.5525,-0.2275,1001.1084,bumps
1622522,0.0314,0.0539,0.9864,0.6125,-2.6075,-0.0262,1001.0913,bumps
1622582,0.0432,0.0651,0.9518,-0.1838,-1.7675,0.0000,1001.0881,bumps
1622642,0.0425,0.0373,0.9346,0.6825,-0.1838,0.4462,1001.0815,bumps
1622702,0.0239,0.0383,0.9511,0.5075,0.4112,0.0875,1001.0864,bumps
1622762,0.0344,0.0305,0.9965,0.8838,1.1463,-0.1225,1001.0869,bumps
1622822,0.0441,0.0476,0.9975,0.1750,0.1312,0.0088,1001.0833,bumps
1622882,0.0027,0.0237,0.9708,0.4725,0.1575,0.1750,1001.0850,bumps
1622942,0.0149,0.0536,0.9787,0.7175,0.2362,0.1838,1001.0952,bumps
1623002,0.0120,0.0506,1.0034,0.1575,0.7262,0.0175,1001.0925,bumps
1623062,0.0037,0.0282,0.9967,-0.1575,-0.0875,0.0437,1001.0930,bumps
1623122,0.0324,0.0590,1.0061,-0.2362,-0.3150,0.1312,1001.0967,bumps
1623182,0.0029,0.0257,0.9637,-0.3675,0.0613,0.1925,1001.0913,bumps
1623242,0.0049,0.0378,0.9602,0.0000,0.4462,0.1312,1001.0769,bumps
1623302,0.0361,0.0320,1.0409,-0.2188,1.2600,-0.0525,1001.0854,bumps
1623362,0.0303,0.0322,0.9811,0.7875,0.5075,0.1750,1001.0854,bumps
1623422,-0.1862,0.0565,1.0411,-1.1113,2.5113,0.2013,1001.0825,bumps
1623482,-0.1146,0.1132,1.1350,0.0962,6.5188,-0.5600,1001.0898,bumps
1623542,-0.0403,0.0951,1.0809,-1.3825,8.2250,-0.1312,1001.0938,bumps
1623602,-0.0795,0.0381,0.9335,-0.7788,7.4637,0.0525,1001.0781,bumps
1623662,0.0167,-0.0054,0.9033,-1.0675,3.8412,-0.0088,1001.0886,bumps
1623722,-0.0365,0.0100,0.8671,-0.2362,0.9013,-0.0350,1001.0769,bumps
1623782,0.0242,0.0248,0.8625,1.1725,-1.4787,0.1575,1001.0684,bumps
1623842,0.0337,0.0188,0.8710,2.0563,-4.1213,0.2537,1001.0647,bumps
1623902,0.0622,0.0368,0.8803,2.3625,-5.9587,0.5250,1001.0750,bumps
1623962,0.0863,0.0390,0.8896,2.1350,-7.9975,0.2887,1001.0642,bumps
1624022,0.0127,0.0622,0.9904,0.8313,-9.1175,0.0000,1001.0879,bumps
1624082,0.0564,0.0990,1.0936,0.4375,-6.8950,0.1050,1001.0903,bumps
1624142,0.0496,0.0466,1.1814,-1.0588,-3.9550,0.3063,1001.1101,bumps
1624202,0.0634,0.0541,1.1958,-1.1812,2.0475,0.0088,1001.1086,bumps
1624262,0.0674,0.0381,1.1338,-0.1312,4.8300,-0.0700,1001.1143,bumps
1624322,-0.0054,0.0098,0.9628,0.3675,4.0600,-0.2713,1001.0891,bumps
1624382,0.0282,0.0656,0.9249,-0.0875,2.6775,0.1400,1001.0837,bumps
1624442,-0.0035,0.0288,0.9126,1.1463,1.0150,0.4288,1001.0769,bumps
1624502,0.0161,0.0295,0.9465,0.7875,-0.9887,0.2975,1001.0820,bumps
1624562,0.0095,0.0534,0.9792,0.6388,-0.6562,0.1312,1001.0779,bumps
1624622,-0.0196,0.0583,0.9733,0.9625,-0.5950,-0.1400,1001.0781,bumps
1624682,-0.0154,0.0561,0.9811,0.3675,-0.1488,0.0700,1001.0896,bumps
1624742,-0.0395,0.0403,1.0304,-0.1400,0.0000,0.2537,1001.0869,bumps
1624802,-0.0210,0.0373,1.0285,-0.4900,-0.4375,0.1575,1001.0833,bumps
1624862,-0.0378,0.0583,1.0077,-0.2275,-0.2100,0.1750,1001.0874,bumps
1624922,-0.0617,0.0476,0.9745,-0.1312,0.4025,-0.0525,1001.0920,bumps
1624982,-0.0434,0.0346,0.9988,0.1488,0.2013,-0.0437,1001.0938,bumps
1625042,-0.0456,0.0342,1.0146,-0.1838,0.0437,0.1575,1001.0886,bumps
1625102,-0.0722,0.0195,0.9457,0.4112,-0.6562,0.2362,1001.0876,bumps
1625162,-0.0447,0.0597,0.9895,0.7350,-0.2013,0.2975,1001.0903,bumps
1625222,-0.0692,0.0522,0.9672,0.2713,-0.5512,0.0962,1001.0811,bumps
1625282,-0.0378,0.0489,1.0094,0.8138,-0.8050,0.0175,1001.0830,bumps
1625342,-0.0550,0.0425,1.0189,0.7175,0.3500,0.2013,1001.0886,bumps
1625402,-0.0859,0.0432,0.9641,0.3150,0.0175,0.1663,1001.0898,bumps
1625462,-0.0734,0.0559,1.0031,0.2275,0.8050,0.1312,1001.0784,bumps
1625522,-0.0835,0.0556,1.0265,-0.5863,0.6475,0.1138,1001.0864,bumps
1625582,-0.0823,0.0340,0.9926,-0.0175,0.2975,-0.0787,1001.0852,bumps
1625642,-0.0810,0.0512,0.9863,0.1925,0.1750,0.2013,1001.0859,bumps
1625702,-0.1174,0.0351,0.9941,-0.0875,0.7525,0.1400,1001.0962,bumps
1625762,-0.0914,0.0454,1.0143,0.4288,0.0525,0.1488,1001.0791,bumps
1625822,-0.0963,0.0554,1.0102,0.4638,0.1225,0.3325,1001.0981,bumps
1625882,-0.1181,0.0352,0.9709,0.3762,-0.2887,0.0962,1001.0981,bumps
1625942,-0.1059,0.0386,0.9906,0.3587,0.2188,0.1400,1001.0918,bumps
1626002,-0.1208,0.0410,1.0182,0.2975,0.2800,0.1663,1001.0979,bumps
1626062,-0.1172,0.0480,0.9717,0.4200,-0.1312,0.0962,1001.0815,bumps
1626122,-0.1133,0.0575,1.0194,0.0787,-0.1838,0.2275,1001.0923,bumps
1626182,-0.1268,0.0292,0.9748,0.2362,0.0787,0.1750,1001.0850,bumps
1626242,-0.1093,0.0380,1.0116,0.0787,0.1750,0.0787,1001.0967,bumps
1626302,-0.1366,0.0334,0.9999,0.0175,0.2013,0.2013,1001.0940,bumps
1626362,-0.1474,0.0504,0.9828,0.2537,-0.0088,0.1750,1001.0854,bumps
1626422,-0.1136,0.0556,0.9922,0.1925,-0.0525,0.2362,1001.0950,bumps
1626482,-0.1195,0.0504,0.9933,0.0525,0.2713,0.3237,1001.0864,bumps
1626542,-0.1203,0.0270,0.9729,-0.0437,0.0175,0.3150,1001.0864,bumps
1626602,-0.0173,0.0366,0.9852,0.0000,-0.2713,0.2887,1001.0950,bumps
1626662,0.0371,0.0439,0.9411,-0.3413,-1.1113,0.2625,1001.0940,bumps
1626722,0.0914,0.0532,0.9855,0.1400,-0.7000,0.2100,1001.0903,bumps
1626782,0.0434,0.0541,0.9956,0.3237,-0.1138,0.2100,1001.0977,bumps
1626842,0.0260,0.0407,1.0341,0.2100,-0.2188,0.2275,1001.0925,bumps
1626902,-0.0154,0.0534,1.0241,0.0350,-0.3413,0.2275,1001.0977,bumps
1626962,-0.0160,0.0303,1.0109,0.0525,-0.0262,0.2887,1001.0967,bumps
1627022,0.0154,0.0511,0.9855,0.1050,0.1138,0.1050,1001.0969,bumps
1627082,0.0337,0.0383,0.9684,0.1663,-0.0175,0.1750,1001.0925,bumps
1627142,0.0298,0.0464,0.9807,0.3850,0.4375,0.2013,1001.0874,bumps
1627202,0.0077,0.0407,0.9980,0.1750,0.3237,0.2450,1001.0823,bumps
1627262,-0.0015,0.0451,0.9926,0.0262,-0.1400,0.2625,1001.0952,bumps
1627322,-0.0264,0.0032,0.8563,0.0962,1.1287,0.0962,1001.0945,bumps
1627382,0.0176,0.0542,1.0190,0.0700,-0.2800,0.1663,1001.0969,bumps
1627442,0.0259,0.0261,0.9851,0.0787,0.0787,0.1925,1001.0959,bumps
1627502,0.0199,0.0529,0.9833,0.1663,0.0787,0.3150,1001.0876,bumps
1627562,0.0045,0.0349,0.9912,-0.0262,0.0700,0.2100,1001.0898,bumps
1627622,-0.0003,0.0470,0.9973,0.2013,0.0962,0.1925,1001.0981,bumps
1627682,0.0073,0.0373,0.9923,0.0962,0.0350,0.1838,1001.0901,bumps
1627742,0.0154,0.0452,0.9869,0.2975,0.0088,0.2188,1001.0879,bumps
1627802,0.0219,0.0422,0.9902,0.2275,0.0875,0.2362,1001.0918,bumps
1627862,0.0147,0.0468,0.9972,0.3150,0.1225,0.2188,1001.0964,bumps
1627922,0.0088,0.0453,0.9975,0.2188,0.0875,0.1663,1001.0911,bumps
1627982,0.0066,0.0447,0.9943,0.1312,0.1225,0.2275,1001.0977,bumps
1628042,0.0117,0.0451,0.9911,0.0700,-0.0700,0.2887,1001.0913,bumps
1628102,0.0137,0.0415,0.9892,0.1488,0.1050,0.2800,1001.0874,bumps
1628162,0.0237,0.0349,0.9572,0.1925,0.7088,0.2275,1001.0967,bumps
1628222,0.0110,0.0422,0.9923,0.3150,0.0962,0.0962,1001.1021,bumps
1628282,0.0095,0.0503,0.9942,0.2450,0.2188,0.2625,1001.0986,bumps
1628342,0.0083,0.0429,1.0006,0.1663,0.1312,0.3850,1001.0847,bumps
1628402,0.0079,0.0342,0.9806,0.0962,0.3938,0.1575,1001.0962,bumps
1628462,0.0146,0.0432,0.9934,0.1488,-0.0088,0.2100,1001.1013,bumps
1628522,0.0102,0.0381,0.9936,0.0175,0.1312,0.3063,1001.0994,bumps
1628582,0.0031,0.0444,0.9891,0.0613,0.1575,0.1488,1001.0818,bumps
1628642,0.0127,0.0393,1.0041,0.2975,-0.1312,0.1838,1001.0996,bumps
1628702,-0.0404,0.0513,0.9667,0.3325,0.9013,0.1663,1001.1001,bumps
1628762,-0.0345,0.0320,1.0070,0.0175,0.5600,0.1138,1001.1042,bumps
1628822,-0.0631,0.0540,0.9967,0.2450,0.4288,0.2625,1001.1006,bumps
1628882,-0.0639,0.0405,0.9897,0.1400,0.3587,0.3237,1001.0859,bumps
1628942,-0.0498,0.0358,0.9933,0.1488,0.1663,0.2625,1001.1011,bumps
1629002,-0.0562,0.0437,0.9902,0.1225,-0.1750,0.2362,1001.0962,bumps
1629062,-0.0536,0.0374,0.9899,0.1750,-0.1050,0.2887,1001.0867,bumps
1629122,-0.0551,0.0440,0.9956,0.2362,-0.1138,0.2625,1001.1035,bumps
1629182,-0.0608,0.0422,0.9960,0.1663,0.1750,0.2887,1001.0999,bumps
1629242,-0.0573,0.0434,0.9963,0.1225,0.1925,0.3063,1001.0898,bumps
1629302,-0.0634,0.0408,0.9938,0.1312,0.1750,0.2800,1001.0903,bumps
1629362,-0.0580,0.0459,0.9967,0.2625,0.0787,0.2275,1001.1040,bumps
1629422,-0.0552,0.0417,0.9984,0.2887,0.1663,0.2800,1001.0935,bumps
1629482,-0.0669,0.0427,0.9938,-0.0262,0.2188,0.2537,1001.0933,bumps
1629542,-0.1265,0.0393,0.9950,0.1838,0.5688,0.3150,1001.0930,bumps
1629602,-0.1491,0.0472,0.9940,0.1575,1.2075,0.2975,1001.1016,bumps
1629662,-0.1000,0.0283,1.0126,0.0525,1.1550,0.2887,1001.1104,bumps
1629722,-0.0871,0.0486,1.0041,-0.0088,0.4462,0.2537,1001.0935,bumps
1629782,-0.0464,0.0378,0.9945,0.1138,-0.5775,0.2975,1001.1060,bumps
1629842,-0.0493,0.0500,0.9935,0.0525,-1.0762,0.4112,1001.0928,bumps
1629902,-0.0525,0.0504,0.9767,0.2450,-0.8225,0.3938,1001.0925,bumps
1629962,-0.0390,0.0368,0.9841,0.3675,-0.5337,0.3938,1001.1042,bumps
1630022,-0.0418,0.0339,0.9858,0.3063,-0.2450,0.3325,1001.0835,bumps
1630082,-0.0415,0.0434,0.9841,0.3413,-0.0787,0.4462,1001.1023,bumps
1630142,-0.0327,0.0385,0.9931,-0.1225,-0.1488,0.4725,1001.0833,bumps
1630202,-0.0349,0.0444,0.9963,0.3675,-0.1050,0.3850,1001.0908,bumps
1630262,-0.0281,0.0541,1.0064,0.2800,0.0437,0.3850,1001.0889,bumps
1630322,-0.0320,0.0398,0.9860,0.1138,-0.1750,0.5163,1001.0903,bumps
1630382,-0.0327,0.0459,0.9821,0.0175,-0.1925,0.4462,1001.0869,bumps
1630442,-0.0283,0.0390,0.9933,-0.1575,0.2800,0.3325,1001.0935,bumps
1630502,-0.0289,0.0537,0.9877,0.4550,0.3237,0.2450,1001.0906,bumps
1630562,-0.0178,0.0300,0.9999,0.3938,0.2975,0.2362,1001.0864,bumps
1630622,-0.0207,0.0510,0.9997,-0.0350,0.4812,0.3237,1001.0991,bumps
1630682,-0.0256,0.0424,0.9816,0.1488,0.1838,0.2800,1001.0859,bumps
1630742,-0.0191,0.0490,1.0008,0.6388,0.2887,0.3150,1001.0862,bumps
1630802,-0.0200,0.0304,0.9892,0.2362,0.2362,0.3063,1001.0903,bumps
1630862,-0.0207,0.0552,0.9997,0.3762,0.5863,0.3150,1001.0942,bumps
1630922,-0.0183,0.0193,1.0016,0.4200,0.0350,0.3237,1001.0898,bumps
1630982,-0.0264,0.0596,0.9978,0.6825,0.5688,0.2975,1001.0833,bumps
1631042,-0.0306,0.0276,0.9992,0.0525,0.4025,0.3325,1001.0991,bumps
1631102,-0.0223,0.0404,0.9928,0.2975,0.4988,0.4200,1001.0850,bumps
1631162,-0.0190,0.0422,0.9919,0.0613,-0.0437,0.3762,1001.0903,bumps
1631222,-0.0095,0.0320,1.0012,-0.0962,0.4550,0.4550,1001.0940,bumps
1631282,-0.0256,0.0571,0.9868,0.2975,0.3938,0.3587,1001.0903,bumps
1631342,0.0005,0.0458,1.0021,-0.1138,0.2625,0.4462,1001.0913,bumps
1631402,-0.0103,0.0409,1.0035,0.0000,0.4375,0.4638,1001.1030,bumps
1631462,-0.0143,0.0475,0.9819,0.0613,-0.1400,0.2013,1001.1008,bumps
1631522,-0.0065,0.0391,1.0068,0.2362,-0.0175,0.2625,1001.0857,bumps
1631582,-0.0188,0.0709,0.9892,0.3675,0.3587,0.4200,1001.0957,bumps
1631642,-0.0093,0.0423,1.0134,0.1488,0.7962,0.3675,1001.0916,bumps
1631702,-0.0107,0.0631,1.0035,0.4025,0.5337,0.3063,1001.0935,bumps
1631762,-0.0171,0.0210,0.9736,-0.4462,-0.2625,0.4375,1001.0862,bumps
1631822,0.0224,0.0281,1.0065,-0.5163,-0.3237,0.3150,1001.0906,bumps
1631882,0.1379,0.0444,1.0917,0.2887,2.0387,0.0613,1001.0920,bumps
1631942,0.1256,0.0313,1.1112,0.7788,4.3050,0.3938,1001.1011,bumps
1632002,0.0622,0.0628,1.0490,-0.3675,6.8337,0.4638,1001.0925,bumps
1632062,0.0192,0.0586,0.9541,-1.0063,6.9037,0.5075,1001.0896,bumps
1632122,-0.0473,0.0649,0.8953,-0.4550,5.0400,0.2450,1001.0823,bumps
1632182,-0.0592,0.0390,0.8710,-0.8750,2.4150,0.0875,1001.0818,bumps
1632242,-0.0891,0.0214,0.8602,-0.6475,-0.2800,-0.1663,1001.0801,bumps
1632302,-0.1011,0.0130,0.8830,-0.3237,-2.6600,0.2800,1001.0737,bumps
1632362,-0.1103,0.0227,0.9084,0.8138,-4.1475,0.4638,1001.0671,bumps
1632422,-0.1247,0.0114,0.9062,1.4438,-6.2475,0.6212,1001.0791,bumps
1632482,-0.1530,0.0293,0.9424,2.6163,-7.9975,0.4638,1001.0884,bumps
1632542,0.0345,0.0153,1.0436,1.5050,-8.7325,0.4725,1001.0913,bumps
1632602,0.0224,0.0712,1.1198,0.5425,-7.1925,0.4812,1001.1067,bumps
1632662,0.0007,0.0654,1.1802,-0.4375,-2.6337,0.4375,1001.1106,bumps
1632722,0.0723,0.0630,1.1802,-0.6125,2.4762,0.2013,1001.1099,bumps
1632782,-0.0161,0.0285,1.0536,-0.7175,3.5350,0.1838,1001.1084,bumps
1632842,-0.0112,0.0246,0.9543,-1.1988,3.7450,0.0962,1001.0930,bumps
1632902,-0.0159,0.0104,0.9184,0.0000,1.6275,0.3325,1001.0981,bumps
1632962,-0.0200,0.0320,0.9379,0.6737,0.9275,0.5512,1001.0933,bumps
1633022,0.0086,0.0181,0.9604,0.5075,-0.1663,0.6825,1001.0967,bumps
1633082,-0.0053,0.0454,0.9855,0.2275,-0.4812,0.4112,1001.0852,bumps
1633142,0.0009,0.0681,0.9916,0.5512,-0.3413,0.2975,1001.0833,bumps
1633202,-0.0063,0.0401,0.9820,0.2625,-0.6825,0.2800,1001.0928,bumps
1633262,0.0181,0.0536,1.0227,-0.2100,0.0000,0.4112,1001.0881,bumps
1633322,0.0063,0.0229,1.0009,-0.7437,-0.1050,0.5425,1001.0879,bumps
1633382,0.0113,0.0533,1.0044,0.2450,0.3325,0.4025,1001.0820,bumps
1633442,0.0184,0.0336,1.0057,0.0613,0.6212,0.3150,1001.0950,bumps
1633502,-0.0086,0.0647,0.9936,0.2188,0.1925,0.3413,1001.0913,bumps
1633562,0.0154,0.0471,1.0097,0.5425,0.7788,0.3587,1001.0969,bumps
1633622,0.0042,0.0262,0.9989,0.1575,0.0088,0.2887,1001.0930,bumps
1633682,0.0749,0.0506,1.1422,0.8400,-2.3625,0.1050,1001.1003,bumps
1633742,0.0803,0.0310,1.1234,-0.3413,-6.8775,0.4550,1001.1135,bumps
1633802,0.0451,0.0580,0.9855,-0.5075,-8.5050,0.7000,1001.0903,bumps
1633862,0.0398,0.0644,0.9218,-0.3850,-5.9412,0.7788,1001.0864,bumps
1633922,0.0559,0.0344,0.8608,-0.1750,-2.7037,0.2450,1001.0691,bumps
1633982,0.0303,0.0285,0.8306,-0.3413,1.2250,0.0262,1001.0623,bumps
1634042,0.0144,-0.0045,0.8501,-0.1663,4.3663,0.1488,1001.0647,bumps
1634102,-0.0222,0.0278,0.8665,0.4112,7.2100,0.3938,1001.0654,bumps
1634162,-0.0503,0.0198,0.8719,0.8225,9.4237,0.3150,1001.0776,bumps
1634222,0.1032,0.0353,1.0260,1.2600,10.4475,0.2713,1001.0732,bumps
1634282,0.0129,0.0893,1.1212,0.3325,7.0613,0.5425,1001.0989,bumps
1634342,-0.0432,0.0279,1.2249,-0.0088,3.0013,0.7525,1001.1138,bumps
1634402,-0.0268,0.0615,1.2146,-0.4462,-2.2313,0.5425,1001.1213,bumps
1634462,-0.0502,0.0261,1.0797,-0.5337,-4.4713,0.2188,1001.1177,bumps
1634522,-0.0098,0.0483,0.9909,-0.5250,-4.4100,0.2625,1001.0957,bumps
1634582,0.0071,0.0498,0.9189,-0.9450,-2.8087,0.4288,1001.0891,bumps
1634642,0.0122,0.0305,0.9270,0.1925,-0.3587,0.3325,1001.0762,bumps
1634702,0.0303,0.0407,0.9340,-0.0437,0.6388,0.3325,1001.0840,bumps
1634762,0.0386,0.0176,0.9619,0.5250,0.8313,0.3063,1001.0825,bumps
1634822,0.0576,0.0576,0.9884,0.7437,0.5863,0.2625,1001.0933,bumps
1634882,0.0495,0.0183,0.9894,0.4638,0.2625,0.2625,1001.0845,bumps
1634942,0.0664,0.0634,1.0111,0.0262,-0.2100,0.2713,1001.1013,bumps
1635002,0.0700,0.0141,1.0194,0.2362,-0.7437,0.5075,1001.0920,bumps
1635062,0.0693,0.0448,1.0072,-0.0962,-0.3150,0.5688,1001.0935,bumps
1635122,0.0652,0.0464,0.9834,0.0875,-0.1838,0.3413,1001.0962,bumps
1635182,0.1102,0.0383,0.9945,0.2362,-0.3762,0.1312,1001.1016,bumps
1635242,0.1204,0.0310,0.9989,0.2713,-0.3587,0.1838,1001.0889,bumps
1635302,0.1198,0.0554,1.0041,0.3762,0.1400,0.3587,1001.0908,bumps
1635362,0.1364,0.0450,1.0126,-0.2450,-0.0175,0.6737,1001.0930,bumps
1635422,0.1337,0.0723,0.9770,-0.1750,-0.4112,0.4375,1001.0913,bumps
1635482,0.1255,0.0141,0.9902,0.4550,0.0525,0.2275,1001.0996,bumps
1635542,0.1164,0.0598,0.9977,0.2188,-0.2013,0.1575,1001.1001,bumps
1635602,0.1163,0.0417,0.9844,0.0088,-0.1575,0.4288,1001.1033,bumps
1635662,0.1303,0.0357,1.0067,0.1400,-0.3850,0.6475,1001.1003,bumps
1635722,0.1279,0.0468,1.0067,0.3150,0.1925,0.5863,1001.1047,bumps
1635782,0.1247,0.0393,0.9994,0.0787,-0.1400,0.3413,1001.0974,bumps
1635842,0.1069,0.0303,0.9733,0.6562,0.2362,0.0525,1001.1021,bumps
1635902,0.1155,0.0498,0.9869,0.2975,-0.0262,0.2975,1001.1038,bumps
1635962,0.1182,0.0297,0.9811,0.0175,-0.1750,0.4200,1001.0928,bumps
1636022,0.1185,0.0413,0.9870,-0.0700,0.1050,0.4200,1001.0833,bumps
1636082,0.1164,0.0347,1.0028,0.5688,0.0875,0.2800,1001.0876,bumps
1636142,0.1144,0.0473,0.9892,0.1400,0.1488,0.1225,1001.0923,bumps
1636202,0.1025,0.0459,0.9797,0.0525,0.1838,0.2625,1001.0940,bumps
1636262,0.0830,0.0398,0.9830,0.0962,0.5950,0.4025,1001.0894,bumps
1636322,0.0913,0.0447,0.9950,-0.1488,0.4638,0.4375,1001.1001,bumps
1636382,0.0973,0.0337,0.9994,-0.2713,0.2975,0.3063,1001.1006,bumps
1636442,0.0894,0.0384,0.9977,0.0525,0.2537,0.2275,1001.0916,bumps
1636502,0.0829,0.0407,0.9975,0.0350,0.0000,0.2100,1001.0967,bumps
1636562,0.0798,0.0407,0.9945,0.0613,0.2625,0.2625,1001.0967,bumps
1636622,0.0824,0.0410,0.9972,0.1838,0.3063,0.2713,1001.1016,bumps
1636682,0.0783,0.0456,1.0009,0.2362,0.3413,0.2713,1001.0981,bumps
1636742,0.0671,0.0388,0.9980,0.2013,0.2275,0.0962,1001.0959,bumps
1636802,0.0389,0.0418,1.0033,0.3063,0.3237,0.1488,1001.0933,bumps
1636862,-0.0090,0.0370,1.0053,0.0787,0.3413,0.2188,1001.0996,bumps
1636922,-0.0244,0.0361,0.9981,0.2188,0.1838,0.2713,1001.1023,bumps
1636982,-0.0154,0.0337,0.9956,0.0787,0.3063,0.3762,1001.1011,bumps
1637042,0.0206,0.0601,0.9928,1.4700,0.6300,0.2713,1001.0964,bumps
1637102,-0.0165,0.0873,1.0427,0.7437,-2.3100,0.0962,1001.0928,bumps
1637162,0.0266,0.0342,0.9880,0.0088,0.1575,0.2537,1001.0994,bumps
1637222,-0.0059,0.0468,0.9850,0.2887,-0.2275,0.2450,1001.0938,bumps
1637282,-0.0024,0.0390,0.9891,-0.0350,-0.2537,0.3150,1001.1028,bumps
1637342,-0.0142,0.0405,0.9951,0.0787,-0.0437,0.1925,1001.0986,bumps
1637402,0.0117,0.0475,0.9950,0.2188,0.1138,0.2013,1001.1008,bumps
1637462,0.0088,0.0310,0.9926,0.3237,0.1312,0.2975,1001.0994,bumps
1637522,0.0331,0.0444,0.9916,0.1312,0.1750,0.1838,1001.0952,bumps
1637582,0.0073,0.0420,0.9950,0.3325,0.0875,0.2800,1001.1025,bumps
1637642,-0.0081,0.0356,0.9995,0.2188,0.1400,0.1312,1001.1021,bumps
1637702,0.0040,0.0429,0.9946,0.2188,0.0875,0.2275,1001.1055,bumps
1637762,-0.0020,0.0411,0.9902,0.2887,-0.0175,0.2975,1001.0959,bumps
1637822,0.0154,0.0339,0.9916,0.2013,0.1400,0.2362,1001.1052,bumps
1637882,0.0188,0.0446,0.9989,0.2537,0.1488,0.2887,1001.0969,bumps
1637942,0.0023,0.0385,1.0019,0.2887,0.1138,0.2537,1001.1055,bumps
1638002,0.0061,0.0357,0.9958,0.1400,0.0613,0.2362,1001.0964,bumps
1638062,0.0010,0.0381,0.9938,0.1312,0.1225,0.2537,1001.1033,bumps
1638122,0.0078,0.0368,0.9952,0.2713,0.2625,0.1225,1001.0986,bumps
1638182,0.0241,0.0390,0.9960,0.3675,0.0525,0.2362,1001.0986,bumps
1638242,0.0459,0.0332,0.9948,0.0088,-0.2275,0.2537,1001.1086,bumps
1638302,0.0686,0.0442,0.9962,0.1838,-0.5775,0.2275,1001.0906,bumps
1638362,0.0674,0.0354,0.9970,0.1663,-0.6562,0.2537,1001.1055,bumps
1638422,0.0759,0.0403,0.9916,0.2450,-0.4988,0.2100,1001.1023,bumps
1638482,0.0737,0.0417,0.9923,0.1838,-0.3150,0.2188,1001.1060,bumps
1638542,0.0698,0.0384,0.9936,0.2100,0.1050,0.2362,1001.0896,bumps
1638602,0.0681,0.0393,0.9946,0.2275,0.1050,0.1750,1001.1011,bumps
1638662,0.0642,0.0406,0.9940,0.2713,0.1225,0.1400,1001.0959,bumps
1638722,0.0679,0.0393,0.9899,0.2713,0.0088,0.1575,1001.1047,bumps
1638782,0.0725,0.0398,0.9916,0.3500,-0.0700,0.1488,1001.0977,bumps
1638842,0.0786,0.0436,0.9967,0.4112,-0.1663,0.2362,1001.1025,bumps
1638902,0.0754,0.0390,0.9806,0.2800,0.1400,0.2275,1001.0908,bumps
1638962,0.0757,0.0427,0.9931,0.1663,-0.0262,0.2100,1001.0889,bumps
1639022,0.0800,0.0449,0.9913,0.0175,0.0350,0.2100,1001.0911,bumps
1639082,0.0802,0.0485,0.9955,0.0787,0.0262,0.2013,1001.1069,bumps
1639142,0.0750,0.0315,0.9911,-0.0262,0.0787,0.2013,1001.0957,bumps
1639202,0.0695,0.0396,0.9951,0.0088,0.2275,0.1838,1001.0898,bumps
1639262,0.0733,0.0329,0.9970,0.0262,0.2013,0.1050,1001.0969,bumps
1639322,0.0700,0.0415,0.9906,0.2537,0.1750,0.1838,1001.0923,bumps
1639382,0.0693,0.0385,0.9956,-0.1750,0.1925,0.1838,1001.0977,bumps
1639442,0.0618,0.0388,0.9835,0.2887,0.1138,0.1750,1001.0952,bumps
1639502,0.0647,0.0465,0.9984,0.2275,0.2275,0.1050,1001.0884,bumps
1639562,0.0583,0.0343,0.9882,0.3150,0.2537,0.0350,1001.0940,bumps
1639622,0.0592,0.0290,0.9990,-0.0787,0.0525,0.1312,1001.0955,bumps
1639682,0.0589,0.0447,0.9908,0.2013,0.5512,0.1488,1001.0933,bumps
1639742,0.0684,0.0549,0.9914,0.2188,0.2362,0.1575,1001.0925,bumps
