,timestamp,a_x,a_y,a_z,dps_x,dps_y,dps_z,pressure,target,time_sec,segment_time_sec,segment_id
0,947222,0.1462,0.0947,1.1147,-0.07,2.7825,0.5775,1000.3127,hard_decel,8.88,0.0,0
1,947282,0.0197,0.0947,0.8555,0.9625,-4.48,-0.3063,1000.3418,hard_decel,8.94,0.06,0
2,947342,0.0215,0.0998,0.9399,2.6512,-1.4787,-0.14,1000.3313,hard_decel,9.0,0.12,0
3,947402,0.2025,0.0578,1.0124,-1.5488,12.3375,1.1638,1000.3381,hard_decel,9.06,0.18,0
4,947462,0.1771,0.0461,1.2015,0.2013,-7.0788,2.0563,1000.375,hard_decel,9.12,0.24,0
5,947522,0.4097,0.1403,1.4445,-0.7962,18.2262,1.4612,1000.3262,hard_decel,9.18,0.3,0
6,947582,0.1349,0.0529,0.8319,-2.17,-6.1687,0.0962,1000.4121,hard_decel,9.24,0.36,0
7,947642,0.3925,-0.0647,1.0934,-5.1625,-12.2063,4.9963,1000.3828,hard_decel,9.3,0.42,0
8,947702,0.4016,0.2483,1.208,-0.8138,-2.4413,0.0613,1000.5649,hard_decel,9.36,0.48,0
9,947762,0.3096,-0.0452,1.058,4.41,4.5763,1.0938,1000.491,hard_decel,9.42,0.54,0
10,947822,0.3431,-0.0428,0.719,-0.9275,0.455,4.025,1000.5498,hard_decel,9.48,0.6,0
11,947882,0.3451,0.1121,1.0452,-0.8838,-6.4138,-0.14,1000.5574,hard_decel,9.54,0.66,0
12,947942,0.2799,-0.0196,1.0775,-0.4288,-3.4388,0.5863,1000.5452,hard_decel,9.6,0.72,0
13,948002,0.3289,0.0106,0.6664,3.2025,-0.6737,-0.4638,1000.5752,hard_decel,9.66,0.78,0
14,948062,0.5619,0.0049,1.1874,-0.8575,-3.1937,1.47,1000.6089,hard_decel,9.72,0.84,0
15,948122,0.5735,-0.1308,1.1734,4.095,1.9075,0.9538,1000.6699,hard_decel,9.78,0.9,0
16,948182,0.4568,0.0243,0.9576,-0.1138,0.35,0.6475,1000.6372,hard_decel,9.84,0.96,0
17,948242,0.4246,-0.0622,0.9326,0.42,0.1138,1.2337,1000.6648,hard_decel,9.9,1.02,0
18,948302,0.3961,0.0769,0.8963,0.7437,-2.59,0.7875,1000.6963,hard_decel,9.96,1.08,0
19,948362,0.2771,0.2023,0.8513,0.98,0.2887,0.7962,1000.6719,hard_decel,10.02,1.14,0
20,948422,0.4377,-0.0617,1.076,-4.3925,-2.3625,1.7675,1000.7029,hard_decel,10.08,1.2,0
21,948482,0.4841,-0.0149,1.0759,2.7037,2.8525,0.7437,1000.7026,hard_decel,10.14,1.26,0
22,948542,0.4524,0.106,1.0412,2.8438,3.8412,-0.1225,1000.793,hard_decel,10.2,1.32,0
23,948602,0.4314,-0.0289,1.0019,-7.1575,-5.915,0.2713,1000.7729,hard_decel,10.26,1.38,0
24,948662,0.5197,-0.1173,1.0006,2.975,-1.0237,0.9362,1000.7986,hard_decel,10.32,1.44,0
25,948722,0.4316,0.0762,0.9548,3.6837,2.1175,0.14,1000.7947,hard_decel,10.38,1.5,0
26,948782,0.3938,0.1195,1.089,-0.3675,-1.68,0.4375,1000.8823,hard_decel,10.44,1.56,0
27,948842,0.3719,-0.1166,0.8904,-0.4725,-4.8212,0.9275,1000.9636,hard_decel,10.5,1.62,0
28,948902,0.4055,0.1539,1.1112,-0.3237,-4.3837,0.665,1000.9343,hard_decel,10.56,1.68,0
29,948962,0.5006,0.0278,0.9723,2.4325,-1.155,0.2625,1000.9788,hard_decel,10.62,1.74,0
30,949022,0.5742,0.1124,1.1988,2.1525,-1.015,0.455,1000.9604,hard_decel,10.68,1.8,0
31,949082,0.6288,-0.0939,1.1711,-3.3338,3.955,0.4288,1000.9421,hard_decel,10.74,1.86,0
32,949142,0.3271,-0.0344,0.7125,1.3737,0.9712,-0.3938,1000.9519,hard_decel,10.8,1.92,0
33,949202,0.4329,0.0571,1.023,6.6762,3.0363,-0.2625,1000.9661,hard_decel,10.86,1.98,0
34,949262,0.4524,-0.1221,0.9321,-3.0625,2.2137,1.1988,1000.9871,hard_decel,10.92,2.04,0
35,949322,0.521,0.1118,1.0562,4.1475,-2.0125,0.3413,1001.0393,hard_decel,10.98,2.1,0
36,949382,0.3675,0.1194,0.9428,5.2325,0.3237,-0.735,1001.0022,hard_decel,11.04,2.16,0
37,949442,0.476,0.0473,0.911,0.1838,-5.9763,0.1488,1001.0972,hard_decel,11.1,2.22,0
38,949502,0.4175,-0.0703,0.8221,0.665,2.2487,0.1488,1001.0396,hard_decel,11.16,2.28,0
39,949562,0.5258,0.1273,1.1537,1.4525,-6.3962,-0.3762,1001.1472,hard_decel,11.22,2.34,0
40,949622,0.3802,0.11,0.9994,-1.435,0.4812,-0.6037,1001.1011,hard_decel,11.28,2.4,0
41,949682,0.4107,0.0195,1.0568,1.5662,3.1937,-0.6825,1001.1179,hard_decel,11.34,2.46,0
42,949742,0.5148,0.1574,1.1522,2.31,-2.065,0.1138,1001.1458,hard_decel,11.4,2.52,0
43,949802,0.2333,0.0448,0.7923,-0.28,3.43,-0.2275,1001.1836,hard_decel,11.46,2.58,0
44,949862,0.3225,0.0891,0.9272,0.7875,1.5137,0.6737,1001.2012,hard_decel,11.52,2.64,0
45,949922,0.4704,0.0232,1.2138,1.2513,1.89,0.2713,1001.1748,hard_decel,11.58,2.7,0
46,949982,0.4175,0.0573,1.026,0.7525,-0.6825,-0.2362,1001.208,hard_decel,11.64,2.76,0
47,950042,0.4194,0.0876,0.9848,0.2713,-1.1638,0.1225,1001.2124,hard_decel,11.7,2.82,0
48,950102,0.4038,0.1076,0.974,2.4062,0.1225,0.6037,1001.1946,hard_decel,11.76,2.88,0
49,950162,0.3883,-0.1411,1.0753,1.3212,7.6737,0.2887,1001.2461,hard_decel,11.82,2.94,0
50,950222,0.3899,-0.0137,1.1782,1.365,4.76,-0.5337,1001.2439,hard_decel,11.88,3.0,0
51,950282,0.4041,0.0941,0.9636,-1.1463,0.5337,0.6737,1001.2527,hard_decel,11.94,3.06,0
52,950342,0.3977,0.0894,0.9087,0.2275,-2.03,1.0325,1001.2825,hard_decel,12.0,3.12,0
53,950402,0.3748,0.1449,1.0561,0.1138,-0.245,0.6562,1001.2305,hard_decel,12.06,3.18,0
54,950462,0.3734,0.0512,1.0313,1.9863,-1.5137,0.8313,1001.2856,hard_decel,12.12,3.24,0
55,950522,0.3308,0.0673,0.9751,0.56,1.75,0.28,1001.2756,hard_decel,12.18,3.3,0
56,950582,0.4426,0.1055,1.1453,1.0762,1.2862,0.2975,1001.2844,hard_decel,12.24,3.36,0
57,950642,0.404,0.1337,1.1558,-0.3063,1.7675,0.5163,1001.3176,hard_decel,12.3,3.42,0
58,950702,0.3823,-0.0215,0.9542,0.1663,0.875,0.735,1001.2957,hard_decel,12.36,3.48,0
59,950762,0.3923,-0.0609,1.0133,1.1463,0.5337,0.7437,1001.3149,hard_decel,12.42,3.54,0
60,950822,0.3578,0.0371,1.0013,-0.28,-1.4612,-0.1138,1001.323,hard_decel,12.48,3.6,0
61,950882,0.335,0.0783,0.9712,2.2225,-0.84,0.1575,1001.3291,hard_decel,12.54,3.66,0
62,950942,0.3706,0.0594,0.965,2.555,0.4288,0.0,1001.3391,hard_decel,12.6,3.72,0
63,951002,0.3709,0.0673,1.0487,0.9975,1.2513,0.2013,1001.3315,hard_decel,12.66,3.78,0
64,951062,0.3584,0.0221,1.0199,-0.3413,-1.015,0.5163,1001.325,hard_decel,12.72,3.84,0
65,951122,0.3629,0.0872,0.9968,-0.4462,-1.2513,0.4638,1001.3591,hard_decel,12.78,3.9,0
66,951182,0.3587,0.0803,0.9765,1.4262,-0.9013,0.245,1001.3625,hard_decel,12.84,3.96,0
67,951242,0.3274,-0.0496,0.9052,1.1025,-0.7175,0.0962,1001.345,hard_decel,12.9,4.02,0
68,951302,0.3734,0.054,1.0575,0.8487,0.7613,0.35,1001.3452,hard_decel,12.96,4.08,0
69,951362,0.357,0.0861,1.0541,-1.4175,-0.4025,0.6037,1001.332,hard_decel,13.02,4.14,0
70,951422,0.3038,0.0418,0.9704,-0.5425,1.855,0.805,1001.356,hard_decel,13.08,4.2,0
71,951482,0.2928,0.0625,1.0409,1.3388,0.5775,0.21,1001.3464,hard_decel,13.14,4.26,0
72,951542,0.2585,0.0188,0.909,0.7613,0.0525,0.2188,1001.3486,hard_decel,13.2,4.32,0
73,951602,0.3055,0.0124,0.9464,0.735,0.3762,0.0262,1001.3418,hard_decel,13.26,4.38,0
74,951662,0.3192,0.1052,1.0438,0.665,1.3737,0.4988,1001.3623,hard_decel,13.32,4.44,0
75,951722,0.2464,0.1189,0.9982,-0.6212,1.2513,0.5688,1001.356,hard_decel,13.38,4.5,0
76,951782,0.2513,-0.0098,0.9568,0.6475,0.7788,-0.035,1001.3586,hard_decel,13.44,4.56,0
77,951842,0.2749,0.0681,0.9728,1.68,0.1838,0.245,1001.366,hard_decel,13.5,4.62,0
78,951902,0.2555,0.0624,1.0041,-0.385,1.3563,0.2625,1001.3716,hard_decel,13.56,4.68,0
79,951962,0.2516,0.0542,1.0355,0.6212,1.2425,0.14,1001.374,hard_decel,13.62,4.74,0
80,952022,0.2479,0.0781,1.0485,-1.1725,-0.6125,0.7613,1001.3723,hard_decel,13.68,4.8,0
81,952082,0.1945,0.0644,0.9941,0.2362,0.2275,0.5163,1001.3699,hard_decel,13.74,4.86,0
82,952142,0.1603,0.0654,1.0562,-0.0525,1.2862,0.2275,1001.3828,hard_decel,13.8,4.92,0
83,952202,0.0969,0.0295,1.0089,0.6037,0.91,0.14,1001.3899,hard_decel,13.86,4.98,0
84,952262,0.0669,0.0486,0.9982,0.5163,0.7875,0.0525,1001.374,hard_decel,13.92,5.04,0
85,952322,0.0274,0.0427,1.004,0.42,1.5137,0.63,1001.3652,hard_decel,13.98,5.1,0
86,960602,0.0048,-0.0644,1.0426,1.4875,2.8963,0.1575,1000.0349,hard_decel,22.26,0.0,1
87,960662,0.0068,-0.0622,0.6429,-3.5438,-3.8063,0.4988,1000.0032,hard_decel,22.32,0.06,1
88,960722,0.035,0.0293,0.8454,-1.7325,-3.6137,0.6125,1000.009,hard_decel,22.38,0.12,1
89,960782,0.1915,0.2457,0.9201,-2.7037,2.275,-0.455,999.9924,hard_decel,22.44,0.18,1
90,960842,0.1364,0.1227,0.8528,-1.4963,-7.91,0.385,999.9846,hard_decel,22.5,0.24,1
91,960902,-0.0956,-0.012,0.7637,-1.5662,0.8225,-0.105,1000.0039,hard_decel,22.56,0.3,1
92,960962,0.1891,0.0675,1.1946,3.2462,2.2838,-0.6562,1000.0073,hard_decel,22.62,0.36,1
93,961022,0.095,0.1537,0.8877,0.9362,-6.8775,-0.8225,1000.0364,hard_decel,22.68,0.42,1
94,961082,0.071,-0.0227,0.6517,-0.98,-10.8062,0.1488,1000.0603,hard_decel,22.74,0.48,1
95,961142,0.3013,0.0861,1.107,3.22,-1.7237,-0.5337,1000.0496,hard_decel,22.8,0.54,1
96,961202,0.2815,0.064,0.9941,-0.35,-2.7738,0.8138,1000.0654,hard_decel,22.86,0.6,1
97,961262,0.3326,-0.0825,1.218,-1.4438,5.7225,-0.6562,1000.0918,hard_decel,22.92,0.66,1
98,961322,0.2242,0.154,0.8377,-1.295,-4.865,0.7262,1000.093,hard_decel,22.98,0.72,1
99,961382,0.263,0.0732,0.977,1.9425,-3.3425,0.1312,1000.137,hard_decel,23.04,0.78,1
100,961442,0.2894,0.0752,1.0102,-1.82,-1.015,0.945,1000.1333,hard_decel,23.1,0.84,1
101,961502,0.154,0.0199,0.7793,-0.2625,5.845,-0.1138,1000.1609,hard_decel,23.16,0.9,1
102,961562,0.2543,0.1022,0.7977,-3.3425,-0.3938,-0.315,1000.1711,hard_decel,23.22,0.96,1
103,961622,0.4785,0.1281,1.1262,3.85,2.2313,0.0787,1000.188,hard_decel,23.28,1.02,1
104,961682,0.4136,0.1216,1.2027,3.6837,5.5738,-0.105,1000.2158,hard_decel,23.34,1.08,1
105,961742,0.4218,-0.0631,1.1046,3.8763,-2.6163,0.6388,1000.2319,hard_decel,23.4,1.14,1
106,961802,0.4897,0.1815,1.0997,-3.1588,2.065,0.7875,1000.2771,hard_decel,23.46,1.2,1
107,961862,0.5583,0.1854,1.4679,-3.43,7.735,0.0262,1000.2751,hard_decel,23.52,1.26,1
108,961922,0.3984,0.0315,0.9775,2.8525,1.8025,0.91,1000.3337,hard_decel,23.58,1.32,1
109,961982,0.5173,0.2338,1.2356,0.8575,-0.4462,0.56,1000.3179,hard_decel,23.64,1.38,1
110,962042,0.5185,0.1034,1.0004,-1.75,1.26,0.7262,1000.3586,hard_decel,23.7,1.44,1
111,962102,0.3533,-0.0342,0.7896,-0.3938,-2.1,0.7962,1000.3723,hard_decel,23.76,1.5,1
112,962162,0.3858,-0.0668,0.7683,-1.6013,-1.6187,0.5775,1000.3726,hard_decel,23.82,1.56,1
113,962222,0.3125,0.0871,0.7377,0.2275,-3.045,-0.84,1000.4014,hard_decel,23.88,1.62,1
114,962282,0.5517,-0.1291,0.9067,-1.05,-7.4725,3.2812,1000.4451,hard_decel,23.94,1.68,1
115,962342,0.5154,0.2248,1.0246,-4.515,-2.2925,0.7262,1000.5103,hard_decel,24.0,1.74,1
116,962402,0.4243,-0.1096,0.9044,4.4713,0.945,-2.8875,1000.4995,hard_decel,24.06,1.8,1
117,962462,0.5337,0.0018,1.404,-0.91,16.555,2.8788,1000.5369,hard_decel,24.12,1.86,1
118,962522,0.5735,0.4067,1.2998,3.99,6.65,-0.0175,1000.5186,hard_decel,24.18,1.92,1
119,962582,0.5197,0.2098,0.9385,-3.36,10.1237,0.7875,1000.5857,hard_decel,24.24,1.98,1
120,962642,0.4794,0.6215,1.3099,14.1925,13.6938,-5.2587,1000.6399,hard_decel,24.3,2.04,1
121,962702,0.4824,0.2464,0.9736,-5.7925,-5.6175,-4.69,1000.6123,hard_decel,24.36,2.1,1
122,962762,0.0007,-0.4738,0.5422,0.4112,4.165,0.7175,1000.6658,hard_decel,24.42,2.16,1
123,962822,0.5037,0.1457,1.2488,10.8763,-0.1312,-1.3913,1000.697,hard_decel,24.48,2.22,1
124,962882,-0.2201,0.286,0.3421,-10.325,-4.5763,-1.4787,1000.6665,hard_decel,24.54,2.28,1
125,962942,0.4138,-0.2982,0.9471,-4.34,-1.9075,3.8412,1000.6953,hard_decel,24.6,2.34,1
126,963002,0.5624,0.0722,1.2003,3.3775,-1.505,0.3413,1000.7129,hard_decel,24.66,2.4,1
127,963062,0.4613,0.2262,0.5768,-0.735,-10.7537,-0.0262,1000.7197,hard_decel,24.72,2.46,1
128,963122,0.4212,-0.1161,1.1602,-3.85,1.8463,0.8575,1000.7119,hard_decel,24.78,2.52,1
129,963182,0.3267,-0.0342,0.9982,-2.7912,0.1663,1.3125,1000.769,hard_decel,24.84,2.58,1
130,963242,0.34,-0.0422,0.9306,-2.8788,-0.63,-0.6475,1000.8018,hard_decel,24.9,2.64,1
131,963302,0.3414,-0.1884,0.8576,-1.9688,-3.3163,-0.4988,1000.8062,hard_decel,24.96,2.7,1
132,963362,0.3538,-0.0669,0.965,4.2613,-3.8063,0.735,1000.8425,hard_decel,25.02,2.76,1
133,963422,0.2905,0.0341,0.7144,-1.4088,-3.6662,-0.0088,1000.8625,hard_decel,25.08,2.82,1
134,963482,0.3402,0.04,0.9414,-3.36,2.5287,0.315,1000.8762,hard_decel,25.14,2.88,1
135,963542,0.3179,0.0304,0.9177,-2.135,4.7512,-0.7175,1000.8765,hard_decel,25.2,2.94,1
136,963602,0.2657,-0.1039,0.8377,-1.2687,-0.6913,-0.7788,1000.9124,hard_decel,25.26,3.0,1
137,963662,0.3778,-0.0818,0.9884,2.1263,0.1138,-0.8225,1000.9336,hard_decel,25.32,3.06,1
138,963722,0.3437,0.0367,0.9203,0.595,0.98,-0.6737,1000.9402,hard_decel,25.38,3.12,1
139,963782,0.4189,0.1138,1.0667,1.085,-0.0525,-0.0262,1000.9631,hard_decel,25.44,3.18,1
140,963842,0.413,0.0894,0.9748,-0.4288,-1.9512,-0.1663,1000.9834,hard_decel,25.5,3.24,1
141,963902,0.3191,-0.0163,0.8231,-2.6425,-2.3625,-0.4375,1000.9934,hard_decel,25.56,3.3,1
142,963962,0.3591,-0.0559,0.8818,-2.73,-1.4963,-0.35,1001.0042,hard_decel,25.62,3.36,1
143,964022,0.4184,0.0268,0.9494,0.9975,-2.3363,-0.4725,1001.0222,hard_decel,25.68,3.42,1
144,964082,0.4119,0.0794,0.9279,-0.4988,-0.2887,-0.8138,1001.0286,hard_decel,25.74,3.48,1
145,964142,0.4058,0.0239,1.1671,1.61,1.0063,-0.4462,1001.0371,hard_decel,25.8,3.54,1
146,964202,0.5422,-0.0098,1.1377,1.12,1.6888,-0.5337,1001.0588,hard_decel,25.86,3.6,1
147,964262,0.4162,-0.0037,1.0206,-1.1025,-0.6825,-0.105,1001.0701,hard_decel,25.92,3.66,1
148,964322,0.4026,0.1204,1.0078,-1.3737,-0.3413,-0.5163,1001.0674,hard_decel,25.98,3.72,1
149,964382,0.2755,-0.1545,0.8394,-0.4288,-4.5237,0.0613,1001.0833,hard_decel,26.04,3.78,1
150,964442,0.4363,-0.0439,1.0033,-1.0325,-1.225,0.1138,1001.103,hard_decel,26.1,3.84,1
151,964502,0.4089,-0.0013,1.1434,-1.0063,2.1263,0.1575,1001.1233,hard_decel,26.16,3.9,1
152,964562,0.3323,-0.0342,0.9973,-1.8987,0.735,0.2013,1001.1426,hard_decel,26.22,3.96,1
153,964622,0.4491,0.0437,1.0634,-0.1225,0.07,0.63,1001.1572,hard_decel,26.28,4.02,1
154,964682,0.3372,0.0545,1.0135,-0.3237,0.2713,0.4638,1001.1746,hard_decel,26.34,4.08,1
155,964742,0.3628,-0.0025,0.9068,0.4812,0.35,0.0437,1001.1799,hard_decel,26.4,4.14,1
156,964802,0.2898,0.0268,0.822,-3.1237,1.61,0.385,1001.1985,hard_decel,26.46,4.2,1
157,964862,0.4556,-0.0525,1.2201,-3.7362,5.1013,0.5688,1001.2117,hard_decel,26.52,4.26,1
158,964922,0.4446,-0.0073,1.0164,3.0187,-0.35,1.6363,1001.2197,hard_decel,26.58,4.32,1
159,964982,0.429,-0.0051,1.1674,0.0962,1.1287,1.2075,1001.2151,hard_decel,26.64,4.38,1
160,965042,0.3192,0.0005,0.9912,2.4675,0.5512,0.6913,1001.2288,hard_decel,26.7,4.44,1
161,965102,0.3298,-0.0778,0.8597,-0.105,-4.0775,0.5688,1001.2471,hard_decel,26.76,4.5,1
162,965162,0.2725,0.1132,1.0246,4.3575,-1.8375,0.8925,1001.2485,hard_decel,26.82,4.56,1
163,965222,0.3711,-0.0285,0.9784,-1.9075,0.28,0.4638,1001.2593,hard_decel,26.88,4.62,1
164,965282,0.3236,0.0825,1.0404,-2.4325,1.9162,1.1375,1001.2751,hard_decel,26.94,4.68,1
165,965342,0.2845,-0.0285,0.9072,-1.8987,2.9838,0.7262,1001.2849,hard_decel,27.0,4.74,1
166,965402,0.3357,0.1105,0.987,-2.4325,0.2537,0.0962,1001.2896,hard_decel,27.06,4.8,1
167,965462,0.3563,0.0644,1.086,-1.435,1.3913,0.4725,1001.3115,hard_decel,27.12,4.86,1
168,965522,0.3134,-0.0954,1.0365,0.6737,2.1875,-0.2887,1001.3159,hard_decel,27.18,4.92,1
169,965582,0.2706,-0.0612,0.9182,-0.4462,2.6688,0.0175,1001.3071,hard_decel,27.24,4.98,1
170,965642,0.3848,-0.0662,0.983,3.3425,1.5137,-0.175,1001.3198,hard_decel,27.3,5.04,1
171,965702,0.3851,0.0437,1.0738,0.3237,-0.0262,0.4725,1001.3381,hard_decel,27.36,5.1,1
172,965762,0.3054,0.0578,0.9606,-0.3675,-1.715,0.6562,1001.3398,hard_decel,27.42,5.16,1
173,965822,0.3027,0.0289,0.9402,-0.9712,-0.2275,0.8925,1001.3428,hard_decel,27.48,5.22,1
174,965882,0.3013,-0.0288,0.9736,-1.2075,0.8487,0.3762,1001.3562,hard_decel,27.54,5.28,1
175,965942,0.3089,0.0209,1.0024,-1.4875,-1.7763,0.5075,1001.3494,hard_decel,27.6,5.34,1
176,966002,0.1638,0.0004,0.9367,-1.8463,-1.1463,0.4812,1001.3525,hard_decel,27.66,5.4,1
177,966062,0.2256,0.0024,0.9697,-0.9625,1.0237,0.2013,1001.3567,hard_decel,27.72,5.46,1
178,966122,0.2058,-0.0105,0.9758,-1.12,-0.1575,0.7175,1001.3599,hard_decel,27.78,5.52,1
179,966182,0.1745,-0.002,1.003,0.0437,0.8925,-0.1225,1001.3474,hard_decel,27.84,5.58,1
180,966242,0.1225,0.0203,0.967,0.91,1.5225,0.4812,1001.3625,hard_decel,27.9,5.64,1
181,966302,0.0063,-0.0465,0.9246,0.91,-0.0962,0.5688,1001.3638,hard_decel,27.96,5.7,1
182,966362,0.0532,-0.0468,0.9919,0.105,0.6825,0.3587,1001.3662,hard_decel,28.02,5.76,1
183,966422,0.0686,0.0138,1.0345,0.2713,0.2713,0.2362,1001.3601,hard_decel,28.08,5.82,1
184,966482,0.0895,0.0242,1.0781,-0.84,1.6363,0.2537,1001.3652,hard_decel,28.14,5.88,1
185,966542,0.0696,-0.0423,0.9781,1.0938,-0.105,0.0088,1001.3848,hard_decel,28.2,5.94,1
186,966602,0.0273,-0.0073,0.9819,0.2887,0.735,0.1663,1001.364,hard_decel,28.26,6.0,1
187,966662,0.0656,-0.024,0.9517,0.3413,-0.49,0.3063,1001.3713,hard_decel,28.32,6.06,1
188,973922,0.064,0.08,0.9058,-1.1113,2.6075,0.7788,1000.0037,hard_decel,35.58,0.0,2
189,973982,0.0251,-0.1498,0.8957,-3.9113,5.2675,-0.3762,1000.0518,hard_decel,35.64,0.06,2
190,974042,0.1169,0.1068,1.0905,0.3675,-6.7812,0.945,1000.0574,hard_decel,35.7,0.12,2
191,974102,0.0855,0.0639,1.0214,-2.4413,0.5863,0.2537,1000.083,hard_decel,35.76,0.18,2
192,974162,0.1401,0.0203,1.2364,0.5775,2.8438,-0.2537,1000.0959,hard_decel,35.82,0.24,2
193,974222,0.0268,-0.1222,0.7649,-2.6075,1.2337,0.0962,1000.0767,hard_decel,35.88,0.3,2
194,974282,0.1035,-0.0714,1.1019,-1.0237,4.095,0.0613,1000.0979,hard_decel,35.94,0.36,2
195,974342,0.148,0.104,1.2019,0.0525,4.865,0.4638,1000.1709,hard_decel,36.0,0.42,2
196,974402,0.1278,-0.0625,0.8439,-0.8925,-1.785,0.0787,1000.1421,hard_decel,36.06,0.48,2
197,974462,0.2681,-0.0569,1.0855,-0.35,-2.4762,-0.455,1000.1677,hard_decel,36.12,0.54,2
198,974522,0.3941,0.1178,1.0011,1.3913,-1.4088,-0.2887,1000.1824,hard_decel,36.18,0.6,2
199,974582,0.5283,0.1283,1.0124,-2.3888,-0.77,-0.2537,1000.1714,hard_decel,36.24,0.66,2
200,974642,0.4853,-0.0227,1.2124,1.2162,-1.12,0.8662,1000.1565,hard_decel,36.3,0.72,2
201,974702,0.2984,-0.0049,0.986,-2.0825,3.3775,0.7088,1000.165,hard_decel,36.36,0.78,2
202,974762,0.2711,0.131,0.8438,2.7825,-6.0725,0.665,1000.2139,hard_decel,36.42,0.84,2
203,974822,0.3351,-0.0464,1.1349,2.3712,5.8975,-0.6913,1000.2625,hard_decel,36.48,0.9,2
204,974882,0.3914,0.0241,1.0948,1.2513,2.2662,0.2362,1000.2585,hard_decel,36.54,0.96,2
205,974942,0.3299,-0.0544,0.9362,3.0887,-1.47,0.035,1000.321,hard_decel,36.6,1.02,2
206,975002,0.3289,0.0744,1.0158,4.0338,1.365,-0.2975,1000.3176,hard_decel,36.66,1.08,2
207,975062,0.4148,-0.0098,1.1672,1.9075,0.2013,0.035,1000.3684,hard_decel,36.72,1.14,2
208,975122,0.3704,-0.0603,0.927,1.085,-1.61,-0.1575,1000.3701,hard_decel,36.78,1.2,2
209,975182,0.4321,0.129,0.9199,0.0262,-3.99,0.0613,1000.4092,hard_decel,36.84,1.26,2
210,975242,0.4631,0.0953,0.9004,-0.7262,-3.3688,0.0262,1000.3772,hard_decel,36.9,1.32,2
211,975302,0.4556,-0.1096,1.0131,-3.22,0.9887,-0.1138,1000.4031,hard_decel,36.96,1.38,2
212,975362,0.4611,0.0325,1.1014,1.7413,0.2362,0.0088,1000.4358,hard_decel,37.02,1.44,2
213,975422,0.4427,0.0281,0.8901,-1.54,-1.3563,0.9013,1000.4761,hard_decel,37.08,1.5,2
214,975482,0.4922,-0.0326,0.8558,4.3137,-2.6425,-0.2713,1000.4812,hard_decel,37.14,1.56,2
215,975542,0.4949,0.0258,0.9997,0.665,1.6275,-0.21,1000.5403,hard_decel,37.2,1.62,2
216,975602,0.6271,0.2137,1.2395,-0.2188,6.4837,0.0525,1000.5376,hard_decel,37.26,1.68,2
217,975662,0.3799,0.2216,0.9238,1.5137,-0.8925,-0.3587,1000.5779,hard_decel,37.32,1.74,2
218,975722,0.4299,-0.0832,0.791,1.085,1.2513,-0.4988,1000.6033,hard_decel,37.38,1.8,2
219,975782,0.4917,0.1194,0.9762,2.6337,-1.785,0.2362,1000.6223,hard_decel,37.44,1.86,2
220,975842,0.3985,0.0161,0.6906,-0.175,0.5075,-0.525,1000.6594,hard_decel,37.5,1.92,2
221,975902,0.4241,-0.1671,0.842,3.1325,0.0787,0.1225,1000.6775,hard_decel,37.56,1.98,2
222,975962,0.4975,0.0719,0.8577,-1.1025,0.3063,0.98,1000.73,hard_decel,37.62,2.04,2
223,976022,0.5644,0.1838,1.1009,0.1488,-1.5137,0.6562,1000.7344,hard_decel,37.68,2.1,2
224,976082,0.461,0.0099,0.8882,1.6975,1.9338,1.4438,1000.7854,hard_decel,37.74,2.16,2
225,976142,0.4576,-0.0344,0.9257,-0.8487,-4.55,0.9712,1000.7903,hard_decel,37.8,2.22,2
226,976202,0.5199,-0.0786,0.982,2.6688,-0.0088,0.1312,1000.8218,hard_decel,37.86,2.28,2
227,976262,0.5688,0.0182,1.0038,-4.8125,0.5775,2.1175,1000.8572,hard_decel,37.92,2.34,2
228,976322,0.4275,0.1042,1.0626,-5.3375,4.0338,1.12,1000.863,hard_decel,37.98,2.4,2
229,976382,0.4816,0.1106,0.9525,-3.0013,1.0325,1.085,1000.8972,hard_decel,38.04,2.46,2
230,976442,0.4363,-0.0156,0.8101,-1.2775,-0.6737,2.0213,1000.9053,hard_decel,38.1,2.52,2
231,976502,0.4321,-0.0444,0.832,-0.315,1.12,1.05,1000.96,hard_decel,38.16,2.58,2
232,976562,0.4461,0.1857,0.9755,0.8838,3.2638,0.805,1000.9731,hard_decel,38.22,2.64,2
233,976622,0.506,0.2494,0.874,1.785,-0.105,1.0675,1000.9792,hard_decel,38.28,2.7,2
234,976682,0.4158,0.1825,0.9997,-2.9925,1.5488,0.5425,1000.988,hard_decel,38.34,2.76,2
235,976742,0.4449,-0.0076,0.9231,0.5775,-1.1287,0.7175,1001.021,hard_decel,38.4,2.82,2
236,976802,0.4202,0.008,0.9112,2.9225,0.8138,0.1925,1001.0161,hard_decel,38.46,2.88,2
237,976862,0.529,0.1316,1.2654,5.0575,0.1312,0.8925,1001.0283,hard_decel,38.52,2.94,2
238,976922,0.4905,0.1896,0.9508,1.7413,-4.0338,1.2162,1001.053,hard_decel,38.58,3.0,2
239,976982,0.4739,-0.0297,0.7025,-2.1,-1.82,1.19,1001.0598,hard_decel,38.64,3.06,2
240,977042,0.3638,-0.1149,0.6428,-2.975,3.3863,1.61,1001.0918,hard_decel,38.7,3.12,2
241,977102,0.4143,0.1423,0.995,1.7675,4.0775,0.3237,1001.0908,hard_decel,38.76,3.18,2
242,977162,0.4753,0.0146,1.088,0.6475,-1.225,0.6913,1001.1172,hard_decel,38.82,3.24,2
243,977222,0.5766,0.1421,1.0655,0.4112,-0.9538,0.7088,1001.1521,hard_decel,38.88,3.3,2
244,977282,0.5307,-0.0712,0.8142,-1.995,-0.9975,0.7088,1001.1582,hard_decel,38.94,3.36,2
245,977342,0.4291,0.0916,0.8423,0.9362,3.8063,0.0,1001.177,hard_decel,39.0,3.42,2
246,977402,0.5515,0.2253,0.9092,-2.3537,2.485,1.2425,1001.1897,hard_decel,39.06,3.48,2
247,977462,0.4849,0.0164,1.1207,0.105,5.2937,-0.9625,1001.1951,hard_decel,39.12,3.54,2
248,977522,0.3375,0.0559,0.8801,0.3675,0.8838,-1.4088,1001.2214,hard_decel,39.18,3.6,2
249,977582,0.3658,-0.1037,0.6832,0.245,-0.6737,-0.7262,1001.231,hard_decel,39.24,3.66,2
250,977642,0.2916,-0.0068,0.9008,-1.4612,-1.0063,0.2887,1001.2412,hard_decel,39.3,3.72,2
251,977702,0.3414,-0.0101,0.8613,-3.395,-3.185,0.8925,1001.2476,hard_decel,39.36,3.78,2
252,977762,0.3165,-0.0323,0.8286,-1.4088,-1.4612,0.2013,1001.2644,hard_decel,39.42,3.84,2
253,977822,0.2921,-0.0752,0.9301,0.7175,0.0613,-0.42,1001.2808,hard_decel,39.48,3.9,2
254,977882,0.3579,-0.0019,0.9667,-0.77,2.555,-0.8575,1001.2866,hard_decel,39.54,3.96,2
255,977942,0.4659,0.0261,0.9721,-3.3075,1.4175,0.0437,1001.2876,hard_decel,39.6,4.02,2
256,978002,0.3806,0.031,0.9146,-1.295,-1.5137,0.4988,1001.2922,hard_decel,39.66,4.08,2
257,978062,0.3604,0.024,0.8877,2.3012,0.2887,-0.3237,1001.3074,hard_decel,39.72,4.14,2
258,978122,0.3919,0.0181,0.9922,-1.2075,0.4288,0.5075,1001.3115,hard_decel,39.78,4.2,2
259,978182,0.375,0.0564,1.0782,1.365,1.3913,0.3413,1001.3218,hard_decel,39.84,4.26,2
260,978242,0.2259,-0.0122,0.8883,0.9275,-0.035,0.5075,1001.322,hard_decel,39.9,4.32,2
261,978302,0.2867,0.0941,1.0326,-1.4525,0.6825,0.385,1001.3225,hard_decel,39.96,4.38,2
262,978362,0.2552,-0.009,1.0272,-0.3938,-1.9863,0.525,1001.3391,hard_decel,40.02,4.44,2
263,978422,0.2554,0.1017,1.0895,1.5925,4.9088,0.2013,1001.3445,hard_decel,40.08,4.5,2
264,978482,0.041,0.0698,0.917,-1.015,-0.0525,-0.1663,1001.3435,hard_decel,40.14,4.56,2
265,978542,0.0876,-0.0805,1.1031,-0.56,2.275,-0.4288,1001.3523,hard_decel,40.2,4.62,2
266,978602,0.0605,0.0253,0.9648,0.9187,0.945,0.14,1001.3425,hard_decel,40.26,4.68,2
267,978662,0.0303,0.075,1.0331,-0.9013,4.1562,0.1663,1001.3552,hard_decel,40.32,4.74,2
268,978722,0.1183,0.0269,1.0185,0.7,-1.1988,-0.1663,1001.355,hard_decel,40.38,4.8,2
269,978782,0.0983,-0.0171,1.0334,-0.5337,1.2162,-0.21,1001.3494,hard_decel,40.44,4.86,2
270,978842,0.0518,0.0581,1.0112,-0.4288,1.3212,-0.0787,1001.3611,hard_decel,40.5,4.92,2
271,978902,0.0206,0.0245,0.9946,-0.665,-1.5662,0.0,1001.3501,hard_decel,40.56,4.98,2
272,978962,0.1042,0.0757,1.1183,-0.5863,0.735,0.2362,1001.3438,hard_decel,40.62,5.04,2
273,979022,0.1198,0.094,1.0287,-1.9338,1.0412,-0.2013,1001.3525,hard_decel,40.68,5.1,2
274,979082,0.0991,0.0107,1.0841,-2.1613,1.3125,-0.2188,1001.3567,hard_decel,40.74,5.16,2
275,979142,0.023,-0.0239,1.0594,-1.0762,2.9662,-0.4025,1001.3608,hard_decel,40.8,5.22,2
276,985562,0.0159,-0.2504,0.9328,3.4738,1.8375,0.14,1000.1902,hard_decel,47.22,0.0,3
277,985622,-0.0659,-0.1408,0.7565,3.745,0.7788,0.2275,1000.1238,hard_decel,47.28,0.06,3
278,985682,0.0522,0.2287,1.1214,-3.22,1.365,0.63,1000.1321,hard_decel,47.34,0.12,3
279,985742,0.19,-0.0259,1.1122,-5.81,0.42,0.2713,1000.0974,hard_decel,47.4,0.18,3
280,985802,0.1637,0.0168,1.0477,-2.9137,-1.6013,0.3325,1000.1165,hard_decel,47.46,0.24,3
281,985862,0.0727,0.0132,0.9006,0.1925,6.0025,-0.0175,1000.1472,hard_decel,47.52,0.3,3
282,985922,0.1208,0.114,0.9875,-0.105,-0.8838,-0.4462,1000.1296,hard_decel,47.58,0.36,3
283,985982,0.104,-0.0049,1.0155,-0.3675,0.6037,0.2275,1000.1184,hard_decel,47.64,0.42,3
284,986042,0.1325,0.0793,1.0124,-1.9512,-1.8112,0.3237,1000.1538,hard_decel,47.7,0.48,3
285,986102,0.0753,0.0365,0.865,-3.3512,-4.0775,0.2275,1000.1479,hard_decel,47.76,0.54,3
286,986162,0.0178,-0.0188,0.974,-5.3987,1.2862,-0.2275,1000.2134,hard_decel,47.82,0.6,3
287,986222,0.1138,-0.0069,1.1115,0.2362,0.8575,-0.6737,1000.2244,hard_decel,47.88,0.66,3
288,986282,0.0994,0.0766,1.0895,-3.78,-0.8575,-0.2887,1000.2026,hard_decel,47.94,0.72,3
289,986342,0.0032,-0.0012,0.7695,-8.2338,-1.9863,0.3325,1000.1855,hard_decel,48.0,0.78,3
290,986402,0.0517,-0.0254,0.895,-3.5,-3.7362,0.0875,1000.2104,hard_decel,48.06,0.84,3
291,986462,0.0669,0.1493,0.9931,-9.2225,-0.1838,0.5163,1000.2373,hard_decel,48.12,0.9,3
292,986522,0.1793,0.0905,1.2983,-6.2825,0.595,-0.1488,1000.2305,hard_decel,48.18,0.96,3
293,986582,0.2893,0.0874,1.3964,-7.49,2.415,-0.805,1000.2292,hard_decel,48.24,1.02,3
294,986642,0.1827,-0.0381,1.293,-3.3512,14.0525,-0.245,1000.2595,hard_decel,48.3,1.08,3
295,986702,0.0622,0.0037,1.0812,3.1325,-3.6837,-0.455,1000.2788,hard_decel,48.36,1.14,3
296,986762,-0.0143,0.1068,0.9744,4.2,0.14,0.1663,1000.2859,hard_decel,48.42,1.2,3
297,986822,0.1845,0.3455,1.2967,-9.3538,2.73,-0.2625,1000.2634,hard_decel,48.48,1.26,3
298,986882,0.2196,-0.0532,1.2209,-0.0787,-1.6013,-0.665,1000.2737,hard_decel,48.54,1.32,3
299,986942,0.1127,-0.1605,1.0011,0.3938,-0.7875,-1.0938,1000.2695,hard_decel,48.6,1.38,3
300,987002,0.2086,0.2665,1.2171,3.0625,-4.7162,0.63,1000.2622,hard_decel,48.66,1.44,3
301,987062,0.1247,-0.1727,0.5314,-1.6888,-6.86,-0.0175,1000.2837,hard_decel,48.72,1.5,3
302,987122,0.2008,0.1157,1.0566,4.095,-0.6562,0.5688,1000.3032,hard_decel,48.78,1.56,3
303,987182,0.113,-0.2184,0.6939,-4.4012,2.0038,-0.8575,1000.3066,hard_decel,48.84,1.62,3
304,987242,0.3538,-0.001,0.9939,-2.3975,0.665,-0.0525,1000.3054,hard_decel,48.9,1.68,3
305,987302,0.6379,-0.213,1.1846,-0.7613,10.15,1.0762,1000.2893,hard_decel,48.96,1.74,3
306,987362,0.5455,-0.3296,1.3557,9.9312,5.9062,4.1737,1000.3582,hard_decel,49.02,1.8,3
307,987422,0.2679,0.079,1.1641,2.5812,5.6613,0.4375,1000.4119,hard_decel,49.08,1.86,3
308,987482,0.0767,-0.0454,0.5993,4.2175,-2.3012,-0.2537,1000.4229,hard_decel,49.14,1.92,3
309,987542,0.2294,0.0529,0.9647,3.6137,-4.4363,-0.28,1000.4392,hard_decel,49.2,1.98,3
310,987602,0.4749,-0.0007,1.1337,0.875,-0.63,-0.3938,1000.4685,hard_decel,49.26,2.04,3
311,987662,0.512,0.0739,1.0763,-0.1575,-6.37,0.5775,1000.4888,hard_decel,49.32,2.1,3
312,987722,0.4008,-0.181,0.9057,-0.8838,-1.4612,0.0875,1000.5056,hard_decel,49.38,2.16,3
313,987782,0.4942,0.1804,1.0876,2.0825,-4.9525,0.3325,1000.5017,hard_decel,49.44,2.22,3
314,987842,0.5366,-0.0324,1.1651,-1.4262,-2.7562,1.8987,1000.6189,hard_decel,49.5,2.28,3
315,987902,0.3681,-0.1049,0.8716,-1.3038,-2.7213,0.4988,1000.6121,hard_decel,49.56,2.34,3
316,987962,0.5464,0.2038,1.2058,2.7387,1.4438,1.68,1000.6372,hard_decel,49.62,2.4,3
317,988022,0.4695,-0.0603,1.1199,-1.9338,1.05,1.6013,1000.677,hard_decel,49.68,2.46,3
318,988082,0.5212,-0.2176,0.7408,1.0675,1.995,1.5662,1000.6797,hard_decel,49.74,2.52,3
319,988142,0.4555,0.0954,0.9808,-0.56,2.5375,1.7325,1000.7251,hard_decel,49.8,2.58,3
320,988202,0.6254,-0.1896,1.1902,-1.4088,-2.5638,0.665,1000.7327,hard_decel,49.86,2.64,3
321,988262,0.5469,-0.0935,1.2313,6.4837,2.0738,0.56,1000.7971,hard_decel,49.92,2.7,3
322,988322,0.6376,0.0566,0.8948,0.2625,-2.3187,1.0237,1000.7832,hard_decel,49.98,2.76,3
323,988382,0.4372,0.0981,0.8698,-1.8025,-0.8225,1.995,1000.833,hard_decel,50.04,2.82,3
324,988442,0.5026,-0.1601,0.8203,4.6462,0.0962,-0.4375,1000.8521,hard_decel,50.1,2.88,3
325,988502,0.2562,-0.1271,0.6339,0.175,6.86,1.9775,1000.8772,hard_decel,50.16,2.94,3
326,988562,0.4394,0.0034,0.9692,-0.7788,-0.7,-0.8925,1000.8718,hard_decel,50.22,3.0,3
327,988622,0.5915,0.12,1.2717,-3.0887,6.1775,0.4988,1000.9019,hard_decel,50.28,3.06,3
328,988682,0.5763,0.0417,1.1048,2.9575,-4.83,0.5425,1000.9238,hard_decel,50.34,3.12,3
329,988742,0.6188,0.0429,1.1078,4.4363,-7.0262,-0.7875,1000.9348,hard_decel,50.4,3.18,3
330,988802,0.6518,0.3184,1.0324,4.6112,-0.3938,-0.07,1000.9526,hard_decel,50.46,3.24,3
331,988862,0.5367,-0.0759,0.9262,-1.2687,-3.9987,0.91,1000.9553,hard_decel,50.52,3.3,3
332,988922,0.6766,0.2553,1.1544,-1.1375,3.325,0.4812,1000.9729,hard_decel,50.58,3.36,3
333,988982,0.5775,-0.0617,1.2944,1.7938,-4.8212,1.6187,1000.9663,hard_decel,50.64,3.42,3
334,989042,0.4099,-0.0461,0.8226,3.64,-5.075,-0.84,1001.0159,hard_decel,50.7,3.48,3
335,989102,0.1774,0.0102,1.0612,1.2775,-2.9313,1.1025,1001.0083,hard_decel,50.76,3.54,3
336,989162,0.4617,-0.0183,0.9052,2.0387,-5.6788,1.085,1001.0247,hard_decel,50.82,3.6,3
337,989222,0.4041,0.0437,0.8628,-1.505,-1.8463,0.9362,1001.041,hard_decel,50.88,3.66,3
338,989282,0.3677,-0.0954,0.7581,-8.1025,-1.4963,-0.7788,1001.0537,hard_decel,50.94,3.72,3
339,989342,0.5405,0.0029,0.885,-3.0975,3.43,-0.14,1001.0513,hard_decel,51.0,3.78,3
340,989402,0.2635,-0.2533,0.9628,3.8238,-2.2838,1.05,1001.0713,hard_decel,51.06,3.84,3
341,989462,0.4143,-0.1008,0.9353,0.4812,-0.9187,0.385,1001.0955,hard_decel,51.12,3.9,3
342,989522,0.7354,-0.0418,1.3727,2.0038,-0.6825,0.6388,1001.1216,hard_decel,51.18,3.96,3
343,989582,0.6886,0.021,1.1107,-4.1825,3.8937,0.4462,1001.1292,hard_decel,51.24,4.02,3
344,989642,0.4746,-0.0457,0.7865,-1.2687,1.435,0.7788,1001.1604,hard_decel,51.3,4.08,3
345,989702,0.4548,-0.047,1.074,-4.9262,4.3925,1.0938,1001.1726,hard_decel,51.36,4.14,3
346,989762,0.3494,0.1318,0.9489,-2.5113,1.1025,0.5163,1001.1907,hard_decel,51.42,4.2,3
347,989822,0.469,0.0611,1.0061,-1.9075,0.1663,0.7875,1001.189,hard_decel,51.48,4.26,3
348,989882,0.4707,0.0461,0.905,-3.6312,1.8987,0.98,1001.2227,hard_decel,51.54,4.32,3
349,989942,0.3889,-0.0625,0.9331,-1.715,-0.4988,1.1025,1001.2109,hard_decel,51.6,4.38,3
350,990002,0.2821,0.0179,0.8147,2.7738,0.4988,0.455,1001.218,hard_decel,51.66,4.44,3
351,990062,0.3475,-0.0798,0.835,-2.835,1.5575,0.63,1001.2317,hard_decel,51.72,4.5,3
352,990122,0.3467,-0.0118,1.0799,0.7613,-0.91,0.42,1001.2402,hard_decel,51.78,4.56,3
353,990182,0.4469,-0.039,1.0453,-1.0412,0.3762,0.2975,1001.2405,hard_decel,51.84,4.62,3
354,990242,0.3414,-0.0224,0.9774,-2.8438,0.0962,0.665,1001.2581,hard_decel,51.9,4.68,3
355,990302,0.3697,0.0325,1.0893,1.96,0.9362,0.6825,1001.269,hard_decel,51.96,4.74,3
356,990362,0.2877,0.0212,0.9638,0.385,-1.4612,-0.455,1001.2737,hard_decel,52.02,4.8,3
357,990422,0.3152,-0.0322,0.9657,2.0912,0.28,0.8313,1001.3035,hard_decel,52.08,4.86,3
358,990482,0.2957,-0.0445,0.985,-0.315,0.28,0.2013,1001.3081,hard_decel,52.14,4.92,3
359,990542,0.2974,-0.0261,0.9514,0.7437,-1.1113,0.5337,1001.2949,hard_decel,52.2,4.98,3
360,990602,0.2547,-0.0551,0.9442,-0.6212,1.1287,1.015,1001.2959,hard_decel,52.26,5.04,3
361,990662,0.3213,0.0618,1.0692,-0.6825,1.1113,0.2275,1001.2944,hard_decel,52.32,5.1,3
362,990722,0.2729,0.0093,0.8935,-2.2137,-0.1312,0.1225,1001.3091,hard_decel,52.38,5.16,3
363,990782,0.3135,-0.002,0.9936,0.7,-1.3125,0.455,1001.3103,hard_decel,52.44,5.22,3
364,990842,0.2111,0.0016,0.8969,0.7962,-0.8138,0.0787,1001.3188,hard_decel,52.5,5.28,3
365,990902,0.232,-0.0598,0.9274,0.9712,-0.4375,-0.0875,1001.3159,hard_decel,52.56,5.34,3
366,990962,0.2686,0.019,1.0478,-0.35,1.8112,0.4725,1001.3279,hard_decel,52.62,5.4,3
367,991022,0.2089,-0.0281,1.0194,-0.3762,0.315,0.245,1001.3506,hard_decel,52.68,5.46,3
368,991082,0.1962,0.0234,1.0655,2.8087,0.5337,-0.4988,1001.3425,hard_decel,52.74,5.52,3
369,991142,0.1205,-0.0544,0.9865,2.415,-0.2713,0.0175,1001.3342,hard_decel,52.8,5.58,3
370,991202,0.0939,-0.0264,0.9382,2.1,0.0787,-0.2625,1001.3354,hard_decel,52.86,5.64,3
371,991262,0.0996,-0.0196,0.9731,2.8087,0.4375,0.0875,1001.3423,hard_decel,52.92,5.7,3
372,991322,0.1029,0.0308,1.0606,-0.4988,0.49,0.4112,1001.3533,hard_decel,52.98,5.76,3
373,991382,0.0564,0.0078,0.9689,-1.5312,2.5988,0.6562,1001.3523,hard_decel,53.04,5.82,3
374,991442,0.0237,-0.0041,1.0219,-0.7088,1.5312,0.1488,1001.3523,hard_decel,53.1,5.88,3
375,991502,0.0595,0.0451,1.0395,-0.385,-0.4988,-0.4462,1001.3542,hard_decel,53.16,5.94,3
376,991562,0.0869,-0.0051,0.9958,-0.49,0.9887,-0.42,1001.3513,hard_decel,53.22,6.0,3
377,991622,0.0916,-0.0149,0.9808,-1.5838,-0.4025,0.1663,1001.3589,hard_decel,53.28,6.06,3
378,991682,0.0578,-0.0381,1.0089,-0.5512,0.35,0.455,1001.3616,hard_decel,53.34,6.12,3
379,991742,0.0844,-0.0425,0.9984,1.6013,-1.0063,0.4638,1001.354,hard_decel,53.4,6.18,3
380,991802,0.0422,0.0205,1.0191,2.8263,0.84,0.0262,1001.3572,hard_decel,53.46,6.24,3
381,1033682,0.0449,-0.1968,1.0163,3.1325,2.835,0.8138,1000.3713,hard_decel,95.34,0.0,4
382,1033742,0.022,-0.1413,0.909,2.6337,1.9512,0.0787,1000.395,hard_decel,95.4,0.06,4
383,1033802,0.2999,0.0748,1.2207,-0.3063,-4.2613,0.0262,1000.3992,hard_decel,95.46,0.12,4
384,1033862,0.2535,0.1871,0.9631,-0.9013,-4.5763,0.9712,1000.3911,hard_decel,95.52,0.18,4
385,1033922,0.3121,0.0653,1.0066,3.8238,-6.65,-0.4112,1000.4343,hard_decel,95.58,0.24,4
386,1033982,0.2782,0.002,0.9193,3.9725,-2.87,-0.0262,1000.4272,hard_decel,95.64,0.3,4
387,1034042,0.2115,-0.0139,0.9604,0.0088,6.0988,-0.3762,1000.405,hard_decel,95.7,0.36,4
388,1034102,0.2539,-0.1583,0.8955,-1.6013,5.565,-0.0088,1000.4714,hard_decel,95.76,0.42,4
389,1034162,0.3115,-0.0218,1.0688,-1.7237,-1.1375,-0.035,1000.4619,hard_decel,95.82,0.48,4
390,1034222,0.3081,-0.087,0.9838,0.2362,2.275,0.1838,1000.4736,hard_decel,95.88,0.54,4
391,1034282,0.3965,0.0168,1.0329,0.8487,-2.7825,0.7175,1000.5037,hard_decel,95.94,0.6,4
392,1034342,0.3911,0.0368,0.8905,3.885,0.8925,-0.0525,1000.5005,hard_decel,96.0,0.66,4
393,1034402,0.4372,0.1157,1.0129,-0.735,-1.96,0.875,1000.5679,hard_decel,96.06,0.72,4
394,1034462,0.4372,-0.1252,1.0219,3.5438,-0.5863,0.4988,1000.5847,hard_decel,96.12,0.78,4
395,1034522,0.4684,0.1684,0.8927,13.5013,-2.3975,1.5225,1000.6609,hard_decel,96.18,0.84,4
396,1034582,0.4656,0.286,0.927,1.5488,1.4787,-3.885,1000.6714,hard_decel,96.24,0.9,4
397,1034642,0.4238,0.143,1.0511,0.9712,-2.4237,-0.245,1000.6941,hard_decel,96.3,0.96,4
398,1034702,0.2152,0.1862,0.9187,-4.9262,0.21,-0.385,1000.6626,hard_decel,96.36,1.02,4
399,1034762,0.3984,-0.0468,0.7989,-8.2863,-4.935,-0.2362,1000.7068,hard_decel,96.42,1.08,4
400,1034822,0.5283,-0.0249,1.1161,1.7237,3.8763,-0.0437,1000.7458,hard_decel,96.48,1.14,4
401,1034882,0.3635,0.1459,0.9651,3.185,7.35,-0.1488,1000.7361,hard_decel,96.54,1.2,4
402,1034942,0.413,0.0971,1.0514,-1.7587,3.0013,-0.6388,1000.793,hard_decel,96.6,1.26,4
403,1035002,0.4258,-0.0956,1.1101,2.0738,0.8662,0.595,1000.8193,hard_decel,96.66,1.32,4
404,1035062,0.4717,0.1674,0.904,3.2462,-6.0375,-0.3938,1000.8401,hard_decel,96.72,1.38,4
405,1035122,0.4527,0.176,1.0368,1.2337,-5.3025,-0.0262,1000.8523,hard_decel,96.78,1.44,4
406,1035182,0.324,0.0944,0.9722,-1.6275,-5.3463,-0.0088,1000.8596,hard_decel,96.84,1.5,4
407,1035242,0.3312,-0.0408,0.9359,1.12,1.1113,-0.3675,1000.9055,hard_decel,96.9,1.56,4
408,1035302,0.4743,0.1283,1.0388,0.175,-2.8612,-0.0175,1000.9255,hard_decel,96.96,1.62,4
409,1035362,0.4492,-0.1049,0.9465,-2.205,1.6625,0.525,1000.9514,hard_decel,97.02,1.68,4
410,1035422,0.4377,0.0237,0.9372,-1.0237,2.8788,0.3675,1000.959,hard_decel,97.08,1.74,4
411,1035482,0.3999,-0.0675,0.9967,-1.3125,0.8662,-0.35,1000.9604,hard_decel,97.14,1.8,4
412,1035542,0.4605,-0.0178,1.0568,2.1875,-1.9075,0.4638,1000.9819,hard_decel,97.2,1.86,4
413,1035602,0.4189,0.0927,0.9013,1.3388,-3.745,0.4812,1000.9915,hard_decel,97.26,1.92,4
414,1035662,0.5455,-0.1271,0.9531,2.3537,-1.8112,0.7175,1001.0251,hard_decel,97.32,1.98,4
415,1035722,0.1932,-0.1106,0.6776,1.3737,1.26,-1.4088,1001.0308,hard_decel,97.38,2.04,4
416,1035782,0.4668,0.13,1.117,-1.9425,3.2462,0.5863,1001.0452,hard_decel,97.44,2.1,4
417,1035842,0.4925,-0.0252,1.1439,-4.095,2.31,0.5863,1001.0425,hard_decel,97.5,2.16,4
418,1035902,0.4814,-0.0622,0.8071,-2.485,2.9137,0.3237,1001.0391,hard_decel,97.56,2.22,4
419,1035962,0.5187,0.2438,1.0341,-3.7975,-0.5075,0.7,1001.0591,hard_decel,97.62,2.28,4
420,1036022,0.4253,0.0498,1.0831,-2.4325,2.8,0.5688,1001.0718,hard_decel,97.68,2.34,4
421,1036082,0.4216,0.0819,1.0299,2.4413,-3.2462,1.5925,1001.1152,hard_decel,97.74,2.4,4
422,1036142,0.3904,0.083,1.1282,-1.0412,-1.575,0.14,1001.0986,hard_decel,97.8,2.46,4
423,1036202,0.3362,-0.0417,0.9573,-1.0675,-5.6788,0.8138,1001.1013,hard_decel,97.86,2.52,4
424,1036262,0.319,0.0191,0.8486,-1.2513,-0.1225,0.6737,1001.1108,hard_decel,97.92,2.58,4
425,1036322,0.325,-0.1237,0.9033,-1.5925,1.6975,0.6737,1001.1541,hard_decel,97.98,2.64,4
426,1036382,0.3301,-0.1124,0.8505,-2.7562,1.1025,0.21,1001.1628,hard_decel,98.04,2.7,4
427,1036442,0.415,0.0281,1.0768,-2.1,-2.0912,0.1138,1001.1653,hard_decel,98.1,2.76,4
428,1036502,0.5393,0.0483,1.1628,-0.735,-0.385,1.2513,1001.1819,hard_decel,98.16,2.82,4
429,1036562,0.3699,0.0062,1.048,2.275,0.9187,1.1025,1001.1858,hard_decel,98.22,2.88,4
430,1036622,0.374,0.0198,1.013,-0.84,-2.8263,0.5425,1001.1997,hard_decel,98.28,2.94,4
431,1036682,0.3769,-0.0359,0.9457,-1.4787,-3.7013,0.5863,1001.2056,hard_decel,98.34,3.0,4
432,1036742,0.401,-0.01,0.974,-0.455,-0.7875,0.8662,1001.2263,hard_decel,98.4,3.06,4
433,1036802,0.3965,-0.0122,0.9789,-1.5925,0.07,0.5512,1001.2209,hard_decel,98.46,3.12,4
434,1036862,0.3589,-0.0383,0.9515,-2.8,1.4787,-0.0787,1001.2405,hard_decel,98.52,3.18,4
435,1036922,0.3594,0.0335,0.9767,-1.9775,0.7525,0.91,1001.2566,hard_decel,98.58,3.24,4
436,1036982,0.3295,-0.0561,0.9245,-3.64,-1.2862,0.4025,1001.2607,hard_decel,98.64,3.3,4
437,1037042,0.3955,-0.0411,1.0362,2.4062,1.4875,-0.2275,1001.2803,hard_decel,98.7,3.36,4
438,1037102,0.4111,-0.0239,0.9814,-1.26,2.1875,-0.0875,1001.2859,hard_decel,98.76,3.42,4
439,1037162,0.3321,-0.0881,0.8694,0.3938,-0.49,-0.21,1001.292,hard_decel,98.82,3.48,4
440,1037222,0.3975,0.0049,1.0232,1.7763,0.8838,0.2362,1001.2947,hard_decel,98.88,3.54,4
441,1037282,0.3789,0.0983,1.1183,-0.035,1.3212,0.21,1001.304,hard_decel,98.94,3.6,4
442,1037342,0.3599,0.0147,0.9661,-1.0588,-0.035,0.2275,1001.3101,hard_decel,99.0,3.66,4
443,1037402,0.3335,0.0182,0.9958,-0.5512,3.2462,0.525,1001.3169,hard_decel,99.06,3.72,4
444,1037462,0.2946,0.0068,0.946,-0.8838,3.1588,0.315,1001.3215,hard_decel,99.12,3.78,4
445,1037522,0.2855,0.0035,0.8691,-3.535,-0.0262,-0.0437,1001.3135,hard_decel,99.18,3.84,4
446,1037582,0.2914,-0.0298,0.8494,-0.5775,-3.99,-0.1488,1001.343,hard_decel,99.24,3.9,4
447,1037642,0.3709,-0.0805,1.0335,0.2362,-0.9538,-0.14,1001.3589,hard_decel,99.3,3.96,4
448,1037702,0.344,-0.124,0.9545,2.3363,0.3325,-0.2362,1001.3613,hard_decel,99.36,4.02,4
449,1037762,0.3194,0.0298,1.0717,5.3113,1.4,0.0175,1001.3628,hard_decel,99.42,4.08,4
450,1037822,0.283,0.0829,0.973,2.7125,1.5838,0.1575,1001.3562,hard_decel,99.48,4.14,4
451,1037882,0.2872,0.0667,0.9099,0.9625,-0.3063,0.6825,1001.3652,hard_decel,99.54,4.2,4
452,1037942,0.283,0.032,0.9753,-0.3675,0.525,0.5075,1001.3728,hard_decel,99.6,4.26,4
453,1038002,0.1905,0.0505,0.9284,1.575,-1.4963,-0.3063,1001.3604,hard_decel,99.66,4.32,4
454,1038062,0.1481,0.0212,0.9866,-0.2188,1.0412,-0.245,1001.363,hard_decel,99.72,4.38,4
455,1038122,0.0952,0.0184,0.9767,0.6212,1.7938,0.0787,1001.3804,hard_decel,99.78,4.44,4
456,1038182,0.0412,0.0364,0.9177,-0.9975,2.1788,1.1287,1001.3728,hard_decel,99.84,4.5,4
457,1038242,0.0937,0.0212,0.9894,-1.085,5.5388,1.1638,1001.3706,hard_decel,99.9,4.56,4
458,1038302,0.0351,-0.0398,1.0146,0.5688,1.3212,0.7437,1001.3921,hard_decel,99.96,4.62,4
459,1038362,0.0763,-0.0017,1.1539,1.5137,2.5025,-0.3675,1001.396,hard_decel,100.02,4.68,4
460,1038422,0.0554,0.0404,1.0832,1.8725,-1.1638,0.14,1001.4043,hard_decel,100.08,4.74,4
461,1045202,0.2557,0.1142,1.4538,-0.0175,2.6775,0.5163,1000.3557,hard_decel,106.86,0.0,5
462,1045262,-0.0653,0.0382,0.7106,5.985,-3.7713,0.805,1000.366,hard_decel,106.92,0.06,5
463,1045322,0.0888,-0.012,0.7571,-9.5463,-3.1237,-0.6475,1000.3823,hard_decel,106.98,0.12,5
464,1045382,0.0868,-0.1387,0.9284,-0.5337,-3.9288,1.19,1000.4021,hard_decel,107.04,0.18,5
465,1045442,0.2585,0.196,1.5477,2.94,4.9963,-0.7962,1000.3672,hard_decel,107.1,0.24,5
466,1045502,0.3257,0.2243,1.419,-3.9288,4.4713,-0.5863,1000.3994,hard_decel,107.16,0.3,5
467,1045562,0.2854,-0.0056,1.1744,-1.82,-0.3237,0.0088,1000.4209,hard_decel,107.22,0.36,5
468,1045622,0.2859,0.05,0.9628,2.4938,-8.6975,0.7875,1000.4595,hard_decel,107.28,0.42,5
469,1045682,0.3016,0.1959,1.1705,-0.1312,-6.2737,0.7175,1000.4846,hard_decel,107.34,0.48,5
470,1045742,0.2499,-0.0931,1.1195,-0.4988,0.7437,-0.6913,1000.4802,hard_decel,107.4,0.54,5
471,1045802,0.4077,0.0476,1.3618,3.08,4.7688,0.385,1000.4771,hard_decel,107.46,0.6,5
472,1045862,0.1568,-0.0916,0.8039,-4.8562,0.7613,0.9013,1000.4988,hard_decel,107.52,0.66,5
473,1045922,0.357,0.093,1.249,5.74,-2.8175,0.2275,1000.4695,hard_decel,107.58,0.72,5
474,1045982,0.2381,-0.062,0.8308,-0.49,0.6125,0.4812,1000.5254,hard_decel,107.64,0.78,5
475,1046042,0.4121,-0.0456,1.1132,2.1088,4.9,-1.05,1000.5022,hard_decel,107.7,0.84,5
476,1046102,0.4061,-0.0066,0.8326,-2.6337,-4.585,-0.6825,1000.5476,hard_decel,107.76,0.9,5
477,1046162,0.4607,-0.0661,1.0258,0.2625,-5.3637,-0.5775,1000.5645,hard_decel,107.82,0.96,5
478,1046222,0.4734,-0.0445,1.039,1.3038,-6.65,-0.9887,1000.5818,hard_decel,107.88,1.02,5
479,1046282,0.494,-0.0447,1.1415,-0.14,-1.82,0.245,1000.6113,hard_decel,107.94,1.08,5
480,1046342,0.4656,0.159,1.1138,1.225,4.5938,-0.2975,1000.644,hard_decel,108.0,1.14,5
481,1046402,0.4341,0.042,0.9569,-4.5588,2.5375,-0.525,1000.6736,hard_decel,108.06,1.2,5
482,1046462,0.5031,-0.1162,0.9586,-1.5488,-0.77,0.4462,1000.6833,hard_decel,108.12,1.26,5
483,1046522,0.3887,-0.1612,0.8905,-0.77,7.3063,-0.1925,1000.6997,hard_decel,108.18,1.32,5
484,1046582,0.5047,0.0234,1.0813,0.0613,3.1063,-0.8575,1000.7266,hard_decel,108.24,1.38,5
485,1046642,0.2935,-0.2323,0.8499,-0.175,3.7887,-0.3762,1000.7527,hard_decel,108.3,1.44,5
486,1046702,0.6053,-0.0261,1.1353,1.7237,-2.7475,0.4812,1000.7773,hard_decel,108.36,1.5,5
487,1046762,0.3906,0.2084,1.0365,8.015,-0.805,-0.1663,1000.8164,hard_decel,108.42,1.56,5
488,1046822,0.5319,0.1178,1.1064,-1.19,-3.6488,-1.1725,1000.8291,hard_decel,108.48,1.62,5
489,1046882,0.5139,-0.0361,0.9884,-2.3975,-1.4438,0.245,1000.8386,hard_decel,108.54,1.68,5
490,1046942,0.6181,-0.1469,1.0187,2.6775,-2.2575,-0.5337,1000.8994,hard_decel,108.6,1.74,5
491,1047002,0.4912,0.0351,0.9512,5.0487,1.0237,-0.1488,1000.8945,hard_decel,108.66,1.8,5
492,1047062,0.5624,0.2147,1.2824,-0.8487,2.8963,0.5775,1000.929,hard_decel,108.72,1.86,5
493,1047122,0.3655,-0.0742,0.883,-0.6037,2.4588,-0.1225,1000.9417,hard_decel,108.78,1.92,5
494,1047182,0.4799,-0.1385,1.068,1.4,3.0363,0.1488,1000.9561,hard_decel,108.84,1.98,5
495,1047242,0.5169,0.12,1.138,2.3712,1.1025,0.7088,1000.9661,hard_decel,108.9,2.04,5
496,1047302,0.5366,-0.0085,1.0002,0.6475,0.2275,0.105,1000.9878,hard_decel,108.96,2.1,5
497,1047362,0.5883,0.1448,1.1729,2.8612,3.605,-0.5425,1001.0349,hard_decel,109.02,2.16,5
498,1047422,0.4839,-0.0425,0.9006,-2.8612,4.27,-0.1925,1001.0408,hard_decel,109.08,2.22,5
499,1047482,0.519,-0.029,0.9606,2.31,1.4262,-0.2537,1001.0679,hard_decel,109.14,2.28,5
500,1047542,0.4799,0.0021,0.8349,-3.9462,2.3888,0.14,1001.0693,hard_decel,109.2,2.34,5
501,1047602,0.5424,-0.0063,1.0604,1.47,-1.7237,0.6737,1001.0957,hard_decel,109.26,2.4,5
502,1047662,0.5954,0.0974,1.0695,1.715,-1.1375,1.1113,1001.1221,hard_decel,109.32,2.46,5
503,1047722,0.3816,-0.1078,0.7637,-4.8125,-1.89,0.595,1001.1272,hard_decel,109.38,2.52,5
504,1047782,0.4919,-0.0813,0.9328,0.8925,3.2987,1.0063,1001.1465,hard_decel,109.44,2.58,5
505,1047842,0.492,0.0534,1.1143,-0.6825,1.925,0.9275,1001.1572,hard_decel,109.5,2.64,5
506,1047902,0.5058,-0.0093,1.1973,-0.2625,2.0563,0.5075,1001.1807,hard_decel,109.56,2.7,5
507,1047962,0.487,-0.1266,0.9636,-0.2537,-2.4237,0.0962,1001.1865,hard_decel,109.62,2.76,5
508,1048022,0.398,0.0683,0.9097,0.91,1.2513,0.3413,1001.1992,hard_decel,109.68,2.82,5
509,1048082,0.4445,-0.021,0.9823,1.0063,-0.4725,0.7175,1001.2217,hard_decel,109.74,2.88,5
510,1048142,0.451,-0.001,0.9863,1.5225,-0.875,0.5688,1001.2332,hard_decel,109.8,2.94,5
511,1048202,0.3321,-0.0856,0.9465,0.5163,0.8925,0.665,1001.2446,hard_decel,109.86,3.0,5
512,1048262,0.3506,-0.0049,0.8913,2.7738,-2.2575,0.315,1001.2444,hard_decel,109.92,3.06,5
513,1048322,0.4055,0.0012,0.9761,1.1025,-0.9362,0.1925,1001.2561,hard_decel,109.98,3.12,5
514,1048382,0.4333,0.0073,0.9176,1.9338,-2.9488,0.0787,1001.2693,hard_decel,110.04,3.18,5
515,1048442,0.4246,0.0449,1.0235,1.4262,1.8025,0.315,1001.2832,hard_decel,110.1,3.24,5
516,1048502,0.3326,-0.0527,0.8962,-0.6737,3.0712,0.5337,1001.2959,hard_decel,110.16,3.3,5
517,1048562,0.3789,0.1017,1.0036,0.5863,-1.5137,0.77,1001.3103,hard_decel,110.22,3.36,5
518,1048622,0.4858,0.0914,1.0731,-2.3012,-0.4025,0.7962,1001.3037,hard_decel,110.28,3.42,5
519,1048682,0.3755,-0.103,0.9799,-2.3625,2.2313,0.8487,1001.3191,hard_decel,110.34,3.48,5
520,1048742,0.3926,0.0544,1.0713,2.2838,0.315,0.3938,1001.3315,hard_decel,110.4,3.54,5
521,1048802,0.4402,-0.0334,1.179,-0.3237,-2.1263,0.735,1001.332,hard_decel,110.46,3.6,5
522,1048862,0.324,0.0149,1.0617,2.3625,-0.28,0.07,1001.3457,hard_decel,110.52,3.66,5
523,1048922,0.3725,-0.0569,0.9345,-1.715,-0.7437,0.1663,1001.3403,hard_decel,110.58,3.72,5
524,1048982,0.3023,-0.0466,0.9085,0.3587,2.0825,0.2537,1001.345,hard_decel,110.64,3.78,5
525,1049042,0.3309,-0.0461,0.9798,0.42,1.5838,-0.315,1001.3533,hard_decel,110.7,3.84,5
526,1049102,0.3642,0.0385,1.0678,-0.035,1.1725,0.56,1001.3608,hard_decel,110.76,3.9,5
527,1049162,0.2852,-0.0171,0.9299,1.085,-1.6975,-0.0613,1001.3594,hard_decel,110.82,3.96,5
528,1049222,0.2968,-0.0085,0.9099,-0.4288,0.5075,0.77,1001.3687,hard_decel,110.88,4.02,5
529,1049282,0.2593,0.0146,0.9301,0.035,-0.9712,0.665,1001.3723,hard_decel,110.94,4.08,5
530,1049342,0.2791,0.0167,1.0055,0.5512,0.5163,0.1225,1001.3948,hard_decel,111.0,4.14,5
531,1049402,0.3156,-0.0178,0.987,-1.33,0.4375,0.2188,1001.3826,hard_decel,111.06,4.2,5
532,1049462,0.3007,-0.0376,0.993,-0.9887,0.6125,0.7262,1001.394,hard_decel,111.12,4.26,5
533,1049522,0.3342,0.0102,1.0604,0.2887,1.4438,0.63,1001.3813,hard_decel,111.18,4.32,5
534,1049582,0.2737,-0.0115,1.0374,1.6363,0.9275,0.2537,1001.3955,hard_decel,111.24,4.38,5
535,1049642,0.1859,-0.0245,0.9175,-0.7,-0.4025,0.245,1001.3945,hard_decel,111.3,4.44,5
536,1049702,0.1213,-0.0572,0.9375,0.3237,1.4612,0.0437,1001.4001,hard_decel,111.36,4.5,5
537,1049762,0.1105,0.039,1.0302,1.0063,1.8375,-0.1488,1001.3943,hard_decel,111.42,4.56,5
538,1049822,0.0534,0.0259,1.0338,-0.3938,2.4325,0.0088,1001.405,hard_decel,111.48,4.62,5
539,1049882,0.0956,0.0013,1.0011,0.6037,2.5025,0.3237,1001.4021,hard_decel,111.54,4.68,5
540,1049942,0.007,0.0348,0.9506,-0.8225,0.9362,0.4638,1001.4048,hard_decel,111.6,4.74,5
541,1055882,-0.0126,0.0454,0.911,-2.3712,0.0787,-0.1225,1000.5237,hard_decel,117.54,0.0,6
542,1055942,0.0388,0.0386,1.2053,4.1213,3.885,-0.175,1000.5063,hard_decel,117.6,0.06,6
543,1056002,0.1078,-0.0605,1.0304,1.5225,-4.2263,0.7437,1000.4988,hard_decel,117.66,0.12,6
544,1056062,0.1752,-0.1205,1.2129,3.36,4.9175,-0.5425,1000.4749,hard_decel,117.72,0.18,6
545,1056122,-0.029,-0.0378,0.8747,1.1638,-1.0762,-0.1925,1000.4875,hard_decel,117.78,0.24,6
546,1056182,-0.0103,-0.0029,0.7496,-1.75,-3.1588,-0.3237,1000.447,hard_decel,117.84,0.3,6
547,1056242,0.0694,0.0844,1.0858,-2.8875,-1.1287,-0.2188,1000.4885,hard_decel,117.9,0.36,6
548,1056302,0.0581,-0.059,0.8503,-0.4638,3.9375,-0.0875,1000.4553,hard_decel,117.96,0.42,6
549,1056362,0.2344,0.0029,1.229,-6.4925,0.735,-0.245,1000.4426,hard_decel,118.02,0.48,6
550,1056422,0.1057,0.1056,0.8283,-1.0063,3.1325,0.5688,1000.4343,hard_decel,118.08,0.54,6
551,1056482,0.0012,0.0274,0.7269,0.8838,-5.1712,-0.2275,1000.4849,hard_decel,118.14,0.6,6
552,1056542,-0.0483,-0.1676,0.8661,0.2713,-6.1775,1.3125,1000.4573,hard_decel,118.2,0.66,6
553,1056602,0.099,0.1391,0.7125,7.7787,-8.2775,-0.9712,1000.4802,hard_decel,118.26,0.72,6
554,1056662,0.3501,0.1038,1.2444,2.8,-0.77,0.42,1000.458,hard_decel,118.32,0.78,6
555,1056722,0.0656,0.1093,0.5073,2.135,-9.205,0.7788,1000.4604,hard_decel,118.38,0.84,6
556,1056782,0.0473,0.0146,0.8898,-4.5675,8.3125,0.7,1000.4592,hard_decel,118.44,0.9,6
557,1056842,0.0339,-0.0828,1.088,4.0338,2.765,-0.3325,1000.4619,hard_decel,118.5,0.96,6
558,1056902,0.3394,-0.1947,1.1646,2.4675,4.4363,-0.6913,1000.4692,hard_decel,118.56,1.02,6
559,1056962,0.3401,0.1694,1.016,-1.1025,-6.0637,0.7262,1000.5144,hard_decel,118.62,1.08,6
560,1057022,0.496,-0.052,1.2241,-4.0425,-2.135,0.9013,1000.5332,hard_decel,118.68,1.14,6
561,1057082,0.5278,0.022,0.9333,-2.2838,7.9975,1.085,1000.5564,hard_decel,118.74,1.2,6
562,1057142,0.4343,-0.152,1.3174,1.2513,2.0563,1.0588,1000.5525,hard_decel,118.8,1.26,6
563,1057202,0.487,-0.0365,1.1724,2.3537,1.435,-1.0412,1000.5955,hard_decel,118.86,1.32,6
564,1057262,0.4511,0.049,1.2148,3.0975,1.4875,0.3587,1000.6094,hard_decel,118.92,1.38,6
565,1057322,0.4797,0.058,1.1785,6.8513,-5.7663,-0.4988,1000.6223,hard_decel,118.98,1.44,6
566,1057382,0.2658,0.0073,0.6147,3.2287,-5.6087,0.3938,1000.6475,hard_decel,119.04,1.5,6
567,1057442,0.3914,-0.2559,0.8158,-4.4887,-3.4738,1.1025,1000.6697,hard_decel,119.1,1.56,6
568,1057502,0.5202,0.0947,1.0887,0.3325,-1.995,-0.105,1000.717,hard_decel,119.16,1.62,6
569,1057562,0.5356,0.0935,1.0606,-3.3688,-5.2762,0.6913,1000.7512,hard_decel,119.22,1.68,6
570,1057622,0.632,-0.0622,1.1838,4.1912,3.64,-0.4638,1000.7432,hard_decel,119.28,1.74,6
571,1057682,0.4418,0.0539,0.889,4.3925,1.505,0.1575,1000.8118,hard_decel,119.34,1.8,6
572,1057742,0.4816,-0.0223,1.0832,-4.445,4.7512,0.1488,1000.8167,hard_decel,119.4,1.86,6
573,1057802,0.5488,0.0936,0.943,0.4462,-3.6662,1.1375,1000.8289,hard_decel,119.46,1.92,6
574,1057862,0.474,-0.2813,0.7898,0.1663,-0.6913,1.8112,1000.8606,hard_decel,119.52,1.98,6
575,1057922,0.4692,0.1181,1.0268,2.5375,-1.3825,-0.7175,1000.8538,hard_decel,119.58,2.04,6
576,1057982,0.2707,0.1613,0.7064,-5.3812,-5.5738,0.56,1000.8894,hard_decel,119.64,2.1,6
577,1058042,0.1319,-0.1293,0.5246,-19.0487,3.1063,0.6562,1000.8955,hard_decel,119.7,2.16,6
578,1058102,0.7295,-0.0708,1.331,-7.8313,6.2475,-0.9538,1000.9302,hard_decel,119.76,2.22,6
579,1058162,0.5097,-0.1511,1.169,4.5237,0.5075,0.4112,1000.946,hard_decel,119.82,2.28,6
580,1058222,0.5075,-0.1402,0.9064,2.1,14.2975,0.1925,1000.9624,hard_decel,119.88,2.34,6
581,1058282,0.2818,-0.2674,0.5431,5.6788,9.0212,-0.5425,1000.9961,hard_decel,119.94,2.4,6
582,1058342,0.2737,0.0332,0.9665,9.4062,3.5262,-0.3413,1000.9771,hard_decel,120.0,2.46,6
583,1058402,0.2276,0.1745,0.8228,-0.9975,0.8138,0.8925,1001.0056,hard_decel,120.06,2.52,6
584,1058462,0.197,-0.0816,0.7102,-1.8463,-4.97,0.1575,1001.0464,hard_decel,120.12,2.58,6
585,1058522,0.4973,0.1215,1.1505,-3.8325,-9.7475,0.3938,1001.0615,hard_decel,120.18,2.64,6
586,1058582,0.4308,-0.1598,0.9348,-3.15,-3.3338,-0.0088,1001.0852,hard_decel,120.24,2.7,6
587,1058642,0.6651,0.0719,1.22,4.2438,4.4363,0.2188,1001.0945,hard_decel,120.3,2.76,6
588,1058702,0.4099,-0.0408,1.1483,4.025,8.3125,-0.1138,1001.094,hard_decel,120.36,2.82,6
589,1058762,0.4552,-0.0088,1.185,1.2862,5.005,0.1138,1001.084,hard_decel,120.42,2.88,6
590,1058822,0.346,-0.0511,0.9069,1.1812,3.64,0.6913,1001.105,hard_decel,120.48,2.94,6
591,1058882,0.4016,0.103,1.2571,0.9712,4.0163,0.2625,1001.1228,hard_decel,120.54,3.0,6
592,1058942,0.3597,-0.0478,0.9664,0.595,-2.3975,0.4725,1001.1438,hard_decel,120.6,3.06,6
593,1059002,0.237,-0.1132,0.6345,-0.0613,-0.3762,0.5775,1001.158,hard_decel,120.66,3.12,6
594,1059062,0.403,0.1726,1.0817,4.3837,-1.4612,0.14,1001.137,hard_decel,120.72,3.18,6
595,1059122,0.4019,0.1195,1.1356,1.4525,-0.56,0.6475,1001.1453,hard_decel,120.78,3.24,6
596,1059182,0.322,0.0686,0.8621,-1.855,-2.52,-0.035,1001.1646,hard_decel,120.84,3.3,6
597,1059242,0.2652,0.0107,0.6352,-6.7638,-0.0175,-0.035,1001.1895,hard_decel,120.9,3.36,6
598,1059302,0.296,-0.0202,1.026,-2.4938,0.0437,0.56,1001.1965,hard_decel,120.96,3.42,6
599,1059362,0.3362,0.0027,1.2019,-1.0237,-4.6638,1.0762,1001.1965,hard_decel,121.02,3.48,6
600,1059422,0.233,-0.1385,1.0063,1.3563,2.2925,-0.2887,1001.2031,hard_decel,121.08,3.54,6
601,1059482,0.315,-0.13,1.0678,-0.525,6.8162,-0.9362,1001.2253,hard_decel,121.14,3.6,6
602,1059542,0.3245,-0.0748,0.852,0.2537,1.8375,0.595,1001.251,hard_decel,121.2,3.66,6
603,1059602,0.386,0.1676,1.0773,2.0038,3.4913,1.82,1001.2356,hard_decel,121.26,3.72,6
604,1059662,0.2867,0.0085,0.8685,-3.5612,1.6363,1.0675,1001.2463,hard_decel,121.32,3.78,6
605,1059722,0.3599,0.1042,1.0739,-0.14,1.8987,0.3413,1001.2561,hard_decel,121.38,3.84,6
606,1059782,0.1809,-0.1545,0.9018,-1.3563,2.4413,0.07,1001.2756,hard_decel,121.44,3.9,6
607,1059842,0.3799,-0.0134,0.9667,2.1263,-0.14,-0.1312,1001.2883,hard_decel,121.5,3.96,6
608,1059902,0.3419,-0.0073,0.8782,0.105,0.6388,0.2625,1001.2859,hard_decel,121.56,4.02,6
609,1059962,0.3866,0.0755,1.079,2.0912,-0.6913,-0.1312,1001.2915,hard_decel,121.62,4.08,6
610,1060022,0.335,0.14,0.8742,0.7875,-1.6625,0.8313,1001.3101,hard_decel,121.68,4.14,6
611,1060082,0.3133,0.0891,0.955,1.8725,-2.555,1.1025,1001.3076,hard_decel,121.74,4.2,6
612,1060142,0.3406,0.0351,0.9806,-1.3563,0.9538,-0.1225,1001.3208,hard_decel,121.8,4.26,6
613,1060202,0.2908,-0.0095,1.1453,0.14,5.145,0.4375,1001.321,hard_decel,121.86,4.32,6
614,1060262,0.2027,-0.0314,0.9048,1.0938,1.5925,0.4988,1001.3372,hard_decel,121.92,4.38,6
615,1060322,0.2088,-0.0146,1.0103,-0.0613,1.9162,0.2013,1001.3506,hard_decel,121.98,4.44,6
616,1060382,0.2191,0.0232,1.0443,0.6825,3.5175,0.1575,1001.3477,hard_decel,122.04,4.5,6
617,1060442,0.194,0.0581,1.0057,-1.0762,2.38,0.3675,1001.3511,hard_decel,122.1,4.56,6
618,1060502,0.2482,-0.0283,0.9853,0.4462,0.8313,0.56,1001.3611,hard_decel,122.16,4.62,6
619,1060562,0.2851,0.0608,1.0907,-0.6913,1.0675,0.63,1001.3445,hard_decel,122.22,4.68,6
620,1060622,0.191,0.0717,1.0526,0.2362,0.9362,0.1838,1001.3557,hard_decel,122.28,4.74,6
621,1060682,0.2259,-0.0184,0.9975,-0.2625,-2.5988,0.0437,1001.3528,hard_decel,122.34,4.8,6
622,1060742,0.2211,-0.024,0.9811,0.1225,-1.1025,0.0787,1001.3574,hard_decel,122.4,4.86,6
623,1060802,0.1435,-0.0229,0.8869,0.6125,-1.0412,0.315,1001.3823,hard_decel,122.46,4.92,6
624,1060862,0.142,0.0212,1.0665,0.525,0.77,0.0787,1001.3611,hard_decel,122.52,4.98,6
625,1060922,0.0734,0.0368,0.9919,1.3125,1.1988,0.4112,1001.363,hard_decel,122.58,5.04,6
626,1060982,0.0925,0.0127,0.9523,-1.1463,0.84,-0.0875,1001.3606,hard_decel,122.64,5.1,6
627,1061042,0.0527,-0.0015,1.0043,-0.945,2.1,-0.105,1001.3752,hard_decel,122.7,5.16,6
628,1061102,0.1249,0.0334,1.0785,0.63,0.4812,-0.28,1001.3816,hard_decel,122.76,5.22,6
629,1061162,0.1515,0.0256,1.1475,1.0063,1.9863,0.7,1001.3665,hard_decel,122.82,5.28,6
630,1061222,0.0939,0.1281,1.0546,-1.155,1.1725,0.735,1001.3779,hard_decel,122.88,5.34,6
631,1061282,0.0641,-0.0276,0.9708,-1.2425,-0.5863,0.3938,1001.3796,hard_decel,122.94,5.4,6
632,1061342,0.1464,0.0729,1.1148,1.1638,0.7,0.175,1001.3789,hard_decel,123.0,5.46,6
633,1061402,0.0371,0.0426,0.9872,-1.5137,1.9688,0.14,1001.3801,hard_decel,123.06,5.52,6
634,1061462,-0.0012,0.0253,0.9341,-1.015,-0.8138,0.1138,1001.3716,hard_decel,123.12,5.58,6
635,1061522,0.0815,-0.0117,1.0347,1.05,0.7175,0.14,1001.3901,hard_decel,123.18,5.64,6
636,1067702,0.0732,0.0371,1.1514,-2.0213,8.7238,-0.0175,1000.4844,hard_decel,129.36,0.0,7
637,1067762,0.06,-0.0183,0.8759,0.875,4.0425,1.2513,1000.4983,hard_decel,129.42,0.06,7
638,1067822,0.1074,0.0179,0.8905,-4.6462,-2.4062,0.7875,1000.5054,hard_decel,129.48,0.12,7
639,1067882,0.1608,-0.0825,0.9797,0.3063,1.1463,0.2537,1000.5271,hard_decel,129.54,0.18,7
640,1067942,0.3487,-0.0091,0.9782,-3.3775,1.19,0.5688,1000.5342,hard_decel,129.6,0.24,7
641,1068002,0.4128,-0.2223,1.1248,2.1263,3.6662,2.6425,1000.5439,hard_decel,129.66,0.3,7
642,1068062,0.35,0.1039,0.7157,-0.4812,-3.1937,0.28,1000.5447,hard_decel,129.72,0.36,7
643,1068122,0.2826,0.0002,1.0685,1.085,-2.7387,0.175,1000.5569,hard_decel,129.78,0.42,7
644,1068182,0.2683,0.1501,0.9819,-2.345,-5.4862,-0.1138,1000.5754,hard_decel,129.84,0.48,7
645,1068242,0.377,0.2386,1.0211,3.5438,-5.1275,-0.9275,1000.5779,hard_decel,129.9,0.54,7
646,1068302,0.3719,0.2086,1.0099,-6.3525,-2.87,-0.2013,1000.5962,hard_decel,129.96,0.6,7
647,1068362,0.3455,-0.1769,0.7076,-6.0637,-3.3512,2.31,1000.5994,hard_decel,130.02,0.66,7
648,1068422,0.3604,0.0994,0.8609,-0.8487,1.3212,-0.3938,1000.6316,hard_decel,130.08,0.72,7
649,1068482,0.549,0.0038,1.1988,-8.855,3.01,0.6037,1000.6667,hard_decel,130.14,0.78,7
650,1068542,0.4573,-0.0075,1.1087,-0.0525,-2.7387,-0.385,1000.687,hard_decel,130.2,0.84,7
651,1068602,0.358,0.1566,0.8947,-0.5337,-7.4375,-0.1312,1000.7422,hard_decel,130.26,0.9,7
652,1068662,0.5153,0.0522,1.279,-3.1412,-0.77,0.63,1000.7444,hard_decel,130.32,0.96,7
653,1068722,0.3923,-0.2703,0.8825,0.9362,-0.0613,1.75,1000.7344,hard_decel,130.38,1.02,7
654,1068782,0.4757,0.1356,1.0004,3.7625,-1.4875,-0.7,1000.7756,hard_decel,130.44,1.08,7
655,1068842,0.4948,0.1449,1.0122,0.4288,-0.8313,0.5688,1000.7861,hard_decel,130.5,1.14,7
656,1068902,0.3838,-0.0398,0.8489,0.5688,-1.225,1.155,1000.8027,hard_decel,130.56,1.2,7
657,1068962,0.5324,0.0237,1.0521,0.21,-0.175,-0.21,1000.834,hard_decel,130.62,1.26,7
658,1069022,0.3881,-0.2611,0.62,-3.3163,-7.7525,2.3888,1000.8494,hard_decel,130.68,1.32,7
659,1069082,0.6296,0.1215,1.0016,-0.5688,-1.3475,0.14,1000.8704,hard_decel,130.74,1.38,7
660,1069142,0.3848,-0.1965,0.8699,-5.7925,0.0088,0.9013,1000.8821,hard_decel,130.8,1.44,7
661,1069202,0.5654,0.1613,1.1043,0.1225,-3.1762,-0.5688,1000.9133,hard_decel,130.86,1.5,7
662,1069262,0.5371,-0.0642,1.037,-7.2625,1.0237,0.7525,1000.9009,hard_decel,130.92,1.56,7
663,1069322,0.5104,0.0154,1.0831,-0.0262,-4.165,-0.2188,1000.925,hard_decel,130.98,1.62,7
664,1069382,0.578,0.1362,1.1936,2.9225,-2.1437,0.2537,1000.9497,hard_decel,131.04,1.68,7
665,1069442,0.5099,-0.0569,1.1693,0.8925,-3.0538,0.0525,1000.9626,hard_decel,131.1,1.74,7
666,1069502,0.4241,-0.0674,0.9137,-0.9013,0.0962,-0.3325,1000.9971,hard_decel,131.16,1.8,7
667,1069562,0.4961,0.0083,0.921,-0.7962,-1.1113,-0.4725,1000.9968,hard_decel,131.22,1.86,7
668,1069622,0.418,-0.0434,0.9069,-3.2025,-0.1925,-0.1575,1001.0137,hard_decel,131.28,1.92,7
669,1069682,0.5395,-0.0868,0.9207,-1.2775,-2.52,0.2275,1001.0583,hard_decel,131.34,1.98,7
670,1069742,0.5541,-0.012,1.1114,-0.385,3.6575,0.2713,1001.053,hard_decel,131.4,2.04,7
671,1069802,0.4768,0.0512,1.0602,0.8225,-0.0175,-0.3675,1001.0676,hard_decel,131.46,2.1,7
672,1069862,0.4349,0.0012,1.0697,2.4762,2.2225,-0.0962,1001.1001,hard_decel,131.52,2.16,7
673,1069922,0.3399,-0.1616,0.7604,-5.6613,1.26,-0.175,1001.1174,hard_decel,131.58,2.22,7
674,1069982,0.5641,-0.1825,1.1276,-6.9125,-0.0962,0.7525,1001.1316,hard_decel,131.64,2.28,7
675,1070042,0.3511,-0.1144,0.9323,-0.3587,0.1312,0.3938,1001.1479,hard_decel,131.7,2.34,7
676,1070102,0.4368,-0.2338,1.0715,1.645,-0.4812,-0.2625,1001.1433,hard_decel,131.76,2.4,7
677,1070162,0.6041,0.016,1.2027,3.1412,0.6737,0.5512,1001.1667,hard_decel,131.82,2.46,7
678,1070222,0.4863,0.068,0.933,-1.4612,2.52,0.2362,1001.1858,hard_decel,131.88,2.52,7
679,1070282,0.3487,-0.0302,0.661,-4.025,0.5075,0.3237,1001.188,hard_decel,131.94,2.58,7
680,1070342,0.3562,-0.0378,0.9919,-2.0475,2.6337,0.4025,1001.1887,hard_decel,132.0,2.64,7
681,1070402,0.3894,-0.01,0.8184,-0.4812,-2.1175,-0.0437,1001.2117,hard_decel,132.06,2.7,7
682,1070462,0.4921,0.0351,1.138,0.385,-0.735,0.1663,1001.2319,hard_decel,132.12,2.76,7
683,1070522,0.4587,0.0229,0.9687,-2.9137,-1.4175,0.6475,1001.2485,hard_decel,132.18,2.82,7
684,1070582,0.4873,-0.0359,1.1275,-0.2625,-0.2625,0.2013,1001.2488,hard_decel,132.24,2.88,7
685,1070642,0.3531,0.0054,0.921,3.4738,-1.9425,0.07,1001.2534,hard_decel,132.3,2.94,7
686,1070702,0.4024,-0.0328,1.0946,0.945,1.54,0.175,1001.2585,hard_decel,132.36,3.0,7
687,1070762,0.3967,-0.1769,0.9154,-3.0887,2.0387,1.1812,1001.2705,hard_decel,132.42,3.06,7
688,1070822,0.3392,-0.0142,1.1361,-1.68,5.0837,0.6913,1001.2725,hard_decel,132.48,3.12,7
689,1070882,0.3333,0.0149,1.1233,-0.4725,2.66,-0.2188,1001.2871,hard_decel,132.54,3.18,7
690,1070942,0.35,-0.1427,1.14,-0.9362,-0.9975,0.56,1001.2915,hard_decel,132.6,3.24,7
691,1071002,0.3406,-0.0056,0.9806,-2.345,-0.6825,0.5688,1001.2996,hard_decel,132.66,3.3,7
692,1071062,0.2523,-0.0945,0.9703,1.6013,-0.7,0.4288,1001.3169,hard_decel,132.72,3.36,7
693,1071122,0.3007,-0.0618,0.8581,-0.4988,-0.1663,0.2625,1001.3171,hard_decel,132.78,3.42,7
694,1071182,0.356,0.0547,1.0081,-0.9362,0.245,0.21,1001.3262,hard_decel,132.84,3.48,7
695,1071242,0.3404,0.0083,1.0878,0.7788,1.6975,0.2887,1001.3362,hard_decel,132.9,3.54,7
696,1071302,0.2732,-0.0798,0.8765,0.91,-2.3275,0.4112,1001.3315,hard_decel,132.96,3.6,7
697,1071362,0.3138,0.064,0.9328,-2.0038,0.0175,0.28,1001.3423,hard_decel,133.02,3.66,7
698,1071422,0.3093,-0.0622,0.9957,0.0613,-0.035,0.21,1001.3335,hard_decel,133.08,3.72,7
699,1071482,0.2916,0.032,1.0221,1.2075,-0.2625,-0.1312,1001.3469,hard_decel,133.14,3.78,7
700,1071542,0.2279,-0.0539,0.9862,2.4762,3.0975,0.0875,1001.3608,hard_decel,133.2,3.84,7
701,1071602,0.1756,0.0201,1.0854,-0.4988,3.2725,0.2362,1001.3638,hard_decel,133.26,3.9,7
702,1071662,0.0775,-0.0371,0.985,-0.8313,2.485,0.5163,1001.3596,hard_decel,133.32,3.96,7
703,1071722,0.0683,0.0115,0.9872,-0.2188,0.9187,0.2625,1001.3552,hard_decel,133.38,4.02,7
704,1071782,0.0777,0.039,1.0038,0.1925,2.7562,0.0088,1001.3574,hard_decel,133.44,4.08,7
705,1071842,0.0688,0.0224,0.9965,-2.1437,-0.4288,-0.1312,1001.3726,hard_decel,133.5,4.14,7
706,1071902,0.1232,0.0012,1.0593,1.54,0.9362,-0.315,1001.3704,hard_decel,133.56,4.2,7
707,1071962,0.0612,-0.0391,1.0187,-0.3413,1.4438,0.1488,1001.3835,hard_decel,133.62,4.26,7
708,1072022,0.0447,-0.0774,1.0615,0.0613,1.2162,0.2275,1001.3677,hard_decel,133.68,4.32,7
709,1072082,0.0313,0.0461,0.9977,0.6825,0.2975,0.6037,1001.3665,hard_decel,133.74,4.38,7
710,1078502,0.029,0.1471,0.9984,3.2725,2.6163,-0.665,1000.3865,hard_decel,140.16,0.0,8
711,1078562,0.0571,-0.0952,1.1817,-1.0938,3.4825,0.7525,1000.3818,hard_decel,140.22,0.06,8
712,1078622,-0.1745,0.0174,0.2663,-3.6488,-9.7475,0.5775,1000.3525,hard_decel,140.28,0.12,8
713,1078682,0.2179,0.1864,0.9001,1.9075,-5.7925,-0.665,1000.3674,hard_decel,140.34,0.18,8
714,1078742,0.2608,-0.2298,0.9999,-4.3575,-3.6575,1.2162,1000.4001,hard_decel,140.4,0.24,8
715,1078802,0.4717,-0.061,1.1932,-2.485,8.2425,-1.61,1000.4253,hard_decel,140.46,0.3,8
716,1078862,0.5551,-0.0442,1.4045,-1.5925,2.8087,-0.4462,1000.4114,hard_decel,140.52,0.36,8
717,1078922,0.1927,-0.0892,0.7039,2.0038,2.555,-0.21,1000.4299,hard_decel,140.58,0.42,8
718,1078982,0.2714,-0.0021,1.2762,0.0962,1.4963,-1.26,1000.446,hard_decel,140.64,0.48,8
719,1079042,0.284,-0.0613,1.2175,0.315,4.3837,-1.2513,1000.4695,hard_decel,140.7,0.54,8
720,1079102,0.3176,-0.2144,0.5781,-3.4738,-3.8675,-0.4638,1000.4543,hard_decel,140.76,0.6,8
721,1079162,0.472,0.1119,1.1824,5.3025,-4.9437,0.6388,1000.4922,hard_decel,140.82,0.66,8
722,1079222,0.1986,0.0528,0.7379,0.4638,2.4762,-0.525,1000.4712,hard_decel,140.88,0.72,8
723,1079282,0.2811,-0.0513,0.954,-1.82,0.91,-0.945,1000.4907,hard_decel,140.94,0.78,8
724,1079342,0.3697,-0.0252,0.8182,-3.99,-1.5925,0.315,1000.5159,hard_decel,141.0,0.84,8
725,1079402,0.4577,0.1403,1.2589,3.1762,-4.2175,-2.4675,1000.5481,hard_decel,141.06,0.9,8
726,1079462,0.4165,-0.0244,1.098,-1.9512,3.0625,0.7088,1000.5444,hard_decel,141.12,0.96,8
727,1079522,0.4329,-0.0149,1.0734,-2.7562,1.0063,-0.9625,1000.6162,hard_decel,141.18,1.02,8
728,1079582,0.3938,0.0832,0.9713,0.91,0.735,-0.77,1000.6111,hard_decel,141.24,1.08,8
729,1079642,0.3709,-0.2528,0.8974,-3.955,-0.0962,0.8838,1000.6477,hard_decel,141.3,1.14,8
730,1079702,0.3616,-0.1174,0.8891,-0.4638,0.9887,1.4175,1000.6709,hard_decel,141.36,1.2,8
731,1079762,0.3052,0.1688,0.8655,0.56,1.0063,0.5512,1000.6753,hard_decel,141.42,1.26,8
732,1079822,0.4343,-0.0343,0.9935,-3.815,-0.8225,0.1312,1000.7439,hard_decel,141.48,1.32,8
733,1079882,0.4851,-0.132,0.9955,3.4825,-0.77,0.8225,1000.7451,hard_decel,141.54,1.38,8
734,1079942,0.2672,-0.0844,0.7884,1.925,1.6187,0.5075,1000.7322,hard_decel,141.6,1.44,8
735,1080002,0.2827,-0.0332,0.7472,0.6125,-2.7037,0.8313,1000.78,hard_decel,141.66,1.5,8
736,1080062,0.3584,0.0134,0.7923,-0.6562,0.6913,0.8313,1000.8015,hard_decel,141.72,1.56,8
737,1080122,0.4343,-0.03,1.0777,3.6575,1.2775,0.0262,1000.8179,hard_decel,141.78,1.62,8
738,1080182,0.4086,-0.0874,0.9014,2.6337,1.505,0.2362,1000.8513,hard_decel,141.84,1.68,8
739,1080242,0.3866,-0.0378,0.8816,2.7387,1.575,1.1463,1000.8562,hard_decel,141.9,1.74,8
740,1080302,0.3599,0.0073,0.79,1.6363,0.735,0.3413,1000.8513,hard_decel,141.96,1.8,8
741,1080362,0.5202,0.1391,1.2205,5.1363,3.0013,-0.2275,1000.8962,hard_decel,142.02,1.86,8
742,1080422,0.4582,-0.0742,1.0606,0.8138,3.6925,1.19,1000.9231,hard_decel,142.08,1.92,8
743,1080482,0.408,-0.1677,0.8477,-3.3163,-1.6363,0.56,1000.95,hard_decel,142.14,1.98,8
744,1080542,0.4768,-0.053,1.0509,0.1575,-4.1125,1.015,1000.9358,hard_decel,142.2,2.04,8
745,1080602,0.2747,-0.213,0.9172,-0.5425,-1.3737,1.155,1000.9724,hard_decel,142.26,2.1,8
746,1080662,0.4177,0.0213,0.8802,2.1525,-3.5,0.9712,1000.9834,hard_decel,142.32,2.16,8
747,1080722,0.3935,0.0046,0.8813,1.9775,-3.9725,0.0262,1001.0032,hard_decel,142.38,2.22,8
748,1080782,0.4738,-0.2152,1.1134,-0.8313,1.8725,1.5925,1001.0217,hard_decel,142.44,2.28,8
749,1080842,0.4582,-0.0344,1.0616,-1.4963,-0.4375,0.9187,1001.0286,hard_decel,142.5,2.34,8
750,1080902,0.4211,0.0167,1.0736,1.8288,-0.2362,0.4025,1001.0444,hard_decel,142.56,2.4,8
751,1080962,0.5663,0.0928,1.1244,0.98,-1.7587,0.1663,1001.0554,hard_decel,142.62,2.46,8
752,1081022,0.3972,0.0471,0.8899,-0.84,-0.5163,1.4088,1001.0759,hard_decel,142.68,2.52,8
753,1081082,0.4336,-0.0938,1.0097,-2.17,-3.0363,0.4812,1001.0803,hard_decel,142.74,2.58,8
754,1081142,0.4456,-0.0461,1.096,6.6675,2.1613,0.21,1001.1094,hard_decel,142.8,2.64,8
755,1081202,0.3481,-0.1188,1.0002,1.6363,-0.3762,0.8575,1001.1206,hard_decel,142.86,2.7,8
756,1081262,0.4882,0.1139,1.1728,-0.7262,1.4438,0.8575,1001.1077,hard_decel,142.92,2.76,8
757,1081322,0.4898,0.0479,1.1537,5.0138,0.525,0.5425,1001.1189,hard_decel,142.98,2.82,8
758,1081382,0.4189,-0.0371,0.9464,-0.4988,1.4088,0.0437,1001.1416,hard_decel,143.04,2.88,8
759,1081442,0.4885,0.1147,1.0497,0.0088,-1.7587,0.0525,1001.1624,hard_decel,143.1,2.94,8
760,1081502,0.4285,-0.0761,1.0538,1.5225,-0.455,0.6037,1001.1726,hard_decel,143.16,3.0,8
761,1081562,0.4233,0.0022,1.0219,-3.71,-0.2275,0.7788,1001.1743,hard_decel,143.22,3.06,8
762,1081622,0.2928,-0.0706,1.0006,1.0588,-0.4375,0.0175,1001.1694,hard_decel,143.28,3.12,8
763,1081682,0.3484,-0.0231,0.8286,6.1425,-3.465,0.56,1001.2078,hard_decel,143.34,3.18,8
764,1081742,0.2261,-0.0463,0.7534,-6.055,-0.8487,0.9013,1001.2134,hard_decel,143.4,3.24,8
765,1081802,0.2469,-0.1652,0.934,-0.91,-2.1175,0.5512,1001.228,hard_decel,143.46,3.3,8
766,1081862,0.2762,-0.0183,1.0972,2.6512,0.1838,0.2188,1001.229,hard_decel,143.52,3.36,8
767,1081922,0.3065,-0.1706,0.9452,1.925,0.2275,0.105,1001.2478,hard_decel,143.58,3.42,8
768,1081982,0.2498,-0.0439,0.9523,0.3587,1.4963,-0.21,1001.2439,hard_decel,143.64,3.48,8
769,1082042,0.2892,0.1072,0.8633,1.8813,-0.6913,0.3675,1001.2441,hard_decel,143.7,3.54,8
770,1082102,0.3914,0.0381,1.181,-1.225,0.7262,1.2075,1001.2661,hard_decel,143.76,3.6,8
771,1082162,0.2755,-0.1037,1.0885,2.9313,3.4388,0.7088,1001.2617,hard_decel,143.82,3.66,8
772,1082222,0.1991,-0.0349,0.9772,2.835,-2.0475,-0.5775,1001.2744,hard_decel,143.88,3.72,8
773,1082282,0.2338,-0.0221,0.9194,2.1962,-2.8438,-0.0262,1001.2766,hard_decel,143.94,3.78,8
774,1082342,0.3367,0.0314,1.1232,3.4037,-2.6688,0.0875,1001.2747,hard_decel,144.0,3.84,8
775,1082402,0.3068,0.0498,1.0902,2.4762,-2.1788,0.0525,1001.2854,hard_decel,144.06,3.9,8
776,1082462,0.2289,0.0107,0.8762,-2.3625,0.4375,0.735,1001.2891,hard_decel,144.12,3.96,8
777,1082522,0.3417,-0.0142,1.0821,1.0412,-0.105,0.9538,1001.2886,hard_decel,144.18,4.02,8
778,1082582,0.3135,0.0549,1.1253,3.92,0.0437,-0.28,1001.3071,hard_decel,144.24,4.08,8
779,1082642,0.2882,0.0,1.1278,0.455,-0.2887,-0.14,1001.3042,hard_decel,144.3,4.14,8
780,1082702,0.2755,0.0276,1.0472,1.5312,-0.665,0.1138,1001.3096,hard_decel,144.36,4.2,8
781,1082762,0.2416,0.0328,0.9994,-0.7788,0.665,0.8313,1001.3047,hard_decel,144.42,4.26,8
782,1082822,0.2474,-0.1073,0.8325,-1.8813,-1.5225,0.5688,1001.3127,hard_decel,144.48,4.32,8
783,1082882,0.2643,0.0115,1.0268,1.33,0.2713,0.7262,1001.3181,hard_decel,144.54,4.38,8
784,1082942,0.1857,0.0187,0.9067,-1.3913,0.735,0.2887,1001.3254,hard_decel,144.6,4.44,8
785,1083002,0.2203,-0.0084,1.028,0.455,1.0938,0.3413,1001.3237,hard_decel,144.66,4.5,8
786,1083062,0.2444,0.0123,0.9519,-2.0825,2.8087,0.5337,1001.3345,hard_decel,144.72,4.56,8
787,1083122,0.1606,-0.032,0.8217,-3.6488,0.6125,0.1663,1001.3323,hard_decel,144.78,4.62,8
788,1083182,0.1862,-0.0528,0.9333,0.56,2.3888,0.5863,1001.3428,hard_decel,144.84,4.68,8
789,1083242,0.1466,0.0541,0.8879,2.2575,-3.5438,0.2013,1001.3525,hard_decel,144.9,4.74,8
790,1083302,0.1889,-0.0489,0.966,-1.365,-0.2713,-0.1225,1001.3479,hard_decel,144.96,4.8,8
791,1083362,0.1624,-0.0059,0.9231,-0.0962,1.645,0.6475,1001.3523,hard_decel,145.02,4.86,8
792,1083422,0.2137,0.0013,1.0472,1.12,1.085,-0.0525,1001.3625,hard_decel,145.08,4.92,8
793,1083482,0.0803,-0.043,0.8843,0.315,-0.9975,-0.0175,1001.3643,hard_decel,145.14,4.98,8
794,1083542,0.0938,0.0456,1.0136,0.4812,1.5225,0.2887,1001.3621,hard_decel,145.2,5.04,8
795,1083602,0.134,0.0056,1.0441,0.7175,1.3212,0.4112,1001.3567,hard_decel,145.26,5.1,8
796,1083662,0.0781,0.0313,1.0396,1.0237,1.2425,0.525,1001.3733,hard_decel,145.32,5.16,8
797,1083722,0.0673,0.0651,0.9924,-0.4375,-0.6825,0.0,1001.366,hard_decel,145.38,5.22,8
798,1083782,0.0777,0.0217,1.01,-1.1025,0.8925,0.0437,1001.3745,hard_decel,145.44,5.28,8
799,1083842,-0.002,-0.1447,0.9059,-1.2337,0.8925,0.455,1001.3679,hard_decel,145.5,5.34,8
800,1083902,0.0773,0.0418,1.039,0.5775,-0.42,0.07,1001.3726,hard_decel,145.56,5.4,8
801,1083962,0.1172,0.1215,1.0291,-0.7525,0.8925,0.105,1001.3647,hard_decel,145.62,5.46,8
802,1084022,0.0998,0.0048,1.0131,0.1225,0.3325,0.6562,1001.3572,hard_decel,145.68,5.52,8
803,1084082,0.0508,0.0612,0.9643,0.5075,-0.4462,0.2362,1001.3643,hard_decel,145.74,5.58,8
804,1084142,0.0964,0.0627,1.0004,0.6212,-0.3587,0.0262,1001.3611,hard_decel,145.8,5.64,8
805,1084202,0.1003,0.022,1.0211,0.2537,1.1725,0.2275,1001.3701,hard_decel,145.86,5.7,8
806,1084262,0.0527,0.0736,0.9084,0.2887,-1.8463,0.4375,1001.363,hard_decel,145.92,5.76,8
807,1084322,0.1086,0.0257,1.056,-1.1113,-1.295,0.3762,1001.3613,hard_decel,145.98,5.82,8
808,1084382,0.0386,0.0062,1.0269,1.5838,0.1488,0.0437,1001.3711,hard_decel,146.04,5.88,8
809,1084442,0.0834,0.051,1.0329,2.1962,-0.9712,-0.07,1001.3696,hard_decel,146.1,5.94,8
810,1084502,0.0632,0.0166,1.0304,0.3237,1.645,0.1312,1001.366,hard_decel,146.16,6.0,8
811,1128362,-0.0117,0.1059,0.7969,-1.0675,-1.4963,-0.105,1000.3267,hard_decel,190.02,0.0,9
812,1128422,0.0806,-0.0588,1.1221,-1.9075,-2.275,0.0787,1000.3643,hard_decel,190.08,0.06,9
813,1128482,0.1013,0.0051,0.886,-1.505,-3.815,0.2537,1000.3496,hard_decel,190.14,0.12,9
814,1128542,0.0813,0.1282,0.9761,3.0712,-4.7688,-0.7875,1000.3523,hard_decel,190.2,0.18,9
815,1128602,0.0902,-0.0134,0.8574,-1.2425,-0.4812,0.2188,1000.3376,hard_decel,190.26,0.24,9
816,1128662,0.1417,0.0364,1.0451,4.6988,3.99,-0.9887,1000.3184,hard_decel,190.32,0.3,9
817,1128722,0.1364,0.0137,0.8635,-2.7475,-2.45,-0.9625,1000.3069,hard_decel,190.38,0.36,9
818,1128782,0.2406,-0.0997,0.9538,-0.5688,-6.9125,-0.3938,1000.3281,hard_decel,190.44,0.42,9
819,1128842,0.3099,-0.0413,1.0867,1.715,2.2487,-0.0962,1000.3696,hard_decel,190.5,0.48,9
820,1128902,0.3121,0.0814,0.9803,2.5463,3.9462,-1.4963,1000.3169,hard_decel,190.56,0.54,9
821,1128962,0.2511,0.0908,0.8723,1.4875,-2.9313,-1.8025,1000.3418,hard_decel,190.62,0.6,9
822,1129022,0.3641,0.1122,1.2098,0.8313,-2.1175,-0.4638,1000.3804,hard_decel,190.68,0.66,9
823,1129082,0.2631,-0.1005,0.9491,-1.3475,-3.0887,0.4462,1000.3743,hard_decel,190.74,0.72,9
824,1129142,0.4021,0.1916,1.0648,2.4325,-1.1113,-2.8788,1000.4268,hard_decel,190.8,0.78,9
825,1129202,0.4872,-0.0546,0.8881,-2.0738,2.3625,-0.1838,1000.4636,hard_decel,190.86,0.84,9
826,1129262,0.4675,0.0624,0.9808,0.6737,1.54,-1.1287,1000.4451,hard_decel,190.92,0.9,9
827,1129322,0.4726,-0.0181,1.0038,-3.0887,0.5512,1.085,1000.4883,hard_decel,190.98,0.96,9
828,1129382,0.4293,-0.1083,0.9872,3.7625,-5.3025,1.2337,1000.5017,hard_decel,191.04,1.02,9
829,1129442,0.4712,0.1307,1.0607,-0.07,-3.8412,-0.7962,1000.5698,hard_decel,191.1,1.08,9
830,1129502,0.4904,-0.2208,1.0099,-1.5137,-0.385,6.6675,1000.5864,hard_decel,191.16,1.14,9
831,1129562,0.3975,0.1645,0.7399,3.605,-4.515,-2.275,1000.6011,hard_decel,191.22,1.2,9
832,1129622,0.5088,0.0237,1.1256,-7.105,-5.4775,6.16,1000.7114,hard_decel,191.28,1.26,9
833,1129682,0.5106,-0.1364,0.8684,3.5438,22.9163,-1.4175,1000.7715,hard_decel,191.34,1.32,9
834,1129742,0.4377,0.0285,0.9231,2.0475,2.835,-0.805,1000.7588,hard_decel,191.4,1.38,9
835,1129802,0.3841,0.0723,0.7683,-1.3125,-0.63,0.0437,1000.7625,hard_decel,191.46,1.44,9
836,1129862,0.4568,-0.0869,0.9475,-0.0437,-1.3913,-0.1312,1000.76,hard_decel,191.52,1.5,9
837,1129922,0.5615,0.0825,1.1985,7.1225,0.8575,-0.4462,1000.7769,hard_decel,191.58,1.56,9
838,1129982,0.5151,0.1933,1.2105,1.925,6.6238,-0.8138,1000.8223,hard_decel,191.64,1.62,9
839,1130042,0.3584,-0.0671,0.7774,-4.2175,1.1287,0.245,1000.8274,hard_decel,191.7,1.68,9
840,1130102,0.4663,-0.0466,0.8696,-5.1625,-3.3338,1.19,1000.8394,hard_decel,191.76,1.74,9
841,1130162,0.44,-0.1557,0.8169,-2.4325,-1.6187,3.2462,1000.8948,hard_decel,191.82,1.8,9
842,1130222,0.4457,0.0547,1.0028,-0.665,8.7937,1.2687,1000.9148,hard_decel,191.88,1.86,9
843,1130282,0.4153,-0.1328,0.8162,1.8813,-3.1063,-0.5688,1000.8975,hard_decel,191.94,1.92,9
844,1130342,0.4541,-0.0903,0.8955,1.5312,-9.7037,2.8788,1000.9387,hard_decel,192.0,1.98,9
845,1130402,0.5325,0.0603,1.1739,-0.4988,3.1588,0.7525,1000.9929,hard_decel,192.06,2.04,9
846,1130462,0.2342,0.0729,0.8025,2.7738,3.22,-0.1488,1000.9595,hard_decel,192.12,2.1,9
847,1130522,0.3509,0.0737,0.9708,-0.0613,-0.8138,0.0787,1001.0037,hard_decel,192.18,2.16,9
848,1130582,0.3129,-0.0002,0.858,-1.3737,-3.255,0.7962,1000.9817,hard_decel,192.24,2.22,9
849,1130642,0.3772,-0.1035,0.9863,0.7962,0.14,-0.7525,1001.0061,hard_decel,192.3,2.28,9
850,1130702,0.3115,0.3497,1.0872,2.7738,4.2263,-2.7213,1001.033,hard_decel,192.36,2.34,9
851,1130762,0.3697,-0.0464,1.007,-1.4,-1.3125,0.2975,1001.0469,hard_decel,192.42,2.4,9
852,1130822,0.4161,-0.0271,1.0102,2.59,-1.3737,-0.21,1001.0513,hard_decel,192.48,2.46,9
853,1130882,0.4079,-0.063,0.8514,-2.3275,-4.83,1.575,1001.0657,hard_decel,192.54,2.52,9
854,1130942,0.3486,-0.1256,0.5285,-2.1263,-2.87,0.6737,1001.1206,hard_decel,192.6,2.58,9
855,1131002,0.3487,-0.0315,0.9323,-3.64,-2.1525,-1.0063,1001.1191,hard_decel,192.66,2.64,9
856,1131062,0.3464,0.0458,1.0151,0.2362,-0.2013,-0.3675,1001.1282,hard_decel,192.72,2.7,9
857,1131122,0.4347,0.0378,0.9878,1.925,-2.03,-0.1488,1001.1108,hard_decel,192.78,2.76,9
858,1131182,0.3409,0.1303,0.9242,4.8475,2.4413,-0.4725,1001.1321,hard_decel,192.84,2.82,9
859,1131242,0.3997,-0.006,1.138,-1.5312,0.42,-0.2188,1001.1755,hard_decel,192.9,2.88,9
860,1131302,0.3985,0.0034,1.1092,-0.1138,0.2537,0.315,1001.1658,hard_decel,192.96,2.94,9
861,1131362,0.411,0.0612,0.8591,-3.6312,-0.8838,0.525,1001.186,hard_decel,193.02,3.0,9
862,1131422,0.3781,0.0285,0.9582,1.0675,0.5425,-0.2625,1001.1917,hard_decel,193.08,3.06,9
863,1131482,0.3592,-0.0215,0.9404,-2.5638,1.2862,0.7,1001.1985,hard_decel,193.14,3.12,9
864,1131542,0.4746,0.1674,1.108,3.9113,-2.5375,0.3762,1001.2139,hard_decel,193.2,3.18,9
865,1131602,0.4153,-0.1498,0.9748,1.6363,-0.84,0.2887,1001.2136,hard_decel,193.26,3.24,9
866,1131662,0.4851,0.0571,1.0492,1.6888,2.1875,-0.245,1001.2429,hard_decel,193.32,3.3,9
867,1131722,0.388,0.0935,0.9104,1.47,1.2862,0.1225,1001.2524,hard_decel,193.38,3.36,9
868,1131782,0.3997,0.0892,0.925,3.5175,1.365,-0.0875,1001.2495,hard_decel,193.44,3.42,9
869,1131842,0.4021,-0.0819,0.9302,-1.1025,1.9688,0.0175,1001.2598,hard_decel,193.5,3.48,9
870,1131902,0.448,0.1017,0.9506,2.6075,-2.0125,-0.2625,1001.271,hard_decel,193.56,3.54,9
871,1131962,0.5165,0.2152,1.2346,-1.1025,1.0762,1.3475,1001.2734,hard_decel,193.62,3.6,9
872,1132022,0.2824,0.0544,0.967,-0.6037,4.3575,-0.5688,1001.2827,hard_decel,193.68,3.66,9
873,1132082,0.2882,-0.0674,0.9016,1.1988,1.54,0.1138,1001.3,hard_decel,193.74,3.72,9
874,1132142,0.3299,0.077,0.9031,0.3325,0.0875,0.6125,1001.3022,hard_decel,193.8,3.78,9
875,1132202,0.2784,0.0137,0.9308,-0.14,2.7125,-0.07,1001.2991,hard_decel,193.86,3.84,9
876,1132262,0.3365,0.0168,0.8291,-0.07,-0.6037,-0.245,1001.3289,hard_decel,193.92,3.9,9
877,1132322,0.327,0.0169,0.9401,0.9275,1.3212,0.0962,1001.3206,hard_decel,193.98,3.96,9
878,1132382,0.3323,0.0595,0.8899,2.4938,1.6712,-0.2713,1001.3435,hard_decel,194.04,4.02,9
879,1132442,0.214,0.064,0.8606,-2.17,-2.66,0.3675,1001.3474,hard_decel,194.1,4.08,9
880,1132502,0.2065,-0.0717,0.9792,0.2537,3.6312,-0.0525,1001.3599,hard_decel,194.16,4.14,9
881,1132562,0.277,-0.0118,1.0763,1.9775,3.4738,-0.3938,1001.3518,hard_decel,194.22,4.2,9
882,1132622,0.3273,-0.0051,1.1282,2.415,0.0962,0.6562,1001.3604,hard_decel,194.28,4.26,9
883,1132682,0.1398,0.0418,0.8894,0.2013,-0.3325,0.2625,1001.3652,hard_decel,194.34,4.32,9
884,1132742,0.1381,0.1244,0.9447,-0.2362,0.28,0.315,1001.3831,hard_decel,194.4,4.38,9
885,1132802,0.0717,0.009,1.043,0.1838,3.64,0.2975,1001.3796,hard_decel,194.46,4.44,9
886,1132862,0.0615,0.0127,0.8886,0.7613,2.9313,0.0088,1001.3733,hard_decel,194.52,4.5,9
887,1132922,0.0563,0.021,1.036,-0.98,2.2925,0.2975,1001.3774,hard_decel,194.58,4.56,9
888,1132982,0.0456,0.0471,0.9765,0.2013,1.1113,0.1575,1001.376,hard_decel,194.64,4.62,9
889,1133042,0.1261,0.0637,1.0673,0.7613,-1.5137,-0.0437,1001.3828,hard_decel,194.7,4.68,9
890,1133102,0.0796,0.0415,1.1017,-0.175,0.595,0.4988,1001.3889,hard_decel,194.76,4.74,9
891,1133162,0.0669,0.0226,0.9948,-1.0237,-0.5337,-0.0613,1001.3755,hard_decel,194.82,4.8,9
892,1133222,0.0711,0.0059,0.9079,-0.0787,-0.2362,0.2975,1001.3782,hard_decel,194.88,4.86,9
893,1133282,0.0298,0.0918,1.0241,0.595,0.7875,0.2625,1001.3845,hard_decel,194.94,4.92,9
894,1133342,0.1003,0.0681,1.0433,0.7962,-1.6363,0.4638,1001.3887,hard_decel,195.0,4.98,9
895,1133402,0.0571,-0.0173,0.9579,0.1138,0.0,0.175,1001.3835,hard_decel,195.06,5.04,9
896,1133462,0.0512,0.0398,0.9581,-0.98,0.14,0.1138,1001.394,hard_decel,195.12,5.1,9
897,1133522,0.027,0.0051,0.9801,-1.0938,-0.0875,0.2887,1001.3906,hard_decel,195.18,5.16,9
898,1140422,0.0978,0.1218,0.9482,0.6125,2.5375,-0.525,1000.1086,hard_decel,202.08,0.0,10
899,1140482,0.0468,0.0966,1.0826,5.3375,-0.4638,-0.245,1000.1133,hard_decel,202.14,0.06,10
900,1140542,0.0085,0.0007,0.8601,0.91,-5.3463,-0.4988,1000.0962,hard_decel,202.2,0.12,10
901,1140602,0.1936,-0.0295,1.2178,-4.4975,2.275,0.7875,1000.093,hard_decel,202.26,0.18,10
902,1140662,0.0777,0.1199,0.9589,1.3388,-2.3012,0.4812,1000.0981,hard_decel,202.32,0.24,10
903,1140722,0.1844,0.2738,1.1744,-0.1663,-1.0325,0.4462,1000.1216,hard_decel,202.38,0.3,10
904,1140782,0.0964,0.0742,0.8672,-7.875,0.5863,-0.0875,1000.0957,hard_decel,202.44,0.36,10
905,1140842,0.1255,-0.0145,1.3549,-1.925,7.9187,0.1838,1000.0945,hard_decel,202.5,0.42,10
906,1140902,0.0798,0.0325,1.1394,-4.4275,12.0662,0.6125,1000.1003,hard_decel,202.56,0.48,10
907,1140962,0.1503,0.029,0.9646,5.075,-4.9788,-0.0175,1000.1169,hard_decel,202.62,0.54,10
908,1141022,0.2413,-0.1054,1.1253,7.2888,1.12,-0.4725,1000.0964,hard_decel,202.68,0.6,10
909,1141082,0.3745,0.1061,1.3555,2.6075,9.0212,-0.9538,1000.1506,hard_decel,202.74,0.66,10
910,1141142,0.4063,-0.0384,1.0877,4.5325,0.2188,-0.28,1000.157,hard_decel,202.8,0.72,10
911,1141202,0.3663,-0.0262,0.9211,-0.875,1.3388,0.7437,1000.1907,hard_decel,202.86,0.78,10
912,1141262,0.2297,-0.1201,0.9639,1.6363,-4.095,1.4787,1000.1917,hard_decel,202.92,0.84,10
913,1141322,0.4143,0.283,1.1048,-2.8087,0.8575,-2.1613,1000.2209,hard_decel,202.98,0.9,10
914,1141382,0.3576,0.0034,0.8755,0.5512,8.435,0.2625,1000.2336,hard_decel,203.04,0.96,10
915,1141442,0.366,-0.1785,0.629,-7.7962,-1.3212,1.0325,1000.2795,hard_decel,203.1,1.02,10
916,1141502,0.4634,0.1613,1.1671,4.3225,1.9425,-0.2362,1000.3213,hard_decel,203.16,1.08,10
917,1141562,0.4416,-0.0378,1.0417,1.6975,5.46,-1.6975,1000.3057,hard_decel,203.22,1.14,10
918,1141622,0.6127,0.152,1.2734,4.2175,-1.0588,-0.9187,1000.3645,hard_decel,203.28,1.2,10
919,1141682,0.4377,-0.0303,0.8896,3.465,-2.0038,-0.9275,1000.4163,hard_decel,203.34,1.26,10
920,1141742,0.5795,-0.1057,1.1139,1.575,-5.4862,2.0825,1000.4153,hard_decel,203.4,1.32,10
921,1141802,0.4782,0.0161,0.9384,5.1887,-0.9538,0.5075,1000.447,hard_decel,203.46,1.38,10
922,1141862,0.4575,-0.0483,0.7415,1.4612,-4.585,1.19,1000.4773,hard_decel,203.52,1.44,10
923,1141922,0.4816,0.0467,1.0884,5.32,0.8662,0.7613,1000.5454,hard_decel,203.58,1.5,10
924,1141982,0.639,-0.0795,0.8655,-6.7288,-8.54,0.8138,1000.5522,hard_decel,203.64,1.56,10
925,1142042,0.6515,-0.1566,1.0236,2.1788,2.8963,4.165,1000.5679,hard_decel,203.7,1.62,10
926,1142102,0.4103,0.2116,1.0551,0.5688,5.5037,0.1225,1000.5681,hard_decel,203.76,1.68,10
927,1142162,0.5047,-0.183,1.0311,1.085,2.765,0.7437,1000.6104,hard_decel,203.82,1.74,10
928,1142222,0.4621,0.1696,1.0286,6.2387,2.73,-0.14,1000.6531,hard_decel,203.88,1.8,10
929,1142282,0.4377,0.1637,0.9428,0.8313,-0.525,-0.385,1000.6821,hard_decel,203.94,1.86,10
930,1142342,0.5297,-0.1064,1.0343,0.1575,-2.7825,0.5425,1000.688,hard_decel,204.0,1.92,10
931,1142402,0.6425,0.087,1.1098,1.3388,-1.7062,-0.4988,1000.7205,hard_decel,204.06,1.98,10
932,1142462,0.5641,0.0834,0.9914,4.0163,-4.7337,0.0525,1000.772,hard_decel,204.12,2.04,10
933,1142522,0.4846,-0.0271,0.9194,-3.01,-0.8313,0.3938,1000.7717,hard_decel,204.18,2.1,10
934,1142582,0.4589,0.0791,0.8891,-6.23,-4.8125,1.1463,1000.8027,hard_decel,204.24,2.16,10
935,1142642,0.5009,-0.3087,0.9914,-3.78,0.3237,2.4062,1000.8406,hard_decel,204.3,2.22,10
936,1142702,0.4953,0.0634,0.8938,4.3313,0.0787,-0.07,1000.8328,hard_decel,204.36,2.28,10
937,1142762,0.4058,-0.0117,0.934,1.7938,3.4213,0.7,1000.8682,hard_decel,204.42,2.34,10
938,1142822,0.5598,0.0143,1.2407,0.8487,1.6625,1.1638,1000.8889,hard_decel,204.48,2.4,10
939,1142882,0.4882,0.1208,1.0662,-0.2887,-0.3325,0.49,1000.8987,hard_decel,204.54,2.46,10
940,1142942,0.3899,0.0008,0.8758,-0.2713,-3.5525,0.5075,1000.938,hard_decel,204.6,2.52,10
941,1143002,0.4085,0.1052,0.9755,1.1113,-5.7925,0.0437,1000.9487,hard_decel,204.66,2.58,10
942,1143062,0.388,0.02,0.9453,1.505,-2.8263,0.49,1000.9734,hard_decel,204.72,2.64,10
943,1143122,0.4243,-0.0664,0.706,-1.89,-4.0075,0.5337,1000.9873,hard_decel,204.78,2.7,10
944,1143182,0.3672,0.1006,0.9436,0.1138,4.0075,-0.3237,1000.9897,hard_decel,204.84,2.76,10
945,1143242,0.4058,-0.0504,0.9728,-6.055,-2.87,0.5163,1001.0225,hard_decel,204.9,2.82,10
946,1143302,0.5199,-0.0716,1.1905,0.8138,-0.0088,-0.2188,1001.0334,hard_decel,204.96,2.88,10
947,1143362,0.5344,-0.0508,1.1119,3.7887,1.6888,0.595,1001.0481,hard_decel,205.02,2.94,10
948,1143422,0.3784,0.0836,0.722,1.3388,0.8925,1.0762,1001.0745,hard_decel,205.08,3.0,10
949,1143482,0.5017,0.0307,0.9174,-1.3388,1.4875,0.5863,1001.0908,hard_decel,205.14,3.06,10
950,1143542,0.428,-0.0027,0.8638,-4.3575,5.11,0.1925,1001.1353,hard_decel,205.2,3.12,10
951,1143602,0.5044,0.0415,1.1666,-1.8637,2.3012,-0.2188,1001.1311,hard_decel,205.26,3.18,10
952,1143662,0.3431,-0.0154,0.7681,1.9775,-0.2362,0.035,1001.1631,hard_decel,205.32,3.24,10
953,1143722,0.4487,-0.0264,0.9479,-3.3775,-0.2713,0.315,1001.1565,hard_decel,205.38,3.3,10
954,1143782,0.3658,-0.023,0.914,3.78,1.505,0.0,1001.1687,hard_decel,205.44,3.36,10
955,1143842,0.4118,-0.0071,0.9789,-0.7875,-2.2137,-0.4812,1001.1785,hard_decel,205.5,3.42,10
956,1143902,0.4333,-0.0412,0.9906,0.4025,-0.2362,0.3762,1001.1951,hard_decel,205.56,3.48,10
957,1143962,0.4619,0.0647,1.1775,0.1838,1.715,0.5512,1001.1938,hard_decel,205.62,3.54,10
958,1144022,0.3486,-0.0087,0.964,-0.9712,4.0075,0.7788,1001.2109,hard_decel,205.68,3.6,10
959,1144082,0.3257,0.0573,0.873,-0.42,1.225,0.6562,1001.2244,hard_decel,205.74,3.66,10
960,1144142,0.3631,-0.0135,0.9276,-0.6475,-0.49,0.7613,1001.2346,hard_decel,205.8,3.72,10
961,1144202,0.4351,0.1679,1.0839,-0.4725,-0.595,-0.0613,1001.2397,hard_decel,205.86,3.78,10
962,1144262,0.4211,0.0071,1.0347,2.3012,-0.3938,0.875,1001.2517,hard_decel,205.92,3.84,10
963,1144322,0.4108,0.061,0.8915,-0.385,-1.8463,0.2887,1001.2551,hard_decel,205.98,3.9,10
964,1144382,0.3231,0.0483,0.9007,-0.2537,-0.7262,0.5337,1001.2766,hard_decel,206.04,3.96,10
965,1144442,0.3802,-0.0015,1.0524,-1.2337,-2.8,0.2362,1001.2825,hard_decel,206.1,4.02,10
966,1144502,0.4556,-0.051,1.148,0.1138,0.3587,0.35,1001.3013,hard_decel,206.16,4.08,10
967,1144562,0.3439,0.044,0.9791,-0.0525,1.225,0.525,1001.2959,hard_decel,206.22,4.14,10
968,1144622,0.226,-0.0435,0.7884,2.8,0.0962,0.7613,1001.3008,hard_decel,206.28,4.2,10
969,1144682,0.3091,0.0471,0.6698,-0.14,-4.8562,0.1488,1001.3176,hard_decel,206.34,4.26,10
970,1144742,0.4467,0.0073,1.1885,1.9338,0.49,0.2713,1001.3357,hard_decel,206.4,4.32,10
971,1144802,0.2308,0.0783,0.9562,1.5137,3.255,0.4288,1001.3435,hard_decel,206.46,4.38,10
972,1144862,0.2851,-0.0808,1.0036,-0.7088,0.2188,-0.2013,1001.3357,hard_decel,206.52,4.44,10
973,1144922,0.3126,0.0332,1.1192,1.4787,3.815,0.1312,1001.3486,hard_decel,206.58,4.5,10
974,1144982,0.2957,0.093,0.9342,1.6625,-0.9712,0.4725,1001.3521,hard_decel,206.64,4.56,10
975,1145042,0.2611,0.1005,1.1177,0.6125,0.735,0.2188,1001.3523,hard_decel,206.7,4.62,10
976,1145102,0.1501,-0.0173,1.0321,-0.1312,0.3325,-0.2713,1001.3584,hard_decel,206.76,4.68,10
977,1145162,0.0419,0.0101,0.9187,-0.175,2.1613,0.0875,1001.3608,hard_decel,206.82,4.74,10
978,1145222,0.0186,0.0937,0.9055,1.4175,0.6388,-0.2188,1001.3662,hard_decel,206.88,4.8,10
979,1145282,0.0486,-0.0617,1.0372,0.8487,3.6662,0.0175,1001.3689,hard_decel,206.94,4.86,10
980,1152122,0.1076,0.0143,1.1143,0.665,-2.2838,0.7437,1000.0022,hard_decel,213.78,0.0,11
981,1152182,0.0625,0.0552,0.9553,1.4963,1.3038,-0.2713,1000.011,hard_decel,213.84,0.06,11
982,1152242,0.2098,0.0088,0.9326,-3.9113,-0.0613,0.805,1000.0071,hard_decel,213.9,0.12,11
983,1152302,0.0276,0.0514,0.7534,-2.4675,-3.7625,0.0,1000.0305,hard_decel,213.96,0.18,11
984,1152362,0.1755,0.0425,1.0362,0.175,-2.0825,-0.2625,1000.0366,hard_decel,214.02,0.24,11
985,1152422,0.1674,0.1755,0.7837,-0.5425,-3.3338,-0.1663,1000.0396,hard_decel,214.08,0.3,11
986,1152482,0.2974,0.0969,1.2129,1.925,2.8963,-0.0787,1000.0444,hard_decel,214.14,0.36,11
987,1152542,0.2821,-0.1334,0.8067,-4.0163,-5.8713,1.575,1000.0559,hard_decel,214.2,0.42,11
988,1152602,0.3706,-0.0239,1.0202,0.3938,-0.8662,1.2162,1000.0793,hard_decel,214.26,0.48,11
989,1152662,0.4224,0.018,1.1503,0.42,-1.9075,-0.7,1000.1184,hard_decel,214.32,0.54,11
990,1152722,0.4392,-0.008,1.047,1.295,-0.9013,0.5863,1000.1272,hard_decel,214.38,0.6,11
991,1152782,0.4633,-0.0144,1.036,-1.9425,-6.6675,1.0588,1000.1829,hard_decel,214.44,0.66,11
992,1152842,0.5299,-0.0112,1.098,-0.5512,3.8412,0.63,1000.2122,hard_decel,214.5,0.72,11
993,1152902,0.2503,-0.1398,0.7291,1.0938,2.555,0.0175,1000.2336,hard_decel,214.56,0.78,11
994,1152962,0.4036,0.1205,1.1859,-1.2775,1.6888,-1.1812,1000.2773,hard_decel,214.62,0.84,11
995,1153022,0.5456,0.0642,1.0851,-0.98,-0.385,-0.455,1000.3325,hard_decel,214.68,0.9,11
996,1153082,0.6016,-0.1562,0.927,1.1725,-1.7938,4.9088,1000.3606,hard_decel,214.74,0.96,11
997,1153142,0.549,0.1344,1.0726,0.6737,-0.2362,-1.6712,1000.3701,hard_decel,214.8,1.02,11
998,1153202,0.5555,0.0524,1.0699,-0.28,-1.715,-1.0063,1000.3865,hard_decel,214.86,1.08,11
999,1153262,0.5329,-0.0169,1.1546,0.0875,2.4325,0.0525,1000.4229,hard_decel,214.92,1.14,11
1000,1153322,0.633,-0.0474,1.3044,5.5212,4.7775,1.295,1000.4333,hard_decel,214.98,1.2,11
1001,1153382,0.5375,0.1621,1.1829,5.0138,0.3237,-0.49,1000.4819,hard_decel,215.04,1.26,11
1002,1153442,0.428,-0.0827,0.8649,-2.4413,-2.205,1.4088,1000.5173,hard_decel,215.1,1.32,11
1003,1153502,0.5047,0.0805,1.1219,0.2975,-2.59,-0.1663,1000.5493,hard_decel,215.16,1.38,11
1004,1153562,0.4824,-0.0908,0.9921,0.0962,-1.0237,1.5838,1000.5671,hard_decel,215.22,1.44,11
1005,1153622,0.5456,-0.0496,0.8276,2.5375,-2.8438,0.2275,1000.6318,hard_decel,215.28,1.5,11
1006,1153682,0.4597,0.0523,0.734,0.2275,-2.2225,0.2537,1000.634,hard_decel,215.34,1.56,11
1007,1153742,0.5738,-0.0483,1.1707,-1.3038,2.7825,1.1287,1000.6697,hard_decel,215.4,1.62,11
1008,1153802,0.5175,-0.0265,1.0411,1.9512,1.2862,0.595,1000.675,hard_decel,215.46,1.68,11
1009,1153862,0.5178,0.1061,0.8783,-0.3237,-1.9512,-0.0962,1000.6953,hard_decel,215.52,1.74,11
1010,1153922,0.4128,0.1813,0.6927,-3.2113,-2.7825,-0.2275,1000.7029,hard_decel,215.58,1.8,11
1011,1153982,0.4626,-0.194,1.089,-3.4125,1.3125,0.6125,1000.7075,hard_decel,215.64,1.86,11
1012,1154042,0.4565,-0.2108,1.0121,1.2687,-1.96,1.995,1000.7852,hard_decel,215.7,1.92,11
1013,1154102,0.5668,0.0242,1.1466,2.1788,3.0363,0.6913,1000.7744,hard_decel,215.76,1.98,11
1014,1154162,0.4519,0.2113,0.8129,4.0687,-2.0738,-0.5163,1000.801,hard_decel,215.82,2.04,11
1015,1154222,0.5851,-0.0039,1.087,0.7175,-2.0213,0.35,1000.803,hard_decel,215.88,2.1,11
1016,1154282,0.5178,-0.2274,0.9716,-0.4375,2.8875,0.63,1000.8359,hard_decel,215.94,2.16,11
1017,1154342,0.509,0.0671,1.0214,-1.9425,2.135,0.7088,1000.8625,hard_decel,216.0,2.22,11
1018,1154402,0.4369,0.0205,0.9146,-3.1325,3.255,-0.0962,1000.8865,hard_decel,216.06,2.28,11
1019,1154462,0.5016,0.0883,1.0184,2.4675,-1.8813,-0.1488,1000.9331,hard_decel,216.12,2.34,11
1020,1154522,0.439,0.0334,0.8547,-3.1325,-1.6363,0.2713,1000.9355,hard_decel,216.18,2.4,11
1021,1154582,0.4509,-0.0271,0.912,0.595,-0.595,0.4812,1000.9712,hard_decel,216.24,2.46,11
1022,1154642,0.5388,0.0893,1.057,-0.5425,-2.4675,-0.1488,1000.9985,hard_decel,216.3,2.52,11
1023,1154702,0.4448,0.0698,1.1512,2.0387,4.6813,0.3325,1001.009,hard_decel,216.36,2.58,11
1024,1154762,0.4418,0.0339,1.0309,1.2162,0.875,0.2362,1001.0586,hard_decel,216.42,2.64,11
1025,1154822,0.4818,0.0198,1.0844,-0.91,2.45,0.2275,1001.082,hard_decel,216.48,2.7,11
1026,1154882,0.3816,-0.08,1.0451,0.5425,3.64,0.2362,1001.0684,hard_decel,216.54,2.76,11
1027,1154942,0.4223,0.0966,1.087,-2.3537,1.1375,-0.5337,1001.0774,hard_decel,216.6,2.82,11
1028,1155002,0.436,0.0098,0.9541,1.33,3.1588,0.56,1001.1155,hard_decel,216.66,2.88,11
1029,1155062,0.3619,0.001,0.9641,-0.2713,0.7875,-0.42,1001.1309,hard_decel,216.72,2.94,11
1030,1155122,0.5439,0.0541,1.0798,1.8463,0.0875,0.8662,1001.1489,hard_decel,216.78,3.0,11
1031,1155182,0.4056,0.0408,1.076,-0.7175,3.5875,0.7262,1001.1672,hard_decel,216.84,3.06,11
1032,1155242,0.4882,0.0293,1.0746,3.0275,-2.5287,0.245,1001.1721,hard_decel,216.9,3.12,11
1033,1155302,0.419,-0.012,0.8181,-2.345,0.7962,0.4112,1001.187,hard_decel,216.96,3.18,11
1034,1155362,0.4067,0.0554,0.8974,1.225,-1.295,0.4375,1001.1912,hard_decel,217.02,3.24,11
1035,1155422,0.4475,0.0542,1.0665,1.82,2.4762,0.1925,1001.2056,hard_decel,217.08,3.3,11
1036,1155482,0.3511,0.002,0.9418,-0.77,1.1812,-0.175,1001.2341,hard_decel,217.14,3.36,11
1037,1155542,0.449,0.093,1.0641,1.75,0.805,0.4988,1001.2397,hard_decel,217.2,3.42,11
1038,1155602,0.42,0.05,0.9984,-0.9975,1.645,0.1575,1001.2559,hard_decel,217.26,3.48,11
1039,1155662,0.3707,0.0142,1.0385,0.3675,1.2425,-0.28,1001.2532,hard_decel,217.32,3.54,11
1040,1155722,0.3523,-0.0484,0.8852,-1.7062,-2.695,0.0875,1001.2971,hard_decel,217.38,3.6,11
1041,1155782,0.3367,-0.0367,0.9193,0.4638,-0.6562,0.1225,1001.2854,hard_decel,217.44,3.66,11
1042,1155842,0.3644,-0.0295,0.9684,1.855,-1.9688,-0.4112,1001.2993,hard_decel,217.5,3.72,11
1043,1155902,0.2825,0.0125,0.8179,-0.245,-0.2713,-0.3063,1001.3074,hard_decel,217.56,3.78,11
1044,1155962,0.4022,-0.032,1.0912,-1.3825,-0.7262,-0.105,1001.3196,hard_decel,217.62,3.84,11
1045,1156022,0.3396,-0.0068,0.9992,-0.1225,0.63,0.3762,1001.3132,hard_decel,217.68,3.9,11
1046,1156082,0.3577,0.1033,0.8947,-0.4988,1.12,0.3063,1001.3237,hard_decel,217.74,3.96,11
1047,1156142,0.2452,0.0636,0.9207,-1.1988,1.4612,0.0437,1001.3362,hard_decel,217.8,4.02,11
1048,1156202,0.346,0.062,0.996,-0.8838,0.3063,0.2887,1001.3455,hard_decel,217.86,4.08,11
1049,1156262,0.3467,0.0685,1.1478,2.3012,2.87,0.5337,1001.3376,hard_decel,217.92,4.14,11
1050,1156322,0.336,0.0308,1.0003,0.63,0.9538,0.2275,1001.3452,hard_decel,217.98,4.2,11
1051,1156382,0.2757,-0.0243,0.9384,-1.2337,0.07,-0.2537,1001.3716,hard_decel,218.04,4.26,11
1052,1156442,0.3029,0.0393,1.0421,1.6187,1.4875,0.0262,1001.3618,hard_decel,218.1,4.32,11
1053,1156502,0.2364,0.0675,1.0365,3.885,-0.0787,-0.0613,1001.3599,hard_decel,218.16,4.38,11
1054,1156562,0.1095,-0.033,0.9181,0.595,-0.3762,-0.1488,1001.363,hard_decel,218.22,4.44,11
1055,1156622,0.1419,0.0022,1.0077,2.2662,2.7213,0.3762,1001.3665,hard_decel,218.28,4.5,11
1056,1156682,0.0849,0.0561,1.023,0.98,3.0538,-0.0875,1001.3726,hard_decel,218.34,4.56,11
1057,1156742,0.0632,0.032,0.9981,-0.105,2.8788,-0.1312,1001.3799,hard_decel,218.4,4.62,11
1058,1156802,0.0736,0.0002,0.9553,0.42,0.8313,0.0875,1001.376,hard_decel,218.46,4.68,11
1059,1156862,0.0484,0.0344,0.973,-0.0175,1.0588,-0.42,1001.3818,hard_decel,218.52,4.74,11
1060,1156922,0.0852,-0.0092,1.0136,-0.4988,-1.2862,-0.1138,1001.3811,hard_decel,218.58,4.8,11
1061,1156982,0.0685,-0.0193,1.003,0.945,1.5312,-0.1488,1001.3801,hard_decel,218.64,4.86,11
1062,1157042,0.0809,0.0534,0.9614,2.6425,-0.2188,-0.1138,1001.3875,hard_decel,218.7,4.92,11
1063,1157102,0.0693,0.0647,1.0253,0.28,-0.49,0.3587,1001.3892,hard_decel,218.76,4.98,11
1064,1157162,0.0492,-0.0237,0.9151,0.105,-1.7237,0.2013,1001.3838,hard_decel,218.82,5.04,11
1065,1157222,0.1279,0.1116,1.1078,1.7325,1.1025,0.0437,1001.3843,hard_decel,218.88,5.1,11
1066,1157282,0.0139,-0.019,0.934,0.8662,0.07,0.175,1001.3872,hard_decel,218.94,5.16,11
1067,1157342,0.0551,0.0084,1.0162,-1.1025,0.3063,0.4725,1001.3892,hard_decel,219.0,5.22,11
1068,1164182,0.048,0.1077,0.7236,0.2362,1.6712,0.0175,1000.2153,hard_decel,225.84,0.0,12
1069,1164242,-0.0996,-0.009,0.8723,2.0125,-3.9813,0.8138,1000.2261,hard_decel,225.9,0.06,12
1070,1164302,0.0415,0.0669,0.7547,-0.0787,-1.4088,0.5863,1000.2705,hard_decel,225.96,0.12,12
1071,1164362,0.3084,0.2636,1.1636,-3.0187,-3.5612,-0.2537,1000.2339,hard_decel,226.02,0.18,12
1072,1164422,0.1842,-0.1455,1.1297,0.7175,-10.08,-1.085,1000.2236,hard_decel,226.08,0.24,12
1073,1164482,0.1276,-0.0588,1.086,2.6862,-8.6362,1.4875,1000.2214,hard_decel,226.14,0.3,12
1074,1164542,0.204,-0.0739,0.6478,1.1988,-5.2675,0.8487,1000.2334,hard_decel,226.2,0.36,12
1075,1164602,0.0752,0.0947,0.6066,7.875,-3.0625,-0.49,1000.2278,hard_decel,226.26,0.42,12
1076,1164662,0.3909,0.0807,1.26,1.05,0.2275,0.1488,1000.2705,hard_decel,226.32,0.48,12
1077,1164722,0.4138,-0.0346,1.1863,-3.71,8.68,1.4088,1000.3179,hard_decel,226.38,0.54,12
1078,1164782,0.258,0.1133,0.9675,-0.0525,-8.855,1.3212,1000.3616,hard_decel,226.44,0.6,12
1079,1164842,0.2462,-0.0159,0.8644,0.5512,-2.8438,0.6212,1000.3884,hard_decel,226.5,0.66,12
1080,1164902,0.4724,-0.0691,0.8941,-1.8725,-10.92,1.9775,1000.3652,hard_decel,226.56,0.72,12
1081,1164962,0.4632,-0.0886,0.7654,2.73,-5.3113,4.2087,1000.4155,hard_decel,226.62,0.78,12
1082,1165022,0.4367,-0.0052,0.9819,-0.2625,-3.5875,0.6913,1000.4104,hard_decel,226.68,0.84,12
1083,1165082,0.5133,0.0878,1.188,-0.4112,13.5275,-0.7088,1000.4924,hard_decel,226.74,0.9,12
1084,1165142,0.4338,-0.1564,1.0491,1.0588,4.2438,1.0412,1000.4839,hard_decel,226.8,0.96,12
1085,1165202,0.5297,-0.0553,1.2692,0.9887,7.245,0.9625,1000.5269,hard_decel,226.86,1.02,12
1086,1165262,0.5238,0.1268,1.2723,-1.3212,6.2125,0.4288,1000.5454,hard_decel,226.92,1.08,12
1087,1165322,0.498,0.0249,1.13,-2.5287,-2.03,0.21,1000.5676,hard_decel,226.98,1.14,12
1088,1165382,0.5105,0.0719,1.0909,1.5838,-3.3512,0.5425,1000.562,hard_decel,227.04,1.2,12
1089,1165442,0.5563,-0.0834,0.9892,5.075,-1.015,2.31,1000.5891,hard_decel,227.1,1.26,12
1090,1165502,0.4402,0.1376,0.8276,2.0825,0.6388,-0.5863,1000.6074,hard_decel,227.16,1.32,12
1091,1165562,0.4738,-0.0803,1.207,0.2362,2.5025,0.7437,1000.6157,hard_decel,227.22,1.38,12
1092,1165622,0.3548,0.05,0.9673,2.2838,5.5825,0.0088,1000.6836,hard_decel,227.28,1.44,12
1093,1165682,0.3026,-0.0305,0.9453,-1.8637,2.7912,-0.14,1000.7112,hard_decel,227.34,1.5,12
1094,1165742,0.4082,0.0107,0.9035,1.7587,2.2662,1.7763,1000.7083,hard_decel,227.4,1.56,12
1095,1165802,0.3942,-0.1297,0.9658,1.4175,-2.835,0.4025,1000.7461,hard_decel,227.46,1.62,12
1096,1165862,0.4595,0.2174,1.106,0.4988,-0.5425,-0.0262,1000.7444,hard_decel,227.52,1.68,12
1097,1165922,0.4588,-0.0243,1.0407,0.0262,-2.8087,1.68,1000.761,hard_decel,227.58,1.74,12
1098,1165982,0.3665,-0.195,0.8837,-2.59,3.43,0.9887,1000.8083,hard_decel,227.64,1.8,12
1099,1166042,0.4997,0.0883,0.8045,-4.3925,-3.6925,-0.1575,1000.8281,hard_decel,227.7,1.86,12
1100,1166102,0.5136,0.1159,1.0275,-0.8575,2.8963,1.225,1000.8269,hard_decel,227.76,1.92,12
1101,1166162,0.5316,0.0972,1.0515,5.5388,3.115,-0.0962,1000.8735,hard_decel,227.82,1.98,12
1102,1166222,0.5522,0.1261,0.9833,-3.885,1.6013,-0.665,1000.8962,hard_decel,227.88,2.04,12
1103,1166282,0.5388,0.0305,1.1036,0.0875,4.165,-0.8225,1000.8916,hard_decel,227.94,2.1,12
1104,1166342,0.5504,-0.01,1.0308,-0.8313,-1.6013,-0.1488,1000.9272,hard_decel,228.0,2.16,12
1105,1166402,0.5129,-0.0998,0.9959,4.6375,-4.9875,0.2013,1000.9697,hard_decel,228.06,2.22,12
1106,1166462,0.4107,0.1581,1.0468,2.66,1.1725,1.2337,1000.9595,hard_decel,228.12,2.28,12
1107,1166522,0.2883,-0.024,0.7723,-3.3075,1.0063,-0.6212,1000.9702,hard_decel,228.18,2.34,12
1108,1166582,0.4246,0.0712,0.9091,-1.6013,-0.0962,0.315,1001.0039,hard_decel,228.24,2.4,12
1109,1166642,0.4195,-0.1587,0.9116,-3.01,-0.1138,0.28,1001.0127,hard_decel,228.3,2.46,12
1110,1166702,0.4465,0.1041,0.8884,3.325,-1.645,-0.1838,1001.0278,hard_decel,228.36,2.52,12
1111,1166762,0.2835,-0.1496,0.759,-1.505,-0.1925,0.4725,1001.0632,hard_decel,228.42,2.58,12
1112,1166822,0.4229,-0.0031,0.8733,1.9162,5.2675,-0.84,1001.0596,hard_decel,228.48,2.64,12
1113,1166882,0.3562,-0.0689,0.843,-1.8463,-1.9688,1.1812,1001.0896,hard_decel,228.54,2.7,12
1114,1166942,0.3287,0.0878,0.8461,-3.8325,3.7975,2.03,1001.082,hard_decel,228.6,2.76,12
1115,1167002,0.5351,0.067,1.0451,-2.7125,-1.6888,-1.3212,1001.1235,hard_decel,228.66,2.82,12
1116,1167062,0.523,0.0464,1.0606,4.1825,-1.5575,0.0262,1001.1174,hard_decel,228.72,2.88,12
1117,1167122,0.3404,-0.1674,0.8054,0.105,3.1937,0.8313,1001.1257,hard_decel,228.78,2.94,12
1118,1167182,0.438,-0.1559,0.8882,4.655,4.9088,-0.4462,1001.1572,hard_decel,228.84,3.0,12
1119,1167242,0.4668,0.0602,0.9053,-0.0088,2.2662,-0.4462,1001.1665,hard_decel,228.9,3.06,12
1120,1167302,0.4034,0.0217,0.8227,-0.6212,0.2275,1.3388,1001.1931,hard_decel,228.96,3.12,12
1121,1167362,0.2442,-0.0323,0.6796,3.5,-1.6712,0.7875,1001.2036,hard_decel,229.02,3.18,12
1122,1167422,0.376,-0.07,0.9379,-0.2713,-0.7262,-0.6037,1001.2163,hard_decel,229.08,3.24,12
1123,1167482,0.3258,-0.0254,0.825,1.0063,-1.4,-0.07,1001.219,hard_decel,229.14,3.3,12
1124,1167542,0.4111,-0.0974,1.0606,0.5863,-1.0325,0.2188,1001.2334,hard_decel,229.2,3.36,12
1125,1167602,0.3487,0.0293,0.9101,-0.1925,1.6363,0.385,1001.2354,hard_decel,229.26,3.42,12
1126,1167662,0.3949,-0.0274,1.0038,1.7062,-1.1812,0.2275,1001.2539,hard_decel,229.32,3.48,12
1127,1167722,0.3985,-0.0817,1.0482,-3.605,-2.0475,0.2013,1001.2463,hard_decel,229.38,3.54,12
1128,1167782,0.3814,-0.0015,1.0374,-0.4112,-0.8662,0.5075,1001.2576,hard_decel,229.44,3.6,12
1129,1167842,0.3179,0.0752,0.9679,1.0063,-0.0962,0.6913,1001.2734,hard_decel,229.5,3.66,12
1130,1167902,0.3052,-0.0488,0.9379,-0.035,0.5863,0.385,1001.2595,hard_decel,229.56,3.72,12
1131,1167962,0.2569,-0.0185,0.8325,0.2537,-2.0475,0.1225,1001.2771,hard_decel,229.62,3.78,12
1132,1168022,0.3614,-0.0196,0.9821,0.4812,0.3762,-0.2188,1001.2795,hard_decel,229.68,3.84,12
1133,1168082,0.3423,-0.0234,0.9394,1.9512,1.785,-0.21,1001.2939,hard_decel,229.74,3.9,12
1134,1168142,0.3555,0.1654,1.1032,0.35,1.0762,0.7262,1001.3015,hard_decel,229.8,3.96,12
1135,1168202,0.3819,0.0998,1.1805,-2.1088,-2.7387,0.945,1001.3169,hard_decel,229.86,4.02,12
1136,1168262,0.3165,0.0448,1.0094,-1.05,1.05,0.8838,1001.322,hard_decel,229.92,4.08,12
1137,1168322,0.3607,-0.045,0.9731,-0.8838,-2.7475,-0.035,1001.3132,hard_decel,229.98,4.14,12
1138,1168382,0.2938,0.004,0.9697,0.2537,1.2513,0.6125,1001.3418,hard_decel,230.04,4.2,12
1139,1168442,0.2216,-0.0193,0.8833,0.4112,0.0088,0.5775,1001.3337,hard_decel,230.1,4.26,12
1140,1168502,0.2607,-0.0162,0.8509,-1.715,0.8838,0.1838,1001.3372,hard_decel,230.16,4.32,12
1141,1168562,0.1786,-0.0178,0.9175,-0.1138,1.1287,0.3762,1001.342,hard_decel,230.22,4.38,12
1142,1168622,0.0969,-0.0237,0.8957,-0.5163,1.295,0.2537,1001.3552,hard_decel,230.28,4.44,12
1143,1168682,0.0623,-0.0173,0.9072,1.7587,2.1875,0.5337,1001.355,hard_decel,230.34,4.5,12
1144,1168742,0.08,-0.009,0.9867,1.6275,1.2162,0.1838,1001.364,hard_decel,230.4,4.56,12
1145,1168802,0.0812,-0.0298,1.0077,0.3675,1.9075,0.3675,1001.3643,hard_decel,230.46,4.62,12
1146,1168862,0.0922,0.0312,0.9658,-1.715,3.22,0.7788,1001.3674,hard_decel,230.52,4.68,12
1147,1168922,0.0439,0.0593,1.0023,-0.735,0.6388,0.49,1001.3569,hard_decel,230.58,4.74,12
1148,1168982,0.1164,0.0318,1.0345,0.28,-0.3413,0.2887,1001.3633,hard_decel,230.64,4.8,12
1149,1169042,0.0623,0.0434,0.9994,0.1925,-0.1663,0.0875,1001.3643,hard_decel,230.7,4.86,12
1150,1169102,0.0609,0.0334,1.015,-0.9538,0.9625,0.1312,1001.3672,hard_decel,230.76,4.92,12
1151,1169162,0.0533,-0.0749,0.9496,-0.315,-1.2337,0.0787,1001.3721,hard_decel,230.82,4.98,12
1152,1174982,0.1383,0.1144,1.1019,2.555,-1.3388,0.2013,1000.2959,hard_decel,236.64,0.0,13
1153,1175042,0.1374,0.1212,1.2592,-0.1138,-1.1463,0.2362,1000.2424,hard_decel,236.7,0.06,13
1154,1175102,0.0378,-0.1044,0.7776,-0.6562,-0.6825,0.6475,1000.2549,hard_decel,236.76,0.12,13
1155,1175162,0.0916,-0.0007,0.9162,-0.49,2.8963,-0.4375,1000.2788,hard_decel,236.82,0.18,13
1156,1175222,0.0195,-0.1012,0.9452,-1.7587,1.225,0.8575,1000.2666,hard_decel,236.88,0.24,13
1157,1175282,0.0554,0.041,1.2112,4.8738,-3.99,1.2162,1000.2456,hard_decel,236.94,0.3,13
1158,1175342,0.2086,0.1598,1.2798,0.4025,2.6775,0.3325,1000.2656,hard_decel,237.0,0.36,13
1159,1175402,0.1264,-0.0557,1.1949,0.6562,1.96,0.665,1000.2759,hard_decel,237.06,0.42,13
1160,1175462,-0.0218,0.0148,0.9033,3.15,0.175,-0.0525,1000.2566,hard_decel,237.12,0.48,13
1161,1175522,0.0573,-0.059,0.8245,1.7587,-4.7688,0.9013,1000.2737,hard_decel,237.18,0.54,13
1162,1175582,0.0897,0.0198,1.0622,1.0588,-0.14,0.1312,1000.3115,hard_decel,237.24,0.6,13
1163,1175642,0.0751,-0.1793,0.8135,-1.6537,-2.4237,-0.0787,1000.3276,hard_decel,237.3,0.66,13
1164,1175702,0.2151,0.0132,1.4376,-4.55,7.5862,0.2887,1000.3054,hard_decel,237.36,0.72,13
1165,1175762,-0.0127,0.0149,0.9567,3.605,-0.2013,0.0787,1000.2856,hard_decel,237.42,0.78,13
1166,1175822,0.295,-0.0512,0.9877,-1.0237,-3.7362,0.07,1000.3159,hard_decel,237.48,0.84,13
1167,1175882,0.4385,0.1061,1.3429,5.1537,-1.6363,0.6388,1000.3213,hard_decel,237.54,0.9,13
1168,1175942,0.4768,0.121,1.0529,-0.5075,1.05,-0.91,1000.3159,hard_decel,237.6,0.96,13
1169,1176002,0.4621,-0.1554,1.0157,-1.1988,-1.2775,1.3125,1000.364,hard_decel,237.66,1.02,13
1170,1176062,0.3891,0.0336,0.8848,0.84,-0.2537,-0.49,1000.3762,hard_decel,237.72,1.08,13
1171,1176122,0.3221,0.0788,1.2232,-0.8487,6.4662,-0.6475,1000.4294,hard_decel,237.78,1.14,13
1172,1176182,0.2289,-0.0893,0.8698,-1.6537,-1.4088,-0.14,1000.4209,hard_decel,237.84,1.2,13
1173,1176242,0.4046,-0.2188,0.9872,-3.0887,-2.7738,0.84,1000.4426,hard_decel,237.9,1.26,13
1174,1176302,0.3308,-0.0988,0.8459,-1.2513,1.26,-0.0525,1000.4661,hard_decel,237.96,1.32,13
1175,1176362,0.479,-0.0027,1.066,0.3325,2.4762,0.0088,1000.4912,hard_decel,238.02,1.38,13
1176,1176422,0.3726,-0.0107,1.0019,-3.8063,-1.5575,0.175,1000.5156,hard_decel,238.08,1.44,13
1177,1176482,0.468,0.0405,1.0241,3.57,-5.3375,-0.0437,1000.5527,hard_decel,238.14,1.5,13
1178,1176542,0.4449,-0.0282,1.1381,-2.5287,2.5463,0.3675,1000.5674,hard_decel,238.2,1.56,13
1179,1176602,0.3675,-0.0234,0.9636,4.5938,1.7062,-0.4025,1000.605,hard_decel,238.26,1.62,13
1180,1176662,0.4414,0.0778,1.0416,-1.0063,1.5925,0.91,1000.6086,hard_decel,238.32,1.68,13
1181,1176722,0.4731,-0.0605,1.0416,1.365,1.9863,0.9013,1000.6458,hard_decel,238.38,1.74,13
1182,1176782,0.5354,0.019,1.1133,2.8612,-3.36,1.3475,1000.6545,hard_decel,238.44,1.8,13
1183,1176842,0.6127,-0.0274,1.2116,-0.5775,3.3863,3.5525,1000.6819,hard_decel,238.5,1.86,13
1184,1176902,0.4657,0.0511,1.0353,-1.2162,5.95,0.7962,1000.71,hard_decel,238.56,1.92,13
1185,1176962,0.5045,-0.031,0.6998,-0.2713,2.835,1.0675,1000.75,hard_decel,238.62,1.98,13
1186,1177022,0.3789,-0.0561,0.8621,-6.265,2.7037,1.47,1000.7439,hard_decel,238.68,2.04,13
1187,1177082,0.4372,-0.1276,0.9759,2.7825,-0.9538,2.5725,1000.7798,hard_decel,238.74,2.1,13
1188,1177142,0.4344,-0.1796,0.7717,4.9963,-3.6312,1.6888,1000.7944,hard_decel,238.8,2.16,13
1189,1177202,0.4445,-0.1102,0.9417,5.2937,-4.1825,-0.035,1000.8369,hard_decel,238.86,2.22,13
1190,1177262,0.4531,-0.1186,0.883,1.085,-3.71,-0.1138,1000.8521,hard_decel,238.92,2.28,13
1191,1177322,0.4782,-0.0157,0.9826,2.24,-2.6163,0.2362,1000.853,hard_decel,238.98,2.34,13
1192,1177382,0.6157,-0.1202,1.0029,3.9113,-3.3338,2.1875,1000.9009,hard_decel,239.04,2.4,13
1193,1177442,0.5163,-0.121,0.8889,5.25,-6.3787,1.89,1000.906,hard_decel,239.1,2.46,13
1194,1177502,0.5161,0.0041,0.8244,-0.5688,1.2862,1.0237,1000.9434,hard_decel,239.16,2.52,13
1195,1177562,0.5253,-0.1563,0.9966,-1.6537,-1.47,3.4562,1000.9619,hard_decel,239.22,2.58,13
1196,1177622,0.5167,-0.1356,1.0493,2.8175,4.6375,0.0525,1000.9824,hard_decel,239.28,2.64,13
1197,1177682,0.4771,-0.0163,0.9005,9.31,5.6262,-0.2275,1000.9895,hard_decel,239.34,2.7,13
1198,1177742,0.4643,0.1276,1.026,1.82,5.74,0.2013,1001.0103,hard_decel,239.4,2.76,13
1199,1177802,0.4443,-0.0549,1.0634,-4.305,5.1188,0.9538,1001.0308,hard_decel,239.46,2.82,13
1200,1177862,0.4607,-0.0983,1.0251,3.7275,0.9712,0.9975,1001.0391,hard_decel,239.52,2.88,13
1201,1177922,0.4616,0.0207,0.9245,-2.625,-1.6712,0.2537,1001.0549,hard_decel,239.58,2.94,13
1202,1177982,0.515,-0.0074,1.0767,0.1575,-2.1,-0.4375,1001.0715,hard_decel,239.64,3.0,13
1203,1178042,0.5097,-0.1169,1.0756,2.8175,-4.2962,1.4438,1001.0952,hard_decel,239.7,3.06,13
1204,1178102,0.4314,-0.0695,0.7364,0.8925,-3.1675,0.6475,1001.1025,hard_decel,239.76,3.12,13
1205,1178162,0.3268,-0.0207,0.7496,-4.6638,-2.975,0.525,1001.1714,hard_decel,239.82,3.18,13
1206,1178222,0.692,0.0539,1.3456,1.5488,1.2425,1.505,1001.1345,hard_decel,239.88,3.24,13
1207,1178282,0.2951,0.0276,0.8547,-6.4575,6.7725,0.1225,1001.1284,hard_decel,239.94,3.3,13
1208,1178342,0.4272,-0.203,0.7942,-5.145,2.2225,-0.3325,1001.1748,hard_decel,240.0,3.36,13
1209,1178402,0.4014,-0.1589,1.0293,-2.275,2.8175,-0.8925,1001.1799,hard_decel,240.06,3.42,13
1210,1178462,0.4343,-0.0967,1.1245,0.9975,2.1088,0.6388,1001.1965,hard_decel,240.12,3.48,13
1211,1178522,0.3977,0.043,1.1712,0.8925,2.2225,0.8662,1001.2026,hard_decel,240.18,3.54,13
1212,1178582,0.4025,-0.1472,0.8223,0.105,-2.4062,0.6388,1001.2234,hard_decel,240.24,3.6,13
1213,1178642,0.3308,0.0259,0.9076,0.7613,3.3425,0.5425,1001.23,hard_decel,240.3,3.66,13
1214,1178702,0.4578,-0.0325,1.0571,-1.19,0.0088,0.455,1001.2317,hard_decel,240.36,3.72,13
1215,1178762,0.4377,-0.0203,1.0312,0.5425,-3.4562,0.6388,1001.2566,hard_decel,240.42,3.78,13
1216,1178822,0.4438,0.0781,1.1344,1.8288,-1.0938,-0.3587,1001.2607,hard_decel,240.48,3.84,13
1217,1178882,0.3365,-0.0056,0.9737,1.6712,-2.065,0.0525,1001.2612,hard_decel,240.54,3.9,13
1218,1178942,0.3231,-0.1357,0.8308,0.7262,-1.9075,-0.1663,1001.2771,hard_decel,240.6,3.96,13
1219,1179002,0.334,-0.0321,0.916,2.5812,-0.9275,0.3413,1001.2788,hard_decel,240.66,4.02,13
1220,1179062,0.317,-0.0851,0.9165,-1.785,-1.7413,-0.0787,1001.2837,hard_decel,240.72,4.08,13
1221,1179122,0.3489,-0.01,0.9913,-0.3063,2.0563,-0.14,1001.2952,hard_decel,240.78,4.14,13
1222,1179182,0.3655,-0.012,1.1472,1.1025,4.235,0.4462,1001.2979,hard_decel,240.84,4.2,13
1223,1179242,0.23,0.0097,0.9155,0.6125,2.905,-0.07,1001.3044,hard_decel,240.9,4.26,13
1224,1179302,0.2439,-0.1654,0.978,-0.595,1.015,-0.28,1001.3125,hard_decel,240.96,4.32,13
1225,1179362,0.2216,0.0016,0.9162,1.2075,2.065,0.4988,1001.3188,hard_decel,241.02,4.38,13
1226,1179422,0.1894,-0.1145,0.8725,-3.7013,-0.2362,0.7262,1001.3203,hard_decel,241.08,4.44,13
1227,1179482,0.265,-0.0574,1.0036,-3.7013,0.9712,0.1925,1001.3298,hard_decel,241.14,4.5,13
1228,1179542,0.2713,-0.0093,1.1794,1.4262,1.7413,-0.0088,1001.3477,hard_decel,241.2,4.56,13
1229,1179602,0.2438,-0.0644,0.9841,-1.085,0.0088,0.4375,1001.3467,hard_decel,241.26,4.62,13
1230,1179662,0.1847,-0.0388,0.9457,3.4037,-0.3413,0.035,1001.3594,hard_decel,241.32,4.68,13
1231,1179722,0.2938,0.0417,1.0633,-0.7525,1.3737,-0.0875,1001.3613,hard_decel,241.38,4.74,13
1232,1179782,0.2081,0.0146,0.9724,-0.7613,3.115,0.0175,1001.3633,hard_decel,241.44,4.8,13
1233,1179842,0.2494,0.0446,0.968,1.7413,-2.205,0.2975,1001.3569,hard_decel,241.5,4.86,13
1234,1179902,0.2353,-0.0463,1.0153,2.1437,0.91,-0.3675,1001.3501,hard_decel,241.56,4.92,13
1235,1179962,0.1723,0.029,0.9911,-2.7037,0.1663,0.245,1001.3567,hard_decel,241.62,4.98,13
1236,1180022,0.2187,-0.0179,1.0041,-3.115,0.9275,0.28,1001.3574,hard_decel,241.68,5.04,13
1237,1180082,0.1822,-0.0251,0.9755,-0.7088,2.0125,0.0088,1001.3623,hard_decel,241.74,5.1,13
1238,1180142,0.1937,0.0188,0.9863,-1.2513,1.6625,-0.6037,1001.3647,hard_decel,241.8,5.16,13
1239,1180202,0.2115,-0.065,1.037,-0.3587,1.2337,-0.7,1001.3616,hard_decel,241.86,5.22,13
1240,1180262,0.2212,0.0129,1.0121,0.4638,0.0088,-0.6475,1001.3716,hard_decel,241.92,5.28,13
1241,1180322,0.1545,-0.0315,0.8881,-1.6712,-1.1638,-0.63,1001.3628,hard_decel,241.98,5.34,13
1242,1180382,0.1587,-0.0373,0.9593,-0.2713,2.0387,-1.1812,1001.3679,hard_decel,242.04,5.4,13
1243,1180442,0.1999,0.0279,1.0385,0.7175,1.4088,-1.5312,1001.3745,hard_decel,242.1,5.46,13
1244,1180502,0.1718,-0.0305,0.9926,-0.3762,1.4175,-1.435,1001.3713,hard_decel,242.16,5.52,13
1245,1180562,0.1261,-0.0332,0.9418,-0.315,0.315,-1.5925,1001.375,hard_decel,242.22,5.58,13
1246,1180622,0.1315,-0.0115,0.9752,0.42,1.0762,-1.6625,1001.3818,hard_decel,242.28,5.64,13
1247,1180682,0.1061,0.0212,1.0951,2.7475,2.3712,-1.8463,1001.3889,hard_decel,242.34,5.7,13
1248,1180742,0.0441,0.0005,0.9231,1.4963,-0.4112,-1.82,1001.3884,hard_decel,242.4,5.76,13
1249,1180802,0.047,0.011,0.9762,0.1925,1.6275,-2.625,1001.3911,hard_decel,242.46,5.82,13
1250,1180862,0.0364,0.05,0.9638,0.8925,0.945,-3.115,1001.3862,hard_decel,242.52,5.88,13
1251,1180922,0.1034,0.0027,1.0631,1.2337,-0.0262,-2.9575,1001.3945,hard_decel,242.58,5.94,13
1252,1180982,0.0916,0.0314,1.015,0.175,0.07,-3.6312,1001.3906,hard_decel,242.64,6.0,13
1253,1181042,0.0728,0.0457,1.0114,0.6913,-0.35,-4.1475,1001.3899,hard_decel,242.7,6.06,13
1254,1181102,0.0753,0.0615,1.0038,1.1113,-0.3325,-4.5237,1001.3972,hard_decel,242.76,6.12,13
1255,1181162,0.062,0.0397,1.0,-0.0175,-0.5337,-5.0575,1001.3977,hard_decel,242.82,6.18,13
1256,1181222,0.0773,-0.0076,1.0092,2.03,-0.6562,-5.5388,1001.3953,hard_decel,242.88,6.24,13
1257,1181282,0.082,0.0622,1.0634,0.175,0.1488,-5.495,1001.3948,hard_decel,242.94,6.3,13
1258,1181342,0.0265,-0.0175,0.9245,0.3675,-0.49,-5.775,1001.3926,hard_decel,243.0,6.36,13
1259,1181402,0.0851,0.0386,1.0168,1.4438,0.8138,-6.1075,1001.3909,hard_decel,243.06,6.42,13
1260,1181462,0.0476,0.0761,1.0453,-1.015,1.9075,-6.1775,1001.3926,hard_decel,243.12,6.48,13
1261,1181522,0.0367,0.0371,0.9689,1.0675,0.385,-7.0613,1001.3923,hard_decel,243.18,6.54,13
1262,1181582,0.1059,0.1088,1.0839,0.63,1.3563,-7.0788,1001.4016,hard_decel,243.24,6.6,13
1263,1181642,0.0207,0.0469,0.9033,-0.42,0.0437,-8.1725,1001.3936,hard_decel,243.3,6.66,13
1264,1181702,0.0853,0.0766,1.0487,0.5688,-0.8313,-8.5837,1001.3965,hard_decel,243.36,6.72,13
1265,1181762,0.0708,0.0607,0.9748,0.2713,-1.2425,-8.645,1001.3958,hard_decel,243.42,6.78,13
1266,1181822,0.0651,0.0773,0.9691,-0.1488,-0.8487,-8.5575,1001.3945,hard_decel,243.48,6.84,13
1267,1181882,0.1066,0.065,1.0482,-1.12,0.6037,-9.3975,1001.3992,hard_decel,243.54,6.9,13
1268,1181942,0.0719,0.0153,0.9692,0.9538,0.8487,-10.1938,1001.395,hard_decel,243.6,6.96,13
1269,1182002,0.0973,0.0842,0.9773,1.5137,0.6475,-10.5087,1001.395,hard_decel,243.66,7.02,13
1270,1182062,0.0642,-0.0002,1.0511,0.175,2.1263,-10.5875,1001.4031,hard_decel,243.72,7.08,13
1271,1182122,0.058,0.041,1.007,1.5925,-0.21,-10.605,1001.3953,hard_decel,243.78,7.14,13
1272,1182182,0.0779,0.094,0.9836,-0.4812,-0.3938,-10.4825,1001.3999,hard_decel,243.84,7.2,13
1273,1182242,0.0744,0.0651,1.0183,-0.455,0.6212,-10.8763,1001.3982,hard_decel,243.9,7.26,13
1274,1182302,0.032,0.0171,0.984,0.07,0.0875,-11.06,1001.4065,hard_decel,243.96,7.32,13
1275,1182362,0.0679,0.0159,1.0111,-1.4,-0.4112,-11.4975,1001.3992,hard_decel,244.02,7.38,13
1276,1182422,0.0788,0.0722,1.0241,1.2162,0.2887,-11.2437,1001.3992,hard_decel,244.08,7.44,13
1277,1182482,0.0888,0.0576,1.0063,-0.0875,0.9362,-11.2525,1001.3977,hard_decel,244.14,7.5,13
1278,1182542,0.1195,0.0356,1.0309,-1.54,1.1375,-10.6313,1001.4014,hard_decel,244.2,7.56,13
1279,1182602,0.0951,0.0459,0.9865,-1.2513,0.6913,-10.815,1001.408,hard_decel,244.26,7.62,13
1280,1182662,0.0744,0.0945,1.0129,0.49,-0.4112,-11.0775,1001.3997,hard_decel,244.32,7.68,13
1281,1182722,0.0356,0.0381,0.9647,-0.4288,0.4288,-10.4913,1001.4084,hard_decel,244.38,7.74,13
1282,1182782,0.0622,0.0196,1.0102,-2.0475,0.6037,-9.31,1001.4087,hard_decel,244.44,7.8,13
1283,1182842,0.0429,0.0439,1.0895,-0.1225,-0.3237,-8.12,1001.4089,hard_decel,244.5,7.86,13
1284,1218542,0.0563,0.0523,0.8743,-1.8725,1.8987,0.63,1000.2695,hard_decel,280.2,0.0,14
1285,1218602,0.0367,0.0603,0.896,-3.465,-2.4237,0.6737,1000.2876,hard_decel,280.26,0.06,14
1286,1218662,-0.0203,0.2013,0.8459,-1.19,7.105,0.8662,1000.3127,hard_decel,280.32,0.12,14
1287,1218722,0.1391,0.123,1.2168,2.5375,6.6062,-0.4288,1000.2866,hard_decel,280.38,0.18,14
1288,1218782,0.113,-0.1257,0.8037,-8.8725,-0.7262,0.8138,1000.3083,hard_decel,280.44,0.24,14
1289,1218842,0.2938,0.1441,1.0538,-7.9713,2.485,-0.0525,1000.2864,hard_decel,280.5,0.3,14
1290,1218902,0.4086,-0.1871,0.398,-3.5175,-13.1687,3.5787,1000.3308,hard_decel,280.56,0.36,14
1291,1218962,0.5592,0.2523,1.0746,-2.6775,-10.0275,-5.39,1000.3452,hard_decel,280.62,0.42,14
1292,1219022,0.5005,0.0107,1.2132,7.0963,-5.845,1.3212,1000.4031,hard_decel,280.68,0.48,14
1293,1219082,0.3725,-0.1996,1.2129,4.34,7.6125,0.8487,1000.4133,hard_decel,280.74,0.54,14
1294,1219142,0.3946,0.1486,1.0346,3.6925,1.12,0.8575,1000.4707,hard_decel,280.8,0.6,14
1295,1219202,0.406,-0.0247,0.8838,3.2025,0.0613,0.525,1000.4937,hard_decel,280.86,0.66,14
1296,1219262,0.395,0.0939,1.0283,-2.3712,-2.4588,0.7613,1000.5122,hard_decel,280.92,0.72,14
1297,1219322,0.5407,0.0713,1.0643,0.525,9.0737,0.4988,1000.49,hard_decel,280.98,0.78,14
1298,1219382,0.4731,-0.2277,1.209,2.905,4.935,3.1325,1000.5217,hard_decel,281.04,0.84,14
1299,1219442,0.2813,-0.1158,0.7395,0.2188,-1.085,0.6825,1000.5698,hard_decel,281.1,0.9,14
1300,1219502,0.5131,0.0778,1.0411,-4.305,-1.6013,0.8575,1000.5649,hard_decel,281.16,0.96,14
1301,1219562,0.502,0.0015,1.0288,2.4062,-0.8138,1.0675,1000.5996,hard_decel,281.22,1.02,14
1302,1219622,0.4421,-0.0307,0.7146,-1.0325,-4.6725,1.7675,1000.6284,hard_decel,281.28,1.08,14
1303,1219682,0.5624,0.0146,0.9918,-4.8125,-0.7437,0.7525,1000.6682,hard_decel,281.34,1.14,14
1304,1219742,0.5082,-0.1362,1.0138,-3.7538,3.185,0.9887,1000.677,hard_decel,281.4,1.2,14
1305,1219802,0.5944,0.093,1.1407,-2.3012,3.1675,0.35,1000.7019,hard_decel,281.46,1.26,14
1306,1219862,0.4455,0.1788,0.9721,1.89,-0.0175,-0.6212,1000.7405,hard_decel,281.52,1.32,14
1307,1219922,0.5995,0.0503,0.9152,0.98,-2.73,0.4638,1000.7542,hard_decel,281.58,1.38,14
1308,1219982,0.4436,0.0497,0.9428,3.1325,0.4375,-0.7262,1000.8025,hard_decel,281.64,1.44,14
1309,1220042,0.6227,0.1501,1.086,0.1312,0.0175,-1.1375,1000.8289,hard_decel,281.7,1.5,14
1310,1220102,0.5476,-0.0629,1.2312,3.7275,-3.7013,0.1225,1000.8521,hard_decel,281.76,1.56,14
1311,1220162,0.5625,-0.0815,0.9279,3.045,-2.5988,0.3413,1000.8696,hard_decel,281.82,1.62,14
1312,1220222,0.5453,0.121,0.9867,6.79,0.455,-0.2188,1000.8909,hard_decel,281.88,1.68,14
1313,1220282,0.4617,0.0158,0.9626,5.4688,-2.3187,-0.77,1000.9314,hard_decel,281.94,1.74,14
1314,1220342,0.6902,0.0268,1.1976,3.2113,-5.2238,2.1263,1000.9417,hard_decel,282.0,1.8,14
1315,1220402,0.5834,-0.0232,1.028,5.4513,-1.505,0.5075,1000.9844,hard_decel,282.06,1.86,14
1316,1220462,0.5622,0.0268,0.9774,4.1388,-2.8788,-1.19,1000.9709,hard_decel,282.12,1.92,14
1317,1220522,0.5998,0.1469,1.108,0.9887,-5.1363,-0.0962,1001.0203,hard_decel,282.18,1.98,14
1318,1220582,0.6346,0.0265,0.9148,-1.54,7.5687,0.4375,1001.0105,hard_decel,282.24,2.04,14
1319,1220642,0.5366,0.0727,1.15,-1.2862,5.5475,0.2625,1001.0586,hard_decel,282.3,2.1,14
1320,1220702,0.4378,0.0544,0.823,-0.6388,6.3175,-0.595,1001.0669,hard_decel,282.36,2.16,14
1321,1220762,0.5575,-0.1102,0.9471,-0.2275,3.64,-0.665,1001.0767,hard_decel,282.42,2.22,14
1322,1220822,0.5954,-0.0132,1.0227,4.3663,0.4638,-0.4112,1001.0903,hard_decel,282.48,2.28,14
1323,1220882,0.4841,-0.0312,1.1573,4.9262,2.8788,0.3938,1001.1206,hard_decel,282.54,2.34,14
1324,1220942,0.5317,0.073,0.9927,0.2188,-4.5588,0.07,1001.1494,hard_decel,282.6,2.4,14
1325,1221002,0.4433,-0.136,0.9509,1.1463,-5.8187,0.7,1001.1597,hard_decel,282.66,2.46,14
1326,1221062,0.6424,0.2622,1.1685,7.2888,-3.6137,-0.3237,1001.1755,hard_decel,282.72,2.52,14
1327,1221122,0.4477,0.0423,0.784,-1.0325,-2.6337,0.1138,1001.1816,hard_decel,282.78,2.58,14
1328,1221182,0.5514,0.2037,0.9471,2.6775,-3.0538,-0.9187,1001.1917,hard_decel,282.84,2.64,14
1329,1221242,0.5001,0.1688,0.8585,-3.5612,-0.42,-0.0525,1001.2251,hard_decel,282.9,2.7,14
1330,1221302,0.4712,-0.0459,1.063,-4.6112,4.305,-0.0088,1001.2363,hard_decel,282.96,2.76,14
1331,1221362,0.5917,0.0946,1.041,-2.485,2.7387,0.3675,1001.2554,hard_decel,283.02,2.82,14
1332,1221422,0.4734,0.0368,0.8979,-0.3237,1.715,0.1138,1001.26,hard_decel,283.08,2.88,14
1333,1221482,0.3709,-0.0023,0.7476,-1.155,1.855,-0.2537,1001.283,hard_decel,283.14,2.94,14
1334,1221542,0.4424,-0.0539,0.8735,-0.665,0.3237,0.0262,1001.2908,hard_decel,283.2,3.0,14
1335,1221602,0.5203,-0.0188,1.0372,-2.3363,-0.6125,-0.175,1001.3157,hard_decel,283.26,3.06,14
1336,1221662,0.487,-0.0483,0.9318,0.91,-3.1762,1.3038,1001.3176,hard_decel,283.32,3.12,14
1337,1221722,0.4724,0.0964,0.9726,0.875,0.5425,0.9362,1001.3142,hard_decel,283.38,3.18,14
1338,1221782,0.4734,0.0644,1.0843,0.3762,0.0088,0.2013,1001.3369,hard_decel,283.44,3.24,14
1339,1221842,0.3687,0.0483,0.9963,-0.0875,1.4787,0.0787,1001.3335,hard_decel,283.5,3.3,14
1340,1221902,0.3558,0.0112,0.9988,-0.9625,-1.75,-0.175,1001.3506,hard_decel,283.56,3.36,14
1341,1221962,0.4046,-0.0484,0.9249,0.9362,-1.47,0.1663,1001.3547,hard_decel,283.62,3.42,14
1342,1222022,0.4887,0.0781,1.0946,1.8725,-0.5863,0.0437,1001.3738,hard_decel,283.68,3.48,14
1343,1222082,0.4052,0.0567,1.0172,-0.2275,-1.2775,0.6037,1001.3701,hard_decel,283.74,3.54,14
1344,1222142,0.416,-0.0173,1.104,1.3913,-3.3775,0.56,1001.3762,hard_decel,283.8,3.6,14
1345,1222202,0.4002,0.082,1.0295,1.3913,1.1287,0.385,1001.3945,hard_decel,283.86,3.66,14
1346,1222262,0.321,0.0002,0.9775,-0.1138,2.5375,0.1575,1001.3992,hard_decel,283.92,3.72,14
1347,1222322,0.382,0.0569,1.0224,0.63,-2.0912,-0.07,1001.4089,hard_decel,283.98,3.78,14
1348,1222382,0.3192,0.0766,0.9554,0.6825,3.045,0.035,1001.407,hard_decel,284.04,3.84,14
1349,1222442,0.2288,-0.0431,0.8525,-0.5425,-0.14,0.385,1001.4055,hard_decel,284.1,3.9,14
1350,1222502,0.2208,0.1657,0.9345,0.7,1.7763,0.1225,1001.4231,hard_decel,284.16,3.96,14
1351,1222562,0.1798,-0.0103,1.0146,-3.325,0.8838,0.5863,1001.4214,hard_decel,284.22,4.02,14
1352,1222622,0.1066,0.0614,1.0234,0.6037,3.4125,-0.21,1001.427,hard_decel,284.28,4.08,14
1353,1222682,0.1008,0.0603,1.057,-1.155,4.3663,-0.2625,1001.4272,hard_decel,284.34,4.14,14
1354,1222742,0.0905,0.0208,1.0609,0.35,4.8913,-0.1138,1001.4292,hard_decel,284.4,4.2,14
1355,1222802,0.0474,0.0671,1.007,1.6712,3.5262,0.1575,1001.4348,hard_decel,284.46,4.26,14
1356,1222862,0.0673,0.0115,1.0271,0.4112,1.645,0.1575,1001.436,hard_decel,284.52,4.32,14
1357,1222922,0.0383,0.0498,0.9518,0.35,0.0525,0.21,1001.4387,hard_decel,284.58,4.38,14
1358,1222982,0.0354,0.0161,0.9272,-0.14,-0.6125,0.35,1001.4248,hard_decel,284.64,4.44,14
1359,1230182,-0.0119,0.278,1.191,3.6837,-1.015,-0.5775,1000.2183,hard_decel,291.84,0.0,15
1360,1230242,-0.0572,0.004,0.8639,3.0363,3.6837,0.5688,1000.2454,hard_decel,291.9,0.06,15
1361,1230302,0.0487,-0.1332,0.6849,1.6625,-9.3188,0.4812,1000.2043,hard_decel,291.96,0.12,15
1362,1230362,0.3692,0.0581,1.1651,1.7938,-14.245,0.4375,1000.2136,hard_decel,292.02,0.18,15
1363,1230422,0.209,0.2569,1.1436,7.1137,-0.7788,-0.2625,1000.2087,hard_decel,292.08,0.24,15
1364,1230482,-0.0119,0.1052,0.8921,3.465,6.1775,-2.625,1000.2197,hard_decel,292.14,0.3,15
1365,1230542,0.4319,-0.0935,1.9069,1.1287,-2.5113,0.3063,1000.2219,hard_decel,292.2,0.36,15
1366,1230602,0.1909,0.04,1.0884,0.5512,6.0725,0.455,1000.208,hard_decel,292.26,0.42,15
1367,1230662,0.0298,0.099,0.5766,8.0675,-7.4462,-0.7088,1000.2644,hard_decel,292.32,0.48,15
1368,1230722,0.2062,-0.0281,1.0445,-4.9262,2.9313,-0.0613,1000.2012,hard_decel,292.38,0.54,15
1369,1230782,0.1277,0.2359,1.2578,5.1975,-0.5863,0.8662,1000.209,hard_decel,292.44,0.6,15
1370,1230842,0.0249,-0.0656,1.0004,1.6275,-7.4375,-0.4288,1000.2168,hard_decel,292.5,0.66,15
1371,1230902,0.0459,0.0205,0.9945,1.0762,3.395,-0.7175,1000.2031,hard_decel,292.56,0.72,15
1372,1230962,0.0884,0.0666,0.8945,-4.0512,-5.7137,-0.1312,1000.2288,hard_decel,292.62,0.78,15
1373,1231022,0.1574,-0.1216,1.0265,-2.6775,-1.9338,-0.8838,1000.2217,hard_decel,292.68,0.84,15
1374,1231082,0.1527,-0.0496,0.7776,-3.8675,-7.0875,-0.735,1000.2395,hard_decel,292.74,0.9,15
1375,1231142,0.2826,-0.0298,0.8211,0.1575,-5.7925,0.2537,1000.2629,hard_decel,292.8,0.96,15
1376,1231202,0.275,0.0115,0.8159,-0.9625,-5.2762,0.4288,1000.2769,hard_decel,292.86,1.02,15
1377,1231262,0.3953,0.0044,1.2639,2.0563,-0.4812,-0.1838,1000.314,hard_decel,292.92,1.08,15
1378,1231322,0.2831,0.0149,0.8775,3.6662,1.7237,-0.6212,1000.3259,hard_decel,292.98,1.14,15
1379,1231382,0.2744,-0.0437,0.9443,-4.13,-2.7213,0.5337,1000.3704,hard_decel,293.04,1.2,15
1380,1231442,0.4175,-0.0508,1.0114,-1.6625,-1.785,1.085,1000.376,hard_decel,293.1,1.26,15
1381,1231502,0.2784,0.079,0.9633,7.0963,-4.2263,-0.6562,1000.4165,hard_decel,293.16,1.32,15
1382,1231562,0.5122,0.1427,0.9593,-3.4037,6.5887,-2.695,1000.4507,hard_decel,293.22,1.38,15
1383,1231622,0.3975,0.0778,0.9633,-2.9838,-2.905,0.4988,1000.4915,hard_decel,293.28,1.44,15
1384,1231682,0.468,-0.1105,1.2954,0.525,4.76,0.3237,1000.5078,hard_decel,293.34,1.5,15
1385,1231742,0.3765,-0.0983,1.0172,3.0538,0.7175,-0.7262,1000.5195,hard_decel,293.4,1.56,15
1386,1231802,0.4312,-0.1142,1.1199,-1.4088,9.59,1.0412,1000.5054,hard_decel,293.46,1.62,15
1387,1231862,0.3743,-0.0332,0.6502,-1.12,1.5662,0.6475,1000.5842,hard_decel,293.52,1.68,15
1388,1231922,0.5699,0.0041,1.3364,-3.1588,0.98,-0.2975,1000.5652,hard_decel,293.58,1.74,15
1389,1231982,0.4009,0.1076,0.8192,3.36,-3.5,-1.2513,1000.6201,hard_decel,293.64,1.8,15
1390,1232042,0.5617,0.1774,1.3139,2.5725,1.68,0.21,1000.6377,hard_decel,293.7,1.86,15
1391,1232102,0.4064,-0.0803,1.0169,1.3825,1.0675,-0.07,1000.6382,hard_decel,293.76,1.92,15
1392,1232162,0.2518,-0.1263,0.8621,1.8025,-2.1875,-0.2275,1000.6917,hard_decel,293.82,1.98,15
1393,1232222,0.3862,-0.1615,0.9192,-3.325,-0.3237,1.0412,1000.7195,hard_decel,293.88,2.04,15
1394,1232282,0.48,-0.0676,1.2202,0.595,-3.605,-0.7088,1000.7095,hard_decel,293.94,2.1,15
1395,1232342,0.3513,-0.1764,0.9757,-2.275,1.89,0.7088,1000.7478,hard_decel,294.0,2.16,15
1396,1232402,0.4089,-0.1495,0.8237,3.5175,-1.2337,1.2337,1000.7339,hard_decel,294.06,2.22,15
1397,1232462,0.5126,0.0824,1.223,2.5988,2.1,-0.2362,1000.7537,hard_decel,294.12,2.28,15
1398,1232522,0.5844,0.0847,1.4281,-1.4963,2.1175,0.2975,1000.79,hard_decel,294.18,2.34,15
1399,1232582,0.4116,-0.0644,0.886,1.0675,3.2287,0.7525,1000.8398,hard_decel,294.24,2.4,15
1400,1232642,0.4207,-0.0755,1.0128,2.345,1.155,0.1488,1000.8423,hard_decel,294.3,2.46,15
1401,1232702,0.4206,0.0776,0.9501,-1.6013,-0.8575,0.42,1000.8728,hard_decel,294.36,2.52,15
1402,1232762,0.3179,-0.03,0.8259,-1.1375,-2.8875,1.365,1000.8728,hard_decel,294.42,2.58,15
1403,1232822,0.374,-0.1168,0.7854,0.9887,-1.015,0.8225,1000.9326,hard_decel,294.48,2.64,15
1404,1232882,0.4799,0.0647,0.99,2.975,0.0175,0.1138,1000.9446,hard_decel,294.54,2.7,15
1405,1232942,0.4341,-0.0066,0.9674,0.6737,-0.1312,0.28,1000.9836,hard_decel,294.6,2.76,15
1406,1233002,0.4531,0.0458,1.0401,1.9688,-3.7188,0.2887,1000.9905,hard_decel,294.66,2.82,15
1407,1233062,0.419,0.0803,1.1275,1.82,-0.0175,0.7088,1000.9927,hard_decel,294.72,2.88,15
1408,1233122,0.4404,0.0321,1.0856,3.3863,1.7413,0.2887,1001.0017,hard_decel,294.78,2.94,15
1409,1233182,0.4656,-0.0383,1.0275,-0.1925,0.3938,0.0525,1001.0217,hard_decel,294.84,3.0,15
1410,1233242,0.4333,0.0395,1.1088,-1.2337,-1.645,0.4025,1001.0405,hard_decel,294.9,3.06,15
1411,1233302,0.3648,-0.0571,1.0406,0.2537,0.8313,0.455,1001.0332,hard_decel,294.96,3.12,15
1412,1233362,0.4095,0.0939,1.095,-1.155,-2.1525,0.3938,1001.0508,hard_decel,295.02,3.18,15
1413,1233422,0.4013,0.0345,1.1692,-4.2263,-0.6212,0.7613,1001.0708,hard_decel,295.08,3.24,15
1414,1233482,0.3755,-0.1052,0.9108,0.2887,-0.4988,0.2537,1001.0906,hard_decel,295.14,3.3,15
1415,1233542,0.3646,0.0999,0.9049,-1.2337,0.5688,0.5775,1001.084,hard_decel,295.2,3.36,15
1416,1233602,0.3231,0.0557,0.8062,-1.68,0.6037,0.2275,1001.1084,hard_decel,295.26,3.42,15
1417,1233662,0.5353,0.1654,1.1131,-0.1925,2.3275,0.4288,1001.115,hard_decel,295.32,3.48,15
1418,1233722,0.4612,0.0461,1.1126,0.3938,3.7013,-0.4462,1001.1377,hard_decel,295.38,3.54,15
1419,1233782,0.3733,-0.0332,0.9812,0.6212,-2.3888,0.7175,1001.1423,hard_decel,295.44,3.6,15
1420,1233842,0.3633,-0.1556,0.9743,2.52,0.7437,-0.6475,1001.1448,hard_decel,295.5,3.66,15
1421,1233902,0.4698,0.0078,1.1446,-2.0387,1.6187,0.3413,1001.1721,hard_decel,295.56,3.72,15
1422,1233962,0.2518,-0.1527,0.7881,-2.1,0.3237,0.6737,1001.1899,hard_decel,295.62,3.78,15
1423,1234022,0.4302,0.0143,0.9938,0.6562,-3.08,0.2188,1001.2148,hard_decel,295.68,3.84,15
1424,1234082,0.3931,-0.0498,1.0407,1.05,0.8575,0.0262,1001.2124,hard_decel,295.74,3.9,15
1425,1234142,0.3522,-0.1029,0.8688,-1.8288,3.7013,0.0787,1001.2275,hard_decel,295.8,3.96,15
1426,1234202,0.4444,0.0367,1.2366,2.7125,4.0338,-0.0175,1001.249,hard_decel,295.86,4.02,15
1427,1234262,0.5027,0.0198,1.1332,-0.0262,-3.5787,-0.0525,1001.2419,hard_decel,295.92,4.08,15
1428,1234322,0.4222,-0.1082,1.0707,1.5925,-1.1025,0.4638,1001.2603,hard_decel,295.98,4.14,15
1429,1234382,0.3999,-0.0429,0.9468,-2.0125,1.6625,0.49,1001.2651,hard_decel,296.04,4.2,15
1430,1234442,0.4333,0.0322,1.039,2.3275,1.435,0.8575,1001.2849,hard_decel,296.1,4.26,15
1431,1234502,0.4446,0.052,1.076,-1.0938,0.9187,0.5512,1001.3066,hard_decel,296.16,4.32,15
1432,1234562,0.4369,-0.0583,1.0724,0.9538,0.5163,0.8313,1001.3123,hard_decel,296.22,4.38,15
1433,1234622,0.2804,-0.0117,0.833,-2.1875,3.605,0.4462,1001.3406,hard_decel,296.28,4.44,15
1434,1234682,0.4231,-0.0163,0.9511,1.225,0.5775,0.175,1001.3464,hard_decel,296.34,4.5,15
1435,1234742,0.3618,0.0366,1.0033,-0.98,1.7237,0.4112,1001.3582,hard_decel,296.4,4.56,15
1436,1234802,0.4651,-0.0009,1.0383,1.6013,-0.2713,0.4288,1001.3479,hard_decel,296.46,4.62,15
1437,1234862,0.4102,0.0325,0.9946,0.105,-1.2162,0.3675,1001.3601,hard_decel,296.52,4.68,15
1438,1234922,0.3892,0.0795,0.9499,-0.7613,0.42,0.42,1001.3796,hard_decel,296.58,4.74,15
1439,1234982,0.3929,-0.048,0.9647,0.0437,-1.0325,0.8138,1001.376,hard_decel,296.64,4.8,15
1440,1235042,0.3604,0.0081,0.9877,1.12,-1.5575,-0.2713,1001.3909,hard_decel,296.7,4.86,15
1441,1235102,0.3287,-0.021,0.8574,-0.6037,0.735,0.6037,1001.4023,hard_decel,296.76,4.92,15
1442,1235162,0.387,0.0079,0.9861,-2.1525,2.17,0.5863,1001.4072,hard_decel,296.82,4.98,15
1443,1235222,0.3565,-0.0836,1.0838,2.1875,0.7,-0.175,1001.4128,hard_decel,296.88,5.04,15
1444,1235282,0.3542,0.082,0.9948,3.3163,-2.1175,0.4112,1001.4199,hard_decel,296.94,5.1,15
1445,1235342,0.4011,0.0296,1.0299,2.2838,-1.5488,0.6212,1001.428,hard_decel,297.0,5.16,15
1446,1235402,0.4177,0.088,1.0371,0.7,0.9887,0.0262,1001.4189,hard_decel,297.06,5.22,15
1447,1235462,0.3301,0.0051,0.9956,-1.1113,2.1,0.0875,1001.4133,hard_decel,297.12,5.28,15
1448,1235522,0.352,0.0059,1.026,-0.455,0.9887,0.0,1001.4307,hard_decel,297.18,5.34,15
1449,1235582,0.317,0.0754,1.008,0.2013,1.0762,0.035,1001.4199,hard_decel,297.24,5.4,15
1450,1235642,0.3416,0.0456,0.9931,0.5775,-1.5662,0.455,1001.4348,hard_decel,297.3,5.46,15
1451,1235702,0.2604,0.012,0.9272,-0.2887,0.2537,0.2275,1001.4363,hard_decel,297.36,5.52,15
1452,1235762,0.2691,-0.0221,0.9501,-0.2362,-1.7675,-0.1138,1001.4309,hard_decel,297.42,5.58,15
1453,1235822,0.3065,0.0641,1.0035,0.3325,-0.2625,0.6125,1001.4407,hard_decel,297.48,5.64,15
1454,1235882,0.1889,0.0284,0.9409,1.5575,1.3212,0.56,1001.4458,hard_decel,297.54,5.7,15
1455,1235942,0.1664,0.0234,0.9423,-1.5488,0.8662,0.245,1001.4353,hard_decel,297.6,5.76,15
1456,1236002,0.1305,0.0059,0.976,-0.2537,1.9863,0.0525,1001.4338,hard_decel,297.66,5.82,15
1457,1236062,0.0691,0.0276,1.0133,0.8838,1.68,-0.2275,1001.4333,hard_decel,297.72,5.88,15
1458,1236122,0.092,0.0019,1.0402,0.1488,1.7675,0.2537,1001.4417,hard_decel,297.78,5.94,15
1459,1236182,0.0952,0.0115,1.0046,0.4812,2.5025,0.2887,1001.4546,hard_decel,297.84,6.0,15
1460,1236242,0.0403,0.0127,0.9821,-0.0437,1.1463,0.3762,1001.4412,hard_decel,297.9,6.06,15
1461,1236302,0.0592,0.002,1.0077,0.2537,-0.5075,0.175,1001.4573,hard_decel,297.96,6.12,15
1462,1236362,0.0831,0.0306,0.9701,-0.4638,-0.2713,0.525,1001.4517,hard_decel,298.02,6.18,15
1463,1236422,0.0808,0.0602,1.011,-0.0088,-2.1613,0.6125,1001.4358,hard_decel,298.08,6.24,15
1464,1236482,0.1198,0.0517,1.0244,-0.4812,-0.9013,0.3675,1001.4514,hard_decel,298.14,6.3,15
1465,1236542,0.0874,0.0085,1.0247,-0.1138,-0.1138,0.1925,1001.4565,hard_decel,298.2,6.36,15
1466,1236602,-0.0027,0.0066,0.892,1.1812,0.7,-0.07,1001.45,hard_decel,298.26,6.42,15
1467,1243982,-0.2725,-0.1233,0.5539,-0.665,10.08,-1.33,1000.2903,hard_decel,305.64,0.0,16
1468,1244042,0.1017,-0.0375,0.7838,-1.33,-3.4388,1.2337,1000.272,hard_decel,305.7,0.06,16
1469,1244102,0.1452,0.2101,0.9506,-3.99,5.7137,0.4462,1000.2729,hard_decel,305.76,0.12,16
1470,1244162,0.2181,0.0835,0.9741,1.1463,-0.2275,-1.3125,1000.3181,hard_decel,305.82,0.18,16
1471,1244222,0.2233,0.0184,1.4496,3.5612,-2.17,-1.1287,1000.416,hard_decel,305.88,0.24,16
1472,1244282,0.1037,-0.0432,0.9575,-1.715,-1.2513,0.6037,1000.3337,hard_decel,305.94,0.3,16
1473,1244342,0.1125,0.077,0.8376,2.4588,2.2225,-0.0088,1000.3174,hard_decel,306.0,0.36,16
1474,1244402,0.1698,0.1379,0.8655,2.31,-0.77,-0.2362,1000.2896,hard_decel,306.06,0.42,16
1475,1244462,0.3518,-0.0219,0.9747,-1.8637,-4.2087,0.9887,1000.3071,hard_decel,306.12,0.48,16
1476,1244522,0.4056,-0.0366,0.9578,-3.8412,-1.3038,1.1812,1000.2781,hard_decel,306.18,0.54,16
1477,1244582,0.3621,0.1198,1.1385,-1.6537,-0.5075,-0.5688,1000.3118,hard_decel,306.24,0.6,16
1478,1244642,0.3464,0.0103,0.9706,2.4237,-1.4088,-0.7437,1000.3655,hard_decel,306.3,0.66,16
1479,1244702,0.3894,0.0101,1.0233,-1.8288,-1.7413,1.3038,1000.3643,hard_decel,306.36,0.72,16
1480,1244762,0.3396,-0.0176,0.9703,-1.8637,0.8138,0.1925,1000.3894,hard_decel,306.42,0.78,16
1481,1244822,0.3573,0.1003,0.9856,-1.75,2.5113,-0.9538,1000.3921,hard_decel,306.48,0.84,16
1482,1244882,0.3931,-0.0585,1.0001,-1.89,0.5425,0.56,1000.3999,hard_decel,306.54,0.9,16
1483,1244942,0.3425,0.0246,0.9493,-0.2537,0.6388,0.105,1000.4827,hard_decel,306.6,0.96,16
1484,1245002,0.3216,0.0271,0.8591,0.805,-3.8937,0.2275,1000.4639,hard_decel,306.66,1.02,16
1485,1245062,0.4441,0.0639,1.099,-3.1237,1.1463,-0.5425,1000.551,hard_decel,306.72,1.08,16
1486,1245122,0.0838,0.1261,0.6405,3.7013,-3.6662,-1.6625,1000.5483,hard_decel,306.78,1.14,16
1487,1245182,0.7115,0.2493,1.0248,-14.6213,9.0212,-8.3387,1000.5452,hard_decel,306.84,1.2,16
1488,1245242,0.293,-0.5676,0.7413,3.9725,2.3363,10.3162,1000.6128,hard_decel,306.9,1.26,16
1489,1245302,0.2997,-0.4478,0.8916,-2.3537,-8.3562,1.2513,1000.6023,hard_decel,306.96,1.32,16
1490,1245362,0.3924,-0.1842,1.049,23.24,26.88,-3.1063,1000.6174,hard_decel,307.02,1.38,16
1491,1245422,0.1284,-0.3762,0.5565,-6.5975,-4.8738,-0.6475,1000.6516,hard_decel,307.08,1.44,16
1492,1245482,0.2931,0.1403,1.1659,15.5575,17.4125,10.7887,1000.6831,hard_decel,307.14,1.5,16
1493,1245542,0.67,-0.679,0.7899,2.0563,-7.5338,10.8588,1000.7185,hard_decel,307.2,1.56,16
1494,1245602,0.2669,-0.3487,1.17,12.5562,-13.1337,18.69,1000.7627,hard_decel,307.26,1.62,16
1495,1245662,0.6545,0.0891,0.6808,-4.5237,-4.0075,2.5463,1000.7744,hard_decel,307.32,1.68,16
1496,1245722,0.8154,0.3387,1.5153,2.4762,2.4588,-1.3388,1000.7993,hard_decel,307.38,1.74,16
1497,1245782,0.462,-0.0791,1.1029,1.3125,0.9275,0.3325,1000.8364,hard_decel,307.44,1.8,16
1498,1245842,0.4207,0.0585,1.0311,-1.575,-4.3488,1.1988,1000.8472,hard_decel,307.5,1.86,16
1499,1245902,0.2935,-0.2594,0.4968,-1.9075,-7.28,1.1375,1000.8433,hard_decel,307.56,1.92,16
1500,1245962,0.4795,-0.1852,0.8406,-1.2513,-1.7325,1.75,1000.8557,hard_decel,307.62,1.98,16
1501,1246022,0.4912,0.0046,1.1539,2.9225,0.6388,0.2975,1000.9058,hard_decel,307.68,2.04,16
1502,1246082,0.4223,0.0918,0.9177,0.8838,2.5812,0.3325,1000.8875,hard_decel,307.74,2.1,16
1503,1246142,0.4329,-0.0595,0.8999,-2.625,-0.0262,1.0325,1000.9036,hard_decel,307.8,2.16,16
1504,1246202,0.3904,-0.1522,0.9174,-2.2313,4.4538,0.2188,1000.9324,hard_decel,307.86,2.22,16
1505,1246262,0.489,0.0717,1.0393,1.7237,2.24,0.3938,1000.9504,hard_decel,307.92,2.28,16
1506,1246322,0.3591,0.0442,0.7696,3.1237,2.2662,0.28,1000.9731,hard_decel,307.98,2.34,16
1507,1246382,0.5243,0.0603,1.32,2.9313,3.85,0.5337,1000.9912,hard_decel,308.04,2.4,16
1508,1246442,0.4956,0.0925,1.2161,2.2225,2.1437,0.4375,1001.011,hard_decel,308.1,2.46,16
1509,1246502,0.3474,0.05,0.7203,-0.1575,-0.7525,0.1312,1001.022,hard_decel,308.16,2.52,16
1510,1246562,0.434,0.1354,0.8866,-1.8288,-0.9275,-0.7962,1001.0359,hard_decel,308.22,2.58,16
1511,1246622,0.4197,0.0171,1.026,1.33,1.5225,-0.14,1001.0457,hard_decel,308.28,2.64,16
1512,1246682,0.5634,0.0132,1.0853,2.9137,-3.2287,-0.4025,1001.054,hard_decel,308.34,2.7,16
1513,1246742,0.3658,0.0732,0.9548,1.4088,0.175,0.2537,1001.1133,hard_decel,308.4,2.76,16
1514,1246802,0.385,-0.0049,0.8977,-3.535,1.5225,0.9887,1001.1003,hard_decel,308.46,2.82,16
1515,1246862,0.4792,0.043,0.936,-4.7425,0.49,-0.2975,1001.1094,hard_decel,308.52,2.88,16
1516,1246922,0.486,0.0024,0.989,0.035,2.2313,0.42,1001.1316,hard_decel,308.58,2.94,16
1517,1246982,0.5119,0.032,1.0939,0.56,2.6337,-0.0088,1001.1636,hard_decel,308.64,3.0,16
1518,1247042,0.5121,0.0852,1.0789,3.3863,-5.1013,0.6475,1001.1677,hard_decel,308.7,3.06,16
1519,1247102,0.5033,0.1508,1.1099,-5.3288,0.8487,0.5163,1001.179,hard_decel,308.76,3.12,16
1520,1247162,0.4848,0.0524,0.9492,2.3888,1.925,0.6913,1001.197,hard_decel,308.82,3.18,16
1521,1247222,0.4124,0.0713,0.9767,0.0262,1.8375,-0.1575,1001.2024,hard_decel,308.88,3.24,16
1522,1247282,0.417,-0.0773,1.097,1.225,0.7,0.0175,1001.2131,hard_decel,308.94,3.3,16
1523,1247342,0.5239,-0.0366,0.9739,-0.8138,2.7387,0.2362,1001.2305,hard_decel,309.0,3.36,16
1524,1247402,0.3735,-0.0655,0.8739,-1.4787,0.28,-0.035,1001.25,hard_decel,309.06,3.42,16
1525,1247462,0.3001,-0.2115,0.7915,-3.0275,2.2225,0.7525,1001.2493,hard_decel,309.12,3.48,16
1526,1247522,0.4195,-0.0419,1.0882,1.365,-1.75,0.2625,1001.2537,hard_decel,309.18,3.54,16
1527,1247582,0.5106,0.0215,1.1707,0.455,1.5662,-0.0088,1001.272,hard_decel,309.24,3.6,16
1528,1247642,0.4099,0.0873,1.0288,-1.8375,-0.14,0.4988,1001.2856,hard_decel,309.3,3.66,16
1529,1247702,0.4104,-0.0724,0.9196,-1.4088,-0.3413,-0.2887,1001.2976,hard_decel,309.36,3.72,16
1530,1247762,0.3792,0.0859,0.9404,0.63,-1.7587,0.6913,1001.3057,hard_decel,309.42,3.78,16
1531,1247822,0.4582,-0.0437,1.0443,-2.555,0.1663,0.5337,1001.3159,hard_decel,309.48,3.84,16
1532,1247882,0.3157,0.0173,0.9589,-0.2275,0.9538,-0.0088,1001.3347,hard_decel,309.54,3.9,16
1533,1247942,0.4151,-0.035,0.9443,3.395,-3.1412,-0.105,1001.3359,hard_decel,309.6,3.96,16
1534,1248002,0.3543,-0.029,1.0275,1.7062,0.4812,0.7962,1001.3479,hard_decel,309.66,4.02,16
1535,1248062,0.2561,-0.0837,0.8774,0.105,1.575,-0.2275,1001.3438,hard_decel,309.72,4.08,16
1536,1248122,0.3089,-0.075,0.9575,1.1025,1.995,0.5688,1001.3564,hard_decel,309.78,4.14,16
1537,1248182,0.3502,0.0722,0.9936,1.3212,0.4025,0.42,1001.363,hard_decel,309.84,4.2,16
1538,1248242,0.3365,-0.012,0.975,2.0475,-1.4963,0.2887,1001.3752,hard_decel,309.9,4.26,16
1539,1248302,0.3672,0.0193,1.0209,0.49,0.1225,-0.2013,1001.3777,hard_decel,309.96,4.32,16
1540,1248362,0.2901,-0.0551,0.9433,-3.0187,-1.575,0.7962,1001.3735,hard_decel,310.02,4.38,16
1541,1248422,0.2515,-0.0471,0.8453,-0.0962,-1.61,1.1113,1001.3755,hard_decel,310.08,4.44,16
1542,1248482,0.2206,0.011,0.8688,-0.5425,0.07,0.2362,1001.3923,hard_decel,310.14,4.5,16
1543,1248542,0.2247,0.0651,0.9287,0.1838,-0.5163,0.0787,1001.386,hard_decel,310.2,4.56,16
1544,1248602,0.2603,-0.0453,1.0402,0.9625,0.3587,0.1138,1001.385,hard_decel,310.26,4.62,16
1545,1248662,0.2017,0.0317,1.0085,1.4175,1.015,0.2537,1001.4026,hard_decel,310.32,4.68,16
1546,1248722,0.1095,-0.0295,0.9418,-0.7788,3.3163,0.1663,1001.4128,hard_decel,310.38,4.74,16
1547,1248782,0.0879,0.0534,0.974,0.56,2.1437,0.4025,1001.4065,hard_decel,310.44,4.8,16
1548,1248842,0.1042,-0.0737,1.056,-0.4112,2.975,0.2713,1001.4099,hard_decel,310.5,4.86,16
1549,1248902,0.0831,0.0476,1.0356,0.665,2.765,0.1925,1001.4045,hard_decel,310.56,4.92,16
1550,1248962,0.0813,-0.0049,0.9677,0.4462,0.0437,-0.1488,1001.4072,hard_decel,310.62,4.98,16
1551,1249022,0.1455,0.0126,1.0784,0.455,-0.3325,0.3413,1001.4241,hard_decel,310.68,5.04,16
1552,1249082,0.112,0.0683,1.0394,0.455,0.665,0.315,1001.4116,hard_decel,310.74,5.1,16
1553,1249142,0.0687,0.0447,0.9684,-1.2862,-0.4462,0.1575,1001.4082,hard_decel,310.8,5.16,16
1554,1249202,0.1621,-0.0472,1.1137,0.7525,0.945,0.175,1001.4094,hard_decel,310.86,5.22,16
1555,1249262,0.0941,-0.0007,0.9896,2.0038,-0.6388,-0.2887,1001.4045,hard_decel,310.92,5.28,16
1556,1249322,0.0918,-0.0063,0.9775,-0.2975,-1.6975,0.1838,1001.4133,hard_decel,310.98,5.34,16
1557,1249382,-0.0002,-0.0007,1.0024,-0.6475,0.4112,0.3413,1001.4167,hard_decel,311.04,5.4,16
1558,1255682,0.1249,-0.0371,1.1209,1.785,-1.89,-0.5775,1000.22,hard_decel,317.34,0.0,17
1559,1255742,0.09,0.2338,1.2886,-0.4638,3.0625,-0.7788,1000.2236,hard_decel,317.4,0.06,17
1560,1255802,0.0429,-0.2835,1.7857,3.0363,7.1838,-0.6475,1000.1772,hard_decel,317.46,0.12,17
1561,1255862,0.049,-0.2399,0.9079,-2.4762,4.7425,0.4375,1000.2324,hard_decel,317.52,0.18,17
1562,1255922,0.2262,0.1476,1.4193,11.4537,3.0187,-0.315,1000.2561,hard_decel,317.58,0.24,17
1563,1255982,0.3001,0.1366,0.7674,-2.3363,4.1213,-0.805,1000.2332,hard_decel,317.64,0.3,17
1564,1256042,0.2017,-0.1369,1.0152,0.0262,4.6813,0.735,1000.2461,hard_decel,317.7,0.36,17
1565,1256102,0.3792,0.0391,1.2874,8.4963,14.3237,-0.525,1000.2791,hard_decel,317.76,0.42,17
1566,1256162,0.1547,-0.3472,0.4492,-2.3012,-8.7063,2.5025,1000.2593,hard_decel,317.82,0.48,17
1567,1256222,0.1122,-0.171,0.8804,5.39,-4.3837,0.2013,1000.3081,hard_decel,317.88,0.54,17
1568,1256282,-0.1681,-0.0842,0.3596,5.1013,-7.455,0.1225,1000.2915,hard_decel,317.94,0.6,17
1569,1256342,0.3387,0.2208,0.9357,-2.73,0.9187,-0.84,1000.3191,hard_decel,318.0,0.66,17
1570,1256402,0.4121,-0.2044,0.9836,0.4288,-8.3038,3.6925,1000.3225,hard_decel,318.06,0.72,17
1571,1256462,0.5649,-0.0239,1.4033,-1.47,2.03,0.0613,1000.355,hard_decel,318.12,0.78,17
1572,1256522,0.315,-0.0212,1.0185,4.2613,1.4,-0.4025,1000.4182,hard_decel,318.18,0.84,17
1573,1256582,0.4168,-0.0376,1.1744,0.6825,-3.885,-0.6037,1000.4338,hard_decel,318.24,0.9,17
1574,1256642,0.2533,-0.0661,0.6426,-3.8675,3.0712,0.1925,1000.4092,hard_decel,318.3,0.96,17
1575,1256702,0.4382,-0.1498,1.1863,3.045,0.0437,3.5262,1000.5027,hard_decel,318.36,1.02,17
1576,1256762,0.2408,-0.1205,0.7635,3.9025,0.175,-1.1025,1000.5125,hard_decel,318.42,1.08,17
1577,1256822,0.3801,-0.2364,0.9637,0.315,3.1412,1.89,1000.4785,hard_decel,318.48,1.14,17
1578,1256882,0.4014,-0.0245,1.0722,0.4375,-2.73,0.3237,1000.5366,hard_decel,318.54,1.2,17
1579,1256942,0.4072,0.2072,0.4423,-3.8937,-0.9975,-0.2188,1000.5591,hard_decel,318.6,1.26,17
1580,1257002,0.3814,-0.0915,1.1717,-4.3137,-1.7675,1.1025,1000.5137,hard_decel,318.66,1.32,17
1581,1257062,0.5012,0.1252,1.1685,5.5388,7.2188,-0.1838,1000.6133,hard_decel,318.72,1.38,17
1582,1257122,0.3414,-0.2186,0.8527,-1.6275,-1.1463,-0.49,1000.6133,hard_decel,318.78,1.44,17
1583,1257182,0.4195,-0.1764,0.7469,2.6688,-4.62,2.4762,1000.6736,hard_decel,318.84,1.5,17
1584,1257242,0.4599,0.0525,1.0292,5.3025,-2.2838,-0.6388,1000.6775,hard_decel,318.9,1.56,17
1585,1257302,0.5086,0.0142,1.3402,-4.48,6.195,0.5775,1000.6858,hard_decel,318.96,1.62,17
1586,1257362,0.5631,0.1563,1.1705,3.045,2.52,-1.2513,1000.7056,hard_decel,319.02,1.68,17
1587,1257422,0.0351,-0.1732,0.6392,-8.855,3.8937,3.395,1000.7124,hard_decel,319.08,1.74,17
1588,1257482,0.459,-0.0161,1.3715,7.7787,0.7962,15.75,1000.7534,hard_decel,319.14,1.8,17
1589,1257542,0.6066,-0.0429,1.2327,-1.0588,3.8412,2.6688,1000.8013,hard_decel,319.2,1.86,17
1590,1257602,0.3518,-0.3888,0.9291,5.4862,15.9163,2.9662,1000.8254,hard_decel,319.26,1.92,17
1591,1257662,0.324,-0.2071,0.8883,7.5512,9.6775,-0.1575,1000.8081,hard_decel,319.32,1.98,17
1592,1257722,0.4851,0.0592,1.1957,-0.9538,1.4875,0.7613,1000.8347,hard_decel,319.38,2.04,17
1593,1257782,0.469,-0.1645,1.0231,2.7125,2.0387,-0.2275,1000.8608,hard_decel,319.44,2.1,17
1594,1257842,0.332,0.0673,0.7582,1.8375,-3.5525,0.3325,1000.8633,hard_decel,319.5,2.16,17
1595,1257902,0.3506,-0.1663,0.8067,4.3663,-3.6225,1.4088,1000.9121,hard_decel,319.56,2.22,17
1596,1257962,0.314,0.3148,1.0214,2.9225,0.3675,-0.4288,1000.905,hard_decel,319.62,2.28,17
1597,1258022,0.4155,0.15,0.9245,-1.8637,1.7325,0.0175,1000.9434,hard_decel,319.68,2.34,17
1598,1258082,0.3862,-0.2747,1.0063,-7.0,3.9813,0.63,1000.9353,hard_decel,319.74,2.4,17
1599,1258142,0.3215,-0.0382,0.6434,0.1488,-10.6225,0.455,1000.9585,hard_decel,319.8,2.46,17
1600,1258202,0.5022,-0.1016,1.0832,-0.77,1.2075,0.5863,1000.9985,hard_decel,319.86,2.52,17
1601,1258262,0.4812,-0.1576,1.1682,2.835,-1.4963,0.7088,1000.9814,hard_decel,319.92,2.58,17
1602,1258322,0.479,0.0641,1.0901,4.445,-2.1263,0.6388,1001.0054,hard_decel,319.98,2.64,17
1603,1258382,0.2381,-0.0371,0.8198,-0.3063,0.6475,0.0437,1001.0166,hard_decel,320.04,2.7,17
1604,1258442,0.4416,0.2945,0.988,3.1325,-5.7137,-0.3938,1001.0464,hard_decel,320.1,2.76,17
1605,1258502,0.3865,-0.0764,1.0916,1.505,-1.0762,0.0613,1001.0366,hard_decel,320.16,2.82,17
1606,1258562,0.527,0.0691,1.3046,2.485,1.8463,0.56,1001.0752,hard_decel,320.22,2.88,17
1607,1258622,0.3835,0.0798,1.0765,1.8813,-0.5075,0.7088,1001.0833,hard_decel,320.28,2.94,17
1608,1258682,0.3504,-0.1871,1.0875,-6.615,-1.2687,0.2275,1001.0847,hard_decel,320.34,3.0,17
1609,1258742,0.315,0.0012,0.9719,0.7262,-0.2013,0.8487,1001.115,hard_decel,320.4,3.06,17
1610,1258802,0.2267,-0.2526,0.9906,4.2525,2.73,1.8813,1001.1292,hard_decel,320.46,3.12,17
1611,1258862,0.2384,-0.0022,0.7595,6.9125,-1.295,-0.0962,1001.1306,hard_decel,320.52,3.18,17
1612,1258922,0.4799,0.0774,1.0075,1.2775,-0.6212,1.0938,1001.1384,hard_decel,320.58,3.24,17
1613,1258982,0.2905,-0.0942,0.8462,-1.4088,5.1013,0.6825,1001.1516,hard_decel,320.64,3.3,17
1614,1259042,0.3631,0.0573,0.9099,-4.5325,5.8275,1.0675,1001.1826,hard_decel,320.7,3.36,17
1615,1259102,0.3155,-0.0442,0.9181,-4.6462,-0.175,0.7788,1001.1707,hard_decel,320.76,3.42,17
1616,1259162,0.2221,-0.0026,0.885,-2.3363,1.8025,0.0875,1001.1858,hard_decel,320.82,3.48,17
1617,1259222,0.2748,-0.0783,0.7425,-0.4988,-2.2313,-0.1838,1001.1897,hard_decel,320.88,3.54,17
1618,1259282,0.2273,-0.2757,0.7776,-0.2975,-1.0938,0.8925,1001.2256,hard_decel,320.94,3.6,17
1619,1259342,0.1442,-0.0953,0.7305,0.35,-4.095,0.8575,1001.2329,hard_decel,321.0,3.66,17
1620,1259402,0.2635,0.0066,0.9443,-0.4462,-0.0875,0.595,1001.2358,hard_decel,321.06,3.72,17
1621,1259462,0.2784,-0.0134,0.8748,2.3012,0.5688,0.4812,1001.2419,hard_decel,321.12,3.78,17
1622,1259522,0.2489,-0.0654,1.0123,-0.7788,0.28,0.3237,1001.2432,hard_decel,321.18,3.84,17
1623,1259582,0.1771,0.0051,0.8518,0.455,-0.1312,-0.1925,1001.2712,hard_decel,321.24,3.9,17
1624,1259642,0.3011,-0.0749,1.067,-0.3762,0.525,0.2887,1001.2612,hard_decel,321.3,3.96,17
1625,1259702,0.2142,-0.0001,0.7433,1.4,2.1175,-0.2713,1001.2725,hard_decel,321.36,4.02,17
1626,1259762,0.337,-0.0925,1.0321,-1.89,2.625,0.0,1001.2698,hard_decel,321.42,4.08,17
1627,1259822,0.3372,-0.0512,1.1471,2.3625,1.7325,0.6125,1001.2825,hard_decel,321.48,4.14,17
1628,1259882,0.2416,0.153,0.9091,1.12,-1.365,0.91,1001.2708,hard_decel,321.54,4.2,17
1629,1259942,0.1852,-0.0292,1.1433,-1.2862,6.6588,-1.2687,1001.2932,hard_decel,321.6,4.26,17
1630,1260002,0.6198,-0.2164,1.3322,-8.295,3.9725,2.3625,1001.2869,hard_decel,321.66,4.32,17
1631,1260062,0.2806,-0.1901,1.1566,2.625,4.4363,-0.175,1001.3044,hard_decel,321.72,4.38,17
1632,1260122,0.2733,0.0393,1.0668,-0.0437,0.4288,-0.2975,1001.3057,hard_decel,321.78,4.44,17
1633,1260182,0.2483,-0.0971,0.9675,-1.085,-0.9538,1.3737,1001.3069,hard_decel,321.84,4.5,17
1634,1260242,0.1732,0.029,0.994,3.535,1.3737,0.2625,1001.3169,hard_decel,321.9,4.56,17
1635,1260302,0.1213,0.0771,0.8935,0.1312,1.225,0.175,1001.3311,hard_decel,321.96,4.62,17
1636,1260362,0.2898,0.0451,1.0931,0.3237,3.4213,0.1925,1001.3264,hard_decel,322.02,4.68,17
1637,1260422,0.2057,0.069,1.0095,0.21,-1.26,0.63,1001.334,hard_decel,322.08,4.74,17
1638,1260482,0.1151,-0.1332,1.0565,2.17,-1.4963,0.14,1001.3286,hard_decel,322.14,4.8,17
1639,1260542,0.0378,-0.0127,1.0077,1.505,2.1175,0.5075,1001.345,hard_decel,322.2,4.86,17
1640,1260602,0.0373,-0.0542,0.978,-0.9362,-1.5575,-0.2188,1001.3401,hard_decel,322.26,4.92,17
1641,1260662,0.0525,-0.034,0.9629,2.2662,-5.3812,-0.035,1001.3445,hard_decel,322.32,4.98,17
1642,3880142,0.1398,-0.0603,1.167,1.6625,-0.3413,-0.0962,999.1421,hard_decel,2941.8,0.0,18
1643,3880202,0.0655,-0.0556,0.9565,0.77,-2.3187,0.56,999.1577,hard_decel,2941.86,0.06,18
1644,3880262,0.0344,0.0407,1.0113,1.4438,1.3038,-0.49,999.168,hard_decel,2941.92,0.12,18
1645,3880322,0.0315,-0.0215,0.8137,1.0237,-0.805,-0.4638,999.178,hard_decel,2941.98,0.18,18
1646,3880382,0.0146,0.0537,0.7635,-1.2162,-2.0475,-0.07,999.2471,hard_decel,2942.04,0.24,18
1647,3880442,0.1086,-0.0288,1.0367,1.8725,0.21,-0.175,999.2759,hard_decel,2942.1,0.3,18
1648,3880502,0.0664,-0.0092,1.1361,1.5488,0.7525,-0.035,999.3125,hard_decel,2942.16,0.36,18
1649,3880562,0.0722,0.0332,0.9726,1.4612,0.4288,-0.7613,999.3335,hard_decel,2942.22,0.42,18
1650,3880622,0.162,-0.0235,1.1121,2.2662,-2.2838,0.07,999.355,hard_decel,2942.28,0.48,18
1651,3880682,0.0673,-0.0525,0.8215,0.2188,-1.3737,0.0,999.3867,hard_decel,2942.34,0.54,18
1652,3880742,0.1039,-0.0014,1.1021,0.6125,2.5463,-0.1925,999.4033,hard_decel,2942.4,0.6,18
1653,3880802,0.074,0.1093,1.0387,0.6475,1.7062,-0.5425,999.3909,hard_decel,2942.46,0.66,18
1654,3880862,0.0769,0.0917,1.0519,0.8925,1.4875,-0.3762,999.3997,hard_decel,2942.52,0.72,18
1655,3880922,0.0532,-0.0254,0.9611,-1.6975,-1.4963,-0.3938,999.3948,hard_decel,2942.58,0.78,18
1656,3880982,0.1857,0.0198,0.9747,-0.3762,-4.2,-0.6475,999.4084,hard_decel,2942.64,0.84,18
1657,3881042,0.106,-0.0143,0.9845,0.9538,-1.9338,-0.175,999.4053,hard_decel,2942.7,0.9,18
1658,3881102,0.0397,0.0051,0.9584,-0.385,2.0738,-0.1575,999.3894,hard_decel,2942.76,0.96,18
1659,3881162,0.0569,0.0586,0.8447,0.2975,-1.12,-0.5337,999.4106,hard_decel,2942.82,1.02,18
1660,3881222,0.1625,0.007,1.1131,0.3938,-2.3625,0.0088,999.4207,hard_decel,2942.88,1.08,18
1661,3881282,0.0586,0.1196,0.9748,3.5525,-0.9538,-0.6212,999.4224,hard_decel,2942.94,1.14,18
1662,3881342,0.1016,-0.0849,0.9755,2.065,-0.4462,-0.2275,999.4265,hard_decel,2943.0,1.2,18
1663,3881402,0.1395,-0.019,0.8719,-1.085,-2.38,-0.8313,999.4465,hard_decel,2943.06,1.26,18
1664,3881462,0.2059,0.0305,1.0829,3.7362,-1.2775,-0.3237,999.4629,hard_decel,2943.12,1.32,18
1665,3881522,0.1956,-0.0851,1.1373,0.0,0.6825,-0.105,999.468,hard_decel,2943.18,1.38,18
1666,3881582,0.2359,0.1313,0.8281,-0.7437,-0.8487,-0.2013,999.5037,hard_decel,2943.24,1.44,18
1667,3881642,0.2104,-0.0937,0.9838,0.6737,-0.8138,0.0262,999.5063,hard_decel,2943.3,1.5,18
1668,3881702,0.2237,0.11,0.9443,1.8987,-2.8263,-0.8313,999.4983,hard_decel,2943.36,1.56,18
1669,3881762,0.2286,-0.0705,1.0516,-0.2887,1.0938,0.1838,999.5151,hard_decel,2943.42,1.62,18
1670,3881822,0.2714,0.1107,0.9685,2.52,0.1925,-0.5512,999.5244,hard_decel,2943.48,1.68,18
1671,3881882,0.2813,-0.0517,1.1652,0.4288,-0.7088,0.2013,999.5083,hard_decel,2943.54,1.74,18
1672,3881942,0.3034,0.1304,1.0696,2.975,-0.49,-0.4725,999.4993,hard_decel,2943.6,1.8,18
1673,3882002,0.284,-0.0476,0.9419,0.0525,-3.6575,0.1225,999.488,hard_decel,2943.66,1.86,18
1674,3882062,0.2032,-0.0023,0.9316,3.08,3.1412,-0.8138,999.5354,hard_decel,2943.72,1.92,18
1675,3882122,0.1406,0.0112,0.8797,3.0013,-1.1113,-0.3938,999.532,hard_decel,2943.78,1.98,18
1676,3882182,0.2569,-0.0573,0.9567,2.6862,1.5312,-0.5075,999.5522,hard_decel,2943.84,2.04,18
1677,3882242,0.302,0.0589,1.1702,3.5,1.505,0.0962,999.562,hard_decel,2943.9,2.1,18
1678,3882302,0.2277,-0.0342,0.7491,-0.5775,-1.33,-0.42,999.5781,hard_decel,2943.96,2.16,18
1679,3882362,0.3622,0.1247,1.0453,2.1788,-4.0512,-0.2975,999.623,hard_decel,2944.02,2.22,18
1680,3882422,0.2906,0.0849,1.0428,0.9975,-2.2225,-1.0063,999.6536,hard_decel,2944.08,2.28,18
1681,3882482,0.2505,-0.0151,1.009,0.7875,-0.2713,-0.2887,999.6509,hard_decel,2944.14,2.34,18
1682,3882542,0.3145,0.0529,0.9905,0.0787,-0.1575,-0.4025,999.6619,hard_decel,2944.2,2.4,18
1683,3882602,0.2563,-0.0332,1.007,2.45,-0.0613,-0.2537,999.6917,hard_decel,2944.26,2.46,18
1684,3882662,0.2503,0.0276,1.0638,3.2638,0.4812,-0.2625,999.7041,hard_decel,2944.32,2.52,18
1685,3882722,0.2569,0.0805,0.9984,1.7325,1.8375,-0.1838,999.7122,hard_decel,2944.38,2.58,18
1686,3882782,0.1967,0.0359,0.9113,1.19,2.1175,-0.035,999.7129,hard_decel,2944.44,2.64,18
1687,3882842,0.2457,0.0708,1.027,2.1875,1.0237,-0.1663,999.7346,hard_decel,2944.5,2.7,18
1688,3882902,0.2718,-0.0393,1.0485,1.2862,2.0213,-0.385,999.7263,hard_decel,2944.56,2.76,18
1689,3882962,0.1322,-0.1093,0.8782,0.9275,1.1988,-0.8225,999.7175,hard_decel,2944.62,2.82,18
1690,3883022,0.2433,0.0397,0.9467,2.135,0.2887,-0.42,999.7087,hard_decel,2944.68,2.88,18
1691,3883082,0.2788,0.0139,1.0501,1.8637,-0.2013,-0.3762,999.6772,hard_decel,2944.74,2.94,18
1692,3883142,0.2257,0.0808,0.9073,3.5963,-0.8838,-0.9975,999.6746,hard_decel,2944.8,3.0,18
1693,3883202,0.2984,0.0908,1.0701,1.715,-1.3388,-0.4375,999.6875,hard_decel,2944.86,3.06,18
1694,3883262,0.3057,0.093,1.1104,1.1375,-1.3212,0.21,999.7161,hard_decel,2944.92,3.12,18
1695,3883322,0.2689,0.0036,0.9865,1.8288,-0.5337,-0.4375,999.729,hard_decel,2944.98,3.18,18
1696,3883382,0.3111,0.091,1.0375,-0.7088,-1.785,-0.1225,999.7495,hard_decel,2945.04,3.24,18
1697,3883442,0.2544,0.0205,1.0877,2.8875,0.5863,0.4375,999.7861,hard_decel,2945.1,3.3,18
1698,3883502,0.3797,0.0054,1.0957,0.3237,0.0,0.315,999.7974,hard_decel,2945.16,3.36,18
1699,3883562,0.3148,0.0803,0.8974,-1.26,-3.7975,0.1488,999.7874,hard_decel,2945.22,3.42,18
1700,3883622,0.3853,-0.0174,1.1668,-3.1325,2.6775,-0.4725,999.8125,hard_decel,2945.28,3.48,18
1701,3883682,0.3131,0.0845,1.1829,0.875,1.89,-0.1225,999.8396,hard_decel,2945.34,3.54,18
1702,3883742,0.2681,-0.0308,1.0418,2.0825,0.07,0.1838,999.8457,hard_decel,2945.4,3.6,18
1703,3883802,0.2411,0.1029,0.8996,2.0038,0.6913,-0.5163,999.863,hard_decel,2945.46,3.66,18
1704,3883862,0.2624,-0.1106,1.0297,4.1737,-0.455,0.35,999.8789,hard_decel,2945.52,3.72,18
1705,3883922,0.1158,-0.2445,0.7269,1.6013,0.1488,0.1138,999.9026,hard_decel,2945.58,3.78,18
1706,3883982,0.2358,0.0544,1.0168,-1.2337,-0.595,-0.595,999.9126,hard_decel,2945.64,3.84,18
1707,3884042,0.3174,-0.0144,1.0021,0.3762,-3.7013,0.8662,999.9448,hard_decel,2945.7,3.9,18
1708,3884102,0.295,-0.0098,0.9236,5.04,-1.3212,-0.5863,999.9314,hard_decel,2945.76,3.96,18
1709,3884162,0.4202,-0.0398,1.0718,1.1287,0.9538,-1.0588,999.9526,hard_decel,2945.82,4.02,18
1710,3884222,0.3248,0.1778,1.0344,0.945,0.84,0.3237,999.9641,hard_decel,2945.88,4.08,18
1711,3884282,0.2277,0.022,0.8688,1.3388,-0.2537,-0.1575,999.981,hard_decel,2945.94,4.14,18
1712,3884342,0.2662,-0.029,0.8294,0.2537,0.385,0.14,999.9771,hard_decel,2946.0,4.2,18
1713,3884402,0.2513,-0.0049,0.9109,0.6125,-0.4288,-0.1225,999.988,hard_decel,2946.06,4.26,18
1714,3884462,0.2694,0.2425,0.9077,1.5312,-0.875,-0.2275,1000.0215,hard_decel,2946.12,4.32,18
1715,3884522,0.2979,0.0941,1.0497,2.5725,-2.275,-0.0088,1000.0381,hard_decel,2946.18,4.38,18
1716,3884582,0.2435,0.0209,0.8129,-2.3012,0.98,-0.0525,1000.0374,hard_decel,2946.24,4.44,18
1717,3884642,0.255,0.0154,0.9845,-0.5075,1.0237,0.035,1000.033,hard_decel,2946.3,4.5,18
1718,3884702,0.2772,-0.0058,0.9577,-0.945,0.9275,0.035,1000.0396,hard_decel,2946.36,4.56,18
1719,3884762,0.2393,-0.0405,1.0548,-1.3737,1.6888,-0.4725,1000.0576,hard_decel,2946.42,4.62,18
1720,3884822,0.2745,0.0091,0.8626,-4.0338,2.2313,0.14,1000.0681,hard_decel,2946.48,4.68,18
1721,3884882,0.181,0.0562,0.8619,3.2462,-3.0363,-0.14,1000.0693,hard_decel,2946.54,4.74,18
1722,3884942,0.1742,-0.0551,0.8374,2.24,0.7613,-0.6037,1000.0571,hard_decel,2946.6,4.8,18
1723,3885002,0.2761,0.04,1.0004,2.4588,2.4675,-0.0262,1000.0576,hard_decel,2946.66,4.86,18
1724,3885062,0.3028,0.0249,1.0224,1.435,3.08,0.525,1000.0684,hard_decel,2946.72,4.92,18
1725,3885122,0.3429,0.0958,1.1921,-0.385,-0.2188,0.9362,1000.0847,hard_decel,2946.78,4.98,18
1726,3885182,0.2986,0.0793,1.1868,1.4088,1.68,-0.4462,1000.0847,hard_decel,2946.84,5.04,18
1727,3885242,0.2311,-0.089,0.9225,-2.485,2.6425,0.0175,1000.1023,hard_decel,2946.9,5.1,18
1728,3885302,0.1989,-0.0352,0.8251,-0.21,-1.8813,-0.2275,1000.1128,hard_decel,2946.96,5.16,18
1729,3885362,0.2911,-0.0087,1.1267,1.7587,1.575,0.4375,1000.103,hard_decel,2947.02,5.22,18
1730,3885422,0.1352,-0.0785,0.9013,2.9575,-1.8813,-0.595,1000.1284,hard_decel,2947.08,5.28,18
1731,3885482,0.1913,0.0795,0.9521,-1.365,0.4988,-0.4112,1000.1282,hard_decel,2947.14,5.34,18
1732,3885542,0.216,0.0523,0.8502,-1.89,-1.8112,-0.2362,1000.1406,hard_decel,2947.2,5.4,18
1733,3885602,0.159,-0.0554,0.9123,0.3675,0.91,-0.63,1000.1384,hard_decel,2947.26,5.46,18
1734,3885662,0.2606,0.141,1.0594,2.275,-0.0787,-0.1225,1000.1494,hard_decel,2947.32,5.52,18
1735,3885722,0.1991,-0.0184,0.7221,-0.6475,1.0675,-0.9013,1000.1658,hard_decel,2947.38,5.58,18
1736,3885782,0.2591,0.0634,1.0904,0.315,-0.2275,-0.5425,1000.1592,hard_decel,2947.44,5.64,18
1737,3885842,0.2084,0.0163,0.9525,-0.9187,-3.3512,-0.595,1000.1748,hard_decel,2947.5,5.7,18
1738,3885902,0.1776,0.1023,0.9636,2.8087,-0.8138,-0.1225,1000.1804,hard_decel,2947.56,5.76,18
1739,3885962,0.1774,-0.0315,1.0522,0.1488,0.6825,-0.2013,1000.1895,hard_decel,2947.62,5.82,18
1740,3886022,0.1427,0.1301,1.0277,-0.5863,0.385,-0.6562,1000.1919,hard_decel,2947.68,5.88,18
1741,3886082,0.1681,-0.0269,1.0024,1.6537,1.1113,-0.84,1000.2009,hard_decel,2947.74,5.94,18
1742,3886142,0.1033,-0.1757,0.8439,0.5337,-0.35,-0.7,1000.2031,hard_decel,2947.8,6.0,18
1743,3886202,0.0895,0.0417,0.8769,1.4088,1.6187,0.0,1000.2183,hard_decel,2947.86,6.06,18
1744,3886262,0.1376,0.0656,1.1448,-1.8637,0.8313,-0.1575,1000.2156,hard_decel,2947.92,6.12,18
1745,3886322,0.1037,-0.009,0.9982,1.61,2.5988,-0.245,1000.2053,hard_decel,2947.98,6.18,18
1746,3886382,0.2194,0.0719,1.0228,2.6075,-0.8225,-0.4462,1000.22,hard_decel,2948.04,6.24,18
1747,3886442,0.0927,-0.0204,0.8653,0.9712,1.9688,-0.4375,1000.2256,hard_decel,2948.1,6.3,18
1748,3886502,0.1831,-0.0239,1.0296,1.4612,-1.5662,-0.2362,1000.2297,hard_decel,2948.16,6.36,18
1749,3886562,0.1632,0.058,1.039,1.1375,0.0613,-0.595,1000.22,hard_decel,2948.22,6.42,18
1750,3886622,0.2108,0.0063,1.0871,1.9512,-0.5337,0.4025,1000.2556,hard_decel,2948.28,6.48,18
1751,3886682,0.0937,0.0167,0.9526,-0.5425,-2.0038,0.4112,1000.2507,hard_decel,2948.34,6.54,18
1752,3886742,0.0734,0.0091,0.9493,0.0962,-0.8313,-0.2362,1000.2451,hard_decel,2948.4,6.6,18
1753,3886802,0.171,0.0575,0.9104,2.31,0.4725,-0.2537,1000.2476,hard_decel,2948.46,6.66,18
1754,3886862,0.1701,0.063,0.9562,0.56,-0.4462,-0.3413,1000.2502,hard_decel,2948.52,6.72,18
1755,3886922,0.1642,0.0702,0.975,-1.4875,0.525,-0.3413,1000.252,hard_decel,2948.58,6.78,18
1756,3886982,0.1752,0.1541,0.9475,-0.07,-2.52,-0.8313,1000.2534,hard_decel,2948.64,6.84,18
1757,3887042,0.1462,-0.0068,0.9531,1.2337,-2.1,-0.735,1000.2632,hard_decel,2948.7,6.9,18
1758,3887102,0.2801,0.1105,1.0638,0.3587,-3.0538,-0.8662,1000.2539,hard_decel,2948.76,6.96,18
1759,3887162,0.0834,-0.053,0.8386,-0.6475,1.785,-0.9187,1000.2722,hard_decel,2948.82,7.02,18
1760,3887222,0.0797,-0.0402,0.9475,0.5775,-0.8662,-0.35,1000.2681,hard_decel,2948.88,7.08,18
1761,3887282,0.1837,0.1186,0.9565,1.54,-2.1875,-0.6737,1000.2742,hard_decel,2948.94,7.14,18
1762,3887342,0.1296,-0.0696,1.0482,0.2013,-0.4988,-0.2188,1000.2751,hard_decel,2949.0,7.2,18
1763,3887402,0.1003,0.0163,0.8794,0.105,-1.47,0.0,1000.2786,hard_decel,2949.06,7.26,18
1764,3887462,0.2079,-0.0251,1.0765,1.0325,-1.8813,0.0962,1000.2778,hard_decel,2949.12,7.32,18
1765,3887522,0.241,0.1115,1.2207,-1.8288,1.5137,0.035,1000.2832,hard_decel,2949.18,7.38,18
1766,3887582,0.2069,0.1213,0.9638,0.315,2.1437,0.4462,1000.2715,hard_decel,2949.24,7.44,18
1767,3887642,0.1183,-0.0442,1.0722,2.485,2.4237,-0.0525,1000.2898,hard_decel,2949.3,7.5,18
1768,3887702,0.0697,-0.083,0.842,-1.1375,3.3338,-0.1925,1000.281,hard_decel,2949.36,7.56,18
1769,3887762,0.0633,0.0556,0.9175,-0.8487,2.1175,-0.28,1000.2625,hard_decel,2949.42,7.62,18
1770,3887822,0.1249,0.032,0.9623,-0.4462,3.0187,-0.49,1000.2856,hard_decel,2949.48,7.68,18
1771,3887882,0.1784,-0.0054,1.016,-1.1025,0.0,0.0088,1000.2688,hard_decel,2949.54,7.74,18
1772,3887942,0.1688,-0.0137,0.9268,-0.3063,0.2625,-0.14,1000.2773,hard_decel,2949.6,7.8,18
1773,3888002,0.1288,-0.1005,0.988,0.5163,1.575,-0.4988,1000.2712,hard_decel,2949.66,7.86,18
1774,3888062,0.0657,0.1378,0.9084,-0.42,0.3413,-0.0437,1000.2905,hard_decel,2949.72,7.92,18
1775,3888122,0.1235,0.0203,0.9819,0.0613,-1.0063,-0.945,1000.302,hard_decel,2949.78,7.98,18
1776,3888182,0.1815,0.1081,1.014,0.4988,-0.4638,-0.4112,1000.293,hard_decel,2949.84,8.04,18
1777,3888242,0.233,0.0715,1.0594,-1.82,0.6475,-0.4462,1000.2952,hard_decel,2949.9,8.1,18
1778,3888302,0.193,-0.0376,1.013,-1.8288,0.0262,-0.4375,1000.3132,hard_decel,2949.96,8.16,18
1779,3888362,0.171,0.0754,1.037,0.4375,-0.5163,-0.5337,1000.2957,hard_decel,2950.02,8.22,18
1780,3888422,0.1213,-0.0374,0.9341,0.8487,-1.1287,-0.21,1000.304,hard_decel,2950.08,8.28,18
1781,3888482,0.2054,0.0259,0.9809,-0.805,-0.9712,-1.1113,1000.2952,hard_decel,2950.14,8.34,18
1782,3888542,0.1459,0.044,1.0004,0.28,1.2075,-1.2862,1000.2954,hard_decel,2950.2,8.4,18
1783,3888602,0.1001,0.0564,0.9362,1.0675,2.66,-2.59,1000.3054,hard_decel,2950.26,8.46,18
1784,3888662,0.0519,0.0685,1.0014,-0.1925,1.4525,-3.5087,1000.3105,hard_decel,2950.32,8.52,18
1785,3888722,0.0798,0.112,1.0533,0.4638,1.4963,-4.5325,1000.2993,hard_decel,2950.38,8.58,18
1786,3888782,0.1476,0.1864,0.9745,0.9362,0.9712,-6.3875,1000.3127,hard_decel,2950.44,8.64,18
1787,3888842,0.1102,0.0408,0.9052,-0.7,-1.6712,-8.0763,1000.3113,hard_decel,2950.5,8.7,18
1788,3888902,0.1249,0.154,1.0255,1.225,0.6212,-8.4525,1000.3159,hard_decel,2950.56,8.76,18
1789,3888962,0.1274,0.1196,0.8825,0.1488,-1.6363,-11.13,1000.3096,hard_decel,2950.62,8.82,18
1790,3889022,0.1474,0.2055,1.0521,-0.8838,-1.015,-11.095,1000.3198,hard_decel,2950.68,8.88,18
1791,3889082,0.0974,0.0681,0.9963,-0.6737,0.8225,-12.5037,1000.3081,hard_decel,2950.74,8.94,18
1792,3889142,0.1527,0.052,1.0175,-0.6388,-0.8138,-12.7925,1000.3088,hard_decel,2950.8,9.0,18
1793,3889202,0.0988,0.2004,1.0426,-0.7,0.1663,-13.4925,1000.3279,hard_decel,2950.86,9.06,18
1794,3889262,0.0703,0.0607,0.9279,0.7175,0.875,-14.6038,1000.3333,hard_decel,2950.92,9.12,18
1795,3889322,0.0664,0.0529,0.9889,-0.8575,-0.245,-14.805,1000.3269,hard_decel,2950.98,9.18,18
1796,3889382,0.0956,0.1326,0.9809,-2.1613,-1.2162,-15.8638,1000.3301,hard_decel,2951.04,9.24,18
1797,3889442,0.1286,0.1094,0.9508,-1.2337,-1.225,-17.2463,1000.3167,hard_decel,2951.1,9.3,18
1798,3889502,-0.0336,0.1322,1.0228,1.2862,1.3737,-17.1938,1000.3186,hard_decel,2951.16,9.36,18
1799,3889562,0.0021,0.1349,0.9745,-0.035,2.3363,-18.4713,1000.3208,hard_decel,2951.22,9.42,18
1800,3889622,0.1323,0.0859,1.0529,-0.7437,0.1225,-18.655,1000.3291,hard_decel,2951.28,9.48,18
1801,3955382,0.1013,-0.1552,0.8394,0.5863,1.7062,0.28,999.4263,hard_decel,3017.04,0.0,19
1802,3955442,-0.0525,0.0156,0.5788,-0.245,-7.2188,-0.0262,999.4539,hard_decel,3017.1,0.06,19
1803,3955502,0.1102,-0.0922,1.1295,1.2687,-3.3163,-0.735,999.447,hard_decel,3017.16,0.12,19
1804,3955562,0.1864,0.0822,1.0814,0.6475,3.2375,-0.3063,999.4226,hard_decel,3017.22,0.18,19
1805,3955622,-0.031,-0.0736,0.7092,-2.9488,3.4825,0.7962,999.439,hard_decel,3017.28,0.24,19
1806,3955682,0.1681,0.0991,1.1794,-0.6475,-0.6475,0.3938,999.4629,hard_decel,3017.34,0.3,19
1807,3955742,0.134,0.1295,1.0872,-0.735,0.3762,0.9538,999.49,hard_decel,3017.4,0.36,19
1808,3955802,0.1913,0.089,1.0524,0.035,1.225,0.245,999.5056,hard_decel,3017.46,0.42,19
1809,3955862,0.0522,-0.07,0.5932,-4.3137,-0.8313,-0.3587,999.5154,hard_decel,3017.52,0.48,19
1810,3955922,0.1588,-0.1062,0.8904,5.7838,3.2025,-0.245,999.5261,hard_decel,3017.58,0.54,19
1811,3955982,0.1854,0.0883,1.2198,-3.3163,-1.4612,-0.1138,999.541,hard_decel,3017.64,0.6,19
1812,3956042,0.4694,0.0441,1.9419,3.1937,11.9263,-0.5337,999.5486,hard_decel,3017.7,0.66,19
1813,3956102,0.0879,-0.1986,1.2305,4.9437,11.7863,-0.7262,999.5527,hard_decel,3017.76,0.72,19
1814,3956162,0.142,-0.038,1.1119,1.6537,-0.56,-0.3237,999.5491,hard_decel,3017.82,0.78,19
1815,3956222,0.2169,0.0332,1.07,0.2713,-7.035,2.0738,999.5837,hard_decel,3017.88,0.84,19
1816,3956282,0.264,0.2796,1.1597,-0.875,-1.1463,0.0,999.5847,hard_decel,3017.94,0.9,19
1817,3956342,0.1771,0.029,0.8625,-1.0938,-4.2613,0.875,999.5869,hard_decel,3018.0,0.96,19
1818,3956402,0.2072,-0.0165,1.2525,1.4875,1.5838,0.4812,999.6194,hard_decel,3018.06,1.02,19
1819,3956462,0.1754,0.2252,0.922,0.7,-5.985,0.2362,999.6379,hard_decel,3018.12,1.08,19
1820,3956522,0.1613,-0.1603,1.0743,-1.6275,3.9462,0.5512,999.6479,hard_decel,3018.18,1.14,19
1821,3956582,0.223,-0.0034,1.0707,0.35,8.9075,0.2975,999.6794,hard_decel,3018.24,1.2,19
1822,3956642,0.1811,-0.0134,1.0797,-0.6037,0.9975,0.3762,999.7109,hard_decel,3018.3,1.26,19
1823,3956702,0.0264,-0.0098,0.8182,2.5812,3.0712,0.14,999.7041,hard_decel,3018.36,1.32,19
1824,3956762,0.2711,0.1296,1.039,-6.1163,0.0962,0.735,999.7185,hard_decel,3018.42,1.38,19
1825,3956822,0.1263,-0.1625,1.0251,-4.1038,1.8637,1.9425,999.7275,hard_decel,3018.48,1.44,19
1826,3956882,0.2735,-0.0144,1.2099,-0.84,0.0088,0.1663,999.7173,hard_decel,3018.54,1.5,19
1827,3956942,0.1613,-0.0956,0.721,-2.8438,-1.6625,0.8575,999.718,hard_decel,3018.6,1.56,19
1828,3957002,0.1729,-0.2245,0.7765,-1.8112,-4.0687,0.8225,999.71,hard_decel,3018.66,1.62,19
1829,3957062,0.235,0.0748,1.078,-1.225,-1.6187,0.4025,999.6997,hard_decel,3018.72,1.68,19
1830,3957122,0.212,0.0924,1.0072,0.3063,-3.3425,0.91,999.7197,hard_decel,3018.78,1.74,19
1831,3957182,0.1829,-0.0239,0.8492,1.9338,2.7037,-0.0088,999.719,hard_decel,3018.84,1.8,19
1832,3957242,0.2567,-0.037,0.9282,-4.8125,-4.06,-0.2625,999.7031,hard_decel,3018.9,1.86,19
1833,3957302,0.3435,0.0795,1.371,3.92,4.97,0.455,999.7202,hard_decel,3018.96,1.92,19
1834,3957362,0.3882,-0.0107,1.1783,-1.9162,-3.71,0.5775,999.7107,hard_decel,3019.02,1.98,19
1835,3957422,0.1402,0.2342,1.0741,6.93,1.575,0.63,999.7446,hard_decel,3019.08,2.04,19
1836,3957482,0.2145,-0.174,1.1333,5.7137,1.12,-0.2975,999.7219,hard_decel,3019.14,2.1,19
1837,3957542,0.2072,0.0766,1.1544,-1.9775,6.5188,0.525,999.7419,hard_decel,3019.2,2.16,19
1838,3957602,0.207,0.1588,0.8364,6.3875,-0.1138,0.8138,999.7317,hard_decel,3019.26,2.22,19
1839,3957662,0.2211,-0.0891,1.136,3.3512,1.2337,0.4812,999.7712,hard_decel,3019.32,2.28,19
1840,3957722,0.1815,0.123,0.8731,4.1475,2.03,-0.1663,999.7502,hard_decel,3019.38,2.34,19
1841,3957782,0.1778,0.0368,0.9755,0.9362,-0.0787,0.315,999.7847,hard_decel,3019.44,2.4,19
1842,3957842,0.2374,0.0564,1.0599,1.9512,1.505,0.1838,999.8105,hard_decel,3019.5,2.46,19
1843,3957902,0.273,-0.0308,0.9053,2.555,0.0175,0.21,999.8193,hard_decel,3019.56,2.52,19
1844,3957962,0.3579,0.0237,1.0962,4.8562,-3.8238,0.105,999.8394,hard_decel,3019.62,2.58,19
1845,3958022,0.1544,0.0157,0.9358,5.705,0.9887,-0.9975,999.876,hard_decel,3019.68,2.64,19
1846,3958082,0.232,0.1391,1.0931,-0.5863,2.975,0.1663,999.8562,hard_decel,3019.74,2.7,19
1847,3958142,0.306,0.0173,0.9911,-6.335,0.6475,0.2625,999.8696,hard_decel,3019.8,2.76,19
1848,3958202,0.172,-0.3767,1.2476,-1.2425,11.4187,0.4375,999.8979,hard_decel,3019.86,2.82,19
1849,3958262,0.3842,0.189,1.3848,4.8125,3.7188,0.3675,999.9172,hard_decel,3019.92,2.88,19
1850,3958322,0.2819,-0.0041,1.2522,7.6125,-1.0412,1.0938,999.925,hard_decel,3019.98,2.94,19
1851,3958382,0.3759,0.123,1.27,-4.6988,-8.7325,1.4612,999.8882,hard_decel,3020.04,3.0,19
1852,3958442,0.0471,0.0307,0.8879,3.92,-4.0075,-0.56,999.887,hard_decel,3020.1,3.06,19
1853,3958502,0.1586,-0.1296,0.8184,-2.9662,-3.7975,-1.0412,999.8862,hard_decel,3020.16,3.12,19
1854,3958562,0.1216,0.0988,1.0297,0.4812,-2.6862,-0.2275,999.8784,hard_decel,3020.22,3.18,19
1855,3958622,0.179,-0.1757,1.0038,-2.24,3.1237,1.1638,999.8855,hard_decel,3020.28,3.24,19
1856,3958682,0.1432,0.0432,0.8694,-1.68,2.6075,1.9512,999.8918,hard_decel,3020.34,3.3,19
1857,3958742,0.1673,-0.0986,0.9636,-0.28,-2.45,0.91,999.8984,hard_decel,3020.4,3.36,19
1858,3958802,0.1942,0.0428,0.9148,-0.2275,-1.82,0.2625,999.8801,hard_decel,3020.46,3.42,19
1859,3958862,0.1997,-0.072,1.0595,-1.3125,-0.07,0.0262,999.8748,hard_decel,3020.52,3.48,19
1860,3958922,0.206,-0.0127,1.0026,0.3587,-1.75,0.6913,999.8589,hard_decel,3020.58,3.54,19
1861,3958982,0.2223,0.0392,1.0492,-1.155,-0.175,0.2275,999.8945,hard_decel,3020.64,3.6,19
1862,3959042,0.1566,0.0291,0.8904,-2.1175,-0.0088,0.525,999.9182,hard_decel,3020.7,3.66,19
1863,3959102,0.1964,-0.0134,1.0172,-1.2862,0.9625,0.4988,999.9285,hard_decel,3020.76,3.72,19
1864,3959162,0.1361,0.0324,0.9109,0.0525,1.6888,0.0437,999.9119,hard_decel,3020.82,3.78,19
1865,3959222,0.1842,-0.0079,1.0168,-0.7175,-1.9425,0.1838,999.9077,hard_decel,3020.88,3.84,19
1866,3959282,0.1635,0.0141,0.9894,-0.735,-0.0962,0.3325,999.8938,hard_decel,3020.94,3.9,19
1867,3959342,0.1376,-0.0529,0.8821,-2.415,-0.3063,-0.0613,999.8567,hard_decel,3021.0,3.96,19
1868,3959402,0.16,0.0068,1.0792,-1.575,1.2337,0.3325,999.876,hard_decel,3021.06,4.02,19
1869,3959462,0.0653,-0.0928,0.8517,-3.7887,1.1638,0.28,999.8928,hard_decel,3021.12,4.08,19
1870,3959522,0.2006,-0.0093,0.9717,-0.4462,0.1663,-0.105,999.915,hard_decel,3021.18,4.14,19
1871,3959582,0.1479,-0.0051,1.0478,-1.1812,0.0,-0.2362,999.9302,hard_decel,3021.24,4.2,19
1872,3959642,0.1291,0.0608,0.9331,-5.3288,-0.315,-0.0262,999.946,hard_decel,3021.3,4.26,19
1873,3959702,0.1527,0.0041,0.793,-1.6975,-4.2613,0.6037,999.9465,hard_decel,3021.36,4.32,19
1874,3959762,0.1544,-0.0652,0.9659,-3.9813,0.3762,-0.3413,999.9692,hard_decel,3021.42,4.38,19
1875,3959822,0.276,0.0758,1.0778,3.3425,-1.5925,-0.1575,999.959,hard_decel,3021.48,4.44,19
1876,3959882,0.1691,-0.0964,1.004,0.3938,1.47,0.1663,999.978,hard_decel,3021.54,4.5,19
1877,3959942,0.1901,0.0839,0.9455,1.155,1.5838,-0.0088,999.9866,hard_decel,3021.6,4.56,19
1878,3960002,0.203,0.0197,1.0167,-1.1375,1.3125,0.1138,999.9802,hard_decel,3021.66,4.62,19
1879,3960062,0.1974,0.0193,1.1349,1.8288,0.0437,0.0875,1000.0034,hard_decel,3021.72,4.68,19
1880,3960122,0.1566,-0.0623,0.9967,0.6037,-1.2162,-0.3762,1000.0322,hard_decel,3021.78,4.74,19
1881,3960182,0.2552,0.0001,1.1025,-0.3063,-1.7413,-0.455,1000.0161,hard_decel,3021.84,4.8,19
1882,3960242,0.2816,0.1304,1.0859,-2.5988,2.4237,0.1838,1000.0107,hard_decel,3021.9,4.86,19
1883,3960302,0.3228,-0.0483,1.1114,-1.7675,-1.1375,-0.8925,1000.0208,hard_decel,3021.96,4.92,19
1884,3960362,0.2479,-0.031,1.1472,1.3737,0.42,-0.0437,1000.0117,hard_decel,3022.02,4.98,19
1885,3960422,0.1588,0.0339,1.0754,0.4288,3.2462,-0.2275,1000.0251,hard_decel,3022.08,5.04,19
1886,3960482,-0.043,-0.0525,1.1402,-0.8225,9.2487,0.2887,1000.0151,hard_decel,3022.14,5.1,19
1887,3960542,0.1086,-0.1188,0.921,-4.6112,8.085,0.0525,1000.0215,hard_decel,3022.2,5.16,19
1888,3960602,0.283,0.0564,1.2981,-0.4638,5.53,-0.0437,1000.0251,hard_decel,3022.26,5.22,19
1889,3960662,0.171,0.1283,1.0544,1.995,0.5075,-0.5163,1000.0398,hard_decel,3022.32,5.28,19
1890,3960722,0.204,-0.0698,1.2408,0.1925,-1.68,-0.5688,1000.05,hard_decel,3022.38,5.34,19
1891,3960782,0.1579,-0.1105,1.0868,1.085,-0.2362,-0.4462,1000.0452,hard_decel,3022.44,5.4,19
1892,3960842,0.1362,-0.0666,0.9923,0.6125,-1.1375,0.28,1000.0562,hard_decel,3022.5,5.46,19
1893,3960902,0.1549,-0.0661,0.9518,1.4175,-0.1225,-0.0262,1000.072,hard_decel,3022.56,5.52,19
1894,3960962,0.1454,0.0273,1.0455,-0.3675,3.4475,-0.77,1000.0725,hard_decel,3022.62,5.58,19
1895,3961022,0.1302,-0.0178,0.9009,-0.77,1.8637,-0.0088,1000.0842,hard_decel,3022.68,5.64,19
1896,3961082,0.0825,-0.0297,0.8457,4.1825,2.2137,0.6562,1000.0859,hard_decel,3022.74,5.7,19
1897,3961142,0.0398,-0.0418,0.7894,1.7675,-2.4588,-0.0787,1000.1067,hard_decel,3022.8,5.76,19
1898,3961202,0.1361,0.0407,0.9525,-1.2513,-1.6363,-0.7788,1000.0835,hard_decel,3022.86,5.82,19
1899,3961262,0.1847,0.019,1.0119,1.2513,-0.9362,0.4725,1000.0972,hard_decel,3022.92,5.88,19
1900,3961322,0.0769,-0.0278,0.8957,-0.5163,2.31,-0.35,1000.1011,hard_decel,3022.98,5.94,19
1901,3961382,0.186,0.0268,1.005,-1.3913,0.1575,-0.5863,1000.0869,hard_decel,3023.04,6.0,19
1902,3961442,0.1593,0.0373,1.0333,2.1437,0.42,-0.735,1000.1096,hard_decel,3023.1,6.06,19
1903,3961502,0.0273,-0.0336,0.6347,6.3787,0.5163,-0.1225,1000.1257,hard_decel,3023.16,6.12,19
1904,3961562,0.0483,-0.0016,0.7967,-1.9162,-0.7788,-0.2362,1000.1333,hard_decel,3023.22,6.18,19
1905,3961622,0.1305,-0.0327,1.1534,0.5337,1.12,-0.105,1000.1299,hard_decel,3023.28,6.24,19
1906,3961682,0.0581,0.0949,0.9911,0.4638,-0.7437,-0.2362,1000.1499,hard_decel,3023.34,6.3,19
1907,3961742,0.1116,-0.0061,0.9323,-2.0563,-2.4938,-0.4638,1000.175,hard_decel,3023.4,6.36,19
1908,3961802,0.1308,-0.0321,0.9526,-0.4112,-0.3063,-0.9625,1000.1895,hard_decel,3023.46,6.42,19
1909,3961862,0.1604,0.0951,1.1017,1.0675,4.7775,-0.42,1000.2029,hard_decel,3023.52,6.48,19
1910,3961922,0.0747,0.0402,0.8194,-5.6438,-0.1312,-0.7,1000.1814,hard_decel,3023.58,6.54,19
1911,3961982,0.1593,-0.072,1.096,1.0938,4.4538,-0.525,1000.1614,hard_decel,3023.64,6.6,19
1912,3962042,0.0395,-0.0442,0.8274,2.8,2.1263,-0.9975,1000.1738,hard_decel,3023.7,6.66,19
1913,3962102,0.1396,0.1827,1.1324,-3.0712,2.2838,-1.0412,1000.1768,hard_decel,3023.76,6.72,19
1914,3962162,0.0569,0.0364,0.9016,-0.35,-1.5137,-0.455,1000.1597,hard_decel,3023.82,6.78,19
1915,3962222,0.0715,0.1164,1.1708,4.6462,-0.6388,-0.0437,1000.1934,hard_decel,3023.88,6.84,19
1916,3962282,0.1698,-0.0078,1.0914,-3.955,-0.8662,0.245,1000.1853,hard_decel,3023.94,6.9,19
1917,3962342,0.0575,-0.0443,0.814,-0.7525,-0.735,-0.175,1000.1909,hard_decel,3024.0,6.96,19
1918,3962402,0.0747,-0.0608,1.0248,0.1925,-1.33,-0.4375,1000.2019,hard_decel,3024.06,7.02,19
1919,3962462,0.1555,-0.1203,0.8589,2.1437,-3.2113,0.0175,1000.1787,hard_decel,3024.12,7.08,19
1920,3962522,0.2378,0.032,1.043,0.945,-6.1337,0.0262,1000.1965,hard_decel,3024.18,7.14,19
1921,3962582,0.2237,0.1573,1.2592,-0.5075,-2.2137,-0.1138,1000.1543,hard_decel,3024.24,7.2,19
1922,3962642,0.071,-0.0656,0.9865,0.0787,0.2362,0.5688,1000.1855,hard_decel,3024.3,7.26,19
1923,3962702,0.029,0.0437,0.9316,-0.455,0.8138,-0.1138,1000.1946,hard_decel,3024.36,7.32,19
1924,3962762,0.11,-0.0572,1.0533,-2.3363,0.1838,-0.385,1000.2017,hard_decel,3024.42,7.38,19
1925,3962822,0.0841,-0.0236,0.976,-0.1225,-2.1437,-0.3063,1000.1948,hard_decel,3024.48,7.44,19
1926,3962882,0.0486,-0.0115,0.8592,-0.07,-2.31,-0.42,1000.1826,hard_decel,3024.54,7.5,19
1927,3962942,0.0625,0.0039,0.8491,0.84,-1.2862,-0.245,1000.1753,hard_decel,3024.6,7.56,19
1928,3963002,0.1516,-0.0259,0.9063,-2.4762,1.54,-0.385,1000.1743,hard_decel,3024.66,7.62,19
1929,3963062,0.1611,0.0159,1.0214,0.35,1.12,-0.3063,1000.1775,hard_decel,3024.72,7.68,19
1930,3963122,0.0712,-0.0422,1.0146,0.2887,0.8313,-0.875,1000.1799,hard_decel,3024.78,7.74,19
1931,3963182,0.1403,0.0654,1.0095,0.525,-1.6363,-0.6037,1000.1836,hard_decel,3024.84,7.8,19
1932,3963242,0.1108,-0.0325,0.9999,-2.8438,0.2713,0.035,1000.1675,hard_decel,3024.9,7.86,19
1933,3963302,0.1037,0.0003,0.9253,-0.7262,0.8487,-0.2188,1000.1697,hard_decel,3024.96,7.92,19
1934,3963362,0.0836,-0.0317,0.9188,-2.2225,-1.2075,-0.84,1000.1733,hard_decel,3025.02,7.98,19
1935,3963422,0.0702,-0.1212,1.0487,-0.9712,0.07,0.0525,1000.1729,hard_decel,3025.08,8.04,19
1936,3963482,0.1306,0.0553,0.9804,0.665,-3.185,-0.2013,1000.1794,hard_decel,3025.14,8.1,19
1937,3963542,0.0947,-0.0564,1.0704,0.84,1.5137,0.1312,1000.186,hard_decel,3025.2,8.16,19
1938,3963602,0.0615,-0.0382,0.9712,1.1463,0.8838,-0.1488,1000.1624,hard_decel,3025.26,8.22,19
1939,3963662,0.1286,0.059,1.0225,-0.0613,1.6888,0.0613,1000.1575,hard_decel,3025.32,8.28,19
1940,3963722,0.0892,-0.0776,1.0968,-0.4462,2.3625,0.245,1000.1606,hard_decel,3025.38,8.34,19
1941,3963782,0.0647,-0.0034,1.0348,0.0613,2.1613,0.9013,1000.1611,hard_decel,3025.44,8.4,19
1942,3963842,0.1108,-0.0651,0.9669,-0.2013,-1.155,0.175,1000.1433,hard_decel,3025.5,8.46,19
1943,3963902,0.0748,0.0778,0.9873,-1.47,-0.5688,0.1312,1000.1614,hard_decel,3025.56,8.52,19
1944,3963962,0.1757,-0.0239,1.1212,-0.6212,1.5838,-0.0787,1000.1423,hard_decel,3025.62,8.58,19
1945,3964022,0.0308,-0.0859,0.9472,1.82,-0.0525,0.8838,1000.1533,hard_decel,3025.68,8.64,19
1946,3964082,0.0356,0.0615,1.0331,0.3063,-0.1575,-0.1138,1000.156,hard_decel,3025.74,8.7,19
1947,3964142,0.0991,-0.1044,0.9101,1.085,-1.1638,-0.2275,1000.1431,hard_decel,3025.8,8.76,19
1948,3964202,0.0466,-0.0719,0.8411,-1.3388,2.2925,0.0437,1000.1636,hard_decel,3025.86,8.82,19
1949,3964262,0.0847,0.0441,1.064,1.1025,1.54,0.3063,1000.1641,hard_decel,3025.92,8.88,19
1950,3964322,0.1191,-0.0969,1.1102,0.1488,1.0325,0.0787,1000.167,hard_decel,3025.98,8.94,19
1951,3964382,0.1554,-0.0084,1.1301,2.17,0.2887,0.1925,1000.1536,hard_decel,3026.04,9.0,19
1952,3964442,0.0632,-0.0065,1.0282,1.6625,1.1463,0.2362,1000.1636,hard_decel,3026.1,9.06,19
1953,3964502,0.0356,-0.0839,0.8933,-1.05,-1.3125,0.105,1000.1548,hard_decel,3026.16,9.12,19
1954,3964562,0.0854,-0.0003,0.9794,1.75,0.1138,0.3237,1000.1743,hard_decel,3026.22,9.18,19
1955,3964622,0.0888,-0.0893,0.9897,-0.5337,0.4812,0.4025,1000.1655,hard_decel,3026.28,9.24,19
1956,3964682,0.0254,-0.0268,0.9247,-0.6125,0.4638,0.7262,1000.167,hard_decel,3026.34,9.3,19
1957,3964742,0.0741,0.0076,1.0873,0.4812,1.0762,0.1575,1000.1675,hard_decel,3026.4,9.36,19
1958,3964802,0.0121,-0.1342,0.8352,1.2775,0.9362,0.4638,1000.1836,hard_decel,3026.46,9.42,19
1959,4043822,0.0276,0.2013,0.8793,-1.015,1.3212,0.7088,999.4033,hard_decel,3105.48,0.0,20
1960,4043882,0.2045,-0.052,1.1261,0.385,-1.8463,-0.9887,999.4209,hard_decel,3105.54,0.06,20
1961,4043942,0.027,0.295,1.0347,-0.2975,1.2775,-0.63,999.437,hard_decel,3105.6,0.12,20
1962,4044002,0.151,0.0694,1.1092,-0.9625,2.0213,0.0175,999.4277,hard_decel,3105.66,0.18,20
1963,4044062,0.1382,-0.0392,0.921,1.1287,-2.31,0.1312,999.428,hard_decel,3105.72,0.24,20
1964,4044122,0.1523,0.0236,1.0558,-4.1125,-3.9462,0.4988,999.4612,hard_decel,3105.78,0.3,20
1965,4044182,0.0607,-0.0004,1.0244,0.2713,-0.7962,0.9275,999.4885,hard_decel,3105.84,0.36,20
1966,4044242,0.0834,0.0522,0.8845,-1.0675,0.3237,-0.1488,999.4773,hard_decel,3105.9,0.42,20
1967,4044302,0.1821,0.0539,1.0873,-2.135,1.715,0.0875,999.4778,hard_decel,3105.96,0.48,20
1968,4044362,0.128,0.0642,1.0593,-2.7738,0.3413,0.1138,999.5029,hard_decel,3106.02,0.54,20
1969,4044422,0.0715,0.1279,1.0185,-2.555,-0.5775,0.4812,999.5251,hard_decel,3106.08,0.6,20
1970,4044482,0.1071,0.0447,1.0287,-4.165,-0.735,0.3587,999.531,hard_decel,3106.14,0.66,20
1971,4044542,0.0032,-0.0059,0.8796,-1.7062,1.19,0.3237,999.5559,hard_decel,3106.2,0.72,20
1972,4044602,0.1683,0.0305,1.0531,-1.9425,0.7613,0.0613,999.5867,hard_decel,3106.26,0.78,20
1973,4044662,0.1045,0.1466,1.0043,-5.0575,-2.4938,0.14,999.5647,hard_decel,3106.32,0.84,20
1974,4044722,0.1057,-0.0125,1.0726,-5.5825,-0.9712,0.1575,999.5142,hard_decel,3106.38,0.9,20
1975,4044782,0.021,0.0109,1.0838,2.7037,-0.35,-0.0525,999.4966,hard_decel,3106.44,0.96,20
1976,4044842,0.092,-0.0581,0.9594,-0.3325,1.6187,0.1138,999.5098,hard_decel,3106.5,1.02,20
1977,4044902,0.1449,-0.0984,0.9023,-1.8025,-0.9975,-0.0875,999.5337,hard_decel,3106.56,1.08,20
1978,4044962,0.113,0.0154,0.9367,0.56,0.385,-0.63,999.552,hard_decel,3106.62,1.14,20
1979,4045022,0.08,0.0415,1.1076,-3.2113,3.6837,0.7437,999.6145,hard_decel,3106.68,1.2,20
1980,4045082,0.1297,-0.0761,0.9628,-0.3938,-0.5075,-0.0962,999.6169,hard_decel,3106.74,1.26,20
1981,4045142,0.27,0.0585,1.0333,-0.0262,6.1163,0.2887,999.6331,hard_decel,3106.8,1.32,20
1982,4045202,0.0988,-0.0576,1.0039,-3.8763,2.7562,-0.175,999.6477,hard_decel,3106.86,1.38,20
1983,4045262,0.245,0.0217,1.3827,3.3338,3.3775,-0.4462,999.6704,hard_decel,3106.92,1.44,20
1984,4045322,0.1838,0.0631,1.149,0.2275,0.945,-0.2275,999.6787,hard_decel,3106.98,1.5,20
1985,4045382,0.1801,-0.0823,0.8264,-1.2513,-1.575,0.315,999.698,hard_decel,3107.04,1.56,20
1986,4045442,0.3121,0.0073,0.9919,-3.57,-0.6825,0.1575,999.6855,hard_decel,3107.1,1.62,20
1987,4045502,0.2092,0.0598,0.8594,-0.9187,-2.3888,-0.7613,999.708,hard_decel,3107.16,1.68,20
1988,4045562,0.2308,-0.0776,0.9643,-1.0762,-0.9975,-0.1663,999.7068,hard_decel,3107.22,1.74,20
1989,4045622,0.2679,0.0622,0.9074,2.0912,-2.6688,-0.8225,999.7102,hard_decel,3107.28,1.8,20
1990,4045682,0.2225,-0.1146,1.1414,1.3212,-1.4525,-1.3475,999.7661,hard_decel,3107.34,1.86,20
1991,4045742,0.2078,0.1365,1.0693,5.7488,4.9525,0.0613,999.7385,hard_decel,3107.4,1.92,20
1992,4045802,0.2155,0.0252,0.8707,-1.3913,1.855,0.1138,999.7651,hard_decel,3107.46,1.98,20
1993,4045862,0.3977,-0.0352,1.2517,-2.87,-3.22,-0.5425,999.7825,hard_decel,3107.52,2.04,20
1994,4045922,0.1949,-0.0603,0.9447,2.0475,2.765,1.505,999.7966,hard_decel,3107.58,2.1,20
1995,4045982,0.3065,0.1034,0.9887,-0.7613,-1.0675,0.4725,999.7915,hard_decel,3107.64,2.16,20
1996,4046042,0.1357,0.1583,1.2527,12.3287,12.9412,-0.7788,999.8098,hard_decel,3107.7,2.22,20
1997,4046102,0.2844,-0.3031,1.0136,1.225,2.8525,-0.2975,999.8435,hard_decel,3107.76,2.28,20
1998,4046162,0.4499,-0.0514,1.0355,-3.955,2.975,0.175,999.8257,hard_decel,3107.82,2.34,20
1999,4046222,0.2533,0.0349,0.9945,-1.3913,0.2537,2.2225,999.8357,hard_decel,3107.88,2.4,20
2000,4046282,0.3975,0.185,0.761,-4.025,-2.03,-0.7875,999.8235,hard_decel,3107.94,2.46,20
2001,4046342,0.2223,-0.0925,0.7249,-1.3825,-7.7175,-0.0787,999.863,hard_decel,3108.0,2.52,20
2002,4046402,0.3057,0.081,0.9565,-2.5463,-4.6112,0.0437,999.8557,hard_decel,3108.06,2.58,20
2003,4046462,0.2786,-0.063,0.9496,-2.3363,-0.8313,0.4375,999.8752,hard_decel,3108.12,2.64,20
2004,4046522,0.2485,-0.1491,0.9543,-2.9838,-0.9712,0.6913,999.9026,hard_decel,3108.18,2.7,20
2005,4046582,0.2444,-0.0134,0.9902,-2.0387,-0.8575,0.6475,999.9111,hard_decel,3108.24,2.76,20
2006,4046642,0.2928,-0.1327,0.9133,-0.7613,2.2225,0.5075,999.8962,hard_decel,3108.3,2.82,20
2007,4046702,0.2708,-0.0071,1.0456,-3.7713,0.07,-0.6037,999.9199,hard_decel,3108.36,2.88,20
2008,4046762,0.3289,-0.0752,1.0178,2.4938,0.7437,0.1838,999.9182,hard_decel,3108.42,2.94,20
2009,4046822,0.3174,-0.05,1.0756,-1.4875,2.3625,0.3675,999.9285,hard_decel,3108.48,3.0,20
2010,4046882,0.2262,-0.1249,0.9115,-1.8025,5.2587,-0.2975,999.9473,hard_decel,3108.54,3.06,20
2011,4046942,0.1847,-0.058,0.8376,-0.0875,4.48,0.5688,999.9414,hard_decel,3108.6,3.12,20
2012,4047002,0.2777,-0.0708,0.9347,-0.385,-0.4025,-0.2188,999.9431,hard_decel,3108.66,3.18,20
2013,4047062,0.3338,0.052,1.0236,1.785,-1.4612,0.6475,999.9705,hard_decel,3108.72,3.24,20
2014,4047122,0.3796,0.0042,1.1852,-0.035,-0.1925,0.4988,999.9895,hard_decel,3108.78,3.3,20
2015,4047182,0.3323,0.1655,0.913,-0.6825,-3.3425,-0.2975,999.9841,hard_decel,3108.84,3.36,20
2016,4047242,0.2352,-0.1078,0.9917,-1.75,3.1762,-0.0175,999.9814,hard_decel,3108.9,3.42,20
2017,4047302,0.3315,0.0224,1.0263,1.0237,-0.1225,-0.6475,1000.0027,hard_decel,3108.96,3.48,20
2018,4047362,0.305,0.0349,1.051,0.5688,1.0237,0.0175,1000.0242,hard_decel,3109.02,3.54,20
2019,4047422,0.3928,-0.0185,1.0128,1.61,-3.57,-0.2975,1000.0127,hard_decel,3109.08,3.6,20
2020,4047482,0.1997,0.0546,0.6939,3.2375,-2.3888,-1.4,1000.0171,hard_decel,3109.14,3.66,20
2021,4047542,0.4201,0.1357,1.2521,1.925,0.2887,-0.8313,1000.032,hard_decel,3109.2,3.72,20
2022,4047602,0.4061,-0.0871,1.0271,1.0412,-1.0063,-0.5163,1000.0337,hard_decel,3109.26,3.78,20
2023,4047662,0.2843,0.0457,1.1148,-1.5925,-2.345,-0.0262,1000.054,hard_decel,3109.32,3.84,20
2024,4047722,0.3285,0.163,1.0135,0.2625,-1.3737,-0.0962,1000.0581,hard_decel,3109.38,3.9,20
2025,4047782,0.3819,0.0241,1.1212,0.035,-2.31,0.21,1000.0659,hard_decel,3109.44,3.96,20
2026,4047842,0.3604,0.0474,1.2895,0.945,-2.1437,-0.4988,1000.0654,hard_decel,3109.5,4.02,20
2027,4047902,0.2334,-0.0664,0.9614,0.3675,-0.0962,-1.015,1000.0769,hard_decel,3109.56,4.08,20
2028,4047962,0.4179,-0.024,1.0319,-0.5075,-2.8963,-0.2362,1000.0828,hard_decel,3109.62,4.14,20
2029,4048022,0.3342,-0.063,0.9818,0.4638,-0.8925,-0.5863,1000.0774,hard_decel,3109.68,4.2,20
2030,4048082,0.2274,-0.0224,1.0438,-2.4062,-1.47,0.3587,1000.0916,hard_decel,3109.74,4.26,20
2031,4048142,0.3173,0.166,1.3888,1.2775,-2.1263,-0.4638,1000.0833,hard_decel,3109.8,4.32,20
2032,4048202,0.2275,-0.0773,1.0436,2.7475,-5.7225,0.3063,1000.0964,hard_decel,3109.86,4.38,20
2033,4048262,0.2147,0.0239,0.8328,0.42,-2.3625,0.7,1000.1069,hard_decel,3109.92,4.44,20
2034,4048322,0.1766,-0.0944,0.8855,-0.175,0.9013,1.1463,1000.1064,hard_decel,3109.98,4.5,20
2035,4048382,0.2548,0.1034,1.0862,-2.1875,1.9512,0.9275,1000.1055,hard_decel,3110.04,4.56,20
2036,4048442,0.2162,-0.0017,0.9267,1.3388,0.4112,0.0787,1000.1223,hard_decel,3110.1,4.62,20
2037,4048502,0.21,-0.0696,1.0075,-0.4725,0.77,-0.7175,1000.1284,hard_decel,3110.16,4.68,20
2038,4048562,0.3129,-0.0215,1.1633,-1.4787,0.4638,-0.0787,1000.1252,hard_decel,3110.22,4.74,20
2039,4048622,0.2347,-0.0081,1.0729,0.8838,1.5662,0.0088,1000.1187,hard_decel,3110.28,4.8,20
2040,4048682,0.2406,-0.0439,1.1066,-0.1575,2.2313,0.4812,1000.1326,hard_decel,3110.34,4.86,20
2041,4048742,0.3079,0.0207,1.2127,-1.505,1.575,0.1925,1000.1448,hard_decel,3110.4,4.92,20
2042,4048802,0.1747,-0.0488,0.7669,-0.1838,0.5337,0.2275,1000.1545,hard_decel,3110.46,4.98,20
2043,4048862,0.2391,-0.0591,1.1366,-0.3237,-1.575,0.0875,1000.147,hard_decel,3110.52,5.04,20
2044,4048922,0.2915,0.0178,1.0887,-0.91,-0.2275,-0.0613,1000.1536,hard_decel,3110.58,5.1,20
2045,4048982,0.2477,0.0237,1.1039,-1.4175,-0.245,0.21,1000.1519,hard_decel,3110.64,5.16,20
2046,4049042,0.2345,0.0303,1.1031,1.1463,0.175,0.3938,1000.1606,hard_decel,3110.7,5.22,20
2047,4049102,0.2438,0.0117,1.1685,-0.455,2.03,0.07,1000.1567,hard_decel,3110.76,5.28,20
2048,4049162,0.2587,-0.0795,0.9226,0.6475,1.0675,0.5075,1000.175,hard_decel,3110.82,5.34,20
2049,4049222,0.2618,-0.0574,1.015,-2.4938,-1.2162,0.2362,1000.1741,hard_decel,3110.88,5.4,20
2050,4049282,0.2362,-0.0044,1.025,0.35,1.89,0.0175,1000.1702,hard_decel,3110.94,5.46,20
2051,4049342,0.2533,-0.0522,0.888,-0.42,-1.12,0.49,1000.1738,hard_decel,3111.0,5.52,20
2052,4049402,0.2748,0.0454,1.0158,0.9887,-0.4025,0.4638,1000.1721,hard_decel,3111.06,5.58,20
2053,4049462,0.2527,-0.0556,1.039,0.49,2.2662,0.2713,1000.1772,hard_decel,3111.12,5.64,20
2054,4049522,0.2196,-0.029,1.0179,-0.9625,1.1725,0.2275,1000.1887,hard_decel,3111.18,5.7,20
2055,4049582,0.2587,-0.081,1.1026,0.4725,2.065,0.525,1000.2019,hard_decel,3111.24,5.76,20
2056,4049642,0.3109,0.0608,1.0995,-0.0525,1.7413,0.4462,1000.1929,hard_decel,3111.3,5.82,20
2057,4049702,0.2188,-0.0851,0.917,-2.7387,1.6013,0.525,1000.1948,hard_decel,3111.36,5.88,20
2058,4049762,0.1838,-0.0937,0.9394,1.6888,1.0675,0.5337,1000.1975,hard_decel,3111.42,5.94,20
2059,4049822,0.1878,-0.0387,0.8348,-0.42,-2.0125,0.0787,1000.1921,hard_decel,3111.48,6.0,20
2060,4049882,0.2475,-0.058,1.046,-1.2687,1.1463,-0.1312,1000.1926,hard_decel,3111.54,6.06,20
2061,4049942,0.2887,0.0811,1.1456,2.2313,2.1088,-0.2362,1000.1963,hard_decel,3111.6,6.12,20
2062,4050002,0.2549,-0.0592,0.9916,-0.84,-2.4237,-0.105,1000.2146,hard_decel,3111.66,6.18,20
2063,4050062,0.1718,-0.1059,1.1003,1.89,-0.42,0.525,1000.2026,hard_decel,3111.72,6.24,20
2064,4050122,0.1623,-0.0626,1.043,0.8925,0.875,0.3325,1000.2119,hard_decel,3111.78,6.3,20
2065,4050182,0.1386,-0.1199,0.9029,0.665,0.3675,-0.0962,1000.2183,hard_decel,3111.84,6.36,20
2066,4050242,0.1688,-0.06,0.8504,0.49,-0.8838,0.5075,1000.2151,hard_decel,3111.9,6.42,20
2067,4050302,0.1268,-0.0819,0.8811,-0.0525,-0.315,-0.21,1000.2058,hard_decel,3111.96,6.48,20
2068,4050362,0.055,-0.0764,1.08,-0.035,2.45,0.0962,1000.2205,hard_decel,3112.02,6.54,20
2069,4050422,0.216,-0.0198,1.0378,-0.7875,1.12,-0.28,1000.2227,hard_decel,3112.08,6.6,20
2070,4050482,0.1735,-0.0556,1.1224,-0.5163,3.5175,0.0088,1000.2217,hard_decel,3112.14,6.66,20
2071,4050542,0.116,-0.0483,0.9909,-0.8487,-0.35,-0.07,1000.2224,hard_decel,3112.2,6.72,20
2072,4050602,0.0778,-0.0996,0.9579,0.2537,2.1962,-0.0875,1000.2214,hard_decel,3112.26,6.78,20
2073,4050662,0.0124,-0.0476,0.8106,-0.4988,-0.7437,-0.5075,1000.2219,hard_decel,3112.32,6.84,20
2074,4050722,0.0454,-0.0386,0.9652,1.015,-0.7788,-0.2975,1000.2173,hard_decel,3112.38,6.9,20
2075,4050782,0.0552,-0.0215,0.9548,0.7175,-0.0875,-0.0088,1000.2119,hard_decel,3112.44,6.96,20
2076,4050842,0.0964,0.0159,0.8969,0.385,-2.6512,-0.2537,1000.2192,hard_decel,3112.5,7.02,20
2077,4050902,0.0993,0.0232,0.9748,0.9187,-0.6037,-0.0175,1000.2078,hard_decel,3112.56,7.08,20
2078,4050962,0.0305,-0.0598,0.914,0.7088,1.1638,0.4812,1000.21,hard_decel,3112.62,7.14,20
2079,4051022,0.0798,-0.0119,1.0102,-0.035,0.7,0.1838,1000.2117,hard_decel,3112.68,7.2,20
2080,4051082,0.0763,-0.0442,1.0152,0.2013,1.015,0.0962,1000.2061,hard_decel,3112.74,7.26,20
2081,4051142,0.0917,0.0183,1.0477,-0.0613,-0.7437,0.21,1000.1997,hard_decel,3112.8,7.32,20
2082,4051202,0.0724,-0.0583,0.9281,-1.33,-0.21,0.385,1000.2078,hard_decel,3112.86,7.38,20
2083,4051262,-0.0051,-0.0447,0.9643,0.7437,1.6975,0.4725,1000.2058,hard_decel,3112.92,7.44,20
2084,4051322,0.0493,-0.0703,0.966,0.4725,-0.805,0.0875,1000.2114,hard_decel,3112.98,7.5,20
2085,4051382,0.0886,0.0171,0.9589,-0.5163,-1.3388,0.245,1000.2043,hard_decel,3113.04,7.56,20
2086,4051442,0.1027,-0.0193,1.0455,0.35,-0.9625,0.2625,1000.2168,hard_decel,3113.1,7.62,20
2087,4051502,0.1021,-0.0049,0.9872,0.3063,-0.7437,0.3762,1000.2222,hard_decel,3113.16,7.68,20
2088,4051562,0.0664,0.001,1.066,0.7262,-0.9975,0.245,1000.2151,hard_decel,3113.22,7.74,20
2089,4051622,0.0739,-0.0234,1.0436,0.2975,-0.9887,0.2537,1000.2139,hard_decel,3113.28,7.8,20
2090,4051682,0.0461,-0.0151,1.0238,1.68,1.12,-0.35,1000.2153,hard_decel,3113.34,7.86,20
2091,4076762,0.05,0.1473,1.0941,-1.0063,1.33,-0.4812,998.6296,hard_decel,3138.42,0.0,21
2092,4076822,0.0422,0.0327,1.0548,1.435,0.35,-0.0787,998.6423,hard_decel,3138.48,0.06,21
2093,4076882,0.1129,0.123,1.1324,1.6363,-4.4363,0.14,998.6914,hard_decel,3138.54,0.12,21
2094,4076942,0.1225,0.1142,1.3324,3.22,0.8838,-0.0962,998.6975,hard_decel,3138.6,0.18,21
2095,4077002,0.0975,0.1301,1.044,-0.7525,1.96,-0.84,998.6885,hard_decel,3138.66,0.24,21
2096,4077062,0.166,0.0293,1.0665,-5.5738,-1.925,0.7,998.7214,hard_decel,3138.72,0.3,21
2097,4077122,0.2535,-0.0157,1.1546,-2.9225,-1.1113,-0.5512,998.7102,hard_decel,3138.78,0.36,21
2098,4077182,0.1903,0.0207,0.9916,0.945,2.9925,0.5337,998.7419,hard_decel,3138.84,0.42,21
2099,4077242,0.2625,0.0695,1.12,-1.6625,-1.0762,0.2362,998.7864,hard_decel,3138.9,0.48,21
2100,4077302,0.3813,-0.0442,0.9382,-2.5812,-1.5488,0.0962,998.7859,hard_decel,3138.96,0.54,21
2101,4077362,0.2904,0.0266,0.9295,-0.0613,-0.77,0.49,998.801,hard_decel,3139.02,0.6,21
2102,4077422,0.2496,-0.0579,0.9174,0.14,-2.275,0.5688,998.8345,hard_decel,3139.08,0.66,21
2103,4077482,0.3685,-0.1132,1.1534,1.1113,-1.8463,-0.4462,998.8337,hard_decel,3139.14,0.72,21
2104,4077542,0.3206,0.0861,0.8154,0.5337,-2.1,0.0962,998.8794,hard_decel,3139.2,0.78,21
2105,4077602,0.2989,-0.0862,0.7627,-1.8813,0.6913,0.6388,998.8535,hard_decel,3139.26,0.84,21
2106,4077662,0.3559,0.1005,0.9858,0.8487,-0.9362,0.1488,998.9319,hard_decel,3139.32,0.9,21
2107,4077722,0.3916,-0.0129,0.8913,2.3888,-2.3975,0.1575,998.9128,hard_decel,3139.38,0.96,21
2108,4077782,0.4133,0.0646,1.2173,0.6037,0.0962,-0.35,998.9326,hard_decel,3139.44,1.02,21
2109,4077842,0.4646,-0.1582,0.9084,-2.38,-1.2337,1.6187,998.9875,hard_decel,3139.5,1.08,21
2110,4077902,0.451,0.2485,0.9965,6.1775,0.3063,-0.945,999.042,hard_decel,3139.56,1.14,21
2111,4077962,0.548,0.1768,1.0607,-5.32,-2.9137,0.4988,999.1052,hard_decel,3139.62,1.2,21
2112,4078022,0.4292,-0.1662,0.8918,2.73,-2.0475,1.1638,999.0793,hard_decel,3139.68,1.26,21
2113,4078082,0.3131,0.0278,0.8705,2.4675,5.0662,1.3475,999.0935,hard_decel,3139.74,1.32,21
2114,4078142,0.2274,-0.0384,0.9104,-1.2425,0.5863,-0.2975,999.1228,hard_decel,3139.8,1.38,21
2115,4078202,0.2944,-0.2559,0.8789,1.9162,-3.1325,1.1113,999.1365,hard_decel,3139.86,1.44,21
2116,4078262,0.3187,0.1613,0.8653,3.675,-0.1488,1.3913,999.1072,hard_decel,3139.92,1.5,21
2117,4078322,0.3249,-0.1285,1.0163,-4.8212,-0.5163,0.4375,999.1223,hard_decel,3139.98,1.56,21
2118,4078382,0.4766,0.0129,1.1075,-0.0088,1.4262,1.155,999.1624,hard_decel,3140.04,1.62,21
2119,4078442,0.2523,-0.0278,0.931,3.185,6.58,0.7262,999.1926,hard_decel,3140.1,1.68,21
2120,4078502,0.4609,-0.0259,0.9523,4.4625,-2.1437,-1.05,999.2881,hard_decel,3140.16,1.74,21
2121,4078562,0.3842,-0.0684,1.1729,1.8375,0.7525,-0.8662,999.314,hard_decel,3140.22,1.8,21
2122,4078622,0.358,0.2994,1.3601,-3.3863,7.42,-0.7088,999.3035,hard_decel,3140.28,1.86,21
2123,4078682,0.4072,0.1471,0.8782,-3.535,-0.2362,0.0613,999.3723,hard_decel,3140.34,1.92,21
2124,4078742,0.6135,-0.0703,1.5651,8.8112,1.4175,-1.0762,999.3992,hard_decel,3140.4,1.98,21
2125,4078802,0.3856,-0.0564,0.9548,4.0512,8.26,-1.26,999.4443,hard_decel,3140.46,2.04,21
2126,4078862,0.2852,0.1942,0.9967,1.6013,-0.8313,-0.245,999.4612,hard_decel,3140.52,2.1,21
2127,4078922,0.4389,-0.0666,0.9914,-0.7788,-4.9788,0.5337,999.5093,hard_decel,3140.58,2.16,21
2128,4078982,0.4274,0.1241,1.3147,0.5337,-4.655,-0.4725,999.5413,hard_decel,3140.64,2.22,21
2129,4079042,0.354,-0.0007,0.9398,-0.0088,-2.485,-0.2625,999.5681,hard_decel,3140.7,2.28,21
2130,4079102,0.3707,0.0378,0.8389,-2.9137,-2.3625,0.2013,999.5857,hard_decel,3140.76,2.34,21
2131,4079162,0.3863,0.033,1.178,0.5775,2.1,0.42,999.6116,hard_decel,3140.82,2.4,21
2132,4079222,0.354,-0.0691,0.8965,1.2775,-0.1225,-0.2887,999.6426,hard_decel,3140.88,2.46,21
2133,4079282,0.3477,-0.0941,0.7527,-0.7788,-0.5863,0.91,999.6562,hard_decel,3140.94,2.52,21
2134,4079342,0.2633,0.05,0.8069,0.2013,-0.175,0.4375,999.6555,hard_decel,3141.0,2.58,21
2135,4079402,0.4028,-0.0545,0.8544,-0.9187,-4.48,0.4812,999.6421,hard_decel,3141.06,2.64,21
2136,4079462,0.3543,0.001,1.0558,2.9838,-1.75,1.2862,999.6724,hard_decel,3141.12,2.7,21
2137,4079522,0.2808,0.0252,0.8487,1.12,-1.3212,1.4438,999.6736,hard_decel,3141.18,2.76,21
2138,4079582,0.3821,-0.0556,0.875,0.14,-1.12,1.1375,999.678,hard_decel,3141.24,2.82,21
2139,4079642,0.3745,0.1127,1.1408,4.2,-1.155,0.6737,999.7031,hard_decel,3141.3,2.88,21
2140,4079702,0.3772,0.0715,1.0648,3.0712,-1.8375,-0.0437,999.7261,hard_decel,3141.36,2.94,21
2141,4079762,0.428,0.0254,1.0529,0.56,0.7962,-1.1463,999.7488,hard_decel,3141.42,3.0,21
2142,4079822,0.3583,0.0414,1.0881,4.0163,1.4088,-0.945,999.7827,hard_decel,3141.48,3.06,21
2143,4079882,0.3737,0.1749,1.0729,-0.2975,1.365,-1.1375,999.7864,hard_decel,3141.54,3.12,21
2144,4079942,0.3738,-0.0154,0.875,0.2362,-1.2075,-0.665,999.8154,hard_decel,3141.6,3.18,21
2145,4080002,0.2479,-0.2282,0.9096,-3.0887,1.82,-0.3325,999.8154,hard_decel,3141.66,3.24,21
2146,4080062,0.4555,0.1595,0.9758,1.8725,-5.0662,-1.3038,999.8269,hard_decel,3141.72,3.3,21
2147,4080122,0.2455,-0.0187,0.8556,0.2713,-2.2925,-0.8838,999.8445,hard_decel,3141.78,3.36,21
2148,4080182,0.303,-0.1398,0.8145,1.6187,-0.595,-0.91,999.8779,hard_decel,3141.84,3.42,21
2149,4080242,0.4199,0.2638,1.0968,0.1838,0.525,0.4375,999.8726,hard_decel,3141.9,3.48,21
2150,4080302,0.4668,0.0969,1.1131,-0.9187,-2.3712,-0.5337,999.9011,hard_decel,3141.96,3.54,21
2151,4080362,0.247,0.0152,1.0534,3.4562,4.4187,-0.1312,999.9048,hard_decel,3142.02,3.6,21
2152,4080422,0.3127,0.0449,1.0429,-0.49,-1.8637,0.5512,999.937,hard_decel,3142.08,3.66,21
2153,4080482,0.3926,-0.1622,0.9981,-2.2575,-0.0787,0.1488,999.9336,hard_decel,3142.14,3.72,21
2154,4080542,0.3365,0.0593,0.9189,-0.7,1.4963,0.9625,999.9402,hard_decel,3142.2,3.78,21
2155,4080602,0.4502,0.1288,1.1578,-1.05,-0.8138,0.8487,999.9585,hard_decel,3142.26,3.84,21
2156,4080662,0.3823,-0.0495,1.207,0.42,1.0762,0.595,999.9993,hard_decel,3142.32,3.9,21
2157,4080722,0.3792,0.0583,0.9765,4.3663,-0.0613,0.7175,999.9976,hard_decel,3142.38,3.96,21
2158,4080782,0.3797,-0.0162,0.9809,-1.68,-1.8375,0.28,1000.0171,hard_decel,3142.44,4.02,21
2159,4080842,0.3728,0.0795,1.1136,0.3587,-0.6475,0.105,1000.0046,hard_decel,3142.5,4.08,21
2160,4080902,0.3607,0.0769,0.9861,2.6337,0.1838,0.1225,1000.0154,hard_decel,3142.56,4.14,21
2161,4080962,0.4068,0.0612,1.0762,-0.3762,1.9512,0.1663,1000.0173,hard_decel,3142.62,4.2,21
2162,4081022,0.3397,0.0852,1.0353,-1.0675,1.2862,0.0525,1000.0549,hard_decel,3142.68,4.26,21
2163,4081082,0.2943,0.0259,1.0235,-0.6913,0.9275,-0.035,1000.05,hard_decel,3142.74,4.32,21
2164,4081142,0.2837,0.0469,1.043,1.68,1.2862,-0.1488,1000.0632,hard_decel,3142.8,4.38,21
2165,4081202,0.3902,0.152,1.1298,0.6475,2.52,-0.5425,1000.0718,hard_decel,3142.86,4.44,21
2166,4081262,0.2733,0.009,0.8608,0.3325,1.2337,0.0787,1000.071,hard_decel,3142.92,4.5,21
2167,4081322,0.2852,0.0747,0.8965,-0.3587,-0.7788,0.0962,1000.0798,hard_decel,3142.98,4.56,21
2168,4081382,0.2755,-0.0332,1.1106,1.9162,2.1263,-0.14,1000.084,hard_decel,3143.04,4.62,21
2169,4081442,0.3003,0.0325,1.0795,-0.1225,2.1088,-0.1575,1000.0884,hard_decel,3143.1,4.68,21
2170,4081502,0.306,0.0572,1.0895,0.525,2.1525,-0.1225,1000.0874,hard_decel,3143.16,4.74,21
2171,4081562,0.3258,0.1164,0.9894,-0.91,0.4725,0.14,1000.1028,hard_decel,3143.22,4.8,21
2172,4081622,0.3133,0.0282,1.0396,0.1575,-0.2887,-0.245,1000.1104,hard_decel,3143.28,4.86,21
2173,4081682,0.2567,-0.0214,1.0214,2.3888,-1.4262,0.035,1000.1174,hard_decel,3143.34,4.92,21
2174,4081742,0.2557,0.0631,1.1197,1.12,0.8575,-0.4112,1000.1321,hard_decel,3143.4,4.98,21
2175,4081802,0.2284,0.0168,0.8784,-0.6737,-0.3413,-0.35,1000.1387,hard_decel,3143.46,5.04,21
2176,4081862,0.3198,0.038,1.1114,0.84,-0.3587,-0.28,1000.1333,hard_decel,3143.52,5.1,21
2177,4081922,0.2857,0.0796,1.02,-0.525,-1.7763,-0.2362,1000.1433,hard_decel,3143.58,5.16,21
2178,4081982,0.2467,0.0596,1.0341,0.4638,0.2013,-0.2188,1000.1506,hard_decel,3143.64,5.22,21
2179,4082042,0.2794,0.0302,1.0142,-1.1638,0.6037,-0.5425,1000.1506,hard_decel,3143.7,5.28,21
2180,4082102,0.2293,-0.0002,1.0371,0.07,0.8925,-0.3587,1000.1584,hard_decel,3143.76,5.34,21
2181,4082162,0.2447,0.0249,1.0027,0.21,0.9975,-0.2713,1000.1646,hard_decel,3143.82,5.4,21
2182,4082222,0.2491,-0.0084,1.0241,1.0675,-0.2275,0.3413,1000.175,hard_decel,3143.88,5.46,21
2183,4082282,0.2125,-0.0195,0.9606,0.245,-0.8575,0.245,1000.1716,hard_decel,3143.94,5.52,21
2184,4082342,0.1973,0.0527,0.9557,0.9362,-0.735,-0.5775,1000.1758,hard_decel,3144.0,5.58,21
2185,4082402,0.2238,0.0386,0.9929,0.0613,-0.2362,-0.4812,1000.1887,hard_decel,3144.06,5.64,21
2186,4082462,0.1857,0.0695,0.9792,1.1638,0.5775,-0.7,1000.1902,hard_decel,3144.12,5.7,21
2187,4082522,0.1171,0.0549,1.0222,0.6125,1.2775,-0.4112,1000.1924,hard_decel,3144.18,5.76,21
2188,4082582,0.0022,0.0188,0.9728,1.05,1.1287,-1.1988,1000.1897,hard_decel,3144.24,5.82,21
2189,4082642,0.039,0.0193,0.9914,0.7962,1.3125,-0.7262,1000.197,hard_decel,3144.3,5.88,21
2190,4082702,0.0332,0.007,0.9822,0.3325,0.6388,-0.875,1000.2,hard_decel,3144.36,5.94,21
2191,4105922,-0.019,-0.0617,0.8125,-1.2513,0.035,0.2013,999.3403,hard_decel,3167.58,0.0,22
2192,4105982,0.0702,-0.0092,1.1146,1.4438,1.96,-1.0675,999.3342,hard_decel,3167.64,0.06,22
2193,4106042,0.1245,-0.14,1.3786,1.855,2.695,0.1138,999.3616,hard_decel,3167.7,0.12,22
2194,4106102,0.0766,-0.1559,1.0837,-1.015,4.8387,-1.4787,999.3835,hard_decel,3167.76,0.18,22
2195,4106162,0.2015,0.1074,1.3088,3.2025,-1.05,-0.2013,999.4214,hard_decel,3167.82,0.24,22
2196,4106222,0.2804,0.0199,0.9614,-1.8463,-0.7788,-0.0088,999.4124,hard_decel,3167.88,0.3,22
2197,4106282,0.2952,0.0023,1.1178,-2.2838,2.4062,-0.3587,999.4175,hard_decel,3167.94,0.36,22
2198,4106342,0.3238,0.0266,1.1131,0.7437,-3.5175,-0.2537,999.4458,hard_decel,3168.0,0.42,22
2199,4106402,0.4324,0.2372,1.0585,2.7738,-6.6413,-0.3938,999.4595,hard_decel,3168.06,0.48,22
2200,4106462,0.3982,-0.0723,0.9694,0.0,-5.0662,-0.595,999.4678,hard_decel,3168.12,0.54,22
2201,4106522,0.3009,0.0703,1.0741,1.7325,-1.7763,0.3063,999.4802,hard_decel,3168.18,0.6,22
2202,4106582,0.1703,-0.1587,0.8564,0.2975,-0.0787,0.8925,999.4978,hard_decel,3168.24,0.66,22
2203,4106642,0.2792,0.2099,0.9457,2.03,0.3675,-0.3938,999.5137,hard_decel,3168.3,0.72,22
2204,4106702,0.2084,0.0303,1.1495,0.9187,3.4913,0.0787,999.5034,hard_decel,3168.36,0.78,22
2205,4106762,0.2888,0.1102,0.8847,-0.105,3.0538,-0.49,999.5066,hard_decel,3168.42,0.84,22
2206,4106822,0.215,-0.1213,0.6758,-3.1237,-1.9863,0.9975,999.5164,hard_decel,3168.48,0.9,22
2207,4106882,0.2767,-0.1289,0.9943,-0.7262,-2.3712,0.665,999.5142,hard_decel,3168.54,0.96,22
2208,4106942,0.1621,-0.0554,0.8176,-0.0875,-3.6225,-0.5688,999.5227,hard_decel,3168.6,1.02,22
2209,4107002,0.3321,0.1406,1.2064,1.1638,-3.605,0.7088,999.5532,hard_decel,3168.66,1.08,22
2210,4107062,0.2737,-0.1269,1.0375,0.035,1.1463,-0.0262,999.582,hard_decel,3168.72,1.14,22
2211,4107122,0.3653,0.2155,1.319,0.21,1.4,-0.1575,999.5972,hard_decel,3168.78,1.2,22
2212,4107182,0.3677,-0.07,1.1234,1.1113,0.7437,0.7262,999.616,hard_decel,3168.84,1.26,22
2213,4107242,0.3343,0.1332,1.0837,2.6163,2.66,0.14,999.6025,hard_decel,3168.9,1.32,22
2214,4107302,0.3753,-0.0601,1.0965,-3.6488,-0.945,-0.4988,999.6121,hard_decel,3168.96,1.38,22
2215,4107362,0.3619,-0.0856,1.119,-1.8637,-0.945,0.63,999.6001,hard_decel,3169.02,1.44,22
2216,4107422,0.2637,-0.0439,0.9191,2.3625,3.9987,-0.1138,999.635,hard_decel,3169.08,1.5,22
2217,4107482,0.287,-0.0966,0.8074,-3.885,1.96,-0.385,999.6416,hard_decel,3169.14,1.56,22
2218,4107542,0.3426,-0.03,1.0614,-1.0412,0.595,0.3587,999.6621,hard_decel,3169.2,1.62,22
2219,4107602,0.2361,-0.0874,0.7725,0.525,-2.5113,0.5425,999.675,hard_decel,3169.26,1.68,22
2220,4107662,0.2416,-0.1415,0.8906,1.9863,-0.8925,0.28,999.7058,hard_decel,3169.32,1.74,22
2221,4107722,0.3136,-0.04,0.8566,1.3038,-2.24,0.0962,999.7312,hard_decel,3169.38,1.8,22
2222,4107782,0.2732,-0.0505,0.9235,-0.7262,2.8087,0.0787,999.7288,hard_decel,3169.44,1.86,22
2223,4107842,0.3367,-0.052,0.9762,-0.7088,-2.275,-0.2013,999.751,hard_decel,3169.5,1.92,22
2224,4107902,0.3391,0.0064,1.1656,1.9425,0.6475,0.6737,999.7708,hard_decel,3169.56,1.98,22
2225,4107962,0.2841,-0.0956,0.9894,1.0762,4.27,-0.0088,999.8032,hard_decel,3169.62,2.04,22
2226,4108022,0.254,0.1118,0.8716,0.7437,3.5963,-0.8838,999.8093,hard_decel,3169.68,2.1,22
2227,4108082,0.2679,-0.1174,0.9448,3.675,-2.66,-0.175,999.8264,hard_decel,3169.74,2.16,22
2228,4108142,0.3089,0.0178,0.9281,0.2013,-5.3288,0.1488,999.8521,hard_decel,3169.8,2.22,22
2229,4108202,0.2564,-0.0972,0.9696,3.1063,-1.505,-0.07,999.8516,hard_decel,3169.86,2.28,22
2230,4108262,0.2183,-0.0456,0.7737,2.7037,0.3413,-0.2275,999.8652,hard_decel,3169.92,2.34,22
2231,4108322,0.3626,-0.0941,1.0965,4.3488,-1.015,-0.1838,999.8708,hard_decel,3169.98,2.4,22
2232,4108382,0.3396,-0.0817,1.0272,-0.9538,-0.6475,-0.035,999.8931,hard_decel,3170.04,2.46,22
2233,4108442,0.2885,0.0528,0.9799,3.6925,1.9162,0.035,999.895,hard_decel,3170.1,2.52,22
2234,4108502,0.3577,-0.0007,1.2115,-1.3563,2.7387,0.0613,999.8909,hard_decel,3170.16,2.58,22
2235,4108562,0.2869,-0.0634,1.0082,1.7062,1.7325,0.6825,999.9084,hard_decel,3170.22,2.64,22
2236,4108622,0.3465,0.0561,1.1464,0.6475,3.955,0.8225,999.929,hard_decel,3170.28,2.7,22
2237,4108682,0.3209,-0.0156,0.9219,-2.7125,2.1962,-0.0437,999.9404,hard_decel,3170.34,2.76,22
2238,4108742,0.3164,0.1298,1.037,0.2188,-0.3587,0.63,999.9404,hard_decel,3170.4,2.82,22
2239,4108802,0.3248,-0.033,1.2041,4.3663,-0.9887,0.5163,999.9595,hard_decel,3170.46,2.88,22
2240,4108862,0.3157,0.1376,1.1759,1.2075,1.4525,0.07,999.9524,hard_decel,3170.52,2.94,22
2241,4108922,0.1479,-0.1161,0.7252,0.4112,0.9013,0.3762,999.9612,hard_decel,3170.58,3.0,22
2242,4108982,0.1061,-0.1401,0.8186,-1.6625,0.7962,-0.3325,999.9709,hard_decel,3170.64,3.06,22
2243,4109042,0.276,-0.1969,0.924,4.025,2.3625,-0.7,999.9622,hard_decel,3170.7,3.12,22
2244,4109102,0.2872,-0.2225,1.1836,-0.07,1.8288,0.245,999.9824,hard_decel,3170.76,3.18,22
2245,4109162,0.3716,0.0612,1.0404,3.885,0.1575,-0.3587,1000.0051,hard_decel,3170.82,3.24,22
2246,4109222,0.2811,-0.022,0.9999,-3.4475,-1.3212,0.1925,999.9973,hard_decel,3170.88,3.3,22
2247,4109282,0.4319,0.3848,1.3357,-1.9075,2.3012,0.8838,1000.0002,hard_decel,3170.94,3.36,22
2248,4109342,0.2672,0.0285,0.79,-2.2575,2.345,0.3762,999.9961,hard_decel,3171.0,3.42,22
2249,4109402,0.0766,-0.0213,0.9021,1.9338,2.3537,0.0175,1000.0027,hard_decel,3171.06,3.48,22
2250,4109462,0.1955,-0.0647,0.8752,-2.0563,1.645,-0.3762,1000.0076,hard_decel,3171.12,3.54,22
2251,4109522,0.3247,-0.1791,1.1217,0.2713,-1.7763,0.3587,1000.0205,hard_decel,3171.18,3.6,22
2252,4109582,0.3382,0.1218,0.969,-0.1575,-2.5463,0.9013,1000.0293,hard_decel,3171.24,3.66,22
2253,4109642,0.3655,0.0407,1.1056,0.0962,2.3975,-0.4812,1000.0264,hard_decel,3171.3,3.72,22
2254,4109702,0.2013,0.0325,0.9069,1.8813,1.4262,-0.0437,1000.0166,hard_decel,3171.36,3.78,22
2255,4109762,0.2179,0.0531,1.1768,3.9813,1.0588,-0.3237,1000.0281,hard_decel,3171.42,3.84,22
2256,4109822,0.221,0.0,0.9012,1.4787,-0.35,0.455,1000.0403,hard_decel,3171.48,3.9,22
2257,4109882,0.2891,-0.0246,1.0292,-2.7387,-3.3163,-0.035,1000.0496,hard_decel,3171.54,3.96,22
2258,4109942,0.2838,-0.0688,1.0907,-2.2487,2.0213,-0.63,1000.0513,hard_decel,3171.6,4.02,22
2259,4110002,0.2569,-0.0417,1.0748,2.7738,0.7875,0.7175,1000.0598,hard_decel,3171.66,4.08,22
2260,4110062,0.1995,-0.0364,0.8943,-0.3237,0.525,-0.07,1000.0703,hard_decel,3171.72,4.14,22
2261,4110122,0.2952,0.0273,1.0977,-0.4462,0.0088,-0.1925,1000.0703,hard_decel,3171.78,4.2,22
2262,4110182,0.2713,0.0256,1.1522,-1.8637,2.1525,0.77,1000.0608,hard_decel,3171.84,4.26,22
2263,4110242,0.285,-0.063,1.0934,-0.7788,1.5137,0.3675,1000.0796,hard_decel,3171.9,4.32,22
2264,4110302,0.2411,0.0083,1.1443,-2.0912,6.4837,-0.1312,1000.0813,hard_decel,3171.96,4.38,22
2265,4110362,0.2248,0.0454,1.1037,0.42,5.2587,-0.525,1000.0728,hard_decel,3172.02,4.44,22
2266,4110422,0.1721,-0.0869,0.8872,0.1925,3.8412,0.5775,1000.0718,hard_decel,3172.08,4.5,22
2267,4110482,0.2699,-0.0145,0.9453,-1.5225,0.1925,0.0262,1000.0918,hard_decel,3172.14,4.56,22
2268,4110542,0.2253,0.0703,0.9933,-0.0525,-0.6913,0.4025,1000.1069,hard_decel,3172.2,4.62,22
2269,4110602,0.2949,-0.0032,0.9697,-0.3675,-2.9313,-0.105,1000.1155,hard_decel,3172.26,4.68,22
2270,4110662,0.3195,0.002,1.0194,0.6125,-4.2087,-0.385,1000.1333,hard_decel,3172.32,4.74,22
2271,4110722,0.2489,0.0356,0.958,0.1312,-3.8937,0.5163,1000.1272,hard_decel,3172.38,4.8,22
2272,4110782,0.2395,-0.0707,0.8633,-1.2775,-1.96,-0.4025,1000.136,hard_decel,3172.44,4.86,22
2273,4110842,0.2725,0.0678,0.9318,-0.3938,1.05,-0.2625,1000.134,hard_decel,3172.5,4.92,22
2274,4110902,0.2267,-0.0598,0.9162,0.665,0.245,-0.2362,1000.1272,hard_decel,3172.56,4.98,22
2275,4110962,0.2435,-0.0443,1.024,0.6037,0.7,-0.175,1000.1279,hard_decel,3172.62,5.04,22
2276,4111022,0.2457,0.0576,1.0674,1.9863,1.2075,-0.1138,1000.1409,hard_decel,3172.68,5.1,22
2277,4111082,0.2442,0.0073,1.0225,0.7,2.205,0.07,1000.1321,hard_decel,3172.74,5.16,22
2278,4111142,0.2511,0.0517,1.0414,-0.1312,-0.1488,0.5337,1000.1475,hard_decel,3172.8,5.22,22
2279,4111202,0.2911,-0.0425,1.077,0.2887,1.3737,0.1575,1000.1484,hard_decel,3172.86,5.28,22
2280,4111262,0.2616,-0.0004,1.0617,-0.21,0.7962,-0.1663,1000.1523,hard_decel,3172.92,5.34,22
2281,4111322,0.2402,0.012,0.9885,1.3125,1.4875,-0.2275,1000.1616,hard_decel,3172.98,5.4,22
2282,4111382,0.2486,-0.0063,0.9044,-0.2362,-1.1025,-0.49,1000.1602,hard_decel,3173.04,5.46,22
2283,4111442,0.2567,-0.0112,1.027,1.9512,0.6125,-0.0962,1000.158,hard_decel,3173.1,5.52,22
2284,4111502,0.2482,-0.0985,0.9967,1.6275,-1.7325,0.105,1000.168,hard_decel,3173.16,5.58,22
2285,4111562,0.281,-0.0002,0.9638,-1.9863,-0.7,0.2625,1000.1777,hard_decel,3173.22,5.64,22
2286,4111622,0.2628,-0.0021,1.1099,0.3938,-0.5163,0.3325,1000.1699,hard_decel,3173.28,5.7,22
2287,4111682,0.2644,-0.0166,1.0348,1.47,0.035,-0.1312,1000.1663,hard_decel,3173.34,5.76,22
2288,4111742,0.2342,-0.0436,1.0755,0.7088,1.7325,-0.1575,1000.1841,hard_decel,3173.4,5.82,22
2289,4111802,0.2247,0.0381,1.0029,-0.2275,0.8575,-0.1838,1000.1707,hard_decel,3173.46,5.88,22
2290,4111862,0.2311,0.0022,0.9265,0.9712,0.0437,-0.0962,1000.1772,hard_decel,3173.52,5.94,22
2291,4111922,0.1912,-0.0077,0.9972,-0.0437,1.3212,0.1838,1000.1787,hard_decel,3173.58,6.0,22
2292,4111982,0.2262,-0.0458,1.046,-1.12,1.68,0.42,1000.1702,hard_decel,3173.64,6.06,22
2293,4112042,0.2208,-0.0647,0.8772,-1.0588,0.8662,-0.4288,1000.1846,hard_decel,3173.7,6.12,22
2294,4112102,0.2167,-0.059,1.0108,-0.315,-0.0787,-0.455,1000.1948,hard_decel,3173.76,6.18,22
2295,4112162,0.1698,-0.0581,0.9593,1.6187,1.1725,-0.0437,1000.1892,hard_decel,3173.82,6.24,22
2296,4112222,0.2061,0.039,0.9726,0.5688,-0.0962,-0.2625,1000.1921,hard_decel,3173.88,6.3,22
2297,4112282,0.2644,-0.0212,1.067,0.1138,0.4375,0.0787,1000.1882,hard_decel,3173.94,6.36,22
2298,4112342,0.2499,0.0044,1.0153,1.4875,0.0,-0.8138,1000.1978,hard_decel,3174.0,6.42,22
2299,4112402,0.2616,-0.0228,1.0241,-0.0175,-1.05,-0.6913,1000.1914,hard_decel,3174.06,6.48,22
2300,4112462,0.2489,-0.0092,1.0197,0.9712,-0.1838,-0.5163,1000.1997,hard_decel,3174.12,6.54,22
2301,4112522,0.2279,-0.0142,0.9965,-0.0613,0.9887,-0.735,1000.1902,hard_decel,3174.18,6.6,22
2302,4112582,0.2303,0.0261,1.01,0.7525,1.4525,-0.7437,1000.1956,hard_decel,3174.24,6.66,22
2303,4112642,0.2159,0.0152,1.0121,0.175,0.3675,-0.9362,1000.2014,hard_decel,3174.3,6.72,22
2304,4112702,0.17,-0.0014,0.9775,0.7613,0.9887,-1.4612,1000.2048,hard_decel,3174.36,6.78,22
2305,4112762,0.1481,-0.0293,1.01,1.0762,0.4375,-2.2225,1000.2012,hard_decel,3174.42,6.84,22
2306,4112822,0.181,-0.0246,0.9726,0.525,0.5863,-1.8637,1000.1943,hard_decel,3174.48,6.9,22
2307,4112882,0.1501,0.013,0.9826,0.9275,0.8225,-2.2487,1000.2083,hard_decel,3174.54,6.96,22
2308,4112942,0.1518,-0.0201,0.9785,0.5512,0.0175,-2.4413,1000.2083,hard_decel,3174.6,7.02,22
2309,4113002,0.174,0.0243,1.0103,-0.07,-0.3413,-3.2987,1000.2251,hard_decel,3174.66,7.08,22
2310,4113062,0.1344,0.0198,0.9842,-0.1312,1.3125,-3.325,1000.2107,hard_decel,3174.72,7.14,22
2311,4113122,0.0936,0.0483,0.978,1.3737,0.7175,-4.1388,1000.2163,hard_decel,3174.78,7.2,22
2312,4113182,0.0884,0.0541,1.0305,0.4375,0.4112,-4.55,1000.2156,hard_decel,3174.84,7.26,22
2313,4113242,0.0381,0.0562,0.9752,0.2887,1.3737,-5.7137,1000.2271,hard_decel,3174.9,7.32,22
2314,4113302,0.0568,0.0651,1.0167,0.63,1.715,-5.74,1000.218,hard_decel,3174.96,7.38,22
2315,4113362,0.0625,0.0472,1.0103,-0.1838,0.4462,-6.8075,1000.2307,hard_decel,3175.02,7.44,22
2316,4136702,-0.0676,0.2869,0.9938,6.265,4.7075,0.595,998.7788,hard_decel,3198.36,0.0,23
2317,4136762,0.1642,0.0932,1.0549,0.8662,-3.92,-0.3413,998.7295,hard_decel,3198.42,0.06,23
2318,4136822,0.1245,-0.0068,0.7645,-1.2775,6.7463,0.1138,998.6401,hard_decel,3198.48,0.12,23
2319,4136882,0.1588,0.1225,0.6495,-0.3938,-5.04,-0.525,998.6985,hard_decel,3198.54,0.18,23
2320,4136942,0.103,-0.1011,0.9216,-1.12,-2.5025,-0.2362,998.8164,hard_decel,3198.6,0.24,23
2321,4137002,0.0585,0.1454,0.9901,1.8813,2.2662,0.385,998.8154,hard_decel,3198.66,0.3,23
2322,4137062,0.0185,-0.0908,0.7925,-0.9712,0.735,-0.7875,998.8337,hard_decel,3198.72,0.36,23
2323,4137122,0.1273,0.1491,0.9428,-0.8925,-0.63,-1.3563,998.8513,hard_decel,3198.78,0.42,23
2324,4137182,0.112,-0.0522,0.9579,1.1463,-1.015,-0.1838,998.8701,hard_decel,3198.84,0.48,23
2325,4137242,0.1734,0.0964,0.8098,-0.4025,-4.095,0.1838,998.8933,hard_decel,3198.9,0.54,23
2326,4137302,0.2342,0.0685,1.059,0.4375,-2.03,0.0437,998.9192,hard_decel,3198.96,0.6,23
2327,4137362,0.134,-0.0422,0.8796,1.3388,-3.2462,-0.0875,998.8723,hard_decel,3199.02,0.66,23
2328,4137422,0.2657,-0.0207,1.0185,3.2638,-1.8813,-0.5688,998.885,hard_decel,3199.08,0.72,23
2329,4137482,0.3536,0.0236,1.1361,1.5312,-0.175,0.6212,998.8962,hard_decel,3199.14,0.78,23
2330,4137542,0.4778,0.0331,1.3276,3.9375,-11.0775,0.805,998.8867,hard_decel,3199.2,0.84,23
2331,4137602,0.1083,0.0952,1.0207,10.2375,7.3762,-1.3125,998.9236,hard_decel,3199.26,0.9,23
2332,4137662,0.2143,-0.0634,0.9662,-0.1663,0.7962,-0.3413,998.9436,hard_decel,3199.32,0.96,23
2333,4137722,0.4289,0.2372,1.1766,-5.2762,-2.135,-0.0787,998.9604,hard_decel,3199.38,1.02,23
2334,4137782,0.1818,0.0212,0.9054,-5.1013,3.395,0.2188,998.9558,hard_decel,3199.44,1.08,23
2335,4137842,0.1881,-0.0588,0.7488,-0.455,3.92,-1.0938,998.9766,hard_decel,3199.5,1.14,23
2336,4137902,0.2104,0.0371,0.9958,-3.1237,6.7812,0.5688,999.0125,hard_decel,3199.56,1.2,23
2337,4137962,0.2642,0.0532,1.0598,-0.385,-2.5287,-0.1138,999.0146,hard_decel,3199.62,1.26,23
2338,4138022,0.2698,-0.0825,0.9286,-1.3825,-1.3125,-0.4112,999.0552,hard_decel,3199.68,1.32,23
2339,4138082,0.1891,-0.0021,0.9528,-0.63,-1.155,-0.945,999.0786,hard_decel,3199.74,1.38,23
2340,4138142,0.252,0.1171,0.9736,-2.9925,0.1488,-1.3737,999.1118,hard_decel,3199.8,1.44,23
2341,4138202,0.4743,0.04,1.2515,-1.7237,-0.0962,-0.91,999.1118,hard_decel,3199.86,1.5,23
2342,4138262,0.2957,0.1025,0.8564,0.0262,0.7088,-0.735,999.1411,hard_decel,3199.92,1.56,23
2343,4138322,0.4743,0.058,1.1565,-3.8238,-0.4812,-0.6125,999.1597,hard_decel,3199.98,1.62,23
2344,4138382,0.3035,-0.0725,0.8047,2.275,-1.7675,0.035,999.1541,hard_decel,3200.04,1.68,23
2345,4138442,0.3099,0.1152,0.9905,3.7975,0.4288,0.6037,999.1655,hard_decel,3200.1,1.74,23
2346,4138502,0.3653,-0.0271,1.2149,1.2075,-0.21,-0.2188,999.1636,hard_decel,3200.16,1.8,23
2347,4138562,0.4714,0.0755,1.0939,1.6187,-1.995,0.4812,999.1794,hard_decel,3200.22,1.86,23
2348,4138622,0.4263,-0.1542,0.9779,-3.4562,-1.645,0.8225,999.2151,hard_decel,3200.28,1.92,23
2349,4138682,0.3538,0.0332,1.1124,2.2662,0.9712,1.5225,999.241,hard_decel,3200.34,1.98,23
2350,4138742,0.4258,0.0212,1.0484,-1.7062,0.3325,0.63,999.3013,hard_decel,3200.4,2.04,23
2351,4138802,0.3296,-0.1022,0.7532,-2.5025,-2.7912,0.5688,999.3293,hard_decel,3200.46,2.1,23
2352,4138862,0.1876,-0.0495,0.8279,-1.8813,-0.84,0.35,999.3586,hard_decel,3200.52,2.16,23
2353,4138922,0.2743,-0.071,1.07,-3.6837,-1.7938,0.4112,999.363,hard_decel,3200.58,2.22,23
2354,4138982,0.3689,-0.0371,0.8806,0.0787,-1.0938,0.8662,999.3723,hard_decel,3200.64,2.28,23
2355,4139042,0.3681,0.0427,0.8303,-0.91,-3.3425,0.1488,999.3965,hard_decel,3200.7,2.34,23
2356,4139102,0.3506,-0.1049,0.9637,0.63,-2.3363,0.0088,999.3958,hard_decel,3200.76,2.4,23
2357,4139162,0.3113,-0.0742,1.0395,-0.9887,4.1737,-0.315,999.4514,hard_decel,3200.82,2.46,23
2358,4139222,0.3919,0.0636,1.0602,2.2925,-0.035,0.4025,999.4648,hard_decel,3200.88,2.52,23
2359,4139282,0.2832,0.022,0.7752,-0.7613,-1.8725,0.3938,999.5061,hard_decel,3200.94,2.58,23
2360,4139342,0.3823,-0.0656,1.1078,-0.1663,1.7325,-0.21,999.5317,hard_decel,3201.0,2.64,23
2361,4139402,0.4055,0.0956,0.9492,-0.1488,0.1138,0.2188,999.5769,hard_decel,3201.06,2.7,23
2362,4139462,0.3576,0.0149,1.0771,0.245,-1.9338,-0.2188,999.593,hard_decel,3201.12,2.76,23
2363,4139522,0.2862,-0.0625,0.9565,-1.9863,1.6975,0.28,999.6189,hard_decel,3201.18,2.82,23
2364,4139582,0.4066,0.0492,0.9764,1.8375,3.6137,-0.385,999.6589,hard_decel,3201.24,2.88,23
2365,4139642,0.2067,-0.0891,0.782,0.7,-1.33,0.42,999.6731,hard_decel,3201.3,2.94,23
2366,4139702,0.3343,0.0962,1.1263,1.47,0.5163,0.2713,999.7151,hard_decel,3201.36,3.0,23
2367,4139762,0.314,0.0176,0.947,0.21,3.815,0.5337,999.7292,hard_decel,3201.42,3.06,23
2368,4139822,0.2383,-0.0256,0.8798,-1.2862,1.19,0.035,999.7449,hard_decel,3201.48,3.12,23
2369,4139882,0.3298,-0.063,1.0819,2.1437,-0.035,-0.1925,999.7502,hard_decel,3201.54,3.18,23
2370,4139942,0.4397,0.0431,0.9783,-0.735,-3.6137,0.2537,999.7686,hard_decel,3201.6,3.24,23
2371,4140002,0.354,0.1035,0.985,0.5775,-1.4875,-0.5425,999.7798,hard_decel,3201.66,3.3,23
2372,4140062,0.4498,-0.0002,1.112,-4.62,0.3413,0.7613,999.8074,hard_decel,3201.72,3.36,23
2373,4140122,0.2757,-0.0679,1.0817,2.2487,1.26,0.4812,999.8179,hard_decel,3201.78,3.42,23
2374,4140182,0.165,-0.0202,0.8723,3.3863,1.0675,-0.56,999.8252,hard_decel,3201.84,3.48,23
2375,4140242,0.2018,-0.0881,0.7205,-2.5988,1.61,-0.0613,999.8286,hard_decel,3201.9,3.54,23
2376,4140302,0.3204,0.1613,0.9916,0.3325,1.0325,0.105,999.8633,hard_decel,3201.96,3.6,23
2377,4140362,0.2291,0.1377,0.9805,1.33,-0.0787,0.8138,999.8398,hard_decel,3202.02,3.66,23
2378,4140422,0.2542,0.0237,0.9897,-0.9625,-0.5425,-0.3675,999.8621,hard_decel,3202.08,3.72,23
2379,4140482,0.2394,0.0142,0.906,0.7175,-0.175,-0.1488,999.8845,hard_decel,3202.14,3.78,23
2380,4140542,0.2184,-0.024,0.9353,-1.2075,-1.0412,-0.4025,999.8855,hard_decel,3202.2,3.84,23
2381,4140602,0.2191,0.1305,0.934,-1.225,-1.19,-0.455,999.8867,hard_decel,3202.26,3.9,23
2382,4140662,0.1984,-0.0136,0.9419,-0.0175,1.3737,-0.6737,999.9004,hard_decel,3202.32,3.96,23
2383,4140722,0.1923,0.034,0.8299,-0.8313,-1.5662,-0.1312,999.8889,hard_decel,3202.38,4.02,23
2384,4140782,0.0548,-0.101,0.7678,-3.5787,4.0338,-0.3938,999.8955,hard_decel,3202.44,4.08,23
2385,4140842,0.2152,-0.007,0.9567,-1.6363,-1.295,-0.14,999.9126,hard_decel,3202.5,4.14,23
2386,4140902,0.1583,-0.1556,0.8376,0.6562,-1.3913,-1.2513,999.8979,hard_decel,3202.56,4.2,23
2387,4140962,0.2686,0.0192,1.1372,2.4325,-0.2275,-0.8313,999.9126,hard_decel,3202.62,4.26,23
2388,4141022,0.2807,-0.0264,1.1139,1.4963,-1.0762,-0.7613,999.917,hard_decel,3202.68,4.32,23
2389,4141082,0.3167,0.0877,1.168,1.54,0.035,0.1838,999.9143,hard_decel,3202.74,4.38,23
2390,4141142,0.2328,0.0148,0.9448,0.0525,-4.8738,-0.0962,999.9314,hard_decel,3202.8,4.44,23
2391,4141202,0.3013,0.1002,0.871,0.0613,-4.5062,-0.0613,999.9622,hard_decel,3202.86,4.5,23
2392,4141262,0.335,0.0135,1.1982,-0.805,-0.945,0.3762,999.9807,hard_decel,3202.92,4.56,23
2393,4141322,0.2526,0.1284,0.982,0.9187,-2.8788,-0.5863,999.9751,hard_decel,3202.98,4.62,23
2394,4141382,0.3482,0.0462,0.9694,-2.7037,-1.1725,-0.6388,1000.0012,hard_decel,3203.04,4.68,23
2395,4141442,0.195,0.0037,1.0188,0.07,2.9225,-0.6913,999.9958,hard_decel,3203.1,4.74,23
2396,4141502,0.2133,-0.1459,1.0296,0.49,2.2925,-0.2625,1000.0315,hard_decel,3203.16,4.8,23
2397,4141562,0.1925,-0.0557,0.9064,1.7763,1.9425,-0.5337,1000.0337,hard_decel,3203.22,4.86,23
2398,4141622,0.2155,0.0085,0.8718,2.66,1.0325,-1.1113,1000.012,hard_decel,3203.28,4.92,23
2399,4141682,0.3211,0.115,1.0455,1.82,0.3413,-0.8487,1000.0432,hard_decel,3203.34,4.98,23
2400,4141742,0.1735,-0.0163,0.8103,0.2188,1.1463,-0.3675,1000.0615,hard_decel,3203.4,5.04,23
2401,4141802,0.2401,0.0168,0.8447,-0.35,-3.4825,0.14,1000.0601,hard_decel,3203.46,5.1,23
2402,4141862,0.2181,-0.0209,1.0541,-0.8662,2.6862,-0.245,1000.0757,hard_decel,3203.52,5.16,23
2403,4141922,0.2957,0.0885,0.9121,-3.22,-0.4988,-0.8575,1000.0681,hard_decel,3203.58,5.22,23
2404,4141982,0.2216,0.0022,1.0124,-2.4325,-0.0437,-0.28,1000.1003,hard_decel,3203.64,5.28,23
2405,4142042,0.1911,-0.0003,1.0311,-0.49,-0.875,-1.4787,1000.0996,hard_decel,3203.7,5.34,23
2406,4142102,0.2203,-0.0159,0.9162,-1.4963,-2.73,-1.61,1000.1172,hard_decel,3203.76,5.4,23
2407,4142162,0.2244,-0.1091,0.9923,0.5337,-0.8575,-0.245,1000.1038,hard_decel,3203.82,5.46,23
2408,4142222,0.255,0.0124,0.9772,1.2425,-0.1838,-0.3762,1000.1082,hard_decel,3203.88,5.52,23
2409,4142282,0.2653,0.0175,1.0268,0.7437,0.8838,-0.3762,1000.1208,hard_decel,3203.94,5.58,23
2410,4142342,0.3277,0.0564,1.1227,-0.8313,3.9375,-0.56,1000.1191,hard_decel,3204.0,5.64,23
2411,4142402,0.2797,-0.0281,1.0336,0.2275,0.21,-0.56,1000.1223,hard_decel,3204.06,5.7,23
2412,4142462,0.2181,0.021,0.9597,-1.715,-0.7875,-0.9712,1000.1365,hard_decel,3204.12,5.76,23
2413,4142522,0.2738,-0.0246,0.974,0.5337,0.1138,-0.735,1000.1455,hard_decel,3204.18,5.82,23
2414,4142582,0.3001,-0.0252,0.975,-2.135,-1.3737,-0.0437,1000.1367,hard_decel,3204.24,5.88,23
2415,4142642,0.2284,0.0129,1.0049,0.2975,2.5988,-0.0262,1000.1487,hard_decel,3204.3,5.94,23
2416,4142702,0.2581,-0.0227,0.9723,0.315,1.1988,-0.3413,1000.1565,hard_decel,3204.36,6.0,23
2417,4142762,0.2579,0.0702,1.0416,0.665,0.9625,-0.56,1000.1665,hard_decel,3204.42,6.06,23
2418,4142822,0.1986,0.0041,0.988,1.295,0.2625,-0.2362,1000.1602,hard_decel,3204.48,6.12,23
2419,4142882,0.2278,-0.0059,0.9965,-0.1575,-0.49,-0.1488,1000.1689,hard_decel,3204.54,6.18,23
2420,4142942,0.2458,0.0049,1.0314,0.3325,0.385,0.1312,1000.1736,hard_decel,3204.6,6.24,23
2421,4143002,0.2664,0.0041,1.0135,-0.42,1.0675,0.49,1000.1768,hard_decel,3204.66,6.3,23
2422,4143062,0.1698,-0.0146,0.9396,-0.9625,-0.6737,0.3587,1000.1826,hard_decel,3204.72,6.36,23
2423,4143122,0.1972,0.0012,1.0507,0.175,0.9275,0.63,1000.1877,hard_decel,3204.78,6.42,23
2424,4143182,0.1728,0.0122,1.0089,0.0875,1.3038,0.4288,1000.1824,hard_decel,3204.84,6.48,23
2425,4143242,0.129,-0.0218,0.9675,-0.035,1.4,0.7875,1000.1907,hard_decel,3204.9,6.54,23
2426,4143302,0.1343,-0.0314,1.0143,-1.1812,1.015,1.7675,1000.1899,hard_decel,3204.96,6.6,23
2427,4143362,0.0614,-0.0417,1.0465,-1.8987,2.8612,2.5375,1000.1938,hard_decel,3205.02,6.66,23
2428,4143422,0.0525,-0.0198,0.9286,-0.98,1.715,2.8175,1000.2021,hard_decel,3205.08,6.72,23
2429,4143482,0.0408,-0.0598,1.0038,-0.0262,1.365,3.2812,1000.1956,hard_decel,3205.14,6.78,23
